workload,seed,trial,query,case,mode,elapsed_ns,scanned_events,skipped_blocks,matches,expected_matches,equal
gauge,42,0,0,0,scan,7000,2048,0,2048,2048,1
gauge,42,0,0,0,pruned,6900,2048,0,2048,2048,1
gauge,42,0,1,1,pruned,600,64,31,32,32,1
gauge,42,0,1,1,scan,4900,2048,0,32,32,1
gauge,42,0,2,2,scan,10400,2048,0,510,510,1
gauge,42,0,2,2,pruned,10000,2048,0,510,510,1
gauge,42,0,3,3,pruned,400,0,32,0,0,1
gauge,42,0,3,3,scan,6400,2048,0,0,0,1
gauge,42,0,4,4,scan,6400,2048,0,0,0,1
gauge,42,0,4,4,pruned,400,0,32,0,0,1
gauge,42,0,5,5,pruned,300,0,32,0,0,1
gauge,42,0,5,5,scan,6300,2048,0,0,0,1
gauge,42,0,6,6,scan,7300,2048,0,0,0,1
gauge,42,0,6,6,pruned,200,0,32,0,0,1
gauge,42,0,7,7,pruned,0,0,32,0,0,1
gauge,42,0,7,7,scan,4500,2048,0,0,0,1
gauge,42,0,8,0,scan,6500,2048,0,2048,2048,1
gauge,42,0,8,0,pruned,6300,2048,0,2048,2048,1
gauge,42,0,9,1,pruned,800,128,30,32,32,1
gauge,42,0,9,1,scan,4800,2048,0,32,32,1
gauge,42,0,10,2,scan,10000,2048,0,490,490,1
gauge,42,0,10,2,pruned,9700,2048,0,490,490,1
gauge,42,0,11,3,pruned,400,0,32,0,0,1
gauge,42,0,11,3,scan,6600,2048,0,0,0,1
gauge,42,0,12,4,scan,6300,2048,0,0,0,1
gauge,42,0,12,4,pruned,500,0,32,0,0,1
gauge,42,0,13,5,pruned,300,0,32,0,0,1
gauge,42,0,13,5,scan,6400,2048,0,0,0,1
gauge,42,0,14,6,scan,7300,2048,0,0,0,1
gauge,42,0,14,6,pruned,200,0,32,0,0,1
gauge,42,0,15,7,pruned,100,0,32,0,0,1
gauge,42,0,15,7,scan,4500,2048,0,0,0,1
gauge,42,0,16,0,scan,6500,2048,0,2048,2048,1
gauge,42,0,16,0,pruned,6400,2048,0,2048,2048,1
gauge,42,0,17,1,pruned,700,128,30,32,32,1
gauge,42,0,17,1,scan,4900,2048,0,32,32,1
gauge,42,0,18,2,scan,10200,2048,0,523,523,1
gauge,42,0,18,2,pruned,10200,2048,0,523,523,1
gauge,42,0,19,3,pruned,400,0,32,0,0,1
gauge,42,0,19,3,scan,6300,2048,0,0,0,1
gauge,42,0,20,4,scan,6400,2048,0,0,0,1
gauge,42,0,20,4,pruned,400,0,32,0,0,1
gauge,42,0,21,5,pruned,400,0,32,0,0,1
gauge,42,0,21,5,scan,6300,2048,0,0,0,1
gauge,42,0,22,6,scan,7600,2048,0,0,0,1
gauge,42,0,22,6,pruned,200,0,32,0,0,1
gauge,42,0,23,7,pruned,100,0,32,0,0,1
gauge,42,0,23,7,scan,4500,2048,0,0,0,1
gauge,42,0,24,0,scan,6400,2048,0,2048,2048,1
gauge,42,0,24,0,pruned,6400,2048,0,2048,2048,1
gauge,42,0,25,1,pruned,700,128,30,32,32,1
gauge,42,0,25,1,scan,4800,2048,0,32,32,1
gauge,42,0,26,2,scan,10300,2048,0,525,525,1
gauge,42,0,26,2,pruned,10000,2048,0,525,525,1
gauge,42,0,27,3,pruned,400,0,32,0,0,1
gauge,42,0,27,3,scan,6500,2048,0,0,0,1
gauge,42,0,28,4,scan,6400,2048,0,0,0,1
gauge,42,0,28,4,pruned,400,0,32,0,0,1
gauge,42,0,29,5,pruned,400,0,32,0,0,1
gauge,42,0,29,5,scan,6300,2048,0,0,0,1
gauge,42,0,30,6,scan,7200,2048,0,0,0,1
gauge,42,0,30,6,pruned,200,0,32,0,0,1
gauge,42,0,31,7,pruned,100,0,32,0,0,1
gauge,42,0,31,7,scan,4500,2048,0,0,0,1
gauge,42,0,32,0,scan,6300,2048,0,2048,2048,1
gauge,42,0,32,0,pruned,6400,2048,0,2048,2048,1
gauge,42,0,33,1,pruned,700,128,30,32,32,1
gauge,42,0,33,1,scan,4800,2048,0,32,32,1
gauge,42,0,34,2,scan,4900,2048,0,0,0,1
gauge,42,0,34,2,pruned,200,0,32,0,0,1
gauge,42,0,35,3,pruned,400,0,32,0,0,1
gauge,42,0,35,3,scan,6400,2048,0,0,0,1
gauge,42,0,36,4,scan,6300,2048,0,0,0,1
gauge,42,0,36,4,pruned,400,0,32,0,0,1
gauge,42,0,37,5,pruned,300,0,32,0,0,1
gauge,42,0,37,5,scan,6300,2048,0,0,0,1
gauge,42,0,38,6,scan,7300,2048,0,0,0,1
gauge,42,0,38,6,pruned,200,0,32,0,0,1
gauge,42,0,39,7,pruned,0,0,32,0,0,1
gauge,42,0,39,7,scan,4500,2048,0,0,0,1
gauge,42,0,40,0,scan,6400,2048,0,2048,2048,1
gauge,42,0,40,0,pruned,6300,2048,0,2048,2048,1
gauge,42,0,41,1,pruned,700,128,30,32,32,1
gauge,42,0,41,1,scan,5000,2048,0,32,32,1
gauge,42,0,42,2,scan,4800,2048,0,0,0,1
gauge,42,0,42,2,pruned,200,0,32,0,0,1
gauge,42,0,43,3,pruned,400,0,32,0,0,1
gauge,42,0,43,3,scan,6400,2048,0,0,0,1
gauge,42,0,44,4,scan,6300,2048,0,0,0,1
gauge,42,0,44,4,pruned,400,0,32,0,0,1
gauge,42,0,45,5,pruned,300,0,32,0,0,1
gauge,42,0,45,5,scan,6300,2048,0,0,0,1
gauge,42,0,46,6,scan,7200,2048,0,0,0,1
gauge,42,0,46,6,pruned,200,0,32,0,0,1
gauge,42,0,47,7,pruned,100,0,32,0,0,1
gauge,42,0,47,7,scan,4500,2048,0,0,0,1
gauge,42,0,48,0,scan,6300,2048,0,2048,2048,1
gauge,42,0,48,0,pruned,6300,2048,0,2048,2048,1
gauge,42,0,49,1,pruned,700,128,30,32,32,1
gauge,42,0,49,1,scan,4800,2048,0,32,32,1
gauge,42,0,50,2,scan,5000,2048,0,0,0,1
gauge,42,0,50,2,pruned,200,0,32,0,0,1
gauge,42,0,51,3,pruned,300,0,32,0,0,1
gauge,42,0,51,3,scan,6300,2048,0,0,0,1
gauge,42,0,52,4,scan,6500,2048,0,0,0,1
gauge,42,0,52,4,pruned,400,0,32,0,0,1
gauge,42,0,53,5,pruned,300,0,32,0,0,1
gauge,42,0,53,5,scan,6400,2048,0,0,0,1
gauge,42,0,54,6,scan,7200,2048,0,0,0,1
gauge,42,0,54,6,pruned,200,0,32,0,0,1
gauge,42,0,55,7,pruned,0,0,32,0,0,1
gauge,42,0,55,7,scan,4400,2048,0,0,0,1
gauge,42,0,56,0,scan,6200,2048,0,2048,2048,1
gauge,42,0,56,0,pruned,6300,2048,0,2048,2048,1
gauge,42,0,57,1,pruned,800,128,30,32,32,1
gauge,42,0,57,1,scan,4900,2048,0,32,32,1
gauge,42,0,58,2,scan,4900,2048,0,0,0,1
gauge,42,0,58,2,pruned,200,0,32,0,0,1
gauge,42,0,59,3,pruned,300,0,32,0,0,1
gauge,42,0,59,3,scan,6300,2048,0,0,0,1
gauge,42,0,60,4,scan,6300,2048,0,0,0,1
gauge,42,0,60,4,pruned,400,0,32,0,0,1
gauge,42,0,61,5,pruned,400,0,32,0,0,1
gauge,42,0,61,5,scan,6300,2048,0,0,0,1
gauge,42,0,62,6,scan,7200,2048,0,0,0,1
gauge,42,0,62,6,pruned,200,0,32,0,0,1
gauge,42,0,63,7,pruned,100,0,32,0,0,1
gauge,42,0,63,7,scan,4500,2048,0,0,0,1
gauge,42,0,64,0,scan,6200,2048,0,2048,2048,1
gauge,42,0,64,0,pruned,6300,2048,0,2048,2048,1
gauge,42,0,65,1,pruned,700,128,30,32,32,1
gauge,42,0,65,1,scan,4800,2048,0,32,32,1
gauge,42,0,66,2,scan,5000,2048,0,0,0,1
gauge,42,0,66,2,pruned,200,0,32,0,0,1
gauge,42,0,67,3,pruned,400,0,32,0,0,1
gauge,42,0,67,3,scan,6300,2048,0,0,0,1
gauge,42,0,68,4,scan,6300,2048,0,0,0,1
gauge,42,0,68,4,pruned,400,0,32,0,0,1
gauge,42,0,69,5,pruned,300,0,32,0,0,1
gauge,42,0,69,5,scan,6300,2048,0,0,0,1
gauge,42,0,70,6,scan,7200,2048,0,0,0,1
gauge,42,0,70,6,pruned,100,0,32,0,0,1
gauge,42,0,71,7,pruned,0,0,32,0,0,1
gauge,42,0,71,7,scan,4400,2048,0,0,0,1
gauge,42,0,72,0,scan,6200,2048,0,2048,2048,1
gauge,42,0,72,0,pruned,6300,2048,0,2048,2048,1
gauge,42,0,73,1,pruned,700,128,30,32,32,1
gauge,42,0,73,1,scan,5000,2048,0,32,32,1
gauge,42,0,74,2,scan,5000,2048,0,0,0,1
gauge,42,0,74,2,pruned,100,0,32,0,0,1
gauge,42,0,75,3,pruned,300,0,32,0,0,1
gauge,42,0,75,3,scan,6300,2048,0,0,0,1
gauge,42,0,76,4,scan,6400,2048,0,0,0,1
gauge,42,0,76,4,pruned,400,0,32,0,0,1
gauge,42,0,77,5,pruned,400,0,32,0,0,1
gauge,42,0,77,5,scan,6300,2048,0,0,0,1
gauge,42,0,78,6,scan,7200,2048,0,0,0,1
gauge,42,0,78,6,pruned,100,0,32,0,0,1
gauge,42,0,79,7,pruned,0,0,32,0,0,1
gauge,42,0,79,7,scan,4400,2048,0,0,0,1
gauge,42,0,80,0,scan,6200,2048,0,2048,2048,1
gauge,42,0,80,0,pruned,6400,2048,0,2048,2048,1
gauge,42,0,81,1,pruned,600,128,30,32,32,1
gauge,42,0,81,1,scan,4800,2048,0,32,32,1
gauge,42,0,82,2,scan,4800,2048,0,0,0,1
gauge,42,0,82,2,pruned,200,0,32,0,0,1
gauge,42,0,83,3,pruned,400,0,32,0,0,1
gauge,42,0,83,3,scan,6400,2048,0,0,0,1
gauge,42,0,84,4,scan,6400,2048,0,0,0,1
gauge,42,0,84,4,pruned,400,0,32,0,0,1
gauge,42,0,85,5,pruned,300,0,32,0,0,1
gauge,42,0,85,5,scan,6300,2048,0,0,0,1
gauge,42,0,86,6,scan,7600,2048,0,0,0,1
gauge,42,0,86,6,pruned,100,0,32,0,0,1
gauge,42,0,87,7,pruned,100,0,32,0,0,1
gauge,42,0,87,7,scan,4500,2048,0,0,0,1
gauge,42,0,88,0,scan,8800,2048,0,2048,2048,1
gauge,42,0,88,0,pruned,8200,2048,0,2048,2048,1
gauge,42,0,89,1,pruned,700,128,30,32,32,1
gauge,42,0,89,1,scan,6400,2048,0,32,32,1
gauge,42,0,90,2,scan,5400,2048,0,0,0,1
gauge,42,0,90,2,pruned,300,0,32,0,0,1
gauge,42,0,91,3,pruned,400,0,32,0,0,1
gauge,42,0,91,3,scan,6400,2048,0,0,0,1
gauge,42,0,92,4,scan,6300,2048,0,0,0,1
gauge,42,0,92,4,pruned,400,0,32,0,0,1
gauge,42,0,93,5,pruned,400,0,32,0,0,1
gauge,42,0,93,5,scan,6400,2048,0,0,0,1
gauge,42,0,94,6,scan,7300,2048,0,0,0,1
gauge,42,0,94,6,pruned,200,0,32,0,0,1
gauge,42,0,95,7,pruned,100,0,32,0,0,1
gauge,42,0,95,7,scan,4400,2048,0,0,0,1
gauge,42,0,96,0,scan,6500,2048,0,2048,2048,1
gauge,42,0,96,0,pruned,6500,2048,0,2048,2048,1
gauge,42,0,97,1,pruned,700,128,30,32,32,1
gauge,42,0,97,1,scan,4900,2048,0,32,32,1
gauge,42,0,98,2,scan,4900,2048,0,0,0,1
gauge,42,0,98,2,pruned,200,0,32,0,0,1
gauge,42,0,99,3,pruned,400,0,32,0,0,1
gauge,42,0,99,3,scan,6400,2048,0,0,0,1
gauge,42,0,100,4,scan,6300,2048,0,0,0,1
gauge,42,0,100,4,pruned,400,0,32,0,0,1
gauge,42,0,101,5,pruned,400,0,32,0,0,1
gauge,42,0,101,5,scan,7200,2048,0,0,0,1
gauge,42,0,102,6,scan,7500,2048,0,0,0,1
gauge,42,0,102,6,pruned,400,0,32,0,0,1
gauge,42,0,103,7,pruned,200,0,32,0,0,1
gauge,42,0,103,7,scan,4600,2048,0,0,0,1
gauge,42,0,104,0,scan,7400,2048,0,2048,2048,1
gauge,42,0,104,0,pruned,6900,2048,0,2048,2048,1
gauge,42,0,105,1,pruned,800,128,30,32,32,1
gauge,42,0,105,1,scan,5300,2048,0,32,32,1
gauge,42,0,106,2,scan,5200,2048,0,0,0,1
gauge,42,0,106,2,pruned,200,0,32,0,0,1
gauge,42,0,107,3,pruned,400,0,32,0,0,1
gauge,42,0,107,3,scan,6400,2048,0,0,0,1
gauge,42,0,108,4,scan,6400,2048,0,0,0,1
gauge,42,0,108,4,pruned,400,0,32,0,0,1
gauge,42,0,109,5,pruned,400,0,32,0,0,1
gauge,42,0,109,5,scan,6400,2048,0,0,0,1
gauge,42,0,110,6,scan,7500,2048,0,0,0,1
gauge,42,0,110,6,pruned,200,0,32,0,0,1
gauge,42,0,111,7,pruned,100,0,32,0,0,1
gauge,42,0,111,7,scan,4800,2048,0,0,0,1
gauge,42,0,112,0,scan,8200,2048,0,2048,2048,1
gauge,42,0,112,0,pruned,10800,2048,0,2048,2048,1
gauge,42,0,113,1,pruned,1200,128,30,32,32,1
gauge,42,0,113,1,scan,7600,2048,0,32,32,1
gauge,42,0,114,2,scan,7600,2048,0,0,0,1
gauge,42,0,114,2,pruned,500,0,32,0,0,1
gauge,42,0,115,3,pruned,700,0,32,0,0,1
gauge,42,0,115,3,scan,10200,2048,0,0,0,1
gauge,42,0,116,4,scan,9400,2048,0,0,0,1
gauge,42,0,116,4,pruned,700,0,32,0,0,1
gauge,42,0,117,5,pruned,600,0,32,0,0,1
gauge,42,0,117,5,scan,9600,2048,0,0,0,1
gauge,42,0,118,6,scan,10900,2048,0,0,0,1
gauge,42,0,118,6,pruned,300,0,32,0,0,1
gauge,42,0,119,7,pruned,200,0,32,0,0,1
gauge,42,0,119,7,scan,5900,2048,0,0,0,1
gauge,42,0,120,0,scan,7500,2048,0,2048,2048,1
gauge,42,0,120,0,pruned,6600,2048,0,2048,2048,1
gauge,42,0,121,1,pruned,600,128,30,32,32,1
gauge,42,0,121,1,scan,5000,2048,0,32,32,1
gauge,42,0,122,2,scan,5100,2048,0,0,0,1
gauge,42,0,122,2,pruned,200,0,32,0,0,1
gauge,42,0,123,3,pruned,400,0,32,0,0,1
gauge,42,0,123,3,scan,6500,2048,0,0,0,1
gauge,42,0,124,4,scan,6400,2048,0,0,0,1
gauge,42,0,124,4,pruned,400,0,32,0,0,1
gauge,42,0,125,5,pruned,400,0,32,0,0,1
gauge,42,0,125,5,scan,6400,2048,0,0,0,1
gauge,42,0,126,6,scan,7300,2048,0,0,0,1
gauge,42,0,126,6,pruned,100,0,32,0,0,1
gauge,42,0,127,7,pruned,100,0,32,0,0,1
gauge,42,0,127,7,scan,4600,2048,0,0,0,1
gauge,42,1,0,0,pruned,6400,2048,0,2048,2048,1
gauge,42,1,0,0,scan,6400,2048,0,2048,2048,1
gauge,42,1,1,1,scan,5100,2048,0,32,32,1
gauge,42,1,1,1,pruned,500,64,31,32,32,1
gauge,42,1,2,2,pruned,10600,2048,0,510,510,1
gauge,42,1,2,2,scan,10200,2048,0,510,510,1
gauge,42,1,3,3,scan,6500,2048,0,0,0,1
gauge,42,1,3,3,pruned,400,0,32,0,0,1
gauge,42,1,4,4,pruned,300,0,32,0,0,1
gauge,42,1,4,4,scan,6500,2048,0,0,0,1
gauge,42,1,5,5,scan,6400,2048,0,0,0,1
gauge,42,1,5,5,pruned,400,0,32,0,0,1
gauge,42,1,6,6,pruned,400,0,32,0,0,1
gauge,42,1,6,6,scan,8000,2048,0,0,0,1
gauge,42,1,7,7,scan,4600,2048,0,0,0,1
gauge,42,1,7,7,pruned,100,0,32,0,0,1
gauge,42,1,8,0,pruned,7500,2048,0,2048,2048,1
gauge,42,1,8,0,scan,6600,2048,0,2048,2048,1
gauge,42,1,9,1,scan,5000,2048,0,32,32,1
gauge,42,1,9,1,pruned,900,128,30,32,32,1
gauge,42,1,10,2,pruned,10300,2048,0,490,490,1
gauge,42,1,10,2,scan,9600,2048,0,490,490,1
gauge,42,1,11,3,scan,6400,2048,0,0,0,1
gauge,42,1,11,3,pruned,500,0,32,0,0,1
gauge,42,1,12,4,pruned,300,0,32,0,0,1
gauge,42,1,12,4,scan,6300,2048,0,0,0,1
gauge,42,1,13,5,scan,6300,2048,0,0,0,1
gauge,42,1,13,5,pruned,400,0,32,0,0,1
gauge,42,1,14,6,pruned,200,0,32,0,0,1
gauge,42,1,14,6,scan,7400,2048,0,0,0,1
gauge,42,1,15,7,scan,4500,2048,0,0,0,1
gauge,42,1,15,7,pruned,100,0,32,0,0,1
gauge,42,1,16,0,pruned,6500,2048,0,2048,2048,1
gauge,42,1,16,0,scan,6500,2048,0,2048,2048,1
gauge,42,1,17,1,scan,5000,2048,0,32,32,1
gauge,42,1,17,1,pruned,800,128,30,32,32,1
gauge,42,1,18,2,pruned,10700,2048,0,523,523,1
gauge,42,1,18,2,scan,10000,2048,0,523,523,1
gauge,42,1,19,3,scan,6500,2048,0,0,0,1
gauge,42,1,19,3,pruned,400,0,32,0,0,1
gauge,42,1,20,4,pruned,300,0,32,0,0,1
gauge,42,1,20,4,scan,6400,2048,0,0,0,1
gauge,42,1,21,5,scan,6400,2048,0,0,0,1
gauge,42,1,21,5,pruned,400,0,32,0,0,1
gauge,42,1,22,6,pruned,200,0,32,0,0,1
gauge,42,1,22,6,scan,7300,2048,0,0,0,1
gauge,42,1,23,7,scan,4500,2048,0,0,0,1
gauge,42,1,23,7,pruned,100,0,32,0,0,1
gauge,42,1,24,0,pruned,6400,2048,0,2048,2048,1
gauge,42,1,24,0,scan,6300,2048,0,2048,2048,1
gauge,42,1,25,1,scan,5000,2048,0,32,32,1
gauge,42,1,25,1,pruned,800,128,30,32,32,1
gauge,42,1,26,2,pruned,10300,2048,0,525,525,1
gauge,42,1,26,2,scan,10100,2048,0,525,525,1
gauge,42,1,27,3,scan,6500,2048,0,0,0,1
gauge,42,1,27,3,pruned,300,0,32,0,0,1
gauge,42,1,28,4,pruned,300,0,32,0,0,1
gauge,42,1,28,4,scan,6500,2048,0,0,0,1
gauge,42,1,29,5,scan,6300,2048,0,0,0,1
gauge,42,1,29,5,pruned,300,0,32,0,0,1
gauge,42,1,30,6,pruned,200,0,32,0,0,1
gauge,42,1,30,6,scan,7300,2048,0,0,0,1
gauge,42,1,31,7,scan,4400,2048,0,0,0,1
gauge,42,1,31,7,pruned,0,0,32,0,0,1
gauge,42,1,32,0,pruned,6400,2048,0,2048,2048,1
gauge,42,1,32,0,scan,6300,2048,0,2048,2048,1
gauge,42,1,33,1,scan,4900,2048,0,32,32,1
gauge,42,1,33,1,pruned,800,128,30,32,32,1
gauge,42,1,34,2,pruned,200,0,32,0,0,1
gauge,42,1,34,2,scan,4900,2048,0,0,0,1
gauge,42,1,35,3,scan,6400,2048,0,0,0,1
gauge,42,1,35,3,pruned,300,0,32,0,0,1
gauge,42,1,36,4,pruned,300,0,32,0,0,1
gauge,42,1,36,4,scan,6400,2048,0,0,0,1
gauge,42,1,37,5,scan,6300,2048,0,0,0,1
gauge,42,1,37,5,pruned,400,0,32,0,0,1
gauge,42,1,38,6,pruned,100,0,32,0,0,1
gauge,42,1,38,6,scan,7300,2048,0,0,0,1
gauge,42,1,39,7,scan,4500,2048,0,0,0,1
gauge,42,1,39,7,pruned,0,0,32,0,0,1
gauge,42,1,40,0,pruned,6400,2048,0,2048,2048,1
gauge,42,1,40,0,scan,6300,2048,0,2048,2048,1
gauge,42,1,41,1,scan,5000,2048,0,32,32,1
gauge,42,1,41,1,pruned,800,128,30,32,32,1
gauge,42,1,42,2,pruned,100,0,32,0,0,1
gauge,42,1,42,2,scan,4800,2048,0,0,0,1
gauge,42,1,43,3,scan,6300,2048,0,0,0,1
gauge,42,1,43,3,pruned,400,0,32,0,0,1
gauge,42,1,44,4,pruned,300,0,32,0,0,1
gauge,42,1,44,4,scan,6300,2048,0,0,0,1
gauge,42,1,45,5,scan,6300,2048,0,0,0,1
gauge,42,1,45,5,pruned,300,0,32,0,0,1
gauge,42,1,46,6,pruned,100,0,32,0,0,1
gauge,42,1,46,6,scan,7200,2048,0,0,0,1
gauge,42,1,47,7,scan,4500,2048,0,0,0,1
gauge,42,1,47,7,pruned,100,0,32,0,0,1
gauge,42,1,48,0,pruned,6500,2048,0,2048,2048,1
gauge,42,1,48,0,scan,6200,2048,0,2048,2048,1
gauge,42,1,49,1,scan,4900,2048,0,32,32,1
gauge,42,1,49,1,pruned,700,128,30,32,32,1
gauge,42,1,50,2,pruned,100,0,32,0,0,1
gauge,42,1,50,2,scan,4800,2048,0,0,0,1
gauge,42,1,51,3,scan,6300,2048,0,0,0,1
gauge,42,1,51,3,pruned,300,0,32,0,0,1
gauge,42,1,52,4,pruned,400,0,32,0,0,1
gauge,42,1,52,4,scan,6300,2048,0,0,0,1
gauge,42,1,53,5,scan,6300,2048,0,0,0,1
gauge,42,1,53,5,pruned,400,0,32,0,0,1
gauge,42,1,54,6,pruned,100,0,32,0,0,1
gauge,42,1,54,6,scan,7300,2048,0,0,0,1
gauge,42,1,55,7,scan,5000,2048,0,0,0,1
gauge,42,1,55,7,pruned,100,0,32,0,0,1
gauge,42,1,56,0,pruned,6400,2048,0,2048,2048,1
gauge,42,1,56,0,scan,6200,2048,0,2048,2048,1
gauge,42,1,57,1,scan,4900,2048,0,32,32,1
gauge,42,1,57,1,pruned,700,128,30,32,32,1
gauge,42,1,58,2,pruned,200,0,32,0,0,1
gauge,42,1,58,2,scan,4800,2048,0,0,0,1
gauge,42,1,59,3,scan,6300,2048,0,0,0,1
gauge,42,1,59,3,pruned,300,0,32,0,0,1
gauge,42,1,60,4,pruned,300,0,32,0,0,1
gauge,42,1,60,4,scan,6300,2048,0,0,0,1
gauge,42,1,61,5,scan,6200,2048,0,0,0,1
gauge,42,1,61,5,pruned,300,0,32,0,0,1
gauge,42,1,62,6,pruned,100,0,32,0,0,1
gauge,42,1,62,6,scan,7300,2048,0,0,0,1
gauge,42,1,63,7,scan,4500,2048,0,0,0,1
gauge,42,1,63,7,pruned,100,0,32,0,0,1
gauge,42,1,64,0,pruned,6400,2048,0,2048,2048,1
gauge,42,1,64,0,scan,6200,2048,0,2048,2048,1
gauge,42,1,65,1,scan,4900,2048,0,32,32,1
gauge,42,1,65,1,pruned,600,128,30,32,32,1
gauge,42,1,66,2,pruned,100,0,32,0,0,1
gauge,42,1,66,2,scan,4800,2048,0,0,0,1
gauge,42,1,67,3,scan,6300,2048,0,0,0,1
gauge,42,1,67,3,pruned,300,0,32,0,0,1
gauge,42,1,68,4,pruned,300,0,32,0,0,1
gauge,42,1,68,4,scan,6300,2048,0,0,0,1
gauge,42,1,69,5,scan,6400,2048,0,0,0,1
gauge,42,1,69,5,pruned,400,0,32,0,0,1
gauge,42,1,70,6,pruned,200,0,32,0,0,1
gauge,42,1,70,6,scan,7300,2048,0,0,0,1
gauge,42,1,71,7,scan,4400,2048,0,0,0,1
gauge,42,1,71,7,pruned,100,0,32,0,0,1
gauge,42,1,72,0,pruned,6300,2048,0,2048,2048,1
gauge,42,1,72,0,scan,6200,2048,0,2048,2048,1
gauge,42,1,73,1,scan,5100,2048,0,32,32,1
gauge,42,1,73,1,pruned,600,128,30,32,32,1
gauge,42,1,74,2,pruned,100,0,32,0,0,1
gauge,42,1,74,2,scan,4900,2048,0,0,0,1
gauge,42,1,75,3,scan,7000,2048,0,0,0,1
gauge,42,1,75,3,pruned,400,0,32,0,0,1
gauge,42,1,76,4,pruned,400,0,32,0,0,1
gauge,42,1,76,4,scan,6400,2048,0,0,0,1
gauge,42,1,77,5,scan,6400,2048,0,0,0,1
gauge,42,1,77,5,pruned,400,0,32,0,0,1
gauge,42,1,78,6,pruned,200,0,32,0,0,1
gauge,42,1,78,6,scan,7400,2048,0,0,0,1
gauge,42,1,79,7,scan,4600,2048,0,0,0,1
gauge,42,1,79,7,pruned,0,0,32,0,0,1
gauge,42,1,80,0,pruned,7200,2048,0,2048,2048,1
gauge,42,1,80,0,scan,6700,2048,0,2048,2048,1
gauge,42,1,81,1,scan,5200,2048,0,32,32,1
gauge,42,1,81,1,pruned,700,128,30,32,32,1
gauge,42,1,82,2,pruned,200,0,32,0,0,1
gauge,42,1,82,2,scan,5200,2048,0,0,0,1
gauge,42,1,83,3,scan,6300,2048,0,0,0,1
gauge,42,1,83,3,pruned,300,0,32,0,0,1
gauge,42,1,84,4,pruned,300,0,32,0,0,1
gauge,42,1,84,4,scan,6500,2048,0,0,0,1
gauge,42,1,85,5,scan,6400,2048,0,0,0,1
gauge,42,1,85,5,pruned,400,0,32,0,0,1
gauge,42,1,86,6,pruned,200,0,32,0,0,1
gauge,42,1,86,6,scan,7300,2048,0,0,0,1
gauge,42,1,87,7,scan,4500,2048,0,0,0,1
gauge,42,1,87,7,pruned,100,0,32,0,0,1
gauge,42,1,88,0,pruned,6400,2048,0,2048,2048,1
gauge,42,1,88,0,scan,6300,2048,0,2048,2048,1
gauge,42,1,89,1,scan,5100,2048,0,32,32,1
gauge,42,1,89,1,pruned,600,128,30,32,32,1
gauge,42,1,90,2,pruned,100,0,32,0,0,1
gauge,42,1,90,2,scan,5000,2048,0,0,0,1
gauge,42,1,91,3,scan,6300,2048,0,0,0,1
gauge,42,1,91,3,pruned,300,0,32,0,0,1
gauge,42,1,92,4,pruned,300,0,32,0,0,1
gauge,42,1,92,4,scan,6400,2048,0,0,0,1
gauge,42,1,93,5,scan,6400,2048,0,0,0,1
gauge,42,1,93,5,pruned,400,0,32,0,0,1
gauge,42,1,94,6,pruned,100,0,32,0,0,1
gauge,42,1,94,6,scan,7300,2048,0,0,0,1
gauge,42,1,95,7,scan,4400,2048,0,0,0,1
gauge,42,1,95,7,pruned,100,0,32,0,0,1
gauge,42,1,96,0,pruned,6400,2048,0,2048,2048,1
gauge,42,1,96,0,scan,6100,2048,0,2048,2048,1
gauge,42,1,97,1,scan,5000,2048,0,32,32,1
gauge,42,1,97,1,pruned,600,128,30,32,32,1
gauge,42,1,98,2,pruned,100,0,32,0,0,1
gauge,42,1,98,2,scan,4800,2048,0,0,0,1
gauge,42,1,99,3,scan,6300,2048,0,0,0,1
gauge,42,1,99,3,pruned,400,0,32,0,0,1
gauge,42,1,100,4,pruned,300,0,32,0,0,1
gauge,42,1,100,4,scan,6300,2048,0,0,0,1
gauge,42,1,101,5,scan,6300,2048,0,0,0,1
gauge,42,1,101,5,pruned,300,0,32,0,0,1
gauge,42,1,102,6,pruned,100,0,32,0,0,1
gauge,42,1,102,6,scan,7200,2048,0,0,0,1
gauge,42,1,103,7,scan,4400,2048,0,0,0,1
gauge,42,1,103,7,pruned,100,0,32,0,0,1
gauge,42,1,104,0,pruned,6300,2048,0,2048,2048,1
gauge,42,1,104,0,scan,6200,2048,0,2048,2048,1
gauge,42,1,105,1,scan,5000,2048,0,32,32,1
gauge,42,1,105,1,pruned,600,128,30,32,32,1
gauge,42,1,106,2,pruned,200,0,32,0,0,1
gauge,42,1,106,2,scan,4900,2048,0,0,0,1
gauge,42,1,107,3,scan,6300,2048,0,0,0,1
gauge,42,1,107,3,pruned,400,0,32,0,0,1
gauge,42,1,108,4,pruned,300,0,32,0,0,1
gauge,42,1,108,4,scan,6300,2048,0,0,0,1
gauge,42,1,109,5,scan,6300,2048,0,0,0,1
gauge,42,1,109,5,pruned,400,0,32,0,0,1
gauge,42,1,110,6,pruned,100,0,32,0,0,1
gauge,42,1,110,6,scan,7300,2048,0,0,0,1
gauge,42,1,111,7,scan,4400,2048,0,0,0,1
gauge,42,1,111,7,pruned,100,0,32,0,0,1
gauge,42,1,112,0,pruned,6300,2048,0,2048,2048,1
gauge,42,1,112,0,scan,6300,2048,0,2048,2048,1
gauge,42,1,113,1,scan,4900,2048,0,32,32,1
gauge,42,1,113,1,pruned,600,128,30,32,32,1
gauge,42,1,114,2,pruned,200,0,32,0,0,1
gauge,42,1,114,2,scan,4900,2048,0,0,0,1
gauge,42,1,115,3,scan,6400,2048,0,0,0,1
gauge,42,1,115,3,pruned,400,0,32,0,0,1
gauge,42,1,116,4,pruned,300,0,32,0,0,1
gauge,42,1,116,4,scan,6300,2048,0,0,0,1
gauge,42,1,117,5,scan,6400,2048,0,0,0,1
gauge,42,1,117,5,pruned,400,0,32,0,0,1
gauge,42,1,118,6,pruned,200,0,32,0,0,1
gauge,42,1,118,6,scan,7300,2048,0,0,0,1
gauge,42,1,119,7,scan,28200,2048,0,0,0,1
gauge,42,1,119,7,pruned,100,0,32,0,0,1
gauge,42,1,120,0,pruned,7600,2048,0,2048,2048,1
gauge,42,1,120,0,scan,6400,2048,0,2048,2048,1
gauge,42,1,121,1,scan,5100,2048,0,32,32,1
gauge,42,1,121,1,pruned,700,128,30,32,32,1
gauge,42,1,122,2,pruned,200,0,32,0,0,1
gauge,42,1,122,2,scan,5000,2048,0,0,0,1
gauge,42,1,123,3,scan,6400,2048,0,0,0,1
gauge,42,1,123,3,pruned,300,0,32,0,0,1
gauge,42,1,124,4,pruned,400,0,32,0,0,1
gauge,42,1,124,4,scan,6400,2048,0,0,0,1
gauge,42,1,125,5,scan,6300,2048,0,0,0,1
gauge,42,1,125,5,pruned,400,0,32,0,0,1
gauge,42,1,126,6,pruned,200,0,32,0,0,1
gauge,42,1,126,6,scan,7200,2048,0,0,0,1
gauge,42,1,127,7,scan,4500,2048,0,0,0,1
gauge,42,1,127,7,pruned,100,0,32,0,0,1
gauge,42,2,0,0,scan,6400,2048,0,2048,2048,1
gauge,42,2,0,0,pruned,6400,2048,0,2048,2048,1
gauge,42,2,1,1,pruned,500,64,31,32,32,1
gauge,42,2,1,1,scan,4800,2048,0,32,32,1
gauge,42,2,2,2,scan,10200,2048,0,510,510,1
gauge,42,2,2,2,pruned,10100,2048,0,510,510,1
gauge,42,2,3,3,pruned,300,0,32,0,0,1
gauge,42,2,3,3,scan,6400,2048,0,0,0,1
gauge,42,2,4,4,scan,6300,2048,0,0,0,1
gauge,42,2,4,4,pruned,400,0,32,0,0,1
gauge,42,2,5,5,pruned,400,0,32,0,0,1
gauge,42,2,5,5,scan,6300,2048,0,0,0,1
gauge,42,2,6,6,scan,7200,2048,0,0,0,1
gauge,42,2,6,6,pruned,200,0,32,0,0,1
gauge,42,2,7,7,pruned,100,0,32,0,0,1
gauge,42,2,7,7,scan,4400,2048,0,0,0,1
gauge,42,2,8,0,scan,6300,2048,0,2048,2048,1
gauge,42,2,8,0,pruned,6300,2048,0,2048,2048,1
gauge,42,2,9,1,pruned,800,128,30,32,32,1
gauge,42,2,9,1,scan,4800,2048,0,32,32,1
gauge,42,2,10,2,scan,9900,2048,0,490,490,1
gauge,42,2,10,2,pruned,9700,2048,0,490,490,1
gauge,42,2,11,3,pruned,400,0,32,0,0,1
gauge,42,2,11,3,scan,6400,2048,0,0,0,1
gauge,42,2,12,4,scan,6300,2048,0,0,0,1
gauge,42,2,12,4,pruned,400,0,32,0,0,1
gauge,42,2,13,5,pruned,300,0,32,0,0,1
gauge,42,2,13,5,scan,6300,2048,0,0,0,1
gauge,42,2,14,6,scan,7200,2048,0,0,0,1
gauge,42,2,14,6,pruned,200,0,32,0,0,1
gauge,42,2,15,7,pruned,100,0,32,0,0,1
gauge,42,2,15,7,scan,4500,2048,0,0,0,1
gauge,42,2,16,0,scan,6300,2048,0,2048,2048,1
gauge,42,2,16,0,pruned,6400,2048,0,2048,2048,1
gauge,42,2,17,1,pruned,800,128,30,32,32,1
gauge,42,2,17,1,scan,4800,2048,0,32,32,1
gauge,42,2,18,2,scan,10200,2048,0,523,523,1
gauge,42,2,18,2,pruned,10100,2048,0,523,523,1
gauge,42,2,19,3,pruned,300,0,32,0,0,1
gauge,42,2,19,3,scan,6400,2048,0,0,0,1
gauge,42,2,20,4,scan,6300,2048,0,0,0,1
gauge,42,2,20,4,pruned,400,0,32,0,0,1
gauge,42,2,21,5,pruned,300,0,32,0,0,1
gauge,42,2,21,5,scan,6300,2048,0,0,0,1
gauge,42,2,22,6,scan,7200,2048,0,0,0,1
gauge,42,2,22,6,pruned,200,0,32,0,0,1
gauge,42,2,23,7,pruned,100,0,32,0,0,1
gauge,42,2,23,7,scan,4500,2048,0,0,0,1
gauge,42,2,24,0,scan,6200,2048,0,2048,2048,1
gauge,42,2,24,0,pruned,6300,2048,0,2048,2048,1
gauge,42,2,25,1,pruned,700,128,30,32,32,1
gauge,42,2,25,1,scan,4800,2048,0,32,32,1
gauge,42,2,26,2,scan,10400,2048,0,525,525,1
gauge,42,2,26,2,pruned,10400,2048,0,525,525,1
gauge,42,2,27,3,pruned,300,0,32,0,0,1
gauge,42,2,27,3,scan,6400,2048,0,0,0,1
gauge,42,2,28,4,scan,6300,2048,0,0,0,1
gauge,42,2,28,4,pruned,400,0,32,0,0,1
gauge,42,2,29,5,pruned,300,0,32,0,0,1
gauge,42,2,29,5,scan,6300,2048,0,0,0,1
gauge,42,2,30,6,scan,7200,2048,0,0,0,1
gauge,42,2,30,6,pruned,200,0,32,0,0,1
gauge,42,2,31,7,pruned,100,0,32,0,0,1
gauge,42,2,31,7,scan,4500,2048,0,0,0,1
gauge,42,2,32,0,scan,6300,2048,0,2048,2048,1
gauge,42,2,32,0,pruned,6200,2048,0,2048,2048,1
gauge,42,2,33,1,pruned,800,128,30,32,32,1
gauge,42,2,33,1,scan,4700,2048,0,32,32,1
gauge,42,2,34,2,scan,4800,2048,0,0,0,1
gauge,42,2,34,2,pruned,200,0,32,0,0,1
gauge,42,2,35,3,pruned,400,0,32,0,0,1
gauge,42,2,35,3,scan,6400,2048,0,0,0,1
gauge,42,2,36,4,scan,6300,2048,0,0,0,1
gauge,42,2,36,4,pruned,400,0,32,0,0,1
gauge,42,2,37,5,pruned,300,0,32,0,0,1
gauge,42,2,37,5,scan,6300,2048,0,0,0,1
gauge,42,2,38,6,scan,7300,2048,0,0,0,1
gauge,42,2,38,6,pruned,200,0,32,0,0,1
gauge,42,2,39,7,pruned,100,0,32,0,0,1
gauge,42,2,39,7,scan,4500,2048,0,0,0,1
gauge,42,2,40,0,scan,6300,2048,0,2048,2048,1
gauge,42,2,40,0,pruned,6300,2048,0,2048,2048,1
gauge,42,2,41,1,pruned,700,128,30,32,32,1
gauge,42,2,41,1,scan,4900,2048,0,32,32,1
gauge,42,2,42,2,scan,4900,2048,0,0,0,1
gauge,42,2,42,2,pruned,200,0,32,0,0,1
gauge,42,2,43,3,pruned,400,0,32,0,0,1
gauge,42,2,43,3,scan,6300,2048,0,0,0,1
gauge,42,2,44,4,scan,6400,2048,0,0,0,1
gauge,42,2,44,4,pruned,400,0,32,0,0,1
gauge,42,2,45,5,pruned,300,0,32,0,0,1
gauge,42,2,45,5,scan,6300,2048,0,0,0,1
gauge,42,2,46,6,scan,7300,2048,0,0,0,1
gauge,42,2,46,6,pruned,200,0,32,0,0,1
gauge,42,2,47,7,pruned,0,0,32,0,0,1
gauge,42,2,47,7,scan,4500,2048,0,0,0,1
gauge,42,2,48,0,scan,6300,2048,0,2048,2048,1
gauge,42,2,48,0,pruned,6300,2048,0,2048,2048,1
gauge,42,2,49,1,pruned,1800,128,30,32,32,1
gauge,42,2,49,1,scan,5400,2048,0,32,32,1
gauge,42,2,50,2,scan,5000,2048,0,0,0,1
gauge,42,2,50,2,pruned,200,0,32,0,0,1
gauge,42,2,51,3,pruned,400,0,32,0,0,1
gauge,42,2,51,3,scan,6500,2048,0,0,0,1
gauge,42,2,52,4,scan,6400,2048,0,0,0,1
gauge,42,2,52,4,pruned,400,0,32,0,0,1
gauge,42,2,53,5,pruned,300,0,32,0,0,1
gauge,42,2,53,5,scan,6300,2048,0,0,0,1
gauge,42,2,54,6,scan,7400,2048,0,0,0,1
gauge,42,2,54,6,pruned,200,0,32,0,0,1
gauge,42,2,55,7,pruned,0,0,32,0,0,1
gauge,42,2,55,7,scan,4500,2048,0,0,0,1
gauge,42,2,56,0,scan,6500,2048,0,2048,2048,1
gauge,42,2,56,0,pruned,6500,2048,0,2048,2048,1
gauge,42,2,57,1,pruned,700,128,30,32,32,1
gauge,42,2,57,1,scan,4900,2048,0,32,32,1
gauge,42,2,58,2,scan,5000,2048,0,0,0,1
gauge,42,2,58,2,pruned,200,0,32,0,0,1
gauge,42,2,59,3,pruned,300,0,32,0,0,1
gauge,42,2,59,3,scan,6300,2048,0,0,0,1
gauge,42,2,60,4,scan,6300,2048,0,0,0,1
gauge,42,2,60,4,pruned,400,0,32,0,0,1
gauge,42,2,61,5,pruned,300,0,32,0,0,1
gauge,42,2,61,5,scan,6400,2048,0,0,0,1
gauge,42,2,62,6,scan,7200,2048,0,0,0,1
gauge,42,2,62,6,pruned,200,0,32,0,0,1
gauge,42,2,63,7,pruned,100,0,32,0,0,1
gauge,42,2,63,7,scan,4400,2048,0,0,0,1
gauge,42,2,64,0,scan,6300,2048,0,2048,2048,1
gauge,42,2,64,0,pruned,6500,2048,0,2048,2048,1
gauge,42,2,65,1,pruned,700,128,30,32,32,1
gauge,42,2,65,1,scan,4900,2048,0,32,32,1
gauge,42,2,66,2,scan,4800,2048,0,0,0,1
gauge,42,2,66,2,pruned,200,0,32,0,0,1
gauge,42,2,67,3,pruned,400,0,32,0,0,1
gauge,42,2,67,3,scan,6300,2048,0,0,0,1
gauge,42,2,68,4,scan,6300,2048,0,0,0,1
gauge,42,2,68,4,pruned,400,0,32,0,0,1
gauge,42,2,69,5,pruned,400,0,32,0,0,1
gauge,42,2,69,5,scan,6300,2048,0,0,0,1
gauge,42,2,70,6,scan,7200,2048,0,0,0,1
gauge,42,2,70,6,pruned,200,0,32,0,0,1
gauge,42,2,71,7,pruned,100,0,32,0,0,1
gauge,42,2,71,7,scan,4400,2048,0,0,0,1
gauge,42,2,72,0,scan,6300,2048,0,2048,2048,1
gauge,42,2,72,0,pruned,6400,2048,0,2048,2048,1
gauge,42,2,73,1,pruned,700,128,30,32,32,1
gauge,42,2,73,1,scan,4800,2048,0,32,32,1
gauge,42,2,74,2,scan,4900,2048,0,0,0,1
gauge,42,2,74,2,pruned,200,0,32,0,0,1
gauge,42,2,75,3,pruned,300,0,32,0,0,1
gauge,42,2,75,3,scan,6400,2048,0,0,0,1
gauge,42,2,76,4,scan,6400,2048,0,0,0,1
gauge,42,2,76,4,pruned,400,0,32,0,0,1
gauge,42,2,77,5,pruned,300,0,32,0,0,1
gauge,42,2,77,5,scan,6300,2048,0,0,0,1
gauge,42,2,78,6,scan,7200,2048,0,0,0,1
gauge,42,2,78,6,pruned,200,0,32,0,0,1
gauge,42,2,79,7,pruned,100,0,32,0,0,1
gauge,42,2,79,7,scan,4500,2048,0,0,0,1
gauge,42,2,80,0,scan,6200,2048,0,2048,2048,1
gauge,42,2,80,0,pruned,6200,2048,0,2048,2048,1
gauge,42,2,81,1,pruned,600,128,30,32,32,1
gauge,42,2,81,1,scan,5000,2048,0,32,32,1
gauge,42,2,82,2,scan,4800,2048,0,0,0,1
gauge,42,2,82,2,pruned,200,0,32,0,0,1
gauge,42,2,83,3,pruned,300,0,32,0,0,1
gauge,42,2,83,3,scan,6400,2048,0,0,0,1
gauge,42,2,84,4,scan,6400,2048,0,0,0,1
gauge,42,2,84,4,pruned,400,0,32,0,0,1
gauge,42,2,85,5,pruned,300,0,32,0,0,1
gauge,42,2,85,5,scan,6400,2048,0,0,0,1
gauge,42,2,86,6,scan,7200,2048,0,0,0,1
gauge,42,2,86,6,pruned,200,0,32,0,0,1
gauge,42,2,87,7,pruned,0,0,32,0,0,1
gauge,42,2,87,7,scan,4500,2048,0,0,0,1
gauge,42,2,88,0,scan,6200,2048,0,2048,2048,1
gauge,42,2,88,0,pruned,6300,2048,0,2048,2048,1
gauge,42,2,89,1,pruned,600,128,30,32,32,1
gauge,42,2,89,1,scan,4900,2048,0,32,32,1
gauge,42,2,90,2,scan,4900,2048,0,0,0,1
gauge,42,2,90,2,pruned,200,0,32,0,0,1
gauge,42,2,91,3,pruned,400,0,32,0,0,1
gauge,42,2,91,3,scan,6300,2048,0,0,0,1
gauge,42,2,92,4,scan,6300,2048,0,0,0,1
gauge,42,2,92,4,pruned,400,0,32,0,0,1
gauge,42,2,93,5,pruned,300,0,32,0,0,1
gauge,42,2,93,5,scan,6300,2048,0,0,0,1
gauge,42,2,94,6,scan,7200,2048,0,0,0,1
gauge,42,2,94,6,pruned,200,0,32,0,0,1
gauge,42,2,95,7,pruned,100,0,32,0,0,1
gauge,42,2,95,7,scan,4500,2048,0,0,0,1
gauge,42,2,96,0,scan,6200,2048,0,2048,2048,1
gauge,42,2,96,0,pruned,6300,2048,0,2048,2048,1
gauge,42,2,97,1,pruned,700,128,30,32,32,1
gauge,42,2,97,1,scan,4800,2048,0,32,32,1
gauge,42,2,98,2,scan,4800,2048,0,0,0,1
gauge,42,2,98,2,pruned,200,0,32,0,0,1
gauge,42,2,99,3,pruned,400,0,32,0,0,1
gauge,42,2,99,3,scan,6300,2048,0,0,0,1
gauge,42,2,100,4,scan,6400,2048,0,0,0,1
gauge,42,2,100,4,pruned,400,0,32,0,0,1
gauge,42,2,101,5,pruned,300,0,32,0,0,1
gauge,42,2,101,5,scan,6300,2048,0,0,0,1
gauge,42,2,102,6,scan,7200,2048,0,0,0,1
gauge,42,2,102,6,pruned,200,0,32,0,0,1
gauge,42,2,103,7,pruned,100,0,32,0,0,1
gauge,42,2,103,7,scan,4500,2048,0,0,0,1
gauge,42,2,104,0,scan,6200,2048,0,2048,2048,1
gauge,42,2,104,0,pruned,6400,2048,0,2048,2048,1
gauge,42,2,105,1,pruned,700,128,30,32,32,1
gauge,42,2,105,1,scan,4800,2048,0,32,32,1
gauge,42,2,106,2,scan,4800,2048,0,0,0,1
gauge,42,2,106,2,pruned,200,0,32,0,0,1
gauge,42,2,107,3,pruned,300,0,32,0,0,1
gauge,42,2,107,3,scan,6300,2048,0,0,0,1
gauge,42,2,108,4,scan,6300,2048,0,0,0,1
gauge,42,2,108,4,pruned,400,0,32,0,0,1
gauge,42,2,109,5,pruned,300,0,32,0,0,1
gauge,42,2,109,5,scan,6400,2048,0,0,0,1
gauge,42,2,110,6,scan,7300,2048,0,0,0,1
gauge,42,2,110,6,pruned,200,0,32,0,0,1
gauge,42,2,111,7,pruned,100,0,32,0,0,1
gauge,42,2,111,7,scan,4500,2048,0,0,0,1
gauge,42,2,112,0,scan,6200,2048,0,2048,2048,1
gauge,42,2,112,0,pruned,6300,2048,0,2048,2048,1
gauge,42,2,113,1,pruned,600,128,30,32,32,1
gauge,42,2,113,1,scan,4900,2048,0,32,32,1
gauge,42,2,114,2,scan,4900,2048,0,0,0,1
gauge,42,2,114,2,pruned,200,0,32,0,0,1
gauge,42,2,115,3,pruned,400,0,32,0,0,1
gauge,42,2,115,3,scan,6400,2048,0,0,0,1
gauge,42,2,116,4,scan,6300,2048,0,0,0,1
gauge,42,2,116,4,pruned,400,0,32,0,0,1
gauge,42,2,117,5,pruned,300,0,32,0,0,1
gauge,42,2,117,5,scan,6300,2048,0,0,0,1
gauge,42,2,118,6,scan,7200,2048,0,0,0,1
gauge,42,2,118,6,pruned,100,0,32,0,0,1
gauge,42,2,119,7,pruned,100,0,32,0,0,1
gauge,42,2,119,7,scan,4400,2048,0,0,0,1
gauge,42,2,120,0,scan,6200,2048,0,2048,2048,1
gauge,42,2,120,0,pruned,6300,2048,0,2048,2048,1
gauge,42,2,121,1,pruned,700,128,30,32,32,1
gauge,42,2,121,1,scan,4900,2048,0,32,32,1
gauge,42,2,122,2,scan,4900,2048,0,0,0,1
gauge,42,2,122,2,pruned,200,0,32,0,0,1
gauge,42,2,123,3,pruned,300,0,32,0,0,1
gauge,42,2,123,3,scan,6400,2048,0,0,0,1
gauge,42,2,124,4,scan,6300,2048,0,0,0,1
gauge,42,2,124,4,pruned,400,0,32,0,0,1
gauge,42,2,125,5,pruned,400,0,32,0,0,1
gauge,42,2,125,5,scan,6300,2048,0,0,0,1
gauge,42,2,126,6,scan,7300,2048,0,0,0,1
gauge,42,2,126,6,pruned,200,0,32,0,0,1
gauge,42,2,127,7,pruned,100,0,32,0,0,1
gauge,42,2,127,7,scan,4500,2048,0,0,0,1
gauge,42,3,0,0,pruned,6400,2048,0,2048,2048,1
gauge,42,3,0,0,scan,6200,2048,0,2048,2048,1
gauge,42,3,1,1,scan,4900,2048,0,32,32,1
gauge,42,3,1,1,pruned,500,64,31,32,32,1
gauge,42,3,2,2,pruned,10400,2048,0,510,510,1
gauge,42,3,2,2,scan,9900,2048,0,510,510,1
gauge,42,3,3,3,scan,6300,2048,0,0,0,1
gauge,42,3,3,3,pruned,400,0,32,0,0,1
gauge,42,3,4,4,pruned,300,0,32,0,0,1
gauge,42,3,4,4,scan,6300,2048,0,0,0,1
gauge,42,3,5,5,scan,6300,2048,0,0,0,1
gauge,42,3,5,5,pruned,300,0,32,0,0,1
gauge,42,3,6,6,pruned,100,0,32,0,0,1
gauge,42,3,6,6,scan,7300,2048,0,0,0,1
gauge,42,3,7,7,scan,38500,2048,0,0,0,1
gauge,42,3,7,7,pruned,100,0,32,0,0,1
gauge,42,3,8,0,pruned,11800,2048,0,2048,2048,1
gauge,42,3,8,0,scan,10200,2048,0,2048,2048,1
gauge,42,3,9,1,scan,5800,2048,0,32,32,1
gauge,42,3,9,1,pruned,900,128,30,32,32,1
gauge,42,3,10,2,pruned,10000,2048,0,490,490,1
gauge,42,3,10,2,scan,9600,2048,0,490,490,1
gauge,42,3,11,3,scan,6500,2048,0,0,0,1
gauge,42,3,11,3,pruned,500,0,32,0,0,1
gauge,42,3,12,4,pruned,300,0,32,0,0,1
gauge,42,3,12,4,scan,6400,2048,0,0,0,1
gauge,42,3,13,5,scan,6400,2048,0,0,0,1
gauge,42,3,13,5,pruned,400,0,32,0,0,1
gauge,42,3,14,6,pruned,200,0,32,0,0,1
gauge,42,3,14,6,scan,7300,2048,0,0,0,1
gauge,42,3,15,7,scan,4500,2048,0,0,0,1
gauge,42,3,15,7,pruned,100,0,32,0,0,1
gauge,42,3,16,0,pruned,6400,2048,0,2048,2048,1
gauge,42,3,16,0,scan,6400,2048,0,2048,2048,1
gauge,42,3,17,1,scan,4900,2048,0,32,32,1
gauge,42,3,17,1,pruned,700,128,30,32,32,1
gauge,42,3,18,2,pruned,10500,2048,0,523,523,1
gauge,42,3,18,2,scan,9800,2048,0,523,523,1
gauge,42,3,19,3,scan,6400,2048,0,0,0,1
gauge,42,3,19,3,pruned,400,0,32,0,0,1
gauge,42,3,20,4,pruned,300,0,32,0,0,1
gauge,42,3,20,4,scan,6400,2048,0,0,0,1
gauge,42,3,21,5,scan,6300,2048,0,0,0,1
gauge,42,3,21,5,pruned,300,0,32,0,0,1
gauge,42,3,22,6,pruned,200,0,32,0,0,1
gauge,42,3,22,6,scan,7200,2048,0,0,0,1
gauge,42,3,23,7,scan,5200,2048,0,0,0,1
gauge,42,3,23,7,pruned,100,0,32,0,0,1
gauge,42,3,24,0,pruned,7400,2048,0,2048,2048,1
gauge,42,3,24,0,scan,6400,2048,0,2048,2048,1
gauge,42,3,25,1,scan,5000,2048,0,32,32,1
gauge,42,3,25,1,pruned,700,128,30,32,32,1
gauge,42,3,26,2,pruned,10700,2048,0,525,525,1
gauge,42,3,26,2,scan,10200,2048,0,525,525,1
gauge,42,3,27,3,scan,6400,2048,0,0,0,1
gauge,42,3,27,3,pruned,400,0,32,0,0,1
gauge,42,3,28,4,pruned,400,0,32,0,0,1
gauge,42,3,28,4,scan,6300,2048,0,0,0,1
gauge,42,3,29,5,scan,6300,2048,0,0,0,1
gauge,42,3,29,5,pruned,400,0,32,0,0,1
gauge,42,3,30,6,pruned,200,0,32,0,0,1
gauge,42,3,30,6,scan,7400,2048,0,0,0,1
gauge,42,3,31,7,scan,4500,2048,0,0,0,1
gauge,42,3,31,7,pruned,100,0,32,0,0,1
gauge,42,3,32,0,pruned,6500,2048,0,2048,2048,1
gauge,42,3,32,0,scan,6300,2048,0,2048,2048,1
gauge,42,3,33,1,scan,5100,2048,0,32,32,1
gauge,42,3,33,1,pruned,800,128,30,32,32,1
gauge,42,3,34,2,pruned,200,0,32,0,0,1
gauge,42,3,34,2,scan,4900,2048,0,0,0,1
gauge,42,3,35,3,scan,6400,2048,0,0,0,1
gauge,42,3,35,3,pruned,400,0,32,0,0,1
gauge,42,3,36,4,pruned,300,0,32,0,0,1
gauge,42,3,36,4,scan,6300,2048,0,0,0,1
gauge,42,3,37,5,scan,6300,2048,0,0,0,1
gauge,42,3,37,5,pruned,400,0,32,0,0,1
gauge,42,3,38,6,pruned,200,0,32,0,0,1
gauge,42,3,38,6,scan,7300,2048,0,0,0,1
gauge,42,3,39,7,scan,4500,2048,0,0,0,1
gauge,42,3,39,7,pruned,100,0,32,0,0,1
gauge,42,3,40,0,pruned,6300,2048,0,2048,2048,1
gauge,42,3,40,0,scan,6100,2048,0,2048,2048,1
gauge,42,3,41,1,scan,5000,2048,0,32,32,1
gauge,42,3,41,1,pruned,600,128,30,32,32,1
gauge,42,3,42,2,pruned,200,0,32,0,0,1
gauge,42,3,42,2,scan,4800,2048,0,0,0,1
gauge,42,3,43,3,scan,6300,2048,0,0,0,1
gauge,42,3,43,3,pruned,400,0,32,0,0,1
gauge,42,3,44,4,pruned,300,0,32,0,0,1
gauge,42,3,44,4,scan,6300,2048,0,0,0,1
gauge,42,3,45,5,scan,6300,2048,0,0,0,1
gauge,42,3,45,5,pruned,400,0,32,0,0,1
gauge,42,3,46,6,pruned,100,0,32,0,0,1
gauge,42,3,46,6,scan,7200,2048,0,0,0,1
gauge,42,3,47,7,scan,4400,2048,0,0,0,1
gauge,42,3,47,7,pruned,100,0,32,0,0,1
gauge,42,3,48,0,pruned,6400,2048,0,2048,2048,1
gauge,42,3,48,0,scan,6100,2048,0,2048,2048,1
gauge,42,3,49,1,scan,4900,2048,0,32,32,1
gauge,42,3,49,1,pruned,700,128,30,32,32,1
gauge,42,3,50,2,pruned,100,0,32,0,0,1
gauge,42,3,50,2,scan,4800,2048,0,0,0,1
gauge,42,3,51,3,scan,6300,2048,0,0,0,1
gauge,42,3,51,3,pruned,300,0,32,0,0,1
gauge,42,3,52,4,pruned,400,0,32,0,0,1
gauge,42,3,52,4,scan,6300,2048,0,0,0,1
gauge,42,3,53,5,scan,6300,2048,0,0,0,1
gauge,42,3,53,5,pruned,300,0,32,0,0,1
gauge,42,3,54,6,pruned,100,0,32,0,0,1
gauge,42,3,54,6,scan,7300,2048,0,0,0,1
gauge,42,3,55,7,scan,4500,2048,0,0,0,1
gauge,42,3,55,7,pruned,100,0,32,0,0,1
gauge,42,3,56,0,pruned,6300,2048,0,2048,2048,1
gauge,42,3,56,0,scan,6200,2048,0,2048,2048,1
gauge,42,3,57,1,scan,4900,2048,0,32,32,1
gauge,42,3,57,1,pruned,800,128,30,32,32,1
gauge,42,3,58,2,pruned,200,0,32,0,0,1
gauge,42,3,58,2,scan,4900,2048,0,0,0,1
gauge,42,3,59,3,scan,6400,2048,0,0,0,1
gauge,42,3,59,3,pruned,300,0,32,0,0,1
gauge,42,3,60,4,pruned,300,0,32,0,0,1
gauge,42,3,60,4,scan,6300,2048,0,0,0,1
gauge,42,3,61,5,scan,6300,2048,0,0,0,1
gauge,42,3,61,5,pruned,300,0,32,0,0,1
gauge,42,3,62,6,pruned,100,0,32,0,0,1
gauge,42,3,62,6,scan,7300,2048,0,0,0,1
gauge,42,3,63,7,scan,4400,2048,0,0,0,1
gauge,42,3,63,7,pruned,100,0,32,0,0,1
gauge,42,3,64,0,pruned,6300,2048,0,2048,2048,1
gauge,42,3,64,0,scan,6300,2048,0,2048,2048,1
gauge,42,3,65,1,scan,4900,2048,0,32,32,1
gauge,42,3,65,1,pruned,700,128,30,32,32,1
gauge,42,3,66,2,pruned,200,0,32,0,0,1
gauge,42,3,66,2,scan,4900,2048,0,0,0,1
gauge,42,3,67,3,scan,6300,2048,0,0,0,1
gauge,42,3,67,3,pruned,400,0,32,0,0,1
gauge,42,3,68,4,pruned,400,0,32,0,0,1
gauge,42,3,68,4,scan,6300,2048,0,0,0,1
gauge,42,3,69,5,scan,6300,2048,0,0,0,1
gauge,42,3,69,5,pruned,400,0,32,0,0,1
gauge,42,3,70,6,pruned,200,0,32,0,0,1
gauge,42,3,70,6,scan,7300,2048,0,0,0,1
gauge,42,3,71,7,scan,4600,2048,0,0,0,1
gauge,42,3,71,7,pruned,0,0,32,0,0,1
gauge,42,3,72,0,pruned,6400,2048,0,2048,2048,1
gauge,42,3,72,0,scan,6100,2048,0,2048,2048,1
gauge,42,3,73,1,scan,5000,2048,0,32,32,1
gauge,42,3,73,1,pruned,600,128,30,32,32,1
gauge,42,3,74,2,pruned,100,0,32,0,0,1
gauge,42,3,74,2,scan,4900,2048,0,0,0,1
gauge,42,3,75,3,scan,6300,2048,0,0,0,1
gauge,42,3,75,3,pruned,300,0,32,0,0,1
gauge,42,3,76,4,pruned,300,0,32,0,0,1
gauge,42,3,76,4,scan,6300,2048,0,0,0,1
gauge,42,3,77,5,scan,6300,2048,0,0,0,1
gauge,42,3,77,5,pruned,400,0,32,0,0,1
gauge,42,3,78,6,pruned,200,0,32,0,0,1
gauge,42,3,78,6,scan,7200,2048,0,0,0,1
gauge,42,3,79,7,scan,4500,2048,0,0,0,1
gauge,42,3,79,7,pruned,100,0,32,0,0,1
gauge,42,3,80,0,pruned,6300,2048,0,2048,2048,1
gauge,42,3,80,0,scan,6200,2048,0,2048,2048,1
gauge,42,3,81,1,scan,5000,2048,0,32,32,1
gauge,42,3,81,1,pruned,700,128,30,32,32,1
gauge,42,3,82,2,pruned,100,0,32,0,0,1
gauge,42,3,82,2,scan,4900,2048,0,0,0,1
gauge,42,3,83,3,scan,6300,2048,0,0,0,1
gauge,42,3,83,3,pruned,300,0,32,0,0,1
gauge,42,3,84,4,pruned,300,0,32,0,0,1
gauge,42,3,84,4,scan,22900,2048,0,0,0,1
gauge,42,3,85,5,scan,6600,2048,0,0,0,1
gauge,42,3,85,5,pruned,400,0,32,0,0,1
gauge,42,3,86,6,pruned,200,0,32,0,0,1
gauge,42,3,86,6,scan,7400,2048,0,0,0,1
gauge,42,3,87,7,scan,4600,2048,0,0,0,1
gauge,42,3,87,7,pruned,100,0,32,0,0,1
gauge,42,3,88,0,pruned,7500,2048,0,2048,2048,1
gauge,42,3,88,0,scan,6500,2048,0,2048,2048,1
gauge,42,3,89,1,scan,5100,2048,0,32,32,1
gauge,42,3,89,1,pruned,600,128,30,32,32,1
gauge,42,3,90,2,pruned,200,0,32,0,0,1
gauge,42,3,90,2,scan,4900,2048,0,0,0,1
gauge,42,3,91,3,scan,6400,2048,0,0,0,1
gauge,42,3,91,3,pruned,400,0,32,0,0,1
gauge,42,3,92,4,pruned,300,0,32,0,0,1
gauge,42,3,92,4,scan,6300,2048,0,0,0,1
gauge,42,3,93,5,scan,6400,2048,0,0,0,1
gauge,42,3,93,5,pruned,400,0,32,0,0,1
gauge,42,3,94,6,pruned,100,0,32,0,0,1
gauge,42,3,94,6,scan,7300,2048,0,0,0,1
gauge,42,3,95,7,scan,4400,2048,0,0,0,1
gauge,42,3,95,7,pruned,100,0,32,0,0,1
gauge,42,3,96,0,pruned,6400,2048,0,2048,2048,1
gauge,42,3,96,0,scan,6300,2048,0,2048,2048,1
gauge,42,3,97,1,scan,4900,2048,0,32,32,1
gauge,42,3,97,1,pruned,600,128,30,32,32,1
gauge,42,3,98,2,pruned,200,0,32,0,0,1
gauge,42,3,98,2,scan,4900,2048,0,0,0,1
gauge,42,3,99,3,scan,6300,2048,0,0,0,1
gauge,42,3,99,3,pruned,300,0,32,0,0,1
gauge,42,3,100,4,pruned,300,0,32,0,0,1
gauge,42,3,100,4,scan,6300,2048,0,0,0,1
gauge,42,3,101,5,scan,6300,2048,0,0,0,1
gauge,42,3,101,5,pruned,400,0,32,0,0,1
gauge,42,3,102,6,pruned,200,0,32,0,0,1
gauge,42,3,102,6,scan,7300,2048,0,0,0,1
gauge,42,3,103,7,scan,4400,2048,0,0,0,1
gauge,42,3,103,7,pruned,100,0,32,0,0,1
gauge,42,3,104,0,pruned,6200,2048,0,2048,2048,1
gauge,42,3,104,0,scan,6300,2048,0,2048,2048,1
gauge,42,3,105,1,scan,5000,2048,0,32,32,1
gauge,42,3,105,1,pruned,600,128,30,32,32,1
gauge,42,3,106,2,pruned,100,0,32,0,0,1
gauge,42,3,106,2,scan,4900,2048,0,0,0,1
gauge,42,3,107,3,scan,6400,2048,0,0,0,1
gauge,42,3,107,3,pruned,300,0,32,0,0,1
gauge,42,3,108,4,pruned,300,0,32,0,0,1
gauge,42,3,108,4,scan,6300,2048,0,0,0,1
gauge,42,3,109,5,scan,6300,2048,0,0,0,1
gauge,42,3,109,5,pruned,400,0,32,0,0,1
gauge,42,3,110,6,pruned,100,0,32,0,0,1
gauge,42,3,110,6,scan,7300,2048,0,0,0,1
gauge,42,3,111,7,scan,4500,2048,0,0,0,1
gauge,42,3,111,7,pruned,100,0,32,0,0,1
gauge,42,3,112,0,pruned,6400,2048,0,2048,2048,1
gauge,42,3,112,0,scan,6200,2048,0,2048,2048,1
gauge,42,3,113,1,scan,5000,2048,0,32,32,1
gauge,42,3,113,1,pruned,600,128,30,32,32,1
gauge,42,3,114,2,pruned,200,0,32,0,0,1
gauge,42,3,114,2,scan,5000,2048,0,0,0,1
gauge,42,3,115,3,scan,6300,2048,0,0,0,1
gauge,42,3,115,3,pruned,400,0,32,0,0,1
gauge,42,3,116,4,pruned,300,0,32,0,0,1
gauge,42,3,116,4,scan,6300,2048,0,0,0,1
gauge,42,3,117,5,scan,6300,2048,0,0,0,1
gauge,42,3,117,5,pruned,400,0,32,0,0,1
gauge,42,3,118,6,pruned,100,0,32,0,0,1
gauge,42,3,118,6,scan,7300,2048,0,0,0,1
gauge,42,3,119,7,scan,4400,2048,0,0,0,1
gauge,42,3,119,7,pruned,100,0,32,0,0,1
gauge,42,3,120,0,pruned,6300,2048,0,2048,2048,1
gauge,42,3,120,0,scan,6200,2048,0,2048,2048,1
gauge,42,3,121,1,scan,5000,2048,0,32,32,1
gauge,42,3,121,1,pruned,600,128,30,32,32,1
gauge,42,3,122,2,pruned,100,0,32,0,0,1
gauge,42,3,122,2,scan,4900,2048,0,0,0,1
gauge,42,3,123,3,scan,6300,2048,0,0,0,1
gauge,42,3,123,3,pruned,300,0,32,0,0,1
gauge,42,3,124,4,pruned,300,0,32,0,0,1
gauge,42,3,124,4,scan,6300,2048,0,0,0,1
gauge,42,3,125,5,scan,7000,2048,0,0,0,1
gauge,42,3,125,5,pruned,400,0,32,0,0,1
gauge,42,3,126,6,pruned,300,0,32,0,0,1
gauge,42,3,126,6,scan,7300,2048,0,0,0,1
gauge,42,3,127,7,scan,4500,2048,0,0,0,1
gauge,42,3,127,7,pruned,100,0,32,0,0,1
gauge,42,4,0,0,scan,7400,2048,0,2048,2048,1
gauge,42,4,0,0,pruned,6600,2048,0,2048,2048,1
gauge,42,4,1,1,pruned,600,64,31,32,32,1
gauge,42,4,1,1,scan,4900,2048,0,32,32,1
gauge,42,4,2,2,scan,10100,2048,0,510,510,1
gauge,42,4,2,2,pruned,10000,2048,0,510,510,1
gauge,42,4,3,3,pruned,400,0,32,0,0,1
gauge,42,4,3,3,scan,6400,2048,0,0,0,1
gauge,42,4,4,4,scan,6300,2048,0,0,0,1
gauge,42,4,4,4,pruned,400,0,32,0,0,1
gauge,42,4,5,5,pruned,300,0,32,0,0,1
gauge,42,4,5,5,scan,6300,2048,0,0,0,1
gauge,42,4,6,6,scan,7300,2048,0,0,0,1
gauge,42,4,6,6,pruned,200,0,32,0,0,1
gauge,42,4,7,7,pruned,100,0,32,0,0,1
gauge,42,4,7,7,scan,4500,2048,0,0,0,1
gauge,42,4,8,0,scan,6300,2048,0,2048,2048,1
gauge,42,4,8,0,pruned,6400,2048,0,2048,2048,1
gauge,42,4,9,1,pruned,800,128,30,32,32,1
gauge,42,4,9,1,scan,4800,2048,0,32,32,1
gauge,42,4,10,2,scan,10000,2048,0,490,490,1
gauge,42,4,10,2,pruned,9700,2048,0,490,490,1
gauge,42,4,11,3,pruned,400,0,32,0,0,1
gauge,42,4,11,3,scan,6500,2048,0,0,0,1
gauge,42,4,12,4,scan,6400,2048,0,0,0,1
gauge,42,4,12,4,pruned,400,0,32,0,0,1
gauge,42,4,13,5,pruned,400,0,32,0,0,1
gauge,42,4,13,5,scan,6300,2048,0,0,0,1
gauge,42,4,14,6,scan,7200,2048,0,0,0,1
gauge,42,4,14,6,pruned,200,0,32,0,0,1
gauge,42,4,15,7,pruned,0,0,32,0,0,1
gauge,42,4,15,7,scan,4500,2048,0,0,0,1
gauge,42,4,16,0,scan,6400,2048,0,2048,2048,1
gauge,42,4,16,0,pruned,6400,2048,0,2048,2048,1
gauge,42,4,17,1,pruned,800,128,30,32,32,1
gauge,42,4,17,1,scan,4900,2048,0,32,32,1
gauge,42,4,18,2,scan,10200,2048,0,523,523,1
gauge,42,4,18,2,pruned,9900,2048,0,523,523,1
gauge,42,4,19,3,pruned,400,0,32,0,0,1
gauge,42,4,19,3,scan,6400,2048,0,0,0,1
gauge,42,4,20,4,scan,6300,2048,0,0,0,1
gauge,42,4,20,4,pruned,400,0,32,0,0,1
gauge,42,4,21,5,pruned,400,0,32,0,0,1
gauge,42,4,21,5,scan,6300,2048,0,0,0,1
gauge,42,4,22,6,scan,7200,2048,0,0,0,1
gauge,42,4,22,6,pruned,300,0,32,0,0,1
gauge,42,4,23,7,pruned,100,0,32,0,0,1
gauge,42,4,23,7,scan,4400,2048,0,0,0,1
gauge,42,4,24,0,scan,6300,2048,0,2048,2048,1
gauge,42,4,24,0,pruned,6300,2048,0,2048,2048,1
gauge,42,4,25,1,pruned,700,128,30,32,32,1
gauge,42,4,25,1,scan,4800,2048,0,32,32,1
gauge,42,4,26,2,scan,10400,2048,0,525,525,1
gauge,42,4,26,2,pruned,10100,2048,0,525,525,1
gauge,42,4,27,3,pruned,400,0,32,0,0,1
gauge,42,4,27,3,scan,6400,2048,0,0,0,1
gauge,42,4,28,4,scan,6300,2048,0,0,0,1
gauge,42,4,28,4,pruned,400,0,32,0,0,1
gauge,42,4,29,5,pruned,300,0,32,0,0,1
gauge,42,4,29,5,scan,6400,2048,0,0,0,1
gauge,42,4,30,6,scan,7300,2048,0,0,0,1
gauge,42,4,30,6,pruned,200,0,32,0,0,1
gauge,42,4,31,7,pruned,100,0,32,0,0,1
gauge,42,4,31,7,scan,4400,2048,0,0,0,1
gauge,42,4,32,0,scan,6300,2048,0,2048,2048,1
gauge,42,4,32,0,pruned,6300,2048,0,2048,2048,1
gauge,42,4,33,1,pruned,700,128,30,32,32,1
gauge,42,4,33,1,scan,4800,2048,0,32,32,1
gauge,42,4,34,2,scan,4900,2048,0,0,0,1
gauge,42,4,34,2,pruned,300,0,32,0,0,1
gauge,42,4,35,3,pruned,400,0,32,0,0,1
gauge,42,4,35,3,scan,6400,2048,0,0,0,1
gauge,42,4,36,4,scan,6300,2048,0,0,0,1
gauge,42,4,36,4,pruned,400,0,32,0,0,1
gauge,42,4,37,5,pruned,300,0,32,0,0,1
gauge,42,4,37,5,scan,6400,2048,0,0,0,1
gauge,42,4,38,6,scan,7400,2048,0,0,0,1
gauge,42,4,38,6,pruned,200,0,32,0,0,1
gauge,42,4,39,7,pruned,0,0,32,0,0,1
gauge,42,4,39,7,scan,4500,2048,0,0,0,1
gauge,42,4,40,0,scan,6200,2048,0,2048,2048,1
gauge,42,4,40,0,pruned,6300,2048,0,2048,2048,1
gauge,42,4,41,1,pruned,700,128,30,32,32,1
gauge,42,4,41,1,scan,4900,2048,0,32,32,1
gauge,42,4,42,2,scan,4900,2048,0,0,0,1
gauge,42,4,42,2,pruned,200,0,32,0,0,1
gauge,42,4,43,3,pruned,300,0,32,0,0,1
gauge,42,4,43,3,scan,6300,2048,0,0,0,1
gauge,42,4,44,4,scan,6300,2048,0,0,0,1
gauge,42,4,44,4,pruned,400,0,32,0,0,1
gauge,42,4,45,5,pruned,300,0,32,0,0,1
gauge,42,4,45,5,scan,6300,2048,0,0,0,1
gauge,42,4,46,6,scan,7300,2048,0,0,0,1
gauge,42,4,46,6,pruned,200,0,32,0,0,1
gauge,42,4,47,7,pruned,100,0,32,0,0,1
gauge,42,4,47,7,scan,4500,2048,0,0,0,1
gauge,42,4,48,0,scan,6200,2048,0,2048,2048,1
gauge,42,4,48,0,pruned,6300,2048,0,2048,2048,1
gauge,42,4,49,1,pruned,700,128,30,32,32,1
gauge,42,4,49,1,scan,4900,2048,0,32,32,1
gauge,42,4,50,2,scan,4900,2048,0,0,0,1
gauge,42,4,50,2,pruned,200,0,32,0,0,1
gauge,42,4,51,3,pruned,300,0,32,0,0,1
gauge,42,4,51,3,scan,6300,2048,0,0,0,1
gauge,42,4,52,4,scan,6300,2048,0,0,0,1
gauge,42,4,52,4,pruned,300,0,32,0,0,1
gauge,42,4,53,5,pruned,300,0,32,0,0,1
gauge,42,4,53,5,scan,6300,2048,0,0,0,1
gauge,42,4,54,6,scan,7200,2048,0,0,0,1
gauge,42,4,54,6,pruned,200,0,32,0,0,1
gauge,42,4,55,7,pruned,0,0,32,0,0,1
gauge,42,4,55,7,scan,4400,2048,0,0,0,1
gauge,42,4,56,0,scan,6200,2048,0,2048,2048,1
gauge,42,4,56,0,pruned,6400,2048,0,2048,2048,1
gauge,42,4,57,1,pruned,700,128,30,32,32,1
gauge,42,4,57,1,scan,4900,2048,0,32,32,1
gauge,42,4,58,2,scan,4800,2048,0,0,0,1
gauge,42,4,58,2,pruned,200,0,32,0,0,1
gauge,42,4,59,3,pruned,400,0,32,0,0,1
gauge,42,4,59,3,scan,6300,2048,0,0,0,1
gauge,42,4,60,4,scan,6300,2048,0,0,0,1
gauge,42,4,60,4,pruned,400,0,32,0,0,1
gauge,42,4,61,5,pruned,300,0,32,0,0,1
gauge,42,4,61,5,scan,6300,2048,0,0,0,1
gauge,42,4,62,6,scan,7200,2048,0,0,0,1
gauge,42,4,62,6,pruned,100,0,32,0,0,1
gauge,42,4,63,7,pruned,100,0,32,0,0,1
gauge,42,4,63,7,scan,4500,2048,0,0,0,1
gauge,42,4,64,0,scan,6200,2048,0,2048,2048,1
gauge,42,4,64,0,pruned,6300,2048,0,2048,2048,1
gauge,42,4,65,1,pruned,700,128,30,32,32,1
gauge,42,4,65,1,scan,4900,2048,0,32,32,1
gauge,42,4,66,2,scan,4800,2048,0,0,0,1
gauge,42,4,66,2,pruned,200,0,32,0,0,1
gauge,42,4,67,3,pruned,400,0,32,0,0,1
gauge,42,4,67,3,scan,6300,2048,0,0,0,1
gauge,42,4,68,4,scan,6200,2048,0,0,0,1
gauge,42,4,68,4,pruned,400,0,32,0,0,1
gauge,42,4,69,5,pruned,300,0,32,0,0,1
gauge,42,4,69,5,scan,6400,2048,0,0,0,1
gauge,42,4,70,6,scan,7300,2048,0,0,0,1
gauge,42,4,70,6,pruned,100,0,32,0,0,1
gauge,42,4,71,7,pruned,100,0,32,0,0,1
gauge,42,4,71,7,scan,4400,2048,0,0,0,1
gauge,42,4,72,0,scan,6200,2048,0,2048,2048,1
gauge,42,4,72,0,pruned,6200,2048,0,2048,2048,1
gauge,42,4,73,1,pruned,600,128,30,32,32,1
gauge,42,4,73,1,scan,5000,2048,0,32,32,1
gauge,42,4,74,2,scan,4900,2048,0,0,0,1
gauge,42,4,74,2,pruned,200,0,32,0,0,1
gauge,42,4,75,3,pruned,300,0,32,0,0,1
gauge,42,4,75,3,scan,6300,2048,0,0,0,1
gauge,42,4,76,4,scan,6300,2048,0,0,0,1
gauge,42,4,76,4,pruned,300,0,32,0,0,1
gauge,42,4,77,5,pruned,300,0,32,0,0,1
gauge,42,4,77,5,scan,6400,2048,0,0,0,1
gauge,42,4,78,6,scan,7200,2048,0,0,0,1
gauge,42,4,78,6,pruned,100,0,32,0,0,1
gauge,42,4,79,7,pruned,100,0,32,0,0,1
gauge,42,4,79,7,scan,4400,2048,0,0,0,1
gauge,42,4,80,0,scan,6200,2048,0,2048,2048,1
gauge,42,4,80,0,pruned,6200,2048,0,2048,2048,1
gauge,42,4,81,1,pruned,600,128,30,32,32,1
gauge,42,4,81,1,scan,4800,2048,0,32,32,1
gauge,42,4,82,2,scan,4900,2048,0,0,0,1
gauge,42,4,82,2,pruned,200,0,32,0,0,1
gauge,42,4,83,3,pruned,400,0,32,0,0,1
gauge,42,4,83,3,scan,6400,2048,0,0,0,1
gauge,42,4,84,4,scan,6300,2048,0,0,0,1
gauge,42,4,84,4,pruned,400,0,32,0,0,1
gauge,42,4,85,5,pruned,300,0,32,0,0,1
gauge,42,4,85,5,scan,6300,2048,0,0,0,1
gauge,42,4,86,6,scan,7200,2048,0,0,0,1
gauge,42,4,86,6,pruned,200,0,32,0,0,1
gauge,42,4,87,7,pruned,100,0,32,0,0,1
gauge,42,4,87,7,scan,4500,2048,0,0,0,1
gauge,42,4,88,0,scan,6200,2048,0,2048,2048,1
gauge,42,4,88,0,pruned,6200,2048,0,2048,2048,1
gauge,42,4,89,1,pruned,600,128,30,32,32,1
gauge,42,4,89,1,scan,4800,2048,0,32,32,1
gauge,42,4,90,2,scan,4900,2048,0,0,0,1
gauge,42,4,90,2,pruned,200,0,32,0,0,1
gauge,42,4,91,3,pruned,300,0,32,0,0,1
gauge,42,4,91,3,scan,6300,2048,0,0,0,1
gauge,42,4,92,4,scan,6200,2048,0,0,0,1
gauge,42,4,92,4,pruned,400,0,32,0,0,1
gauge,42,4,93,5,pruned,300,0,32,0,0,1
gauge,42,4,93,5,scan,6300,2048,0,0,0,1
gauge,42,4,94,6,scan,7200,2048,0,0,0,1
gauge,42,4,94,6,pruned,200,0,32,0,0,1
gauge,42,4,95,7,pruned,100,0,32,0,0,1
gauge,42,4,95,7,scan,4500,2048,0,0,0,1
gauge,42,4,96,0,scan,6300,2048,0,2048,2048,1
gauge,42,4,96,0,pruned,6200,2048,0,2048,2048,1
gauge,42,4,97,1,pruned,700,128,30,32,32,1
gauge,42,4,97,1,scan,4800,2048,0,32,32,1
gauge,42,4,98,2,scan,4900,2048,0,0,0,1
gauge,42,4,98,2,pruned,200,0,32,0,0,1
gauge,42,4,99,3,pruned,400,0,32,0,0,1
gauge,42,4,99,3,scan,7100,2048,0,0,0,1
gauge,42,4,100,4,scan,6400,2048,0,0,0,1
gauge,42,4,100,4,pruned,500,0,32,0,0,1
gauge,42,4,101,5,pruned,400,0,32,0,0,1
gauge,42,4,101,5,scan,6400,2048,0,0,0,1
gauge,42,4,102,6,scan,7400,2048,0,0,0,1
gauge,42,4,102,6,pruned,200,0,32,0,0,1
gauge,42,4,103,7,pruned,100,0,32,0,0,1
gauge,42,4,103,7,scan,4500,2048,0,0,0,1
gauge,42,4,104,0,scan,7200,2048,0,2048,2048,1
gauge,42,4,104,0,pruned,6600,2048,0,2048,2048,1
gauge,42,4,105,1,pruned,800,128,30,32,32,1
gauge,42,4,105,1,scan,5000,2048,0,32,32,1
gauge,42,4,106,2,scan,4900,2048,0,0,0,1
gauge,42,4,106,2,pruned,200,0,32,0,0,1
gauge,42,4,107,3,pruned,400,0,32,0,0,1
gauge,42,4,107,3,scan,6300,2048,0,0,0,1
gauge,42,4,108,4,scan,6400,2048,0,0,0,1
gauge,42,4,108,4,pruned,400,0,32,0,0,1
gauge,42,4,109,5,pruned,300,0,32,0,0,1
gauge,42,4,109,5,scan,6400,2048,0,0,0,1
gauge,42,4,110,6,scan,7300,2048,0,0,0,1
gauge,42,4,110,6,pruned,100,0,32,0,0,1
gauge,42,4,111,7,pruned,100,0,32,0,0,1
gauge,42,4,111,7,scan,4500,2048,0,0,0,1
gauge,42,4,112,0,scan,6200,2048,0,2048,2048,1
gauge,42,4,112,0,pruned,6300,2048,0,2048,2048,1
gauge,42,4,113,1,pruned,700,128,30,32,32,1
gauge,42,4,113,1,scan,5000,2048,0,32,32,1
gauge,42,4,114,2,scan,5000,2048,0,0,0,1
gauge,42,4,114,2,pruned,200,0,32,0,0,1
gauge,42,4,115,3,pruned,300,0,32,0,0,1
gauge,42,4,115,3,scan,6300,2048,0,0,0,1
gauge,42,4,116,4,scan,6300,2048,0,0,0,1
gauge,42,4,116,4,pruned,400,0,32,0,0,1
gauge,42,4,117,5,pruned,300,0,32,0,0,1
gauge,42,4,117,5,scan,6400,2048,0,0,0,1
gauge,42,4,118,6,scan,7200,2048,0,0,0,1
gauge,42,4,118,6,pruned,200,0,32,0,0,1
gauge,42,4,119,7,pruned,100,0,32,0,0,1
gauge,42,4,119,7,scan,4500,2048,0,0,0,1
gauge,42,4,120,0,scan,6200,2048,0,2048,2048,1
gauge,42,4,120,0,pruned,6500,2048,0,2048,2048,1
gauge,42,4,121,1,pruned,700,128,30,32,32,1
gauge,42,4,121,1,scan,4900,2048,0,32,32,1
gauge,42,4,122,2,scan,4900,2048,0,0,0,1
gauge,42,4,122,2,pruned,200,0,32,0,0,1
gauge,42,4,123,3,pruned,400,0,32,0,0,1
gauge,42,4,123,3,scan,6400,2048,0,0,0,1
gauge,42,4,124,4,scan,6400,2048,0,0,0,1
gauge,42,4,124,4,pruned,400,0,32,0,0,1
gauge,42,4,125,5,pruned,300,0,32,0,0,1
gauge,42,4,125,5,scan,6300,2048,0,0,0,1
gauge,42,4,126,6,scan,7200,2048,0,0,0,1
gauge,42,4,126,6,pruned,100,0,32,0,0,1
gauge,42,4,127,7,pruned,0,0,32,0,0,1
gauge,42,4,127,7,scan,4500,2048,0,0,0,1
gauge,43,0,0,0,scan,6900,2048,0,2048,2048,1
gauge,43,0,0,0,pruned,7400,2048,0,2048,2048,1
gauge,43,0,1,1,pruned,700,64,31,32,32,1
gauge,43,0,1,1,scan,5500,2048,0,32,32,1
gauge,43,0,2,2,scan,11100,2048,0,505,505,1
gauge,43,0,2,2,pruned,10700,2048,0,505,505,1
gauge,43,0,3,3,pruned,400,0,32,0,0,1
gauge,43,0,3,3,scan,7300,2048,0,0,0,1
gauge,43,0,4,4,scan,7100,2048,0,0,0,1
gauge,43,0,4,4,pruned,400,0,32,0,0,1
gauge,43,0,5,5,pruned,300,0,32,0,0,1
gauge,43,0,5,5,scan,7200,2048,0,0,0,1
gauge,43,0,6,6,scan,8200,2048,0,0,0,1
gauge,43,0,6,6,pruned,200,0,32,0,0,1
gauge,43,0,7,7,pruned,100,0,32,0,0,1
gauge,43,0,7,7,scan,5000,2048,0,0,0,1
gauge,43,0,8,0,scan,6900,2048,0,2048,2048,1
gauge,43,0,8,0,pruned,7100,2048,0,2048,2048,1
gauge,43,0,9,1,pruned,900,128,30,32,32,1
gauge,43,0,9,1,scan,5600,2048,0,32,32,1
gauge,43,0,10,2,scan,11400,2048,0,540,540,1
gauge,43,0,10,2,pruned,11000,2048,0,540,540,1
gauge,43,0,11,3,pruned,400,0,32,0,0,1
gauge,43,0,11,3,scan,7300,2048,0,0,0,1
gauge,43,0,12,4,scan,7000,2048,0,0,0,1
gauge,43,0,12,4,pruned,400,0,32,0,0,1
gauge,43,0,13,5,pruned,300,0,32,0,0,1
gauge,43,0,13,5,scan,7200,2048,0,0,0,1
gauge,43,0,14,6,scan,8100,2048,0,0,0,1
gauge,43,0,14,6,pruned,300,0,32,0,0,1
gauge,43,0,15,7,pruned,100,0,32,0,0,1
gauge,43,0,15,7,scan,4900,2048,0,0,0,1
gauge,43,0,16,0,scan,6800,2048,0,2048,2048,1
gauge,43,0,16,0,pruned,7100,2048,0,2048,2048,1
gauge,43,0,17,1,pruned,1000,128,30,32,32,1
gauge,43,0,17,1,scan,5400,2048,0,32,32,1
gauge,43,0,18,2,scan,10700,2048,0,500,500,1
gauge,43,0,18,2,pruned,10900,2048,0,500,500,1
gauge,43,0,19,3,pruned,400,0,32,0,0,1
gauge,43,0,19,3,scan,7300,2048,0,0,0,1
gauge,43,0,20,4,scan,7100,2048,0,0,0,1
gauge,43,0,20,4,pruned,400,0,32,0,0,1
gauge,43,0,21,5,pruned,300,0,32,0,0,1
gauge,43,0,21,5,scan,7200,2048,0,0,0,1
gauge,43,0,22,6,scan,8200,2048,0,0,0,1
gauge,43,0,22,6,pruned,300,0,32,0,0,1
gauge,43,0,23,7,pruned,100,0,32,0,0,1
gauge,43,0,23,7,scan,4800,2048,0,0,0,1
gauge,43,0,24,0,scan,7000,2048,0,2048,2048,1
gauge,43,0,24,0,pruned,7000,2048,0,2048,2048,1
gauge,43,0,25,1,pruned,800,128,30,32,32,1
gauge,43,0,25,1,scan,5400,2048,0,32,32,1
gauge,43,0,26,2,scan,10700,2048,0,503,503,1
gauge,43,0,26,2,pruned,10800,2048,0,503,503,1
gauge,43,0,27,3,pruned,400,0,32,0,0,1
gauge,43,0,27,3,scan,7300,2048,0,0,0,1
gauge,43,0,28,4,scan,7100,2048,0,0,0,1
gauge,43,0,28,4,pruned,500,0,32,0,0,1
gauge,43,0,29,5,pruned,400,0,32,0,0,1
gauge,43,0,29,5,scan,7100,2048,0,0,0,1
gauge,43,0,30,6,scan,8100,2048,0,0,0,1
gauge,43,0,30,6,pruned,300,0,32,0,0,1
gauge,43,0,31,7,pruned,100,0,32,0,0,1
gauge,43,0,31,7,scan,4900,2048,0,0,0,1
gauge,43,0,32,0,scan,6800,2048,0,2048,2048,1
gauge,43,0,32,0,pruned,7000,2048,0,2048,2048,1
gauge,43,0,33,1,pruned,800,128,30,32,32,1
gauge,43,0,33,1,scan,5400,2048,0,32,32,1
gauge,43,0,34,2,scan,4800,2048,0,0,0,1
gauge,43,0,34,2,pruned,300,0,32,0,0,1
gauge,43,0,35,3,pruned,400,0,32,0,0,1
gauge,43,0,35,3,scan,7100,2048,0,0,0,1
gauge,43,0,36,4,scan,7000,2048,0,0,0,1
gauge,43,0,36,4,pruned,400,0,32,0,0,1
gauge,43,0,37,5,pruned,300,0,32,0,0,1
gauge,43,0,37,5,scan,7200,2048,0,0,0,1
gauge,43,0,38,6,scan,8100,2048,0,0,0,1
gauge,43,0,38,6,pruned,300,0,32,0,0,1
gauge,43,0,39,7,pruned,100,0,32,0,0,1
gauge,43,0,39,7,scan,4800,2048,0,0,0,1
gauge,43,0,40,0,scan,6800,2048,0,2048,2048,1
gauge,43,0,40,0,pruned,7100,2048,0,2048,2048,1
gauge,43,0,41,1,pruned,800,128,30,32,32,1
gauge,43,0,41,1,scan,5500,2048,0,32,32,1
gauge,43,0,42,2,scan,4700,2048,0,0,0,1
gauge,43,0,42,2,pruned,200,0,32,0,0,1
gauge,43,0,43,3,pruned,400,0,32,0,0,1
gauge,43,0,43,3,scan,7000,2048,0,0,0,1
gauge,43,0,44,4,scan,7100,2048,0,0,0,1
gauge,43,0,44,4,pruned,400,0,32,0,0,1
gauge,43,0,45,5,pruned,300,0,32,0,0,1
gauge,43,0,45,5,scan,7200,2048,0,0,0,1
gauge,43,0,46,6,scan,8100,2048,0,0,0,1
gauge,43,0,46,6,pruned,200,0,32,0,0,1
gauge,43,0,47,7,pruned,100,0,32,0,0,1
gauge,43,0,47,7,scan,4900,2048,0,0,0,1
gauge,43,0,48,0,scan,6700,2048,0,2048,2048,1
gauge,43,0,48,0,pruned,7100,2048,0,2048,2048,1
gauge,43,0,49,1,pruned,800,128,30,32,32,1
gauge,43,0,49,1,scan,5500,2048,0,32,32,1
gauge,43,0,50,2,scan,4800,2048,0,0,0,1
gauge,43,0,50,2,pruned,200,0,32,0,0,1
gauge,43,0,51,3,pruned,300,0,32,0,0,1
gauge,43,0,51,3,scan,7100,2048,0,0,0,1
gauge,43,0,52,4,scan,7000,2048,0,0,0,1
gauge,43,0,52,4,pruned,400,0,32,0,0,1
gauge,43,0,53,5,pruned,300,0,32,0,0,1
gauge,43,0,53,5,scan,7100,2048,0,0,0,1
gauge,43,0,54,6,scan,8200,2048,0,0,0,1
gauge,43,0,54,6,pruned,200,0,32,0,0,1
gauge,43,0,55,7,pruned,100,0,32,0,0,1
gauge,43,0,55,7,scan,4900,2048,0,0,0,1
gauge,43,0,56,0,scan,6900,2048,0,2048,2048,1
gauge,43,0,56,0,pruned,7000,2048,0,2048,2048,1
gauge,43,0,57,1,pruned,800,128,30,32,32,1
gauge,43,0,57,1,scan,5500,2048,0,32,32,1
gauge,43,0,58,2,scan,4800,2048,0,0,0,1
gauge,43,0,58,2,pruned,300,0,32,0,0,1
gauge,43,0,59,3,pruned,400,0,32,0,0,1
gauge,43,0,59,3,scan,7300,2048,0,0,0,1
gauge,43,0,60,4,scan,7200,2048,0,0,0,1
gauge,43,0,60,4,pruned,400,0,32,0,0,1
gauge,43,0,61,5,pruned,300,0,32,0,0,1
gauge,43,0,61,5,scan,7100,2048,0,0,0,1
gauge,43,0,62,6,scan,8100,2048,0,0,0,1
gauge,43,0,62,6,pruned,300,0,32,0,0,1
gauge,43,0,63,7,pruned,100,0,32,0,0,1
gauge,43,0,63,7,scan,4900,2048,0,0,0,1
gauge,43,0,64,0,scan,6900,2048,0,2048,2048,1
gauge,43,0,64,0,pruned,7100,2048,0,2048,2048,1
gauge,43,0,65,1,pruned,800,128,30,32,32,1
gauge,43,0,65,1,scan,5500,2048,0,32,32,1
gauge,43,0,66,2,scan,4700,2048,0,0,0,1
gauge,43,0,66,2,pruned,200,0,32,0,0,1
gauge,43,0,67,3,pruned,300,0,32,0,0,1
gauge,43,0,67,3,scan,7300,2048,0,0,0,1
gauge,43,0,68,4,scan,7100,2048,0,0,0,1
gauge,43,0,68,4,pruned,400,0,32,0,0,1
gauge,43,0,69,5,pruned,300,0,32,0,0,1
gauge,43,0,69,5,scan,7200,2048,0,0,0,1
gauge,43,0,70,6,scan,8200,2048,0,0,0,1
gauge,43,0,70,6,pruned,200,0,32,0,0,1
gauge,43,0,71,7,pruned,100,0,32,0,0,1
gauge,43,0,71,7,scan,4900,2048,0,0,0,1
gauge,43,0,72,0,scan,6900,2048,0,2048,2048,1
gauge,43,0,72,0,pruned,7000,2048,0,2048,2048,1
gauge,43,0,73,1,pruned,800,128,30,32,32,1
gauge,43,0,73,1,scan,7400,2048,0,32,32,1
gauge,43,0,74,2,scan,5000,2048,0,0,0,1
gauge,43,0,74,2,pruned,400,0,32,0,0,1
gauge,43,0,75,3,pruned,500,0,32,0,0,1
gauge,43,0,75,3,scan,7200,2048,0,0,0,1
gauge,43,0,76,4,scan,7100,2048,0,0,0,1
gauge,43,0,76,4,pruned,400,0,32,0,0,1
gauge,43,0,77,5,pruned,400,0,32,0,0,1
gauge,43,0,77,5,scan,7200,2048,0,0,0,1
gauge,43,0,78,6,scan,8200,2048,0,0,0,1
gauge,43,0,78,6,pruned,200,0,32,0,0,1
gauge,43,0,79,7,pruned,100,0,32,0,0,1
gauge,43,0,79,7,scan,4900,2048,0,0,0,1
gauge,43,0,80,0,scan,7300,2048,0,2048,2048,1
gauge,43,0,80,0,pruned,7400,2048,0,2048,2048,1
gauge,43,0,81,1,pruned,900,128,30,32,32,1
gauge,43,0,81,1,scan,5500,2048,0,32,32,1
gauge,43,0,82,2,scan,4800,2048,0,0,0,1
gauge,43,0,82,2,pruned,300,0,32,0,0,1
gauge,43,0,83,3,pruned,300,0,32,0,0,1
gauge,43,0,83,3,scan,7100,2048,0,0,0,1
gauge,43,0,84,4,scan,7100,2048,0,0,0,1
gauge,43,0,84,4,pruned,500,0,32,0,0,1
gauge,43,0,85,5,pruned,300,0,32,0,0,1
gauge,43,0,85,5,scan,7100,2048,0,0,0,1
gauge,43,0,86,6,scan,8600,2048,0,0,0,1
gauge,43,0,86,6,pruned,200,0,32,0,0,1
gauge,43,0,87,7,pruned,100,0,32,0,0,1
gauge,43,0,87,7,scan,4900,2048,0,0,0,1
gauge,43,0,88,0,scan,6800,2048,0,2048,2048,1
gauge,43,0,88,0,pruned,7000,2048,0,2048,2048,1
gauge,43,0,89,1,pruned,800,128,30,32,32,1
gauge,43,0,89,1,scan,5400,2048,0,32,32,1
gauge,43,0,90,2,scan,4800,2048,0,0,0,1
gauge,43,0,90,2,pruned,200,0,32,0,0,1
gauge,43,0,91,3,pruned,400,0,32,0,0,1
gauge,43,0,91,3,scan,7200,2048,0,0,0,1
gauge,43,0,92,4,scan,7200,2048,0,0,0,1
gauge,43,0,92,4,pruned,500,0,32,0,0,1
gauge,43,0,93,5,pruned,300,0,32,0,0,1
gauge,43,0,93,5,scan,7300,2048,0,0,0,1
gauge,43,0,94,6,scan,8200,2048,0,0,0,1
gauge,43,0,94,6,pruned,100,0,32,0,0,1
gauge,43,0,95,7,pruned,100,0,32,0,0,1
gauge,43,0,95,7,scan,4900,2048,0,0,0,1
gauge,43,0,96,0,scan,6800,2048,0,2048,2048,1
gauge,43,0,96,0,pruned,7000,2048,0,2048,2048,1
gauge,43,0,97,1,pruned,800,128,30,32,32,1
gauge,43,0,97,1,scan,5600,2048,0,32,32,1
gauge,43,0,98,2,scan,4800,2048,0,0,0,1
gauge,43,0,98,2,pruned,300,0,32,0,0,1
gauge,43,0,99,3,pruned,400,0,32,0,0,1
gauge,43,0,99,3,scan,7200,2048,0,0,0,1
gauge,43,0,100,4,scan,7000,2048,0,0,0,1
gauge,43,0,100,4,pruned,500,0,32,0,0,1
gauge,43,0,101,5,pruned,300,0,32,0,0,1
gauge,43,0,101,5,scan,7200,2048,0,0,0,1
gauge,43,0,102,6,scan,8100,2048,0,0,0,1
gauge,43,0,102,6,pruned,200,0,32,0,0,1
gauge,43,0,103,7,pruned,100,0,32,0,0,1
gauge,43,0,103,7,scan,4900,2048,0,0,0,1
gauge,43,0,104,0,scan,6800,2048,0,2048,2048,1
gauge,43,0,104,0,pruned,7000,2048,0,2048,2048,1
gauge,43,0,105,1,pruned,700,128,30,32,32,1
gauge,43,0,105,1,scan,5400,2048,0,32,32,1
gauge,43,0,106,2,scan,4800,2048,0,0,0,1
gauge,43,0,106,2,pruned,200,0,32,0,0,1
gauge,43,0,107,3,pruned,300,0,32,0,0,1
gauge,43,0,107,3,scan,7100,2048,0,0,0,1
gauge,43,0,108,4,scan,7100,2048,0,0,0,1
gauge,43,0,108,4,pruned,400,0,32,0,0,1
gauge,43,0,109,5,pruned,300,0,32,0,0,1
gauge,43,0,109,5,scan,7100,2048,0,0,0,1
gauge,43,0,110,6,scan,8100,2048,0,0,0,1
gauge,43,0,110,6,pruned,200,0,32,0,0,1
gauge,43,0,111,7,pruned,0,0,32,0,0,1
gauge,43,0,111,7,scan,4800,2048,0,0,0,1
gauge,43,0,112,0,scan,6900,2048,0,2048,2048,1
gauge,43,0,112,0,pruned,7000,2048,0,2048,2048,1
gauge,43,0,113,1,pruned,700,128,30,32,32,1
gauge,43,0,113,1,scan,5600,2048,0,32,32,1
gauge,43,0,114,2,scan,4700,2048,0,0,0,1
gauge,43,0,114,2,pruned,200,0,32,0,0,1
gauge,43,0,115,3,pruned,400,0,32,0,0,1
gauge,43,0,115,3,scan,7100,2048,0,0,0,1
gauge,43,0,116,4,scan,7100,2048,0,0,0,1
gauge,43,0,116,4,pruned,400,0,32,0,0,1
gauge,43,0,117,5,pruned,300,0,32,0,0,1
gauge,43,0,117,5,scan,7100,2048,0,0,0,1
gauge,43,0,118,6,scan,8200,2048,0,0,0,1
gauge,43,0,118,6,pruned,200,0,32,0,0,1
gauge,43,0,119,7,pruned,100,0,32,0,0,1
gauge,43,0,119,7,scan,4800,2048,0,0,0,1
gauge,43,0,120,0,scan,6900,2048,0,2048,2048,1
gauge,43,0,120,0,pruned,7100,2048,0,2048,2048,1
gauge,43,0,121,1,pruned,700,128,30,32,32,1
gauge,43,0,121,1,scan,5600,2048,0,32,32,1
gauge,43,0,122,2,scan,4800,2048,0,0,0,1
gauge,43,0,122,2,pruned,200,0,32,0,0,1
gauge,43,0,123,3,pruned,300,0,32,0,0,1
gauge,43,0,123,3,scan,7100,2048,0,0,0,1
gauge,43,0,124,4,scan,7100,2048,0,0,0,1
gauge,43,0,124,4,pruned,500,0,32,0,0,1
gauge,43,0,125,5,pruned,300,0,32,0,0,1
gauge,43,0,125,5,scan,7200,2048,0,0,0,1
gauge,43,0,126,6,scan,8100,2048,0,0,0,1
gauge,43,0,126,6,pruned,200,0,32,0,0,1
gauge,43,0,127,7,pruned,0,0,32,0,0,1
gauge,43,0,127,7,scan,4900,2048,0,0,0,1
gauge,43,1,0,0,pruned,7100,2048,0,2048,2048,1
gauge,43,1,0,0,scan,7100,2048,0,2048,2048,1
gauge,43,1,1,1,scan,5500,2048,0,32,32,1
gauge,43,1,1,1,pruned,500,64,31,32,32,1
gauge,43,1,2,2,pruned,10900,2048,0,505,505,1
gauge,43,1,2,2,scan,10400,2048,0,505,505,1
gauge,43,1,3,3,scan,7200,2048,0,0,0,1
gauge,43,1,3,3,pruned,400,0,32,0,0,1
gauge,43,1,4,4,pruned,300,0,32,0,0,1
gauge,43,1,4,4,scan,7200,2048,0,0,0,1
gauge,43,1,5,5,scan,7100,2048,0,0,0,1
gauge,43,1,5,5,pruned,400,0,32,0,0,1
gauge,43,1,6,6,pruned,100,0,32,0,0,1
gauge,43,1,6,6,scan,8200,2048,0,0,0,1
gauge,43,1,7,7,scan,4900,2048,0,0,0,1
gauge,43,1,7,7,pruned,100,0,32,0,0,1
gauge,43,1,8,0,pruned,7000,2048,0,2048,2048,1
gauge,43,1,8,0,scan,7000,2048,0,2048,2048,1
gauge,43,1,9,1,scan,5600,2048,0,32,32,1
gauge,43,1,9,1,pruned,800,128,30,32,32,1
gauge,43,1,10,2,pruned,11200,2048,0,540,540,1
gauge,43,1,10,2,scan,11000,2048,0,540,540,1
gauge,43,1,11,3,scan,7200,2048,0,0,0,1
gauge,43,1,11,3,pruned,400,0,32,0,0,1
gauge,43,1,12,4,pruned,300,0,32,0,0,1
gauge,43,1,12,4,scan,7100,2048,0,0,0,1
gauge,43,1,13,5,scan,7000,2048,0,0,0,1
gauge,43,1,13,5,pruned,400,0,32,0,0,1
gauge,43,1,14,6,pruned,200,0,32,0,0,1
gauge,43,1,14,6,scan,8100,2048,0,0,0,1
gauge,43,1,15,7,scan,4800,2048,0,0,0,1
gauge,43,1,15,7,pruned,100,0,32,0,0,1
gauge,43,1,16,0,pruned,6900,2048,0,2048,2048,1
gauge,43,1,16,0,scan,6800,2048,0,2048,2048,1
gauge,43,1,17,1,scan,5500,2048,0,32,32,1
gauge,43,1,17,1,pruned,900,128,30,32,32,1
gauge,43,1,18,2,pruned,10900,2048,0,500,500,1
gauge,43,1,18,2,scan,10600,2048,0,500,500,1
gauge,43,1,19,3,scan,7200,2048,0,0,0,1
gauge,43,1,19,3,pruned,400,0,32,0,0,1
gauge,43,1,20,4,pruned,400,0,32,0,0,1
gauge,43,1,20,4,scan,7300,2048,0,0,0,1
gauge,43,1,21,5,scan,7000,2048,0,0,0,1
gauge,43,1,21,5,pruned,400,0,32,0,0,1
gauge,43,1,22,6,pruned,200,0,32,0,0,1
gauge,43,1,22,6,scan,8200,2048,0,0,0,1
gauge,43,1,23,7,scan,4800,2048,0,0,0,1
gauge,43,1,23,7,pruned,100,0,32,0,0,1
gauge,43,1,24,0,pruned,7100,2048,0,2048,2048,1
gauge,43,1,24,0,scan,7000,2048,0,2048,2048,1
gauge,43,1,25,1,scan,5500,2048,0,32,32,1
gauge,43,1,25,1,pruned,700,128,30,32,32,1
gauge,43,1,26,2,pruned,10900,2048,0,503,503,1
gauge,43,1,26,2,scan,10500,2048,0,503,503,1
gauge,43,1,27,3,scan,7300,2048,0,0,0,1
gauge,43,1,27,3,pruned,400,0,32,0,0,1
gauge,43,1,28,4,pruned,300,0,32,0,0,1
gauge,43,1,28,4,scan,7300,2048,0,0,0,1
gauge,43,1,29,5,scan,7100,2048,0,0,0,1
gauge,43,1,29,5,pruned,400,0,32,0,0,1
gauge,43,1,30,6,pruned,200,0,32,0,0,1
gauge,43,1,30,6,scan,8200,2048,0,0,0,1
gauge,43,1,31,7,scan,4800,2048,0,0,0,1
gauge,43,1,31,7,pruned,100,0,32,0,0,1
gauge,43,1,32,0,pruned,7000,2048,0,2048,2048,1
gauge,43,1,32,0,scan,6800,2048,0,2048,2048,1
gauge,43,1,33,1,scan,5500,2048,0,32,32,1
gauge,43,1,33,1,pruned,800,128,30,32,32,1
gauge,43,1,34,2,pruned,200,0,32,0,0,1
gauge,43,1,34,2,scan,4800,2048,0,0,0,1
gauge,43,1,35,3,scan,7000,2048,0,0,0,1
gauge,43,1,35,3,pruned,400,0,32,0,0,1
gauge,43,1,36,4,pruned,400,0,32,0,0,1
gauge,43,1,36,4,scan,7200,2048,0,0,0,1
gauge,43,1,37,5,scan,7100,2048,0,0,0,1
gauge,43,1,37,5,pruned,500,0,32,0,0,1
gauge,43,1,38,6,pruned,200,0,32,0,0,1
gauge,43,1,38,6,scan,8200,2048,0,0,0,1
gauge,43,1,39,7,scan,4800,2048,0,0,0,1
gauge,43,1,39,7,pruned,100,0,32,0,0,1
gauge,43,1,40,0,pruned,6900,2048,0,2048,2048,1
gauge,43,1,40,0,scan,7000,2048,0,2048,2048,1
gauge,43,1,41,1,scan,5600,2048,0,32,32,1
gauge,43,1,41,1,pruned,700,128,30,32,32,1
gauge,43,1,42,2,pruned,200,0,32,0,0,1
gauge,43,1,42,2,scan,4800,2048,0,0,0,1
gauge,43,1,43,3,scan,7600,2048,0,0,0,1
gauge,43,1,43,3,pruned,400,0,32,0,0,1
gauge,43,1,44,4,pruned,400,0,32,0,0,1
gauge,43,1,44,4,scan,7300,2048,0,0,0,1
gauge,43,1,45,5,scan,7000,2048,0,0,0,1
gauge,43,1,45,5,pruned,400,0,32,0,0,1
gauge,43,1,46,6,pruned,100,0,32,0,0,1
gauge,43,1,46,6,scan,8200,2048,0,0,0,1
gauge,43,1,47,7,scan,4800,2048,0,0,0,1
gauge,43,1,47,7,pruned,200,0,32,0,0,1
gauge,43,1,48,0,pruned,9400,2048,0,2048,2048,1
gauge,43,1,48,0,scan,7300,2048,0,2048,2048,1
gauge,43,1,49,1,scan,5700,2048,0,32,32,1
gauge,43,1,49,1,pruned,800,128,30,32,32,1
gauge,43,1,50,2,pruned,200,0,32,0,0,1
gauge,43,1,50,2,scan,5000,2048,0,0,0,1
gauge,43,1,51,3,scan,7100,2048,0,0,0,1
gauge,43,1,51,3,pruned,500,0,32,0,0,1
gauge,43,1,52,4,pruned,300,0,32,0,0,1
gauge,43,1,52,4,scan,24900,2048,0,0,0,1
gauge,43,1,53,5,scan,7500,2048,0,0,0,1
gauge,43,1,53,5,pruned,500,0,32,0,0,1
gauge,43,1,54,6,pruned,200,0,32,0,0,1
gauge,43,1,54,6,scan,8200,2048,0,0,0,1
gauge,43,1,55,7,scan,5000,2048,0,0,0,1
gauge,43,1,55,7,pruned,100,0,32,0,0,1
gauge,43,1,56,0,pruned,8300,2048,0,2048,2048,1
gauge,43,1,56,0,scan,7200,2048,0,2048,2048,1
gauge,43,1,57,1,scan,5700,2048,0,32,32,1
gauge,43,1,57,1,pruned,700,128,30,32,32,1
gauge,43,1,58,2,pruned,200,0,32,0,0,1
gauge,43,1,58,2,scan,4900,2048,0,0,0,1
gauge,43,1,59,3,scan,7100,2048,0,0,0,1
gauge,43,1,59,3,pruned,400,0,32,0,0,1
gauge,43,1,60,4,pruned,400,0,32,0,0,1
gauge,43,1,60,4,scan,7300,2048,0,0,0,1
gauge,43,1,61,5,scan,7000,2048,0,0,0,1
gauge,43,1,61,5,pruned,400,0,32,0,0,1
gauge,43,1,62,6,pruned,100,0,32,0,0,1
gauge,43,1,62,6,scan,8200,2048,0,0,0,1
gauge,43,1,63,7,scan,4800,2048,0,0,0,1
gauge,43,1,63,7,pruned,100,0,32,0,0,1
gauge,43,1,64,0,pruned,6900,2048,0,2048,2048,1
gauge,43,1,64,0,scan,7000,2048,0,2048,2048,1
gauge,43,1,65,1,scan,5700,2048,0,32,32,1
gauge,43,1,65,1,pruned,700,128,30,32,32,1
gauge,43,1,66,2,pruned,200,0,32,0,0,1
gauge,43,1,66,2,scan,4900,2048,0,0,0,1
gauge,43,1,67,3,scan,7100,2048,0,0,0,1
gauge,43,1,67,3,pruned,400,0,32,0,0,1
gauge,43,1,68,4,pruned,400,0,32,0,0,1
gauge,43,1,68,4,scan,7200,2048,0,0,0,1
gauge,43,1,69,5,scan,7100,2048,0,0,0,1
gauge,43,1,69,5,pruned,500,0,32,0,0,1
gauge,43,1,70,6,pruned,200,0,32,0,0,1
gauge,43,1,70,6,scan,8300,2048,0,0,0,1
gauge,43,1,71,7,scan,4900,2048,0,0,0,1
gauge,43,1,71,7,pruned,100,0,32,0,0,1
gauge,43,1,72,0,pruned,6900,2048,0,2048,2048,1
gauge,43,1,72,0,scan,7000,2048,0,2048,2048,1
gauge,43,1,73,1,scan,5600,2048,0,32,32,1
gauge,43,1,73,1,pruned,700,128,30,32,32,1
gauge,43,1,74,2,pruned,200,0,32,0,0,1
gauge,43,1,74,2,scan,4800,2048,0,0,0,1
gauge,43,1,75,3,scan,7200,2048,0,0,0,1
gauge,43,1,75,3,pruned,400,0,32,0,0,1
gauge,43,1,76,4,pruned,300,0,32,0,0,1
gauge,43,1,76,4,scan,7200,2048,0,0,0,1
gauge,43,1,77,5,scan,7000,2048,0,0,0,1
gauge,43,1,77,5,pruned,400,0,32,0,0,1
gauge,43,1,78,6,pruned,100,0,32,0,0,1
gauge,43,1,78,6,scan,8200,2048,0,0,0,1
gauge,43,1,79,7,scan,4900,2048,0,0,0,1
gauge,43,1,79,7,pruned,100,0,32,0,0,1
gauge,43,1,80,0,pruned,7000,2048,0,2048,2048,1
gauge,43,1,80,0,scan,6900,2048,0,2048,2048,1
gauge,43,1,81,1,scan,5500,2048,0,32,32,1
gauge,43,1,81,1,pruned,700,128,30,32,32,1
gauge,43,1,82,2,pruned,200,0,32,0,0,1
gauge,43,1,82,2,scan,4800,2048,0,0,0,1
gauge,43,1,83,3,scan,7800,2048,0,0,0,1
gauge,43,1,83,3,pruned,400,0,32,0,0,1
gauge,43,1,84,4,pruned,400,0,32,0,0,1
gauge,43,1,84,4,scan,7200,2048,0,0,0,1
gauge,43,1,85,5,scan,7200,2048,0,0,0,1
gauge,43,1,85,5,pruned,500,0,32,0,0,1
gauge,43,1,86,6,pruned,200,0,32,0,0,1
gauge,43,1,86,6,scan,8300,2048,0,0,0,1
gauge,43,1,87,7,scan,4900,2048,0,0,0,1
gauge,43,1,87,7,pruned,0,0,32,0,0,1
gauge,43,1,88,0,pruned,6900,2048,0,2048,2048,1
gauge,43,1,88,0,scan,6900,2048,0,2048,2048,1
gauge,43,1,89,1,scan,5600,2048,0,32,32,1
gauge,43,1,89,1,pruned,700,128,30,32,32,1
gauge,43,1,90,2,pruned,200,0,32,0,0,1
gauge,43,1,90,2,scan,4900,2048,0,0,0,1
gauge,43,1,91,3,scan,7100,2048,0,0,0,1
gauge,43,1,91,3,pruned,400,0,32,0,0,1
gauge,43,1,92,4,pruned,300,0,32,0,0,1
gauge,43,1,92,4,scan,7100,2048,0,0,0,1
gauge,43,1,93,5,scan,7100,2048,0,0,0,1
gauge,43,1,93,5,pruned,400,0,32,0,0,1
gauge,43,1,94,6,pruned,200,0,32,0,0,1
gauge,43,1,94,6,scan,8200,2048,0,0,0,1
gauge,43,1,95,7,scan,4800,2048,0,0,0,1
gauge,43,1,95,7,pruned,100,0,32,0,0,1
gauge,43,1,96,0,pruned,7000,2048,0,2048,2048,1
gauge,43,1,96,0,scan,6900,2048,0,2048,2048,1
gauge,43,1,97,1,scan,5600,2048,0,32,32,1
gauge,43,1,97,1,pruned,600,128,30,32,32,1
gauge,43,1,98,2,pruned,200,0,32,0,0,1
gauge,43,1,98,2,scan,4900,2048,0,0,0,1
gauge,43,1,99,3,scan,7100,2048,0,0,0,1
gauge,43,1,99,3,pruned,400,0,32,0,0,1
gauge,43,1,100,4,pruned,300,0,32,0,0,1
gauge,43,1,100,4,scan,7200,2048,0,0,0,1
gauge,43,1,101,5,scan,7000,2048,0,0,0,1
gauge,43,1,101,5,pruned,500,0,32,0,0,1
gauge,43,1,102,6,pruned,200,0,32,0,0,1
gauge,43,1,102,6,scan,8300,2048,0,0,0,1
gauge,43,1,103,7,scan,4900,2048,0,0,0,1
gauge,43,1,103,7,pruned,100,0,32,0,0,1
gauge,43,1,104,0,pruned,7000,2048,0,2048,2048,1
gauge,43,1,104,0,scan,6900,2048,0,2048,2048,1
gauge,43,1,105,1,scan,5500,2048,0,32,32,1
gauge,43,1,105,1,pruned,600,128,30,32,32,1
gauge,43,1,106,2,pruned,200,0,32,0,0,1
gauge,43,1,106,2,scan,4800,2048,0,0,0,1
gauge,43,1,107,3,scan,7100,2048,0,0,0,1
gauge,43,1,107,3,pruned,400,0,32,0,0,1
gauge,43,1,108,4,pruned,300,0,32,0,0,1
gauge,43,1,108,4,scan,7100,2048,0,0,0,1
gauge,43,1,109,5,scan,7100,2048,0,0,0,1
gauge,43,1,109,5,pruned,400,0,32,0,0,1
gauge,43,1,110,6,pruned,100,0,32,0,0,1
gauge,43,1,110,6,scan,8200,2048,0,0,0,1
gauge,43,1,111,7,scan,4800,2048,0,0,0,1
gauge,43,1,111,7,pruned,100,0,32,0,0,1
gauge,43,1,112,0,pruned,7000,2048,0,2048,2048,1
gauge,43,1,112,0,scan,6900,2048,0,2048,2048,1
gauge,43,1,113,1,scan,5600,2048,0,32,32,1
gauge,43,1,113,1,pruned,700,128,30,32,32,1
gauge,43,1,114,2,pruned,200,0,32,0,0,1
gauge,43,1,114,2,scan,4900,2048,0,0,0,1
gauge,43,1,115,3,scan,7100,2048,0,0,0,1
gauge,43,1,115,3,pruned,400,0,32,0,0,1
gauge,43,1,116,4,pruned,400,0,32,0,0,1
gauge,43,1,116,4,scan,7200,2048,0,0,0,1
gauge,43,1,117,5,scan,7000,2048,0,0,0,1
gauge,43,1,117,5,pruned,400,0,32,0,0,1
gauge,43,1,118,6,pruned,100,0,32,0,0,1
gauge,43,1,118,6,scan,8200,2048,0,0,0,1
gauge,43,1,119,7,scan,4900,2048,0,0,0,1
gauge,43,1,119,7,pruned,100,0,32,0,0,1
gauge,43,1,120,0,pruned,6900,2048,0,2048,2048,1
gauge,43,1,120,0,scan,6900,2048,0,2048,2048,1
gauge,43,1,121,1,scan,5500,2048,0,32,32,1
gauge,43,1,121,1,pruned,700,128,30,32,32,1
gauge,43,1,122,2,pruned,200,0,32,0,0,1
gauge,43,1,122,2,scan,4900,2048,0,0,0,1
gauge,43,1,123,3,scan,7000,2048,0,0,0,1
gauge,43,1,123,3,pruned,400,0,32,0,0,1
gauge,43,1,124,4,pruned,400,0,32,0,0,1
gauge,43,1,124,4,scan,7200,2048,0,0,0,1
gauge,43,1,125,5,scan,7200,2048,0,0,0,1
gauge,43,1,125,5,pruned,400,0,32,0,0,1
gauge,43,1,126,6,pruned,100,0,32,0,0,1
gauge,43,1,126,6,scan,8200,2048,0,0,0,1
gauge,43,1,127,7,scan,4800,2048,0,0,0,1
gauge,43,1,127,7,pruned,100,0,32,0,0,1
gauge,43,2,0,0,scan,6900,2048,0,2048,2048,1
gauge,43,2,0,0,pruned,7100,2048,0,2048,2048,1
gauge,43,2,1,1,pruned,600,64,31,32,32,1
gauge,43,2,1,1,scan,5400,2048,0,32,32,1
gauge,43,2,2,2,scan,10700,2048,0,505,505,1
gauge,43,2,2,2,pruned,10600,2048,0,505,505,1
gauge,43,2,3,3,pruned,400,0,32,0,0,1
gauge,43,2,3,3,scan,7200,2048,0,0,0,1
gauge,43,2,4,4,scan,7100,2048,0,0,0,1
gauge,43,2,4,4,pruned,400,0,32,0,0,1
gauge,43,2,5,5,pruned,300,0,32,0,0,1
gauge,43,2,5,5,scan,7200,2048,0,0,0,1
gauge,43,2,6,6,scan,8200,2048,0,0,0,1
gauge,43,2,6,6,pruned,300,0,32,0,0,1
gauge,43,2,7,7,pruned,100,0,32,0,0,1
gauge,43,2,7,7,scan,4900,2048,0,0,0,1
gauge,43,2,8,0,scan,6800,2048,0,2048,2048,1
gauge,43,2,8,0,pruned,7000,2048,0,2048,2048,1
gauge,43,2,9,1,pruned,900,128,30,32,32,1
gauge,43,2,9,1,scan,5400,2048,0,32,32,1
gauge,43,2,10,2,scan,11000,2048,0,540,540,1
gauge,43,2,10,2,pruned,10800,2048,0,540,540,1
gauge,43,2,11,3,pruned,400,0,32,0,0,1
gauge,43,2,11,3,scan,7200,2048,0,0,0,1
gauge,43,2,12,4,scan,7100,2048,0,0,0,1
gauge,43,2,12,4,pruned,400,0,32,0,0,1
gauge,43,2,13,5,pruned,300,0,32,0,0,1
gauge,43,2,13,5,scan,7100,2048,0,0,0,1
gauge,43,2,14,6,scan,8100,2048,0,0,0,1
gauge,43,2,14,6,pruned,200,0,32,0,0,1
gauge,43,2,15,7,pruned,100,0,32,0,0,1
gauge,43,2,15,7,scan,4900,2048,0,0,0,1
gauge,43,2,16,0,scan,6800,2048,0,2048,2048,1
gauge,43,2,16,0,pruned,7100,2048,0,2048,2048,1
gauge,43,2,17,1,pruned,900,128,30,32,32,1
gauge,43,2,17,1,scan,5400,2048,0,32,32,1
gauge,43,2,18,2,scan,10600,2048,0,500,500,1
gauge,43,2,18,2,pruned,10400,2048,0,500,500,1
gauge,43,2,19,3,pruned,400,0,32,0,0,1
gauge,43,2,19,3,scan,7200,2048,0,0,0,1
gauge,43,2,20,4,scan,7000,2048,0,0,0,1
gauge,43,2,20,4,pruned,400,0,32,0,0,1
gauge,43,2,21,5,pruned,600,0,32,0,0,1
gauge,43,2,21,5,scan,8000,2048,0,0,0,1
gauge,43,2,22,6,scan,8200,2048,0,0,0,1
gauge,43,2,22,6,pruned,300,0,32,0,0,1
gauge,43,2,23,7,pruned,100,0,32,0,0,1
gauge,43,2,23,7,scan,5000,2048,0,0,0,1
gauge,43,2,24,0,scan,8200,2048,0,2048,2048,1
gauge,43,2,24,0,pruned,7400,2048,0,2048,2048,1
gauge,43,2,25,1,pruned,900,128,30,32,32,1
gauge,43,2,25,1,scan,5400,2048,0,32,32,1
gauge,43,2,26,2,scan,10700,2048,0,503,503,1
gauge,43,2,26,2,pruned,10700,2048,0,503,503,1
gauge,43,2,27,3,pruned,400,0,32,0,0,1
gauge,43,2,27,3,scan,7300,2048,0,0,0,1
gauge,43,2,28,4,scan,7100,2048,0,0,0,1
gauge,43,2,28,4,pruned,500,0,32,0,0,1
gauge,43,2,29,5,pruned,400,0,32,0,0,1
gauge,43,2,29,5,scan,7200,2048,0,0,0,1
gauge,43,2,30,6,scan,8000,2048,0,0,0,1
gauge,43,2,30,6,pruned,300,0,32,0,0,1
gauge,43,2,31,7,pruned,100,0,32,0,0,1
gauge,43,2,31,7,scan,4900,2048,0,0,0,1
gauge,43,2,32,0,scan,7000,2048,0,2048,2048,1
gauge,43,2,32,0,pruned,7100,2048,0,2048,2048,1
gauge,43,2,33,1,pruned,1000,128,30,32,32,1
gauge,43,2,33,1,scan,5500,2048,0,32,32,1
gauge,43,2,34,2,scan,4800,2048,0,0,0,1
gauge,43,2,34,2,pruned,300,0,32,0,0,1
gauge,43,2,35,3,pruned,300,0,32,0,0,1
gauge,43,2,35,3,scan,7100,2048,0,0,0,1
gauge,43,2,36,4,scan,7100,2048,0,0,0,1
gauge,43,2,36,4,pruned,400,0,32,0,0,1
gauge,43,2,37,5,pruned,400,0,32,0,0,1
gauge,43,2,37,5,scan,7100,2048,0,0,0,1
gauge,43,2,38,6,scan,8000,2048,0,0,0,1
gauge,43,2,38,6,pruned,200,0,32,0,0,1
gauge,43,2,39,7,pruned,100,0,32,0,0,1
gauge,43,2,39,7,scan,4900,2048,0,0,0,1
gauge,43,2,40,0,scan,6900,2048,0,2048,2048,1
gauge,43,2,40,0,pruned,7100,2048,0,2048,2048,1
gauge,43,2,41,1,pruned,900,128,30,32,32,1
gauge,43,2,41,1,scan,5600,2048,0,32,32,1
gauge,43,2,42,2,scan,4700,2048,0,0,0,1
gauge,43,2,42,2,pruned,300,0,32,0,0,1
gauge,43,2,43,3,pruned,300,0,32,0,0,1
gauge,43,2,43,3,scan,7100,2048,0,0,0,1
gauge,43,2,44,4,scan,7100,2048,0,0,0,1
gauge,43,2,44,4,pruned,400,0,32,0,0,1
gauge,43,2,45,5,pruned,300,0,32,0,0,1
gauge,43,2,45,5,scan,7100,2048,0,0,0,1
gauge,43,2,46,6,scan,8100,2048,0,0,0,1
gauge,43,2,46,6,pruned,200,0,32,0,0,1
gauge,43,2,47,7,pruned,100,0,32,0,0,1
gauge,43,2,47,7,scan,4900,2048,0,0,0,1
gauge,43,2,48,0,scan,6700,2048,0,2048,2048,1
gauge,43,2,48,0,pruned,7000,2048,0,2048,2048,1
gauge,43,2,49,1,pruned,800,128,30,32,32,1
gauge,43,2,49,1,scan,5500,2048,0,32,32,1
gauge,43,2,50,2,scan,4800,2048,0,0,0,1
gauge,43,2,50,2,pruned,200,0,32,0,0,1
gauge,43,2,51,3,pruned,400,0,32,0,0,1
gauge,43,2,51,3,scan,7000,2048,0,0,0,1
gauge,43,2,52,4,scan,7000,2048,0,0,0,1
gauge,43,2,52,4,pruned,400,0,32,0,0,1
gauge,43,2,53,5,pruned,400,0,32,0,0,1
gauge,43,2,53,5,scan,7200,2048,0,0,0,1
gauge,43,2,54,6,scan,8100,2048,0,0,0,1
gauge,43,2,54,6,pruned,300,0,32,0,0,1
gauge,43,2,55,7,pruned,100,0,32,0,0,1
gauge,43,2,55,7,scan,4800,2048,0,0,0,1
gauge,43,2,56,0,scan,6700,2048,0,2048,2048,1
gauge,43,2,56,0,pruned,7100,2048,0,2048,2048,1
gauge,43,2,57,1,pruned,800,128,30,32,32,1
gauge,43,2,57,1,scan,5500,2048,0,32,32,1
gauge,43,2,58,2,scan,4700,2048,0,0,0,1
gauge,43,2,58,2,pruned,300,0,32,0,0,1
gauge,43,2,59,3,pruned,400,0,32,0,0,1
gauge,43,2,59,3,scan,7200,2048,0,0,0,1
gauge,43,2,60,4,scan,7000,2048,0,0,0,1
gauge,43,2,60,4,pruned,400,0,32,0,0,1
gauge,43,2,61,5,pruned,400,0,32,0,0,1
gauge,43,2,61,5,scan,7100,2048,0,0,0,1
gauge,43,2,62,6,scan,8100,2048,0,0,0,1
gauge,43,2,62,6,pruned,200,0,32,0,0,1
gauge,43,2,63,7,pruned,100,0,32,0,0,1
gauge,43,2,63,7,scan,4900,2048,0,0,0,1
gauge,43,2,64,0,scan,6700,2048,0,2048,2048,1
gauge,43,2,64,0,pruned,7000,2048,0,2048,2048,1
gauge,43,2,65,1,pruned,800,128,30,32,32,1
gauge,43,2,65,1,scan,5500,2048,0,32,32,1
gauge,43,2,66,2,scan,4700,2048,0,0,0,1
gauge,43,2,66,2,pruned,300,0,32,0,0,1
gauge,43,2,67,3,pruned,400,0,32,0,0,1
gauge,43,2,67,3,scan,7100,2048,0,0,0,1
gauge,43,2,68,4,scan,7100,2048,0,0,0,1
gauge,43,2,68,4,pruned,400,0,32,0,0,1
gauge,43,2,69,5,pruned,300,0,32,0,0,1
gauge,43,2,69,5,scan,7100,2048,0,0,0,1
gauge,43,2,70,6,scan,8100,2048,0,0,0,1
gauge,43,2,70,6,pruned,300,0,32,0,0,1
gauge,43,2,71,7,pruned,100,0,32,0,0,1
gauge,43,2,71,7,scan,4800,2048,0,0,0,1
gauge,43,2,72,0,scan,6900,2048,0,2048,2048,1
gauge,43,2,72,0,pruned,7000,2048,0,2048,2048,1
gauge,43,2,73,1,pruned,700,128,30,32,32,1
gauge,43,2,73,1,scan,5400,2048,0,32,32,1
gauge,43,2,74,2,scan,4700,2048,0,0,0,1
gauge,43,2,74,2,pruned,200,0,32,0,0,1
gauge,43,2,75,3,pruned,400,0,32,0,0,1
gauge,43,2,75,3,scan,7100,2048,0,0,0,1
gauge,43,2,76,4,scan,7100,2048,0,0,0,1
gauge,43,2,76,4,pruned,500,0,32,0,0,1
gauge,43,2,77,5,pruned,400,0,32,0,0,1
gauge,43,2,77,5,scan,7200,2048,0,0,0,1
gauge,43,2,78,6,scan,8000,2048,0,0,0,1
gauge,43,2,78,6,pruned,200,0,32,0,0,1
gauge,43,2,79,7,pruned,0,0,32,0,0,1
gauge,43,2,79,7,scan,4800,2048,0,0,0,1
gauge,43,2,80,0,scan,6800,2048,0,2048,2048,1
gauge,43,2,80,0,pruned,7000,2048,0,2048,2048,1
gauge,43,2,81,1,pruned,700,128,30,32,32,1
gauge,43,2,81,1,scan,5500,2048,0,32,32,1
gauge,43,2,82,2,scan,4700,2048,0,0,0,1
gauge,43,2,82,2,pruned,300,0,32,0,0,1
gauge,43,2,83,3,pruned,400,0,32,0,0,1
gauge,43,2,83,3,scan,7100,2048,0,0,0,1
gauge,43,2,84,4,scan,7200,2048,0,0,0,1
gauge,43,2,84,4,pruned,500,0,32,0,0,1
gauge,43,2,85,5,pruned,300,0,32,0,0,1
gauge,43,2,85,5,scan,7100,2048,0,0,0,1
gauge,43,2,86,6,scan,8100,2048,0,0,0,1
gauge,43,2,86,6,pruned,200,0,32,0,0,1
gauge,43,2,87,7,pruned,100,0,32,0,0,1
gauge,43,2,87,7,scan,4900,2048,0,0,0,1
gauge,43,2,88,0,scan,6900,2048,0,2048,2048,1
gauge,43,2,88,0,pruned,7000,2048,0,2048,2048,1
gauge,43,2,89,1,pruned,700,128,30,32,32,1
gauge,43,2,89,1,scan,5500,2048,0,32,32,1
gauge,43,2,90,2,scan,4800,2048,0,0,0,1
gauge,43,2,90,2,pruned,300,0,32,0,0,1
gauge,43,2,91,3,pruned,300,0,32,0,0,1
gauge,43,2,91,3,scan,7200,2048,0,0,0,1
gauge,43,2,92,4,scan,7100,2048,0,0,0,1
gauge,43,2,92,4,pruned,500,0,32,0,0,1
gauge,43,2,93,5,pruned,300,0,32,0,0,1
gauge,43,2,93,5,scan,7100,2048,0,0,0,1
gauge,43,2,94,6,scan,8100,2048,0,0,0,1
gauge,43,2,94,6,pruned,200,0,32,0,0,1
gauge,43,2,95,7,pruned,100,0,32,0,0,1
gauge,43,2,95,7,scan,4900,2048,0,0,0,1
gauge,43,2,96,0,scan,6900,2048,0,2048,2048,1
gauge,43,2,96,0,pruned,7000,2048,0,2048,2048,1
gauge,43,2,97,1,pruned,700,128,30,32,32,1
gauge,43,2,97,1,scan,5600,2048,0,32,32,1
gauge,43,2,98,2,scan,4800,2048,0,0,0,1
gauge,43,2,98,2,pruned,300,0,32,0,0,1
gauge,43,2,99,3,pruned,400,0,32,0,0,1
gauge,43,2,99,3,scan,7100,2048,0,0,0,1
gauge,43,2,100,4,scan,19800,2048,0,0,0,1
gauge,43,2,100,4,pruned,400,0,32,0,0,1
gauge,43,2,101,5,pruned,400,0,32,0,0,1
gauge,43,2,101,5,scan,7600,2048,0,0,0,1
gauge,43,2,102,6,scan,8200,2048,0,0,0,1
gauge,43,2,102,6,pruned,200,0,32,0,0,1
gauge,43,2,103,7,pruned,100,0,32,0,0,1
gauge,43,2,103,7,scan,4900,2048,0,0,0,1
gauge,43,2,104,0,scan,6900,2048,0,2048,2048,1
gauge,43,2,104,0,pruned,7100,2048,0,2048,2048,1
gauge,43,2,105,1,pruned,700,128,30,32,32,1
gauge,43,2,105,1,scan,5500,2048,0,32,32,1
gauge,43,2,106,2,scan,4800,2048,0,0,0,1
gauge,43,2,106,2,pruned,300,0,32,0,0,1
gauge,43,2,107,3,pruned,400,0,32,0,0,1
gauge,43,2,107,3,scan,7100,2048,0,0,0,1
gauge,43,2,108,4,scan,7100,2048,0,0,0,1
gauge,43,2,108,4,pruned,400,0,32,0,0,1
gauge,43,2,109,5,pruned,300,0,32,0,0,1
gauge,43,2,109,5,scan,7100,2048,0,0,0,1
gauge,43,2,110,6,scan,8100,2048,0,0,0,1
gauge,43,2,110,6,pruned,200,0,32,0,0,1
gauge,43,2,111,7,pruned,100,0,32,0,0,1
gauge,43,2,111,7,scan,4800,2048,0,0,0,1
gauge,43,2,112,0,scan,6800,2048,0,2048,2048,1
gauge,43,2,112,0,pruned,7000,2048,0,2048,2048,1
gauge,43,2,113,1,pruned,600,128,30,32,32,1
gauge,43,2,113,1,scan,5500,2048,0,32,32,1
gauge,43,2,114,2,scan,4700,2048,0,0,0,1
gauge,43,2,114,2,pruned,200,0,32,0,0,1
gauge,43,2,115,3,pruned,400,0,32,0,0,1
gauge,43,2,115,3,scan,7200,2048,0,0,0,1
gauge,43,2,116,4,scan,7000,2048,0,0,0,1
gauge,43,2,116,4,pruned,400,0,32,0,0,1
gauge,43,2,117,5,pruned,300,0,32,0,0,1
gauge,43,2,117,5,scan,7100,2048,0,0,0,1
gauge,43,2,118,6,scan,8100,2048,0,0,0,1
gauge,43,2,118,6,pruned,200,0,32,0,0,1
gauge,43,2,119,7,pruned,100,0,32,0,0,1
gauge,43,2,119,7,scan,4900,2048,0,0,0,1
gauge,43,2,120,0,scan,6800,2048,0,2048,2048,1
gauge,43,2,120,0,pruned,6900,2048,0,2048,2048,1
gauge,43,2,121,1,pruned,700,128,30,32,32,1
gauge,43,2,121,1,scan,5600,2048,0,32,32,1
gauge,43,2,122,2,scan,4800,2048,0,0,0,1
gauge,43,2,122,2,pruned,300,0,32,0,0,1
gauge,43,2,123,3,pruned,400,0,32,0,0,1
gauge,43,2,123,3,scan,8200,2048,0,0,0,1
gauge,43,2,124,4,scan,7200,2048,0,0,0,1
gauge,43,2,124,4,pruned,600,0,32,0,0,1
gauge,43,2,125,5,pruned,400,0,32,0,0,1
gauge,43,2,125,5,scan,7300,2048,0,0,0,1
gauge,43,2,126,6,scan,8100,2048,0,0,0,1
gauge,43,2,126,6,pruned,300,0,32,0,0,1
gauge,43,2,127,7,pruned,100,0,32,0,0,1
gauge,43,2,127,7,scan,5000,2048,0,0,0,1
gauge,43,3,0,0,pruned,8100,2048,0,2048,2048,1
gauge,43,3,0,0,scan,7200,2048,0,2048,2048,1
gauge,43,3,1,1,scan,5700,2048,0,32,32,1
gauge,43,3,1,1,pruned,600,64,31,32,32,1
gauge,43,3,2,2,pruned,10900,2048,0,505,505,1
gauge,43,3,2,2,scan,10300,2048,0,505,505,1
gauge,43,3,3,3,scan,7300,2048,0,0,0,1
gauge,43,3,3,3,pruned,400,0,32,0,0,1
gauge,43,3,4,4,pruned,300,0,32,0,0,1
gauge,43,3,4,4,scan,7200,2048,0,0,0,1
gauge,43,3,5,5,scan,24400,2048,0,0,0,1
gauge,43,3,5,5,pruned,500,0,32,0,0,1
gauge,43,3,6,6,pruned,300,0,32,0,0,1
gauge,43,3,6,6,scan,8700,2048,0,0,0,1
gauge,43,3,7,7,scan,5000,2048,0,0,0,1
gauge,43,3,7,7,pruned,100,0,32,0,0,1
gauge,43,3,8,0,pruned,71000,2048,0,2048,2048,1
gauge,43,3,8,0,scan,14000,2048,0,2048,2048,1
gauge,43,3,9,1,scan,6800,2048,0,32,32,1
gauge,43,3,9,1,pruned,1700,128,30,32,32,1
gauge,43,3,10,2,pruned,12200,2048,0,540,540,1
gauge,43,3,10,2,scan,11500,2048,0,540,540,1
gauge,43,3,11,3,scan,7600,2048,0,0,0,1
gauge,43,3,11,3,pruned,600,0,32,0,0,1
gauge,43,3,12,4,pruned,400,0,32,0,0,1
gauge,43,3,12,4,scan,7500,2048,0,0,0,1
gauge,43,3,13,5,scan,7300,2048,0,0,0,1
gauge,43,3,13,5,pruned,400,0,32,0,0,1
gauge,43,3,14,6,pruned,200,0,32,0,0,1
gauge,43,3,14,6,scan,8500,2048,0,0,0,1
gauge,43,3,15,7,scan,5100,2048,0,0,0,1
gauge,43,3,15,7,pruned,100,0,32,0,0,1
gauge,43,3,16,0,pruned,7500,2048,0,2048,2048,1
gauge,43,3,16,0,scan,7400,2048,0,2048,2048,1
gauge,43,3,17,1,scan,5900,2048,0,32,32,1
gauge,43,3,17,1,pruned,1000,128,30,32,32,1
gauge,43,3,18,2,pruned,11300,2048,0,500,500,1
gauge,43,3,18,2,scan,10800,2048,0,500,500,1
gauge,43,3,19,3,scan,7900,2048,0,0,0,1
gauge,43,3,19,3,pruned,400,0,32,0,0,1
gauge,43,3,20,4,pruned,400,0,32,0,0,1
gauge,43,3,20,4,scan,7500,2048,0,0,0,1
gauge,43,3,21,5,scan,7200,2048,0,0,0,1
gauge,43,3,21,5,pruned,400,0,32,0,0,1
gauge,43,3,22,6,pruned,200,0,32,0,0,1
gauge,43,3,22,6,scan,8900,2048,0,0,0,1
gauge,43,3,23,7,scan,5000,2048,0,0,0,1
gauge,43,3,23,7,pruned,0,0,32,0,0,1
gauge,43,3,24,0,pruned,7500,2048,0,2048,2048,1
gauge,43,3,24,0,scan,7200,2048,0,2048,2048,1
gauge,43,3,25,1,scan,5900,2048,0,32,32,1
gauge,43,3,25,1,pruned,900,128,30,32,32,1
gauge,43,3,26,2,pruned,10900,2048,0,503,503,1
gauge,43,3,26,2,scan,10900,2048,0,503,503,1
gauge,43,3,27,3,scan,7700,2048,0,0,0,1
gauge,43,3,27,3,pruned,400,0,32,0,0,1
gauge,43,3,28,4,pruned,300,0,32,0,0,1
gauge,43,3,28,4,scan,8100,2048,0,0,0,1
gauge,43,3,29,5,scan,7400,2048,0,0,0,1
gauge,43,3,29,5,pruned,400,0,32,0,0,1
gauge,43,3,30,6,pruned,200,0,32,0,0,1
gauge,43,3,30,6,scan,8500,2048,0,0,0,1
gauge,43,3,31,7,scan,5100,2048,0,0,0,1
gauge,43,3,31,7,pruned,100,0,32,0,0,1
gauge,43,3,32,0,pruned,7300,2048,0,2048,2048,1
gauge,43,3,32,0,scan,7200,2048,0,2048,2048,1
gauge,43,3,33,1,scan,5800,2048,0,32,32,1
gauge,43,3,33,1,pruned,900,128,30,32,32,1
gauge,43,3,34,2,pruned,300,0,32,0,0,1
gauge,43,3,34,2,scan,5200,2048,0,0,0,1
gauge,43,3,35,3,scan,7400,2048,0,0,0,1
gauge,43,3,35,3,pruned,400,0,32,0,0,1
gauge,43,3,36,4,pruned,300,0,32,0,0,1
gauge,43,3,36,4,scan,7400,2048,0,0,0,1
gauge,43,3,37,5,scan,7300,2048,0,0,0,1
gauge,43,3,37,5,pruned,400,0,32,0,0,1
gauge,43,3,38,6,pruned,200,0,32,0,0,1
gauge,43,3,38,6,scan,8300,2048,0,0,0,1
gauge,43,3,39,7,scan,5100,2048,0,0,0,1
gauge,43,3,39,7,pruned,100,0,32,0,0,1
gauge,43,3,40,0,pruned,7200,2048,0,2048,2048,1
gauge,43,3,40,0,scan,7200,2048,0,2048,2048,1
gauge,43,3,41,1,scan,5800,2048,0,32,32,1
gauge,43,3,41,1,pruned,1000,128,30,32,32,1
gauge,43,3,42,2,pruned,300,0,32,0,0,1
gauge,43,3,42,2,scan,5100,2048,0,0,0,1
gauge,43,3,43,3,scan,7400,2048,0,0,0,1
gauge,43,3,43,3,pruned,400,0,32,0,0,1
gauge,43,3,44,4,pruned,400,0,32,0,0,1
gauge,43,3,44,4,scan,7400,2048,0,0,0,1
gauge,43,3,45,5,scan,7300,2048,0,0,0,1
gauge,43,3,45,5,pruned,400,0,32,0,0,1
gauge,43,3,46,6,pruned,200,0,32,0,0,1
gauge,43,3,46,6,scan,8600,2048,0,0,0,1
gauge,43,3,47,7,scan,4900,2048,0,0,0,1
gauge,43,3,47,7,pruned,100,0,32,0,0,1
gauge,43,3,48,0,pruned,7200,2048,0,2048,2048,1
gauge,43,3,48,0,scan,7100,2048,0,2048,2048,1
gauge,43,3,49,1,scan,5800,2048,0,32,32,1
gauge,43,3,49,1,pruned,900,128,30,32,32,1
gauge,43,3,50,2,pruned,200,0,32,0,0,1
gauge,43,3,50,2,scan,5100,2048,0,0,0,1
gauge,43,3,51,3,scan,7500,2048,0,0,0,1
gauge,43,3,51,3,pruned,400,0,32,0,0,1
gauge,43,3,52,4,pruned,300,0,32,0,0,1
gauge,43,3,52,4,scan,7400,2048,0,0,0,1
gauge,43,3,53,5,scan,7300,2048,0,0,0,1
gauge,43,3,53,5,pruned,500,0,32,0,0,1
gauge,43,3,54,6,pruned,200,0,32,0,0,1
gauge,43,3,54,6,scan,8600,2048,0,0,0,1
gauge,43,3,55,7,scan,6000,2048,0,0,0,1
gauge,43,3,55,7,pruned,200,0,32,0,0,1
gauge,43,3,56,0,pruned,11900,2048,0,2048,2048,1
gauge,43,3,56,0,scan,9100,2048,0,2048,2048,1
gauge,43,3,57,1,scan,6000,2048,0,32,32,1
gauge,43,3,57,1,pruned,900,128,30,32,32,1
gauge,43,3,58,2,pruned,200,0,32,0,0,1
gauge,43,3,58,2,scan,5200,2048,0,0,0,1
gauge,43,3,59,3,scan,202500,2048,0,0,0,1
gauge,43,3,59,3,pruned,800,0,32,0,0,1
gauge,43,3,60,4,pruned,500,0,32,0,0,1
gauge,43,3,60,4,scan,11500,2048,0,0,0,1
gauge,43,3,61,5,scan,8200,2048,0,0,0,1
gauge,43,3,61,5,pruned,500,0,32,0,0,1
gauge,43,3,62,6,pruned,200,0,32,0,0,1
gauge,43,3,62,6,scan,8400,2048,0,0,0,1
gauge,43,3,63,7,scan,7700,2048,0,0,0,1
gauge,43,3,63,7,pruned,100,0,32,0,0,1
gauge,43,3,64,0,pruned,12100,2048,0,2048,2048,1
gauge,43,3,64,0,scan,7500,2048,0,2048,2048,1
gauge,43,3,65,1,scan,5900,2048,0,32,32,1
gauge,43,3,65,1,pruned,900,128,30,32,32,1
gauge,43,3,66,2,pruned,200,0,32,0,0,1
gauge,43,3,66,2,scan,5100,2048,0,0,0,1
gauge,43,3,67,3,scan,7300,2048,0,0,0,1
gauge,43,3,67,3,pruned,400,0,32,0,0,1
gauge,43,3,68,4,pruned,400,0,32,0,0,1
gauge,43,3,68,4,scan,7500,2048,0,0,0,1
gauge,43,3,69,5,scan,7300,2048,0,0,0,1
gauge,43,3,69,5,pruned,400,0,32,0,0,1
gauge,43,3,70,6,pruned,100,0,32,0,0,1
gauge,43,3,70,6,scan,8400,2048,0,0,0,1
gauge,43,3,71,7,scan,5100,2048,0,0,0,1
gauge,43,3,71,7,pruned,0,0,32,0,0,1
gauge,43,3,72,0,pruned,7200,2048,0,2048,2048,1
gauge,43,3,72,0,scan,7200,2048,0,2048,2048,1
gauge,43,3,73,1,scan,5800,2048,0,32,32,1
gauge,43,3,73,1,pruned,800,128,30,32,32,1
gauge,43,3,74,2,pruned,200,0,32,0,0,1
gauge,43,3,74,2,scan,5100,2048,0,0,0,1
gauge,43,3,75,3,scan,7300,2048,0,0,0,1
gauge,43,3,75,3,pruned,400,0,32,0,0,1
gauge,43,3,76,4,pruned,300,0,32,0,0,1
gauge,43,3,76,4,scan,7500,2048,0,0,0,1
gauge,43,3,77,5,scan,7400,2048,0,0,0,1
gauge,43,3,77,5,pruned,400,0,32,0,0,1
gauge,43,3,78,6,pruned,200,0,32,0,0,1
gauge,43,3,78,6,scan,8600,2048,0,0,0,1
gauge,43,3,79,7,scan,5000,2048,0,0,0,1
gauge,43,3,79,7,pruned,100,0,32,0,0,1
gauge,43,3,80,0,pruned,7300,2048,0,2048,2048,1
gauge,43,3,80,0,scan,7200,2048,0,2048,2048,1
gauge,43,3,81,1,scan,5700,2048,0,32,32,1
gauge,43,3,81,1,pruned,700,128,30,32,32,1
gauge,43,3,82,2,pruned,200,0,32,0,0,1
gauge,43,3,82,2,scan,5100,2048,0,0,0,1
gauge,43,3,83,3,scan,7400,2048,0,0,0,1
gauge,43,3,83,3,pruned,400,0,32,0,0,1
gauge,43,3,84,4,pruned,300,0,32,0,0,1
gauge,43,3,84,4,scan,7700,2048,0,0,0,1
gauge,43,3,85,5,scan,7400,2048,0,0,0,1
gauge,43,3,85,5,pruned,400,0,32,0,0,1
gauge,43,3,86,6,pruned,200,0,32,0,0,1
gauge,43,3,86,6,scan,8400,2048,0,0,0,1
gauge,43,3,87,7,scan,4900,2048,0,0,0,1
gauge,43,3,87,7,pruned,100,0,32,0,0,1
gauge,43,3,88,0,pruned,7200,2048,0,2048,2048,1
gauge,43,3,88,0,scan,7300,2048,0,2048,2048,1
gauge,43,3,89,1,scan,5800,2048,0,32,32,1
gauge,43,3,89,1,pruned,800,128,30,32,32,1
gauge,43,3,90,2,pruned,200,0,32,0,0,1
gauge,43,3,90,2,scan,5200,2048,0,0,0,1
gauge,43,3,91,3,scan,7800,2048,0,0,0,1
gauge,43,3,91,3,pruned,400,0,32,0,0,1
gauge,43,3,92,4,pruned,300,0,32,0,0,1
gauge,43,3,92,4,scan,7500,2048,0,0,0,1
gauge,43,3,93,5,scan,7300,2048,0,0,0,1
gauge,43,3,93,5,pruned,500,0,32,0,0,1
gauge,43,3,94,6,pruned,200,0,32,0,0,1
gauge,43,3,94,6,scan,8300,2048,0,0,0,1
gauge,43,3,95,7,scan,5100,2048,0,0,0,1
gauge,43,3,95,7,pruned,0,0,32,0,0,1
gauge,43,3,96,0,pruned,7200,2048,0,2048,2048,1
gauge,43,3,96,0,scan,7800,2048,0,2048,2048,1
gauge,43,3,97,1,scan,5800,2048,0,32,32,1
gauge,43,3,97,1,pruned,2000,128,30,32,32,1
gauge,43,3,98,2,pruned,200,0,32,0,0,1
gauge,43,3,98,2,scan,7200,2048,0,0,0,1
gauge,43,3,99,3,scan,7500,2048,0,0,0,1
gauge,43,3,99,3,pruned,500,0,32,0,0,1
gauge,43,3,100,4,pruned,400,0,32,0,0,1
gauge,43,3,100,4,scan,7500,2048,0,0,0,1
gauge,43,3,101,5,scan,7300,2048,0,0,0,1
gauge,43,3,101,5,pruned,500,0,32,0,0,1
gauge,43,3,102,6,pruned,200,0,32,0,0,1
gauge,43,3,102,6,scan,8300,2048,0,0,0,1
gauge,43,3,103,7,scan,4900,2048,0,0,0,1
gauge,43,3,103,7,pruned,100,0,32,0,0,1
gauge,43,3,104,0,pruned,7700,2048,0,2048,2048,1
gauge,43,3,104,0,scan,7200,2048,0,2048,2048,1
gauge,43,3,105,1,scan,5800,2048,0,32,32,1
gauge,43,3,105,1,pruned,700,128,30,32,32,1
gauge,43,3,106,2,pruned,200,0,32,0,0,1
gauge,43,3,106,2,scan,5000,2048,0,0,0,1
gauge,43,3,107,3,scan,7500,2048,0,0,0,1
gauge,43,3,107,3,pruned,400,0,32,0,0,1
gauge,43,3,108,4,pruned,300,0,32,0,0,1
gauge,43,3,108,4,scan,7400,2048,0,0,0,1
gauge,43,3,109,5,scan,7300,2048,0,0,0,1
gauge,43,3,109,5,pruned,500,0,32,0,0,1
gauge,43,3,110,6,pruned,200,0,32,0,0,1
gauge,43,3,110,6,scan,8300,2048,0,0,0,1
gauge,43,3,111,7,scan,5000,2048,0,0,0,1
gauge,43,3,111,7,pruned,100,0,32,0,0,1
gauge,43,3,112,0,pruned,7400,2048,0,2048,2048,1
gauge,43,3,112,0,scan,7300,2048,0,2048,2048,1
gauge,43,3,113,1,scan,5700,2048,0,32,32,1
gauge,43,3,113,1,pruned,800,128,30,32,32,1
gauge,43,3,114,2,pruned,200,0,32,0,0,1
gauge,43,3,114,2,scan,5200,2048,0,0,0,1
gauge,43,3,115,3,scan,19800,2048,0,0,0,1
gauge,43,3,115,3,pruned,500,0,32,0,0,1
gauge,43,3,116,4,pruned,400,0,32,0,0,1
gauge,43,3,116,4,scan,8200,2048,0,0,0,1
gauge,43,3,117,5,scan,7400,2048,0,0,0,1
gauge,43,3,117,5,pruned,400,0,32,0,0,1
gauge,43,3,118,6,pruned,300,0,32,0,0,1
gauge,43,3,118,6,scan,8300,2048,0,0,0,1
gauge,43,3,119,7,scan,5000,2048,0,0,0,1
gauge,43,3,119,7,pruned,100,0,32,0,0,1
gauge,43,3,120,0,pruned,8500,2048,0,2048,2048,1
gauge,43,3,120,0,scan,7400,2048,0,2048,2048,1
gauge,43,3,121,1,scan,5800,2048,0,32,32,1
gauge,43,3,121,1,pruned,700,128,30,32,32,1
gauge,43,3,122,2,pruned,300,0,32,0,0,1
gauge,43,3,122,2,scan,5400,2048,0,0,0,1
gauge,43,3,123,3,scan,7300,2048,0,0,0,1
gauge,43,3,123,3,pruned,400,0,32,0,0,1
gauge,43,3,124,4,pruned,400,0,32,0,0,1
gauge,43,3,124,4,scan,7500,2048,0,0,0,1
gauge,43,3,125,5,scan,7200,2048,0,0,0,1
gauge,43,3,125,5,pruned,500,0,32,0,0,1
gauge,43,3,126,6,pruned,200,0,32,0,0,1
gauge,43,3,126,6,scan,8400,2048,0,0,0,1
gauge,43,3,127,7,scan,4900,2048,0,0,0,1
gauge,43,3,127,7,pruned,100,0,32,0,0,1
gauge,43,4,0,0,scan,7400,2048,0,2048,2048,1
gauge,43,4,0,0,pruned,7500,2048,0,2048,2048,1
gauge,43,4,1,1,pruned,700,64,31,32,32,1
gauge,43,4,1,1,scan,5700,2048,0,32,32,1
gauge,43,4,2,2,scan,11000,2048,0,505,505,1
gauge,43,4,2,2,pruned,11100,2048,0,505,505,1
gauge,43,4,3,3,pruned,400,0,32,0,0,1
gauge,43,4,3,3,scan,8100,2048,0,0,0,1
gauge,43,4,4,4,scan,7300,2048,0,0,0,1
gauge,43,4,4,4,pruned,400,0,32,0,0,1
gauge,43,4,5,5,pruned,300,0,32,0,0,1
gauge,43,4,5,5,scan,7400,2048,0,0,0,1
gauge,43,4,6,6,scan,8300,2048,0,0,0,1
gauge,43,4,6,6,pruned,200,0,32,0,0,1
gauge,43,4,7,7,pruned,100,0,32,0,0,1
gauge,43,4,7,7,scan,5100,2048,0,0,0,1
gauge,43,4,8,0,scan,7000,2048,0,2048,2048,1
gauge,43,4,8,0,pruned,7500,2048,0,2048,2048,1
gauge,43,4,9,1,pruned,900,128,30,32,32,1
gauge,43,4,9,1,scan,5700,2048,0,32,32,1
gauge,43,4,10,2,scan,11300,2048,0,540,540,1
gauge,43,4,10,2,pruned,11300,2048,0,540,540,1
gauge,43,4,11,3,pruned,400,0,32,0,0,1
gauge,43,4,11,3,scan,7600,2048,0,0,0,1
gauge,43,4,12,4,scan,7400,2048,0,0,0,1
gauge,43,4,12,4,pruned,400,0,32,0,0,1
gauge,43,4,13,5,pruned,300,0,32,0,0,1
gauge,43,4,13,5,scan,7400,2048,0,0,0,1
gauge,43,4,14,6,scan,8200,2048,0,0,0,1
gauge,43,4,14,6,pruned,300,0,32,0,0,1
gauge,43,4,15,7,pruned,100,0,32,0,0,1
gauge,43,4,15,7,scan,5100,2048,0,0,0,1
gauge,43,4,16,0,scan,7100,2048,0,2048,2048,1
gauge,43,4,16,0,pruned,7700,2048,0,2048,2048,1
gauge,43,4,17,1,pruned,1000,128,30,32,32,1
gauge,43,4,17,1,scan,5700,2048,0,32,32,1
gauge,43,4,18,2,scan,11000,2048,0,500,500,1
gauge,43,4,18,2,pruned,32300,2048,0,500,500,1
gauge,43,4,19,3,pruned,500,0,32,0,0,1
gauge,43,4,19,3,scan,8300,2048,0,0,0,1
gauge,43,4,20,4,scan,7500,2048,0,0,0,1
gauge,43,4,20,4,pruned,400,0,32,0,0,1
gauge,43,4,21,5,pruned,300,0,32,0,0,1
gauge,43,4,21,5,scan,7400,2048,0,0,0,1
gauge,43,4,22,6,scan,8400,2048,0,0,0,1
gauge,43,4,22,6,pruned,300,0,32,0,0,1
gauge,43,4,23,7,pruned,100,0,32,0,0,1
gauge,43,4,23,7,scan,5100,2048,0,0,0,1
gauge,43,4,24,0,scan,7700,2048,0,2048,2048,1
gauge,43,4,24,0,pruned,7800,2048,0,2048,2048,1
gauge,43,4,25,1,pruned,900,128,30,32,32,1
gauge,43,4,25,1,scan,5800,2048,0,32,32,1
gauge,43,4,26,2,scan,10900,2048,0,503,503,1
gauge,43,4,26,2,pruned,10800,2048,0,503,503,1
gauge,43,4,27,3,pruned,400,0,32,0,0,1
gauge,43,4,27,3,scan,7500,2048,0,0,0,1
gauge,43,4,28,4,scan,7200,2048,0,0,0,1
gauge,43,4,28,4,pruned,400,0,32,0,0,1
gauge,43,4,29,5,pruned,300,0,32,0,0,1
gauge,43,4,29,5,scan,7300,2048,0,0,0,1
gauge,43,4,30,6,scan,8300,2048,0,0,0,1
gauge,43,4,30,6,pruned,300,0,32,0,0,1
gauge,43,4,31,7,pruned,100,0,32,0,0,1
gauge,43,4,31,7,scan,5100,2048,0,0,0,1
gauge,43,4,32,0,scan,7000,2048,0,2048,2048,1
gauge,43,4,32,0,pruned,7300,2048,0,2048,2048,1
gauge,43,4,33,1,pruned,900,128,30,32,32,1
gauge,43,4,33,1,scan,5600,2048,0,32,32,1
gauge,43,4,34,2,scan,4900,2048,0,0,0,1
gauge,43,4,34,2,pruned,300,0,32,0,0,1
gauge,43,4,35,3,pruned,400,0,32,0,0,1
gauge,43,4,35,3,scan,7400,2048,0,0,0,1
gauge,43,4,36,4,scan,7400,2048,0,0,0,1
gauge,43,4,36,4,pruned,400,0,32,0,0,1
gauge,43,4,37,5,pruned,400,0,32,0,0,1
gauge,43,4,37,5,scan,7500,2048,0,0,0,1
gauge,43,4,38,6,scan,8400,2048,0,0,0,1
gauge,43,4,38,6,pruned,300,0,32,0,0,1
gauge,43,4,39,7,pruned,0,0,32,0,0,1
gauge,43,4,39,7,scan,5100,2048,0,0,0,1
gauge,43,4,40,0,scan,7000,2048,0,2048,2048,1
gauge,43,4,40,0,pruned,7200,2048,0,2048,2048,1
gauge,43,4,41,1,pruned,900,128,30,32,32,1
gauge,43,4,41,1,scan,5700,2048,0,32,32,1
gauge,43,4,42,2,scan,4900,2048,0,0,0,1
gauge,43,4,42,2,pruned,300,0,32,0,0,1
gauge,43,4,43,3,pruned,300,0,32,0,0,1
gauge,43,4,43,3,scan,7300,2048,0,0,0,1
gauge,43,4,44,4,scan,7300,2048,0,0,0,1
gauge,43,4,44,4,pruned,400,0,32,0,0,1
gauge,43,4,45,5,pruned,300,0,32,0,0,1
gauge,43,4,45,5,scan,7400,2048,0,0,0,1
gauge,43,4,46,6,scan,8200,2048,0,0,0,1
gauge,43,4,46,6,pruned,300,0,32,0,0,1
gauge,43,4,47,7,pruned,100,0,32,0,0,1
gauge,43,4,47,7,scan,5100,2048,0,0,0,1
gauge,43,4,48,0,scan,7700,2048,0,2048,2048,1
gauge,43,4,48,0,pruned,7300,2048,0,2048,2048,1
gauge,43,4,49,1,pruned,800,128,30,32,32,1
gauge,43,4,49,1,scan,5700,2048,0,32,32,1
gauge,43,4,50,2,scan,5000,2048,0,0,0,1
gauge,43,4,50,2,pruned,300,0,32,0,0,1
gauge,43,4,51,3,pruned,400,0,32,0,0,1
gauge,43,4,51,3,scan,7700,2048,0,0,0,1
gauge,43,4,52,4,scan,7200,2048,0,0,0,1
gauge,43,4,52,4,pruned,400,0,32,0,0,1
gauge,43,4,53,5,pruned,300,0,32,0,0,1
gauge,43,4,53,5,scan,7300,2048,0,0,0,1
gauge,43,4,54,6,scan,12800,2048,0,0,0,1
gauge,43,4,54,6,pruned,300,0,32,0,0,1
gauge,43,4,55,7,pruned,100,0,32,0,0,1
gauge,43,4,55,7,scan,8300,2048,0,0,0,1
gauge,43,4,56,0,scan,11900,2048,0,2048,2048,1
gauge,43,4,56,0,pruned,11600,2048,0,2048,2048,1
gauge,43,4,57,1,pruned,1500,128,30,32,32,1
gauge,43,4,57,1,scan,8400,2048,0,32,32,1
gauge,43,4,58,2,scan,7000,2048,0,0,0,1
gauge,43,4,58,2,pruned,500,0,32,0,0,1
gauge,43,4,59,3,pruned,600,0,32,0,0,1
gauge,43,4,59,3,scan,11300,2048,0,0,0,1
gauge,43,4,60,4,scan,11400,2048,0,0,0,1
gauge,43,4,60,4,pruned,800,0,32,0,0,1
gauge,43,4,61,5,pruned,500,0,32,0,0,1
gauge,43,4,61,5,scan,9200,2048,0,0,0,1
gauge,43,4,62,6,scan,8300,2048,0,0,0,1
gauge,43,4,62,6,pruned,300,0,32,0,0,1
gauge,43,4,63,7,pruned,100,0,32,0,0,1
gauge,43,4,63,7,scan,5000,2048,0,0,0,1
gauge,43,4,64,0,scan,7500,2048,0,2048,2048,1
gauge,43,4,64,0,pruned,7500,2048,0,2048,2048,1
gauge,43,4,65,1,pruned,800,128,30,32,32,1
gauge,43,4,65,1,scan,5700,2048,0,32,32,1
gauge,43,4,66,2,scan,5000,2048,0,0,0,1
gauge,43,4,66,2,pruned,400,0,32,0,0,1
gauge,43,4,67,3,pruned,400,0,32,0,0,1
gauge,43,4,67,3,scan,7300,2048,0,0,0,1
gauge,43,4,68,4,scan,7200,2048,0,0,0,1
gauge,43,4,68,4,pruned,400,0,32,0,0,1
gauge,43,4,69,5,pruned,300,0,32,0,0,1
gauge,43,4,69,5,scan,7300,2048,0,0,0,1
gauge,43,4,70,6,scan,8100,2048,0,0,0,1
gauge,43,4,70,6,pruned,300,0,32,0,0,1
gauge,43,4,71,7,pruned,100,0,32,0,0,1
gauge,43,4,71,7,scan,6800,2048,0,0,0,1
gauge,43,4,72,0,scan,8400,2048,0,2048,2048,1
gauge,43,4,72,0,pruned,7700,2048,0,2048,2048,1
gauge,43,4,73,1,pruned,900,128,30,32,32,1
gauge,43,4,73,1,scan,5700,2048,0,32,32,1
gauge,43,4,74,2,scan,5000,2048,0,0,0,1
gauge,43,4,74,2,pruned,300,0,32,0,0,1
gauge,43,4,75,3,pruned,400,0,32,0,0,1
gauge,43,4,75,3,scan,7400,2048,0,0,0,1
gauge,43,4,76,4,scan,7400,2048,0,0,0,1
gauge,43,4,76,4,pruned,400,0,32,0,0,1
gauge,43,4,77,5,pruned,300,0,32,0,0,1
gauge,43,4,77,5,scan,7500,2048,0,0,0,1
gauge,43,4,78,6,scan,12000,2048,0,0,0,1
gauge,43,4,78,6,pruned,400,0,32,0,0,1
gauge,43,4,79,7,pruned,200,0,32,0,0,1
gauge,43,4,79,7,scan,8500,2048,0,0,0,1
gauge,43,4,80,0,scan,8000,2048,0,2048,2048,1
gauge,43,4,80,0,pruned,7400,2048,0,2048,2048,1
gauge,43,4,81,1,pruned,900,128,30,32,32,1
gauge,43,4,81,1,scan,5600,2048,0,32,32,1
gauge,43,4,82,2,scan,5100,2048,0,0,0,1
gauge,43,4,82,2,pruned,300,0,32,0,0,1
gauge,43,4,83,3,pruned,500,0,32,0,0,1
gauge,43,4,83,3,scan,7500,2048,0,0,0,1
gauge,43,4,84,4,scan,7300,2048,0,0,0,1
gauge,43,4,84,4,pruned,500,0,32,0,0,1
gauge,43,4,85,5,pruned,300,0,32,0,0,1
gauge,43,4,85,5,scan,7400,2048,0,0,0,1
gauge,43,4,86,6,scan,8200,2048,0,0,0,1
gauge,43,4,86,6,pruned,300,0,32,0,0,1
gauge,43,4,87,7,pruned,100,0,32,0,0,1
gauge,43,4,87,7,scan,5100,2048,0,0,0,1
gauge,43,4,88,0,scan,7100,2048,0,2048,2048,1
gauge,43,4,88,0,pruned,7400,2048,0,2048,2048,1
gauge,43,4,89,1,pruned,700,128,30,32,32,1
gauge,43,4,89,1,scan,5600,2048,0,32,32,1
gauge,43,4,90,2,scan,5100,2048,0,0,0,1
gauge,43,4,90,2,pruned,300,0,32,0,0,1
gauge,43,4,91,3,pruned,400,0,32,0,0,1
gauge,43,4,91,3,scan,7400,2048,0,0,0,1
gauge,43,4,92,4,scan,7300,2048,0,0,0,1
gauge,43,4,92,4,pruned,400,0,32,0,0,1
gauge,43,4,93,5,pruned,300,0,32,0,0,1
gauge,43,4,93,5,scan,7300,2048,0,0,0,1
gauge,43,4,94,6,scan,8200,2048,0,0,0,1
gauge,43,4,94,6,pruned,200,0,32,0,0,1
gauge,43,4,95,7,pruned,100,0,32,0,0,1
gauge,43,4,95,7,scan,5100,2048,0,0,0,1
gauge,43,4,96,0,scan,6900,2048,0,2048,2048,1
gauge,43,4,96,0,pruned,7200,2048,0,2048,2048,1
gauge,43,4,97,1,pruned,800,128,30,32,32,1
gauge,43,4,97,1,scan,5800,2048,0,32,32,1
gauge,43,4,98,2,scan,5100,2048,0,0,0,1
gauge,43,4,98,2,pruned,300,0,32,0,0,1
gauge,43,4,99,3,pruned,400,0,32,0,0,1
gauge,43,4,99,3,scan,7500,2048,0,0,0,1
gauge,43,4,100,4,scan,7300,2048,0,0,0,1
gauge,43,4,100,4,pruned,400,0,32,0,0,1
gauge,43,4,101,5,pruned,300,0,32,0,0,1
gauge,43,4,101,5,scan,7300,2048,0,0,0,1
gauge,43,4,102,6,scan,8300,2048,0,0,0,1
gauge,43,4,102,6,pruned,200,0,32,0,0,1
gauge,43,4,103,7,pruned,100,0,32,0,0,1
gauge,43,4,103,7,scan,5000,2048,0,0,0,1
gauge,43,4,104,0,scan,7000,2048,0,2048,2048,1
gauge,43,4,104,0,pruned,7400,2048,0,2048,2048,1
gauge,43,4,105,1,pruned,800,128,30,32,32,1
gauge,43,4,105,1,scan,5600,2048,0,32,32,1
gauge,43,4,106,2,scan,4900,2048,0,0,0,1
gauge,43,4,106,2,pruned,300,0,32,0,0,1
gauge,43,4,107,3,pruned,400,0,32,0,0,1
gauge,43,4,107,3,scan,7400,2048,0,0,0,1
gauge,43,4,108,4,scan,7300,2048,0,0,0,1
gauge,43,4,108,4,pruned,500,0,32,0,0,1
gauge,43,4,109,5,pruned,300,0,32,0,0,1
gauge,43,4,109,5,scan,7500,2048,0,0,0,1
gauge,43,4,110,6,scan,8200,2048,0,0,0,1
gauge,43,4,110,6,pruned,200,0,32,0,0,1
gauge,43,4,111,7,pruned,100,0,32,0,0,1
gauge,43,4,111,7,scan,5000,2048,0,0,0,1
gauge,43,4,112,0,scan,7100,2048,0,2048,2048,1
gauge,43,4,112,0,pruned,7200,2048,0,2048,2048,1
gauge,43,4,113,1,pruned,700,128,30,32,32,1
gauge,43,4,113,1,scan,5700,2048,0,32,32,1
gauge,43,4,114,2,scan,5000,2048,0,0,0,1
gauge,43,4,114,2,pruned,300,0,32,0,0,1
gauge,43,4,115,3,pruned,400,0,32,0,0,1
gauge,43,4,115,3,scan,7500,2048,0,0,0,1
gauge,43,4,116,4,scan,7400,2048,0,0,0,1
gauge,43,4,116,4,pruned,400,0,32,0,0,1
gauge,43,4,117,5,pruned,400,0,32,0,0,1
gauge,43,4,117,5,scan,7600,2048,0,0,0,1
gauge,43,4,118,6,scan,8300,2048,0,0,0,1
gauge,43,4,118,6,pruned,200,0,32,0,0,1
gauge,43,4,119,7,pruned,100,0,32,0,0,1
gauge,43,4,119,7,scan,5100,2048,0,0,0,1
gauge,43,4,120,0,scan,7000,2048,0,2048,2048,1
gauge,43,4,120,0,pruned,7200,2048,0,2048,2048,1
gauge,43,4,121,1,pruned,800,128,30,32,32,1
gauge,43,4,121,1,scan,5800,2048,0,32,32,1
gauge,43,4,122,2,scan,5100,2048,0,0,0,1
gauge,43,4,122,2,pruned,300,0,32,0,0,1
gauge,43,4,123,3,pruned,400,0,32,0,0,1
gauge,43,4,123,3,scan,7400,2048,0,0,0,1
gauge,43,4,124,4,scan,7500,2048,0,0,0,1
gauge,43,4,124,4,pruned,500,0,32,0,0,1
gauge,43,4,125,5,pruned,400,0,32,0,0,1
gauge,43,4,125,5,scan,7400,2048,0,0,0,1
gauge,43,4,126,6,scan,8300,2048,0,0,0,1
gauge,43,4,126,6,pruned,300,0,32,0,0,1
gauge,43,4,127,7,pruned,100,0,32,0,0,1
gauge,43,4,127,7,scan,5100,2048,0,0,0,1
gauge,44,0,0,0,scan,8300,2048,0,2048,2048,1
gauge,44,0,0,0,pruned,7600,2048,0,2048,2048,1
gauge,44,0,1,1,pruned,700,64,31,32,32,1
gauge,44,0,1,1,scan,5400,2048,0,32,32,1
gauge,44,0,2,2,scan,11200,2048,0,510,510,1
gauge,44,0,2,2,pruned,10600,2048,0,510,510,1
gauge,44,0,3,3,pruned,500,0,32,0,0,1
gauge,44,0,3,3,scan,7200,2048,0,0,0,1
gauge,44,0,4,4,scan,7000,2048,0,0,0,1
gauge,44,0,4,4,pruned,400,0,32,0,0,1
gauge,44,0,5,5,pruned,400,0,32,0,0,1
gauge,44,0,5,5,scan,7000,2048,0,0,0,1
gauge,44,0,6,6,scan,7900,2048,0,0,0,1
gauge,44,0,6,6,pruned,300,0,32,0,0,1
gauge,44,0,7,7,pruned,0,0,32,0,0,1
gauge,44,0,7,7,scan,4900,2048,0,0,0,1
gauge,44,0,8,0,scan,7100,2048,0,2048,2048,1
gauge,44,0,8,0,pruned,7100,2048,0,2048,2048,1
gauge,44,0,9,1,pruned,1000,128,30,32,32,1
gauge,44,0,9,1,scan,5300,2048,0,32,32,1
gauge,44,0,10,2,scan,11200,2048,0,538,538,1
gauge,44,0,10,2,pruned,11200,2048,0,538,538,1
gauge,44,0,11,3,pruned,400,0,32,0,0,1
gauge,44,0,11,3,scan,7200,2048,0,0,0,1
gauge,44,0,12,4,scan,7000,2048,0,0,0,1
gauge,44,0,12,4,pruned,500,0,32,0,0,1
gauge,44,0,13,5,pruned,400,0,32,0,0,1
gauge,44,0,13,5,scan,7100,2048,0,0,0,1
gauge,44,0,14,6,scan,8000,2048,0,0,0,1
gauge,44,0,14,6,pruned,300,0,32,0,0,1
gauge,44,0,15,7,pruned,100,0,32,0,0,1
gauge,44,0,15,7,scan,4900,2048,0,0,0,1
gauge,44,0,16,0,scan,7100,2048,0,2048,2048,1
gauge,44,0,16,0,pruned,7000,2048,0,2048,2048,1
gauge,44,0,17,1,pruned,1000,128,30,32,32,1
gauge,44,0,17,1,scan,5400,2048,0,32,32,1
gauge,44,0,18,2,scan,11100,2048,0,526,526,1
gauge,44,0,18,2,pruned,10800,2048,0,526,526,1
gauge,44,0,19,3,pruned,500,0,32,0,0,1
gauge,44,0,19,3,scan,7200,2048,0,0,0,1
gauge,44,0,20,4,scan,7100,2048,0,0,0,1
gauge,44,0,20,4,pruned,500,0,32,0,0,1
gauge,44,0,21,5,pruned,400,0,32,0,0,1
gauge,44,0,21,5,scan,7100,2048,0,0,0,1
gauge,44,0,22,6,scan,8000,2048,0,0,0,1
gauge,44,0,22,6,pruned,300,0,32,0,0,1
gauge,44,0,23,7,pruned,100,0,32,0,0,1
gauge,44,0,23,7,scan,4900,2048,0,0,0,1
gauge,44,0,24,0,scan,6900,2048,0,2048,2048,1
gauge,44,0,24,0,pruned,7100,2048,0,2048,2048,1
gauge,44,0,25,1,pruned,900,128,30,32,32,1
gauge,44,0,25,1,scan,5500,2048,0,32,32,1
gauge,44,0,26,2,scan,10500,2048,0,474,474,1
gauge,44,0,26,2,pruned,10300,2048,0,474,474,1
gauge,44,0,27,3,pruned,400,0,32,0,0,1
gauge,44,0,27,3,scan,7300,2048,0,0,0,1
gauge,44,0,28,4,scan,7000,2048,0,0,0,1
gauge,44,0,28,4,pruned,500,0,32,0,0,1
gauge,44,0,29,5,pruned,300,0,32,0,0,1
gauge,44,0,29,5,scan,6900,2048,0,0,0,1
gauge,44,0,30,6,scan,8000,2048,0,0,0,1
gauge,44,0,30,6,pruned,300,0,32,0,0,1
gauge,44,0,31,7,pruned,100,0,32,0,0,1
gauge,44,0,31,7,scan,4800,2048,0,0,0,1
gauge,44,0,32,0,scan,7000,2048,0,2048,2048,1
gauge,44,0,32,0,pruned,7100,2048,0,2048,2048,1
gauge,44,0,33,1,pruned,1000,128,30,32,32,1
gauge,44,0,33,1,scan,5400,2048,0,32,32,1
gauge,44,0,34,2,scan,4700,2048,0,0,0,1
gauge,44,0,34,2,pruned,300,0,32,0,0,1
gauge,44,0,35,3,pruned,400,0,32,0,0,1
gauge,44,0,35,3,scan,7000,2048,0,0,0,1
gauge,44,0,36,4,scan,6900,2048,0,0,0,1
gauge,44,0,36,4,pruned,400,0,32,0,0,1
gauge,44,0,37,5,pruned,300,0,32,0,0,1
gauge,44,0,37,5,scan,7000,2048,0,0,0,1
gauge,44,0,38,6,scan,8000,2048,0,0,0,1
gauge,44,0,38,6,pruned,300,0,32,0,0,1
gauge,44,0,39,7,pruned,100,0,32,0,0,1
gauge,44,0,39,7,scan,4800,2048,0,0,0,1
gauge,44,0,40,0,scan,7000,2048,0,2048,2048,1
gauge,44,0,40,0,pruned,7000,2048,0,2048,2048,1
gauge,44,0,41,1,pruned,900,128,30,32,32,1
gauge,44,0,41,1,scan,5400,2048,0,32,32,1
gauge,44,0,42,2,scan,4700,2048,0,0,0,1
gauge,44,0,42,2,pruned,200,0,32,0,0,1
gauge,44,0,43,3,pruned,400,0,32,0,0,1
gauge,44,0,43,3,scan,7000,2048,0,0,0,1
gauge,44,0,44,4,scan,7000,2048,0,0,0,1
gauge,44,0,44,4,pruned,500,0,32,0,0,1
gauge,44,0,45,5,pruned,700,0,32,0,0,1
gauge,44,0,45,5,scan,7900,2048,0,0,0,1
gauge,44,0,46,6,scan,8100,2048,0,0,0,1
gauge,44,0,46,6,pruned,300,0,32,0,0,1
gauge,44,0,47,7,pruned,100,0,32,0,0,1
gauge,44,0,47,7,scan,4900,2048,0,0,0,1
gauge,44,0,48,0,scan,8300,2048,0,2048,2048,1
gauge,44,0,48,0,pruned,7400,2048,0,2048,2048,1
gauge,44,0,49,1,pruned,900,128,30,32,32,1
gauge,44,0,49,1,scan,5500,2048,0,32,32,1
gauge,44,0,50,2,scan,4800,2048,0,0,0,1
gauge,44,0,50,2,pruned,200,0,32,0,0,1
gauge,44,0,51,3,pruned,500,0,32,0,0,1
gauge,44,0,51,3,scan,7100,2048,0,0,0,1
gauge,44,0,52,4,scan,7100,2048,0,0,0,1
gauge,44,0,52,4,pruned,500,0,32,0,0,1
gauge,44,0,53,5,pruned,300,0,32,0,0,1
gauge,44,0,53,5,scan,7100,2048,0,0,0,1
gauge,44,0,54,6,scan,8100,2048,0,0,0,1
gauge,44,0,54,6,pruned,300,0,32,0,0,1
gauge,44,0,55,7,pruned,100,0,32,0,0,1
gauge,44,0,55,7,scan,4800,2048,0,0,0,1
gauge,44,0,56,0,scan,7000,2048,0,2048,2048,1
gauge,44,0,56,0,pruned,7200,2048,0,2048,2048,1
gauge,44,0,57,1,pruned,900,128,30,32,32,1
gauge,44,0,57,1,scan,5500,2048,0,32,32,1
gauge,44,0,58,2,scan,4700,2048,0,0,0,1
gauge,44,0,58,2,pruned,300,0,32,0,0,1
gauge,44,0,59,3,pruned,400,0,32,0,0,1
gauge,44,0,59,3,scan,7000,2048,0,0,0,1
gauge,44,0,60,4,scan,6900,2048,0,0,0,1
gauge,44,0,60,4,pruned,500,0,32,0,0,1
gauge,44,0,61,5,pruned,300,0,32,0,0,1
gauge,44,0,61,5,scan,7100,2048,0,0,0,1
gauge,44,0,62,6,scan,8000,2048,0,0,0,1
gauge,44,0,62,6,pruned,200,0,32,0,0,1
gauge,44,0,63,7,pruned,100,0,32,0,0,1
gauge,44,0,63,7,scan,4800,2048,0,0,0,1
gauge,44,0,64,0,scan,7100,2048,0,2048,2048,1
gauge,44,0,64,0,pruned,7100,2048,0,2048,2048,1
gauge,44,0,65,1,pruned,800,128,30,32,32,1
gauge,44,0,65,1,scan,5500,2048,0,32,32,1
gauge,44,0,66,2,scan,4700,2048,0,0,0,1
gauge,44,0,66,2,pruned,200,0,32,0,0,1
gauge,44,0,67,3,pruned,500,0,32,0,0,1
gauge,44,0,67,3,scan,7100,2048,0,0,0,1
gauge,44,0,68,4,scan,7000,2048,0,0,0,1
gauge,44,0,68,4,pruned,400,0,32,0,0,1
gauge,44,0,69,5,pruned,300,0,32,0,0,1
gauge,44,0,69,5,scan,7000,2048,0,0,0,1
gauge,44,0,70,6,scan,7900,2048,0,0,0,1
gauge,44,0,70,6,pruned,200,0,32,0,0,1
gauge,44,0,71,7,pruned,100,0,32,0,0,1
gauge,44,0,71,7,scan,4800,2048,0,0,0,1
gauge,44,0,72,0,scan,7100,2048,0,2048,2048,1
gauge,44,0,72,0,pruned,7100,2048,0,2048,2048,1
gauge,44,0,73,1,pruned,800,128,30,32,32,1
gauge,44,0,73,1,scan,5400,2048,0,32,32,1
gauge,44,0,74,2,scan,4700,2048,0,0,0,1
gauge,44,0,74,2,pruned,300,0,32,0,0,1
gauge,44,0,75,3,pruned,400,0,32,0,0,1
gauge,44,0,75,3,scan,7100,2048,0,0,0,1
gauge,44,0,76,4,scan,7100,2048,0,0,0,1
gauge,44,0,76,4,pruned,400,0,32,0,0,1
gauge,44,0,77,5,pruned,400,0,32,0,0,1
gauge,44,0,77,5,scan,7000,2048,0,0,0,1
gauge,44,0,78,6,scan,8000,2048,0,0,0,1
gauge,44,0,78,6,pruned,200,0,32,0,0,1
gauge,44,0,79,7,pruned,100,0,32,0,0,1
gauge,44,0,79,7,scan,4800,2048,0,0,0,1
gauge,44,0,80,0,scan,6900,2048,0,2048,2048,1
gauge,44,0,80,0,pruned,7100,2048,0,2048,2048,1
gauge,44,0,81,1,pruned,800,128,30,32,32,1
gauge,44,0,81,1,scan,5300,2048,0,32,32,1
gauge,44,0,82,2,scan,4600,2048,0,0,0,1
gauge,44,0,82,2,pruned,200,0,32,0,0,1
gauge,44,0,83,3,pruned,400,0,32,0,0,1
gauge,44,0,83,3,scan,7100,2048,0,0,0,1
gauge,44,0,84,4,scan,6900,2048,0,0,0,1
gauge,44,0,84,4,pruned,400,0,32,0,0,1
gauge,44,0,85,5,pruned,300,0,32,0,0,1
gauge,44,0,85,5,scan,7000,2048,0,0,0,1
gauge,44,0,86,6,scan,7900,2048,0,0,0,1
gauge,44,0,86,6,pruned,200,0,32,0,0,1
gauge,44,0,87,7,pruned,100,0,32,0,0,1
gauge,44,0,87,7,scan,4900,2048,0,0,0,1
gauge,44,0,88,0,scan,7000,2048,0,2048,2048,1
gauge,44,0,88,0,pruned,7100,2048,0,2048,2048,1
gauge,44,0,89,1,pruned,800,128,30,32,32,1
gauge,44,0,89,1,scan,5300,2048,0,32,32,1
gauge,44,0,90,2,scan,4700,2048,0,0,0,1
gauge,44,0,90,2,pruned,300,0,32,0,0,1
gauge,44,0,91,3,pruned,500,0,32,0,0,1
gauge,44,0,91,3,scan,7000,2048,0,0,0,1
gauge,44,0,92,4,scan,6900,2048,0,0,0,1
gauge,44,0,92,4,pruned,500,0,32,0,0,1
gauge,44,0,93,5,pruned,400,0,32,0,0,1
gauge,44,0,93,5,scan,7100,2048,0,0,0,1
gauge,44,0,94,6,scan,8000,2048,0,0,0,1
gauge,44,0,94,6,pruned,200,0,32,0,0,1
gauge,44,0,95,7,pruned,100,0,32,0,0,1
gauge,44,0,95,7,scan,4800,2048,0,0,0,1
gauge,44,0,96,0,scan,7000,2048,0,2048,2048,1
gauge,44,0,96,0,pruned,7300,2048,0,2048,2048,1
gauge,44,0,97,1,pruned,800,128,30,32,32,1
gauge,44,0,97,1,scan,5400,2048,0,32,32,1
gauge,44,0,98,2,scan,4700,2048,0,0,0,1
gauge,44,0,98,2,pruned,200,0,32,0,0,1
gauge,44,0,99,3,pruned,500,0,32,0,0,1
gauge,44,0,99,3,scan,7000,2048,0,0,0,1
gauge,44,0,100,4,scan,6900,2048,0,0,0,1
gauge,44,0,100,4,pruned,500,0,32,0,0,1
gauge,44,0,101,5,pruned,300,0,32,0,0,1
gauge,44,0,101,5,scan,7000,2048,0,0,0,1
gauge,44,0,102,6,scan,8000,2048,0,0,0,1
gauge,44,0,102,6,pruned,200,0,32,0,0,1
gauge,44,0,103,7,pruned,100,0,32,0,0,1
gauge,44,0,103,7,scan,4800,2048,0,0,0,1
gauge,44,0,104,0,scan,7000,2048,0,2048,2048,1
gauge,44,0,104,0,pruned,7200,2048,0,2048,2048,1
gauge,44,0,105,1,pruned,800,128,30,32,32,1
gauge,44,0,105,1,scan,5400,2048,0,32,32,1
gauge,44,0,106,2,scan,4700,2048,0,0,0,1
gauge,44,0,106,2,pruned,200,0,32,0,0,1
gauge,44,0,107,3,pruned,400,0,32,0,0,1
gauge,44,0,107,3,scan,7100,2048,0,0,0,1
gauge,44,0,108,4,scan,7000,2048,0,0,0,1
gauge,44,0,108,4,pruned,500,0,32,0,0,1
gauge,44,0,109,5,pruned,400,0,32,0,0,1
gauge,44,0,109,5,scan,7000,2048,0,0,0,1
gauge,44,0,110,6,scan,8000,2048,0,0,0,1
gauge,44,0,110,6,pruned,200,0,32,0,0,1
gauge,44,0,111,7,pruned,0,0,32,0,0,1
gauge,44,0,111,7,scan,4900,2048,0,0,0,1
gauge,44,0,112,0,scan,7000,2048,0,2048,2048,1
gauge,44,0,112,0,pruned,7100,2048,0,2048,2048,1
gauge,44,0,113,1,pruned,800,128,30,32,32,1
gauge,44,0,113,1,scan,5500,2048,0,32,32,1
gauge,44,0,114,2,scan,4700,2048,0,0,0,1
gauge,44,0,114,2,pruned,200,0,32,0,0,1
gauge,44,0,115,3,pruned,400,0,32,0,0,1
gauge,44,0,115,3,scan,7100,2048,0,0,0,1
gauge,44,0,116,4,scan,7000,2048,0,0,0,1
gauge,44,0,116,4,pruned,400,0,32,0,0,1
gauge,44,0,117,5,pruned,300,0,32,0,0,1
gauge,44,0,117,5,scan,7000,2048,0,0,0,1
gauge,44,0,118,6,scan,8000,2048,0,0,0,1
gauge,44,0,118,6,pruned,200,0,32,0,0,1
gauge,44,0,119,7,pruned,100,0,32,0,0,1
gauge,44,0,119,7,scan,4800,2048,0,0,0,1
gauge,44,0,120,0,scan,7000,2048,0,2048,2048,1
gauge,44,0,120,0,pruned,7200,2048,0,2048,2048,1
gauge,44,0,121,1,pruned,700,128,30,32,32,1
gauge,44,0,121,1,scan,5400,2048,0,32,32,1
gauge,44,0,122,2,scan,4700,2048,0,0,0,1
gauge,44,0,122,2,pruned,300,0,32,0,0,1
gauge,44,0,123,3,pruned,500,0,32,0,0,1
gauge,44,0,123,3,scan,7000,2048,0,0,0,1
gauge,44,0,124,4,scan,6900,2048,0,0,0,1
gauge,44,0,124,4,pruned,500,0,32,0,0,1
gauge,44,0,125,5,pruned,400,0,32,0,0,1
gauge,44,0,125,5,scan,7100,2048,0,0,0,1
gauge,44,0,126,6,scan,8000,2048,0,0,0,1
gauge,44,0,126,6,pruned,200,0,32,0,0,1
gauge,44,0,127,7,pruned,100,0,32,0,0,1
gauge,44,0,127,7,scan,4800,2048,0,0,0,1
gauge,44,1,0,0,pruned,7200,2048,0,2048,2048,1
gauge,44,1,0,0,scan,7100,2048,0,2048,2048,1
gauge,44,1,1,1,scan,5300,2048,0,32,32,1
gauge,44,1,1,1,pruned,500,64,31,32,32,1
gauge,44,1,2,2,pruned,10900,2048,0,510,510,1
gauge,44,1,2,2,scan,10500,2048,0,510,510,1
gauge,44,1,3,3,scan,7100,2048,0,0,0,1
gauge,44,1,3,3,pruned,400,0,32,0,0,1
gauge,44,1,4,4,pruned,400,0,32,0,0,1
gauge,44,1,4,4,scan,7200,2048,0,0,0,1
gauge,44,1,5,5,scan,6900,2048,0,0,0,1
gauge,44,1,5,5,pruned,500,0,32,0,0,1
gauge,44,1,6,6,pruned,200,0,32,0,0,1
gauge,44,1,6,6,scan,8100,2048,0,0,0,1
gauge,44,1,7,7,scan,4800,2048,0,0,0,1
gauge,44,1,7,7,pruned,100,0,32,0,0,1
gauge,44,1,8,0,pruned,7200,2048,0,2048,2048,1
gauge,44,1,8,0,scan,7000,2048,0,2048,2048,1
gauge,44,1,9,1,scan,5400,2048,0,32,32,1
gauge,44,1,9,1,pruned,800,128,30,32,32,1
gauge,44,1,10,2,pruned,11200,2048,0,538,538,1
gauge,44,1,10,2,scan,10700,2048,0,538,538,1
gauge,44,1,11,3,scan,7100,2048,0,0,0,1
gauge,44,1,11,3,pruned,500,0,32,0,0,1
gauge,44,1,12,4,pruned,400,0,32,0,0,1
gauge,44,1,12,4,scan,7100,2048,0,0,0,1
gauge,44,1,13,5,scan,7000,2048,0,0,0,1
gauge,44,1,13,5,pruned,400,0,32,0,0,1
gauge,44,1,14,6,pruned,200,0,32,0,0,1
gauge,44,1,14,6,scan,8100,2048,0,0,0,1
gauge,44,1,15,7,scan,4700,2048,0,0,0,1
gauge,44,1,15,7,pruned,100,0,32,0,0,1
gauge,44,1,16,0,pruned,7200,2048,0,2048,2048,1
gauge,44,1,16,0,scan,7000,2048,0,2048,2048,1
gauge,44,1,17,1,scan,5400,2048,0,32,32,1
gauge,44,1,17,1,pruned,900,128,30,32,32,1
gauge,44,1,18,2,pruned,10800,2048,0,526,526,1
gauge,44,1,18,2,scan,10500,2048,0,526,526,1
gauge,44,1,19,3,scan,7900,2048,0,0,0,1
gauge,44,1,19,3,pruned,500,0,32,0,0,1
gauge,44,1,20,4,pruned,300,0,32,0,0,1
gauge,44,1,20,4,scan,7300,2048,0,0,0,1
gauge,44,1,21,5,scan,7000,2048,0,0,0,1
gauge,44,1,21,5,pruned,400,0,32,0,0,1
gauge,44,1,22,6,pruned,200,0,32,0,0,1
gauge,44,1,22,6,scan,8200,2048,0,0,0,1
gauge,44,1,23,7,scan,4800,2048,0,0,0,1
gauge,44,1,23,7,pruned,0,0,32,0,0,1
gauge,44,1,24,0,pruned,8300,2048,0,2048,2048,1
gauge,44,1,24,0,scan,7300,2048,0,2048,2048,1
gauge,44,1,25,1,scan,5500,2048,0,32,32,1
gauge,44,1,25,1,pruned,900,128,30,32,32,1
gauge,44,1,26,2,pruned,10800,2048,0,474,474,1
gauge,44,1,26,2,scan,10400,2048,0,474,474,1
gauge,44,1,27,3,scan,7300,2048,0,0,0,1
gauge,44,1,27,3,pruned,500,0,32,0,0,1
gauge,44,1,28,4,pruned,400,0,32,0,0,1
gauge,44,1,28,4,scan,7200,2048,0,0,0,1
gauge,44,1,29,5,scan,7000,2048,0,0,0,1
gauge,44,1,29,5,pruned,400,0,32,0,0,1
gauge,44,1,30,6,pruned,200,0,32,0,0,1
gauge,44,1,30,6,scan,8100,2048,0,0,0,1
gauge,44,1,31,7,scan,4800,2048,0,0,0,1
gauge,44,1,31,7,pruned,100,0,32,0,0,1
gauge,44,1,32,0,pruned,7100,2048,0,2048,2048,1
gauge,44,1,32,0,scan,7100,2048,0,2048,2048,1
gauge,44,1,33,1,scan,5400,2048,0,32,32,1
gauge,44,1,33,1,pruned,900,128,30,32,32,1
gauge,44,1,34,2,pruned,300,0,32,0,0,1
gauge,44,1,34,2,scan,4800,2048,0,0,0,1
gauge,44,1,35,3,scan,7000,2048,0,0,0,1
gauge,44,1,35,3,pruned,400,0,32,0,0,1
gauge,44,1,36,4,pruned,300,0,32,0,0,1
gauge,44,1,36,4,scan,7100,2048,0,0,0,1
gauge,44,1,37,5,scan,6900,2048,0,0,0,1
gauge,44,1,37,5,pruned,400,0,32,0,0,1
gauge,44,1,38,6,pruned,100,0,32,0,0,1
gauge,44,1,38,6,scan,8100,2048,0,0,0,1
gauge,44,1,39,7,scan,4800,2048,0,0,0,1
gauge,44,1,39,7,pruned,100,0,32,0,0,1
gauge,44,1,40,0,pruned,7300,2048,0,2048,2048,1
gauge,44,1,40,0,scan,7000,2048,0,2048,2048,1
gauge,44,1,41,1,scan,5500,2048,0,32,32,1
gauge,44,1,41,1,pruned,800,128,30,32,32,1
gauge,44,1,42,2,pruned,200,0,32,0,0,1
gauge,44,1,42,2,scan,4700,2048,0,0,0,1
gauge,44,1,43,3,scan,7000,2048,0,0,0,1
gauge,44,1,43,3,pruned,500,0,32,0,0,1
gauge,44,1,44,4,pruned,400,0,32,0,0,1
gauge,44,1,44,4,scan,7100,2048,0,0,0,1
gauge,44,1,45,5,scan,6900,2048,0,0,0,1
gauge,44,1,45,5,pruned,400,0,32,0,0,1
gauge,44,1,46,6,pruned,200,0,32,0,0,1
gauge,44,1,46,6,scan,8100,2048,0,0,0,1
gauge,44,1,47,7,scan,4800,2048,0,0,0,1
gauge,44,1,47,7,pruned,100,0,32,0,0,1
gauge,44,1,48,0,pruned,7300,2048,0,2048,2048,1
gauge,44,1,48,0,scan,7000,2048,0,2048,2048,1
gauge,44,1,49,1,scan,5500,2048,0,32,32,1
gauge,44,1,49,1,pruned,800,128,30,32,32,1
gauge,44,1,50,2,pruned,200,0,32,0,0,1
gauge,44,1,50,2,scan,4700,2048,0,0,0,1
gauge,44,1,51,3,scan,7000,2048,0,0,0,1
gauge,44,1,51,3,pruned,400,0,32,0,0,1
gauge,44,1,52,4,pruned,300,0,32,0,0,1
gauge,44,1,52,4,scan,7100,2048,0,0,0,1
gauge,44,1,53,5,scan,7000,2048,0,0,0,1
gauge,44,1,53,5,pruned,400,0,32,0,0,1
gauge,44,1,54,6,pruned,200,0,32,0,0,1
gauge,44,1,54,6,scan,8100,2048,0,0,0,1
gauge,44,1,55,7,scan,4700,2048,0,0,0,1
gauge,44,1,55,7,pruned,100,0,32,0,0,1
gauge,44,1,56,0,pruned,7100,2048,0,2048,2048,1
gauge,44,1,56,0,scan,7000,2048,0,2048,2048,1
gauge,44,1,57,1,scan,5400,2048,0,32,32,1
gauge,44,1,57,1,pruned,800,128,30,32,32,1
gauge,44,1,58,2,pruned,200,0,32,0,0,1
gauge,44,1,58,2,scan,4800,2048,0,0,0,1
gauge,44,1,59,3,scan,7000,2048,0,0,0,1
gauge,44,1,59,3,pruned,400,0,32,0,0,1
gauge,44,1,60,4,pruned,300,0,32,0,0,1
gauge,44,1,60,4,scan,7000,2048,0,0,0,1
gauge,44,1,61,5,scan,7000,2048,0,0,0,1
gauge,44,1,61,5,pruned,400,0,32,0,0,1
gauge,44,1,62,6,pruned,100,0,32,0,0,1
gauge,44,1,62,6,scan,8000,2048,0,0,0,1
gauge,44,1,63,7,scan,4800,2048,0,0,0,1
gauge,44,1,63,7,pruned,100,0,32,0,0,1
gauge,44,1,64,0,pruned,7200,2048,0,2048,2048,1
gauge,44,1,64,0,scan,7000,2048,0,2048,2048,1
gauge,44,1,65,1,scan,5500,2048,0,32,32,1
gauge,44,1,65,1,pruned,900,128,30,32,32,1
gauge,44,1,66,2,pruned,100,0,32,0,0,1
gauge,44,1,66,2,scan,4700,2048,0,0,0,1
gauge,44,1,67,3,scan,6900,2048,0,0,0,1
gauge,44,1,67,3,pruned,400,0,32,0,0,1
gauge,44,1,68,4,pruned,300,0,32,0,0,1
gauge,44,1,68,4,scan,7000,2048,0,0,0,1
gauge,44,1,69,5,scan,7000,2048,0,0,0,1
gauge,44,1,69,5,pruned,500,0,32,0,0,1
gauge,44,1,70,6,pruned,200,0,32,0,0,1
gauge,44,1,70,6,scan,8100,2048,0,0,0,1
gauge,44,1,71,7,scan,4800,2048,0,0,0,1
gauge,44,1,71,7,pruned,100,0,32,0,0,1
gauge,44,1,72,0,pruned,7200,2048,0,2048,2048,1
gauge,44,1,72,0,scan,7100,2048,0,2048,2048,1
gauge,44,1,73,1,scan,5400,2048,0,32,32,1
gauge,44,1,73,1,pruned,17500,128,30,32,32,1
gauge,44,1,74,2,pruned,300,0,32,0,0,1
gauge,44,1,74,2,scan,5400,2048,0,0,0,1
gauge,44,1,75,3,scan,7300,2048,0,0,0,1
gauge,44,1,75,3,pruned,500,0,32,0,0,1
gauge,44,1,76,4,pruned,300,0,32,0,0,1
gauge,44,1,76,4,scan,7200,2048,0,0,0,1
gauge,44,1,77,5,scan,7000,2048,0,0,0,1
gauge,44,1,77,5,pruned,500,0,32,0,0,1
gauge,44,1,78,6,pruned,200,0,32,0,0,1
gauge,44,1,78,6,scan,8100,2048,0,0,0,1
gauge,44,1,79,7,scan,4800,2048,0,0,0,1
gauge,44,1,79,7,pruned,100,0,32,0,0,1
gauge,44,1,80,0,pruned,7600,2048,0,2048,2048,1
gauge,44,1,80,0,scan,7300,2048,0,2048,2048,1
gauge,44,1,81,1,scan,5500,2048,0,32,32,1
gauge,44,1,81,1,pruned,800,128,30,32,32,1
gauge,44,1,82,2,pruned,200,0,32,0,0,1
gauge,44,1,82,2,scan,4700,2048,0,0,0,1
gauge,44,1,83,3,scan,7000,2048,0,0,0,1
gauge,44,1,83,3,pruned,400,0,32,0,0,1
gauge,44,1,84,4,pruned,400,0,32,0,0,1
gauge,44,1,84,4,scan,7000,2048,0,0,0,1
gauge,44,1,85,5,scan,7000,2048,0,0,0,1
gauge,44,1,85,5,pruned,400,0,32,0,0,1
gauge,44,1,86,6,pruned,200,0,32,0,0,1
gauge,44,1,86,6,scan,8100,2048,0,0,0,1
gauge,44,1,87,7,scan,4800,2048,0,0,0,1
gauge,44,1,87,7,pruned,100,0,32,0,0,1
gauge,44,1,88,0,pruned,7200,2048,0,2048,2048,1
gauge,44,1,88,0,scan,7100,2048,0,2048,2048,1
gauge,44,1,89,1,scan,5500,2048,0,32,32,1
gauge,44,1,89,1,pruned,800,128,30,32,32,1
gauge,44,1,90,2,pruned,200,0,32,0,0,1
gauge,44,1,90,2,scan,4700,2048,0,0,0,1
gauge,44,1,91,3,scan,7000,2048,0,0,0,1
gauge,44,1,91,3,pruned,500,0,32,0,0,1
gauge,44,1,92,4,pruned,300,0,32,0,0,1
gauge,44,1,92,4,scan,7000,2048,0,0,0,1
gauge,44,1,93,5,scan,7000,2048,0,0,0,1
gauge,44,1,93,5,pruned,500,0,32,0,0,1
gauge,44,1,94,6,pruned,100,0,32,0,0,1
gauge,44,1,94,6,scan,8000,2048,0,0,0,1
gauge,44,1,95,7,scan,4800,2048,0,0,0,1
gauge,44,1,95,7,pruned,100,0,32,0,0,1
gauge,44,1,96,0,pruned,7200,2048,0,2048,2048,1
gauge,44,1,96,0,scan,7000,2048,0,2048,2048,1
gauge,44,1,97,1,scan,5600,2048,0,32,32,1
gauge,44,1,97,1,pruned,700,128,30,32,32,1
gauge,44,1,98,2,pruned,200,0,32,0,0,1
gauge,44,1,98,2,scan,4800,2048,0,0,0,1
gauge,44,1,99,3,scan,7000,2048,0,0,0,1
gauge,44,1,99,3,pruned,400,0,32,0,0,1
gauge,44,1,100,4,pruned,400,0,32,0,0,1
gauge,44,1,100,4,scan,7000,2048,0,0,0,1
gauge,44,1,101,5,scan,6900,2048,0,0,0,1
gauge,44,1,101,5,pruned,400,0,32,0,0,1
gauge,44,1,102,6,pruned,100,0,32,0,0,1
gauge,44,1,102,6,scan,8100,2048,0,0,0,1
gauge,44,1,103,7,scan,4800,2048,0,0,0,1
gauge,44,1,103,7,pruned,100,0,32,0,0,1
gauge,44,1,104,0,pruned,7100,2048,0,2048,2048,1
gauge,44,1,104,0,scan,6900,2048,0,2048,2048,1
gauge,44,1,105,1,scan,5500,2048,0,32,32,1
gauge,44,1,105,1,pruned,600,128,30,32,32,1
gauge,44,1,106,2,pruned,200,0,32,0,0,1
gauge,44,1,106,2,scan,4800,2048,0,0,0,1
gauge,44,1,107,3,scan,7000,2048,0,0,0,1
gauge,44,1,107,3,pruned,400,0,32,0,0,1
gauge,44,1,108,4,pruned,300,0,32,0,0,1
gauge,44,1,108,4,scan,7000,2048,0,0,0,1
gauge,44,1,109,5,scan,7000,2048,0,0,0,1
gauge,44,1,109,5,pruned,400,0,32,0,0,1
gauge,44,1,110,6,pruned,200,0,32,0,0,1
gauge,44,1,110,6,scan,8000,2048,0,0,0,1
gauge,44,1,111,7,scan,4800,2048,0,0,0,1
gauge,44,1,111,7,pruned,100,0,32,0,0,1
gauge,44,1,112,0,pruned,7100,2048,0,2048,2048,1
gauge,44,1,112,0,scan,7000,2048,0,2048,2048,1
gauge,44,1,113,1,scan,5500,2048,0,32,32,1
gauge,44,1,113,1,pruned,700,128,30,32,32,1
gauge,44,1,114,2,pruned,200,0,32,0,0,1
gauge,44,1,114,2,scan,4800,2048,0,0,0,1
gauge,44,1,115,3,scan,7000,2048,0,0,0,1
gauge,44,1,115,3,pruned,400,0,32,0,0,1
gauge,44,1,116,4,pruned,300,0,32,0,0,1
gauge,44,1,116,4,scan,7000,2048,0,0,0,1
gauge,44,1,117,5,scan,6900,2048,0,0,0,1
gauge,44,1,117,5,pruned,400,0,32,0,0,1
gauge,44,1,118,6,pruned,100,0,32,0,0,1
gauge,44,1,118,6,scan,8000,2048,0,0,0,1
gauge,44,1,119,7,scan,4700,2048,0,0,0,1
gauge,44,1,119,7,pruned,100,0,32,0,0,1
gauge,44,1,120,0,pruned,7100,2048,0,2048,2048,1
gauge,44,1,120,0,scan,6900,2048,0,2048,2048,1
gauge,44,1,121,1,scan,7200,2048,0,32,32,1
gauge,44,1,121,1,pruned,900,128,30,32,32,1
gauge,44,1,122,2,pruned,200,0,32,0,0,1
gauge,44,1,122,2,scan,5000,2048,0,0,0,1
gauge,44,1,123,3,scan,7200,2048,0,0,0,1
gauge,44,1,123,3,pruned,500,0,32,0,0,1
gauge,44,1,124,4,pruned,400,0,32,0,0,1
gauge,44,1,124,4,scan,7200,2048,0,0,0,1
gauge,44,1,125,5,scan,7100,2048,0,0,0,1
gauge,44,1,125,5,pruned,500,0,32,0,0,1
gauge,44,1,126,6,pruned,200,0,32,0,0,1
gauge,44,1,126,6,scan,8200,2048,0,0,0,1
gauge,44,1,127,7,scan,4900,2048,0,0,0,1
gauge,44,1,127,7,pruned,100,0,32,0,0,1
gauge,44,2,0,0,scan,7500,2048,0,2048,2048,1
gauge,44,2,0,0,pruned,7300,2048,0,2048,2048,1
gauge,44,2,1,1,pruned,700,64,31,32,32,1
gauge,44,2,1,1,scan,5400,2048,0,32,32,1
gauge,44,2,2,2,scan,10900,2048,0,510,510,1
gauge,44,2,2,2,pruned,10900,2048,0,510,510,1
gauge,44,2,3,3,pruned,400,0,32,0,0,1
gauge,44,2,3,3,scan,7200,2048,0,0,0,1
gauge,44,2,4,4,scan,7000,2048,0,0,0,1
gauge,44,2,4,4,pruned,400,0,32,0,0,1
gauge,44,2,5,5,pruned,300,0,32,0,0,1
gauge,44,2,5,5,scan,7000,2048,0,0,0,1
gauge,44,2,6,6,scan,8000,2048,0,0,0,1
gauge,44,2,6,6,pruned,200,0,32,0,0,1
gauge,44,2,7,7,pruned,100,0,32,0,0,1
gauge,44,2,7,7,scan,4900,2048,0,0,0,1
gauge,44,2,8,0,scan,7200,2048,0,2048,2048,1
gauge,44,2,8,0,pruned,7200,2048,0,2048,2048,1
gauge,44,2,9,1,pruned,800,128,30,32,32,1
gauge,44,2,9,1,scan,5200,2048,0,32,32,1
gauge,44,2,10,2,scan,10900,2048,0,538,538,1
gauge,44,2,10,2,pruned,11300,2048,0,538,538,1
gauge,44,2,11,3,pruned,400,0,32,0,0,1
gauge,44,2,11,3,scan,7200,2048,0,0,0,1
gauge,44,2,12,4,scan,7000,2048,0,0,0,1
gauge,44,2,12,4,pruned,400,0,32,0,0,1
gauge,44,2,13,5,pruned,300,0,32,0,0,1
gauge,44,2,13,5,scan,7000,2048,0,0,0,1
gauge,44,2,14,6,scan,8000,2048,0,0,0,1
gauge,44,2,14,6,pruned,300,0,32,0,0,1
gauge,44,2,15,7,pruned,100,0,32,0,0,1
gauge,44,2,15,7,scan,5000,2048,0,0,0,1
gauge,44,2,16,0,scan,7200,2048,0,2048,2048,1
gauge,44,2,16,0,pruned,7300,2048,0,2048,2048,1
gauge,44,2,17,1,pruned,900,128,30,32,32,1
gauge,44,2,17,1,scan,5600,2048,0,32,32,1
gauge,44,2,18,2,scan,10800,2048,0,526,526,1
gauge,44,2,18,2,pruned,10600,2048,0,526,526,1
gauge,44,2,19,3,pruned,400,0,32,0,0,1
gauge,44,2,19,3,scan,7100,2048,0,0,0,1
gauge,44,2,20,4,scan,7000,2048,0,0,0,1
gauge,44,2,20,4,pruned,400,0,32,0,0,1
gauge,44,2,21,5,pruned,400,0,32,0,0,1
gauge,44,2,21,5,scan,7000,2048,0,0,0,1
gauge,44,2,22,6,scan,8000,2048,0,0,0,1
gauge,44,2,22,6,pruned,200,0,32,0,0,1
gauge,44,2,23,7,pruned,0,0,32,0,0,1
gauge,44,2,23,7,scan,4800,2048,0,0,0,1
gauge,44,2,24,0,scan,7100,2048,0,2048,2048,1
gauge,44,2,24,0,pruned,7300,2048,0,2048,2048,1
gauge,44,2,25,1,pruned,800,128,30,32,32,1
gauge,44,2,25,1,scan,5400,2048,0,32,32,1
gauge,44,2,26,2,scan,10200,2048,0,474,474,1
gauge,44,2,26,2,pruned,10200,2048,0,474,474,1
gauge,44,2,27,3,pruned,400,0,32,0,0,1
gauge,44,2,27,3,scan,7100,2048,0,0,0,1
gauge,44,2,28,4,scan,7000,2048,0,0,0,1
gauge,44,2,28,4,pruned,500,0,32,0,0,1
gauge,44,2,29,5,pruned,400,0,32,0,0,1
gauge,44,2,29,5,scan,7100,2048,0,0,0,1
gauge,44,2,30,6,scan,7900,2048,0,0,0,1
gauge,44,2,30,6,pruned,300,0,32,0,0,1
gauge,44,2,31,7,pruned,100,0,32,0,0,1
gauge,44,2,31,7,scan,4800,2048,0,0,0,1
gauge,44,2,32,0,scan,7000,2048,0,2048,2048,1
gauge,44,2,32,0,pruned,7200,2048,0,2048,2048,1
gauge,44,2,33,1,pruned,800,128,30,32,32,1
gauge,44,2,33,1,scan,5300,2048,0,32,32,1
gauge,44,2,34,2,scan,4700,2048,0,0,0,1
gauge,44,2,34,2,pruned,200,0,32,0,0,1
gauge,44,2,35,3,pruned,400,0,32,0,0,1
gauge,44,2,35,3,scan,7000,2048,0,0,0,1
gauge,44,2,36,4,scan,7000,2048,0,0,0,1
gauge,44,2,36,4,pruned,500,0,32,0,0,1
gauge,44,2,37,5,pruned,400,0,32,0,0,1
gauge,44,2,37,5,scan,7100,2048,0,0,0,1
gauge,44,2,38,6,scan,8000,2048,0,0,0,1
gauge,44,2,38,6,pruned,200,0,32,0,0,1
gauge,44,2,39,7,pruned,100,0,32,0,0,1
gauge,44,2,39,7,scan,4800,2048,0,0,0,1
gauge,44,2,40,0,scan,7000,2048,0,2048,2048,1
gauge,44,2,40,0,pruned,7200,2048,0,2048,2048,1
gauge,44,2,41,1,pruned,800,128,30,32,32,1
gauge,44,2,41,1,scan,5500,2048,0,32,32,1
gauge,44,2,42,2,scan,4700,2048,0,0,0,1
gauge,44,2,42,2,pruned,200,0,32,0,0,1
gauge,44,2,43,3,pruned,400,0,32,0,0,1
gauge,44,2,43,3,scan,7000,2048,0,0,0,1
gauge,44,2,44,4,scan,7000,2048,0,0,0,1
gauge,44,2,44,4,pruned,500,0,32,0,0,1
gauge,44,2,45,5,pruned,400,0,32,0,0,1
gauge,44,2,45,5,scan,7000,2048,0,0,0,1
gauge,44,2,46,6,scan,8000,2048,0,0,0,1
gauge,44,2,46,6,pruned,300,0,32,0,0,1
gauge,44,2,47,7,pruned,100,0,32,0,0,1
gauge,44,2,47,7,scan,4800,2048,0,0,0,1
gauge,44,2,48,0,scan,6900,2048,0,2048,2048,1
gauge,44,2,48,0,pruned,7100,2048,0,2048,2048,1
gauge,44,2,49,1,pruned,800,128,30,32,32,1
gauge,44,2,49,1,scan,5400,2048,0,32,32,1
gauge,44,2,50,2,scan,4700,2048,0,0,0,1
gauge,44,2,50,2,pruned,200,0,32,0,0,1
gauge,44,2,51,3,pruned,400,0,32,0,0,1
gauge,44,2,51,3,scan,7000,2048,0,0,0,1
gauge,44,2,52,4,scan,7000,2048,0,0,0,1
gauge,44,2,52,4,pruned,400,0,32,0,0,1
gauge,44,2,53,5,pruned,300,0,32,0,0,1
gauge,44,2,53,5,scan,7000,2048,0,0,0,1
gauge,44,2,54,6,scan,8000,2048,0,0,0,1
gauge,44,2,54,6,pruned,200,0,32,0,0,1
gauge,44,2,55,7,pruned,100,0,32,0,0,1
gauge,44,2,55,7,scan,4800,2048,0,0,0,1
gauge,44,2,56,0,scan,7000,2048,0,2048,2048,1
gauge,44,2,56,0,pruned,7200,2048,0,2048,2048,1
gauge,44,2,57,1,pruned,800,128,30,32,32,1
gauge,44,2,57,1,scan,5400,2048,0,32,32,1
gauge,44,2,58,2,scan,4700,2048,0,0,0,1
gauge,44,2,58,2,pruned,300,0,32,0,0,1
gauge,44,2,59,3,pruned,500,0,32,0,0,1
gauge,44,2,59,3,scan,7100,2048,0,0,0,1
gauge,44,2,60,4,scan,6900,2048,0,0,0,1
gauge,44,2,60,4,pruned,400,0,32,0,0,1
gauge,44,2,61,5,pruned,300,0,32,0,0,1
gauge,44,2,61,5,scan,7000,2048,0,0,0,1
gauge,44,2,62,6,scan,8000,2048,0,0,0,1
gauge,44,2,62,6,pruned,200,0,32,0,0,1
gauge,44,2,63,7,pruned,100,0,32,0,0,1
gauge,44,2,63,7,scan,4800,2048,0,0,0,1
gauge,44,2,64,0,scan,7000,2048,0,2048,2048,1
gauge,44,2,64,0,pruned,7100,2048,0,2048,2048,1
gauge,44,2,65,1,pruned,800,128,30,32,32,1
gauge,44,2,65,1,scan,5400,2048,0,32,32,1
gauge,44,2,66,2,scan,4700,2048,0,0,0,1
gauge,44,2,66,2,pruned,200,0,32,0,0,1
gauge,44,2,67,3,pruned,400,0,32,0,0,1
gauge,44,2,67,3,scan,7000,2048,0,0,0,1
gauge,44,2,68,4,scan,7000,2048,0,0,0,1
gauge,44,2,68,4,pruned,500,0,32,0,0,1
gauge,44,2,69,5,pruned,400,0,32,0,0,1
gauge,44,2,69,5,scan,7100,2048,0,0,0,1
gauge,44,2,70,6,scan,8000,2048,0,0,0,1
gauge,44,2,70,6,pruned,200,0,32,0,0,1
gauge,44,2,71,7,pruned,100,0,32,0,0,1
gauge,44,2,71,7,scan,4900,2048,0,0,0,1
gauge,44,2,72,0,scan,7000,2048,0,2048,2048,1
gauge,44,2,72,0,pruned,7100,2048,0,2048,2048,1
gauge,44,2,73,1,pruned,800,128,30,32,32,1
gauge,44,2,73,1,scan,5400,2048,0,32,32,1
gauge,44,2,74,2,scan,4600,2048,0,0,0,1
gauge,44,2,74,2,pruned,200,0,32,0,0,1
gauge,44,2,75,3,pruned,400,0,32,0,0,1
gauge,44,2,75,3,scan,7100,2048,0,0,0,1
gauge,44,2,76,4,scan,7000,2048,0,0,0,1
gauge,44,2,76,4,pruned,400,0,32,0,0,1
gauge,44,2,77,5,pruned,300,0,32,0,0,1
gauge,44,2,77,5,scan,6900,2048,0,0,0,1
gauge,44,2,78,6,scan,8000,2048,0,0,0,1
gauge,44,2,78,6,pruned,200,0,32,0,0,1
gauge,44,2,79,7,pruned,100,0,32,0,0,1
gauge,44,2,79,7,scan,4800,2048,0,0,0,1
gauge,44,2,80,0,scan,7000,2048,0,2048,2048,1
gauge,44,2,80,0,pruned,7200,2048,0,2048,2048,1
gauge,44,2,81,1,pruned,800,128,30,32,32,1
gauge,44,2,81,1,scan,5400,2048,0,32,32,1
gauge,44,2,82,2,scan,4700,2048,0,0,0,1
gauge,44,2,82,2,pruned,200,0,32,0,0,1
gauge,44,2,83,3,pruned,400,0,32,0,0,1
gauge,44,2,83,3,scan,7100,2048,0,0,0,1
gauge,44,2,84,4,scan,6900,2048,0,0,0,1
gauge,44,2,84,4,pruned,400,0,32,0,0,1
gauge,44,2,85,5,pruned,300,0,32,0,0,1
gauge,44,2,85,5,scan,7000,2048,0,0,0,1
gauge,44,2,86,6,scan,8000,2048,0,0,0,1
gauge,44,2,86,6,pruned,200,0,32,0,0,1
gauge,44,2,87,7,pruned,100,0,32,0,0,1
gauge,44,2,87,7,scan,4800,2048,0,0,0,1
gauge,44,2,88,0,scan,7000,2048,0,2048,2048,1
gauge,44,2,88,0,pruned,7100,2048,0,2048,2048,1
gauge,44,2,89,1,pruned,900,128,30,32,32,1
gauge,44,2,89,1,scan,5400,2048,0,32,32,1
gauge,44,2,90,2,scan,4700,2048,0,0,0,1
gauge,44,2,90,2,pruned,200,0,32,0,0,1
gauge,44,2,91,3,pruned,500,0,32,0,0,1
gauge,44,2,91,3,scan,7100,2048,0,0,0,1
gauge,44,2,92,4,scan,7000,2048,0,0,0,1
gauge,44,2,92,4,pruned,400,0,32,0,0,1
gauge,44,2,93,5,pruned,300,0,32,0,0,1
gauge,44,2,93,5,scan,7100,2048,0,0,0,1
gauge,44,2,94,6,scan,8000,2048,0,0,0,1
gauge,44,2,94,6,pruned,200,0,32,0,0,1
gauge,44,2,95,7,pruned,100,0,32,0,0,1
gauge,44,2,95,7,scan,6000,2048,0,0,0,1
gauge,44,2,96,0,scan,8300,2048,0,2048,2048,1
gauge,44,2,96,0,pruned,7400,2048,0,2048,2048,1
gauge,44,2,97,1,pruned,900,128,30,32,32,1
gauge,44,2,97,1,scan,5600,2048,0,32,32,1
gauge,44,2,98,2,scan,4800,2048,0,0,0,1
gauge,44,2,98,2,pruned,300,0,32,0,0,1
gauge,44,2,99,3,pruned,400,0,32,0,0,1
gauge,44,2,99,3,scan,7200,2048,0,0,0,1
gauge,44,2,100,4,scan,7000,2048,0,0,0,1
gauge,44,2,100,4,pruned,500,0,32,0,0,1
gauge,44,2,101,5,pruned,400,0,32,0,0,1
gauge,44,2,101,5,scan,7100,2048,0,0,0,1
gauge,44,2,102,6,scan,8000,2048,0,0,0,1
gauge,44,2,102,6,pruned,300,0,32,0,0,1
gauge,44,2,103,7,pruned,100,0,32,0,0,1
gauge,44,2,103,7,scan,4800,2048,0,0,0,1
gauge,44,2,104,0,scan,7100,2048,0,2048,2048,1
gauge,44,2,104,0,pruned,7100,2048,0,2048,2048,1
gauge,44,2,105,1,pruned,800,128,30,32,32,1
gauge,44,2,105,1,scan,5400,2048,0,32,32,1
gauge,44,2,106,2,scan,4700,2048,0,0,0,1
gauge,44,2,106,2,pruned,200,0,32,0,0,1
gauge,44,2,107,3,pruned,500,0,32,0,0,1
gauge,44,2,107,3,scan,7100,2048,0,0,0,1
gauge,44,2,108,4,scan,6900,2048,0,0,0,1
gauge,44,2,108,4,pruned,500,0,32,0,0,1
gauge,44,2,109,5,pruned,400,0,32,0,0,1
gauge,44,2,109,5,scan,6900,2048,0,0,0,1
gauge,44,2,110,6,scan,8000,2048,0,0,0,1
gauge,44,2,110,6,pruned,200,0,32,0,0,1
gauge,44,2,111,7,pruned,100,0,32,0,0,1
gauge,44,2,111,7,scan,4800,2048,0,0,0,1
gauge,44,2,112,0,scan,6900,2048,0,2048,2048,1
gauge,44,2,112,0,pruned,7200,2048,0,2048,2048,1
gauge,44,2,113,1,pruned,800,128,30,32,32,1
gauge,44,2,113,1,scan,5400,2048,0,32,32,1
gauge,44,2,114,2,scan,4700,2048,0,0,0,1
gauge,44,2,114,2,pruned,300,0,32,0,0,1
gauge,44,2,115,3,pruned,500,0,32,0,0,1
gauge,44,2,115,3,scan,7100,2048,0,0,0,1
gauge,44,2,116,4,scan,7000,2048,0,0,0,1
gauge,44,2,116,4,pruned,400,0,32,0,0,1
gauge,44,2,117,5,pruned,300,0,32,0,0,1
gauge,44,2,117,5,scan,7000,2048,0,0,0,1
gauge,44,2,118,6,scan,8000,2048,0,0,0,1
gauge,44,2,118,6,pruned,200,0,32,0,0,1
gauge,44,2,119,7,pruned,100,0,32,0,0,1
gauge,44,2,119,7,scan,4800,2048,0,0,0,1
gauge,44,2,120,0,scan,6900,2048,0,2048,2048,1
gauge,44,2,120,0,pruned,7100,2048,0,2048,2048,1
gauge,44,2,121,1,pruned,800,128,30,32,32,1
gauge,44,2,121,1,scan,5500,2048,0,32,32,1
gauge,44,2,122,2,scan,4700,2048,0,0,0,1
gauge,44,2,122,2,pruned,200,0,32,0,0,1
gauge,44,2,123,3,pruned,500,0,32,0,0,1
gauge,44,2,123,3,scan,6900,2048,0,0,0,1
gauge,44,2,124,4,scan,7000,2048,0,0,0,1
gauge,44,2,124,4,pruned,500,0,32,0,0,1
gauge,44,2,125,5,pruned,400,0,32,0,0,1
gauge,44,2,125,5,scan,7000,2048,0,0,0,1
gauge,44,2,126,6,scan,8100,2048,0,0,0,1
gauge,44,2,126,6,pruned,200,0,32,0,0,1
gauge,44,2,127,7,pruned,100,0,32,0,0,1
gauge,44,2,127,7,scan,4800,2048,0,0,0,1
gauge,44,3,0,0,pruned,7200,2048,0,2048,2048,1
gauge,44,3,0,0,scan,7000,2048,0,2048,2048,1
gauge,44,3,1,1,scan,5300,2048,0,32,32,1
gauge,44,3,1,1,pruned,500,64,31,32,32,1
gauge,44,3,2,2,pruned,10800,2048,0,510,510,1
gauge,44,3,2,2,scan,10500,2048,0,510,510,1
gauge,44,3,3,3,scan,7100,2048,0,0,0,1
gauge,44,3,3,3,pruned,500,0,32,0,0,1
gauge,44,3,4,4,pruned,400,0,32,0,0,1
gauge,44,3,4,4,scan,7100,2048,0,0,0,1
gauge,44,3,5,5,scan,6900,2048,0,0,0,1
gauge,44,3,5,5,pruned,500,0,32,0,0,1
gauge,44,3,6,6,pruned,200,0,32,0,0,1
gauge,44,3,6,6,scan,8100,2048,0,0,0,1
gauge,44,3,7,7,scan,4800,2048,0,0,0,1
gauge,44,3,7,7,pruned,100,0,32,0,0,1
gauge,44,3,8,0,pruned,7200,2048,0,2048,2048,1
gauge,44,3,8,0,scan,7000,2048,0,2048,2048,1
gauge,44,3,9,1,scan,5500,2048,0,32,32,1
gauge,44,3,9,1,pruned,900,128,30,32,32,1
gauge,44,3,10,2,pruned,11000,2048,0,538,538,1
gauge,44,3,10,2,scan,10500,2048,0,538,538,1
gauge,44,3,11,3,scan,32400,2048,0,0,0,1
gauge,44,3,11,3,pruned,500,0,32,0,0,1
gauge,44,3,12,4,pruned,300,0,32,0,0,1
gauge,44,3,12,4,scan,7800,2048,0,0,0,1
gauge,44,3,13,5,scan,7100,2048,0,0,0,1
gauge,44,3,13,5,pruned,400,0,32,0,0,1
gauge,44,3,14,6,pruned,200,0,32,0,0,1
gauge,44,3,14,6,scan,8100,2048,0,0,0,1
gauge,44,3,15,7,scan,4900,2048,0,0,0,1
gauge,44,3,15,7,pruned,100,0,32,0,0,1
gauge,44,3,16,0,pruned,8400,2048,0,2048,2048,1
gauge,44,3,16,0,scan,7200,2048,0,2048,2048,1
gauge,44,3,17,1,scan,5500,2048,0,32,32,1
gauge,44,3,17,1,pruned,900,128,30,32,32,1
gauge,44,3,18,2,pruned,11000,2048,0,526,526,1
gauge,44,3,18,2,scan,10500,2048,0,526,526,1
gauge,44,3,19,3,scan,7100,2048,0,0,0,1
gauge,44,3,19,3,pruned,500,0,32,0,0,1
gauge,44,3,20,4,pruned,400,0,32,0,0,1
gauge,44,3,20,4,scan,7100,2048,0,0,0,1
gauge,44,3,21,5,scan,7000,2048,0,0,0,1
gauge,44,3,21,5,pruned,400,0,32,0,0,1
gauge,44,3,22,6,pruned,200,0,32,0,0,1
gauge,44,3,22,6,scan,24500,2048,0,0,0,1
gauge,44,3,23,7,scan,5400,2048,0,0,0,1
gauge,44,3,23,7,pruned,200,0,32,0,0,1
gauge,44,3,24,0,pruned,8400,2048,0,2048,2048,1
gauge,44,3,24,0,scan,7200,2048,0,2048,2048,1
gauge,44,3,25,1,scan,5700,2048,0,32,32,1
gauge,44,3,25,1,pruned,900,128,30,32,32,1
gauge,44,3,26,2,pruned,10600,2048,0,474,474,1
gauge,44,3,26,2,scan,9900,2048,0,474,474,1
gauge,44,3,27,3,scan,7200,2048,0,0,0,1
gauge,44,3,27,3,pruned,500,0,32,0,0,1
gauge,44,3,28,4,pruned,400,0,32,0,0,1
gauge,44,3,28,4,scan,7100,2048,0,0,0,1
gauge,44,3,29,5,scan,7000,2048,0,0,0,1
gauge,44,3,29,5,pruned,400,0,32,0,0,1
gauge,44,3,30,6,pruned,200,0,32,0,0,1
gauge,44,3,30,6,scan,8100,2048,0,0,0,1
gauge,44,3,31,7,scan,4800,2048,0,0,0,1
gauge,44,3,31,7,pruned,0,0,32,0,0,1
gauge,44,3,32,0,pruned,7200,2048,0,2048,2048,1
gauge,44,3,32,0,scan,6900,2048,0,2048,2048,1
gauge,44,3,33,1,scan,5500,2048,0,32,32,1
gauge,44,3,33,1,pruned,900,128,30,32,32,1
gauge,44,3,34,2,pruned,300,0,32,0,0,1
gauge,44,3,34,2,scan,4800,2048,0,0,0,1
gauge,44,3,35,3,scan,7000,2048,0,0,0,1
gauge,44,3,35,3,pruned,400,0,32,0,0,1
gauge,44,3,36,4,pruned,400,0,32,0,0,1
gauge,44,3,36,4,scan,7100,2048,0,0,0,1
gauge,44,3,37,5,scan,6900,2048,0,0,0,1
gauge,44,3,37,5,pruned,400,0,32,0,0,1
gauge,44,3,38,6,pruned,200,0,32,0,0,1
gauge,44,3,38,6,scan,8000,2048,0,0,0,1
gauge,44,3,39,7,scan,4800,2048,0,0,0,1
gauge,44,3,39,7,pruned,100,0,32,0,0,1
gauge,44,3,40,0,pruned,7200,2048,0,2048,2048,1
gauge,44,3,40,0,scan,7000,2048,0,2048,2048,1
gauge,44,3,41,1,scan,5500,2048,0,32,32,1
gauge,44,3,41,1,pruned,800,128,30,32,32,1
gauge,44,3,42,2,pruned,200,0,32,0,0,1
gauge,44,3,42,2,scan,4700,2048,0,0,0,1
gauge,44,3,43,3,scan,7000,2048,0,0,0,1
gauge,44,3,43,3,pruned,400,0,32,0,0,1
gauge,44,3,44,4,pruned,300,0,32,0,0,1
gauge,44,3,44,4,scan,7000,2048,0,0,0,1
gauge,44,3,45,5,scan,7000,2048,0,0,0,1
gauge,44,3,45,5,pruned,500,0,32,0,0,1
gauge,44,3,46,6,pruned,200,0,32,0,0,1
gauge,44,3,46,6,scan,8100,2048,0,0,0,1
gauge,44,3,47,7,scan,4700,2048,0,0,0,1
gauge,44,3,47,7,pruned,100,0,32,0,0,1
gauge,44,3,48,0,pruned,7200,2048,0,2048,2048,1
gauge,44,3,48,0,scan,6900,2048,0,2048,2048,1
gauge,44,3,49,1,scan,5500,2048,0,32,32,1
gauge,44,3,49,1,pruned,800,128,30,32,32,1
gauge,44,3,50,2,pruned,100,0,32,0,0,1
gauge,44,3,50,2,scan,4700,2048,0,0,0,1
gauge,44,3,51,3,scan,7000,2048,0,0,0,1
gauge,44,3,51,3,pruned,400,0,32,0,0,1
gauge,44,3,52,4,pruned,300,0,32,0,0,1
gauge,44,3,52,4,scan,7000,2048,0,0,0,1
gauge,44,3,53,5,scan,7000,2048,0,0,0,1
gauge,44,3,53,5,pruned,500,0,32,0,0,1
gauge,44,3,54,6,pruned,200,0,32,0,0,1
gauge,44,3,54,6,scan,8100,2048,0,0,0,1
gauge,44,3,55,7,scan,4700,2048,0,0,0,1
gauge,44,3,55,7,pruned,100,0,32,0,0,1
gauge,44,3,56,0,pruned,7200,2048,0,2048,2048,1
gauge,44,3,56,0,scan,6900,2048,0,2048,2048,1
gauge,44,3,57,1,scan,5400,2048,0,32,32,1
gauge,44,3,57,1,pruned,800,128,30,32,32,1
gauge,44,3,58,2,pruned,200,0,32,0,0,1
gauge,44,3,58,2,scan,4800,2048,0,0,0,1
gauge,44,3,59,3,scan,7100,2048,0,0,0,1
gauge,44,3,59,3,pruned,500,0,32,0,0,1
gauge,44,3,60,4,pruned,400,0,32,0,0,1
gauge,44,3,60,4,scan,7100,2048,0,0,0,1
gauge,44,3,61,5,scan,7000,2048,0,0,0,1
gauge,44,3,61,5,pruned,500,0,32,0,0,1
gauge,44,3,62,6,pruned,200,0,32,0,0,1
gauge,44,3,62,6,scan,8100,2048,0,0,0,1
gauge,44,3,63,7,scan,4800,2048,0,0,0,1
gauge,44,3,63,7,pruned,100,0,32,0,0,1
gauge,44,3,64,0,pruned,7100,2048,0,2048,2048,1
gauge,44,3,64,0,scan,6900,2048,0,2048,2048,1
gauge,44,3,65,1,scan,5400,2048,0,32,32,1
gauge,44,3,65,1,pruned,800,128,30,32,32,1
gauge,44,3,66,2,pruned,200,0,32,0,0,1
gauge,44,3,66,2,scan,4800,2048,0,0,0,1
gauge,44,3,67,3,scan,7000,2048,0,0,0,1
gauge,44,3,67,3,pruned,400,0,32,0,0,1
gauge,44,3,68,4,pruned,400,0,32,0,0,1
gauge,44,3,68,4,scan,7000,2048,0,0,0,1
gauge,44,3,69,5,scan,7000,2048,0,0,0,1
gauge,44,3,69,5,pruned,700,0,32,0,0,1
gauge,44,3,70,6,pruned,300,0,32,0,0,1
gauge,44,3,70,6,scan,8700,2048,0,0,0,1
gauge,44,3,71,7,scan,4900,2048,0,0,0,1
gauge,44,3,71,7,pruned,100,0,32,0,0,1
gauge,44,3,72,0,pruned,8300,2048,0,2048,2048,1
gauge,44,3,72,0,scan,7300,2048,0,2048,2048,1
gauge,44,3,73,1,scan,5500,2048,0,32,32,1
gauge,44,3,73,1,pruned,900,128,30,32,32,1
gauge,44,3,74,2,pruned,200,0,32,0,0,1
gauge,44,3,74,2,scan,4800,2048,0,0,0,1
gauge,44,3,75,3,scan,7100,2048,0,0,0,1
gauge,44,3,75,3,pruned,500,0,32,0,0,1
gauge,44,3,76,4,pruned,300,0,32,0,0,1
gauge,44,3,76,4,scan,7200,2048,0,0,0,1
gauge,44,3,77,5,scan,7000,2048,0,0,0,1
gauge,44,3,77,5,pruned,400,0,32,0,0,1
gauge,44,3,78,6,pruned,100,0,32,0,0,1
gauge,44,3,78,6,scan,8100,2048,0,0,0,1
gauge,44,3,79,7,scan,4800,2048,0,0,0,1
gauge,44,3,79,7,pruned,100,0,32,0,0,1
gauge,44,3,80,0,pruned,7300,2048,0,2048,2048,1
gauge,44,3,80,0,scan,7000,2048,0,2048,2048,1
gauge,44,3,81,1,scan,5500,2048,0,32,32,1
gauge,44,3,81,1,pruned,700,128,30,32,32,1
gauge,44,3,82,2,pruned,200,0,32,0,0,1
gauge,44,3,82,2,scan,4700,2048,0,0,0,1
gauge,44,3,83,3,scan,7000,2048,0,0,0,1
gauge,44,3,83,3,pruned,400,0,32,0,0,1
gauge,44,3,84,4,pruned,300,0,32,0,0,1
gauge,44,3,84,4,scan,7000,2048,0,0,0,1
gauge,44,3,85,5,scan,6900,2048,0,0,0,1
gauge,44,3,85,5,pruned,500,0,32,0,0,1
gauge,44,3,86,6,pruned,200,0,32,0,0,1
gauge,44,3,86,6,scan,8100,2048,0,0,0,1
gauge,44,3,87,7,scan,4800,2048,0,0,0,1
gauge,44,3,87,7,pruned,100,0,32,0,0,1
gauge,44,3,88,0,pruned,7100,2048,0,2048,2048,1
gauge,44,3,88,0,scan,7100,2048,0,2048,2048,1
gauge,44,3,89,1,scan,5400,2048,0,32,32,1
gauge,44,3,89,1,pruned,800,128,30,32,32,1
gauge,44,3,90,2,pruned,200,0,32,0,0,1
gauge,44,3,90,2,scan,4800,2048,0,0,0,1
gauge,44,3,91,3,scan,7000,2048,0,0,0,1
gauge,44,3,91,3,pruned,500,0,32,0,0,1
gauge,44,3,92,4,pruned,400,0,32,0,0,1
gauge,44,3,92,4,scan,7000,2048,0,0,0,1
gauge,44,3,93,5,scan,6900,2048,0,0,0,1
gauge,44,3,93,5,pruned,500,0,32,0,0,1
gauge,44,3,94,6,pruned,200,0,32,0,0,1
gauge,44,3,94,6,scan,8000,2048,0,0,0,1
gauge,44,3,95,7,scan,4700,2048,0,0,0,1
gauge,44,3,95,7,pruned,0,0,32,0,0,1
gauge,44,3,96,0,pruned,7200,2048,0,2048,2048,1
gauge,44,3,96,0,scan,7000,2048,0,2048,2048,1
gauge,44,3,97,1,scan,5600,2048,0,32,32,1
gauge,44,3,97,1,pruned,700,128,30,32,32,1
gauge,44,3,98,2,pruned,200,0,32,0,0,1
gauge,44,3,98,2,scan,4800,2048,0,0,0,1
gauge,44,3,99,3,scan,6900,2048,0,0,0,1
gauge,44,3,99,3,pruned,400,0,32,0,0,1
gauge,44,3,100,4,pruned,300,0,32,0,0,1
gauge,44,3,100,4,scan,7100,2048,0,0,0,1
gauge,44,3,101,5,scan,7000,2048,0,0,0,1
gauge,44,3,101,5,pruned,400,0,32,0,0,1
gauge,44,3,102,6,pruned,100,0,32,0,0,1
gauge,44,3,102,6,scan,8100,2048,0,0,0,1
gauge,44,3,103,7,scan,4700,2048,0,0,0,1
gauge,44,3,103,7,pruned,100,0,32,0,0,1
gauge,44,3,104,0,pruned,7100,2048,0,2048,2048,1
gauge,44,3,104,0,scan,6900,2048,0,2048,2048,1
gauge,44,3,105,1,scan,5500,2048,0,32,32,1
gauge,44,3,105,1,pruned,700,128,30,32,32,1
gauge,44,3,106,2,pruned,200,0,32,0,0,1
gauge,44,3,106,2,scan,4800,2048,0,0,0,1
gauge,44,3,107,3,scan,7000,2048,0,0,0,1
gauge,44,3,107,3,pruned,400,0,32,0,0,1
gauge,44,3,108,4,pruned,300,0,32,0,0,1
gauge,44,3,108,4,scan,7000,2048,0,0,0,1
gauge,44,3,109,5,scan,7000,2048,0,0,0,1
gauge,44,3,109,5,pruned,500,0,32,0,0,1
gauge,44,3,110,6,pruned,200,0,32,0,0,1
gauge,44,3,110,6,scan,8100,2048,0,0,0,1
gauge,44,3,111,7,scan,4700,2048,0,0,0,1
gauge,44,3,111,7,pruned,100,0,32,0,0,1
gauge,44,3,112,0,pruned,7100,2048,0,2048,2048,1
gauge,44,3,112,0,scan,6800,2048,0,2048,2048,1
gauge,44,3,113,1,scan,5400,2048,0,32,32,1
gauge,44,3,113,1,pruned,700,128,30,32,32,1
gauge,44,3,114,2,pruned,200,0,32,0,0,1
gauge,44,3,114,2,scan,4800,2048,0,0,0,1
gauge,44,3,115,3,scan,7000,2048,0,0,0,1
gauge,44,3,115,3,pruned,500,0,32,0,0,1
gauge,44,3,116,4,pruned,300,0,32,0,0,1
gauge,44,3,116,4,scan,7000,2048,0,0,0,1
gauge,44,3,117,5,scan,6900,2048,0,0,0,1
gauge,44,3,117,5,pruned,500,0,32,0,0,1
gauge,44,3,118,6,pruned,200,0,32,0,0,1
gauge,44,3,118,6,scan,8100,2048,0,0,0,1
gauge,44,3,119,7,scan,4700,2048,0,0,0,1
gauge,44,3,119,7,pruned,100,0,32,0,0,1
gauge,44,3,120,0,pruned,7200,2048,0,2048,2048,1
gauge,44,3,120,0,scan,7000,2048,0,2048,2048,1
gauge,44,3,121,1,scan,5400,2048,0,32,32,1
gauge,44,3,121,1,pruned,600,128,30,32,32,1
gauge,44,3,122,2,pruned,200,0,32,0,0,1
gauge,44,3,122,2,scan,4900,2048,0,0,0,1
gauge,44,3,123,3,scan,7000,2048,0,0,0,1
gauge,44,3,123,3,pruned,400,0,32,0,0,1
gauge,44,3,124,4,pruned,400,0,32,0,0,1
gauge,44,3,124,4,scan,7000,2048,0,0,0,1
gauge,44,3,125,5,scan,6900,2048,0,0,0,1
gauge,44,3,125,5,pruned,400,0,32,0,0,1
gauge,44,3,126,6,pruned,200,0,32,0,0,1
gauge,44,3,126,6,scan,8100,2048,0,0,0,1
gauge,44,3,127,7,scan,4700,2048,0,0,0,1
gauge,44,3,127,7,pruned,100,0,32,0,0,1
gauge,44,4,0,0,scan,7100,2048,0,2048,2048,1
gauge,44,4,0,0,pruned,7100,2048,0,2048,2048,1
gauge,44,4,1,1,pruned,700,64,31,32,32,1
gauge,44,4,1,1,scan,5300,2048,0,32,32,1
gauge,44,4,2,2,scan,10600,2048,0,510,510,1
gauge,44,4,2,2,pruned,10500,2048,0,510,510,1
gauge,44,4,3,3,pruned,400,0,32,0,0,1
gauge,44,4,3,3,scan,7200,2048,0,0,0,1
gauge,44,4,4,4,scan,7000,2048,0,0,0,1
gauge,44,4,4,4,pruned,400,0,32,0,0,1
gauge,44,4,5,5,pruned,400,0,32,0,0,1
gauge,44,4,5,5,scan,7000,2048,0,0,0,1
gauge,44,4,6,6,scan,8100,2048,0,0,0,1
gauge,44,4,6,6,pruned,300,0,32,0,0,1
gauge,44,4,7,7,pruned,100,0,32,0,0,1
gauge,44,4,7,7,scan,4800,2048,0,0,0,1
gauge,44,4,8,0,scan,7100,2048,0,2048,2048,1
gauge,44,4,8,0,pruned,7100,2048,0,2048,2048,1
gauge,44,4,9,1,pruned,900,128,30,32,32,1
gauge,44,4,9,1,scan,5300,2048,0,32,32,1
gauge,44,4,10,2,scan,10800,2048,0,538,538,1
gauge,44,4,10,2,pruned,10800,2048,0,538,538,1
gauge,44,4,11,3,pruned,400,0,32,0,0,1
gauge,44,4,11,3,scan,7100,2048,0,0,0,1
gauge,44,4,12,4,scan,7000,2048,0,0,0,1
gauge,44,4,12,4,pruned,400,0,32,0,0,1
gauge,44,4,13,5,pruned,300,0,32,0,0,1
gauge,44,4,13,5,scan,6900,2048,0,0,0,1
gauge,44,4,14,6,scan,8100,2048,0,0,0,1
gauge,44,4,14,6,pruned,200,0,32,0,0,1
gauge,44,4,15,7,pruned,100,0,32,0,0,1
gauge,44,4,15,7,scan,4800,2048,0,0,0,1
gauge,44,4,16,0,scan,7100,2048,0,2048,2048,1
gauge,44,4,16,0,pruned,7100,2048,0,2048,2048,1
gauge,44,4,17,1,pruned,800,128,30,32,32,1
gauge,44,4,17,1,scan,5300,2048,0,32,32,1
gauge,44,4,18,2,scan,10800,2048,0,526,526,1
gauge,44,4,18,2,pruned,10600,2048,0,526,526,1
gauge,44,4,19,3,pruned,400,0,32,0,0,1
gauge,44,4,19,3,scan,7200,2048,0,0,0,1
gauge,44,4,20,4,scan,7000,2048,0,0,0,1
gauge,44,4,20,4,pruned,400,0,32,0,0,1
gauge,44,4,21,5,pruned,300,0,32,0,0,1
gauge,44,4,21,5,scan,7100,2048,0,0,0,1
gauge,44,4,22,6,scan,8100,2048,0,0,0,1
gauge,44,4,22,6,pruned,200,0,32,0,0,1
gauge,44,4,23,7,pruned,100,0,32,0,0,1
gauge,44,4,23,7,scan,4800,2048,0,0,0,1
gauge,44,4,24,0,scan,7100,2048,0,2048,2048,1
gauge,44,4,24,0,pruned,7200,2048,0,2048,2048,1
gauge,44,4,25,1,pruned,900,128,30,32,32,1
gauge,44,4,25,1,scan,5400,2048,0,32,32,1
gauge,44,4,26,2,scan,10000,2048,0,474,474,1
gauge,44,4,26,2,pruned,10300,2048,0,474,474,1
gauge,44,4,27,3,pruned,400,0,32,0,0,1
gauge,44,4,27,3,scan,7200,2048,0,0,0,1
gauge,44,4,28,4,scan,7000,2048,0,0,0,1
gauge,44,4,28,4,pruned,400,0,32,0,0,1
gauge,44,4,29,5,pruned,400,0,32,0,0,1
gauge,44,4,29,5,scan,7100,2048,0,0,0,1
gauge,44,4,30,6,scan,8100,2048,0,0,0,1
gauge,44,4,30,6,pruned,200,0,32,0,0,1
gauge,44,4,31,7,pruned,100,0,32,0,0,1
gauge,44,4,31,7,scan,4800,2048,0,0,0,1
gauge,44,4,32,0,scan,7000,2048,0,2048,2048,1
gauge,44,4,32,0,pruned,7100,2048,0,2048,2048,1
gauge,44,4,33,1,pruned,900,128,30,32,32,1
gauge,44,4,33,1,scan,5300,2048,0,32,32,1
gauge,44,4,34,2,scan,4700,2048,0,0,0,1
gauge,44,4,34,2,pruned,300,0,32,0,0,1
gauge,44,4,35,3,pruned,400,0,32,0,0,1
gauge,44,4,35,3,scan,7100,2048,0,0,0,1
gauge,44,4,36,4,scan,7000,2048,0,0,0,1
gauge,44,4,36,4,pruned,400,0,32,0,0,1
gauge,44,4,37,5,pruned,300,0,32,0,0,1
gauge,44,4,37,5,scan,7000,2048,0,0,0,1
gauge,44,4,38,6,scan,8000,2048,0,0,0,1
gauge,44,4,38,6,pruned,200,0,32,0,0,1
gauge,44,4,39,7,pruned,100,0,32,0,0,1
gauge,44,4,39,7,scan,4800,2048,0,0,0,1
gauge,44,4,40,0,scan,7100,2048,0,2048,2048,1
gauge,44,4,40,0,pruned,7100,2048,0,2048,2048,1
gauge,44,4,41,1,pruned,900,128,30,32,32,1
gauge,44,4,41,1,scan,5500,2048,0,32,32,1
gauge,44,4,42,2,scan,4700,2048,0,0,0,1
gauge,44,4,42,2,pruned,200,0,32,0,0,1
gauge,44,4,43,3,pruned,600,0,32,0,0,1
gauge,44,4,43,3,scan,7800,2048,0,0,0,1
gauge,44,4,44,4,scan,7000,2048,0,0,0,1
gauge,44,4,44,4,pruned,500,0,32,0,0,1
gauge,44,4,45,5,pruned,400,0,32,0,0,1
gauge,44,4,45,5,scan,7100,2048,0,0,0,1
gauge,44,4,46,6,scan,8000,2048,0,0,0,1
gauge,44,4,46,6,pruned,300,0,32,0,0,1
gauge,44,4,47,7,pruned,100,0,32,0,0,1
gauge,44,4,47,7,scan,4900,2048,0,0,0,1
gauge,44,4,48,0,scan,8300,2048,0,2048,2048,1
gauge,44,4,48,0,pruned,7400,2048,0,2048,2048,1
gauge,44,4,49,1,pruned,900,128,30,32,32,1
gauge,44,4,49,1,scan,5500,2048,0,32,32,1
gauge,44,4,50,2,scan,4800,2048,0,0,0,1
gauge,44,4,50,2,pruned,300,0,32,0,0,1
gauge,44,4,51,3,pruned,500,0,32,0,0,1
gauge,44,4,51,3,scan,7100,2048,0,0,0,1
gauge,44,4,52,4,scan,6900,2048,0,0,0,1
gauge,44,4,52,4,pruned,500,0,32,0,0,1
gauge,44,4,53,5,pruned,400,0,32,0,0,1
gauge,44,4,53,5,scan,7100,2048,0,0,0,1
gauge,44,4,54,6,scan,8000,2048,0,0,0,1
gauge,44,4,54,6,pruned,200,0,32,0,0,1
gauge,44,4,55,7,pruned,100,0,32,0,0,1
gauge,44,4,55,7,scan,4800,2048,0,0,0,1
gauge,44,4,56,0,scan,7100,2048,0,2048,2048,1
gauge,44,4,56,0,pruned,7100,2048,0,2048,2048,1
gauge,44,4,57,1,pruned,800,128,30,32,32,1
gauge,44,4,57,1,scan,5500,2048,0,32,32,1
gauge,44,4,58,2,scan,4700,2048,0,0,0,1
gauge,44,4,58,2,pruned,300,0,32,0,0,1
gauge,44,4,59,3,pruned,500,0,32,0,0,1
gauge,44,4,59,3,scan,7100,2048,0,0,0,1
gauge,44,4,60,4,scan,6900,2048,0,0,0,1
gauge,44,4,60,4,pruned,500,0,32,0,0,1
gauge,44,4,61,5,pruned,400,0,32,0,0,1
gauge,44,4,61,5,scan,7000,2048,0,0,0,1
gauge,44,4,62,6,scan,8000,2048,0,0,0,1
gauge,44,4,62,6,pruned,200,0,32,0,0,1
gauge,44,4,63,7,pruned,100,0,32,0,0,1
gauge,44,4,63,7,scan,4800,2048,0,0,0,1
gauge,44,4,64,0,scan,7000,2048,0,2048,2048,1
gauge,44,4,64,0,pruned,7100,2048,0,2048,2048,1
gauge,44,4,65,1,pruned,800,128,30,32,32,1
gauge,44,4,65,1,scan,5500,2048,0,32,32,1
gauge,44,4,66,2,scan,4700,2048,0,0,0,1
gauge,44,4,66,2,pruned,200,0,32,0,0,1
gauge,44,4,67,3,pruned,400,0,32,0,0,1
gauge,44,4,67,3,scan,7000,2048,0,0,0,1
gauge,44,4,68,4,scan,7000,2048,0,0,0,1
gauge,44,4,68,4,pruned,500,0,32,0,0,1
gauge,44,4,69,5,pruned,400,0,32,0,0,1
gauge,44,4,69,5,scan,7000,2048,0,0,0,1
gauge,44,4,70,6,scan,8000,2048,0,0,0,1
gauge,44,4,70,6,pruned,200,0,32,0,0,1
gauge,44,4,71,7,pruned,100,0,32,0,0,1
gauge,44,4,71,7,scan,4800,2048,0,0,0,1
gauge,44,4,72,0,scan,7000,2048,0,2048,2048,1
gauge,44,4,72,0,pruned,7100,2048,0,2048,2048,1
gauge,44,4,73,1,pruned,700,128,30,32,32,1
gauge,44,4,73,1,scan,5400,2048,0,32,32,1
gauge,44,4,74,2,scan,4700,2048,0,0,0,1
gauge,44,4,74,2,pruned,200,0,32,0,0,1
gauge,44,4,75,3,pruned,400,0,32,0,0,1
gauge,44,4,75,3,scan,7100,2048,0,0,0,1
gauge,44,4,76,4,scan,7100,2048,0,0,0,1
gauge,44,4,76,4,pruned,400,0,32,0,0,1
gauge,44,4,77,5,pruned,300,0,32,0,0,1
gauge,44,4,77,5,scan,7000,2048,0,0,0,1
gauge,44,4,78,6,scan,7900,2048,0,0,0,1
gauge,44,4,78,6,pruned,200,0,32,0,0,1
gauge,44,4,79,7,pruned,100,0,32,0,0,1
gauge,44,4,79,7,scan,4800,2048,0,0,0,1
gauge,44,4,80,0,scan,7000,2048,0,2048,2048,1
gauge,44,4,80,0,pruned,7200,2048,0,2048,2048,1
gauge,44,4,81,1,pruned,800,128,30,32,32,1
gauge,44,4,81,1,scan,5400,2048,0,32,32,1
gauge,44,4,82,2,scan,4700,2048,0,0,0,1
gauge,44,4,82,2,pruned,300,0,32,0,0,1
gauge,44,4,83,3,pruned,400,0,32,0,0,1
gauge,44,4,83,3,scan,7000,2048,0,0,0,1
gauge,44,4,84,4,scan,7000,2048,0,0,0,1
gauge,44,4,84,4,pruned,400,0,32,0,0,1
gauge,44,4,85,5,pruned,400,0,32,0,0,1
gauge,44,4,85,5,scan,7100,2048,0,0,0,1
gauge,44,4,86,6,scan,8100,2048,0,0,0,1
gauge,44,4,86,6,pruned,200,0,32,0,0,1
gauge,44,4,87,7,pruned,100,0,32,0,0,1
gauge,44,4,87,7,scan,4900,2048,0,0,0,1
gauge,44,4,88,0,scan,7000,2048,0,2048,2048,1
gauge,44,4,88,0,pruned,7100,2048,0,2048,2048,1
gauge,44,4,89,1,pruned,900,128,30,32,32,1
gauge,44,4,89,1,scan,5400,2048,0,32,32,1
gauge,44,4,90,2,scan,4700,2048,0,0,0,1
gauge,44,4,90,2,pruned,300,0,32,0,0,1
gauge,44,4,91,3,pruned,500,0,32,0,0,1
gauge,44,4,91,3,scan,7000,2048,0,0,0,1
gauge,44,4,92,4,scan,7000,2048,0,0,0,1
gauge,44,4,92,4,pruned,400,0,32,0,0,1
gauge,44,4,93,5,pruned,300,0,32,0,0,1
gauge,44,4,93,5,scan,7100,2048,0,0,0,1
gauge,44,4,94,6,scan,8000,2048,0,0,0,1
gauge,44,4,94,6,pruned,200,0,32,0,0,1
gauge,44,4,95,7,pruned,100,0,32,0,0,1
gauge,44,4,95,7,scan,4800,2048,0,0,0,1
gauge,44,4,96,0,scan,7000,2048,0,2048,2048,1
gauge,44,4,96,0,pruned,7200,2048,0,2048,2048,1
gauge,44,4,97,1,pruned,800,128,30,32,32,1
gauge,44,4,97,1,scan,5600,2048,0,32,32,1
gauge,44,4,98,2,scan,4700,2048,0,0,0,1
gauge,44,4,98,2,pruned,300,0,32,0,0,1
gauge,44,4,99,3,pruned,400,0,32,0,0,1
gauge,44,4,99,3,scan,7000,2048,0,0,0,1
gauge,44,4,100,4,scan,7000,2048,0,0,0,1
gauge,44,4,100,4,pruned,400,0,32,0,0,1
gauge,44,4,101,5,pruned,400,0,32,0,0,1
gauge,44,4,101,5,scan,7000,2048,0,0,0,1
gauge,44,4,102,6,scan,8000,2048,0,0,0,1
gauge,44,4,102,6,pruned,200,0,32,0,0,1
gauge,44,4,103,7,pruned,100,0,32,0,0,1
gauge,44,4,103,7,scan,4800,2048,0,0,0,1
gauge,44,4,104,0,scan,7100,2048,0,2048,2048,1
gauge,44,4,104,0,pruned,7100,2048,0,2048,2048,1
gauge,44,4,105,1,pruned,800,128,30,32,32,1
gauge,44,4,105,1,scan,5400,2048,0,32,32,1
gauge,44,4,106,2,scan,21500,2048,0,0,0,1
gauge,44,4,106,2,pruned,300,0,32,0,0,1
gauge,44,4,107,3,pruned,500,0,32,0,0,1
gauge,44,4,107,3,scan,7600,2048,0,0,0,1
gauge,44,4,108,4,scan,7000,2048,0,0,0,1
gauge,44,4,108,4,pruned,500,0,32,0,0,1
gauge,44,4,109,5,pruned,300,0,32,0,0,1
gauge,44,4,109,5,scan,7100,2048,0,0,0,1
gauge,44,4,110,6,scan,8100,2048,0,0,0,1
gauge,44,4,110,6,pruned,300,0,32,0,0,1
gauge,44,4,111,7,pruned,100,0,32,0,0,1
gauge,44,4,111,7,scan,4900,2048,0,0,0,1
gauge,44,4,112,0,scan,8200,2048,0,2048,2048,1
gauge,44,4,112,0,pruned,7400,2048,0,2048,2048,1
gauge,44,4,113,1,pruned,900,128,30,32,32,1
gauge,44,4,113,1,scan,5500,2048,0,32,32,1
gauge,44,4,114,2,scan,4700,2048,0,0,0,1
gauge,44,4,114,2,pruned,300,0,32,0,0,1
gauge,44,4,115,3,pruned,500,0,32,0,0,1
gauge,44,4,115,3,scan,7200,2048,0,0,0,1
gauge,44,4,116,4,scan,7100,2048,0,0,0,1
gauge,44,4,116,4,pruned,400,0,32,0,0,1
gauge,44,4,117,5,pruned,300,0,32,0,0,1
gauge,44,4,117,5,scan,7200,2048,0,0,0,1
gauge,44,4,118,6,scan,8200,2048,0,0,0,1
gauge,44,4,118,6,pruned,200,0,32,0,0,1
gauge,44,4,119,7,pruned,100,0,32,0,0,1
gauge,44,4,119,7,scan,4800,2048,0,0,0,1
gauge,44,4,120,0,scan,7400,2048,0,2048,2048,1
gauge,44,4,120,0,pruned,7200,2048,0,2048,2048,1
gauge,44,4,121,1,pruned,800,128,30,32,32,1
gauge,44,4,121,1,scan,5500,2048,0,32,32,1
gauge,44,4,122,2,scan,4700,2048,0,0,0,1
gauge,44,4,122,2,pruned,200,0,32,0,0,1
gauge,44,4,123,3,pruned,500,0,32,0,0,1
gauge,44,4,123,3,scan,7100,2048,0,0,0,1
gauge,44,4,124,4,scan,7100,2048,0,0,0,1
gauge,44,4,124,4,pruned,400,0,32,0,0,1
gauge,44,4,125,5,pruned,400,0,32,0,0,1
gauge,44,4,125,5,scan,7100,2048,0,0,0,1
gauge,44,4,126,6,scan,8000,2048,0,0,0,1
gauge,44,4,126,6,pruned,200,0,32,0,0,1
gauge,44,4,127,7,pruned,0,0,32,0,0,1
gauge,44,4,127,7,scan,4800,2048,0,0,0,1
clustered_logs,42,0,0,0,scan,6800,2048,0,2048,2048,1
clustered_logs,42,0,0,0,pruned,6200,2048,0,2048,2048,1
clustered_logs,42,0,1,1,pruned,700,64,31,32,32,1
clustered_logs,42,0,1,1,scan,4600,2048,0,32,32,1
clustered_logs,42,0,2,2,scan,5000,2048,0,256,256,1
clustered_logs,42,0,2,2,pruned,1300,256,28,256,256,1
clustered_logs,42,0,3,3,pruned,97600,512,24,8,8,1
clustered_logs,42,0,3,3,scan,388200,2048,0,8,8,1
clustered_logs,42,0,4,4,scan,396500,2048,0,0,0,1
clustered_logs,42,0,4,4,pruned,400,0,32,0,0,1
clustered_logs,42,0,5,5,pruned,33200,2048,0,2048,2048,1
clustered_logs,42,0,5,5,scan,32400,2048,0,2048,2048,1
clustered_logs,42,0,6,6,scan,407000,2048,0,1,1,1
clustered_logs,42,0,6,6,pruned,13900,64,31,1,1,1
clustered_logs,42,0,7,7,pruned,100,0,32,0,0,1
clustered_logs,42,0,7,7,scan,6000,2048,0,0,0,1
clustered_logs,42,0,8,0,scan,6500,2048,0,2048,2048,1
clustered_logs,42,0,8,0,pruned,7400,2048,0,2048,2048,1
clustered_logs,42,0,9,1,pruned,1000,128,30,32,32,1
clustered_logs,42,0,9,1,scan,4400,2048,0,32,32,1
clustered_logs,42,0,10,2,scan,4900,2048,0,256,256,1
clustered_logs,42,0,10,2,pruned,1400,256,28,256,256,1
clustered_logs,42,0,11,3,pruned,117200,512,24,8,8,1
clustered_logs,42,0,11,3,scan,407100,2048,0,8,8,1
clustered_logs,42,0,12,4,scan,387400,2048,0,0,0,1
clustered_logs,42,0,12,4,pruned,500,0,32,0,0,1
clustered_logs,42,0,13,5,pruned,33700,2048,0,2048,2048,1
clustered_logs,42,0,13,5,scan,34000,2048,0,2048,2048,1
clustered_logs,42,0,14,6,scan,383600,2048,0,0,0,1
clustered_logs,42,0,14,6,pruned,200,0,32,0,0,1
clustered_logs,42,0,15,7,pruned,100,0,32,0,0,1
clustered_logs,42,0,15,7,scan,4600,2048,0,0,0,1
clustered_logs,42,0,16,0,scan,6200,2048,0,2048,2048,1
clustered_logs,42,0,16,0,pruned,7600,2048,0,2048,2048,1
clustered_logs,42,0,17,1,pruned,900,128,30,32,32,1
clustered_logs,42,0,17,1,scan,4600,2048,0,32,32,1
clustered_logs,42,0,18,2,scan,5000,2048,0,256,256,1
clustered_logs,42,0,18,2,pruned,1400,256,28,256,256,1
clustered_logs,42,0,19,3,pruned,98000,512,24,8,8,1
clustered_logs,42,0,19,3,scan,389800,2048,0,8,8,1
clustered_logs,42,0,20,4,scan,398700,2048,0,0,0,1
clustered_logs,42,0,20,4,pruned,600,0,32,0,0,1
clustered_logs,42,0,21,5,pruned,35100,2048,0,2048,2048,1
clustered_logs,42,0,21,5,scan,33000,2048,0,2048,2048,1
clustered_logs,42,0,22,6,scan,400600,2048,0,0,0,1
clustered_logs,42,0,22,6,pruned,200,0,32,0,0,1
clustered_logs,42,0,23,7,pruned,100,0,32,0,0,1
clustered_logs,42,0,23,7,scan,4600,2048,0,0,0,1
clustered_logs,42,0,24,0,scan,6700,2048,0,2048,2048,1
clustered_logs,42,0,24,0,pruned,6000,2048,0,2048,2048,1
clustered_logs,42,0,25,1,pruned,900,128,30,32,32,1
clustered_logs,42,0,25,1,scan,4500,2048,0,32,32,1
clustered_logs,42,0,26,2,scan,5000,2048,0,256,256,1
clustered_logs,42,0,26,2,pruned,1300,256,28,256,256,1
clustered_logs,42,0,27,3,pruned,98000,512,24,8,8,1
clustered_logs,42,0,27,3,scan,387500,2048,0,8,8,1
clustered_logs,42,0,28,4,scan,385400,2048,0,0,0,1
clustered_logs,42,0,28,4,pruned,500,0,32,0,0,1
clustered_logs,42,0,29,5,pruned,36600,2048,0,2048,2048,1
clustered_logs,42,0,29,5,scan,35800,2048,0,2048,2048,1
clustered_logs,42,0,30,6,scan,410900,2048,0,0,0,1
clustered_logs,42,0,30,6,pruned,300,0,32,0,0,1
clustered_logs,42,0,31,7,pruned,100,0,32,0,0,1
clustered_logs,42,0,31,7,scan,4500,2048,0,0,0,1
clustered_logs,42,0,32,0,scan,6700,2048,0,2048,2048,1
clustered_logs,42,0,32,0,pruned,5900,2048,0,2048,2048,1
clustered_logs,42,0,33,1,pruned,800,128,30,32,32,1
clustered_logs,42,0,33,1,scan,4500,2048,0,32,32,1
clustered_logs,42,0,34,2,scan,4900,2048,0,256,256,1
clustered_logs,42,0,34,2,pruned,1100,256,28,256,256,1
clustered_logs,42,0,35,3,pruned,111400,512,24,8,8,1
clustered_logs,42,0,35,3,scan,389300,2048,0,8,8,1
clustered_logs,42,0,36,4,scan,384500,2048,0,0,0,1
clustered_logs,42,0,36,4,pruned,400,0,32,0,0,1
clustered_logs,42,0,37,5,pruned,39600,2048,0,2048,2048,1
clustered_logs,42,0,37,5,scan,38600,2048,0,2048,2048,1
clustered_logs,42,0,38,6,scan,385000,2048,0,0,0,1
clustered_logs,42,0,38,6,pruned,200,0,32,0,0,1
clustered_logs,42,0,39,7,pruned,100,0,32,0,0,1
clustered_logs,42,0,39,7,scan,4400,2048,0,0,0,1
clustered_logs,42,0,40,0,scan,6000,2048,0,2048,2048,1
clustered_logs,42,0,40,0,pruned,5900,2048,0,2048,2048,1
clustered_logs,42,0,41,1,pruned,900,128,30,32,32,1
clustered_logs,42,0,41,1,scan,4400,2048,0,32,32,1
clustered_logs,42,0,42,2,scan,4900,2048,0,256,256,1
clustered_logs,42,0,42,2,pruned,1100,256,28,256,256,1
clustered_logs,42,0,43,3,pruned,97800,512,24,8,8,1
clustered_logs,42,0,43,3,scan,388600,2048,0,8,8,1
clustered_logs,42,0,44,4,scan,399300,2048,0,0,0,1
clustered_logs,42,0,44,4,pruned,500,0,32,0,0,1
clustered_logs,42,0,45,5,pruned,40500,2048,0,2048,2048,1
clustered_logs,42,0,45,5,scan,39100,2048,0,2048,2048,1
clustered_logs,42,0,46,6,scan,470000,2048,0,0,0,1
clustered_logs,42,0,46,6,pruned,500,0,32,0,0,1
clustered_logs,42,0,47,7,pruned,100,0,32,0,0,1
clustered_logs,42,0,47,7,scan,6400,2048,0,0,0,1
clustered_logs,42,0,48,0,scan,8700,2048,0,2048,2048,1
clustered_logs,42,0,48,0,pruned,6500,2048,0,2048,2048,1
clustered_logs,42,0,49,1,pruned,1100,128,30,32,32,1
clustered_logs,42,0,49,1,scan,4800,2048,0,32,32,1
clustered_logs,42,0,50,2,scan,5400,2048,0,256,256,1
clustered_logs,42,0,50,2,pruned,1500,256,28,256,256,1
clustered_logs,42,0,51,3,pruned,99400,512,24,8,8,1
clustered_logs,42,0,51,3,scan,392200,2048,0,8,8,1
clustered_logs,42,0,52,4,scan,408000,2048,0,0,0,1
clustered_logs,42,0,52,4,pruned,800,0,32,0,0,1
clustered_logs,42,0,53,5,pruned,80200,2048,0,2048,2048,1
clustered_logs,42,0,53,5,scan,37900,2048,0,2048,2048,1
clustered_logs,42,0,54,6,scan,400700,2048,0,0,0,1
clustered_logs,42,0,54,6,pruned,300,0,32,0,0,1
clustered_logs,42,0,55,7,pruned,100,0,32,0,0,1
clustered_logs,42,0,55,7,scan,4700,2048,0,0,0,1
clustered_logs,42,0,56,0,scan,7000,2048,0,2048,2048,1
clustered_logs,42,0,56,0,pruned,6000,2048,0,2048,2048,1
clustered_logs,42,0,57,1,pruned,1000,128,30,32,32,1
clustered_logs,42,0,57,1,scan,4700,2048,0,32,32,1
clustered_logs,42,0,58,2,scan,5300,2048,0,256,256,1
clustered_logs,42,0,58,2,pruned,1400,256,28,256,256,1
clustered_logs,42,0,59,3,pruned,97800,512,24,8,8,1
clustered_logs,42,0,59,3,scan,388900,2048,0,8,8,1
clustered_logs,42,0,60,4,scan,385800,2048,0,0,0,1
clustered_logs,42,0,60,4,pruned,500,0,32,0,0,1
clustered_logs,42,0,61,5,pruned,33900,2048,0,2048,2048,1
clustered_logs,42,0,61,5,scan,33000,2048,0,2048,2048,1
clustered_logs,42,0,62,6,scan,385100,2048,0,0,0,1
clustered_logs,42,0,62,6,pruned,300,0,32,0,0,1
clustered_logs,42,0,63,7,pruned,100,0,32,0,0,1
clustered_logs,42,0,63,7,scan,4600,2048,0,0,0,1
clustered_logs,42,0,64,0,scan,6200,2048,0,2048,2048,1
clustered_logs,42,0,64,0,pruned,5900,2048,0,2048,2048,1
clustered_logs,42,0,65,1,pruned,900,128,30,32,32,1
clustered_logs,42,0,65,1,scan,4700,2048,0,32,32,1
clustered_logs,42,0,66,2,scan,4500,2048,0,0,0,1
clustered_logs,42,0,66,2,pruned,200,0,32,0,0,1
clustered_logs,42,0,67,3,pruned,98000,512,24,8,8,1
clustered_logs,42,0,67,3,scan,396500,2048,0,8,8,1
clustered_logs,42,0,68,4,scan,393700,2048,0,0,0,1
clustered_logs,42,0,68,4,pruned,500,0,32,0,0,1
clustered_logs,42,0,69,5,pruned,34500,2048,0,2048,2048,1
clustered_logs,42,0,69,5,scan,32200,2048,0,2048,2048,1
clustered_logs,42,0,70,6,scan,396900,2048,0,0,0,1
clustered_logs,42,0,70,6,pruned,300,0,32,0,0,1
clustered_logs,42,0,71,7,pruned,100,0,32,0,0,1
clustered_logs,42,0,71,7,scan,4500,2048,0,0,0,1
clustered_logs,42,0,72,0,scan,6300,2048,0,2048,2048,1
clustered_logs,42,0,72,0,pruned,5900,2048,0,2048,2048,1
clustered_logs,42,0,73,1,pruned,800,128,30,32,32,1
clustered_logs,42,0,73,1,scan,4600,2048,0,32,32,1
clustered_logs,42,0,74,2,scan,4300,2048,0,0,0,1
clustered_logs,42,0,74,2,pruned,300,0,32,0,0,1
clustered_logs,42,0,75,3,pruned,95100,512,24,8,8,1
clustered_logs,42,0,75,3,scan,378600,2048,0,8,8,1
clustered_logs,42,0,76,4,scan,459100,2048,0,0,0,1
clustered_logs,42,0,76,4,pruned,600,0,32,0,0,1
clustered_logs,42,0,77,5,pruned,37900,2048,0,2048,2048,1
clustered_logs,42,0,77,5,scan,32500,2048,0,2048,2048,1
clustered_logs,42,0,78,6,scan,390100,2048,0,0,0,1
clustered_logs,42,0,78,6,pruned,200,0,32,0,0,1
clustered_logs,42,0,79,7,pruned,100,0,32,0,0,1
clustered_logs,42,0,79,7,scan,4900,2048,0,0,0,1
clustered_logs,42,0,80,0,scan,6700,2048,0,2048,2048,1
clustered_logs,42,0,80,0,pruned,5900,2048,0,2048,2048,1
clustered_logs,42,0,81,1,pruned,900,128,30,32,32,1
clustered_logs,42,0,81,1,scan,4600,2048,0,32,32,1
clustered_logs,42,0,82,2,scan,4400,2048,0,0,0,1
clustered_logs,42,0,82,2,pruned,200,0,32,0,0,1
clustered_logs,42,0,83,3,pruned,95100,512,24,8,8,1
clustered_logs,42,0,83,3,scan,377100,2048,0,8,8,1
clustered_logs,42,0,84,4,scan,380300,2048,0,0,0,1
clustered_logs,42,0,84,4,pruned,500,0,32,0,0,1
clustered_logs,42,0,85,5,pruned,32800,2048,0,2048,2048,1
clustered_logs,42,0,85,5,scan,32100,2048,0,2048,2048,1
clustered_logs,42,0,86,6,scan,373500,2048,0,0,0,1
clustered_logs,42,0,86,6,pruned,200,0,32,0,0,1
clustered_logs,42,0,87,7,pruned,100,0,32,0,0,1
clustered_logs,42,0,87,7,scan,4500,2048,0,0,0,1
clustered_logs,42,0,88,0,scan,5900,2048,0,2048,2048,1
clustered_logs,42,0,88,0,pruned,5700,2048,0,2048,2048,1
clustered_logs,42,0,89,1,pruned,700,128,30,32,32,1
clustered_logs,42,0,89,1,scan,4600,2048,0,32,32,1
clustered_logs,42,0,90,2,scan,4300,2048,0,0,0,1
clustered_logs,42,0,90,2,pruned,200,0,32,0,0,1
clustered_logs,42,0,91,3,pruned,95200,512,24,8,8,1
clustered_logs,42,0,91,3,scan,392400,2048,0,8,8,1
clustered_logs,42,0,92,4,scan,390900,2048,0,0,0,1
clustered_logs,42,0,92,4,pruned,500,0,32,0,0,1
clustered_logs,42,0,93,5,pruned,35500,2048,0,2048,2048,1
clustered_logs,42,0,93,5,scan,32100,2048,0,2048,2048,1
clustered_logs,42,0,94,6,scan,395600,2048,0,0,0,1
clustered_logs,42,0,94,6,pruned,500,0,32,0,0,1
clustered_logs,42,0,95,7,pruned,100,0,32,0,0,1
clustered_logs,42,0,95,7,scan,6400,2048,0,0,0,1
clustered_logs,42,0,96,0,scan,8200,2048,0,2048,2048,1
clustered_logs,42,0,96,0,pruned,6000,2048,0,2048,2048,1
clustered_logs,42,0,97,1,pruned,800,128,30,32,32,1
clustered_logs,42,0,97,1,scan,4600,2048,0,32,32,1
clustered_logs,42,0,98,2,scan,4400,2048,0,0,0,1
clustered_logs,42,0,98,2,pruned,300,0,32,0,0,1
clustered_logs,42,0,99,3,pruned,96900,512,24,8,8,1
clustered_logs,42,0,99,3,scan,436000,2048,0,8,8,1
clustered_logs,42,0,100,4,scan,403200,2048,0,0,0,1
clustered_logs,42,0,100,4,pruned,600,0,32,0,0,1
clustered_logs,42,0,101,5,pruned,40500,2048,0,2048,2048,1
clustered_logs,42,0,101,5,scan,48700,2048,0,2048,2048,1
clustered_logs,42,0,102,6,scan,390900,2048,0,0,0,1
clustered_logs,42,0,102,6,pruned,300,0,32,0,0,1
clustered_logs,42,0,103,7,pruned,100,0,32,0,0,1
clustered_logs,42,0,103,7,scan,4500,2048,0,0,0,1
clustered_logs,42,0,104,0,scan,6600,2048,0,2048,2048,1
clustered_logs,42,0,104,0,pruned,5800,2048,0,2048,2048,1
clustered_logs,42,0,105,1,pruned,800,128,30,32,32,1
clustered_logs,42,0,105,1,scan,4700,2048,0,32,32,1
clustered_logs,42,0,106,2,scan,4300,2048,0,0,0,1
clustered_logs,42,0,106,2,pruned,200,0,32,0,0,1
clustered_logs,42,0,107,3,pruned,94800,512,24,8,8,1
clustered_logs,42,0,107,3,scan,400400,2048,0,8,8,1
clustered_logs,42,0,108,4,scan,418800,2048,0,0,0,1
clustered_logs,42,0,108,4,pruned,500,0,32,0,0,1
clustered_logs,42,0,109,5,pruned,34200,2048,0,2048,2048,1
clustered_logs,42,0,109,5,scan,32300,2048,0,2048,2048,1
clustered_logs,42,0,110,6,scan,373000,2048,0,0,0,1
clustered_logs,42,0,110,6,pruned,300,0,32,0,0,1
clustered_logs,42,0,111,7,pruned,0,0,32,0,0,1
clustered_logs,42,0,111,7,scan,4400,2048,0,0,0,1
clustered_logs,42,0,112,0,scan,6000,2048,0,2048,2048,1
clustered_logs,42,0,112,0,pruned,5700,2048,0,2048,2048,1
clustered_logs,42,0,113,1,pruned,700,128,30,32,32,1
clustered_logs,42,0,113,1,scan,4500,2048,0,32,32,1
clustered_logs,42,0,114,2,scan,4300,2048,0,0,0,1
clustered_logs,42,0,114,2,pruned,200,0,32,0,0,1
clustered_logs,42,0,115,3,pruned,95400,512,24,8,8,1
clustered_logs,42,0,115,3,scan,428100,2048,0,8,8,1
clustered_logs,42,0,116,4,scan,375800,2048,0,0,0,1
clustered_logs,42,0,116,4,pruned,600,0,32,0,0,1
clustered_logs,42,0,117,5,pruned,34600,2048,0,2048,2048,1
clustered_logs,42,0,117,5,scan,32200,2048,0,2048,2048,1
clustered_logs,42,0,118,6,scan,373900,2048,0,0,0,1
clustered_logs,42,0,118,6,pruned,300,0,32,0,0,1
clustered_logs,42,0,119,7,pruned,100,0,32,0,0,1
clustered_logs,42,0,119,7,scan,4600,2048,0,0,0,1
clustered_logs,42,0,120,0,scan,6000,2048,0,2048,2048,1
clustered_logs,42,0,120,0,pruned,5700,2048,0,2048,2048,1
clustered_logs,42,0,121,1,pruned,800,128,30,32,32,1
clustered_logs,42,0,121,1,scan,4500,2048,0,32,32,1
clustered_logs,42,0,122,2,scan,4200,2048,0,0,0,1
clustered_logs,42,0,122,2,pruned,200,0,32,0,0,1
clustered_logs,42,0,123,3,pruned,95000,512,24,8,8,1
clustered_logs,42,0,123,3,scan,427300,2048,0,8,8,1
clustered_logs,42,0,124,4,scan,390500,2048,0,0,0,1
clustered_logs,42,0,124,4,pruned,500,0,32,0,0,1
clustered_logs,42,0,125,5,pruned,34300,2048,0,2048,2048,1
clustered_logs,42,0,125,5,scan,32100,2048,0,2048,2048,1
clustered_logs,42,0,126,6,scan,402200,2048,0,0,0,1
clustered_logs,42,0,126,6,pruned,300,0,32,0,0,1
clustered_logs,42,0,127,7,pruned,100,0,32,0,0,1
clustered_logs,42,0,127,7,scan,4600,2048,0,0,0,1
clustered_logs,42,1,0,0,pruned,6500,2048,0,2048,2048,1
clustered_logs,42,1,0,0,scan,5800,2048,0,2048,2048,1
clustered_logs,42,1,1,1,scan,4600,2048,0,32,32,1
clustered_logs,42,1,1,1,pruned,700,64,31,32,32,1
clustered_logs,42,1,2,2,pruned,1400,256,28,256,256,1
clustered_logs,42,1,2,2,scan,5000,2048,0,256,256,1
clustered_logs,42,1,3,3,scan,377100,2048,0,8,8,1
clustered_logs,42,1,3,3,pruned,125200,512,24,8,8,1
clustered_logs,42,1,4,4,pruned,600,0,32,0,0,1
clustered_logs,42,1,4,4,scan,454400,2048,0,0,0,1
clustered_logs,42,1,5,5,scan,34600,2048,0,2048,2048,1
clustered_logs,42,1,5,5,pruned,32900,2048,0,2048,2048,1
clustered_logs,42,1,6,6,pruned,11600,64,31,1,1,1
clustered_logs,42,1,6,6,scan,447700,2048,0,1,1,1
clustered_logs,42,1,7,7,scan,8500,2048,0,0,0,1
clustered_logs,42,1,7,7,pruned,100,0,32,0,0,1
clustered_logs,42,1,8,0,pruned,8600,2048,0,2048,2048,1
clustered_logs,42,1,8,0,scan,6200,2048,0,2048,2048,1
clustered_logs,42,1,9,1,scan,4700,2048,0,32,32,1
clustered_logs,42,1,9,1,pruned,900,128,30,32,32,1
clustered_logs,42,1,10,2,pruned,1800,256,28,256,256,1
clustered_logs,42,1,10,2,scan,4900,2048,0,256,256,1
clustered_logs,42,1,11,3,scan,387500,2048,0,8,8,1
clustered_logs,42,1,11,3,pruned,95800,512,24,8,8,1
clustered_logs,42,1,12,4,pruned,400,0,32,0,0,1
clustered_logs,42,1,12,4,scan,381900,2048,0,0,0,1
clustered_logs,42,1,13,5,scan,34500,2048,0,2048,2048,1
clustered_logs,42,1,13,5,pruned,33200,2048,0,2048,2048,1
clustered_logs,42,1,14,6,pruned,300,0,32,0,0,1
clustered_logs,42,1,14,6,scan,420900,2048,0,0,0,1
clustered_logs,42,1,15,7,scan,9400,2048,0,0,0,1
clustered_logs,42,1,15,7,pruned,200,0,32,0,0,1
clustered_logs,42,1,16,0,pruned,10700,2048,0,2048,2048,1
clustered_logs,42,1,16,0,scan,9200,2048,0,2048,2048,1
clustered_logs,42,1,17,1,scan,6300,2048,0,32,32,1
clustered_logs,42,1,17,1,pruned,1200,128,30,32,32,1
clustered_logs,42,1,18,2,pruned,2100,256,28,256,256,1
clustered_logs,42,1,18,2,scan,6600,2048,0,256,256,1
clustered_logs,42,1,19,3,scan,441200,2048,0,8,8,1
clustered_logs,42,1,19,3,pruned,96300,512,24,8,8,1
clustered_logs,42,1,20,4,pruned,500,0,32,0,0,1
clustered_logs,42,1,20,4,scan,377100,2048,0,0,0,1
clustered_logs,42,1,21,5,scan,37600,2048,0,2048,2048,1
clustered_logs,42,1,21,5,pruned,34600,2048,0,2048,2048,1
clustered_logs,42,1,22,6,pruned,300,0,32,0,0,1
clustered_logs,42,1,22,6,scan,373700,2048,0,0,0,1
clustered_logs,42,1,23,7,scan,5500,2048,0,0,0,1
clustered_logs,42,1,23,7,pruned,100,0,32,0,0,1
clustered_logs,42,1,24,0,pruned,6500,2048,0,2048,2048,1
clustered_logs,42,1,24,0,scan,5900,2048,0,2048,2048,1
clustered_logs,42,1,25,1,scan,5300,2048,0,32,32,1
clustered_logs,42,1,25,1,pruned,800,128,30,32,32,1
clustered_logs,42,1,26,2,pruned,1500,256,28,256,256,1
clustered_logs,42,1,26,2,scan,4900,2048,0,256,256,1
clustered_logs,42,1,27,3,scan,379300,2048,0,8,8,1
clustered_logs,42,1,27,3,pruned,96500,512,24,8,8,1
clustered_logs,42,1,28,4,pruned,600,0,32,0,0,1
clustered_logs,42,1,28,4,scan,400200,2048,0,0,0,1
clustered_logs,42,1,29,5,scan,37300,2048,0,2048,2048,1
clustered_logs,42,1,29,5,pruned,36200,2048,0,2048,2048,1
clustered_logs,42,1,30,6,pruned,200,0,32,0,0,1
clustered_logs,42,1,30,6,scan,373600,2048,0,0,0,1
clustered_logs,42,1,31,7,scan,4400,2048,0,0,0,1
clustered_logs,42,1,31,7,pruned,100,0,32,0,0,1
clustered_logs,42,1,32,0,pruned,5900,2048,0,2048,2048,1
clustered_logs,42,1,32,0,scan,5800,2048,0,2048,2048,1
clustered_logs,42,1,33,1,scan,4500,2048,0,32,32,1
clustered_logs,42,1,33,1,pruned,900,128,30,32,32,1
clustered_logs,42,1,34,2,pruned,1400,256,28,256,256,1
clustered_logs,42,1,34,2,scan,4900,2048,0,256,256,1
clustered_logs,42,1,35,3,scan,377500,2048,0,8,8,1
clustered_logs,42,1,35,3,pruned,94900,512,24,8,8,1
clustered_logs,42,1,36,4,pruned,400,0,32,0,0,1
clustered_logs,42,1,36,4,scan,376500,2048,0,0,0,1
clustered_logs,42,1,37,5,scan,38400,2048,0,2048,2048,1
clustered_logs,42,1,37,5,pruned,38000,2048,0,2048,2048,1
clustered_logs,42,1,38,6,pruned,300,0,32,0,0,1
clustered_logs,42,1,38,6,scan,451100,2048,0,0,0,1
clustered_logs,42,1,39,7,scan,5100,2048,0,0,0,1
clustered_logs,42,1,39,7,pruned,100,0,32,0,0,1
clustered_logs,42,1,40,0,pruned,7400,2048,0,2048,2048,1
clustered_logs,42,1,40,0,scan,5700,2048,0,2048,2048,1
clustered_logs,42,1,41,1,scan,4600,2048,0,32,32,1
clustered_logs,42,1,41,1,pruned,900,128,30,32,32,1
clustered_logs,42,1,42,2,pruned,1500,256,28,256,256,1
clustered_logs,42,1,42,2,scan,5100,2048,0,256,256,1
clustered_logs,42,1,43,3,scan,463200,2048,0,8,8,1
clustered_logs,42,1,43,3,pruned,98400,512,24,8,8,1
clustered_logs,42,1,44,4,pruned,400,0,32,0,0,1
clustered_logs,42,1,44,4,scan,381900,2048,0,0,0,1
clustered_logs,42,1,45,5,scan,63300,2048,0,2048,2048,1
clustered_logs,42,1,45,5,pruned,41700,2048,0,2048,2048,1
clustered_logs,42,1,46,6,pruned,1900,0,32,0,0,1
clustered_logs,42,1,46,6,scan,409300,2048,0,0,0,1
clustered_logs,42,1,47,7,scan,5800,2048,0,0,0,1
clustered_logs,42,1,47,7,pruned,100,0,32,0,0,1
clustered_logs,42,1,48,0,pruned,7500,2048,0,2048,2048,1
clustered_logs,42,1,48,0,scan,5900,2048,0,2048,2048,1
clustered_logs,42,1,49,1,scan,4700,2048,0,32,32,1
clustered_logs,42,1,49,1,pruned,1000,128,30,32,32,1
clustered_logs,42,1,50,2,pruned,1500,256,28,256,256,1
clustered_logs,42,1,50,2,scan,5200,2048,0,256,256,1
clustered_logs,42,1,51,3,scan,407400,2048,0,8,8,1
clustered_logs,42,1,51,3,pruned,97600,512,24,8,8,1
clustered_logs,42,1,52,4,pruned,400,0,32,0,0,1
clustered_logs,42,1,52,4,scan,386900,2048,0,0,0,1
clustered_logs,42,1,53,5,scan,39200,2048,0,2048,2048,1
clustered_logs,42,1,53,5,pruned,37000,2048,0,2048,2048,1
clustered_logs,42,1,54,6,pruned,300,0,32,0,0,1
clustered_logs,42,1,54,6,scan,384400,2048,0,0,0,1
clustered_logs,42,1,55,7,scan,4700,2048,0,0,0,1
clustered_logs,42,1,55,7,pruned,0,0,32,0,0,1
clustered_logs,42,1,56,0,pruned,6300,2048,0,2048,2048,1
clustered_logs,42,1,56,0,scan,5800,2048,0,2048,2048,1
clustered_logs,42,1,57,1,scan,4600,2048,0,32,32,1
clustered_logs,42,1,57,1,pruned,800,128,30,32,32,1
clustered_logs,42,1,58,2,pruned,1800,256,28,256,256,1
clustered_logs,42,1,58,2,scan,5000,2048,0,256,256,1
clustered_logs,42,1,59,3,scan,379900,2048,0,8,8,1
clustered_logs,42,1,59,3,pruned,94900,512,24,8,8,1
clustered_logs,42,1,60,4,pruned,400,0,32,0,0,1
clustered_logs,42,1,60,4,scan,426900,2048,0,0,0,1
clustered_logs,42,1,61,5,scan,39200,2048,0,2048,2048,1
clustered_logs,42,1,61,5,pruned,32500,2048,0,2048,2048,1
clustered_logs,42,1,62,6,pruned,200,0,32,0,0,1
clustered_logs,42,1,62,6,scan,389200,2048,0,0,0,1
clustered_logs,42,1,63,7,scan,4500,2048,0,0,0,1
clustered_logs,42,1,63,7,pruned,100,0,32,0,0,1
clustered_logs,42,1,64,0,pruned,6900,2048,0,2048,2048,1
clustered_logs,42,1,64,0,scan,5700,2048,0,2048,2048,1
clustered_logs,42,1,65,1,scan,4500,2048,0,32,32,1
clustered_logs,42,1,65,1,pruned,800,128,30,32,32,1
clustered_logs,42,1,66,2,pruned,300,0,32,0,0,1
clustered_logs,42,1,66,2,scan,4200,2048,0,0,0,1
clustered_logs,42,1,67,3,scan,377400,2048,0,8,8,1
clustered_logs,42,1,67,3,pruned,95100,512,24,8,8,1
clustered_logs,42,1,68,4,pruned,500,0,32,0,0,1
clustered_logs,42,1,68,4,scan,379700,2048,0,0,0,1
clustered_logs,42,1,69,5,scan,32400,2048,0,2048,2048,1
clustered_logs,42,1,69,5,pruned,32300,2048,0,2048,2048,1
clustered_logs,42,1,70,6,pruned,200,0,32,0,0,1
clustered_logs,42,1,70,6,scan,374100,2048,0,0,0,1
clustered_logs,42,1,71,7,scan,4200,2048,0,0,0,1
clustered_logs,42,1,71,7,pruned,0,0,32,0,0,1
clustered_logs,42,1,72,0,pruned,5900,2048,0,2048,2048,1
clustered_logs,42,1,72,0,scan,5600,2048,0,2048,2048,1
clustered_logs,42,1,73,1,scan,4500,2048,0,32,32,1
clustered_logs,42,1,73,1,pruned,700,128,30,32,32,1
clustered_logs,42,1,74,2,pruned,200,0,32,0,0,1
clustered_logs,42,1,74,2,scan,4100,2048,0,0,0,1
clustered_logs,42,1,75,3,scan,455200,2048,0,8,8,1
clustered_logs,42,1,75,3,pruned,96200,512,24,8,8,1
clustered_logs,42,1,76,4,pruned,400,0,32,0,0,1
clustered_logs,42,1,76,4,scan,382400,2048,0,0,0,1
clustered_logs,42,1,77,5,scan,34700,2048,0,2048,2048,1
clustered_logs,42,1,77,5,pruned,32300,2048,0,2048,2048,1
clustered_logs,42,1,78,6,pruned,300,0,32,0,0,1
clustered_logs,42,1,78,6,scan,373000,2048,0,0,0,1
clustered_logs,42,1,79,7,scan,14100,2048,0,0,0,1
clustered_logs,42,1,79,7,pruned,200,0,32,0,0,1
clustered_logs,42,1,80,0,pruned,6900,2048,0,2048,2048,1
clustered_logs,42,1,80,0,scan,5700,2048,0,2048,2048,1
clustered_logs,42,1,81,1,scan,5000,2048,0,32,32,1
clustered_logs,42,1,81,1,pruned,800,128,30,32,32,1
clustered_logs,42,1,82,2,pruned,200,0,32,0,0,1
clustered_logs,42,1,82,2,scan,4200,2048,0,0,0,1
clustered_logs,42,1,83,3,scan,377500,2048,0,8,8,1
clustered_logs,42,1,83,3,pruned,94400,512,24,8,8,1
clustered_logs,42,1,84,4,pruned,500,0,32,0,0,1
clustered_logs,42,1,84,4,scan,429000,2048,0,0,0,1
clustered_logs,42,1,85,5,scan,33400,2048,0,2048,2048,1
clustered_logs,42,1,85,5,pruned,32000,2048,0,2048,2048,1
clustered_logs,42,1,86,6,pruned,200,0,32,0,0,1
clustered_logs,42,1,86,6,scan,374000,2048,0,0,0,1
clustered_logs,42,1,87,7,scan,4300,2048,0,0,0,1
clustered_logs,42,1,87,7,pruned,0,0,32,0,0,1
clustered_logs,42,1,88,0,pruned,5900,2048,0,2048,2048,1
clustered_logs,42,1,88,0,scan,5500,2048,0,2048,2048,1
clustered_logs,42,1,89,1,scan,4300,2048,0,32,32,1
clustered_logs,42,1,89,1,pruned,700,128,30,32,32,1
clustered_logs,42,1,90,2,pruned,300,0,32,0,0,1
clustered_logs,42,1,90,2,scan,4200,2048,0,0,0,1
clustered_logs,42,1,91,3,scan,386200,2048,0,8,8,1
clustered_logs,42,1,91,3,pruned,95000,512,24,8,8,1
clustered_logs,42,1,92,4,pruned,400,0,32,0,0,1
clustered_logs,42,1,92,4,scan,381200,2048,0,0,0,1
clustered_logs,42,1,93,5,scan,31800,2048,0,2048,2048,1
clustered_logs,42,1,93,5,pruned,32000,2048,0,2048,2048,1
clustered_logs,42,1,94,6,pruned,200,0,32,0,0,1
clustered_logs,42,1,94,6,scan,373900,2048,0,0,0,1
clustered_logs,42,1,95,7,scan,4200,2048,0,0,0,1
clustered_logs,42,1,95,7,pruned,100,0,32,0,0,1
clustered_logs,42,1,96,0,pruned,5800,2048,0,2048,2048,1
clustered_logs,42,1,96,0,scan,5800,2048,0,2048,2048,1
clustered_logs,42,1,97,1,scan,4400,2048,0,32,32,1
clustered_logs,42,1,97,1,pruned,700,128,30,32,32,1
clustered_logs,42,1,98,2,pruned,400,0,32,0,0,1
clustered_logs,42,1,98,2,scan,4200,2048,0,0,0,1
clustered_logs,42,1,99,3,scan,434500,2048,0,8,8,1
clustered_logs,42,1,99,3,pruned,137300,512,24,8,8,1
clustered_logs,42,1,100,4,pruned,600,0,32,0,0,1
clustered_logs,42,1,100,4,scan,483300,2048,0,0,0,1
clustered_logs,42,1,101,5,scan,37800,2048,0,2048,2048,1
clustered_logs,42,1,101,5,pruned,32200,2048,0,2048,2048,1
clustered_logs,42,1,102,6,pruned,200,0,32,0,0,1
clustered_logs,42,1,102,6,scan,373600,2048,0,0,0,1
clustered_logs,42,1,103,7,scan,4400,2048,0,0,0,1
clustered_logs,42,1,103,7,pruned,100,0,32,0,0,1
clustered_logs,42,1,104,0,pruned,6200,2048,0,2048,2048,1
clustered_logs,42,1,104,0,scan,5700,2048,0,2048,2048,1
clustered_logs,42,1,105,1,scan,4800,2048,0,32,32,1
clustered_logs,42,1,105,1,pruned,900,128,30,32,32,1
clustered_logs,42,1,106,2,pruned,400,0,32,0,0,1
clustered_logs,42,1,106,2,scan,4200,2048,0,0,0,1
clustered_logs,42,1,107,3,scan,395200,2048,0,8,8,1
clustered_logs,42,1,107,3,pruned,95300,512,24,8,8,1
clustered_logs,42,1,108,4,pruned,400,0,32,0,0,1
clustered_logs,42,1,108,4,scan,390900,2048,0,0,0,1
clustered_logs,42,1,109,5,scan,33500,2048,0,2048,2048,1
clustered_logs,42,1,109,5,pruned,32600,2048,0,2048,2048,1
clustered_logs,42,1,110,6,pruned,200,0,32,0,0,1
clustered_logs,42,1,110,6,scan,373700,2048,0,0,0,1
clustered_logs,42,1,111,7,scan,4500,2048,0,0,0,1
clustered_logs,42,1,111,7,pruned,100,0,32,0,0,1
clustered_logs,42,1,112,0,pruned,6100,2048,0,2048,2048,1
clustered_logs,42,1,112,0,scan,5900,2048,0,2048,2048,1
clustered_logs,42,1,113,1,scan,4500,2048,0,32,32,1
clustered_logs,42,1,113,1,pruned,900,128,30,32,32,1
clustered_logs,42,1,114,2,pruned,200,0,32,0,0,1
clustered_logs,42,1,114,2,scan,4300,2048,0,0,0,1
clustered_logs,42,1,115,3,scan,378400,2048,0,8,8,1
clustered_logs,42,1,115,3,pruned,113000,512,24,8,8,1
clustered_logs,42,1,116,4,pruned,500,0,32,0,0,1
clustered_logs,42,1,116,4,scan,375400,2048,0,0,0,1
clustered_logs,42,1,117,5,scan,32700,2048,0,2048,2048,1
clustered_logs,42,1,117,5,pruned,32100,2048,0,2048,2048,1
clustered_logs,42,1,118,6,pruned,200,0,32,0,0,1
clustered_logs,42,1,118,6,scan,397300,2048,0,0,0,1
clustered_logs,42,1,119,7,scan,4500,2048,0,0,0,1
clustered_logs,42,1,119,7,pruned,100,0,32,0,0,1
clustered_logs,42,1,120,0,pruned,6600,2048,0,2048,2048,1
clustered_logs,42,1,120,0,scan,5700,2048,0,2048,2048,1
clustered_logs,42,1,121,1,scan,4900,2048,0,32,32,1
clustered_logs,42,1,121,1,pruned,800,128,30,32,32,1
clustered_logs,42,1,122,2,pruned,200,0,32,0,0,1
clustered_logs,42,1,122,2,scan,4300,2048,0,0,0,1
clustered_logs,42,1,123,3,scan,409200,2048,0,8,8,1
clustered_logs,42,1,123,3,pruned,95200,512,24,8,8,1
clustered_logs,42,1,124,4,pruned,400,0,32,0,0,1
clustered_logs,42,1,124,4,scan,373600,2048,0,0,0,1
clustered_logs,42,1,125,5,scan,32200,2048,0,2048,2048,1
clustered_logs,42,1,125,5,pruned,32500,2048,0,2048,2048,1
clustered_logs,42,1,126,6,pruned,200,0,32,0,0,1
clustered_logs,42,1,126,6,scan,374100,2048,0,0,0,1
clustered_logs,42,1,127,7,scan,4400,2048,0,0,0,1
clustered_logs,42,1,127,7,pruned,100,0,32,0,0,1
clustered_logs,42,2,0,0,scan,6600,2048,0,2048,2048,1
clustered_logs,42,2,0,0,pruned,5900,2048,0,2048,2048,1
clustered_logs,42,2,1,1,pruned,600,64,31,32,32,1
clustered_logs,42,2,1,1,scan,4400,2048,0,32,32,1
clustered_logs,42,2,2,2,scan,4900,2048,0,256,256,1
clustered_logs,42,2,2,2,pruned,1400,256,28,256,256,1
clustered_logs,42,2,3,3,pruned,94900,512,24,8,8,1
clustered_logs,42,2,3,3,scan,432800,2048,0,8,8,1
clustered_logs,42,2,4,4,scan,386200,2048,0,0,0,1
clustered_logs,42,2,4,4,pruned,600,0,32,0,0,1
clustered_logs,42,2,5,5,pruned,33400,2048,0,2048,2048,1
clustered_logs,42,2,5,5,scan,31800,2048,0,2048,2048,1
clustered_logs,42,2,6,6,scan,374000,2048,0,1,1,1
clustered_logs,42,2,6,6,pruned,11400,64,31,1,1,1
clustered_logs,42,2,7,7,pruned,100,0,32,0,0,1
clustered_logs,42,2,7,7,scan,4400,2048,0,0,0,1
clustered_logs,42,2,8,0,scan,5800,2048,0,2048,2048,1
clustered_logs,42,2,8,0,pruned,5800,2048,0,2048,2048,1
clustered_logs,42,2,9,1,pruned,800,128,30,32,32,1
clustered_logs,42,2,9,1,scan,4500,2048,0,32,32,1
clustered_logs,42,2,10,2,scan,4800,2048,0,256,256,1
clustered_logs,42,2,10,2,pruned,1600,256,28,256,256,1
clustered_logs,42,2,11,3,pruned,95300,512,24,8,8,1
clustered_logs,42,2,11,3,scan,378500,2048,0,8,8,1
clustered_logs,42,2,12,4,scan,410800,2048,0,0,0,1
clustered_logs,42,2,12,4,pruned,1400,0,32,0,0,1
clustered_logs,42,2,13,5,pruned,37300,2048,0,2048,2048,1
clustered_logs,42,2,13,5,scan,31500,2048,0,2048,2048,1
clustered_logs,42,2,14,6,scan,388100,2048,0,0,0,1
clustered_logs,42,2,14,6,pruned,300,0,32,0,0,1
clustered_logs,42,2,15,7,pruned,100,0,32,0,0,1
clustered_logs,42,2,15,7,scan,4400,2048,0,0,0,1
clustered_logs,42,2,16,0,scan,6600,2048,0,2048,2048,1
clustered_logs,42,2,16,0,pruned,5700,2048,0,2048,2048,1
clustered_logs,42,2,17,1,pruned,900,128,30,32,32,1
clustered_logs,42,2,17,1,scan,4400,2048,0,32,32,1
clustered_logs,42,2,18,2,scan,5000,2048,0,256,256,1
clustered_logs,42,2,18,2,pruned,1400,256,28,256,256,1
clustered_logs,42,2,19,3,pruned,95000,512,24,8,8,1
clustered_logs,42,2,19,3,scan,377400,2048,0,8,8,1
clustered_logs,42,2,20,4,scan,383600,2048,0,0,0,1
clustered_logs,42,2,20,4,pruned,500,0,32,0,0,1
clustered_logs,42,2,21,5,pruned,39400,2048,0,2048,2048,1
clustered_logs,42,2,21,5,scan,39500,2048,0,2048,2048,1
clustered_logs,42,2,22,6,scan,374400,2048,0,0,0,1
clustered_logs,42,2,22,6,pruned,200,0,32,0,0,1
clustered_logs,42,2,23,7,pruned,100,0,32,0,0,1
clustered_logs,42,2,23,7,scan,4400,2048,0,0,0,1
clustered_logs,42,2,24,0,scan,41000,2048,0,2048,2048,1
clustered_logs,42,2,24,0,pruned,7000,2048,0,2048,2048,1
clustered_logs,42,2,25,1,pruned,800,128,30,32,32,1
clustered_logs,42,2,25,1,scan,4600,2048,0,32,32,1
clustered_logs,42,2,26,2,scan,4900,2048,0,256,256,1
clustered_logs,42,2,26,2,pruned,1300,256,28,256,256,1
clustered_logs,42,2,27,3,pruned,95000,512,24,8,8,1
clustered_logs,42,2,27,3,scan,391700,2048,0,8,8,1
clustered_logs,42,2,28,4,scan,375300,2048,0,0,0,1
clustered_logs,42,2,28,4,pruned,500,0,32,0,0,1
clustered_logs,42,2,29,5,pruned,36700,2048,0,2048,2048,1
clustered_logs,42,2,29,5,scan,35300,2048,0,2048,2048,1
clustered_logs,42,2,30,6,scan,373700,2048,0,0,0,1
clustered_logs,42,2,30,6,pruned,200,0,32,0,0,1
clustered_logs,42,2,31,7,pruned,100,0,32,0,0,1
clustered_logs,42,2,31,7,scan,4300,2048,0,0,0,1
clustered_logs,42,2,32,0,scan,5800,2048,0,2048,2048,1
clustered_logs,42,2,32,0,pruned,5700,2048,0,2048,2048,1
clustered_logs,42,2,33,1,pruned,800,128,30,32,32,1
clustered_logs,42,2,33,1,scan,4400,2048,0,32,32,1
clustered_logs,42,2,34,2,scan,4800,2048,0,256,256,1
clustered_logs,42,2,34,2,pruned,1100,256,28,256,256,1
clustered_logs,42,2,35,3,pruned,95200,512,24,8,8,1
clustered_logs,42,2,35,3,scan,377800,2048,0,8,8,1
clustered_logs,42,2,36,4,scan,373100,2048,0,0,0,1
clustered_logs,42,2,36,4,pruned,500,0,32,0,0,1
clustered_logs,42,2,37,5,pruned,38300,2048,0,2048,2048,1
clustered_logs,42,2,37,5,scan,37500,2048,0,2048,2048,1
clustered_logs,42,2,38,6,scan,388900,2048,0,0,0,1
clustered_logs,42,2,38,6,pruned,200,0,32,0,0,1
clustered_logs,42,2,39,7,pruned,100,0,32,0,0,1
clustered_logs,42,2,39,7,scan,4600,2048,0,0,0,1
clustered_logs,42,2,40,0,scan,6600,2048,0,2048,2048,1
clustered_logs,42,2,40,0,pruned,5900,2048,0,2048,2048,1
clustered_logs,42,2,41,1,pruned,900,128,30,32,32,1
clustered_logs,42,2,41,1,scan,4300,2048,0,32,32,1
clustered_logs,42,2,42,2,scan,4800,2048,0,256,256,1
clustered_logs,42,2,42,2,pruned,1100,256,28,256,256,1
clustered_logs,42,2,43,3,pruned,95000,512,24,8,8,1
clustered_logs,42,2,43,3,scan,413200,2048,0,8,8,1
clustered_logs,42,2,44,4,scan,374600,2048,0,0,0,1
clustered_logs,42,2,44,4,pruned,500,0,32,0,0,1
clustered_logs,42,2,45,5,pruned,39500,2048,0,2048,2048,1
clustered_logs,42,2,45,5,scan,37800,2048,0,2048,2048,1
clustered_logs,42,2,46,6,scan,446700,2048,0,0,0,1
clustered_logs,42,2,46,6,pruned,1300,0,32,0,0,1
clustered_logs,42,2,47,7,pruned,100,0,32,0,0,1
clustered_logs,42,2,47,7,scan,7800,2048,0,0,0,1
clustered_logs,42,2,48,0,scan,10200,2048,0,2048,2048,1
clustered_logs,42,2,48,0,pruned,9100,2048,0,2048,2048,1
clustered_logs,42,2,49,1,pruned,1400,128,30,32,32,1
clustered_logs,42,2,49,1,scan,6900,2048,0,32,32,1
clustered_logs,42,2,50,2,scan,7800,2048,0,256,256,1
clustered_logs,42,2,50,2,pruned,1900,256,28,256,256,1
clustered_logs,42,2,51,3,pruned,101300,512,24,8,8,1
clustered_logs,42,2,51,3,scan,398700,2048,0,8,8,1
clustered_logs,42,2,52,4,scan,417600,2048,0,0,0,1
clustered_logs,42,2,52,4,pruned,800,0,32,0,0,1
clustered_logs,42,2,53,5,pruned,44400,2048,0,2048,2048,1
clustered_logs,42,2,53,5,scan,36700,2048,0,2048,2048,1
clustered_logs,42,2,54,6,scan,373900,2048,0,0,0,1
clustered_logs,42,2,54,6,pruned,200,0,32,0,0,1
clustered_logs,42,2,55,7,pruned,100,0,32,0,0,1
clustered_logs,42,2,55,7,scan,4400,2048,0,0,0,1
clustered_logs,42,2,56,0,scan,6000,2048,0,2048,2048,1
clustered_logs,42,2,56,0,pruned,5900,2048,0,2048,2048,1
clustered_logs,42,2,57,1,pruned,900,128,30,32,32,1
clustered_logs,42,2,57,1,scan,4400,2048,0,32,32,1
clustered_logs,42,2,58,2,scan,4800,2048,0,256,256,1
clustered_logs,42,2,58,2,pruned,1200,256,28,256,256,1
clustered_logs,42,2,59,3,pruned,95300,512,24,8,8,1
clustered_logs,42,2,59,3,scan,378200,2048,0,8,8,1
clustered_logs,42,2,60,4,scan,389600,2048,0,0,0,1
clustered_logs,42,2,60,4,pruned,500,0,32,0,0,1
clustered_logs,42,2,61,5,pruned,33700,2048,0,2048,2048,1
clustered_logs,42,2,61,5,scan,31900,2048,0,2048,2048,1
clustered_logs,42,2,62,6,scan,418300,2048,0,0,0,1
clustered_logs,42,2,62,6,pruned,300,0,32,0,0,1
clustered_logs,42,2,63,7,pruned,100,0,32,0,0,1
clustered_logs,42,2,63,7,scan,5000,2048,0,0,0,1
clustered_logs,42,2,64,0,scan,6600,2048,0,2048,2048,1
clustered_logs,42,2,64,0,pruned,6300,2048,0,2048,2048,1
clustered_logs,42,2,65,1,pruned,800,128,30,32,32,1
clustered_logs,42,2,65,1,scan,4400,2048,0,32,32,1
clustered_logs,42,2,66,2,scan,4200,2048,0,0,0,1
clustered_logs,42,2,66,2,pruned,400,0,32,0,0,1
clustered_logs,42,2,67,3,pruned,95700,512,24,8,8,1
clustered_logs,42,2,67,3,scan,384700,2048,0,8,8,1
clustered_logs,42,2,68,4,scan,381900,2048,0,0,0,1
clustered_logs,42,2,68,4,pruned,600,0,32,0,0,1
clustered_logs,42,2,69,5,pruned,36200,2048,0,2048,2048,1
clustered_logs,42,2,69,5,scan,32200,2048,0,2048,2048,1
clustered_logs,42,2,70,6,scan,406800,2048,0,0,0,1
clustered_logs,42,2,70,6,pruned,300,0,32,0,0,1
clustered_logs,42,2,71,7,pruned,100,0,32,0,0,1
clustered_logs,42,2,71,7,scan,5200,2048,0,0,0,1
clustered_logs,42,2,72,0,scan,24200,2048,0,2048,2048,1
clustered_logs,42,2,72,0,pruned,6500,2048,0,2048,2048,1
clustered_logs,42,2,73,1,pruned,900,128,30,32,32,1
clustered_logs,42,2,73,1,scan,4700,2048,0,32,32,1
clustered_logs,42,2,74,2,scan,4300,2048,0,0,0,1
clustered_logs,42,2,74,2,pruned,200,0,32,0,0,1
clustered_logs,42,2,75,3,pruned,113300,512,24,8,8,1
clustered_logs,42,2,75,3,scan,380900,2048,0,8,8,1
clustered_logs,42,2,76,4,scan,382500,2048,0,0,0,1
clustered_logs,42,2,76,4,pruned,500,0,32,0,0,1
clustered_logs,42,2,77,5,pruned,35000,2048,0,2048,2048,1
clustered_logs,42,2,77,5,scan,32100,2048,0,2048,2048,1
clustered_logs,42,2,78,6,scan,374700,2048,0,0,0,1
clustered_logs,42,2,78,6,pruned,200,0,32,0,0,1
clustered_logs,42,2,79,7,pruned,200,0,32,0,0,1
clustered_logs,42,2,79,7,scan,6400,2048,0,0,0,1
clustered_logs,42,2,80,0,scan,7500,2048,0,2048,2048,1
clustered_logs,42,2,80,0,pruned,5900,2048,0,2048,2048,1
clustered_logs,42,2,81,1,pruned,900,128,30,32,32,1
clustered_logs,42,2,81,1,scan,4600,2048,0,32,32,1
clustered_logs,42,2,82,2,scan,4200,2048,0,0,0,1
clustered_logs,42,2,82,2,pruned,300,0,32,0,0,1
clustered_logs,42,2,83,3,pruned,105500,512,24,8,8,1
clustered_logs,42,2,83,3,scan,386000,2048,0,8,8,1
clustered_logs,42,2,84,4,scan,397500,2048,0,0,0,1
clustered_logs,42,2,84,4,pruned,500,0,32,0,0,1
clustered_logs,42,2,85,5,pruned,42100,2048,0,2048,2048,1
clustered_logs,42,2,85,5,scan,33200,2048,0,2048,2048,1
clustered_logs,42,2,86,6,scan,398100,2048,0,0,0,1
clustered_logs,42,2,86,6,pruned,300,0,32,0,0,1
clustered_logs,42,2,87,7,pruned,100,0,32,0,0,1
clustered_logs,42,2,87,7,scan,5500,2048,0,0,0,1
clustered_logs,42,2,88,0,scan,6500,2048,0,2048,2048,1
clustered_logs,42,2,88,0,pruned,5700,2048,0,2048,2048,1
clustered_logs,42,2,89,1,pruned,900,128,30,32,32,1
clustered_logs,42,2,89,1,scan,4400,2048,0,32,32,1
clustered_logs,42,2,90,2,scan,4200,2048,0,0,0,1
clustered_logs,42,2,90,2,pruned,500,0,32,0,0,1
clustered_logs,42,2,91,3,pruned,96100,512,24,8,8,1
clustered_logs,42,2,91,3,scan,381300,2048,0,8,8,1
clustered_logs,42,2,92,4,scan,474700,2048,0,0,0,1
clustered_logs,42,2,92,4,pruned,600,0,32,0,0,1
clustered_logs,42,2,93,5,pruned,59500,2048,0,2048,2048,1
clustered_logs,42,2,93,5,scan,48400,2048,0,2048,2048,1
clustered_logs,42,2,94,6,scan,486000,2048,0,0,0,1
clustered_logs,42,2,94,6,pruned,600,0,32,0,0,1
clustered_logs,42,2,95,7,pruned,100,0,32,0,0,1
clustered_logs,42,2,95,7,scan,4800,2048,0,0,0,1
clustered_logs,42,2,96,0,scan,6900,2048,0,2048,2048,1
clustered_logs,42,2,96,0,pruned,5900,2048,0,2048,2048,1
clustered_logs,42,2,97,1,pruned,800,128,30,32,32,1
clustered_logs,42,2,97,1,scan,4700,2048,0,32,32,1
clustered_logs,42,2,98,2,scan,4300,2048,0,0,0,1
clustered_logs,42,2,98,2,pruned,400,0,32,0,0,1
clustered_logs,42,2,99,3,pruned,144000,512,24,8,8,1
clustered_logs,42,2,99,3,scan,417100,2048,0,8,8,1
clustered_logs,42,2,100,4,scan,390800,2048,0,0,0,1
clustered_logs,42,2,100,4,pruned,700,0,32,0,0,1
clustered_logs,42,2,101,5,pruned,44300,2048,0,2048,2048,1
clustered_logs,42,2,101,5,scan,33100,2048,0,2048,2048,1
clustered_logs,42,2,102,6,scan,375100,2048,0,0,0,1
clustered_logs,42,2,102,6,pruned,300,0,32,0,0,1
clustered_logs,42,2,103,7,pruned,0,0,32,0,0,1
clustered_logs,42,2,103,7,scan,5600,2048,0,0,0,1
clustered_logs,42,2,104,0,scan,6600,2048,0,2048,2048,1
clustered_logs,42,2,104,0,pruned,6200,2048,0,2048,2048,1
clustered_logs,42,2,105,1,pruned,900,128,30,32,32,1
clustered_logs,42,2,105,1,scan,5000,2048,0,32,32,1
clustered_logs,42,2,106,2,scan,5100,2048,0,0,0,1
clustered_logs,42,2,106,2,pruned,500,0,32,0,0,1
clustered_logs,42,2,107,3,pruned,95400,512,24,8,8,1
clustered_logs,42,2,107,3,scan,403100,2048,0,8,8,1
clustered_logs,42,2,108,4,scan,380600,2048,0,0,0,1
clustered_logs,42,2,108,4,pruned,1300,0,32,0,0,1
clustered_logs,42,2,109,5,pruned,41100,2048,0,2048,2048,1
clustered_logs,42,2,109,5,scan,33300,2048,0,2048,2048,1
clustered_logs,42,2,110,6,scan,375400,2048,0,0,0,1
clustered_logs,42,2,110,6,pruned,300,0,32,0,0,1
clustered_logs,42,2,111,7,pruned,0,0,32,0,0,1
clustered_logs,42,2,111,7,scan,5900,2048,0,0,0,1
clustered_logs,42,2,112,0,scan,6600,2048,0,2048,2048,1
clustered_logs,42,2,112,0,pruned,6200,2048,0,2048,2048,1
clustered_logs,42,2,113,1,pruned,1000,128,30,32,32,1
clustered_logs,42,2,113,1,scan,4800,2048,0,32,32,1
clustered_logs,42,2,114,2,scan,4700,2048,0,0,0,1
clustered_logs,42,2,114,2,pruned,1000,0,32,0,0,1
clustered_logs,42,2,115,3,pruned,95600,512,24,8,8,1
clustered_logs,42,2,115,3,scan,491300,2048,0,8,8,1
clustered_logs,42,2,116,4,scan,514000,2048,0,0,0,1
clustered_logs,42,2,116,4,pruned,1300,0,32,0,0,1
clustered_logs,42,2,117,5,pruned,55300,2048,0,2048,2048,1
clustered_logs,42,2,117,5,scan,36000,2048,0,2048,2048,1
clustered_logs,42,2,118,6,scan,379700,2048,0,0,0,1
clustered_logs,42,2,118,6,pruned,300,0,32,0,0,1
clustered_logs,42,2,119,7,pruned,100,0,32,0,0,1
clustered_logs,42,2,119,7,scan,6600,2048,0,0,0,1
clustered_logs,42,2,120,0,scan,7000,2048,0,2048,2048,1
clustered_logs,42,2,120,0,pruned,6900,2048,0,2048,2048,1
clustered_logs,42,2,121,1,pruned,900,128,30,32,32,1
clustered_logs,42,2,121,1,scan,5400,2048,0,32,32,1
clustered_logs,42,2,122,2,scan,4800,2048,0,0,0,1
clustered_logs,42,2,122,2,pruned,600,0,32,0,0,1
clustered_logs,42,2,123,3,pruned,96800,512,24,8,8,1
clustered_logs,42,2,123,3,scan,386000,2048,0,8,8,1
clustered_logs,42,2,124,4,scan,384700,2048,0,0,0,1
clustered_logs,42,2,124,4,pruned,900,0,32,0,0,1
clustered_logs,42,2,125,5,pruned,44800,2048,0,2048,2048,1
clustered_logs,42,2,125,5,scan,33300,2048,0,2048,2048,1
clustered_logs,42,2,126,6,scan,404600,2048,0,0,0,1
clustered_logs,42,2,126,6,pruned,300,0,32,0,0,1
clustered_logs,42,2,127,7,pruned,100,0,32,0,0,1
clustered_logs,42,2,127,7,scan,6100,2048,0,0,0,1
clustered_logs,42,3,0,0,pruned,7600,2048,0,2048,2048,1
clustered_logs,42,3,0,0,scan,5900,2048,0,2048,2048,1
clustered_logs,42,3,1,1,scan,4500,2048,0,32,32,1
clustered_logs,42,3,1,1,pruned,700,64,31,32,32,1
clustered_logs,42,3,2,2,pruned,2000,256,28,256,256,1
clustered_logs,42,3,2,2,scan,5000,2048,0,256,256,1
clustered_logs,42,3,3,3,scan,381300,2048,0,8,8,1
clustered_logs,42,3,3,3,pruned,95400,512,24,8,8,1
clustered_logs,42,3,4,4,pruned,400,0,32,0,0,1
clustered_logs,42,3,4,4,scan,387700,2048,0,0,0,1
clustered_logs,42,3,5,5,scan,33300,2048,0,2048,2048,1
clustered_logs,42,3,5,5,pruned,32400,2048,0,2048,2048,1
clustered_logs,42,3,6,6,pruned,11700,64,31,1,1,1
clustered_logs,42,3,6,6,scan,389300,2048,0,1,1,1
clustered_logs,42,3,7,7,scan,4500,2048,0,0,0,1
clustered_logs,42,3,7,7,pruned,100,0,32,0,0,1
clustered_logs,42,3,8,0,pruned,6200,2048,0,2048,2048,1
clustered_logs,42,3,8,0,scan,5600,2048,0,2048,2048,1
clustered_logs,42,3,9,1,scan,4400,2048,0,32,32,1
clustered_logs,42,3,9,1,pruned,800,128,30,32,32,1
clustered_logs,42,3,10,2,pruned,1500,256,28,256,256,1
clustered_logs,42,3,10,2,scan,4800,2048,0,256,256,1
clustered_logs,42,3,11,3,scan,392800,2048,0,8,8,1
clustered_logs,42,3,11,3,pruned,95400,512,24,8,8,1
clustered_logs,42,3,12,4,pruned,500,0,32,0,0,1
clustered_logs,42,3,12,4,scan,392200,2048,0,0,0,1
clustered_logs,42,3,13,5,scan,37000,2048,0,2048,2048,1
clustered_logs,42,3,13,5,pruned,32300,2048,0,2048,2048,1
clustered_logs,42,3,14,6,pruned,300,0,32,0,0,1
clustered_logs,42,3,14,6,scan,384000,2048,0,0,0,1
clustered_logs,42,3,15,7,scan,6100,2048,0,0,0,1
clustered_logs,42,3,15,7,pruned,0,0,32,0,0,1
clustered_logs,42,3,16,0,pruned,6800,2048,0,2048,2048,1
clustered_logs,42,3,16,0,scan,18500,2048,0,2048,2048,1
clustered_logs,42,3,17,1,scan,5500,2048,0,32,32,1
clustered_logs,42,3,17,1,pruned,1000,128,30,32,32,1
clustered_logs,42,3,18,2,pruned,1500,256,28,256,256,1
clustered_logs,42,3,18,2,scan,5400,2048,0,256,256,1
clustered_logs,42,3,19,3,scan,382200,2048,0,8,8,1
clustered_logs,42,3,19,3,pruned,96500,512,24,8,8,1
clustered_logs,42,3,20,4,pruned,400,0,32,0,0,1
clustered_logs,42,3,20,4,scan,456400,2048,0,0,0,1
clustered_logs,42,3,21,5,scan,73000,2048,0,2048,2048,1
clustered_logs,42,3,21,5,pruned,40800,2048,0,2048,2048,1
clustered_logs,42,3,22,6,pruned,200,0,32,0,0,1
clustered_logs,42,3,22,6,scan,377500,2048,0,0,0,1
clustered_logs,42,3,23,7,scan,6700,2048,0,0,0,1
clustered_logs,42,3,23,7,pruned,100,0,32,0,0,1
clustered_logs,42,3,24,0,pruned,6700,2048,0,2048,2048,1
clustered_logs,42,3,24,0,scan,6500,2048,0,2048,2048,1
clustered_logs,42,3,25,1,scan,5100,2048,0,32,32,1
clustered_logs,42,3,25,1,pruned,1000,128,30,32,32,1
clustered_logs,42,3,26,2,pruned,1700,256,28,256,256,1
clustered_logs,42,3,26,2,scan,5700,2048,0,256,256,1
clustered_logs,42,3,27,3,scan,385500,2048,0,8,8,1
clustered_logs,42,3,27,3,pruned,99000,512,24,8,8,1
clustered_logs,42,3,28,4,pruned,500,0,32,0,0,1
clustered_logs,42,3,28,4,scan,386100,2048,0,0,0,1
clustered_logs,42,3,29,5,scan,46900,2048,0,2048,2048,1
clustered_logs,42,3,29,5,pruned,38900,2048,0,2048,2048,1
clustered_logs,42,3,30,6,pruned,200,0,32,0,0,1
clustered_logs,42,3,30,6,scan,435500,2048,0,0,0,1
clustered_logs,42,3,31,7,scan,7700,2048,0,0,0,1
clustered_logs,42,3,31,7,pruned,100,0,32,0,0,1
clustered_logs,42,3,32,0,pruned,7400,2048,0,2048,2048,1
clustered_logs,42,3,32,0,scan,6200,2048,0,2048,2048,1
clustered_logs,42,3,33,1,scan,4700,2048,0,32,32,1
clustered_logs,42,3,33,1,pruned,1000,128,30,32,32,1
clustered_logs,42,3,34,2,pruned,1800,256,28,256,256,1
clustered_logs,42,3,34,2,scan,5200,2048,0,256,256,1
clustered_logs,42,3,35,3,scan,431500,2048,0,8,8,1
clustered_logs,42,3,35,3,pruned,95000,512,24,8,8,1
clustered_logs,42,3,36,4,pruned,400,0,32,0,0,1
clustered_logs,42,3,36,4,scan,374300,2048,0,0,0,1
clustered_logs,42,3,37,5,scan,38000,2048,0,2048,2048,1
clustered_logs,42,3,37,5,pruned,38200,2048,0,2048,2048,1
clustered_logs,42,3,38,6,pruned,300,0,32,0,0,1
clustered_logs,42,3,38,6,scan,372700,2048,0,0,0,1
clustered_logs,42,3,39,7,scan,4500,2048,0,0,0,1
clustered_logs,42,3,39,7,pruned,100,0,32,0,0,1
clustered_logs,42,3,40,0,pruned,5900,2048,0,2048,2048,1
clustered_logs,42,3,40,0,scan,5700,2048,0,2048,2048,1
clustered_logs,42,3,41,1,scan,4600,2048,0,32,32,1
clustered_logs,42,3,41,1,pruned,800,128,30,32,32,1
clustered_logs,42,3,42,2,pruned,1700,256,28,256,256,1
clustered_logs,42,3,42,2,scan,5000,2048,0,256,256,1
clustered_logs,42,3,43,3,scan,383700,2048,0,8,8,1
clustered_logs,42,3,43,3,pruned,95300,512,24,8,8,1
clustered_logs,42,3,44,4,pruned,400,0,32,0,0,1
clustered_logs,42,3,44,4,scan,393300,2048,0,0,0,1
clustered_logs,42,3,45,5,scan,71100,2048,0,2048,2048,1
clustered_logs,42,3,45,5,pruned,40700,2048,0,2048,2048,1
clustered_logs,42,3,46,6,pruned,200,0,32,0,0,1
clustered_logs,42,3,46,6,scan,374100,2048,0,0,0,1
clustered_logs,42,3,47,7,scan,4700,2048,0,0,0,1
clustered_logs,42,3,47,7,pruned,100,0,32,0,0,1
clustered_logs,42,3,48,0,pruned,6100,2048,0,2048,2048,1
clustered_logs,42,3,48,0,scan,5700,2048,0,2048,2048,1
clustered_logs,42,3,49,1,scan,4700,2048,0,32,32,1
clustered_logs,42,3,49,1,pruned,700,128,30,32,32,1
clustered_logs,42,3,50,2,pruned,1400,256,28,256,256,1
clustered_logs,42,3,50,2,scan,5000,2048,0,256,256,1
clustered_logs,42,3,51,3,scan,378000,2048,0,8,8,1
clustered_logs,42,3,51,3,pruned,94600,512,24,8,8,1
clustered_logs,42,3,52,4,pruned,400,0,32,0,0,1
clustered_logs,42,3,52,4,scan,412700,2048,0,0,0,1
clustered_logs,42,3,53,5,scan,38400,2048,0,2048,2048,1
clustered_logs,42,3,53,5,pruned,37100,2048,0,2048,2048,1
clustered_logs,42,3,54,6,pruned,300,0,32,0,0,1
clustered_logs,42,3,54,6,scan,387600,2048,0,0,0,1
clustered_logs,42,3,55,7,scan,5200,2048,0,0,0,1
clustered_logs,42,3,55,7,pruned,100,0,32,0,0,1
clustered_logs,42,3,56,0,pruned,7600,2048,0,2048,2048,1
clustered_logs,42,3,56,0,scan,6200,2048,0,2048,2048,1
clustered_logs,42,3,57,1,scan,4900,2048,0,32,32,1
clustered_logs,42,3,57,1,pruned,800,128,30,32,32,1
clustered_logs,42,3,58,2,pruned,1800,256,28,256,256,1
clustered_logs,42,3,58,2,scan,5300,2048,0,256,256,1
clustered_logs,42,3,59,3,scan,381800,2048,0,8,8,1
clustered_logs,42,3,59,3,pruned,95600,512,24,8,8,1
clustered_logs,42,3,60,4,pruned,400,0,32,0,0,1
clustered_logs,42,3,60,4,scan,444900,2048,0,0,0,1
clustered_logs,42,3,61,5,scan,49700,2048,0,2048,2048,1
clustered_logs,42,3,61,5,pruned,37700,2048,0,2048,2048,1
clustered_logs,42,3,62,6,pruned,300,0,32,0,0,1
clustered_logs,42,3,62,6,scan,385100,2048,0,0,0,1
clustered_logs,42,3,63,7,scan,6400,2048,0,0,0,1
clustered_logs,42,3,63,7,pruned,100,0,32,0,0,1
clustered_logs,42,3,64,0,pruned,6600,2048,0,2048,2048,1
clustered_logs,42,3,64,0,scan,6500,2048,0,2048,2048,1
clustered_logs,42,3,65,1,scan,5000,2048,0,32,32,1
clustered_logs,42,3,65,1,pruned,800,128,30,32,32,1
clustered_logs,42,3,66,2,pruned,300,0,32,0,0,1
clustered_logs,42,3,66,2,scan,4700,2048,0,0,0,1
clustered_logs,42,3,67,3,scan,378700,2048,0,8,8,1
clustered_logs,42,3,67,3,pruned,113100,512,24,8,8,1
clustered_logs,42,3,68,4,pruned,500,0,32,0,0,1
clustered_logs,42,3,68,4,scan,379700,2048,0,0,0,1
clustered_logs,42,3,69,5,scan,32500,2048,0,2048,2048,1
clustered_logs,42,3,69,5,pruned,32200,2048,0,2048,2048,1
clustered_logs,42,3,70,6,pruned,200,0,32,0,0,1
clustered_logs,42,3,70,6,scan,372500,2048,0,0,0,1
clustered_logs,42,3,71,7,scan,4300,2048,0,0,0,1
clustered_logs,42,3,71,7,pruned,100,0,32,0,0,1
clustered_logs,42,3,72,0,pruned,5900,2048,0,2048,2048,1
clustered_logs,42,3,72,0,scan,5700,2048,0,2048,2048,1
clustered_logs,42,3,73,1,scan,4500,2048,0,32,32,1
clustered_logs,42,3,73,1,pruned,700,128,30,32,32,1
clustered_logs,42,3,74,2,pruned,200,0,32,0,0,1
clustered_logs,42,3,74,2,scan,4200,2048,0,0,0,1
clustered_logs,42,3,75,3,scan,377400,2048,0,8,8,1
clustered_logs,42,3,75,3,pruned,104900,512,24,8,8,1
clustered_logs,42,3,76,4,pruned,400,0,32,0,0,1
clustered_logs,42,3,76,4,scan,407000,2048,0,0,0,1
clustered_logs,42,3,77,5,scan,34600,2048,0,2048,2048,1
clustered_logs,42,3,77,5,pruned,32200,2048,0,2048,2048,1
clustered_logs,42,3,78,6,pruned,200,0,32,0,0,1
clustered_logs,42,3,78,6,scan,388300,2048,0,0,0,1
clustered_logs,42,3,79,7,scan,4800,2048,0,0,0,1
clustered_logs,42,3,79,7,pruned,100,0,32,0,0,1
clustered_logs,42,3,80,0,pruned,6700,2048,0,2048,2048,1
clustered_logs,42,3,80,0,scan,5600,2048,0,2048,2048,1
clustered_logs,42,3,81,1,scan,4500,2048,0,32,32,1
clustered_logs,42,3,81,1,pruned,800,128,30,32,32,1
clustered_logs,42,3,82,2,pruned,800,0,32,0,0,1
clustered_logs,42,3,82,2,scan,4200,2048,0,0,0,1
clustered_logs,42,3,83,3,scan,377800,2048,0,8,8,1
clustered_logs,42,3,83,3,pruned,94700,512,24,8,8,1
clustered_logs,42,3,84,4,pruned,400,0,32,0,0,1
clustered_logs,42,3,84,4,scan,380700,2048,0,0,0,1
clustered_logs,42,3,85,5,scan,32500,2048,0,2048,2048,1
clustered_logs,42,3,85,5,pruned,32000,2048,0,2048,2048,1
clustered_logs,42,3,86,6,pruned,200,0,32,0,0,1
clustered_logs,42,3,86,6,scan,374200,2048,0,0,0,1
clustered_logs,42,3,87,7,scan,4300,2048,0,0,0,1
clustered_logs,42,3,87,7,pruned,100,0,32,0,0,1
clustered_logs,42,3,88,0,pruned,5700,2048,0,2048,2048,1
clustered_logs,42,3,88,0,scan,5600,2048,0,2048,2048,1
clustered_logs,42,3,89,1,scan,4400,2048,0,32,32,1
clustered_logs,42,3,89,1,pruned,700,128,30,32,32,1
clustered_logs,42,3,90,2,pruned,200,0,32,0,0,1
clustered_logs,42,3,90,2,scan,4200,2048,0,0,0,1
clustered_logs,42,3,91,3,scan,391300,2048,0,8,8,1
clustered_logs,42,3,91,3,pruned,95100,512,24,8,8,1
clustered_logs,42,3,92,4,pruned,400,0,32,0,0,1
clustered_logs,42,3,92,4,scan,379600,2048,0,0,0,1
clustered_logs,42,3,93,5,scan,32000,2048,0,2048,2048,1
clustered_logs,42,3,93,5,pruned,32100,2048,0,2048,2048,1
clustered_logs,42,3,94,6,pruned,200,0,32,0,0,1
clustered_logs,42,3,94,6,scan,374600,2048,0,0,0,1
clustered_logs,42,3,95,7,scan,4300,2048,0,0,0,1
clustered_logs,42,3,95,7,pruned,100,0,32,0,0,1
clustered_logs,42,3,96,0,pruned,5800,2048,0,2048,2048,1
clustered_logs,42,3,96,0,scan,5500,2048,0,2048,2048,1
clustered_logs,42,3,97,1,scan,4500,2048,0,32,32,1
clustered_logs,42,3,97,1,pruned,600,128,30,32,32,1
clustered_logs,42,3,98,2,pruned,400,0,32,0,0,1
clustered_logs,42,3,98,2,scan,4300,2048,0,0,0,1
clustered_logs,42,3,99,3,scan,378200,2048,0,8,8,1
clustered_logs,42,3,99,3,pruned,94600,512,24,8,8,1
clustered_logs,42,3,100,4,pruned,300,0,32,0,0,1
clustered_logs,42,3,100,4,scan,404000,2048,0,0,0,1
clustered_logs,42,3,101,5,scan,32600,2048,0,2048,2048,1
clustered_logs,42,3,101,5,pruned,32100,2048,0,2048,2048,1
clustered_logs,42,3,102,6,pruned,200,0,32,0,0,1
clustered_logs,42,3,102,6,scan,387200,2048,0,0,0,1
clustered_logs,42,3,103,7,scan,4500,2048,0,0,0,1
clustered_logs,42,3,103,7,pruned,100,0,32,0,0,1
clustered_logs,42,3,104,0,pruned,6600,2048,0,2048,2048,1
clustered_logs,42,3,104,0,scan,5600,2048,0,2048,2048,1
clustered_logs,42,3,105,1,scan,4400,2048,0,32,32,1
clustered_logs,42,3,105,1,pruned,700,128,30,32,32,1
clustered_logs,42,3,106,2,pruned,200,0,32,0,0,1
clustered_logs,42,3,106,2,scan,4200,2048,0,0,0,1
clustered_logs,42,3,107,3,scan,387800,2048,0,8,8,1
clustered_logs,42,3,107,3,pruned,94900,512,24,8,8,1
clustered_logs,42,3,108,4,pruned,400,0,32,0,0,1
clustered_logs,42,3,108,4,scan,428900,2048,0,0,0,1
clustered_logs,42,3,109,5,scan,34700,2048,0,2048,2048,1
clustered_logs,42,3,109,5,pruned,32700,2048,0,2048,2048,1
clustered_logs,42,3,110,6,pruned,200,0,32,0,0,1
clustered_logs,42,3,110,6,scan,373300,2048,0,0,0,1
clustered_logs,42,3,111,7,scan,4400,2048,0,0,0,1
clustered_logs,42,3,111,7,pruned,200,0,32,0,0,1
clustered_logs,42,3,112,0,pruned,7300,2048,0,2048,2048,1
clustered_logs,42,3,112,0,scan,5800,2048,0,2048,2048,1
clustered_logs,42,3,113,1,scan,4700,2048,0,32,32,1
clustered_logs,42,3,113,1,pruned,900,128,30,32,32,1
clustered_logs,42,3,114,2,pruned,200,0,32,0,0,1
clustered_logs,42,3,114,2,scan,4300,2048,0,0,0,1
clustered_logs,42,3,115,3,scan,393300,2048,0,8,8,1
clustered_logs,42,3,115,3,pruned,95400,512,24,8,8,1
clustered_logs,42,3,116,4,pruned,400,0,32,0,0,1
clustered_logs,42,3,116,4,scan,373600,2048,0,0,0,1
clustered_logs,42,3,117,5,scan,33000,2048,0,2048,2048,1
clustered_logs,42,3,117,5,pruned,32500,2048,0,2048,2048,1
clustered_logs,42,3,118,6,pruned,200,0,32,0,0,1
clustered_logs,42,3,118,6,scan,374200,2048,0,0,0,1
clustered_logs,42,3,119,7,scan,4400,2048,0,0,0,1
clustered_logs,42,3,119,7,pruned,100,0,32,0,0,1
clustered_logs,42,3,120,0,pruned,6200,2048,0,2048,2048,1
clustered_logs,42,3,120,0,scan,5600,2048,0,2048,2048,1
clustered_logs,42,3,121,1,scan,4500,2048,0,32,32,1
clustered_logs,42,3,121,1,pruned,800,128,30,32,32,1
clustered_logs,42,3,122,2,pruned,200,0,32,0,0,1
clustered_logs,42,3,122,2,scan,4500,2048,0,0,0,1
clustered_logs,42,3,123,3,scan,411300,2048,0,8,8,1
clustered_logs,42,3,123,3,pruned,95700,512,24,8,8,1
clustered_logs,42,3,124,4,pruned,400,0,32,0,0,1
clustered_logs,42,3,124,4,scan,376100,2048,0,0,0,1
clustered_logs,42,3,125,5,scan,55800,2048,0,2048,2048,1
clustered_logs,42,3,125,5,pruned,34200,2048,0,2048,2048,1
clustered_logs,42,3,126,6,pruned,100,0,32,0,0,1
clustered_logs,42,3,126,6,scan,377500,2048,0,0,0,1
clustered_logs,42,3,127,7,scan,6400,2048,0,0,0,1
clustered_logs,42,3,127,7,pruned,100,0,32,0,0,1
clustered_logs,42,4,0,0,scan,6600,2048,0,2048,2048,1
clustered_logs,42,4,0,0,pruned,6700,2048,0,2048,2048,1
clustered_logs,42,4,1,1,pruned,700,64,31,32,32,1
clustered_logs,42,4,1,1,scan,5000,2048,0,32,32,1
clustered_logs,42,4,2,2,scan,5500,2048,0,256,256,1
clustered_logs,42,4,2,2,pruned,1500,256,28,256,256,1
clustered_logs,42,4,3,3,pruned,97200,512,24,8,8,1
clustered_logs,42,4,3,3,scan,384700,2048,0,8,8,1
clustered_logs,42,4,4,4,scan,394800,2048,0,0,0,1
clustered_logs,42,4,4,4,pruned,800,0,32,0,0,1
clustered_logs,42,4,5,5,pruned,38400,2048,0,2048,2048,1
clustered_logs,42,4,5,5,scan,32700,2048,0,2048,2048,1
clustered_logs,42,4,6,6,scan,396800,2048,0,1,1,1
clustered_logs,42,4,6,6,pruned,11700,64,31,1,1,1
clustered_logs,42,4,7,7,pruned,100,0,32,0,0,1
clustered_logs,42,4,7,7,scan,5500,2048,0,0,0,1
clustered_logs,42,4,8,0,scan,6900,2048,0,2048,2048,1
clustered_logs,42,4,8,0,pruned,5800,2048,0,2048,2048,1
clustered_logs,42,4,9,1,pruned,800,128,30,32,32,1
clustered_logs,42,4,9,1,scan,4500,2048,0,32,32,1
clustered_logs,42,4,10,2,scan,5200,2048,0,256,256,1
clustered_logs,42,4,10,2,pruned,1600,256,28,256,256,1
clustered_logs,42,4,11,3,pruned,95600,512,24,8,8,1
clustered_logs,42,4,11,3,scan,416900,2048,0,8,8,1
clustered_logs,42,4,12,4,scan,388900,2048,0,0,0,1
clustered_logs,42,4,12,4,pruned,1600,0,32,0,0,1
clustered_logs,42,4,13,5,pruned,45000,2048,0,2048,2048,1
clustered_logs,42,4,13,5,scan,37000,2048,0,2048,2048,1
clustered_logs,42,4,14,6,scan,375800,2048,0,0,0,1
clustered_logs,42,4,14,6,pruned,600,0,32,0,0,1
clustered_logs,42,4,15,7,pruned,100,0,32,0,0,1
clustered_logs,42,4,15,7,scan,7500,2048,0,0,0,1
clustered_logs,42,4,16,0,scan,6500,2048,0,2048,2048,1
clustered_logs,42,4,16,0,pruned,6300,2048,0,2048,2048,1
clustered_logs,42,4,17,1,pruned,900,128,30,32,32,1
clustered_logs,42,4,17,1,scan,4300,2048,0,32,32,1
clustered_logs,42,4,18,2,scan,4900,2048,0,256,256,1
clustered_logs,42,4,18,2,pruned,1500,256,28,256,256,1
clustered_logs,42,4,19,3,pruned,96900,512,24,8,8,1
clustered_logs,42,4,19,3,scan,413500,2048,0,8,8,1
clustered_logs,42,4,20,4,scan,404800,2048,0,0,0,1
clustered_logs,42,4,20,4,pruned,800,0,32,0,0,1
clustered_logs,42,4,21,5,pruned,36600,2048,0,2048,2048,1
clustered_logs,42,4,21,5,scan,33000,2048,0,2048,2048,1
clustered_logs,42,4,22,6,scan,374700,2048,0,0,0,1
clustered_logs,42,4,22,6,pruned,200,0,32,0,0,1
clustered_logs,42,4,23,7,pruned,100,0,32,0,0,1
clustered_logs,42,4,23,7,scan,4500,2048,0,0,0,1
clustered_logs,42,4,24,0,scan,6200,2048,0,2048,2048,1
clustered_logs,42,4,24,0,pruned,6000,2048,0,2048,2048,1
clustered_logs,42,4,25,1,pruned,800,128,30,32,32,1
clustered_logs,42,4,25,1,scan,4400,2048,0,32,32,1
clustered_logs,42,4,26,2,scan,4900,2048,0,256,256,1
clustered_logs,42,4,26,2,pruned,1400,256,28,256,256,1
clustered_logs,42,4,27,3,pruned,94900,512,24,8,8,1
clustered_logs,42,4,27,3,scan,377700,2048,0,8,8,1
clustered_logs,42,4,28,4,scan,374100,2048,0,0,0,1
clustered_logs,42,4,28,4,pruned,400,0,32,0,0,1
clustered_logs,42,4,29,5,pruned,36000,2048,0,2048,2048,1
clustered_logs,42,4,29,5,scan,34800,2048,0,2048,2048,1
clustered_logs,42,4,30,6,scan,373900,2048,0,0,0,1
clustered_logs,42,4,30,6,pruned,200,0,32,0,0,1
clustered_logs,42,4,31,7,pruned,100,0,32,0,0,1
clustered_logs,42,4,31,7,scan,4300,2048,0,0,0,1
clustered_logs,42,4,32,0,scan,19100,2048,0,2048,2048,1
clustered_logs,42,4,32,0,pruned,6800,2048,0,2048,2048,1
clustered_logs,42,4,33,1,pruned,800,128,30,32,32,1
clustered_logs,42,4,33,1,scan,4400,2048,0,32,32,1
clustered_logs,42,4,34,2,scan,4900,2048,0,256,256,1
clustered_logs,42,4,34,2,pruned,1300,256,28,256,256,1
clustered_logs,42,4,35,3,pruned,94900,512,24,8,8,1
clustered_logs,42,4,35,3,scan,377400,2048,0,8,8,1
clustered_logs,42,4,36,4,scan,389700,2048,0,0,0,1
clustered_logs,42,4,36,4,pruned,500,0,32,0,0,1
clustered_logs,42,4,37,5,pruned,39200,2048,0,2048,2048,1
clustered_logs,42,4,37,5,scan,37800,2048,0,2048,2048,1
clustered_logs,42,4,38,6,scan,372700,2048,0,0,0,1
clustered_logs,42,4,38,6,pruned,100,0,32,0,0,1
clustered_logs,42,4,39,7,pruned,100,0,32,0,0,1
clustered_logs,42,4,39,7,scan,4500,2048,0,0,0,1
clustered_logs,42,4,40,0,scan,5900,2048,0,2048,2048,1
clustered_logs,42,4,40,0,pruned,5800,2048,0,2048,2048,1
clustered_logs,42,4,41,1,pruned,800,128,30,32,32,1
clustered_logs,42,4,41,1,scan,4400,2048,0,32,32,1
clustered_logs,42,4,42,2,scan,5000,2048,0,256,256,1
clustered_logs,42,4,42,2,pruned,1500,256,28,256,256,1
clustered_logs,42,4,43,3,pruned,127700,512,24,8,8,1
clustered_logs,42,4,43,3,scan,378000,2048,0,8,8,1
clustered_logs,42,4,44,4,scan,387500,2048,0,0,0,1
clustered_logs,42,4,44,4,pruned,500,0,32,0,0,1
clustered_logs,42,4,45,5,pruned,40600,2048,0,2048,2048,1
clustered_logs,42,4,45,5,scan,38000,2048,0,2048,2048,1
clustered_logs,42,4,46,6,scan,384600,2048,0,0,0,1
clustered_logs,42,4,46,6,pruned,200,0,32,0,0,1
clustered_logs,42,4,47,7,pruned,100,0,32,0,0,1
clustered_logs,42,4,47,7,scan,4300,2048,0,0,0,1
clustered_logs,42,4,48,0,scan,5600,2048,0,2048,2048,1
clustered_logs,42,4,48,0,pruned,5600,2048,0,2048,2048,1
clustered_logs,42,4,49,1,pruned,800,128,30,32,32,1
clustered_logs,42,4,49,1,scan,4300,2048,0,32,32,1
clustered_logs,42,4,50,2,scan,4800,2048,0,256,256,1
clustered_logs,42,4,50,2,pruned,1100,256,28,256,256,1
clustered_logs,42,4,51,3,pruned,156100,512,24,8,8,1
clustered_logs,42,4,51,3,scan,373800,2048,0,8,8,1
clustered_logs,42,4,52,4,scan,370000,2048,0,0,0,1
clustered_logs,42,4,52,4,pruned,600,0,32,0,0,1
clustered_logs,42,4,53,5,pruned,42700,2048,0,2048,2048,1
clustered_logs,42,4,53,5,scan,36000,2048,0,2048,2048,1
clustered_logs,42,4,54,6,scan,380300,2048,0,0,0,1
clustered_logs,42,4,54,6,pruned,400,0,32,0,0,1
clustered_logs,42,4,55,7,pruned,0,0,32,0,0,1
clustered_logs,42,4,55,7,scan,5100,2048,0,0,0,1
clustered_logs,42,4,56,0,scan,6500,2048,0,2048,2048,1
clustered_logs,42,4,56,0,pruned,5900,2048,0,2048,2048,1
clustered_logs,42,4,57,1,pruned,800,128,30,32,32,1
clustered_logs,42,4,57,1,scan,4400,2048,0,32,32,1
clustered_logs,42,4,58,2,scan,4900,2048,0,256,256,1
clustered_logs,42,4,58,2,pruned,1300,256,28,256,256,1
clustered_logs,42,4,59,3,pruned,93100,512,24,8,8,1
clustered_logs,42,4,59,3,scan,372400,2048,0,8,8,1
clustered_logs,42,4,60,4,scan,367900,2048,0,0,0,1
clustered_logs,42,4,60,4,pruned,600,0,32,0,0,1
clustered_logs,42,4,61,5,pruned,37900,2048,0,2048,2048,1
clustered_logs,42,4,61,5,scan,32900,2048,0,2048,2048,1
clustered_logs,42,4,62,6,scan,417100,2048,0,0,0,1
clustered_logs,42,4,62,6,pruned,700,0,32,0,0,1
clustered_logs,42,4,63,7,pruned,100,0,32,0,0,1
clustered_logs,42,4,63,7,scan,12900,2048,0,0,0,1
clustered_logs,42,4,64,0,scan,8300,2048,0,2048,2048,1
clustered_logs,42,4,64,0,pruned,6000,2048,0,2048,2048,1
clustered_logs,42,4,65,1,pruned,900,128,30,32,32,1
clustered_logs,42,4,65,1,scan,4500,2048,0,32,32,1
clustered_logs,42,4,66,2,scan,4200,2048,0,0,0,1
clustered_logs,42,4,66,2,pruned,300,0,32,0,0,1
clustered_logs,42,4,67,3,pruned,97900,512,24,8,8,1
clustered_logs,42,4,67,3,scan,390900,2048,0,8,8,1
clustered_logs,42,4,68,4,scan,371600,2048,0,0,0,1
clustered_logs,42,4,68,4,pruned,600,0,32,0,0,1
clustered_logs,42,4,69,5,pruned,39300,2048,0,2048,2048,1
clustered_logs,42,4,69,5,scan,33600,2048,0,2048,2048,1
clustered_logs,42,4,70,6,scan,371400,2048,0,0,0,1
clustered_logs,42,4,70,6,pruned,300,0,32,0,0,1
clustered_logs,42,4,71,7,pruned,200,0,32,0,0,1
clustered_logs,42,4,71,7,scan,7300,2048,0,0,0,1
clustered_logs,42,4,72,0,scan,9200,2048,0,2048,2048,1
clustered_logs,42,4,72,0,pruned,9100,2048,0,2048,2048,1
clustered_logs,42,4,73,1,pruned,2000,128,30,32,32,1
clustered_logs,42,4,73,1,scan,6300,2048,0,32,32,1
clustered_logs,42,4,74,2,scan,5600,2048,0,0,0,1
clustered_logs,42,4,74,2,pruned,400,0,32,0,0,1
clustered_logs,42,4,75,3,pruned,141500,512,24,8,8,1
clustered_logs,42,4,75,3,scan,414200,2048,0,8,8,1
clustered_logs,42,4,76,4,scan,373500,2048,0,0,0,1
clustered_logs,42,4,76,4,pruned,700,0,32,0,0,1
clustered_logs,42,4,77,5,pruned,34200,2048,0,2048,2048,1
clustered_logs,42,4,77,5,scan,31000,2048,0,2048,2048,1
clustered_logs,42,4,78,6,scan,380500,2048,0,0,0,1
clustered_logs,42,4,78,6,pruned,200,0,32,0,0,1
clustered_logs,42,4,79,7,pruned,100,0,32,0,0,1
clustered_logs,42,4,79,7,scan,4300,2048,0,0,0,1
clustered_logs,42,4,80,0,scan,6500,2048,0,2048,2048,1
clustered_logs,42,4,80,0,pruned,5800,2048,0,2048,2048,1
clustered_logs,42,4,81,1,pruned,900,128,30,32,32,1
clustered_logs,42,4,81,1,scan,4800,2048,0,32,32,1
clustered_logs,42,4,82,2,scan,4000,2048,0,0,0,1
clustered_logs,42,4,82,2,pruned,300,0,32,0,0,1
clustered_logs,42,4,83,3,pruned,102200,512,24,8,8,1
clustered_logs,42,4,83,3,scan,367500,2048,0,8,8,1
clustered_logs,42,4,84,4,scan,368500,2048,0,0,0,1
clustered_logs,42,4,84,4,pruned,500,0,32,0,0,1
clustered_logs,42,4,85,5,pruned,32300,2048,0,2048,2048,1
clustered_logs,42,4,85,5,scan,30800,2048,0,2048,2048,1
clustered_logs,42,4,86,6,scan,396600,2048,0,0,0,1
clustered_logs,42,4,86,6,pruned,200,0,32,0,0,1
clustered_logs,42,4,87,7,pruned,100,0,32,0,0,1
clustered_logs,42,4,87,7,scan,4300,2048,0,0,0,1
clustered_logs,42,4,88,0,scan,6500,2048,0,2048,2048,1
clustered_logs,42,4,88,0,pruned,5600,2048,0,2048,2048,1
clustered_logs,42,4,89,1,pruned,800,128,30,32,32,1
clustered_logs,42,4,89,1,scan,4400,2048,0,32,32,1
clustered_logs,42,4,90,2,scan,4100,2048,0,0,0,1
clustered_logs,42,4,90,2,pruned,400,0,32,0,0,1
clustered_logs,42,4,91,3,pruned,92500,512,24,8,8,1
clustered_logs,42,4,91,3,scan,400800,2048,0,8,8,1
clustered_logs,42,4,92,4,scan,380700,2048,0,0,0,1
clustered_logs,42,4,92,4,pruned,500,0,32,0,0,1
clustered_logs,42,4,93,5,pruned,33300,2048,0,2048,2048,1
clustered_logs,42,4,93,5,scan,30800,2048,0,2048,2048,1
clustered_logs,42,4,94,6,scan,363100,2048,0,0,0,1
clustered_logs,42,4,94,6,pruned,200,0,32,0,0,1
clustered_logs,42,4,95,7,pruned,100,0,32,0,0,1
clustered_logs,42,4,95,7,scan,4200,2048,0,0,0,1
clustered_logs,42,4,96,0,scan,5600,2048,0,2048,2048,1
clustered_logs,42,4,96,0,pruned,5500,2048,0,2048,2048,1
clustered_logs,42,4,97,1,pruned,800,128,30,32,32,1
clustered_logs,42,4,97,1,scan,4300,2048,0,32,32,1
clustered_logs,42,4,98,2,scan,4100,2048,0,0,0,1
clustered_logs,42,4,98,2,pruned,400,0,32,0,0,1
clustered_logs,42,4,99,3,pruned,92700,512,24,8,8,1
clustered_logs,42,4,99,3,scan,412600,2048,0,8,8,1
clustered_logs,42,4,100,4,scan,390700,2048,0,0,0,1
clustered_logs,42,4,100,4,pruned,800,0,32,0,0,1
clustered_logs,42,4,101,5,pruned,58500,2048,0,2048,2048,1
clustered_logs,42,4,101,5,scan,35800,2048,0,2048,2048,1
clustered_logs,42,4,102,6,scan,383900,2048,0,0,0,1
clustered_logs,42,4,102,6,pruned,300,0,32,0,0,1
clustered_logs,42,4,103,7,pruned,100,0,32,0,0,1
clustered_logs,42,4,103,7,scan,5400,2048,0,0,0,1
clustered_logs,42,4,104,0,scan,6500,2048,0,2048,2048,1
clustered_logs,42,4,104,0,pruned,5500,2048,0,2048,2048,1
clustered_logs,42,4,105,1,pruned,800,128,30,32,32,1
clustered_logs,42,4,105,1,scan,4400,2048,0,32,32,1
clustered_logs,42,4,106,2,scan,5700,2048,0,0,0,1
clustered_logs,42,4,106,2,pruned,1000,0,32,0,0,1
clustered_logs,42,4,107,3,pruned,98400,512,24,8,8,1
clustered_logs,42,4,107,3,scan,386700,2048,0,8,8,1
clustered_logs,42,4,108,4,scan,382500,2048,0,0,0,1
clustered_logs,42,4,108,4,pruned,600,0,32,0,0,1
clustered_logs,42,4,109,5,pruned,80000,2048,0,2048,2048,1
clustered_logs,42,4,109,5,scan,40200,2048,0,2048,2048,1
clustered_logs,42,4,110,6,scan,386400,2048,0,0,0,1
clustered_logs,42,4,110,6,pruned,200,0,32,0,0,1
clustered_logs,42,4,111,7,pruned,100,0,32,0,0,1
clustered_logs,42,4,111,7,scan,5400,2048,0,0,0,1
clustered_logs,42,4,112,0,scan,6900,2048,0,2048,2048,1
clustered_logs,42,4,112,0,pruned,5900,2048,0,2048,2048,1
clustered_logs,42,4,113,1,pruned,700,128,30,32,32,1
clustered_logs,42,4,113,1,scan,4200,2048,0,32,32,1
clustered_logs,42,4,114,2,scan,6900,2048,0,0,0,1
clustered_logs,42,4,114,2,pruned,400,0,32,0,0,1
clustered_logs,42,4,115,3,pruned,109700,512,24,8,8,1
clustered_logs,42,4,115,3,scan,386700,2048,0,8,8,1
clustered_logs,42,4,116,4,scan,418800,2048,0,0,0,1
clustered_logs,42,4,116,4,pruned,800,0,32,0,0,1
clustered_logs,42,4,117,5,pruned,52700,2048,0,2048,2048,1
clustered_logs,42,4,117,5,scan,49300,2048,0,2048,2048,1
clustered_logs,42,4,118,6,scan,686300,2048,0,0,0,1
clustered_logs,42,4,118,6,pruned,400,0,32,0,0,1
clustered_logs,42,4,119,7,pruned,200,0,32,0,0,1
clustered_logs,42,4,119,7,scan,6800,2048,0,0,0,1
clustered_logs,42,4,120,0,scan,10400,2048,0,2048,2048,1
clustered_logs,42,4,120,0,pruned,9700,2048,0,2048,2048,1
clustered_logs,42,4,121,1,pruned,1300,128,30,32,32,1
clustered_logs,42,4,121,1,scan,7000,2048,0,32,32,1
clustered_logs,42,4,122,2,scan,6400,2048,0,0,0,1
clustered_logs,42,4,122,2,pruned,300,0,32,0,0,1
clustered_logs,42,4,123,3,pruned,175400,512,24,8,8,1
clustered_logs,42,4,123,3,scan,713400,2048,0,8,8,1
clustered_logs,42,4,124,4,scan,688600,2048,0,0,0,1
clustered_logs,42,4,124,4,pruned,800,0,32,0,0,1
clustered_logs,42,4,125,5,pruned,59300,2048,0,2048,2048,1
clustered_logs,42,4,125,5,scan,71000,2048,0,2048,2048,1
clustered_logs,42,4,126,6,scan,920800,2048,0,0,0,1
clustered_logs,42,4,126,6,pruned,500,0,32,0,0,1
clustered_logs,42,4,127,7,pruned,200,0,32,0,0,1
clustered_logs,42,4,127,7,scan,9200,2048,0,0,0,1
clustered_logs,43,0,0,0,scan,15500,2048,0,2048,2048,1
clustered_logs,43,0,0,0,pruned,13100,2048,0,2048,2048,1
clustered_logs,43,0,1,1,pruned,1400,64,31,32,32,1
clustered_logs,43,0,1,1,scan,9100,2048,0,32,32,1
clustered_logs,43,0,2,2,scan,10700,2048,0,256,256,1
clustered_logs,43,0,2,2,pruned,3500,256,28,256,256,1
clustered_logs,43,0,3,3,pruned,229000,512,24,8,8,1
clustered_logs,43,0,3,3,scan,944300,2048,0,8,8,1
clustered_logs,43,0,4,4,scan,1823200,2048,0,0,0,1
clustered_logs,43,0,4,4,pruned,2100,0,32,0,0,1
clustered_logs,43,0,5,5,pruned,163900,2048,0,2048,2048,1
clustered_logs,43,0,5,5,scan,103300,2048,0,2048,2048,1
clustered_logs,43,0,6,6,scan,939400,2048,0,1,1,1
clustered_logs,43,0,6,6,pruned,28500,64,31,1,1,1
clustered_logs,43,0,7,7,pruned,300,0,32,0,0,1
clustered_logs,43,0,7,7,scan,18200,2048,0,0,0,1
clustered_logs,43,0,8,0,scan,13700,2048,0,2048,2048,1
clustered_logs,43,0,8,0,pruned,12400,2048,0,2048,2048,1
clustered_logs,43,0,9,1,pruned,1900,128,30,32,32,1
clustered_logs,43,0,9,1,scan,9100,2048,0,32,32,1
clustered_logs,43,0,10,2,scan,10800,2048,0,256,256,1
clustered_logs,43,0,10,2,pruned,3700,256,28,256,256,1
clustered_logs,43,0,11,3,pruned,233300,512,24,8,8,1
clustered_logs,43,0,11,3,scan,2473400,2048,0,8,8,1
clustered_logs,43,0,12,4,scan,874000,2048,0,0,0,1
clustered_logs,43,0,12,4,pruned,3100,0,32,0,0,1
clustered_logs,43,0,13,5,pruned,162500,2048,0,2048,2048,1
clustered_logs,43,0,13,5,scan,100100,2048,0,2048,2048,1
clustered_logs,43,0,14,6,scan,856300,2048,0,0,0,1
clustered_logs,43,0,14,6,pruned,1100,0,32,0,0,1
clustered_logs,43,0,15,7,pruned,100,0,32,0,0,1
clustered_logs,43,0,15,7,scan,26600,2048,0,0,0,1
clustered_logs,43,0,16,0,scan,28400,2048,0,2048,2048,1
clustered_logs,43,0,16,0,pruned,15700,2048,0,2048,2048,1
clustered_logs,43,0,17,1,pruned,1800,128,30,32,32,1
clustered_logs,43,0,17,1,scan,11000,2048,0,32,32,1
clustered_logs,43,0,18,2,scan,12000,2048,0,256,256,1
clustered_logs,43,0,18,2,pruned,5900,256,28,256,256,1
clustered_logs,43,0,19,3,pruned,234100,512,24,8,8,1
clustered_logs,43,0,19,3,scan,941400,2048,0,8,8,1
clustered_logs,43,0,20,4,scan,919800,2048,0,0,0,1
clustered_logs,43,0,20,4,pruned,2400,0,32,0,0,1
clustered_logs,43,0,21,5,pruned,186300,2048,0,2048,2048,1
clustered_logs,43,0,21,5,scan,114300,2048,0,2048,2048,1
clustered_logs,43,0,22,6,scan,830601,2048,0,0,0,1
clustered_logs,43,0,22,6,pruned,1900,0,32,0,0,1
clustered_logs,43,0,23,7,pruned,200,0,32,0,0,1
clustered_logs,43,0,23,7,scan,23500,2048,0,0,0,1
clustered_logs,43,0,24,0,scan,19700,2048,0,2048,2048,1
clustered_logs,43,0,24,0,pruned,14800,2048,0,2048,2048,1
clustered_logs,43,0,25,1,pruned,2200,128,30,32,32,1
clustered_logs,43,0,25,1,scan,9000,2048,0,32,32,1
clustered_logs,43,0,26,2,scan,10900,2048,0,256,256,1
clustered_logs,43,0,26,2,pruned,3400,256,28,256,256,1
clustered_logs,43,0,27,3,pruned,196400,512,24,8,8,1
clustered_logs,43,0,27,3,scan,957200,2048,0,8,8,1
clustered_logs,43,0,28,4,scan,994700,2048,0,0,0,1
clustered_logs,43,0,28,4,pruned,3100,0,32,0,0,1
clustered_logs,43,0,29,5,pruned,1032200,2048,0,2048,2048,1
clustered_logs,43,0,29,5,scan,222100,2048,0,2048,2048,1
clustered_logs,43,0,30,6,scan,916300,2048,0,0,0,1
clustered_logs,43,0,30,6,pruned,2700,0,32,0,0,1
clustered_logs,43,0,31,7,pruned,100,0,32,0,0,1
clustered_logs,43,0,31,7,scan,32200,2048,0,0,0,1
clustered_logs,43,0,32,0,scan,698400,2048,0,2048,2048,1
clustered_logs,43,0,32,0,pruned,79400,2048,0,2048,2048,1
clustered_logs,43,0,33,1,pruned,4000,128,30,32,32,1
clustered_logs,43,0,33,1,scan,17800,2048,0,32,32,1
clustered_logs,43,0,34,2,scan,24000,2048,0,256,256,1
clustered_logs,43,0,34,2,pruned,3700,256,28,256,256,1
clustered_logs,43,0,35,3,pruned,222900,512,24,8,8,1
clustered_logs,43,0,35,3,scan,954300,2048,0,8,8,1
clustered_logs,43,0,36,4,scan,937100,2048,0,0,0,1
clustered_logs,43,0,36,4,pruned,2700,0,32,0,0,1
clustered_logs,43,0,37,5,pruned,161500,2048,0,2048,2048,1
clustered_logs,43,0,37,5,scan,105300,2048,0,2048,2048,1
clustered_logs,43,0,38,6,scan,931500,2048,0,0,0,1
clustered_logs,43,0,38,6,pruned,1000,0,32,0,0,1
clustered_logs,43,0,39,7,pruned,200,0,32,0,0,1
clustered_logs,43,0,39,7,scan,21200,2048,0,0,0,1
clustered_logs,43,0,40,0,scan,15000,2048,0,2048,2048,1
clustered_logs,43,0,40,0,pruned,12700,2048,0,2048,2048,1
clustered_logs,43,0,41,1,pruned,1900,128,30,32,32,1
clustered_logs,43,0,41,1,scan,8800,2048,0,32,32,1
clustered_logs,43,0,42,2,scan,10500,2048,0,256,256,1
clustered_logs,43,0,42,2,pruned,3200,256,28,256,256,1
clustered_logs,43,0,43,3,pruned,302700,512,24,8,8,1
clustered_logs,43,0,43,3,scan,1045600,2048,0,8,8,1
clustered_logs,43,0,44,4,scan,1649400,2048,0,0,0,1
clustered_logs,43,0,44,4,pruned,2600,0,32,0,0,1
clustered_logs,43,0,45,5,pruned,192800,2048,0,2048,2048,1
clustered_logs,43,0,45,5,scan,110100,2048,0,2048,2048,1
clustered_logs,43,0,46,6,scan,751900,2048,0,0,0,1
clustered_logs,43,0,46,6,pruned,1200,0,32,0,0,1
clustered_logs,43,0,47,7,pruned,100,0,32,0,0,1
clustered_logs,43,0,47,7,scan,16800,2048,0,0,0,1
clustered_logs,43,0,48,0,scan,12700,2048,0,2048,2048,1
clustered_logs,43,0,48,0,pruned,11000,2048,0,2048,2048,1
clustered_logs,43,0,49,1,pruned,1600,128,30,32,32,1
clustered_logs,43,0,49,1,scan,7900,2048,0,32,32,1
clustered_logs,43,0,50,2,scan,9500,2048,0,256,256,1
clustered_logs,43,0,50,2,pruned,3700,256,28,256,256,1
clustered_logs,43,0,51,3,pruned,207600,512,24,8,8,1
clustered_logs,43,0,51,3,scan,784400,2048,0,8,8,1
clustered_logs,43,0,52,4,scan,757400,2048,0,0,0,1
clustered_logs,43,0,52,4,pruned,2000,0,32,0,0,1
clustered_logs,43,0,53,5,pruned,129900,2048,0,2048,2048,1
clustered_logs,43,0,53,5,scan,72800,2048,0,2048,2048,1
clustered_logs,43,0,54,6,scan,770700,2048,0,0,0,1
clustered_logs,43,0,54,6,pruned,900,0,32,0,0,1
clustered_logs,43,0,55,7,pruned,200,0,32,0,0,1
clustered_logs,43,0,55,7,scan,16500,2048,0,0,0,1
clustered_logs,43,0,56,0,scan,15700,2048,0,2048,2048,1
clustered_logs,43,0,56,0,pruned,11000,2048,0,2048,2048,1
clustered_logs,43,0,57,1,pruned,1500,128,30,32,32,1
clustered_logs,43,0,57,1,scan,7900,2048,0,32,32,1
clustered_logs,43,0,58,2,scan,9100,2048,0,256,256,1
clustered_logs,43,0,58,2,pruned,2700,256,28,256,256,1
clustered_logs,43,0,59,3,pruned,188400,512,24,8,8,1
clustered_logs,43,0,59,3,scan,822700,2048,0,8,8,1
clustered_logs,43,0,60,4,scan,927500,2048,0,0,0,1
clustered_logs,43,0,60,4,pruned,2700,0,32,0,0,1
clustered_logs,43,0,61,5,pruned,133300,2048,0,2048,2048,1
clustered_logs,43,0,61,5,scan,83400,2048,0,2048,2048,1
clustered_logs,43,0,62,6,scan,908400,2048,0,0,0,1
clustered_logs,43,0,62,6,pruned,800,0,32,0,0,1
clustered_logs,43,0,63,7,pruned,200,0,32,0,0,1
clustered_logs,43,0,63,7,scan,17100,2048,0,0,0,1
clustered_logs,43,0,64,0,scan,14300,2048,0,2048,2048,1
clustered_logs,43,0,64,0,pruned,13000,2048,0,2048,2048,1
clustered_logs,43,0,65,1,pruned,1800,128,30,32,32,1
clustered_logs,43,0,65,1,scan,9000,2048,0,32,32,1
clustered_logs,43,0,66,2,scan,9300,2048,0,0,0,1
clustered_logs,43,0,66,2,pruned,600,0,32,0,0,1
clustered_logs,43,0,67,3,pruned,222800,512,24,8,8,1
clustered_logs,43,0,67,3,scan,898200,2048,0,8,8,1
clustered_logs,43,0,68,4,scan,754900,2048,0,0,0,1
clustered_logs,43,0,68,4,pruned,1900,0,32,0,0,1
clustered_logs,43,0,69,5,pruned,97700,2048,0,2048,2048,1
clustered_logs,43,0,69,5,scan,72400,2048,0,2048,2048,1
clustered_logs,43,0,70,6,scan,839300,2048,0,0,0,1
clustered_logs,43,0,70,6,pruned,500,0,32,0,0,1
clustered_logs,43,0,71,7,pruned,200,0,32,0,0,1
clustered_logs,43,0,71,7,scan,13300,2048,0,0,0,1
clustered_logs,43,0,72,0,scan,14000,2048,0,2048,2048,1
clustered_logs,43,0,72,0,pruned,12200,2048,0,2048,2048,1
clustered_logs,43,0,73,1,pruned,1900,128,30,32,32,1
clustered_logs,43,0,73,1,scan,9000,2048,0,32,32,1
clustered_logs,43,0,74,2,scan,9000,2048,0,0,0,1
clustered_logs,43,0,74,2,pruned,500,0,32,0,0,1
clustered_logs,43,0,75,3,pruned,189600,512,24,8,8,1
clustered_logs,43,0,75,3,scan,869600,2048,0,8,8,1
clustered_logs,43,0,76,4,scan,883100,2048,0,0,0,1
clustered_logs,43,0,76,4,pruned,1400,0,32,0,0,1
clustered_logs,43,0,77,5,pruned,105700,2048,0,2048,2048,1
clustered_logs,43,0,77,5,scan,94300,2048,0,2048,2048,1
clustered_logs,43,0,78,6,scan,938000,2048,0,0,0,1
clustered_logs,43,0,78,6,pruned,900,0,32,0,0,1
clustered_logs,43,0,79,7,pruned,200,0,32,0,0,1
clustered_logs,43,0,79,7,scan,12100,2048,0,0,0,1
clustered_logs,43,0,80,0,scan,14300,2048,0,2048,2048,1
clustered_logs,43,0,80,0,pruned,12300,2048,0,2048,2048,1
clustered_logs,43,0,81,1,pruned,1800,128,30,32,32,1
clustered_logs,43,0,81,1,scan,8700,2048,0,32,32,1
clustered_logs,43,0,82,2,scan,9100,2048,0,0,0,1
clustered_logs,43,0,82,2,pruned,500,0,32,0,0,1
clustered_logs,43,0,83,3,pruned,267500,512,24,8,8,1
clustered_logs,43,0,83,3,scan,936100,2048,0,8,8,1
clustered_logs,43,0,84,4,scan,1024200,2048,0,0,0,1
clustered_logs,43,0,84,4,pruned,1900,0,32,0,0,1
clustered_logs,43,0,85,5,pruned,137300,2048,0,2048,2048,1
clustered_logs,43,0,85,5,scan,94300,2048,0,2048,2048,1
clustered_logs,43,0,86,6,scan,940100,2048,0,0,0,1
clustered_logs,43,0,86,6,pruned,1200,0,32,0,0,1
clustered_logs,43,0,87,7,pruned,200,0,32,0,0,1
clustered_logs,43,0,87,7,scan,20500,2048,0,0,0,1
clustered_logs,43,0,88,0,scan,22600,2048,0,2048,2048,1
clustered_logs,43,0,88,0,pruned,96200,2048,0,2048,2048,1
clustered_logs,43,0,89,1,pruned,2800,128,30,32,32,1
clustered_logs,43,0,89,1,scan,10200,2048,0,32,32,1
clustered_logs,43,0,90,2,scan,10200,2048,0,0,0,1
clustered_logs,43,0,90,2,pruned,700,0,32,0,0,1
clustered_logs,43,0,91,3,pruned,275400,512,24,8,8,1
clustered_logs,43,0,91,3,scan,954100,2048,0,8,8,1
clustered_logs,43,0,92,4,scan,884700,2048,0,0,0,1
clustered_logs,43,0,92,4,pruned,1700,0,32,0,0,1
clustered_logs,43,0,93,5,pruned,100300,2048,0,2048,2048,1
clustered_logs,43,0,93,5,scan,74800,2048,0,2048,2048,1
clustered_logs,43,0,94,6,scan,874400,2048,0,0,0,1
clustered_logs,43,0,94,6,pruned,700,0,32,0,0,1
clustered_logs,43,0,95,7,pruned,200,0,32,0,0,1
clustered_logs,43,0,95,7,scan,12400,2048,0,0,0,1
clustered_logs,43,0,96,0,scan,13200,2048,0,2048,2048,1
clustered_logs,43,0,96,0,pruned,12500,2048,0,2048,2048,1
clustered_logs,43,0,97,1,pruned,1700,128,30,32,32,1
clustered_logs,43,0,97,1,scan,9000,2048,0,32,32,1
clustered_logs,43,0,98,2,scan,8300,2048,0,0,0,1
clustered_logs,43,0,98,2,pruned,1500,0,32,0,0,1
clustered_logs,43,0,99,3,pruned,216400,512,24,8,8,1
clustered_logs,43,0,99,3,scan,895000,2048,0,8,8,1
clustered_logs,43,0,100,4,scan,841600,2048,0,0,0,1
clustered_logs,43,0,100,4,pruned,1400,0,32,0,0,1
clustered_logs,43,0,101,5,pruned,92600,2048,0,2048,2048,1
clustered_logs,43,0,101,5,scan,74300,2048,0,2048,2048,1
clustered_logs,43,0,102,6,scan,888200,2048,0,0,0,1
clustered_logs,43,0,102,6,pruned,700,0,32,0,0,1
clustered_logs,43,0,103,7,pruned,200,0,32,0,0,1
clustered_logs,43,0,103,7,scan,11200,2048,0,0,0,1
clustered_logs,43,0,104,0,scan,13200,2048,0,2048,2048,1
clustered_logs,43,0,104,0,pruned,12200,2048,0,2048,2048,1
clustered_logs,43,0,105,1,pruned,2000,128,30,32,32,1
clustered_logs,43,0,105,1,scan,8800,2048,0,32,32,1
clustered_logs,43,0,106,2,scan,8200,2048,0,0,0,1
clustered_logs,43,0,106,2,pruned,1200,0,32,0,0,1
clustered_logs,43,0,107,3,pruned,247300,512,24,8,8,1
clustered_logs,43,0,107,3,scan,870000,2048,0,8,8,1
clustered_logs,43,0,108,4,scan,834400,2048,0,0,0,1
clustered_logs,43,0,108,4,pruned,1600,0,32,0,0,1
clustered_logs,43,0,109,5,pruned,97800,2048,0,2048,2048,1
clustered_logs,43,0,109,5,scan,72100,2048,0,2048,2048,1
clustered_logs,43,0,110,6,scan,834800,2048,0,0,0,1
clustered_logs,43,0,110,6,pruned,700,0,32,0,0,1
clustered_logs,43,0,111,7,pruned,200,0,32,0,0,1
clustered_logs,43,0,111,7,scan,12400,2048,0,0,0,1
clustered_logs,43,0,112,0,scan,13100,2048,0,2048,2048,1
clustered_logs,43,0,112,0,pruned,11900,2048,0,2048,2048,1
clustered_logs,43,0,113,1,pruned,1700,128,30,32,32,1
clustered_logs,43,0,113,1,scan,8700,2048,0,32,32,1
clustered_logs,43,0,114,2,scan,8100,2048,0,0,0,1
clustered_logs,43,0,114,2,pruned,900,0,32,0,0,1
clustered_logs,43,0,115,3,pruned,201900,512,24,8,8,1
clustered_logs,43,0,115,3,scan,838200,2048,0,8,8,1
clustered_logs,43,0,116,4,scan,1063000,2048,0,0,0,1
clustered_logs,43,0,116,4,pruned,2500,0,32,0,0,1
clustered_logs,43,0,117,5,pruned,144900,2048,0,2048,2048,1
clustered_logs,43,0,117,5,scan,85700,2048,0,2048,2048,1
clustered_logs,43,0,118,6,scan,945700,2048,0,0,0,1
clustered_logs,43,0,118,6,pruned,600,0,32,0,0,1
clustered_logs,43,0,119,7,pruned,200,0,32,0,0,1
clustered_logs,43,0,119,7,scan,15100,2048,0,0,0,1
clustered_logs,43,0,120,0,scan,14000,2048,0,2048,2048,1
clustered_logs,43,0,120,0,pruned,12300,2048,0,2048,2048,1
clustered_logs,43,0,121,1,pruned,1800,128,30,32,32,1
clustered_logs,43,0,121,1,scan,8900,2048,0,32,32,1
clustered_logs,43,0,122,2,scan,8800,2048,0,0,0,1
clustered_logs,43,0,122,2,pruned,900,0,32,0,0,1
clustered_logs,43,0,123,3,pruned,224000,512,24,8,8,1
clustered_logs,43,0,123,3,scan,937300,2048,0,8,8,1
clustered_logs,43,0,124,4,scan,1059600,2048,0,0,0,1
clustered_logs,43,0,124,4,pruned,2300,0,32,0,0,1
clustered_logs,43,0,125,5,pruned,203700,2048,0,2048,2048,1
clustered_logs,43,0,125,5,scan,173700,2048,0,2048,2048,1
clustered_logs,43,0,126,6,scan,959400,2048,0,0,0,1
clustered_logs,43,0,126,6,pruned,2000,0,32,0,0,1
clustered_logs,43,0,127,7,pruned,200,0,32,0,0,1
clustered_logs,43,0,127,7,scan,19100,2048,0,0,0,1
clustered_logs,43,1,0,0,pruned,17300,2048,0,2048,2048,1
clustered_logs,43,1,0,0,scan,11900,2048,0,2048,2048,1
clustered_logs,43,1,1,1,scan,9400,2048,0,32,32,1
clustered_logs,43,1,1,1,pruned,1300,64,31,32,32,1
clustered_logs,43,1,2,2,pruned,3300,256,28,256,256,1
clustered_logs,43,1,2,2,scan,9700,2048,0,256,256,1
clustered_logs,43,1,3,3,scan,842900,2048,0,8,8,1
clustered_logs,43,1,3,3,pruned,206900,512,24,8,8,1
clustered_logs,43,1,4,4,pruned,1100,0,32,0,0,1
clustered_logs,43,1,4,4,scan,822100,2048,0,0,0,1
clustered_logs,43,1,5,5,scan,136500,2048,0,2048,2048,1
clustered_logs,43,1,5,5,pruned,87900,2048,0,2048,2048,1
clustered_logs,43,1,6,6,pruned,24800,64,31,1,1,1
clustered_logs,43,1,6,6,scan,1043300,2048,0,1,1,1
clustered_logs,43,1,7,7,scan,21900,2048,0,0,0,1
clustered_logs,43,1,7,7,pruned,200,0,32,0,0,1
clustered_logs,43,1,8,0,pruned,16600,2048,0,2048,2048,1
clustered_logs,43,1,8,0,scan,11500,2048,0,2048,2048,1
clustered_logs,43,1,9,1,scan,8900,2048,0,32,32,1
clustered_logs,43,1,9,1,pruned,1400,128,30,32,32,1
clustered_logs,43,1,10,2,pruned,3400,256,28,256,256,1
clustered_logs,43,1,10,2,scan,9200,2048,0,256,256,1
clustered_logs,43,1,11,3,scan,865300,2048,0,8,8,1
clustered_logs,43,1,11,3,pruned,213600,512,24,8,8,1
clustered_logs,43,1,12,4,pruned,900,0,32,0,0,1
clustered_logs,43,1,12,4,scan,833600,2048,0,0,0,1
clustered_logs,43,1,13,5,scan,87600,2048,0,2048,2048,1
clustered_logs,43,1,13,5,pruned,75100,2048,0,2048,2048,1
clustered_logs,43,1,14,6,pruned,400,0,32,0,0,1
clustered_logs,43,1,14,6,scan,834600,2048,0,0,0,1
clustered_logs,43,1,15,7,scan,15900,2048,0,0,0,1
clustered_logs,43,1,15,7,pruned,200,0,32,0,0,1
clustered_logs,43,1,16,0,pruned,14500,2048,0,2048,2048,1
clustered_logs,43,1,16,0,scan,12000,2048,0,2048,2048,1
clustered_logs,43,1,17,1,scan,9100,2048,0,32,32,1
clustered_logs,43,1,17,1,pruned,1600,128,30,32,32,1
clustered_logs,43,1,18,2,pruned,3100,256,28,256,256,1
clustered_logs,43,1,18,2,scan,10000,2048,0,256,256,1
clustered_logs,43,1,19,3,scan,861000,2048,0,8,8,1
clustered_logs,43,1,19,3,pruned,203100,512,24,8,8,1
clustered_logs,43,1,20,4,pruned,1100,0,32,0,0,1
clustered_logs,43,1,20,4,scan,847400,2048,0,0,0,1
clustered_logs,43,1,21,5,scan,115400,2048,0,2048,2048,1
clustered_logs,43,1,21,5,pruned,88300,2048,0,2048,2048,1
clustered_logs,43,1,22,6,pruned,400,0,32,0,0,1
clustered_logs,43,1,22,6,scan,869300,2048,0,0,0,1
clustered_logs,43,1,23,7,scan,20000,2048,0,0,0,1
clustered_logs,43,1,23,7,pruned,200,0,32,0,0,1
clustered_logs,43,1,24,0,pruned,16000,2048,0,2048,2048,1
clustered_logs,43,1,24,0,scan,11200,2048,0,2048,2048,1
clustered_logs,43,1,25,1,scan,9600,2048,0,32,32,1
clustered_logs,43,1,25,1,pruned,1600,128,30,32,32,1
clustered_logs,43,1,26,2,pruned,2700,256,28,256,256,1
clustered_logs,43,1,26,2,scan,9800,2048,0,256,256,1
clustered_logs,43,1,27,3,scan,820900,2048,0,8,8,1
clustered_logs,43,1,27,3,pruned,172300,512,24,8,8,1
clustered_logs,43,1,28,4,pruned,900,0,32,0,0,1
clustered_logs,43,1,28,4,scan,651100,2048,0,0,0,1
clustered_logs,43,1,29,5,scan,84700,2048,0,2048,2048,1
clustered_logs,43,1,29,5,pruned,47600,2048,0,2048,2048,1
clustered_logs,43,1,30,6,pruned,400,0,32,0,0,1
clustered_logs,43,1,30,6,scan,488200,2048,0,0,0,1
clustered_logs,43,1,31,7,scan,9200,2048,0,0,0,1
clustered_logs,43,1,31,7,pruned,100,0,32,0,0,1
clustered_logs,43,1,32,0,pruned,8400,2048,0,2048,2048,1
clustered_logs,43,1,32,0,scan,7800,2048,0,2048,2048,1
clustered_logs,43,1,33,1,scan,6200,2048,0,32,32,1
clustered_logs,43,1,33,1,pruned,1600,128,30,32,32,1
clustered_logs,43,1,34,2,pruned,3100,256,28,256,256,1
clustered_logs,43,1,34,2,scan,9800,2048,0,256,256,1
clustered_logs,43,1,35,3,scan,599100,2048,0,8,8,1
clustered_logs,43,1,35,3,pruned,129200,512,24,8,8,1
clustered_logs,43,1,36,4,pruned,900,0,32,0,0,1
clustered_logs,43,1,36,4,scan,530000,2048,0,0,0,1
clustered_logs,43,1,37,5,scan,68300,2048,0,2048,2048,1
clustered_logs,43,1,37,5,pruned,75300,2048,0,2048,2048,1
clustered_logs,43,1,38,6,pruned,400,0,32,0,0,1
clustered_logs,43,1,38,6,scan,487500,2048,0,0,0,1
clustered_logs,43,1,39,7,scan,8300,2048,0,0,0,1
clustered_logs,43,1,39,7,pruned,100,0,32,0,0,1
clustered_logs,43,1,40,0,pruned,8300,2048,0,2048,2048,1
clustered_logs,43,1,40,0,scan,7400,2048,0,2048,2048,1
clustered_logs,43,1,41,1,scan,6000,2048,0,32,32,1
clustered_logs,43,1,41,1,pruned,1000,128,30,32,32,1
clustered_logs,43,1,42,2,pruned,2100,256,28,256,256,1
clustered_logs,43,1,42,2,scan,7000,2048,0,256,256,1
clustered_logs,43,1,43,3,scan,501600,2048,0,8,8,1
clustered_logs,43,1,43,3,pruned,126600,512,24,8,8,1
clustered_logs,43,1,44,4,pruned,900,0,32,0,0,1
clustered_logs,43,1,44,4,scan,519900,2048,0,0,0,1
clustered_logs,43,1,45,5,scan,62800,2048,0,2048,2048,1
clustered_logs,43,1,45,5,pruned,50900,2048,0,2048,2048,1
clustered_logs,43,1,46,6,pruned,400,0,32,0,0,1
clustered_logs,43,1,46,6,scan,576800,2048,0,0,0,1
clustered_logs,43,1,47,7,scan,11200,2048,0,0,0,1
clustered_logs,43,1,47,7,pruned,100,0,32,0,0,1
clustered_logs,43,1,48,0,pruned,11200,2048,0,2048,2048,1
clustered_logs,43,1,48,0,scan,8100,2048,0,2048,2048,1
clustered_logs,43,1,49,1,scan,6100,2048,0,32,32,1
clustered_logs,43,1,49,1,pruned,1000,128,30,32,32,1
clustered_logs,43,1,50,2,pruned,2000,256,28,256,256,1
clustered_logs,43,1,50,2,scan,6700,2048,0,256,256,1
clustered_logs,43,1,51,3,scan,592300,2048,0,8,8,1
clustered_logs,43,1,51,3,pruned,126700,512,24,8,8,1
clustered_logs,43,1,52,4,pruned,1200,0,32,0,0,1
clustered_logs,43,1,52,4,scan,527700,2048,0,0,0,1
clustered_logs,43,1,53,5,scan,61400,2048,0,2048,2048,1
clustered_logs,43,1,53,5,pruned,45500,2048,0,2048,2048,1
clustered_logs,43,1,54,6,pruned,300,0,32,0,0,1
clustered_logs,43,1,54,6,scan,487300,2048,0,0,0,1
clustered_logs,43,1,55,7,scan,9500,2048,0,0,0,1
clustered_logs,43,1,55,7,pruned,100,0,32,0,0,1
clustered_logs,43,1,56,0,pruned,7800,2048,0,2048,2048,1
clustered_logs,43,1,56,0,scan,7300,2048,0,2048,2048,1
clustered_logs,43,1,57,1,scan,6000,2048,0,32,32,1
clustered_logs,43,1,57,1,pruned,1000,128,30,32,32,1
clustered_logs,43,1,58,2,pruned,1900,256,28,256,256,1
clustered_logs,43,1,58,2,scan,7100,2048,0,256,256,1
clustered_logs,43,1,59,3,scan,651900,2048,0,8,8,1
clustered_logs,43,1,59,3,pruned,126400,512,24,8,8,1
clustered_logs,43,1,60,4,pruned,900,0,32,0,0,1
clustered_logs,43,1,60,4,scan,756700,2048,0,0,0,1
clustered_logs,43,1,61,5,scan,99000,2048,0,2048,2048,1
clustered_logs,43,1,61,5,pruned,59500,2048,0,2048,2048,1
clustered_logs,43,1,62,6,pruned,400,0,32,0,0,1
clustered_logs,43,1,62,6,scan,590400,2048,0,0,0,1
clustered_logs,43,1,63,7,scan,12100,2048,0,0,0,1
clustered_logs,43,1,63,7,pruned,100,0,32,0,0,1
clustered_logs,43,1,64,0,pruned,35500,2048,0,2048,2048,1
clustered_logs,43,1,64,0,scan,12400,2048,0,2048,2048,1
clustered_logs,43,1,65,1,scan,9200,2048,0,32,32,1
clustered_logs,43,1,65,1,pruned,1500,128,30,32,32,1
clustered_logs,43,1,66,2,pruned,600,0,32,0,0,1
clustered_logs,43,1,66,2,scan,8400,2048,0,0,0,1
clustered_logs,43,1,67,3,scan,666400,2048,0,8,8,1
clustered_logs,43,1,67,3,pruned,155400,512,24,8,8,1
clustered_logs,43,1,68,4,pruned,1100,0,32,0,0,1
clustered_logs,43,1,68,4,scan,704100,2048,0,0,0,1
clustered_logs,43,1,69,5,scan,141900,2048,0,2048,2048,1
clustered_logs,43,1,69,5,pruned,94700,2048,0,2048,2048,1
clustered_logs,43,1,70,6,pruned,500,0,32,0,0,1
clustered_logs,43,1,70,6,scan,908300,2048,0,0,0,1
clustered_logs,43,1,71,7,scan,14500,2048,0,0,0,1
clustered_logs,43,1,71,7,pruned,300,0,32,0,0,1
clustered_logs,43,1,72,0,pruned,13500,2048,0,2048,2048,1
clustered_logs,43,1,72,0,scan,11800,2048,0,2048,2048,1
clustered_logs,43,1,73,1,scan,9200,2048,0,32,32,1
clustered_logs,43,1,73,1,pruned,1600,128,30,32,32,1
clustered_logs,43,1,74,2,pruned,400,0,32,0,0,1
clustered_logs,43,1,74,2,scan,8200,2048,0,0,0,1
clustered_logs,43,1,75,3,scan,906300,2048,0,8,8,1
clustered_logs,43,1,75,3,pruned,222400,512,24,8,8,1
clustered_logs,43,1,76,4,pruned,1200,0,32,0,0,1
clustered_logs,43,1,76,4,scan,897000,2048,0,0,0,1
clustered_logs,43,1,77,5,scan,87200,2048,0,2048,2048,1
clustered_logs,43,1,77,5,pruned,52100,2048,0,2048,2048,1
clustered_logs,43,1,78,6,pruned,400,0,32,0,0,1
clustered_logs,43,1,78,6,scan,796400,2048,0,0,0,1
clustered_logs,43,1,79,7,scan,22700,2048,0,0,0,1
clustered_logs,43,1,79,7,pruned,200,0,32,0,0,1
clustered_logs,43,1,80,0,pruned,21100,2048,0,2048,2048,1
clustered_logs,43,1,80,0,scan,12900,2048,0,2048,2048,1
clustered_logs,43,1,81,1,scan,9000,2048,0,32,32,1
clustered_logs,43,1,81,1,pruned,1400,128,30,32,32,1
clustered_logs,43,1,82,2,pruned,500,0,32,0,0,1
clustered_logs,43,1,82,2,scan,8700,2048,0,0,0,1
clustered_logs,43,1,83,3,scan,632700,2048,0,8,8,1
clustered_logs,43,1,83,3,pruned,133100,512,24,8,8,1
clustered_logs,43,1,84,4,pruned,900,0,32,0,0,1
clustered_logs,43,1,84,4,scan,674200,2048,0,0,0,1
clustered_logs,43,1,85,5,scan,151500,2048,0,2048,2048,1
clustered_logs,43,1,85,5,pruned,88900,2048,0,2048,2048,1
clustered_logs,43,1,86,6,pruned,400,0,32,0,0,1
clustered_logs,43,1,86,6,scan,781000,2048,0,0,0,1
clustered_logs,43,1,87,7,scan,22500,2048,0,0,0,1
clustered_logs,43,1,87,7,pruned,200,0,32,0,0,1
clustered_logs,43,1,88,0,pruned,17700,2048,0,2048,2048,1
clustered_logs,43,1,88,0,scan,8000,2048,0,2048,2048,1
clustered_logs,43,1,89,1,scan,6100,2048,0,32,32,1
clustered_logs,43,1,89,1,pruned,1000,128,30,32,32,1
clustered_logs,43,1,90,2,pruned,500,0,32,0,0,1
clustered_logs,43,1,90,2,scan,6200,2048,0,0,0,1
clustered_logs,43,1,91,3,scan,724100,2048,0,8,8,1
clustered_logs,43,1,91,3,pruned,195200,512,24,8,8,1
clustered_logs,43,1,92,4,pruned,1300,0,32,0,0,1
clustered_logs,43,1,92,4,scan,561400,2048,0,0,0,1
clustered_logs,43,1,93,5,scan,130500,2048,0,2048,2048,1
clustered_logs,43,1,93,5,pruned,63600,2048,0,2048,2048,1
clustered_logs,43,1,94,6,pruned,300,0,32,0,0,1
clustered_logs,43,1,94,6,scan,652300,2048,0,0,0,1
clustered_logs,43,1,95,7,scan,14100,2048,0,0,0,1
clustered_logs,43,1,95,7,pruned,100,0,32,0,0,1
clustered_logs,43,1,96,0,pruned,10700,2048,0,2048,2048,1
clustered_logs,43,1,96,0,scan,8100,2048,0,2048,2048,1
clustered_logs,43,1,97,1,scan,6400,2048,0,32,32,1
clustered_logs,43,1,97,1,pruned,900,128,30,32,32,1
clustered_logs,43,1,98,2,pruned,500,0,32,0,0,1
clustered_logs,43,1,98,2,scan,5700,2048,0,0,0,1
clustered_logs,43,1,99,3,scan,549300,2048,0,8,8,1
clustered_logs,43,1,99,3,pruned,139700,512,24,8,8,1
clustered_logs,43,1,100,4,pruned,700,0,32,0,0,1
clustered_logs,43,1,100,4,scan,691800,2048,0,0,0,1
clustered_logs,43,1,101,5,scan,118400,2048,0,2048,2048,1
clustered_logs,43,1,101,5,pruned,71200,2048,0,2048,2048,1
clustered_logs,43,1,102,6,pruned,300,0,32,0,0,1
clustered_logs,43,1,102,6,scan,507300,2048,0,0,0,1
clustered_logs,43,1,103,7,scan,10600,2048,0,0,0,1
clustered_logs,43,1,103,7,pruned,100,0,32,0,0,1
clustered_logs,43,1,104,0,pruned,8400,2048,0,2048,2048,1
clustered_logs,43,1,104,0,scan,7400,2048,0,2048,2048,1
clustered_logs,43,1,105,1,scan,6200,2048,0,32,32,1
clustered_logs,43,1,105,1,pruned,1000,128,30,32,32,1
clustered_logs,43,1,106,2,pruned,800,0,32,0,0,1
clustered_logs,43,1,106,2,scan,5600,2048,0,0,0,1
clustered_logs,43,1,107,3,scan,609900,2048,0,8,8,1
clustered_logs,43,1,107,3,pruned,126300,512,24,8,8,1
clustered_logs,43,1,108,4,pruned,800,0,32,0,0,1
clustered_logs,43,1,108,4,scan,520900,2048,0,0,0,1
clustered_logs,43,1,109,5,scan,52300,2048,0,2048,2048,1
clustered_logs,43,1,109,5,pruned,47000,2048,0,2048,2048,1
clustered_logs,43,1,110,6,pruned,300,0,32,0,0,1
clustered_logs,43,1,110,6,scan,486500,2048,0,0,0,1
clustered_logs,43,1,111,7,scan,7200,2048,0,0,0,1
clustered_logs,43,1,111,7,pruned,100,0,32,0,0,1
clustered_logs,43,1,112,0,pruned,7700,2048,0,2048,2048,1
clustered_logs,43,1,112,0,scan,7100,2048,0,2048,2048,1
clustered_logs,43,1,113,1,scan,21100,2048,0,32,32,1
clustered_logs,43,1,113,1,pruned,1200,128,30,32,32,1
clustered_logs,43,1,114,2,pruned,400,0,32,0,0,1
clustered_logs,43,1,114,2,scan,5800,2048,0,0,0,1
clustered_logs,43,1,115,3,scan,549000,2048,0,8,8,1
clustered_logs,43,1,115,3,pruned,154300,512,24,8,8,1
clustered_logs,43,1,116,4,pruned,1100,0,32,0,0,1
clustered_logs,43,1,116,4,scan,650300,2048,0,0,0,1
clustered_logs,43,1,117,5,scan,111800,2048,0,2048,2048,1
clustered_logs,43,1,117,5,pruned,59300,2048,0,2048,2048,1
clustered_logs,43,1,118,6,pruned,2000,0,32,0,0,1
clustered_logs,43,1,118,6,scan,509500,2048,0,0,0,1
clustered_logs,43,1,119,7,scan,9200,2048,0,0,0,1
clustered_logs,43,1,119,7,pruned,200,0,32,0,0,1
clustered_logs,43,1,120,0,pruned,12900,2048,0,2048,2048,1
clustered_logs,43,1,120,0,scan,11600,2048,0,2048,2048,1
clustered_logs,43,1,121,1,scan,6500,2048,0,32,32,1
clustered_logs,43,1,121,1,pruned,900,128,30,32,32,1
clustered_logs,43,1,122,2,pruned,400,0,32,0,0,1
clustered_logs,43,1,122,2,scan,5800,2048,0,0,0,1
clustered_logs,43,1,123,3,scan,493600,2048,0,8,8,1
clustered_logs,43,1,123,3,pruned,123700,512,24,8,8,1
clustered_logs,43,1,124,4,pruned,800,0,32,0,0,1
clustered_logs,43,1,124,4,scan,513400,2048,0,0,0,1
clustered_logs,43,1,125,5,scan,49200,2048,0,2048,2048,1
clustered_logs,43,1,125,5,pruned,43600,2048,0,2048,2048,1
clustered_logs,43,1,126,6,pruned,200,0,32,0,0,1
clustered_logs,43,1,126,6,scan,486700,2048,0,0,0,1
clustered_logs,43,1,127,7,scan,6600,2048,0,0,0,1
clustered_logs,43,1,127,7,pruned,100,0,32,0,0,1
clustered_logs,43,2,0,0,scan,8600,2048,0,2048,2048,1
clustered_logs,43,2,0,0,pruned,7600,2048,0,2048,2048,1
clustered_logs,43,2,1,1,pruned,800,64,31,32,32,1
clustered_logs,43,2,1,1,scan,5600,2048,0,32,32,1
clustered_logs,43,2,2,2,scan,6600,2048,0,256,256,1
clustered_logs,43,2,2,2,pruned,1900,256,28,256,256,1
clustered_logs,43,2,3,3,pruned,123800,512,24,8,8,1
clustered_logs,43,2,3,3,scan,503400,2048,0,8,8,1
clustered_logs,43,2,4,4,scan,489300,2048,0,0,0,1
clustered_logs,43,2,4,4,pruned,19600,0,32,0,0,1
clustered_logs,43,2,5,5,pruned,91300,2048,0,2048,2048,1
clustered_logs,43,2,5,5,scan,48000,2048,0,2048,2048,1
clustered_logs,43,2,6,6,scan,558100,2048,0,1,1,1
clustered_logs,43,2,6,6,pruned,23800,64,31,1,1,1
clustered_logs,43,2,7,7,pruned,200,0,32,0,0,1
clustered_logs,43,2,7,7,scan,14900,2048,0,0,0,1
clustered_logs,43,2,8,0,scan,13000,2048,0,2048,2048,1
clustered_logs,43,2,8,0,pruned,11300,2048,0,2048,2048,1
clustered_logs,43,2,9,1,pruned,1700,128,30,32,32,1
clustered_logs,43,2,9,1,scan,8500,2048,0,32,32,1
clustered_logs,43,2,10,2,scan,9800,2048,0,256,256,1
clustered_logs,43,2,10,2,pruned,3400,256,28,256,256,1
clustered_logs,43,2,11,3,pruned,180500,512,24,8,8,1
clustered_logs,43,2,11,3,scan,533500,2048,0,8,8,1
clustered_logs,43,2,12,4,scan,1055900,2048,0,0,0,1
clustered_logs,43,2,12,4,pruned,2000,0,32,0,0,1
clustered_logs,43,2,13,5,pruned,107200,2048,0,2048,2048,1
clustered_logs,43,2,13,5,scan,60300,2048,0,2048,2048,1
clustered_logs,43,2,14,6,scan,662100,2048,0,0,0,1
clustered_logs,43,2,14,6,pruned,700,0,32,0,0,1
clustered_logs,43,2,15,7,pruned,100,0,32,0,0,1
clustered_logs,43,2,15,7,scan,11200,2048,0,0,0,1
clustered_logs,43,2,16,0,scan,10000,2048,0,2048,2048,1
clustered_logs,43,2,16,0,pruned,7900,2048,0,2048,2048,1
clustered_logs,43,2,17,1,pruned,1300,128,30,32,32,1
clustered_logs,43,2,17,1,scan,5900,2048,0,32,32,1
clustered_logs,43,2,18,2,scan,7000,2048,0,256,256,1
clustered_logs,43,2,18,2,pruned,2600,256,28,256,256,1
clustered_logs,43,2,19,3,pruned,167900,512,24,8,8,1
clustered_logs,43,2,19,3,scan,621000,2048,0,8,8,1
clustered_logs,43,2,20,4,scan,547400,2048,0,0,0,1
clustered_logs,43,2,20,4,pruned,1700,0,32,0,0,1
clustered_logs,43,2,21,5,pruned,123600,2048,0,2048,2048,1
clustered_logs,43,2,21,5,scan,81200,2048,0,2048,2048,1
clustered_logs,43,2,22,6,scan,853900,2048,0,0,0,1
clustered_logs,43,2,22,6,pruned,1400,0,32,0,0,1
clustered_logs,43,2,23,7,pruned,200,0,32,0,0,1
clustered_logs,43,2,23,7,scan,19600,2048,0,0,0,1
clustered_logs,43,2,24,0,scan,16200,2048,0,2048,2048,1
clustered_logs,43,2,24,0,pruned,12800,2048,0,2048,2048,1
clustered_logs,43,2,25,1,pruned,2000,128,30,32,32,1
clustered_logs,43,2,25,1,scan,8800,2048,0,32,32,1
clustered_logs,43,2,26,2,scan,11000,2048,0,256,256,1
clustered_logs,43,2,26,2,pruned,3500,256,28,256,256,1
clustered_logs,43,2,27,3,pruned,197800,512,24,8,8,1
clustered_logs,43,2,27,3,scan,838700,2048,0,8,8,1
clustered_logs,43,2,28,4,scan,855701,2048,0,0,0,1
clustered_logs,43,2,28,4,pruned,2700,0,32,0,0,1
clustered_logs,43,2,29,5,pruned,184000,2048,0,2048,2048,1
clustered_logs,43,2,29,5,scan,93600,2048,0,2048,2048,1
clustered_logs,43,2,30,6,scan,854100,2048,0,0,0,1
clustered_logs,43,2,30,6,pruned,1400,0,32,0,0,1
clustered_logs,43,2,31,7,pruned,200,0,32,0,0,1
clustered_logs,43,2,31,7,scan,27500,2048,0,0,0,1
clustered_logs,43,2,32,0,scan,19800,2048,0,2048,2048,1
clustered_logs,43,2,32,0,pruned,15800,2048,0,2048,2048,1
clustered_logs,43,2,33,1,pruned,2100,128,30,32,32,1
clustered_logs,43,2,33,1,scan,11500,2048,0,32,32,1
clustered_logs,43,2,34,2,scan,96300,2048,0,256,256,1
clustered_logs,43,2,34,2,pruned,5000,256,28,256,256,1
clustered_logs,43,2,35,3,pruned,215800,512,24,8,8,1
clustered_logs,43,2,35,3,scan,834600,2048,0,8,8,1
clustered_logs,43,2,36,4,scan,852600,2048,0,0,0,1
clustered_logs,43,2,36,4,pruned,2600,0,32,0,0,1
clustered_logs,43,2,37,5,pruned,164000,2048,0,2048,2048,1
clustered_logs,43,2,37,5,scan,93500,2048,0,2048,2048,1
clustered_logs,43,2,38,6,scan,881300,2048,0,0,0,1
clustered_logs,43,2,38,6,pruned,900,0,32,0,0,1
clustered_logs,43,2,39,7,pruned,200,0,32,0,0,1
clustered_logs,43,2,39,7,scan,24000,2048,0,0,0,1
clustered_logs,43,2,40,0,scan,15100,2048,0,2048,2048,1
clustered_logs,43,2,40,0,pruned,8100,2048,0,2048,2048,1
clustered_logs,43,2,41,1,pruned,1400,128,30,32,32,1
clustered_logs,43,2,41,1,scan,5800,2048,0,32,32,1
clustered_logs,43,2,42,2,scan,7200,2048,0,256,256,1
clustered_logs,43,2,42,2,pruned,2400,256,28,256,256,1
clustered_logs,43,2,43,3,pruned,130900,512,24,8,8,1
clustered_logs,43,2,43,3,scan,600000,2048,0,8,8,1
clustered_logs,43,2,44,4,scan,514400,2048,0,0,0,1
clustered_logs,43,2,44,4,pruned,1200,0,32,0,0,1
clustered_logs,43,2,45,5,pruned,66800,2048,0,2048,2048,1
clustered_logs,43,2,45,5,scan,80300,2048,0,2048,2048,1
clustered_logs,43,2,46,6,scan,565500,2048,0,0,0,1
clustered_logs,43,2,46,6,pruned,500,0,32,0,0,1
clustered_logs,43,2,47,7,pruned,200,0,32,0,0,1
clustered_logs,43,2,47,7,scan,12100,2048,0,0,0,1
clustered_logs,43,2,48,0,scan,11700,2048,0,2048,2048,1
clustered_logs,43,2,48,0,pruned,12100,2048,0,2048,2048,1
clustered_logs,43,2,49,1,pruned,1800,128,30,32,32,1
clustered_logs,43,2,49,1,scan,8700,2048,0,32,32,1
clustered_logs,43,2,50,2,scan,10100,2048,0,256,256,1
clustered_logs,43,2,50,2,pruned,3300,256,28,256,256,1
clustered_logs,43,2,51,3,pruned,182300,512,24,8,8,1
clustered_logs,43,2,51,3,scan,539600,2048,0,8,8,1
clustered_logs,43,2,52,4,scan,1003600,2048,0,0,0,1
clustered_logs,43,2,52,4,pruned,2900,0,32,0,0,1
clustered_logs,43,2,53,5,pruned,268000,2048,0,2048,2048,1
clustered_logs,43,2,53,5,scan,346900,2048,0,2048,2048,1
clustered_logs,43,2,54,6,scan,2280700,2048,0,0,0,1
clustered_logs,43,2,54,6,pruned,1500,0,32,0,0,1
clustered_logs,43,2,55,7,pruned,200,0,32,0,0,1
clustered_logs,43,2,55,7,scan,31500,2048,0,0,0,1
clustered_logs,43,2,56,0,scan,23700,2048,0,2048,2048,1
clustered_logs,43,2,56,0,pruned,13900,2048,0,2048,2048,1
clustered_logs,43,2,57,1,pruned,2200,128,30,32,32,1
clustered_logs,43,2,57,1,scan,9500,2048,0,32,32,1
clustered_logs,43,2,58,2,scan,11000,2048,0,256,256,1
clustered_logs,43,2,58,2,pruned,3400,256,28,256,256,1
clustered_logs,43,2,59,3,pruned,212500,512,24,8,8,1
clustered_logs,43,2,59,3,scan,897700,2048,0,8,8,1
clustered_logs,43,2,60,4,scan,793100,2048,0,0,0,1
clustered_logs,43,2,60,4,pruned,2000,0,32,0,0,1
clustered_logs,43,2,61,5,pruned,117400,2048,0,2048,2048,1
clustered_logs,43,2,61,5,scan,50400,2048,0,2048,2048,1
clustered_logs,43,2,62,6,scan,570200,2048,0,0,0,1
clustered_logs,43,2,62,6,pruned,500,0,32,0,0,1
clustered_logs,43,2,63,7,pruned,200,0,32,0,0,1
clustered_logs,43,2,63,7,scan,10700,2048,0,0,0,1
clustered_logs,43,2,64,0,scan,9700,2048,0,2048,2048,1
clustered_logs,43,2,64,0,pruned,7900,2048,0,2048,2048,1
clustered_logs,43,2,65,1,pruned,1300,128,30,32,32,1
clustered_logs,43,2,65,1,scan,6100,2048,0,32,32,1
clustered_logs,43,2,66,2,scan,6000,2048,0,0,0,1
clustered_logs,43,2,66,2,pruned,500,0,32,0,0,1
clustered_logs,43,2,67,3,pruned,125600,512,24,8,8,1
clustered_logs,43,2,67,3,scan,635300,2048,0,8,8,1
clustered_logs,43,2,68,4,scan,732300,2048,0,0,0,1
clustered_logs,43,2,68,4,pruned,2500,0,32,0,0,1
clustered_logs,43,2,69,5,pruned,99100,2048,0,2048,2048,1
clustered_logs,43,2,69,5,scan,51900,2048,0,2048,2048,1
clustered_logs,43,2,70,6,scan,531600,2048,0,0,0,1
clustered_logs,43,2,70,6,pruned,800,0,32,0,0,1
clustered_logs,43,2,71,7,pruned,100,0,32,0,0,1
clustered_logs,43,2,71,7,scan,17700,2048,0,0,0,1
clustered_logs,43,2,72,0,scan,17600,2048,0,2048,2048,1
clustered_logs,43,2,72,0,pruned,12300,2048,0,2048,2048,1
clustered_logs,43,2,73,1,pruned,1800,128,30,32,32,1
clustered_logs,43,2,73,1,scan,9500,2048,0,32,32,1
clustered_logs,43,2,74,2,scan,8500,2048,0,0,0,1
clustered_logs,43,2,74,2,pruned,600,0,32,0,0,1
clustered_logs,43,2,75,3,pruned,230300,512,24,8,8,1
clustered_logs,43,2,75,3,scan,915300,2048,0,8,8,1
clustered_logs,43,2,76,4,scan,832600,2048,0,0,0,1
clustered_logs,43,2,76,4,pruned,2500,0,32,0,0,1
clustered_logs,43,2,77,5,pruned,159900,2048,0,2048,2048,1
clustered_logs,43,2,77,5,scan,88400,2048,0,2048,2048,1
clustered_logs,43,2,78,6,scan,946600,2048,0,0,0,1
clustered_logs,43,2,78,6,pruned,1900,0,32,0,0,1
clustered_logs,43,2,79,7,pruned,100,0,32,0,0,1
clustered_logs,43,2,79,7,scan,31100,2048,0,0,0,1
clustered_logs,43,2,80,0,scan,20600,2048,0,2048,2048,1
clustered_logs,43,2,80,0,pruned,13900,2048,0,2048,2048,1
clustered_logs,43,2,81,1,pruned,2200,128,30,32,32,1
clustered_logs,43,2,81,1,scan,9800,2048,0,32,32,1
clustered_logs,43,2,82,2,scan,8800,2048,0,0,0,1
clustered_logs,43,2,82,2,pruned,600,0,32,0,0,1
clustered_logs,43,2,83,3,pruned,222900,512,24,8,8,1
clustered_logs,43,2,83,3,scan,940600,2048,0,8,8,1
clustered_logs,43,2,84,4,scan,737300,2048,0,0,0,1
clustered_logs,43,2,84,4,pruned,2000,0,32,0,0,1
clustered_logs,43,2,85,5,pruned,127700,2048,0,2048,2048,1
clustered_logs,43,2,85,5,scan,59900,2048,0,2048,2048,1
clustered_logs,43,2,86,6,scan,698000,2048,0,0,0,1
clustered_logs,43,2,86,6,pruned,1000,0,32,0,0,1
clustered_logs,43,2,87,7,pruned,200,0,32,0,0,1
clustered_logs,43,2,87,7,scan,19500,2048,0,0,0,1
clustered_logs,43,2,88,0,scan,16900,2048,0,2048,2048,1
clustered_logs,43,2,88,0,pruned,13500,2048,0,2048,2048,1
clustered_logs,43,2,89,1,pruned,2000,128,30,32,32,1
clustered_logs,43,2,89,1,scan,9300,2048,0,32,32,1
clustered_logs,43,2,90,2,scan,13000,2048,0,0,0,1
clustered_logs,43,2,90,2,pruned,800,0,32,0,0,1
clustered_logs,43,2,91,3,pruned,206900,512,24,8,8,1
clustered_logs,43,2,91,3,scan,596000,2048,0,8,8,1
clustered_logs,43,2,92,4,scan,691900,2048,0,0,0,1
clustered_logs,43,2,92,4,pruned,2600,0,32,0,0,1
clustered_logs,43,2,93,5,pruned,256700,2048,0,2048,2048,1
clustered_logs,43,2,93,5,scan,101000,2048,0,2048,2048,1
clustered_logs,43,2,94,6,scan,907600,2048,0,0,0,1
clustered_logs,43,2,94,6,pruned,1200,0,32,0,0,1
clustered_logs,43,2,95,7,pruned,200,0,32,0,0,1
clustered_logs,43,2,95,7,scan,23600,2048,0,0,0,1
clustered_logs,43,2,96,0,scan,23100,2048,0,2048,2048,1
clustered_logs,43,2,96,0,pruned,13600,2048,0,2048,2048,1
clustered_logs,43,2,97,1,pruned,1800,128,30,32,32,1
clustered_logs,43,2,97,1,scan,9500,2048,0,32,32,1
clustered_logs,43,2,98,2,scan,12500,2048,0,0,0,1
clustered_logs,43,2,98,2,pruned,800,0,32,0,0,1
clustered_logs,43,2,99,3,pruned,212400,512,24,8,8,1
clustered_logs,43,2,99,3,scan,865500,2048,0,8,8,1
clustered_logs,43,2,100,4,scan,892200,2048,0,0,0,1
clustered_logs,43,2,100,4,pruned,2000,0,32,0,0,1
clustered_logs,43,2,101,5,pruned,153200,2048,0,2048,2048,1
clustered_logs,43,2,101,5,scan,86700,2048,0,2048,2048,1
clustered_logs,43,2,102,6,scan,1001700,2048,0,0,0,1
clustered_logs,43,2,102,6,pruned,900,0,32,0,0,1
clustered_logs,43,2,103,7,pruned,200,0,32,0,0,1
clustered_logs,43,2,103,7,scan,21700,2048,0,0,0,1
clustered_logs,43,2,104,0,scan,17200,2048,0,2048,2048,1
clustered_logs,43,2,104,0,pruned,17200,2048,0,2048,2048,1
clustered_logs,43,2,105,1,pruned,2100,128,30,32,32,1
clustered_logs,43,2,105,1,scan,9700,2048,0,32,32,1
clustered_logs,43,2,106,2,scan,10100,2048,0,0,0,1
clustered_logs,43,2,106,2,pruned,800,0,32,0,0,1
clustered_logs,43,2,107,3,pruned,239900,512,24,8,8,1
clustered_logs,43,2,107,3,scan,834600,2048,0,8,8,1
clustered_logs,43,2,108,4,scan,773400,2048,0,0,0,1
clustered_logs,43,2,108,4,pruned,2100,0,32,0,0,1
clustered_logs,43,2,109,5,pruned,133600,2048,0,2048,2048,1
clustered_logs,43,2,109,5,scan,84700,2048,0,2048,2048,1
clustered_logs,43,2,110,6,scan,719200,2048,0,0,0,1
clustered_logs,43,2,110,6,pruned,1000,0,32,0,0,1
clustered_logs,43,2,111,7,pruned,200,0,32,0,0,1
clustered_logs,43,2,111,7,scan,11700,2048,0,0,0,1
clustered_logs,43,2,112,0,scan,11600,2048,0,2048,2048,1
clustered_logs,43,2,112,0,pruned,7800,2048,0,2048,2048,1
clustered_logs,43,2,113,1,pruned,1200,128,30,32,32,1
clustered_logs,43,2,113,1,scan,5900,2048,0,32,32,1
clustered_logs,43,2,114,2,scan,5700,2048,0,0,0,1
clustered_logs,43,2,114,2,pruned,600,0,32,0,0,1
clustered_logs,43,2,115,3,pruned,128400,512,24,8,8,1
clustered_logs,43,2,115,3,scan,1155000,2048,0,8,8,1
clustered_logs,43,2,116,4,scan,819700,2048,0,0,0,1
clustered_logs,43,2,116,4,pruned,3100,0,32,0,0,1
clustered_logs,43,2,117,5,pruned,161100,2048,0,2048,2048,1
clustered_logs,43,2,117,5,scan,81100,2048,0,2048,2048,1
clustered_logs,43,2,118,6,scan,737400,2048,0,0,0,1
clustered_logs,43,2,118,6,pruned,700,0,32,0,0,1
clustered_logs,43,2,119,7,pruned,100,0,32,0,0,1
clustered_logs,43,2,119,7,scan,16600,2048,0,0,0,1
clustered_logs,43,2,120,0,scan,11300,2048,0,2048,2048,1
clustered_logs,43,2,120,0,pruned,8300,2048,0,2048,2048,1
clustered_logs,43,2,121,1,pruned,1300,128,30,32,32,1
clustered_logs,43,2,121,1,scan,8300,2048,0,32,32,1
clustered_logs,43,2,122,2,scan,6100,2048,0,0,0,1
clustered_logs,43,2,122,2,pruned,1300,0,32,0,0,1
clustered_logs,43,2,123,3,pruned,168500,512,24,8,8,1
clustered_logs,43,2,123,3,scan,536700,2048,0,8,8,1
clustered_logs,43,2,124,4,scan,626700,2048,0,0,0,1
clustered_logs,43,2,124,4,pruned,1900,0,32,0,0,1
clustered_logs,43,2,125,5,pruned,94300,2048,0,2048,2048,1
clustered_logs,43,2,125,5,scan,59600,2048,0,2048,2048,1
clustered_logs,43,2,126,6,scan,566200,2048,0,0,0,1
clustered_logs,43,2,126,6,pruned,500,0,32,0,0,1
clustered_logs,43,2,127,7,pruned,100,0,32,0,0,1
clustered_logs,43,2,127,7,scan,9200,2048,0,0,0,1
clustered_logs,43,3,0,0,pruned,11500,2048,0,2048,2048,1
clustered_logs,43,3,0,0,scan,9500,2048,0,2048,2048,1
clustered_logs,43,3,1,1,scan,6100,2048,0,32,32,1
clustered_logs,43,3,1,1,pruned,900,64,31,32,32,1
clustered_logs,43,3,2,2,pruned,2000,256,28,256,256,1
clustered_logs,43,3,2,2,scan,7300,2048,0,256,256,1
clustered_logs,43,3,3,3,scan,624900,2048,0,8,8,1
clustered_logs,43,3,3,3,pruned,135500,512,24,8,8,1
clustered_logs,43,3,4,4,pruned,1000,0,32,0,0,1
clustered_logs,43,3,4,4,scan,632600,2048,0,0,0,1
clustered_logs,43,3,5,5,scan,105000,2048,0,2048,2048,1
clustered_logs,43,3,5,5,pruned,76200,2048,0,2048,2048,1
clustered_logs,43,3,6,6,pruned,25400,64,31,1,1,1
clustered_logs,43,3,6,6,scan,568700,2048,0,1,1,1
clustered_logs,43,3,7,7,scan,14900,2048,0,0,0,1
clustered_logs,43,3,7,7,pruned,100,0,32,0,0,1
clustered_logs,43,3,8,0,pruned,11300,2048,0,2048,2048,1
clustered_logs,43,3,8,0,scan,8900,2048,0,2048,2048,1
clustered_logs,43,3,9,1,scan,7600,2048,0,32,32,1
clustered_logs,43,3,9,1,pruned,1000,128,30,32,32,1
clustered_logs,43,3,10,2,pruned,2400,256,28,256,256,1
clustered_logs,43,3,10,2,scan,7100,2048,0,256,256,1
clustered_logs,43,3,11,3,scan,581500,2048,0,8,8,1
clustered_logs,43,3,11,3,pruned,133800,512,24,8,8,1
clustered_logs,43,3,12,4,pruned,700,0,32,0,0,1
clustered_logs,43,3,12,4,scan,889200,2048,0,0,0,1
clustered_logs,43,3,13,5,scan,161000,2048,0,2048,2048,1
clustered_logs,43,3,13,5,pruned,91800,2048,0,2048,2048,1
clustered_logs,43,3,14,6,pruned,400,0,32,0,0,1
clustered_logs,43,3,14,6,scan,757600,2048,0,0,0,1
clustered_logs,43,3,15,7,scan,22000,2048,0,0,0,1
clustered_logs,43,3,15,7,pruned,200,0,32,0,0,1
clustered_logs,43,3,16,0,pruned,17500,2048,0,2048,2048,1
clustered_logs,43,3,16,0,scan,11800,2048,0,2048,2048,1
clustered_logs,43,3,17,1,scan,8600,2048,0,32,32,1
clustered_logs,43,3,17,1,pruned,1300,128,30,32,32,1
clustered_logs,43,3,18,2,pruned,2500,256,28,256,256,1
clustered_logs,43,3,18,2,scan,8800,2048,0,256,256,1
clustered_logs,43,3,19,3,scan,863000,2048,0,8,8,1
clustered_logs,43,3,19,3,pruned,216500,512,24,8,8,1
clustered_logs,43,3,20,4,pruned,1200,0,32,0,0,1
clustered_logs,43,3,20,4,scan,853800,2048,0,0,0,1
clustered_logs,43,3,21,5,scan,112800,2048,0,2048,2048,1
clustered_logs,43,3,21,5,pruned,79700,2048,0,2048,2048,1
clustered_logs,43,3,22,6,pruned,500,0,32,0,0,1
clustered_logs,43,3,22,6,scan,605100,2048,0,0,0,1
clustered_logs,43,3,23,7,scan,8000,2048,0,0,0,1
clustered_logs,43,3,23,7,pruned,200,0,32,0,0,1
clustered_logs,43,3,24,0,pruned,9300,2048,0,2048,2048,1
clustered_logs,43,3,24,0,scan,7500,2048,0,2048,2048,1
clustered_logs,43,3,25,1,scan,6000,2048,0,32,32,1
clustered_logs,43,3,25,1,pruned,1000,128,30,32,32,1
clustered_logs,43,3,26,2,pruned,1900,256,28,256,256,1
clustered_logs,43,3,26,2,scan,7200,2048,0,256,256,1
clustered_logs,43,3,27,3,scan,504700,2048,0,8,8,1
clustered_logs,43,3,27,3,pruned,126900,512,24,8,8,1
clustered_logs,43,3,28,4,pruned,800,0,32,0,0,1
clustered_logs,43,3,28,4,scan,493900,2048,0,0,0,1
clustered_logs,43,3,29,5,scan,50300,2048,0,2048,2048,1
clustered_logs,43,3,29,5,pruned,77400,2048,0,2048,2048,1
clustered_logs,43,3,30,6,pruned,600,0,32,0,0,1
clustered_logs,43,3,30,6,scan,500500,2048,0,0,0,1
clustered_logs,43,3,31,7,scan,9300,2048,0,0,0,1
clustered_logs,43,3,31,7,pruned,100,0,32,0,0,1
clustered_logs,43,3,32,0,pruned,9500,2048,0,2048,2048,1
clustered_logs,43,3,32,0,scan,7600,2048,0,2048,2048,1
clustered_logs,43,3,33,1,scan,5900,2048,0,32,32,1
clustered_logs,43,3,33,1,pruned,1100,128,30,32,32,1
clustered_logs,43,3,34,2,pruned,2000,256,28,256,256,1
clustered_logs,43,3,34,2,scan,6600,2048,0,256,256,1
clustered_logs,43,3,35,3,scan,502400,2048,0,8,8,1
clustered_logs,43,3,35,3,pruned,123400,512,24,8,8,1
clustered_logs,43,3,36,4,pruned,900,0,32,0,0,1
clustered_logs,43,3,36,4,scan,535900,2048,0,0,0,1
clustered_logs,43,3,37,5,scan,51100,2048,0,2048,2048,1
clustered_logs,43,3,37,5,pruned,44100,2048,0,2048,2048,1
clustered_logs,43,3,38,6,pruned,400,0,32,0,0,1
clustered_logs,43,3,38,6,scan,576400,2048,0,0,0,1
clustered_logs,43,3,39,7,scan,9200,2048,0,0,0,1
clustered_logs,43,3,39,7,pruned,100,0,32,0,0,1
clustered_logs,43,3,40,0,pruned,9400,2048,0,2048,2048,1
clustered_logs,43,3,40,0,scan,11500,2048,0,2048,2048,1
clustered_logs,43,3,41,1,scan,8800,2048,0,32,32,1
clustered_logs,43,3,41,1,pruned,1500,128,30,32,32,1
clustered_logs,43,3,42,2,pruned,2900,256,28,256,256,1
clustered_logs,43,3,42,2,scan,9700,2048,0,256,256,1
clustered_logs,43,3,43,3,scan,534800,2048,0,8,8,1
clustered_logs,43,3,43,3,pruned,170300,512,24,8,8,1
clustered_logs,43,3,44,4,pruned,1100,0,32,0,0,1
clustered_logs,43,3,44,4,scan,596200,2048,0,0,0,1
clustered_logs,43,3,45,5,scan,70800,2048,0,2048,2048,1
clustered_logs,43,3,45,5,pruned,54300,2048,0,2048,2048,1
clustered_logs,43,3,46,6,pruned,400,0,32,0,0,1
clustered_logs,43,3,46,6,scan,794800,2048,0,0,0,1
clustered_logs,43,3,47,7,scan,16300,2048,0,0,0,1
clustered_logs,43,3,47,7,pruned,100,0,32,0,0,1
clustered_logs,43,3,48,0,pruned,10600,2048,0,2048,2048,1
clustered_logs,43,3,48,0,scan,7700,2048,0,2048,2048,1
clustered_logs,43,3,49,1,scan,6400,2048,0,32,32,1
clustered_logs,43,3,49,1,pruned,1100,128,30,32,32,1
clustered_logs,43,3,50,2,pruned,2200,256,28,256,256,1
clustered_logs,43,3,50,2,scan,7600,2048,0,256,256,1
clustered_logs,43,3,51,3,scan,589100,2048,0,8,8,1
clustered_logs,43,3,51,3,pruned,159900,512,24,8,8,1
clustered_logs,43,3,52,4,pruned,1000,0,32,0,0,1
clustered_logs,43,3,52,4,scan,532700,2048,0,0,0,1
clustered_logs,43,3,53,5,scan,96800,2048,0,2048,2048,1
clustered_logs,43,3,53,5,pruned,58200,2048,0,2048,2048,1
clustered_logs,43,3,54,6,pruned,400,0,32,0,0,1
clustered_logs,43,3,54,6,scan,489600,2048,0,0,0,1
clustered_logs,43,3,55,7,scan,7100,2048,0,0,0,1
clustered_logs,43,3,55,7,pruned,100,0,32,0,0,1
clustered_logs,43,3,56,0,pruned,7700,2048,0,2048,2048,1
clustered_logs,43,3,56,0,scan,7000,2048,0,2048,2048,1
clustered_logs,43,3,57,1,scan,5600,2048,0,32,32,1
clustered_logs,43,3,57,1,pruned,900,128,30,32,32,1
clustered_logs,43,3,58,2,pruned,1900,256,28,256,256,1
clustered_logs,43,3,58,2,scan,6500,2048,0,256,256,1
clustered_logs,43,3,59,3,scan,501100,2048,0,8,8,1
clustered_logs,43,3,59,3,pruned,119600,512,24,8,8,1
clustered_logs,43,3,60,4,pruned,800,0,32,0,0,1
clustered_logs,43,3,60,4,scan,473500,2048,0,0,0,1
clustered_logs,43,3,61,5,scan,48500,2048,0,2048,2048,1
clustered_logs,43,3,61,5,pruned,42300,2048,0,2048,2048,1
clustered_logs,43,3,62,6,pruned,400,0,32,0,0,1
clustered_logs,43,3,62,6,scan,498100,2048,0,0,0,1
clustered_logs,43,3,63,7,scan,7000,2048,0,0,0,1
clustered_logs,43,3,63,7,pruned,100,0,32,0,0,1
clustered_logs,43,3,64,0,pruned,8400,2048,0,2048,2048,1
clustered_logs,43,3,64,0,scan,7800,2048,0,2048,2048,1
clustered_logs,43,3,65,1,scan,5800,2048,0,32,32,1
clustered_logs,43,3,65,1,pruned,900,128,30,32,32,1
clustered_logs,43,3,66,2,pruned,400,0,32,0,0,1
clustered_logs,43,3,66,2,scan,5500,2048,0,0,0,1
clustered_logs,43,3,67,3,scan,473700,2048,0,8,8,1
clustered_logs,43,3,67,3,pruned,119400,512,24,8,8,1
clustered_logs,43,3,68,4,pruned,900,0,32,0,0,1
clustered_logs,43,3,68,4,scan,486700,2048,0,0,0,1
clustered_logs,43,3,69,5,scan,61500,2048,0,2048,2048,1
clustered_logs,43,3,69,5,pruned,41100,2048,0,2048,2048,1
clustered_logs,43,3,70,6,pruned,300,0,32,0,0,1
clustered_logs,43,3,70,6,scan,649200,2048,0,0,0,1
clustered_logs,43,3,71,7,scan,9100,2048,0,0,0,1
clustered_logs,43,3,71,7,pruned,100,0,32,0,0,1
clustered_logs,43,3,72,0,pruned,8800,2048,0,2048,2048,1
clustered_logs,43,3,72,0,scan,7600,2048,0,2048,2048,1
clustered_logs,43,3,73,1,scan,5700,2048,0,32,32,1
clustered_logs,43,3,73,1,pruned,1000,128,30,32,32,1
clustered_logs,43,3,74,2,pruned,200,0,32,0,0,1
clustered_logs,43,3,74,2,scan,5500,2048,0,0,0,1
clustered_logs,43,3,75,3,scan,476400,2048,0,8,8,1
clustered_logs,43,3,75,3,pruned,124100,512,24,8,8,1
clustered_logs,43,3,76,4,pruned,800,0,32,0,0,1
clustered_logs,43,3,76,4,scan,521400,2048,0,0,0,1
clustered_logs,43,3,77,5,scan,54000,2048,0,2048,2048,1
clustered_logs,43,3,77,5,pruned,45600,2048,0,2048,2048,1
clustered_logs,43,3,78,6,pruned,300,0,32,0,0,1
clustered_logs,43,3,78,6,scan,470500,2048,0,0,0,1
clustered_logs,43,3,79,7,scan,8000,2048,0,0,0,1
clustered_logs,43,3,79,7,pruned,100,0,32,0,0,1
clustered_logs,43,3,80,0,pruned,7500,2048,0,2048,2048,1
clustered_logs,43,3,80,0,scan,7200,2048,0,2048,2048,1
clustered_logs,43,3,81,1,scan,5800,2048,0,32,32,1
clustered_logs,43,3,81,1,pruned,900,128,30,32,32,1
clustered_logs,43,3,82,2,pruned,200,0,32,0,0,1
clustered_logs,43,3,82,2,scan,5500,2048,0,0,0,1
clustered_logs,43,3,83,3,scan,653700,2048,0,8,8,1
clustered_logs,43,3,83,3,pruned,129200,512,24,8,8,1
clustered_logs,43,3,84,4,pruned,800,0,32,0,0,1
clustered_logs,43,3,84,4,scan,591800,2048,0,0,0,1
clustered_logs,43,3,85,5,scan,88600,2048,0,2048,2048,1
clustered_logs,43,3,85,5,pruned,61300,2048,0,2048,2048,1
clustered_logs,43,3,86,6,pruned,400,0,32,0,0,1
clustered_logs,43,3,86,6,scan,671900,2048,0,0,0,1
clustered_logs,43,3,87,7,scan,18700,2048,0,0,0,1
clustered_logs,43,3,87,7,pruned,100,0,32,0,0,1
clustered_logs,43,3,88,0,pruned,15300,2048,0,2048,2048,1
clustered_logs,43,3,88,0,scan,12100,2048,0,2048,2048,1
clustered_logs,43,3,89,1,scan,8500,2048,0,32,32,1
clustered_logs,43,3,89,1,pruned,1400,128,30,32,32,1
clustered_logs,43,3,90,2,pruned,600,0,32,0,0,1
clustered_logs,43,3,90,2,scan,8100,2048,0,0,0,1
clustered_logs,43,3,91,3,scan,710400,2048,0,8,8,1
clustered_logs,43,3,91,3,pruned,124400,512,24,8,8,1
clustered_logs,43,3,92,4,pruned,700,0,32,0,0,1
clustered_logs,43,3,92,4,scan,506300,2048,0,0,0,1
clustered_logs,43,3,93,5,scan,53600,2048,0,2048,2048,1
clustered_logs,43,3,93,5,pruned,42800,2048,0,2048,2048,1
clustered_logs,43,3,94,6,pruned,400,0,32,0,0,1
clustered_logs,43,3,94,6,scan,483900,2048,0,0,0,1
clustered_logs,43,3,95,7,scan,6500,2048,0,0,0,1
clustered_logs,43,3,95,7,pruned,200,0,32,0,0,1
clustered_logs,43,3,96,0,pruned,8100,2048,0,2048,2048,1
clustered_logs,43,3,96,0,scan,7500,2048,0,2048,2048,1
clustered_logs,43,3,97,1,scan,5800,2048,0,32,32,1
clustered_logs,43,3,97,1,pruned,800,128,30,32,32,1
clustered_logs,43,3,98,2,pruned,400,0,32,0,0,1
clustered_logs,43,3,98,2,scan,5400,2048,0,0,0,1
clustered_logs,43,3,99,3,scan,504900,2048,0,8,8,1
clustered_logs,43,3,99,3,pruned,119200,512,24,8,8,1
clustered_logs,43,3,100,4,pruned,600,0,32,0,0,1
clustered_logs,43,3,100,4,scan,472600,2048,0,0,0,1
clustered_logs,43,3,101,5,scan,43500,2048,0,2048,2048,1
clustered_logs,43,3,101,5,pruned,41900,2048,0,2048,2048,1
clustered_logs,43,3,102,6,pruned,300,0,32,0,0,1
clustered_logs,43,3,102,6,scan,470300,2048,0,0,0,1
clustered_logs,43,3,103,7,scan,7500,2048,0,0,0,1
clustered_logs,43,3,103,7,pruned,200,0,32,0,0,1
clustered_logs,43,3,104,0,pruned,7400,2048,0,2048,2048,1
clustered_logs,43,3,104,0,scan,7100,2048,0,2048,2048,1
clustered_logs,43,3,105,1,scan,5600,2048,0,32,32,1
clustered_logs,43,3,105,1,pruned,800,128,30,32,32,1
clustered_logs,43,3,106,2,pruned,400,0,32,0,0,1
clustered_logs,43,3,106,2,scan,5600,2048,0,0,0,1
clustered_logs,43,3,107,3,scan,550200,2048,0,8,8,1
clustered_logs,43,3,107,3,pruned,119000,512,24,8,8,1
clustered_logs,43,3,108,4,pruned,800,0,32,0,0,1
clustered_logs,43,3,108,4,scan,469900,2048,0,0,0,1
clustered_logs,43,3,109,5,scan,50600,2048,0,2048,2048,1
clustered_logs,43,3,109,5,pruned,44900,2048,0,2048,2048,1
clustered_logs,43,3,110,6,pruned,400,0,32,0,0,1
clustered_logs,43,3,110,6,scan,489200,2048,0,0,0,1
clustered_logs,43,3,111,7,scan,7000,2048,0,0,0,1
clustered_logs,43,3,111,7,pruned,100,0,32,0,0,1
clustered_logs,43,3,112,0,pruned,9100,2048,0,2048,2048,1
clustered_logs,43,3,112,0,scan,7000,2048,0,2048,2048,1
clustered_logs,43,3,113,1,scan,5600,2048,0,32,32,1
clustered_logs,43,3,113,1,pruned,900,128,30,32,32,1
clustered_logs,43,3,114,2,pruned,300,0,32,0,0,1
clustered_logs,43,3,114,2,scan,5400,2048,0,0,0,1
clustered_logs,43,3,115,3,scan,530300,2048,0,8,8,1
clustered_logs,43,3,115,3,pruned,118200,512,24,8,8,1
clustered_logs,43,3,116,4,pruned,800,0,32,0,0,1
clustered_logs,43,3,116,4,scan,483700,2048,0,0,0,1
clustered_logs,43,3,117,5,scan,46900,2048,0,2048,2048,1
clustered_logs,43,3,117,5,pruned,45300,2048,0,2048,2048,1
clustered_logs,43,3,118,6,pruned,300,0,32,0,0,1
clustered_logs,43,3,118,6,scan,471100,2048,0,0,0,1
clustered_logs,43,3,119,7,scan,6700,2048,0,0,0,1
clustered_logs,43,3,119,7,pruned,200,0,32,0,0,1
clustered_logs,43,3,120,0,pruned,37800,2048,0,2048,2048,1
clustered_logs,43,3,120,0,scan,7400,2048,0,2048,2048,1
clustered_logs,43,3,121,1,scan,5700,2048,0,32,32,1
clustered_logs,43,3,121,1,pruned,800,128,30,32,32,1
clustered_logs,43,3,122,2,pruned,300,0,32,0,0,1
clustered_logs,43,3,122,2,scan,5400,2048,0,0,0,1
clustered_logs,43,3,123,3,scan,519100,2048,0,8,8,1
clustered_logs,43,3,123,3,pruned,119500,512,24,8,8,1
clustered_logs,43,3,124,4,pruned,800,0,32,0,0,1
clustered_logs,43,3,124,4,scan,505000,2048,0,0,0,1
clustered_logs,43,3,125,5,scan,55000,2048,0,2048,2048,1
clustered_logs,43,3,125,5,pruned,44200,2048,0,2048,2048,1
clustered_logs,43,3,126,6,pruned,200,0,32,0,0,1
clustered_logs,43,3,126,6,scan,514700,2048,0,0,0,1
clustered_logs,43,3,127,7,scan,12400,2048,0,0,0,1
clustered_logs,43,3,127,7,pruned,200,0,32,0,0,1
clustered_logs,43,4,0,0,scan,10200,2048,0,2048,2048,1
clustered_logs,43,4,0,0,pruned,9200,2048,0,2048,2048,1
clustered_logs,43,4,1,1,pruned,700,64,31,32,32,1
clustered_logs,43,4,1,1,scan,7200,2048,0,32,32,1
clustered_logs,43,4,2,2,scan,8600,2048,0,256,256,1
clustered_logs,43,4,2,2,pruned,2400,256,28,256,256,1
clustered_logs,43,4,3,3,pruned,136900,512,24,8,8,1
clustered_logs,43,4,3,3,scan,672400,2048,0,8,8,1
clustered_logs,43,4,4,4,scan,719900,2048,0,0,0,1
clustered_logs,43,4,4,4,pruned,1400,0,32,0,0,1
clustered_logs,43,4,5,5,pruned,92600,2048,0,2048,2048,1
clustered_logs,43,4,5,5,scan,72300,2048,0,2048,2048,1
clustered_logs,43,4,6,6,scan,587200,2048,0,1,1,1
clustered_logs,43,4,6,6,pruned,17000,64,31,1,1,1
clustered_logs,43,4,7,7,pruned,100,0,32,0,0,1
clustered_logs,43,4,7,7,scan,14800,2048,0,0,0,1
clustered_logs,43,4,8,0,scan,10000,2048,0,2048,2048,1
clustered_logs,43,4,8,0,pruned,7700,2048,0,2048,2048,1
clustered_logs,43,4,9,1,pruned,1200,128,30,32,32,1
clustered_logs,43,4,9,1,scan,5400,2048,0,32,32,1
clustered_logs,43,4,10,2,scan,6600,2048,0,256,256,1
clustered_logs,43,4,10,2,pruned,2400,256,28,256,256,1
clustered_logs,43,4,11,3,pruned,124100,512,24,8,8,1
clustered_logs,43,4,11,3,scan,562100,2048,0,8,8,1
clustered_logs,43,4,12,4,scan,503900,2048,0,0,0,1
clustered_logs,43,4,12,4,pruned,1600,0,32,0,0,1
clustered_logs,43,4,13,5,pruned,62900,2048,0,2048,2048,1
clustered_logs,43,4,13,5,scan,43600,2048,0,2048,2048,1
clustered_logs,43,4,14,6,scan,516600,2048,0,0,0,1
clustered_logs,43,4,14,6,pruned,500,0,32,0,0,1
clustered_logs,43,4,15,7,pruned,100,0,32,0,0,1
clustered_logs,43,4,15,7,scan,8300,2048,0,0,0,1
clustered_logs,43,4,16,0,scan,8800,2048,0,2048,2048,1
clustered_logs,43,4,16,0,pruned,7300,2048,0,2048,2048,1
clustered_logs,43,4,17,1,pruned,1000,128,30,32,32,1
clustered_logs,43,4,17,1,scan,5500,2048,0,32,32,1
clustered_logs,43,4,18,2,scan,6300,2048,0,256,256,1
clustered_logs,43,4,18,2,pruned,2400,256,28,256,256,1
clustered_logs,43,4,19,3,pruned,127600,512,24,8,8,1
clustered_logs,43,4,19,3,scan,500400,2048,0,8,8,1
clustered_logs,43,4,20,4,scan,5860000,2048,0,0,0,1
clustered_logs,43,4,20,4,pruned,2200,0,32,0,0,1
clustered_logs,43,4,21,5,pruned,119900,2048,0,2048,2048,1
clustered_logs,43,4,21,5,scan,89700,2048,0,2048,2048,1
clustered_logs,43,4,22,6,scan,854500,2048,0,0,0,1
clustered_logs,43,4,22,6,pruned,500,0,32,0,0,1
clustered_logs,43,4,23,7,pruned,100,0,32,0,0,1
clustered_logs,43,4,23,7,scan,8400,2048,0,0,0,1
clustered_logs,43,4,24,0,scan,11700,2048,0,2048,2048,1
clustered_logs,43,4,24,0,pruned,11200,2048,0,2048,2048,1
clustered_logs,43,4,25,1,pruned,1600,128,30,32,32,1
clustered_logs,43,4,25,1,scan,8100,2048,0,32,32,1
clustered_logs,43,4,26,2,scan,9100,2048,0,256,256,1
clustered_logs,43,4,26,2,pruned,3100,256,28,256,256,1
clustered_logs,43,4,27,3,pruned,236100,512,24,8,8,1
clustered_logs,43,4,27,3,scan,879400,2048,0,8,8,1
clustered_logs,43,4,28,4,scan,850000,2048,0,0,0,1
clustered_logs,43,4,28,4,pruned,900,0,32,0,0,1
clustered_logs,43,4,29,5,pruned,76300,2048,0,2048,2048,1
clustered_logs,43,4,29,5,scan,73300,2048,0,2048,2048,1
clustered_logs,43,4,30,6,scan,4918200,2048,0,0,0,1
clustered_logs,43,4,30,6,pruned,1000,0,32,0,0,1
clustered_logs,43,4,31,7,pruned,200,0,32,0,0,1
clustered_logs,43,4,31,7,scan,24400,2048,0,0,0,1
clustered_logs,43,4,32,0,scan,16500,2048,0,2048,2048,1
clustered_logs,43,4,32,0,pruned,12100,2048,0,2048,2048,1
clustered_logs,43,4,33,1,pruned,2300,128,30,32,32,1
clustered_logs,43,4,33,1,scan,10000,2048,0,32,32,1
clustered_logs,43,4,34,2,scan,10700,2048,0,256,256,1
clustered_logs,43,4,34,2,pruned,4300,256,28,256,256,1
clustered_logs,43,4,35,3,pruned,220400,512,24,8,8,1
clustered_logs,43,4,35,3,scan,873700,2048,0,8,8,1
clustered_logs,43,4,36,4,scan,856000,2048,0,0,0,1
clustered_logs,43,4,36,4,pruned,1100,0,32,0,0,1
clustered_logs,43,4,37,5,pruned,101100,2048,0,2048,2048,1
clustered_logs,43,4,37,5,scan,75600,2048,0,2048,2048,1
clustered_logs,43,4,38,6,scan,857700,2048,0,0,0,1
clustered_logs,43,4,38,6,pruned,500,0,32,0,0,1
clustered_logs,43,4,39,7,pruned,200,0,32,0,0,1
clustered_logs,43,4,39,7,scan,9000,2048,0,0,0,1
clustered_logs,43,4,40,0,scan,11900,2048,0,2048,2048,1
clustered_logs,43,4,40,0,pruned,11300,2048,0,2048,2048,1
clustered_logs,43,4,41,1,pruned,1700,128,30,32,32,1
clustered_logs,43,4,41,1,scan,8200,2048,0,32,32,1
clustered_logs,43,4,42,2,scan,9400,2048,0,256,256,1
clustered_logs,43,4,42,2,pruned,2800,256,28,256,256,1
clustered_logs,43,4,43,3,pruned,211300,512,24,8,8,1
clustered_logs,43,4,43,3,scan,4905801,2048,0,8,8,1
clustered_logs,43,4,44,4,scan,861200,2048,0,0,0,1
clustered_logs,43,4,44,4,pruned,1500,0,32,0,0,1
clustered_logs,43,4,45,5,pruned,88100,2048,0,2048,2048,1
clustered_logs,43,4,45,5,scan,78300,2048,0,2048,2048,1
clustered_logs,43,4,46,6,scan,889400,2048,0,0,0,1
clustered_logs,43,4,46,6,pruned,600,0,32,0,0,1
clustered_logs,43,4,47,7,pruned,200,0,32,0,0,1
clustered_logs,43,4,47,7,scan,13000,2048,0,0,0,1
clustered_logs,43,4,48,0,scan,14100,2048,0,2048,2048,1
clustered_logs,43,4,48,0,pruned,11100,2048,0,2048,2048,1
clustered_logs,43,4,49,1,pruned,1700,128,30,32,32,1
clustered_logs,43,4,49,1,scan,8400,2048,0,32,32,1
clustered_logs,43,4,50,2,scan,13200,2048,0,256,256,1
clustered_logs,43,4,50,2,pruned,3100,256,28,256,256,1
clustered_logs,43,4,51,3,pruned,229400,512,24,8,8,1
clustered_logs,43,4,51,3,scan,940400,2048,0,8,8,1
clustered_logs,43,4,52,4,scan,4944200,2048,0,0,0,1
clustered_logs,43,4,52,4,pruned,3000,0,32,0,0,1
clustered_logs,43,4,53,5,pruned,127700,2048,0,2048,2048,1
clustered_logs,43,4,53,5,scan,78300,2048,0,2048,2048,1
clustered_logs,43,4,54,6,scan,885000,2048,0,0,0,1
clustered_logs,43,4,54,6,pruned,700,0,32,0,0,1
clustered_logs,43,4,55,7,pruned,200,0,32,0,0,1
clustered_logs,43,4,55,7,scan,12300,2048,0,0,0,1
clustered_logs,43,4,56,0,scan,14200,2048,0,2048,2048,1
clustered_logs,43,4,56,0,pruned,11700,2048,0,2048,2048,1
clustered_logs,43,4,57,1,pruned,1800,128,30,32,32,1
clustered_logs,43,4,57,1,scan,8200,2048,0,32,32,1
clustered_logs,43,4,58,2,scan,9100,2048,0,256,256,1
clustered_logs,43,4,58,2,pruned,3200,256,28,256,256,1
clustered_logs,43,4,59,3,pruned,215900,512,24,8,8,1
clustered_logs,43,4,59,3,scan,891500,2048,0,8,8,1
clustered_logs,43,4,60,4,scan,875300,2048,0,0,0,1
clustered_logs,43,4,60,4,pruned,1000,0,32,0,0,1
clustered_logs,43,4,61,5,pruned,4121100,2048,0,2048,2048,1
clustered_logs,43,4,61,5,scan,91300,2048,0,2048,2048,1
clustered_logs,43,4,62,6,scan,851100,2048,0,0,0,1
clustered_logs,43,4,62,6,pruned,600,0,32,0,0,1
clustered_logs,43,4,63,7,pruned,200,0,32,0,0,1
clustered_logs,43,4,63,7,scan,8900,2048,0,0,0,1
clustered_logs,43,4,64,0,scan,12300,2048,0,2048,2048,1
clustered_logs,43,4,64,0,pruned,11300,2048,0,2048,2048,1
clustered_logs,43,4,65,1,pruned,1600,128,30,32,32,1
clustered_logs,43,4,65,1,scan,8200,2048,0,32,32,1
clustered_logs,43,4,66,2,scan,7600,2048,0,0,0,1
clustered_logs,43,4,66,2,pruned,600,0,32,0,0,1
clustered_logs,43,4,67,3,pruned,213900,512,24,8,8,1
clustered_logs,43,4,67,3,scan,871200,2048,0,8,8,1
clustered_logs,43,4,68,4,scan,847600,2048,0,0,0,1
clustered_logs,43,4,68,4,pruned,1000,0,32,0,0,1
clustered_logs,43,4,69,5,pruned,75700,2048,0,2048,2048,1
clustered_logs,43,4,69,5,scan,72600,2048,0,2048,2048,1
clustered_logs,43,4,70,6,scan,4912600,2048,0,0,0,1
clustered_logs,43,4,70,6,pruned,900,0,32,0,0,1
clustered_logs,43,4,71,7,pruned,100,0,32,0,0,1
clustered_logs,43,4,71,7,scan,23400,2048,0,0,0,1
clustered_logs,43,4,72,0,scan,15800,2048,0,2048,2048,1
clustered_logs,43,4,72,0,pruned,11600,2048,0,2048,2048,1
clustered_logs,43,4,73,1,pruned,1900,128,30,32,32,1
clustered_logs,43,4,73,1,scan,8300,2048,0,32,32,1
clustered_logs,43,4,74,2,scan,7900,2048,0,0,0,1
clustered_logs,43,4,74,2,pruned,400,0,32,0,0,1
clustered_logs,43,4,75,3,pruned,237500,512,24,8,8,1
clustered_logs,43,4,75,3,scan,887300,2048,0,8,8,1
clustered_logs,43,4,76,4,scan,933100,2048,0,0,0,1
clustered_logs,43,4,76,4,pruned,1300,0,32,0,0,1
clustered_logs,43,4,77,5,pruned,96300,2048,0,2048,2048,1
clustered_logs,43,4,77,5,scan,76200,2048,0,2048,2048,1
clustered_logs,43,4,78,6,scan,879200,2048,0,0,0,1
clustered_logs,43,4,78,6,pruned,500,0,32,0,0,1
clustered_logs,43,4,79,7,pruned,200,0,32,0,0,1
clustered_logs,43,4,79,7,scan,9700,2048,0,0,0,1
clustered_logs,43,4,80,0,scan,12900,2048,0,2048,2048,1
clustered_logs,43,4,80,0,pruned,11900,2048,0,2048,2048,1
clustered_logs,43,4,81,1,pruned,1900,128,30,32,32,1
clustered_logs,43,4,81,1,scan,8600,2048,0,32,32,1
clustered_logs,43,4,82,2,scan,8100,2048,0,0,0,1
clustered_logs,43,4,82,2,pruned,500,0,32,0,0,1
clustered_logs,43,4,83,3,pruned,214800,512,24,8,8,1
clustered_logs,43,4,83,3,scan,4909900,2048,0,8,8,1
clustered_logs,43,4,84,4,scan,901500,2048,0,0,0,1
clustered_logs,43,4,84,4,pruned,2100,0,32,0,0,1
clustered_logs,43,4,85,5,pruned,105700,2048,0,2048,2048,1
clustered_logs,43,4,85,5,scan,75900,2048,0,2048,2048,1
clustered_logs,43,4,86,6,scan,856000,2048,0,0,0,1
clustered_logs,43,4,86,6,pruned,500,0,32,0,0,1
clustered_logs,43,4,87,7,pruned,200,0,32,0,0,1
clustered_logs,43,4,87,7,scan,9700,2048,0,0,0,1
clustered_logs,43,4,88,0,scan,12100,2048,0,2048,2048,1
clustered_logs,43,4,88,0,pruned,12000,2048,0,2048,2048,1
clustered_logs,43,4,89,1,pruned,1700,128,30,32,32,1
clustered_logs,43,4,89,1,scan,8300,2048,0,32,32,1
clustered_logs,43,4,90,2,scan,7800,2048,0,0,0,1
clustered_logs,43,4,90,2,pruned,700,0,32,0,0,1
clustered_logs,43,4,91,3,pruned,235800,512,24,8,8,1
clustered_logs,43,4,91,3,scan,858400,2048,0,8,8,1
clustered_logs,43,4,92,4,scan,5019500,2048,0,0,0,1
clustered_logs,43,4,92,4,pruned,2000,0,32,0,0,1
clustered_logs,43,4,93,5,pruned,141900,2048,0,2048,2048,1
clustered_logs,43,4,93,5,scan,108000,2048,0,2048,2048,1
clustered_logs,43,4,94,6,scan,926600,2048,0,0,0,1
clustered_logs,43,4,94,6,pruned,900,0,32,0,0,1
clustered_logs,43,4,95,7,pruned,200,0,32,0,0,1
clustered_logs,43,4,95,7,scan,12900,2048,0,0,0,1
clustered_logs,43,4,96,0,scan,14500,2048,0,2048,2048,1
clustered_logs,43,4,96,0,pruned,12300,2048,0,2048,2048,1
clustered_logs,43,4,97,1,pruned,1600,128,30,32,32,1
clustered_logs,43,4,97,1,scan,8600,2048,0,32,32,1
clustered_logs,43,4,98,2,scan,7600,2048,0,0,0,1
clustered_logs,43,4,98,2,pruned,800,0,32,0,0,1
clustered_logs,43,4,99,3,pruned,214500,512,24,8,8,1
clustered_logs,43,4,99,3,scan,855900,2048,0,8,8,1
clustered_logs,43,4,100,4,scan,862100,2048,0,0,0,1
clustered_logs,43,4,100,4,pruned,1000,0,32,0,0,1
clustered_logs,43,4,101,5,pruned,75700,2048,0,2048,2048,1
clustered_logs,43,4,101,5,scan,4134600,2048,0,2048,2048,1
clustered_logs,43,4,102,6,scan,862400,2048,0,0,0,1
clustered_logs,43,4,102,6,pruned,700,0,32,0,0,1
clustered_logs,43,4,103,7,pruned,200,0,32,0,0,1
clustered_logs,43,4,103,7,scan,8700,2048,0,0,0,1
clustered_logs,43,4,104,0,scan,12200,2048,0,2048,2048,1
clustered_logs,43,4,104,0,pruned,12300,2048,0,2048,2048,1
clustered_logs,43,4,105,1,pruned,1700,128,30,32,32,1
clustered_logs,43,4,105,1,scan,8300,2048,0,32,32,1
clustered_logs,43,4,106,2,scan,7500,2048,0,0,0,1
clustered_logs,43,4,106,2,pruned,600,0,32,0,0,1
clustered_logs,43,4,107,3,pruned,215300,512,24,8,8,1
clustered_logs,43,4,107,3,scan,876300,2048,0,8,8,1
clustered_logs,43,4,108,4,scan,863600,2048,0,0,0,1
clustered_logs,43,4,108,4,pruned,1100,0,32,0,0,1
clustered_logs,43,4,109,5,pruned,76900,2048,0,2048,2048,1
clustered_logs,43,4,109,5,scan,75000,2048,0,2048,2048,1
clustered_logs,43,4,110,6,scan,4913400,2048,0,0,0,1
clustered_logs,43,4,110,6,pruned,800,0,32,0,0,1
clustered_logs,43,4,111,7,pruned,200,0,32,0,0,1
clustered_logs,43,4,111,7,scan,24000,2048,0,0,0,1
clustered_logs,43,4,112,0,scan,17300,2048,0,2048,2048,1
clustered_logs,43,4,112,0,pruned,11800,2048,0,2048,2048,1
clustered_logs,43,4,113,1,pruned,1700,128,30,32,32,1
clustered_logs,43,4,113,1,scan,8500,2048,0,32,32,1
clustered_logs,43,4,114,2,scan,8100,2048,0,0,0,1
clustered_logs,43,4,114,2,pruned,1000,0,32,0,0,1
clustered_logs,43,4,115,3,pruned,221200,512,24,8,8,1
clustered_logs,43,4,115,3,scan,877300,2048,0,8,8,1
clustered_logs,43,4,116,4,scan,885000,2048,0,0,0,1
clustered_logs,43,4,116,4,pruned,1000,0,32,0,0,1
clustered_logs,43,4,117,5,pruned,77900,2048,0,2048,2048,1
clustered_logs,43,4,117,5,scan,75900,2048,0,2048,2048,1
clustered_logs,43,4,118,6,scan,850700,2048,0,0,0,1
clustered_logs,43,4,118,6,pruned,500,0,32,0,0,1
clustered_logs,43,4,119,7,pruned,100,0,32,0,0,1
clustered_logs,43,4,119,7,scan,8300,2048,0,0,0,1
clustered_logs,43,4,120,0,scan,11800,2048,0,2048,2048,1
clustered_logs,43,4,120,0,pruned,11300,2048,0,2048,2048,1
clustered_logs,43,4,121,1,pruned,2500,128,30,32,32,1
clustered_logs,43,4,121,1,scan,8900,2048,0,32,32,1
clustered_logs,43,4,122,2,scan,7800,2048,0,0,0,1
clustered_logs,43,4,122,2,pruned,400,0,32,0,0,1
clustered_logs,43,4,123,3,pruned,207800,512,24,8,8,1
clustered_logs,43,4,123,3,scan,4895200,2048,0,8,8,1
clustered_logs,43,4,124,4,scan,950900,2048,0,0,0,1
clustered_logs,43,4,124,4,pruned,1200,0,32,0,0,1
clustered_logs,43,4,125,5,pruned,86100,2048,0,2048,2048,1
clustered_logs,43,4,125,5,scan,76800,2048,0,2048,2048,1
clustered_logs,43,4,126,6,scan,919300,2048,0,0,0,1
clustered_logs,43,4,126,6,pruned,500,0,32,0,0,1
clustered_logs,43,4,127,7,pruned,200,0,32,0,0,1
clustered_logs,43,4,127,7,scan,8500,2048,0,0,0,1
clustered_logs,44,0,0,0,scan,11700,2048,0,2048,2048,1
clustered_logs,44,0,0,0,pruned,11000,2048,0,2048,2048,1
clustered_logs,44,0,1,1,pruned,1000,64,31,32,32,1
clustered_logs,44,0,1,1,scan,7600,2048,0,32,32,1
clustered_logs,44,0,2,2,scan,8100,2048,0,256,256,1
clustered_logs,44,0,2,2,pruned,2600,256,28,256,256,1
clustered_logs,44,0,3,3,pruned,198800,512,24,8,8,1
clustered_logs,44,0,3,3,scan,790000,2048,0,8,8,1
clustered_logs,44,0,4,4,scan,793300,2048,0,0,0,1
clustered_logs,44,0,4,4,pruned,900,0,32,0,0,1
clustered_logs,44,0,5,5,pruned,72300,2048,0,2048,2048,1
clustered_logs,44,0,5,5,scan,70400,2048,0,2048,2048,1
clustered_logs,44,0,6,6,scan,804800,2048,0,1,1,1
clustered_logs,44,0,6,6,pruned,23500,64,31,1,1,1
clustered_logs,44,0,7,7,pruned,200,0,32,0,0,1
clustered_logs,44,0,7,7,scan,7900,2048,0,0,0,1
clustered_logs,44,0,8,0,scan,10900,2048,0,2048,2048,1
clustered_logs,44,0,8,0,pruned,10500,2048,0,2048,2048,1
clustered_logs,44,0,9,1,pruned,1400,128,30,32,32,1
clustered_logs,44,0,9,1,scan,7500,2048,0,32,32,1
clustered_logs,44,0,10,2,scan,8300,2048,0,256,256,1
clustered_logs,44,0,10,2,pruned,2600,256,28,256,256,1
clustered_logs,44,0,11,3,pruned,197700,512,24,8,8,1
clustered_logs,44,0,11,3,scan,799000,2048,0,8,8,1
clustered_logs,44,0,12,4,scan,487100,2048,0,0,0,1
clustered_logs,44,0,12,4,pruned,1200,0,32,0,0,1
clustered_logs,44,0,13,5,pruned,40000,2048,0,2048,2048,1
clustered_logs,44,0,13,5,scan,38000,2048,0,2048,2048,1
clustered_logs,44,0,14,6,scan,423700,2048,0,0,0,1
clustered_logs,44,0,14,6,pruned,200,0,32,0,0,1
clustered_logs,44,0,15,7,pruned,100,0,32,0,0,1
clustered_logs,44,0,15,7,scan,5700,2048,0,0,0,1
clustered_logs,44,0,16,0,scan,6800,2048,0,2048,2048,1
clustered_logs,44,0,16,0,pruned,6600,2048,0,2048,2048,1
clustered_logs,44,0,17,1,pruned,1100,128,30,32,32,1
clustered_logs,44,0,17,1,scan,5300,2048,0,32,32,1
clustered_logs,44,0,18,2,scan,5700,2048,0,256,256,1
clustered_logs,44,0,18,2,pruned,1600,256,28,256,256,1
clustered_logs,44,0,19,3,pruned,107700,512,24,8,8,1
clustered_logs,44,0,19,3,scan,459800,2048,0,8,8,1
clustered_logs,44,0,20,4,scan,440400,2048,0,0,0,1
clustered_logs,44,0,20,4,pruned,700,0,32,0,0,1
clustered_logs,44,0,21,5,pruned,38800,2048,0,2048,2048,1
clustered_logs,44,0,21,5,scan,36600,2048,0,2048,2048,1
clustered_logs,44,0,22,6,scan,456400,2048,0,0,0,1
clustered_logs,44,0,22,6,pruned,400,0,32,0,0,1
clustered_logs,44,0,23,7,pruned,0,0,32,0,0,1
clustered_logs,44,0,23,7,scan,5800,2048,0,0,0,1
clustered_logs,44,0,24,0,scan,7200,2048,0,2048,2048,1
clustered_logs,44,0,24,0,pruned,6500,2048,0,2048,2048,1
clustered_logs,44,0,25,1,pruned,1000,128,30,32,32,1
clustered_logs,44,0,25,1,scan,5200,2048,0,32,32,1
clustered_logs,44,0,26,2,scan,5700,2048,0,256,256,1
clustered_logs,44,0,26,2,pruned,1500,256,28,256,256,1
clustered_logs,44,0,27,3,pruned,107400,512,24,8,8,1
clustered_logs,44,0,27,3,scan,454100,2048,0,8,8,1
clustered_logs,44,0,28,4,scan,443900,2048,0,0,0,1
clustered_logs,44,0,28,4,pruned,600,0,32,0,0,1
clustered_logs,44,0,29,5,pruned,42600,2048,0,2048,2048,1
clustered_logs,44,0,29,5,scan,39700,2048,0,2048,2048,1
clustered_logs,44,0,30,6,scan,462200,2048,0,0,0,1
clustered_logs,44,0,30,6,pruned,400,0,32,0,0,1
clustered_logs,44,0,31,7,pruned,100,0,32,0,0,1
clustered_logs,44,0,31,7,scan,5800,2048,0,0,0,1
clustered_logs,44,0,32,0,scan,7600,2048,0,2048,2048,1
clustered_logs,44,0,32,0,pruned,6600,2048,0,2048,2048,1
clustered_logs,44,0,33,1,pruned,1000,128,30,32,32,1
clustered_logs,44,0,33,1,scan,5200,2048,0,32,32,1
clustered_logs,44,0,34,2,scan,5500,2048,0,256,256,1
clustered_logs,44,0,34,2,pruned,1500,256,28,256,256,1
clustered_logs,44,0,35,3,pruned,107300,512,24,8,8,1
clustered_logs,44,0,35,3,scan,460100,2048,0,8,8,1
clustered_logs,44,0,36,4,scan,427800,2048,0,0,0,1
clustered_logs,44,0,36,4,pruned,500,0,32,0,0,1
clustered_logs,44,0,37,5,pruned,39700,2048,0,2048,2048,1
clustered_logs,44,0,37,5,scan,37700,2048,0,2048,2048,1
clustered_logs,44,0,38,6,scan,451400,2048,0,0,0,1
clustered_logs,44,0,38,6,pruned,300,0,32,0,0,1
clustered_logs,44,0,39,7,pruned,100,0,32,0,0,1
clustered_logs,44,0,39,7,scan,5800,2048,0,0,0,1
clustered_logs,44,0,40,0,scan,7600,2048,0,2048,2048,1
clustered_logs,44,0,40,0,pruned,6500,2048,0,2048,2048,1
clustered_logs,44,0,41,1,pruned,1000,128,30,32,32,1
clustered_logs,44,0,41,1,scan,5300,2048,0,32,32,1
clustered_logs,44,0,42,2,scan,5700,2048,0,256,256,1
clustered_logs,44,0,42,2,pruned,1500,256,28,256,256,1
clustered_logs,44,0,43,3,pruned,107400,512,24,8,8,1
clustered_logs,44,0,43,3,scan,464600,2048,0,8,8,1
clustered_logs,44,0,44,4,scan,686500,2048,0,0,0,1
clustered_logs,44,0,44,4,pruned,1000,0,32,0,0,1
clustered_logs,44,0,45,5,pruned,66800,2048,0,2048,2048,1
clustered_logs,44,0,45,5,scan,61800,2048,0,2048,2048,1
clustered_logs,44,0,46,6,scan,777600,2048,0,0,0,1
clustered_logs,44,0,46,6,pruned,500,0,32,0,0,1
clustered_logs,44,0,47,7,pruned,200,0,32,0,0,1
clustered_logs,44,0,47,7,scan,8000,2048,0,0,0,1
clustered_logs,44,0,48,0,scan,11200,2048,0,2048,2048,1
clustered_logs,44,0,48,0,pruned,10300,2048,0,2048,2048,1
clustered_logs,44,0,49,1,pruned,1700,128,30,32,32,1
clustered_logs,44,0,49,1,scan,7700,2048,0,32,32,1
clustered_logs,44,0,50,2,scan,8100,2048,0,256,256,1
clustered_logs,44,0,50,2,pruned,2500,256,28,256,256,1
clustered_logs,44,0,51,3,pruned,188100,512,24,8,8,1
clustered_logs,44,0,51,3,scan,752700,2048,0,8,8,1
clustered_logs,44,0,52,4,scan,769300,2048,0,0,0,1
clustered_logs,44,0,52,4,pruned,900,0,32,0,0,1
clustered_logs,44,0,53,5,pruned,65600,2048,0,2048,2048,1
clustered_logs,44,0,53,5,scan,63100,2048,0,2048,2048,1
clustered_logs,44,0,54,6,scan,815000,2048,0,0,0,1
clustered_logs,44,0,54,6,pruned,400,0,32,0,0,1
clustered_logs,44,0,55,7,pruned,200,0,32,0,0,1
clustered_logs,44,0,55,7,scan,7900,2048,0,0,0,1
clustered_logs,44,0,56,0,scan,11500,2048,0,2048,2048,1
clustered_logs,44,0,56,0,pruned,10400,2048,0,2048,2048,1
clustered_logs,44,0,57,1,pruned,1400,128,30,32,32,1
clustered_logs,44,0,57,1,scan,7900,2048,0,32,32,1
clustered_logs,44,0,58,2,scan,8000,2048,0,256,256,1
clustered_logs,44,0,58,2,pruned,2600,256,28,256,256,1
clustered_logs,44,0,59,3,pruned,188300,512,24,8,8,1
clustered_logs,44,0,59,3,scan,772900,2048,0,8,8,1
clustered_logs,44,0,60,4,scan,747900,2048,0,0,0,1
clustered_logs,44,0,60,4,pruned,900,0,32,0,0,1
clustered_logs,44,0,61,5,pruned,65300,2048,0,2048,2048,1
clustered_logs,44,0,61,5,scan,62500,2048,0,2048,2048,1
clustered_logs,44,0,62,6,scan,757400,2048,0,0,0,1
clustered_logs,44,0,62,6,pruned,400,0,32,0,0,1
clustered_logs,44,0,63,7,pruned,200,0,32,0,0,1
clustered_logs,44,0,63,7,scan,7900,2048,0,0,0,1
clustered_logs,44,0,64,0,scan,10400,2048,0,2048,2048,1
clustered_logs,44,0,64,0,pruned,10300,2048,0,2048,2048,1
clustered_logs,44,0,65,1,pruned,1200,128,30,32,32,1
clustered_logs,44,0,65,1,scan,7700,2048,0,32,32,1
clustered_logs,44,0,66,2,scan,6600,2048,0,0,0,1
clustered_logs,44,0,66,2,pruned,400,0,32,0,0,1
clustered_logs,44,0,67,3,pruned,205500,512,24,8,8,1
clustered_logs,44,0,67,3,scan,778300,2048,0,8,8,1
clustered_logs,44,0,68,4,scan,757100,2048,0,0,0,1
clustered_logs,44,0,68,4,pruned,1300,0,32,0,0,1
clustered_logs,44,0,69,5,pruned,80600,2048,0,2048,2048,1
clustered_logs,44,0,69,5,scan,62400,2048,0,2048,2048,1
clustered_logs,44,0,70,6,scan,437600,2048,0,0,0,1
clustered_logs,44,0,70,6,pruned,300,0,32,0,0,1
clustered_logs,44,0,71,7,pruned,100,0,32,0,0,1
clustered_logs,44,0,71,7,scan,5400,2048,0,0,0,1
clustered_logs,44,0,72,0,scan,7400,2048,0,2048,2048,1
clustered_logs,44,0,72,0,pruned,6500,2048,0,2048,2048,1
clustered_logs,44,0,73,1,pruned,1100,128,30,32,32,1
clustered_logs,44,0,73,1,scan,5200,2048,0,32,32,1
clustered_logs,44,0,74,2,scan,4500,2048,0,0,0,1
clustered_logs,44,0,74,2,pruned,300,0,32,0,0,1
clustered_logs,44,0,75,3,pruned,107600,512,24,8,8,1
clustered_logs,44,0,75,3,scan,426000,2048,0,8,8,1
clustered_logs,44,0,76,4,scan,444300,2048,0,0,0,1
clustered_logs,44,0,76,4,pruned,600,0,32,0,0,1
clustered_logs,44,0,77,5,pruned,38500,2048,0,2048,2048,1
clustered_logs,44,0,77,5,scan,36600,2048,0,2048,2048,1
clustered_logs,44,0,78,6,scan,424200,2048,0,0,0,1
clustered_logs,44,0,78,6,pruned,300,0,32,0,0,1
clustered_logs,44,0,79,7,pruned,100,0,32,0,0,1
clustered_logs,44,0,79,7,scan,5100,2048,0,0,0,1
clustered_logs,44,0,80,0,scan,6400,2048,0,2048,2048,1
clustered_logs,44,0,80,0,pruned,6400,2048,0,2048,2048,1
clustered_logs,44,0,81,1,pruned,800,128,30,32,32,1
clustered_logs,44,0,81,1,scan,5000,2048,0,32,32,1
clustered_logs,44,0,82,2,scan,4500,2048,0,0,0,1
clustered_logs,44,0,82,2,pruned,300,0,32,0,0,1
clustered_logs,44,0,83,3,pruned,107500,512,24,8,8,1
clustered_logs,44,0,83,3,scan,426500,2048,0,8,8,1
clustered_logs,44,0,84,4,scan,423500,2048,0,0,0,1
clustered_logs,44,0,84,4,pruned,500,0,32,0,0,1
clustered_logs,44,0,85,5,pruned,57900,2048,0,2048,2048,1
clustered_logs,44,0,85,5,scan,36600,2048,0,2048,2048,1
clustered_logs,44,0,86,6,scan,439100,2048,0,0,0,1
clustered_logs,44,0,86,6,pruned,300,0,32,0,0,1
clustered_logs,44,0,87,7,pruned,200,0,32,0,0,1
clustered_logs,44,0,87,7,scan,5300,2048,0,0,0,1
clustered_logs,44,0,88,0,scan,7400,2048,0,2048,2048,1
clustered_logs,44,0,88,0,pruned,6400,2048,0,2048,2048,1
clustered_logs,44,0,89,1,pruned,800,128,30,32,32,1
clustered_logs,44,0,89,1,scan,5000,2048,0,32,32,1
clustered_logs,44,0,90,2,scan,4500,2048,0,0,0,1
clustered_logs,44,0,90,2,pruned,300,0,32,0,0,1
clustered_logs,44,0,91,3,pruned,107800,512,24,8,8,1
clustered_logs,44,0,91,3,scan,428000,2048,0,8,8,1
clustered_logs,44,0,92,4,scan,423100,2048,0,0,0,1
clustered_logs,44,0,92,4,pruned,500,0,32,0,0,1
clustered_logs,44,0,93,5,pruned,37200,2048,0,2048,2048,1
clustered_logs,44,0,93,5,scan,36500,2048,0,2048,2048,1
clustered_logs,44,0,94,6,scan,423400,2048,0,0,0,1
clustered_logs,44,0,94,6,pruned,400,0,32,0,0,1
clustered_logs,44,0,95,7,pruned,100,0,32,0,0,1
clustered_logs,44,0,95,7,scan,5100,2048,0,0,0,1
clustered_logs,44,0,96,0,scan,7300,2048,0,2048,2048,1
clustered_logs,44,0,96,0,pruned,6300,2048,0,2048,2048,1
clustered_logs,44,0,97,1,pruned,900,128,30,32,32,1
clustered_logs,44,0,97,1,scan,5100,2048,0,32,32,1
clustered_logs,44,0,98,2,scan,4500,2048,0,0,0,1
clustered_logs,44,0,98,2,pruned,300,0,32,0,0,1
clustered_logs,44,0,99,3,pruned,107500,512,24,8,8,1
clustered_logs,44,0,99,3,scan,442900,2048,0,8,8,1
clustered_logs,44,0,100,4,scan,421800,2048,0,0,0,1
clustered_logs,44,0,100,4,pruned,500,0,32,0,0,1
clustered_logs,44,0,101,5,pruned,37600,2048,0,2048,2048,1
clustered_logs,44,0,101,5,scan,36200,2048,0,2048,2048,1
clustered_logs,44,0,102,6,scan,422800,2048,0,0,0,1
clustered_logs,44,0,102,6,pruned,300,0,32,0,0,1
clustered_logs,44,0,103,7,pruned,100,0,32,0,0,1
clustered_logs,44,0,103,7,scan,5200,2048,0,0,0,1
clustered_logs,44,0,104,0,scan,6600,2048,0,2048,2048,1
clustered_logs,44,0,104,0,pruned,6200,2048,0,2048,2048,1
clustered_logs,44,0,105,1,pruned,900,128,30,32,32,1
clustered_logs,44,0,105,1,scan,5100,2048,0,32,32,1
clustered_logs,44,0,106,2,scan,4500,2048,0,0,0,1
clustered_logs,44,0,106,2,pruned,300,0,32,0,0,1
clustered_logs,44,0,107,3,pruned,107700,512,24,8,8,1
clustered_logs,44,0,107,3,scan,458200,2048,0,8,8,1
clustered_logs,44,0,108,4,scan,496000,2048,0,0,0,1
clustered_logs,44,0,108,4,pruned,800,0,32,0,0,1
clustered_logs,44,0,109,5,pruned,68700,2048,0,2048,2048,1
clustered_logs,44,0,109,5,scan,65300,2048,0,2048,2048,1
clustered_logs,44,0,110,6,scan,745700,2048,0,0,0,1
clustered_logs,44,0,110,6,pruned,400,0,32,0,0,1
clustered_logs,44,0,111,7,pruned,200,0,32,0,0,1
clustered_logs,44,0,111,7,scan,7300,2048,0,0,0,1
clustered_logs,44,0,112,0,scan,10600,2048,0,2048,2048,1
clustered_logs,44,0,112,0,pruned,10200,2048,0,2048,2048,1
clustered_logs,44,0,113,1,pruned,1300,128,30,32,32,1
clustered_logs,44,0,113,1,scan,7600,2048,0,32,32,1
clustered_logs,44,0,114,2,scan,6800,2048,0,0,0,1
clustered_logs,44,0,114,2,pruned,400,0,32,0,0,1
clustered_logs,44,0,115,3,pruned,165400,512,24,8,8,1
clustered_logs,44,0,115,3,scan,438700,2048,0,8,8,1
clustered_logs,44,0,116,4,scan,441000,2048,0,0,0,1
clustered_logs,44,0,116,4,pruned,600,0,32,0,0,1
clustered_logs,44,0,117,5,pruned,38400,2048,0,2048,2048,1
clustered_logs,44,0,117,5,scan,36700,2048,0,2048,2048,1
clustered_logs,44,0,118,6,scan,422300,2048,0,0,0,1
clustered_logs,44,0,118,6,pruned,300,0,32,0,0,1
clustered_logs,44,0,119,7,pruned,100,0,32,0,0,1
clustered_logs,44,0,119,7,scan,5200,2048,0,0,0,1
clustered_logs,44,0,120,0,scan,6400,2048,0,2048,2048,1
clustered_logs,44,0,120,0,pruned,6300,2048,0,2048,2048,1
clustered_logs,44,0,121,1,pruned,700,128,30,32,32,1
clustered_logs,44,0,121,1,scan,5000,2048,0,32,32,1
clustered_logs,44,0,122,2,scan,4500,2048,0,0,0,1
clustered_logs,44,0,122,2,pruned,300,0,32,0,0,1
clustered_logs,44,0,123,3,pruned,107800,512,24,8,8,1
clustered_logs,44,0,123,3,scan,427000,2048,0,8,8,1
clustered_logs,44,0,124,4,scan,454700,2048,0,0,0,1
clustered_logs,44,0,124,4,pruned,700,0,32,0,0,1
clustered_logs,44,0,125,5,pruned,39300,2048,0,2048,2048,1
clustered_logs,44,0,125,5,scan,36900,2048,0,2048,2048,1
clustered_logs,44,0,126,6,scan,439800,2048,0,0,0,1
clustered_logs,44,0,126,6,pruned,300,0,32,0,0,1
clustered_logs,44,0,127,7,pruned,100,0,32,0,0,1
clustered_logs,44,0,127,7,scan,5300,2048,0,0,0,1
clustered_logs,44,1,0,0,pruned,7400,2048,0,2048,2048,1
clustered_logs,44,1,0,0,scan,6300,2048,0,2048,2048,1
clustered_logs,44,1,1,1,scan,5000,2048,0,32,32,1
clustered_logs,44,1,1,1,pruned,600,64,31,32,32,1
clustered_logs,44,1,2,2,pruned,1700,256,28,256,256,1
clustered_logs,44,1,2,2,scan,5300,2048,0,256,256,1
clustered_logs,44,1,3,3,scan,427900,2048,0,8,8,1
clustered_logs,44,1,3,3,pruned,107400,512,24,8,8,1
clustered_logs,44,1,4,4,pruned,500,0,32,0,0,1
clustered_logs,44,1,4,4,scan,424000,2048,0,0,0,1
clustered_logs,44,1,5,5,scan,37500,2048,0,2048,2048,1
clustered_logs,44,1,5,5,pruned,37700,2048,0,2048,2048,1
clustered_logs,44,1,6,6,pruned,13100,64,31,1,1,1
clustered_logs,44,1,6,6,scan,422300,2048,0,1,1,1
clustered_logs,44,1,7,7,scan,5200,2048,0,0,0,1
clustered_logs,44,1,7,7,pruned,100,0,32,0,0,1
clustered_logs,44,1,8,0,pruned,6400,2048,0,2048,2048,1
clustered_logs,44,1,8,0,scan,6200,2048,0,2048,2048,1
clustered_logs,44,1,9,1,scan,5100,2048,0,32,32,1
clustered_logs,44,1,9,1,pruned,800,128,30,32,32,1
clustered_logs,44,1,10,2,pruned,1700,256,28,256,256,1
clustered_logs,44,1,10,2,scan,5200,2048,0,256,256,1
clustered_logs,44,1,11,3,scan,443100,2048,0,8,8,1
clustered_logs,44,1,11,3,pruned,107600,512,24,8,8,1
clustered_logs,44,1,12,4,pruned,500,0,32,0,0,1
clustered_logs,44,1,12,4,scan,425900,2048,0,0,0,1
clustered_logs,44,1,13,5,scan,37600,2048,0,2048,2048,1
clustered_logs,44,1,13,5,pruned,37700,2048,0,2048,2048,1
clustered_logs,44,1,14,6,pruned,200,0,32,0,0,1
clustered_logs,44,1,14,6,scan,422100,2048,0,0,0,1
clustered_logs,44,1,15,7,scan,5200,2048,0,0,0,1
clustered_logs,44,1,15,7,pruned,100,0,32,0,0,1
clustered_logs,44,1,16,0,pruned,6700,2048,0,2048,2048,1
clustered_logs,44,1,16,0,scan,6200,2048,0,2048,2048,1
clustered_logs,44,1,17,1,scan,5100,2048,0,32,32,1
clustered_logs,44,1,17,1,pruned,800,128,30,32,32,1
clustered_logs,44,1,18,2,pruned,1500,256,28,256,256,1
clustered_logs,44,1,18,2,scan,5300,2048,0,256,256,1
clustered_logs,44,1,19,3,scan,478200,2048,0,8,8,1
clustered_logs,44,1,19,3,pruned,107400,512,24,8,8,1
clustered_logs,44,1,20,4,pruned,500,0,32,0,0,1
clustered_logs,44,1,20,4,scan,559700,2048,0,0,0,1
clustered_logs,44,1,21,5,scan,46600,2048,0,2048,2048,1
clustered_logs,44,1,21,5,pruned,51400,2048,0,2048,2048,1
clustered_logs,44,1,22,6,pruned,400,0,32,0,0,1
clustered_logs,44,1,22,6,scan,448700,2048,0,0,0,1
clustered_logs,44,1,23,7,scan,5400,2048,0,0,0,1
clustered_logs,44,1,23,7,pruned,100,0,32,0,0,1
clustered_logs,44,1,24,0,pruned,7300,2048,0,2048,2048,1
clustered_logs,44,1,24,0,scan,6600,2048,0,2048,2048,1
clustered_logs,44,1,25,1,scan,5300,2048,0,32,32,1
clustered_logs,44,1,25,1,pruned,1000,128,30,32,32,1
clustered_logs,44,1,26,2,pruned,1700,256,28,256,256,1
clustered_logs,44,1,26,2,scan,5500,2048,0,256,256,1
clustered_logs,44,1,27,3,scan,644600,2048,0,8,8,1
clustered_logs,44,1,27,3,pruned,172700,512,24,8,8,1
clustered_logs,44,1,28,4,pruned,600,0,32,0,0,1
clustered_logs,44,1,28,4,scan,578300,2048,0,0,0,1
clustered_logs,44,1,29,5,scan,84700,2048,0,2048,2048,1
clustered_logs,44,1,29,5,pruned,61200,2048,0,2048,2048,1
clustered_logs,44,1,30,6,pruned,500,0,32,0,0,1
clustered_logs,44,1,30,6,scan,670800,2048,0,0,0,1
clustered_logs,44,1,31,7,scan,9400,2048,0,0,0,1
clustered_logs,44,1,31,7,pruned,200,0,32,0,0,1
clustered_logs,44,1,32,0,pruned,12000,2048,0,2048,2048,1
clustered_logs,44,1,32,0,scan,10400,2048,0,2048,2048,1
clustered_logs,44,1,33,1,scan,7800,2048,0,32,32,1
clustered_logs,44,1,33,1,pruned,1600,128,30,32,32,1
clustered_logs,44,1,34,2,pruned,2600,256,28,256,256,1
clustered_logs,44,1,34,2,scan,8300,2048,0,256,256,1
clustered_logs,44,1,35,3,scan,534100,2048,0,8,8,1
clustered_logs,44,1,35,3,pruned,125300,512,24,8,8,1
clustered_logs,44,1,36,4,pruned,600,0,32,0,0,1
clustered_logs,44,1,36,4,scan,458000,2048,0,0,0,1
clustered_logs,44,1,37,5,scan,42500,2048,0,2048,2048,1
clustered_logs,44,1,37,5,pruned,38600,2048,0,2048,2048,1
clustered_logs,44,1,38,6,pruned,300,0,32,0,0,1
clustered_logs,44,1,38,6,scan,422300,2048,0,0,0,1
clustered_logs,44,1,39,7,scan,5400,2048,0,0,0,1
clustered_logs,44,1,39,7,pruned,100,0,32,0,0,1
clustered_logs,44,1,40,0,pruned,6500,2048,0,2048,2048,1
clustered_logs,44,1,40,0,scan,6400,2048,0,2048,2048,1
clustered_logs,44,1,41,1,scan,5400,2048,0,32,32,1
clustered_logs,44,1,41,1,pruned,900,128,30,32,32,1
clustered_logs,44,1,42,2,pruned,1500,256,28,256,256,1
clustered_logs,44,1,42,2,scan,5400,2048,0,256,256,1
clustered_logs,44,1,43,3,scan,455900,2048,0,8,8,1
clustered_logs,44,1,43,3,pruned,110900,512,24,8,8,1
clustered_logs,44,1,44,4,pruned,600,0,32,0,0,1
clustered_logs,44,1,44,4,scan,447800,2048,0,0,0,1
clustered_logs,44,1,45,5,scan,39500,2048,0,2048,2048,1
clustered_logs,44,1,45,5,pruned,39500,2048,0,2048,2048,1
clustered_logs,44,1,46,6,pruned,400,0,32,0,0,1
clustered_logs,44,1,46,6,scan,422000,2048,0,0,0,1
clustered_logs,44,1,47,7,scan,5300,2048,0,0,0,1
clustered_logs,44,1,47,7,pruned,100,0,32,0,0,1
clustered_logs,44,1,48,0,pruned,6800,2048,0,2048,2048,1
clustered_logs,44,1,48,0,scan,6300,2048,0,2048,2048,1
clustered_logs,44,1,49,1,scan,5300,2048,0,32,32,1
clustered_logs,44,1,49,1,pruned,1300,128,30,32,32,1
clustered_logs,44,1,50,2,pruned,1600,256,28,256,256,1
clustered_logs,44,1,50,2,scan,5400,2048,0,256,256,1
clustered_logs,44,1,51,3,scan,427000,2048,0,8,8,1
clustered_logs,44,1,51,3,pruned,107200,512,24,8,8,1
clustered_logs,44,1,52,4,pruned,500,0,32,0,0,1
clustered_logs,44,1,52,4,scan,483200,2048,0,0,0,1
clustered_logs,44,1,53,5,scan,40200,2048,0,2048,2048,1
clustered_logs,44,1,53,5,pruned,55000,2048,0,2048,2048,1
clustered_logs,44,1,54,6,pruned,400,0,32,0,0,1
clustered_logs,44,1,54,6,scan,423700,2048,0,0,0,1
clustered_logs,44,1,55,7,scan,5300,2048,0,0,0,1
clustered_logs,44,1,55,7,pruned,100,0,32,0,0,1
clustered_logs,44,1,56,0,pruned,7600,2048,0,2048,2048,1
clustered_logs,44,1,56,0,scan,6500,2048,0,2048,2048,1
clustered_logs,44,1,57,1,scan,5300,2048,0,32,32,1
clustered_logs,44,1,57,1,pruned,800,128,30,32,32,1
clustered_logs,44,1,58,2,pruned,1400,256,28,256,256,1
clustered_logs,44,1,58,2,scan,5400,2048,0,256,256,1
clustered_logs,44,1,59,3,scan,427900,2048,0,8,8,1
clustered_logs,44,1,59,3,pruned,107700,512,24,8,8,1
clustered_logs,44,1,60,4,pruned,500,0,32,0,0,1
clustered_logs,44,1,60,4,scan,461700,2048,0,0,0,1
clustered_logs,44,1,61,5,scan,41400,2048,0,2048,2048,1
clustered_logs,44,1,61,5,pruned,38800,2048,0,2048,2048,1
clustered_logs,44,1,62,6,pruned,200,0,32,0,0,1
clustered_logs,44,1,62,6,scan,479800,2048,0,0,0,1
clustered_logs,44,1,63,7,scan,5600,2048,0,0,0,1
clustered_logs,44,1,63,7,pruned,200,0,32,0,0,1
clustered_logs,44,1,64,0,pruned,7500,2048,0,2048,2048,1
clustered_logs,44,1,64,0,scan,6300,2048,0,2048,2048,1
clustered_logs,44,1,65,1,scan,5300,2048,0,32,32,1
clustered_logs,44,1,65,1,pruned,900,128,30,32,32,1
clustered_logs,44,1,66,2,pruned,300,0,32,0,0,1
clustered_logs,44,1,66,2,scan,4700,2048,0,0,0,1
clustered_logs,44,1,67,3,scan,427800,2048,0,8,8,1
clustered_logs,44,1,67,3,pruned,107600,512,24,8,8,1
clustered_logs,44,1,68,4,pruned,500,0,32,0,0,1
clustered_logs,44,1,68,4,scan,449400,2048,0,0,0,1
clustered_logs,44,1,69,5,scan,50100,2048,0,2048,2048,1
clustered_logs,44,1,69,5,pruned,39800,2048,0,2048,2048,1
clustered_logs,44,1,70,6,pruned,300,0,32,0,0,1
clustered_logs,44,1,70,6,scan,424100,2048,0,0,0,1
clustered_logs,44,1,71,7,scan,5400,2048,0,0,0,1
clustered_logs,44,1,71,7,pruned,100,0,32,0,0,1
clustered_logs,44,1,72,0,pruned,6800,2048,0,2048,2048,1
clustered_logs,44,1,72,0,scan,6400,2048,0,2048,2048,1
clustered_logs,44,1,73,1,scan,5300,2048,0,32,32,1
clustered_logs,44,1,73,1,pruned,900,128,30,32,32,1
clustered_logs,44,1,74,2,pruned,200,0,32,0,0,1
clustered_logs,44,1,74,2,scan,4700,2048,0,0,0,1
clustered_logs,44,1,75,3,scan,465100,2048,0,8,8,1
clustered_logs,44,1,75,3,pruned,108200,512,24,8,8,1
clustered_logs,44,1,76,4,pruned,400,0,32,0,0,1
clustered_logs,44,1,76,4,scan,447100,2048,0,0,0,1
clustered_logs,44,1,77,5,scan,74800,2048,0,2048,2048,1
clustered_logs,44,1,77,5,pruned,44500,2048,0,2048,2048,1
clustered_logs,44,1,78,6,pruned,1400,0,32,0,0,1
clustered_logs,44,1,78,6,scan,469700,2048,0,0,0,1
clustered_logs,44,1,79,7,scan,6600,2048,0,0,0,1
clustered_logs,44,1,79,7,pruned,100,0,32,0,0,1
clustered_logs,44,1,80,0,pruned,7900,2048,0,2048,2048,1
clustered_logs,44,1,80,0,scan,6500,2048,0,2048,2048,1
clustered_logs,44,1,81,1,scan,5300,2048,0,32,32,1
clustered_logs,44,1,81,1,pruned,800,128,30,32,32,1
clustered_logs,44,1,82,2,pruned,200,0,32,0,0,1
clustered_logs,44,1,82,2,scan,4700,2048,0,0,0,1
clustered_logs,44,1,83,3,scan,522100,2048,0,8,8,1
clustered_logs,44,1,83,3,pruned,193900,512,24,8,8,1
clustered_logs,44,1,84,4,pruned,700,0,32,0,0,1
clustered_logs,44,1,84,4,scan,794100,2048,0,0,0,1
clustered_logs,44,1,85,5,scan,67500,2048,0,2048,2048,1
clustered_logs,44,1,85,5,pruned,66400,2048,0,2048,2048,1
clustered_logs,44,1,86,6,pruned,300,0,32,0,0,1
clustered_logs,44,1,86,6,scan,772600,2048,0,0,0,1
clustered_logs,44,1,87,7,scan,7700,2048,0,0,0,1
clustered_logs,44,1,87,7,pruned,200,0,32,0,0,1
clustered_logs,44,1,88,0,pruned,10800,2048,0,2048,2048,1
clustered_logs,44,1,88,0,scan,10000,2048,0,2048,2048,1
clustered_logs,44,1,89,1,scan,7800,2048,0,32,32,1
clustered_logs,44,1,89,1,pruned,1300,128,30,32,32,1
clustered_logs,44,1,90,2,pruned,500,0,32,0,0,1
clustered_logs,44,1,90,2,scan,7000,2048,0,0,0,1
clustered_logs,44,1,91,3,scan,1285800,2048,0,8,8,1
clustered_logs,44,1,91,3,pruned,129200,512,24,8,8,1
clustered_logs,44,1,92,4,pruned,600,0,32,0,0,1
clustered_logs,44,1,92,4,scan,431400,2048,0,0,0,1
clustered_logs,44,1,93,5,scan,43000,2048,0,2048,2048,1
clustered_logs,44,1,93,5,pruned,38300,2048,0,2048,2048,1
clustered_logs,44,1,94,6,pruned,400,0,32,0,0,1
clustered_logs,44,1,94,6,scan,423300,2048,0,0,0,1
clustered_logs,44,1,95,7,scan,5800,2048,0,0,0,1
clustered_logs,44,1,95,7,pruned,100,0,32,0,0,1
clustered_logs,44,1,96,0,pruned,7300,2048,0,2048,2048,1
clustered_logs,44,1,96,0,scan,6500,2048,0,2048,2048,1
clustered_logs,44,1,97,1,scan,5500,2048,0,32,32,1
clustered_logs,44,1,97,1,pruned,900,128,30,32,32,1
clustered_logs,44,1,98,2,pruned,400,0,32,0,0,1
clustered_logs,44,1,98,2,scan,5000,2048,0,0,0,1
clustered_logs,44,1,99,3,scan,445400,2048,0,8,8,1
clustered_logs,44,1,99,3,pruned,107900,512,24,8,8,1
clustered_logs,44,1,100,4,pruned,500,0,32,0,0,1
clustered_logs,44,1,100,4,scan,422400,2048,0,0,0,1
clustered_logs,44,1,101,5,scan,38000,2048,0,2048,2048,1
clustered_logs,44,1,101,5,pruned,37800,2048,0,2048,2048,1
clustered_logs,44,1,102,6,pruned,300,0,32,0,0,1
clustered_logs,44,1,102,6,scan,424000,2048,0,0,0,1
clustered_logs,44,1,103,7,scan,5800,2048,0,0,0,1
clustered_logs,44,1,103,7,pruned,100,0,32,0,0,1
clustered_logs,44,1,104,0,pruned,6900,2048,0,2048,2048,1
clustered_logs,44,1,104,0,scan,6400,2048,0,2048,2048,1
clustered_logs,44,1,105,1,scan,5400,2048,0,32,32,1
clustered_logs,44,1,105,1,pruned,900,128,30,32,32,1
clustered_logs,44,1,106,2,pruned,300,0,32,0,0,1
clustered_logs,44,1,106,2,scan,4900,2048,0,0,0,1
clustered_logs,44,1,107,3,scan,483700,2048,0,8,8,1
clustered_logs,44,1,107,3,pruned,107400,512,24,8,8,1
clustered_logs,44,1,108,4,pruned,500,0,32,0,0,1
clustered_logs,44,1,108,4,scan,436700,2048,0,0,0,1
clustered_logs,44,1,109,5,scan,39800,2048,0,2048,2048,1
clustered_logs,44,1,109,5,pruned,38600,2048,0,2048,2048,1
clustered_logs,44,1,110,6,pruned,400,0,32,0,0,1
clustered_logs,44,1,110,6,scan,423500,2048,0,0,0,1
clustered_logs,44,1,111,7,scan,5800,2048,0,0,0,1
clustered_logs,44,1,111,7,pruned,100,0,32,0,0,1
clustered_logs,44,1,112,0,pruned,7000,2048,0,2048,2048,1
clustered_logs,44,1,112,0,scan,6300,2048,0,2048,2048,1
clustered_logs,44,1,113,1,scan,5400,2048,0,32,32,1
clustered_logs,44,1,113,1,pruned,800,128,30,32,32,1
clustered_logs,44,1,114,2,pruned,200,0,32,0,0,1
clustered_logs,44,1,114,2,scan,4900,2048,0,0,0,1
clustered_logs,44,1,115,3,scan,427600,2048,0,8,8,1
clustered_logs,44,1,115,3,pruned,107300,512,24,8,8,1
clustered_logs,44,1,116,4,pruned,500,0,32,0,0,1
clustered_logs,44,1,116,4,scan,424000,2048,0,0,0,1
clustered_logs,44,1,117,5,scan,37800,2048,0,2048,2048,1
clustered_logs,44,1,117,5,pruned,37900,2048,0,2048,2048,1
clustered_logs,44,1,118,6,pruned,300,0,32,0,0,1
clustered_logs,44,1,118,6,scan,451800,2048,0,0,0,1
clustered_logs,44,1,119,7,scan,6000,2048,0,0,0,1
clustered_logs,44,1,119,7,pruned,100,0,32,0,0,1
clustered_logs,44,1,120,0,pruned,7900,2048,0,2048,2048,1
clustered_logs,44,1,120,0,scan,6500,2048,0,2048,2048,1
clustered_logs,44,1,121,1,scan,5500,2048,0,32,32,1
clustered_logs,44,1,121,1,pruned,700,128,30,32,32,1
clustered_logs,44,1,122,2,pruned,200,0,32,0,0,1
clustered_logs,44,1,122,2,scan,4900,2048,0,0,0,1
clustered_logs,44,1,123,3,scan,593500,2048,0,8,8,1
clustered_logs,44,1,123,3,pruned,194200,512,24,8,8,1
clustered_logs,44,1,124,4,pruned,700,0,32,0,0,1
clustered_logs,44,1,124,4,scan,785400,2048,0,0,0,1
clustered_logs,44,1,125,5,scan,86900,2048,0,2048,2048,1
clustered_logs,44,1,125,5,pruned,68400,2048,0,2048,2048,1
clustered_logs,44,1,126,6,pruned,400,0,32,0,0,1
clustered_logs,44,1,126,6,scan,767900,2048,0,0,0,1
clustered_logs,44,1,127,7,scan,8000,2048,0,0,0,1
clustered_logs,44,1,127,7,pruned,100,0,32,0,0,1
clustered_logs,44,2,0,0,scan,11300,2048,0,2048,2048,1
clustered_logs,44,2,0,0,pruned,10500,2048,0,2048,2048,1
clustered_logs,44,2,1,1,pruned,1100,64,31,32,32,1
clustered_logs,44,2,1,1,scan,8000,2048,0,32,32,1
clustered_logs,44,2,2,2,scan,8400,2048,0,256,256,1
clustered_logs,44,2,2,2,pruned,2500,256,28,256,256,1
clustered_logs,44,2,3,3,pruned,193300,512,24,8,8,1
clustered_logs,44,2,3,3,scan,1089700,2048,0,8,8,1
clustered_logs,44,2,4,4,scan,803400,2048,0,0,0,1
clustered_logs,44,2,4,4,pruned,1400,0,32,0,0,1
clustered_logs,44,2,5,5,pruned,73000,2048,0,2048,2048,1
clustered_logs,44,2,5,5,scan,68600,2048,0,2048,2048,1
clustered_logs,44,2,6,6,scan,847900,2048,0,1,1,1
clustered_logs,44,2,6,6,pruned,24400,64,31,1,1,1
clustered_logs,44,2,7,7,pruned,200,0,32,0,0,1
clustered_logs,44,2,7,7,scan,8300,2048,0,0,0,1
clustered_logs,44,2,8,0,scan,12400,2048,0,2048,2048,1
clustered_logs,44,2,8,0,pruned,11000,2048,0,2048,2048,1
clustered_logs,44,2,9,1,pruned,1400,128,30,32,32,1
clustered_logs,44,2,9,1,scan,8100,2048,0,32,32,1
clustered_logs,44,2,10,2,scan,8600,2048,0,256,256,1
clustered_logs,44,2,10,2,pruned,2800,256,28,256,256,1
clustered_logs,44,2,11,3,pruned,200200,512,24,8,8,1
clustered_logs,44,2,11,3,scan,986500,2048,0,8,8,1
clustered_logs,44,2,12,4,scan,827100,2048,0,0,0,1
clustered_logs,44,2,12,4,pruned,1300,0,32,0,0,1
clustered_logs,44,2,13,5,pruned,74600,2048,0,2048,2048,1
clustered_logs,44,2,13,5,scan,69000,2048,0,2048,2048,1
clustered_logs,44,2,14,6,scan,717600,2048,0,0,0,1
clustered_logs,44,2,14,6,pruned,700,0,32,0,0,1
clustered_logs,44,2,15,7,pruned,200,0,32,0,0,1
clustered_logs,44,2,15,7,scan,10600,2048,0,0,0,1
clustered_logs,44,2,16,0,scan,12300,2048,0,2048,2048,1
clustered_logs,44,2,16,0,pruned,11100,2048,0,2048,2048,1
clustered_logs,44,2,17,1,pruned,1700,128,30,32,32,1
clustered_logs,44,2,17,1,scan,8200,2048,0,32,32,1
clustered_logs,44,2,18,2,scan,9000,2048,0,256,256,1
clustered_logs,44,2,18,2,pruned,3100,256,28,256,256,1
clustered_logs,44,2,19,3,pruned,175700,512,24,8,8,1
clustered_logs,44,2,19,3,scan,702600,2048,0,8,8,1
clustered_logs,44,2,20,4,scan,751800,2048,0,0,0,1
clustered_logs,44,2,20,4,pruned,1400,0,32,0,0,1
clustered_logs,44,2,21,5,pruned,85000,2048,0,2048,2048,1
clustered_logs,44,2,21,5,scan,73000,2048,0,2048,2048,1
clustered_logs,44,2,22,6,scan,775800,2048,0,0,0,1
clustered_logs,44,2,22,6,pruned,600,0,32,0,0,1
clustered_logs,44,2,23,7,pruned,100,0,32,0,0,1
clustered_logs,44,2,23,7,scan,10500,2048,0,0,0,1
clustered_logs,44,2,24,0,scan,12200,2048,0,2048,2048,1
clustered_logs,44,2,24,0,pruned,10800,2048,0,2048,2048,1
clustered_logs,44,2,25,1,pruned,1500,128,30,32,32,1
clustered_logs,44,2,25,1,scan,8400,2048,0,32,32,1
clustered_logs,44,2,26,2,scan,8900,2048,0,256,256,1
clustered_logs,44,2,26,2,pruned,2700,256,28,256,256,1
clustered_logs,44,2,27,3,pruned,193100,512,24,8,8,1
clustered_logs,44,2,27,3,scan,837000,2048,0,8,8,1
clustered_logs,44,2,28,4,scan,830900,2048,0,0,0,1
clustered_logs,44,2,28,4,pruned,1100,0,32,0,0,1
clustered_logs,44,2,29,5,pruned,78400,2048,0,2048,2048,1
clustered_logs,44,2,29,5,scan,75000,2048,0,2048,2048,1
clustered_logs,44,2,30,6,scan,840600,2048,0,0,0,1
clustered_logs,44,2,30,6,pruned,500,0,32,0,0,1
clustered_logs,44,2,31,7,pruned,200,0,32,0,0,1
clustered_logs,44,2,31,7,scan,8300,2048,0,0,0,1
clustered_logs,44,2,32,0,scan,11800,2048,0,2048,2048,1
clustered_logs,44,2,32,0,pruned,10900,2048,0,2048,2048,1
clustered_logs,44,2,33,1,pruned,1500,128,30,32,32,1
clustered_logs,44,2,33,1,scan,8000,2048,0,32,32,1
clustered_logs,44,2,34,2,scan,8400,2048,0,256,256,1
clustered_logs,44,2,34,2,pruned,2600,256,28,256,256,1
clustered_logs,44,2,35,3,pruned,204800,512,24,8,8,1
clustered_logs,44,2,35,3,scan,824300,2048,0,8,8,1
clustered_logs,44,2,36,4,scan,937700,2048,0,0,0,1
clustered_logs,44,2,36,4,pruned,1300,0,32,0,0,1
clustered_logs,44,2,37,5,pruned,155200,2048,0,2048,2048,1
clustered_logs,44,2,37,5,scan,81200,2048,0,2048,2048,1
clustered_logs,44,2,38,6,scan,1079900,2048,0,0,0,1
clustered_logs,44,2,38,6,pruned,900,0,32,0,0,1
clustered_logs,44,2,39,7,pruned,200,0,32,0,0,1
clustered_logs,44,2,39,7,scan,12100,2048,0,0,0,1
clustered_logs,44,2,40,0,scan,15500,2048,0,2048,2048,1
clustered_logs,44,2,40,0,pruned,11400,2048,0,2048,2048,1
clustered_logs,44,2,41,1,pruned,1700,128,30,32,32,1
clustered_logs,44,2,41,1,scan,8000,2048,0,32,32,1
clustered_logs,44,2,42,2,scan,8900,2048,0,256,256,1
clustered_logs,44,2,42,2,pruned,3000,256,28,256,256,1
clustered_logs,44,2,43,3,pruned,196100,512,24,8,8,1
clustered_logs,44,2,43,3,scan,656100,2048,0,8,8,1
clustered_logs,44,2,44,4,scan,514900,2048,0,0,0,1
clustered_logs,44,2,44,4,pruned,800,0,32,0,0,1
clustered_logs,44,2,45,5,pruned,58100,2048,0,2048,2048,1
clustered_logs,44,2,45,5,scan,39000,2048,0,2048,2048,1
clustered_logs,44,2,46,6,scan,568700,2048,0,0,0,1
clustered_logs,44,2,46,6,pruned,700,0,32,0,0,1
clustered_logs,44,2,47,7,pruned,100,0,32,0,0,1
clustered_logs,44,2,47,7,scan,8700,2048,0,0,0,1
clustered_logs,44,2,48,0,scan,12100,2048,0,2048,2048,1
clustered_logs,44,2,48,0,pruned,11300,2048,0,2048,2048,1
clustered_logs,44,2,49,1,pruned,1700,128,30,32,32,1
clustered_logs,44,2,49,1,scan,8500,2048,0,32,32,1
clustered_logs,44,2,50,2,scan,8800,2048,0,256,256,1
clustered_logs,44,2,50,2,pruned,2400,256,28,256,256,1
clustered_logs,44,2,51,3,pruned,323900,512,24,8,8,1
clustered_logs,44,2,51,3,scan,803200,2048,0,8,8,1
clustered_logs,44,2,52,4,scan,642700,2048,0,0,0,1
clustered_logs,44,2,52,4,pruned,800,0,32,0,0,1
clustered_logs,44,2,53,5,pruned,43700,2048,0,2048,2048,1
clustered_logs,44,2,53,5,scan,39800,2048,0,2048,2048,1
clustered_logs,44,2,54,6,scan,456400,2048,0,0,0,1
clustered_logs,44,2,54,6,pruned,400,0,32,0,0,1
clustered_logs,44,2,55,7,pruned,100,0,32,0,0,1
clustered_logs,44,2,55,7,scan,6100,2048,0,0,0,1
clustered_logs,44,2,56,0,scan,8300,2048,0,2048,2048,1
clustered_logs,44,2,56,0,pruned,7200,2048,0,2048,2048,1
clustered_logs,44,2,57,1,pruned,1200,128,30,32,32,1
clustered_logs,44,2,57,1,scan,5600,2048,0,32,32,1
clustered_logs,44,2,58,2,scan,5900,2048,0,256,256,1
clustered_logs,44,2,58,2,pruned,1500,256,28,256,256,1
clustered_logs,44,2,59,3,pruned,111500,512,24,8,8,1
clustered_logs,44,2,59,3,scan,446300,2048,0,8,8,1
clustered_logs,44,2,60,4,scan,449200,2048,0,0,0,1
clustered_logs,44,2,60,4,pruned,700,0,32,0,0,1
clustered_logs,44,2,61,5,pruned,61900,2048,0,2048,2048,1
clustered_logs,44,2,61,5,scan,42700,2048,0,2048,2048,1
clustered_logs,44,2,62,6,scan,447200,2048,0,0,0,1
clustered_logs,44,2,62,6,pruned,400,0,32,0,0,1
clustered_logs,44,2,63,7,pruned,100,0,32,0,0,1
clustered_logs,44,2,63,7,scan,7800,2048,0,0,0,1
clustered_logs,44,2,64,0,scan,8000,2048,0,2048,2048,1
clustered_logs,44,2,64,0,pruned,29700,2048,0,2048,2048,1
clustered_logs,44,2,65,1,pruned,1400,128,30,32,32,1
clustered_logs,44,2,65,1,scan,6000,2048,0,32,32,1
clustered_logs,44,2,66,2,scan,5100,2048,0,0,0,1
clustered_logs,44,2,66,2,pruned,400,0,32,0,0,1
clustered_logs,44,2,67,3,pruned,112400,512,24,8,8,1
clustered_logs,44,2,67,3,scan,443700,2048,0,8,8,1
clustered_logs,44,2,68,4,scan,665200,2048,0,0,0,1
clustered_logs,44,2,68,4,pruned,1000,0,32,0,0,1
clustered_logs,44,2,69,5,pruned,73300,2048,0,2048,2048,1
clustered_logs,44,2,69,5,scan,60600,2048,0,2048,2048,1
clustered_logs,44,2,70,6,scan,800001,2048,0,0,0,1
clustered_logs,44,2,70,6,pruned,500,0,32,0,0,1
clustered_logs,44,2,71,7,pruned,200,0,32,0,0,1
clustered_logs,44,2,71,7,scan,8600,2048,0,0,0,1
clustered_logs,44,2,72,0,scan,12300,2048,0,2048,2048,1
clustered_logs,44,2,72,0,pruned,11200,2048,0,2048,2048,1
clustered_logs,44,2,73,1,pruned,1600,128,30,32,32,1
clustered_logs,44,2,73,1,scan,8300,2048,0,32,32,1
clustered_logs,44,2,74,2,scan,7200,2048,0,0,0,1
clustered_logs,44,2,74,2,pruned,400,0,32,0,0,1
clustered_logs,44,2,75,3,pruned,214700,512,24,8,8,1
clustered_logs,44,2,75,3,scan,741000,2048,0,8,8,1
clustered_logs,44,2,76,4,scan,835300,2048,0,0,0,1
clustered_logs,44,2,76,4,pruned,1400,0,32,0,0,1
clustered_logs,44,2,77,5,pruned,71300,2048,0,2048,2048,1
clustered_logs,44,2,77,5,scan,67900,2048,0,2048,2048,1
clustered_logs,44,2,78,6,scan,796700,2048,0,0,0,1
clustered_logs,44,2,78,6,pruned,400,0,32,0,0,1
clustered_logs,44,2,79,7,pruned,200,0,32,0,0,1
clustered_logs,44,2,79,7,scan,8200,2048,0,0,0,1
clustered_logs,44,2,80,0,scan,12100,2048,0,2048,2048,1
clustered_logs,44,2,80,0,pruned,10900,2048,0,2048,2048,1
clustered_logs,44,2,81,1,pruned,1500,128,30,32,32,1
clustered_logs,44,2,81,1,scan,8800,2048,0,32,32,1
clustered_logs,44,2,82,2,scan,7100,2048,0,0,0,1
clustered_logs,44,2,82,2,pruned,400,0,32,0,0,1
clustered_logs,44,2,83,3,pruned,214300,512,24,8,8,1
clustered_logs,44,2,83,3,scan,820200,2048,0,8,8,1
clustered_logs,44,2,84,4,scan,794200,2048,0,0,0,1
clustered_logs,44,2,84,4,pruned,900,0,32,0,0,1
clustered_logs,44,2,85,5,pruned,70300,2048,0,2048,2048,1
clustered_logs,44,2,85,5,scan,67700,2048,0,2048,2048,1
clustered_logs,44,2,86,6,scan,822800,2048,0,0,0,1
clustered_logs,44,2,86,6,pruned,500,0,32,0,0,1
clustered_logs,44,2,87,7,pruned,200,0,32,0,0,1
clustered_logs,44,2,87,7,scan,8700,2048,0,0,0,1
clustered_logs,44,2,88,0,scan,12100,2048,0,2048,2048,1
clustered_logs,44,2,88,0,pruned,11000,2048,0,2048,2048,1
clustered_logs,44,2,89,1,pruned,1500,128,30,32,32,1
clustered_logs,44,2,89,1,scan,8300,2048,0,32,32,1
clustered_logs,44,2,90,2,scan,7100,2048,0,0,0,1
clustered_logs,44,2,90,2,pruned,500,0,32,0,0,1
clustered_logs,44,2,91,3,pruned,218400,512,24,8,8,1
clustered_logs,44,2,91,3,scan,778800,2048,0,8,8,1
clustered_logs,44,2,92,4,scan,729000,2048,0,0,0,1
clustered_logs,44,2,92,4,pruned,700,0,32,0,0,1
clustered_logs,44,2,93,5,pruned,40700,2048,0,2048,2048,1
clustered_logs,44,2,93,5,scan,38700,2048,0,2048,2048,1
clustered_logs,44,2,94,6,scan,455000,2048,0,0,0,1
clustered_logs,44,2,94,6,pruned,400,0,32,0,0,1
clustered_logs,44,2,95,7,pruned,100,0,32,0,0,1
clustered_logs,44,2,95,7,scan,6000,2048,0,0,0,1
clustered_logs,44,2,96,0,scan,8000,2048,0,2048,2048,1
clustered_logs,44,2,96,0,pruned,7000,2048,0,2048,2048,1
clustered_logs,44,2,97,1,pruned,1000,128,30,32,32,1
clustered_logs,44,2,97,1,scan,5500,2048,0,32,32,1
clustered_logs,44,2,98,2,scan,5000,2048,0,0,0,1
clustered_logs,44,2,98,2,pruned,500,0,32,0,0,1
clustered_logs,44,2,99,3,pruned,111600,512,24,8,8,1
clustered_logs,44,2,99,3,scan,441700,2048,0,8,8,1
clustered_logs,44,2,100,4,scan,434400,2048,0,0,0,1
clustered_logs,44,2,100,4,pruned,500,0,32,0,0,1
clustered_logs,44,2,101,5,pruned,39900,2048,0,2048,2048,1
clustered_logs,44,2,101,5,scan,38500,2048,0,2048,2048,1
clustered_logs,44,2,102,6,scan,438100,2048,0,0,0,1
clustered_logs,44,2,102,6,pruned,200,0,32,0,0,1
clustered_logs,44,2,103,7,pruned,100,0,32,0,0,1
clustered_logs,44,2,103,7,scan,6000,2048,0,0,0,1
clustered_logs,44,2,104,0,scan,7000,2048,0,2048,2048,1
clustered_logs,44,2,104,0,pruned,6700,2048,0,2048,2048,1
clustered_logs,44,2,105,1,pruned,900,128,30,32,32,1
clustered_logs,44,2,105,1,scan,5600,2048,0,32,32,1
clustered_logs,44,2,106,2,scan,4900,2048,0,0,0,1
clustered_logs,44,2,106,2,pruned,300,0,32,0,0,1
clustered_logs,44,2,107,3,pruned,160600,512,24,8,8,1
clustered_logs,44,2,107,3,scan,1033700,2048,0,8,8,1
clustered_logs,44,2,108,4,scan,842300,2048,0,0,0,1
clustered_logs,44,2,108,4,pruned,1400,0,32,0,0,1
clustered_logs,44,2,109,5,pruned,74900,2048,0,2048,2048,1
clustered_logs,44,2,109,5,scan,68500,2048,0,2048,2048,1
clustered_logs,44,2,110,6,scan,800900,2048,0,0,0,1
clustered_logs,44,2,110,6,pruned,600,0,32,0,0,1
clustered_logs,44,2,111,7,pruned,200,0,32,0,0,1
clustered_logs,44,2,111,7,scan,8100,2048,0,0,0,1
clustered_logs,44,2,112,0,scan,12100,2048,0,2048,2048,1
clustered_logs,44,2,112,0,pruned,11100,2048,0,2048,2048,1
clustered_logs,44,2,113,1,pruned,1600,128,30,32,32,1
clustered_logs,44,2,113,1,scan,8000,2048,0,32,32,1
clustered_logs,44,2,114,2,scan,6900,2048,0,0,0,1
clustered_logs,44,2,114,2,pruned,400,0,32,0,0,1
clustered_logs,44,2,115,3,pruned,193600,512,24,8,8,1
clustered_logs,44,2,115,3,scan,774200,2048,0,8,8,1
clustered_logs,44,2,116,4,scan,452700,2048,0,0,0,1
clustered_logs,44,2,116,4,pruned,700,0,32,0,0,1
clustered_logs,44,2,117,5,pruned,52500,2048,0,2048,2048,1
clustered_logs,44,2,117,5,scan,59400,2048,0,2048,2048,1
clustered_logs,44,2,118,6,scan,439600,2048,0,0,0,1
clustered_logs,44,2,118,6,pruned,400,0,32,0,0,1
clustered_logs,44,2,119,7,pruned,200,0,32,0,0,1
clustered_logs,44,2,119,7,scan,6400,2048,0,0,0,1
clustered_logs,44,2,120,0,scan,7800,2048,0,2048,2048,1
clustered_logs,44,2,120,0,pruned,6900,2048,0,2048,2048,1
clustered_logs,44,2,121,1,pruned,800,128,30,32,32,1
clustered_logs,44,2,121,1,scan,5400,2048,0,32,32,1
clustered_logs,44,2,122,2,scan,4700,2048,0,0,0,1
clustered_logs,44,2,122,2,pruned,400,0,32,0,0,1
clustered_logs,44,2,123,3,pruned,111200,512,24,8,8,1
clustered_logs,44,2,123,3,scan,785200,2048,0,8,8,1
clustered_logs,44,2,124,4,scan,858000,2048,0,0,0,1
clustered_logs,44,2,124,4,pruned,2100,0,32,0,0,1
clustered_logs,44,2,125,5,pruned,140800,2048,0,2048,2048,1
clustered_logs,44,2,125,5,scan,89700,2048,0,2048,2048,1
clustered_logs,44,2,126,6,scan,850700,2048,0,0,0,1
clustered_logs,44,2,126,6,pruned,1100,0,32,0,0,1
clustered_logs,44,2,127,7,pruned,200,0,32,0,0,1
clustered_logs,44,2,127,7,scan,18800,2048,0,0,0,1
clustered_logs,44,3,0,0,pruned,14900,2048,0,2048,2048,1
clustered_logs,44,3,0,0,scan,10700,2048,0,2048,2048,1
clustered_logs,44,3,1,1,scan,8100,2048,0,32,32,1
clustered_logs,44,3,1,1,pruned,1100,64,31,32,32,1
clustered_logs,44,3,2,2,pruned,2700,256,28,256,256,1
clustered_logs,44,3,2,2,scan,8300,2048,0,256,256,1
clustered_logs,44,3,3,3,scan,842200,2048,0,8,8,1
clustered_logs,44,3,3,3,pruned,209800,512,24,8,8,1
clustered_logs,44,3,4,4,pruned,800,0,32,0,0,1
clustered_logs,44,3,4,4,scan,879300,2048,0,0,0,1
clustered_logs,44,3,5,5,scan,168400,2048,0,2048,2048,1
clustered_logs,44,3,5,5,pruned,100100,2048,0,2048,2048,1
clustered_logs,44,3,6,6,pruned,27800,64,31,1,1,1
clustered_logs,44,3,6,6,scan,831800,2048,0,1,1,1
clustered_logs,44,3,7,7,scan,17900,2048,0,0,0,1
clustered_logs,44,3,7,7,pruned,200,0,32,0,0,1
clustered_logs,44,3,8,0,pruned,13300,2048,0,2048,2048,1
clustered_logs,44,3,8,0,scan,36000,2048,0,2048,2048,1
clustered_logs,44,3,9,1,scan,9500,2048,0,32,32,1
clustered_logs,44,3,9,1,pruned,1600,128,30,32,32,1
clustered_logs,44,3,10,2,pruned,3700,256,28,256,256,1
clustered_logs,44,3,10,2,scan,8600,2048,0,256,256,1
clustered_logs,44,3,11,3,scan,839000,2048,0,8,8,1
clustered_logs,44,3,11,3,pruned,208000,512,24,8,8,1
clustered_logs,44,3,12,4,pruned,800,0,32,0,0,1
clustered_logs,44,3,12,4,scan,819800,2048,0,0,0,1
clustered_logs,44,3,13,5,scan,118300,2048,0,2048,2048,1
clustered_logs,44,3,13,5,pruned,71100,2048,0,2048,2048,1
clustered_logs,44,3,14,6,pruned,500,0,32,0,0,1
clustered_logs,44,3,14,6,scan,842200,2048,0,0,0,1
clustered_logs,44,3,15,7,scan,12400,2048,0,0,0,1
clustered_logs,44,3,15,7,pruned,200,0,32,0,0,1
clustered_logs,44,3,16,0,pruned,11900,2048,0,2048,2048,1
clustered_logs,44,3,16,0,scan,10800,2048,0,2048,2048,1
clustered_logs,44,3,17,1,scan,8400,2048,0,32,32,1
clustered_logs,44,3,17,1,pruned,1400,128,30,32,32,1
clustered_logs,44,3,18,2,pruned,2900,256,28,256,256,1
clustered_logs,44,3,18,2,scan,8200,2048,0,256,256,1
clustered_logs,44,3,19,3,scan,818300,2048,0,8,8,1
clustered_logs,44,3,19,3,pruned,224800,512,24,8,8,1
clustered_logs,44,3,20,4,pruned,900,0,32,0,0,1
clustered_logs,44,3,20,4,scan,816600,2048,0,0,0,1
clustered_logs,44,3,21,5,scan,74900,2048,0,2048,2048,1
clustered_logs,44,3,21,5,pruned,72600,2048,0,2048,2048,1
clustered_logs,44,3,22,6,pruned,400,0,32,0,0,1
clustered_logs,44,3,22,6,scan,815200,2048,0,0,0,1
clustered_logs,44,3,23,7,scan,8600,2048,0,0,0,1
clustered_logs,44,3,23,7,pruned,100,0,32,0,0,1
clustered_logs,44,3,24,0,pruned,11300,2048,0,2048,2048,1
clustered_logs,44,3,24,0,scan,10500,2048,0,2048,2048,1
clustered_logs,44,3,25,1,scan,8200,2048,0,32,32,1
clustered_logs,44,3,25,1,pruned,1300,128,30,32,32,1
clustered_logs,44,3,26,2,pruned,2500,256,28,256,256,1
clustered_logs,44,3,26,2,scan,8200,2048,0,256,256,1
clustered_logs,44,3,27,3,scan,842400,2048,0,8,8,1
clustered_logs,44,3,27,3,pruned,204800,512,24,8,8,1
clustered_logs,44,3,28,4,pruned,700,0,32,0,0,1
clustered_logs,44,3,28,4,scan,813600,2048,0,0,0,1
clustered_logs,44,3,29,5,scan,92600,2048,0,2048,2048,1
clustered_logs,44,3,29,5,pruned,103300,2048,0,2048,2048,1
clustered_logs,44,3,30,6,pruned,400,0,32,0,0,1
clustered_logs,44,3,30,6,scan,846700,2048,0,0,0,1
clustered_logs,44,3,31,7,scan,11700,2048,0,0,0,1
clustered_logs,44,3,31,7,pruned,200,0,32,0,0,1
clustered_logs,44,3,32,0,pruned,14100,2048,0,2048,2048,1
clustered_logs,44,3,32,0,scan,10900,2048,0,2048,2048,1
clustered_logs,44,3,33,1,scan,8400,2048,0,32,32,1
clustered_logs,44,3,33,1,pruned,1500,128,30,32,32,1
clustered_logs,44,3,34,2,pruned,2600,256,28,256,256,1
clustered_logs,44,3,34,2,scan,8700,2048,0,256,256,1
clustered_logs,44,3,35,3,scan,835800,2048,0,8,8,1
clustered_logs,44,3,35,3,pruned,205000,512,24,8,8,1
clustered_logs,44,3,36,4,pruned,700,0,32,0,0,1
clustered_logs,44,3,36,4,scan,893900,2048,0,0,0,1
clustered_logs,44,3,37,5,scan,107600,2048,0,2048,2048,1
clustered_logs,44,3,37,5,pruned,77700,2048,0,2048,2048,1
clustered_logs,44,3,38,6,pruned,400,0,32,0,0,1
clustered_logs,44,3,38,6,scan,778000,2048,0,0,0,1
clustered_logs,44,3,39,7,scan,10900,2048,0,0,0,1
clustered_logs,44,3,39,7,pruned,100,0,32,0,0,1
clustered_logs,44,3,40,0,pruned,12800,2048,0,2048,2048,1
clustered_logs,44,3,40,0,scan,12000,2048,0,2048,2048,1
clustered_logs,44,3,41,1,scan,8700,2048,0,32,32,1
clustered_logs,44,3,41,1,pruned,1600,128,30,32,32,1
clustered_logs,44,3,42,2,pruned,3100,256,28,256,256,1
clustered_logs,44,3,42,2,scan,9100,2048,0,256,256,1
clustered_logs,44,3,43,3,scan,792900,2048,0,8,8,1
clustered_logs,44,3,43,3,pruned,192600,512,24,8,8,1
clustered_logs,44,3,44,4,pruned,800,0,32,0,0,1
clustered_logs,44,3,44,4,scan,805600,2048,0,0,0,1
clustered_logs,44,3,45,5,scan,87100,2048,0,2048,2048,1
clustered_logs,44,3,45,5,pruned,72100,2048,0,2048,2048,1
clustered_logs,44,3,46,6,pruned,400,0,32,0,0,1
clustered_logs,44,3,46,6,scan,861500,2048,0,0,0,1
clustered_logs,44,3,47,7,scan,8300,2048,0,0,0,1
clustered_logs,44,3,47,7,pruned,200,0,32,0,0,1
clustered_logs,44,3,48,0,pruned,12200,2048,0,2048,2048,1
clustered_logs,44,3,48,0,scan,10800,2048,0,2048,2048,1
clustered_logs,44,3,49,1,scan,7800,2048,0,32,32,1
clustered_logs,44,3,49,1,pruned,1400,128,30,32,32,1
clustered_logs,44,3,50,2,pruned,2500,256,28,256,256,1
clustered_logs,44,3,50,2,scan,8300,2048,0,256,256,1
clustered_logs,44,3,51,3,scan,779800,2048,0,8,8,1
clustered_logs,44,3,51,3,pruned,194900,512,24,8,8,1
clustered_logs,44,3,52,4,pruned,800,0,32,0,0,1
clustered_logs,44,3,52,4,scan,811600,2048,0,0,0,1
clustered_logs,44,3,53,5,scan,70700,2048,0,2048,2048,1
clustered_logs,44,3,53,5,pruned,70400,2048,0,2048,2048,1
clustered_logs,44,3,54,6,pruned,400,0,32,0,0,1
clustered_logs,44,3,54,6,scan,778800,2048,0,0,0,1
clustered_logs,44,3,55,7,scan,7900,2048,0,0,0,1
clustered_logs,44,3,55,7,pruned,200,0,32,0,0,1
clustered_logs,44,3,56,0,pruned,11800,2048,0,2048,2048,1
clustered_logs,44,3,56,0,scan,10400,2048,0,2048,2048,1
clustered_logs,44,3,57,1,scan,7700,2048,0,32,32,1
clustered_logs,44,3,57,1,pruned,1200,128,30,32,32,1
clustered_logs,44,3,58,2,pruned,2400,256,28,256,256,1
clustered_logs,44,3,58,2,scan,8100,2048,0,256,256,1
clustered_logs,44,3,59,3,scan,828600,2048,0,8,8,1
clustered_logs,44,3,59,3,pruned,196600,512,24,8,8,1
clustered_logs,44,3,60,4,pruned,700,0,32,0,0,1
clustered_logs,44,3,60,4,scan,782100,2048,0,0,0,1
clustered_logs,44,3,61,5,scan,70900,2048,0,2048,2048,1
clustered_logs,44,3,61,5,pruned,70000,2048,0,2048,2048,1
clustered_logs,44,3,62,6,pruned,400,0,32,0,0,1
clustered_logs,44,3,62,6,scan,788000,2048,0,0,0,1
clustered_logs,44,3,63,7,scan,8000,2048,0,0,0,1
clustered_logs,44,3,63,7,pruned,100,0,32,0,0,1
clustered_logs,44,3,64,0,pruned,11000,2048,0,2048,2048,1
clustered_logs,44,3,64,0,scan,29200,2048,0,2048,2048,1
clustered_logs,44,3,65,1,scan,9400,2048,0,32,32,1
clustered_logs,44,3,65,1,pruned,1400,128,30,32,32,1
clustered_logs,44,3,66,2,pruned,400,0,32,0,0,1
clustered_logs,44,3,66,2,scan,7000,2048,0,0,0,1
clustered_logs,44,3,67,3,scan,777000,2048,0,8,8,1
clustered_logs,44,3,67,3,pruned,196900,512,24,8,8,1
clustered_logs,44,3,68,4,pruned,700,0,32,0,0,1
clustered_logs,44,3,68,4,scan,821900,2048,0,0,0,1
clustered_logs,44,3,69,5,scan,73700,2048,0,2048,2048,1
clustered_logs,44,3,69,5,pruned,72000,2048,0,2048,2048,1
clustered_logs,44,3,70,6,pruned,400,0,32,0,0,1
clustered_logs,44,3,70,6,scan,814900,2048,0,0,0,1
clustered_logs,44,3,71,7,scan,8800,2048,0,0,0,1
clustered_logs,44,3,71,7,pruned,200,0,32,0,0,1
clustered_logs,44,3,72,0,pruned,11900,2048,0,2048,2048,1
clustered_logs,44,3,72,0,scan,10400,2048,0,2048,2048,1
clustered_logs,44,3,73,1,scan,7900,2048,0,32,32,1
clustered_logs,44,3,73,1,pruned,1400,128,30,32,32,1
clustered_logs,44,3,74,2,pruned,400,0,32,0,0,1
clustered_logs,44,3,74,2,scan,7300,2048,0,0,0,1
clustered_logs,44,3,75,3,scan,800400,2048,0,8,8,1
clustered_logs,44,3,75,3,pruned,194500,512,24,8,8,1
clustered_logs,44,3,76,4,pruned,800,0,32,0,0,1
clustered_logs,44,3,76,4,scan,808900,2048,0,0,0,1
clustered_logs,44,3,77,5,scan,70700,2048,0,2048,2048,1
clustered_logs,44,3,77,5,pruned,70600,2048,0,2048,2048,1
clustered_logs,44,3,78,6,pruned,300,0,32,0,0,1
clustered_logs,44,3,78,6,scan,794900,2048,0,0,0,1
clustered_logs,44,3,79,7,scan,7600,2048,0,0,0,1
clustered_logs,44,3,79,7,pruned,200,0,32,0,0,1
clustered_logs,44,3,80,0,pruned,11800,2048,0,2048,2048,1
clustered_logs,44,3,80,0,scan,10600,2048,0,2048,2048,1
clustered_logs,44,3,81,1,scan,8200,2048,0,32,32,1
clustered_logs,44,3,81,1,pruned,1300,128,30,32,32,1
clustered_logs,44,3,82,2,pruned,400,0,32,0,0,1
clustered_logs,44,3,82,2,scan,7000,2048,0,0,0,1
clustered_logs,44,3,83,3,scan,819600,2048,0,8,8,1
clustered_logs,44,3,83,3,pruned,199100,512,24,8,8,1
clustered_logs,44,3,84,4,pruned,900,0,32,0,0,1
clustered_logs,44,3,84,4,scan,796600,2048,0,0,0,1
clustered_logs,44,3,85,5,scan,72200,2048,0,2048,2048,1
clustered_logs,44,3,85,5,pruned,84400,2048,0,2048,2048,1
clustered_logs,44,3,86,6,pruned,500,0,32,0,0,1
clustered_logs,44,3,86,6,scan,811900,2048,0,0,0,1
clustered_logs,44,3,87,7,scan,8300,2048,0,0,0,1
clustered_logs,44,3,87,7,pruned,200,0,32,0,0,1
clustered_logs,44,3,88,0,pruned,12300,2048,0,2048,2048,1
clustered_logs,44,3,88,0,scan,11000,2048,0,2048,2048,1
clustered_logs,44,3,89,1,scan,8200,2048,0,32,32,1
clustered_logs,44,3,89,1,pruned,1400,128,30,32,32,1
clustered_logs,44,3,90,2,pruned,500,0,32,0,0,1
clustered_logs,44,3,90,2,scan,7100,2048,0,0,0,1
clustered_logs,44,3,91,3,scan,785500,2048,0,8,8,1
clustered_logs,44,3,91,3,pruned,225800,512,24,8,8,1
clustered_logs,44,3,92,4,pruned,800,0,32,0,0,1
clustered_logs,44,3,92,4,scan,829600,2048,0,0,0,1
clustered_logs,44,3,93,5,scan,72500,2048,0,2048,2048,1
clustered_logs,44,3,93,5,pruned,70400,2048,0,2048,2048,1
clustered_logs,44,3,94,6,pruned,400,0,32,0,0,1
clustered_logs,44,3,94,6,scan,794500,2048,0,0,0,1
clustered_logs,44,3,95,7,scan,7800,2048,0,0,0,1
clustered_logs,44,3,95,7,pruned,200,0,32,0,0,1
clustered_logs,44,3,96,0,pruned,11300,2048,0,2048,2048,1
clustered_logs,44,3,96,0,scan,10900,2048,0,2048,2048,1
clustered_logs,44,3,97,1,scan,8800,2048,0,32,32,1
clustered_logs,44,3,97,1,pruned,1400,128,30,32,32,1
clustered_logs,44,3,98,2,pruned,300,0,32,0,0,1
clustered_logs,44,3,98,2,scan,7000,2048,0,0,0,1
clustered_logs,44,3,99,3,scan,803300,2048,0,8,8,1
clustered_logs,44,3,99,3,pruned,198400,512,24,8,8,1
clustered_logs,44,3,100,4,pruned,900,0,32,0,0,1
clustered_logs,44,3,100,4,scan,823400,2048,0,0,0,1
clustered_logs,44,3,101,5,scan,66900,2048,0,2048,2048,1
clustered_logs,44,3,101,5,pruned,71100,2048,0,2048,2048,1
clustered_logs,44,3,102,6,pruned,400,0,32,0,0,1
clustered_logs,44,3,102,6,scan,822000,2048,0,0,0,1
clustered_logs,44,3,103,7,scan,8600,2048,0,0,0,1
clustered_logs,44,3,103,7,pruned,200,0,32,0,0,1
clustered_logs,44,3,104,0,pruned,12400,2048,0,2048,2048,1
clustered_logs,44,3,104,0,scan,11200,2048,0,2048,2048,1
clustered_logs,44,3,105,1,scan,8500,2048,0,32,32,1
clustered_logs,44,3,105,1,pruned,1400,128,30,32,32,1
clustered_logs,44,3,106,2,pruned,400,0,32,0,0,1
clustered_logs,44,3,106,2,scan,7300,2048,0,0,0,1
clustered_logs,44,3,107,3,scan,794700,2048,0,8,8,1
clustered_logs,44,3,107,3,pruned,198600,512,24,8,8,1
clustered_logs,44,3,108,4,pruned,800,0,32,0,0,1
clustered_logs,44,3,108,4,scan,822100,2048,0,0,0,1
clustered_logs,44,3,109,5,scan,91100,2048,0,2048,2048,1
clustered_logs,44,3,109,5,pruned,72000,2048,0,2048,2048,1
clustered_logs,44,3,110,6,pruned,400,0,32,0,0,1
clustered_logs,44,3,110,6,scan,800300,2048,0,0,0,1
clustered_logs,44,3,111,7,scan,8200,2048,0,0,0,1
clustered_logs,44,3,111,7,pruned,100,0,32,0,0,1
clustered_logs,44,3,112,0,pruned,11600,2048,0,2048,2048,1
clustered_logs,44,3,112,0,scan,11000,2048,0,2048,2048,1
clustered_logs,44,3,113,1,scan,9100,2048,0,32,32,1
clustered_logs,44,3,113,1,pruned,1300,128,30,32,32,1
clustered_logs,44,3,114,2,pruned,400,0,32,0,0,1
clustered_logs,44,3,114,2,scan,7300,2048,0,0,0,1
clustered_logs,44,3,115,3,scan,854800,2048,0,8,8,1
clustered_logs,44,3,115,3,pruned,201600,512,24,8,8,1
clustered_logs,44,3,116,4,pruned,800,0,32,0,0,1
clustered_logs,44,3,116,4,scan,805800,2048,0,0,0,1
clustered_logs,44,3,117,5,scan,72000,2048,0,2048,2048,1
clustered_logs,44,3,117,5,pruned,72000,2048,0,2048,2048,1
clustered_logs,44,3,118,6,pruned,400,0,32,0,0,1
clustered_logs,44,3,118,6,scan,667500,2048,0,0,0,1
clustered_logs,44,3,119,7,scan,6700,2048,0,0,0,1
clustered_logs,44,3,119,7,pruned,100,0,32,0,0,1
clustered_logs,44,3,120,0,pruned,9300,2048,0,2048,2048,1
clustered_logs,44,3,120,0,scan,6700,2048,0,2048,2048,1
clustered_logs,44,3,121,1,scan,5300,2048,0,32,32,1
clustered_logs,44,3,121,1,pruned,900,128,30,32,32,1
clustered_logs,44,3,122,2,pruned,200,0,32,0,0,1
clustered_logs,44,3,122,2,scan,4700,2048,0,0,0,1
clustered_logs,44,3,123,3,scan,445300,2048,0,8,8,1
clustered_logs,44,3,123,3,pruned,111300,512,24,8,8,1
clustered_logs,44,3,124,4,pruned,500,0,32,0,0,1
clustered_logs,44,3,124,4,scan,440800,2048,0,0,0,1
clustered_logs,44,3,125,5,scan,39200,2048,0,2048,2048,1
clustered_logs,44,3,125,5,pruned,38700,2048,0,2048,2048,1
clustered_logs,44,3,126,6,pruned,300,0,32,0,0,1
clustered_logs,44,3,126,6,scan,455800,2048,0,0,0,1
clustered_logs,44,3,127,7,scan,5500,2048,0,0,0,1
clustered_logs,44,3,127,7,pruned,100,0,32,0,0,1
clustered_logs,44,4,0,0,scan,7800,2048,0,2048,2048,1
clustered_logs,44,4,0,0,pruned,6400,2048,0,2048,2048,1
clustered_logs,44,4,1,1,pruned,600,64,31,32,32,1
clustered_logs,44,4,1,1,scan,4900,2048,0,32,32,1
clustered_logs,44,4,2,2,scan,5600,2048,0,256,256,1
clustered_logs,44,4,2,2,pruned,1600,256,28,256,256,1
clustered_logs,44,4,3,3,pruned,111400,512,24,8,8,1
clustered_logs,44,4,3,3,scan,531200,2048,0,8,8,1
clustered_logs,44,4,4,4,scan,440100,2048,0,0,0,1
clustered_logs,44,4,4,4,pruned,1100,0,32,0,0,1
clustered_logs,44,4,5,5,pruned,43000,2048,0,2048,2048,1
clustered_logs,44,4,5,5,scan,39200,2048,0,2048,2048,1
clustered_logs,44,4,6,6,scan,449600,2048,0,1,1,1
clustered_logs,44,4,6,6,pruned,13800,64,31,1,1,1
clustered_logs,44,4,7,7,pruned,100,0,32,0,0,1
clustered_logs,44,4,7,7,scan,5700,2048,0,0,0,1
clustered_logs,44,4,8,0,scan,11700,2048,0,2048,2048,1
clustered_logs,44,4,8,0,pruned,10900,2048,0,2048,2048,1
clustered_logs,44,4,9,1,pruned,1500,128,30,32,32,1
clustered_logs,44,4,9,1,scan,7600,2048,0,32,32,1
clustered_logs,44,4,10,2,scan,8600,2048,0,256,256,1
clustered_logs,44,4,10,2,pruned,3200,256,28,256,256,1
clustered_logs,44,4,11,3,pruned,111400,512,24,8,8,1
clustered_logs,44,4,11,3,scan,463700,2048,0,8,8,1
clustered_logs,44,4,12,4,scan,447200,2048,0,0,0,1
clustered_logs,44,4,12,4,pruned,900,0,32,0,0,1
clustered_logs,44,4,13,5,pruned,55000,2048,0,2048,2048,1
clustered_logs,44,4,13,5,scan,40300,2048,0,2048,2048,1
clustered_logs,44,4,14,6,scan,441500,2048,0,0,0,1
clustered_logs,44,4,14,6,pruned,300,0,32,0,0,1
clustered_logs,44,4,15,7,pruned,200,0,32,0,0,1
clustered_logs,44,4,15,7,scan,5900,2048,0,0,0,1
clustered_logs,44,4,16,0,scan,6900,2048,0,2048,2048,1
clustered_logs,44,4,16,0,pruned,6800,2048,0,2048,2048,1
clustered_logs,44,4,17,1,pruned,900,128,30,32,32,1
clustered_logs,44,4,17,1,scan,5300,2048,0,32,32,1
clustered_logs,44,4,18,2,scan,5700,2048,0,256,256,1
clustered_logs,44,4,18,2,pruned,2200,256,28,256,256,1
clustered_logs,44,4,19,3,pruned,111100,512,24,8,8,1
clustered_logs,44,4,19,3,scan,469100,2048,0,8,8,1
clustered_logs,44,4,20,4,scan,499900,2048,0,0,0,1
clustered_logs,44,4,20,4,pruned,1000,0,32,0,0,1
clustered_logs,44,4,21,5,pruned,48900,2048,0,2048,2048,1
clustered_logs,44,4,21,5,scan,40400,2048,0,2048,2048,1
clustered_logs,44,4,22,6,scan,439000,2048,0,0,0,1
clustered_logs,44,4,22,6,pruned,300,0,32,0,0,1
clustered_logs,44,4,23,7,pruned,200,0,32,0,0,1
clustered_logs,44,4,23,7,scan,6100,2048,0,0,0,1
clustered_logs,44,4,24,0,scan,7000,2048,0,2048,2048,1
clustered_logs,44,4,24,0,pruned,6500,2048,0,2048,2048,1
clustered_logs,44,4,25,1,pruned,900,128,30,32,32,1
clustered_logs,44,4,25,1,scan,5300,2048,0,32,32,1
clustered_logs,44,4,26,2,scan,5700,2048,0,256,256,1
clustered_logs,44,4,26,2,pruned,1500,256,28,256,256,1
clustered_logs,44,4,27,3,pruned,111800,512,24,8,8,1
clustered_logs,44,4,27,3,scan,444700,2048,0,8,8,1
clustered_logs,44,4,28,4,scan,458600,2048,0,0,0,1
clustered_logs,44,4,28,4,pruned,700,0,32,0,0,1
clustered_logs,44,4,29,5,pruned,43800,2048,0,2048,2048,1
clustered_logs,44,4,29,5,scan,41600,2048,0,2048,2048,1
clustered_logs,44,4,30,6,scan,438400,2048,0,0,0,1
clustered_logs,44,4,30,6,pruned,300,0,32,0,0,1
clustered_logs,44,4,31,7,pruned,200,0,32,0,0,1
clustered_logs,44,4,31,7,scan,5600,2048,0,0,0,1
clustered_logs,44,4,32,0,scan,6700,2048,0,2048,2048,1
clustered_logs,44,4,32,0,pruned,6400,2048,0,2048,2048,1
clustered_logs,44,4,33,1,pruned,900,128,30,32,32,1
clustered_logs,44,4,33,1,scan,5200,2048,0,32,32,1
clustered_logs,44,4,34,2,scan,5700,2048,0,256,256,1
clustered_logs,44,4,34,2,pruned,1800,256,28,256,256,1
clustered_logs,44,4,35,3,pruned,111100,512,24,8,8,1
clustered_logs,44,4,35,3,scan,441700,2048,0,8,8,1
clustered_logs,44,4,36,4,scan,441300,2048,0,0,0,1
clustered_logs,44,4,36,4,pruned,500,0,32,0,0,1
clustered_logs,44,4,37,5,pruned,39200,2048,0,2048,2048,1
clustered_logs,44,4,37,5,scan,38700,2048,0,2048,2048,1
clustered_logs,44,4,38,6,scan,461900,2048,0,0,0,1
clustered_logs,44,4,38,6,pruned,800,0,32,0,0,1
clustered_logs,44,4,39,7,pruned,200,0,32,0,0,1
clustered_logs,44,4,39,7,scan,5500,2048,0,0,0,1
clustered_logs,44,4,40,0,scan,7700,2048,0,2048,2048,1
clustered_logs,44,4,40,0,pruned,6600,2048,0,2048,2048,1
clustered_logs,44,4,41,1,pruned,900,128,30,32,32,1
clustered_logs,44,4,41,1,scan,5200,2048,0,32,32,1
clustered_logs,44,4,42,2,scan,5600,2048,0,256,256,1
clustered_logs,44,4,42,2,pruned,1500,256,28,256,256,1
clustered_logs,44,4,43,3,pruned,111200,512,24,8,8,1
clustered_logs,44,4,43,3,scan,452600,2048,0,8,8,1
clustered_logs,44,4,44,4,scan,440700,2048,0,0,0,1
clustered_logs,44,4,44,4,pruned,500,0,32,0,0,1
clustered_logs,44,4,45,5,pruned,39400,2048,0,2048,2048,1
clustered_logs,44,4,45,5,scan,38500,2048,0,2048,2048,1
clustered_logs,44,4,46,6,scan,438100,2048,0,0,0,1
clustered_logs,44,4,46,6,pruned,200,0,32,0,0,1
clustered_logs,44,4,47,7,pruned,100,0,32,0,0,1
clustered_logs,44,4,47,7,scan,5900,2048,0,0,0,1
clustered_logs,44,4,48,0,scan,6600,2048,0,2048,2048,1
clustered_logs,44,4,48,0,pruned,6500,2048,0,2048,2048,1
clustered_logs,44,4,49,1,pruned,900,128,30,32,32,1
clustered_logs,44,4,49,1,scan,5200,2048,0,32,32,1
clustered_logs,44,4,50,2,scan,5600,2048,0,256,256,1
clustered_logs,44,4,50,2,pruned,1500,256,28,256,256,1
clustered_logs,44,4,51,3,pruned,111100,512,24,8,8,1
clustered_logs,44,4,51,3,scan,458200,2048,0,8,8,1
clustered_logs,44,4,52,4,scan,438000,2048,0,0,0,1
clustered_logs,44,4,52,4,pruned,600,0,32,0,0,1
clustered_logs,44,4,53,5,pruned,40400,2048,0,2048,2048,1
clustered_logs,44,4,53,5,scan,39300,2048,0,2048,2048,1
clustered_logs,44,4,54,6,scan,437700,2048,0,0,0,1
clustered_logs,44,4,54,6,pruned,300,0,32,0,0,1
clustered_logs,44,4,55,7,pruned,200,0,32,0,0,1
clustered_logs,44,4,55,7,scan,5500,2048,0,0,0,1
clustered_logs,44,4,56,0,scan,6600,2048,0,2048,2048,1
clustered_logs,44,4,56,0,pruned,6500,2048,0,2048,2048,1
clustered_logs,44,4,57,1,pruned,900,128,30,32,32,1
clustered_logs,44,4,57,1,scan,6800,2048,0,32,32,1
clustered_logs,44,4,58,2,scan,6000,2048,0,256,256,1
clustered_logs,44,4,58,2,pruned,1600,256,28,256,256,1
clustered_logs,44,4,59,3,pruned,111000,512,24,8,8,1
clustered_logs,44,4,59,3,scan,440700,2048,0,8,8,1
clustered_logs,44,4,60,4,scan,464000,2048,0,0,0,1
clustered_logs,44,4,60,4,pruned,700,0,32,0,0,1
clustered_logs,44,4,61,5,pruned,40500,2048,0,2048,2048,1
clustered_logs,44,4,61,5,scan,42100,2048,0,2048,2048,1
clustered_logs,44,4,62,6,scan,436700,2048,0,0,0,1
clustered_logs,44,4,62,6,pruned,300,0,32,0,0,1
clustered_logs,44,4,63,7,pruned,100,0,32,0,0,1
clustered_logs,44,4,63,7,scan,5600,2048,0,0,0,1
clustered_logs,44,4,64,0,scan,6700,2048,0,2048,2048,1
clustered_logs,44,4,64,0,pruned,6600,2048,0,2048,2048,1
clustered_logs,44,4,65,1,pruned,900,128,30,32,32,1
clustered_logs,44,4,65,1,scan,5300,2048,0,32,32,1
clustered_logs,44,4,66,2,scan,4800,2048,0,0,0,1
clustered_logs,44,4,66,2,pruned,300,0,32,0,0,1
clustered_logs,44,4,67,3,pruned,111000,512,24,8,8,1
clustered_logs,44,4,67,3,scan,440300,2048,0,8,8,1
clustered_logs,44,4,68,4,scan,462300,2048,0,0,0,1
clustered_logs,44,4,68,4,pruned,600,0,32,0,0,1
clustered_logs,44,4,69,5,pruned,41400,2048,0,2048,2048,1
clustered_logs,44,4,69,5,scan,39500,2048,0,2048,2048,1
clustered_logs,44,4,70,6,scan,517900,2048,0,0,0,1
clustered_logs,44,4,70,6,pruned,800,0,32,0,0,1
clustered_logs,44,4,71,7,pruned,200,0,32,0,0,1
clustered_logs,44,4,71,7,scan,9700,2048,0,0,0,1
clustered_logs,44,4,72,0,scan,12600,2048,0,2048,2048,1
clustered_logs,44,4,72,0,pruned,10900,2048,0,2048,2048,1
clustered_logs,44,4,73,1,pruned,1600,128,30,32,32,1
clustered_logs,44,4,73,1,scan,8400,2048,0,32,32,1
clustered_logs,44,4,74,2,scan,6900,2048,0,0,0,1
clustered_logs,44,4,74,2,pruned,500,0,32,0,0,1
clustered_logs,44,4,75,3,pruned,121500,512,24,8,8,1
clustered_logs,44,4,75,3,scan,446200,2048,0,8,8,1
clustered_logs,44,4,76,4,scan,521600,2048,0,0,0,1
clustered_logs,44,4,76,4,pruned,1100,0,32,0,0,1
clustered_logs,44,4,77,5,pruned,45100,2048,0,2048,2048,1
clustered_logs,44,4,77,5,scan,38200,2048,0,2048,2048,1
clustered_logs,44,4,78,6,scan,437900,2048,0,0,0,1
clustered_logs,44,4,78,6,pruned,300,0,32,0,0,1
clustered_logs,44,4,79,7,pruned,100,0,32,0,0,1
clustered_logs,44,4,79,7,scan,5600,2048,0,0,0,1
clustered_logs,44,4,80,0,scan,7000,2048,0,2048,2048,1
clustered_logs,44,4,80,0,pruned,6700,2048,0,2048,2048,1
clustered_logs,44,4,81,1,pruned,1100,128,30,32,32,1
clustered_logs,44,4,81,1,scan,5500,2048,0,32,32,1
clustered_logs,44,4,82,2,scan,4700,2048,0,0,0,1
clustered_logs,44,4,82,2,pruned,300,0,32,0,0,1
clustered_logs,44,4,83,3,pruned,130300,512,24,8,8,1
clustered_logs,44,4,83,3,scan,441400,2048,0,8,8,1
clustered_logs,44,4,84,4,scan,457200,2048,0,0,0,1
clustered_logs,44,4,84,4,pruned,700,0,32,0,0,1
clustered_logs,44,4,85,5,pruned,40000,2048,0,2048,2048,1
clustered_logs,44,4,85,5,scan,38200,2048,0,2048,2048,1
clustered_logs,44,4,86,6,scan,438600,2048,0,0,0,1
clustered_logs,44,4,86,6,pruned,300,0,32,0,0,1
clustered_logs,44,4,87,7,pruned,100,0,32,0,0,1
clustered_logs,44,4,87,7,scan,5600,2048,0,0,0,1
clustered_logs,44,4,88,0,scan,6800,2048,0,2048,2048,1
clustered_logs,44,4,88,0,pruned,6700,2048,0,2048,2048,1
clustered_logs,44,4,89,1,pruned,1000,128,30,32,32,1
clustered_logs,44,4,89,1,scan,5400,2048,0,32,32,1
clustered_logs,44,4,90,2,scan,4800,2048,0,0,0,1
clustered_logs,44,4,90,2,pruned,300,0,32,0,0,1
clustered_logs,44,4,91,3,pruned,110700,512,24,8,8,1
clustered_logs,44,4,91,3,scan,442300,2048,0,8,8,1
clustered_logs,44,4,92,4,scan,436700,2048,0,0,0,1
clustered_logs,44,4,92,4,pruned,600,0,32,0,0,1
clustered_logs,44,4,93,5,pruned,39200,2048,0,2048,2048,1
clustered_logs,44,4,93,5,scan,37800,2048,0,2048,2048,1
clustered_logs,44,4,94,6,scan,454400,2048,0,0,0,1
clustered_logs,44,4,94,6,pruned,300,0,32,0,0,1
clustered_logs,44,4,95,7,pruned,100,0,32,0,0,1
clustered_logs,44,4,95,7,scan,5500,2048,0,0,0,1
clustered_logs,44,4,96,0,scan,7800,2048,0,2048,2048,1
clustered_logs,44,4,96,0,pruned,6600,2048,0,2048,2048,1
clustered_logs,44,4,97,1,pruned,900,128,30,32,32,1
clustered_logs,44,4,97,1,scan,5300,2048,0,32,32,1
clustered_logs,44,4,98,2,scan,4800,2048,0,0,0,1
clustered_logs,44,4,98,2,pruned,400,0,32,0,0,1
clustered_logs,44,4,99,3,pruned,111100,512,24,8,8,1
clustered_logs,44,4,99,3,scan,441600,2048,0,8,8,1
clustered_logs,44,4,100,4,scan,459600,2048,0,0,0,1
clustered_logs,44,4,100,4,pruned,600,0,32,0,0,1
clustered_logs,44,4,101,5,pruned,40300,2048,0,2048,2048,1
clustered_logs,44,4,101,5,scan,37800,2048,0,2048,2048,1
clustered_logs,44,4,102,6,scan,437300,2048,0,0,0,1
clustered_logs,44,4,102,6,pruned,300,0,32,0,0,1
clustered_logs,44,4,103,7,pruned,100,0,32,0,0,1
clustered_logs,44,4,103,7,scan,5500,2048,0,0,0,1
clustered_logs,44,4,104,0,scan,6700,2048,0,2048,2048,1
clustered_logs,44,4,104,0,pruned,6700,2048,0,2048,2048,1
clustered_logs,44,4,105,1,pruned,800,128,30,32,32,1
clustered_logs,44,4,105,1,scan,5400,2048,0,32,32,1
clustered_logs,44,4,106,2,scan,4700,2048,0,0,0,1
clustered_logs,44,4,106,2,pruned,200,0,32,0,0,1
clustered_logs,44,4,107,3,pruned,129200,512,24,8,8,1
clustered_logs,44,4,107,3,scan,441500,2048,0,8,8,1
clustered_logs,44,4,108,4,scan,433500,2048,0,0,0,1
clustered_logs,44,4,108,4,pruned,600,0,32,0,0,1
clustered_logs,44,4,109,5,pruned,40100,2048,0,2048,2048,1
clustered_logs,44,4,109,5,scan,38800,2048,0,2048,2048,1
clustered_logs,44,4,110,6,scan,437600,2048,0,0,0,1
clustered_logs,44,4,110,6,pruned,300,0,32,0,0,1
clustered_logs,44,4,111,7,pruned,100,0,32,0,0,1
clustered_logs,44,4,111,7,scan,5500,2048,0,0,0,1
clustered_logs,44,4,112,0,scan,6600,2048,0,2048,2048,1
clustered_logs,44,4,112,0,pruned,6600,2048,0,2048,2048,1
clustered_logs,44,4,113,1,pruned,800,128,30,32,32,1
clustered_logs,44,4,113,1,scan,5300,2048,0,32,32,1
clustered_logs,44,4,114,2,scan,4600,2048,0,0,0,1
clustered_logs,44,4,114,2,pruned,300,0,32,0,0,1
clustered_logs,44,4,115,3,pruned,111300,512,24,8,8,1
clustered_logs,44,4,115,3,scan,458300,2048,0,8,8,1
clustered_logs,44,4,116,4,scan,438200,2048,0,0,0,1
clustered_logs,44,4,116,4,pruned,600,0,32,0,0,1
clustered_logs,44,4,117,5,pruned,39700,2048,0,2048,2048,1
clustered_logs,44,4,117,5,scan,38400,2048,0,2048,2048,1
clustered_logs,44,4,118,6,scan,437500,2048,0,0,0,1
clustered_logs,44,4,118,6,pruned,200,0,32,0,0,1
clustered_logs,44,4,119,7,pruned,0,0,32,0,0,1
clustered_logs,44,4,119,7,scan,5500,2048,0,0,0,1
clustered_logs,44,4,120,0,scan,6600,2048,0,2048,2048,1
clustered_logs,44,4,120,0,pruned,6600,2048,0,2048,2048,1
clustered_logs,44,4,121,1,pruned,700,128,30,32,32,1
clustered_logs,44,4,121,1,scan,5300,2048,0,32,32,1
clustered_logs,44,4,122,2,scan,4700,2048,0,0,0,1
clustered_logs,44,4,122,2,pruned,200,0,32,0,0,1
clustered_logs,44,4,123,3,pruned,111100,512,24,8,8,1
clustered_logs,44,4,123,3,scan,476900,2048,0,8,8,1
clustered_logs,44,4,124,4,scan,456100,2048,0,0,0,1
clustered_logs,44,4,124,4,pruned,700,0,32,0,0,1
clustered_logs,44,4,125,5,pruned,40400,2048,0,2048,2048,1
clustered_logs,44,4,125,5,scan,38500,2048,0,2048,2048,1
clustered_logs,44,4,126,6,scan,438100,2048,0,0,0,1
clustered_logs,44,4,126,6,pruned,300,0,32,0,0,1
clustered_logs,44,4,127,7,pruned,100,0,32,0,0,1
clustered_logs,44,4,127,7,scan,5500,2048,0,0,0,1
shuffled_logs,42,0,0,0,scan,6800,2048,0,2048,2048,1
shuffled_logs,42,0,0,0,pruned,6800,2048,0,2048,2048,1
shuffled_logs,42,0,1,1,pruned,4800,1664,6,32,32,1
shuffled_logs,42,0,1,1,scan,5500,2048,0,32,32,1
shuffled_logs,42,0,2,2,scan,5300,2048,0,2,2,1
shuffled_logs,42,0,2,2,pruned,700,128,30,2,2,1
shuffled_logs,42,0,3,3,pruned,111400,512,24,8,8,1
shuffled_logs,42,0,3,3,scan,453700,2048,0,8,8,1
shuffled_logs,42,0,4,4,scan,506200,2048,0,0,0,1
shuffled_logs,42,0,4,4,pruned,700,0,32,0,0,1
shuffled_logs,42,0,5,5,pruned,40500,2048,0,2048,2048,1
shuffled_logs,42,0,5,5,scan,37900,2048,0,2048,2048,1
shuffled_logs,42,0,6,6,scan,467200,2048,0,0,0,1
shuffled_logs,42,0,6,6,pruned,500,0,32,0,0,1
shuffled_logs,42,0,7,7,pruned,100,0,32,0,0,1
shuffled_logs,42,0,7,7,scan,5800,2048,0,0,0,1
shuffled_logs,42,0,8,0,scan,7800,2048,0,2048,2048,1
shuffled_logs,42,0,8,0,pruned,6600,2048,0,2048,2048,1
shuffled_logs,42,0,9,1,pruned,5900,2048,0,32,32,1
shuffled_logs,42,0,9,1,scan,5400,2048,0,32,32,1
shuffled_logs,42,0,10,2,scan,5000,2048,0,2,2,1
shuffled_logs,42,0,10,2,pruned,700,128,30,2,2,1
shuffled_logs,42,0,11,3,pruned,110900,512,24,8,8,1
shuffled_logs,42,0,11,3,scan,440300,2048,0,8,8,1
shuffled_logs,42,0,12,4,scan,439600,2048,0,0,0,1
shuffled_logs,42,0,12,4,pruned,500,0,32,0,0,1
shuffled_logs,42,0,13,5,pruned,38300,2048,0,2048,2048,1
shuffled_logs,42,0,13,5,scan,37500,2048,0,2048,2048,1
shuffled_logs,42,0,14,6,scan,453700,2048,0,0,0,1
shuffled_logs,42,0,14,6,pruned,600,0,32,0,0,1
shuffled_logs,42,0,15,7,pruned,100,0,32,0,0,1
shuffled_logs,42,0,15,7,scan,6300,2048,0,0,0,1
shuffled_logs,42,0,16,0,scan,8200,2048,0,2048,2048,1
shuffled_logs,42,0,16,0,pruned,6500,2048,0,2048,2048,1
shuffled_logs,42,0,17,1,pruned,5900,2048,0,32,32,1
shuffled_logs,42,0,17,1,scan,5400,2048,0,32,32,1
shuffled_logs,42,0,18,2,scan,5200,2048,0,2,2,1
shuffled_logs,42,0,18,2,pruned,700,128,30,2,2,1
shuffled_logs,42,0,19,3,pruned,111600,512,24,8,8,1
shuffled_logs,42,0,19,3,scan,441100,2048,0,8,8,1
shuffled_logs,42,0,20,4,scan,436100,2048,0,0,0,1
shuffled_logs,42,0,20,4,pruned,500,0,32,0,0,1
shuffled_logs,42,0,21,5,pruned,38200,2048,0,2048,2048,1
shuffled_logs,42,0,21,5,scan,37600,2048,0,2048,2048,1
shuffled_logs,42,0,22,6,scan,436000,2048,0,0,0,1
shuffled_logs,42,0,22,6,pruned,400,0,32,0,0,1
shuffled_logs,42,0,23,7,pruned,100,0,32,0,0,1
shuffled_logs,42,0,23,7,scan,5700,2048,0,0,0,1
shuffled_logs,42,0,24,0,scan,6600,2048,0,2048,2048,1
shuffled_logs,42,0,24,0,pruned,6400,2048,0,2048,2048,1
shuffled_logs,42,0,25,1,pruned,28500,2048,0,32,32,1
shuffled_logs,42,0,25,1,scan,6900,2048,0,32,32,1
shuffled_logs,42,0,26,2,scan,5200,2048,0,2,2,1
shuffled_logs,42,0,26,2,pruned,700,128,30,2,2,1
shuffled_logs,42,0,27,3,pruned,122800,512,24,8,8,1
shuffled_logs,42,0,27,3,scan,440500,2048,0,8,8,1
shuffled_logs,42,0,28,4,scan,453600,2048,0,0,0,1
shuffled_logs,42,0,28,4,pruned,800,0,32,0,0,1
shuffled_logs,42,0,29,5,pruned,57900,2048,0,2048,2048,1
shuffled_logs,42,0,29,5,scan,37700,2048,0,2048,2048,1
shuffled_logs,42,0,30,6,scan,436400,2048,0,0,0,1
shuffled_logs,42,0,30,6,pruned,400,0,32,0,0,1
shuffled_logs,42,0,31,7,pruned,100,0,32,0,0,1
shuffled_logs,42,0,31,7,scan,5700,2048,0,0,0,1
shuffled_logs,42,0,32,0,scan,6700,2048,0,2048,2048,1
shuffled_logs,42,0,32,0,pruned,6400,2048,0,2048,2048,1
shuffled_logs,42,0,33,1,pruned,5800,2048,0,32,32,1
shuffled_logs,42,0,33,1,scan,5400,2048,0,32,32,1
shuffled_logs,42,0,34,2,scan,5100,2048,0,2,2,1
shuffled_logs,42,0,34,2,pruned,600,128,30,2,2,1
shuffled_logs,42,0,35,3,pruned,110200,512,24,8,8,1
shuffled_logs,42,0,35,3,scan,457400,2048,0,8,8,1
shuffled_logs,42,0,36,4,scan,437800,2048,0,0,0,1
shuffled_logs,42,0,36,4,pruned,500,0,32,0,0,1
shuffled_logs,42,0,37,5,pruned,38900,2048,0,2048,2048,1
shuffled_logs,42,0,37,5,scan,37700,2048,0,2048,2048,1
shuffled_logs,42,0,38,6,scan,436900,2048,0,0,0,1
shuffled_logs,42,0,38,6,pruned,27800,128,30,0,0,1
shuffled_logs,42,0,39,7,pruned,100,0,32,0,0,1
shuffled_logs,42,0,39,7,scan,5700,2048,0,0,0,1
shuffled_logs,42,0,40,0,scan,6700,2048,0,2048,2048,1
shuffled_logs,42,0,40,0,pruned,6500,2048,0,2048,2048,1
shuffled_logs,42,0,41,1,pruned,5800,2048,0,32,32,1
shuffled_logs,42,0,41,1,scan,5400,2048,0,32,32,1
shuffled_logs,42,0,42,2,scan,5100,2048,0,2,2,1
shuffled_logs,42,0,42,2,pruned,700,128,30,2,2,1
shuffled_logs,42,0,43,3,pruned,111200,512,24,8,8,1
shuffled_logs,42,0,43,3,scan,440600,2048,0,8,8,1
shuffled_logs,42,0,44,4,scan,464800,2048,0,0,0,1
shuffled_logs,42,0,44,4,pruned,600,0,32,0,0,1
shuffled_logs,42,0,45,5,pruned,43000,2048,0,2048,2048,1
shuffled_logs,42,0,45,5,scan,41100,2048,0,2048,2048,1
shuffled_logs,42,0,46,6,scan,448400,2048,0,0,0,1
shuffled_logs,42,0,46,6,pruned,27900,128,30,0,0,1
shuffled_logs,42,0,47,7,pruned,200,0,32,0,0,1
shuffled_logs,42,0,47,7,scan,5800,2048,0,0,0,1
shuffled_logs,42,0,48,0,scan,7800,2048,0,2048,2048,1
shuffled_logs,42,0,48,0,pruned,6600,2048,0,2048,2048,1
shuffled_logs,42,0,49,1,pruned,6300,2048,0,32,32,1
shuffled_logs,42,0,49,1,scan,5400,2048,0,32,32,1
shuffled_logs,42,0,50,2,scan,5100,2048,0,2,2,1
shuffled_logs,42,0,50,2,pruned,700,128,30,2,2,1
shuffled_logs,42,0,51,3,pruned,110400,512,24,8,8,1
shuffled_logs,42,0,51,3,scan,440700,2048,0,8,8,1
shuffled_logs,42,0,52,4,scan,437000,2048,0,0,0,1
shuffled_logs,42,0,52,4,pruned,500,0,32,0,0,1
shuffled_logs,42,0,53,5,pruned,42200,2048,0,2048,2048,1
shuffled_logs,42,0,53,5,scan,41600,2048,0,2048,2048,1
shuffled_logs,42,0,54,6,scan,466300,2048,0,0,0,1
shuffled_logs,42,0,54,6,pruned,26900,128,30,0,0,1
shuffled_logs,42,0,55,7,pruned,100,0,32,0,0,1
shuffled_logs,42,0,55,7,scan,5500,2048,0,0,0,1
shuffled_logs,42,0,56,0,scan,7400,2048,0,2048,2048,1
shuffled_logs,42,0,56,0,pruned,6400,2048,0,2048,2048,1
shuffled_logs,42,0,57,1,pruned,5500,2048,0,32,32,1
shuffled_logs,42,0,57,1,scan,5200,2048,0,32,32,1
shuffled_logs,42,0,58,2,scan,4900,2048,0,2,2,1
shuffled_logs,42,0,58,2,pruned,600,128,30,2,2,1
shuffled_logs,42,0,59,3,pruned,107400,512,24,8,8,1
shuffled_logs,42,0,59,3,scan,426500,2048,0,8,8,1
shuffled_logs,42,0,60,4,scan,423800,2048,0,0,0,1
shuffled_logs,42,0,60,4,pruned,500,0,32,0,0,1
shuffled_logs,42,0,61,5,pruned,42200,2048,0,2048,2048,1
shuffled_logs,42,0,61,5,scan,41500,2048,0,2048,2048,1
shuffled_logs,42,0,62,6,scan,423000,2048,0,0,0,1
shuffled_logs,42,0,62,6,pruned,26900,128,30,0,0,1
shuffled_logs,42,0,63,7,pruned,100,0,32,0,0,1
shuffled_logs,42,0,63,7,scan,5500,2048,0,0,0,1
shuffled_logs,42,0,64,0,scan,6300,2048,0,2048,2048,1
shuffled_logs,42,0,64,0,pruned,6200,2048,0,2048,2048,1
shuffled_logs,42,0,65,1,pruned,5600,2048,0,32,32,1
shuffled_logs,42,0,65,1,scan,5200,2048,0,32,32,1
shuffled_logs,42,0,66,2,scan,4900,2048,0,2,2,1
shuffled_logs,42,0,66,2,pruned,600,128,30,2,2,1
shuffled_logs,42,0,67,3,pruned,132700,512,24,8,8,1
shuffled_logs,42,0,67,3,scan,427000,2048,0,8,8,1
shuffled_logs,42,0,68,4,scan,423500,2048,0,0,0,1
shuffled_logs,42,0,68,4,pruned,500,0,32,0,0,1
shuffled_logs,42,0,69,5,pruned,38100,2048,0,2048,2048,1
shuffled_logs,42,0,69,5,scan,37100,2048,0,2048,2048,1
shuffled_logs,42,0,70,6,scan,434300,2048,0,0,0,1
shuffled_logs,42,0,70,6,pruned,400,0,32,0,0,1
shuffled_logs,42,0,71,7,pruned,100,0,32,0,0,1
shuffled_logs,42,0,71,7,scan,5700,2048,0,0,0,1
shuffled_logs,42,0,72,0,scan,7300,2048,0,2048,2048,1
shuffled_logs,42,0,72,0,pruned,6400,2048,0,2048,2048,1
shuffled_logs,42,0,73,1,pruned,5700,2048,0,32,32,1
shuffled_logs,42,0,73,1,scan,5200,2048,0,32,32,1
shuffled_logs,42,0,74,2,scan,5000,2048,0,2,2,1
shuffled_logs,42,0,74,2,pruned,500,128,30,2,2,1
shuffled_logs,42,0,75,3,pruned,107000,512,24,8,8,1
shuffled_logs,42,0,75,3,scan,442900,2048,0,8,8,1
shuffled_logs,42,0,76,4,scan,489400,2048,0,0,0,1
shuffled_logs,42,0,76,4,pruned,900,0,32,0,0,1
shuffled_logs,42,0,77,5,pruned,45300,2048,0,2048,2048,1
shuffled_logs,42,0,77,5,scan,38000,2048,0,2048,2048,1
shuffled_logs,42,0,78,6,scan,562100,2048,0,0,0,1
shuffled_logs,42,0,78,6,pruned,500,0,32,0,0,1
shuffled_logs,42,0,79,7,pruned,100,0,32,0,0,1
shuffled_logs,42,0,79,7,scan,5700,2048,0,0,0,1
shuffled_logs,42,0,80,0,scan,7600,2048,0,2048,2048,1
shuffled_logs,42,0,80,0,pruned,6600,2048,0,2048,2048,1
shuffled_logs,42,0,81,1,pruned,5600,2048,0,32,32,1
shuffled_logs,42,0,81,1,scan,5300,2048,0,32,32,1
shuffled_logs,42,0,82,2,scan,5000,2048,0,2,2,1
shuffled_logs,42,0,82,2,pruned,600,128,30,2,2,1
shuffled_logs,42,0,83,3,pruned,107200,512,24,8,8,1
shuffled_logs,42,0,83,3,scan,427200,2048,0,8,8,1
shuffled_logs,42,0,84,4,scan,456600,2048,0,0,0,1
shuffled_logs,42,0,84,4,pruned,700,0,32,0,0,1
shuffled_logs,42,0,85,5,pruned,38400,2048,0,2048,2048,1
shuffled_logs,42,0,85,5,scan,36700,2048,0,2048,2048,1
shuffled_logs,42,0,86,6,scan,423300,2048,0,0,0,1
shuffled_logs,42,0,86,6,pruned,400,0,32,0,0,1
shuffled_logs,42,0,87,7,pruned,200,0,32,0,0,1
shuffled_logs,42,0,87,7,scan,5700,2048,0,0,0,1
shuffled_logs,42,0,88,0,scan,6600,2048,0,2048,2048,1
shuffled_logs,42,0,88,0,pruned,6400,2048,0,2048,2048,1
shuffled_logs,42,0,89,1,pruned,5600,2048,0,32,32,1
shuffled_logs,42,0,89,1,scan,5200,2048,0,32,32,1
shuffled_logs,42,0,90,2,scan,4900,2048,0,2,2,1
shuffled_logs,42,0,90,2,pruned,700,128,30,2,2,1
shuffled_logs,42,0,91,3,pruned,107500,512,24,8,8,1
shuffled_logs,42,0,91,3,scan,427100,2048,0,8,8,1
shuffled_logs,42,0,92,4,scan,423600,2048,0,0,0,1
shuffled_logs,42,0,92,4,pruned,600,0,32,0,0,1
shuffled_logs,42,0,93,5,pruned,37200,2048,0,2048,2048,1
shuffled_logs,42,0,93,5,scan,36500,2048,0,2048,2048,1
shuffled_logs,42,0,94,6,scan,450300,2048,0,0,0,1
shuffled_logs,42,0,94,6,pruned,500,0,32,0,0,1
shuffled_logs,42,0,95,7,pruned,100,0,32,0,0,1
shuffled_logs,42,0,95,7,scan,5800,2048,0,0,0,1
shuffled_logs,42,0,96,0,scan,7400,2048,0,2048,2048,1
shuffled_logs,42,0,96,0,pruned,8300,2048,0,2048,2048,1
shuffled_logs,42,0,97,1,pruned,5900,2048,0,32,32,1
shuffled_logs,42,0,97,1,scan,5300,2048,0,32,32,1
shuffled_logs,42,0,98,2,scan,5100,2048,0,2,2,1
shuffled_logs,42,0,98,2,pruned,600,128,30,2,2,1
shuffled_logs,42,0,99,3,pruned,107600,512,24,8,8,1
shuffled_logs,42,0,99,3,scan,425900,2048,0,8,8,1
shuffled_logs,42,0,100,4,scan,426500,2048,0,0,0,1
shuffled_logs,42,0,100,4,pruned,500,0,32,0,0,1
shuffled_logs,42,0,101,5,pruned,36900,2048,0,2048,2048,1
shuffled_logs,42,0,101,5,scan,36200,2048,0,2048,2048,1
shuffled_logs,42,0,102,6,scan,421800,2048,0,0,0,1
shuffled_logs,42,0,102,6,pruned,400,0,32,0,0,1
shuffled_logs,42,0,103,7,pruned,200,0,32,0,0,1
shuffled_logs,42,0,103,7,scan,5500,2048,0,0,0,1
shuffled_logs,42,0,104,0,scan,6400,2048,0,2048,2048,1
shuffled_logs,42,0,104,0,pruned,22000,2048,0,2048,2048,1
shuffled_logs,42,0,105,1,pruned,6900,2048,0,32,32,1
shuffled_logs,42,0,105,1,scan,5400,2048,0,32,32,1
shuffled_logs,42,0,106,2,scan,5000,2048,0,2,2,1
shuffled_logs,42,0,106,2,pruned,700,128,30,2,2,1
shuffled_logs,42,0,107,3,pruned,107500,512,24,8,8,1
shuffled_logs,42,0,107,3,scan,437600,2048,0,8,8,1
shuffled_logs,42,0,108,4,scan,424300,2048,0,0,0,1
shuffled_logs,42,0,108,4,pruned,700,0,32,0,0,1
shuffled_logs,42,0,109,5,pruned,37000,2048,0,2048,2048,1
shuffled_logs,42,0,109,5,scan,36100,2048,0,2048,2048,1
shuffled_logs,42,0,110,6,scan,423100,2048,0,0,0,1
shuffled_logs,42,0,110,6,pruned,500,0,32,0,0,1
shuffled_logs,42,0,111,7,pruned,100,0,32,0,0,1
shuffled_logs,42,0,111,7,scan,5500,2048,0,0,0,1
shuffled_logs,42,0,112,0,scan,6500,2048,0,2048,2048,1
shuffled_logs,42,0,112,0,pruned,6200,2048,0,2048,2048,1
shuffled_logs,42,0,113,1,pruned,5600,2048,0,32,32,1
shuffled_logs,42,0,113,1,scan,5300,2048,0,32,32,1
shuffled_logs,42,0,114,2,scan,4900,2048,0,2,2,1
shuffled_logs,42,0,114,2,pruned,700,128,30,2,2,1
shuffled_logs,42,0,115,3,pruned,107400,512,24,8,8,1
shuffled_logs,42,0,115,3,scan,442200,2048,0,8,8,1
shuffled_logs,42,0,116,4,scan,448500,2048,0,0,0,1
shuffled_logs,42,0,116,4,pruned,600,0,32,0,0,1
shuffled_logs,42,0,117,5,pruned,38500,2048,0,2048,2048,1
shuffled_logs,42,0,117,5,scan,36700,2048,0,2048,2048,1
shuffled_logs,42,0,118,6,scan,421900,2048,0,0,0,1
shuffled_logs,42,0,118,6,pruned,500,0,32,0,0,1
shuffled_logs,42,0,119,7,pruned,100,0,32,0,0,1
shuffled_logs,42,0,119,7,scan,5700,2048,0,0,0,1
shuffled_logs,42,0,120,0,scan,6500,2048,0,2048,2048,1
shuffled_logs,42,0,120,0,pruned,6300,2048,0,2048,2048,1
shuffled_logs,42,0,121,1,pruned,5600,2048,0,32,32,1
shuffled_logs,42,0,121,1,scan,5200,2048,0,32,32,1
shuffled_logs,42,0,122,2,scan,5000,2048,0,2,2,1
shuffled_logs,42,0,122,2,pruned,700,128,30,2,2,1
shuffled_logs,42,0,123,3,pruned,107100,512,24,8,8,1
shuffled_logs,42,0,123,3,scan,426600,2048,0,8,8,1
shuffled_logs,42,0,124,4,scan,438900,2048,0,0,0,1
shuffled_logs,42,0,124,4,pruned,600,0,32,0,0,1
shuffled_logs,42,0,125,5,pruned,43300,2048,0,2048,2048,1
shuffled_logs,42,0,125,5,scan,41500,2048,0,2048,2048,1
shuffled_logs,42,0,126,6,scan,432400,2048,0,0,0,1
shuffled_logs,42,0,126,6,pruned,400,0,32,0,0,1
shuffled_logs,42,0,127,7,pruned,100,0,32,0,0,1
shuffled_logs,42,0,127,7,scan,5600,2048,0,0,0,1
shuffled_logs,42,1,0,0,pruned,6800,2048,0,2048,2048,1
shuffled_logs,42,1,0,0,scan,6100,2048,0,2048,2048,1
shuffled_logs,42,1,1,1,scan,5600,2048,0,32,32,1
shuffled_logs,42,1,1,1,pruned,4400,1664,6,32,32,1
shuffled_logs,42,1,2,2,pruned,700,128,30,2,2,1
shuffled_logs,42,1,2,2,scan,4900,2048,0,2,2,1
shuffled_logs,42,1,3,3,scan,442400,2048,0,8,8,1
shuffled_logs,42,1,3,3,pruned,107700,512,24,8,8,1
shuffled_logs,42,1,4,4,pruned,800,0,32,0,0,1
shuffled_logs,42,1,4,4,scan,432300,2048,0,0,0,1
shuffled_logs,42,1,5,5,scan,37000,2048,0,2048,2048,1
shuffled_logs,42,1,5,5,pruned,37000,2048,0,2048,2048,1
shuffled_logs,42,1,6,6,pruned,600,0,32,0,0,1
shuffled_logs,42,1,6,6,scan,438500,2048,0,0,0,1
shuffled_logs,42,1,7,7,scan,5700,2048,0,0,0,1
shuffled_logs,42,1,7,7,pruned,100,0,32,0,0,1
shuffled_logs,42,1,8,0,pruned,7600,2048,0,2048,2048,1
shuffled_logs,42,1,8,0,scan,6400,2048,0,2048,2048,1
shuffled_logs,42,1,9,1,scan,5500,2048,0,32,32,1
shuffled_logs,42,1,9,1,pruned,5500,2048,0,32,32,1
shuffled_logs,42,1,10,2,pruned,600,128,30,2,2,1
shuffled_logs,42,1,10,2,scan,5000,2048,0,2,2,1
shuffled_logs,42,1,11,3,scan,426900,2048,0,8,8,1
shuffled_logs,42,1,11,3,pruned,107300,512,24,8,8,1
shuffled_logs,42,1,12,4,pruned,600,0,32,0,0,1
shuffled_logs,42,1,12,4,scan,425100,2048,0,0,0,1
shuffled_logs,42,1,13,5,scan,37200,2048,0,2048,2048,1
shuffled_logs,42,1,13,5,pruned,37100,2048,0,2048,2048,1
shuffled_logs,42,1,14,6,pruned,500,0,32,0,0,1
shuffled_logs,42,1,14,6,scan,423300,2048,0,0,0,1
shuffled_logs,42,1,15,7,scan,5400,2048,0,0,0,1
shuffled_logs,42,1,15,7,pruned,100,0,32,0,0,1
shuffled_logs,42,1,16,0,pruned,6500,2048,0,2048,2048,1
shuffled_logs,42,1,16,0,scan,6200,2048,0,2048,2048,1
shuffled_logs,42,1,17,1,scan,5400,2048,0,32,32,1
shuffled_logs,42,1,17,1,pruned,5300,2048,0,32,32,1
shuffled_logs,42,1,18,2,pruned,500,128,30,2,2,1
shuffled_logs,42,1,18,2,scan,5000,2048,0,2,2,1
shuffled_logs,42,1,19,3,scan,442600,2048,0,8,8,1
shuffled_logs,42,1,19,3,pruned,120000,512,24,8,8,1
shuffled_logs,42,1,20,4,pruned,700,0,32,0,0,1
shuffled_logs,42,1,20,4,scan,421800,2048,0,0,0,1
shuffled_logs,42,1,21,5,scan,37300,2048,0,2048,2048,1
shuffled_logs,42,1,21,5,pruned,37100,2048,0,2048,2048,1
shuffled_logs,42,1,22,6,pruned,500,0,32,0,0,1
shuffled_logs,42,1,22,6,scan,423200,2048,0,0,0,1
shuffled_logs,42,1,23,7,scan,5600,2048,0,0,0,1
shuffled_logs,42,1,23,7,pruned,100,0,32,0,0,1
shuffled_logs,42,1,24,0,pruned,6700,2048,0,2048,2048,1
shuffled_logs,42,1,24,0,scan,6300,2048,0,2048,2048,1
shuffled_logs,42,1,25,1,scan,5400,2048,0,32,32,1
shuffled_logs,42,1,25,1,pruned,5400,2048,0,32,32,1
shuffled_logs,42,1,26,2,pruned,600,128,30,2,2,1
shuffled_logs,42,1,26,2,scan,5000,2048,0,2,2,1
shuffled_logs,42,1,27,3,scan,426400,2048,0,8,8,1
shuffled_logs,42,1,27,3,pruned,107500,512,24,8,8,1
shuffled_logs,42,1,28,4,pruned,500,0,32,0,0,1
shuffled_logs,42,1,28,4,scan,447700,2048,0,0,0,1
shuffled_logs,42,1,29,5,scan,37700,2048,0,2048,2048,1
shuffled_logs,42,1,29,5,pruned,74200,2048,0,2048,2048,1
shuffled_logs,42,1,30,6,pruned,700,0,32,0,0,1
shuffled_logs,42,1,30,6,scan,464100,2048,0,0,0,1
shuffled_logs,42,1,31,7,scan,5500,2048,0,0,0,1
shuffled_logs,42,1,31,7,pruned,100,0,32,0,0,1
shuffled_logs,42,1,32,0,pruned,7700,2048,0,2048,2048,1
shuffled_logs,42,1,32,0,scan,6300,2048,0,2048,2048,1
shuffled_logs,42,1,33,1,scan,5600,2048,0,32,32,1
shuffled_logs,42,1,33,1,pruned,5400,2048,0,32,32,1
shuffled_logs,42,1,34,2,pruned,600,128,30,2,2,1
shuffled_logs,42,1,34,2,scan,5000,2048,0,2,2,1
shuffled_logs,42,1,35,3,scan,427300,2048,0,8,8,1
shuffled_logs,42,1,35,3,pruned,106900,512,24,8,8,1
shuffled_logs,42,1,36,4,pruned,600,0,32,0,0,1
shuffled_logs,42,1,36,4,scan,561100,2048,0,0,0,1
shuffled_logs,42,1,37,5,scan,42800,2048,0,2048,2048,1
shuffled_logs,42,1,37,5,pruned,59100,2048,0,2048,2048,1
shuffled_logs,42,1,38,6,pruned,27900,128,30,0,0,1
shuffled_logs,42,1,38,6,scan,455300,2048,0,0,0,1
shuffled_logs,42,1,39,7,scan,6200,2048,0,0,0,1
shuffled_logs,42,1,39,7,pruned,100,0,32,0,0,1
shuffled_logs,42,1,40,0,pruned,7300,2048,0,2048,2048,1
shuffled_logs,42,1,40,0,scan,6300,2048,0,2048,2048,1
shuffled_logs,42,1,41,1,scan,5700,2048,0,32,32,1
shuffled_logs,42,1,41,1,pruned,5600,2048,0,32,32,1
shuffled_logs,42,1,42,2,pruned,800,128,30,2,2,1
shuffled_logs,42,1,42,2,scan,5100,2048,0,2,2,1
shuffled_logs,42,1,43,3,scan,428100,2048,0,8,8,1
shuffled_logs,42,1,43,3,pruned,107200,512,24,8,8,1
shuffled_logs,42,1,44,4,pruned,500,0,32,0,0,1
shuffled_logs,42,1,44,4,scan,424801,2048,0,0,0,1
shuffled_logs,42,1,45,5,scan,40400,2048,0,2048,2048,1
shuffled_logs,42,1,45,5,pruned,40300,2048,0,2048,2048,1
shuffled_logs,42,1,46,6,pruned,27300,128,30,0,0,1
shuffled_logs,42,1,46,6,scan,438700,2048,0,0,0,1
shuffled_logs,42,1,47,7,scan,5900,2048,0,0,0,1
shuffled_logs,42,1,47,7,pruned,100,0,32,0,0,1
shuffled_logs,42,1,48,0,pruned,7700,2048,0,2048,2048,1
shuffled_logs,42,1,48,0,scan,6400,2048,0,2048,2048,1
shuffled_logs,42,1,49,1,scan,5900,2048,0,32,32,1
shuffled_logs,42,1,49,1,pruned,5600,2048,0,32,32,1
shuffled_logs,42,1,50,2,pruned,800,128,30,2,2,1
shuffled_logs,42,1,50,2,scan,7400,2048,0,2,2,1
shuffled_logs,42,1,51,3,scan,427700,2048,0,8,8,1
shuffled_logs,42,1,51,3,pruned,107700,512,24,8,8,1
shuffled_logs,42,1,52,4,pruned,600,0,32,0,0,1
shuffled_logs,42,1,52,4,scan,424700,2048,0,0,0,1
shuffled_logs,42,1,53,5,scan,46500,2048,0,2048,2048,1
shuffled_logs,42,1,53,5,pruned,41800,2048,0,2048,2048,1
shuffled_logs,42,1,54,6,pruned,27300,128,30,0,0,1
shuffled_logs,42,1,54,6,scan,425100,2048,0,0,0,1
shuffled_logs,42,1,55,7,scan,6400,2048,0,0,0,1
shuffled_logs,42,1,55,7,pruned,100,0,32,0,0,1
shuffled_logs,42,1,56,0,pruned,6800,2048,0,2048,2048,1
shuffled_logs,42,1,56,0,scan,6200,2048,0,2048,2048,1
shuffled_logs,42,1,57,1,scan,5500,2048,0,32,32,1
shuffled_logs,42,1,57,1,pruned,5500,2048,0,32,32,1
shuffled_logs,42,1,58,2,pruned,700,128,30,2,2,1
shuffled_logs,42,1,58,2,scan,5000,2048,0,2,2,1
shuffled_logs,42,1,59,3,scan,443700,2048,0,8,8,1
shuffled_logs,42,1,59,3,pruned,137200,512,24,8,8,1
shuffled_logs,42,1,60,4,pruned,700,0,32,0,0,1
shuffled_logs,42,1,60,4,scan,425800,2048,0,0,0,1
shuffled_logs,42,1,61,5,scan,42500,2048,0,2048,2048,1
shuffled_logs,42,1,61,5,pruned,42100,2048,0,2048,2048,1
shuffled_logs,42,1,62,6,pruned,26900,128,30,0,0,1
shuffled_logs,42,1,62,6,scan,421500,2048,0,0,0,1
shuffled_logs,42,1,63,7,scan,5600,2048,0,0,0,1
shuffled_logs,42,1,63,7,pruned,0,0,32,0,0,1
shuffled_logs,42,1,64,0,pruned,6700,2048,0,2048,2048,1
shuffled_logs,42,1,64,0,scan,6200,2048,0,2048,2048,1
shuffled_logs,42,1,65,1,scan,5500,2048,0,32,32,1
shuffled_logs,42,1,65,1,pruned,5400,2048,0,32,32,1
shuffled_logs,42,1,66,2,pruned,700,128,30,2,2,1
shuffled_logs,42,1,66,2,scan,5100,2048,0,2,2,1
shuffled_logs,42,1,67,3,scan,439700,2048,0,8,8,1
shuffled_logs,42,1,67,3,pruned,107600,512,24,8,8,1
shuffled_logs,42,1,68,4,pruned,600,0,32,0,0,1
shuffled_logs,42,1,68,4,scan,439700,2048,0,0,0,1
shuffled_logs,42,1,69,5,scan,38500,2048,0,2048,2048,1
shuffled_logs,42,1,69,5,pruned,37600,2048,0,2048,2048,1
shuffled_logs,42,1,70,6,pruned,600,0,32,0,0,1
shuffled_logs,42,1,70,6,scan,423000,2048,0,0,0,1
shuffled_logs,42,1,71,7,scan,5500,2048,0,0,0,1
shuffled_logs,42,1,71,7,pruned,100,0,32,0,0,1
shuffled_logs,42,1,72,0,pruned,6700,2048,0,2048,2048,1
shuffled_logs,42,1,72,0,scan,6300,2048,0,2048,2048,1
shuffled_logs,42,1,73,1,scan,5500,2048,0,32,32,1
shuffled_logs,42,1,73,1,pruned,5400,2048,0,32,32,1
shuffled_logs,42,1,74,2,pruned,600,128,30,2,2,1
shuffled_logs,42,1,74,2,scan,5000,2048,0,2,2,1
shuffled_logs,42,1,75,3,scan,427000,2048,0,8,8,1
shuffled_logs,42,1,75,3,pruned,107300,512,24,8,8,1
shuffled_logs,42,1,76,4,pruned,500,0,32,0,0,1
shuffled_logs,42,1,76,4,scan,423200,2048,0,0,0,1
shuffled_logs,42,1,77,5,scan,37600,2048,0,2048,2048,1
shuffled_logs,42,1,77,5,pruned,37800,2048,0,2048,2048,1
shuffled_logs,42,1,78,6,pruned,500,0,32,0,0,1
shuffled_logs,42,1,78,6,scan,470600,2048,0,0,0,1
shuffled_logs,42,1,79,7,scan,5800,2048,0,0,0,1
shuffled_logs,42,1,79,7,pruned,100,0,32,0,0,1
shuffled_logs,42,1,80,0,pruned,8100,2048,0,2048,2048,1
shuffled_logs,42,1,80,0,scan,6300,2048,0,2048,2048,1
shuffled_logs,42,1,81,1,scan,5500,2048,0,32,32,1
shuffled_logs,42,1,81,1,pruned,5300,2048,0,32,32,1
shuffled_logs,42,1,82,2,pruned,600,128,30,2,2,1
shuffled_logs,42,1,82,2,scan,5000,2048,0,2,2,1
shuffled_logs,42,1,83,3,scan,426100,2048,0,8,8,1
shuffled_logs,42,1,83,3,pruned,107200,512,24,8,8,1
shuffled_logs,42,1,84,4,pruned,500,0,32,0,0,1
shuffled_logs,42,1,84,4,scan,422100,2048,0,0,0,1
shuffled_logs,42,1,85,5,scan,37000,2048,0,2048,2048,1
shuffled_logs,42,1,85,5,pruned,37100,2048,0,2048,2048,1
shuffled_logs,42,1,86,6,pruned,600,0,32,0,0,1
shuffled_logs,42,1,86,6,scan,422200,2048,0,0,0,1
shuffled_logs,42,1,87,7,scan,5400,2048,0,0,0,1
shuffled_logs,42,1,87,7,pruned,100,0,32,0,0,1
shuffled_logs,42,1,88,0,pruned,6400,2048,0,2048,2048,1
shuffled_logs,42,1,88,0,scan,6100,2048,0,2048,2048,1
shuffled_logs,42,1,89,1,scan,5600,2048,0,32,32,1
shuffled_logs,42,1,89,1,pruned,5400,2048,0,32,32,1
shuffled_logs,42,1,90,2,pruned,600,128,30,2,2,1
shuffled_logs,42,1,90,2,scan,5100,2048,0,2,2,1
shuffled_logs,42,1,91,3,scan,443700,2048,0,8,8,1
shuffled_logs,42,1,91,3,pruned,107300,512,24,8,8,1
shuffled_logs,42,1,92,4,pruned,800,0,32,0,0,1
shuffled_logs,42,1,92,4,scan,423200,2048,0,0,0,1
shuffled_logs,42,1,93,5,scan,37000,2048,0,2048,2048,1
shuffled_logs,42,1,93,5,pruned,37100,2048,0,2048,2048,1
shuffled_logs,42,1,94,6,pruned,400,0,32,0,0,1
shuffled_logs,42,1,94,6,scan,440800,2048,0,0,0,1
shuffled_logs,42,1,95,7,scan,5800,2048,0,0,0,1
shuffled_logs,42,1,95,7,pruned,100,0,32,0,0,1
shuffled_logs,42,1,96,0,pruned,7600,2048,0,2048,2048,1
shuffled_logs,42,1,96,0,scan,6200,2048,0,2048,2048,1
shuffled_logs,42,1,97,1,scan,5500,2048,0,32,32,1
shuffled_logs,42,1,97,1,pruned,5400,2048,0,32,32,1
shuffled_logs,42,1,98,2,pruned,600,128,30,2,2,1
shuffled_logs,42,1,98,2,scan,5000,2048,0,2,2,1
shuffled_logs,42,1,99,3,scan,426800,2048,0,8,8,1
shuffled_logs,42,1,99,3,pruned,107300,512,24,8,8,1
shuffled_logs,42,1,100,4,pruned,700,0,32,0,0,1
shuffled_logs,42,1,100,4,scan,466700,2048,0,0,0,1
shuffled_logs,42,1,101,5,scan,37900,2048,0,2048,2048,1
shuffled_logs,42,1,101,5,pruned,37200,2048,0,2048,2048,1
shuffled_logs,42,1,102,6,pruned,500,0,32,0,0,1
shuffled_logs,42,1,102,6,scan,421800,2048,0,0,0,1
shuffled_logs,42,1,103,7,scan,5600,2048,0,0,0,1
shuffled_logs,42,1,103,7,pruned,100,0,32,0,0,1
shuffled_logs,42,1,104,0,pruned,6700,2048,0,2048,2048,1
shuffled_logs,42,1,104,0,scan,6100,2048,0,2048,2048,1
shuffled_logs,42,1,105,1,scan,5500,2048,0,32,32,1
shuffled_logs,42,1,105,1,pruned,5300,2048,0,32,32,1
shuffled_logs,42,1,106,2,pruned,800,128,30,2,2,1
shuffled_logs,42,1,106,2,scan,5000,2048,0,2,2,1
shuffled_logs,42,1,107,3,scan,426500,2048,0,8,8,1
shuffled_logs,42,1,107,3,pruned,107000,512,24,8,8,1
shuffled_logs,42,1,108,4,pruned,500,0,32,0,0,1
shuffled_logs,42,1,108,4,scan,423900,2048,0,0,0,1
shuffled_logs,42,1,109,5,scan,36800,2048,0,2048,2048,1
shuffled_logs,42,1,109,5,pruned,37000,2048,0,2048,2048,1
shuffled_logs,42,1,110,6,pruned,500,0,32,0,0,1
shuffled_logs,42,1,110,6,scan,627600,2048,0,0,0,1
shuffled_logs,42,1,111,7,scan,12100,2048,0,0,0,1
shuffled_logs,42,1,111,7,pruned,100,0,32,0,0,1
shuffled_logs,42,1,112,0,pruned,14500,2048,0,2048,2048,1
shuffled_logs,42,1,112,0,scan,9900,2048,0,2048,2048,1
shuffled_logs,42,1,113,1,scan,7900,2048,0,32,32,1
shuffled_logs,42,1,113,1,pruned,8000,2048,0,32,32,1
shuffled_logs,42,1,114,2,pruned,1000,128,30,2,2,1
shuffled_logs,42,1,114,2,scan,6700,2048,0,2,2,1
shuffled_logs,42,1,115,3,scan,783600,2048,0,8,8,1
shuffled_logs,42,1,115,3,pruned,189800,512,24,8,8,1
shuffled_logs,42,1,116,4,pruned,1400,0,32,0,0,1
shuffled_logs,42,1,116,4,scan,804200,2048,0,0,0,1
shuffled_logs,42,1,117,5,scan,69200,2048,0,2048,2048,1
shuffled_logs,42,1,117,5,pruned,63800,2048,0,2048,2048,1
shuffled_logs,42,1,118,6,pruned,700,0,32,0,0,1
shuffled_logs,42,1,118,6,scan,786600,2048,0,0,0,1
shuffled_logs,42,1,119,7,scan,7400,2048,0,0,0,1
shuffled_logs,42,1,119,7,pruned,200,0,32,0,0,1
shuffled_logs,42,1,120,0,pruned,10900,2048,0,2048,2048,1
shuffled_logs,42,1,120,0,scan,9400,2048,0,2048,2048,1
shuffled_logs,42,1,121,1,scan,7800,2048,0,32,32,1
shuffled_logs,42,1,121,1,pruned,7700,2048,0,32,32,1
shuffled_logs,42,1,122,2,pruned,1100,128,30,2,2,1
shuffled_logs,42,1,122,2,scan,6700,2048,0,2,2,1
shuffled_logs,42,1,123,3,scan,756600,2048,0,8,8,1
shuffled_logs,42,1,123,3,pruned,184300,512,24,8,8,1
shuffled_logs,42,1,124,4,pruned,900,0,32,0,0,1
shuffled_logs,42,1,124,4,scan,749600,2048,0,0,0,1
shuffled_logs,42,1,125,5,scan,69500,2048,0,2048,2048,1
shuffled_logs,42,1,125,5,pruned,67500,2048,0,2048,2048,1
shuffled_logs,42,1,126,6,pruned,700,0,32,0,0,1
shuffled_logs,42,1,126,6,scan,805500,2048,0,0,0,1
shuffled_logs,42,1,127,7,scan,7900,2048,0,0,0,1
shuffled_logs,42,1,127,7,pruned,200,0,32,0,0,1
shuffled_logs,42,2,0,0,scan,25700,2048,0,2048,2048,1
shuffled_logs,42,2,0,0,pruned,11200,2048,0,2048,2048,1
shuffled_logs,42,2,1,1,pruned,7100,1664,6,32,32,1
shuffled_logs,42,2,1,1,scan,7700,2048,0,32,32,1
shuffled_logs,42,2,2,2,scan,6900,2048,0,2,2,1
shuffled_logs,42,2,2,2,pruned,900,128,30,2,2,1
shuffled_logs,42,2,3,3,pruned,188200,512,24,8,8,1
shuffled_logs,42,2,3,3,scan,751500,2048,0,8,8,1
shuffled_logs,42,2,4,4,scan,602300,2048,0,0,0,1
shuffled_logs,42,2,4,4,pruned,1300,0,32,0,0,1
shuffled_logs,42,2,5,5,pruned,57800,2048,0,2048,2048,1
shuffled_logs,42,2,5,5,scan,37100,2048,0,2048,2048,1
shuffled_logs,42,2,6,6,scan,626000,2048,0,0,0,1
shuffled_logs,42,2,6,6,pruned,1100,0,32,0,0,1
shuffled_logs,42,2,7,7,pruned,100,0,32,0,0,1
shuffled_logs,42,2,7,7,scan,11700,2048,0,0,0,1
shuffled_logs,42,2,8,0,scan,11400,2048,0,2048,2048,1
shuffled_logs,42,2,8,0,pruned,9900,2048,0,2048,2048,1
shuffled_logs,42,2,9,1,pruned,8200,2048,0,32,32,1
shuffled_logs,42,2,9,1,scan,7700,2048,0,32,32,1
shuffled_logs,42,2,10,2,scan,7000,2048,0,2,2,1
shuffled_logs,42,2,10,2,pruned,1300,128,30,2,2,1
shuffled_logs,42,2,11,3,pruned,192200,512,24,8,8,1
shuffled_logs,42,2,11,3,scan,1612700,2048,0,8,8,1
shuffled_logs,42,2,12,4,scan,785700,2048,0,0,0,1
shuffled_logs,42,2,12,4,pruned,1600,0,32,0,0,1
shuffled_logs,42,2,13,5,pruned,87600,2048,0,2048,2048,1
shuffled_logs,42,2,13,5,scan,201700,2048,0,2048,2048,1
shuffled_logs,42,2,14,6,scan,765900,2048,0,0,0,1
shuffled_logs,42,2,14,6,pruned,1100,0,32,0,0,1
shuffled_logs,42,2,15,7,pruned,200,0,32,0,0,1
shuffled_logs,42,2,15,7,scan,9900,2048,0,0,0,1
shuffled_logs,42,2,16,0,scan,11400,2048,0,2048,2048,1
shuffled_logs,42,2,16,0,pruned,10100,2048,0,2048,2048,1
shuffled_logs,42,2,17,1,pruned,8100,2048,0,32,32,1
shuffled_logs,42,2,17,1,scan,7700,2048,0,32,32,1
shuffled_logs,42,2,18,2,scan,6900,2048,0,2,2,1
shuffled_logs,42,2,18,2,pruned,900,128,30,2,2,1
shuffled_logs,42,2,19,3,pruned,193500,512,24,8,8,1
shuffled_logs,42,2,19,3,scan,772700,2048,0,8,8,1
shuffled_logs,42,2,20,4,scan,800800,2048,0,0,0,1
shuffled_logs,42,2,20,4,pruned,1800,0,32,0,0,1
shuffled_logs,42,2,21,5,pruned,73800,2048,0,2048,2048,1
shuffled_logs,42,2,21,5,scan,64200,2048,0,2048,2048,1
shuffled_logs,42,2,22,6,scan,767800,2048,0,0,0,1
shuffled_logs,42,2,22,6,pruned,600,0,32,0,0,1
shuffled_logs,42,2,23,7,pruned,200,0,32,0,0,1
shuffled_logs,42,2,23,7,scan,8500,2048,0,0,0,1
shuffled_logs,42,2,24,0,scan,10400,2048,0,2048,2048,1
shuffled_logs,42,2,24,0,pruned,9800,2048,0,2048,2048,1
shuffled_logs,42,2,25,1,pruned,8100,2048,0,32,32,1
shuffled_logs,42,2,25,1,scan,7900,2048,0,32,32,1
shuffled_logs,42,2,26,2,scan,6900,2048,0,2,2,1
shuffled_logs,42,2,26,2,pruned,900,128,30,2,2,1
shuffled_logs,42,2,27,3,pruned,192700,512,24,8,8,1
shuffled_logs,42,2,27,3,scan,777500,2048,0,8,8,1
shuffled_logs,42,2,28,4,scan,1318000,2048,0,0,0,1
shuffled_logs,42,2,28,4,pruned,1600,0,32,0,0,1
shuffled_logs,42,2,29,5,pruned,75600,2048,0,2048,2048,1
shuffled_logs,42,2,29,5,scan,38700,2048,0,2048,2048,1
shuffled_logs,42,2,30,6,scan,598100,2048,0,0,0,1
shuffled_logs,42,2,30,6,pruned,1000,0,32,0,0,1
shuffled_logs,42,2,31,7,pruned,100,0,32,0,0,1
shuffled_logs,42,2,31,7,scan,12100,2048,0,0,0,1
shuffled_logs,42,2,32,0,scan,13100,2048,0,2048,2048,1
shuffled_logs,42,2,32,0,pruned,10800,2048,0,2048,2048,1
shuffled_logs,42,2,33,1,pruned,8400,2048,0,32,32,1
shuffled_logs,42,2,33,1,scan,8300,2048,0,32,32,1
shuffled_logs,42,2,34,2,scan,7500,2048,0,2,2,1
shuffled_logs,42,2,34,2,pruned,1300,128,30,2,2,1
shuffled_logs,42,2,35,3,pruned,169400,512,24,8,8,1
shuffled_logs,42,2,35,3,scan,686300,2048,0,8,8,1
shuffled_logs,42,2,36,4,scan,529900,2048,0,0,0,1
shuffled_logs,42,2,36,4,pruned,1600,0,32,0,0,1
shuffled_logs,42,2,37,5,pruned,105100,2048,0,2048,2048,1
shuffled_logs,42,2,37,5,scan,46800,2048,0,2048,2048,1
shuffled_logs,42,2,38,6,scan,461100,2048,0,0,0,1
shuffled_logs,42,2,38,6,pruned,27400,128,30,0,0,1
shuffled_logs,42,2,39,7,pruned,100,0,32,0,0,1
shuffled_logs,42,2,39,7,scan,9100,2048,0,0,0,1
shuffled_logs,42,2,40,0,scan,7500,2048,0,2048,2048,1
shuffled_logs,42,2,40,0,pruned,10000,2048,0,2048,2048,1
shuffled_logs,42,2,41,1,pruned,8000,2048,0,32,32,1
shuffled_logs,42,2,41,1,scan,7500,2048,0,32,32,1
shuffled_logs,42,2,42,2,scan,6800,2048,0,2,2,1
shuffled_logs,42,2,42,2,pruned,1100,128,30,2,2,1
shuffled_logs,42,2,43,3,pruned,159900,512,24,8,8,1
shuffled_logs,42,2,43,3,scan,697600,2048,0,8,8,1
shuffled_logs,42,2,44,4,scan,688900,2048,0,0,0,1
shuffled_logs,42,2,44,4,pruned,2500,0,32,0,0,1
shuffled_logs,42,2,45,5,pruned,155500,2048,0,2048,2048,1
shuffled_logs,42,2,45,5,scan,169100,2048,0,2048,2048,1
shuffled_logs,42,2,46,6,scan,694600,2048,0,0,0,1
shuffled_logs,42,2,46,6,pruned,44300,128,30,0,0,1
shuffled_logs,42,2,47,7,pruned,100,0,32,0,0,1
shuffled_logs,42,2,47,7,scan,17200,2048,0,0,0,1
shuffled_logs,42,2,48,0,scan,12800,2048,0,2048,2048,1
shuffled_logs,42,2,48,0,pruned,9300,2048,0,2048,2048,1
shuffled_logs,42,2,49,1,pruned,8600,2048,0,32,32,1
shuffled_logs,42,2,49,1,scan,7700,2048,0,32,32,1
shuffled_logs,42,2,50,2,scan,7400,2048,0,2,2,1
shuffled_logs,42,2,50,2,pruned,1000,128,30,2,2,1
shuffled_logs,42,2,51,3,pruned,168000,512,24,8,8,1
shuffled_logs,42,2,51,3,scan,667400,2048,0,8,8,1
shuffled_logs,42,2,52,4,scan,663800,2048,0,0,0,1
shuffled_logs,42,2,52,4,pruned,1400,0,32,0,0,1
shuffled_logs,42,2,53,5,pruned,102100,2048,0,2048,2048,1
shuffled_logs,42,2,53,5,scan,60200,2048,0,2048,2048,1
shuffled_logs,42,2,54,6,scan,701700,2048,0,0,0,1
shuffled_logs,42,2,54,6,pruned,46200,128,30,0,0,1
shuffled_logs,42,2,55,7,pruned,100,0,32,0,0,1
shuffled_logs,42,2,55,7,scan,10700,2048,0,0,0,1
shuffled_logs,42,2,56,0,scan,12700,2048,0,2048,2048,1
shuffled_logs,42,2,56,0,pruned,10200,2048,0,2048,2048,1
shuffled_logs,42,2,57,1,pruned,8300,2048,0,32,32,1
shuffled_logs,42,2,57,1,scan,8000,2048,0,32,32,1
shuffled_logs,42,2,58,2,scan,7000,2048,0,2,2,1
shuffled_logs,42,2,58,2,pruned,1000,128,30,2,2,1
shuffled_logs,42,2,59,3,pruned,164500,512,24,8,8,1
shuffled_logs,42,2,59,3,scan,713200,2048,0,8,8,1
shuffled_logs,42,2,60,4,scan,670000,2048,0,0,0,1
shuffled_logs,42,2,60,4,pruned,1100,0,32,0,0,1
shuffled_logs,42,2,61,5,pruned,71300,2048,0,2048,2048,1
shuffled_logs,42,2,61,5,scan,64100,2048,0,2048,2048,1
shuffled_logs,42,2,62,6,scan,679600,2048,0,0,0,1
shuffled_logs,42,2,62,6,pruned,45600,128,30,0,0,1
shuffled_logs,42,2,63,7,pruned,200,0,32,0,0,1
shuffled_logs,42,2,63,7,scan,9500,2048,0,0,0,1
shuffled_logs,42,2,64,0,scan,12300,2048,0,2048,2048,1
shuffled_logs,42,2,64,0,pruned,10800,2048,0,2048,2048,1
shuffled_logs,42,2,65,1,pruned,8700,2048,0,32,32,1
shuffled_logs,42,2,65,1,scan,8200,2048,0,32,32,1
shuffled_logs,42,2,66,2,scan,7300,2048,0,2,2,1
shuffled_logs,42,2,66,2,pruned,1000,128,30,2,2,1
shuffled_logs,42,2,67,3,pruned,175300,512,24,8,8,1
shuffled_logs,42,2,67,3,scan,699300,2048,0,8,8,1
shuffled_logs,42,2,68,4,scan,504200,2048,0,0,0,1
shuffled_logs,42,2,68,4,pruned,700,0,32,0,0,1
shuffled_logs,42,2,69,5,pruned,40000,2048,0,2048,2048,1
shuffled_logs,42,2,69,5,scan,36900,2048,0,2048,2048,1
shuffled_logs,42,2,70,6,scan,422400,2048,0,0,0,1
shuffled_logs,42,2,70,6,pruned,400,0,32,0,0,1
shuffled_logs,42,2,71,7,pruned,100,0,32,0,0,1
shuffled_logs,42,2,71,7,scan,5000,2048,0,0,0,1
shuffled_logs,42,2,72,0,scan,6500,2048,0,2048,2048,1
shuffled_logs,42,2,72,0,pruned,6300,2048,0,2048,2048,1
shuffled_logs,42,2,73,1,pruned,5500,2048,0,32,32,1
shuffled_logs,42,2,73,1,scan,5200,2048,0,32,32,1
shuffled_logs,42,2,74,2,scan,4700,2048,0,2,2,1
shuffled_logs,42,2,74,2,pruned,600,128,30,2,2,1
shuffled_logs,42,2,75,3,pruned,106800,512,24,8,8,1
shuffled_logs,42,2,75,3,scan,449400,2048,0,8,8,1
shuffled_logs,42,2,76,4,scan,439500,2048,0,0,0,1
shuffled_logs,42,2,76,4,pruned,600,0,32,0,0,1
shuffled_logs,42,2,77,5,pruned,40700,2048,0,2048,2048,1
shuffled_logs,42,2,77,5,scan,37400,2048,0,2048,2048,1
shuffled_logs,42,2,78,6,scan,423800,2048,0,0,0,1
shuffled_logs,42,2,78,6,pruned,300,0,32,0,0,1
shuffled_logs,42,2,79,7,pruned,100,0,32,0,0,1
shuffled_logs,42,2,79,7,scan,5100,2048,0,0,0,1
shuffled_logs,42,2,80,0,scan,6400,2048,0,2048,2048,1
shuffled_logs,42,2,80,0,pruned,6100,2048,0,2048,2048,1
shuffled_logs,42,2,81,1,pruned,5300,2048,0,32,32,1
shuffled_logs,42,2,81,1,scan,5100,2048,0,32,32,1
shuffled_logs,42,2,82,2,scan,4700,2048,0,2,2,1
shuffled_logs,42,2,82,2,pruned,700,128,30,2,2,1
shuffled_logs,42,2,83,3,pruned,107400,512,24,8,8,1
shuffled_logs,42,2,83,3,scan,437100,2048,0,8,8,1
shuffled_logs,42,2,84,4,scan,425400,2048,0,0,0,1
shuffled_logs,42,2,84,4,pruned,600,0,32,0,0,1
shuffled_logs,42,2,85,5,pruned,40900,2048,0,2048,2048,1
shuffled_logs,42,2,85,5,scan,35800,2048,0,2048,2048,1
shuffled_logs,42,2,86,6,scan,447100,2048,0,0,0,1
shuffled_logs,42,2,86,6,pruned,400,0,32,0,0,1
shuffled_logs,42,2,87,7,pruned,100,0,32,0,0,1
shuffled_logs,42,2,87,7,scan,5800,2048,0,0,0,1
shuffled_logs,42,2,88,0,scan,7100,2048,0,2048,2048,1
shuffled_logs,42,2,88,0,pruned,6200,2048,0,2048,2048,1
shuffled_logs,42,2,89,1,pruned,5400,2048,0,32,32,1
shuffled_logs,42,2,89,1,scan,5200,2048,0,32,32,1
shuffled_logs,42,2,90,2,scan,4700,2048,0,2,2,1
shuffled_logs,42,2,90,2,pruned,700,128,30,2,2,1
shuffled_logs,42,2,91,3,pruned,107300,512,24,8,8,1
shuffled_logs,42,2,91,3,scan,426800,2048,0,8,8,1
shuffled_logs,42,2,92,4,scan,423800,2048,0,0,0,1
shuffled_logs,42,2,92,4,pruned,600,0,32,0,0,1
shuffled_logs,42,2,93,5,pruned,36600,2048,0,2048,2048,1
shuffled_logs,42,2,93,5,scan,49700,2048,0,2048,2048,1
shuffled_logs,42,2,94,6,scan,421800,2048,0,0,0,1
shuffled_logs,42,2,94,6,pruned,400,0,32,0,0,1
shuffled_logs,42,2,95,7,pruned,100,0,32,0,0,1
shuffled_logs,42,2,95,7,scan,5100,2048,0,0,0,1
shuffled_logs,42,2,96,0,scan,6300,2048,0,2048,2048,1
shuffled_logs,42,2,96,0,pruned,6200,2048,0,2048,2048,1
shuffled_logs,42,2,97,1,pruned,5400,2048,0,32,32,1
shuffled_logs,42,2,97,1,scan,5100,2048,0,32,32,1
shuffled_logs,42,2,98,2,scan,4700,2048,0,2,2,1
shuffled_logs,42,2,98,2,pruned,600,128,30,2,2,1
shuffled_logs,42,2,99,3,pruned,107000,512,24,8,8,1
shuffled_logs,42,2,99,3,scan,441700,2048,0,8,8,1
shuffled_logs,42,2,100,4,scan,424600,2048,0,0,0,1
shuffled_logs,42,2,100,4,pruned,500,0,32,0,0,1
shuffled_logs,42,2,101,5,pruned,37200,2048,0,2048,2048,1
shuffled_logs,42,2,101,5,scan,36000,2048,0,2048,2048,1
shuffled_logs,42,2,102,6,scan,424300,2048,0,0,0,1
shuffled_logs,42,2,102,6,pruned,300,0,32,0,0,1
shuffled_logs,42,2,103,7,pruned,100,0,32,0,0,1
shuffled_logs,42,2,103,7,scan,5800,2048,0,0,0,1
shuffled_logs,42,2,104,0,scan,6400,2048,0,2048,2048,1
shuffled_logs,42,2,104,0,pruned,6200,2048,0,2048,2048,1
shuffled_logs,42,2,105,1,pruned,5400,2048,0,32,32,1
shuffled_logs,42,2,105,1,scan,5300,2048,0,32,32,1
shuffled_logs,42,2,106,2,scan,4900,2048,0,2,2,1
shuffled_logs,42,2,106,2,pruned,700,128,30,2,2,1
shuffled_logs,42,2,107,3,pruned,107400,512,24,8,8,1
shuffled_logs,42,2,107,3,scan,428500,2048,0,8,8,1
shuffled_logs,42,2,108,4,scan,441700,2048,0,0,0,1
shuffled_logs,42,2,108,4,pruned,700,0,32,0,0,1
shuffled_logs,42,2,109,5,pruned,39000,2048,0,2048,2048,1
shuffled_logs,42,2,109,5,scan,36600,2048,0,2048,2048,1
shuffled_logs,42,2,110,6,scan,462000,2048,0,0,0,1
shuffled_logs,42,2,110,6,pruned,700,0,32,0,0,1
shuffled_logs,42,2,111,7,pruned,100,0,32,0,0,1
shuffled_logs,42,2,111,7,scan,5900,2048,0,0,0,1
shuffled_logs,42,2,112,0,scan,7400,2048,0,2048,2048,1
shuffled_logs,42,2,112,0,pruned,6300,2048,0,2048,2048,1
shuffled_logs,42,2,113,1,pruned,5400,2048,0,32,32,1
shuffled_logs,42,2,113,1,scan,5100,2048,0,32,32,1
shuffled_logs,42,2,114,2,scan,4800,2048,0,2,2,1
shuffled_logs,42,2,114,2,pruned,700,128,30,2,2,1
shuffled_logs,42,2,115,3,pruned,107400,512,24,8,8,1
shuffled_logs,42,2,115,3,scan,501400,2048,0,8,8,1
shuffled_logs,42,2,116,4,scan,434100,2048,0,0,0,1
shuffled_logs,42,2,116,4,pruned,800,0,32,0,0,1
shuffled_logs,42,2,117,5,pruned,41900,2048,0,2048,2048,1
shuffled_logs,42,2,117,5,scan,36500,2048,0,2048,2048,1
shuffled_logs,42,2,118,6,scan,440400,2048,0,0,0,1
shuffled_logs,42,2,118,6,pruned,500,0,32,0,0,1
shuffled_logs,42,2,119,7,pruned,100,0,32,0,0,1
shuffled_logs,42,2,119,7,scan,5500,2048,0,0,0,1
shuffled_logs,42,2,120,0,scan,7400,2048,0,2048,2048,1
shuffled_logs,42,2,120,0,pruned,6300,2048,0,2048,2048,1
shuffled_logs,42,2,121,1,pruned,5500,2048,0,32,32,1
shuffled_logs,42,2,121,1,scan,5000,2048,0,32,32,1
shuffled_logs,42,2,122,2,scan,4800,2048,0,2,2,1
shuffled_logs,42,2,122,2,pruned,600,128,30,2,2,1
shuffled_logs,42,2,123,3,pruned,107400,512,24,8,8,1
shuffled_logs,42,2,123,3,scan,428500,2048,0,8,8,1
shuffled_logs,42,2,124,4,scan,431500,2048,0,0,0,1
shuffled_logs,42,2,124,4,pruned,800,0,32,0,0,1
shuffled_logs,42,2,125,5,pruned,58200,2048,0,2048,2048,1
shuffled_logs,42,2,125,5,scan,45200,2048,0,2048,2048,1
shuffled_logs,42,2,126,6,scan,427300,2048,0,0,0,1
shuffled_logs,42,2,126,6,pruned,600,0,32,0,0,1
shuffled_logs,42,2,127,7,pruned,100,0,32,0,0,1
shuffled_logs,42,2,127,7,scan,6100,2048,0,0,0,1
shuffled_logs,42,3,0,0,pruned,6700,2048,0,2048,2048,1
shuffled_logs,42,3,0,0,scan,25400,2048,0,2048,2048,1
shuffled_logs,42,3,1,1,scan,6300,2048,0,32,32,1
shuffled_logs,42,3,1,1,pruned,4600,1664,6,32,32,1
shuffled_logs,42,3,2,2,pruned,800,128,30,2,2,1
shuffled_logs,42,3,2,2,scan,4900,2048,0,2,2,1
shuffled_logs,42,3,3,3,scan,426300,2048,0,8,8,1
shuffled_logs,42,3,3,3,pruned,107400,512,24,8,8,1
shuffled_logs,42,3,4,4,pruned,900,0,32,0,0,1
shuffled_logs,42,3,4,4,scan,435600,2048,0,0,0,1
shuffled_logs,42,3,5,5,scan,40200,2048,0,2048,2048,1
shuffled_logs,42,3,5,5,pruned,37600,2048,0,2048,2048,1
shuffled_logs,42,3,6,6,pruned,800,0,32,0,0,1
shuffled_logs,42,3,6,6,scan,481400,2048,0,0,0,1
shuffled_logs,42,3,7,7,scan,6100,2048,0,0,0,1
shuffled_logs,42,3,7,7,pruned,200,0,32,0,0,1
shuffled_logs,42,3,8,0,pruned,8000,2048,0,2048,2048,1
shuffled_logs,42,3,8,0,scan,6200,2048,0,2048,2048,1
shuffled_logs,42,3,9,1,scan,5400,2048,0,32,32,1
shuffled_logs,42,3,9,1,pruned,5400,2048,0,32,32,1
shuffled_logs,42,3,10,2,pruned,800,128,30,2,2,1
shuffled_logs,42,3,10,2,scan,4900,2048,0,2,2,1
shuffled_logs,42,3,11,3,scan,445200,2048,0,8,8,1
shuffled_logs,42,3,11,3,pruned,117800,512,24,8,8,1
shuffled_logs,42,3,12,4,pruned,800,0,32,0,0,1
shuffled_logs,42,3,12,4,scan,425100,2048,0,0,0,1
shuffled_logs,42,3,13,5,scan,36800,2048,0,2048,2048,1
shuffled_logs,42,3,13,5,pruned,36500,2048,0,2048,2048,1
shuffled_logs,42,3,14,6,pruned,600,0,32,0,0,1
shuffled_logs,42,3,14,6,scan,421700,2048,0,0,0,1
shuffled_logs,42,3,15,7,scan,5100,2048,0,0,0,1
shuffled_logs,42,3,15,7,pruned,100,0,32,0,0,1
shuffled_logs,42,3,16,0,pruned,6400,2048,0,2048,2048,1
shuffled_logs,42,3,16,0,scan,6100,2048,0,2048,2048,1
shuffled_logs,42,3,17,1,scan,5300,2048,0,32,32,1
shuffled_logs,42,3,17,1,pruned,5200,2048,0,32,32,1
shuffled_logs,42,3,18,2,pruned,600,128,30,2,2,1
shuffled_logs,42,3,18,2,scan,4800,2048,0,2,2,1
shuffled_logs,42,3,19,3,scan,425500,2048,0,8,8,1
shuffled_logs,42,3,19,3,pruned,106700,512,24,8,8,1
shuffled_logs,42,3,20,4,pruned,600,0,32,0,0,1
shuffled_logs,42,3,20,4,scan,439100,2048,0,0,0,1
shuffled_logs,42,3,21,5,scan,37000,2048,0,2048,2048,1
shuffled_logs,42,3,21,5,pruned,36000,2048,0,2048,2048,1
shuffled_logs,42,3,22,6,pruned,500,0,32,0,0,1
shuffled_logs,42,3,22,6,scan,422700,2048,0,0,0,1
shuffled_logs,42,3,23,7,scan,4900,2048,0,0,0,1
shuffled_logs,42,3,23,7,pruned,100,0,32,0,0,1
shuffled_logs,42,3,24,0,pruned,6400,2048,0,2048,2048,1
shuffled_logs,42,3,24,0,scan,6100,2048,0,2048,2048,1
shuffled_logs,42,3,25,1,scan,5400,2048,0,32,32,1
shuffled_logs,42,3,25,1,pruned,5100,2048,0,32,32,1
shuffled_logs,42,3,26,2,pruned,700,128,30,2,2,1
shuffled_logs,42,3,26,2,scan,4800,2048,0,2,2,1
shuffled_logs,42,3,27,3,scan,426300,2048,0,8,8,1
shuffled_logs,42,3,27,3,pruned,107100,512,24,8,8,1
shuffled_logs,42,3,28,4,pruned,500,0,32,0,0,1
shuffled_logs,42,3,28,4,scan,465200,2048,0,0,0,1
shuffled_logs,42,3,29,5,scan,37300,2048,0,2048,2048,1
shuffled_logs,42,3,29,5,pruned,36500,2048,0,2048,2048,1
shuffled_logs,42,3,30,6,pruned,700,0,32,0,0,1
shuffled_logs,42,3,30,6,scan,437300,2048,0,0,0,1
shuffled_logs,42,3,31,7,scan,5100,2048,0,0,0,1
shuffled_logs,42,3,31,7,pruned,100,0,32,0,0,1
shuffled_logs,42,3,32,0,pruned,7300,2048,0,2048,2048,1
shuffled_logs,42,3,32,0,scan,6100,2048,0,2048,2048,1
shuffled_logs,42,3,33,1,scan,5400,2048,0,32,32,1
shuffled_logs,42,3,33,1,pruned,5200,2048,0,32,32,1
shuffled_logs,42,3,34,2,pruned,600,128,30,2,2,1
shuffled_logs,42,3,34,2,scan,4700,2048,0,2,2,1
shuffled_logs,42,3,35,3,scan,460100,2048,0,8,8,1
shuffled_logs,42,3,35,3,pruned,109200,512,24,8,8,1
shuffled_logs,42,3,36,4,pruned,600,0,32,0,0,1
shuffled_logs,42,3,36,4,scan,437600,2048,0,0,0,1
shuffled_logs,42,3,37,5,scan,40600,2048,0,2048,2048,1
shuffled_logs,42,3,37,5,pruned,37200,2048,0,2048,2048,1
shuffled_logs,42,3,38,6,pruned,27200,128,30,0,0,1
shuffled_logs,42,3,38,6,scan,423000,2048,0,0,0,1
shuffled_logs,42,3,39,7,scan,5000,2048,0,0,0,1
shuffled_logs,42,3,39,7,pruned,200,0,32,0,0,1
shuffled_logs,42,3,40,0,pruned,9000,2048,0,2048,2048,1
shuffled_logs,42,3,40,0,scan,6300,2048,0,2048,2048,1
shuffled_logs,42,3,41,1,scan,5400,2048,0,32,32,1
shuffled_logs,42,3,41,1,pruned,5200,2048,0,32,32,1
shuffled_logs,42,3,42,2,pruned,900,128,30,2,2,1
shuffled_logs,42,3,42,2,scan,4800,2048,0,2,2,1
shuffled_logs,42,3,43,3,scan,441900,2048,0,8,8,1
shuffled_logs,42,3,43,3,pruned,107600,512,24,8,8,1
shuffled_logs,42,3,44,4,pruned,500,0,32,0,0,1
shuffled_logs,42,3,44,4,scan,422000,2048,0,0,0,1
shuffled_logs,42,3,45,5,scan,40000,2048,0,2048,2048,1
shuffled_logs,42,3,45,5,pruned,39800,2048,0,2048,2048,1
shuffled_logs,42,3,46,6,pruned,27400,128,30,0,0,1
shuffled_logs,42,3,46,6,scan,450100,2048,0,0,0,1
shuffled_logs,42,3,47,7,scan,5200,2048,0,0,0,1
shuffled_logs,42,3,47,7,pruned,100,0,32,0,0,1
shuffled_logs,42,3,48,0,pruned,7400,2048,0,2048,2048,1
shuffled_logs,42,3,48,0,scan,6200,2048,0,2048,2048,1
shuffled_logs,42,3,49,1,scan,5500,2048,0,32,32,1
shuffled_logs,42,3,49,1,pruned,5300,2048,0,32,32,1
shuffled_logs,42,3,50,2,pruned,600,128,30,2,2,1
shuffled_logs,42,3,50,2,scan,4900,2048,0,2,2,1
shuffled_logs,42,3,51,3,scan,425900,2048,0,8,8,1
shuffled_logs,42,3,51,3,pruned,107200,512,24,8,8,1
shuffled_logs,42,3,52,4,pruned,500,0,32,0,0,1
shuffled_logs,42,3,52,4,scan,436200,2048,0,0,0,1
shuffled_logs,42,3,53,5,scan,41000,2048,0,2048,2048,1
shuffled_logs,42,3,53,5,pruned,40300,2048,0,2048,2048,1
shuffled_logs,42,3,54,6,pruned,27300,128,30,0,0,1
shuffled_logs,42,3,54,6,scan,422900,2048,0,0,0,1
shuffled_logs,42,3,55,7,scan,4900,2048,0,0,0,1
shuffled_logs,42,3,55,7,pruned,100,0,32,0,0,1
shuffled_logs,42,3,56,0,pruned,6500,2048,0,2048,2048,1
shuffled_logs,42,3,56,0,scan,6200,2048,0,2048,2048,1
shuffled_logs,42,3,57,1,scan,5200,2048,0,32,32,1
shuffled_logs,42,3,57,1,pruned,5200,2048,0,32,32,1
shuffled_logs,42,3,58,2,pruned,600,128,30,2,2,1
shuffled_logs,42,3,58,2,scan,4800,2048,0,2,2,1
shuffled_logs,42,3,59,3,scan,426600,2048,0,8,8,1
shuffled_logs,42,3,59,3,pruned,116400,512,24,8,8,1
shuffled_logs,42,3,60,4,pruned,700,0,32,0,0,1
shuffled_logs,42,3,60,4,scan,442300,2048,0,0,0,1
shuffled_logs,42,3,61,5,scan,57500,2048,0,2048,2048,1
shuffled_logs,42,3,61,5,pruned,42500,2048,0,2048,2048,1
shuffled_logs,42,3,62,6,pruned,27100,128,30,0,0,1
shuffled_logs,42,3,62,6,scan,423100,2048,0,0,0,1
shuffled_logs,42,3,63,7,scan,5000,2048,0,0,0,1
shuffled_logs,42,3,63,7,pruned,100,0,32,0,0,1
shuffled_logs,42,3,64,0,pruned,6500,2048,0,2048,2048,1
shuffled_logs,42,3,64,0,scan,6100,2048,0,2048,2048,1
shuffled_logs,42,3,65,1,scan,5200,2048,0,32,32,1
shuffled_logs,42,3,65,1,pruned,5100,2048,0,32,32,1
shuffled_logs,42,3,66,2,pruned,600,128,30,2,2,1
shuffled_logs,42,3,66,2,scan,4700,2048,0,2,2,1
shuffled_logs,42,3,67,3,scan,426700,2048,0,8,8,1
shuffled_logs,42,3,67,3,pruned,107000,512,24,8,8,1
shuffled_logs,42,3,68,4,pruned,600,0,32,0,0,1
shuffled_logs,42,3,68,4,scan,516800,2048,0,0,0,1
shuffled_logs,42,3,69,5,scan,42400,2048,0,2048,2048,1
shuffled_logs,42,3,69,5,pruned,37200,2048,0,2048,2048,1
shuffled_logs,42,3,70,6,pruned,500,0,32,0,0,1
shuffled_logs,42,3,70,6,scan,437700,2048,0,0,0,1
shuffled_logs,42,3,71,7,scan,5200,2048,0,0,0,1
shuffled_logs,42,3,71,7,pruned,100,0,32,0,0,1
shuffled_logs,42,3,72,0,pruned,7500,2048,0,2048,2048,1
shuffled_logs,42,3,72,0,scan,6300,2048,0,2048,2048,1
shuffled_logs,42,3,73,1,scan,5300,2048,0,32,32,1
shuffled_logs,42,3,73,1,pruned,5200,2048,0,32,32,1
shuffled_logs,42,3,74,2,pruned,700,128,30,2,2,1
shuffled_logs,42,3,74,2,scan,4700,2048,0,2,2,1
shuffled_logs,42,3,75,3,scan,426500,2048,0,8,8,1
shuffled_logs,42,3,75,3,pruned,107400,512,24,8,8,1
shuffled_logs,42,3,76,4,pruned,500,0,32,0,0,1
shuffled_logs,42,3,76,4,scan,422400,2048,0,0,0,1
shuffled_logs,42,3,77,5,scan,37900,2048,0,2048,2048,1
shuffled_logs,42,3,77,5,pruned,37100,2048,0,2048,2048,1
shuffled_logs,42,3,78,6,pruned,600,0,32,0,0,1
shuffled_logs,42,3,78,6,scan,421000,2048,0,0,0,1
shuffled_logs,42,3,79,7,scan,4900,2048,0,0,0,1
shuffled_logs,42,3,79,7,pruned,100,0,32,0,0,1
shuffled_logs,42,3,80,0,pruned,6400,2048,0,2048,2048,1
shuffled_logs,42,3,80,0,scan,5900,2048,0,2048,2048,1
shuffled_logs,42,3,81,1,scan,5200,2048,0,32,32,1
shuffled_logs,42,3,81,1,pruned,5100,2048,0,32,32,1
shuffled_logs,42,3,82,2,pruned,600,128,30,2,2,1
shuffled_logs,42,3,82,2,scan,4600,2048,0,2,2,1
shuffled_logs,42,3,83,3,scan,442200,2048,0,8,8,1
shuffled_logs,42,3,83,3,pruned,107700,512,24,8,8,1
shuffled_logs,42,3,84,4,pruned,700,0,32,0,0,1
shuffled_logs,42,3,84,4,scan,434500,2048,0,0,0,1
shuffled_logs,42,3,85,5,scan,37000,2048,0,2048,2048,1
shuffled_logs,42,3,85,5,pruned,36200,2048,0,2048,2048,1
shuffled_logs,42,3,86,6,pruned,700,0,32,0,0,1
shuffled_logs,42,3,86,6,scan,422200,2048,0,0,0,1
shuffled_logs,42,3,87,7,scan,5100,2048,0,0,0,1
shuffled_logs,42,3,87,7,pruned,0,0,32,0,0,1
shuffled_logs,42,3,88,0,pruned,6500,2048,0,2048,2048,1
shuffled_logs,42,3,88,0,scan,6000,2048,0,2048,2048,1
shuffled_logs,42,3,89,1,scan,5400,2048,0,32,32,1
shuffled_logs,42,3,89,1,pruned,5200,2048,0,32,32,1
shuffled_logs,42,3,90,2,pruned,600,128,30,2,2,1
shuffled_logs,42,3,90,2,scan,4700,2048,0,2,2,1
shuffled_logs,42,3,91,3,scan,459500,2048,0,8,8,1
shuffled_logs,42,3,91,3,pruned,107200,512,24,8,8,1
shuffled_logs,42,3,92,4,pruned,700,0,32,0,0,1
shuffled_logs,42,3,92,4,scan,439500,2048,0,0,0,1
shuffled_logs,42,3,93,5,scan,37000,2048,0,2048,2048,1
shuffled_logs,42,3,93,5,pruned,36300,2048,0,2048,2048,1
shuffled_logs,42,3,94,6,pruned,600,0,32,0,0,1
shuffled_logs,42,3,94,6,scan,421700,2048,0,0,0,1
shuffled_logs,42,3,95,7,scan,5100,2048,0,0,0,1
shuffled_logs,42,3,95,7,pruned,100,0,32,0,0,1
shuffled_logs,42,3,96,0,pruned,6500,2048,0,2048,2048,1
shuffled_logs,42,3,96,0,scan,6000,2048,0,2048,2048,1
shuffled_logs,42,3,97,1,scan,5200,2048,0,32,32,1
shuffled_logs,42,3,97,1,pruned,5200,2048,0,32,32,1
shuffled_logs,42,3,98,2,pruned,600,128,30,2,2,1
shuffled_logs,42,3,98,2,scan,4700,2048,0,2,2,1
shuffled_logs,42,3,99,3,scan,426200,2048,0,8,8,1
shuffled_logs,42,3,99,3,pruned,107200,512,24,8,8,1
shuffled_logs,42,3,100,4,pruned,400,0,32,0,0,1
shuffled_logs,42,3,100,4,scan,427500,2048,0,0,0,1
shuffled_logs,42,3,101,5,scan,34600,2048,0,2048,2048,1
shuffled_logs,42,3,101,5,pruned,34900,2048,0,2048,2048,1
shuffled_logs,42,3,102,6,pruned,400,0,32,0,0,1
shuffled_logs,42,3,102,6,scan,424200,2048,0,0,0,1
shuffled_logs,42,3,103,7,scan,5000,2048,0,0,0,1
shuffled_logs,42,3,103,7,pruned,100,0,32,0,0,1
shuffled_logs,42,3,104,0,pruned,7200,2048,0,2048,2048,1
shuffled_logs,42,3,104,0,scan,5800,2048,0,2048,2048,1
shuffled_logs,42,3,105,1,scan,5000,2048,0,32,32,1
shuffled_logs,42,3,105,1,pruned,5000,2048,0,32,32,1
shuffled_logs,42,3,106,2,pruned,700,128,30,2,2,1
shuffled_logs,42,3,106,2,scan,4600,2048,0,2,2,1
shuffled_logs,42,3,107,3,scan,423800,2048,0,8,8,1
shuffled_logs,42,3,107,3,pruned,104200,512,24,8,8,1
shuffled_logs,42,3,108,4,pruned,700,0,32,0,0,1
shuffled_logs,42,3,108,4,scan,409000,2048,0,0,0,1
shuffled_logs,42,3,109,5,scan,71200,2048,0,2048,2048,1
shuffled_logs,42,3,109,5,pruned,37200,2048,0,2048,2048,1
shuffled_logs,42,3,110,6,pruned,1200,0,32,0,0,1
shuffled_logs,42,3,110,6,scan,408600,2048,0,0,0,1
shuffled_logs,42,3,111,7,scan,4900,2048,0,0,0,1
shuffled_logs,42,3,111,7,pruned,0,0,32,0,0,1
shuffled_logs,42,3,112,0,pruned,6200,2048,0,2048,2048,1
shuffled_logs,42,3,112,0,scan,5900,2048,0,2048,2048,1
shuffled_logs,42,3,113,1,scan,5100,2048,0,32,32,1
shuffled_logs,42,3,113,1,pruned,5000,2048,0,32,32,1
shuffled_logs,42,3,114,2,pruned,600,128,30,2,2,1
shuffled_logs,42,3,114,2,scan,4700,2048,0,2,2,1
shuffled_logs,42,3,115,3,scan,427700,2048,0,8,8,1
shuffled_logs,42,3,115,3,pruned,104100,512,24,8,8,1
shuffled_logs,42,3,116,4,pruned,500,0,32,0,0,1
shuffled_logs,42,3,116,4,scan,474900,2048,0,0,0,1
shuffled_logs,42,3,117,5,scan,66400,2048,0,2048,2048,1
shuffled_logs,42,3,117,5,pruned,36600,2048,0,2048,2048,1
shuffled_logs,42,3,118,6,pruned,600,0,32,0,0,1
shuffled_logs,42,3,118,6,scan,409100,2048,0,0,0,1
shuffled_logs,42,3,119,7,scan,5000,2048,0,0,0,1
shuffled_logs,42,3,119,7,pruned,100,0,32,0,0,1
shuffled_logs,42,3,120,0,pruned,6600,2048,0,2048,2048,1
shuffled_logs,42,3,120,0,scan,6200,2048,0,2048,2048,1
shuffled_logs,42,3,121,1,scan,5300,2048,0,32,32,1
shuffled_logs,42,3,121,1,pruned,7600,2048,0,32,32,1
shuffled_logs,42,3,122,2,pruned,800,128,30,2,2,1
shuffled_logs,42,3,122,2,scan,4900,2048,0,2,2,1
shuffled_logs,42,3,123,3,scan,444600,2048,0,8,8,1
shuffled_logs,42,3,123,3,pruned,104100,512,24,8,8,1
shuffled_logs,42,3,124,4,pruned,700,0,32,0,0,1
shuffled_logs,42,3,124,4,scan,428000,2048,0,0,0,1
shuffled_logs,42,3,125,5,scan,42300,2048,0,2048,2048,1
shuffled_logs,42,3,125,5,pruned,40500,2048,0,2048,2048,1
shuffled_logs,42,3,126,6,pruned,600,0,32,0,0,1
shuffled_logs,42,3,126,6,scan,408900,2048,0,0,0,1
shuffled_logs,42,3,127,7,scan,4900,2048,0,0,0,1
shuffled_logs,42,3,127,7,pruned,100,0,32,0,0,1
shuffled_logs,42,4,0,0,scan,6300,2048,0,2048,2048,1
shuffled_logs,42,4,0,0,pruned,6200,2048,0,2048,2048,1
shuffled_logs,42,4,1,1,pruned,4400,1664,6,32,32,1
shuffled_logs,42,4,1,1,scan,5000,2048,0,32,32,1
shuffled_logs,42,4,2,2,scan,4600,2048,0,2,2,1
shuffled_logs,42,4,2,2,pruned,600,128,30,2,2,1
shuffled_logs,42,4,3,3,pruned,114300,512,24,8,8,1
shuffled_logs,42,4,3,3,scan,464300,2048,0,8,8,1
shuffled_logs,42,4,4,4,scan,419500,2048,0,0,0,1
shuffled_logs,42,4,4,4,pruned,600,0,32,0,0,1
shuffled_logs,42,4,5,5,pruned,36900,2048,0,2048,2048,1
shuffled_logs,42,4,5,5,scan,35300,2048,0,2048,2048,1
shuffled_logs,42,4,6,6,scan,425200,2048,0,0,0,1
shuffled_logs,42,4,6,6,pruned,500,0,32,0,0,1
shuffled_logs,42,4,7,7,pruned,100,0,32,0,0,1
shuffled_logs,42,4,7,7,scan,5100,2048,0,0,0,1
shuffled_logs,42,4,8,0,scan,7100,2048,0,2048,2048,1
shuffled_logs,42,4,8,0,pruned,6100,2048,0,2048,2048,1
shuffled_logs,42,4,9,1,pruned,5300,2048,0,32,32,1
shuffled_logs,42,4,9,1,scan,4900,2048,0,32,32,1
shuffled_logs,42,4,10,2,scan,4700,2048,0,2,2,1
shuffled_logs,42,4,10,2,pruned,600,128,30,2,2,1
shuffled_logs,42,4,11,3,pruned,104100,512,24,8,8,1
shuffled_logs,42,4,11,3,scan,413500,2048,0,8,8,1
shuffled_logs,42,4,12,4,scan,411500,2048,0,0,0,1
shuffled_logs,42,4,12,4,pruned,500,0,32,0,0,1
shuffled_logs,42,4,13,5,pruned,41100,2048,0,2048,2048,1
shuffled_logs,42,4,13,5,scan,35700,2048,0,2048,2048,1
shuffled_logs,42,4,14,6,scan,415600,2048,0,0,0,1
shuffled_logs,42,4,14,6,pruned,600,0,32,0,0,1
shuffled_logs,42,4,15,7,pruned,0,0,32,0,0,1
shuffled_logs,42,4,15,7,scan,7100,2048,0,0,0,1
shuffled_logs,42,4,16,0,scan,6700,2048,0,2048,2048,1
shuffled_logs,42,4,16,0,pruned,6200,2048,0,2048,2048,1
shuffled_logs,42,4,17,1,pruned,5700,2048,0,32,32,1
shuffled_logs,42,4,17,1,scan,5300,2048,0,32,32,1
shuffled_logs,42,4,18,2,scan,5000,2048,0,2,2,1
shuffled_logs,42,4,18,2,pruned,800,128,30,2,2,1
shuffled_logs,42,4,19,3,pruned,133300,512,24,8,8,1
shuffled_logs,42,4,19,3,scan,440600,2048,0,8,8,1
shuffled_logs,42,4,20,4,scan,636600,2048,0,0,0,1
shuffled_logs,42,4,20,4,pruned,1400,0,32,0,0,1
shuffled_logs,42,4,21,5,pruned,100800,2048,0,2048,2048,1
shuffled_logs,42,4,21,5,scan,75700,2048,0,2048,2048,1
shuffled_logs,42,4,22,6,scan,820600,2048,0,0,0,1
shuffled_logs,42,4,22,6,pruned,600,0,32,0,0,1
shuffled_logs,42,4,23,7,pruned,200,0,32,0,0,1
shuffled_logs,42,4,23,7,scan,7300,2048,0,0,0,1
shuffled_logs,42,4,24,0,scan,10400,2048,0,2048,2048,1
shuffled_logs,42,4,24,0,pruned,10200,2048,0,2048,2048,1
shuffled_logs,42,4,25,1,pruned,8700,2048,0,32,32,1
shuffled_logs,42,4,25,1,scan,8300,2048,0,32,32,1
shuffled_logs,42,4,26,2,scan,7500,2048,0,2,2,1
shuffled_logs,42,4,26,2,pruned,1000,128,30,2,2,1
shuffled_logs,42,4,27,3,pruned,222000,512,24,8,8,1
shuffled_logs,42,4,27,3,scan,852600,2048,0,8,8,1
shuffled_logs,42,4,28,4,scan,842800,2048,0,0,0,1
shuffled_logs,42,4,28,4,pruned,900,0,32,0,0,1
shuffled_logs,42,4,29,5,pruned,78200,2048,0,2048,2048,1
shuffled_logs,42,4,29,5,scan,74200,2048,0,2048,2048,1
shuffled_logs,42,4,30,6,scan,829300,2048,0,0,0,1
shuffled_logs,42,4,30,6,pruned,700,0,32,0,0,1
shuffled_logs,42,4,31,7,pruned,200,0,32,0,0,1
shuffled_logs,42,4,31,7,scan,7800,2048,0,0,0,1
shuffled_logs,42,4,32,0,scan,11900,2048,0,2048,2048,1
shuffled_logs,42,4,32,0,pruned,10400,2048,0,2048,2048,1
shuffled_logs,42,4,33,1,pruned,8800,2048,0,32,32,1
shuffled_logs,42,4,33,1,scan,8300,2048,0,32,32,1
shuffled_logs,42,4,34,2,scan,7600,2048,0,2,2,1
shuffled_logs,42,4,34,2,pruned,800,128,30,2,2,1
shuffled_logs,42,4,35,3,pruned,219400,512,24,8,8,1
shuffled_logs,42,4,35,3,scan,836000,2048,0,8,8,1
shuffled_logs,42,4,36,4,scan,822500,2048,0,0,0,1
shuffled_logs,42,4,36,4,pruned,1000,0,32,0,0,1
shuffled_logs,42,4,37,5,pruned,78400,2048,0,2048,2048,1
shuffled_logs,42,4,37,5,scan,73800,2048,0,2048,2048,1
shuffled_logs,42,4,38,6,scan,839500,2048,0,0,0,1
shuffled_logs,42,4,38,6,pruned,54700,128,30,0,0,1
shuffled_logs,42,4,39,7,pruned,200,0,32,0,0,1
shuffled_logs,42,4,39,7,scan,7300,2048,0,0,0,1
shuffled_logs,42,4,40,0,scan,10700,2048,0,2048,2048,1
shuffled_logs,42,4,40,0,pruned,10000,2048,0,2048,2048,1
shuffled_logs,42,4,41,1,pruned,8600,2048,0,32,32,1
shuffled_logs,42,4,41,1,scan,8200,2048,0,32,32,1
shuffled_logs,42,4,42,2,scan,7700,2048,0,2,2,1
shuffled_logs,42,4,42,2,pruned,1100,128,30,2,2,1
shuffled_logs,42,4,43,3,pruned,236300,512,24,8,8,1
shuffled_logs,42,4,43,3,scan,799900,2048,0,8,8,1
shuffled_logs,42,4,44,4,scan,1011100,2048,0,0,0,1
shuffled_logs,42,4,44,4,pruned,1000,0,32,0,0,1
shuffled_logs,42,4,45,5,pruned,78800,2048,0,2048,2048,1
shuffled_logs,42,4,45,5,scan,67300,2048,0,2048,2048,1
shuffled_logs,42,4,46,6,scan,846900,2048,0,0,0,1
shuffled_logs,42,4,46,6,pruned,50300,128,30,0,0,1
shuffled_logs,42,4,47,7,pruned,200,0,32,0,0,1
shuffled_logs,42,4,47,7,scan,7700,2048,0,0,0,1
shuffled_logs,42,4,48,0,scan,11400,2048,0,2048,2048,1
shuffled_logs,42,4,48,0,pruned,10300,2048,0,2048,2048,1
shuffled_logs,42,4,49,1,pruned,8900,2048,0,32,32,1
shuffled_logs,42,4,49,1,scan,8000,2048,0,32,32,1
shuffled_logs,42,4,50,2,scan,7700,2048,0,2,2,1
shuffled_logs,42,4,50,2,pruned,900,128,30,2,2,1
shuffled_logs,42,4,51,3,pruned,212400,512,24,8,8,1
shuffled_logs,42,4,51,3,scan,818300,2048,0,8,8,1
shuffled_logs,42,4,52,4,scan,780400,2048,0,0,0,1
shuffled_logs,42,4,52,4,pruned,1000,0,32,0,0,1
shuffled_logs,42,4,53,5,pruned,91900,2048,0,2048,2048,1
shuffled_logs,42,4,53,5,scan,76100,2048,0,2048,2048,1
shuffled_logs,42,4,54,6,scan,1097900,2048,0,0,0,1
shuffled_logs,42,4,54,6,pruned,49400,128,30,0,0,1
shuffled_logs,42,4,55,7,pruned,200,0,32,0,0,1
shuffled_logs,42,4,55,7,scan,8600,2048,0,0,0,1
shuffled_logs,42,4,56,0,scan,12200,2048,0,2048,2048,1
shuffled_logs,42,4,56,0,pruned,10500,2048,0,2048,2048,1
shuffled_logs,42,4,57,1,pruned,8700,2048,0,32,32,1
shuffled_logs,42,4,57,1,scan,8500,2048,0,32,32,1
shuffled_logs,42,4,58,2,scan,7800,2048,0,2,2,1
shuffled_logs,42,4,58,2,pruned,1000,128,30,2,2,1
shuffled_logs,42,4,59,3,pruned,213300,512,24,8,8,1
shuffled_logs,42,4,59,3,scan,865600,2048,0,8,8,1
shuffled_logs,42,4,60,4,scan,831600,2048,0,0,0,1
shuffled_logs,42,4,60,4,pruned,1000,0,32,0,0,1
shuffled_logs,42,4,61,5,pruned,77700,2048,0,2048,2048,1
shuffled_logs,42,4,61,5,scan,70200,2048,0,2048,2048,1
shuffled_logs,42,4,62,6,scan,761100,2048,0,0,0,1
shuffled_logs,42,4,62,6,pruned,46600,128,30,0,0,1
shuffled_logs,42,4,63,7,pruned,100,0,32,0,0,1
shuffled_logs,42,4,63,7,scan,8700,2048,0,0,0,1
shuffled_logs,42,4,64,0,scan,10600,2048,0,2048,2048,1
shuffled_logs,42,4,64,0,pruned,6900,2048,0,2048,2048,1
shuffled_logs,42,4,65,1,pruned,5600,2048,0,32,32,1
shuffled_logs,42,4,65,1,scan,5200,2048,0,32,32,1
shuffled_logs,42,4,66,2,scan,5200,2048,0,2,2,1
shuffled_logs,42,4,66,2,pruned,800,128,30,2,2,1
shuffled_logs,42,4,67,3,pruned,163600,512,24,8,8,1
shuffled_logs,42,4,67,3,scan,460100,2048,0,8,8,1
shuffled_logs,42,4,68,4,scan,700600,2048,0,0,0,1
shuffled_logs,42,4,68,4,pruned,900,0,32,0,0,1
shuffled_logs,42,4,69,5,pruned,71000,2048,0,2048,2048,1
shuffled_logs,42,4,69,5,scan,66100,2048,0,2048,2048,1
shuffled_logs,42,4,70,6,scan,748800,2048,0,0,0,1
shuffled_logs,42,4,70,6,pruned,600,0,32,0,0,1
shuffled_logs,42,4,71,7,pruned,200,0,32,0,0,1
shuffled_logs,42,4,71,7,scan,7000,2048,0,0,0,1
shuffled_logs,42,4,72,0,scan,10300,2048,0,2048,2048,1
shuffled_logs,42,4,72,0,pruned,9800,2048,0,2048,2048,1
shuffled_logs,42,4,73,1,pruned,8000,2048,0,32,32,1
shuffled_logs,42,4,73,1,scan,7600,2048,0,32,32,1
shuffled_logs,42,4,74,2,scan,7000,2048,0,2,2,1
shuffled_logs,42,4,74,2,pruned,900,128,30,2,2,1
shuffled_logs,42,4,75,3,pruned,187400,512,24,8,8,1
shuffled_logs,42,4,75,3,scan,577600,2048,0,8,8,1
shuffled_logs,42,4,76,4,scan,421800,2048,0,0,0,1
shuffled_logs,42,4,76,4,pruned,700,0,32,0,0,1
shuffled_logs,42,4,77,5,pruned,39100,2048,0,2048,2048,1
shuffled_logs,42,4,77,5,scan,37400,2048,0,2048,2048,1
shuffled_logs,42,4,78,6,scan,467400,2048,0,0,0,1
shuffled_logs,42,4,78,6,pruned,500,0,32,0,0,1
shuffled_logs,42,4,79,7,pruned,0,0,32,0,0,1
shuffled_logs,42,4,79,7,scan,5500,2048,0,0,0,1
shuffled_logs,42,4,80,0,scan,7200,2048,0,2048,2048,1
shuffled_logs,42,4,80,0,pruned,6400,2048,0,2048,2048,1
shuffled_logs,42,4,81,1,pruned,5500,2048,0,32,32,1
shuffled_logs,42,4,81,1,scan,5100,2048,0,32,32,1
shuffled_logs,42,4,82,2,scan,4900,2048,0,2,2,1
shuffled_logs,42,4,82,2,pruned,600,128,30,2,2,1
shuffled_logs,42,4,83,3,pruned,107600,512,24,8,8,1
shuffled_logs,42,4,83,3,scan,425800,2048,0,8,8,1
shuffled_logs,42,4,84,4,scan,440200,2048,0,0,0,1
shuffled_logs,42,4,84,4,pruned,600,0,32,0,0,1
shuffled_logs,42,4,85,5,pruned,38100,2048,0,2048,2048,1
shuffled_logs,42,4,85,5,scan,36500,2048,0,2048,2048,1
shuffled_logs,42,4,86,6,scan,423100,2048,0,0,0,1
shuffled_logs,42,4,86,6,pruned,400,0,32,0,0,1
shuffled_logs,42,4,87,7,pruned,100,0,32,0,0,1
shuffled_logs,42,4,87,7,scan,5100,2048,0,0,0,1
shuffled_logs,42,4,88,0,scan,6400,2048,0,2048,2048,1
shuffled_logs,42,4,88,0,pruned,6300,2048,0,2048,2048,1
shuffled_logs,42,4,89,1,pruned,5500,2048,0,32,32,1
shuffled_logs,42,4,89,1,scan,5100,2048,0,32,32,1
shuffled_logs,42,4,90,2,scan,4800,2048,0,2,2,1
shuffled_logs,42,4,90,2,pruned,600,128,30,2,2,1
shuffled_logs,42,4,91,3,pruned,107600,512,24,8,8,1
shuffled_logs,42,4,91,3,scan,426600,2048,0,8,8,1
shuffled_logs,42,4,92,4,scan,435800,2048,0,0,0,1
shuffled_logs,42,4,92,4,pruned,600,0,32,0,0,1
shuffled_logs,42,4,93,5,pruned,38100,2048,0,2048,2048,1
shuffled_logs,42,4,93,5,scan,53600,2048,0,2048,2048,1
shuffled_logs,42,4,94,6,scan,761000,2048,0,0,0,1
shuffled_logs,42,4,94,6,pruned,600,0,32,0,0,1
shuffled_logs,42,4,95,7,pruned,100,0,32,0,0,1
shuffled_logs,42,4,95,7,scan,8100,2048,0,0,0,1
shuffled_logs,42,4,96,0,scan,11700,2048,0,2048,2048,1
shuffled_logs,42,4,96,0,pruned,9800,2048,0,2048,2048,1
shuffled_logs,42,4,97,1,pruned,8000,2048,0,32,32,1
shuffled_logs,42,4,97,1,scan,8400,2048,0,32,32,1
shuffled_logs,42,4,98,2,scan,7800,2048,0,2,2,1
shuffled_logs,42,4,98,2,pruned,1000,128,30,2,2,1
shuffled_logs,42,4,99,3,pruned,2549400,512,24,8,8,1
shuffled_logs,42,4,99,3,scan,1280900,2048,0,8,8,1
shuffled_logs,42,4,100,4,scan,787000,2048,0,0,0,1
shuffled_logs,42,4,100,4,pruned,1100,0,32,0,0,1
shuffled_logs,42,4,101,5,pruned,70100,2048,0,2048,2048,1
shuffled_logs,42,4,101,5,scan,65800,2048,0,2048,2048,1
shuffled_logs,42,4,102,6,scan,786200,2048,0,0,0,1
shuffled_logs,42,4,102,6,pruned,500,0,32,0,0,1
shuffled_logs,42,4,103,7,pruned,200,0,32,0,0,1
shuffled_logs,42,4,103,7,scan,7700,2048,0,0,0,1
shuffled_logs,42,4,104,0,scan,11200,2048,0,2048,2048,1
shuffled_logs,42,4,104,0,pruned,10900,2048,0,2048,2048,1
shuffled_logs,42,4,105,1,pruned,27600,2048,0,32,32,1
shuffled_logs,42,4,105,1,scan,8400,2048,0,32,32,1
shuffled_logs,42,4,106,2,scan,7300,2048,0,2,2,1
shuffled_logs,42,4,106,2,pruned,1200,128,30,2,2,1
shuffled_logs,42,4,107,3,pruned,203400,512,24,8,8,1
shuffled_logs,42,4,107,3,scan,854800,2048,0,8,8,1
shuffled_logs,42,4,108,4,scan,851400,2048,0,0,0,1
shuffled_logs,42,4,108,4,pruned,1000,0,32,0,0,1
shuffled_logs,42,4,109,5,pruned,96500,2048,0,2048,2048,1
shuffled_logs,42,4,109,5,scan,75900,2048,0,2048,2048,1
shuffled_logs,42,4,110,6,scan,853600,2048,0,0,0,1
shuffled_logs,42,4,110,6,pruned,600,0,32,0,0,1
shuffled_logs,42,4,111,7,pruned,200,0,32,0,0,1
shuffled_logs,42,4,111,7,scan,8600,2048,0,0,0,1
shuffled_logs,42,4,112,0,scan,12000,2048,0,2048,2048,1
shuffled_logs,42,4,112,0,pruned,10800,2048,0,2048,2048,1
shuffled_logs,42,4,113,1,pruned,8900,2048,0,32,32,1
shuffled_logs,42,4,113,1,scan,8400,2048,0,32,32,1
shuffled_logs,42,4,114,2,scan,7700,2048,0,2,2,1
shuffled_logs,42,4,114,2,pruned,1100,128,30,2,2,1
shuffled_logs,42,4,115,3,pruned,217600,512,24,8,8,1
shuffled_logs,42,4,115,3,scan,917200,2048,0,8,8,1
shuffled_logs,42,4,116,4,scan,857200,2048,0,0,0,1
shuffled_logs,42,4,116,4,pruned,900,0,32,0,0,1
shuffled_logs,42,4,117,5,pruned,80500,2048,0,2048,2048,1
shuffled_logs,42,4,117,5,scan,100700,2048,0,2048,2048,1
shuffled_logs,42,4,118,6,scan,905600,2048,0,0,0,1
shuffled_logs,42,4,118,6,pruned,800,0,32,0,0,1
shuffled_logs,42,4,119,7,pruned,200,0,32,0,0,1
shuffled_logs,42,4,119,7,scan,8000,2048,0,0,0,1
shuffled_logs,42,4,120,0,scan,11800,2048,0,2048,2048,1
shuffled_logs,42,4,120,0,pruned,10400,2048,0,2048,2048,1
shuffled_logs,42,4,121,1,pruned,9000,2048,0,32,32,1
shuffled_logs,42,4,121,1,scan,8300,2048,0,32,32,1
shuffled_logs,42,4,122,2,scan,7600,2048,0,2,2,1
shuffled_logs,42,4,122,2,pruned,1100,128,30,2,2,1
shuffled_logs,42,4,123,3,pruned,218300,512,24,8,8,1
shuffled_logs,42,4,123,3,scan,884400,2048,0,8,8,1
shuffled_logs,42,4,124,4,scan,852200,2048,0,0,0,1
shuffled_logs,42,4,124,4,pruned,1000,0,32,0,0,1
shuffled_logs,42,4,125,5,pruned,84700,2048,0,2048,2048,1
shuffled_logs,42,4,125,5,scan,79900,2048,0,2048,2048,1
shuffled_logs,42,4,126,6,scan,831200,2048,0,0,0,1
shuffled_logs,42,4,126,6,pruned,600,0,32,0,0,1
shuffled_logs,42,4,127,7,pruned,200,0,32,0,0,1
shuffled_logs,42,4,127,7,scan,7700,2048,0,0,0,1
shuffled_logs,43,0,0,0,scan,7400,2048,0,2048,2048,1
shuffled_logs,43,0,0,0,pruned,6400,2048,0,2048,2048,1
shuffled_logs,43,0,1,1,pruned,4600,1664,6,32,32,1
shuffled_logs,43,0,1,1,scan,5200,2048,0,32,32,1
shuffled_logs,43,0,2,2,scan,4800,2048,0,2,2,1
shuffled_logs,43,0,2,2,pruned,600,128,30,2,2,1
shuffled_logs,43,0,3,3,pruned,107700,512,24,8,8,1
shuffled_logs,43,0,3,3,scan,425800,2048,0,8,8,1
shuffled_logs,43,0,4,4,scan,423900,2048,0,0,0,1
shuffled_logs,43,0,4,4,pruned,500,0,32,0,0,1
shuffled_logs,43,0,5,5,pruned,40100,2048,0,2048,2048,1
shuffled_logs,43,0,5,5,scan,39200,2048,0,2048,2048,1
shuffled_logs,43,0,6,6,scan,422200,2048,0,0,0,1
shuffled_logs,43,0,6,6,pruned,400,0,32,0,0,1
shuffled_logs,43,0,7,7,pruned,100,0,32,0,0,1
shuffled_logs,43,0,7,7,scan,5000,2048,0,0,0,1
shuffled_logs,43,0,8,0,scan,6300,2048,0,2048,2048,1
shuffled_logs,43,0,8,0,pruned,6200,2048,0,2048,2048,1
shuffled_logs,43,0,9,1,pruned,5400,2048,0,32,32,1
shuffled_logs,43,0,9,1,scan,5100,2048,0,32,32,1
shuffled_logs,43,0,10,2,scan,4600,2048,0,2,2,1
shuffled_logs,43,0,10,2,pruned,600,128,30,2,2,1
shuffled_logs,43,0,11,3,pruned,123300,512,24,8,8,1
shuffled_logs,43,0,11,3,scan,435600,2048,0,8,8,1
shuffled_logs,43,0,12,4,scan,424200,2048,0,0,0,1
shuffled_logs,43,0,12,4,pruned,500,0,32,0,0,1
shuffled_logs,43,0,13,5,pruned,37000,2048,0,2048,2048,1
shuffled_logs,43,0,13,5,scan,35800,2048,0,2048,2048,1
shuffled_logs,43,0,14,6,scan,420800,2048,0,0,0,1
shuffled_logs,43,0,14,6,pruned,300,0,32,0,0,1
shuffled_logs,43,0,15,7,pruned,0,0,32,0,0,1
shuffled_logs,43,0,15,7,scan,5000,2048,0,0,0,1
shuffled_logs,43,0,16,0,scan,6400,2048,0,2048,2048,1
shuffled_logs,43,0,16,0,pruned,6300,2048,0,2048,2048,1
shuffled_logs,43,0,17,1,pruned,5400,2048,0,32,32,1
shuffled_logs,43,0,17,1,scan,5100,2048,0,32,32,1
shuffled_logs,43,0,18,2,scan,4700,2048,0,2,2,1
shuffled_logs,43,0,18,2,pruned,600,128,30,2,2,1
shuffled_logs,43,0,19,3,pruned,129800,512,24,8,8,1
shuffled_logs,43,0,19,3,scan,427100,2048,0,8,8,1
shuffled_logs,43,0,20,4,scan,431500,2048,0,0,0,1
shuffled_logs,43,0,20,4,pruned,600,0,32,0,0,1
shuffled_logs,43,0,21,5,pruned,36700,2048,0,2048,2048,1
shuffled_logs,43,0,21,5,scan,35600,2048,0,2048,2048,1
shuffled_logs,43,0,22,6,scan,421800,2048,0,0,0,1
shuffled_logs,43,0,22,6,pruned,300,0,32,0,0,1
shuffled_logs,43,0,23,7,pruned,100,0,32,0,0,1
shuffled_logs,43,0,23,7,scan,4900,2048,0,0,0,1
shuffled_logs,43,0,24,0,scan,6300,2048,0,2048,2048,1
shuffled_logs,43,0,24,0,pruned,6200,2048,0,2048,2048,1
shuffled_logs,43,0,25,1,pruned,5300,2048,0,32,32,1
shuffled_logs,43,0,25,1,scan,5100,2048,0,32,32,1
shuffled_logs,43,0,26,2,scan,4700,2048,0,2,2,1
shuffled_logs,43,0,26,2,pruned,700,128,30,2,2,1
shuffled_logs,43,0,27,3,pruned,123600,512,24,8,8,1
shuffled_logs,43,0,27,3,scan,441500,2048,0,8,8,1
shuffled_logs,43,0,28,4,scan,430200,2048,0,0,0,1
shuffled_logs,43,0,28,4,pruned,700,0,32,0,0,1
shuffled_logs,43,0,29,5,pruned,37400,2048,0,2048,2048,1
shuffled_logs,43,0,29,5,scan,38200,2048,0,2048,2048,1
shuffled_logs,43,0,30,6,scan,445500,2048,0,0,0,1
shuffled_logs,43,0,30,6,pruned,400,0,32,0,0,1
shuffled_logs,43,0,31,7,pruned,100,0,32,0,0,1
shuffled_logs,43,0,31,7,scan,5000,2048,0,0,0,1
shuffled_logs,43,0,32,0,scan,7200,2048,0,2048,2048,1
shuffled_logs,43,0,32,0,pruned,6300,2048,0,2048,2048,1
shuffled_logs,43,0,33,1,pruned,5400,2048,0,32,32,1
shuffled_logs,43,0,33,1,scan,5200,2048,0,32,32,1
shuffled_logs,43,0,34,2,scan,4800,2048,0,2,2,1
shuffled_logs,43,0,34,2,pruned,500,128,30,2,2,1
shuffled_logs,43,0,35,3,pruned,107300,512,24,8,8,1
shuffled_logs,43,0,35,3,scan,425300,2048,0,8,8,1
shuffled_logs,43,0,36,4,scan,440900,2048,0,0,0,1
shuffled_logs,43,0,36,4,pruned,700,0,32,0,0,1
shuffled_logs,43,0,37,5,pruned,37400,2048,0,2048,2048,1
shuffled_logs,43,0,37,5,scan,35600,2048,0,2048,2048,1
shuffled_logs,43,0,38,6,scan,422200,2048,0,0,0,1
shuffled_logs,43,0,38,6,pruned,300,0,32,0,0,1
shuffled_logs,43,0,39,7,pruned,100,0,32,0,0,1
shuffled_logs,43,0,39,7,scan,5100,2048,0,0,0,1
shuffled_logs,43,0,40,0,scan,6500,2048,0,2048,2048,1
shuffled_logs,43,0,40,0,pruned,6300,2048,0,2048,2048,1
shuffled_logs,43,0,41,1,pruned,5500,2048,0,32,32,1
shuffled_logs,43,0,41,1,scan,5200,2048,0,32,32,1
shuffled_logs,43,0,42,2,scan,4800,2048,0,2,2,1
shuffled_logs,43,0,42,2,pruned,700,128,30,2,2,1
shuffled_logs,43,0,43,3,pruned,106900,512,24,8,8,1
shuffled_logs,43,0,43,3,scan,450900,2048,0,8,8,1
shuffled_logs,43,0,44,4,scan,423300,2048,0,0,0,1
shuffled_logs,43,0,44,4,pruned,600,0,32,0,0,1
shuffled_logs,43,0,45,5,pruned,38300,2048,0,2048,2048,1
shuffled_logs,43,0,45,5,scan,36500,2048,0,2048,2048,1
shuffled_logs,43,0,46,6,scan,443300,2048,0,0,0,1
shuffled_logs,43,0,46,6,pruned,31700,128,30,0,0,1
shuffled_logs,43,0,47,7,pruned,100,0,32,0,0,1
shuffled_logs,43,0,47,7,scan,8500,2048,0,0,0,1
shuffled_logs,43,0,48,0,scan,12000,2048,0,2048,2048,1
shuffled_logs,43,0,48,0,pruned,6600,2048,0,2048,2048,1
shuffled_logs,43,0,49,1,pruned,5500,2048,0,32,32,1
shuffled_logs,43,0,49,1,scan,5300,2048,0,32,32,1
shuffled_logs,43,0,50,2,scan,4900,2048,0,2,2,1
shuffled_logs,43,0,50,2,pruned,600,128,30,2,2,1
shuffled_logs,43,0,51,3,pruned,161100,512,24,8,8,1
shuffled_logs,43,0,51,3,scan,475500,2048,0,8,8,1
shuffled_logs,43,0,52,4,scan,440700,2048,0,0,0,1
shuffled_logs,43,0,52,4,pruned,700,0,32,0,0,1
shuffled_logs,43,0,53,5,pruned,37800,2048,0,2048,2048,1
shuffled_logs,43,0,53,5,scan,36100,2048,0,2048,2048,1
shuffled_logs,43,0,54,6,scan,421800,2048,0,0,0,1
shuffled_logs,43,0,54,6,pruned,26700,128,30,0,0,1
shuffled_logs,43,0,55,7,pruned,100,0,32,0,0,1
shuffled_logs,43,0,55,7,scan,5100,2048,0,0,0,1
shuffled_logs,43,0,56,0,scan,6400,2048,0,2048,2048,1
shuffled_logs,43,0,56,0,pruned,6200,2048,0,2048,2048,1
shuffled_logs,43,0,57,1,pruned,5300,2048,0,32,32,1
shuffled_logs,43,0,57,1,scan,5100,2048,0,32,32,1
shuffled_logs,43,0,58,2,scan,4800,2048,0,2,2,1
shuffled_logs,43,0,58,2,pruned,600,128,30,2,2,1
shuffled_logs,43,0,59,3,pruned,107100,512,24,8,8,1
shuffled_logs,43,0,59,3,scan,426500,2048,0,8,8,1
shuffled_logs,43,0,60,4,scan,426400,2048,0,0,0,1
shuffled_logs,43,0,60,4,pruned,600,0,32,0,0,1
shuffled_logs,43,0,61,5,pruned,38800,2048,0,2048,2048,1
shuffled_logs,43,0,61,5,scan,36500,2048,0,2048,2048,1
shuffled_logs,43,0,62,6,scan,440000,2048,0,0,0,1
shuffled_logs,43,0,62,6,pruned,26700,128,30,0,0,1
shuffled_logs,43,0,63,7,pruned,100,0,32,0,0,1
shuffled_logs,43,0,63,7,scan,5100,2048,0,0,0,1
shuffled_logs,43,0,64,0,scan,7400,2048,0,2048,2048,1
shuffled_logs,43,0,64,0,pruned,6300,2048,0,2048,2048,1
shuffled_logs,43,0,65,1,pruned,5400,2048,0,32,32,1
shuffled_logs,43,0,65,1,scan,5200,2048,0,32,32,1
shuffled_logs,43,0,66,2,scan,4800,2048,0,2,2,1
shuffled_logs,43,0,66,2,pruned,600,128,30,2,2,1
shuffled_logs,43,0,67,3,pruned,107200,512,24,8,8,1
shuffled_logs,43,0,67,3,scan,425900,2048,0,8,8,1
shuffled_logs,43,0,68,4,scan,424200,2048,0,0,0,1
shuffled_logs,43,0,68,4,pruned,500,0,32,0,0,1
shuffled_logs,43,0,69,5,pruned,44300,2048,0,2048,2048,1
shuffled_logs,43,0,69,5,scan,36900,2048,0,2048,2048,1
shuffled_logs,43,0,70,6,scan,578700,2048,0,0,0,1
shuffled_logs,43,0,70,6,pruned,35000,128,30,0,0,1
shuffled_logs,43,0,71,7,pruned,200,0,32,0,0,1
shuffled_logs,43,0,71,7,scan,11800,2048,0,0,0,1
shuffled_logs,43,0,72,0,scan,10000,2048,0,2048,2048,1
shuffled_logs,43,0,72,0,pruned,6800,2048,0,2048,2048,1
shuffled_logs,43,0,73,1,pruned,5700,2048,0,32,32,1
shuffled_logs,43,0,73,1,scan,5200,2048,0,32,32,1
shuffled_logs,43,0,74,2,scan,4800,2048,0,2,2,1
shuffled_logs,43,0,74,2,pruned,700,128,30,2,2,1
shuffled_logs,43,0,75,3,pruned,114500,512,24,8,8,1
shuffled_logs,43,0,75,3,scan,440600,2048,0,8,8,1
shuffled_logs,43,0,76,4,scan,424300,2048,0,0,0,1
shuffled_logs,43,0,76,4,pruned,600,0,32,0,0,1
shuffled_logs,43,0,77,5,pruned,40300,2048,0,2048,2048,1
shuffled_logs,43,0,77,5,scan,39500,2048,0,2048,2048,1
shuffled_logs,43,0,78,6,scan,439600,2048,0,0,0,1
shuffled_logs,43,0,78,6,pruned,500,0,32,0,0,1
shuffled_logs,43,0,79,7,pruned,300,0,32,0,0,1
shuffled_logs,43,0,79,7,scan,5100,2048,0,0,0,1
shuffled_logs,43,0,80,0,scan,7300,2048,0,2048,2048,1
shuffled_logs,43,0,80,0,pruned,6300,2048,0,2048,2048,1
shuffled_logs,43,0,81,1,pruned,5400,2048,0,32,32,1
shuffled_logs,43,0,81,1,scan,5000,2048,0,32,32,1
shuffled_logs,43,0,82,2,scan,4600,2048,0,2,2,1
shuffled_logs,43,0,82,2,pruned,600,128,30,2,2,1
shuffled_logs,43,0,83,3,pruned,107300,512,24,8,8,1
shuffled_logs,43,0,83,3,scan,427200,2048,0,8,8,1
shuffled_logs,43,0,84,4,scan,431500,2048,0,0,0,1
shuffled_logs,43,0,84,4,pruned,500,0,32,0,0,1
shuffled_logs,43,0,85,5,pruned,37100,2048,0,2048,2048,1
shuffled_logs,43,0,85,5,scan,36200,2048,0,2048,2048,1
shuffled_logs,43,0,86,6,scan,422000,2048,0,0,0,1
shuffled_logs,43,0,86,6,pruned,300,0,32,0,0,1
shuffled_logs,43,0,87,7,pruned,0,0,32,0,0,1
shuffled_logs,43,0,87,7,scan,5000,2048,0,0,0,1
shuffled_logs,43,0,88,0,scan,6300,2048,0,2048,2048,1
shuffled_logs,43,0,88,0,pruned,6100,2048,0,2048,2048,1
shuffled_logs,43,0,89,1,pruned,5400,2048,0,32,32,1
shuffled_logs,43,0,89,1,scan,5100,2048,0,32,32,1
shuffled_logs,43,0,90,2,scan,4700,2048,0,2,2,1
shuffled_logs,43,0,90,2,pruned,800,128,30,2,2,1
shuffled_logs,43,0,91,3,pruned,124100,512,24,8,8,1
shuffled_logs,43,0,91,3,scan,441100,2048,0,8,8,1
shuffled_logs,43,0,92,4,scan,422200,2048,0,0,0,1
shuffled_logs,43,0,92,4,pruned,500,0,32,0,0,1
shuffled_logs,43,0,93,5,pruned,37200,2048,0,2048,2048,1
shuffled_logs,43,0,93,5,scan,35500,2048,0,2048,2048,1
shuffled_logs,43,0,94,6,scan,421600,2048,0,0,0,1
shuffled_logs,43,0,94,6,pruned,400,0,32,0,0,1
shuffled_logs,43,0,95,7,pruned,100,0,32,0,0,1
shuffled_logs,43,0,95,7,scan,5000,2048,0,0,0,1
shuffled_logs,43,0,96,0,scan,6400,2048,0,2048,2048,1
shuffled_logs,43,0,96,0,pruned,6100,2048,0,2048,2048,1
shuffled_logs,43,0,97,1,pruned,5400,2048,0,32,32,1
shuffled_logs,43,0,97,1,scan,5100,2048,0,32,32,1
shuffled_logs,43,0,98,2,scan,4800,2048,0,2,2,1
shuffled_logs,43,0,98,2,pruned,600,128,30,2,2,1
shuffled_logs,43,0,99,3,pruned,107000,512,24,8,8,1
shuffled_logs,43,0,99,3,scan,440500,2048,0,8,8,1
shuffled_logs,43,0,100,4,scan,434500,2048,0,0,0,1
shuffled_logs,43,0,100,4,pruned,700,0,32,0,0,1
shuffled_logs,43,0,101,5,pruned,38100,2048,0,2048,2048,1
shuffled_logs,43,0,101,5,scan,36300,2048,0,2048,2048,1
shuffled_logs,43,0,102,6,scan,420300,2048,0,0,0,1
shuffled_logs,43,0,102,6,pruned,300,0,32,0,0,1
shuffled_logs,43,0,103,7,pruned,100,0,32,0,0,1
shuffled_logs,43,0,103,7,scan,5100,2048,0,0,0,1
shuffled_logs,43,0,104,0,scan,6300,2048,0,2048,2048,1
shuffled_logs,43,0,104,0,pruned,6200,2048,0,2048,2048,1
shuffled_logs,43,0,105,1,pruned,5400,2048,0,32,32,1
shuffled_logs,43,0,105,1,scan,5100,2048,0,32,32,1
shuffled_logs,43,0,106,2,scan,4800,2048,0,2,2,1
shuffled_logs,43,0,106,2,pruned,600,128,30,2,2,1
shuffled_logs,43,0,107,3,pruned,107500,512,24,8,8,1
shuffled_logs,43,0,107,3,scan,426600,2048,0,8,8,1
shuffled_logs,43,0,108,4,scan,424200,2048,0,0,0,1
shuffled_logs,43,0,108,4,pruned,500,0,32,0,0,1
shuffled_logs,43,0,109,5,pruned,54000,2048,0,2048,2048,1
shuffled_logs,43,0,109,5,scan,37900,2048,0,2048,2048,1
shuffled_logs,43,0,110,6,scan,433900,2048,0,0,0,1
shuffled_logs,43,0,110,6,pruned,400,0,32,0,0,1
shuffled_logs,43,0,111,7,pruned,200,0,32,0,0,1
shuffled_logs,43,0,111,7,scan,5800,2048,0,0,0,1
shuffled_logs,43,0,112,0,scan,8000,2048,0,2048,2048,1
shuffled_logs,43,0,112,0,pruned,6400,2048,0,2048,2048,1
shuffled_logs,43,0,113,1,pruned,5600,2048,0,32,32,1
shuffled_logs,43,0,113,1,scan,5200,2048,0,32,32,1
shuffled_logs,43,0,114,2,scan,4700,2048,0,2,2,1
shuffled_logs,43,0,114,2,pruned,600,128,30,2,2,1
shuffled_logs,43,0,115,3,pruned,108500,512,24,8,8,1
shuffled_logs,43,0,115,3,scan,426300,2048,0,8,8,1
shuffled_logs,43,0,116,4,scan,435500,2048,0,0,0,1
shuffled_logs,43,0,116,4,pruned,500,0,32,0,0,1
shuffled_logs,43,0,117,5,pruned,35700,2048,0,2048,2048,1
shuffled_logs,43,0,117,5,scan,34900,2048,0,2048,2048,1
shuffled_logs,43,0,118,6,scan,423700,2048,0,0,0,1
shuffled_logs,43,0,118,6,pruned,400,0,32,0,0,1
shuffled_logs,43,0,119,7,pruned,100,0,32,0,0,1
shuffled_logs,43,0,119,7,scan,5100,2048,0,0,0,1
shuffled_logs,43,0,120,0,scan,7100,2048,0,2048,2048,1
shuffled_logs,43,0,120,0,pruned,6000,2048,0,2048,2048,1
shuffled_logs,43,0,121,1,pruned,5200,2048,0,32,32,1
shuffled_logs,43,0,121,1,scan,5000,2048,0,32,32,1
shuffled_logs,43,0,122,2,scan,4600,2048,0,2,2,1
shuffled_logs,43,0,122,2,pruned,700,128,30,2,2,1
shuffled_logs,43,0,123,3,pruned,104000,512,24,8,8,1
shuffled_logs,43,0,123,3,scan,413400,2048,0,8,8,1
shuffled_logs,43,0,124,4,scan,412600,2048,0,0,0,1
shuffled_logs,43,0,124,4,pruned,500,0,32,0,0,1
shuffled_logs,43,0,125,5,pruned,35000,2048,0,2048,2048,1
shuffled_logs,43,0,125,5,scan,34300,2048,0,2048,2048,1
shuffled_logs,43,0,126,6,scan,465000,2048,0,0,0,1
shuffled_logs,43,0,126,6,pruned,900,0,32,0,0,1
shuffled_logs,43,0,127,7,pruned,100,0,32,0,0,1
shuffled_logs,43,0,127,7,scan,9800,2048,0,0,0,1
shuffled_logs,43,1,0,0,pruned,9500,2048,0,2048,2048,1
shuffled_logs,43,1,0,0,scan,6600,2048,0,2048,2048,1
shuffled_logs,43,1,1,1,scan,5600,2048,0,32,32,1
shuffled_logs,43,1,1,1,pruned,4500,1664,6,32,32,1
shuffled_logs,43,1,2,2,pruned,700,128,30,2,2,1
shuffled_logs,43,1,2,2,scan,5000,2048,0,2,2,1
shuffled_logs,43,1,3,3,scan,430300,2048,0,8,8,1
shuffled_logs,43,1,3,3,pruned,104300,512,24,8,8,1
shuffled_logs,43,1,4,4,pruned,500,0,32,0,0,1
shuffled_logs,43,1,4,4,scan,647600,2048,0,0,0,1
shuffled_logs,43,1,5,5,scan,81600,2048,0,2048,2048,1
shuffled_logs,43,1,5,5,pruned,64800,2048,0,2048,2048,1
shuffled_logs,43,1,6,6,pruned,700,0,32,0,0,1
shuffled_logs,43,1,6,6,scan,435800,2048,0,0,0,1
shuffled_logs,43,1,7,7,scan,5700,2048,0,0,0,1
shuffled_logs,43,1,7,7,pruned,200,0,32,0,0,1
shuffled_logs,43,1,8,0,pruned,7700,2048,0,2048,2048,1
shuffled_logs,43,1,8,0,scan,6300,2048,0,2048,2048,1
shuffled_logs,43,1,9,1,scan,5500,2048,0,32,32,1
shuffled_logs,43,1,9,1,pruned,5400,2048,0,32,32,1
shuffled_logs,43,1,10,2,pruned,700,128,30,2,2,1
shuffled_logs,43,1,10,2,scan,4900,2048,0,2,2,1
shuffled_logs,43,1,11,3,scan,415900,2048,0,8,8,1
shuffled_logs,43,1,11,3,pruned,104400,512,24,8,8,1
shuffled_logs,43,1,12,4,pruned,500,0,32,0,0,1
shuffled_logs,43,1,12,4,scan,410600,2048,0,0,0,1
shuffled_logs,43,1,13,5,scan,36600,2048,0,2048,2048,1
shuffled_logs,43,1,13,5,pruned,36200,2048,0,2048,2048,1
shuffled_logs,43,1,14,6,pruned,400,0,32,0,0,1
shuffled_logs,43,1,14,6,scan,409500,2048,0,0,0,1
shuffled_logs,43,1,15,7,scan,5400,2048,0,0,0,1
shuffled_logs,43,1,15,7,pruned,0,0,32,0,0,1
shuffled_logs,43,1,16,0,pruned,6500,2048,0,2048,2048,1
shuffled_logs,43,1,16,0,scan,6200,2048,0,2048,2048,1
shuffled_logs,43,1,17,1,scan,5400,2048,0,32,32,1
shuffled_logs,43,1,17,1,pruned,5400,2048,0,32,32,1
shuffled_logs,43,1,18,2,pruned,600,128,30,2,2,1
shuffled_logs,43,1,18,2,scan,5000,2048,0,2,2,1
shuffled_logs,43,1,19,3,scan,431500,2048,0,8,8,1
shuffled_logs,43,1,19,3,pruned,104600,512,24,8,8,1
shuffled_logs,43,1,20,4,pruned,400,0,32,0,0,1
shuffled_logs,43,1,20,4,scan,425300,2048,0,0,0,1
shuffled_logs,43,1,21,5,scan,37500,2048,0,2048,2048,1
shuffled_logs,43,1,21,5,pruned,36100,2048,0,2048,2048,1
shuffled_logs,43,1,22,6,pruned,400,0,32,0,0,1
shuffled_logs,43,1,22,6,scan,409200,2048,0,0,0,1
shuffled_logs,43,1,23,7,scan,5300,2048,0,0,0,1
shuffled_logs,43,1,23,7,pruned,100,0,32,0,0,1
shuffled_logs,43,1,24,0,pruned,6800,2048,0,2048,2048,1
shuffled_logs,43,1,24,0,scan,6200,2048,0,2048,2048,1
shuffled_logs,43,1,25,1,scan,5400,2048,0,32,32,1
shuffled_logs,43,1,25,1,pruned,5300,2048,0,32,32,1
shuffled_logs,43,1,26,2,pruned,700,128,30,2,2,1
shuffled_logs,43,1,26,2,scan,5000,2048,0,2,2,1
shuffled_logs,43,1,27,3,scan,438900,2048,0,8,8,1
shuffled_logs,43,1,27,3,pruned,183200,512,24,8,8,1
shuffled_logs,43,1,28,4,pruned,700,0,32,0,0,1
shuffled_logs,43,1,28,4,scan,542700,2048,0,0,0,1
shuffled_logs,43,1,29,5,scan,48500,2048,0,2048,2048,1
shuffled_logs,43,1,29,5,pruned,37200,2048,0,2048,2048,1
shuffled_logs,43,1,30,6,pruned,400,0,32,0,0,1
shuffled_logs,43,1,30,6,scan,409900,2048,0,0,0,1
shuffled_logs,43,1,31,7,scan,5900,2048,0,0,0,1
shuffled_logs,43,1,31,7,pruned,100,0,32,0,0,1
shuffled_logs,43,1,32,0,pruned,6600,2048,0,2048,2048,1
shuffled_logs,43,1,32,0,scan,6300,2048,0,2048,2048,1
shuffled_logs,43,1,33,1,scan,5600,2048,0,32,32,1
shuffled_logs,43,1,33,1,pruned,5300,2048,0,32,32,1
shuffled_logs,43,1,34,2,pruned,600,128,30,2,2,1
shuffled_logs,43,1,34,2,scan,4900,2048,0,2,2,1
shuffled_logs,43,1,35,3,scan,414700,2048,0,8,8,1
shuffled_logs,43,1,35,3,pruned,183400,512,24,8,8,1
shuffled_logs,43,1,36,4,pruned,800,0,32,0,0,1
shuffled_logs,43,1,36,4,scan,632200,2048,0,0,0,1
shuffled_logs,43,1,37,5,scan,144600,2048,0,2048,2048,1
shuffled_logs,43,1,37,5,pruned,104000,2048,0,2048,2048,1
shuffled_logs,43,1,38,6,pruned,600,0,32,0,0,1
shuffled_logs,43,1,38,6,scan,695900,2048,0,0,0,1
shuffled_logs,43,1,39,7,scan,14600,2048,0,0,0,1
shuffled_logs,43,1,39,7,pruned,200,0,32,0,0,1
shuffled_logs,43,1,40,0,pruned,12500,2048,0,2048,2048,1
shuffled_logs,43,1,40,0,scan,8900,2048,0,2048,2048,1
shuffled_logs,43,1,41,1,scan,7500,2048,0,32,32,1
shuffled_logs,43,1,41,1,pruned,7900,2048,0,32,32,1
shuffled_logs,43,1,42,2,pruned,1500,128,30,2,2,1
shuffled_logs,43,1,42,2,scan,8400,2048,0,2,2,1
shuffled_logs,43,1,43,3,scan,692900,2048,0,8,8,1
shuffled_logs,43,1,43,3,pruned,161600,512,24,8,8,1
shuffled_logs,43,1,44,4,pruned,700,0,32,0,0,1
shuffled_logs,43,1,44,4,scan,619100,2048,0,0,0,1
shuffled_logs,43,1,45,5,scan,64800,2048,0,2048,2048,1
shuffled_logs,43,1,45,5,pruned,56400,2048,0,2048,2048,1
shuffled_logs,43,1,46,6,pruned,41200,128,30,0,0,1
shuffled_logs,43,1,46,6,scan,677300,2048,0,0,0,1
shuffled_logs,43,1,47,7,scan,9100,2048,0,0,0,1
shuffled_logs,43,1,47,7,pruned,100,0,32,0,0,1
shuffled_logs,43,1,48,0,pruned,11000,2048,0,2048,2048,1
shuffled_logs,43,1,48,0,scan,9100,2048,0,2048,2048,1
shuffled_logs,43,1,49,1,scan,7700,2048,0,32,32,1
shuffled_logs,43,1,49,1,pruned,7400,2048,0,32,32,1
shuffled_logs,43,1,50,2,pruned,1000,128,30,2,2,1
shuffled_logs,43,1,50,2,scan,6800,2048,0,2,2,1
shuffled_logs,43,1,51,3,scan,651800,2048,0,8,8,1
shuffled_logs,43,1,51,3,pruned,156800,512,24,8,8,1
shuffled_logs,43,1,52,4,pruned,700,0,32,0,0,1
shuffled_logs,43,1,52,4,scan,619100,2048,0,0,0,1
shuffled_logs,43,1,53,5,scan,67600,2048,0,2048,2048,1
shuffled_logs,43,1,53,5,pruned,62300,2048,0,2048,2048,1
shuffled_logs,43,1,54,6,pruned,39700,128,30,0,0,1
shuffled_logs,43,1,54,6,scan,701900,2048,0,0,0,1
shuffled_logs,43,1,55,7,scan,8800,2048,0,0,0,1
shuffled_logs,43,1,55,7,pruned,100,0,32,0,0,1
shuffled_logs,43,1,56,0,pruned,12200,2048,0,2048,2048,1
shuffled_logs,43,1,56,0,scan,10400,2048,0,2048,2048,1
shuffled_logs,43,1,57,1,scan,8800,2048,0,32,32,1
shuffled_logs,43,1,57,1,pruned,7800,2048,0,32,32,1
shuffled_logs,43,1,58,2,pruned,1000,128,30,2,2,1
shuffled_logs,43,1,58,2,scan,7400,2048,0,2,2,1
shuffled_logs,43,1,59,3,scan,642100,2048,0,8,8,1
shuffled_logs,43,1,59,3,pruned,166600,512,24,8,8,1
shuffled_logs,43,1,60,4,pruned,800,0,32,0,0,1
shuffled_logs,43,1,60,4,scan,593500,2048,0,0,0,1
shuffled_logs,43,1,61,5,scan,74200,2048,0,2048,2048,1
shuffled_logs,43,1,61,5,pruned,70800,2048,0,2048,2048,1
shuffled_logs,43,1,62,6,pruned,26300,128,30,0,0,1
shuffled_logs,43,1,62,6,scan,608400,2048,0,0,0,1
shuffled_logs,43,1,63,7,scan,9000,2048,0,0,0,1
shuffled_logs,43,1,63,7,pruned,200,0,32,0,0,1
shuffled_logs,43,1,64,0,pruned,11800,2048,0,2048,2048,1
shuffled_logs,43,1,64,0,scan,9700,2048,0,2048,2048,1
shuffled_logs,43,1,65,1,scan,11200,2048,0,32,32,1
shuffled_logs,43,1,65,1,pruned,8900,2048,0,32,32,1
shuffled_logs,43,1,66,2,pruned,1200,128,30,2,2,1
shuffled_logs,43,1,66,2,scan,7200,2048,0,2,2,1
shuffled_logs,43,1,67,3,scan,643800,2048,0,8,8,1
shuffled_logs,43,1,67,3,pruned,104900,512,24,8,8,1
shuffled_logs,43,1,68,4,pruned,500,0,32,0,0,1
shuffled_logs,43,1,68,4,scan,605600,2048,0,0,0,1
shuffled_logs,43,1,69,5,scan,66200,2048,0,2048,2048,1
shuffled_logs,43,1,69,5,pruned,64000,2048,0,2048,2048,1
shuffled_logs,43,1,70,6,pruned,45700,128,30,0,0,1
shuffled_logs,43,1,70,6,scan,780800,2048,0,0,0,1
shuffled_logs,43,1,71,7,scan,13000,2048,0,0,0,1
shuffled_logs,43,1,71,7,pruned,200,0,32,0,0,1
shuffled_logs,43,1,72,0,pruned,47200,2048,0,2048,2048,1
shuffled_logs,43,1,72,0,scan,12000,2048,0,2048,2048,1
shuffled_logs,43,1,73,1,scan,7900,2048,0,32,32,1
shuffled_logs,43,1,73,1,pruned,7500,2048,0,32,32,1
shuffled_logs,43,1,74,2,pruned,900,128,30,2,2,1
shuffled_logs,43,1,74,2,scan,6800,2048,0,2,2,1
shuffled_logs,43,1,75,3,scan,676600,2048,0,8,8,1
shuffled_logs,43,1,75,3,pruned,178800,512,24,8,8,1
shuffled_logs,43,1,76,4,pruned,800,0,32,0,0,1
shuffled_logs,43,1,76,4,scan,714100,2048,0,0,0,1
shuffled_logs,43,1,77,5,scan,79400,2048,0,2048,2048,1
shuffled_logs,43,1,77,5,pruned,93900,2048,0,2048,2048,1
shuffled_logs,43,1,78,6,pruned,600,0,32,0,0,1
shuffled_logs,43,1,78,6,scan,739600,2048,0,0,0,1
shuffled_logs,43,1,79,7,scan,9100,2048,0,0,0,1
shuffled_logs,43,1,79,7,pruned,200,0,32,0,0,1
shuffled_logs,43,1,80,0,pruned,12100,2048,0,2048,2048,1
shuffled_logs,43,1,80,0,scan,10300,2048,0,2048,2048,1
shuffled_logs,43,1,81,1,scan,8200,2048,0,32,32,1
shuffled_logs,43,1,81,1,pruned,8200,2048,0,32,32,1
shuffled_logs,43,1,82,2,pruned,800,128,30,2,2,1
shuffled_logs,43,1,82,2,scan,7100,2048,0,2,2,1
shuffled_logs,43,1,83,3,scan,1791800,2048,0,8,8,1
shuffled_logs,43,1,83,3,pruned,188800,512,24,8,8,1
shuffled_logs,43,1,84,4,pruned,900,0,32,0,0,1
shuffled_logs,43,1,84,4,scan,911100,2048,0,0,0,1
shuffled_logs,43,1,85,5,scan,250400,2048,0,2048,2048,1
shuffled_logs,43,1,85,5,pruned,185000,2048,0,2048,2048,1
shuffled_logs,43,1,86,6,pruned,1300,0,32,0,0,1
shuffled_logs,43,1,86,6,scan,800800,2048,0,0,0,1
shuffled_logs,43,1,87,7,scan,11700,2048,0,0,0,1
shuffled_logs,43,1,87,7,pruned,200,0,32,0,0,1
shuffled_logs,43,1,88,0,pruned,12900,2048,0,2048,2048,1
shuffled_logs,43,1,88,0,scan,10800,2048,0,2048,2048,1
shuffled_logs,43,1,89,1,scan,8400,2048,0,32,32,1
shuffled_logs,43,1,89,1,pruned,8300,2048,0,32,32,1
shuffled_logs,43,1,90,2,pruned,1400,128,30,2,2,1
shuffled_logs,43,1,90,2,scan,7600,2048,0,2,2,1
shuffled_logs,43,1,91,3,scan,763000,2048,0,8,8,1
shuffled_logs,43,1,91,3,pruned,188100,512,24,8,8,1
shuffled_logs,43,1,92,4,pruned,1100,0,32,0,0,1
shuffled_logs,43,1,92,4,scan,791200,2048,0,0,0,1
shuffled_logs,43,1,93,5,scan,107700,2048,0,2048,2048,1
shuffled_logs,43,1,93,5,pruned,77000,2048,0,2048,2048,1
shuffled_logs,43,1,94,6,pruned,800,0,32,0,0,1
shuffled_logs,43,1,94,6,scan,747100,2048,0,0,0,1
shuffled_logs,43,1,95,7,scan,11500,2048,0,0,0,1
shuffled_logs,43,1,95,7,pruned,100,0,32,0,0,1
shuffled_logs,43,1,96,0,pruned,14200,2048,0,2048,2048,1
shuffled_logs,43,1,96,0,scan,10400,2048,0,2048,2048,1
shuffled_logs,43,1,97,1,scan,8400,2048,0,32,32,1
shuffled_logs,43,1,97,1,pruned,8300,2048,0,32,32,1
shuffled_logs,43,1,98,2,pruned,1200,128,30,2,2,1
shuffled_logs,43,1,98,2,scan,7600,2048,0,2,2,1
shuffled_logs,43,1,99,3,scan,699500,2048,0,8,8,1
shuffled_logs,43,1,99,3,pruned,143000,512,24,8,8,1
shuffled_logs,43,1,100,4,pruned,800,0,32,0,0,1
shuffled_logs,43,1,100,4,scan,487700,2048,0,0,0,1
shuffled_logs,43,1,101,5,scan,46500,2048,0,2048,2048,1
shuffled_logs,43,1,101,5,pruned,38900,2048,0,2048,2048,1
shuffled_logs,43,1,102,6,pruned,500,0,32,0,0,1
shuffled_logs,43,1,102,6,scan,496800,2048,0,0,0,1
shuffled_logs,43,1,103,7,scan,8400,2048,0,0,0,1
shuffled_logs,43,1,103,7,pruned,100,0,32,0,0,1
shuffled_logs,43,1,104,0,pruned,7700,2048,0,2048,2048,1
shuffled_logs,43,1,104,0,scan,6400,2048,0,2048,2048,1
shuffled_logs,43,1,105,1,scan,5500,2048,0,32,32,1
shuffled_logs,43,1,105,1,pruned,5500,2048,0,32,32,1
shuffled_logs,43,1,106,2,pruned,900,128,30,2,2,1
shuffled_logs,43,1,106,2,scan,5200,2048,0,2,2,1
shuffled_logs,43,1,107,3,scan,453200,2048,0,8,8,1
shuffled_logs,43,1,107,3,pruned,132400,512,24,8,8,1
shuffled_logs,43,1,108,4,pruned,700,0,32,0,0,1
shuffled_logs,43,1,108,4,scan,480400,2048,0,0,0,1
shuffled_logs,43,1,109,5,scan,71900,2048,0,2048,2048,1
shuffled_logs,43,1,109,5,pruned,45000,2048,0,2048,2048,1
shuffled_logs,43,1,110,6,pruned,500,0,32,0,0,1
shuffled_logs,43,1,110,6,scan,425300,2048,0,0,0,1
shuffled_logs,43,1,111,7,scan,7100,2048,0,0,0,1
shuffled_logs,43,1,111,7,pruned,100,0,32,0,0,1
shuffled_logs,43,1,112,0,pruned,7100,2048,0,2048,2048,1
shuffled_logs,43,1,112,0,scan,6300,2048,0,2048,2048,1
shuffled_logs,43,1,113,1,scan,6200,2048,0,32,32,1
shuffled_logs,43,1,113,1,pruned,5500,2048,0,32,32,1
shuffled_logs,43,1,114,2,pruned,800,128,30,2,2,1
shuffled_logs,43,1,114,2,scan,5100,2048,0,2,2,1
shuffled_logs,43,1,115,3,scan,450500,2048,0,8,8,1
shuffled_logs,43,1,115,3,pruned,112100,512,24,8,8,1
shuffled_logs,43,1,116,4,pruned,500,0,32,0,0,1
shuffled_logs,43,1,116,4,scan,453400,2048,0,0,0,1
shuffled_logs,43,1,117,5,scan,41600,2048,0,2048,2048,1
shuffled_logs,43,1,117,5,pruned,37500,2048,0,2048,2048,1
shuffled_logs,43,1,118,6,pruned,300,0,32,0,0,1
shuffled_logs,43,1,118,6,scan,488500,2048,0,0,0,1
shuffled_logs,43,1,119,7,scan,6000,2048,0,0,0,1
shuffled_logs,43,1,119,7,pruned,0,0,32,0,0,1
shuffled_logs,43,1,120,0,pruned,7900,2048,0,2048,2048,1
shuffled_logs,43,1,120,0,scan,6500,2048,0,2048,2048,1
shuffled_logs,43,1,121,1,scan,5500,2048,0,32,32,1
shuffled_logs,43,1,121,1,pruned,5400,2048,0,32,32,1
shuffled_logs,43,1,122,2,pruned,800,128,30,2,2,1
shuffled_logs,43,1,122,2,scan,5000,2048,0,2,2,1
shuffled_logs,43,1,123,3,scan,426900,2048,0,8,8,1
shuffled_logs,43,1,123,3,pruned,108000,512,24,8,8,1
shuffled_logs,43,1,124,4,pruned,500,0,32,0,0,1
shuffled_logs,43,1,124,4,scan,445800,2048,0,0,0,1
shuffled_logs,43,1,125,5,scan,57200,2048,0,2048,2048,1
shuffled_logs,43,1,125,5,pruned,38100,2048,0,2048,2048,1
shuffled_logs,43,1,126,6,pruned,400,0,32,0,0,1
shuffled_logs,43,1,126,6,scan,437600,2048,0,0,0,1
shuffled_logs,43,1,127,7,scan,6000,2048,0,0,0,1
shuffled_logs,43,1,127,7,pruned,100,0,32,0,0,1
shuffled_logs,43,2,0,0,scan,7100,2048,0,2048,2048,1
shuffled_logs,43,2,0,0,pruned,6900,2048,0,2048,2048,1
shuffled_logs,43,2,1,1,pruned,4900,1664,6,32,32,1
shuffled_logs,43,2,1,1,scan,5300,2048,0,32,32,1
shuffled_logs,43,2,2,2,scan,5200,2048,0,2,2,1
shuffled_logs,43,2,2,2,pruned,700,128,30,2,2,1
shuffled_logs,43,2,3,3,pruned,107600,512,24,8,8,1
shuffled_logs,43,2,3,3,scan,427900,2048,0,8,8,1
shuffled_logs,43,2,4,4,scan,422400,2048,0,0,0,1
shuffled_logs,43,2,4,4,pruned,500,0,32,0,0,1
shuffled_logs,43,2,5,5,pruned,40500,2048,0,2048,2048,1
shuffled_logs,43,2,5,5,scan,39600,2048,0,2048,2048,1
shuffled_logs,43,2,6,6,scan,438600,2048,0,0,0,1
shuffled_logs,43,2,6,6,pruned,500,0,32,0,0,1
shuffled_logs,43,2,7,7,pruned,100,0,32,0,0,1
shuffled_logs,43,2,7,7,scan,6400,2048,0,0,0,1
shuffled_logs,43,2,8,0,scan,11200,2048,0,2048,2048,1
shuffled_logs,43,2,8,0,pruned,11300,2048,0,2048,2048,1
shuffled_logs,43,2,9,1,pruned,8300,2048,0,32,32,1
shuffled_logs,43,2,9,1,scan,7600,2048,0,32,32,1
shuffled_logs,43,2,10,2,scan,7700,2048,0,2,2,1
shuffled_logs,43,2,10,2,pruned,900,128,30,2,2,1
shuffled_logs,43,2,11,3,pruned,113900,512,24,8,8,1
shuffled_logs,43,2,11,3,scan,494300,2048,0,8,8,1
shuffled_logs,43,2,12,4,scan,425600,2048,0,0,0,1
shuffled_logs,43,2,12,4,pruned,600,0,32,0,0,1
shuffled_logs,43,2,13,5,pruned,42000,2048,0,2048,2048,1
shuffled_logs,43,2,13,5,scan,36700,2048,0,2048,2048,1
shuffled_logs,43,2,14,6,scan,422500,2048,0,0,0,1
shuffled_logs,43,2,14,6,pruned,400,0,32,0,0,1
shuffled_logs,43,2,15,7,pruned,100,0,32,0,0,1
shuffled_logs,43,2,15,7,scan,6100,2048,0,0,0,1
shuffled_logs,43,2,16,0,scan,6700,2048,0,2048,2048,1
shuffled_logs,43,2,16,0,pruned,6600,2048,0,2048,2048,1
shuffled_logs,43,2,17,1,pruned,5700,2048,0,32,32,1
shuffled_logs,43,2,17,1,scan,5300,2048,0,32,32,1
shuffled_logs,43,2,18,2,scan,5200,2048,0,2,2,1
shuffled_logs,43,2,18,2,pruned,700,128,30,2,2,1
shuffled_logs,43,2,19,3,pruned,108900,512,24,8,8,1
shuffled_logs,43,2,19,3,scan,446800,2048,0,8,8,1
shuffled_logs,43,2,20,4,scan,434100,2048,0,0,0,1
shuffled_logs,43,2,20,4,pruned,600,0,32,0,0,1
shuffled_logs,43,2,21,5,pruned,38100,2048,0,2048,2048,1
shuffled_logs,43,2,21,5,scan,36400,2048,0,2048,2048,1
shuffled_logs,43,2,22,6,scan,422400,2048,0,0,0,1
shuffled_logs,43,2,22,6,pruned,300,0,32,0,0,1
shuffled_logs,43,2,23,7,pruned,100,0,32,0,0,1
shuffled_logs,43,2,23,7,scan,5500,2048,0,0,0,1
shuffled_logs,43,2,24,0,scan,6600,2048,0,2048,2048,1
shuffled_logs,43,2,24,0,pruned,6400,2048,0,2048,2048,1
shuffled_logs,43,2,25,1,pruned,5600,2048,0,32,32,1
shuffled_logs,43,2,25,1,scan,5300,2048,0,32,32,1
shuffled_logs,43,2,26,2,scan,5000,2048,0,2,2,1
shuffled_logs,43,2,26,2,pruned,600,128,30,2,2,1
shuffled_logs,43,2,27,3,pruned,108000,512,24,8,8,1
shuffled_logs,43,2,27,3,scan,426500,2048,0,8,8,1
shuffled_logs,43,2,28,4,scan,447000,2048,0,0,0,1
shuffled_logs,43,2,28,4,pruned,600,0,32,0,0,1
shuffled_logs,43,2,29,5,pruned,38700,2048,0,2048,2048,1
shuffled_logs,43,2,29,5,scan,37000,2048,0,2048,2048,1
shuffled_logs,43,2,30,6,scan,433100,2048,0,0,0,1
shuffled_logs,43,2,30,6,pruned,500,0,32,0,0,1
shuffled_logs,43,2,31,7,pruned,100,0,32,0,0,1
shuffled_logs,43,2,31,7,scan,5600,2048,0,0,0,1
shuffled_logs,43,2,32,0,scan,6800,2048,0,2048,2048,1
shuffled_logs,43,2,32,0,pruned,6500,2048,0,2048,2048,1
shuffled_logs,43,2,33,1,pruned,5700,2048,0,32,32,1
shuffled_logs,43,2,33,1,scan,5300,2048,0,32,32,1
shuffled_logs,43,2,34,2,scan,5000,2048,0,2,2,1
shuffled_logs,43,2,34,2,pruned,600,128,30,2,2,1
shuffled_logs,43,2,35,3,pruned,107500,512,24,8,8,1
shuffled_logs,43,2,35,3,scan,425800,2048,0,8,8,1
shuffled_logs,43,2,36,4,scan,424400,2048,0,0,0,1
shuffled_logs,43,2,36,4,pruned,700,0,32,0,0,1
shuffled_logs,43,2,37,5,pruned,45900,2048,0,2048,2048,1
shuffled_logs,43,2,37,5,scan,36900,2048,0,2048,2048,1
shuffled_logs,43,2,38,6,scan,443200,2048,0,0,0,1
shuffled_logs,43,2,38,6,pruned,500,0,32,0,0,1
shuffled_logs,43,2,39,7,pruned,100,0,32,0,0,1
shuffled_logs,43,2,39,7,scan,6000,2048,0,0,0,1
shuffled_logs,43,2,40,0,scan,7800,2048,0,2048,2048,1
shuffled_logs,43,2,40,0,pruned,6600,2048,0,2048,2048,1
shuffled_logs,43,2,41,1,pruned,5700,2048,0,32,32,1
shuffled_logs,43,2,41,1,scan,5300,2048,0,32,32,1
shuffled_logs,43,2,42,2,scan,5100,2048,0,2,2,1
shuffled_logs,43,2,42,2,pruned,800,128,30,2,2,1
shuffled_logs,43,2,43,3,pruned,108200,512,24,8,8,1
shuffled_logs,43,2,43,3,scan,509700,2048,0,8,8,1
shuffled_logs,43,2,44,4,scan,451500,2048,0,0,0,1
shuffled_logs,43,2,44,4,pruned,1000,0,32,0,0,1
shuffled_logs,43,2,45,5,pruned,54400,2048,0,2048,2048,1
shuffled_logs,43,2,45,5,scan,38600,2048,0,2048,2048,1
shuffled_logs,43,2,46,6,scan,422500,2048,0,0,0,1
shuffled_logs,43,2,46,6,pruned,27000,128,30,0,0,1
shuffled_logs,43,2,47,7,pruned,0,0,32,0,0,1
shuffled_logs,43,2,47,7,scan,5600,2048,0,0,0,1
shuffled_logs,43,2,48,0,scan,6800,2048,0,2048,2048,1
shuffled_logs,43,2,48,0,pruned,6500,2048,0,2048,2048,1
shuffled_logs,43,2,49,1,pruned,5700,2048,0,32,32,1
shuffled_logs,43,2,49,1,scan,5300,2048,0,32,32,1
shuffled_logs,43,2,50,2,scan,5100,2048,0,2,2,1
shuffled_logs,43,2,50,2,pruned,600,128,30,2,2,1
shuffled_logs,43,2,51,3,pruned,128600,512,24,8,8,1
shuffled_logs,43,2,51,3,scan,426800,2048,0,8,8,1
shuffled_logs,43,2,52,4,scan,438900,2048,0,0,0,1
shuffled_logs,43,2,52,4,pruned,500,0,32,0,0,1
shuffled_logs,43,2,53,5,pruned,52100,2048,0,2048,2048,1
shuffled_logs,43,2,53,5,scan,37900,2048,0,2048,2048,1
shuffled_logs,43,2,54,6,scan,482900,2048,0,0,0,1
shuffled_logs,43,2,54,6,pruned,27800,128,30,0,0,1
shuffled_logs,43,2,55,7,pruned,100,0,32,0,0,1
shuffled_logs,43,2,55,7,scan,7500,2048,0,0,0,1
shuffled_logs,43,2,56,0,scan,8000,2048,0,2048,2048,1
shuffled_logs,43,2,56,0,pruned,6600,2048,0,2048,2048,1
shuffled_logs,43,2,57,1,pruned,5600,2048,0,32,32,1
shuffled_logs,43,2,57,1,scan,5300,2048,0,32,32,1
shuffled_logs,43,2,58,2,scan,5300,2048,0,2,2,1
shuffled_logs,43,2,58,2,pruned,800,128,30,2,2,1
shuffled_logs,43,2,59,3,pruned,107700,512,24,8,8,1
shuffled_logs,43,2,59,3,scan,449600,2048,0,8,8,1
shuffled_logs,43,2,60,4,scan,426800,2048,0,0,0,1
shuffled_logs,43,2,60,4,pruned,600,0,32,0,0,1
shuffled_logs,43,2,61,5,pruned,39700,2048,0,2048,2048,1
shuffled_logs,43,2,61,5,scan,37200,2048,0,2048,2048,1
shuffled_logs,43,2,62,6,scan,422700,2048,0,0,0,1
shuffled_logs,43,2,62,6,pruned,26800,128,30,0,0,1
shuffled_logs,43,2,63,7,pruned,0,0,32,0,0,1
shuffled_logs,43,2,63,7,scan,5500,2048,0,0,0,1
shuffled_logs,43,2,64,0,scan,6600,2048,0,2048,2048,1
shuffled_logs,43,2,64,0,pruned,6400,2048,0,2048,2048,1
shuffled_logs,43,2,65,1,pruned,5600,2048,0,32,32,1
shuffled_logs,43,2,65,1,scan,5300,2048,0,32,32,1
shuffled_logs,43,2,66,2,scan,5000,2048,0,2,2,1
shuffled_logs,43,2,66,2,pruned,700,128,30,2,2,1
shuffled_logs,43,2,67,3,pruned,107600,512,24,8,8,1
shuffled_logs,43,2,67,3,scan,439800,2048,0,8,8,1
shuffled_logs,43,2,68,4,scan,439900,2048,0,0,0,1
shuffled_logs,43,2,68,4,pruned,600,0,32,0,0,1
shuffled_logs,43,2,69,5,pruned,38700,2048,0,2048,2048,1
shuffled_logs,43,2,69,5,scan,36900,2048,0,2048,2048,1
shuffled_logs,43,2,70,6,scan,435300,2048,0,0,0,1
shuffled_logs,43,2,70,6,pruned,26900,128,30,0,0,1
shuffled_logs,43,2,71,7,pruned,100,0,32,0,0,1
shuffled_logs,43,2,71,7,scan,5700,2048,0,0,0,1
shuffled_logs,43,2,72,0,scan,6800,2048,0,2048,2048,1
shuffled_logs,43,2,72,0,pruned,6600,2048,0,2048,2048,1
shuffled_logs,43,2,73,1,pruned,5700,2048,0,32,32,1
shuffled_logs,43,2,73,1,scan,5300,2048,0,32,32,1
shuffled_logs,43,2,74,2,scan,5100,2048,0,2,2,1
shuffled_logs,43,2,74,2,pruned,700,128,30,2,2,1
shuffled_logs,43,2,75,3,pruned,107700,512,24,8,8,1
shuffled_logs,43,2,75,3,scan,426400,2048,0,8,8,1
shuffled_logs,43,2,76,4,scan,425700,2048,0,0,0,1
shuffled_logs,43,2,76,4,pruned,500,0,32,0,0,1
shuffled_logs,43,2,77,5,pruned,40500,2048,0,2048,2048,1
shuffled_logs,43,2,77,5,scan,39300,2048,0,2048,2048,1
shuffled_logs,43,2,78,6,scan,439400,2048,0,0,0,1
shuffled_logs,43,2,78,6,pruned,600,0,32,0,0,1
shuffled_logs,43,2,79,7,pruned,100,0,32,0,0,1
shuffled_logs,43,2,79,7,scan,5500,2048,0,0,0,1
shuffled_logs,43,2,80,0,scan,7600,2048,0,2048,2048,1
shuffled_logs,43,2,80,0,pruned,6500,2048,0,2048,2048,1
shuffled_logs,43,2,81,1,pruned,5700,2048,0,32,32,1
shuffled_logs,43,2,81,1,scan,5400,2048,0,32,32,1
shuffled_logs,43,2,82,2,scan,5000,2048,0,2,2,1
shuffled_logs,43,2,82,2,pruned,500,128,30,2,2,1
shuffled_logs,43,2,83,3,pruned,107200,512,24,8,8,1
shuffled_logs,43,2,83,3,scan,426400,2048,0,8,8,1
shuffled_logs,43,2,84,4,scan,437900,2048,0,0,0,1
shuffled_logs,43,2,84,4,pruned,500,0,32,0,0,1
shuffled_logs,43,2,85,5,pruned,39800,2048,0,2048,2048,1
shuffled_logs,43,2,85,5,scan,36900,2048,0,2048,2048,1
shuffled_logs,43,2,86,6,scan,436000,2048,0,0,0,1
shuffled_logs,43,2,86,6,pruned,400,0,32,0,0,1
shuffled_logs,43,2,87,7,pruned,100,0,32,0,0,1
shuffled_logs,43,2,87,7,scan,5600,2048,0,0,0,1
shuffled_logs,43,2,88,0,scan,6900,2048,0,2048,2048,1
shuffled_logs,43,2,88,0,pruned,6400,2048,0,2048,2048,1
shuffled_logs,43,2,89,1,pruned,5500,2048,0,32,32,1
shuffled_logs,43,2,89,1,scan,5300,2048,0,32,32,1
shuffled_logs,43,2,90,2,scan,5100,2048,0,2,2,1
shuffled_logs,43,2,90,2,pruned,700,128,30,2,2,1
shuffled_logs,43,2,91,3,pruned,107800,512,24,8,8,1
shuffled_logs,43,2,91,3,scan,444300,2048,0,8,8,1
shuffled_logs,43,2,92,4,scan,460700,2048,0,0,0,1
shuffled_logs,43,2,92,4,pruned,600,0,32,0,0,1
shuffled_logs,43,2,93,5,pruned,44900,2048,0,2048,2048,1
shuffled_logs,43,2,93,5,scan,38300,2048,0,2048,2048,1
shuffled_logs,43,2,94,6,scan,440900,2048,0,0,0,1
shuffled_logs,43,2,94,6,pruned,600,0,32,0,0,1
shuffled_logs,43,2,95,7,pruned,100,0,32,0,0,1
shuffled_logs,43,2,95,7,scan,5600,2048,0,0,0,1
shuffled_logs,43,2,96,0,scan,7600,2048,0,2048,2048,1
shuffled_logs,43,2,96,0,pruned,6500,2048,0,2048,2048,1
shuffled_logs,43,2,97,1,pruned,5800,2048,0,32,32,1
shuffled_logs,43,2,97,1,scan,5400,2048,0,32,32,1
shuffled_logs,43,2,98,2,scan,5100,2048,0,2,2,1
shuffled_logs,43,2,98,2,pruned,700,128,30,2,2,1
shuffled_logs,43,2,99,3,pruned,107200,512,24,8,8,1
shuffled_logs,43,2,99,3,scan,425300,2048,0,8,8,1
shuffled_logs,43,2,100,4,scan,443400,2048,0,0,0,1
shuffled_logs,43,2,100,4,pruned,600,0,32,0,0,1
shuffled_logs,43,2,101,5,pruned,41400,2048,0,2048,2048,1
shuffled_logs,43,2,101,5,scan,37500,2048,0,2048,2048,1
shuffled_logs,43,2,102,6,scan,425300,2048,0,0,0,1
shuffled_logs,43,2,102,6,pruned,500,0,32,0,0,1
shuffled_logs,43,2,103,7,pruned,100,0,32,0,0,1
shuffled_logs,43,2,103,7,scan,7400,2048,0,0,0,1
shuffled_logs,43,2,104,0,scan,6700,2048,0,2048,2048,1
shuffled_logs,43,2,104,0,pruned,6300,2048,0,2048,2048,1
shuffled_logs,43,2,105,1,pruned,5700,2048,0,32,32,1
shuffled_logs,43,2,105,1,scan,5400,2048,0,32,32,1
shuffled_logs,43,2,106,2,scan,5200,2048,0,2,2,1
shuffled_logs,43,2,106,2,pruned,600,128,30,2,2,1
shuffled_logs,43,2,107,3,pruned,108800,512,24,8,8,1
shuffled_logs,43,2,107,3,scan,586700,2048,0,8,8,1
shuffled_logs,43,2,108,4,scan,856200,2048,0,0,0,1
shuffled_logs,43,2,108,4,pruned,1300,0,32,0,0,1
shuffled_logs,43,2,109,5,pruned,98500,2048,0,2048,2048,1
shuffled_logs,43,2,109,5,scan,78400,2048,0,2048,2048,1
shuffled_logs,43,2,110,6,scan,863400,2048,0,0,0,1
shuffled_logs,43,2,110,6,pruned,700,0,32,0,0,1
shuffled_logs,43,2,111,7,pruned,200,0,32,0,0,1
shuffled_logs,43,2,111,7,scan,8200,2048,0,0,0,1
shuffled_logs,43,2,112,0,scan,10600,2048,0,2048,2048,1
shuffled_logs,43,2,112,0,pruned,10600,2048,0,2048,2048,1
shuffled_logs,43,2,113,1,pruned,9400,2048,0,32,32,1
shuffled_logs,43,2,113,1,scan,8900,2048,0,32,32,1
shuffled_logs,43,2,114,2,scan,8500,2048,0,2,2,1
shuffled_logs,43,2,114,2,pruned,1200,128,30,2,2,1
shuffled_logs,43,2,115,3,pruned,211600,512,24,8,8,1
shuffled_logs,43,2,115,3,scan,897600,2048,0,8,8,1
shuffled_logs,43,2,116,4,scan,912000,2048,0,0,0,1
shuffled_logs,43,2,116,4,pruned,1100,0,32,0,0,1
shuffled_logs,43,2,117,5,pruned,81200,2048,0,2048,2048,1
shuffled_logs,43,2,117,5,scan,78100,2048,0,2048,2048,1
shuffled_logs,43,2,118,6,scan,898200,2048,0,0,0,1
shuffled_logs,43,2,118,6,pruned,700,0,32,0,0,1
shuffled_logs,43,2,119,7,pruned,200,0,32,0,0,1
shuffled_logs,43,2,119,7,scan,8900,2048,0,0,0,1
shuffled_logs,43,2,120,0,scan,12400,2048,0,2048,2048,1
shuffled_logs,43,2,120,0,pruned,11000,2048,0,2048,2048,1
shuffled_logs,43,2,121,1,pruned,9500,2048,0,32,32,1
shuffled_logs,43,2,121,1,scan,8700,2048,0,32,32,1
shuffled_logs,43,2,122,2,scan,8500,2048,0,2,2,1
shuffled_logs,43,2,122,2,pruned,1200,128,30,2,2,1
shuffled_logs,43,2,123,3,pruned,216500,512,24,8,8,1
shuffled_logs,43,2,123,3,scan,866900,2048,0,8,8,1
shuffled_logs,43,2,124,4,scan,783900,2048,0,0,0,1
shuffled_logs,43,2,124,4,pruned,1000,0,32,0,0,1
shuffled_logs,43,2,125,5,pruned,79000,2048,0,2048,2048,1
shuffled_logs,43,2,125,5,scan,77700,2048,0,2048,2048,1
shuffled_logs,43,2,126,6,scan,880400,2048,0,0,0,1
shuffled_logs,43,2,126,6,pruned,600,0,32,0,0,1
shuffled_logs,43,2,127,7,pruned,200,0,32,0,0,1
shuffled_logs,43,2,127,7,scan,8300,2048,0,0,0,1
shuffled_logs,43,3,0,0,pruned,12600,2048,0,2048,2048,1
shuffled_logs,43,3,0,0,scan,11100,2048,0,2048,2048,1
shuffled_logs,43,3,1,1,scan,9300,2048,0,32,32,1
shuffled_logs,43,3,1,1,pruned,7800,1664,6,32,32,1
shuffled_logs,43,3,2,2,pruned,1100,128,30,2,2,1
shuffled_logs,43,3,2,2,scan,8600,2048,0,2,2,1
shuffled_logs,43,3,3,3,scan,905000,2048,0,8,8,1
shuffled_logs,43,3,3,3,pruned,211000,512,24,8,8,1
shuffled_logs,43,3,4,4,pruned,800,0,32,0,0,1
shuffled_logs,43,3,4,4,scan,791000,2048,0,0,0,1
shuffled_logs,43,3,5,5,scan,69100,2048,0,2048,2048,1
shuffled_logs,43,3,5,5,pruned,67900,2048,0,2048,2048,1
shuffled_logs,43,3,6,6,pruned,800,0,32,0,0,1
shuffled_logs,43,3,6,6,scan,784700,2048,0,0,0,1
shuffled_logs,43,3,7,7,scan,9300,2048,0,0,0,1
shuffled_logs,43,3,7,7,pruned,200,0,32,0,0,1
shuffled_logs,43,3,8,0,pruned,13400,2048,0,2048,2048,1
shuffled_logs,43,3,8,0,scan,11100,2048,0,2048,2048,1
shuffled_logs,43,3,9,1,scan,9200,2048,0,32,32,1
shuffled_logs,43,3,9,1,pruned,9200,2048,0,32,32,1
shuffled_logs,43,3,10,2,pruned,1200,128,30,2,2,1
shuffled_logs,43,3,10,2,scan,8400,2048,0,2,2,1
shuffled_logs,43,3,11,3,scan,789400,2048,0,8,8,1
shuffled_logs,43,3,11,3,pruned,192700,512,24,8,8,1
shuffled_logs,43,3,12,4,pruned,800,0,32,0,0,1
shuffled_logs,43,3,12,4,scan,801100,2048,0,0,0,1
shuffled_logs,43,3,13,5,scan,98100,2048,0,2048,2048,1
shuffled_logs,43,3,13,5,pruned,67900,2048,0,2048,2048,1
shuffled_logs,43,3,14,6,pruned,600,0,32,0,0,1
shuffled_logs,43,3,14,6,scan,882000,2048,0,0,0,1
shuffled_logs,43,3,15,7,scan,8500,2048,0,0,0,1
shuffled_logs,43,3,15,7,pruned,200,0,32,0,0,1
shuffled_logs,43,3,16,0,pruned,12600,2048,0,2048,2048,1
shuffled_logs,43,3,16,0,scan,11200,2048,0,2048,2048,1
shuffled_logs,43,3,17,1,scan,9200,2048,0,32,32,1
shuffled_logs,43,3,17,1,pruned,9300,2048,0,32,32,1
shuffled_logs,43,3,18,2,pruned,1200,128,30,2,2,1
shuffled_logs,43,3,18,2,scan,8400,2048,0,2,2,1
shuffled_logs,43,3,19,3,scan,902000,2048,0,8,8,1
shuffled_logs,43,3,19,3,pruned,217400,512,24,8,8,1
shuffled_logs,43,3,20,4,pruned,800,0,32,0,0,1
shuffled_logs,43,3,20,4,scan,876700,2048,0,0,0,1
shuffled_logs,43,3,21,5,scan,79400,2048,0,2048,2048,1
shuffled_logs,43,3,21,5,pruned,77600,2048,0,2048,2048,1
shuffled_logs,43,3,22,6,pruned,600,0,32,0,0,1
shuffled_logs,43,3,22,6,scan,909900,2048,0,0,0,1
shuffled_logs,43,3,23,7,scan,8900,2048,0,0,0,1
shuffled_logs,43,3,23,7,pruned,200,0,32,0,0,1
shuffled_logs,43,3,24,0,pruned,13100,2048,0,2048,2048,1
shuffled_logs,43,3,24,0,scan,11400,2048,0,2048,2048,1
shuffled_logs,43,3,25,1,scan,9200,2048,0,32,32,1
shuffled_logs,43,3,25,1,pruned,9100,2048,0,32,32,1
shuffled_logs,43,3,26,2,pruned,1200,128,30,2,2,1
shuffled_logs,43,3,26,2,scan,18200,2048,0,2,2,1
shuffled_logs,43,3,27,3,scan,878600,2048,0,8,8,1
shuffled_logs,43,3,27,3,pruned,230500,512,24,8,8,1
shuffled_logs,43,3,28,4,pruned,800,0,32,0,0,1
shuffled_logs,43,3,28,4,scan,859000,2048,0,0,0,1
shuffled_logs,43,3,29,5,scan,68600,2048,0,2048,2048,1
shuffled_logs,43,3,29,5,pruned,79300,2048,0,2048,2048,1
shuffled_logs,43,3,30,6,pruned,600,0,32,0,0,1
shuffled_logs,43,3,30,6,scan,776500,2048,0,0,0,1
shuffled_logs,43,3,31,7,scan,8000,2048,0,0,0,1
shuffled_logs,43,3,31,7,pruned,100,0,32,0,0,1
shuffled_logs,43,3,32,0,pruned,11500,2048,0,2048,2048,1
shuffled_logs,43,3,32,0,scan,10700,2048,0,2048,2048,1
shuffled_logs,43,3,33,1,scan,8900,2048,0,32,32,1
shuffled_logs,43,3,33,1,pruned,8900,2048,0,32,32,1
shuffled_logs,43,3,34,2,pruned,900,128,30,2,2,1
shuffled_logs,43,3,34,2,scan,8500,2048,0,2,2,1
shuffled_logs,43,3,35,3,scan,849200,2048,0,8,8,1
shuffled_logs,43,3,35,3,pruned,218000,512,24,8,8,1
shuffled_logs,43,3,36,4,pruned,800,0,32,0,0,1
shuffled_logs,43,3,36,4,scan,817800,2048,0,0,0,1
shuffled_logs,43,3,37,5,scan,80400,2048,0,2048,2048,1
shuffled_logs,43,3,37,5,pruned,78400,2048,0,2048,2048,1
shuffled_logs,43,3,38,6,pruned,600,0,32,0,0,1
shuffled_logs,43,3,38,6,scan,819400,2048,0,0,0,1
shuffled_logs,43,3,39,7,scan,8100,2048,0,0,0,1
shuffled_logs,43,3,39,7,pruned,200,0,32,0,0,1
shuffled_logs,43,3,40,0,pruned,12100,2048,0,2048,2048,1
shuffled_logs,43,3,40,0,scan,10700,2048,0,2048,2048,1
shuffled_logs,43,3,41,1,scan,8900,2048,0,32,32,1
shuffled_logs,43,3,41,1,pruned,8800,2048,0,32,32,1
shuffled_logs,43,3,42,2,pruned,1000,128,30,2,2,1
shuffled_logs,43,3,42,2,scan,8300,2048,0,2,2,1
shuffled_logs,43,3,43,3,scan,786500,2048,0,8,8,1
shuffled_logs,43,3,43,3,pruned,199200,512,24,8,8,1
shuffled_logs,43,3,44,4,pruned,800,0,32,0,0,1
shuffled_logs,43,3,44,4,scan,904500,2048,0,0,0,1
shuffled_logs,43,3,45,5,scan,82300,2048,0,2048,2048,1
shuffled_logs,43,3,45,5,pruned,81900,2048,0,2048,2048,1
shuffled_logs,43,3,46,6,pruned,57500,128,30,0,0,1
shuffled_logs,43,3,46,6,scan,901600,2048,0,0,0,1
shuffled_logs,43,3,47,7,scan,8500,2048,0,0,0,1
shuffled_logs,43,3,47,7,pruned,200,0,32,0,0,1
shuffled_logs,43,3,48,0,pruned,12100,2048,0,2048,2048,1
shuffled_logs,43,3,48,0,scan,11500,2048,0,2048,2048,1
shuffled_logs,43,3,49,1,scan,9600,2048,0,32,32,1
shuffled_logs,43,3,49,1,pruned,9600,2048,0,32,32,1
shuffled_logs,43,3,50,2,pruned,1200,128,30,2,2,1
shuffled_logs,43,3,50,2,scan,8800,2048,0,2,2,1
shuffled_logs,43,3,51,3,scan,921600,2048,0,8,8,1
shuffled_logs,43,3,51,3,pruned,223000,512,24,8,8,1
shuffled_logs,43,3,52,4,pruned,800,0,32,0,0,1
shuffled_logs,43,3,52,4,scan,867800,2048,0,0,0,1
shuffled_logs,43,3,53,5,scan,100000,2048,0,2048,2048,1
shuffled_logs,43,3,53,5,pruned,82200,2048,0,2048,2048,1
shuffled_logs,43,3,54,6,pruned,57600,128,30,0,0,1
shuffled_logs,43,3,54,6,scan,932000,2048,0,0,0,1
shuffled_logs,43,3,55,7,scan,9100,2048,0,0,0,1
shuffled_logs,43,3,55,7,pruned,100,0,32,0,0,1
shuffled_logs,43,3,56,0,pruned,13500,2048,0,2048,2048,1
shuffled_logs,43,3,56,0,scan,11600,2048,0,2048,2048,1
shuffled_logs,43,3,57,1,scan,9600,2048,0,32,32,1
shuffled_logs,43,3,57,1,pruned,9600,2048,0,32,32,1
shuffled_logs,43,3,58,2,pruned,1200,128,30,2,2,1
shuffled_logs,43,3,58,2,scan,8900,2048,0,2,2,1
shuffled_logs,43,3,59,3,scan,897900,2048,0,8,8,1
shuffled_logs,43,3,59,3,pruned,244800,512,24,8,8,1
shuffled_logs,43,3,60,4,pruned,800,0,32,0,0,1
shuffled_logs,43,3,60,4,scan,906200,2048,0,0,0,1
shuffled_logs,43,3,61,5,scan,82800,2048,0,2048,2048,1
shuffled_logs,43,3,61,5,pruned,73300,2048,0,2048,2048,1
shuffled_logs,43,3,62,6,pruned,56100,128,30,0,0,1
shuffled_logs,43,3,62,6,scan,924200,2048,0,0,0,1
shuffled_logs,43,3,63,7,scan,9300,2048,0,0,0,1
shuffled_logs,43,3,63,7,pruned,200,0,32,0,0,1
shuffled_logs,43,3,64,0,pruned,13700,2048,0,2048,2048,1
shuffled_logs,43,3,64,0,scan,11500,2048,0,2048,2048,1
shuffled_logs,43,3,65,1,scan,9300,2048,0,32,32,1
shuffled_logs,43,3,65,1,pruned,9400,2048,0,32,32,1
shuffled_logs,43,3,66,2,pruned,1200,128,30,2,2,1
shuffled_logs,43,3,66,2,scan,8800,2048,0,2,2,1
shuffled_logs,43,3,67,3,scan,940400,2048,0,8,8,1
shuffled_logs,43,3,67,3,pruned,206600,512,24,8,8,1
shuffled_logs,43,3,68,4,pruned,800,0,32,0,0,1
shuffled_logs,43,3,68,4,scan,815700,2048,0,0,0,1
shuffled_logs,43,3,69,5,scan,77400,2048,0,2048,2048,1
shuffled_logs,43,3,69,5,pruned,74400,2048,0,2048,2048,1
shuffled_logs,43,3,70,6,pruned,49600,128,30,0,0,1
shuffled_logs,43,3,70,6,scan,890800,2048,0,0,0,1
shuffled_logs,43,3,71,7,scan,8500,2048,0,0,0,1
shuffled_logs,43,3,71,7,pruned,200,0,32,0,0,1
shuffled_logs,43,3,72,0,pruned,12600,2048,0,2048,2048,1
shuffled_logs,43,3,72,0,scan,11600,2048,0,2048,2048,1
shuffled_logs,43,3,73,1,scan,9500,2048,0,32,32,1
shuffled_logs,43,3,73,1,pruned,9500,2048,0,32,32,1
shuffled_logs,43,3,74,2,pruned,1000,128,30,2,2,1
shuffled_logs,43,3,74,2,scan,8800,2048,0,2,2,1
shuffled_logs,43,3,75,3,scan,820200,2048,0,8,8,1
shuffled_logs,43,3,75,3,pruned,191800,512,24,8,8,1
shuffled_logs,43,3,76,4,pruned,800,0,32,0,0,1
shuffled_logs,43,3,76,4,scan,649700,2048,0,0,0,1
shuffled_logs,43,3,77,5,scan,73300,2048,0,2048,2048,1
shuffled_logs,43,3,77,5,pruned,72900,2048,0,2048,2048,1
shuffled_logs,43,3,78,6,pruned,600,0,32,0,0,1
shuffled_logs,43,3,78,6,scan,843200,2048,0,0,0,1
shuffled_logs,43,3,79,7,scan,8900,2048,0,0,0,1
shuffled_logs,43,3,79,7,pruned,300,0,32,0,0,1
shuffled_logs,43,3,80,0,pruned,12900,2048,0,2048,2048,1
shuffled_logs,43,3,80,0,scan,10900,2048,0,2048,2048,1
shuffled_logs,43,3,81,1,scan,9600,2048,0,32,32,1
shuffled_logs,43,3,81,1,pruned,9500,2048,0,32,32,1
shuffled_logs,43,3,82,2,pruned,1000,128,30,2,2,1
shuffled_logs,43,3,82,2,scan,9100,2048,0,2,2,1
shuffled_logs,43,3,83,3,scan,818700,2048,0,8,8,1
shuffled_logs,43,3,83,3,pruned,196200,512,24,8,8,1
shuffled_logs,43,3,84,4,pruned,900,0,32,0,0,1
shuffled_logs,43,3,84,4,scan,800100,2048,0,0,0,1
shuffled_logs,43,3,85,5,scan,62700,2048,0,2048,2048,1
shuffled_logs,43,3,85,5,pruned,40700,2048,0,2048,2048,1
shuffled_logs,43,3,86,6,pruned,400,0,32,0,0,1
shuffled_logs,43,3,86,6,scan,791000,2048,0,0,0,1
shuffled_logs,43,3,87,7,scan,9200,2048,0,0,0,1
shuffled_logs,43,3,87,7,pruned,200,0,32,0,0,1
shuffled_logs,43,3,88,0,pruned,13300,2048,0,2048,2048,1
shuffled_logs,43,3,88,0,scan,11500,2048,0,2048,2048,1
shuffled_logs,43,3,89,1,scan,9400,2048,0,32,32,1
shuffled_logs,43,3,89,1,pruned,9000,2048,0,32,32,1
shuffled_logs,43,3,90,2,pruned,1200,128,30,2,2,1
shuffled_logs,43,3,90,2,scan,9300,2048,0,2,2,1
shuffled_logs,43,3,91,3,scan,781100,2048,0,8,8,1
shuffled_logs,43,3,91,3,pruned,205400,512,24,8,8,1
shuffled_logs,43,3,92,4,pruned,900,0,32,0,0,1
shuffled_logs,43,3,92,4,scan,930900,2048,0,0,0,1
shuffled_logs,43,3,93,5,scan,85100,2048,0,2048,2048,1
shuffled_logs,43,3,93,5,pruned,70200,2048,0,2048,2048,1
shuffled_logs,43,3,94,6,pruned,1300,0,32,0,0,1
shuffled_logs,43,3,94,6,scan,865300,2048,0,0,0,1
shuffled_logs,43,3,95,7,scan,10500,2048,0,0,0,1
shuffled_logs,43,3,95,7,pruned,200,0,32,0,0,1
shuffled_logs,43,3,96,0,pruned,13300,2048,0,2048,2048,1
shuffled_logs,43,3,96,0,scan,11600,2048,0,2048,2048,1
shuffled_logs,43,3,97,1,scan,9300,2048,0,32,32,1
shuffled_logs,43,3,97,1,pruned,9300,2048,0,32,32,1
shuffled_logs,43,3,98,2,pruned,1200,128,30,2,2,1
shuffled_logs,43,3,98,2,scan,8000,2048,0,2,2,1
shuffled_logs,43,3,99,3,scan,835700,2048,0,8,8,1
shuffled_logs,43,3,99,3,pruned,185000,512,24,8,8,1
shuffled_logs,43,3,100,4,pruned,800,0,32,0,0,1
shuffled_logs,43,3,100,4,scan,713800,2048,0,0,0,1
shuffled_logs,43,3,101,5,scan,89500,2048,0,2048,2048,1
shuffled_logs,43,3,101,5,pruned,75900,2048,0,2048,2048,1
shuffled_logs,43,3,102,6,pruned,600,0,32,0,0,1
shuffled_logs,43,3,102,6,scan,711500,2048,0,0,0,1
shuffled_logs,43,3,103,7,scan,9200,2048,0,0,0,1
shuffled_logs,43,3,103,7,pruned,100,0,32,0,0,1
shuffled_logs,43,3,104,0,pruned,13300,2048,0,2048,2048,1
shuffled_logs,43,3,104,0,scan,11200,2048,0,2048,2048,1
shuffled_logs,43,3,105,1,scan,8800,2048,0,32,32,1
shuffled_logs,43,3,105,1,pruned,9100,2048,0,32,32,1
shuffled_logs,43,3,106,2,pruned,1000,128,30,2,2,1
shuffled_logs,43,3,106,2,scan,8500,2048,0,2,2,1
shuffled_logs,43,3,107,3,scan,576900,2048,0,8,8,1
shuffled_logs,43,3,107,3,pruned,138100,512,24,8,8,1
shuffled_logs,43,3,108,4,pruned,500,0,32,0,0,1
shuffled_logs,43,3,108,4,scan,642500,2048,0,0,0,1
shuffled_logs,43,3,109,5,scan,77000,2048,0,2048,2048,1
shuffled_logs,43,3,109,5,pruned,69800,2048,0,2048,2048,1
shuffled_logs,43,3,110,6,pruned,600,0,32,0,0,1
shuffled_logs,43,3,110,6,scan,860500,2048,0,0,0,1
shuffled_logs,43,3,111,7,scan,10100,2048,0,0,0,1
shuffled_logs,43,3,111,7,pruned,200,0,32,0,0,1
shuffled_logs,43,3,112,0,pruned,13500,2048,0,2048,2048,1
shuffled_logs,43,3,112,0,scan,12000,2048,0,2048,2048,1
shuffled_logs,43,3,113,1,scan,10000,2048,0,32,32,1
shuffled_logs,43,3,113,1,pruned,10100,2048,0,32,32,1
shuffled_logs,43,3,114,2,pruned,1200,128,30,2,2,1
shuffled_logs,43,3,114,2,scan,9300,2048,0,2,2,1
shuffled_logs,43,3,115,3,scan,819300,2048,0,8,8,1
shuffled_logs,43,3,115,3,pruned,202100,512,24,8,8,1
shuffled_logs,43,3,116,4,pruned,800,0,32,0,0,1
shuffled_logs,43,3,116,4,scan,815900,2048,0,0,0,1
shuffled_logs,43,3,117,5,scan,74500,2048,0,2048,2048,1
shuffled_logs,43,3,117,5,pruned,71300,2048,0,2048,2048,1
shuffled_logs,43,3,118,6,pruned,600,0,32,0,0,1
shuffled_logs,43,3,118,6,scan,789300,2048,0,0,0,1
shuffled_logs,43,3,119,7,scan,6200,2048,0,0,0,1
shuffled_logs,43,3,119,7,pruned,100,0,32,0,0,1
shuffled_logs,43,3,120,0,pruned,8100,2048,0,2048,2048,1
shuffled_logs,43,3,120,0,scan,6700,2048,0,2048,2048,1
shuffled_logs,43,3,121,1,scan,5800,2048,0,32,32,1
shuffled_logs,43,3,121,1,pruned,5500,2048,0,32,32,1
shuffled_logs,43,3,122,2,pruned,800,128,30,2,2,1
shuffled_logs,43,3,122,2,scan,5200,2048,0,2,2,1
shuffled_logs,43,3,123,3,scan,654500,2048,0,8,8,1
shuffled_logs,43,3,123,3,pruned,164400,512,24,8,8,1
shuffled_logs,43,3,124,4,pruned,800,0,32,0,0,1
shuffled_logs,43,3,124,4,scan,652600,2048,0,0,0,1
shuffled_logs,43,3,125,5,scan,73000,2048,0,2048,2048,1
shuffled_logs,43,3,125,5,pruned,65100,2048,0,2048,2048,1
shuffled_logs,43,3,126,6,pruned,700,0,32,0,0,1
shuffled_logs,43,3,126,6,scan,686900,2048,0,0,0,1
shuffled_logs,43,3,127,7,scan,9100,2048,0,0,0,1
shuffled_logs,43,3,127,7,pruned,100,0,32,0,0,1
shuffled_logs,43,4,0,0,scan,12300,2048,0,2048,2048,1
shuffled_logs,43,4,0,0,pruned,11200,2048,0,2048,2048,1
shuffled_logs,43,4,1,1,pruned,7800,1664,6,32,32,1
shuffled_logs,43,4,1,1,scan,8600,2048,0,32,32,1
shuffled_logs,43,4,2,2,scan,8200,2048,0,2,2,1
shuffled_logs,43,4,2,2,pruned,1000,128,30,2,2,1
shuffled_logs,43,4,3,3,pruned,175100,512,24,8,8,1
shuffled_logs,43,4,3,3,scan,727800,2048,0,8,8,1
shuffled_logs,43,4,4,4,scan,623100,2048,0,0,0,1
shuffled_logs,43,4,4,4,pruned,800,0,32,0,0,1
shuffled_logs,43,4,5,5,pruned,57900,2048,0,2048,2048,1
shuffled_logs,43,4,5,5,scan,62200,2048,0,2048,2048,1
shuffled_logs,43,4,6,6,scan,708301,2048,0,0,0,1
shuffled_logs,43,4,6,6,pruned,800,0,32,0,0,1
shuffled_logs,43,4,7,7,pruned,200,0,32,0,0,1
shuffled_logs,43,4,7,7,scan,9400,2048,0,0,0,1
shuffled_logs,43,4,8,0,scan,13700,2048,0,2048,2048,1
shuffled_logs,43,4,8,0,pruned,11400,2048,0,2048,2048,1
shuffled_logs,43,4,9,1,pruned,9600,2048,0,32,32,1
shuffled_logs,43,4,9,1,scan,9000,2048,0,32,32,1
shuffled_logs,43,4,10,2,scan,8600,2048,0,2,2,1
shuffled_logs,43,4,10,2,pruned,1100,128,30,2,2,1
shuffled_logs,43,4,11,3,pruned,176000,512,24,8,8,1
shuffled_logs,43,4,11,3,scan,838900,2048,0,8,8,1
shuffled_logs,43,4,12,4,scan,1111700,2048,0,0,0,1
shuffled_logs,43,4,12,4,pruned,700,0,32,0,0,1
shuffled_logs,43,4,13,5,pruned,55000,2048,0,2048,2048,1
shuffled_logs,43,4,13,5,scan,38200,2048,0,2048,2048,1
shuffled_logs,43,4,14,6,scan,435700,2048,0,0,0,1
shuffled_logs,43,4,14,6,pruned,500,0,32,0,0,1
shuffled_logs,43,4,15,7,pruned,100,0,32,0,0,1
shuffled_logs,43,4,15,7,scan,5400,2048,0,0,0,1
shuffled_logs,43,4,16,0,scan,7100,2048,0,2048,2048,1
shuffled_logs,43,4,16,0,pruned,6700,2048,0,2048,2048,1
shuffled_logs,43,4,17,1,pruned,5700,2048,0,32,32,1
shuffled_logs,43,4,17,1,scan,5300,2048,0,32,32,1
shuffled_logs,43,4,18,2,scan,5000,2048,0,2,2,1
shuffled_logs,43,4,18,2,pruned,700,128,30,2,2,1
shuffled_logs,43,4,19,3,pruned,110900,512,24,8,8,1
shuffled_logs,43,4,19,3,scan,562000,2048,0,8,8,1
shuffled_logs,43,4,20,4,scan,558000,2048,0,0,0,1
shuffled_logs,43,4,20,4,pruned,800,0,32,0,0,1
shuffled_logs,43,4,21,5,pruned,46900,2048,0,2048,2048,1
shuffled_logs,43,4,21,5,scan,37800,2048,0,2048,2048,1
shuffled_logs,43,4,22,6,scan,435900,2048,0,0,0,1
shuffled_logs,43,4,22,6,pruned,400,0,32,0,0,1
shuffled_logs,43,4,23,7,pruned,100,0,32,0,0,1
shuffled_logs,43,4,23,7,scan,5700,2048,0,0,0,1
shuffled_logs,43,4,24,0,scan,6900,2048,0,2048,2048,1
shuffled_logs,43,4,24,0,pruned,6600,2048,0,2048,2048,1
shuffled_logs,43,4,25,1,pruned,5800,2048,0,32,32,1
shuffled_logs,43,4,25,1,scan,5500,2048,0,32,32,1
shuffled_logs,43,4,26,2,scan,5000,2048,0,2,2,1
shuffled_logs,43,4,26,2,pruned,600,128,30,2,2,1
shuffled_logs,43,4,27,3,pruned,111100,512,24,8,8,1
shuffled_logs,43,4,27,3,scan,453700,2048,0,8,8,1
shuffled_logs,43,4,28,4,scan,444200,2048,0,0,0,1
shuffled_logs,43,4,28,4,pruned,500,0,32,0,0,1
shuffled_logs,43,4,29,5,pruned,39500,2048,0,2048,2048,1
shuffled_logs,43,4,29,5,scan,37800,2048,0,2048,2048,1
shuffled_logs,43,4,30,6,scan,453800,2048,0,0,0,1
shuffled_logs,43,4,30,6,pruned,400,0,32,0,0,1
shuffled_logs,43,4,31,7,pruned,100,0,32,0,0,1
shuffled_logs,43,4,31,7,scan,5300,2048,0,0,0,1
shuffled_logs,43,4,32,0,scan,7700,2048,0,2048,2048,1
shuffled_logs,43,4,32,0,pruned,6600,2048,0,2048,2048,1
shuffled_logs,43,4,33,1,pruned,5800,2048,0,32,32,1
shuffled_logs,43,4,33,1,scan,5300,2048,0,32,32,1
shuffled_logs,43,4,34,2,scan,5000,2048,0,2,2,1
shuffled_logs,43,4,34,2,pruned,600,128,30,2,2,1
shuffled_logs,43,4,35,3,pruned,111000,512,24,8,8,1
shuffled_logs,43,4,35,3,scan,480000,2048,0,8,8,1
shuffled_logs,43,4,36,4,scan,438400,2048,0,0,0,1
shuffled_logs,43,4,36,4,pruned,700,0,32,0,0,1
shuffled_logs,43,4,37,5,pruned,38800,2048,0,2048,2048,1
shuffled_logs,43,4,37,5,scan,37200,2048,0,2048,2048,1
shuffled_logs,43,4,38,6,scan,491000,2048,0,0,0,1
shuffled_logs,43,4,38,6,pruned,500,0,32,0,0,1
shuffled_logs,43,4,39,7,pruned,100,0,32,0,0,1
shuffled_logs,43,4,39,7,scan,5600,2048,0,0,0,1
shuffled_logs,43,4,40,0,scan,7600,2048,0,2048,2048,1
shuffled_logs,43,4,40,0,pruned,6400,2048,0,2048,2048,1
shuffled_logs,43,4,41,1,pruned,5700,2048,0,32,32,1
shuffled_logs,43,4,41,1,scan,5300,2048,0,32,32,1
shuffled_logs,43,4,42,2,scan,5100,2048,0,2,2,1
shuffled_logs,43,4,42,2,pruned,800,128,30,2,2,1
shuffled_logs,43,4,43,3,pruned,110800,512,24,8,8,1
shuffled_logs,43,4,43,3,scan,440900,2048,0,8,8,1
shuffled_logs,43,4,44,4,scan,438400,2048,0,0,0,1
shuffled_logs,43,4,44,4,pruned,500,0,32,0,0,1
shuffled_logs,43,4,45,5,pruned,39300,2048,0,2048,2048,1
shuffled_logs,43,4,45,5,scan,38000,2048,0,2048,2048,1
shuffled_logs,43,4,46,6,scan,447200,2048,0,0,0,1
shuffled_logs,43,4,46,6,pruned,28200,128,30,0,0,1
shuffled_logs,43,4,47,7,pruned,200,0,32,0,0,1
shuffled_logs,43,4,47,7,scan,5300,2048,0,0,0,1
shuffled_logs,43,4,48,0,scan,7600,2048,0,2048,2048,1
shuffled_logs,43,4,48,0,pruned,6500,2048,0,2048,2048,1
shuffled_logs,43,4,49,1,pruned,5700,2048,0,32,32,1
shuffled_logs,43,4,49,1,scan,5400,2048,0,32,32,1
shuffled_logs,43,4,50,2,scan,5100,2048,0,2,2,1
shuffled_logs,43,4,50,2,pruned,700,128,30,2,2,1
shuffled_logs,43,4,51,3,pruned,111000,512,24,8,8,1
shuffled_logs,43,4,51,3,scan,458600,2048,0,8,8,1
shuffled_logs,43,4,52,4,scan,438400,2048,0,0,0,1
shuffled_logs,43,4,52,4,pruned,500,0,32,0,0,1
shuffled_logs,43,4,53,5,pruned,38900,2048,0,2048,2048,1
shuffled_logs,43,4,53,5,scan,37800,2048,0,2048,2048,1
shuffled_logs,43,4,54,6,scan,463800,2048,0,0,0,1
shuffled_logs,43,4,54,6,pruned,30600,128,30,0,0,1
shuffled_logs,43,4,55,7,pruned,200,0,32,0,0,1
shuffled_logs,43,4,55,7,scan,8300,2048,0,0,0,1
shuffled_logs,43,4,56,0,scan,8900,2048,0,2048,2048,1
shuffled_logs,43,4,56,0,pruned,6500,2048,0,2048,2048,1
shuffled_logs,43,4,57,1,pruned,5500,2048,0,32,32,1
shuffled_logs,43,4,57,1,scan,5300,2048,0,32,32,1
shuffled_logs,43,4,58,2,scan,5100,2048,0,2,2,1
shuffled_logs,43,4,58,2,pruned,600,128,30,2,2,1
shuffled_logs,43,4,59,3,pruned,112900,512,24,8,8,1
shuffled_logs,43,4,59,3,scan,465500,2048,0,8,8,1
shuffled_logs,43,4,60,4,scan,457600,2048,0,0,0,1
shuffled_logs,43,4,60,4,pruned,600,0,32,0,0,1
shuffled_logs,43,4,61,5,pruned,40900,2048,0,2048,2048,1
shuffled_logs,43,4,61,5,scan,38000,2048,0,2048,2048,1
shuffled_logs,43,4,62,6,scan,436200,2048,0,0,0,1
shuffled_logs,43,4,62,6,pruned,27400,128,30,0,0,1
shuffled_logs,43,4,63,7,pruned,200,0,32,0,0,1
shuffled_logs,43,4,63,7,scan,5200,2048,0,0,0,1
shuffled_logs,43,4,64,0,scan,6700,2048,0,2048,2048,1
shuffled_logs,43,4,64,0,pruned,6400,2048,0,2048,2048,1
shuffled_logs,43,4,65,1,pruned,5600,2048,0,32,32,1
shuffled_logs,43,4,65,1,scan,5300,2048,0,32,32,1
shuffled_logs,43,4,66,2,scan,5100,2048,0,2,2,1
shuffled_logs,43,4,66,2,pruned,700,128,30,2,2,1
shuffled_logs,43,4,67,3,pruned,110900,512,24,8,8,1
shuffled_logs,43,4,67,3,scan,440200,2048,0,8,8,1
shuffled_logs,43,4,68,4,scan,435500,2048,0,0,0,1
shuffled_logs,43,4,68,4,pruned,500,0,32,0,0,1
shuffled_logs,43,4,69,5,pruned,38700,2048,0,2048,2048,1
shuffled_logs,43,4,69,5,scan,54200,2048,0,2048,2048,1
shuffled_logs,43,4,70,6,scan,453000,2048,0,0,0,1
shuffled_logs,43,4,70,6,pruned,27900,128,30,0,0,1
shuffled_logs,43,4,71,7,pruned,200,0,32,0,0,1
shuffled_logs,43,4,71,7,scan,5400,2048,0,0,0,1
shuffled_logs,43,4,72,0,scan,7700,2048,0,2048,2048,1
shuffled_logs,43,4,72,0,pruned,6500,2048,0,2048,2048,1
shuffled_logs,43,4,73,1,pruned,5700,2048,0,32,32,1
shuffled_logs,43,4,73,1,scan,5400,2048,0,32,32,1
shuffled_logs,43,4,74,2,scan,5100,2048,0,2,2,1
shuffled_logs,43,4,74,2,pruned,700,128,30,2,2,1
shuffled_logs,43,4,75,3,pruned,110600,512,24,8,8,1
shuffled_logs,43,4,75,3,scan,441100,2048,0,8,8,1
shuffled_logs,43,4,76,4,scan,440300,2048,0,0,0,1
shuffled_logs,43,4,76,4,pruned,600,0,32,0,0,1
shuffled_logs,43,4,77,5,pruned,44100,2048,0,2048,2048,1
shuffled_logs,43,4,77,5,scan,40600,2048,0,2048,2048,1
shuffled_logs,43,4,78,6,scan,497500,2048,0,0,0,1
shuffled_logs,43,4,78,6,pruned,600,0,32,0,0,1
shuffled_logs,43,4,79,7,pruned,300,0,32,0,0,1
shuffled_logs,43,4,79,7,scan,5500,2048,0,0,0,1
shuffled_logs,43,4,80,0,scan,7800,2048,0,2048,2048,1
shuffled_logs,43,4,80,0,pruned,6500,2048,0,2048,2048,1
shuffled_logs,43,4,81,1,pruned,5800,2048,0,32,32,1
shuffled_logs,43,4,81,1,scan,5300,2048,0,32,32,1
shuffled_logs,43,4,82,2,scan,5000,2048,0,2,2,1
shuffled_logs,43,4,82,2,pruned,600,128,30,2,2,1
shuffled_logs,43,4,83,3,pruned,116900,512,24,8,8,1
shuffled_logs,43,4,83,3,scan,482000,2048,0,8,8,1
shuffled_logs,43,4,84,4,scan,618600,2048,0,0,0,1
shuffled_logs,43,4,84,4,pruned,1100,0,32,0,0,1
shuffled_logs,43,4,85,5,pruned,80000,2048,0,2048,2048,1
shuffled_logs,43,4,85,5,scan,68100,2048,0,2048,2048,1
shuffled_logs,43,4,86,6,scan,495300,2048,0,0,0,1
shuffled_logs,43,4,86,6,pruned,600,0,32,0,0,1
shuffled_logs,43,4,87,7,pruned,100,0,32,0,0,1
shuffled_logs,43,4,87,7,scan,5700,2048,0,0,0,1
shuffled_logs,43,4,88,0,scan,7800,2048,0,2048,2048,1
shuffled_logs,43,4,88,0,pruned,6700,2048,0,2048,2048,1
shuffled_logs,43,4,89,1,pruned,5600,2048,0,32,32,1
shuffled_logs,43,4,89,1,scan,5400,2048,0,32,32,1
shuffled_logs,43,4,90,2,scan,6700,2048,0,2,2,1
shuffled_logs,43,4,90,2,pruned,1200,128,30,2,2,1
shuffled_logs,43,4,91,3,pruned,165600,512,24,8,8,1
shuffled_logs,43,4,91,3,scan,461600,2048,0,8,8,1
shuffled_logs,43,4,92,4,scan,461600,2048,0,0,0,1
shuffled_logs,43,4,92,4,pruned,1100,0,32,0,0,1
shuffled_logs,43,4,93,5,pruned,51200,2048,0,2048,2048,1
shuffled_logs,43,4,93,5,scan,37300,2048,0,2048,2048,1
shuffled_logs,43,4,94,6,scan,484300,2048,0,0,0,1
shuffled_logs,43,4,94,6,pruned,900,0,32,0,0,1
shuffled_logs,43,4,95,7,pruned,200,0,32,0,0,1
shuffled_logs,43,4,95,7,scan,8300,2048,0,0,0,1
shuffled_logs,43,4,96,0,scan,7500,2048,0,2048,2048,1
shuffled_logs,43,4,96,0,pruned,6600,2048,0,2048,2048,1
shuffled_logs,43,4,97,1,pruned,5900,2048,0,32,32,1
shuffled_logs,43,4,97,1,scan,5400,2048,0,32,32,1
shuffled_logs,43,4,98,2,scan,4900,2048,0,2,2,1
shuffled_logs,43,4,98,2,pruned,700,128,30,2,2,1
shuffled_logs,43,4,99,3,pruned,111800,512,24,8,8,1
shuffled_logs,43,4,99,3,scan,475000,2048,0,8,8,1
shuffled_logs,43,4,100,4,scan,441200,2048,0,0,0,1
shuffled_logs,43,4,100,4,pruned,600,0,32,0,0,1
shuffled_logs,43,4,101,5,pruned,39300,2048,0,2048,2048,1
shuffled_logs,43,4,101,5,scan,37900,2048,0,2048,2048,1
shuffled_logs,43,4,102,6,scan,435000,2048,0,0,0,1
shuffled_logs,43,4,102,6,pruned,400,0,32,0,0,1
shuffled_logs,43,4,103,7,pruned,100,0,32,0,0,1
shuffled_logs,43,4,103,7,scan,5400,2048,0,0,0,1
shuffled_logs,43,4,104,0,scan,6800,2048,0,2048,2048,1
shuffled_logs,43,4,104,0,pruned,6500,2048,0,2048,2048,1
shuffled_logs,43,4,105,1,pruned,5700,2048,0,32,32,1
shuffled_logs,43,4,105,1,scan,5300,2048,0,32,32,1
shuffled_logs,43,4,106,2,scan,5000,2048,0,2,2,1
shuffled_logs,43,4,106,2,pruned,600,128,30,2,2,1
shuffled_logs,43,4,107,3,pruned,110900,512,24,8,8,1
shuffled_logs,43,4,107,3,scan,440400,2048,0,8,8,1
shuffled_logs,43,4,108,4,scan,453900,2048,0,0,0,1
shuffled_logs,43,4,108,4,pruned,500,0,32,0,0,1
shuffled_logs,43,4,109,5,pruned,40100,2048,0,2048,2048,1
shuffled_logs,43,4,109,5,scan,38600,2048,0,2048,2048,1
shuffled_logs,43,4,110,6,scan,446600,2048,0,0,0,1
shuffled_logs,43,4,110,6,pruned,500,0,32,0,0,1
shuffled_logs,43,4,111,7,pruned,100,0,32,0,0,1
shuffled_logs,43,4,111,7,scan,5400,2048,0,0,0,1
shuffled_logs,43,4,112,0,scan,7600,2048,0,2048,2048,1
shuffled_logs,43,4,112,0,pruned,6600,2048,0,2048,2048,1
shuffled_logs,43,4,113,1,pruned,5800,2048,0,32,32,1
shuffled_logs,43,4,113,1,scan,5300,2048,0,32,32,1
shuffled_logs,43,4,114,2,scan,4900,2048,0,2,2,1
shuffled_logs,43,4,114,2,pruned,600,128,30,2,2,1
shuffled_logs,43,4,115,3,pruned,110700,512,24,8,8,1
shuffled_logs,43,4,115,3,scan,440300,2048,0,8,8,1
shuffled_logs,43,4,116,4,scan,498500,2048,0,0,0,1
shuffled_logs,43,4,116,4,pruned,600,0,32,0,0,1
shuffled_logs,43,4,117,5,pruned,42300,2048,0,2048,2048,1
shuffled_logs,43,4,117,5,scan,37700,2048,0,2048,2048,1
shuffled_logs,43,4,118,6,scan,459700,2048,0,0,0,1
shuffled_logs,43,4,118,6,pruned,400,0,32,0,0,1
shuffled_logs,43,4,119,7,pruned,200,0,32,0,0,1
shuffled_logs,43,4,119,7,scan,5500,2048,0,0,0,1
shuffled_logs,43,4,120,0,scan,7400,2048,0,2048,2048,1
shuffled_logs,43,4,120,0,pruned,6500,2048,0,2048,2048,1
shuffled_logs,43,4,121,1,pruned,5700,2048,0,32,32,1
shuffled_logs,43,4,121,1,scan,5300,2048,0,32,32,1
shuffled_logs,43,4,122,2,scan,5000,2048,0,2,2,1
shuffled_logs,43,4,122,2,pruned,600,128,30,2,2,1
shuffled_logs,43,4,123,3,pruned,110800,512,24,8,8,1
shuffled_logs,43,4,123,3,scan,439500,2048,0,8,8,1
shuffled_logs,43,4,124,4,scan,440400,2048,0,0,0,1
shuffled_logs,43,4,124,4,pruned,500,0,32,0,0,1
shuffled_logs,43,4,125,5,pruned,37500,2048,0,2048,2048,1
shuffled_logs,43,4,125,5,scan,37200,2048,0,2048,2048,1
shuffled_logs,43,4,126,6,scan,452500,2048,0,0,0,1
shuffled_logs,43,4,126,6,pruned,400,0,32,0,0,1
shuffled_logs,43,4,127,7,pruned,100,0,32,0,0,1
shuffled_logs,43,4,127,7,scan,5300,2048,0,0,0,1
shuffled_logs,44,0,0,0,scan,4800,2048,0,2048,2048,1
shuffled_logs,44,0,0,0,pruned,4700,2048,0,2048,2048,1
shuffled_logs,44,0,1,1,pruned,3400,1600,7,32,32,1
shuffled_logs,44,0,1,1,scan,3900,2048,0,32,32,1
shuffled_logs,44,0,2,2,scan,3400,2048,0,2,2,1
shuffled_logs,44,0,2,2,pruned,500,128,30,2,2,1
shuffled_logs,44,0,3,3,pruned,80900,512,24,8,8,1
shuffled_logs,44,0,3,3,scan,322100,2048,0,8,8,1
shuffled_logs,44,0,4,4,scan,320800,2048,0,0,0,1
shuffled_logs,44,0,4,4,pruned,400,0,32,0,0,1
shuffled_logs,44,0,5,5,pruned,27200,2048,0,2048,2048,1
shuffled_logs,44,0,5,5,scan,26600,2048,0,2048,2048,1
shuffled_logs,44,0,6,6,scan,331600,2048,0,0,0,1
shuffled_logs,44,0,6,6,pruned,300,0,32,0,0,1
shuffled_logs,44,0,7,7,pruned,100,0,32,0,0,1
shuffled_logs,44,0,7,7,scan,3800,2048,0,0,0,1
shuffled_logs,44,0,8,0,scan,5400,2048,0,2048,2048,1
shuffled_logs,44,0,8,0,pruned,4600,2048,0,2048,2048,1
shuffled_logs,44,0,9,1,pruned,4000,2048,0,32,32,1
shuffled_logs,44,0,9,1,scan,3800,2048,0,32,32,1
shuffled_logs,44,0,10,2,scan,3400,2048,0,2,2,1
shuffled_logs,44,0,10,2,pruned,500,128,30,2,2,1
shuffled_logs,44,0,11,3,pruned,81200,512,24,8,8,1
shuffled_logs,44,0,11,3,scan,322100,2048,0,8,8,1
shuffled_logs,44,0,12,4,scan,319000,2048,0,0,0,1
shuffled_logs,44,0,12,4,pruned,300,0,32,0,0,1
shuffled_logs,44,0,13,5,pruned,27000,2048,0,2048,2048,1
shuffled_logs,44,0,13,5,scan,26600,2048,0,2048,2048,1
shuffled_logs,44,0,14,6,scan,319700,2048,0,0,0,1
shuffled_logs,44,0,14,6,pruned,200,0,32,0,0,1
shuffled_logs,44,0,15,7,pruned,0,0,32,0,0,1
shuffled_logs,44,0,15,7,scan,3800,2048,0,0,0,1
shuffled_logs,44,0,16,0,scan,4600,2048,0,2048,2048,1
shuffled_logs,44,0,16,0,pruned,4500,2048,0,2048,2048,1
shuffled_logs,44,0,17,1,pruned,4000,2048,0,32,32,1
shuffled_logs,44,0,17,1,scan,3800,2048,0,32,32,1
shuffled_logs,44,0,18,2,scan,3300,2048,0,2,2,1
shuffled_logs,44,0,18,2,pruned,500,128,30,2,2,1
shuffled_logs,44,0,19,3,pruned,80600,512,24,8,8,1
shuffled_logs,44,0,19,3,scan,321400,2048,0,8,8,1
shuffled_logs,44,0,20,4,scan,331000,2048,0,0,0,1
shuffled_logs,44,0,20,4,pruned,500,0,32,0,0,1
shuffled_logs,44,0,21,5,pruned,27700,2048,0,2048,2048,1
shuffled_logs,44,0,21,5,scan,26600,2048,0,2048,2048,1
shuffled_logs,44,0,22,6,scan,344800,2048,0,0,0,1
shuffled_logs,44,0,22,6,pruned,300,0,32,0,0,1
shuffled_logs,44,0,23,7,pruned,100,0,32,0,0,1
shuffled_logs,44,0,23,7,scan,3900,2048,0,0,0,1
shuffled_logs,44,0,24,0,scan,5400,2048,0,2048,2048,1
shuffled_logs,44,0,24,0,pruned,4600,2048,0,2048,2048,1
shuffled_logs,44,0,25,1,pruned,4000,2048,0,32,32,1
shuffled_logs,44,0,25,1,scan,3800,2048,0,32,32,1
shuffled_logs,44,0,26,2,scan,3300,2048,0,2,2,1
shuffled_logs,44,0,26,2,pruned,400,128,30,2,2,1
shuffled_logs,44,0,27,3,pruned,81000,512,24,8,8,1
shuffled_logs,44,0,27,3,scan,321900,2048,0,8,8,1
shuffled_logs,44,0,28,4,scan,320600,2048,0,0,0,1
shuffled_logs,44,0,28,4,pruned,300,0,32,0,0,1
shuffled_logs,44,0,29,5,pruned,26800,2048,0,2048,2048,1
shuffled_logs,44,0,29,5,scan,39000,2048,0,2048,2048,1
shuffled_logs,44,0,30,6,scan,320500,2048,0,0,0,1
shuffled_logs,44,0,30,6,pruned,300,0,32,0,0,1
shuffled_logs,44,0,31,7,pruned,100,0,32,0,0,1
shuffled_logs,44,0,31,7,scan,3800,2048,0,0,0,1
shuffled_logs,44,0,32,0,scan,5300,2048,0,2048,2048,1
shuffled_logs,44,0,32,0,pruned,4500,2048,0,2048,2048,1
shuffled_logs,44,0,33,1,pruned,4000,2048,0,32,32,1
shuffled_logs,44,0,33,1,scan,3800,2048,0,32,32,1
shuffled_logs,44,0,34,2,scan,3400,2048,0,2,2,1
shuffled_logs,44,0,34,2,pruned,400,128,30,2,2,1
shuffled_logs,44,0,35,3,pruned,81100,512,24,8,8,1
shuffled_logs,44,0,35,3,scan,334200,2048,0,8,8,1
shuffled_logs,44,0,36,4,scan,325500,2048,0,0,0,1
shuffled_logs,44,0,36,4,pruned,400,0,32,0,0,1
shuffled_logs,44,0,37,5,pruned,28700,2048,0,2048,2048,1
shuffled_logs,44,0,37,5,scan,27900,2048,0,2048,2048,1
shuffled_logs,44,0,38,6,scan,320600,2048,0,0,0,1
shuffled_logs,44,0,38,6,pruned,200,0,32,0,0,1
shuffled_logs,44,0,39,7,pruned,100,0,32,0,0,1
shuffled_logs,44,0,39,7,scan,3800,2048,0,0,0,1
shuffled_logs,44,0,40,0,scan,4600,2048,0,2048,2048,1
shuffled_logs,44,0,40,0,pruned,4600,2048,0,2048,2048,1
shuffled_logs,44,0,41,1,pruned,4000,2048,0,32,32,1
shuffled_logs,44,0,41,1,scan,3700,2048,0,32,32,1
shuffled_logs,44,0,42,2,scan,3400,2048,0,2,2,1
shuffled_logs,44,0,42,2,pruned,400,128,30,2,2,1
shuffled_logs,44,0,43,3,pruned,81100,512,24,8,8,1
shuffled_logs,44,0,43,3,scan,322200,2048,0,8,8,1
shuffled_logs,44,0,44,4,scan,319500,2048,0,0,0,1
shuffled_logs,44,0,44,4,pruned,400,0,32,0,0,1
shuffled_logs,44,0,45,5,pruned,30800,2048,0,2048,2048,1
shuffled_logs,44,0,45,5,scan,30000,2048,0,2048,2048,1
shuffled_logs,44,0,46,6,scan,320600,2048,0,0,0,1
shuffled_logs,44,0,46,6,pruned,300,0,32,0,0,1
shuffled_logs,44,0,47,7,pruned,100,0,32,0,0,1
shuffled_logs,44,0,47,7,scan,3700,2048,0,0,0,1
shuffled_logs,44,0,48,0,scan,4700,2048,0,2048,2048,1
shuffled_logs,44,0,48,0,pruned,4500,2048,0,2048,2048,1
shuffled_logs,44,0,49,1,pruned,4000,2048,0,32,32,1
shuffled_logs,44,0,49,1,scan,3800,2048,0,32,32,1
shuffled_logs,44,0,50,2,scan,3500,2048,0,2,2,1
shuffled_logs,44,0,50,2,pruned,500,128,30,2,2,1
shuffled_logs,44,0,51,3,pruned,92900,512,24,8,8,1
shuffled_logs,44,0,51,3,scan,322800,2048,0,8,8,1
shuffled_logs,44,0,52,4,scan,328400,2048,0,0,0,1
shuffled_logs,44,0,52,4,pruned,300,0,32,0,0,1
shuffled_logs,44,0,53,5,pruned,28300,2048,0,2048,2048,1
shuffled_logs,44,0,53,5,scan,27400,2048,0,2048,2048,1
shuffled_logs,44,0,54,6,scan,320400,2048,0,0,0,1
shuffled_logs,44,0,54,6,pruned,20400,128,30,0,0,1
shuffled_logs,44,0,55,7,pruned,100,0,32,0,0,1
shuffled_logs,44,0,55,7,scan,3800,2048,0,0,0,1
shuffled_logs,44,0,56,0,scan,4600,2048,0,2048,2048,1
shuffled_logs,44,0,56,0,pruned,4600,2048,0,2048,2048,1
shuffled_logs,44,0,57,1,pruned,4000,2048,0,32,32,1
shuffled_logs,44,0,57,1,scan,3700,2048,0,32,32,1
shuffled_logs,44,0,58,2,scan,3300,2048,0,2,2,1
shuffled_logs,44,0,58,2,pruned,500,128,30,2,2,1
shuffled_logs,44,0,59,3,pruned,81300,512,24,8,8,1
shuffled_logs,44,0,59,3,scan,322500,2048,0,8,8,1
shuffled_logs,44,0,60,4,scan,318900,2048,0,0,0,1
shuffled_logs,44,0,60,4,pruned,300,0,32,0,0,1
shuffled_logs,44,0,61,5,pruned,27100,2048,0,2048,2048,1
shuffled_logs,44,0,61,5,scan,26500,2048,0,2048,2048,1
shuffled_logs,44,0,62,6,scan,332400,2048,0,0,0,1
shuffled_logs,44,0,62,6,pruned,20400,128,30,0,0,1
shuffled_logs,44,0,63,7,pruned,100,0,32,0,0,1
shuffled_logs,44,0,63,7,scan,3800,2048,0,0,0,1
shuffled_logs,44,0,64,0,scan,5400,2048,0,2048,2048,1
shuffled_logs,44,0,64,0,pruned,4700,2048,0,2048,2048,1
shuffled_logs,44,0,65,1,pruned,4000,2048,0,32,32,1
shuffled_logs,44,0,65,1,scan,3800,2048,0,32,32,1
shuffled_logs,44,0,66,2,scan,3300,2048,0,2,2,1
shuffled_logs,44,0,66,2,pruned,500,128,30,2,2,1
shuffled_logs,44,0,67,3,pruned,81100,512,24,8,8,1
shuffled_logs,44,0,67,3,scan,323000,2048,0,8,8,1
shuffled_logs,44,0,68,4,scan,321100,2048,0,0,0,1
shuffled_logs,44,0,68,4,pruned,300,0,32,0,0,1
shuffled_logs,44,0,69,5,pruned,27300,2048,0,2048,2048,1
shuffled_logs,44,0,69,5,scan,26600,2048,0,2048,2048,1
shuffled_logs,44,0,70,6,scan,320900,2048,0,0,0,1
shuffled_logs,44,0,70,6,pruned,20200,128,30,0,0,1
shuffled_logs,44,0,71,7,pruned,0,0,32,0,0,1
shuffled_logs,44,0,71,7,scan,3700,2048,0,0,0,1
shuffled_logs,44,0,72,0,scan,4600,2048,0,2048,2048,1
shuffled_logs,44,0,72,0,pruned,4500,2048,0,2048,2048,1
shuffled_logs,44,0,73,1,pruned,4000,2048,0,32,32,1
shuffled_logs,44,0,73,1,scan,3700,2048,0,32,32,1
shuffled_logs,44,0,74,2,scan,3300,2048,0,2,2,1
shuffled_logs,44,0,74,2,pruned,500,128,30,2,2,1
shuffled_logs,44,0,75,3,pruned,81500,512,24,8,8,1
shuffled_logs,44,0,75,3,scan,330900,2048,0,8,8,1
shuffled_logs,44,0,76,4,scan,332900,2048,0,0,0,1
shuffled_logs,44,0,76,4,pruned,400,0,32,0,0,1
shuffled_logs,44,0,77,5,pruned,27800,2048,0,2048,2048,1
shuffled_logs,44,0,77,5,scan,26700,2048,0,2048,2048,1
shuffled_logs,44,0,78,6,scan,328300,2048,0,0,0,1
shuffled_logs,44,0,78,6,pruned,20200,128,30,0,0,1
shuffled_logs,44,0,79,7,pruned,0,0,32,0,0,1
shuffled_logs,44,0,79,7,scan,3900,2048,0,0,0,1
shuffled_logs,44,0,80,0,scan,4700,2048,0,2048,2048,1
shuffled_logs,44,0,80,0,pruned,4700,2048,0,2048,2048,1
shuffled_logs,44,0,81,1,pruned,4000,2048,0,32,32,1
shuffled_logs,44,0,81,1,scan,3800,2048,0,32,32,1
shuffled_logs,44,0,82,2,scan,3400,2048,0,2,2,1
shuffled_logs,44,0,82,2,pruned,400,128,30,2,2,1
shuffled_logs,44,0,83,3,pruned,81400,512,24,8,8,1
shuffled_logs,44,0,83,3,scan,322500,2048,0,8,8,1
shuffled_logs,44,0,84,4,scan,326500,2048,0,0,0,1
shuffled_logs,44,0,84,4,pruned,400,0,32,0,0,1
shuffled_logs,44,0,85,5,pruned,28500,2048,0,2048,2048,1
shuffled_logs,44,0,85,5,scan,27200,2048,0,2048,2048,1
shuffled_logs,44,0,86,6,scan,377900,2048,0,0,0,1
shuffled_logs,44,0,86,6,pruned,700,0,32,0,0,1
shuffled_logs,44,0,87,7,pruned,100,0,32,0,0,1
shuffled_logs,44,0,87,7,scan,10100,2048,0,0,0,1
shuffled_logs,44,0,88,0,scan,9500,2048,0,2048,2048,1
shuffled_logs,44,0,88,0,pruned,7500,2048,0,2048,2048,1
shuffled_logs,44,0,89,1,pruned,6000,2048,0,32,32,1
shuffled_logs,44,0,89,1,scan,6000,2048,0,32,32,1
shuffled_logs,44,0,90,2,scan,5200,2048,0,2,2,1
shuffled_logs,44,0,90,2,pruned,700,128,30,2,2,1
shuffled_logs,44,0,91,3,pruned,133200,512,24,8,8,1
shuffled_logs,44,0,91,3,scan,624500,2048,0,8,8,1
shuffled_logs,44,0,92,4,scan,579500,2048,0,0,0,1
shuffled_logs,44,0,92,4,pruned,1100,0,32,0,0,1
shuffled_logs,44,0,93,5,pruned,77800,2048,0,2048,2048,1
shuffled_logs,44,0,93,5,scan,54900,2048,0,2048,2048,1
shuffled_logs,44,0,94,6,scan,586000,2048,0,0,0,1
shuffled_logs,44,0,94,6,pruned,1800,0,32,0,0,1
shuffled_logs,44,0,95,7,pruned,200,0,32,0,0,1
shuffled_logs,44,0,95,7,scan,18600,2048,0,0,0,1
shuffled_logs,44,0,96,0,scan,21300,2048,0,2048,2048,1
shuffled_logs,44,0,96,0,pruned,18500,2048,0,2048,2048,1
shuffled_logs,44,0,97,1,pruned,14900,2048,0,32,32,1
shuffled_logs,44,0,97,1,scan,12700,2048,0,32,32,1
shuffled_logs,44,0,98,2,scan,12000,2048,0,2,2,1
shuffled_logs,44,0,98,2,pruned,2100,128,30,2,2,1
shuffled_logs,44,0,99,3,pruned,134600,512,24,8,8,1
shuffled_logs,44,0,99,3,scan,594800,2048,0,8,8,1
shuffled_logs,44,0,100,4,scan,608800,2048,0,0,0,1
shuffled_logs,44,0,100,4,pruned,1000,0,32,0,0,1
shuffled_logs,44,0,101,5,pruned,64800,2048,0,2048,2048,1
shuffled_logs,44,0,101,5,scan,41700,2048,0,2048,2048,1
shuffled_logs,44,0,102,6,scan,549400,2048,0,0,0,1
shuffled_logs,44,0,102,6,pruned,600,0,32,0,0,1
shuffled_logs,44,0,103,7,pruned,100,0,32,0,0,1
shuffled_logs,44,0,103,7,scan,7200,2048,0,0,0,1
shuffled_logs,44,0,104,0,scan,8200,2048,0,2048,2048,1
shuffled_logs,44,0,104,0,pruned,7400,2048,0,2048,2048,1
shuffled_logs,44,0,105,1,pruned,5800,2048,0,32,32,1
shuffled_logs,44,0,105,1,scan,5600,2048,0,32,32,1
shuffled_logs,44,0,106,2,scan,4900,2048,0,2,2,1
shuffled_logs,44,0,106,2,pruned,900,128,30,2,2,1
shuffled_logs,44,0,107,3,pruned,120300,512,24,8,8,1
shuffled_logs,44,0,107,3,scan,325400,2048,0,8,8,1
shuffled_logs,44,0,108,4,scan,319200,2048,0,0,0,1
shuffled_logs,44,0,108,4,pruned,400,0,32,0,0,1
shuffled_logs,44,0,109,5,pruned,27300,2048,0,2048,2048,1
shuffled_logs,44,0,109,5,scan,26600,2048,0,2048,2048,1
shuffled_logs,44,0,110,6,scan,319700,2048,0,0,0,1
shuffled_logs,44,0,110,6,pruned,300,0,32,0,0,1
shuffled_logs,44,0,111,7,pruned,100,0,32,0,0,1
shuffled_logs,44,0,111,7,scan,3800,2048,0,0,0,1
shuffled_logs,44,0,112,0,scan,4600,2048,0,2048,2048,1
shuffled_logs,44,0,112,0,pruned,4600,2048,0,2048,2048,1
shuffled_logs,44,0,113,1,pruned,4000,2048,0,32,32,1
shuffled_logs,44,0,113,1,scan,3800,2048,0,32,32,1
shuffled_logs,44,0,114,2,scan,3300,2048,0,2,2,1
shuffled_logs,44,0,114,2,pruned,400,128,30,2,2,1
shuffled_logs,44,0,115,3,pruned,81300,512,24,8,8,1
shuffled_logs,44,0,115,3,scan,335100,2048,0,8,8,1
shuffled_logs,44,0,116,4,scan,321400,2048,0,0,0,1
shuffled_logs,44,0,116,4,pruned,400,0,32,0,0,1
shuffled_logs,44,0,117,5,pruned,27900,2048,0,2048,2048,1
shuffled_logs,44,0,117,5,scan,26600,2048,0,2048,2048,1
shuffled_logs,44,0,118,6,scan,336000,2048,0,0,0,1
shuffled_logs,44,0,118,6,pruned,300,0,32,0,0,1
shuffled_logs,44,0,119,7,pruned,200,0,32,0,0,1
shuffled_logs,44,0,119,7,scan,3800,2048,0,0,0,1
shuffled_logs,44,0,120,0,scan,4900,2048,0,2048,2048,1
shuffled_logs,44,0,120,0,pruned,4500,2048,0,2048,2048,1
shuffled_logs,44,0,121,1,pruned,4000,2048,0,32,32,1
shuffled_logs,44,0,121,1,scan,3800,2048,0,32,32,1
shuffled_logs,44,0,122,2,scan,3500,2048,0,2,2,1
shuffled_logs,44,0,122,2,pruned,400,128,30,2,2,1
shuffled_logs,44,0,123,3,pruned,81400,512,24,8,8,1
shuffled_logs,44,0,123,3,scan,330800,2048,0,8,8,1
shuffled_logs,44,0,124,4,scan,319000,2048,0,0,0,1
shuffled_logs,44,0,124,4,pruned,400,0,32,0,0,1
shuffled_logs,44,0,125,5,pruned,27800,2048,0,2048,2048,1
shuffled_logs,44,0,125,5,scan,26700,2048,0,2048,2048,1
shuffled_logs,44,0,126,6,scan,330700,2048,0,0,0,1
shuffled_logs,44,0,126,6,pruned,400,0,32,0,0,1
shuffled_logs,44,0,127,7,pruned,100,0,32,0,0,1
shuffled_logs,44,0,127,7,scan,3800,2048,0,0,0,1
shuffled_logs,44,1,0,0,pruned,5400,2048,0,2048,2048,1
shuffled_logs,44,1,0,0,scan,4600,2048,0,2048,2048,1
shuffled_logs,44,1,1,1,scan,3900,2048,0,32,32,1
shuffled_logs,44,1,1,1,pruned,3200,1600,7,32,32,1
shuffled_logs,44,1,2,2,pruned,500,128,30,2,2,1
shuffled_logs,44,1,2,2,scan,3400,2048,0,2,2,1
shuffled_logs,44,1,3,3,scan,322600,2048,0,8,8,1
shuffled_logs,44,1,3,3,pruned,81000,512,24,8,8,1
shuffled_logs,44,1,4,4,pruned,400,0,32,0,0,1
shuffled_logs,44,1,4,4,scan,320800,2048,0,0,0,1
shuffled_logs,44,1,5,5,scan,26800,2048,0,2048,2048,1
shuffled_logs,44,1,5,5,pruned,26800,2048,0,2048,2048,1
shuffled_logs,44,1,6,6,pruned,300,0,32,0,0,1
shuffled_logs,44,1,6,6,scan,321100,2048,0,0,0,1
shuffled_logs,44,1,7,7,scan,3800,2048,0,0,0,1
shuffled_logs,44,1,7,7,pruned,100,0,32,0,0,1
shuffled_logs,44,1,8,0,pruned,4700,2048,0,2048,2048,1
shuffled_logs,44,1,8,0,scan,4500,2048,0,2048,2048,1
shuffled_logs,44,1,9,1,scan,3900,2048,0,32,32,1
shuffled_logs,44,1,9,1,pruned,3900,2048,0,32,32,1
shuffled_logs,44,1,10,2,pruned,400,128,30,2,2,1
shuffled_logs,44,1,10,2,scan,3400,2048,0,2,2,1
shuffled_logs,44,1,11,3,scan,322900,2048,0,8,8,1
shuffled_logs,44,1,11,3,pruned,81100,512,24,8,8,1
shuffled_logs,44,1,12,4,pruned,400,0,32,0,0,1
shuffled_logs,44,1,12,4,scan,331500,2048,0,0,0,1
shuffled_logs,44,1,13,5,scan,27400,2048,0,2048,2048,1
shuffled_logs,44,1,13,5,pruned,38700,2048,0,2048,2048,1
shuffled_logs,44,1,14,6,pruned,300,0,32,0,0,1
shuffled_logs,44,1,14,6,scan,321100,2048,0,0,0,1
shuffled_logs,44,1,15,7,scan,3700,2048,0,0,0,1
shuffled_logs,44,1,15,7,pruned,100,0,32,0,0,1
shuffled_logs,44,1,16,0,pruned,5100,2048,0,2048,2048,1
shuffled_logs,44,1,16,0,scan,4500,2048,0,2048,2048,1
shuffled_logs,44,1,17,1,scan,4000,2048,0,32,32,1
shuffled_logs,44,1,17,1,pruned,3800,2048,0,32,32,1
shuffled_logs,44,1,18,2,pruned,500,128,30,2,2,1
shuffled_logs,44,1,18,2,scan,3400,2048,0,2,2,1
shuffled_logs,44,1,19,3,scan,322600,2048,0,8,8,1
shuffled_logs,44,1,19,3,pruned,81100,512,24,8,8,1
shuffled_logs,44,1,20,4,pruned,400,0,32,0,0,1
shuffled_logs,44,1,20,4,scan,330100,2048,0,0,0,1
shuffled_logs,44,1,21,5,scan,27100,2048,0,2048,2048,1
shuffled_logs,44,1,21,5,pruned,26900,2048,0,2048,2048,1
shuffled_logs,44,1,22,6,pruned,300,0,32,0,0,1
shuffled_logs,44,1,22,6,scan,320800,2048,0,0,0,1
shuffled_logs,44,1,23,7,scan,3700,2048,0,0,0,1
shuffled_logs,44,1,23,7,pruned,0,0,32,0,0,1
shuffled_logs,44,1,24,0,pruned,4700,2048,0,2048,2048,1
shuffled_logs,44,1,24,0,scan,4400,2048,0,2048,2048,1
shuffled_logs,44,1,25,1,scan,3900,2048,0,32,32,1
shuffled_logs,44,1,25,1,pruned,3800,2048,0,32,32,1
shuffled_logs,44,1,26,2,pruned,500,128,30,2,2,1
shuffled_logs,44,1,26,2,scan,3400,2048,0,2,2,1
shuffled_logs,44,1,27,3,scan,323000,2048,0,8,8,1
shuffled_logs,44,1,27,3,pruned,81100,512,24,8,8,1
shuffled_logs,44,1,28,4,pruned,300,0,32,0,0,1
shuffled_logs,44,1,28,4,scan,333000,2048,0,0,0,1
shuffled_logs,44,1,29,5,scan,27300,2048,0,2048,2048,1
shuffled_logs,44,1,29,5,pruned,27000,2048,0,2048,2048,1
shuffled_logs,44,1,30,6,pruned,300,0,32,0,0,1
shuffled_logs,44,1,30,6,scan,319900,2048,0,0,0,1
shuffled_logs,44,1,31,7,scan,3700,2048,0,0,0,1
shuffled_logs,44,1,31,7,pruned,100,0,32,0,0,1
shuffled_logs,44,1,32,0,pruned,5100,2048,0,2048,2048,1
shuffled_logs,44,1,32,0,scan,4500,2048,0,2048,2048,1
shuffled_logs,44,1,33,1,scan,3900,2048,0,32,32,1
shuffled_logs,44,1,33,1,pruned,3800,2048,0,32,32,1
shuffled_logs,44,1,34,2,pruned,400,128,30,2,2,1
shuffled_logs,44,1,34,2,scan,3300,2048,0,2,2,1
shuffled_logs,44,1,35,3,scan,322600,2048,0,8,8,1
shuffled_logs,44,1,35,3,pruned,81000,512,24,8,8,1
shuffled_logs,44,1,36,4,pruned,400,0,32,0,0,1
shuffled_logs,44,1,36,4,scan,324700,2048,0,0,0,1
shuffled_logs,44,1,37,5,scan,28700,2048,0,2048,2048,1
shuffled_logs,44,1,37,5,pruned,28200,2048,0,2048,2048,1
shuffled_logs,44,1,38,6,pruned,200,0,32,0,0,1
shuffled_logs,44,1,38,6,scan,320700,2048,0,0,0,1
shuffled_logs,44,1,39,7,scan,3800,2048,0,0,0,1
shuffled_logs,44,1,39,7,pruned,100,0,32,0,0,1
shuffled_logs,44,1,40,0,pruned,4800,2048,0,2048,2048,1
shuffled_logs,44,1,40,0,scan,4500,2048,0,2048,2048,1
shuffled_logs,44,1,41,1,scan,4100,2048,0,32,32,1
shuffled_logs,44,1,41,1,pruned,3900,2048,0,32,32,1
shuffled_logs,44,1,42,2,pruned,500,128,30,2,2,1
shuffled_logs,44,1,42,2,scan,3300,2048,0,2,2,1
shuffled_logs,44,1,43,3,scan,334600,2048,0,8,8,1
shuffled_logs,44,1,43,3,pruned,81300,512,24,8,8,1
shuffled_logs,44,1,44,4,pruned,300,0,32,0,0,1
shuffled_logs,44,1,44,4,scan,320300,2048,0,0,0,1
shuffled_logs,44,1,45,5,scan,30300,2048,0,2048,2048,1
shuffled_logs,44,1,45,5,pruned,30200,2048,0,2048,2048,1
shuffled_logs,44,1,46,6,pruned,300,0,32,0,0,1
shuffled_logs,44,1,46,6,scan,328600,2048,0,0,0,1
shuffled_logs,44,1,47,7,scan,3800,2048,0,0,0,1
shuffled_logs,44,1,47,7,pruned,100,0,32,0,0,1
shuffled_logs,44,1,48,0,pruned,4900,2048,0,2048,2048,1
shuffled_logs,44,1,48,0,scan,4400,2048,0,2048,2048,1
shuffled_logs,44,1,49,1,scan,3900,2048,0,32,32,1
shuffled_logs,44,1,49,1,pruned,3900,2048,0,32,32,1
shuffled_logs,44,1,50,2,pruned,400,128,30,2,2,1
shuffled_logs,44,1,50,2,scan,3400,2048,0,2,2,1
shuffled_logs,44,1,51,3,scan,330500,2048,0,8,8,1
shuffled_logs,44,1,51,3,pruned,81200,512,24,8,8,1
shuffled_logs,44,1,52,4,pruned,300,0,32,0,0,1
shuffled_logs,44,1,52,4,scan,321300,2048,0,0,0,1
shuffled_logs,44,1,53,5,scan,27800,2048,0,2048,2048,1
shuffled_logs,44,1,53,5,pruned,27600,2048,0,2048,2048,1
shuffled_logs,44,1,54,6,pruned,20600,128,30,0,0,1
shuffled_logs,44,1,54,6,scan,425100,2048,0,0,0,1
shuffled_logs,44,1,55,7,scan,7500,2048,0,0,0,1
shuffled_logs,44,1,55,7,pruned,100,0,32,0,0,1
shuffled_logs,44,1,56,0,pruned,9300,2048,0,2048,2048,1
shuffled_logs,44,1,56,0,scan,7500,2048,0,2048,2048,1
shuffled_logs,44,1,57,1,scan,6200,2048,0,32,32,1
shuffled_logs,44,1,57,1,pruned,6100,2048,0,32,32,1
shuffled_logs,44,1,58,2,pruned,600,128,30,2,2,1
shuffled_logs,44,1,58,2,scan,5000,2048,0,2,2,1
shuffled_logs,44,1,59,3,scan,422400,2048,0,8,8,1
shuffled_logs,44,1,59,3,pruned,81100,512,24,8,8,1
shuffled_logs,44,1,60,4,pruned,400,0,32,0,0,1
shuffled_logs,44,1,60,4,scan,344300,2048,0,0,0,1
shuffled_logs,44,1,61,5,scan,28800,2048,0,2048,2048,1
shuffled_logs,44,1,61,5,pruned,27600,2048,0,2048,2048,1
shuffled_logs,44,1,62,6,pruned,20300,128,30,0,0,1
shuffled_logs,44,1,62,6,scan,323100,2048,0,0,0,1
shuffled_logs,44,1,63,7,scan,4200,2048,0,0,0,1
shuffled_logs,44,1,63,7,pruned,100,0,32,0,0,1
shuffled_logs,44,1,64,0,pruned,5100,2048,0,2048,2048,1
shuffled_logs,44,1,64,0,scan,4600,2048,0,2048,2048,1
shuffled_logs,44,1,65,1,scan,4100,2048,0,32,32,1
shuffled_logs,44,1,65,1,pruned,4000,2048,0,32,32,1
shuffled_logs,44,1,66,2,pruned,500,128,30,2,2,1
shuffled_logs,44,1,66,2,scan,3500,2048,0,2,2,1
shuffled_logs,44,1,67,3,scan,323800,2048,0,8,8,1
shuffled_logs,44,1,67,3,pruned,81300,512,24,8,8,1
shuffled_logs,44,1,68,4,pruned,400,0,32,0,0,1
shuffled_logs,44,1,68,4,scan,320200,2048,0,0,0,1
shuffled_logs,44,1,69,5,scan,27900,2048,0,2048,2048,1
shuffled_logs,44,1,69,5,pruned,27500,2048,0,2048,2048,1
shuffled_logs,44,1,70,6,pruned,20400,128,30,0,0,1
shuffled_logs,44,1,70,6,scan,321300,2048,0,0,0,1
shuffled_logs,44,1,71,7,scan,3800,2048,0,0,0,1
shuffled_logs,44,1,71,7,pruned,100,0,32,0,0,1
shuffled_logs,44,1,72,0,pruned,4800,2048,0,2048,2048,1
shuffled_logs,44,1,72,0,scan,4700,2048,0,2048,2048,1
shuffled_logs,44,1,73,1,scan,3900,2048,0,32,32,1
shuffled_logs,44,1,73,1,pruned,3900,2048,0,32,32,1
shuffled_logs,44,1,74,2,pruned,500,128,30,2,2,1
shuffled_logs,44,1,74,2,scan,3400,2048,0,2,2,1
shuffled_logs,44,1,75,3,scan,338400,2048,0,8,8,1
shuffled_logs,44,1,75,3,pruned,94700,512,24,8,8,1
shuffled_logs,44,1,76,4,pruned,400,0,32,0,0,1
shuffled_logs,44,1,76,4,scan,321400,2048,0,0,0,1
shuffled_logs,44,1,77,5,scan,28500,2048,0,2048,2048,1
shuffled_logs,44,1,77,5,pruned,27100,2048,0,2048,2048,1
shuffled_logs,44,1,78,6,pruned,20400,128,30,0,0,1
shuffled_logs,44,1,78,6,scan,321600,2048,0,0,0,1
shuffled_logs,44,1,79,7,scan,3800,2048,0,0,0,1
shuffled_logs,44,1,79,7,pruned,0,0,32,0,0,1
shuffled_logs,44,1,80,0,pruned,5100,2048,0,2048,2048,1
shuffled_logs,44,1,80,0,scan,5900,2048,0,2048,2048,1
shuffled_logs,44,1,81,1,scan,4100,2048,0,32,32,1
shuffled_logs,44,1,81,1,pruned,4000,2048,0,32,32,1
shuffled_logs,44,1,82,2,pruned,500,128,30,2,2,1
shuffled_logs,44,1,82,2,scan,3400,2048,0,2,2,1
shuffled_logs,44,1,83,3,scan,344700,2048,0,8,8,1
shuffled_logs,44,1,83,3,pruned,81200,512,24,8,8,1
shuffled_logs,44,1,84,4,pruned,400,0,32,0,0,1
shuffled_logs,44,1,84,4,scan,334800,2048,0,0,0,1
shuffled_logs,44,1,85,5,scan,32800,2048,0,2048,2048,1
shuffled_logs,44,1,85,5,pruned,27900,2048,0,2048,2048,1
shuffled_logs,44,1,86,6,pruned,300,0,32,0,0,1
shuffled_logs,44,1,86,6,scan,321500,2048,0,0,0,1
shuffled_logs,44,1,87,7,scan,3900,2048,0,0,0,1
shuffled_logs,44,1,87,7,pruned,100,0,32,0,0,1
shuffled_logs,44,1,88,0,pruned,4900,2048,0,2048,2048,1
shuffled_logs,44,1,88,0,scan,4500,2048,0,2048,2048,1
shuffled_logs,44,1,89,1,scan,4000,2048,0,32,32,1
shuffled_logs,44,1,89,1,pruned,4000,2048,0,32,32,1
shuffled_logs,44,1,90,2,pruned,600,128,30,2,2,1
shuffled_logs,44,1,90,2,scan,3400,2048,0,2,2,1
shuffled_logs,44,1,91,3,scan,324200,2048,0,8,8,1
shuffled_logs,44,1,91,3,pruned,81600,512,24,8,8,1
shuffled_logs,44,1,92,4,pruned,400,0,32,0,0,1
shuffled_logs,44,1,92,4,scan,322500,2048,0,0,0,1
shuffled_logs,44,1,93,5,scan,35700,2048,0,2048,2048,1
shuffled_logs,44,1,93,5,pruned,33100,2048,0,2048,2048,1
shuffled_logs,44,1,94,6,pruned,300,0,32,0,0,1
shuffled_logs,44,1,94,6,scan,335800,2048,0,0,0,1
shuffled_logs,44,1,95,7,scan,4000,2048,0,0,0,1
shuffled_logs,44,1,95,7,pruned,0,0,32,0,0,1
shuffled_logs,44,1,96,0,pruned,6000,2048,0,2048,2048,1
shuffled_logs,44,1,96,0,scan,4600,2048,0,2048,2048,1
shuffled_logs,44,1,97,1,scan,4100,2048,0,32,32,1
shuffled_logs,44,1,97,1,pruned,3900,2048,0,32,32,1
shuffled_logs,44,1,98,2,pruned,600,128,30,2,2,1
shuffled_logs,44,1,98,2,scan,3300,2048,0,2,2,1
shuffled_logs,44,1,99,3,scan,325300,2048,0,8,8,1
shuffled_logs,44,1,99,3,pruned,82700,512,24,8,8,1
shuffled_logs,44,1,100,4,pruned,300,0,32,0,0,1
shuffled_logs,44,1,100,4,scan,556200,2048,0,0,0,1
shuffled_logs,44,1,101,5,scan,63300,2048,0,2048,2048,1
shuffled_logs,44,1,101,5,pruned,52100,2048,0,2048,2048,1
shuffled_logs,44,1,102,6,pruned,500,0,32,0,0,1
shuffled_logs,44,1,102,6,scan,703400,2048,0,0,0,1
shuffled_logs,44,1,103,7,scan,36100,2048,0,0,0,1
shuffled_logs,44,1,103,7,pruned,200,0,32,0,0,1
shuffled_logs,44,1,104,0,pruned,14000,2048,0,2048,2048,1
shuffled_logs,44,1,104,0,scan,11600,2048,0,2048,2048,1
shuffled_logs,44,1,105,1,scan,9300,2048,0,32,32,1
shuffled_logs,44,1,105,1,pruned,9200,2048,0,32,32,1
shuffled_logs,44,1,106,2,pruned,1200,128,30,2,2,1
shuffled_logs,44,1,106,2,scan,7700,2048,0,2,2,1
shuffled_logs,44,1,107,3,scan,842200,2048,0,8,8,1
shuffled_logs,44,1,107,3,pruned,141400,512,24,8,8,1
shuffled_logs,44,1,108,4,pruned,700,0,32,0,0,1
shuffled_logs,44,1,108,4,scan,655000,2048,0,0,0,1
shuffled_logs,44,1,109,5,scan,74400,2048,0,2048,2048,1
shuffled_logs,44,1,109,5,pruned,51800,2048,0,2048,2048,1
shuffled_logs,44,1,110,6,pruned,400,0,32,0,0,1
shuffled_logs,44,1,110,6,scan,633700,2048,0,0,0,1
shuffled_logs,44,1,111,7,scan,6500,2048,0,0,0,1
shuffled_logs,44,1,111,7,pruned,100,0,32,0,0,1
shuffled_logs,44,1,112,0,pruned,9100,2048,0,2048,2048,1
shuffled_logs,44,1,112,0,scan,8000,2048,0,2048,2048,1
shuffled_logs,44,1,113,1,scan,6400,2048,0,32,32,1
shuffled_logs,44,1,113,1,pruned,6300,2048,0,32,32,1
shuffled_logs,44,1,114,2,pruned,700,128,30,2,2,1
shuffled_logs,44,1,114,2,scan,5200,2048,0,2,2,1
shuffled_logs,44,1,115,3,scan,824700,2048,0,8,8,1
shuffled_logs,44,1,115,3,pruned,3321700,512,24,8,8,1
shuffled_logs,44,1,116,4,pruned,1000,0,32,0,0,1
shuffled_logs,44,1,116,4,scan,3512701,2048,0,0,0,1
shuffled_logs,44,1,117,5,scan,111800,2048,0,2048,2048,1
shuffled_logs,44,1,117,5,pruned,63700,2048,0,2048,2048,1
shuffled_logs,44,1,118,6,pruned,500,0,32,0,0,1
shuffled_logs,44,1,118,6,scan,882400,2048,0,0,0,1
shuffled_logs,44,1,119,7,scan,9600,2048,0,0,0,1
shuffled_logs,44,1,119,7,pruned,100,0,32,0,0,1
shuffled_logs,44,1,120,0,pruned,10700,2048,0,2048,2048,1
shuffled_logs,44,1,120,0,scan,7000,2048,0,2048,2048,1
shuffled_logs,44,1,121,1,scan,6000,2048,0,32,32,1
shuffled_logs,44,1,121,1,pruned,5900,2048,0,32,32,1
shuffled_logs,44,1,122,2,pruned,900,128,30,2,2,1
shuffled_logs,44,1,122,2,scan,5000,2048,0,2,2,1
shuffled_logs,44,1,123,3,scan,667600,2048,0,8,8,1
shuffled_logs,44,1,123,3,pruned,152200,512,24,8,8,1
shuffled_logs,44,1,124,4,pruned,700,0,32,0,0,1
shuffled_logs,44,1,124,4,scan,648200,2048,0,0,0,1
shuffled_logs,44,1,125,5,scan,76800,2048,0,2048,2048,1
shuffled_logs,44,1,125,5,pruned,76000,2048,0,2048,2048,1
shuffled_logs,44,1,126,6,pruned,700,0,32,0,0,1
shuffled_logs,44,1,126,6,scan,868900,2048,0,0,0,1
shuffled_logs,44,1,127,7,scan,11400,2048,0,0,0,1
shuffled_logs,44,1,127,7,pruned,200,0,32,0,0,1
shuffled_logs,44,2,0,0,scan,14200,2048,0,2048,2048,1
shuffled_logs,44,2,0,0,pruned,28000,2048,0,2048,2048,1
shuffled_logs,44,2,1,1,pruned,5700,1600,7,32,32,1
shuffled_logs,44,2,1,1,scan,6500,2048,0,32,32,1
shuffled_logs,44,2,2,2,scan,5400,2048,0,2,2,1
shuffled_logs,44,2,2,2,pruned,800,128,30,2,2,1
shuffled_logs,44,2,3,3,pruned,155300,512,24,8,8,1
shuffled_logs,44,2,3,3,scan,561800,2048,0,8,8,1
shuffled_logs,44,2,4,4,scan,632100,2048,0,0,0,1
shuffled_logs,44,2,4,4,pruned,900,0,32,0,0,1
shuffled_logs,44,2,5,5,pruned,67200,2048,0,2048,2048,1
shuffled_logs,44,2,5,5,scan,64700,2048,0,2048,2048,1
shuffled_logs,44,2,6,6,scan,706600,2048,0,0,0,1
shuffled_logs,44,2,6,6,pruned,700,0,32,0,0,1
shuffled_logs,44,2,7,7,pruned,200,0,32,0,0,1
shuffled_logs,44,2,7,7,scan,7800,2048,0,0,0,1
shuffled_logs,44,2,8,0,scan,10000,2048,0,2048,2048,1
shuffled_logs,44,2,8,0,pruned,8500,2048,0,2048,2048,1
shuffled_logs,44,2,9,1,pruned,6900,2048,0,32,32,1
shuffled_logs,44,2,9,1,scan,6600,2048,0,32,32,1
shuffled_logs,44,2,10,2,scan,5600,2048,0,2,2,1
shuffled_logs,44,2,10,2,pruned,900,128,30,2,2,1
shuffled_logs,44,2,11,3,pruned,156700,512,24,8,8,1
shuffled_logs,44,2,11,3,scan,652800,2048,0,8,8,1
shuffled_logs,44,2,12,4,scan,659600,2048,0,0,0,1
shuffled_logs,44,2,12,4,pruned,800,0,32,0,0,1
shuffled_logs,44,2,13,5,pruned,77500,2048,0,2048,2048,1
shuffled_logs,44,2,13,5,scan,57600,2048,0,2048,2048,1
shuffled_logs,44,2,14,6,scan,662500,2048,0,0,0,1
shuffled_logs,44,2,14,6,pruned,500,0,32,0,0,1
shuffled_logs,44,2,15,7,pruned,100,0,32,0,0,1
shuffled_logs,44,2,15,7,scan,6500,2048,0,0,0,1
shuffled_logs,44,2,16,0,scan,9400,2048,0,2048,2048,1
shuffled_logs,44,2,16,0,pruned,8900,2048,0,2048,2048,1
shuffled_logs,44,2,17,1,pruned,7300,2048,0,32,32,1
shuffled_logs,44,2,17,1,scan,6800,2048,0,32,32,1
shuffled_logs,44,2,18,2,scan,5900,2048,0,2,2,1
shuffled_logs,44,2,18,2,pruned,800,128,30,2,2,1
shuffled_logs,44,2,19,3,pruned,166400,512,24,8,8,1
shuffled_logs,44,2,19,3,scan,571200,2048,0,8,8,1
shuffled_logs,44,2,20,4,scan,698900,2048,0,0,0,1
shuffled_logs,44,2,20,4,pruned,1000,0,32,0,0,1
shuffled_logs,44,2,21,5,pruned,61200,2048,0,2048,2048,1
shuffled_logs,44,2,21,5,scan,56100,2048,0,2048,2048,1
shuffled_logs,44,2,22,6,scan,496200,2048,0,0,0,1
shuffled_logs,44,2,22,6,pruned,400,0,32,0,0,1
shuffled_logs,44,2,23,7,pruned,100,0,32,0,0,1
shuffled_logs,44,2,23,7,scan,5000,2048,0,0,0,1
shuffled_logs,44,2,24,0,scan,6500,2048,0,2048,2048,1
shuffled_logs,44,2,24,0,pruned,5500,2048,0,2048,2048,1
shuffled_logs,44,2,25,1,pruned,4900,2048,0,32,32,1
shuffled_logs,44,2,25,1,scan,4700,2048,0,32,32,1
shuffled_logs,44,2,26,2,scan,4100,2048,0,2,2,1
shuffled_logs,44,2,26,2,pruned,500,128,30,2,2,1
shuffled_logs,44,2,27,3,pruned,92300,512,24,8,8,1
shuffled_logs,44,2,27,3,scan,362500,2048,0,8,8,1
shuffled_logs,44,2,28,4,scan,361600,2048,0,0,0,1
shuffled_logs,44,2,28,4,pruned,700,0,32,0,0,1
shuffled_logs,44,2,29,5,pruned,49800,2048,0,2048,2048,1
shuffled_logs,44,2,29,5,scan,89600,2048,0,2048,2048,1
shuffled_logs,44,2,30,6,scan,607800,2048,0,0,0,1
shuffled_logs,44,2,30,6,pruned,700,0,32,0,0,1
shuffled_logs,44,2,31,7,pruned,200,0,32,0,0,1
shuffled_logs,44,2,31,7,scan,6600,2048,0,0,0,1
shuffled_logs,44,2,32,0,scan,10400,2048,0,2048,2048,1
shuffled_logs,44,2,32,0,pruned,8000,2048,0,2048,2048,1
shuffled_logs,44,2,33,1,pruned,6300,2048,0,32,32,1
shuffled_logs,44,2,33,1,scan,6000,2048,0,32,32,1
shuffled_logs,44,2,34,2,scan,7500,2048,0,2,2,1
shuffled_logs,44,2,34,2,pruned,900,128,30,2,2,1
shuffled_logs,44,2,35,3,pruned,147700,512,24,8,8,1
shuffled_logs,44,2,35,3,scan,1196000,2048,0,8,8,1
shuffled_logs,44,2,36,4,scan,413300,2048,0,0,0,1
shuffled_logs,44,2,36,4,pruned,900,0,32,0,0,1
shuffled_logs,44,2,37,5,pruned,39400,2048,0,2048,2048,1
shuffled_logs,44,2,37,5,scan,31200,2048,0,2048,2048,1
shuffled_logs,44,2,38,6,scan,382900,2048,0,0,0,1
shuffled_logs,44,2,38,6,pruned,400,0,32,0,0,1
shuffled_logs,44,2,39,7,pruned,100,0,32,0,0,1
shuffled_logs,44,2,39,7,scan,4400,2048,0,0,0,1
shuffled_logs,44,2,40,0,scan,6100,2048,0,2048,2048,1
shuffled_logs,44,2,40,0,pruned,5200,2048,0,2048,2048,1
shuffled_logs,44,2,41,1,pruned,4500,2048,0,32,32,1
shuffled_logs,44,2,41,1,scan,4200,2048,0,32,32,1
shuffled_logs,44,2,42,2,scan,3700,2048,0,2,2,1
shuffled_logs,44,2,42,2,pruned,800,128,30,2,2,1
shuffled_logs,44,2,43,3,pruned,90100,512,24,8,8,1
shuffled_logs,44,2,43,3,scan,344000,2048,0,8,8,1
shuffled_logs,44,2,44,4,scan,337300,2048,0,0,0,1
shuffled_logs,44,2,44,4,pruned,400,0,32,0,0,1
shuffled_logs,44,2,45,5,pruned,31700,2048,0,2048,2048,1
shuffled_logs,44,2,45,5,scan,30800,2048,0,2048,2048,1
shuffled_logs,44,2,46,6,scan,328600,2048,0,0,0,1
shuffled_logs,44,2,46,6,pruned,300,0,32,0,0,1
shuffled_logs,44,2,47,7,pruned,100,0,32,0,0,1
shuffled_logs,44,2,47,7,scan,3900,2048,0,0,0,1
shuffled_logs,44,2,48,0,scan,4800,2048,0,2048,2048,1
shuffled_logs,44,2,48,0,pruned,4700,2048,0,2048,2048,1
shuffled_logs,44,2,49,1,pruned,4000,2048,0,32,32,1
shuffled_logs,44,2,49,1,scan,3900,2048,0,32,32,1
shuffled_logs,44,2,50,2,scan,3500,2048,0,2,2,1
shuffled_logs,44,2,50,2,pruned,500,128,30,2,2,1
shuffled_logs,44,2,51,3,pruned,83300,512,24,8,8,1
shuffled_logs,44,2,51,3,scan,330600,2048,0,8,8,1
shuffled_logs,44,2,52,4,scan,328700,2048,0,0,0,1
shuffled_logs,44,2,52,4,pruned,400,0,32,0,0,1
shuffled_logs,44,2,53,5,pruned,28400,2048,0,2048,2048,1
shuffled_logs,44,2,53,5,scan,56100,2048,0,2048,2048,1
shuffled_logs,44,2,54,6,scan,342900,2048,0,0,0,1
shuffled_logs,44,2,54,6,pruned,21100,128,30,0,0,1
shuffled_logs,44,2,55,7,pruned,100,0,32,0,0,1
shuffled_logs,44,2,55,7,scan,3800,2048,0,0,0,1
shuffled_logs,44,2,56,0,scan,5400,2048,0,2048,2048,1
shuffled_logs,44,2,56,0,pruned,4800,2048,0,2048,2048,1
shuffled_logs,44,2,57,1,pruned,4100,2048,0,32,32,1
shuffled_logs,44,2,57,1,scan,3900,2048,0,32,32,1
shuffled_logs,44,2,58,2,scan,3400,2048,0,2,2,1
shuffled_logs,44,2,58,2,pruned,500,128,30,2,2,1
shuffled_logs,44,2,59,3,pruned,83100,512,24,8,8,1
shuffled_logs,44,2,59,3,scan,350200,2048,0,8,8,1
shuffled_logs,44,2,60,4,scan,327700,2048,0,0,0,1
shuffled_logs,44,2,60,4,pruned,400,0,32,0,0,1
shuffled_logs,44,2,61,5,pruned,28700,2048,0,2048,2048,1
shuffled_logs,44,2,61,5,scan,27400,2048,0,2048,2048,1
shuffled_logs,44,2,62,6,scan,327200,2048,0,0,0,1
shuffled_logs,44,2,62,6,pruned,20800,128,30,0,0,1
shuffled_logs,44,2,63,7,pruned,200,0,32,0,0,1
shuffled_logs,44,2,63,7,scan,3800,2048,0,0,0,1
shuffled_logs,44,2,64,0,scan,4900,2048,0,2048,2048,1
shuffled_logs,44,2,64,0,pruned,4700,2048,0,2048,2048,1
shuffled_logs,44,2,65,1,pruned,4100,2048,0,32,32,1
shuffled_logs,44,2,65,1,scan,3900,2048,0,32,32,1
shuffled_logs,44,2,66,2,scan,3400,2048,0,2,2,1
shuffled_logs,44,2,66,2,pruned,500,128,30,2,2,1
shuffled_logs,44,2,67,3,pruned,83000,512,24,8,8,1
shuffled_logs,44,2,67,3,scan,329800,2048,0,8,8,1
shuffled_logs,44,2,68,4,scan,326200,2048,0,0,0,1
shuffled_logs,44,2,68,4,pruned,400,0,32,0,0,1
shuffled_logs,44,2,69,5,pruned,27900,2048,0,2048,2048,1
shuffled_logs,44,2,69,5,scan,27200,2048,0,2048,2048,1
shuffled_logs,44,2,70,6,scan,339600,2048,0,0,0,1
shuffled_logs,44,2,70,6,pruned,20900,128,30,0,0,1
shuffled_logs,44,2,71,7,pruned,100,0,32,0,0,1
shuffled_logs,44,2,71,7,scan,3900,2048,0,0,0,1
shuffled_logs,44,2,72,0,scan,5600,2048,0,2048,2048,1
shuffled_logs,44,2,72,0,pruned,4700,2048,0,2048,2048,1
shuffled_logs,44,2,73,1,pruned,4200,2048,0,32,32,1
shuffled_logs,44,2,73,1,scan,3900,2048,0,32,32,1
shuffled_logs,44,2,74,2,scan,3400,2048,0,2,2,1
shuffled_logs,44,2,74,2,pruned,400,128,30,2,2,1
shuffled_logs,44,2,75,3,pruned,83800,512,24,8,8,1
shuffled_logs,44,2,75,3,scan,339700,2048,0,8,8,1
shuffled_logs,44,2,76,4,scan,327500,2048,0,0,0,1
shuffled_logs,44,2,76,4,pruned,400,0,32,0,0,1
shuffled_logs,44,2,77,5,pruned,27900,2048,0,2048,2048,1
shuffled_logs,44,2,77,5,scan,27200,2048,0,2048,2048,1
shuffled_logs,44,2,78,6,scan,329100,2048,0,0,0,1
shuffled_logs,44,2,78,6,pruned,20800,128,30,0,0,1
shuffled_logs,44,2,79,7,pruned,0,0,32,0,0,1
shuffled_logs,44,2,79,7,scan,3800,2048,0,0,0,1
shuffled_logs,44,2,80,0,scan,4800,2048,0,2048,2048,1
shuffled_logs,44,2,80,0,pruned,29000,2048,0,2048,2048,1
shuffled_logs,44,2,81,1,pruned,4900,2048,0,32,32,1
shuffled_logs,44,2,81,1,scan,3900,2048,0,32,32,1
shuffled_logs,44,2,82,2,scan,3500,2048,0,2,2,1
shuffled_logs,44,2,82,2,pruned,400,128,30,2,2,1
shuffled_logs,44,2,83,3,pruned,83100,512,24,8,8,1
shuffled_logs,44,2,83,3,scan,330000,2048,0,8,8,1
shuffled_logs,44,2,84,4,scan,344700,2048,0,0,0,1
shuffled_logs,44,2,84,4,pruned,500,0,32,0,0,1
shuffled_logs,44,2,85,5,pruned,29000,2048,0,2048,2048,1
shuffled_logs,44,2,85,5,scan,27800,2048,0,2048,2048,1
shuffled_logs,44,2,86,6,scan,328100,2048,0,0,0,1
shuffled_logs,44,2,86,6,pruned,300,0,32,0,0,1
shuffled_logs,44,2,87,7,pruned,100,0,32,0,0,1
shuffled_logs,44,2,87,7,scan,3900,2048,0,0,0,1
shuffled_logs,44,2,88,0,scan,4900,2048,0,2048,2048,1
shuffled_logs,44,2,88,0,pruned,4700,2048,0,2048,2048,1
shuffled_logs,44,2,89,1,pruned,4200,2048,0,32,32,1
shuffled_logs,44,2,89,1,scan,3900,2048,0,32,32,1
shuffled_logs,44,2,90,2,scan,3400,2048,0,2,2,1
shuffled_logs,44,2,90,2,pruned,400,128,30,2,2,1
shuffled_logs,44,2,91,3,pruned,83500,512,24,8,8,1
shuffled_logs,44,2,91,3,scan,330400,2048,0,8,8,1
shuffled_logs,44,2,92,4,scan,355300,2048,0,0,0,1
shuffled_logs,44,2,92,4,pruned,400,0,32,0,0,1
shuffled_logs,44,2,93,5,pruned,53600,2048,0,2048,2048,1
shuffled_logs,44,2,93,5,scan,47400,2048,0,2048,2048,1
shuffled_logs,44,2,94,6,scan,344400,2048,0,0,0,1
shuffled_logs,44,2,94,6,pruned,300,0,32,0,0,1
shuffled_logs,44,2,95,7,pruned,100,0,32,0,0,1
shuffled_logs,44,2,95,7,scan,3900,2048,0,0,0,1
shuffled_logs,44,2,96,0,scan,5100,2048,0,2048,2048,1
shuffled_logs,44,2,96,0,pruned,4800,2048,0,2048,2048,1
shuffled_logs,44,2,97,1,pruned,4200,2048,0,32,32,1
shuffled_logs,44,2,97,1,scan,3800,2048,0,32,32,1
shuffled_logs,44,2,98,2,scan,3400,2048,0,2,2,1
shuffled_logs,44,2,98,2,pruned,500,128,30,2,2,1
shuffled_logs,44,2,99,3,pruned,87700,512,24,8,8,1
shuffled_logs,44,2,99,3,scan,360800,2048,0,8,8,1
shuffled_logs,44,2,100,4,scan,340500,2048,0,0,0,1
shuffled_logs,44,2,100,4,pruned,400,0,32,0,0,1
shuffled_logs,44,2,101,5,pruned,28400,2048,0,2048,2048,1
shuffled_logs,44,2,101,5,scan,27400,2048,0,2048,2048,1
shuffled_logs,44,2,102,6,scan,339500,2048,0,0,0,1
shuffled_logs,44,2,102,6,pruned,400,0,32,0,0,1
shuffled_logs,44,2,103,7,pruned,100,0,32,0,0,1
shuffled_logs,44,2,103,7,scan,5500,2048,0,0,0,1
shuffled_logs,44,2,104,0,scan,7600,2048,0,2048,2048,1
shuffled_logs,44,2,104,0,pruned,7500,2048,0,2048,2048,1
shuffled_logs,44,2,105,1,pruned,7000,2048,0,32,32,1
shuffled_logs,44,2,105,1,scan,5300,2048,0,32,32,1
shuffled_logs,44,2,106,2,scan,6500,2048,0,2,2,1
shuffled_logs,44,2,106,2,pruned,1200,128,30,2,2,1
shuffled_logs,44,2,107,3,pruned,87500,512,24,8,8,1
shuffled_logs,44,2,107,3,scan,344200,2048,0,8,8,1
shuffled_logs,44,2,108,4,scan,345400,2048,0,0,0,1
shuffled_logs,44,2,108,4,pruned,400,0,32,0,0,1
shuffled_logs,44,2,109,5,pruned,28000,2048,0,2048,2048,1
shuffled_logs,44,2,109,5,scan,27100,2048,0,2048,2048,1
shuffled_logs,44,2,110,6,scan,364300,2048,0,0,0,1
shuffled_logs,44,2,110,6,pruned,400,0,32,0,0,1
shuffled_logs,44,2,111,7,pruned,100,0,32,0,0,1
shuffled_logs,44,2,111,7,scan,4000,2048,0,0,0,1
shuffled_logs,44,2,112,0,scan,5500,2048,0,2048,2048,1
shuffled_logs,44,2,112,0,pruned,4800,2048,0,2048,2048,1
shuffled_logs,44,2,113,1,pruned,4100,2048,0,32,32,1
shuffled_logs,44,2,113,1,scan,3900,2048,0,32,32,1
shuffled_logs,44,2,114,2,scan,3500,2048,0,2,2,1
shuffled_logs,44,2,114,2,pruned,400,128,30,2,2,1
shuffled_logs,44,2,115,3,pruned,83400,512,24,8,8,1
shuffled_logs,44,2,115,3,scan,342800,2048,0,8,8,1
shuffled_logs,44,2,116,4,scan,332700,2048,0,0,0,1
shuffled_logs,44,2,116,4,pruned,1000,0,32,0,0,1
shuffled_logs,44,2,117,5,pruned,36900,2048,0,2048,2048,1
shuffled_logs,44,2,117,5,scan,46300,2048,0,2048,2048,1
shuffled_logs,44,2,118,6,scan,338600,2048,0,0,0,1
shuffled_logs,44,2,118,6,pruned,300,0,32,0,0,1
shuffled_logs,44,2,119,7,pruned,100,0,32,0,0,1
shuffled_logs,44,2,119,7,scan,3800,2048,0,0,0,1
shuffled_logs,44,2,120,0,scan,4900,2048,0,2048,2048,1
shuffled_logs,44,2,120,0,pruned,4800,2048,0,2048,2048,1
shuffled_logs,44,2,121,1,pruned,4200,2048,0,32,32,1
shuffled_logs,44,2,121,1,scan,3800,2048,0,32,32,1
shuffled_logs,44,2,122,2,scan,3500,2048,0,2,2,1
shuffled_logs,44,2,122,2,pruned,400,128,30,2,2,1
shuffled_logs,44,2,123,3,pruned,84900,512,24,8,8,1
shuffled_logs,44,2,123,3,scan,345300,2048,0,8,8,1
shuffled_logs,44,2,124,4,scan,353500,2048,0,0,0,1
shuffled_logs,44,2,124,4,pruned,600,0,32,0,0,1
shuffled_logs,44,2,125,5,pruned,29400,2048,0,2048,2048,1
shuffled_logs,44,2,125,5,scan,27400,2048,0,2048,2048,1
shuffled_logs,44,2,126,6,scan,385600,2048,0,0,0,1
shuffled_logs,44,2,126,6,pruned,400,0,32,0,0,1
shuffled_logs,44,2,127,7,pruned,100,0,32,0,0,1
shuffled_logs,44,2,127,7,scan,4000,2048,0,0,0,1
shuffled_logs,44,3,0,0,pruned,5600,2048,0,2048,2048,1
shuffled_logs,44,3,0,0,scan,4700,2048,0,2048,2048,1
shuffled_logs,44,3,1,1,scan,4100,2048,0,32,32,1
shuffled_logs,44,3,1,1,pruned,3300,1600,7,32,32,1
shuffled_logs,44,3,2,2,pruned,500,128,30,2,2,1
shuffled_logs,44,3,2,2,scan,3400,2048,0,2,2,1
shuffled_logs,44,3,3,3,scan,330200,2048,0,8,8,1
shuffled_logs,44,3,3,3,pruned,82900,512,24,8,8,1
shuffled_logs,44,3,4,4,pruned,400,0,32,0,0,1
shuffled_logs,44,3,4,4,scan,338800,2048,0,0,0,1
shuffled_logs,44,3,5,5,scan,27900,2048,0,2048,2048,1
shuffled_logs,44,3,5,5,pruned,27700,2048,0,2048,2048,1
shuffled_logs,44,3,6,6,pruned,300,0,32,0,0,1
shuffled_logs,44,3,6,6,scan,328500,2048,0,0,0,1
shuffled_logs,44,3,7,7,scan,3900,2048,0,0,0,1
shuffled_logs,44,3,7,7,pruned,100,0,32,0,0,1
shuffled_logs,44,3,8,0,pruned,4800,2048,0,2048,2048,1
shuffled_logs,44,3,8,0,scan,4700,2048,0,2048,2048,1
shuffled_logs,44,3,9,1,scan,4000,2048,0,32,32,1
shuffled_logs,44,3,9,1,pruned,4000,2048,0,32,32,1
shuffled_logs,44,3,10,2,pruned,400,128,30,2,2,1
shuffled_logs,44,3,10,2,scan,3400,2048,0,2,2,1
shuffled_logs,44,3,11,3,scan,342000,2048,0,8,8,1
shuffled_logs,44,3,11,3,pruned,124000,512,24,8,8,1
shuffled_logs,44,3,12,4,pruned,400,0,32,0,0,1
shuffled_logs,44,3,12,4,scan,338700,2048,0,0,0,1
shuffled_logs,44,3,13,5,scan,28300,2048,0,2048,2048,1
shuffled_logs,44,3,13,5,pruned,27800,2048,0,2048,2048,1
shuffled_logs,44,3,14,6,pruned,300,0,32,0,0,1
shuffled_logs,44,3,14,6,scan,328700,2048,0,0,0,1
shuffled_logs,44,3,15,7,scan,3900,2048,0,0,0,1
shuffled_logs,44,3,15,7,pruned,100,0,32,0,0,1
shuffled_logs,44,3,16,0,pruned,5000,2048,0,2048,2048,1
shuffled_logs,44,3,16,0,scan,4600,2048,0,2048,2048,1
shuffled_logs,44,3,17,1,scan,4000,2048,0,32,32,1
shuffled_logs,44,3,17,1,pruned,4000,2048,0,32,32,1
shuffled_logs,44,3,18,2,pruned,500,128,30,2,2,1
shuffled_logs,44,3,18,2,scan,3500,2048,0,2,2,1
shuffled_logs,44,3,19,3,scan,330500,2048,0,8,8,1
shuffled_logs,44,3,19,3,pruned,82500,512,24,8,8,1
shuffled_logs,44,3,20,4,pruned,400,0,32,0,0,1
shuffled_logs,44,3,20,4,scan,327400,2048,0,0,0,1
shuffled_logs,44,3,21,5,scan,27500,2048,0,2048,2048,1
shuffled_logs,44,3,21,5,pruned,27600,2048,0,2048,2048,1
shuffled_logs,44,3,22,6,pruned,300,0,32,0,0,1
shuffled_logs,44,3,22,6,scan,328800,2048,0,0,0,1
shuffled_logs,44,3,23,7,scan,3800,2048,0,0,0,1
shuffled_logs,44,3,23,7,pruned,100,0,32,0,0,1
shuffled_logs,44,3,24,0,pruned,4800,2048,0,2048,2048,1
shuffled_logs,44,3,24,0,scan,4500,2048,0,2048,2048,1
shuffled_logs,44,3,25,1,scan,4100,2048,0,32,32,1
shuffled_logs,44,3,25,1,pruned,17000,2048,0,32,32,1
shuffled_logs,44,3,26,2,pruned,700,128,30,2,2,1
shuffled_logs,44,3,26,2,scan,3700,2048,0,2,2,1
shuffled_logs,44,3,27,3,scan,330900,2048,0,8,8,1
shuffled_logs,44,3,27,3,pruned,83000,512,24,8,8,1
shuffled_logs,44,3,28,4,pruned,400,0,32,0,0,1
shuffled_logs,44,3,28,4,scan,337800,2048,0,0,0,1
shuffled_logs,44,3,29,5,scan,28500,2048,0,2048,2048,1
shuffled_logs,44,3,29,5,pruned,27800,2048,0,2048,2048,1
shuffled_logs,44,3,30,6,pruned,300,0,32,0,0,1
shuffled_logs,44,3,30,6,scan,340800,2048,0,0,0,1
shuffled_logs,44,3,31,7,scan,3900,2048,0,0,0,1
shuffled_logs,44,3,31,7,pruned,100,0,32,0,0,1
shuffled_logs,44,3,32,0,pruned,5400,2048,0,2048,2048,1
shuffled_logs,44,3,32,0,scan,4700,2048,0,2048,2048,1
shuffled_logs,44,3,33,1,scan,4000,2048,0,32,32,1
shuffled_logs,44,3,33,1,pruned,3900,2048,0,32,32,1
shuffled_logs,44,3,34,2,pruned,400,128,30,2,2,1
shuffled_logs,44,3,34,2,scan,3400,2048,0,2,2,1
shuffled_logs,44,3,35,3,scan,329600,2048,0,8,8,1
shuffled_logs,44,3,35,3,pruned,82800,512,24,8,8,1
shuffled_logs,44,3,36,4,pruned,400,0,32,0,0,1
shuffled_logs,44,3,36,4,scan,333700,2048,0,0,0,1
shuffled_logs,44,3,37,5,scan,28700,2048,0,2048,2048,1
shuffled_logs,44,3,37,5,pruned,41100,2048,0,2048,2048,1
shuffled_logs,44,3,38,6,pruned,300,0,32,0,0,1
shuffled_logs,44,3,38,6,scan,329100,2048,0,0,0,1
shuffled_logs,44,3,39,7,scan,3800,2048,0,0,0,1
shuffled_logs,44,3,39,7,pruned,100,0,32,0,0,1
shuffled_logs,44,3,40,0,pruned,5400,2048,0,2048,2048,1
shuffled_logs,44,3,40,0,scan,4600,2048,0,2048,2048,1
shuffled_logs,44,3,41,1,scan,4000,2048,0,32,32,1
shuffled_logs,44,3,41,1,pruned,3900,2048,0,32,32,1
shuffled_logs,44,3,42,2,pruned,500,128,30,2,2,1
shuffled_logs,44,3,42,2,scan,3500,2048,0,2,2,1
shuffled_logs,44,3,43,3,scan,330500,2048,0,8,8,1
shuffled_logs,44,3,43,3,pruned,83000,512,24,8,8,1
shuffled_logs,44,3,44,4,pruned,400,0,32,0,0,1
shuffled_logs,44,3,44,4,scan,327800,2048,0,0,0,1
shuffled_logs,44,3,45,5,scan,30700,2048,0,2048,2048,1
shuffled_logs,44,3,45,5,pruned,30700,2048,0,2048,2048,1
shuffled_logs,44,3,46,6,pruned,300,0,32,0,0,1
shuffled_logs,44,3,46,6,scan,328700,2048,0,0,0,1
shuffled_logs,44,3,47,7,scan,3800,2048,0,0,0,1
shuffled_logs,44,3,47,7,pruned,0,0,32,0,0,1
shuffled_logs,44,3,48,0,pruned,4800,2048,0,2048,2048,1
shuffled_logs,44,3,48,0,scan,4500,2048,0,2048,2048,1
shuffled_logs,44,3,49,1,scan,4000,2048,0,32,32,1
shuffled_logs,44,3,49,1,pruned,3900,2048,0,32,32,1
shuffled_logs,44,3,50,2,pruned,500,128,30,2,2,1
shuffled_logs,44,3,50,2,scan,3400,2048,0,2,2,1
shuffled_logs,44,3,51,3,scan,330400,2048,0,8,8,1
shuffled_logs,44,3,51,3,pruned,82900,512,24,8,8,1
shuffled_logs,44,3,52,4,pruned,300,0,32,0,0,1
shuffled_logs,44,3,52,4,scan,341100,2048,0,0,0,1
shuffled_logs,44,3,53,5,scan,28800,2048,0,2048,2048,1
shuffled_logs,44,3,53,5,pruned,28500,2048,0,2048,2048,1
shuffled_logs,44,3,54,6,pruned,21100,128,30,0,0,1
shuffled_logs,44,3,54,6,scan,329100,2048,0,0,0,1
shuffled_logs,44,3,55,7,scan,3800,2048,0,0,0,1
shuffled_logs,44,3,55,7,pruned,100,0,32,0,0,1
shuffled_logs,44,3,56,0,pruned,4900,2048,0,2048,2048,1
shuffled_logs,44,3,56,0,scan,4700,2048,0,2048,2048,1
shuffled_logs,44,3,57,1,scan,4100,2048,0,32,32,1
shuffled_logs,44,3,57,1,pruned,4000,2048,0,32,32,1
shuffled_logs,44,3,58,2,pruned,400,128,30,2,2,1
shuffled_logs,44,3,58,2,scan,3400,2048,0,2,2,1
shuffled_logs,44,3,59,3,scan,341800,2048,0,8,8,1
shuffled_logs,44,3,59,3,pruned,82700,512,24,8,8,1
shuffled_logs,44,3,60,4,pruned,400,0,32,0,0,1
shuffled_logs,44,3,60,4,scan,329200,2048,0,0,0,1
shuffled_logs,44,3,61,5,scan,27400,2048,0,2048,2048,1
shuffled_logs,44,3,61,5,pruned,27500,2048,0,2048,2048,1
shuffled_logs,44,3,62,6,pruned,21000,128,30,0,0,1
shuffled_logs,44,3,62,6,scan,328900,2048,0,0,0,1
shuffled_logs,44,3,63,7,scan,3800,2048,0,0,0,1
shuffled_logs,44,3,63,7,pruned,0,0,32,0,0,1
shuffled_logs,44,3,64,0,pruned,4800,2048,0,2048,2048,1
shuffled_logs,44,3,64,0,scan,4500,2048,0,2048,2048,1
shuffled_logs,44,3,65,1,scan,4000,2048,0,32,32,1
shuffled_logs,44,3,65,1,pruned,4000,2048,0,32,32,1
shuffled_logs,44,3,66,2,pruned,500,128,30,2,2,1
shuffled_logs,44,3,66,2,scan,3400,2048,0,2,2,1
shuffled_logs,44,3,67,3,scan,342800,2048,0,8,8,1
shuffled_logs,44,3,67,3,pruned,91600,512,24,8,8,1
shuffled_logs,44,3,68,4,pruned,400,0,32,0,0,1
shuffled_logs,44,3,68,4,scan,344800,2048,0,0,0,1
shuffled_logs,44,3,69,5,scan,28100,2048,0,2048,2048,1
shuffled_logs,44,3,69,5,pruned,27700,2048,0,2048,2048,1
shuffled_logs,44,3,70,6,pruned,21200,128,30,0,0,1
shuffled_logs,44,3,70,6,scan,348700,2048,0,0,0,1
shuffled_logs,44,3,71,7,scan,4200,2048,0,0,0,1
shuffled_logs,44,3,71,7,pruned,100,0,32,0,0,1
shuffled_logs,44,3,72,0,pruned,6000,2048,0,2048,2048,1
shuffled_logs,44,3,72,0,scan,4900,2048,0,2048,2048,1
shuffled_logs,44,3,73,1,scan,4200,2048,0,32,32,1
shuffled_logs,44,3,73,1,pruned,4100,2048,0,32,32,1
shuffled_logs,44,3,74,2,pruned,500,128,30,2,2,1
shuffled_logs,44,3,74,2,scan,3400,2048,0,2,2,1
shuffled_logs,44,3,75,3,scan,330800,2048,0,8,8,1
shuffled_logs,44,3,75,3,pruned,83000,512,24,8,8,1
shuffled_logs,44,3,76,4,pruned,300,0,32,0,0,1
shuffled_logs,44,3,76,4,scan,327600,2048,0,0,0,1
shuffled_logs,44,3,77,5,scan,27400,2048,0,2048,2048,1
shuffled_logs,44,3,77,5,pruned,27600,2048,0,2048,2048,1
shuffled_logs,44,3,78,6,pruned,20900,128,30,0,0,1
shuffled_logs,44,3,78,6,scan,329000,2048,0,0,0,1
shuffled_logs,44,3,79,7,scan,3800,2048,0,0,0,1
shuffled_logs,44,3,79,7,pruned,0,0,32,0,0,1
shuffled_logs,44,3,80,0,pruned,4900,2048,0,2048,2048,1
shuffled_logs,44,3,80,0,scan,4500,2048,0,2048,2048,1
shuffled_logs,44,3,81,1,scan,4000,2048,0,32,32,1
shuffled_logs,44,3,81,1,pruned,3900,2048,0,32,32,1
shuffled_logs,44,3,82,2,pruned,400,128,30,2,2,1
shuffled_logs,44,3,82,2,scan,3400,2048,0,2,2,1
shuffled_logs,44,3,83,3,scan,330200,2048,0,8,8,1
shuffled_logs,44,3,83,3,pruned,82900,512,24,8,8,1
shuffled_logs,44,3,84,4,pruned,300,0,32,0,0,1
shuffled_logs,44,3,84,4,scan,339900,2048,0,0,0,1
shuffled_logs,44,3,85,5,scan,28000,2048,0,2048,2048,1
shuffled_logs,44,3,85,5,pruned,28300,2048,0,2048,2048,1
shuffled_logs,44,3,86,6,pruned,200,0,32,0,0,1
shuffled_logs,44,3,86,6,scan,347300,2048,0,0,0,1
shuffled_logs,44,3,87,7,scan,4100,2048,0,0,0,1
shuffled_logs,44,3,87,7,pruned,100,0,32,0,0,1
shuffled_logs,44,3,88,0,pruned,5600,2048,0,2048,2048,1
shuffled_logs,44,3,88,0,scan,4700,2048,0,2048,2048,1
shuffled_logs,44,3,89,1,scan,4000,2048,0,32,32,1
shuffled_logs,44,3,89,1,pruned,4000,2048,0,32,32,1
shuffled_logs,44,3,90,2,pruned,500,128,30,2,2,1
shuffled_logs,44,3,90,2,scan,3500,2048,0,2,2,1
shuffled_logs,44,3,91,3,scan,330400,2048,0,8,8,1
shuffled_logs,44,3,91,3,pruned,82900,512,24,8,8,1
shuffled_logs,44,3,92,4,pruned,300,0,32,0,0,1
shuffled_logs,44,3,92,4,scan,328000,2048,0,0,0,1
shuffled_logs,44,3,93,5,scan,33300,2048,0,2048,2048,1
shuffled_logs,44,3,93,5,pruned,33800,2048,0,2048,2048,1
shuffled_logs,44,3,94,6,pruned,300,0,32,0,0,1
shuffled_logs,44,3,94,6,scan,328500,2048,0,0,0,1
shuffled_logs,44,3,95,7,scan,3800,2048,0,0,0,1
shuffled_logs,44,3,95,7,pruned,100,0,32,0,0,1
shuffled_logs,44,3,96,0,pruned,4800,2048,0,2048,2048,1
shuffled_logs,44,3,96,0,scan,4600,2048,0,2048,2048,1
shuffled_logs,44,3,97,1,scan,4100,2048,0,32,32,1
shuffled_logs,44,3,97,1,pruned,3900,2048,0,32,32,1
shuffled_logs,44,3,98,2,pruned,500,128,30,2,2,1
shuffled_logs,44,3,98,2,scan,3400,2048,0,2,2,1
shuffled_logs,44,3,99,3,scan,330900,2048,0,8,8,1
shuffled_logs,44,3,99,3,pruned,82900,512,24,8,8,1
shuffled_logs,44,3,100,4,pruned,400,0,32,0,0,1
shuffled_logs,44,3,100,4,scan,329000,2048,0,0,0,1
shuffled_logs,44,3,101,5,scan,39300,2048,0,2048,2048,1
shuffled_logs,44,3,101,5,pruned,28200,2048,0,2048,2048,1
shuffled_logs,44,3,102,6,pruned,300,0,32,0,0,1
shuffled_logs,44,3,102,6,scan,328600,2048,0,0,0,1
shuffled_logs,44,3,103,7,scan,3800,2048,0,0,0,1
shuffled_logs,44,3,103,7,pruned,100,0,32,0,0,1
shuffled_logs,44,3,104,0,pruned,5000,2048,0,2048,2048,1
shuffled_logs,44,3,104,0,scan,4600,2048,0,2048,2048,1
shuffled_logs,44,3,105,1,scan,4000,2048,0,32,32,1
shuffled_logs,44,3,105,1,pruned,4000,2048,0,32,32,1
shuffled_logs,44,3,106,2,pruned,500,128,30,2,2,1
shuffled_logs,44,3,106,2,scan,3500,2048,0,2,2,1
shuffled_logs,44,3,107,3,scan,339000,2048,0,8,8,1
shuffled_logs,44,3,107,3,pruned,83100,512,24,8,8,1
shuffled_logs,44,3,108,4,pruned,400,0,32,0,0,1
shuffled_logs,44,3,108,4,scan,347000,2048,0,0,0,1
shuffled_logs,44,3,109,5,scan,28100,2048,0,2048,2048,1
shuffled_logs,44,3,109,5,pruned,27700,2048,0,2048,2048,1
shuffled_logs,44,3,110,6,pruned,200,0,32,0,0,1
shuffled_logs,44,3,110,6,scan,336500,2048,0,0,0,1
shuffled_logs,44,3,111,7,scan,3900,2048,0,0,0,1
shuffled_logs,44,3,111,7,pruned,100,0,32,0,0,1
shuffled_logs,44,3,112,0,pruned,5100,2048,0,2048,2048,1
shuffled_logs,44,3,112,0,scan,4700,2048,0,2048,2048,1
shuffled_logs,44,3,113,1,scan,4000,2048,0,32,32,1
shuffled_logs,44,3,113,1,pruned,4000,2048,0,32,32,1
shuffled_logs,44,3,114,2,pruned,500,128,30,2,2,1
shuffled_logs,44,3,114,2,scan,3500,2048,0,2,2,1
shuffled_logs,44,3,115,3,scan,330800,2048,0,8,8,1
shuffled_logs,44,3,115,3,pruned,82900,512,24,8,8,1
shuffled_logs,44,3,116,4,pruned,400,0,32,0,0,1
shuffled_logs,44,3,116,4,scan,329500,2048,0,0,0,1
shuffled_logs,44,3,117,5,scan,27500,2048,0,2048,2048,1
shuffled_logs,44,3,117,5,pruned,27500,2048,0,2048,2048,1
shuffled_logs,44,3,118,6,pruned,300,0,32,0,0,1
shuffled_logs,44,3,118,6,scan,502800,2048,0,0,0,1
shuffled_logs,44,3,119,7,scan,8700,2048,0,0,0,1
shuffled_logs,44,3,119,7,pruned,100,0,32,0,0,1
shuffled_logs,44,3,120,0,pruned,10700,2048,0,2048,2048,1
shuffled_logs,44,3,120,0,scan,7400,2048,0,2048,2048,1
shuffled_logs,44,3,121,1,scan,6300,2048,0,32,32,1
shuffled_logs,44,3,121,1,pruned,6100,2048,0,32,32,1
shuffled_logs,44,3,122,2,pruned,800,128,30,2,2,1
shuffled_logs,44,3,122,2,scan,4900,2048,0,2,2,1
shuffled_logs,44,3,123,3,scan,408500,2048,0,8,8,1
shuffled_logs,44,3,123,3,pruned,83900,512,24,8,8,1
shuffled_logs,44,3,124,4,pruned,400,0,32,0,0,1
shuffled_logs,44,3,124,4,scan,332400,2048,0,0,0,1
shuffled_logs,44,3,125,5,scan,28400,2048,0,2048,2048,1
shuffled_logs,44,3,125,5,pruned,27900,2048,0,2048,2048,1
shuffled_logs,44,3,126,6,pruned,300,0,32,0,0,1
shuffled_logs,44,3,126,6,scan,329300,2048,0,0,0,1
shuffled_logs,44,3,127,7,scan,3900,2048,0,0,0,1
shuffled_logs,44,3,127,7,pruned,100,0,32,0,0,1
shuffled_logs,44,4,0,0,scan,5000,2048,0,2048,2048,1
shuffled_logs,44,4,0,0,pruned,4800,2048,0,2048,2048,1
shuffled_logs,44,4,1,1,pruned,3500,1600,7,32,32,1
shuffled_logs,44,4,1,1,scan,3900,2048,0,32,32,1
shuffled_logs,44,4,2,2,scan,3500,2048,0,2,2,1
shuffled_logs,44,4,2,2,pruned,500,128,30,2,2,1
shuffled_logs,44,4,3,3,pruned,83300,512,24,8,8,1
shuffled_logs,44,4,3,3,scan,347200,2048,0,8,8,1
shuffled_logs,44,4,4,4,scan,329800,2048,0,0,0,1
shuffled_logs,44,4,4,4,pruned,400,0,32,0,0,1
shuffled_logs,44,4,5,5,pruned,28900,2048,0,2048,2048,1
shuffled_logs,44,4,5,5,scan,27600,2048,0,2048,2048,1
shuffled_logs,44,4,6,6,scan,363600,2048,0,0,0,1
shuffled_logs,44,4,6,6,pruned,300,0,32,0,0,1
shuffled_logs,44,4,7,7,pruned,100,0,32,0,0,1
shuffled_logs,44,4,7,7,scan,4100,2048,0,0,0,1
shuffled_logs,44,4,8,0,scan,5700,2048,0,2048,2048,1
shuffled_logs,44,4,8,0,pruned,4800,2048,0,2048,2048,1
shuffled_logs,44,4,9,1,pruned,4300,2048,0,32,32,1
shuffled_logs,44,4,9,1,scan,3900,2048,0,32,32,1
shuffled_logs,44,4,10,2,scan,3600,2048,0,2,2,1
shuffled_logs,44,4,10,2,pruned,500,128,30,2,2,1
shuffled_logs,44,4,11,3,pruned,83200,512,24,8,8,1
shuffled_logs,44,4,11,3,scan,330700,2048,0,8,8,1
shuffled_logs,44,4,12,4,scan,340900,2048,0,0,0,1
shuffled_logs,44,4,12,4,pruned,500,0,32,0,0,1
shuffled_logs,44,4,13,5,pruned,28600,2048,0,2048,2048,1
shuffled_logs,44,4,13,5,scan,27400,2048,0,2048,2048,1
shuffled_logs,44,4,14,6,scan,341500,2048,0,0,0,1
shuffled_logs,44,4,14,6,pruned,300,0,32,0,0,1
shuffled_logs,44,4,15,7,pruned,0,0,32,0,0,1
shuffled_logs,44,4,15,7,scan,4000,2048,0,0,0,1
shuffled_logs,44,4,16,0,scan,5600,2048,0,2048,2048,1
shuffled_logs,44,4,16,0,pruned,4700,2048,0,2048,2048,1
shuffled_logs,44,4,17,1,pruned,4100,2048,0,32,32,1
shuffled_logs,44,4,17,1,scan,3900,2048,0,32,32,1
shuffled_logs,44,4,18,2,scan,3500,2048,0,2,2,1
shuffled_logs,44,4,18,2,pruned,500,128,30,2,2,1
shuffled_logs,44,4,19,3,pruned,83000,512,24,8,8,1
shuffled_logs,44,4,19,3,scan,330900,2048,0,8,8,1
shuffled_logs,44,4,20,4,scan,327600,2048,0,0,0,1
shuffled_logs,44,4,20,4,pruned,300,0,32,0,0,1
shuffled_logs,44,4,21,5,pruned,27900,2048,0,2048,2048,1
shuffled_logs,44,4,21,5,scan,27300,2048,0,2048,2048,1
shuffled_logs,44,4,22,6,scan,329200,2048,0,0,0,1
shuffled_logs,44,4,22,6,pruned,300,0,32,0,0,1
shuffled_logs,44,4,23,7,pruned,100,0,32,0,0,1
shuffled_logs,44,4,23,7,scan,3900,2048,0,0,0,1
shuffled_logs,44,4,24,0,scan,4800,2048,0,2048,2048,1
shuffled_logs,44,4,24,0,pruned,6300,2048,0,2048,2048,1
shuffled_logs,44,4,25,1,pruned,4200,2048,0,32,32,1
shuffled_logs,44,4,25,1,scan,3900,2048,0,32,32,1
shuffled_logs,44,4,26,2,scan,3500,2048,0,2,2,1
shuffled_logs,44,4,26,2,pruned,500,128,30,2,2,1
shuffled_logs,44,4,27,3,pruned,83100,512,24,8,8,1
shuffled_logs,44,4,27,3,scan,330100,2048,0,8,8,1
shuffled_logs,44,4,28,4,scan,341700,2048,0,0,0,1
shuffled_logs,44,4,28,4,pruned,400,0,32,0,0,1
shuffled_logs,44,4,29,5,pruned,28600,2048,0,2048,2048,1
shuffled_logs,44,4,29,5,scan,27400,2048,0,2048,2048,1
shuffled_logs,44,4,30,6,scan,329500,2048,0,0,0,1
shuffled_logs,44,4,30,6,pruned,200,0,32,0,0,1
shuffled_logs,44,4,31,7,pruned,100,0,32,0,0,1
shuffled_logs,44,4,31,7,scan,3900,2048,0,0,0,1
shuffled_logs,44,4,32,0,scan,4800,2048,0,2048,2048,1
shuffled_logs,44,4,32,0,pruned,4700,2048,0,2048,2048,1
shuffled_logs,44,4,33,1,pruned,4200,2048,0,32,32,1
shuffled_logs,44,4,33,1,scan,3900,2048,0,32,32,1
shuffled_logs,44,4,34,2,scan,3400,2048,0,2,2,1
shuffled_logs,44,4,34,2,pruned,400,128,30,2,2,1
shuffled_logs,44,4,35,3,pruned,83100,512,24,8,8,1
shuffled_logs,44,4,35,3,scan,354300,2048,0,8,8,1
shuffled_logs,44,4,36,4,scan,333000,2048,0,0,0,1
shuffled_logs,44,4,36,4,pruned,300,0,32,0,0,1
shuffled_logs,44,4,37,5,pruned,29900,2048,0,2048,2048,1
shuffled_logs,44,4,37,5,scan,28500,2048,0,2048,2048,1
shuffled_logs,44,4,38,6,scan,328400,2048,0,0,0,1
shuffled_logs,44,4,38,6,pruned,300,0,32,0,0,1
shuffled_logs,44,4,39,7,pruned,0,0,32,0,0,1
shuffled_logs,44,4,39,7,scan,3900,2048,0,0,0,1
shuffled_logs,44,4,40,0,scan,4800,2048,0,2048,2048,1
shuffled_logs,44,4,40,0,pruned,4700,2048,0,2048,2048,1
shuffled_logs,44,4,41,1,pruned,4100,2048,0,32,32,1
shuffled_logs,44,4,41,1,scan,3900,2048,0,32,32,1
shuffled_logs,44,4,42,2,scan,3500,2048,0,2,2,1
shuffled_logs,44,4,42,2,pruned,600,128,30,2,2,1
shuffled_logs,44,4,43,3,pruned,83500,512,24,8,8,1
shuffled_logs,44,4,43,3,scan,343000,2048,0,8,8,1
shuffled_logs,44,4,44,4,scan,327800,2048,0,0,0,1
shuffled_logs,44,4,44,4,pruned,400,0,32,0,0,1
shuffled_logs,44,4,45,5,pruned,31600,2048,0,2048,2048,1
shuffled_logs,44,4,45,5,scan,30500,2048,0,2048,2048,1
shuffled_logs,44,4,46,6,scan,328900,2048,0,0,0,1
shuffled_logs,44,4,46,6,pruned,300,0,32,0,0,1
shuffled_logs,44,4,47,7,pruned,100,0,32,0,0,1
shuffled_logs,44,4,47,7,scan,3900,2048,0,0,0,1
shuffled_logs,44,4,48,0,scan,4900,2048,0,2048,2048,1
shuffled_logs,44,4,48,0,pruned,4700,2048,0,2048,2048,1
shuffled_logs,44,4,49,1,pruned,4100,2048,0,32,32,1
shuffled_logs,44,4,49,1,scan,3800,2048,0,32,32,1
shuffled_logs,44,4,50,2,scan,3400,2048,0,2,2,1
shuffled_logs,44,4,50,2,pruned,500,128,30,2,2,1
shuffled_logs,44,4,51,3,pruned,83400,512,24,8,8,1
shuffled_logs,44,4,51,3,scan,338100,2048,0,8,8,1
shuffled_logs,44,4,52,4,scan,350600,2048,0,0,0,1
shuffled_logs,44,4,52,4,pruned,400,0,32,0,0,1
shuffled_logs,44,4,53,5,pruned,29600,2048,0,2048,2048,1
shuffled_logs,44,4,53,5,scan,28000,2048,0,2048,2048,1
shuffled_logs,44,4,54,6,scan,329600,2048,0,0,0,1
shuffled_logs,44,4,54,6,pruned,21000,128,30,0,0,1
shuffled_logs,44,4,55,7,pruned,100,0,32,0,0,1
shuffled_logs,44,4,55,7,scan,4000,2048,0,0,0,1
shuffled_logs,44,4,56,0,scan,4900,2048,0,2048,2048,1
shuffled_logs,44,4,56,0,pruned,4900,2048,0,2048,2048,1
shuffled_logs,44,4,57,1,pruned,4100,2048,0,32,32,1
shuffled_logs,44,4,57,1,scan,4000,2048,0,32,32,1
shuffled_logs,44,4,58,2,scan,3500,2048,0,2,2,1
shuffled_logs,44,4,58,2,pruned,400,128,30,2,2,1
shuffled_logs,44,4,59,3,pruned,83200,512,24,8,8,1
shuffled_logs,44,4,59,3,scan,331200,2048,0,8,8,1
shuffled_logs,44,4,60,4,scan,332400,2048,0,0,0,1
shuffled_logs,44,4,60,4,pruned,400,0,32,0,0,1
shuffled_logs,44,4,61,5,pruned,28000,2048,0,2048,2048,1
shuffled_logs,44,4,61,5,scan,27300,2048,0,2048,2048,1
shuffled_logs,44,4,62,6,scan,329300,2048,0,0,0,1
shuffled_logs,44,4,62,6,pruned,20800,128,30,0,0,1
shuffled_logs,44,4,63,7,pruned,100,0,32,0,0,1
shuffled_logs,44,4,63,7,scan,3900,2048,0,0,0,1
shuffled_logs,44,4,64,0,scan,4800,2048,0,2048,2048,1
shuffled_logs,44,4,64,0,pruned,4700,2048,0,2048,2048,1
shuffled_logs,44,4,65,1,pruned,4200,2048,0,32,32,1
shuffled_logs,44,4,65,1,scan,3800,2048,0,32,32,1
shuffled_logs,44,4,66,2,scan,3400,2048,0,2,2,1
shuffled_logs,44,4,66,2,pruned,500,128,30,2,2,1
shuffled_logs,44,4,67,3,pruned,83100,512,24,8,8,1
shuffled_logs,44,4,67,3,scan,372500,2048,0,8,8,1
shuffled_logs,44,4,68,4,scan,326500,2048,0,0,0,1
shuffled_logs,44,4,68,4,pruned,400,0,32,0,0,1
shuffled_logs,44,4,69,5,pruned,28600,2048,0,2048,2048,1
shuffled_logs,44,4,69,5,scan,27400,2048,0,2048,2048,1
shuffled_logs,44,4,70,6,scan,328300,2048,0,0,0,1
shuffled_logs,44,4,70,6,pruned,20800,128,30,0,0,1
shuffled_logs,44,4,71,7,pruned,100,0,32,0,0,1
shuffled_logs,44,4,71,7,scan,3800,2048,0,0,0,1
shuffled_logs,44,4,72,0,scan,4900,2048,0,2048,2048,1
shuffled_logs,44,4,72,0,pruned,4700,2048,0,2048,2048,1
shuffled_logs,44,4,73,1,pruned,4200,2048,0,32,32,1
shuffled_logs,44,4,73,1,scan,3900,2048,0,32,32,1
shuffled_logs,44,4,74,2,scan,3500,2048,0,2,2,1
shuffled_logs,44,4,74,2,pruned,400,128,30,2,2,1
shuffled_logs,44,4,75,3,pruned,83300,512,24,8,8,1
shuffled_logs,44,4,75,3,scan,330300,2048,0,8,8,1
shuffled_logs,44,4,76,4,scan,327200,2048,0,0,0,1
shuffled_logs,44,4,76,4,pruned,400,0,32,0,0,1
shuffled_logs,44,4,77,5,pruned,27700,2048,0,2048,2048,1
shuffled_logs,44,4,77,5,scan,27300,2048,0,2048,2048,1
shuffled_logs,44,4,78,6,scan,328500,2048,0,0,0,1
shuffled_logs,44,4,78,6,pruned,20700,128,30,0,0,1
shuffled_logs,44,4,79,7,pruned,100,0,32,0,0,1
shuffled_logs,44,4,79,7,scan,3800,2048,0,0,0,1
shuffled_logs,44,4,80,0,scan,4800,2048,0,2048,2048,1
shuffled_logs,44,4,80,0,pruned,4700,2048,0,2048,2048,1
shuffled_logs,44,4,81,1,pruned,4100,2048,0,32,32,1
shuffled_logs,44,4,81,1,scan,3800,2048,0,32,32,1
shuffled_logs,44,4,82,2,scan,3400,2048,0,2,2,1
shuffled_logs,44,4,82,2,pruned,400,128,30,2,2,1
shuffled_logs,44,4,83,3,pruned,83100,512,24,8,8,1
shuffled_logs,44,4,83,3,scan,349100,2048,0,8,8,1
shuffled_logs,44,4,84,4,scan,332700,2048,0,0,0,1
shuffled_logs,44,4,84,4,pruned,400,0,32,0,0,1
shuffled_logs,44,4,85,5,pruned,29000,2048,0,2048,2048,1
shuffled_logs,44,4,85,5,scan,27700,2048,0,2048,2048,1
shuffled_logs,44,4,86,6,scan,344900,2048,0,0,0,1
shuffled_logs,44,4,86,6,pruned,300,0,32,0,0,1
shuffled_logs,44,4,87,7,pruned,100,0,32,0,0,1
shuffled_logs,44,4,87,7,scan,4000,2048,0,0,0,1
shuffled_logs,44,4,88,0,scan,5600,2048,0,2048,2048,1
shuffled_logs,44,4,88,0,pruned,4700,2048,0,2048,2048,1
shuffled_logs,44,4,89,1,pruned,4200,2048,0,32,32,1
shuffled_logs,44,4,89,1,scan,3900,2048,0,32,32,1
shuffled_logs,44,4,90,2,scan,3500,2048,0,2,2,1
shuffled_logs,44,4,90,2,pruned,500,128,30,2,2,1
shuffled_logs,44,4,91,3,pruned,83600,512,24,8,8,1
shuffled_logs,44,4,91,3,scan,330600,2048,0,8,8,1
shuffled_logs,44,4,92,4,scan,404700,2048,0,0,0,1
shuffled_logs,44,4,92,4,pruned,600,0,32,0,0,1
shuffled_logs,44,4,93,5,pruned,41500,2048,0,2048,2048,1
shuffled_logs,44,4,93,5,scan,33600,2048,0,2048,2048,1
shuffled_logs,44,4,94,6,scan,330300,2048,0,0,0,1
shuffled_logs,44,4,94,6,pruned,300,0,32,0,0,1
shuffled_logs,44,4,95,7,pruned,100,0,32,0,0,1
shuffled_logs,44,4,95,7,scan,4000,2048,0,0,0,1
shuffled_logs,44,4,96,0,scan,4900,2048,0,2048,2048,1
shuffled_logs,44,4,96,0,pruned,4800,2048,0,2048,2048,1
shuffled_logs,44,4,97,1,pruned,4200,2048,0,32,32,1
shuffled_logs,44,4,97,1,scan,3900,2048,0,32,32,1
shuffled_logs,44,4,98,2,scan,3500,2048,0,2,2,1
shuffled_logs,44,4,98,2,pruned,600,128,30,2,2,1
shuffled_logs,44,4,99,3,pruned,83600,512,24,8,8,1
shuffled_logs,44,4,99,3,scan,331400,2048,0,8,8,1
shuffled_logs,44,4,100,4,scan,328900,2048,0,0,0,1
shuffled_logs,44,4,100,4,pruned,500,0,32,0,0,1
shuffled_logs,44,4,101,5,pruned,28000,2048,0,2048,2048,1
shuffled_logs,44,4,101,5,scan,27400,2048,0,2048,2048,1
shuffled_logs,44,4,102,6,scan,329700,2048,0,0,0,1
shuffled_logs,44,4,102,6,pruned,300,0,32,0,0,1
shuffled_logs,44,4,103,7,pruned,100,0,32,0,0,1
shuffled_logs,44,4,103,7,scan,3900,2048,0,0,0,1
shuffled_logs,44,4,104,0,scan,4900,2048,0,2048,2048,1
shuffled_logs,44,4,104,0,pruned,4800,2048,0,2048,2048,1
shuffled_logs,44,4,105,1,pruned,4300,2048,0,32,32,1
shuffled_logs,44,4,105,1,scan,4000,2048,0,32,32,1
shuffled_logs,44,4,106,2,scan,3600,2048,0,2,2,1
shuffled_logs,44,4,106,2,pruned,800,128,30,2,2,1
shuffled_logs,44,4,107,3,pruned,83700,512,24,8,8,1
shuffled_logs,44,4,107,3,scan,344600,2048,0,8,8,1
shuffled_logs,44,4,108,4,scan,328600,2048,0,0,0,1
shuffled_logs,44,4,108,4,pruned,400,0,32,0,0,1
shuffled_logs,44,4,109,5,pruned,28200,2048,0,2048,2048,1
shuffled_logs,44,4,109,5,scan,27300,2048,0,2048,2048,1
shuffled_logs,44,4,110,6,scan,328900,2048,0,0,0,1
shuffled_logs,44,4,110,6,pruned,400,0,32,0,0,1
shuffled_logs,44,4,111,7,pruned,0,0,32,0,0,1
shuffled_logs,44,4,111,7,scan,3800,2048,0,0,0,1
shuffled_logs,44,4,112,0,scan,4800,2048,0,2048,2048,1
shuffled_logs,44,4,112,0,pruned,4700,2048,0,2048,2048,1
shuffled_logs,44,4,113,1,pruned,4100,2048,0,32,32,1
shuffled_logs,44,4,113,1,scan,3900,2048,0,32,32,1
shuffled_logs,44,4,114,2,scan,3400,2048,0,2,2,1
shuffled_logs,44,4,114,2,pruned,500,128,30,2,2,1
shuffled_logs,44,4,115,3,pruned,83600,512,24,8,8,1
shuffled_logs,44,4,115,3,scan,339000,2048,0,8,8,1
shuffled_logs,44,4,116,4,scan,329800,2048,0,0,0,1
shuffled_logs,44,4,116,4,pruned,400,0,32,0,0,1
shuffled_logs,44,4,117,5,pruned,28000,2048,0,2048,2048,1
shuffled_logs,44,4,117,5,scan,27400,2048,0,2048,2048,1
shuffled_logs,44,4,118,6,scan,359200,2048,0,0,0,1
shuffled_logs,44,4,118,6,pruned,300,0,32,0,0,1
shuffled_logs,44,4,119,7,pruned,0,0,32,0,0,1
shuffled_logs,44,4,119,7,scan,4000,2048,0,0,0,1
shuffled_logs,44,4,120,0,scan,5600,2048,0,2048,2048,1
shuffled_logs,44,4,120,0,pruned,4700,2048,0,2048,2048,1
shuffled_logs,44,4,121,1,pruned,4100,2048,0,32,32,1
shuffled_logs,44,4,121,1,scan,3900,2048,0,32,32,1
shuffled_logs,44,4,122,2,scan,3500,2048,0,2,2,1
shuffled_logs,44,4,122,2,pruned,500,128,30,2,2,1
shuffled_logs,44,4,123,3,pruned,83200,512,24,8,8,1
shuffled_logs,44,4,123,3,scan,343900,2048,0,8,8,1
shuffled_logs,44,4,124,4,scan,327500,2048,0,0,0,1
shuffled_logs,44,4,124,4,pruned,500,0,32,0,0,1
shuffled_logs,44,4,125,5,pruned,28500,2048,0,2048,2048,1
shuffled_logs,44,4,125,5,scan,27400,2048,0,2048,2048,1
shuffled_logs,44,4,126,6,scan,329000,2048,0,0,0,1
shuffled_logs,44,4,126,6,pruned,300,0,32,0,0,1
shuffled_logs,44,4,127,7,pruned,100,0,32,0,0,1
shuffled_logs,44,4,127,7,scan,3800,2048,0,0,0,1
mixed,42,0,0,0,scan,7100,2048,0,2048,2048,1
mixed,42,0,0,0,pruned,7100,2048,0,2048,2048,1
mixed,42,0,1,1,pruned,700,64,31,32,32,1
mixed,42,0,1,1,scan,5500,2048,0,32,32,1
mixed,42,0,2,2,scan,5200,2048,0,2,2,1
mixed,42,0,2,2,pruned,800,128,30,2,2,1
mixed,42,0,3,3,pruned,32300,256,28,4,4,1
mixed,42,0,3,3,scan,290100,2048,0,4,4,1
mixed,42,0,4,4,scan,257200,2048,0,0,0,1
mixed,42,0,4,4,pruned,600,0,32,0,0,1
mixed,42,0,5,5,pruned,32800,2048,0,1024,1024,1
mixed,42,0,5,5,scan,31500,2048,0,1024,1024,1
mixed,42,0,6,6,scan,249600,2048,0,0,0,1
mixed,42,0,6,6,pruned,300,0,32,0,0,1
mixed,42,0,7,7,pruned,200,0,32,0,0,1
mixed,42,0,7,7,scan,5900,2048,0,0,0,1
mixed,42,0,8,0,scan,7100,2048,0,2048,2048,1
mixed,42,0,8,0,pruned,6900,2048,0,2048,2048,1
mixed,42,0,9,1,pruned,1000,128,30,32,32,1
mixed,42,0,9,1,scan,5500,2048,0,32,32,1
mixed,42,0,10,2,scan,5200,2048,0,2,2,1
mixed,42,0,10,2,pruned,700,128,30,2,2,1
mixed,42,0,11,3,pruned,32100,256,28,4,4,1
mixed,42,0,11,3,scan,327400,2048,0,4,4,1
mixed,42,0,12,4,scan,307200,2048,0,0,0,1
mixed,42,0,12,4,pruned,900,0,32,0,0,1
mixed,42,0,13,5,pruned,32400,2048,0,1024,1024,1
mixed,42,0,13,5,scan,30700,2048,0,1024,1024,1
mixed,42,0,14,6,scan,248700,2048,0,0,0,1
mixed,42,0,14,6,pruned,300,0,32,0,0,1
mixed,42,0,15,7,pruned,200,0,32,0,0,1
mixed,42,0,15,7,scan,5800,2048,0,0,0,1
mixed,42,0,16,0,scan,6900,2048,0,2048,2048,1
mixed,42,0,16,0,pruned,6700,2048,0,2048,2048,1
mixed,42,0,17,1,pruned,900,128,30,32,32,1
mixed,42,0,17,1,scan,5500,2048,0,32,32,1
mixed,42,0,18,2,scan,5100,2048,0,2,2,1
mixed,42,0,18,2,pruned,800,128,30,2,2,1
mixed,42,0,19,3,pruned,31900,256,28,4,4,1
mixed,42,0,19,3,scan,270300,2048,0,4,4,1
mixed,42,0,20,4,scan,277300,2048,0,0,0,1
mixed,42,0,20,4,pruned,700,0,32,0,0,1
mixed,42,0,21,5,pruned,35500,2048,0,1024,1024,1
mixed,42,0,21,5,scan,31900,2048,0,1024,1024,1
mixed,42,0,22,6,scan,248500,2048,0,0,0,1
mixed,42,0,22,6,pruned,300,0,32,0,0,1
mixed,42,0,23,7,pruned,200,0,32,0,0,1
mixed,42,0,23,7,scan,5900,2048,0,0,0,1
mixed,42,0,24,0,scan,7000,2048,0,2048,2048,1
mixed,42,0,24,0,pruned,6900,2048,0,2048,2048,1
mixed,42,0,25,1,pruned,900,128,30,32,32,1
mixed,42,0,25,1,scan,5600,2048,0,32,32,1
mixed,42,0,26,2,scan,5200,2048,0,2,2,1
mixed,42,0,26,2,pruned,900,128,30,2,2,1
mixed,42,0,27,3,pruned,31900,256,28,4,4,1
mixed,42,0,27,3,scan,251400,2048,0,4,4,1
mixed,42,0,28,4,scan,256200,2048,0,0,0,1
mixed,42,0,28,4,pruned,600,0,32,0,0,1
mixed,42,0,29,5,pruned,28200,2048,0,1024,1024,1
mixed,42,0,29,5,scan,27600,2048,0,1024,1024,1
mixed,42,0,30,6,scan,249000,2048,0,0,0,1
mixed,42,0,30,6,pruned,300,0,32,0,0,1
mixed,42,0,31,7,pruned,100,0,32,0,0,1
mixed,42,0,31,7,scan,5800,2048,0,0,0,1
mixed,42,0,32,0,scan,6900,2048,0,2048,2048,1
mixed,42,0,32,0,pruned,6900,2048,0,2048,2048,1
mixed,42,0,33,1,pruned,900,128,30,32,32,1
mixed,42,0,33,1,scan,5600,2048,0,32,32,1
mixed,42,0,34,2,scan,5200,2048,0,2,2,1
mixed,42,0,34,2,pruned,800,128,30,2,2,1
mixed,42,0,35,3,pruned,31900,256,28,4,4,1
mixed,42,0,35,3,scan,282600,2048,0,4,4,1
mixed,42,0,36,4,scan,285600,2048,0,0,0,1
mixed,42,0,36,4,pruned,1000,0,32,0,0,1
mixed,42,0,37,5,pruned,31200,2048,0,1024,1024,1
mixed,42,0,37,5,scan,28100,2048,0,1024,1024,1
mixed,42,0,38,6,scan,273300,2048,0,0,0,1
mixed,42,0,38,6,pruned,400,0,32,0,0,1
mixed,42,0,39,7,pruned,200,0,32,0,0,1
mixed,42,0,39,7,scan,8700,2048,0,0,0,1
mixed,42,0,40,0,scan,7500,2048,0,2048,2048,1
mixed,42,0,40,0,pruned,7000,2048,0,2048,2048,1
mixed,42,0,41,1,pruned,900,128,30,32,32,1
mixed,42,0,41,1,scan,5700,2048,0,32,32,1
mixed,42,0,42,2,scan,8000,2048,0,2,2,1
mixed,42,0,42,2,pruned,900,128,30,2,2,1
mixed,42,0,43,3,pruned,43000,256,28,4,4,1
mixed,42,0,43,3,scan,255800,2048,0,4,4,1
mixed,42,0,44,4,scan,271300,2048,0,0,0,1
mixed,42,0,44,4,pruned,600,0,32,0,0,1
mixed,42,0,45,5,pruned,29300,2048,0,1024,1024,1
mixed,42,0,45,5,scan,27800,2048,0,1024,1024,1
mixed,42,0,46,6,scan,248800,2048,0,0,0,1
mixed,42,0,46,6,pruned,300,0,32,0,0,1
mixed,42,0,47,7,pruned,200,0,32,0,0,1
mixed,42,0,47,7,scan,5900,2048,0,0,0,1
mixed,42,0,48,0,scan,7100,2048,0,2048,2048,1
mixed,42,0,48,0,pruned,6800,2048,0,2048,2048,1
mixed,42,0,49,1,pruned,1000,128,30,32,32,1
mixed,42,0,49,1,scan,5600,2048,0,32,32,1
mixed,42,0,50,2,scan,5200,2048,0,2,2,1
mixed,42,0,50,2,pruned,800,128,30,2,2,1
mixed,42,0,51,3,pruned,32300,256,28,4,4,1
mixed,42,0,51,3,scan,250000,2048,0,4,4,1
mixed,42,0,52,4,scan,276100,2048,0,0,0,1
mixed,42,0,52,4,pruned,600,0,32,0,0,1
mixed,42,0,53,5,pruned,29900,2048,0,1024,1024,1
mixed,42,0,53,5,scan,28300,2048,0,1024,1024,1
mixed,42,0,54,6,scan,285500,2048,0,0,0,1
mixed,42,0,54,6,pruned,400,0,32,0,0,1
mixed,42,0,55,7,pruned,200,0,32,0,0,1
mixed,42,0,55,7,scan,5800,2048,0,0,0,1
mixed,42,0,56,0,scan,8100,2048,0,2048,2048,1
mixed,42,0,56,0,pruned,6800,2048,0,2048,2048,1
mixed,42,0,57,1,pruned,1000,128,30,32,32,1
mixed,42,0,57,1,scan,5500,2048,0,32,32,1
mixed,42,0,58,2,scan,5200,2048,0,2,2,1
mixed,42,0,58,2,pruned,600,128,30,2,2,1
mixed,42,0,59,3,pruned,32200,256,28,4,4,1
mixed,42,0,59,3,scan,255600,2048,0,4,4,1
mixed,42,0,60,4,scan,284100,2048,0,0,0,1
mixed,42,0,60,4,pruned,1300,0,32,0,0,1
mixed,42,0,61,5,pruned,29100,2048,0,1024,1024,1
mixed,42,0,61,5,scan,27700,2048,0,1024,1024,1
mixed,42,0,62,6,scan,248900,2048,0,0,0,1
mixed,42,0,62,6,pruned,200,0,32,0,0,1
mixed,42,0,63,7,pruned,100,0,32,0,0,1
mixed,42,0,63,7,scan,5800,2048,0,0,0,1
mixed,42,0,64,0,scan,7100,2048,0,2048,2048,1
mixed,42,0,64,0,pruned,6800,2048,0,2048,2048,1
mixed,42,0,65,1,pruned,800,128,30,32,32,1
mixed,42,0,65,1,scan,5600,2048,0,32,32,1
mixed,42,0,66,2,scan,5200,2048,0,2,2,1
mixed,42,0,66,2,pruned,700,128,30,2,2,1
mixed,42,0,67,3,pruned,32300,256,28,4,4,1
mixed,42,0,67,3,scan,250400,2048,0,4,4,1
mixed,42,0,68,4,scan,257900,2048,0,0,0,1
mixed,42,0,68,4,pruned,500,0,32,0,0,1
mixed,42,0,69,5,pruned,28900,2048,0,1024,1024,1
mixed,42,0,69,5,scan,47100,2048,0,1024,1024,1
mixed,42,0,70,6,scan,248800,2048,0,0,0,1
mixed,42,0,70,6,pruned,300,0,32,0,0,1
mixed,42,0,71,7,pruned,200,0,32,0,0,1
mixed,42,0,71,7,scan,5700,2048,0,0,0,1
mixed,42,0,72,0,scan,7800,2048,0,2048,2048,1
mixed,42,0,72,0,pruned,8800,2048,0,2048,2048,1
mixed,42,0,73,1,pruned,1000,128,30,32,32,1
mixed,42,0,73,1,scan,5600,2048,0,32,32,1
mixed,42,0,74,2,scan,5300,2048,0,2,2,1
mixed,42,0,74,2,pruned,700,128,30,2,2,1
mixed,42,0,75,3,pruned,32400,256,28,4,4,1
mixed,42,0,75,3,scan,252400,2048,0,4,4,1
mixed,42,0,76,4,scan,256800,2048,0,0,0,1
mixed,42,0,76,4,pruned,500,0,32,0,0,1
mixed,42,0,77,5,pruned,29100,2048,0,1024,1024,1
mixed,42,0,77,5,scan,28000,2048,0,1024,1024,1
mixed,42,0,78,6,scan,259200,2048,0,0,0,1
mixed,42,0,78,6,pruned,500,0,32,0,0,1
mixed,42,0,79,7,pruned,100,0,32,0,0,1
mixed,42,0,79,7,scan,8000,2048,0,0,0,1
mixed,42,0,80,0,scan,8000,2048,0,2048,2048,1
mixed,42,0,80,0,pruned,6700,2048,0,2048,2048,1
mixed,42,0,81,1,pruned,800,128,30,32,32,1
mixed,42,0,81,1,scan,5500,2048,0,32,32,1
mixed,42,0,82,2,scan,5100,2048,0,2,2,1
mixed,42,0,82,2,pruned,700,128,30,2,2,1
mixed,42,0,83,3,pruned,33800,256,28,4,4,1
mixed,42,0,83,3,scan,277400,2048,0,4,4,1
mixed,42,0,84,4,scan,257200,2048,0,0,0,1
mixed,42,0,84,4,pruned,500,0,32,0,0,1
mixed,42,0,85,5,pruned,30200,2048,0,1024,1024,1
mixed,42,0,85,5,scan,29200,2048,0,1024,1024,1
mixed,42,0,86,6,scan,309600,2048,0,0,0,1
mixed,42,0,86,6,pruned,300,0,32,0,0,1
mixed,42,0,87,7,pruned,200,0,32,0,0,1
mixed,42,0,87,7,scan,6100,2048,0,0,0,1
mixed,42,0,88,0,scan,8000,2048,0,2048,2048,1
mixed,42,0,88,0,pruned,7000,2048,0,2048,2048,1
mixed,42,0,89,1,pruned,900,128,30,32,32,1
mixed,42,0,89,1,scan,5700,2048,0,32,32,1
mixed,42,0,90,2,scan,5400,2048,0,2,2,1
mixed,42,0,90,2,pruned,800,128,30,2,2,1
mixed,42,0,91,3,pruned,52600,256,28,4,4,1
mixed,42,0,91,3,scan,264800,2048,0,4,4,1
mixed,42,0,92,4,scan,259900,2048,0,0,0,1
mixed,42,0,92,4,pruned,600,0,32,0,0,1
mixed,42,0,93,5,pruned,30400,2048,0,1024,1024,1
mixed,42,0,93,5,scan,28400,2048,0,1024,1024,1
mixed,42,0,94,6,scan,248900,2048,0,0,0,1
mixed,42,0,94,6,pruned,300,0,32,0,0,1
mixed,42,0,95,7,pruned,200,0,32,0,0,1
mixed,42,0,95,7,scan,6200,2048,0,0,0,1
mixed,42,0,96,0,scan,7500,2048,0,2048,2048,1
mixed,42,0,96,0,pruned,7000,2048,0,2048,2048,1
mixed,42,0,97,1,pruned,900,128,30,32,32,1
mixed,42,0,97,1,scan,5700,2048,0,32,32,1
mixed,42,0,98,2,scan,5300,2048,0,2,2,1
mixed,42,0,98,2,pruned,800,128,30,2,2,1
mixed,42,0,99,3,pruned,32800,256,28,4,4,1
mixed,42,0,99,3,scan,251400,2048,0,4,4,1
mixed,42,0,100,4,scan,257200,2048,0,0,0,1
mixed,42,0,100,4,pruned,500,0,32,0,0,1
mixed,42,0,101,5,pruned,29500,2048,0,1024,1024,1
mixed,42,0,101,5,scan,28500,2048,0,1024,1024,1
mixed,42,0,102,6,scan,268600,2048,0,0,0,1
mixed,42,0,102,6,pruned,400,0,32,0,0,1
mixed,42,0,103,7,pruned,300,0,32,0,0,1
mixed,42,0,103,7,scan,6200,2048,0,0,0,1
mixed,42,0,104,0,scan,8300,2048,0,2048,2048,1
mixed,42,0,104,0,pruned,7200,2048,0,2048,2048,1
mixed,42,0,105,1,pruned,800,128,30,32,32,1
mixed,42,0,105,1,scan,5800,2048,0,32,32,1
mixed,42,0,106,2,scan,5300,2048,0,2,2,1
mixed,42,0,106,2,pruned,800,128,30,2,2,1
mixed,42,0,107,3,pruned,31900,256,28,4,4,1
mixed,42,0,107,3,scan,251200,2048,0,4,4,1
mixed,42,0,108,4,scan,256300,2048,0,0,0,1
mixed,42,0,108,4,pruned,600,0,32,0,0,1
mixed,42,0,109,5,pruned,29600,2048,0,1024,1024,1
mixed,42,0,109,5,scan,28200,2048,0,1024,1024,1
mixed,42,0,110,6,scan,248800,2048,0,0,0,1
mixed,42,0,110,6,pruned,300,0,32,0,0,1
mixed,42,0,111,7,pruned,100,0,32,0,0,1
mixed,42,0,111,7,scan,5700,2048,0,0,0,1
mixed,42,0,112,0,scan,6800,2048,0,2048,2048,1
mixed,42,0,112,0,pruned,6800,2048,0,2048,2048,1
mixed,42,0,113,1,pruned,700,128,30,32,32,1
mixed,42,0,113,1,scan,5500,2048,0,32,32,1
mixed,42,0,114,2,scan,5100,2048,0,2,2,1
mixed,42,0,114,2,pruned,700,128,30,2,2,1
mixed,42,0,115,3,pruned,32000,256,28,4,4,1
mixed,42,0,115,3,scan,250400,2048,0,4,4,1
mixed,42,0,116,4,scan,257300,2048,0,0,0,1
mixed,42,0,116,4,pruned,600,0,32,0,0,1
mixed,42,0,117,5,pruned,31400,2048,0,1024,1024,1
mixed,42,0,117,5,scan,30200,2048,0,1024,1024,1
mixed,42,0,118,6,scan,251100,2048,0,0,0,1
mixed,42,0,118,6,pruned,300,0,32,0,0,1
mixed,42,0,119,7,pruned,100,0,32,0,0,1
mixed,42,0,119,7,scan,6000,2048,0,0,0,1
mixed,42,0,120,0,scan,7900,2048,0,2048,2048,1
mixed,42,0,120,0,pruned,6900,2048,0,2048,2048,1
mixed,42,0,121,1,pruned,700,128,30,32,32,1
mixed,42,0,121,1,scan,5800,2048,0,32,32,1
mixed,42,0,122,2,scan,5300,2048,0,2,2,1
mixed,42,0,122,2,pruned,800,128,30,2,2,1
mixed,42,0,123,3,pruned,33000,256,28,4,4,1
mixed,42,0,123,3,scan,324800,2048,0,4,4,1
mixed,42,0,124,4,scan,257900,2048,0,0,0,1
mixed,42,0,124,4,pruned,600,0,32,0,0,1
mixed,42,0,125,5,pruned,32100,2048,0,1024,1024,1
mixed,42,0,125,5,scan,28600,2048,0,1024,1024,1
mixed,42,0,126,6,scan,264100,2048,0,0,0,1
mixed,42,0,126,6,pruned,400,0,32,0,0,1
mixed,42,0,127,7,pruned,200,0,32,0,0,1
mixed,42,0,127,7,scan,5900,2048,0,0,0,1
mixed,42,1,0,0,pruned,7700,2048,0,2048,2048,1
mixed,42,1,0,0,scan,6900,2048,0,2048,2048,1
mixed,42,1,1,1,scan,5800,2048,0,32,32,1
mixed,42,1,1,1,pruned,600,64,31,32,32,1
mixed,42,1,2,2,pruned,1100,128,30,2,2,1
mixed,42,1,2,2,scan,5100,2048,0,2,2,1
mixed,42,1,3,3,scan,265000,2048,0,4,4,1
mixed,42,1,3,3,pruned,32800,256,28,4,4,1
mixed,42,1,4,4,pruned,400,0,32,0,0,1
mixed,42,1,4,4,scan,266400,2048,0,0,0,1
mixed,42,1,5,5,scan,48300,2048,0,1024,1024,1
mixed,42,1,5,5,pruned,34100,2048,0,1024,1024,1
mixed,42,1,6,6,pruned,300,0,32,0,0,1
mixed,42,1,6,6,scan,254100,2048,0,0,0,1
mixed,42,1,7,7,scan,6600,2048,0,0,0,1
mixed,42,1,7,7,pruned,100,0,32,0,0,1
mixed,42,1,8,0,pruned,8000,2048,0,2048,2048,1
mixed,42,1,8,0,scan,7300,2048,0,2048,2048,1
mixed,42,1,9,1,scan,5900,2048,0,32,32,1
mixed,42,1,9,1,pruned,800,128,30,32,32,1
mixed,42,1,10,2,pruned,1000,128,30,2,2,1
mixed,42,1,10,2,scan,5400,2048,0,2,2,1
mixed,42,1,11,3,scan,323600,2048,0,4,4,1
mixed,42,1,11,3,pruned,37300,256,28,4,4,1
mixed,42,1,12,4,pruned,500,0,32,0,0,1
mixed,42,1,12,4,scan,264800,2048,0,0,0,1
mixed,42,1,13,5,scan,34200,2048,0,1024,1024,1
mixed,42,1,13,5,pruned,31800,2048,0,1024,1024,1
mixed,42,1,14,6,pruned,300,0,32,0,0,1
mixed,42,1,14,6,scan,249700,2048,0,0,0,1
mixed,42,1,15,7,scan,6400,2048,0,0,0,1
mixed,42,1,15,7,pruned,200,0,32,0,0,1
mixed,42,1,16,0,pruned,8000,2048,0,2048,2048,1
mixed,42,1,16,0,scan,7100,2048,0,2048,2048,1
mixed,42,1,17,1,scan,5900,2048,0,32,32,1
mixed,42,1,17,1,pruned,900,128,30,32,32,1
mixed,42,1,18,2,pruned,800,128,30,2,2,1
mixed,42,1,18,2,scan,5300,2048,0,2,2,1
mixed,42,1,19,3,scan,251400,2048,0,4,4,1
mixed,42,1,19,3,pruned,32100,256,28,4,4,1
mixed,42,1,20,4,pruned,400,0,32,0,0,1
mixed,42,1,20,4,scan,259400,2048,0,0,0,1
mixed,42,1,21,5,scan,33000,2048,0,1024,1024,1
mixed,42,1,21,5,pruned,32700,2048,0,1024,1024,1
mixed,42,1,22,6,pruned,300,0,32,0,0,1
mixed,42,1,22,6,scan,299400,2048,0,0,0,1
mixed,42,1,23,7,scan,6500,2048,0,0,0,1
mixed,42,1,23,7,pruned,200,0,32,0,0,1
mixed,42,1,24,0,pruned,10800,2048,0,2048,2048,1
mixed,42,1,24,0,scan,7500,2048,0,2048,2048,1
mixed,42,1,25,1,scan,6300,2048,0,32,32,1
mixed,42,1,25,1,pruned,1000,128,30,32,32,1
mixed,42,1,26,2,pruned,1000,128,30,2,2,1
mixed,42,1,26,2,scan,5500,2048,0,2,2,1
mixed,42,1,27,3,scan,277200,2048,0,4,4,1
mixed,42,1,27,3,pruned,32300,256,28,4,4,1
mixed,42,1,28,4,pruned,1000,0,32,0,0,1
mixed,42,1,28,4,scan,312300,2048,0,0,0,1
mixed,42,1,29,5,scan,31500,2048,0,1024,1024,1
mixed,42,1,29,5,pruned,29500,2048,0,1024,1024,1
mixed,42,1,30,6,pruned,300,0,32,0,0,1
mixed,42,1,30,6,scan,251300,2048,0,0,0,1
mixed,42,1,31,7,scan,6900,2048,0,0,0,1
mixed,42,1,31,7,pruned,100,0,32,0,0,1
mixed,42,1,32,0,pruned,8100,2048,0,2048,2048,1
mixed,42,1,32,0,scan,7800,2048,0,2048,2048,1
mixed,42,1,33,1,scan,6300,2048,0,32,32,1
mixed,42,1,33,1,pruned,900,128,30,32,32,1
mixed,42,1,34,2,pruned,1000,128,30,2,2,1
mixed,42,1,34,2,scan,5500,2048,0,2,2,1
mixed,42,1,35,3,scan,252400,2048,0,4,4,1
mixed,42,1,35,3,pruned,31700,256,28,4,4,1
mixed,42,1,36,4,pruned,500,0,32,0,0,1
mixed,42,1,36,4,scan,257500,2048,0,0,0,1
mixed,42,1,37,5,scan,29000,2048,0,1024,1024,1
mixed,42,1,37,5,pruned,29100,2048,0,1024,1024,1
mixed,42,1,38,6,pruned,300,0,32,0,0,1
mixed,42,1,38,6,scan,256200,2048,0,0,0,1
mixed,42,1,39,7,scan,9800,2048,0,0,0,1
mixed,42,1,39,7,pruned,200,0,32,0,0,1
mixed,42,1,40,0,pruned,11800,2048,0,2048,2048,1
mixed,42,1,40,0,scan,11200,2048,0,2048,2048,1
mixed,42,1,41,1,scan,8000,2048,0,32,32,1
mixed,42,1,41,1,pruned,1400,128,30,32,32,1
mixed,42,1,42,2,pruned,2700,128,30,2,2,1
mixed,42,1,42,2,scan,11400,2048,0,2,2,1
mixed,42,1,43,3,scan,339900,2048,0,4,4,1
mixed,42,1,43,3,pruned,32700,256,28,4,4,1
mixed,42,1,44,4,pruned,500,0,32,0,0,1
mixed,42,1,44,4,scan,258100,2048,0,0,0,1
mixed,42,1,45,5,scan,30800,2048,0,1024,1024,1
mixed,42,1,45,5,pruned,29200,2048,0,1024,1024,1
mixed,42,1,46,6,pruned,300,0,32,0,0,1
mixed,42,1,46,6,scan,249000,2048,0,0,0,1
mixed,42,1,47,7,scan,6100,2048,0,0,0,1
mixed,42,1,47,7,pruned,100,0,32,0,0,1
mixed,42,1,48,0,pruned,7600,2048,0,2048,2048,1
mixed,42,1,48,0,scan,6900,2048,0,2048,2048,1
mixed,42,1,49,1,scan,5600,2048,0,32,32,1
mixed,42,1,49,1,pruned,900,128,30,32,32,1
mixed,42,1,50,2,pruned,900,128,30,2,2,1
mixed,42,1,50,2,scan,5300,2048,0,2,2,1
mixed,42,1,51,3,scan,262100,2048,0,4,4,1
mixed,42,1,51,3,pruned,33400,256,28,4,4,1
mixed,42,1,52,4,pruned,400,0,32,0,0,1
mixed,42,1,52,4,scan,268000,2048,0,0,0,1
mixed,42,1,53,5,scan,41900,2048,0,1024,1024,1
mixed,42,1,53,5,pruned,29200,2048,0,1024,1024,1
mixed,42,1,54,6,pruned,300,0,32,0,0,1
mixed,42,1,54,6,scan,248400,2048,0,0,0,1
mixed,42,1,55,7,scan,6100,2048,0,0,0,1
mixed,42,1,55,7,pruned,100,0,32,0,0,1
mixed,42,1,56,0,pruned,7500,2048,0,2048,2048,1
mixed,42,1,56,0,scan,6600,2048,0,2048,2048,1
mixed,42,1,57,1,scan,5700,2048,0,32,32,1
mixed,42,1,57,1,pruned,1000,128,30,32,32,1
mixed,42,1,58,2,pruned,1200,128,30,2,2,1
mixed,42,1,58,2,scan,5000,2048,0,2,2,1
mixed,42,1,59,3,scan,255100,2048,0,4,4,1
mixed,42,1,59,3,pruned,52900,256,28,4,4,1
mixed,42,1,60,4,pruned,600,0,32,0,0,1
mixed,42,1,60,4,scan,280000,2048,0,0,0,1
mixed,42,1,61,5,scan,38600,2048,0,1024,1024,1
mixed,42,1,61,5,pruned,34300,2048,0,1024,1024,1
mixed,42,1,62,6,pruned,400,0,32,0,0,1
mixed,42,1,62,6,scan,258400,2048,0,0,0,1
mixed,42,1,63,7,scan,5900,2048,0,0,0,1
mixed,42,1,63,7,pruned,100,0,32,0,0,1
mixed,42,1,64,0,pruned,7500,2048,0,2048,2048,1
mixed,42,1,64,0,scan,6800,2048,0,2048,2048,1
mixed,42,1,65,1,scan,5800,2048,0,32,32,1
mixed,42,1,65,1,pruned,1000,128,30,32,32,1
mixed,42,1,66,2,pruned,800,128,30,2,2,1
mixed,42,1,66,2,scan,5200,2048,0,2,2,1
mixed,42,1,67,3,scan,250600,2048,0,4,4,1
mixed,42,1,67,3,pruned,31900,256,28,4,4,1
mixed,42,1,68,4,pruned,400,0,32,0,0,1
mixed,42,1,68,4,scan,256300,2048,0,0,0,1
mixed,42,1,69,5,scan,28700,2048,0,1024,1024,1
mixed,42,1,69,5,pruned,28600,2048,0,1024,1024,1
mixed,42,1,70,6,pruned,300,0,32,0,0,1
mixed,42,1,70,6,scan,269300,2048,0,0,0,1
mixed,42,1,71,7,scan,7600,2048,0,0,0,1
mixed,42,1,71,7,pruned,100,0,32,0,0,1
mixed,42,1,72,0,pruned,8200,2048,0,2048,2048,1
mixed,42,1,72,0,scan,9100,2048,0,2048,2048,1
mixed,42,1,73,1,scan,5600,2048,0,32,32,1
mixed,42,1,73,1,pruned,1000,128,30,32,32,1
mixed,42,1,74,2,pruned,700,128,30,2,2,1
mixed,42,1,74,2,scan,5000,2048,0,2,2,1
mixed,42,1,75,3,scan,262000,2048,0,4,4,1
mixed,42,1,75,3,pruned,32700,256,28,4,4,1
mixed,42,1,76,4,pruned,400,0,32,0,0,1
mixed,42,1,76,4,scan,278200,2048,0,0,0,1
mixed,42,1,77,5,scan,29700,2048,0,1024,1024,1
mixed,42,1,77,5,pruned,28900,2048,0,1024,1024,1
mixed,42,1,78,6,pruned,300,0,32,0,0,1
mixed,42,1,78,6,scan,253400,2048,0,0,0,1
mixed,42,1,79,7,scan,8300,2048,0,0,0,1
mixed,42,1,79,7,pruned,200,0,32,0,0,1
mixed,42,1,80,0,pruned,11100,2048,0,2048,2048,1
mixed,42,1,80,0,scan,10500,2048,0,2048,2048,1
mixed,42,1,81,1,scan,8700,2048,0,32,32,1
mixed,42,1,81,1,pruned,1300,128,30,32,32,1
mixed,42,1,82,2,pruned,1200,128,30,2,2,1
mixed,42,1,82,2,scan,7600,2048,0,2,2,1
mixed,42,1,83,3,scan,279000,2048,0,4,4,1
mixed,42,1,83,3,pruned,32600,256,28,4,4,1
mixed,42,1,84,4,pruned,500,0,32,0,0,1
mixed,42,1,84,4,scan,291600,2048,0,0,0,1
mixed,42,1,85,5,scan,48600,2048,0,1024,1024,1
mixed,42,1,85,5,pruned,46500,2048,0,1024,1024,1
mixed,42,1,86,6,pruned,500,0,32,0,0,1
mixed,42,1,86,6,scan,356700,2048,0,0,0,1
mixed,42,1,87,7,scan,9200,2048,0,0,0,1
mixed,42,1,87,7,pruned,200,0,32,0,0,1
mixed,42,1,88,0,pruned,8300,2048,0,2048,2048,1
mixed,42,1,88,0,scan,7800,2048,0,2048,2048,1
mixed,42,1,89,1,scan,6100,2048,0,32,32,1
mixed,42,1,89,1,pruned,1000,128,30,32,32,1
mixed,42,1,90,2,pruned,1000,128,30,2,2,1
mixed,42,1,90,2,scan,5500,2048,0,2,2,1
mixed,42,1,91,3,scan,269000,2048,0,4,4,1
mixed,42,1,91,3,pruned,32400,256,28,4,4,1
mixed,42,1,92,4,pruned,500,0,32,0,0,1
mixed,42,1,92,4,scan,348800,2048,0,0,0,1
mixed,42,1,93,5,scan,34300,2048,0,1024,1024,1
mixed,42,1,93,5,pruned,30400,2048,0,1024,1024,1
mixed,42,1,94,6,pruned,300,0,32,0,0,1
mixed,42,1,94,6,scan,270500,2048,0,0,0,1
mixed,42,1,95,7,scan,8800,2048,0,0,0,1
mixed,42,1,95,7,pruned,200,0,32,0,0,1
mixed,42,1,96,0,pruned,9900,2048,0,2048,2048,1
mixed,42,1,96,0,scan,7200,2048,0,2048,2048,1
mixed,42,1,97,1,scan,5900,2048,0,32,32,1
mixed,42,1,97,1,pruned,1000,128,30,32,32,1
mixed,42,1,98,2,pruned,900,128,30,2,2,1
mixed,42,1,98,2,scan,5400,2048,0,2,2,1
mixed,42,1,99,3,scan,260700,2048,0,4,4,1
mixed,42,1,99,3,pruned,45000,256,28,4,4,1
mixed,42,1,100,4,pruned,600,0,32,0,0,1
mixed,42,1,100,4,scan,285200,2048,0,0,0,1
mixed,42,1,101,5,scan,33800,2048,0,1024,1024,1
mixed,42,1,101,5,pruned,31500,2048,0,1024,1024,1
mixed,42,1,102,6,pruned,300,0,32,0,0,1
mixed,42,1,102,6,scan,263500,2048,0,0,0,1
mixed,42,1,103,7,scan,8000,2048,0,0,0,1
mixed,42,1,103,7,pruned,100,0,32,0,0,1
mixed,42,1,104,0,pruned,7800,2048,0,2048,2048,1
mixed,42,1,104,0,scan,7200,2048,0,2048,2048,1
mixed,42,1,105,1,scan,5900,2048,0,32,32,1
mixed,42,1,105,1,pruned,900,128,30,32,32,1
mixed,42,1,106,2,pruned,1000,128,30,2,2,1
mixed,42,1,106,2,scan,5200,2048,0,2,2,1
mixed,42,1,107,3,scan,254700,2048,0,4,4,1
mixed,42,1,107,3,pruned,33200,256,28,4,4,1
mixed,42,1,108,4,pruned,400,0,32,0,0,1
mixed,42,1,108,4,scan,289900,2048,0,0,0,1
mixed,42,1,109,5,scan,33000,2048,0,1024,1024,1
mixed,42,1,109,5,pruned,30300,2048,0,1024,1024,1
mixed,42,1,110,6,pruned,300,0,32,0,0,1
mixed,42,1,110,6,scan,264600,2048,0,0,0,1
mixed,42,1,111,7,scan,6200,2048,0,0,0,1
mixed,42,1,111,7,pruned,200,0,32,0,0,1
mixed,42,1,112,0,pruned,7800,2048,0,2048,2048,1
mixed,42,1,112,0,scan,6900,2048,0,2048,2048,1
mixed,42,1,113,1,scan,5700,2048,0,32,32,1
mixed,42,1,113,1,pruned,900,128,30,32,32,1
mixed,42,1,114,2,pruned,1000,128,30,2,2,1
mixed,42,1,114,2,scan,5200,2048,0,2,2,1
mixed,42,1,115,3,scan,255800,2048,0,4,4,1
mixed,42,1,115,3,pruned,42200,256,28,4,4,1
mixed,42,1,116,4,pruned,400,0,32,0,0,1
mixed,42,1,116,4,scan,287900,2048,0,0,0,1
mixed,42,1,117,5,scan,42300,2048,0,1024,1024,1
mixed,42,1,117,5,pruned,34300,2048,0,1024,1024,1
mixed,42,1,118,6,pruned,400,0,32,0,0,1
mixed,42,1,118,6,scan,306000,2048,0,0,0,1
mixed,42,1,119,7,scan,9000,2048,0,0,0,1
mixed,42,1,119,7,pruned,200,0,32,0,0,1
mixed,42,1,120,0,pruned,9700,2048,0,2048,2048,1
mixed,42,1,120,0,scan,8600,2048,0,2048,2048,1
mixed,42,1,121,1,scan,6000,2048,0,32,32,1
mixed,42,1,121,1,pruned,800,128,30,32,32,1
mixed,42,1,122,2,pruned,1000,128,30,2,2,1
mixed,42,1,122,2,scan,5200,2048,0,2,2,1
mixed,42,1,123,3,scan,267100,2048,0,4,4,1
mixed,42,1,123,3,pruned,43100,256,28,4,4,1
mixed,42,1,124,4,pruned,700,0,32,0,0,1
mixed,42,1,124,4,scan,514300,2048,0,0,0,1
mixed,42,1,125,5,scan,66500,2048,0,1024,1024,1
mixed,42,1,125,5,pruned,608800,2048,0,1024,1024,1
mixed,42,1,126,6,pruned,600,0,32,0,0,1
mixed,42,1,126,6,scan,540300,2048,0,0,0,1
mixed,42,1,127,7,scan,12200,2048,0,0,0,1
mixed,42,1,127,7,pruned,200,0,32,0,0,1
mixed,42,2,0,0,scan,14600,2048,0,2048,2048,1
mixed,42,2,0,0,pruned,12200,2048,0,2048,2048,1
mixed,42,2,1,1,pruned,1300,64,31,32,32,1
mixed,42,2,1,1,scan,8600,2048,0,32,32,1
mixed,42,2,2,2,scan,7800,2048,0,2,2,1
mixed,42,2,2,2,pruned,1100,128,30,2,2,1
mixed,42,2,3,3,pruned,57000,256,28,4,4,1
mixed,42,2,3,3,scan,431500,2048,0,4,4,1
mixed,42,2,4,4,scan,457500,2048,0,0,0,1
mixed,42,2,4,4,pruned,900,0,32,0,0,1
mixed,42,2,5,5,pruned,52500,2048,0,1024,1024,1
mixed,42,2,5,5,scan,50300,2048,0,1024,1024,1
mixed,42,2,6,6,scan,430000,2048,0,0,0,1
mixed,42,2,6,6,pruned,400,0,32,0,0,1
mixed,42,2,7,7,pruned,200,0,32,0,0,1
mixed,42,2,7,7,scan,8500,2048,0,0,0,1
mixed,42,2,8,0,scan,11400,2048,0,2048,2048,1
mixed,42,2,8,0,pruned,11200,2048,0,2048,2048,1
mixed,42,2,9,1,pruned,1700,128,30,32,32,1
mixed,42,2,9,1,scan,8400,2048,0,32,32,1
mixed,42,2,10,2,scan,7700,2048,0,2,2,1
mixed,42,2,10,2,pruned,1200,128,30,2,2,1
mixed,42,2,11,3,pruned,55400,256,28,4,4,1
mixed,42,2,11,3,scan,452500,2048,0,4,4,1
mixed,42,2,12,4,scan,504400,2048,0,0,0,1
mixed,42,2,12,4,pruned,1100,0,32,0,0,1
mixed,42,2,13,5,pruned,58900,2048,0,1024,1024,1
mixed,42,2,13,5,scan,50300,2048,0,1024,1024,1
mixed,42,2,14,6,scan,457500,2048,0,0,0,1
mixed,42,2,14,6,pruned,500,0,32,0,0,1
mixed,42,2,15,7,pruned,200,0,32,0,0,1
mixed,42,2,15,7,scan,8600,2048,0,0,0,1
mixed,42,2,16,0,scan,12500,2048,0,2048,2048,1
mixed,42,2,16,0,pruned,11200,2048,0,2048,2048,1
mixed,42,2,17,1,pruned,1500,128,30,32,32,1
mixed,42,2,17,1,scan,8600,2048,0,32,32,1
mixed,42,2,18,2,scan,7600,2048,0,2,2,1
mixed,42,2,18,2,pruned,1000,128,30,2,2,1
mixed,42,2,19,3,pruned,54800,256,28,4,4,1
mixed,42,2,19,3,scan,471100,2048,0,4,4,1
mixed,42,2,20,4,scan,459100,2048,0,0,0,1
mixed,42,2,20,4,pruned,900,0,32,0,0,1
mixed,42,2,21,5,pruned,54100,2048,0,1024,1024,1
mixed,42,2,21,5,scan,50400,2048,0,1024,1024,1
mixed,42,2,22,6,scan,432100,2048,0,0,0,1
mixed,42,2,22,6,pruned,500,0,32,0,0,1
mixed,42,2,23,7,pruned,200,0,32,0,0,1
mixed,42,2,23,7,scan,8300,2048,0,0,0,1
mixed,42,2,24,0,scan,11700,2048,0,2048,2048,1
mixed,42,2,24,0,pruned,11000,2048,0,2048,2048,1
mixed,42,2,25,1,pruned,1700,128,30,32,32,1
mixed,42,2,25,1,scan,8500,2048,0,32,32,1
mixed,42,2,26,2,scan,7600,2048,0,2,2,1
mixed,42,2,26,2,pruned,1100,128,30,2,2,1
mixed,42,2,27,3,pruned,55100,256,28,4,4,1
mixed,42,2,27,3,scan,431100,2048,0,4,4,1
mixed,42,2,28,4,scan,485400,2048,0,0,0,1
mixed,42,2,28,4,pruned,900,0,32,0,0,1
mixed,42,2,29,5,pruned,59900,2048,0,1024,1024,1
mixed,42,2,29,5,scan,52100,2048,0,1024,1024,1
mixed,42,2,30,6,scan,500700,2048,0,0,0,1
mixed,42,2,30,6,pruned,800,0,32,0,0,1
mixed,42,2,31,7,pruned,200,0,32,0,0,1
mixed,42,2,31,7,scan,13100,2048,0,0,0,1
mixed,42,2,32,0,scan,16100,2048,0,2048,2048,1
mixed,42,2,32,0,pruned,11600,2048,0,2048,2048,1
mixed,42,2,33,1,pruned,1700,128,30,32,32,1
mixed,42,2,33,1,scan,11100,2048,0,32,32,1
mixed,42,2,34,2,scan,9900,2048,0,2,2,1
mixed,42,2,34,2,pruned,1200,128,30,2,2,1
mixed,42,2,35,3,pruned,64900,256,28,4,4,1
mixed,42,2,35,3,scan,761800,2048,0,4,4,1
mixed,42,2,36,4,scan,486600,2048,0,0,0,1
mixed,42,2,36,4,pruned,1200,0,32,0,0,1
mixed,42,2,37,5,pruned,51200,2048,0,1024,1024,1
mixed,42,2,37,5,scan,48100,2048,0,1024,1024,1
mixed,42,2,38,6,scan,441700,2048,0,0,0,1
mixed,42,2,38,6,pruned,500,0,32,0,0,1
mixed,42,2,39,7,pruned,200,0,32,0,0,1
mixed,42,2,39,7,scan,8500,2048,0,0,0,1
mixed,42,2,40,0,scan,12700,2048,0,2048,2048,1
mixed,42,2,40,0,pruned,11300,2048,0,2048,2048,1
mixed,42,2,41,1,pruned,1700,128,30,32,32,1
mixed,42,2,41,1,scan,119400,2048,0,32,32,1
mixed,42,2,42,2,scan,8300,2048,0,2,2,1
mixed,42,2,42,2,pruned,1900,128,30,2,2,1
mixed,42,2,43,3,pruned,55400,256,28,4,4,1
mixed,42,2,43,3,scan,483400,2048,0,4,4,1
mixed,42,2,44,4,scan,492000,2048,0,0,0,1
mixed,42,2,44,4,pruned,1100,0,32,0,0,1
mixed,42,2,45,5,pruned,50100,2048,0,1024,1024,1
mixed,42,2,45,5,scan,43500,2048,0,1024,1024,1
mixed,42,2,46,6,scan,398900,2048,0,0,0,1
mixed,42,2,46,6,pruned,500,0,32,0,0,1
mixed,42,2,47,7,pruned,200,0,32,0,0,1
mixed,42,2,47,7,scan,8600,2048,0,0,0,1
mixed,42,2,48,0,scan,12200,2048,0,2048,2048,1
mixed,42,2,48,0,pruned,11600,2048,0,2048,2048,1
mixed,42,2,49,1,pruned,1700,128,30,32,32,1
mixed,42,2,49,1,scan,8600,2048,0,32,32,1
mixed,42,2,50,2,scan,7700,2048,0,2,2,1
mixed,42,2,50,2,pruned,1100,128,30,2,2,1
mixed,42,2,51,3,pruned,55800,256,28,4,4,1
mixed,42,2,51,3,scan,444500,2048,0,4,4,1
mixed,42,2,52,4,scan,455900,2048,0,0,0,1
mixed,42,2,52,4,pruned,800,0,32,0,0,1
mixed,42,2,53,5,pruned,49700,2048,0,1024,1024,1
mixed,42,2,53,5,scan,47400,2048,0,1024,1024,1
mixed,42,2,54,6,scan,470100,2048,0,0,0,1
mixed,42,2,54,6,pruned,500,0,32,0,0,1
mixed,42,2,55,7,pruned,200,0,32,0,0,1
mixed,42,2,55,7,scan,8700,2048,0,0,0,1
mixed,42,2,56,0,scan,12500,2048,0,2048,2048,1
mixed,42,2,56,0,pruned,11300,2048,0,2048,2048,1
mixed,42,2,57,1,pruned,1600,128,30,32,32,1
mixed,42,2,57,1,scan,8500,2048,0,32,32,1
mixed,42,2,58,2,scan,7700,2048,0,2,2,1
mixed,42,2,58,2,pruned,1200,128,30,2,2,1
mixed,42,2,59,3,pruned,49200,256,28,4,4,1
mixed,42,2,59,3,scan,432800,2048,0,4,4,1
mixed,42,2,60,4,scan,460800,2048,0,0,0,1
mixed,42,2,60,4,pruned,1300,0,32,0,0,1
mixed,42,2,61,5,pruned,54500,2048,0,1024,1024,1
mixed,42,2,61,5,scan,47700,2048,0,1024,1024,1
mixed,42,2,62,6,scan,431800,2048,0,0,0,1
mixed,42,2,62,6,pruned,500,0,32,0,0,1
mixed,42,2,63,7,pruned,100,0,32,0,0,1
mixed,42,2,63,7,scan,9100,2048,0,0,0,1
mixed,42,2,64,0,scan,11800,2048,0,2048,2048,1
mixed,42,2,64,0,pruned,11300,2048,0,2048,2048,1
mixed,42,2,65,1,pruned,1600,128,30,32,32,1
mixed,42,2,65,1,scan,8700,2048,0,32,32,1
mixed,42,2,66,2,scan,7700,2048,0,2,2,1
mixed,42,2,66,2,pruned,1100,128,30,2,2,1
mixed,42,2,67,3,pruned,54200,256,28,4,4,1
mixed,42,2,67,3,scan,425700,2048,0,4,4,1
mixed,42,2,68,4,scan,501000,2048,0,0,0,1
mixed,42,2,68,4,pruned,900,0,32,0,0,1
mixed,42,2,69,5,pruned,50900,2048,0,1024,1024,1
mixed,42,2,69,5,scan,45600,2048,0,1024,1024,1
mixed,42,2,70,6,scan,498500,2048,0,0,0,1
mixed,42,2,70,6,pruned,500,0,32,0,0,1
mixed,42,2,71,7,pruned,200,0,32,0,0,1
mixed,42,2,71,7,scan,8700,2048,0,0,0,1
mixed,42,2,72,0,scan,12400,2048,0,2048,2048,1
mixed,42,2,72,0,pruned,11400,2048,0,2048,2048,1
mixed,42,2,73,1,pruned,1500,128,30,32,32,1
mixed,42,2,73,1,scan,8500,2048,0,32,32,1
mixed,42,2,74,2,scan,7700,2048,0,2,2,1
mixed,42,2,74,2,pruned,1000,128,30,2,2,1
mixed,42,2,75,3,pruned,55300,256,28,4,4,1
mixed,42,2,75,3,scan,473500,2048,0,4,4,1
mixed,42,2,76,4,scan,449200,2048,0,0,0,1
mixed,42,2,76,4,pruned,1200,0,32,0,0,1
mixed,42,2,77,5,pruned,50100,2048,0,1024,1024,1
mixed,42,2,77,5,scan,48100,2048,0,1024,1024,1
mixed,42,2,78,6,scan,427500,2048,0,0,0,1
mixed,42,2,78,6,pruned,500,0,32,0,0,1
mixed,42,2,79,7,pruned,200,0,32,0,0,1
mixed,42,2,79,7,scan,8300,2048,0,0,0,1
mixed,42,2,80,0,scan,11900,2048,0,2048,2048,1
mixed,42,2,80,0,pruned,11200,2048,0,2048,2048,1
mixed,42,2,81,1,pruned,1500,128,30,32,32,1
mixed,42,2,81,1,scan,8700,2048,0,32,32,1
mixed,42,2,82,2,scan,7600,2048,0,2,2,1
mixed,42,2,82,2,pruned,1100,128,30,2,2,1
mixed,42,2,83,3,pruned,55700,256,28,4,4,1
mixed,42,2,83,3,scan,461300,2048,0,4,4,1
mixed,42,2,84,4,scan,453400,2048,0,0,0,1
mixed,42,2,84,4,pruned,800,0,32,0,0,1
mixed,42,2,85,5,pruned,50400,2048,0,1024,1024,1
mixed,42,2,85,5,scan,48900,2048,0,1024,1024,1
mixed,42,2,86,6,scan,429200,2048,0,0,0,1
mixed,42,2,86,6,pruned,500,0,32,0,0,1
mixed,42,2,87,7,pruned,200,0,32,0,0,1
mixed,42,2,87,7,scan,8500,2048,0,0,0,1
mixed,42,2,88,0,scan,11500,2048,0,2048,2048,1
mixed,42,2,88,0,pruned,11300,2048,0,2048,2048,1
mixed,42,2,89,1,pruned,1400,128,30,32,32,1
mixed,42,2,89,1,scan,8500,2048,0,32,32,1
mixed,42,2,90,2,scan,7700,2048,0,2,2,1
mixed,42,2,90,2,pruned,1000,128,30,2,2,1
mixed,42,2,91,3,pruned,55700,256,28,4,4,1
mixed,42,2,91,3,scan,472600,2048,0,4,4,1
mixed,42,2,92,4,scan,435600,2048,0,0,0,1
mixed,42,2,92,4,pruned,1000,0,32,0,0,1
mixed,42,2,93,5,pruned,45800,2048,0,1024,1024,1
mixed,42,2,93,5,scan,47600,2048,0,1024,1024,1
mixed,42,2,94,6,scan,432300,2048,0,0,0,1
mixed,42,2,94,6,pruned,400,0,32,0,0,1
mixed,42,2,95,7,pruned,200,0,32,0,0,1
mixed,42,2,95,7,scan,8300,2048,0,0,0,1
mixed,42,2,96,0,scan,11800,2048,0,2048,2048,1
mixed,42,2,96,0,pruned,11300,2048,0,2048,2048,1
mixed,42,2,97,1,pruned,1500,128,30,32,32,1
mixed,42,2,97,1,scan,8600,2048,0,32,32,1
mixed,42,2,98,2,scan,7600,2048,0,2,2,1
mixed,42,2,98,2,pruned,1100,128,30,2,2,1
mixed,42,2,99,3,pruned,55300,256,28,4,4,1
mixed,42,2,99,3,scan,488400,2048,0,4,4,1
mixed,42,2,100,4,scan,448500,2048,0,0,0,1
mixed,42,2,100,4,pruned,800,0,32,0,0,1
mixed,42,2,101,5,pruned,49500,2048,0,1024,1024,1
mixed,42,2,101,5,scan,47500,2048,0,1024,1024,1
mixed,42,2,102,6,scan,441800,2048,0,0,0,1
mixed,42,2,102,6,pruned,700,0,32,0,0,1
mixed,42,2,103,7,pruned,100,0,32,0,0,1
mixed,42,2,103,7,scan,8800,2048,0,0,0,1
mixed,42,2,104,0,scan,12700,2048,0,2048,2048,1
mixed,42,2,104,0,pruned,11100,2048,0,2048,2048,1
mixed,42,2,105,1,pruned,1600,128,30,32,32,1
mixed,42,2,105,1,scan,8600,2048,0,32,32,1
mixed,42,2,106,2,scan,7500,2048,0,2,2,1
mixed,42,2,106,2,pruned,1300,128,30,2,2,1
mixed,42,2,107,3,pruned,55700,256,28,4,4,1
mixed,42,2,107,3,scan,432300,2048,0,4,4,1
mixed,42,2,108,4,scan,453300,2048,0,0,0,1
mixed,42,2,108,4,pruned,700,0,32,0,0,1
mixed,42,2,109,5,pruned,95900,2048,0,1024,1024,1
mixed,42,2,109,5,scan,48000,2048,0,1024,1024,1
mixed,42,2,110,6,scan,429400,2048,0,0,0,1
mixed,42,2,110,6,pruned,400,0,32,0,0,1
mixed,42,2,111,7,pruned,200,0,32,0,0,1
mixed,42,2,111,7,scan,8200,2048,0,0,0,1
mixed,42,2,112,0,scan,11700,2048,0,2048,2048,1
mixed,42,2,112,0,pruned,11200,2048,0,2048,2048,1
mixed,42,2,113,1,pruned,1500,128,30,32,32,1
mixed,42,2,113,1,scan,8600,2048,0,32,32,1
mixed,42,2,114,2,scan,7700,2048,0,2,2,1
mixed,42,2,114,2,pruned,1200,128,30,2,2,1
mixed,42,2,115,3,pruned,55100,256,28,4,4,1
mixed,42,2,115,3,scan,432700,2048,0,4,4,1
mixed,42,2,116,4,scan,457600,2048,0,0,0,1
mixed,42,2,116,4,pruned,800,0,32,0,0,1
mixed,42,2,117,5,pruned,50300,2048,0,1024,1024,1
mixed,42,2,117,5,scan,49400,2048,0,1024,1024,1
mixed,42,2,118,6,scan,2154100,2048,0,0,0,1
mixed,42,2,118,6,pruned,1800,0,32,0,0,1
mixed,42,2,119,7,pruned,200,0,32,0,0,1
mixed,42,2,119,7,scan,21900,2048,0,0,0,1
mixed,42,2,120,0,scan,48300,2048,0,2048,2048,1
mixed,42,2,120,0,pruned,12200,2048,0,2048,2048,1
mixed,42,2,121,1,pruned,1600,128,30,32,32,1
mixed,42,2,121,1,scan,8900,2048,0,32,32,1
mixed,42,2,122,2,scan,7900,2048,0,2,2,1
mixed,42,2,122,2,pruned,1200,128,30,2,2,1
mixed,42,2,123,3,pruned,74600,256,28,4,4,1
mixed,42,2,123,3,scan,491500,2048,0,4,4,1
mixed,42,2,124,4,scan,473900,2048,0,0,0,1
mixed,42,2,124,4,pruned,1500,0,32,0,0,1
mixed,42,2,125,5,pruned,53000,2048,0,1024,1024,1
mixed,42,2,125,5,scan,65000,2048,0,1024,1024,1
mixed,42,2,126,6,scan,432400,2048,0,0,0,1
mixed,42,2,126,6,pruned,400,0,32,0,0,1
mixed,42,2,127,7,pruned,200,0,32,0,0,1
mixed,42,2,127,7,scan,9600,2048,0,0,0,1
mixed,42,3,0,0,pruned,12800,2048,0,2048,2048,1
mixed,42,3,0,0,scan,11200,2048,0,2048,2048,1
mixed,42,3,1,1,scan,8600,2048,0,32,32,1
mixed,42,3,1,1,pruned,1200,64,31,32,32,1
mixed,42,3,2,2,pruned,1100,128,30,2,2,1
mixed,42,3,2,2,scan,7700,2048,0,2,2,1
mixed,42,3,3,3,scan,465400,2048,0,4,4,1
mixed,42,3,3,3,pruned,55300,256,28,4,4,1
mixed,42,3,4,4,pruned,700,0,32,0,0,1
mixed,42,3,4,4,scan,506300,2048,0,0,0,1
mixed,42,3,5,5,scan,51800,2048,0,1024,1024,1
mixed,42,3,5,5,pruned,51800,2048,0,1024,1024,1
mixed,42,3,6,6,pruned,400,0,32,0,0,1
mixed,42,3,6,6,scan,429700,2048,0,0,0,1
mixed,42,3,7,7,scan,8300,2048,0,0,0,1
mixed,42,3,7,7,pruned,100,0,32,0,0,1
mixed,42,3,8,0,pruned,12200,2048,0,2048,2048,1
mixed,42,3,8,0,scan,10900,2048,0,2048,2048,1
mixed,42,3,9,1,scan,8700,2048,0,32,32,1
mixed,42,3,9,1,pruned,1400,128,30,32,32,1
mixed,42,3,10,2,pruned,1200,128,30,2,2,1
mixed,42,3,10,2,scan,7700,2048,0,2,2,1
mixed,42,3,11,3,scan,461600,2048,0,4,4,1
mixed,42,3,11,3,pruned,54700,256,28,4,4,1
mixed,42,3,12,4,pruned,700,0,32,0,0,1
mixed,42,3,12,4,scan,474600,2048,0,0,0,1
mixed,42,3,13,5,scan,53500,2048,0,1024,1024,1
mixed,42,3,13,5,pruned,51100,2048,0,1024,1024,1
mixed,42,3,14,6,pruned,500,0,32,0,0,1
mixed,42,3,14,6,scan,462900,2048,0,0,0,1
mixed,42,3,15,7,scan,8600,2048,0,0,0,1
mixed,42,3,15,7,pruned,200,0,32,0,0,1
mixed,42,3,16,0,pruned,12500,2048,0,2048,2048,1
mixed,42,3,16,0,scan,11000,2048,0,2048,2048,1
mixed,42,3,17,1,scan,8600,2048,0,32,32,1
mixed,42,3,17,1,pruned,1500,128,30,32,32,1
mixed,42,3,18,2,pruned,1100,128,30,2,2,1
mixed,42,3,18,2,scan,7600,2048,0,2,2,1
mixed,42,3,19,3,scan,432500,2048,0,4,4,1
mixed,42,3,19,3,pruned,53800,256,28,4,4,1
mixed,42,3,20,4,pruned,700,0,32,0,0,1
mixed,42,3,20,4,scan,485900,2048,0,0,0,1
mixed,42,3,21,5,scan,60500,2048,0,1024,1024,1
mixed,42,3,21,5,pruned,72500,2048,0,1024,1024,1
mixed,42,3,22,6,pruned,500,0,32,0,0,1
mixed,42,3,22,6,scan,446400,2048,0,0,0,1
mixed,42,3,23,7,scan,8500,2048,0,0,0,1
mixed,42,3,23,7,pruned,200,0,32,0,0,1
mixed,42,3,24,0,pruned,12700,2048,0,2048,2048,1
mixed,42,3,24,0,scan,11100,2048,0,2048,2048,1
mixed,42,3,25,1,scan,8600,2048,0,32,32,1
mixed,42,3,25,1,pruned,1500,128,30,32,32,1
mixed,42,3,26,2,pruned,1100,128,30,2,2,1
mixed,42,3,26,2,scan,7700,2048,0,2,2,1
mixed,42,3,27,3,scan,489400,2048,0,4,4,1
mixed,42,3,27,3,pruned,56800,256,28,4,4,1
mixed,42,3,28,4,pruned,700,0,32,0,0,1
mixed,42,3,28,4,scan,457700,2048,0,0,0,1
mixed,42,3,29,5,scan,48500,2048,0,1024,1024,1
mixed,42,3,29,5,pruned,48000,2048,0,1024,1024,1
mixed,42,3,30,6,pruned,500,0,32,0,0,1
mixed,42,3,30,6,scan,451500,2048,0,0,0,1
mixed,42,3,31,7,scan,9200,2048,0,0,0,1
mixed,42,3,31,7,pruned,200,0,32,0,0,1
mixed,42,3,32,0,pruned,13000,2048,0,2048,2048,1
mixed,42,3,32,0,scan,11000,2048,0,2048,2048,1
mixed,42,3,33,1,scan,8800,2048,0,32,32,1
mixed,42,3,33,1,pruned,1500,128,30,32,32,1
mixed,42,3,34,2,pruned,1100,128,30,2,2,1
mixed,42,3,34,2,scan,7600,2048,0,2,2,1
mixed,42,3,35,3,scan,436400,2048,0,4,4,1
mixed,42,3,35,3,pruned,86700,256,28,4,4,1
mixed,42,3,36,4,pruned,700,0,32,0,0,1
mixed,42,3,36,4,scan,459400,2048,0,0,0,1
mixed,42,3,37,5,scan,48500,2048,0,1024,1024,1
mixed,42,3,37,5,pruned,48700,2048,0,1024,1024,1
mixed,42,3,38,6,pruned,400,0,32,0,0,1
mixed,42,3,38,6,scan,430900,2048,0,0,0,1
mixed,42,3,39,7,scan,8100,2048,0,0,0,1
mixed,42,3,39,7,pruned,200,0,32,0,0,1
mixed,42,3,40,0,pruned,11700,2048,0,2048,2048,1
mixed,42,3,40,0,scan,11000,2048,0,2048,2048,1
mixed,42,3,41,1,scan,8500,2048,0,32,32,1
mixed,42,3,41,1,pruned,1600,128,30,32,32,1
mixed,42,3,42,2,pruned,1300,128,30,2,2,1
mixed,42,3,42,2,scan,7700,2048,0,2,2,1
mixed,42,3,43,3,scan,430400,2048,0,4,4,1
mixed,42,3,43,3,pruned,51400,256,28,4,4,1
mixed,42,3,44,4,pruned,700,0,32,0,0,1
mixed,42,3,44,4,scan,475300,2048,0,0,0,1
mixed,42,3,45,5,scan,48500,2048,0,1024,1024,1
mixed,42,3,45,5,pruned,48100,2048,0,1024,1024,1
mixed,42,3,46,6,pruned,500,0,32,0,0,1
mixed,42,3,46,6,scan,449400,2048,0,0,0,1
mixed,42,3,47,7,scan,8300,2048,0,0,0,1
mixed,42,3,47,7,pruned,200,0,32,0,0,1
mixed,42,3,48,0,pruned,12600,2048,0,2048,2048,1
mixed,42,3,48,0,scan,11100,2048,0,2048,2048,1
mixed,42,3,49,1,scan,8800,2048,0,32,32,1
mixed,42,3,49,1,pruned,1400,128,30,32,32,1
mixed,42,3,50,2,pruned,1000,128,30,2,2,1
mixed,42,3,50,2,scan,7500,2048,0,2,2,1
mixed,42,3,51,3,scan,430700,2048,0,4,4,1
mixed,42,3,51,3,pruned,54400,256,28,4,4,1
mixed,42,3,52,4,pruned,700,0,32,0,0,1
mixed,42,3,52,4,scan,502400,2048,0,0,0,1
mixed,42,3,53,5,scan,48900,2048,0,1024,1024,1
mixed,42,3,53,5,pruned,48700,2048,0,1024,1024,1
mixed,42,3,54,6,pruned,400,0,32,0,0,1
mixed,42,3,54,6,scan,429100,2048,0,0,0,1
mixed,42,3,55,7,scan,8300,2048,0,0,0,1
mixed,42,3,55,7,pruned,100,0,32,0,0,1
mixed,42,3,56,0,pruned,11900,2048,0,2048,2048,1
mixed,42,3,56,0,scan,10900,2048,0,2048,2048,1
mixed,42,3,57,1,scan,8600,2048,0,32,32,1
mixed,42,3,57,1,pruned,1400,128,30,32,32,1
mixed,42,3,58,2,pruned,1000,128,30,2,2,1
mixed,42,3,58,2,scan,7600,2048,0,2,2,1
mixed,42,3,59,3,scan,429400,2048,0,4,4,1
mixed,42,3,59,3,pruned,54400,256,28,4,4,1
mixed,42,3,60,4,pruned,700,0,32,0,0,1
mixed,42,3,60,4,scan,449800,2048,0,0,0,1
mixed,42,3,61,5,scan,47600,2048,0,1024,1024,1
mixed,42,3,61,5,pruned,48000,2048,0,1024,1024,1
mixed,42,3,62,6,pruned,500,0,32,0,0,1
mixed,42,3,62,6,scan,806000,2048,0,0,0,1
mixed,42,3,63,7,scan,12400,2048,0,0,0,1
mixed,42,3,63,7,pruned,200,0,32,0,0,1
mixed,42,3,64,0,pruned,15300,2048,0,2048,2048,1
mixed,42,3,64,0,scan,11800,2048,0,2048,2048,1
mixed,42,3,65,1,scan,9200,2048,0,32,32,1
mixed,42,3,65,1,pruned,1600,128,30,32,32,1
mixed,42,3,66,2,pruned,1200,128,30,2,2,1
mixed,42,3,66,2,scan,8300,2048,0,2,2,1
mixed,42,3,67,3,scan,441300,2048,0,4,4,1
mixed,42,3,67,3,pruned,55400,256,28,4,4,1
mixed,42,3,68,4,pruned,700,0,32,0,0,1
mixed,42,3,68,4,scan,458300,2048,0,0,0,1
mixed,42,3,69,5,scan,49400,2048,0,1024,1024,1
mixed,42,3,69,5,pruned,50100,2048,0,1024,1024,1
mixed,42,3,70,6,pruned,600,0,32,0,0,1
mixed,42,3,70,6,scan,479200,2048,0,0,0,1
mixed,42,3,71,7,scan,11300,2048,0,0,0,1
mixed,42,3,71,7,pruned,200,0,32,0,0,1
mixed,42,3,72,0,pruned,14600,2048,0,2048,2048,1
mixed,42,3,72,0,scan,17800,2048,0,2048,2048,1
mixed,42,3,73,1,scan,10100,2048,0,32,32,1
mixed,42,3,73,1,pruned,1600,128,30,32,32,1
mixed,42,3,74,2,pruned,1100,128,30,2,2,1
mixed,42,3,74,2,scan,7900,2048,0,2,2,1
mixed,42,3,75,3,scan,443100,2048,0,4,4,1
mixed,42,3,75,3,pruned,55400,256,28,4,4,1
mixed,42,3,76,4,pruned,800,0,32,0,0,1
mixed,42,3,76,4,scan,457100,2048,0,0,0,1
mixed,42,3,77,5,scan,49500,2048,0,1024,1024,1
mixed,42,3,77,5,pruned,49900,2048,0,1024,1024,1
mixed,42,3,78,6,pruned,600,0,32,0,0,1
mixed,42,3,78,6,scan,433500,2048,0,0,0,1
mixed,42,3,79,7,scan,9500,2048,0,0,0,1
mixed,42,3,79,7,pruned,200,0,32,0,0,1
mixed,42,3,80,0,pruned,13100,2048,0,2048,2048,1
mixed,42,3,80,0,scan,11500,2048,0,2048,2048,1
mixed,42,3,81,1,scan,9200,2048,0,32,32,1
mixed,42,3,81,1,pruned,22100,128,30,32,32,1
mixed,42,3,82,2,pruned,1400,128,30,2,2,1
mixed,42,3,82,2,scan,9000,2048,0,2,2,1
mixed,42,3,83,3,scan,433400,2048,0,4,4,1
mixed,42,3,83,3,pruned,53600,256,28,4,4,1
mixed,42,3,84,4,pruned,700,0,32,0,0,1
mixed,42,3,84,4,scan,479500,2048,0,0,0,1
mixed,42,3,85,5,scan,57400,2048,0,1024,1024,1
mixed,42,3,85,5,pruned,51100,2048,0,1024,1024,1
mixed,42,3,86,6,pruned,400,0,32,0,0,1
mixed,42,3,86,6,scan,432300,2048,0,0,0,1
mixed,42,3,87,7,scan,8500,2048,0,0,0,1
mixed,42,3,87,7,pruned,200,0,32,0,0,1
mixed,42,3,88,0,pruned,12300,2048,0,2048,2048,1
mixed,42,3,88,0,scan,11400,2048,0,2048,2048,1
mixed,42,3,89,1,scan,9100,2048,0,32,32,1
mixed,42,3,89,1,pruned,1500,128,30,32,32,1
mixed,42,3,90,2,pruned,1100,128,30,2,2,1
mixed,42,3,90,2,scan,7900,2048,0,2,2,1
mixed,42,3,91,3,scan,474700,2048,0,4,4,1
mixed,42,3,91,3,pruned,55300,256,28,4,4,1
mixed,42,3,92,4,pruned,800,0,32,0,0,1
mixed,42,3,92,4,scan,472800,2048,0,0,0,1
mixed,42,3,93,5,scan,63700,2048,0,1024,1024,1
mixed,42,3,93,5,pruned,49900,2048,0,1024,1024,1
mixed,42,3,94,6,pruned,500,0,32,0,0,1
mixed,42,3,94,6,scan,433100,2048,0,0,0,1
mixed,42,3,95,7,scan,8500,2048,0,0,0,1
mixed,42,3,95,7,pruned,200,0,32,0,0,1
mixed,42,3,96,0,pruned,12200,2048,0,2048,2048,1
mixed,42,3,96,0,scan,11400,2048,0,2048,2048,1
mixed,42,3,97,1,scan,8800,2048,0,32,32,1
mixed,42,3,97,1,pruned,1400,128,30,32,32,1
mixed,42,3,98,2,pruned,1100,128,30,2,2,1
mixed,42,3,98,2,scan,7900,2048,0,2,2,1
mixed,42,3,99,3,scan,432900,2048,0,4,4,1
mixed,42,3,99,3,pruned,54500,256,28,4,4,1
mixed,42,3,100,4,pruned,800,0,32,0,0,1
mixed,42,3,100,4,scan,452800,2048,0,0,0,1
mixed,42,3,101,5,scan,49300,2048,0,1024,1024,1
mixed,42,3,101,5,pruned,47000,2048,0,1024,1024,1
mixed,42,3,102,6,pruned,400,0,32,0,0,1
mixed,42,3,102,6,scan,454400,2048,0,0,0,1
mixed,42,3,103,7,scan,8700,2048,0,0,0,1
mixed,42,3,103,7,pruned,200,0,32,0,0,1
mixed,42,3,104,0,pruned,13200,2048,0,2048,2048,1
mixed,42,3,104,0,scan,11500,2048,0,2048,2048,1
mixed,42,3,105,1,scan,9000,2048,0,32,32,1
mixed,42,3,105,1,pruned,1500,128,30,32,32,1
mixed,42,3,106,2,pruned,1200,128,30,2,2,1
mixed,42,3,106,2,scan,7900,2048,0,2,2,1
mixed,42,3,107,3,scan,433100,2048,0,4,4,1
mixed,42,3,107,3,pruned,54900,256,28,4,4,1
mixed,42,3,108,4,pruned,600,0,32,0,0,1
mixed,42,3,108,4,scan,457400,2048,0,0,0,1
mixed,42,3,109,5,scan,48900,2048,0,1024,1024,1
mixed,42,3,109,5,pruned,63200,2048,0,1024,1024,1
mixed,42,3,110,6,pruned,500,0,32,0,0,1
mixed,42,3,110,6,scan,428900,2048,0,0,0,1
mixed,42,3,111,7,scan,8900,2048,0,0,0,1
mixed,42,3,111,7,pruned,100,0,32,0,0,1
mixed,42,3,112,0,pruned,12200,2048,0,2048,2048,1
mixed,42,3,112,0,scan,11300,2048,0,2048,2048,1
mixed,42,3,113,1,scan,8800,2048,0,32,32,1
mixed,42,3,113,1,pruned,1300,128,30,32,32,1
mixed,42,3,114,2,pruned,1100,128,30,2,2,1
mixed,42,3,114,2,scan,7800,2048,0,2,2,1
mixed,42,3,115,3,scan,456500,2048,0,4,4,1
mixed,42,3,115,3,pruned,55000,256,28,4,4,1
mixed,42,3,116,4,pruned,700,0,32,0,0,1
mixed,42,3,116,4,scan,424900,2048,0,0,0,1
mixed,42,3,117,5,scan,54400,2048,0,1024,1024,1
mixed,42,3,117,5,pruned,47100,2048,0,1024,1024,1
mixed,42,3,118,6,pruned,500,0,32,0,0,1
mixed,42,3,118,6,scan,377900,2048,0,0,0,1
mixed,42,3,119,7,scan,11400,2048,0,0,0,1
mixed,42,3,119,7,pruned,200,0,32,0,0,1
mixed,42,3,120,0,pruned,13500,2048,0,2048,2048,1
mixed,42,3,120,0,scan,11900,2048,0,2048,2048,1
mixed,42,3,121,1,scan,9500,2048,0,32,32,1
mixed,42,3,121,1,pruned,1500,128,30,32,32,1
mixed,42,3,122,2,pruned,1100,128,30,2,2,1
mixed,42,3,122,2,scan,8100,2048,0,2,2,1
mixed,42,3,123,3,scan,428000,2048,0,4,4,1
mixed,42,3,123,3,pruned,55000,256,28,4,4,1
mixed,42,3,124,4,pruned,700,0,32,0,0,1
mixed,42,3,124,4,scan,482600,2048,0,0,0,1
mixed,42,3,125,5,scan,50200,2048,0,1024,1024,1
mixed,42,3,125,5,pruned,49500,2048,0,1024,1024,1
mixed,42,3,126,6,pruned,500,0,32,0,0,1
mixed,42,3,126,6,scan,433600,2048,0,0,0,1
mixed,42,3,127,7,scan,8700,2048,0,0,0,1
mixed,42,3,127,7,pruned,200,0,32,0,0,1
mixed,42,4,0,0,scan,11800,2048,0,2048,2048,1
mixed,42,4,0,0,pruned,11700,2048,0,2048,2048,1
mixed,42,4,1,1,pruned,1200,64,31,32,32,1
mixed,42,4,1,1,scan,8700,2048,0,32,32,1
mixed,42,4,2,2,scan,7800,2048,0,2,2,1
mixed,42,4,2,2,pruned,1000,128,30,2,2,1
mixed,42,4,3,3,pruned,63900,256,28,4,4,1
mixed,42,4,3,3,scan,494600,2048,0,4,4,1
mixed,42,4,4,4,scan,495100,2048,0,0,0,1
mixed,42,4,4,4,pruned,1200,0,32,0,0,1
mixed,42,4,5,5,pruned,94100,2048,0,1024,1024,1
mixed,42,4,5,5,scan,52200,2048,0,1024,1024,1
mixed,42,4,6,6,scan,432400,2048,0,0,0,1
mixed,42,4,6,6,pruned,400,0,32,0,0,1
mixed,42,4,7,7,pruned,200,0,32,0,0,1
mixed,42,4,7,7,scan,8900,2048,0,0,0,1
mixed,42,4,8,0,scan,12200,2048,0,2048,2048,1
mixed,42,4,8,0,pruned,11500,2048,0,2048,2048,1
mixed,42,4,9,1,pruned,1600,128,30,32,32,1
mixed,42,4,9,1,scan,8800,2048,0,32,32,1
mixed,42,4,10,2,scan,7900,2048,0,2,2,1
mixed,42,4,10,2,pruned,1000,128,30,2,2,1
mixed,42,4,11,3,pruned,55400,256,28,4,4,1
mixed,42,4,11,3,scan,432200,2048,0,4,4,1
mixed,42,4,12,4,scan,460900,2048,0,0,0,1
mixed,42,4,12,4,pruned,800,0,32,0,0,1
mixed,42,4,13,5,pruned,52200,2048,0,1024,1024,1
mixed,42,4,13,5,scan,51000,2048,0,1024,1024,1
mixed,42,4,14,6,scan,500400,2048,0,0,0,1
mixed,42,4,14,6,pruned,400,0,32,0,0,1
mixed,42,4,15,7,pruned,200,0,32,0,0,1
mixed,42,4,15,7,scan,8900,2048,0,0,0,1
mixed,42,4,16,0,scan,12800,2048,0,2048,2048,1
mixed,42,4,16,0,pruned,11600,2048,0,2048,2048,1
mixed,42,4,17,1,pruned,1600,128,30,32,32,1
mixed,42,4,17,1,scan,8700,2048,0,32,32,1
mixed,42,4,18,2,scan,8000,2048,0,2,2,1
mixed,42,4,18,2,pruned,1100,128,30,2,2,1
mixed,42,4,19,3,pruned,55900,256,28,4,4,1
mixed,42,4,19,3,scan,448800,2048,0,4,4,1
mixed,42,4,20,4,scan,494700,2048,0,0,0,1
mixed,42,4,20,4,pruned,900,0,32,0,0,1
mixed,42,4,21,5,pruned,72000,2048,0,1024,1024,1
mixed,42,4,21,5,scan,54100,2048,0,1024,1024,1
mixed,42,4,22,6,scan,427600,2048,0,0,0,1
mixed,42,4,22,6,pruned,500,0,32,0,0,1
mixed,42,4,23,7,pruned,200,0,32,0,0,1
mixed,42,4,23,7,scan,8600,2048,0,0,0,1
mixed,42,4,24,0,scan,11900,2048,0,2048,2048,1
mixed,42,4,24,0,pruned,11400,2048,0,2048,2048,1
mixed,42,4,25,1,pruned,1600,128,30,32,32,1
mixed,42,4,25,1,scan,8800,2048,0,32,32,1
mixed,42,4,26,2,scan,8000,2048,0,2,2,1
mixed,42,4,26,2,pruned,1100,128,30,2,2,1
mixed,42,4,27,3,pruned,80800,256,28,4,4,1
mixed,42,4,27,3,scan,432300,2048,0,4,4,1
mixed,42,4,28,4,scan,587600,2048,0,0,0,1
mixed,42,4,28,4,pruned,1400,0,32,0,0,1
mixed,42,4,29,5,pruned,55400,2048,0,1024,1024,1
mixed,42,4,29,5,scan,48100,2048,0,1024,1024,1
mixed,42,4,30,6,scan,435300,2048,0,0,0,1
mixed,42,4,30,6,pruned,500,0,32,0,0,1
mixed,42,4,31,7,pruned,200,0,32,0,0,1
mixed,42,4,31,7,scan,9100,2048,0,0,0,1
mixed,42,4,32,0,scan,15100,2048,0,2048,2048,1
mixed,42,4,32,0,pruned,11500,2048,0,2048,2048,1
mixed,42,4,33,1,pruned,1700,128,30,32,32,1
mixed,42,4,33,1,scan,8700,2048,0,32,32,1
mixed,42,4,34,2,scan,10500,2048,0,2,2,1
mixed,42,4,34,2,pruned,1300,128,30,2,2,1
mixed,42,4,35,3,pruned,64400,256,28,4,4,1
mixed,42,4,35,3,scan,537100,2048,0,4,4,1
mixed,42,4,36,4,scan,516400,2048,0,0,0,1
mixed,42,4,36,4,pruned,900,0,32,0,0,1
mixed,42,4,37,5,pruned,50200,2048,0,1024,1024,1
mixed,42,4,37,5,scan,117600,2048,0,1024,1024,1
mixed,42,4,38,6,scan,763400,2048,0,0,0,1
mixed,42,4,38,6,pruned,700,0,32,0,0,1
mixed,42,4,39,7,pruned,200,0,32,0,0,1
mixed,42,4,39,7,scan,10600,2048,0,0,0,1
mixed,42,4,40,0,scan,13500,2048,0,2048,2048,1
mixed,42,4,40,0,pruned,11500,2048,0,2048,2048,1
mixed,42,4,41,1,pruned,1600,128,30,32,32,1
mixed,42,4,41,1,scan,8900,2048,0,32,32,1
mixed,42,4,42,2,scan,7800,2048,0,2,2,1
mixed,42,4,42,2,pruned,1500,128,30,2,2,1
mixed,42,4,43,3,pruned,56300,256,28,4,4,1
mixed,42,4,43,3,scan,464800,2048,0,4,4,1
mixed,42,4,44,4,scan,464700,2048,0,0,0,1
mixed,42,4,44,4,pruned,1200,0,32,0,0,1
mixed,42,4,45,5,pruned,52500,2048,0,1024,1024,1
mixed,42,4,45,5,scan,48700,2048,0,1024,1024,1
mixed,42,4,46,6,scan,441000,2048,0,0,0,1
mixed,42,4,46,6,pruned,600,0,32,0,0,1
mixed,42,4,47,7,pruned,200,0,32,0,0,1
mixed,42,4,47,7,scan,9100,2048,0,0,0,1
mixed,42,4,48,0,scan,12900,2048,0,2048,2048,1
mixed,42,4,48,0,pruned,12900,2048,0,2048,2048,1
mixed,42,4,49,1,pruned,1600,128,30,32,32,1
mixed,42,4,49,1,scan,13300,2048,0,32,32,1
mixed,42,4,50,2,scan,10100,2048,0,2,2,1
mixed,42,4,50,2,pruned,1400,128,30,2,2,1
mixed,42,4,51,3,pruned,56500,256,28,4,4,1
mixed,42,4,51,3,scan,442800,2048,0,4,4,1
mixed,42,4,52,4,scan,1151900,2048,0,0,0,1
mixed,42,4,52,4,pruned,1500,0,32,0,0,1
mixed,42,4,53,5,pruned,62200,2048,0,1024,1024,1
mixed,42,4,53,5,scan,50700,2048,0,1024,1024,1
mixed,42,4,54,6,scan,401700,2048,0,0,0,1
mixed,42,4,54,6,pruned,800,0,32,0,0,1
mixed,42,4,55,7,pruned,200,0,32,0,0,1
mixed,42,4,55,7,scan,10300,2048,0,0,0,1
mixed,42,4,56,0,scan,13400,2048,0,2048,2048,1
mixed,42,4,56,0,pruned,19100,2048,0,2048,2048,1
mixed,42,4,57,1,pruned,2300,128,30,32,32,1
mixed,42,4,57,1,scan,10200,2048,0,32,32,1
mixed,42,4,58,2,scan,7800,2048,0,2,2,1
mixed,42,4,58,2,pruned,1200,128,30,2,2,1
mixed,42,4,59,3,pruned,57800,256,28,4,4,1
mixed,42,4,59,3,scan,425100,2048,0,4,4,1
mixed,42,4,60,4,scan,393300,2048,0,0,0,1
mixed,42,4,60,4,pruned,1000,0,32,0,0,1
mixed,42,4,61,5,pruned,52600,2048,0,1024,1024,1
mixed,42,4,61,5,scan,45600,2048,0,1024,1024,1
mixed,42,4,62,6,scan,373100,2048,0,0,0,1
mixed,42,4,62,6,pruned,600,0,32,0,0,1
mixed,42,4,63,7,pruned,200,0,32,0,0,1
mixed,42,4,63,7,scan,10000,2048,0,0,0,1
mixed,42,4,64,0,scan,13200,2048,0,2048,2048,1
mixed,42,4,64,0,pruned,12300,2048,0,2048,2048,1
mixed,42,4,65,1,pruned,1800,128,30,32,32,1
mixed,42,4,65,1,scan,9200,2048,0,32,32,1
mixed,42,4,66,2,scan,8400,2048,0,2,2,1
mixed,42,4,66,2,pruned,1100,128,30,2,2,1
mixed,42,4,67,3,pruned,49700,256,28,4,4,1
mixed,42,4,67,3,scan,396100,2048,0,4,4,1
mixed,42,4,68,4,scan,418400,2048,0,0,0,1
mixed,42,4,68,4,pruned,1100,0,32,0,0,1
mixed,42,4,69,5,pruned,82500,2048,0,1024,1024,1
mixed,42,4,69,5,scan,48200,2048,0,1024,1024,1
mixed,42,4,70,6,scan,389700,2048,0,0,0,1
mixed,42,4,70,6,pruned,700,0,32,0,0,1
mixed,42,4,71,7,pruned,200,0,32,0,0,1
mixed,42,4,71,7,scan,10500,2048,0,0,0,1
mixed,42,4,72,0,scan,13200,2048,0,2048,2048,1
mixed,42,4,72,0,pruned,12300,2048,0,2048,2048,1
mixed,42,4,73,1,pruned,1700,128,30,32,32,1
mixed,42,4,73,1,scan,9500,2048,0,32,32,1
mixed,42,4,74,2,scan,8500,2048,0,2,2,1
mixed,42,4,74,2,pruned,1300,128,30,2,2,1
mixed,42,4,75,3,pruned,57700,256,28,4,4,1
mixed,42,4,75,3,scan,419000,2048,0,4,4,1
mixed,42,4,76,4,scan,473100,2048,0,0,0,1
mixed,42,4,76,4,pruned,1000,0,32,0,0,1
mixed,42,4,77,5,pruned,53400,2048,0,1024,1024,1
mixed,42,4,77,5,scan,49900,2048,0,1024,1024,1
mixed,42,4,78,6,scan,450900,2048,0,0,0,1
mixed,42,4,78,6,pruned,500,0,32,0,0,1
mixed,42,4,79,7,pruned,200,0,32,0,0,1
mixed,42,4,79,7,scan,8900,2048,0,0,0,1
mixed,42,4,80,0,scan,12900,2048,0,2048,2048,1
mixed,42,4,80,0,pruned,11900,2048,0,2048,2048,1
mixed,42,4,81,1,pruned,1600,128,30,32,32,1
mixed,42,4,81,1,scan,8900,2048,0,32,32,1
mixed,42,4,82,2,scan,8100,2048,0,2,2,1
mixed,42,4,82,2,pruned,1200,128,30,2,2,1
mixed,42,4,83,3,pruned,55800,256,28,4,4,1
mixed,42,4,83,3,scan,434200,2048,0,4,4,1
mixed,42,4,84,4,scan,455600,2048,0,0,0,1
mixed,42,4,84,4,pruned,900,0,32,0,0,1
mixed,42,4,85,5,pruned,46800,2048,0,1024,1024,1
mixed,42,4,85,5,scan,45500,2048,0,1024,1024,1
mixed,42,4,86,6,scan,420900,2048,0,0,0,1
mixed,42,4,86,6,pruned,500,0,32,0,0,1
mixed,42,4,87,7,pruned,100,0,32,0,0,1
mixed,42,4,87,7,scan,8900,2048,0,0,0,1
mixed,42,4,88,0,scan,12100,2048,0,2048,2048,1
mixed,42,4,88,0,pruned,11600,2048,0,2048,2048,1
mixed,42,4,89,1,pruned,1700,128,30,32,32,1
mixed,42,4,89,1,scan,9000,2048,0,32,32,1
mixed,42,4,90,2,scan,7900,2048,0,2,2,1
mixed,42,4,90,2,pruned,1200,128,30,2,2,1
mixed,42,4,91,3,pruned,55800,256,28,4,4,1
mixed,42,4,91,3,scan,447100,2048,0,4,4,1
mixed,42,4,92,4,scan,458500,2048,0,0,0,1
mixed,42,4,92,4,pruned,900,0,32,0,0,1
mixed,42,4,93,5,pruned,51100,2048,0,1024,1024,1
mixed,42,4,93,5,scan,49400,2048,0,1024,1024,1
mixed,42,4,94,6,scan,433000,2048,0,0,0,1
mixed,42,4,94,6,pruned,500,0,32,0,0,1
mixed,42,4,95,7,pruned,200,0,32,0,0,1
mixed,42,4,95,7,scan,8900,2048,0,0,0,1
mixed,42,4,96,0,scan,11800,2048,0,2048,2048,1
mixed,42,4,96,0,pruned,11800,2048,0,2048,2048,1
mixed,42,4,97,1,pruned,1700,128,30,32,32,1
mixed,42,4,97,1,scan,8900,2048,0,32,32,1
mixed,42,4,98,2,scan,7900,2048,0,2,2,1
mixed,42,4,98,2,pruned,1200,128,30,2,2,1
mixed,42,4,99,3,pruned,85500,256,28,4,4,1
mixed,42,4,99,3,scan,1306800,2048,0,4,4,1
mixed,42,4,100,4,scan,524900,2048,0,0,0,1
mixed,42,4,100,4,pruned,1300,0,32,0,0,1
mixed,42,4,101,5,pruned,53700,2048,0,1024,1024,1
mixed,42,4,101,5,scan,73700,2048,0,1024,1024,1
mixed,42,4,102,6,scan,431900,2048,0,0,0,1
mixed,42,4,102,6,pruned,600,0,32,0,0,1
mixed,42,4,103,7,pruned,200,0,32,0,0,1
mixed,42,4,103,7,scan,9500,2048,0,0,0,1
mixed,42,4,104,0,scan,12700,2048,0,2048,2048,1
mixed,42,4,104,0,pruned,11700,2048,0,2048,2048,1
mixed,42,4,105,1,pruned,1700,128,30,32,32,1
mixed,42,4,105,1,scan,9000,2048,0,32,32,1
mixed,42,4,106,2,scan,7900,2048,0,2,2,1
mixed,42,4,106,2,pruned,1200,128,30,2,2,1
mixed,42,4,107,3,pruned,55900,256,28,4,4,1
mixed,42,4,107,3,scan,448600,2048,0,4,4,1
mixed,42,4,108,4,scan,474300,2048,0,0,0,1
mixed,42,4,108,4,pruned,900,0,32,0,0,1
mixed,42,4,109,5,pruned,52500,2048,0,1024,1024,1
mixed,42,4,109,5,scan,49500,2048,0,1024,1024,1
mixed,42,4,110,6,scan,446000,2048,0,0,0,1
mixed,42,4,110,6,pruned,500,0,32,0,0,1
mixed,42,4,111,7,pruned,100,0,32,0,0,1
mixed,42,4,111,7,scan,10400,2048,0,0,0,1
mixed,42,4,112,0,scan,12400,2048,0,2048,2048,1
mixed,42,4,112,0,pruned,12100,2048,0,2048,2048,1
mixed,42,4,113,1,pruned,1400,128,30,32,32,1
mixed,42,4,113,1,scan,9100,2048,0,32,32,1
mixed,42,4,114,2,scan,8000,2048,0,2,2,1
mixed,42,4,114,2,pruned,1300,128,30,2,2,1
mixed,42,4,115,3,pruned,53100,256,28,4,4,1
mixed,42,4,115,3,scan,427600,2048,0,4,4,1
mixed,42,4,116,4,scan,490300,2048,0,0,0,1
mixed,42,4,116,4,pruned,1300,0,32,0,0,1
mixed,42,4,117,5,pruned,54000,2048,0,1024,1024,1
mixed,42,4,117,5,scan,50700,2048,0,1024,1024,1
mixed,42,4,118,6,scan,427900,2048,0,0,0,1
mixed,42,4,118,6,pruned,500,0,32,0,0,1
mixed,42,4,119,7,pruned,200,0,32,0,0,1
mixed,42,4,119,7,scan,10500,2048,0,0,0,1
mixed,42,4,120,0,scan,12500,2048,0,2048,2048,1
mixed,42,4,120,0,pruned,11600,2048,0,2048,2048,1
mixed,42,4,121,1,pruned,1600,128,30,32,32,1
mixed,42,4,121,1,scan,9100,2048,0,32,32,1
mixed,42,4,122,2,scan,7800,2048,0,2,2,1
mixed,42,4,122,2,pruned,1300,128,30,2,2,1
mixed,42,4,123,3,pruned,55900,256,28,4,4,1
mixed,42,4,123,3,scan,625400,2048,0,4,4,1
mixed,42,4,124,4,scan,467700,2048,0,0,0,1
mixed,42,4,124,4,pruned,1900,0,32,0,0,1
mixed,42,4,125,5,pruned,54400,2048,0,1024,1024,1
mixed,42,4,125,5,scan,50100,2048,0,1024,1024,1
mixed,42,4,126,6,scan,433300,2048,0,0,0,1
mixed,42,4,126,6,pruned,500,0,32,0,0,1
mixed,42,4,127,7,pruned,300,0,32,0,0,1
mixed,42,4,127,7,scan,9600,2048,0,0,0,1
mixed,43,0,0,0,scan,13800,2048,0,2048,2048,1
mixed,43,0,0,0,pruned,12000,2048,0,2048,2048,1
mixed,43,0,1,1,pruned,1400,64,31,32,32,1
mixed,43,0,1,1,scan,8900,2048,0,32,32,1
mixed,43,0,2,2,scan,7800,2048,0,2,2,1
mixed,43,0,2,2,pruned,1100,128,30,2,2,1
mixed,43,0,3,3,pruned,55900,256,28,4,4,1
mixed,43,0,3,3,scan,451600,2048,0,4,4,1
mixed,43,0,4,4,scan,418600,2048,0,0,0,1
mixed,43,0,4,4,pruned,1000,0,32,0,0,1
mixed,43,0,5,5,pruned,52700,2048,0,1024,1024,1
mixed,43,0,5,5,scan,48400,2048,0,1024,1024,1
mixed,43,0,6,6,scan,478800,2048,0,0,0,1
mixed,43,0,6,6,pruned,400,0,32,0,0,1
mixed,43,0,7,7,pruned,200,0,32,0,0,1
mixed,43,0,7,7,scan,9300,2048,0,0,0,1
mixed,43,0,8,0,scan,13800,2048,0,2048,2048,1
mixed,43,0,8,0,pruned,12500,2048,0,2048,2048,1
mixed,43,0,9,1,pruned,1900,128,30,32,32,1
mixed,43,0,9,1,scan,9200,2048,0,32,32,1
mixed,43,0,10,2,scan,8500,2048,0,2,2,1
mixed,43,0,10,2,pruned,1500,128,30,2,2,1
mixed,43,0,11,3,pruned,57700,256,28,4,4,1
mixed,43,0,11,3,scan,429400,2048,0,4,4,1
mixed,43,0,12,4,scan,504400,2048,0,0,0,1
mixed,43,0,12,4,pruned,1000,0,32,0,0,1
mixed,43,0,13,5,pruned,66900,2048,0,1024,1024,1
mixed,43,0,13,5,scan,47800,2048,0,1024,1024,1
mixed,43,0,14,6,scan,465800,2048,0,0,0,1
mixed,43,0,14,6,pruned,700,0,32,0,0,1
mixed,43,0,15,7,pruned,200,0,32,0,0,1
mixed,43,0,15,7,scan,9100,2048,0,0,0,1
mixed,43,0,16,0,scan,13400,2048,0,2048,2048,1
mixed,43,0,16,0,pruned,12500,2048,0,2048,2048,1
mixed,43,0,17,1,pruned,1900,128,30,32,32,1
mixed,43,0,17,1,scan,10200,2048,0,32,32,1
mixed,43,0,18,2,scan,8500,2048,0,2,2,1
mixed,43,0,18,2,pruned,1400,128,30,2,2,1
mixed,43,0,19,3,pruned,57300,256,28,4,4,1
mixed,43,0,19,3,scan,438600,2048,0,4,4,1
mixed,43,0,20,4,scan,490700,2048,0,0,0,1
mixed,43,0,20,4,pruned,1000,0,32,0,0,1
mixed,43,0,21,5,pruned,47800,2048,0,1024,1024,1
mixed,43,0,21,5,scan,45500,2048,0,1024,1024,1
mixed,43,0,22,6,scan,418700,2048,0,0,0,1
mixed,43,0,22,6,pruned,400,0,32,0,0,1
mixed,43,0,23,7,pruned,200,0,32,0,0,1
mixed,43,0,23,7,scan,7900,2048,0,0,0,1
mixed,43,0,24,0,scan,11600,2048,0,2048,2048,1
mixed,43,0,24,0,pruned,11200,2048,0,2048,2048,1
mixed,43,0,25,1,pruned,1600,128,30,32,32,1
mixed,43,0,25,1,scan,8300,2048,0,32,32,1
mixed,43,0,26,2,scan,7400,2048,0,2,2,1
mixed,43,0,26,2,pruned,1200,128,30,2,2,1
mixed,43,0,27,3,pruned,54400,256,28,4,4,1
mixed,43,0,27,3,scan,341200,2048,0,4,4,1
mixed,43,0,28,4,scan,257000,2048,0,0,0,1
mixed,43,0,28,4,pruned,500,0,32,0,0,1
mixed,43,0,29,5,pruned,28600,2048,0,1024,1024,1
mixed,43,0,29,5,scan,27400,2048,0,1024,1024,1
mixed,43,0,30,6,scan,249600,2048,0,0,0,1
mixed,43,0,30,6,pruned,300,0,32,0,0,1
mixed,43,0,31,7,pruned,100,0,32,0,0,1
mixed,43,0,31,7,scan,5800,2048,0,0,0,1
mixed,43,0,32,0,scan,7100,2048,0,2048,2048,1
mixed,43,0,32,0,pruned,6900,2048,0,2048,2048,1
mixed,43,0,33,1,pruned,1000,128,30,32,32,1
mixed,43,0,33,1,scan,5600,2048,0,32,32,1
mixed,43,0,34,2,scan,5100,2048,0,2,2,1
mixed,43,0,34,2,pruned,700,128,30,2,2,1
mixed,43,0,35,3,pruned,31900,256,28,4,4,1
mixed,43,0,35,3,scan,269900,2048,0,4,4,1
mixed,43,0,36,4,scan,257600,2048,0,0,0,1
mixed,43,0,36,4,pruned,600,0,32,0,0,1
mixed,43,0,37,5,pruned,29200,2048,0,1024,1024,1
mixed,43,0,37,5,scan,27800,2048,0,1024,1024,1
mixed,43,0,38,6,scan,527800,2048,0,0,0,1
mixed,43,0,38,6,pruned,600,0,32,0,0,1
mixed,43,0,39,7,pruned,200,0,32,0,0,1
mixed,43,0,39,7,scan,9000,2048,0,0,0,1
mixed,43,0,40,0,scan,71900,2048,0,2048,2048,1
mixed,43,0,40,0,pruned,15300,2048,0,2048,2048,1
mixed,43,0,41,1,pruned,2100,128,30,32,32,1
mixed,43,0,41,1,scan,9000,2048,0,32,32,1
mixed,43,0,42,2,scan,8500,2048,0,2,2,1
mixed,43,0,42,2,pruned,1400,128,30,2,2,1
mixed,43,0,43,3,pruned,56300,256,28,4,4,1
mixed,43,0,43,3,scan,424100,2048,0,4,4,1
mixed,43,0,44,4,scan,460100,2048,0,0,0,1
mixed,43,0,44,4,pruned,900,0,32,0,0,1
mixed,43,0,45,5,pruned,51600,2048,0,1024,1024,1
mixed,43,0,45,5,scan,47600,2048,0,1024,1024,1
mixed,43,0,46,6,scan,430900,2048,0,0,0,1
mixed,43,0,46,6,pruned,500,0,32,0,0,1
mixed,43,0,47,7,pruned,200,0,32,0,0,1
mixed,43,0,47,7,scan,8200,2048,0,0,0,1
mixed,43,0,48,0,scan,37400,2048,0,2048,2048,1
mixed,43,0,48,0,pruned,13000,2048,0,2048,2048,1
mixed,43,0,49,1,pruned,1800,128,30,32,32,1
mixed,43,0,49,1,scan,9300,2048,0,32,32,1
mixed,43,0,50,2,scan,8400,2048,0,2,2,1
mixed,43,0,50,2,pruned,1200,128,30,2,2,1
mixed,43,0,51,3,pruned,57900,256,28,4,4,1
mixed,43,0,51,3,scan,425001,2048,0,4,4,1
mixed,43,0,52,4,scan,464500,2048,0,0,0,1
mixed,43,0,52,4,pruned,900,0,32,0,0,1
mixed,43,0,53,5,pruned,48600,2048,0,1024,1024,1
mixed,43,0,53,5,scan,49000,2048,0,1024,1024,1
mixed,43,0,54,6,scan,442900,2048,0,0,0,1
mixed,43,0,54,6,pruned,500,0,32,0,0,1
mixed,43,0,55,7,pruned,200,0,32,0,0,1
mixed,43,0,55,7,scan,9000,2048,0,0,0,1
mixed,43,0,56,0,scan,12700,2048,0,2048,2048,1
mixed,43,0,56,0,pruned,12000,2048,0,2048,2048,1
mixed,43,0,57,1,pruned,1500,128,30,32,32,1
mixed,43,0,57,1,scan,8100,2048,0,32,32,1
mixed,43,0,58,2,scan,7100,2048,0,2,2,1
mixed,43,0,58,2,pruned,1100,128,30,2,2,1
mixed,43,0,59,3,pruned,54800,256,28,4,4,1
mixed,43,0,59,3,scan,467800,2048,0,4,4,1
mixed,43,0,60,4,scan,466300,2048,0,0,0,1
mixed,43,0,60,4,pruned,1100,0,32,0,0,1
mixed,43,0,61,5,pruned,51000,2048,0,1024,1024,1
mixed,43,0,61,5,scan,47900,2048,0,1024,1024,1
mixed,43,0,62,6,scan,427000,2048,0,0,0,1
mixed,43,0,62,6,pruned,500,0,32,0,0,1
mixed,43,0,63,7,pruned,200,0,32,0,0,1
mixed,43,0,63,7,scan,8000,2048,0,0,0,1
mixed,43,0,64,0,scan,11800,2048,0,2048,2048,1
mixed,43,0,64,0,pruned,12100,2048,0,2048,2048,1
mixed,43,0,65,1,pruned,1700,128,30,32,32,1
mixed,43,0,65,1,scan,9300,2048,0,32,32,1
mixed,43,0,66,2,scan,8400,2048,0,2,2,1
mixed,43,0,66,2,pruned,1000,128,30,2,2,1
mixed,43,0,67,3,pruned,56800,256,28,4,4,1
mixed,43,0,67,3,scan,451100,2048,0,4,4,1
mixed,43,0,68,4,scan,474500,2048,0,0,0,1
mixed,43,0,68,4,pruned,1000,0,32,0,0,1
mixed,43,0,69,5,pruned,52200,2048,0,1024,1024,1
mixed,43,0,69,5,scan,48400,2048,0,1024,1024,1
mixed,43,0,70,6,scan,435000,2048,0,0,0,1
mixed,43,0,70,6,pruned,500,0,32,0,0,1
mixed,43,0,71,7,pruned,200,0,32,0,0,1
mixed,43,0,71,7,scan,8600,2048,0,0,0,1
mixed,43,0,72,0,scan,12400,2048,0,2048,2048,1
mixed,43,0,72,0,pruned,12000,2048,0,2048,2048,1
mixed,43,0,73,1,pruned,1700,128,30,32,32,1
mixed,43,0,73,1,scan,9500,2048,0,32,32,1
mixed,43,0,74,2,scan,8400,2048,0,2,2,1
mixed,43,0,74,2,pruned,1100,128,30,2,2,1
mixed,43,0,75,3,pruned,53400,256,28,4,4,1
mixed,43,0,75,3,scan,447000,2048,0,4,4,1
mixed,43,0,76,4,scan,458400,2048,0,0,0,1
mixed,43,0,76,4,pruned,1000,0,32,0,0,1
mixed,43,0,77,5,pruned,51200,2048,0,1024,1024,1
mixed,43,0,77,5,scan,49200,2048,0,1024,1024,1
mixed,43,0,78,6,scan,481000,2048,0,0,0,1
mixed,43,0,78,6,pruned,600,0,32,0,0,1
mixed,43,0,79,7,pruned,200,0,32,0,0,1
mixed,43,0,79,7,scan,9000,2048,0,0,0,1
mixed,43,0,80,0,scan,13200,2048,0,2048,2048,1
mixed,43,0,80,0,pruned,12200,2048,0,2048,2048,1
mixed,43,0,81,1,pruned,1700,128,30,32,32,1
mixed,43,0,81,1,scan,9400,2048,0,32,32,1
mixed,43,0,82,2,scan,8300,2048,0,2,2,1
mixed,43,0,82,2,pruned,1200,128,30,2,2,1
mixed,43,0,83,3,pruned,56400,256,28,4,4,1
mixed,43,0,83,3,scan,444500,2048,0,4,4,1
mixed,43,0,84,4,scan,470700,2048,0,0,0,1
mixed,43,0,84,4,pruned,1000,0,32,0,0,1
mixed,43,0,85,5,pruned,51900,2048,0,1024,1024,1
mixed,43,0,85,5,scan,47100,2048,0,1024,1024,1
mixed,43,0,86,6,scan,441500,2048,0,0,0,1
mixed,43,0,86,6,pruned,400,0,32,0,0,1
mixed,43,0,87,7,pruned,100,0,32,0,0,1
mixed,43,0,87,7,scan,8600,2048,0,0,0,1
mixed,43,0,88,0,scan,11900,2048,0,2048,2048,1
mixed,43,0,88,0,pruned,11800,2048,0,2048,2048,1
mixed,43,0,89,1,pruned,1600,128,30,32,32,1
mixed,43,0,89,1,scan,9200,2048,0,32,32,1
mixed,43,0,90,2,scan,8200,2048,0,2,2,1
mixed,43,0,90,2,pruned,1300,128,30,2,2,1
mixed,43,0,91,3,pruned,81200,256,28,4,4,1
mixed,43,0,91,3,scan,474700,2048,0,4,4,1
mixed,43,0,92,4,scan,460400,2048,0,0,0,1
mixed,43,0,92,4,pruned,1000,0,32,0,0,1
mixed,43,0,93,5,pruned,51300,2048,0,1024,1024,1
mixed,43,0,93,5,scan,49000,2048,0,1024,1024,1
mixed,43,0,94,6,scan,433600,2048,0,0,0,1
mixed,43,0,94,6,pruned,400,0,32,0,0,1
mixed,43,0,95,7,pruned,200,0,32,0,0,1
mixed,43,0,95,7,scan,8200,2048,0,0,0,1
mixed,43,0,96,0,scan,12500,2048,0,2048,2048,1
mixed,43,0,96,0,pruned,12200,2048,0,2048,2048,1
mixed,43,0,97,1,pruned,1500,128,30,32,32,1
mixed,43,0,97,1,scan,9600,2048,0,32,32,1
mixed,43,0,98,2,scan,8300,2048,0,2,2,1
mixed,43,0,98,2,pruned,1200,128,30,2,2,1
mixed,43,0,99,3,pruned,58800,256,28,4,4,1
mixed,43,0,99,3,scan,477400,2048,0,4,4,1
mixed,43,0,100,4,scan,454001,2048,0,0,0,1
mixed,43,0,100,4,pruned,1100,0,32,0,0,1
mixed,43,0,101,5,pruned,52200,2048,0,1024,1024,1
mixed,43,0,101,5,scan,46500,2048,0,1024,1024,1
mixed,43,0,102,6,scan,432700,2048,0,0,0,1
mixed,43,0,102,6,pruned,500,0,32,0,0,1
mixed,43,0,103,7,pruned,200,0,32,0,0,1
mixed,43,0,103,7,scan,8900,2048,0,0,0,1
mixed,43,0,104,0,scan,13900,2048,0,2048,2048,1
mixed,43,0,104,0,pruned,12500,2048,0,2048,2048,1
mixed,43,0,105,1,pruned,1600,128,30,32,32,1
mixed,43,0,105,1,scan,9200,2048,0,32,32,1
mixed,43,0,106,2,scan,8400,2048,0,2,2,1
mixed,43,0,106,2,pruned,1200,128,30,2,2,1
mixed,43,0,107,3,pruned,55100,256,28,4,4,1
mixed,43,0,107,3,scan,472300,2048,0,4,4,1
mixed,43,0,108,4,scan,485700,2048,0,0,0,1
mixed,43,0,108,4,pruned,800,0,32,0,0,1
mixed,43,0,109,5,pruned,46900,2048,0,1024,1024,1
mixed,43,0,109,5,scan,47300,2048,0,1024,1024,1
mixed,43,0,110,6,scan,452700,2048,0,0,0,1
mixed,43,0,110,6,pruned,400,0,32,0,0,1
mixed,43,0,111,7,pruned,200,0,32,0,0,1
mixed,43,0,111,7,scan,8800,2048,0,0,0,1
mixed,43,0,112,0,scan,12200,2048,0,2048,2048,1
mixed,43,0,112,0,pruned,12200,2048,0,2048,2048,1
mixed,43,0,113,1,pruned,1600,128,30,32,32,1
mixed,43,0,113,1,scan,9500,2048,0,32,32,1
mixed,43,0,114,2,scan,8300,2048,0,2,2,1
mixed,43,0,114,2,pruned,1800,128,30,2,2,1
mixed,43,0,115,3,pruned,49900,256,28,4,4,1
mixed,43,0,115,3,scan,453200,2048,0,4,4,1
mixed,43,0,116,4,scan,468600,2048,0,0,0,1
mixed,43,0,116,4,pruned,1000,0,32,0,0,1
mixed,43,0,117,5,pruned,74400,2048,0,1024,1024,1
mixed,43,0,117,5,scan,51000,2048,0,1024,1024,1
mixed,43,0,118,6,scan,447200,2048,0,0,0,1
mixed,43,0,118,6,pruned,500,0,32,0,0,1
mixed,43,0,119,7,pruned,200,0,32,0,0,1
mixed,43,0,119,7,scan,8800,2048,0,0,0,1
mixed,43,0,120,0,scan,12500,2048,0,2048,2048,1
mixed,43,0,120,0,pruned,12500,2048,0,2048,2048,1
mixed,43,0,121,1,pruned,1500,128,30,32,32,1
mixed,43,0,121,1,scan,9200,2048,0,32,32,1
mixed,43,0,122,2,scan,8400,2048,0,2,2,1
mixed,43,0,122,2,pruned,1200,128,30,2,2,1
mixed,43,0,123,3,pruned,58000,256,28,4,4,1
mixed,43,0,123,3,scan,689400,2048,0,4,4,1
mixed,43,0,124,4,scan,469800,2048,0,0,0,1
mixed,43,0,124,4,pruned,1200,0,32,0,0,1
mixed,43,0,125,5,pruned,52700,2048,0,1024,1024,1
mixed,43,0,125,5,scan,48600,2048,0,1024,1024,1
mixed,43,0,126,6,scan,482300,2048,0,0,0,1
mixed,43,0,126,6,pruned,600,0,32,0,0,1
mixed,43,0,127,7,pruned,300,0,32,0,0,1
mixed,43,0,127,7,scan,9000,2048,0,0,0,1
mixed,43,1,0,0,pruned,14000,2048,0,2048,2048,1
mixed,43,1,0,0,scan,12200,2048,0,2048,2048,1
mixed,43,1,1,1,scan,9500,2048,0,32,32,1
mixed,43,1,1,1,pruned,1600,64,31,32,32,1
mixed,43,1,2,2,pruned,1100,128,30,2,2,1
mixed,43,1,2,2,scan,8400,2048,0,2,2,1
mixed,43,1,3,3,scan,455300,2048,0,4,4,1
mixed,43,1,3,3,pruned,58100,256,28,4,4,1
mixed,43,1,4,4,pruned,800,0,32,0,0,1
mixed,43,1,4,4,scan,469700,2048,0,0,0,1
mixed,43,1,5,5,scan,49100,2048,0,1024,1024,1
mixed,43,1,5,5,pruned,49500,2048,0,1024,1024,1
mixed,43,1,6,6,pruned,300,0,32,0,0,1
mixed,43,1,6,6,scan,507700,2048,0,0,0,1
mixed,43,1,7,7,scan,9100,2048,0,0,0,1
mixed,43,1,7,7,pruned,200,0,32,0,0,1
mixed,43,1,8,0,pruned,13900,2048,0,2048,2048,1
mixed,43,1,8,0,scan,11900,2048,0,2048,2048,1
mixed,43,1,9,1,scan,9500,2048,0,32,32,1
mixed,43,1,9,1,pruned,1800,128,30,32,32,1
mixed,43,1,10,2,pruned,1200,128,30,2,2,1
mixed,43,1,10,2,scan,8400,2048,0,2,2,1
mixed,43,1,11,3,scan,454700,2048,0,4,4,1
mixed,43,1,11,3,pruned,57100,256,28,4,4,1
mixed,43,1,12,4,pruned,800,0,32,0,0,1
mixed,43,1,12,4,scan,465400,2048,0,0,0,1
mixed,43,1,13,5,scan,135000,2048,0,1024,1024,1
mixed,43,1,13,5,pruned,50800,2048,0,1024,1024,1
mixed,43,1,14,6,pruned,600,0,32,0,0,1
mixed,43,1,14,6,scan,401500,2048,0,0,0,1
mixed,43,1,15,7,scan,9800,2048,0,0,0,1
mixed,43,1,15,7,pruned,200,0,32,0,0,1
mixed,43,1,16,0,pruned,13100,2048,0,2048,2048,1
mixed,43,1,16,0,scan,11500,2048,0,2048,2048,1
mixed,43,1,17,1,scan,8600,2048,0,32,32,1
mixed,43,1,17,1,pruned,1700,128,30,32,32,1
mixed,43,1,18,2,pruned,1100,128,30,2,2,1
mixed,43,1,18,2,scan,7200,2048,0,2,2,1
mixed,43,1,19,3,scan,443001,2048,0,4,4,1
mixed,43,1,19,3,pruned,58100,256,28,4,4,1
mixed,43,1,20,4,pruned,800,0,32,0,0,1
mixed,43,1,20,4,scan,455700,2048,0,0,0,1
mixed,43,1,21,5,scan,49600,2048,0,1024,1024,1
mixed,43,1,21,5,pruned,49500,2048,0,1024,1024,1
mixed,43,1,22,6,pruned,500,0,32,0,0,1
mixed,43,1,22,6,scan,464700,2048,0,0,0,1
mixed,43,1,23,7,scan,9400,2048,0,0,0,1
mixed,43,1,23,7,pruned,200,0,32,0,0,1
mixed,43,1,24,0,pruned,13800,2048,0,2048,2048,1
mixed,43,1,24,0,scan,11100,2048,0,2048,2048,1
mixed,43,1,25,1,scan,9200,2048,0,32,32,1
mixed,43,1,25,1,pruned,1400,128,30,32,32,1
mixed,43,1,26,2,pruned,1000,128,30,2,2,1
mixed,43,1,26,2,scan,6900,2048,0,2,2,1
mixed,43,1,27,3,scan,396200,2048,0,4,4,1
mixed,43,1,27,3,pruned,147700,256,28,4,4,1
mixed,43,1,28,4,pruned,800,0,32,0,0,1
mixed,43,1,28,4,scan,476000,2048,0,0,0,1
mixed,43,1,29,5,scan,48100,2048,0,1024,1024,1
mixed,43,1,29,5,pruned,46900,2048,0,1024,1024,1
mixed,43,1,30,6,pruned,500,0,32,0,0,1
mixed,43,1,30,6,scan,399400,2048,0,0,0,1
mixed,43,1,31,7,scan,8500,2048,0,0,0,1
mixed,43,1,31,7,pruned,200,0,32,0,0,1
mixed,43,1,32,0,pruned,12800,2048,0,2048,2048,1
mixed,43,1,32,0,scan,11400,2048,0,2048,2048,1
mixed,43,1,33,1,scan,8600,2048,0,32,32,1
mixed,43,1,33,1,pruned,1600,128,30,32,32,1
mixed,43,1,34,2,pruned,1000,128,30,2,2,1
mixed,43,1,34,2,scan,7500,2048,0,2,2,1
mixed,43,1,35,3,scan,409700,2048,0,4,4,1
mixed,43,1,35,3,pruned,54200,256,28,4,4,1
mixed,43,1,36,4,pruned,600,0,32,0,0,1
mixed,43,1,36,4,scan,459100,2048,0,0,0,1
mixed,43,1,37,5,scan,34300,2048,0,1024,1024,1
mixed,43,1,37,5,pruned,28600,2048,0,1024,1024,1
mixed,43,1,38,6,pruned,300,0,32,0,0,1
mixed,43,1,38,6,scan,342700,2048,0,0,0,1
mixed,43,1,39,7,scan,9700,2048,0,0,0,1
mixed,43,1,39,7,pruned,200,0,32,0,0,1
mixed,43,1,40,0,pruned,12400,2048,0,2048,2048,1
mixed,43,1,40,0,scan,10400,2048,0,2048,2048,1
mixed,43,1,41,1,scan,8400,2048,0,32,32,1
mixed,43,1,41,1,pruned,1600,128,30,32,32,1
mixed,43,1,42,2,pruned,1200,128,30,2,2,1
mixed,43,1,42,2,scan,7200,2048,0,2,2,1
mixed,43,1,43,3,scan,329900,2048,0,4,4,1
mixed,43,1,43,3,pruned,52100,256,28,4,4,1
mixed,43,1,44,4,pruned,700,0,32,0,0,1
mixed,43,1,44,4,scan,435600,2048,0,0,0,1
mixed,43,1,45,5,scan,47800,2048,0,1024,1024,1
mixed,43,1,45,5,pruned,45300,2048,0,1024,1024,1
mixed,43,1,46,6,pruned,400,0,32,0,0,1
mixed,43,1,46,6,scan,442100,2048,0,0,0,1
mixed,43,1,47,7,scan,9700,2048,0,0,0,1
mixed,43,1,47,7,pruned,200,0,32,0,0,1
mixed,43,1,48,0,pruned,13600,2048,0,2048,2048,1
mixed,43,1,48,0,scan,11200,2048,0,2048,2048,1
mixed,43,1,49,1,scan,8500,2048,0,32,32,1
mixed,43,1,49,1,pruned,1700,128,30,32,32,1
mixed,43,1,50,2,pruned,1200,128,30,2,2,1
mixed,43,1,50,2,scan,8000,2048,0,2,2,1
mixed,43,1,51,3,scan,391600,2048,0,4,4,1
mixed,43,1,51,3,pruned,49100,256,28,4,4,1
mixed,43,1,52,4,pruned,700,0,32,0,0,1
mixed,43,1,52,4,scan,382900,2048,0,0,0,1
mixed,43,1,53,5,scan,31200,2048,0,1024,1024,1
mixed,43,1,53,5,pruned,32500,2048,0,1024,1024,1
mixed,43,1,54,6,pruned,700,0,32,0,0,1
mixed,43,1,54,6,scan,357000,2048,0,0,0,1
mixed,43,1,55,7,scan,9700,2048,0,0,0,1
mixed,43,1,55,7,pruned,200,0,32,0,0,1
mixed,43,1,56,0,pruned,13400,2048,0,2048,2048,1
mixed,43,1,56,0,scan,11800,2048,0,2048,2048,1
mixed,43,1,57,1,scan,9300,2048,0,32,32,1
mixed,43,1,57,1,pruned,1800,128,30,32,32,1
mixed,43,1,58,2,pruned,1500,128,30,2,2,1
mixed,43,1,58,2,scan,8400,2048,0,2,2,1
mixed,43,1,59,3,scan,402900,2048,0,4,4,1
mixed,43,1,59,3,pruned,54300,256,28,4,4,1
mixed,43,1,60,4,pruned,700,0,32,0,0,1
mixed,43,1,60,4,scan,447300,2048,0,0,0,1
mixed,43,1,61,5,scan,55200,2048,0,1024,1024,1
mixed,43,1,61,5,pruned,46800,2048,0,1024,1024,1
mixed,43,1,62,6,pruned,400,0,32,0,0,1
mixed,43,1,62,6,scan,409300,2048,0,0,0,1
mixed,43,1,63,7,scan,9000,2048,0,0,0,1
mixed,43,1,63,7,pruned,200,0,32,0,0,1
mixed,43,1,64,0,pruned,12600,2048,0,2048,2048,1
mixed,43,1,64,0,scan,11200,2048,0,2048,2048,1
mixed,43,1,65,1,scan,8800,2048,0,32,32,1
mixed,43,1,65,1,pruned,1500,128,30,32,32,1
mixed,43,1,66,2,pruned,1100,128,30,2,2,1
mixed,43,1,66,2,scan,7600,2048,0,2,2,1
mixed,43,1,67,3,scan,420400,2048,0,4,4,1
mixed,43,1,67,3,pruned,51900,256,28,4,4,1
mixed,43,1,68,4,pruned,700,0,32,0,0,1
mixed,43,1,68,4,scan,439800,2048,0,0,0,1
mixed,43,1,69,5,scan,49300,2048,0,1024,1024,1
mixed,43,1,69,5,pruned,38800,2048,0,1024,1024,1
mixed,43,1,70,6,pruned,300,0,32,0,0,1
mixed,43,1,70,6,scan,450200,2048,0,0,0,1
mixed,43,1,71,7,scan,10200,2048,0,0,0,1
mixed,43,1,71,7,pruned,200,0,32,0,0,1
mixed,43,1,72,0,pruned,13300,2048,0,2048,2048,1
mixed,43,1,72,0,scan,11000,2048,0,2048,2048,1
mixed,43,1,73,1,scan,6200,2048,0,32,32,1
mixed,43,1,73,1,pruned,1100,128,30,32,32,1
mixed,43,1,74,2,pruned,800,128,30,2,2,1
mixed,43,1,74,2,scan,6300,2048,0,2,2,1
mixed,43,1,75,3,scan,432901,2048,0,4,4,1
mixed,43,1,75,3,pruned,45700,256,28,4,4,1
mixed,43,1,76,4,pruned,700,0,32,0,0,1
mixed,43,1,76,4,scan,451300,2048,0,0,0,1
mixed,43,1,77,5,scan,51200,2048,0,1024,1024,1
mixed,43,1,77,5,pruned,53600,2048,0,1024,1024,1
mixed,43,1,78,6,pruned,400,0,32,0,0,1
mixed,43,1,78,6,scan,641000,2048,0,0,0,1
mixed,43,1,79,7,scan,12600,2048,0,0,0,1
mixed,43,1,79,7,pruned,200,0,32,0,0,1
mixed,43,1,80,0,pruned,16200,2048,0,2048,2048,1
mixed,43,1,80,0,scan,13000,2048,0,2048,2048,1
mixed,43,1,81,1,scan,9900,2048,0,32,32,1
mixed,43,1,81,1,pruned,1700,128,30,32,32,1
mixed,43,1,82,2,pruned,1200,128,30,2,2,1
mixed,43,1,82,2,scan,8900,2048,0,2,2,1
mixed,43,1,83,3,scan,451000,2048,0,4,4,1
mixed,43,1,83,3,pruned,54200,256,28,4,4,1
mixed,43,1,84,4,pruned,800,0,32,0,0,1
mixed,43,1,84,4,scan,504700,2048,0,0,0,1
mixed,43,1,85,5,scan,52600,2048,0,1024,1024,1
mixed,43,1,85,5,pruned,52600,2048,0,1024,1024,1
mixed,43,1,86,6,pruned,500,0,32,0,0,1
mixed,43,1,86,6,scan,449300,2048,0,0,0,1
mixed,43,1,87,7,scan,9500,2048,0,0,0,1
mixed,43,1,87,7,pruned,300,0,32,0,0,1
mixed,43,1,88,0,pruned,13700,2048,0,2048,2048,1
mixed,43,1,88,0,scan,12700,2048,0,2048,2048,1
mixed,43,1,89,1,scan,10100,2048,0,32,32,1
mixed,43,1,89,1,pruned,1800,128,30,32,32,1
mixed,43,1,90,2,pruned,1200,128,30,2,2,1
mixed,43,1,90,2,scan,8500,2048,0,2,2,1
mixed,43,1,91,3,scan,466400,2048,0,4,4,1
mixed,43,1,91,3,pruned,58800,256,28,4,4,1
mixed,43,1,92,4,pruned,800,0,32,0,0,1
mixed,43,1,92,4,scan,497700,2048,0,0,0,1
mixed,43,1,93,5,scan,54100,2048,0,1024,1024,1
mixed,43,1,93,5,pruned,51800,2048,0,1024,1024,1
mixed,43,1,94,6,pruned,500,0,32,0,0,1
mixed,43,1,94,6,scan,485400,2048,0,0,0,1
mixed,43,1,95,7,scan,10000,2048,0,0,0,1
mixed,43,1,95,7,pruned,200,0,32,0,0,1
mixed,43,1,96,0,pruned,14200,2048,0,2048,2048,1
mixed,43,1,96,0,scan,12000,2048,0,2048,2048,1
mixed,43,1,97,1,scan,9800,2048,0,32,32,1
mixed,43,1,97,1,pruned,1600,128,30,32,32,1
mixed,43,1,98,2,pruned,1100,128,30,2,2,1
mixed,43,1,98,2,scan,8900,2048,0,2,2,1
mixed,43,1,99,3,scan,461500,2048,0,4,4,1
mixed,43,1,99,3,pruned,60700,256,28,4,4,1
mixed,43,1,100,4,pruned,800,0,32,0,0,1
mixed,43,1,100,4,scan,2161200,2048,0,0,0,1
mixed,43,1,101,5,scan,616500,2048,0,1024,1024,1
mixed,43,1,101,5,pruned,53100,2048,0,1024,1024,1
mixed,43,1,102,6,pruned,400,0,32,0,0,1
mixed,43,1,102,6,scan,2499301,2048,0,0,0,1
mixed,43,1,103,7,scan,6800,2048,0,0,0,1
mixed,43,1,103,7,pruned,100,0,32,0,0,1
mixed,43,1,104,0,pruned,9300,2048,0,2048,2048,1
mixed,43,1,104,0,scan,7500,2048,0,2048,2048,1
mixed,43,1,105,1,scan,6200,2048,0,32,32,1
mixed,43,1,105,1,pruned,1100,128,30,32,32,1
mixed,43,1,106,2,pruned,800,128,30,2,2,1
mixed,43,1,106,2,scan,5600,2048,0,2,2,1
mixed,43,1,107,3,scan,2523900,2048,0,4,4,1
mixed,43,1,107,3,pruned,32400,256,28,4,4,1
mixed,43,1,108,4,pruned,500,0,32,0,0,1
mixed,43,1,108,4,scan,258400,2048,0,0,0,1
mixed,43,1,109,5,scan,29700,2048,0,1024,1024,1
mixed,43,1,109,5,pruned,29500,2048,0,1024,1024,1
mixed,43,1,110,6,pruned,400,0,32,0,0,1
mixed,43,1,110,6,scan,250400,2048,0,0,0,1
mixed,43,1,111,7,scan,6600,2048,0,0,0,1
mixed,43,1,111,7,pruned,100,0,32,0,0,1
mixed,43,1,112,0,pruned,7800,2048,0,2048,2048,1
mixed,43,1,112,0,scan,7300,2048,0,2048,2048,1
mixed,43,1,113,1,scan,6100,2048,0,32,32,1
mixed,43,1,113,1,pruned,900,128,30,32,32,1
mixed,43,1,114,2,pruned,800,128,30,2,2,1
mixed,43,1,114,2,scan,5500,2048,0,2,2,1
mixed,43,1,115,3,scan,250700,2048,0,4,4,1
mixed,43,1,115,3,pruned,31800,256,28,4,4,1
mixed,43,1,116,4,pruned,500,0,32,0,0,1
mixed,43,1,116,4,scan,257500,2048,0,0,0,1
mixed,43,1,117,5,scan,29400,2048,0,1024,1024,1
mixed,43,1,117,5,pruned,29700,2048,0,1024,1024,1
mixed,43,1,118,6,pruned,300,0,32,0,0,1
mixed,43,1,118,6,scan,269300,2048,0,0,0,1
mixed,43,1,119,7,scan,6800,2048,0,0,0,1
mixed,43,1,119,7,pruned,100,0,32,0,0,1
mixed,43,1,120,0,pruned,8800,2048,0,2048,2048,1
mixed,43,1,120,0,scan,7400,2048,0,2048,2048,1
mixed,43,1,121,1,scan,6200,2048,0,32,32,1
mixed,43,1,121,1,pruned,800,128,30,32,32,1
mixed,43,1,122,2,pruned,800,128,30,2,2,1
mixed,43,1,122,2,scan,5600,2048,0,2,2,1
mixed,43,1,123,3,scan,251500,2048,0,4,4,1
mixed,43,1,123,3,pruned,32000,256,28,4,4,1
mixed,43,1,124,4,pruned,400,0,32,0,0,1
mixed,43,1,124,4,scan,269900,2048,0,0,0,1
mixed,43,1,125,5,scan,29300,2048,0,1024,1024,1
mixed,43,1,125,5,pruned,29200,2048,0,1024,1024,1
mixed,43,1,126,6,pruned,300,0,32,0,0,1
mixed,43,1,126,6,scan,249300,2048,0,0,0,1
mixed,43,1,127,7,scan,6500,2048,0,0,0,1
mixed,43,1,127,7,pruned,100,0,32,0,0,1
mixed,43,2,0,0,scan,7800,2048,0,2048,2048,1
mixed,43,2,0,0,pruned,7400,2048,0,2048,2048,1
mixed,43,2,1,1,pruned,700,64,31,32,32,1
mixed,43,2,1,1,scan,6000,2048,0,32,32,1
mixed,43,2,2,2,scan,5600,2048,0,2,2,1
mixed,43,2,2,2,pruned,700,128,30,2,2,1
mixed,43,2,3,3,pruned,32200,256,28,4,4,1
mixed,43,2,3,3,scan,249400,2048,0,4,4,1
mixed,43,2,4,4,scan,270700,2048,0,0,0,1
mixed,43,2,4,4,pruned,600,0,32,0,0,1
mixed,43,2,5,5,pruned,30400,2048,0,1024,1024,1
mixed,43,2,5,5,scan,28700,2048,0,1024,1024,1
mixed,43,2,6,6,scan,268900,2048,0,0,0,1
mixed,43,2,6,6,pruned,400,0,32,0,0,1
mixed,43,2,7,7,pruned,100,0,32,0,0,1
mixed,43,2,7,7,scan,6800,2048,0,0,0,1
mixed,43,2,8,0,scan,8600,2048,0,2048,2048,1
mixed,43,2,8,0,pruned,7300,2048,0,2048,2048,1
mixed,43,2,9,1,pruned,1000,128,30,32,32,1
mixed,43,2,9,1,scan,6100,2048,0,32,32,1
mixed,43,2,10,2,scan,5600,2048,0,2,2,1
mixed,43,2,10,2,pruned,800,128,30,2,2,1
mixed,43,2,11,3,pruned,32200,256,28,4,4,1
mixed,43,2,11,3,scan,250800,2048,0,4,4,1
mixed,43,2,12,4,scan,257300,2048,0,0,0,1
mixed,43,2,12,4,pruned,500,0,32,0,0,1
mixed,43,2,13,5,pruned,29400,2048,0,1024,1024,1
mixed,43,2,13,5,scan,28400,2048,0,1024,1024,1
mixed,43,2,14,6,scan,420200,2048,0,0,0,1
mixed,43,2,14,6,pruned,500,0,32,0,0,1
mixed,43,2,15,7,pruned,100,0,32,0,0,1
mixed,43,2,15,7,scan,6800,2048,0,0,0,1
mixed,43,2,16,0,scan,8600,2048,0,2048,2048,1
mixed,43,2,16,0,pruned,7500,2048,0,2048,2048,1
mixed,43,2,17,1,pruned,1100,128,30,32,32,1
mixed,43,2,17,1,scan,6100,2048,0,32,32,1
mixed,43,2,18,2,scan,5700,2048,0,2,2,1
mixed,43,2,18,2,pruned,800,128,30,2,2,1
mixed,43,2,19,3,pruned,32300,256,28,4,4,1
mixed,43,2,19,3,scan,252000,2048,0,4,4,1
mixed,43,2,20,4,scan,257700,2048,0,0,0,1
mixed,43,2,20,4,pruned,600,0,32,0,0,1
mixed,43,2,21,5,pruned,29400,2048,0,1024,1024,1
mixed,43,2,21,5,scan,28700,2048,0,1024,1024,1
mixed,43,2,22,6,scan,250800,2048,0,0,0,1
mixed,43,2,22,6,pruned,300,0,32,0,0,1
mixed,43,2,23,7,pruned,100,0,32,0,0,1
mixed,43,2,23,7,scan,6600,2048,0,0,0,1
mixed,43,2,24,0,scan,7400,2048,0,2048,2048,1
mixed,43,2,24,0,pruned,9400,2048,0,2048,2048,1
mixed,43,2,25,1,pruned,1200,128,30,32,32,1
mixed,43,2,25,1,scan,6100,2048,0,32,32,1
mixed,43,2,26,2,scan,5600,2048,0,2,2,1
mixed,43,2,26,2,pruned,800,128,30,2,2,1
mixed,43,2,27,3,pruned,32600,256,28,4,4,1
mixed,43,2,27,3,scan,251900,2048,0,4,4,1
mixed,43,2,28,4,scan,258200,2048,0,0,0,1
mixed,43,2,28,4,pruned,500,0,32,0,0,1
mixed,43,2,29,5,pruned,29500,2048,0,1024,1024,1
mixed,43,2,29,5,scan,45600,2048,0,1024,1024,1
mixed,43,2,30,6,scan,250401,2048,0,0,0,1
mixed,43,2,30,6,pruned,400,0,32,0,0,1
mixed,43,2,31,7,pruned,100,0,32,0,0,1
mixed,43,2,31,7,scan,6600,2048,0,0,0,1
mixed,43,2,32,0,scan,7800,2048,0,2048,2048,1
mixed,43,2,32,0,pruned,7300,2048,0,2048,2048,1
mixed,43,2,33,1,pruned,1000,128,30,32,32,1
mixed,43,2,33,1,scan,5900,2048,0,32,32,1
mixed,43,2,34,2,scan,5500,2048,0,2,2,1
mixed,43,2,34,2,pruned,700,128,30,2,2,1
mixed,43,2,35,3,pruned,32500,256,28,4,4,1
mixed,43,2,35,3,scan,251300,2048,0,4,4,1
mixed,43,2,36,4,scan,257700,2048,0,0,0,1
mixed,43,2,36,4,pruned,500,0,32,0,0,1
mixed,43,2,37,5,pruned,29300,2048,0,1024,1024,1
mixed,43,2,37,5,scan,28500,2048,0,1024,1024,1
mixed,43,2,38,6,scan,250400,2048,0,0,0,1
mixed,43,2,38,6,pruned,300,0,32,0,0,1
mixed,43,2,39,7,pruned,100,0,32,0,0,1
mixed,43,2,39,7,scan,6700,2048,0,0,0,1
mixed,43,2,40,0,scan,7600,2048,0,2048,2048,1
mixed,43,2,40,0,pruned,7400,2048,0,2048,2048,1
mixed,43,2,41,1,pruned,1000,128,30,32,32,1
mixed,43,2,41,1,scan,6000,2048,0,32,32,1
mixed,43,2,42,2,scan,5600,2048,0,2,2,1
mixed,43,2,42,2,pruned,800,128,30,2,2,1
mixed,43,2,43,3,pruned,32200,256,28,4,4,1
mixed,43,2,43,3,scan,409200,2048,0,4,4,1
mixed,43,2,44,4,scan,267400,2048,0,0,0,1
mixed,43,2,44,4,pruned,1000,0,32,0,0,1
mixed,43,2,45,5,pruned,35100,2048,0,1024,1024,1
mixed,43,2,45,5,scan,29200,2048,0,1024,1024,1
mixed,43,2,46,6,scan,253000,2048,0,0,0,1
mixed,43,2,46,6,pruned,200,0,32,0,0,1
mixed,43,2,47,7,pruned,100,0,32,0,0,1
mixed,43,2,47,7,scan,7200,2048,0,0,0,1
mixed,43,2,48,0,scan,8100,2048,0,2048,2048,1
mixed,43,2,48,0,pruned,7700,2048,0,2048,2048,1
mixed,43,2,49,1,pruned,1000,128,30,32,32,1
mixed,43,2,49,1,scan,6100,2048,0,32,32,1
mixed,43,2,50,2,scan,5600,2048,0,2,2,1
mixed,43,2,50,2,pruned,800,128,30,2,2,1
mixed,43,2,51,3,pruned,32900,256,28,4,4,1
mixed,43,2,51,3,scan,330500,2048,0,4,4,1
mixed,43,2,52,4,scan,264500,2048,0,0,0,1
mixed,43,2,52,4,pruned,1200,0,32,0,0,1
mixed,43,2,53,5,pruned,34600,2048,0,1024,1024,1
mixed,43,2,53,5,scan,29100,2048,0,1024,1024,1
mixed,43,2,54,6,scan,303800,2048,0,0,0,1
mixed,43,2,54,6,pruned,600,0,32,0,0,1
mixed,43,2,55,7,pruned,200,0,32,0,0,1
mixed,43,2,55,7,scan,7000,2048,0,0,0,1
mixed,43,2,56,0,scan,8700,2048,0,2048,2048,1
mixed,43,2,56,0,pruned,7500,2048,0,2048,2048,1
mixed,43,2,57,1,pruned,1100,128,30,32,32,1
mixed,43,2,57,1,scan,5900,2048,0,32,32,1
mixed,43,2,58,2,scan,5300,2048,0,2,2,1
mixed,43,2,58,2,pruned,900,128,30,2,2,1
mixed,43,2,59,3,pruned,33400,256,28,4,4,1
mixed,43,2,59,3,scan,256000,2048,0,4,4,1
mixed,43,2,60,4,scan,362300,2048,0,0,0,1
mixed,43,2,60,4,pruned,1000,0,32,0,0,1
mixed,43,2,61,5,pruned,35900,2048,0,1024,1024,1
mixed,43,2,61,5,scan,28700,2048,0,1024,1024,1
mixed,43,2,62,6,scan,250700,2048,0,0,0,1
mixed,43,2,62,6,pruned,400,0,32,0,0,1
mixed,43,2,63,7,pruned,100,0,32,0,0,1
mixed,43,2,63,7,scan,7100,2048,0,0,0,1
mixed,43,2,64,0,scan,7600,2048,0,2048,2048,1
mixed,43,2,64,0,pruned,7200,2048,0,2048,2048,1
mixed,43,2,65,1,pruned,1000,128,30,32,32,1
mixed,43,2,65,1,scan,5700,2048,0,32,32,1
mixed,43,2,66,2,scan,5300,2048,0,2,2,1
mixed,43,2,66,2,pruned,800,128,30,2,2,1
mixed,43,2,67,3,pruned,32300,256,28,4,4,1
mixed,43,2,67,3,scan,252500,2048,0,4,4,1
mixed,43,2,68,4,scan,257800,2048,0,0,0,1
mixed,43,2,68,4,pruned,600,0,32,0,0,1
mixed,43,2,69,5,pruned,30000,2048,0,1024,1024,1
mixed,43,2,69,5,scan,28300,2048,0,1024,1024,1
mixed,43,2,70,6,scan,250500,2048,0,0,0,1
mixed,43,2,70,6,pruned,300,0,32,0,0,1
mixed,43,2,71,7,pruned,100,0,32,0,0,1
mixed,43,2,71,7,scan,6400,2048,0,0,0,1
mixed,43,2,72,0,scan,7400,2048,0,2048,2048,1
mixed,43,2,72,0,pruned,7100,2048,0,2048,2048,1
mixed,43,2,73,1,pruned,1000,128,30,32,32,1
mixed,43,2,73,1,scan,5700,2048,0,32,32,1
mixed,43,2,74,2,scan,5200,2048,0,2,2,1
mixed,43,2,74,2,pruned,800,128,30,2,2,1
mixed,43,2,75,3,pruned,32400,256,28,4,4,1
mixed,43,2,75,3,scan,251600,2048,0,4,4,1
mixed,43,2,76,4,scan,259000,2048,0,0,0,1
mixed,43,2,76,4,pruned,500,0,32,0,0,1
mixed,43,2,77,5,pruned,30000,2048,0,1024,1024,1
mixed,43,2,77,5,scan,28700,2048,0,1024,1024,1
mixed,43,2,78,6,scan,279400,2048,0,0,0,1
mixed,43,2,78,6,pruned,300,0,32,0,0,1
mixed,43,2,79,7,pruned,100,0,32,0,0,1
mixed,43,2,79,7,scan,6400,2048,0,0,0,1
mixed,43,2,80,0,scan,8400,2048,0,2048,2048,1
mixed,43,2,80,0,pruned,7300,2048,0,2048,2048,1
mixed,43,2,81,1,pruned,1000,128,30,32,32,1
mixed,43,2,81,1,scan,5800,2048,0,32,32,1
mixed,43,2,82,2,scan,5300,2048,0,2,2,1
mixed,43,2,82,2,pruned,800,128,30,2,2,1
mixed,43,2,83,3,pruned,32300,256,28,4,4,1
mixed,43,2,83,3,scan,263200,2048,0,4,4,1
mixed,43,2,84,4,scan,260000,2048,0,0,0,1
mixed,43,2,84,4,pruned,600,0,32,0,0,1
mixed,43,2,85,5,pruned,30500,2048,0,1024,1024,1
mixed,43,2,85,5,scan,40700,2048,0,1024,1024,1
mixed,43,2,86,6,scan,251900,2048,0,0,0,1
mixed,43,2,86,6,pruned,400,0,32,0,0,1
mixed,43,2,87,7,pruned,100,0,32,0,0,1
mixed,43,2,87,7,scan,6000,2048,0,0,0,1
mixed,43,2,88,0,scan,7300,2048,0,2048,2048,1
mixed,43,2,88,0,pruned,7000,2048,0,2048,2048,1
mixed,43,2,89,1,pruned,900,128,30,32,32,1
mixed,43,2,89,1,scan,5800,2048,0,32,32,1
mixed,43,2,90,2,scan,5300,2048,0,2,2,1
mixed,43,2,90,2,pruned,900,128,30,2,2,1
mixed,43,2,91,3,pruned,31900,256,28,4,4,1
mixed,43,2,91,3,scan,250400,2048,0,4,4,1
mixed,43,2,92,4,scan,258900,2048,0,0,0,1
mixed,43,2,92,4,pruned,500,0,32,0,0,1
mixed,43,2,93,5,pruned,28800,2048,0,1024,1024,1
mixed,43,2,93,5,scan,28200,2048,0,1024,1024,1
mixed,43,2,94,6,scan,304900,2048,0,0,0,1
mixed,43,2,94,6,pruned,400,0,32,0,0,1
mixed,43,2,95,7,pruned,100,0,32,0,0,1
mixed,43,2,95,7,scan,6500,2048,0,0,0,1
mixed,43,2,96,0,scan,8300,2048,0,2048,2048,1
mixed,43,2,96,0,pruned,7400,2048,0,2048,2048,1
mixed,43,2,97,1,pruned,1000,128,30,32,32,1
mixed,43,2,97,1,scan,5800,2048,0,32,32,1
mixed,43,2,98,2,scan,5300,2048,0,2,2,1
mixed,43,2,98,2,pruned,800,128,30,2,2,1
mixed,43,2,99,3,pruned,32200,256,28,4,4,1
mixed,43,2,99,3,scan,250700,2048,0,4,4,1
mixed,43,2,100,4,scan,257100,2048,0,0,0,1
mixed,43,2,100,4,pruned,500,0,32,0,0,1
mixed,43,2,101,5,pruned,29100,2048,0,1024,1024,1
mixed,43,2,101,5,scan,28600,2048,0,1024,1024,1
mixed,43,2,102,6,scan,248500,2048,0,0,0,1
mixed,43,2,102,6,pruned,300,0,32,0,0,1
mixed,43,2,103,7,pruned,100,0,32,0,0,1
mixed,43,2,103,7,scan,5900,2048,0,0,0,1
mixed,43,2,104,0,scan,7100,2048,0,2048,2048,1
mixed,43,2,104,0,pruned,7100,2048,0,2048,2048,1
mixed,43,2,105,1,pruned,900,128,30,32,32,1
mixed,43,2,105,1,scan,5700,2048,0,32,32,1
mixed,43,2,106,2,scan,5200,2048,0,2,2,1
mixed,43,2,106,2,pruned,800,128,30,2,2,1
mixed,43,2,107,3,pruned,32300,256,28,4,4,1
mixed,43,2,107,3,scan,250300,2048,0,4,4,1
mixed,43,2,108,4,scan,257500,2048,0,0,0,1
mixed,43,2,108,4,pruned,600,0,32,0,0,1
mixed,43,2,109,5,pruned,28900,2048,0,1024,1024,1
mixed,43,2,109,5,scan,28400,2048,0,1024,1024,1
mixed,43,2,110,6,scan,264400,2048,0,0,0,1
mixed,43,2,110,6,pruned,200,0,32,0,0,1
mixed,43,2,111,7,pruned,100,0,32,0,0,1
mixed,43,2,111,7,scan,5700,2048,0,0,0,1
mixed,43,2,112,0,scan,7000,2048,0,2048,2048,1
mixed,43,2,112,0,pruned,6700,2048,0,2048,2048,1
mixed,43,2,113,1,pruned,700,128,30,32,32,1
mixed,43,2,113,1,scan,5500,2048,0,32,32,1
mixed,43,2,114,2,scan,5000,2048,0,2,2,1
mixed,43,2,114,2,pruned,600,128,30,2,2,1
mixed,43,2,115,3,pruned,30600,256,28,4,4,1
mixed,43,2,115,3,scan,259101,2048,0,4,4,1
mixed,43,2,116,4,scan,248300,2048,0,0,0,1
mixed,43,2,116,4,pruned,500,0,32,0,0,1
mixed,43,2,117,5,pruned,29300,2048,0,1024,1024,1
mixed,43,2,117,5,scan,27800,2048,0,1024,1024,1
mixed,43,2,118,6,scan,240500,2048,0,0,0,1
mixed,43,2,118,6,pruned,300,0,32,0,0,1
mixed,43,2,119,7,pruned,100,0,32,0,0,1
mixed,43,2,119,7,scan,5800,2048,0,0,0,1
mixed,43,2,120,0,scan,7000,2048,0,2048,2048,1
mixed,43,2,120,0,pruned,6800,2048,0,2048,2048,1
mixed,43,2,121,1,pruned,700,128,30,32,32,1
mixed,43,2,121,1,scan,5600,2048,0,32,32,1
mixed,43,2,122,2,scan,5100,2048,0,2,2,1
mixed,43,2,122,2,pruned,700,128,30,2,2,1
mixed,43,2,123,3,pruned,31000,256,28,4,4,1
mixed,43,2,123,3,scan,241800,2048,0,4,4,1
mixed,43,2,124,4,scan,248700,2048,0,0,0,1
mixed,43,2,124,4,pruned,400,0,32,0,0,1
mixed,43,2,125,5,pruned,27800,2048,0,1024,1024,1
mixed,43,2,125,5,scan,27000,2048,0,1024,1024,1
mixed,43,2,126,6,scan,241000,2048,0,0,0,1
mixed,43,2,126,6,pruned,300,0,32,0,0,1
mixed,43,2,127,7,pruned,200,0,32,0,0,1
mixed,43,2,127,7,scan,5700,2048,0,0,0,1
mixed,43,3,0,0,pruned,7100,2048,0,2048,2048,1
mixed,43,3,0,0,scan,6900,2048,0,2048,2048,1
mixed,43,3,1,1,scan,5500,2048,0,32,32,1
mixed,43,3,1,1,pruned,600,64,31,32,32,1
mixed,43,3,2,2,pruned,700,128,30,2,2,1
mixed,43,3,2,2,scan,5100,2048,0,2,2,1
mixed,43,3,3,3,scan,255800,2048,0,4,4,1
mixed,43,3,3,3,pruned,30900,256,28,4,4,1
mixed,43,3,4,4,pruned,400,0,32,0,0,1
mixed,43,3,4,4,scan,265600,2048,0,0,0,1
mixed,43,3,5,5,scan,28200,2048,0,1024,1024,1
mixed,43,3,5,5,pruned,28000,2048,0,1024,1024,1
mixed,43,3,6,6,pruned,300,0,32,0,0,1
mixed,43,3,6,6,scan,241000,2048,0,0,0,1
mixed,43,3,7,7,scan,5900,2048,0,0,0,1
mixed,43,3,7,7,pruned,100,0,32,0,0,1
mixed,43,3,8,0,pruned,7100,2048,0,2048,2048,1
mixed,43,3,8,0,scan,6800,2048,0,2048,2048,1
mixed,43,3,9,1,scan,5600,2048,0,32,32,1
mixed,43,3,9,1,pruned,1000,128,30,32,32,1
mixed,43,3,10,2,pruned,700,128,30,2,2,1
mixed,43,3,10,2,scan,5200,2048,0,2,2,1
mixed,43,3,11,3,scan,242100,2048,0,4,4,1
mixed,43,3,11,3,pruned,30600,256,28,4,4,1
mixed,43,3,12,4,pruned,300,0,32,0,0,1
mixed,43,3,12,4,scan,247600,2048,0,0,0,1
mixed,43,3,13,5,scan,27300,2048,0,1024,1024,1
mixed,43,3,13,5,pruned,27600,2048,0,1024,1024,1
mixed,43,3,14,6,pruned,400,0,32,0,0,1
mixed,43,3,14,6,scan,239800,2048,0,0,0,1
mixed,43,3,15,7,scan,5700,2048,0,0,0,1
mixed,43,3,15,7,pruned,100,0,32,0,0,1
mixed,43,3,16,0,pruned,7100,2048,0,2048,2048,1
mixed,43,3,16,0,scan,7000,2048,0,2048,2048,1
mixed,43,3,17,1,scan,5700,2048,0,32,32,1
mixed,43,3,17,1,pruned,900,128,30,32,32,1
mixed,43,3,18,2,pruned,800,128,30,2,2,1
mixed,43,3,18,2,scan,5000,2048,0,2,2,1
mixed,43,3,19,3,scan,253400,2048,0,4,4,1
mixed,43,3,19,3,pruned,31200,256,28,4,4,1
mixed,43,3,20,4,pruned,400,0,32,0,0,1
mixed,43,3,20,4,scan,247600,2048,0,0,0,1
mixed,43,3,21,5,scan,28300,2048,0,1024,1024,1
mixed,43,3,21,5,pruned,27800,2048,0,1024,1024,1
mixed,43,3,22,6,pruned,300,0,32,0,0,1
mixed,43,3,22,6,scan,258700,2048,0,0,0,1
mixed,43,3,23,7,scan,5900,2048,0,0,0,1
mixed,43,3,23,7,pruned,100,0,32,0,0,1
mixed,43,3,24,0,pruned,9700,2048,0,2048,2048,1
mixed,43,3,24,0,scan,7000,2048,0,2048,2048,1
mixed,43,3,25,1,scan,5700,2048,0,32,32,1
mixed,43,3,25,1,pruned,800,128,30,32,32,1
mixed,43,3,26,2,pruned,800,128,30,2,2,1
mixed,43,3,26,2,scan,5000,2048,0,2,2,1
mixed,43,3,27,3,scan,243200,2048,0,4,4,1
mixed,43,3,27,3,pruned,30800,256,28,4,4,1
mixed,43,3,28,4,pruned,400,0,32,0,0,1
mixed,43,3,28,4,scan,247700,2048,0,0,0,1
mixed,43,3,29,5,scan,27700,2048,0,1024,1024,1
mixed,43,3,29,5,pruned,27800,2048,0,1024,1024,1
mixed,43,3,30,6,pruned,300,0,32,0,0,1
mixed,43,3,30,6,scan,241600,2048,0,0,0,1
mixed,43,3,31,7,scan,5700,2048,0,0,0,1
mixed,43,3,31,7,pruned,100,0,32,0,0,1
mixed,43,3,32,0,pruned,7100,2048,0,2048,2048,1
mixed,43,3,32,0,scan,6700,2048,0,2048,2048,1
mixed,43,3,33,1,scan,5600,2048,0,32,32,1
mixed,43,3,33,1,pruned,700,128,30,32,32,1
mixed,43,3,34,2,pruned,700,128,30,2,2,1
mixed,43,3,34,2,scan,5000,2048,0,2,2,1
mixed,43,3,35,3,scan,240800,2048,0,4,4,1
mixed,43,3,35,3,pruned,30900,256,28,4,4,1
mixed,43,3,36,4,pruned,400,0,32,0,0,1
mixed,43,3,36,4,scan,247300,2048,0,0,0,1
mixed,43,3,37,5,scan,27400,2048,0,1024,1024,1
mixed,43,3,37,5,pruned,27800,2048,0,1024,1024,1
mixed,43,3,38,6,pruned,200,0,32,0,0,1
mixed,43,3,38,6,scan,270200,2048,0,0,0,1
mixed,43,3,39,7,scan,6200,2048,0,0,0,1
mixed,43,3,39,7,pruned,100,0,32,0,0,1
mixed,43,3,40,0,pruned,8100,2048,0,2048,2048,1
mixed,43,3,40,0,scan,6800,2048,0,2048,2048,1
mixed,43,3,41,1,scan,5600,2048,0,32,32,1
mixed,43,3,41,1,pruned,900,128,30,32,32,1
mixed,43,3,42,2,pruned,800,128,30,2,2,1
mixed,43,3,42,2,scan,5000,2048,0,2,2,1
mixed,43,3,43,3,scan,276500,2048,0,4,4,1
mixed,43,3,43,3,pruned,31100,256,28,4,4,1
mixed,43,3,44,4,pruned,500,0,32,0,0,1
mixed,43,3,44,4,scan,268900,2048,0,0,0,1
mixed,43,3,45,5,scan,29300,2048,0,1024,1024,1
mixed,43,3,45,5,pruned,28100,2048,0,1024,1024,1
mixed,43,3,46,6,pruned,300,0,32,0,0,1
mixed,43,3,46,6,scan,242300,2048,0,0,0,1
mixed,43,3,47,7,scan,5900,2048,0,0,0,1
mixed,43,3,47,7,pruned,100,0,32,0,0,1
mixed,43,3,48,0,pruned,7300,2048,0,2048,2048,1
mixed,43,3,48,0,scan,6900,2048,0,2048,2048,1
mixed,43,3,49,1,scan,5600,2048,0,32,32,1
mixed,43,3,49,1,pruned,800,128,30,32,32,1
mixed,43,3,50,2,pruned,700,128,30,2,2,1
mixed,43,3,50,2,scan,5000,2048,0,2,2,1
mixed,43,3,51,3,scan,242300,2048,0,4,4,1
mixed,43,3,51,3,pruned,30800,256,28,4,4,1
mixed,43,3,52,4,pruned,400,0,32,0,0,1
mixed,43,3,52,4,scan,248000,2048,0,0,0,1
mixed,43,3,53,5,scan,27700,2048,0,1024,1024,1
mixed,43,3,53,5,pruned,28100,2048,0,1024,1024,1
mixed,43,3,54,6,pruned,400,0,32,0,0,1
mixed,43,3,54,6,scan,240200,2048,0,0,0,1
mixed,43,3,55,7,scan,5800,2048,0,0,0,1
mixed,43,3,55,7,pruned,0,0,32,0,0,1
mixed,43,3,56,0,pruned,7000,2048,0,2048,2048,1
mixed,43,3,56,0,scan,6700,2048,0,2048,2048,1
mixed,43,3,57,1,scan,5500,2048,0,32,32,1
mixed,43,3,57,1,pruned,800,128,30,32,32,1
mixed,43,3,58,2,pruned,700,128,30,2,2,1
mixed,43,3,58,2,scan,4900,2048,0,2,2,1
mixed,43,3,59,3,scan,261800,2048,0,4,4,1
mixed,43,3,59,3,pruned,30700,256,28,4,4,1
mixed,43,3,60,4,pruned,400,0,32,0,0,1
mixed,43,3,60,4,scan,247900,2048,0,0,0,1
mixed,43,3,61,5,scan,28300,2048,0,1024,1024,1
mixed,43,3,61,5,pruned,27700,2048,0,1024,1024,1
mixed,43,3,62,6,pruned,300,0,32,0,0,1
mixed,43,3,62,6,scan,241700,2048,0,0,0,1
mixed,43,3,63,7,scan,5800,2048,0,0,0,1
mixed,43,3,63,7,pruned,0,0,32,0,0,1
mixed,43,3,64,0,pruned,7200,2048,0,2048,2048,1
mixed,43,3,64,0,scan,6800,2048,0,2048,2048,1
mixed,43,3,65,1,scan,5500,2048,0,32,32,1
mixed,43,3,65,1,pruned,700,128,30,32,32,1
mixed,43,3,66,2,pruned,700,128,30,2,2,1
mixed,43,3,66,2,scan,5000,2048,0,2,2,1
mixed,43,3,67,3,scan,241800,2048,0,4,4,1
mixed,43,3,67,3,pruned,30700,256,28,4,4,1
mixed,43,3,68,4,pruned,400,0,32,0,0,1
mixed,43,3,68,4,scan,268200,2048,0,0,0,1
mixed,43,3,69,5,scan,28800,2048,0,1024,1024,1
mixed,43,3,69,5,pruned,27900,2048,0,1024,1024,1
mixed,43,3,70,6,pruned,300,0,32,0,0,1
mixed,43,3,70,6,scan,242000,2048,0,0,0,1
mixed,43,3,71,7,scan,5700,2048,0,0,0,1
mixed,43,3,71,7,pruned,100,0,32,0,0,1
mixed,43,3,72,0,pruned,7200,2048,0,2048,2048,1
mixed,43,3,72,0,scan,6800,2048,0,2048,2048,1
mixed,43,3,73,1,scan,5400,2048,0,32,32,1
mixed,43,3,73,1,pruned,1000,128,30,32,32,1
mixed,43,3,74,2,pruned,700,128,30,2,2,1
mixed,43,3,74,2,scan,5000,2048,0,2,2,1
mixed,43,3,75,3,scan,255900,2048,0,4,4,1
mixed,43,3,75,3,pruned,30701,256,28,4,4,1
mixed,43,3,76,4,pruned,400,0,32,0,0,1
mixed,43,3,76,4,scan,265100,2048,0,0,0,1
mixed,43,3,77,5,scan,28900,2048,0,1024,1024,1
mixed,43,3,77,5,pruned,28000,2048,0,1024,1024,1
mixed,43,3,78,6,pruned,300,0,32,0,0,1
mixed,43,3,78,6,scan,241200,2048,0,0,0,1
mixed,43,3,79,7,scan,5800,2048,0,0,0,1
mixed,43,3,79,7,pruned,100,0,32,0,0,1
mixed,43,3,80,0,pruned,7200,2048,0,2048,2048,1
mixed,43,3,80,0,scan,6700,2048,0,2048,2048,1
mixed,43,3,81,1,scan,5500,2048,0,32,32,1
mixed,43,3,81,1,pruned,800,128,30,32,32,1
mixed,43,3,82,2,pruned,700,128,30,2,2,1
mixed,43,3,82,2,scan,5100,2048,0,2,2,1
mixed,43,3,83,3,scan,241200,2048,0,4,4,1
mixed,43,3,83,3,pruned,30700,256,28,4,4,1
mixed,43,3,84,4,pruned,400,0,32,0,0,1
mixed,43,3,84,4,scan,248000,2048,0,0,0,1
mixed,43,3,85,5,scan,27400,2048,0,1024,1024,1
mixed,43,3,85,5,pruned,27700,2048,0,1024,1024,1
mixed,43,3,86,6,pruned,300,0,32,0,0,1
mixed,43,3,86,6,scan,241100,2048,0,0,0,1
mixed,43,3,87,7,scan,5800,2048,0,0,0,1
mixed,43,3,87,7,pruned,100,0,32,0,0,1
mixed,43,3,88,0,pruned,6900,2048,0,2048,2048,1
mixed,43,3,88,0,scan,6800,2048,0,2048,2048,1
mixed,43,3,89,1,scan,5500,2048,0,32,32,1
mixed,43,3,89,1,pruned,800,128,30,32,32,1
mixed,43,3,90,2,pruned,800,128,30,2,2,1
mixed,43,3,90,2,scan,5000,2048,0,2,2,1
mixed,43,3,91,3,scan,242100,2048,0,4,4,1
mixed,43,3,91,3,pruned,30500,256,28,4,4,1
mixed,43,3,92,4,pruned,400,0,32,0,0,1
mixed,43,3,92,4,scan,260200,2048,0,0,0,1
mixed,43,3,93,5,scan,27700,2048,0,1024,1024,1
mixed,43,3,93,5,pruned,28000,2048,0,1024,1024,1
mixed,43,3,94,6,pruned,300,0,32,0,0,1
mixed,43,3,94,6,scan,258100,2048,0,0,0,1
mixed,43,3,95,7,scan,5900,2048,0,0,0,1
mixed,43,3,95,7,pruned,100,0,32,0,0,1
mixed,43,3,96,0,pruned,8200,2048,0,2048,2048,1
mixed,43,3,96,0,scan,6800,2048,0,2048,2048,1
mixed,43,3,97,1,scan,5600,2048,0,32,32,1
mixed,43,3,97,1,pruned,800,128,30,32,32,1
mixed,43,3,98,2,pruned,700,128,30,2,2,1
mixed,43,3,98,2,scan,5000,2048,0,2,2,1
mixed,43,3,99,3,scan,242000,2048,0,4,4,1
mixed,43,3,99,3,pruned,30500,256,28,4,4,1
mixed,43,3,100,4,pruned,300,0,32,0,0,1
mixed,43,3,100,4,scan,247400,2048,0,0,0,1
mixed,43,3,101,5,scan,28000,2048,0,1024,1024,1
mixed,43,3,101,5,pruned,28000,2048,0,1024,1024,1
mixed,43,3,102,6,pruned,300,0,32,0,0,1
mixed,43,3,102,6,scan,240400,2048,0,0,0,1
mixed,43,3,103,7,scan,5800,2048,0,0,0,1
mixed,43,3,103,7,pruned,0,0,32,0,0,1
mixed,43,3,104,0,pruned,7000,2048,0,2048,2048,1
mixed,43,3,104,0,scan,6800,2048,0,2048,2048,1
mixed,43,3,105,1,scan,5600,2048,0,32,32,1
mixed,43,3,105,1,pruned,700,128,30,32,32,1
mixed,43,3,106,2,pruned,700,128,30,2,2,1
mixed,43,3,106,2,scan,5100,2048,0,2,2,1
mixed,43,3,107,3,scan,242500,2048,0,4,4,1
mixed,43,3,107,3,pruned,30600,256,28,4,4,1
mixed,43,3,108,4,pruned,400,0,32,0,0,1
mixed,43,3,108,4,scan,247400,2048,0,0,0,1
mixed,43,3,109,5,scan,27500,2048,0,1024,1024,1
mixed,43,3,109,5,pruned,27600,2048,0,1024,1024,1
mixed,43,3,110,6,pruned,200,0,32,0,0,1
mixed,43,3,110,6,scan,251700,2048,0,0,0,1
mixed,43,3,111,7,scan,5800,2048,0,0,0,1
mixed,43,3,111,7,pruned,100,0,32,0,0,1
mixed,43,3,112,0,pruned,7100,2048,0,2048,2048,1
mixed,43,3,112,0,scan,6700,2048,0,2048,2048,1
mixed,43,3,113,1,scan,5600,2048,0,32,32,1
mixed,43,3,113,1,pruned,600,128,30,32,32,1
mixed,43,3,114,2,pruned,700,128,30,2,2,1
mixed,43,3,114,2,scan,5100,2048,0,2,2,1
mixed,43,3,115,3,scan,259000,2048,0,4,4,1
mixed,43,3,115,3,pruned,30900,256,28,4,4,1
mixed,43,3,116,4,pruned,400,0,32,0,0,1
mixed,43,3,116,4,scan,248800,2048,0,0,0,1
mixed,43,3,117,5,scan,29000,2048,0,1024,1024,1
mixed,43,3,117,5,pruned,28500,2048,0,1024,1024,1
mixed,43,3,118,6,pruned,300,0,32,0,0,1
mixed,43,3,118,6,scan,240400,2048,0,0,0,1
mixed,43,3,119,7,scan,5900,2048,0,0,0,1
mixed,43,3,119,7,pruned,100,0,32,0,0,1
mixed,43,3,120,0,pruned,7300,2048,0,2048,2048,1
mixed,43,3,120,0,scan,6800,2048,0,2048,2048,1
mixed,43,3,121,1,scan,5600,2048,0,32,32,1
mixed,43,3,121,1,pruned,600,128,30,32,32,1
mixed,43,3,122,2,pruned,1300,128,30,2,2,1
mixed,43,3,122,2,scan,7000,2048,0,2,2,1
mixed,43,3,123,3,scan,242800,2048,0,4,4,1
mixed,43,3,123,3,pruned,30900,256,28,4,4,1
mixed,43,3,124,4,pruned,300,0,32,0,0,1
mixed,43,3,124,4,scan,248900,2048,0,0,0,1
mixed,43,3,125,5,scan,28100,2048,0,1024,1024,1
mixed,43,3,125,5,pruned,27700,2048,0,1024,1024,1
mixed,43,3,126,6,pruned,300,0,32,0,0,1
mixed,43,3,126,6,scan,240900,2048,0,0,0,1
mixed,43,3,127,7,scan,5800,2048,0,0,0,1
mixed,43,3,127,7,pruned,100,0,32,0,0,1
mixed,43,4,0,0,scan,7000,2048,0,2048,2048,1
mixed,43,4,0,0,pruned,6900,2048,0,2048,2048,1
mixed,43,4,1,1,pruned,600,64,31,32,32,1
mixed,43,4,1,1,scan,5500,2048,0,32,32,1
mixed,43,4,2,2,scan,5100,2048,0,2,2,1
mixed,43,4,2,2,pruned,700,128,30,2,2,1
mixed,43,4,3,3,pruned,30700,256,28,4,4,1
mixed,43,4,3,3,scan,259500,2048,0,4,4,1
mixed,43,4,4,4,scan,247700,2048,0,0,0,1
mixed,43,4,4,4,pruned,600,0,32,0,0,1
mixed,43,4,5,5,pruned,28900,2048,0,1024,1024,1
mixed,43,4,5,5,scan,27400,2048,0,1024,1024,1
mixed,43,4,6,6,scan,239600,2048,0,0,0,1
mixed,43,4,6,6,pruned,200,0,32,0,0,1
mixed,43,4,7,7,pruned,100,0,32,0,0,1
mixed,43,4,7,7,scan,5800,2048,0,0,0,1
mixed,43,4,8,0,scan,7000,2048,0,2048,2048,1
mixed,43,4,8,0,pruned,6900,2048,0,2048,2048,1
mixed,43,4,9,1,pruned,1000,128,30,32,32,1
mixed,43,4,9,1,scan,5500,2048,0,32,32,1
mixed,43,4,10,2,scan,5200,2048,0,2,2,1
mixed,43,4,10,2,pruned,800,128,30,2,2,1
mixed,43,4,11,3,pruned,31100,256,28,4,4,1
mixed,43,4,11,3,scan,241700,2048,0,4,4,1
mixed,43,4,12,4,scan,247500,2048,0,0,0,1
mixed,43,4,12,4,pruned,400,0,32,0,0,1
mixed,43,4,13,5,pruned,27700,2048,0,1024,1024,1
mixed,43,4,13,5,scan,27100,2048,0,1024,1024,1
mixed,43,4,14,6,scan,240900,2048,0,0,0,1
mixed,43,4,14,6,pruned,400,0,32,0,0,1
mixed,43,4,15,7,pruned,100,0,32,0,0,1
mixed,43,4,15,7,scan,5700,2048,0,0,0,1
mixed,43,4,16,0,scan,6900,2048,0,2048,2048,1
mixed,43,4,16,0,pruned,6800,2048,0,2048,2048,1
mixed,43,4,17,1,pruned,900,128,30,32,32,1
mixed,43,4,17,1,scan,5400,2048,0,32,32,1
mixed,43,4,18,2,scan,5100,2048,0,2,2,1
mixed,43,4,18,2,pruned,700,128,30,2,2,1
mixed,43,4,19,3,pruned,31100,256,28,4,4,1
mixed,43,4,19,3,scan,254400,2048,0,4,4,1
mixed,43,4,20,4,scan,265200,2048,0,0,0,1
mixed,43,4,20,4,pruned,500,0,32,0,0,1
mixed,43,4,21,5,pruned,28900,2048,0,1024,1024,1
mixed,43,4,21,5,scan,27100,2048,0,1024,1024,1
mixed,43,4,22,6,scan,241200,2048,0,0,0,1
mixed,43,4,22,6,pruned,400,0,32,0,0,1
mixed,43,4,23,7,pruned,100,0,32,0,0,1
mixed,43,4,23,7,scan,5800,2048,0,0,0,1
mixed,43,4,24,0,scan,7000,2048,0,2048,2048,1
mixed,43,4,24,0,pruned,6900,2048,0,2048,2048,1
mixed,43,4,25,1,pruned,900,128,30,32,32,1
mixed,43,4,25,1,scan,5300,2048,0,32,32,1
mixed,43,4,26,2,scan,5200,2048,0,2,2,1
mixed,43,4,26,2,pruned,700,128,30,2,2,1
mixed,43,4,27,3,pruned,30900,256,28,4,4,1
mixed,43,4,27,3,scan,241300,2048,0,4,4,1
mixed,43,4,28,4,scan,248000,2048,0,0,0,1
mixed,43,4,28,4,pruned,400,0,32,0,0,1
mixed,43,4,29,5,pruned,27700,2048,0,1024,1024,1
mixed,43,4,29,5,scan,26900,2048,0,1024,1024,1
mixed,43,4,30,6,scan,239700,2048,0,0,0,1
mixed,43,4,30,6,pruned,300,0,32,0,0,1
mixed,43,4,31,7,pruned,100,0,32,0,0,1
mixed,43,4,31,7,scan,5700,2048,0,0,0,1
mixed,43,4,32,0,scan,6800,2048,0,2048,2048,1
mixed,43,4,32,0,pruned,6800,2048,0,2048,2048,1
mixed,43,4,33,1,pruned,900,128,30,32,32,1
mixed,43,4,33,1,scan,5400,2048,0,32,32,1
mixed,43,4,34,2,scan,5100,2048,0,2,2,1
mixed,43,4,34,2,pruned,600,128,30,2,2,1
mixed,43,4,35,3,pruned,31000,256,28,4,4,1
mixed,43,4,35,3,scan,241100,2048,0,4,4,1
mixed,43,4,36,4,scan,246800,2048,0,0,0,1
mixed,43,4,36,4,pruned,500,0,32,0,0,1
mixed,43,4,37,5,pruned,27701,2048,0,1024,1024,1
mixed,43,4,37,5,scan,27300,2048,0,1024,1024,1
mixed,43,4,38,6,scan,257700,2048,0,0,0,1
mixed,43,4,38,6,pruned,300,0,32,0,0,1
mixed,43,4,39,7,pruned,100,0,32,0,0,1
mixed,43,4,39,7,scan,5900,2048,0,0,0,1
mixed,43,4,40,0,scan,8100,2048,0,2048,2048,1
mixed,43,4,40,0,pruned,7100,2048,0,2048,2048,1
mixed,43,4,41,1,pruned,1000,128,30,32,32,1
mixed,43,4,41,1,scan,5600,2048,0,32,32,1
mixed,43,4,42,2,scan,5200,2048,0,2,2,1
mixed,43,4,42,2,pruned,700,128,30,2,2,1
mixed,43,4,43,3,pruned,30700,256,28,4,4,1
mixed,43,4,43,3,scan,241600,2048,0,4,4,1
mixed,43,4,44,4,scan,247400,2048,0,0,0,1
mixed,43,4,44,4,pruned,500,0,32,0,0,1
mixed,43,4,45,5,pruned,40500,2048,0,1024,1024,1
mixed,43,4,45,5,scan,28400,2048,0,1024,1024,1
mixed,43,4,46,6,scan,240900,2048,0,0,0,1
mixed,43,4,46,6,pruned,300,0,32,0,0,1
mixed,43,4,47,7,pruned,100,0,32,0,0,1
mixed,43,4,47,7,scan,5800,2048,0,0,0,1
mixed,43,4,48,0,scan,7000,2048,0,2048,2048,1
mixed,43,4,48,0,pruned,6900,2048,0,2048,2048,1
mixed,43,4,49,1,pruned,900,128,30,32,32,1
mixed,43,4,49,1,scan,5500,2048,0,32,32,1
mixed,43,4,50,2,scan,5100,2048,0,2,2,1
mixed,43,4,50,2,pruned,600,128,30,2,2,1
mixed,43,4,51,3,pruned,31100,256,28,4,4,1
mixed,43,4,51,3,scan,241100,2048,0,4,4,1
mixed,43,4,52,4,scan,248100,2048,0,0,0,1
mixed,43,4,52,4,pruned,500,0,32,0,0,1
mixed,43,4,53,5,pruned,28000,2048,0,1024,1024,1
mixed,43,4,53,5,scan,27200,2048,0,1024,1024,1
mixed,43,4,54,6,scan,252100,2048,0,0,0,1
mixed,43,4,54,6,pruned,300,0,32,0,0,1
mixed,43,4,55,7,pruned,100,0,32,0,0,1
mixed,43,4,55,7,scan,5800,2048,0,0,0,1
mixed,43,4,56,0,scan,7100,2048,0,2048,2048,1
mixed,43,4,56,0,pruned,6800,2048,0,2048,2048,1
mixed,43,4,57,1,pruned,800,128,30,32,32,1
mixed,43,4,57,1,scan,5300,2048,0,32,32,1
mixed,43,4,58,2,scan,5200,2048,0,2,2,1
mixed,43,4,58,2,pruned,600,128,30,2,2,1
mixed,43,4,59,3,pruned,30900,256,28,4,4,1
mixed,43,4,59,3,scan,258400,2048,0,4,4,1
mixed,43,4,60,4,scan,279400,2048,0,0,0,1
mixed,43,4,60,4,pruned,600,0,32,0,0,1
mixed,43,4,61,5,pruned,28900,2048,0,1024,1024,1
mixed,43,4,61,5,scan,27200,2048,0,1024,1024,1
mixed,43,4,62,6,scan,255000,2048,0,0,0,1
mixed,43,4,62,6,pruned,300,0,32,0,0,1
mixed,43,4,63,7,pruned,100,0,32,0,0,1
mixed,43,4,63,7,scan,5700,2048,0,0,0,1
mixed,43,4,64,0,scan,6900,2048,0,2048,2048,1
mixed,43,4,64,0,pruned,6600,2048,0,2048,2048,1
mixed,43,4,65,1,pruned,800,128,30,32,32,1
mixed,43,4,65,1,scan,5300,2048,0,32,32,1
mixed,43,4,66,2,scan,4900,2048,0,2,2,1
mixed,43,4,66,2,pruned,700,128,30,2,2,1
mixed,43,4,67,3,pruned,29700,256,28,4,4,1
mixed,43,4,67,3,scan,232700,2048,0,4,4,1
mixed,43,4,68,4,scan,239400,2048,0,0,0,1
mixed,43,4,68,4,pruned,500,0,32,0,0,1
mixed,43,4,69,5,pruned,26500,2048,0,1024,1024,1
mixed,43,4,69,5,scan,26100,2048,0,1024,1024,1
mixed,43,4,70,6,scan,232300,2048,0,0,0,1
mixed,43,4,70,6,pruned,200,0,32,0,0,1
mixed,43,4,71,7,pruned,0,0,32,0,0,1
mixed,43,4,71,7,scan,5500,2048,0,0,0,1
mixed,43,4,72,0,scan,6700,2048,0,2048,2048,1
mixed,43,4,72,0,pruned,6500,2048,0,2048,2048,1
mixed,43,4,73,1,pruned,800,128,30,32,32,1
mixed,43,4,73,1,scan,5300,2048,0,32,32,1
mixed,43,4,74,2,scan,4900,2048,0,2,2,1
mixed,43,4,74,2,pruned,700,128,30,2,2,1
mixed,43,4,75,3,pruned,29600,256,28,4,4,1
mixed,43,4,75,3,scan,232600,2048,0,4,4,1
mixed,43,4,76,4,scan,255700,2048,0,0,0,1
mixed,43,4,76,4,pruned,500,0,32,0,0,1
mixed,43,4,77,5,pruned,27800,2048,0,1024,1024,1
mixed,43,4,77,5,scan,26300,2048,0,1024,1024,1
mixed,43,4,78,6,scan,231600,2048,0,0,0,1
mixed,43,4,78,6,pruned,200,0,32,0,0,1
mixed,43,4,79,7,pruned,0,0,32,0,0,1
mixed,43,4,79,7,scan,5600,2048,0,0,0,1
mixed,43,4,80,0,scan,6800,2048,0,2048,2048,1
mixed,43,4,80,0,pruned,6500,2048,0,2048,2048,1
mixed,43,4,81,1,pruned,700,128,30,32,32,1
mixed,43,4,81,1,scan,5300,2048,0,32,32,1
mixed,43,4,82,2,scan,5000,2048,0,2,2,1
mixed,43,4,82,2,pruned,600,128,30,2,2,1
mixed,43,4,83,3,pruned,29600,256,28,4,4,1
mixed,43,4,83,3,scan,233900,2048,0,4,4,1
mixed,43,4,84,4,scan,239500,2048,0,0,0,1
mixed,43,4,84,4,pruned,500,0,32,0,0,1
mixed,43,4,85,5,pruned,26900,2048,0,1024,1024,1
mixed,43,4,85,5,scan,26300,2048,0,1024,1024,1
mixed,43,4,86,6,scan,231200,2048,0,0,0,1
mixed,43,4,86,6,pruned,200,0,32,0,0,1
mixed,43,4,87,7,pruned,100,0,32,0,0,1
mixed,43,4,87,7,scan,5500,2048,0,0,0,1
mixed,43,4,88,0,scan,6500,2048,0,2048,2048,1
mixed,43,4,88,0,pruned,6500,2048,0,2048,2048,1
mixed,43,4,89,1,pruned,800,128,30,32,32,1
mixed,43,4,89,1,scan,5300,2048,0,32,32,1
mixed,43,4,90,2,scan,4900,2048,0,2,2,1
mixed,43,4,90,2,pruned,700,128,30,2,2,1
mixed,43,4,91,3,pruned,29900,256,28,4,4,1
mixed,43,4,91,3,scan,232700,2048,0,4,4,1
mixed,43,4,92,4,scan,274800,2048,0,0,0,1
mixed,43,4,92,4,pruned,700,0,32,0,0,1
mixed,43,4,93,5,pruned,29800,2048,0,1024,1024,1
mixed,43,4,93,5,scan,26400,2048,0,1024,1024,1
mixed,43,4,94,6,scan,248900,2048,0,0,0,1
mixed,43,4,94,6,pruned,400,0,32,0,0,1
mixed,43,4,95,7,pruned,100,0,32,0,0,1
mixed,43,4,95,7,scan,5700,2048,0,0,0,1
mixed,43,4,96,0,scan,7700,2048,0,2048,2048,1
mixed,43,4,96,0,pruned,6700,2048,0,2048,2048,1
mixed,43,4,97,1,pruned,900,128,30,32,32,1
mixed,43,4,97,1,scan,5400,2048,0,32,32,1
mixed,43,4,98,2,scan,4900,2048,0,2,2,1
mixed,43,4,98,2,pruned,600,128,30,2,2,1
mixed,43,4,99,3,pruned,29900,256,28,4,4,1
mixed,43,4,99,3,scan,232700,2048,0,4,4,1
mixed,43,4,100,4,scan,258800,2048,0,0,0,1
mixed,43,4,100,4,pruned,500,0,32,0,0,1
mixed,43,4,101,5,pruned,28000,2048,0,1024,1024,1
mixed,43,4,101,5,scan,26500,2048,0,1024,1024,1
mixed,43,4,102,6,scan,232600,2048,0,0,0,1
mixed,43,4,102,6,pruned,300,0,32,0,0,1
mixed,43,4,103,7,pruned,100,0,32,0,0,1
mixed,43,4,103,7,scan,5600,2048,0,0,0,1
mixed,43,4,104,0,scan,6700,2048,0,2048,2048,1
mixed,43,4,104,0,pruned,6500,2048,0,2048,2048,1
mixed,43,4,105,1,pruned,900,128,30,32,32,1
mixed,43,4,105,1,scan,5400,2048,0,32,32,1
mixed,43,4,106,2,scan,4900,2048,0,2,2,1
mixed,43,4,106,2,pruned,700,128,30,2,2,1
mixed,43,4,107,3,pruned,29600,256,28,4,4,1
mixed,43,4,107,3,scan,232200,2048,0,4,4,1
mixed,43,4,108,4,scan,239400,2048,0,0,0,1
mixed,43,4,108,4,pruned,500,0,32,0,0,1
mixed,43,4,109,5,pruned,26800,2048,0,1024,1024,1
mixed,43,4,109,5,scan,26400,2048,0,1024,1024,1
mixed,43,4,110,6,scan,232200,2048,0,0,0,1
mixed,43,4,110,6,pruned,200,0,32,0,0,1
mixed,43,4,111,7,pruned,100,0,32,0,0,1
mixed,43,4,111,7,scan,5500,2048,0,0,0,1
mixed,43,4,112,0,scan,6700,2048,0,2048,2048,1
mixed,43,4,112,0,pruned,6500,2048,0,2048,2048,1
mixed,43,4,113,1,pruned,700,128,30,32,32,1
mixed,43,4,113,1,scan,5300,2048,0,32,32,1
mixed,43,4,114,2,scan,4900,2048,0,2,2,1
mixed,43,4,114,2,pruned,600,128,30,2,2,1
mixed,43,4,115,3,pruned,30300,256,28,4,4,1
mixed,43,4,115,3,scan,250400,2048,0,4,4,1
mixed,43,4,116,4,scan,239900,2048,0,0,0,1
mixed,43,4,116,4,pruned,500,0,32,0,0,1
mixed,43,4,117,5,pruned,28300,2048,0,1024,1024,1
mixed,43,4,117,5,scan,26800,2048,0,1024,1024,1
mixed,43,4,118,6,scan,232400,2048,0,0,0,1
mixed,43,4,118,6,pruned,300,0,32,0,0,1
mixed,43,4,119,7,pruned,100,0,32,0,0,1
mixed,43,4,119,7,scan,5600,2048,0,0,0,1
mixed,43,4,120,0,scan,6700,2048,0,2048,2048,1
mixed,43,4,120,0,pruned,6600,2048,0,2048,2048,1
mixed,43,4,121,1,pruned,800,128,30,32,32,1
mixed,43,4,121,1,scan,5400,2048,0,32,32,1
mixed,43,4,122,2,scan,5000,2048,0,2,2,1
mixed,43,4,122,2,pruned,700,128,30,2,2,1
mixed,43,4,123,3,pruned,30000,256,28,4,4,1
mixed,43,4,123,3,scan,232600,2048,0,4,4,1
mixed,43,4,124,4,scan,240500,2048,0,0,0,1
mixed,43,4,124,4,pruned,500,0,32,0,0,1
mixed,43,4,125,5,pruned,26800,2048,0,1024,1024,1
mixed,43,4,125,5,scan,26100,2048,0,1024,1024,1
mixed,43,4,126,6,scan,231500,2048,0,0,0,1
mixed,43,4,126,6,pruned,200,0,32,0,0,1
mixed,43,4,127,7,pruned,100,0,32,0,0,1
mixed,43,4,127,7,scan,5500,2048,0,0,0,1
mixed,44,0,0,0,scan,6600,2048,0,2048,2048,1
mixed,44,0,0,0,pruned,6700,2048,0,2048,2048,1
mixed,44,0,1,1,pruned,700,64,31,32,32,1
mixed,44,0,1,1,scan,5200,2048,0,32,32,1
mixed,44,0,2,2,scan,4800,2048,0,2,2,1
mixed,44,0,2,2,pruned,700,128,30,2,2,1
mixed,44,0,3,3,pruned,28500,256,28,4,4,1
mixed,44,0,3,3,scan,268100,2048,0,4,4,1
mixed,44,0,4,4,scan,224500,2048,0,0,0,1
mixed,44,0,4,4,pruned,500,0,32,0,0,1
mixed,44,0,5,5,pruned,27600,2048,0,1024,1024,1
mixed,44,0,5,5,scan,26400,2048,0,1024,1024,1
mixed,44,0,6,6,scan,218700,2048,0,0,0,1
mixed,44,0,6,6,pruned,200,0,32,0,0,1
mixed,44,0,7,7,pruned,0,0,32,0,0,1
mixed,44,0,7,7,scan,5700,2048,0,0,0,1
mixed,44,0,8,0,scan,6600,2048,0,2048,2048,1
mixed,44,0,8,0,pruned,6300,2048,0,2048,2048,1
mixed,44,0,9,1,pruned,800,128,30,32,32,1
mixed,44,0,9,1,scan,5100,2048,0,32,32,1
mixed,44,0,10,2,scan,4900,2048,0,2,2,1
mixed,44,0,10,2,pruned,600,128,30,2,2,1
mixed,44,0,11,3,pruned,39400,256,28,4,4,1
mixed,44,0,11,3,scan,219001,2048,0,4,4,1
mixed,44,0,12,4,scan,226100,2048,0,0,0,1
mixed,44,0,12,4,pruned,500,0,32,0,0,1
mixed,44,0,13,5,pruned,26400,2048,0,1024,1024,1
mixed,44,0,13,5,scan,24700,2048,0,1024,1024,1
mixed,44,0,14,6,scan,217000,2048,0,0,0,1
mixed,44,0,14,6,pruned,300,0,32,0,0,1
mixed,44,0,15,7,pruned,100,0,32,0,0,1
mixed,44,0,15,7,scan,5600,2048,0,0,0,1
mixed,44,0,16,0,scan,6600,2048,0,2048,2048,1
mixed,44,0,16,0,pruned,6200,2048,0,2048,2048,1
mixed,44,0,17,1,pruned,900,128,30,32,32,1
mixed,44,0,17,1,scan,5200,2048,0,32,32,1
mixed,44,0,18,2,scan,4800,2048,0,2,2,1
mixed,44,0,18,2,pruned,700,128,30,2,2,1
mixed,44,0,19,3,pruned,28000,256,28,4,4,1
mixed,44,0,19,3,scan,218600,2048,0,4,4,1
mixed,44,0,20,4,scan,223500,2048,0,0,0,1
mixed,44,0,20,4,pruned,500,0,32,0,0,1
mixed,44,0,21,5,pruned,25100,2048,0,1024,1024,1
mixed,44,0,21,5,scan,41200,2048,0,1024,1024,1
mixed,44,0,22,6,scan,217500,2048,0,0,0,1
mixed,44,0,22,6,pruned,300,0,32,0,0,1
mixed,44,0,23,7,pruned,100,0,32,0,0,1
mixed,44,0,23,7,scan,5700,2048,0,0,0,1
mixed,44,0,24,0,scan,7400,2048,0,2048,2048,1
mixed,44,0,24,0,pruned,6400,2048,0,2048,2048,1
mixed,44,0,25,1,pruned,900,128,30,32,32,1
mixed,44,0,25,1,scan,5000,2048,0,32,32,1
mixed,44,0,26,2,scan,4800,2048,0,2,2,1
mixed,44,0,26,2,pruned,600,128,30,2,2,1
mixed,44,0,27,3,pruned,27900,256,28,4,4,1
mixed,44,0,27,3,scan,218200,2048,0,4,4,1
mixed,44,0,28,4,scan,224000,2048,0,0,0,1
mixed,44,0,28,4,pruned,400,0,32,0,0,1
mixed,44,0,29,5,pruned,25200,2048,0,1024,1024,1
mixed,44,0,29,5,scan,24600,2048,0,1024,1024,1
mixed,44,0,30,6,scan,217900,2048,0,0,0,1
mixed,44,0,30,6,pruned,300,0,32,0,0,1
mixed,44,0,31,7,pruned,100,0,32,0,0,1
mixed,44,0,31,7,scan,5600,2048,0,0,0,1
mixed,44,0,32,0,scan,6500,2048,0,2048,2048,1
mixed,44,0,32,0,pruned,6200,2048,0,2048,2048,1
mixed,44,0,33,1,pruned,900,128,30,32,32,1
mixed,44,0,33,1,scan,5100,2048,0,32,32,1
mixed,44,0,34,2,scan,4800,2048,0,2,2,1
mixed,44,0,34,2,pruned,600,128,30,2,2,1
mixed,44,0,35,3,pruned,27900,256,28,4,4,1
mixed,44,0,35,3,scan,217500,2048,0,4,4,1
mixed,44,0,36,4,scan,223900,2048,0,0,0,1
mixed,44,0,36,4,pruned,500,0,32,0,0,1
mixed,44,0,37,5,pruned,25100,2048,0,1024,1024,1
mixed,44,0,37,5,scan,24700,2048,0,1024,1024,1
mixed,44,0,38,6,scan,217300,2048,0,0,0,1
mixed,44,0,38,6,pruned,200,0,32,0,0,1
mixed,44,0,39,7,pruned,100,0,32,0,0,1
mixed,44,0,39,7,scan,5500,2048,0,0,0,1
mixed,44,0,40,0,scan,6300,2048,0,2048,2048,1
mixed,44,0,40,0,pruned,6100,2048,0,2048,2048,1
mixed,44,0,41,1,pruned,800,128,30,32,32,1
mixed,44,0,41,1,scan,5100,2048,0,32,32,1
mixed,44,0,42,2,scan,4800,2048,0,2,2,1
mixed,44,0,42,2,pruned,700,128,30,2,2,1
mixed,44,0,43,3,pruned,28100,256,28,4,4,1
mixed,44,0,43,3,scan,279900,2048,0,4,4,1
mixed,44,0,44,4,scan,246400,2048,0,0,0,1
mixed,44,0,44,4,pruned,1000,0,32,0,0,1
mixed,44,0,45,5,pruned,26000,2048,0,1024,1024,1
mixed,44,0,45,5,scan,23500,2048,0,1024,1024,1
mixed,44,0,46,6,scan,210800,2048,0,0,0,1
mixed,44,0,46,6,pruned,300,0,32,0,0,1
mixed,44,0,47,7,pruned,100,0,32,0,0,1
mixed,44,0,47,7,scan,4800,2048,0,0,0,1
mixed,44,0,48,0,scan,6500,2048,0,2048,2048,1
mixed,44,0,48,0,pruned,6200,2048,0,2048,2048,1
mixed,44,0,49,1,pruned,900,128,30,32,32,1
mixed,44,0,49,1,scan,4800,2048,0,32,32,1
mixed,44,0,50,2,scan,4300,2048,0,2,2,1
mixed,44,0,50,2,pruned,600,128,30,2,2,1
mixed,44,0,51,3,pruned,27400,256,28,4,4,1
mixed,44,0,51,3,scan,211300,2048,0,4,4,1
mixed,44,0,52,4,scan,216300,2048,0,0,0,1
mixed,44,0,52,4,pruned,400,0,32,0,0,1
mixed,44,0,53,5,pruned,23700,2048,0,1024,1024,1
mixed,44,0,53,5,scan,23200,2048,0,1024,1024,1
mixed,44,0,54,6,scan,209800,2048,0,0,0,1
mixed,44,0,54,6,pruned,300,0,32,0,0,1
mixed,44,0,55,7,pruned,100,0,32,0,0,1
mixed,44,0,55,7,scan,4800,2048,0,0,0,1
mixed,44,0,56,0,scan,6000,2048,0,2048,2048,1
mixed,44,0,56,0,pruned,5800,2048,0,2048,2048,1
mixed,44,0,57,1,pruned,900,128,30,32,32,1
mixed,44,0,57,1,scan,4800,2048,0,32,32,1
mixed,44,0,58,2,scan,4400,2048,0,2,2,1
mixed,44,0,58,2,pruned,600,128,30,2,2,1
mixed,44,0,59,3,pruned,27100,256,28,4,4,1
mixed,44,0,59,3,scan,211400,2048,0,4,4,1
mixed,44,0,60,4,scan,234800,2048,0,0,0,1
mixed,44,0,60,4,pruned,500,0,32,0,0,1
mixed,44,0,61,5,pruned,25000,2048,0,1024,1024,1
mixed,44,0,61,5,scan,23300,2048,0,1024,1024,1
mixed,44,0,62,6,scan,221200,2048,0,0,0,1
mixed,44,0,62,6,pruned,400,0,32,0,0,1
mixed,44,0,63,7,pruned,200,0,32,0,0,1
mixed,44,0,63,7,scan,5400,2048,0,0,0,1
mixed,44,0,64,0,scan,6900,2048,0,2048,2048,1
mixed,44,0,64,0,pruned,5900,2048,0,2048,2048,1
mixed,44,0,65,1,pruned,900,128,30,32,32,1
mixed,44,0,65,1,scan,4700,2048,0,32,32,1
mixed,44,0,66,2,scan,4300,2048,0,2,2,1
mixed,44,0,66,2,pruned,700,128,30,2,2,1
mixed,44,0,67,3,pruned,27900,256,28,4,4,1
mixed,44,0,67,3,scan,212200,2048,0,4,4,1
mixed,44,0,68,4,scan,222100,2048,0,0,0,1
mixed,44,0,68,4,pruned,400,0,32,0,0,1
mixed,44,0,69,5,pruned,24200,2048,0,1024,1024,1
mixed,44,0,69,5,scan,23500,2048,0,1024,1024,1
mixed,44,0,70,6,scan,210300,2048,0,0,0,1
mixed,44,0,70,6,pruned,300,0,32,0,0,1
mixed,44,0,71,7,pruned,100,0,32,0,0,1
mixed,44,0,71,7,scan,4800,2048,0,0,0,1
mixed,44,0,72,0,scan,5900,2048,0,2048,2048,1
mixed,44,0,72,0,pruned,5900,2048,0,2048,2048,1
mixed,44,0,73,1,pruned,900,128,30,32,32,1
mixed,44,0,73,1,scan,4800,2048,0,32,32,1
mixed,44,0,74,2,scan,4300,2048,0,2,2,1
mixed,44,0,74,2,pruned,600,128,30,2,2,1
mixed,44,0,75,3,pruned,27000,256,28,4,4,1
mixed,44,0,75,3,scan,259300,2048,0,4,4,1
mixed,44,0,76,4,scan,219900,2048,0,0,0,1
mixed,44,0,76,4,pruned,600,0,32,0,0,1
mixed,44,0,77,5,pruned,27200,2048,0,1024,1024,1
mixed,44,0,77,5,scan,23700,2048,0,1024,1024,1
mixed,44,0,78,6,scan,216700,2048,0,0,0,1
mixed,44,0,78,6,pruned,200,0,32,0,0,1
mixed,44,0,79,7,pruned,100,0,32,0,0,1
mixed,44,0,79,7,scan,7000,2048,0,0,0,1
mixed,44,0,80,0,scan,7200,2048,0,2048,2048,1
mixed,44,0,80,0,pruned,6000,2048,0,2048,2048,1
mixed,44,0,81,1,pruned,800,128,30,32,32,1
mixed,44,0,81,1,scan,4800,2048,0,32,32,1
mixed,44,0,82,2,scan,23400,2048,0,2,2,1
mixed,44,0,82,2,pruned,700,128,30,2,2,1
mixed,44,0,83,3,pruned,28100,256,28,4,4,1
mixed,44,0,83,3,scan,253000,2048,0,4,4,1
mixed,44,0,84,4,scan,217500,2048,0,0,0,1
mixed,44,0,84,4,pruned,500,0,32,0,0,1
mixed,44,0,85,5,pruned,25500,2048,0,1024,1024,1
mixed,44,0,85,5,scan,23100,2048,0,1024,1024,1
mixed,44,0,86,6,scan,210000,2048,0,0,0,1
mixed,44,0,86,6,pruned,300,0,32,0,0,1
mixed,44,0,87,7,pruned,200,0,32,0,0,1
mixed,44,0,87,7,scan,4800,2048,0,0,0,1
mixed,44,0,88,0,scan,6100,2048,0,2048,2048,1
mixed,44,0,88,0,pruned,6100,2048,0,2048,2048,1
mixed,44,0,89,1,pruned,800,128,30,32,32,1
mixed,44,0,89,1,scan,4700,2048,0,32,32,1
mixed,44,0,90,2,scan,4300,2048,0,2,2,1
mixed,44,0,90,2,pruned,700,128,30,2,2,1
mixed,44,0,91,3,pruned,27300,256,28,4,4,1
mixed,44,0,91,3,scan,210600,2048,0,4,4,1
mixed,44,0,92,4,scan,215600,2048,0,0,0,1
mixed,44,0,92,4,pruned,400,0,32,0,0,1
mixed,44,0,93,5,pruned,23700,2048,0,1024,1024,1
mixed,44,0,93,5,scan,23100,2048,0,1024,1024,1
mixed,44,0,94,6,scan,209300,2048,0,0,0,1
mixed,44,0,94,6,pruned,300,0,32,0,0,1
mixed,44,0,95,7,pruned,100,0,32,0,0,1
mixed,44,0,95,7,scan,4700,2048,0,0,0,1
mixed,44,0,96,0,scan,6000,2048,0,2048,2048,1
mixed,44,0,96,0,pruned,5800,2048,0,2048,2048,1
mixed,44,0,97,1,pruned,900,128,30,32,32,1
mixed,44,0,97,1,scan,4700,2048,0,32,32,1
mixed,44,0,98,2,scan,4300,2048,0,2,2,1
mixed,44,0,98,2,pruned,600,128,30,2,2,1
mixed,44,0,99,3,pruned,26800,256,28,4,4,1
mixed,44,0,99,3,scan,210000,2048,0,4,4,1
mixed,44,0,100,4,scan,231600,2048,0,0,0,1
mixed,44,0,100,4,pruned,500,0,32,0,0,1
mixed,44,0,101,5,pruned,24600,2048,0,1024,1024,1
mixed,44,0,101,5,scan,23600,2048,0,1024,1024,1
mixed,44,0,102,6,scan,210600,2048,0,0,0,1
mixed,44,0,102,6,pruned,300,0,32,0,0,1
mixed,44,0,103,7,pruned,200,0,32,0,0,1
mixed,44,0,103,7,scan,4800,2048,0,0,0,1
mixed,44,0,104,0,scan,6000,2048,0,2048,2048,1
mixed,44,0,104,0,pruned,5900,2048,0,2048,2048,1
mixed,44,0,105,1,pruned,800,128,30,32,32,1
mixed,44,0,105,1,scan,4700,2048,0,32,32,1
mixed,44,0,106,2,scan,4300,2048,0,2,2,1
mixed,44,0,106,2,pruned,600,128,30,2,2,1
mixed,44,0,107,3,pruned,27200,256,28,4,4,1
mixed,44,0,107,3,scan,210600,2048,0,4,4,1
mixed,44,0,108,4,scan,215600,2048,0,0,0,1
mixed,44,0,108,4,pruned,400,0,32,0,0,1
mixed,44,0,109,5,pruned,23600,2048,0,1024,1024,1
mixed,44,0,109,5,scan,23200,2048,0,1024,1024,1
mixed,44,0,110,6,scan,209600,2048,0,0,0,1
mixed,44,0,110,6,pruned,300,0,32,0,0,1
mixed,44,0,111,7,pruned,100,0,32,0,0,1
mixed,44,0,111,7,scan,4800,2048,0,0,0,1
mixed,44,0,112,0,scan,5800,2048,0,2048,2048,1
mixed,44,0,112,0,pruned,5800,2048,0,2048,2048,1
mixed,44,0,113,1,pruned,600,128,30,32,32,1
mixed,44,0,113,1,scan,4700,2048,0,32,32,1
mixed,44,0,114,2,scan,4400,2048,0,2,2,1
mixed,44,0,114,2,pruned,500,128,30,2,2,1
mixed,44,0,115,3,pruned,27100,256,28,4,4,1
mixed,44,0,115,3,scan,210900,2048,0,4,4,1
mixed,44,0,116,4,scan,215900,2048,0,0,0,1
mixed,44,0,116,4,pruned,400,0,32,0,0,1
mixed,44,0,117,5,pruned,23800,2048,0,1024,1024,1
mixed,44,0,117,5,scan,23200,2048,0,1024,1024,1
mixed,44,0,118,6,scan,210400,2048,0,0,0,1
mixed,44,0,118,6,pruned,200,0,32,0,0,1
mixed,44,0,119,7,pruned,100,0,32,0,0,1
mixed,44,0,119,7,scan,4800,2048,0,0,0,1
mixed,44,0,120,0,scan,5900,2048,0,2048,2048,1
mixed,44,0,120,0,pruned,5700,2048,0,2048,2048,1
mixed,44,0,121,1,pruned,600,128,30,32,32,1
mixed,44,0,121,1,scan,4700,2048,0,32,32,1
mixed,44,0,122,2,scan,4300,2048,0,2,2,1
mixed,44,0,122,2,pruned,600,128,30,2,2,1
mixed,44,0,123,3,pruned,27000,256,28,4,4,1
mixed,44,0,123,3,scan,225000,2048,0,4,4,1
mixed,44,0,124,4,scan,251400,2048,0,0,0,1
mixed,44,0,124,4,pruned,600,0,32,0,0,1
mixed,44,0,125,5,pruned,24700,2048,0,1024,1024,1
mixed,44,0,125,5,scan,23500,2048,0,1024,1024,1
mixed,44,0,126,6,scan,228000,2048,0,0,0,1
mixed,44,0,126,6,pruned,200,0,32,0,0,1
mixed,44,0,127,7,pruned,200,0,32,0,0,1
mixed,44,0,127,7,scan,4800,2048,0,0,0,1
mixed,44,1,0,0,pruned,6900,2048,0,2048,2048,1
mixed,44,1,0,0,scan,5900,2048,0,2048,2048,1
mixed,44,1,1,1,scan,4800,2048,0,32,32,1
mixed,44,1,1,1,pruned,600,64,31,32,32,1
mixed,44,1,2,2,pruned,700,128,30,2,2,1
mixed,44,1,2,2,scan,4300,2048,0,2,2,1
mixed,44,1,3,3,scan,211300,2048,0,4,4,1
mixed,44,1,3,3,pruned,26900,256,28,4,4,1
mixed,44,1,4,4,pruned,300,0,32,0,0,1
mixed,44,1,4,4,scan,217700,2048,0,0,0,1
mixed,44,1,5,5,scan,25200,2048,0,1024,1024,1
mixed,44,1,5,5,pruned,25400,2048,0,1024,1024,1
mixed,44,1,6,6,pruned,200,0,32,0,0,1
mixed,44,1,6,6,scan,210500,2048,0,0,0,1
mixed,44,1,7,7,scan,4700,2048,0,0,0,1
mixed,44,1,7,7,pruned,100,0,32,0,0,1
mixed,44,1,8,0,pruned,6100,2048,0,2048,2048,1
mixed,44,1,8,0,scan,5700,2048,0,2048,2048,1
mixed,44,1,9,1,scan,4700,2048,0,32,32,1
mixed,44,1,9,1,pruned,700,128,30,32,32,1
mixed,44,1,10,2,pruned,600,128,30,2,2,1
mixed,44,1,10,2,scan,4300,2048,0,2,2,1
mixed,44,1,11,3,scan,210700,2048,0,4,4,1
mixed,44,1,11,3,pruned,26500,256,28,4,4,1
mixed,44,1,12,4,pruned,300,0,32,0,0,1
mixed,44,1,12,4,scan,218700,2048,0,0,0,1
mixed,44,1,13,5,scan,23000,2048,0,1024,1024,1
mixed,44,1,13,5,pruned,23500,2048,0,1024,1024,1
mixed,44,1,14,6,pruned,300,0,32,0,0,1
mixed,44,1,14,6,scan,225700,2048,0,0,0,1
mixed,44,1,15,7,scan,5000,2048,0,0,0,1
mixed,44,1,15,7,pruned,200,0,32,0,0,1
mixed,44,1,16,0,pruned,6900,2048,0,2048,2048,1
mixed,44,1,16,0,scan,5900,2048,0,2048,2048,1
mixed,44,1,17,1,scan,4800,2048,0,32,32,1
mixed,44,1,17,1,pruned,800,128,30,32,32,1
mixed,44,1,18,2,pruned,600,128,30,2,2,1
mixed,44,1,18,2,scan,4300,2048,0,2,2,1
mixed,44,1,19,3,scan,232300,2048,0,4,4,1
mixed,44,1,19,3,pruned,29900,256,28,4,4,1
mixed,44,1,20,4,pruned,300,0,32,0,0,1
mixed,44,1,20,4,scan,224600,2048,0,0,0,1
mixed,44,1,21,5,scan,24300,2048,0,1024,1024,1
mixed,44,1,21,5,pruned,56700,2048,0,1024,1024,1
mixed,44,1,22,6,pruned,300,0,32,0,0,1
mixed,44,1,22,6,scan,210900,2048,0,0,0,1
mixed,44,1,23,7,scan,4900,2048,0,0,0,1
mixed,44,1,23,7,pruned,100,0,32,0,0,1
mixed,44,1,24,0,pruned,7000,2048,0,2048,2048,1
mixed,44,1,24,0,scan,5900,2048,0,2048,2048,1
mixed,44,1,25,1,scan,4900,2048,0,32,32,1
mixed,44,1,25,1,pruned,900,128,30,32,32,1
mixed,44,1,26,2,pruned,700,128,30,2,2,1
mixed,44,1,26,2,scan,4300,2048,0,2,2,1
mixed,44,1,27,3,scan,213400,2048,0,4,4,1
mixed,44,1,27,3,pruned,26900,256,28,4,4,1
mixed,44,1,28,4,pruned,400,0,32,0,0,1
mixed,44,1,28,4,scan,217300,2048,0,0,0,1
mixed,44,1,29,5,scan,23400,2048,0,1024,1024,1
mixed,44,1,29,5,pruned,23500,2048,0,1024,1024,1
mixed,44,1,30,6,pruned,300,0,32,0,0,1
mixed,44,1,30,6,scan,211600,2048,0,0,0,1
mixed,44,1,31,7,scan,4700,2048,0,0,0,1
mixed,44,1,31,7,pruned,0,0,32,0,0,1
mixed,44,1,32,0,pruned,5900,2048,0,2048,2048,1
mixed,44,1,32,0,scan,7300,2048,0,2048,2048,1
mixed,44,1,33,1,scan,5000,2048,0,32,32,1
mixed,44,1,33,1,pruned,1000,128,30,32,32,1
mixed,44,1,34,2,pruned,700,128,30,2,2,1
mixed,44,1,34,2,scan,4200,2048,0,2,2,1
mixed,44,1,35,3,scan,212900,2048,0,4,4,1
mixed,44,1,35,3,pruned,42300,256,28,4,4,1
mixed,44,1,36,4,pruned,400,0,32,0,0,1
mixed,44,1,36,4,scan,228900,2048,0,0,0,1
mixed,44,1,37,5,scan,24400,2048,0,1024,1024,1
mixed,44,1,37,5,pruned,23700,2048,0,1024,1024,1
mixed,44,1,38,6,pruned,200,0,32,0,0,1
mixed,44,1,38,6,scan,210800,2048,0,0,0,1
mixed,44,1,39,7,scan,4900,2048,0,0,0,1
mixed,44,1,39,7,pruned,100,0,32,0,0,1
mixed,44,1,40,0,pruned,6600,2048,0,2048,2048,1
mixed,44,1,40,0,scan,6000,2048,0,2048,2048,1
mixed,44,1,41,1,scan,4800,2048,0,32,32,1
mixed,44,1,41,1,pruned,800,128,30,32,32,1
mixed,44,1,42,2,pruned,800,128,30,2,2,1
mixed,44,1,42,2,scan,4200,2048,0,2,2,1
mixed,44,1,43,3,scan,213600,2048,0,4,4,1
mixed,44,1,43,3,pruned,27000,256,28,4,4,1
mixed,44,1,44,4,pruned,400,0,32,0,0,1
mixed,44,1,44,4,scan,217300,2048,0,0,0,1
mixed,44,1,45,5,scan,23600,2048,0,1024,1024,1
mixed,44,1,45,5,pruned,23700,2048,0,1024,1024,1
mixed,44,1,46,6,pruned,300,0,32,0,0,1
mixed,44,1,46,6,scan,211600,2048,0,0,0,1
mixed,44,1,47,7,scan,4800,2048,0,0,0,1
mixed,44,1,47,7,pruned,100,0,32,0,0,1
mixed,44,1,48,0,pruned,5900,2048,0,2048,2048,1
mixed,44,1,48,0,scan,5600,2048,0,2048,2048,1
mixed,44,1,49,1,scan,4900,2048,0,32,32,1
mixed,44,1,49,1,pruned,600,128,30,32,32,1
mixed,44,1,50,2,pruned,600,128,30,2,2,1
mixed,44,1,50,2,scan,4200,2048,0,2,2,1
mixed,44,1,51,3,scan,211800,2048,0,4,4,1
mixed,44,1,51,3,pruned,26700,256,28,4,4,1
mixed,44,1,52,4,pruned,300,0,32,0,0,1
mixed,44,1,52,4,scan,215900,2048,0,0,0,1
mixed,44,1,53,5,scan,23200,2048,0,1024,1024,1
mixed,44,1,53,5,pruned,23500,2048,0,1024,1024,1
mixed,44,1,54,6,pruned,300,0,32,0,0,1
mixed,44,1,54,6,scan,227200,2048,0,0,0,1
mixed,44,1,55,7,scan,5000,2048,0,0,0,1
mixed,44,1,55,7,pruned,100,0,32,0,0,1
mixed,44,1,56,0,pruned,6900,2048,0,2048,2048,1
mixed,44,1,56,0,scan,5800,2048,0,2048,2048,1
mixed,44,1,57,1,scan,4800,2048,0,32,32,1
mixed,44,1,57,1,pruned,700,128,30,32,32,1
mixed,44,1,58,2,pruned,700,128,30,2,2,1
mixed,44,1,58,2,scan,4300,2048,0,2,2,1
mixed,44,1,59,3,scan,247400,2048,0,4,4,1
mixed,44,1,59,3,pruned,27200,256,28,4,4,1
mixed,44,1,60,4,pruned,300,0,32,0,0,1
mixed,44,1,60,4,scan,230900,2048,0,0,0,1
mixed,44,1,61,5,scan,26500,2048,0,1024,1024,1
mixed,44,1,61,5,pruned,25500,2048,0,1024,1024,1
mixed,44,1,62,6,pruned,300,0,32,0,0,1
mixed,44,1,62,6,scan,210300,2048,0,0,0,1
mixed,44,1,63,7,scan,6100,2048,0,0,0,1
mixed,44,1,63,7,pruned,100,0,32,0,0,1
mixed,44,1,64,0,pruned,6500,2048,0,2048,2048,1
mixed,44,1,64,0,scan,6500,2048,0,2048,2048,1
mixed,44,1,65,1,scan,5200,2048,0,32,32,1
mixed,44,1,65,1,pruned,700,128,30,32,32,1
mixed,44,1,66,2,pruned,800,128,30,2,2,1
mixed,44,1,66,2,scan,4400,2048,0,2,2,1
mixed,44,1,67,3,scan,227100,2048,0,4,4,1
mixed,44,1,67,3,pruned,33700,256,28,4,4,1
mixed,44,1,68,4,pruned,400,0,32,0,0,1
mixed,44,1,68,4,scan,245600,2048,0,0,0,1
mixed,44,1,69,5,scan,35700,2048,0,1024,1024,1
mixed,44,1,69,5,pruned,30900,2048,0,1024,1024,1
mixed,44,1,70,6,pruned,200,0,32,0,0,1
mixed,44,1,70,6,scan,227000,2048,0,0,0,1
mixed,44,1,71,7,scan,6900,2048,0,0,0,1
mixed,44,1,71,7,pruned,100,0,32,0,0,1
mixed,44,1,72,0,pruned,10500,2048,0,2048,2048,1
mixed,44,1,72,0,scan,6000,2048,0,2048,2048,1
mixed,44,1,73,1,scan,4800,2048,0,32,32,1
mixed,44,1,73,1,pruned,800,128,30,32,32,1
mixed,44,1,74,2,pruned,900,128,30,2,2,1
mixed,44,1,74,2,scan,5700,2048,0,2,2,1
mixed,44,1,75,3,scan,229900,2048,0,4,4,1
mixed,44,1,75,3,pruned,51300,256,28,4,4,1
mixed,44,1,76,4,pruned,400,0,32,0,0,1
mixed,44,1,76,4,scan,369500,2048,0,0,0,1
mixed,44,1,77,5,scan,135700,2048,0,1024,1024,1
mixed,44,1,77,5,pruned,38200,2048,0,1024,1024,1
mixed,44,1,78,6,pruned,400,0,32,0,0,1
mixed,44,1,78,6,scan,235000,2048,0,0,0,1
mixed,44,1,79,7,scan,5300,2048,0,0,0,1
mixed,44,1,79,7,pruned,100,0,32,0,0,1
mixed,44,1,80,0,pruned,7900,2048,0,2048,2048,1
mixed,44,1,80,0,scan,9100,2048,0,2048,2048,1
mixed,44,1,81,1,scan,7300,2048,0,32,32,1
mixed,44,1,81,1,pruned,1200,128,30,32,32,1
mixed,44,1,82,2,pruned,900,128,30,2,2,1
mixed,44,1,82,2,scan,6100,2048,0,2,2,1
mixed,44,1,83,3,scan,385300,2048,0,4,4,1
mixed,44,1,83,3,pruned,39100,256,28,4,4,1
mixed,44,1,84,4,pruned,600,0,32,0,0,1
mixed,44,1,84,4,scan,328600,2048,0,0,0,1
mixed,44,1,85,5,scan,43500,2048,0,1024,1024,1
mixed,44,1,85,5,pruned,30700,2048,0,1024,1024,1
mixed,44,1,86,6,pruned,300,0,32,0,0,1
mixed,44,1,86,6,scan,286000,2048,0,0,0,1
mixed,44,1,87,7,scan,7600,2048,0,0,0,1
mixed,44,1,87,7,pruned,200,0,32,0,0,1
mixed,44,1,88,0,pruned,10700,2048,0,2048,2048,1
mixed,44,1,88,0,scan,9300,2048,0,2048,2048,1
mixed,44,1,89,1,scan,7200,2048,0,32,32,1
mixed,44,1,89,1,pruned,1300,128,30,32,32,1
mixed,44,1,90,2,pruned,1000,128,30,2,2,1
mixed,44,1,90,2,scan,5900,2048,0,2,2,1
mixed,44,1,91,3,scan,304600,2048,0,4,4,1
mixed,44,1,91,3,pruned,40400,256,28,4,4,1
mixed,44,1,92,4,pruned,600,0,32,0,0,1
mixed,44,1,92,4,scan,324300,2048,0,0,0,1
mixed,44,1,93,5,scan,87500,2048,0,1024,1024,1
mixed,44,1,93,5,pruned,40800,2048,0,1024,1024,1
mixed,44,1,94,6,pruned,500,0,32,0,0,1
mixed,44,1,94,6,scan,330300,2048,0,0,0,1
mixed,44,1,95,7,scan,7800,2048,0,0,0,1
mixed,44,1,95,7,pruned,200,0,32,0,0,1
mixed,44,1,96,0,pruned,10500,2048,0,2048,2048,1
mixed,44,1,96,0,scan,9200,2048,0,2048,2048,1
mixed,44,1,97,1,scan,7100,2048,0,32,32,1
mixed,44,1,97,1,pruned,1100,128,30,32,32,1
mixed,44,1,98,2,pruned,1200,128,30,2,2,1
mixed,44,1,98,2,scan,6100,2048,0,2,2,1
mixed,44,1,99,3,scan,333900,2048,0,4,4,1
mixed,44,1,99,3,pruned,45300,256,28,4,4,1
mixed,44,1,100,4,pruned,600,0,32,0,0,1
mixed,44,1,100,4,scan,372400,2048,0,0,0,1
mixed,44,1,101,5,scan,40200,2048,0,1024,1024,1
mixed,44,1,101,5,pruned,39800,2048,0,1024,1024,1
mixed,44,1,102,6,pruned,400,0,32,0,0,1
mixed,44,1,102,6,scan,370600,2048,0,0,0,1
mixed,44,1,103,7,scan,7000,2048,0,0,0,1
mixed,44,1,103,7,pruned,200,0,32,0,0,1
mixed,44,1,104,0,pruned,10400,2048,0,2048,2048,1
mixed,44,1,104,0,scan,9100,2048,0,2048,2048,1
mixed,44,1,105,1,scan,7100,2048,0,32,32,1
mixed,44,1,105,1,pruned,1200,128,30,32,32,1
mixed,44,1,106,2,pruned,1000,128,30,2,2,1
mixed,44,1,106,2,scan,6200,2048,0,2,2,1
mixed,44,1,107,3,scan,368000,2048,0,4,4,1
mixed,44,1,107,3,pruned,45700,256,28,4,4,1
mixed,44,1,108,4,pruned,600,0,32,0,0,1
mixed,44,1,108,4,scan,392800,2048,0,0,0,1
mixed,44,1,109,5,scan,39700,2048,0,1024,1024,1
mixed,44,1,109,5,pruned,39500,2048,0,1024,1024,1
mixed,44,1,110,6,pruned,300,0,32,0,0,1
mixed,44,1,110,6,scan,346400,2048,0,0,0,1
mixed,44,1,111,7,scan,6800,2048,0,0,0,1
mixed,44,1,111,7,pruned,100,0,32,0,0,1
mixed,44,1,112,0,pruned,10300,2048,0,2048,2048,1
mixed,44,1,112,0,scan,9200,2048,0,2048,2048,1
mixed,44,1,113,1,scan,7100,2048,0,32,32,1
mixed,44,1,113,1,pruned,1200,128,30,32,32,1
mixed,44,1,114,2,pruned,1000,128,30,2,2,1
mixed,44,1,114,2,scan,6300,2048,0,2,2,1
mixed,44,1,115,3,scan,353100,2048,0,4,4,1
mixed,44,1,115,3,pruned,44600,256,28,4,4,1
mixed,44,1,116,4,pruned,500,0,32,0,0,1
mixed,44,1,116,4,scan,375500,2048,0,0,0,1
mixed,44,1,117,5,scan,38300,2048,0,1024,1024,1
mixed,44,1,117,5,pruned,39500,2048,0,1024,1024,1
mixed,44,1,118,6,pruned,300,0,32,0,0,1
mixed,44,1,118,6,scan,370000,2048,0,0,0,1
mixed,44,1,119,7,scan,7100,2048,0,0,0,1
mixed,44,1,119,7,pruned,200,0,32,0,0,1
mixed,44,1,120,0,pruned,10600,2048,0,2048,2048,1
mixed,44,1,120,0,scan,9500,2048,0,2048,2048,1
mixed,44,1,121,1,scan,7200,2048,0,32,32,1
mixed,44,1,121,1,pruned,1200,128,30,32,32,1
mixed,44,1,122,2,pruned,900,128,30,2,2,1
mixed,44,1,122,2,scan,6200,2048,0,2,2,1
mixed,44,1,123,3,scan,350800,2048,0,4,4,1
mixed,44,1,123,3,pruned,45500,256,28,4,4,1
mixed,44,1,124,4,pruned,500,0,32,0,0,1
mixed,44,1,124,4,scan,367601,2048,0,0,0,1
mixed,44,1,125,5,scan,39700,2048,0,1024,1024,1
mixed,44,1,125,5,pruned,40200,2048,0,1024,1024,1
mixed,44,1,126,6,pruned,300,0,32,0,0,1
mixed,44,1,126,6,scan,364600,2048,0,0,0,1
mixed,44,1,127,7,scan,6800,2048,0,0,0,1
mixed,44,1,127,7,pruned,100,0,32,0,0,1
mixed,44,2,0,0,scan,9700,2048,0,2048,2048,1
mixed,44,2,0,0,pruned,9400,2048,0,2048,2048,1
mixed,44,2,1,1,pruned,1000,64,31,32,32,1
mixed,44,2,1,1,scan,7100,2048,0,32,32,1
mixed,44,2,2,2,scan,7500,2048,0,2,2,1
mixed,44,2,2,2,pruned,1700,128,30,2,2,1
mixed,44,2,3,3,pruned,38900,256,28,4,4,1
mixed,44,2,3,3,scan,309300,2048,0,4,4,1
mixed,44,2,4,4,scan,331100,2048,0,0,0,1
mixed,44,2,4,4,pruned,1000,0,32,0,0,1
mixed,44,2,5,5,pruned,46600,2048,0,1024,1024,1
mixed,44,2,5,5,scan,33800,2048,0,1024,1024,1
mixed,44,2,6,6,scan,277700,2048,0,0,0,1
mixed,44,2,6,6,pruned,500,0,32,0,0,1
mixed,44,2,7,7,pruned,100,0,32,0,0,1
mixed,44,2,7,7,scan,8300,2048,0,0,0,1
mixed,44,2,8,0,scan,10400,2048,0,2048,2048,1
mixed,44,2,8,0,pruned,9100,2048,0,2048,2048,1
mixed,44,2,9,1,pruned,1200,128,30,32,32,1
mixed,44,2,9,1,scan,7300,2048,0,32,32,1
mixed,44,2,10,2,scan,5600,2048,0,2,2,1
mixed,44,2,10,2,pruned,1000,128,30,2,2,1
mixed,44,2,11,3,pruned,37600,256,28,4,4,1
mixed,44,2,11,3,scan,336800,2048,0,4,4,1
mixed,44,2,12,4,scan,339900,2048,0,0,0,1
mixed,44,2,12,4,pruned,800,0,32,0,0,1
mixed,44,2,13,5,pruned,42800,2048,0,1024,1024,1
mixed,44,2,13,5,scan,38600,2048,0,1024,1024,1
mixed,44,2,14,6,scan,316400,2048,0,0,0,1
mixed,44,2,14,6,pruned,400,0,32,0,0,1
mixed,44,2,15,7,pruned,100,0,32,0,0,1
mixed,44,2,15,7,scan,10100,2048,0,0,0,1
mixed,44,2,16,0,scan,11000,2048,0,2048,2048,1
mixed,44,2,16,0,pruned,10300,2048,0,2048,2048,1
mixed,44,2,17,1,pruned,1400,128,30,32,32,1
mixed,44,2,17,1,scan,7200,2048,0,32,32,1
mixed,44,2,18,2,scan,6800,2048,0,2,2,1
mixed,44,2,18,2,pruned,1000,128,30,2,2,1
mixed,44,2,19,3,pruned,39200,256,28,4,4,1
mixed,44,2,19,3,scan,314100,2048,0,4,4,1
mixed,44,2,20,4,scan,256400,2048,0,0,0,1
mixed,44,2,20,4,pruned,700,0,32,0,0,1
mixed,44,2,21,5,pruned,27100,2048,0,1024,1024,1
mixed,44,2,21,5,scan,23400,2048,0,1024,1024,1
mixed,44,2,22,6,scan,241000,2048,0,0,0,1
mixed,44,2,22,6,pruned,300,0,32,0,0,1
mixed,44,2,23,7,pruned,200,0,32,0,0,1
mixed,44,2,23,7,scan,5000,2048,0,0,0,1
mixed,44,2,24,0,scan,6600,2048,0,2048,2048,1
mixed,44,2,24,0,pruned,5900,2048,0,2048,2048,1
mixed,44,2,25,1,pruned,900,128,30,32,32,1
mixed,44,2,25,1,scan,4900,2048,0,32,32,1
mixed,44,2,26,2,scan,4300,2048,0,2,2,1
mixed,44,2,26,2,pruned,600,128,30,2,2,1
mixed,44,2,27,3,pruned,27400,256,28,4,4,1
mixed,44,2,27,3,scan,210800,2048,0,4,4,1
mixed,44,2,28,4,scan,216200,2048,0,0,0,1
mixed,44,2,28,4,pruned,700,0,32,0,0,1
mixed,44,2,29,5,pruned,38600,2048,0,1024,1024,1
mixed,44,2,29,5,scan,36400,2048,0,1024,1024,1
mixed,44,2,30,6,scan,217300,2048,0,0,0,1
mixed,44,2,30,6,pruned,300,0,32,0,0,1
mixed,44,2,31,7,pruned,100,0,32,0,0,1
mixed,44,2,31,7,scan,5000,2048,0,0,0,1
mixed,44,2,32,0,scan,6700,2048,0,2048,2048,1
mixed,44,2,32,0,pruned,5900,2048,0,2048,2048,1
mixed,44,2,33,1,pruned,1100,128,30,32,32,1
mixed,44,2,33,1,scan,4800,2048,0,32,32,1
mixed,44,2,34,2,scan,4400,2048,0,2,2,1
mixed,44,2,34,2,pruned,600,128,30,2,2,1
mixed,44,2,35,3,pruned,27100,256,28,4,4,1
mixed,44,2,35,3,scan,212000,2048,0,4,4,1
mixed,44,2,36,4,scan,216800,2048,0,0,0,1
mixed,44,2,36,4,pruned,400,0,32,0,0,1
mixed,44,2,37,5,pruned,24100,2048,0,1024,1024,1
mixed,44,2,37,5,scan,23200,2048,0,1024,1024,1
mixed,44,2,38,6,scan,243600,2048,0,0,0,1
mixed,44,2,38,6,pruned,300,0,32,0,0,1
mixed,44,2,39,7,pruned,100,0,32,0,0,1
mixed,44,2,39,7,scan,5000,2048,0,0,0,1
mixed,44,2,40,0,scan,6900,2048,0,2048,2048,1
mixed,44,2,40,0,pruned,6100,2048,0,2048,2048,1
mixed,44,2,41,1,pruned,900,128,30,32,32,1
mixed,44,2,41,1,scan,4700,2048,0,32,32,1
mixed,44,2,42,2,scan,4300,2048,0,2,2,1
mixed,44,2,42,2,pruned,800,128,30,2,2,1
mixed,44,2,43,3,pruned,26900,256,28,4,4,1
mixed,44,2,43,3,scan,210200,2048,0,4,4,1
mixed,44,2,44,4,scan,216600,2048,0,0,0,1
mixed,44,2,44,4,pruned,400,0,32,0,0,1
mixed,44,2,45,5,pruned,24000,2048,0,1024,1024,1
mixed,44,2,45,5,scan,23200,2048,0,1024,1024,1
mixed,44,2,46,6,scan,210100,2048,0,0,0,1
mixed,44,2,46,6,pruned,800,0,32,0,0,1
mixed,44,2,47,7,pruned,100,0,32,0,0,1
mixed,44,2,47,7,scan,4900,2048,0,0,0,1
mixed,44,2,48,0,scan,5900,2048,0,2048,2048,1
mixed,44,2,48,0,pruned,5900,2048,0,2048,2048,1
mixed,44,2,49,1,pruned,800,128,30,32,32,1
mixed,44,2,49,1,scan,4800,2048,0,32,32,1
mixed,44,2,50,2,scan,4300,2048,0,2,2,1
mixed,44,2,50,2,pruned,500,128,30,2,2,1
mixed,44,2,51,3,pruned,27100,256,28,4,4,1
mixed,44,2,51,3,scan,210900,2048,0,4,4,1
mixed,44,2,52,4,scan,216300,2048,0,0,0,1
mixed,44,2,52,4,pruned,400,0,32,0,0,1
mixed,44,2,53,5,pruned,24300,2048,0,1024,1024,1
mixed,44,2,53,5,scan,23200,2048,0,1024,1024,1
mixed,44,2,54,6,scan,235800,2048,0,0,0,1
mixed,44,2,54,6,pruned,300,0,32,0,0,1
mixed,44,2,55,7,pruned,100,0,32,0,0,1
mixed,44,2,55,7,scan,5000,2048,0,0,0,1
mixed,44,2,56,0,scan,6400,2048,0,2048,2048,1
mixed,44,2,56,0,pruned,6000,2048,0,2048,2048,1
mixed,44,2,57,1,pruned,900,128,30,32,32,1
mixed,44,2,57,1,scan,4900,2048,0,32,32,1
mixed,44,2,58,2,scan,4600,2048,0,2,2,1
mixed,44,2,58,2,pruned,600,128,30,2,2,1
mixed,44,2,59,3,pruned,26900,256,28,4,4,1
mixed,44,2,59,3,scan,228700,2048,0,4,4,1
mixed,44,2,60,4,scan,222700,2048,0,0,0,1
mixed,44,2,60,4,pruned,500,0,32,0,0,1
mixed,44,2,61,5,pruned,25200,2048,0,1024,1024,1
mixed,44,2,61,5,scan,23600,2048,0,1024,1024,1
mixed,44,2,62,6,scan,210900,2048,0,0,0,1
mixed,44,2,62,6,pruned,300,0,32,0,0,1
mixed,44,2,63,7,pruned,100,0,32,0,0,1
mixed,44,2,63,7,scan,5100,2048,0,0,0,1
mixed,44,2,64,0,scan,6200,2048,0,2048,2048,1
mixed,44,2,64,0,pruned,6000,2048,0,2048,2048,1
mixed,44,2,65,1,pruned,800,128,30,32,32,1
mixed,44,2,65,1,scan,5000,2048,0,32,32,1
mixed,44,2,66,2,scan,6400,2048,0,2,2,1
mixed,44,2,66,2,pruned,900,128,30,2,2,1
mixed,44,2,67,3,pruned,35800,256,28,4,4,1
mixed,44,2,67,3,scan,248300,2048,0,4,4,1
mixed,44,2,68,4,scan,236400,2048,0,0,0,1
mixed,44,2,68,4,pruned,700,0,32,0,0,1
mixed,44,2,69,5,pruned,94700,2048,0,1024,1024,1
mixed,44,2,69,5,scan,24500,2048,0,1024,1024,1
mixed,44,2,70,6,scan,209600,2048,0,0,0,1
mixed,44,2,70,6,pruned,300,0,32,0,0,1
mixed,44,2,71,7,pruned,100,0,32,0,0,1
mixed,44,2,71,7,scan,4800,2048,0,0,0,1
mixed,44,2,72,0,scan,6400,2048,0,2048,2048,1
mixed,44,2,72,0,pruned,6000,2048,0,2048,2048,1
mixed,44,2,73,1,pruned,800,128,30,32,32,1
mixed,44,2,73,1,scan,4700,2048,0,32,32,1
mixed,44,2,74,2,scan,4400,2048,0,2,2,1
mixed,44,2,74,2,pruned,700,128,30,2,2,1
mixed,44,2,75,3,pruned,27300,256,28,4,4,1
mixed,44,2,75,3,scan,210600,2048,0,4,4,1
mixed,44,2,76,4,scan,216400,2048,0,0,0,1
mixed,44,2,76,4,pruned,400,0,32,0,0,1
mixed,44,2,77,5,pruned,23600,2048,0,1024,1024,1
mixed,44,2,77,5,scan,23000,2048,0,1024,1024,1
mixed,44,2,78,6,scan,224600,2048,0,0,0,1
mixed,44,2,78,6,pruned,300,0,32,0,0,1
mixed,44,2,79,7,pruned,100,0,32,0,0,1
mixed,44,2,79,7,scan,4800,2048,0,0,0,1
mixed,44,2,80,0,scan,6800,2048,0,2048,2048,1
mixed,44,2,80,0,pruned,5800,2048,0,2048,2048,1
mixed,44,2,81,1,pruned,800,128,30,32,32,1
mixed,44,2,81,1,scan,4700,2048,0,32,32,1
mixed,44,2,82,2,scan,4300,2048,0,2,2,1
mixed,44,2,82,2,pruned,600,128,30,2,2,1
mixed,44,2,83,3,pruned,27000,256,28,4,4,1
mixed,44,2,83,3,scan,210800,2048,0,4,4,1
mixed,44,2,84,4,scan,226900,2048,0,0,0,1
mixed,44,2,84,4,pruned,500,0,32,0,0,1
mixed,44,2,85,5,pruned,24900,2048,0,1024,1024,1
mixed,44,2,85,5,scan,26700,2048,0,1024,1024,1
mixed,44,2,86,6,scan,352400,2048,0,0,0,1
mixed,44,2,86,6,pruned,400,0,32,0,0,1
mixed,44,2,87,7,pruned,200,0,32,0,0,1
mixed,44,2,87,7,scan,6900,2048,0,0,0,1
mixed,44,2,88,0,scan,10100,2048,0,2048,2048,1
mixed,44,2,88,0,pruned,9700,2048,0,2048,2048,1
mixed,44,2,89,1,pruned,1300,128,30,32,32,1
mixed,44,2,89,1,scan,7500,2048,0,32,32,1
mixed,44,2,90,2,scan,6400,2048,0,2,2,1
mixed,44,2,90,2,pruned,1100,128,30,2,2,1
mixed,44,2,91,3,pruned,47000,256,28,4,4,1
mixed,44,2,91,3,scan,364000,2048,0,4,4,1
mixed,44,2,92,4,scan,383000,2048,0,0,0,1
mixed,44,2,92,4,pruned,700,0,32,0,0,1
mixed,44,2,93,5,pruned,40300,2048,0,1024,1024,1
mixed,44,2,93,5,scan,57600,2048,0,1024,1024,1
mixed,44,2,94,6,scan,835500,2048,0,0,0,1
mixed,44,2,94,6,pruned,900,0,32,0,0,1
mixed,44,2,95,7,pruned,200,0,32,0,0,1
mixed,44,2,95,7,scan,9400,2048,0,0,0,1
mixed,44,2,96,0,scan,14100,2048,0,2048,2048,1
mixed,44,2,96,0,pruned,10300,2048,0,2048,2048,1
mixed,44,2,97,1,pruned,1500,128,30,32,32,1
mixed,44,2,97,1,scan,7500,2048,0,32,32,1
mixed,44,2,98,2,scan,6600,2048,0,2,2,1
mixed,44,2,98,2,pruned,1000,128,30,2,2,1
mixed,44,2,99,3,pruned,47700,256,28,4,4,1
mixed,44,2,99,3,scan,925100,2048,0,4,4,1
mixed,44,2,100,4,scan,413200,2048,0,0,0,1
mixed,44,2,100,4,pruned,1700,0,32,0,0,1
mixed,44,2,101,5,pruned,45200,2048,0,1024,1024,1
mixed,44,2,101,5,scan,40100,2048,0,1024,1024,1
mixed,44,2,102,6,scan,373400,2048,0,0,0,1
mixed,44,2,102,6,pruned,500,0,32,0,0,1
mixed,44,2,103,7,pruned,200,0,32,0,0,1
mixed,44,2,103,7,scan,7900,2048,0,0,0,1
mixed,44,2,104,0,scan,10800,2048,0,2048,2048,1
mixed,44,2,104,0,pruned,10300,2048,0,2048,2048,1
mixed,44,2,105,1,pruned,1300,128,30,32,32,1
mixed,44,2,105,1,scan,7800,2048,0,32,32,1
mixed,44,2,106,2,scan,6800,2048,0,2,2,1
mixed,44,2,106,2,pruned,1000,128,30,2,2,1
mixed,44,2,107,3,pruned,47900,256,28,4,4,1
mixed,44,2,107,3,scan,370400,2048,0,4,4,1
mixed,44,2,108,4,scan,393200,2048,0,0,0,1
mixed,44,2,108,4,pruned,800,0,32,0,0,1
mixed,44,2,109,5,pruned,41200,2048,0,1024,1024,1
mixed,44,2,109,5,scan,58800,2048,0,1024,1024,1
mixed,44,2,110,6,scan,378100,2048,0,0,0,1
mixed,44,2,110,6,pruned,400,0,32,0,0,1
mixed,44,2,111,7,pruned,200,0,32,0,0,1
mixed,44,2,111,7,scan,7600,2048,0,0,0,1
mixed,44,2,112,0,scan,10900,2048,0,2048,2048,1
mixed,44,2,112,0,pruned,10300,2048,0,2048,2048,1
mixed,44,2,113,1,pruned,1400,128,30,32,32,1
mixed,44,2,113,1,scan,7800,2048,0,32,32,1
mixed,44,2,114,2,scan,6700,2048,0,2,2,1
mixed,44,2,114,2,pruned,900,128,30,2,2,1
mixed,44,2,115,3,pruned,48500,256,28,4,4,1
mixed,44,2,115,3,scan,371500,2048,0,4,4,1
mixed,44,2,116,4,scan,421500,2048,0,0,0,1
mixed,44,2,116,4,pruned,900,0,32,0,0,1
mixed,44,2,117,5,pruned,44200,2048,0,1024,1024,1
mixed,44,2,117,5,scan,40500,2048,0,1024,1024,1
mixed,44,2,118,6,scan,368100,2048,0,0,0,1
mixed,44,2,118,6,pruned,400,0,32,0,0,1
mixed,44,2,119,7,pruned,100,0,32,0,0,1
mixed,44,2,119,7,scan,7700,2048,0,0,0,1
mixed,44,2,120,0,scan,10900,2048,0,2048,2048,1
mixed,44,2,120,0,pruned,10100,2048,0,2048,2048,1
mixed,44,2,121,1,pruned,1400,128,30,32,32,1
mixed,44,2,121,1,scan,7700,2048,0,32,32,1
mixed,44,2,122,2,scan,6800,2048,0,2,2,1
mixed,44,2,122,2,pruned,1000,128,30,2,2,1
mixed,44,2,123,3,pruned,48200,256,28,4,4,1
mixed,44,2,123,3,scan,394800,2048,0,4,4,1
mixed,44,2,124,4,scan,397400,2048,0,0,0,1
mixed,44,2,124,4,pruned,800,0,32,0,0,1
mixed,44,2,125,5,pruned,41900,2048,0,1024,1024,1
mixed,44,2,125,5,scan,40200,2048,0,1024,1024,1
mixed,44,2,126,6,scan,379200,2048,0,0,0,1
mixed,44,2,126,6,pruned,400,0,32,0,0,1
mixed,44,2,127,7,pruned,200,0,32,0,0,1
mixed,44,2,127,7,scan,7500,2048,0,0,0,1
mixed,44,3,0,0,pruned,10500,2048,0,2048,2048,1
mixed,44,3,0,0,scan,10400,2048,0,2048,2048,1
mixed,44,3,1,1,scan,8100,2048,0,32,32,1
mixed,44,3,1,1,pruned,1000,64,31,32,32,1
mixed,44,3,2,2,pruned,900,128,30,2,2,1
mixed,44,3,2,2,scan,6900,2048,0,2,2,1
mixed,44,3,3,3,scan,378500,2048,0,4,4,1
mixed,44,3,3,3,pruned,47500,256,28,4,4,1
mixed,44,3,4,4,pruned,600,0,32,0,0,1
mixed,44,3,4,4,scan,385800,2048,0,0,0,1
mixed,44,3,5,5,scan,62900,2048,0,1024,1024,1
mixed,44,3,5,5,pruned,42600,2048,0,1024,1024,1
mixed,44,3,6,6,pruned,300,0,32,0,0,1
mixed,44,3,6,6,scan,367200,2048,0,0,0,1
mixed,44,3,7,7,scan,7500,2048,0,0,0,1
mixed,44,3,7,7,pruned,200,0,32,0,0,1
mixed,44,3,8,0,pruned,10600,2048,0,2048,2048,1
mixed,44,3,8,0,scan,9700,2048,0,2048,2048,1
mixed,44,3,9,1,scan,7500,2048,0,32,32,1
mixed,44,3,9,1,pruned,1300,128,30,32,32,1
mixed,44,3,10,2,pruned,1000,128,30,2,2,1
mixed,44,3,10,2,scan,6700,2048,0,2,2,1
mixed,44,3,11,3,scan,271600,2048,0,4,4,1
mixed,44,3,11,3,pruned,28000,256,28,4,4,1
mixed,44,3,12,4,pruned,300,0,32,0,0,1
mixed,44,3,12,4,scan,225700,2048,0,0,0,1
mixed,44,3,13,5,scan,24900,2048,0,1024,1024,1
mixed,44,3,13,5,pruned,24800,2048,0,1024,1024,1
mixed,44,3,14,6,pruned,200,0,32,0,0,1
mixed,44,3,14,6,scan,251600,2048,0,0,0,1
mixed,44,3,15,7,scan,5700,2048,0,0,0,1
mixed,44,3,15,7,pruned,100,0,32,0,0,1
mixed,44,3,16,0,pruned,7200,2048,0,2048,2048,1
mixed,44,3,16,0,scan,6300,2048,0,2048,2048,1
mixed,44,3,17,1,scan,5200,2048,0,32,32,1
mixed,44,3,17,1,pruned,900,128,30,32,32,1
mixed,44,3,18,2,pruned,700,128,30,2,2,1
mixed,44,3,18,2,scan,4700,2048,0,2,2,1
mixed,44,3,19,3,scan,316400,2048,0,4,4,1
mixed,44,3,19,3,pruned,45700,256,28,4,4,1
mixed,44,3,20,4,pruned,900,0,32,0,0,1
mixed,44,3,20,4,scan,384400,2048,0,0,0,1
mixed,44,3,21,5,scan,73900,2048,0,1024,1024,1
mixed,44,3,21,5,pruned,76900,2048,0,1024,1024,1
mixed,44,3,22,6,pruned,400,0,32,0,0,1
mixed,44,3,22,6,scan,283200,2048,0,0,0,1
mixed,44,3,23,7,scan,5800,2048,0,0,0,1
mixed,44,3,23,7,pruned,0,0,32,0,0,1
mixed,44,3,24,0,pruned,7900,2048,0,2048,2048,1
mixed,44,3,24,0,scan,6200,2048,0,2048,2048,1
mixed,44,3,25,1,scan,5100,2048,0,32,32,1
mixed,44,3,25,1,pruned,900,128,30,32,32,1
mixed,44,3,26,2,pruned,600,128,30,2,2,1
mixed,44,3,26,2,scan,4700,2048,0,2,2,1
mixed,44,3,27,3,scan,259200,2048,0,4,4,1
mixed,44,3,27,3,pruned,29100,256,28,4,4,1
mixed,44,3,28,4,pruned,300,0,32,0,0,1
mixed,44,3,28,4,scan,226900,2048,0,0,0,1
mixed,44,3,29,5,scan,26500,2048,0,1024,1024,1
mixed,44,3,29,5,pruned,25600,2048,0,1024,1024,1
mixed,44,3,30,6,pruned,300,0,32,0,0,1
mixed,44,3,30,6,scan,217200,2048,0,0,0,1
mixed,44,3,31,7,scan,5600,2048,0,0,0,1
mixed,44,3,31,7,pruned,100,0,32,0,0,1
mixed,44,3,32,0,pruned,6900,2048,0,2048,2048,1
mixed,44,3,32,0,scan,6400,2048,0,2048,2048,1
mixed,44,3,33,1,scan,5300,2048,0,32,32,1
mixed,44,3,33,1,pruned,900,128,30,32,32,1
mixed,44,3,34,2,pruned,700,128,30,2,2,1
mixed,44,3,34,2,scan,4800,2048,0,2,2,1
mixed,44,3,35,3,scan,218500,2048,0,4,4,1
mixed,44,3,35,3,pruned,28200,256,28,4,4,1
mixed,44,3,36,4,pruned,300,0,32,0,0,1
mixed,44,3,36,4,scan,278200,2048,0,0,0,1
mixed,44,3,37,5,scan,53700,2048,0,1024,1024,1
mixed,44,3,37,5,pruned,39900,2048,0,1024,1024,1
mixed,44,3,38,6,pruned,400,0,32,0,0,1
mixed,44,3,38,6,scan,263300,2048,0,0,0,1
mixed,44,3,39,7,scan,7400,2048,0,0,0,1
mixed,44,3,39,7,pruned,100,0,32,0,0,1
mixed,44,3,40,0,pruned,7500,2048,0,2048,2048,1
mixed,44,3,40,0,scan,6500,2048,0,2048,2048,1
mixed,44,3,41,1,scan,5300,2048,0,32,32,1
mixed,44,3,41,1,pruned,1100,128,30,32,32,1
mixed,44,3,42,2,pruned,1300,128,30,2,2,1
mixed,44,3,42,2,scan,4800,2048,0,2,2,1
mixed,44,3,43,3,scan,225700,2048,0,4,4,1
mixed,44,3,43,3,pruned,28400,256,28,4,4,1
mixed,44,3,44,4,pruned,400,0,32,0,0,1
mixed,44,3,44,4,scan,229700,2048,0,0,0,1
mixed,44,3,45,5,scan,28000,2048,0,1024,1024,1
mixed,44,3,45,5,pruned,25500,2048,0,1024,1024,1
mixed,44,3,46,6,pruned,200,0,32,0,0,1
mixed,44,3,46,6,scan,256300,2048,0,0,0,1
mixed,44,3,47,7,scan,9400,2048,0,0,0,1
mixed,44,3,47,7,pruned,100,0,32,0,0,1
mixed,44,3,48,0,pruned,8600,2048,0,2048,2048,1
mixed,44,3,48,0,scan,6500,2048,0,2048,2048,1
mixed,44,3,49,1,scan,5600,2048,0,32,32,1
mixed,44,3,49,1,pruned,900,128,30,32,32,1
mixed,44,3,50,2,pruned,700,128,30,2,2,1
mixed,44,3,50,2,scan,4700,2048,0,2,2,1
mixed,44,3,51,3,scan,290400,2048,0,4,4,1
mixed,44,3,51,3,pruned,29100,256,28,4,4,1
mixed,44,3,52,4,pruned,400,0,32,0,0,1
mixed,44,3,52,4,scan,246000,2048,0,0,0,1
mixed,44,3,53,5,scan,43600,2048,0,1024,1024,1
mixed,44,3,53,5,pruned,43300,2048,0,1024,1024,1
mixed,44,3,54,6,pruned,300,0,32,0,0,1
mixed,44,3,54,6,scan,241200,2048,0,0,0,1
mixed,44,3,55,7,scan,6000,2048,0,0,0,1
mixed,44,3,55,7,pruned,100,0,32,0,0,1
mixed,44,3,56,0,pruned,7900,2048,0,2048,2048,1
mixed,44,3,56,0,scan,6400,2048,0,2048,2048,1
mixed,44,3,57,1,scan,5200,2048,0,32,32,1
mixed,44,3,57,1,pruned,1000,128,30,32,32,1
mixed,44,3,58,2,pruned,900,128,30,2,2,1
mixed,44,3,58,2,scan,4800,2048,0,2,2,1
mixed,44,3,59,3,scan,224000,2048,0,4,4,1
mixed,44,3,59,3,pruned,32700,256,28,4,4,1
mixed,44,3,60,4,pruned,300,0,32,0,0,1
mixed,44,3,60,4,scan,224100,2048,0,0,0,1
mixed,44,3,61,5,scan,26000,2048,0,1024,1024,1
mixed,44,3,61,5,pruned,25400,2048,0,1024,1024,1
mixed,44,3,62,6,pruned,300,0,32,0,0,1
mixed,44,3,62,6,scan,219700,2048,0,0,0,1
mixed,44,3,63,7,scan,5600,2048,0,0,0,1
mixed,44,3,63,7,pruned,100,0,32,0,0,1
mixed,44,3,64,0,pruned,6600,2048,0,2048,2048,1
mixed,44,3,64,0,scan,6200,2048,0,2048,2048,1
mixed,44,3,65,1,scan,5300,2048,0,32,32,1
mixed,44,3,65,1,pruned,800,128,30,32,32,1
mixed,44,3,66,2,pruned,700,128,30,2,2,1
mixed,44,3,66,2,scan,4700,2048,0,2,2,1
mixed,44,3,67,3,scan,218600,2048,0,4,4,1
mixed,44,3,67,3,pruned,27500,256,28,4,4,1
mixed,44,3,68,4,pruned,300,0,32,0,0,1
mixed,44,3,68,4,scan,270000,2048,0,0,0,1
mixed,44,3,69,5,scan,38401,2048,0,1024,1024,1
mixed,44,3,69,5,pruned,36400,2048,0,1024,1024,1
mixed,44,3,70,6,pruned,800,0,32,0,0,1
mixed,44,3,70,6,scan,283200,2048,0,0,0,1
mixed,44,3,71,7,scan,6600,2048,0,0,0,1
mixed,44,3,71,7,pruned,0,0,32,0,0,1
mixed,44,3,72,0,pruned,8400,2048,0,2048,2048,1
mixed,44,3,72,0,scan,6400,2048,0,2048,2048,1
mixed,44,3,73,1,scan,5400,2048,0,32,32,1
mixed,44,3,73,1,pruned,900,128,30,32,32,1
mixed,44,3,74,2,pruned,700,128,30,2,2,1
mixed,44,3,74,2,scan,4800,2048,0,2,2,1
mixed,44,3,75,3,scan,245400,2048,0,4,4,1
mixed,44,3,75,3,pruned,28200,256,28,4,4,1
mixed,44,3,76,4,pruned,400,0,32,0,0,1
mixed,44,3,76,4,scan,328600,2048,0,0,0,1
mixed,44,3,77,5,scan,34700,2048,0,1024,1024,1
mixed,44,3,77,5,pruned,27600,2048,0,1024,1024,1
mixed,44,3,78,6,pruned,300,0,32,0,0,1
mixed,44,3,78,6,scan,239300,2048,0,0,0,1
mixed,44,3,79,7,scan,11200,2048,0,0,0,1
mixed,44,3,79,7,pruned,100,0,32,0,0,1
mixed,44,3,80,0,pruned,12400,2048,0,2048,2048,1
mixed,44,3,80,0,scan,6900,2048,0,2048,2048,1
mixed,44,3,81,1,scan,5200,2048,0,32,32,1
mixed,44,3,81,1,pruned,900,128,30,32,32,1
mixed,44,3,82,2,pruned,600,128,30,2,2,1
mixed,44,3,82,2,scan,4700,2048,0,2,2,1
mixed,44,3,83,3,scan,237300,2048,0,4,4,1
mixed,44,3,83,3,pruned,28700,256,28,4,4,1
mixed,44,3,84,4,pruned,400,0,32,0,0,1
mixed,44,3,84,4,scan,271900,2048,0,0,0,1
mixed,44,3,85,5,scan,28500,2048,0,1024,1024,1
mixed,44,3,85,5,pruned,25800,2048,0,1024,1024,1
mixed,44,3,86,6,pruned,300,0,32,0,0,1
mixed,44,3,86,6,scan,217700,2048,0,0,0,1
mixed,44,3,87,7,scan,5900,2048,0,0,0,1
mixed,44,3,87,7,pruned,100,0,32,0,0,1
mixed,44,3,88,0,pruned,6700,2048,0,2048,2048,1
mixed,44,3,88,0,scan,6400,2048,0,2048,2048,1
mixed,44,3,89,1,scan,5300,2048,0,32,32,1
mixed,44,3,89,1,pruned,900,128,30,32,32,1
mixed,44,3,90,2,pruned,800,128,30,2,2,1
mixed,44,3,90,2,scan,4700,2048,0,2,2,1
mixed,44,3,91,3,scan,222300,2048,0,4,4,1
mixed,44,3,91,3,pruned,28200,256,28,4,4,1
mixed,44,3,92,4,pruned,400,0,32,0,0,1
mixed,44,3,92,4,scan,244800,2048,0,0,0,1
mixed,44,3,93,5,scan,26000,2048,0,1024,1024,1
mixed,44,3,93,5,pruned,25500,2048,0,1024,1024,1
mixed,44,3,94,6,pruned,300,0,32,0,0,1
mixed,44,3,94,6,scan,218200,2048,0,0,0,1
mixed,44,3,95,7,scan,5800,2048,0,0,0,1
mixed,44,3,95,7,pruned,100,0,32,0,0,1
mixed,44,3,96,0,pruned,6900,2048,0,2048,2048,1
mixed,44,3,96,0,scan,6500,2048,0,2048,2048,1
mixed,44,3,97,1,scan,5300,2048,0,32,32,1
mixed,44,3,97,1,pruned,1300,128,30,32,32,1
mixed,44,3,98,2,pruned,900,128,30,2,2,1
mixed,44,3,98,2,scan,4700,2048,0,2,2,1
mixed,44,3,99,3,scan,237600,2048,0,4,4,1
mixed,44,3,99,3,pruned,32000,256,28,4,4,1
mixed,44,3,100,4,pruned,400,0,32,0,0,1
mixed,44,3,100,4,scan,228100,2048,0,0,0,1
mixed,44,3,101,5,scan,26600,2048,0,1024,1024,1
mixed,44,3,101,5,pruned,25600,2048,0,1024,1024,1
mixed,44,3,102,6,pruned,400,0,32,0,0,1
mixed,44,3,102,6,scan,218200,2048,0,0,0,1
mixed,44,3,103,7,scan,5800,2048,0,0,0,1
mixed,44,3,103,7,pruned,100,0,32,0,0,1
mixed,44,3,104,0,pruned,6700,2048,0,2048,2048,1
mixed,44,3,104,0,scan,6100,2048,0,2048,2048,1
mixed,44,3,105,1,scan,5200,2048,0,32,32,1
mixed,44,3,105,1,pruned,900,128,30,32,32,1
mixed,44,3,106,2,pruned,1000,128,30,2,2,1
mixed,44,3,106,2,scan,4800,2048,0,2,2,1
mixed,44,3,107,3,scan,220200,2048,0,4,4,1
mixed,44,3,107,3,pruned,37700,256,28,4,4,1
mixed,44,3,108,4,pruned,500,0,32,0,0,1
mixed,44,3,108,4,scan,234200,2048,0,0,0,1
mixed,44,3,109,5,scan,25900,2048,0,1024,1024,1
mixed,44,3,109,5,pruned,25100,2048,0,1024,1024,1
mixed,44,3,110,6,pruned,300,0,32,0,0,1
mixed,44,3,110,6,scan,238200,2048,0,0,0,1
mixed,44,3,111,7,scan,6200,2048,0,0,0,1
mixed,44,3,111,7,pruned,100,0,32,0,0,1
mixed,44,3,112,0,pruned,7800,2048,0,2048,2048,1
mixed,44,3,112,0,scan,6300,2048,0,2048,2048,1
mixed,44,3,113,1,scan,5300,2048,0,32,32,1
mixed,44,3,113,1,pruned,800,128,30,32,32,1
mixed,44,3,114,2,pruned,700,128,30,2,2,1
mixed,44,3,114,2,scan,4800,2048,0,2,2,1
mixed,44,3,115,3,scan,218800,2048,0,4,4,1
mixed,44,3,115,3,pruned,27800,256,28,4,4,1
mixed,44,3,116,4,pruned,300,0,32,0,0,1
mixed,44,3,116,4,scan,224000,2048,0,0,0,1
mixed,44,3,117,5,scan,25200,2048,0,1024,1024,1
mixed,44,3,117,5,pruned,25200,2048,0,1024,1024,1
mixed,44,3,118,6,pruned,200,0,32,0,0,1
mixed,44,3,118,6,scan,218500,2048,0,0,0,1
mixed,44,3,119,7,scan,5700,2048,0,0,0,1
mixed,44,3,119,7,pruned,100,0,32,0,0,1
mixed,44,3,120,0,pruned,6500,2048,0,2048,2048,1
mixed,44,3,120,0,scan,6100,2048,0,2048,2048,1
mixed,44,3,121,1,scan,5100,2048,0,32,32,1
mixed,44,3,121,1,pruned,600,128,30,32,32,1
mixed,44,3,122,2,pruned,700,128,30,2,2,1
mixed,44,3,122,2,scan,4700,2048,0,2,2,1
mixed,44,3,123,3,scan,307000,2048,0,4,4,1
mixed,44,3,123,3,pruned,43900,256,28,4,4,1
mixed,44,3,124,4,pruned,600,0,32,0,0,1
mixed,44,3,124,4,scan,262000,2048,0,0,0,1
mixed,44,3,125,5,scan,29400,2048,0,1024,1024,1
mixed,44,3,125,5,pruned,26000,2048,0,1024,1024,1
mixed,44,3,126,6,pruned,200,0,32,0,0,1
mixed,44,3,126,6,scan,217400,2048,0,0,0,1
mixed,44,3,127,7,scan,5800,2048,0,0,0,1
mixed,44,3,127,7,pruned,100,0,32,0,0,1
mixed,44,4,0,0,scan,6800,2048,0,2048,2048,1
mixed,44,4,0,0,pruned,6300,2048,0,2048,2048,1
mixed,44,4,1,1,pruned,700,64,31,32,32,1
mixed,44,4,1,1,scan,5200,2048,0,32,32,1
mixed,44,4,2,2,scan,4800,2048,0,2,2,1
mixed,44,4,2,2,pruned,700,128,30,2,2,1
mixed,44,4,3,3,pruned,28300,256,28,4,4,1
mixed,44,4,3,3,scan,238100,2048,0,4,4,1
mixed,44,4,4,4,scan,226300,2048,0,0,0,1
mixed,44,4,4,4,pruned,400,0,32,0,0,1
mixed,44,4,5,5,pruned,29200,2048,0,1024,1024,1
mixed,44,4,5,5,scan,26100,2048,0,1024,1024,1
mixed,44,4,6,6,scan,217000,2048,0,0,0,1
mixed,44,4,6,6,pruned,300,0,32,0,0,1
mixed,44,4,7,7,pruned,100,0,32,0,0,1
mixed,44,4,7,7,scan,5800,2048,0,0,0,1
mixed,44,4,8,0,scan,6600,2048,0,2048,2048,1
mixed,44,4,8,0,pruned,6400,2048,0,2048,2048,1
mixed,44,4,9,1,pruned,900,128,30,32,32,1
mixed,44,4,9,1,scan,5100,2048,0,32,32,1
mixed,44,4,10,2,scan,4700,2048,0,2,2,1
mixed,44,4,10,2,pruned,700,128,30,2,2,1
mixed,44,4,11,3,pruned,27800,256,28,4,4,1
mixed,44,4,11,3,scan,219000,2048,0,4,4,1
mixed,44,4,12,4,scan,227200,2048,0,0,0,1
mixed,44,4,12,4,pruned,600,0,32,0,0,1
mixed,44,4,13,5,pruned,25500,2048,0,1024,1024,1
mixed,44,4,13,5,scan,24400,2048,0,1024,1024,1
mixed,44,4,14,6,scan,219000,2048,0,0,0,1
mixed,44,4,14,6,pruned,400,0,32,0,0,1
mixed,44,4,15,7,pruned,0,0,32,0,0,1
mixed,44,4,15,7,scan,5600,2048,0,0,0,1
mixed,44,4,16,0,scan,6400,2048,0,2048,2048,1
mixed,44,4,16,0,pruned,6300,2048,0,2048,2048,1
mixed,44,4,17,1,pruned,900,128,30,32,32,1
mixed,44,4,17,1,scan,5200,2048,0,32,32,1
mixed,44,4,18,2,scan,4700,2048,0,2,2,1
mixed,44,4,18,2,pruned,700,128,30,2,2,1
mixed,44,4,19,3,pruned,27700,256,28,4,4,1
mixed,44,4,19,3,scan,219200,2048,0,4,4,1
mixed,44,4,20,4,scan,223200,2048,0,0,0,1
mixed,44,4,20,4,pruned,400,0,32,0,0,1
mixed,44,4,21,5,pruned,25100,2048,0,1024,1024,1
mixed,44,4,21,5,scan,24400,2048,0,1024,1024,1
mixed,44,4,22,6,scan,234200,2048,0,0,0,1
mixed,44,4,22,6,pruned,400,0,32,0,0,1
mixed,44,4,23,7,pruned,100,0,32,0,0,1
mixed,44,4,23,7,scan,5600,2048,0,0,0,1
mixed,44,4,24,0,scan,7400,2048,0,2048,2048,1
mixed,44,4,24,0,pruned,6400,2048,0,2048,2048,1
mixed,44,4,25,1,pruned,1000,128,30,32,32,1
mixed,44,4,25,1,scan,5000,2048,0,32,32,1
mixed,44,4,26,2,scan,4700,2048,0,2,2,1
mixed,44,4,26,2,pruned,600,128,30,2,2,1
mixed,44,4,27,3,pruned,28100,256,28,4,4,1
mixed,44,4,27,3,scan,218000,2048,0,4,4,1
mixed,44,4,28,4,scan,223400,2048,0,0,0,1
mixed,44,4,28,4,pruned,400,0,32,0,0,1
mixed,44,4,29,5,pruned,25300,2048,0,1024,1024,1
mixed,44,4,29,5,scan,24500,2048,0,1024,1024,1
mixed,44,4,30,6,scan,216600,2048,0,0,0,1
mixed,44,4,30,6,pruned,300,0,32,0,0,1
mixed,44,4,31,7,pruned,0,0,32,0,0,1
mixed,44,4,31,7,scan,5600,2048,0,0,0,1
mixed,44,4,32,0,scan,6300,2048,0,2048,2048,1
mixed,44,4,32,0,pruned,6200,2048,0,2048,2048,1
mixed,44,4,33,1,pruned,900,128,30,32,32,1
mixed,44,4,33,1,scan,5100,2048,0,32,32,1
mixed,44,4,34,2,scan,4700,2048,0,2,2,1
mixed,44,4,34,2,pruned,500,128,30,2,2,1
mixed,44,4,35,3,pruned,28200,256,28,4,4,1
mixed,44,4,35,3,scan,292600,2048,0,4,4,1
mixed,44,4,36,4,scan,232700,2048,0,0,0,1
mixed,44,4,36,4,pruned,500,0,32,0,0,1
mixed,44,4,37,5,pruned,26000,2048,0,1024,1024,1
mixed,44,4,37,5,scan,24800,2048,0,1024,1024,1
mixed,44,4,38,6,scan,217300,2048,0,0,0,1
mixed,44,4,38,6,pruned,300,0,32,0,0,1
mixed,44,4,39,7,pruned,100,0,32,0,0,1
mixed,44,4,39,7,scan,5600,2048,0,0,0,1
mixed,44,4,40,0,scan,9000,2048,0,2048,2048,1
mixed,44,4,40,0,pruned,6700,2048,0,2048,2048,1
mixed,44,4,41,1,pruned,1000,128,30,32,32,1
mixed,44,4,41,1,scan,5100,2048,0,32,32,1
mixed,44,4,42,2,scan,4800,2048,0,2,2,1
mixed,44,4,42,2,pruned,800,128,30,2,2,1
mixed,44,4,43,3,pruned,45200,256,28,4,4,1
mixed,44,4,43,3,scan,222900,2048,0,4,4,1
mixed,44,4,44,4,scan,223300,2048,0,0,0,1
mixed,44,4,44,4,pruned,500,0,32,0,0,1
mixed,44,4,45,5,pruned,25700,2048,0,1024,1024,1
mixed,44,4,45,5,scan,24600,2048,0,1024,1024,1
mixed,44,4,46,6,scan,218500,2048,0,0,0,1
mixed,44,4,46,6,pruned,400,0,32,0,0,1
mixed,44,4,47,7,pruned,100,0,32,0,0,1
mixed,44,4,47,7,scan,5600,2048,0,0,0,1
mixed,44,4,48,0,scan,7400,2048,0,2048,2048,1
mixed,44,4,48,0,pruned,6400,2048,0,2048,2048,1
mixed,44,4,49,1,pruned,900,128,30,32,32,1
mixed,44,4,49,1,scan,5100,2048,0,32,32,1
mixed,44,4,50,2,scan,4700,2048,0,2,2,1
mixed,44,4,50,2,pruned,700,128,30,2,2,1
mixed,44,4,51,3,pruned,27900,256,28,4,4,1
mixed,44,4,51,3,scan,218600,2048,0,4,4,1
mixed,44,4,52,4,scan,224000,2048,0,0,0,1
mixed,44,4,52,4,pruned,500,0,32,0,0,1
mixed,44,4,53,5,pruned,25200,2048,0,1024,1024,1
mixed,44,4,53,5,scan,24400,2048,0,1024,1024,1
mixed,44,4,54,6,scan,218300,2048,0,0,0,1
mixed,44,4,54,6,pruned,200,0,32,0,0,1
mixed,44,4,55,7,pruned,100,0,32,0,0,1
mixed,44,4,55,7,scan,5500,2048,0,0,0,1
mixed,44,4,56,0,scan,6400,2048,0,2048,2048,1
mixed,44,4,56,0,pruned,6200,2048,0,2048,2048,1
mixed,44,4,57,1,pruned,800,128,30,32,32,1
mixed,44,4,57,1,scan,5100,2048,0,32,32,1
mixed,44,4,58,2,scan,4800,2048,0,2,2,1
mixed,44,4,58,2,pruned,700,128,30,2,2,1
mixed,44,4,59,3,pruned,28300,256,28,4,4,1
mixed,44,4,59,3,scan,218000,2048,0,4,4,1
mixed,44,4,60,4,scan,241800,2048,0,0,0,1
mixed,44,4,60,4,pruned,500,0,32,0,0,1
mixed,44,4,61,5,pruned,25800,2048,0,1024,1024,1
mixed,44,4,61,5,scan,24600,2048,0,1024,1024,1
mixed,44,4,62,6,scan,217200,2048,0,0,0,1
mixed,44,4,62,6,pruned,300,0,32,0,0,1
mixed,44,4,63,7,pruned,100,0,32,0,0,1
mixed,44,4,63,7,scan,5500,2048,0,0,0,1
mixed,44,4,64,0,scan,6400,2048,0,2048,2048,1
mixed,44,4,64,0,pruned,6200,2048,0,2048,2048,1
mixed,44,4,65,1,pruned,700,128,30,32,32,1
mixed,44,4,65,1,scan,5200,2048,0,32,32,1
mixed,44,4,66,2,scan,4800,2048,0,2,2,1
mixed,44,4,66,2,pruned,700,128,30,2,2,1
mixed,44,4,67,3,pruned,27900,256,28,4,4,1
mixed,44,4,67,3,scan,217800,2048,0,4,4,1
mixed,44,4,68,4,scan,223300,2048,0,0,0,1
mixed,44,4,68,4,pruned,400,0,32,0,0,1
mixed,44,4,69,5,pruned,25100,2048,0,1024,1024,1
mixed,44,4,69,5,scan,24600,2048,0,1024,1024,1
mixed,44,4,70,6,scan,252400,2048,0,0,0,1
mixed,44,4,70,6,pruned,300,0,32,0,0,1
mixed,44,4,71,7,pruned,100,0,32,0,0,1
mixed,44,4,71,7,scan,8200,2048,0,0,0,1
mixed,44,4,72,0,scan,11300,2048,0,2048,2048,1
mixed,44,4,72,0,pruned,9400,2048,0,2048,2048,1
mixed,44,4,73,1,pruned,900,128,30,32,32,1
mixed,44,4,73,1,scan,5400,2048,0,32,32,1
mixed,44,4,74,2,scan,4900,2048,0,2,2,1
mixed,44,4,74,2,pruned,600,128,30,2,2,1
mixed,44,4,75,3,pruned,28400,256,28,4,4,1
mixed,44,4,75,3,scan,219800,2048,0,4,4,1
mixed,44,4,76,4,scan,223200,2048,0,0,0,1
mixed,44,4,76,4,pruned,400,0,32,0,0,1
mixed,44,4,77,5,pruned,24900,2048,0,1024,1024,1
mixed,44,4,77,5,scan,24500,2048,0,1024,1024,1
mixed,44,4,78,6,scan,216900,2048,0,0,0,1
mixed,44,4,78,6,pruned,200,0,32,0,0,1
mixed,44,4,79,7,pruned,100,0,32,0,0,1
mixed,44,4,79,7,scan,5500,2048,0,0,0,1
mixed,44,4,80,0,scan,6300,2048,0,2048,2048,1
mixed,44,4,80,0,pruned,6100,2048,0,2048,2048,1
mixed,44,4,81,1,pruned,800,128,30,32,32,1
mixed,44,4,81,1,scan,23100,2048,0,32,32,1
mixed,44,4,82,2,scan,5100,2048,0,2,2,1
mixed,44,4,82,2,pruned,700,128,30,2,2,1
mixed,44,4,83,3,pruned,28500,256,28,4,4,1
mixed,44,4,83,3,scan,218600,2048,0,4,4,1
mixed,44,4,84,4,scan,223100,2048,0,0,0,1
mixed,44,4,84,4,pruned,400,0,32,0,0,1
mixed,44,4,85,5,pruned,25300,2048,0,1024,1024,1
mixed,44,4,85,5,scan,24400,2048,0,1024,1024,1
mixed,44,4,86,6,scan,217800,2048,0,0,0,1
mixed,44,4,86,6,pruned,200,0,32,0,0,1
mixed,44,4,87,7,pruned,100,0,32,0,0,1
mixed,44,4,87,7,scan,5600,2048,0,0,0,1
mixed,44,4,88,0,scan,6600,2048,0,2048,2048,1
mixed,44,4,88,0,pruned,6200,2048,0,2048,2048,1
mixed,44,4,89,1,pruned,700,128,30,32,32,1
mixed,44,4,89,1,scan,5000,2048,0,32,32,1
mixed,44,4,90,2,scan,4600,2048,0,2,2,1
mixed,44,4,90,2,pruned,600,128,30,2,2,1
mixed,44,4,91,3,pruned,27800,256,28,4,4,1
mixed,44,4,91,3,scan,220200,2048,0,4,4,1
mixed,44,4,92,4,scan,235800,2048,0,0,0,1
mixed,44,4,92,4,pruned,500,0,32,0,0,1
mixed,44,4,93,5,pruned,25500,2048,0,1024,1024,1
mixed,44,4,93,5,scan,24800,2048,0,1024,1024,1
mixed,44,4,94,6,scan,217900,2048,0,0,0,1
mixed,44,4,94,6,pruned,400,0,32,0,0,1
mixed,44,4,95,7,pruned,100,0,32,0,0,1
mixed,44,4,95,7,scan,5400,2048,0,0,0,1
mixed,44,4,96,0,scan,6400,2048,0,2048,2048,1
mixed,44,4,96,0,pruned,18200,2048,0,2048,2048,1
mixed,44,4,97,1,pruned,1700,128,30,32,32,1
mixed,44,4,97,1,scan,5800,2048,0,32,32,1
mixed,44,4,98,2,scan,4800,2048,0,2,2,1
mixed,44,4,98,2,pruned,600,128,30,2,2,1
mixed,44,4,99,3,pruned,28200,256,28,4,4,1
mixed,44,4,99,3,scan,218400,2048,0,4,4,1
mixed,44,4,100,4,scan,240200,2048,0,0,0,1
mixed,44,4,100,4,pruned,500,0,32,0,0,1
mixed,44,4,101,5,pruned,26000,2048,0,1024,1024,1
mixed,44,4,101,5,scan,24800,2048,0,1024,1024,1
mixed,44,4,102,6,scan,216300,2048,0,0,0,1
mixed,44,4,102,6,pruned,400,0,32,0,0,1
mixed,44,4,103,7,pruned,100,0,32,0,0,1
mixed,44,4,103,7,scan,5600,2048,0,0,0,1
mixed,44,4,104,0,scan,6500,2048,0,2048,2048,1
mixed,44,4,104,0,pruned,6400,2048,0,2048,2048,1
mixed,44,4,105,1,pruned,900,128,30,32,32,1
mixed,44,4,105,1,scan,5100,2048,0,32,32,1
mixed,44,4,106,2,scan,4900,2048,0,2,2,1
mixed,44,4,106,2,pruned,600,128,30,2,2,1
mixed,44,4,107,3,pruned,28100,256,28,4,4,1
mixed,44,4,107,3,scan,219200,2048,0,4,4,1
mixed,44,4,108,4,scan,224000,2048,0,0,0,1
mixed,44,4,108,4,pruned,400,0,32,0,0,1
mixed,44,4,109,5,pruned,25000,2048,0,1024,1024,1
mixed,44,4,109,5,scan,24300,2048,0,1024,1024,1
mixed,44,4,110,6,scan,228400,2048,0,0,0,1
mixed,44,4,110,6,pruned,300,0,32,0,0,1
mixed,44,4,111,7,pruned,100,0,32,0,0,1
mixed,44,4,111,7,scan,5700,2048,0,0,0,1
mixed,44,4,112,0,scan,6400,2048,0,2048,2048,1
mixed,44,4,112,0,pruned,6200,2048,0,2048,2048,1
mixed,44,4,113,1,pruned,700,128,30,32,32,1
mixed,44,4,113,1,scan,5100,2048,0,32,32,1
mixed,44,4,114,2,scan,4800,2048,0,2,2,1
mixed,44,4,114,2,pruned,600,128,30,2,2,1
mixed,44,4,115,3,pruned,27900,256,28,4,4,1
mixed,44,4,115,3,scan,218300,2048,0,4,4,1
mixed,44,4,116,4,scan,223200,2048,0,0,0,1
mixed,44,4,116,4,pruned,500,0,32,0,0,1
mixed,44,4,117,5,pruned,25100,2048,0,1024,1024,1
mixed,44,4,117,5,scan,24500,2048,0,1024,1024,1
mixed,44,4,118,6,scan,216800,2048,0,0,0,1
mixed,44,4,118,6,pruned,200,0,32,0,0,1
mixed,44,4,119,7,pruned,0,0,32,0,0,1
mixed,44,4,119,7,scan,5600,2048,0,0,0,1
mixed,44,4,120,0,scan,6200,2048,0,2048,2048,1
mixed,44,4,120,0,pruned,6100,2048,0,2048,2048,1
mixed,44,4,121,1,pruned,700,128,30,32,32,1
mixed,44,4,121,1,scan,5200,2048,0,32,32,1
mixed,44,4,122,2,scan,4700,2048,0,2,2,1
mixed,44,4,122,2,pruned,600,128,30,2,2,1
mixed,44,4,123,3,pruned,28300,256,28,4,4,1
mixed,44,4,123,3,scan,233100,2048,0,4,4,1
mixed,44,4,124,4,scan,224100,2048,0,0,0,1
mixed,44,4,124,4,pruned,400,0,32,0,0,1
mixed,44,4,125,5,pruned,26100,2048,0,1024,1024,1
mixed,44,4,125,5,scan,24700,2048,0,1024,1024,1
mixed,44,4,126,6,scan,216300,2048,0,0,0,1
mixed,44,4,126,6,pruned,300,0,32,0,0,1
mixed,44,4,127,7,pruned,100,0,32,0,0,1
mixed,44,4,127,7,scan,5500,2048,0,0,0,1
