0,0,50,1791064459360938621,1791064459361072019,133839
1,0,50,1791064459360938621,1791064459361177205,238965
2,0,50,1791064459360938621,1791064459361281960,343720
3,0,50,1791064459360938621,1791064459361384672,446432
4,0,50,1791064459360938621,1791064459361488917,550677
5,0,50,1791064459360938621,1791064459361591649,653409
6,0,50,1791064459360938621,1791064459361694532,756292
7,0,50,1791064459360938621,1791064459361829252,891012
8,0,50,1791064459360938621,1791064459361955719,1017479
9,0,50,1791064459360938621,1791064459362058922,1120682
10,0,50,1791064459360938621,1791064459362230537,1292297
11,0,50,1791064459360938621,1791064459362337716,1399476
12,0,50,1791064459360938621,1791064459362441850,1503610
13,0,50,1791064459360938621,1791064459362543751,1605511
14,0,50,1791064459360938621,1791064459362661276,1723026
15,0,50,1791064459360938621,1791064459362790698,1852448
16,0,50,1791064459360938621,1791064459362893560,1955310
17,0,50,1791064459360938621,1791064459362996393,2058153
18,0,50,1791064459360938621,1791064459363100477,2162237
19,0,50,1791064459360938621,1791064459363202448,2264198
0,1,50,1791064459460938621,1791064459461215679,277880
1,1,50,1791064459460938621,1791064459461406723,468483
2,1,50,1791064459460938621,1791064459461553210,614960
3,1,50,1791064459460938621,1791064459461688821,750581
4,1,50,1791064459460938621,1791064459461910670,972450
5,1,50,1791064459460938621,1791064459462025410,1087160
6,1,50,1791064459460938621,1791064459462205577,1267348
7,1,50,1791064459460938621,1791064459462530069,1591829
8,1,50,1791064459460938621,1791064459462657808,1719568
9,1,50,1791064459460938621,1791064459462806108,1867858
10,1,50,1791064459460938621,1791064459462926517,1988277
11,1,50,1791064459460938621,1791064459463070630,2132380
12,1,50,1791064459460938621,1791064459463245410,2307160
13,1,50,1791064459460938621,1791064459463381451,2443211
14,1,50,1791064459460938621,1791064459463521419,2583169
15,1,50,1791064459460938621,1791064459463665573,2727333
16,1,50,1791064459460938621,1791064459463788645,2850405
17,1,50,1791064459460938621,1791064459463901182,2962942
18,1,50,1791064459460938621,1791064459464005326,3067077
19,1,50,1791064459460938621,1791064459464109551,3171301
0,2,50,1791064459560938621,1791064459561159248,221419
1,2,50,1791064459560938621,1791064459561268530,330290
2,2,50,1791064459560938621,1791064459561373696,435456
3,2,50,1791064459560938621,1791064459561492112,553862
4,2,50,1791064459560938621,1791064459561596587,658337
5,2,50,1791064459560938621,1791064459561722574,784334
6,2,50,1791064459560938621,1791064459561839527,901287
7,2,50,1791064459560938621,1791064459561970812,1032562
8,2,50,1791064459560938621,1791064459562074966,1136726
9,2,50,1791064459560938621,1791064459562268794,1330554
10,2,50,1791064459560938621,1791064459562373940,1435690
11,2,50,1791064459560938621,1791064459562478284,1540044
12,2,50,1791064459560938621,1791064459562639884,1701754
13,2,50,1791064459560938621,1791064459562745330,1807080
14,2,50,1791064459560938621,1791064459562876074,1937834
15,2,50,1791064459560938621,1791064459562980659,2042409
16,2,50,1791064459560938621,1791064459563084113,2145873
17,2,50,1791064459560938621,1791064459563194146,2255906
18,2,50,1791064459560938621,1791064459563297930,2359690
19,2,50,1791064459560938621,1791064459563402856,2464616
0,3,50,1791064459660938621,1791064459661209550,271831
1,3,50,1791064459660938621,1791064459661332462,394222
2,3,50,1791064459660938621,1791064459661439991,501752
3,3,50,1791064459660938621,1791064459661581782,643542
4,3,50,1791064459660938621,1791064459661690393,752153
5,3,50,1791064459660938621,1791064459661819314,881074
6,3,50,1791064459660938621,1791064459661970448,1032208
7,3,50,1791064459660938621,1791064459662076345,1138095
8,3,50,1791064459660938621,1791064459662182573,1244333
9,3,50,1791064459660938621,1791064459662296652,1358412
10,3,50,1791064459660938621,1791064459662434256,1496016
11,3,50,1791064459660938621,1791064459662540844,1602604
12,3,50,1791064459660938621,1791064459662660261,1722021
13,3,50,1791064459660938621,1791064459662778717,1840467
14,3,50,1791064459660938621,1791064459662884594,1946344
15,3,50,1791064459660938621,1791064459662990741,2052491
16,3,50,1791064459660938621,1791064459663095707,2157457
17,3,50,1791064459660938621,1791064459663209316,2271076
18,3,50,1791064459660938621,1791064459663315143,2376893
19,3,50,1791064459660938621,1791064459663420469,2482219
0,4,50,1791064459760938621,1791064459761242546,304627
1,4,50,1791064459760938621,1791064459761353471,415221
2,4,50,1791064459760938621,1791064459761462683,524443
3,4,50,1791064459760938621,1791064459761567358,629118
4,4,50,1791064459760938621,1791064459761672033,733783
5,4,50,1791064459760938621,1791064459761816768,878518
6,4,50,1791064459760938621,1791064459762041181,1102951
7,4,50,1791064459760938621,1791064459762188419,1250189
8,4,50,1791064459760938621,1791064459762297721,1359471
9,4,50,1791064459760938621,1791064459762402717,1464467
10,4,50,1791064459760938621,1791064459762526140,1587900
11,4,50,1791064459760938621,1791064459762648532,1710292
12,4,50,1791064459760938621,1791064459762753848,1815608
13,4,50,1791064459760938621,1791064459762881337,1943087
14,4,50,1791064459760938621,1791064459763233900,2295700
15,4,50,1791064459760938621,1791064459763346567,2408317
16,4,50,1791064459760938621,1791064459763453716,2515466
17,4,50,1791064459760938621,1791064459763623467,2685237
18,4,50,1791064459760938621,1791064459763734772,2796522
19,4,50,1791064459760938621,1791064459763860399,2922159
0,5,50,1791064459860938621,1791064459861335891,397942
1,5,50,1791064459860938621,1791064459861446265,508015
2,5,50,1791064459860938621,1791064459861552102,613862
3,5,50,1791064459860938621,1791064459861715985,777735
4,5,50,1791064459860938621,1791064459861885787,947537
5,5,50,1791064459860938621,1791064459861993026,1054776
6,5,50,1791064459860938621,1791064459862101387,1163137
7,5,50,1791064459860938621,1791064459862262676,1324436
8,5,50,1791064459860938621,1791064459862369214,1430974
9,5,50,1791064459860938621,1791064459862477745,1539505
10,5,50,1791064459860938621,1791064459862584213,1645973
11,5,50,1791064459860938621,1791064459862798551,1860301
12,5,50,1791064459860938621,1791064459862905159,1966909
13,5,50,1791064459860938621,1791064459863012408,2074168
14,5,50,1791064459860938621,1791064459863119056,2180816
15,5,50,1791064459860938621,1791064459863223220,2284980
16,5,50,1791064459860938621,1791064459863328497,2390257
17,5,50,1791064459860938621,1791064459863438650,2500410
18,5,50,1791064459860938621,1791064459863658917,2720677
19,5,50,1791064459860938621,1791064459863784673,2846433
0,6,50,1791064459960938621,1791064459961177533,239824
1,6,50,1791064459960938621,1791064459961514753,576544
2,6,50,1791064459960938621,1791064459961745285,807075
3,6,50,1791064459960938621,1791064459962252728,1314578
4,6,50,1791064459960938621,1791064459962409761,1471511
5,6,50,1791064459960938621,1791064459962527826,1589576
6,6,50,1791064459960938621,1791064459962691949,1753699
7,6,50,1791064459960938621,1791064459962876713,1938473
8,6,50,1791064459960938621,1791064459962983762,2045522
9,6,50,1791064459960938621,1791064459963089529,2151289
10,6,50,1791064459960938621,1791064459963230087,2291837
11,6,50,1791064459960938621,1791064459963336505,2398255
12,6,50,1791064459960938621,1791064459963470294,2532054
13,6,50,1791064459960938621,1791064459963607477,2669237
14,6,50,1791064459960938621,1791064459963746683,2808443
15,6,50,1791064459960938621,1791064459963876736,2938496
16,6,50,1791064459960938621,1791064459964026068,3087828
17,6,50,1791064459960938621,1791064459964161188,3222948
18,6,50,1791064459960938621,1791064459964271902,3333652
19,6,50,1791064459960938621,1791064459964378310,3440060
0,7,50,1791064460060938621,1791064460061164382,226342
1,7,50,1791064460060938621,1791064460061289768,351518
2,7,50,1791064460060938621,1791064460061430447,492207
3,7,50,1791064460060938621,1791064460061538777,600537
4,7,50,1791064460060938621,1791064460061658094,719854
5,7,50,1791064460060938621,1791064460061777672,839432
6,7,50,1791064460060938621,1791064460061913303,975053
7,7,50,1791064460060938621,1791064460062019270,1081020
8,7,50,1791064460060938621,1791064460062134631,1196391
9,7,50,1791064460060938621,1791064460062263462,1325222
10,7,50,1791064460060938621,1791064460062370170,1431930
11,7,50,1791064460060938621,1791064460062480324,1542084
12,7,50,1791064460060938621,1791064460062585650,1647400
13,7,50,1791064460060938621,1791064460062708392,1770152
14,7,50,1791064460060938621,1791064460062827498,1889248
15,7,50,1791064460060938621,1791064460062948408,2010158
16,7,50,1791064460060938621,1791064460063054866,2116616
17,7,50,1791064460060938621,1791064460063161504,2223264
18,7,50,1791064460060938621,1791064460063267140,2328900
19,7,50,1791064460060938621,1791064460063372507,2434257
0,8,50,1791064460160938621,1791064460161180202,242543
1,8,50,1791064460160938621,1791064460161293280,355030
2,8,50,1791064460160938621,1791064460161400469,462229
3,8,50,1791064460160938621,1791064460161506526,568286
4,8,50,1791064460160938621,1791064460161611321,673071
5,8,50,1791064460160938621,1791064460161717308,779069
6,8,50,1791064460160938621,1791064460161836946,898706
7,8,50,1791064460160938621,1791064460162043773,1105523
8,8,50,1791064460160938621,1791064460162149750,1211510
9,8,50,1791064460160938621,1791064460162253283,1315043
10,8,50,1791064460160938621,1791064460162359000,1420760
11,8,50,1791064460160938621,1791064460162463415,1525175
12,8,50,1791064460160938621,1791064460162568291,1630051
13,8,50,1791064460160938621,1791064460162688269,1750029
14,8,50,1791064460160938621,1791064460162818842,1880592
15,8,50,1791064460160938621,1791064460162922676,1984426
16,8,50,1791064460160938621,1791064460163026690,2088441
17,8,50,1791064460160938621,1791064460163153669,2215429
18,8,50,1791064460160938621,1791064460163259646,2321406
19,8,50,1791064460160938621,1791064460163374887,2436637
0,9,50,1791064460260938621,1791064460261147532,209762
1,9,50,1791064460260938621,1791064460261253959,315719
2,9,50,1791064460260938621,1791064460261363512,425262
3,9,50,1791064460260938621,1791064460261482809,544569
4,9,50,1791064460260938621,1791064460261589377,651127
5,9,50,1791064460260938621,1791064460261695274,757034
6,9,50,1791064460260938621,1791064460261880799,942559
7,9,50,1791064460260938621,1791064460261986406,1048166
8,9,50,1791064460260938621,1791064460262124240,1185990
9,9,50,1791064460260938621,1791064460262233602,1295362
10,9,50,1791064460260938621,1791064460262337907,1399667
11,9,50,1791064460260938621,1791064460262443514,1505264
12,9,50,1791064460260938621,1791064460262547999,1609759
13,9,50,1791064460260938621,1791064460262706734,1768494
14,9,50,1791064460260938621,1791064460262824939,1886689
15,9,50,1791064460260938621,1791064460262928723,1990473
16,9,50,1791064460260938621,1791064460263034059,2095809
17,9,50,1791064460260938621,1791064460263141809,2203559
18,9,50,1791064460260938621,1791064460263256589,2318339
19,9,50,1791064460260938621,1791064460263359292,2421052
0,10,50,1791064460360938621,1791064460361911041,973112
1,10,50,1791064460360938621,1791064460362065230,1126980
2,10,50,1791064460360938621,1791064460362210275,1272035
3,10,50,1791064460360938621,1791064460362353307,1415077
4,10,50,1791064460360938621,1791064460362500876,1562636
5,10,50,1791064460360938621,1791064460362664779,1726539
6,10,50,1791064460360938621,1791064460362826849,1888609
7,10,50,1791064460360938621,1791064460363045233,2107013
8,10,50,1791064460360938621,1791064460363190238,2251998
9,10,50,1791064460360938621,1791064460363335394,2397154
10,10,50,1791064460360938621,1791064460363478095,2539855
11,10,50,1791064460360938621,1791064460363622850,2684610
12,10,50,1791064460360938621,1791064460363786783,2848543
13,10,50,1791064460360938621,1791064460363930777,2992537
14,10,50,1791064460360938621,1791064460364069703,3131463
15,10,50,1791064460360938621,1791064460364203431,3265191
16,10,50,1791064460360938621,1791064460364336588,3398359
17,10,50,1791064460360938621,1791064460364470347,3532107
18,10,50,1791064460360938621,1791064460364607140,3668910
19,10,50,1791064460360938621,1791064460364858683,3920443
0,11,50,1791064460460938621,1791064460461264469,326670
1,11,50,1791064460460938621,1791064460461375574,437324
2,11,50,1791064460460938621,1791064460461482853,544613
3,11,50,1791064460460938621,1791064460461590002,651762
4,11,50,1791064460460938621,1791064460461698703,760463
5,11,50,1791064460460938621,1791064460461835506,897256
6,11,50,1791064460460938621,1791064460461985268,1047028
7,11,50,1791064460460938621,1791064460462093038,1154888
8,11,50,1791064460460938621,1791064460462202180,1263940
9,11,50,1791064460460938621,1791064460462308678,1370438
10,11,50,1791064460460938621,1791064460462415306,1477066
11,11,50,1791064460460938621,1791064460462523516,1585267
12,11,50,1791064460460938621,1791064460462645587,1707348
13,11,50,1791064460460938621,1791064460462752316,1814076
14,11,50,1791064460460938621,1791064460462893335,1955095
15,11,50,1791064460460938621,1791064460463003929,2065679
16,11,50,1791064460460938621,1791064460463113732,2175482
17,11,50,1791064460460938621,1791064460463219609,2281359
18,11,50,1791064460460938621,1791064460463347228,2408978
19,11,50,1791064460460938621,1791064460463454127,2515887
0,12,50,1791064460560938621,1791064460561217567,279648
1,12,50,1791064460560938621,1791064460561367339,429099
2,12,50,1791064460560938621,1791064460561473437,535197
3,12,50,1791064460560938621,1791064460561579404,641164
4,12,50,1791064460560938621,1791064460561684370,746120
5,12,50,1791064460560938621,1791064460561816415,878175
6,12,50,1791064460560938621,1791064460561975872,1037632
7,12,50,1791064460560938621,1791064460562080958,1142708
8,12,50,1791064460560938621,1791064460562188447,1250197
9,12,50,1791064460560938621,1791064460562293343,1355103
10,12,50,1791064460560938621,1791064460562397387,1459147
11,12,50,1791064460560938621,1791064460562508131,1569891
12,12,50,1791064460560938621,1791064460562632045,1693805
13,12,50,1791064460560938621,1791064460562737431,1799181
14,12,50,1791064460560938621,1791064460562882376,1944136
15,12,50,1791064460560938621,1791064460562988854,2050614
16,12,50,1791064460560938621,1791064460563093880,2155640
17,12,50,1791064460560938621,1791064460563198215,2259975
18,12,50,1791064460560938621,1791064460563301888,2363648
19,12,50,1791064460560938621,1791064460563406804,2468554
0,13,50,1791064460660938621,1791064460661175872,238012
1,13,50,1791064460660938621,1791064460661285805,347565
2,13,50,1791064460660938621,1791064460661427886,489646
3,13,50,1791064460660938621,1791064460661555425,617175
4,13,50,1791064460660938621,1791064460661661542,723302
5,13,50,1791064460660938621,1791064460661790804,852574
6,13,50,1791064460660938621,1791064460661986404,1048164
7,13,50,1791064460660938621,1791064460662092872,1154632
8,13,50,1791064460660938621,1791064460662197317,1259077
9,13,50,1791064460660938621,1791064460662303514,1365264
10,13,50,1791064460660938621,1791064460662409842,1471602
11,13,50,1791064460660938621,1791064460662515308,1577068
12,13,50,1791064460660938621,1791064460662636077,1697838
13,13,50,1791064460660938621,1791064460662741834,1803594
14,13,50,1791064460660938621,1791064460662906959,1968719
15,13,50,1791064460660938621,1791064460663016341,2078102
16,13,50,1791064460660938621,1791064460663121247,2183007
17,13,50,1791064460660938621,1791064460663229668,2291418
18,13,50,1791064460660938621,1791064460663336046,2397806
19,13,50,1791064460660938621,1791064460663440651,2502401
0,14,50,1791064460760938621,1791064460761176491,238591
1,14,50,1791064460760938621,1791064460761284841,346601
2,14,50,1791064460760938621,1791064460761513160,574950
3,14,50,1791064460760938621,1791064460761624085,685845
4,14,50,1791064460760938621,1791064460761731093,792843
5,14,50,1791064460760938621,1791064460761970578,1032349
6,14,50,1791064460760938621,1791064460762107762,1169612
7,14,50,1791064460760938621,1791064460762218045,1279806
8,14,50,1791064460760938621,1791064460762323091,1384841
9,14,50,1791064460760938621,1791064460762428357,1490107
10,14,50,1791064460760938621,1791064460762533213,1594963
11,14,50,1791064460760938621,1791064460762757816,1819576
12,14,50,1791064460760938621,1791064460762896492,1958252
13,14,50,1791064460760938621,1791064460763001618,2063368
14,14,50,1791064460760938621,1791064460763124420,2186170
15,14,50,1791064460760938621,1791064460763233051,2294811
16,14,50,1791064460760938621,1791064460763347040,2408800
17,14,50,1791064460760938621,1791064460763480818,2542578
18,14,50,1791064460760938621,1791064460763586415,2648165
19,14,50,1791064460760938621,1791064460763690860,2752620
0,15,50,1791064460860938621,1791064460861188817,250877
1,15,50,1791064460860938621,1791064460861336065,397815
2,15,50,1791064460860938621,1791064460861445788,507548
3,15,50,1791064460860938621,1791064460861594929,656689
4,15,50,1791064460860938621,1791064460861702989,764739
5,15,50,1791064460860938621,1791064460861879721,941491
6,15,50,1791064460860938621,1791064460861990526,1052286
7,15,50,1791064460860938621,1791064460862116282,1178032
8,15,50,1791064460860938621,1791064460862224262,1286012
9,15,50,1791064460860938621,1791064460862331011,1392771
10,15,50,1791064460860938621,1791064460862437589,1499349
11,15,50,1791064460860938621,1791064460862552780,1614530
12,15,50,1791064460860938621,1791064460862675391,1737141
13,15,50,1791064460860938621,1791064460862805034,1866794
14,15,50,1791064460860938621,1791064460862924180,1985930
15,15,50,1791064460860938621,1791064460863043688,2105448
16,15,50,1791064460860938621,1791064460863149755,2211515
17,15,50,1791064460860938621,1791064460863255982,2317733
18,15,50,1791064460860938621,1791064460863361529,2423279
19,15,50,1791064460860938621,1791064460863466855,2528615
0,16,50,1791064460960938621,1791064460961171658,233899
1,16,50,1791064460960938621,1791064460961301771,363521
2,16,50,1791064460960938621,1791064460961406616,468366
3,16,50,1791064460960938621,1791064460961513785,575545
4,16,50,1791064460960938621,1791064460961619772,681523
5,16,50,1791064460960938621,1791064460961802594,864354
6,16,50,1791064460960938621,1791064460961950513,1012283
7,16,50,1791064460960938621,1791064460962055909,1117669
8,16,50,1791064460960938621,1791064460962159283,1221043
9,16,50,1791064460960938621,1791064460962263617,1325377
10,16,50,1791064460960938621,1791064460962369745,1431495
11,16,50,1791064460960938621,1791064460962476753,1538514
12,16,50,1791064460960938621,1791064460962580317,1642067
13,16,50,1791064460960938621,1791064460962700195,1761945
14,16,50,1791064460960938621,1791064460962838210,1899970
15,16,50,1791064460960938621,1791064460962941493,2003253
16,16,50,1791064460960938621,1791064460963044455,2106216
17,16,50,1791064460960938621,1791064460963147849,2209609
18,16,50,1791064460960938621,1791064460963266124,2327884
19,16,50,1791064460960938621,1791064460963423157,2484917
0,17,50,1791064461060938621,1791064461061177825,239785
1,17,50,1791064461060938621,1791064461061287758,349508
2,17,50,1791064461060938621,1791064461061579600,641371
3,17,50,1791064461060938621,1791064461061687541,749301
4,17,50,1791064461060938621,1791064461061968157,1029927
5,17,50,1791064461060938621,1791064461062076147,1137907
6,17,50,1791064461060938621,1791064461062182294,1244054
7,17,50,1791064461060938621,1791064461062317214,1378965
8,17,50,1791064461060938621,1791064461062454999,1516759
9,17,50,1791064461060938621,1791064461062570400,1632150
10,17,50,1791064461060938621,1791064461062689887,1751647
11,17,50,1791064461060938621,1791064461062850465,1912225
12,17,50,1791064461060938621,1791064461062971775,2033525
13,17,50,1791064461060938621,1791064461063079034,2140794
14,17,50,1791064461060938621,1791064461063186053,2247813
15,17,50,1791064461060938621,1791064461063318009,2379769
16,17,50,1791064461060938621,1791064461063425448,2487198
17,17,50,1791064461060938621,1791064461063538336,2600096
18,17,50,1791064461060938621,1791064461063644163,2705923
19,17,50,1791064461060938621,1791064461063773574,2835335
0,18,50,1791064461160938621,1791064461161219724,281795
1,18,50,1791064461160938621,1791064461161327714,389474
2,18,50,1791064461160938621,1791064461161436245,498005
3,18,50,1791064461160938621,1791064461161541992,603752
4,18,50,1791064461160938621,1791064461161874325,936135
5,18,50,1791064461160938621,1791064461162055684,1117454
6,18,50,1791064461160938621,1791064461162162442,1224202
7,18,50,1791064461160938621,1791064461162266617,1328377
8,18,50,1791064461160938621,1791064461162382308,1444058
9,18,50,1791064461160938621,1791064461162487064,1548824
10,18,50,1791064461160938621,1791064461162591909,1653669
11,18,50,1791064461160938621,1791064461162711376,1773136
12,18,50,1791064461160938621,1791064461162893376,1955126
13,18,50,1791064461160938621,1791064461162999053,2060813
14,18,50,1791064461160938621,1791064461163103708,2165458
15,18,50,1791064461160938621,1791064461163207252,2269002
16,18,50,1791064461160938621,1791064461163312608,2374368
17,18,50,1791064461160938621,1791064461163416582,2478342
18,18,50,1791064461160938621,1791064461163520176,2581926
19,18,50,1791064461160938621,1791064461163626413,2688174
0,19,50,1791064461260938621,1791064461261158260,220371
1,19,50,1791064461260938621,1791064461261339139,400899
2,19,50,1791064461260938621,1791064461261483493,545243
3,19,50,1791064461260938621,1791064461261603350,665100
4,19,50,1791064461260938621,1791064461261720063,781814
5,19,50,1791064461260938621,1791064461261885679,947449
6,19,50,1791064461260938621,1791064461261994430,1056180
7,19,50,1791064461260938621,1791064461262101750,1163510
8,19,50,1791064461260938621,1791064461262220576,1282326
9,19,50,1791064461260938621,1791064461262327534,1389294
10,19,50,1791064461260938621,1791064461262435985,1497745
11,19,50,1791064461260938621,1791064461262541892,1603642
12,19,50,1791064461260938621,1791064461262674890,1736650
13,19,50,1791064461260938621,1791064461262810641,1872391
14,19,50,1791064461260938621,1791064461262944529,2006279
15,19,50,1791064461260938621,1791064461263066560,2128310
16,19,50,1791064461260938621,1791064461263172948,2234708
17,19,50,1791064461260938621,1791064461263278725,2340475
18,19,50,1791064461260938621,1791064461263394407,2456167
19,19,50,1791064461260938621,1791064461263508986,2570747
0,20,50,1791064461360938621,1791064461361215448,277538
1,20,50,1791064461360938621,1791064461361366662,428432
2,20,50,1791064461360938621,1791064461361513139,574899
3,20,50,1791064461360938621,1791064461361660708,722468
4,20,50,1791064461360938621,1791064461361839022,900782
5,20,50,1791064461360938621,1791064461362008764,1070524
6,20,50,1791064461360938621,1791064461362211705,1273465
7,20,50,1791064461360938621,1791064461362359094,1420854
8,20,50,1791064461360938621,1791064461362506062,1567822
9,20,50,1791064461360938621,1791064461362670516,1732286
10,20,50,1791064461360938621,1791064461362844674,1906434
11,20,50,1791064461360938621,1791064461362992483,2054253
12,20,50,1791064461360938621,1791064461363142496,2204256
13,20,50,1791064461360938621,1791064461363288743,2350503
14,20,50,1791064461360938621,1791064461363435590,2497350
15,20,50,1791064461360938621,1791064461363581126,2642886
16,20,50,1791064461360938621,1791064461363726432,2788192
17,20,50,1791064461360938621,1791064461363898086,2959846
18,20,50,1791064461360938621,1791064461364040237,3101997
19,20,50,1791064461360938621,1791064461364183800,3245560
0,21,50,1791064461460938621,1791064461461184885,247116
1,21,50,1791064461460938621,1791064461461296671,358431
2,21,50,1791064461460938621,1791064461461404751,466501
3,21,50,1791064461460938621,1791064461461511449,573199
4,21,50,1791064461460938621,1791064461461619119,680879
5,21,50,1791064461460938621,1791064461461725958,787708
6,21,50,1791064461460938621,1791064461461881448,943208
7,21,50,1791064461460938621,1791064461462017820,1079580
8,21,50,1791064461460938621,1791064461462124529,1186289
9,21,50,1791064461460938621,1791064461462440187,1501967
10,21,50,1791064461460938621,1791064461462546024,1607784
11,21,50,1791064461460938621,1791064461462668686,1730656
12,21,50,1791064461460938621,1791064461462801633,1863383
13,21,50,1791064461460938621,1791064461462909573,1971333
14,21,50,1791064461460938621,1791064461463016121,2077871
15,21,50,1791064461460938621,1791064461463123390,2185150
16,21,50,1791064461460938621,1791064461463229477,2291237
17,21,50,1791064461460938621,1791064461463335484,2397245
18,21,50,1791064461460938621,1791064461463469794,2531554
19,21,50,1791064461460938621,1791064461463799813,2861563
0,22,50,1791064461560938621,1791064461561196094,258355
1,22,50,1791064461560938621,1791064461561315842,377592
2,22,50,1791064461560938621,1791064461561425695,487455
3,22,50,1791064461560938621,1791064461561531832,593592
4,22,50,1791064461560938621,1791064461561638901,700651
5,22,50,1791064461560938621,1791064461561744247,805997
6,22,50,1791064461560938621,1791064461561949942,1011702
7,22,50,1791064461560938621,1791064461562089349,1151109
8,22,50,1791064461560938621,1791064461562193704,1255464
9,22,50,1791064461560938621,1791064461562299961,1361721
10,22,50,1791064461560938621,1791064461562404646,1466396
11,22,50,1791064461560938621,1791064461562509612,1571362
12,22,50,1791064461560938621,1791064461562629119,1690879
13,22,50,1791064461560938621,1791064461562746143,1807903
14,22,50,1791064461560938621,1791064461562878399,1940149
15,22,50,1791064461560938621,1791064461562981872,2043622
16,22,50,1791064461560938621,1791064461563087239,2148989
17,22,50,1791064461560938621,1791064461563241007,2302767
18,22,50,1791064461560938621,1791064461563347635,2409395
19,22,50,1791064461560938621,1791064461563452240,2513990
0,23,50,1791064461660938621,1791064461661218956,281026
1,23,50,1791064461660938621,1791064461661331032,392792
2,23,50,1791064461660938621,1791064461661439162,500922
3,23,50,1791064461660938621,1791064461661572079,633830
4,23,50,1791064461660938621,1791064461661681161,742911
5,23,50,1791064461660938621,1791064461661817564,879324
6,23,50,1791064461660938621,1791064461662032402,1094172
7,23,50,1791064461660938621,1791064461662140452,1202212
8,23,50,1791064461660938621,1791064461662246800,1308550
9,23,50,1791064461660938621,1791064461662352707,1414457
10,23,50,1791064461660938621,1791064461662461078,1522838
11,23,50,1791064461660938621,1791064461662568057,1629817
12,23,50,1791064461660938621,1791064461662690418,1752178
13,23,50,1791064461660938621,1791064461662821813,1883573
14,23,50,1791064461660938621,1791064461662941561,2003321
15,23,50,1791064461660938621,1791064461663065474,2127224
16,23,50,1791064461660938621,1791064461663172854,2234614
17,23,50,1791064461660938621,1791064461663281084,2342834
18,23,50,1791064461660938621,1791064461663391708,2453468
19,23,50,1791064461660938621,1791064461663497695,2559455
0,24,50,1791064461760938621,1791064461761190441,252511
1,24,50,1791064461760938621,1791064461761302557,364307
2,24,50,1791064461760938621,1791064461761416676,478436
3,24,50,1791064461760938621,1791064461761521702,583462
4,24,50,1791064461760938621,1791064461761627349,689109
5,24,50,1791064461760938621,1791064461761804892,866662
6,24,50,1791064461760938621,1791064461761987312,1049072
7,24,50,1791064461760938621,1791064461762093981,1155741
8,24,50,1791064461760938621,1791064461762198105,1259865
9,24,50,1791064461760938621,1791064461762302890,1364650
10,24,50,1791064461760938621,1791064461762405673,1467433
11,24,50,1791064461760938621,1791064461762509917,1571677
12,24,50,1791064461760938621,1791064461762642664,1704424
13,24,50,1791064461760938621,1791064461762747019,1808769
14,24,50,1791064461760938621,1791064461762883121,1944881
15,24,50,1791064461760938621,1791064461762989398,2051148
16,24,50,1791064461760938621,1791064461763094184,2155944
17,24,50,1791064461760938621,1791064461763199099,2260859
18,24,50,1791064461760938621,1791064461763302733,2364493
19,24,50,1791064461760938621,1791064461763406978,2468738
0,25,50,1791064461860938621,1791064461861190568,252629
1,25,50,1791064461860938621,1791064461861300531,362291
2,25,50,1791064461860938621,1791064461861410715,472465
3,25,50,1791064461860938621,1791064461861518024,579784
4,25,50,1791064461860938621,1791064461861636910,698670
5,25,50,1791064461860938621,1791064461861805670,867441
6,25,50,1791064461860938621,1791064461862003714,1065464
7,25,50,1791064461860938621,1791064461862110873,1172623
8,25,50,1791064461860938621,1791064461862217101,1278851
9,25,50,1791064461860938621,1791064461862323358,1385118
10,25,50,1791064461860938621,1791064461862429546,1491296
11,25,50,1791064461860938621,1791064461862535423,1597183
12,25,50,1791064461860938621,1791064461862655641,1717401
13,25,50,1791064461860938621,1791064461862816690,1878450
14,25,50,1791064461860938621,1791064461862928346,1990106
15,25,50,1791064461860938621,1791064461863033752,2095502
16,25,50,1791064461860938621,1791064461863141091,2202851
17,25,50,1791064461860938621,1791064461863246407,2308157
18,25,50,1791064461860938621,1791064461863393666,2455426
19,25,50,1791064461860938621,1791064461863499573,2561323
0,26,50,1791064461960938621,1791064461961169966,232207
1,26,50,1791064461960938621,1791064461961305857,367607
2,26,50,1791064461960938621,1791064461961411264,473024
3,26,50,1791064461960938621,1791064461961643318,705108
4,26,50,1791064461960938621,1791064461961749535,811295
5,26,50,1791064461960938621,1791064461961999005,1060795
6,26,50,1791064461960938621,1791064461962303978,1365748
7,26,50,1791064461960938621,1791064461962410335,1472095
8,26,50,1791064461960938621,1791064461962517034,1578794
9,26,50,1791064461960938621,1791064461962691322,1753082
10,26,50,1791064461960938621,1791064461962820303,1882063
11,26,50,1791064461960938621,1791064461962926070,1987830
12,26,50,1791064461960938621,1791064461963130603,2192364
13,26,50,1791064461960938621,1791064461963268117,2329877
14,26,50,1791064461960938621,1791064461963418661,2480421
15,26,50,1791064461960938621,1791064461963524578,2586338
16,26,50,1791064461960938621,1791064461963640049,2701809
17,26,50,1791064461960938621,1791064461963745115,2806875
18,26,50,1791064461960938621,1791064461963876079,2937839
19,26,50,1791064461960938621,1791064461963979793,3041553
0,27,50,1791064462060938621,1791064462061183187,245248
1,27,50,1791064462060938621,1791064462061297076,358826
2,27,50,1791064462060938621,1791064462061471244,532994
3,27,50,1791064462060938621,1791064462061596290,658050
4,27,50,1791064462060938621,1791064462061704460,766220
5,27,50,1791064462060938621,1791064462061916585,978345
6,27,50,1791064462060938621,1791064462062023233,1084983
7,27,50,1791064462060938621,1791064462062129901,1191661
8,27,50,1791064462060938621,1791064462062236910,1298670
9,27,50,1791064462060938621,1791064462062345972,1407732
10,27,50,1791064462060938621,1791064462062452139,1513899
11,27,50,1791064462060938621,1791064462062557575,1619336
12,27,50,1791064462060938621,1791064462062699997,1761747
13,27,50,1791064462060938621,1791064462062831091,1892841
14,27,50,1791064462060938621,1791064462062947954,2009704
15,27,50,1791064462060938621,1791064462063053301,2115061
16,27,50,1791064462060938621,1791064462063428928,2490928
17,27,50,1791064462060938621,1791064462063540463,2602213
18,27,50,1791064462060938621,1791064462063650066,2711826
19,27,50,1791064462060938621,1791064462064014837,3076587
0,28,50,1791064462160938621,1791064462161174427,236497
1,28,50,1791064462160938621,1791064462161284249,346009
2,28,50,1791064462160938621,1791064462161392630,454390
3,28,50,1791064462160938621,1791064462161525898,587648
4,28,50,1791064462160938621,1791064462161657763,719523
5,28,50,1791064462160938621,1791064462161832893,894653
6,28,50,1791064462160938621,1791064462162067281,1129041
7,28,50,1791064462160938621,1791064462162232175,1293925
8,28,50,1791064462160938621,1791064462162341327,1403077
9,28,50,1791064462160938621,1791064462162447645,1509405
10,28,50,1791064462160938621,1791064462162564288,1626048
11,28,50,1791064462160938621,1791064462162692548,1754308
12,28,50,1791064462160938621,1791064462162871063,1932823
13,28,50,1791064462160938621,1791064462162977210,2038970
14,28,50,1791064462160938621,1791064462163085521,2147281
15,28,50,1791064462160938621,1791064462163199390,2261150
16,28,50,1791064462160938621,1791064462163304796,2366556
17,28,50,1791064462160938621,1791064462163410182,2471942
18,28,50,1791064462160938621,1791064462163521027,2582787
19,28,50,1791064462160938621,1791064462163624971,2686731
0,29,50,1791064462260938621,1791064462261182244,244334
1,29,50,1791064462260938621,1791064462261290214,351964
2,29,50,1791064462260938621,1791064462261397022,458772
3,29,50,1791064462260938621,1791064462261503130,564890
4,29,50,1791064462260938621,1791064462261609037,670797
5,29,50,1791064462260938621,1791064462261715535,777295
6,29,50,1791064462260938621,1791064462261869934,931694
7,29,50,1791064462260938621,1791064462262042800,1104560
8,29,50,1791064462260938621,1791064462262204390,1266150
9,29,50,1791064462260938621,1791064462262317237,1378997
10,29,50,1791064462260938621,1791064462262477916,1539676
11,29,50,1791064462260938621,1791064462262583402,1645162
12,29,50,1791064462260938621,1791064462262701848,1763598
13,29,50,1791064462260938621,1791064462262954663,2016433
14,29,50,1791064462260938621,1791064462263114259,2176020
15,29,50,1791064462260938621,1791064462263218554,2280314
16,29,50,1791064462260938621,1791064462263579470,2641230
17,29,50,1791064462260938621,1791064462263686028,2747788
18,29,50,1791064462260938621,1791064462263868568,2930338
19,29,50,1791064462260938621,1791064462263973204,3034954
0,30,50,1791064462360938621,1791064462362574456,1636667
1,30,50,1791064462360938621,1791064462362684549,1746300
2,30,50,1791064462360938621,1791064462362807682,1869432
3,30,50,1791064462360938621,1791064462362912968,1974728
4,30,50,1791064462360938621,1791064462363023322,2085082
5,30,50,1791064462360938621,1791064462363129209,2190959
6,30,50,1791064462360938621,1791064462363269487,2331247
7,30,50,1791064462360938621,1791064462363376616,2438366
8,30,50,1791064462360938621,1791064462363509533,2571293
9,30,50,1791064462360938621,1791064462363614569,2676329
10,30,50,1791064462360938621,1791064462363718874,2780634
11,30,50,1791064462360938621,1791064462363842227,2903987
12,30,50,1791064462360938621,1791064462363947793,3009553
13,30,50,1791064462360938621,1791064462364051587,3113337
14,30,50,1791064462360938621,1791064462364175060,3236820
15,30,50,1791064462360938621,1791064462364279575,3341335
16,30,50,1791064462360938621,1791064462364383930,3445690
17,30,50,1791064462360938621,1791064462364487644,3549404
18,30,50,1791064462360938621,1791064462364660360,3722120
19,30,50,1791064462360938621,1791064462364790173,3851933
0,31,50,1791064462460938621,1791064462461189755,251946
1,31,50,1791064462460938621,1791064462461299968,361729
2,31,50,1791064462460938621,1791064462461407017,468767
3,31,50,1791064462460938621,1791064462461514797,576557
4,31,50,1791064462460938621,1791064462461622076,683826
5,31,50,1791064462460938621,1791064462461729085,790845
6,31,50,1791064462460938621,1791064462461878577,940327
7,31,50,1791064462460938621,1791064462462084562,1146312
8,31,50,1791064462460938621,1791064462462191541,1253301
9,31,50,1791064462460938621,1791064462462298720,1360480
10,31,50,1791064462460938621,1791064462462405428,1467178
11,31,50,1791064462460938621,1791064462462512858,1574618
12,31,50,1791064462460938621,1791064462462623772,1685522
13,31,50,1791064462460938621,1791064462462729739,1791499
14,31,50,1791064462460938621,1791064462462862686,1924436
15,31,50,1791064462460938621,1791064462462968664,2030424
16,31,50,1791064462460938621,1791064462463083834,2145595
17,31,50,1791064462460938621,1791064462463190863,2252623
18,31,50,1791064462460938621,1791064462463295819,2357579
19,31,50,1791064462460938621,1791064462463429177,2490927
0,32,50,1791064462560938621,1791064462561165783,228044
1,32,50,1791064462560938621,1791064462561277098,338858
2,32,50,1791064462560938621,1791064462561382675,444425
3,32,50,1791064462560938621,1791064462561487540,549420
4,32,50,1791064462560938621,1791064462561595581,657331
5,32,50,1791064462560938621,1791064462561701808,763558
6,32,50,1791064462560938621,1791064462561823358,885108
7,32,50,1791064462560938621,1791064462561955344,1017104
8,32,50,1791064462560938621,1791064462562060330,1122080
9,32,50,1791064462560938621,1791064462562397991,1459911
10,32,50,1791064462560938621,1791064462562502195,1563955
11,32,50,1791064462560938621,1791064462562621122,1682872
12,32,50,1791064462560938621,1791064462562725957,1787717
13,32,50,1791064462560938621,1791064462562857342,1919102
14,32,50,1791064462560938621,1791064462562962728,2024478
15,32,50,1791064462560938621,1791064462563067444,2129204
16,32,50,1791064462560938621,1791064462563171498,2233248
17,32,50,1791064462560938621,1791064462563275062,2336822
18,32,50,1791064462560938621,1791064462563380358,2442118
19,32,50,1791064462560938621,1791064462563484883,2546633
0,33,50,1791064462660938621,1791064462661269659,331940
1,33,50,1791064462660938621,1791064462661382837,444597
2,33,50,1791064462660938621,1791064462661496776,558526
3,33,50,1791064462660938621,1791064462661639187,700947
4,33,50,1791064462660938621,1791064462661746527,808287
5,33,50,1791064462660938621,1791064462661960865,1022635
6,33,50,1791064462660938621,1791064462662068124,1129884
7,33,50,1791064462660938621,1791064462662208101,1269861
8,33,50,1791064462660938621,1791064462662366056,1427816
9,33,50,1791064462660938621,1791064462662472163,1533923
10,33,50,1791064462660938621,1791064462662578180,1639930
11,33,50,1791064462660938621,1791064462662688624,1750374
12,33,50,1791064462660938621,1791064462662822493,1884253
13,33,50,1791064462660938621,1791064462662928941,1990691
14,33,50,1791064462660938621,1791064462663035388,2097148
15,33,50,1791064462660938621,1791064462663140635,2202395
16,33,50,1791064462660938621,1791064462663246712,2308462
17,33,50,1791064462660938621,1791064462663351768,2413528
18,33,50,1791064462660938621,1791064462663460880,2522640
19,33,50,1791064462660938621,1791064462663566256,2628006
0,34,50,1791064462760938621,1791064462761188823,251023
1,34,50,1791064462760938621,1791064462761297884,359644
2,34,50,1791064462760938621,1791064462761403982,465742
3,34,50,1791064462760938621,1791064462761520875,582625
4,34,50,1791064462760938621,1791064462761627463,689223
5,34,50,1791064462760938621,1791064462761734252,796012
6,34,50,1791064462760938621,1791064462761953857,1015668
7,34,50,1791064462760938621,1791064462762061307,1123067
8,34,50,1791064462760938621,1791064462762177509,1239269
9,34,50,1791064462760938621,1791064462762379529,1441289
10,34,50,1791064462760938621,1791064462762549461,1611211
11,34,50,1791064462760938621,1791064462762665703,1727453
12,34,50,1791064462760938621,1791064462762818510,1880270
13,34,50,1791064462760938621,1791064462762923776,1985536
14,34,50,1791064462760938621,1791064462763028451,2090201
15,34,50,1791064462760938621,1791064462763131755,2193505
16,34,50,1791064462760938621,1791064462763235839,2297599
17,34,50,1791064462760938621,1791064462763339913,2401673
18,34,50,1791064462760938621,1791064462763443958,2505708
19,34,50,1791064462760938621,1791064462763567180,2628940
0,35,50,1791064462860938621,1791064462861182664,244855
1,35,50,1791064462860938621,1791064462861299056,360816
2,35,50,1791064462860938621,1791064462861406836,468596
3,35,50,1791064462860938621,1791064462861515247,577007
4,35,50,1791064462860938621,1791064462861622756,684516
5,35,50,1791064462860938621,1791064462861731657,793417
6,35,50,1791064462860938621,1791064462861953186,1014946
7,35,50,1791064462860938621,1791064462862069498,1131248
8,35,50,1791064462860938621,1791064462862177017,1238767
9,35,50,1791064462860938621,1791064462862285608,1347358
10,35,50,1791064462860938621,1791064462862422181,1484171
11,35,50,1791064462860938621,1791064462862529740,1591490
12,35,50,1791064462860938621,1791064462862652202,1713952
13,35,50,1791064462860938621,1791064462862875533,1937303
14,35,50,1791064462860938621,1791064462862985726,2047486
15,35,50,1791064462860938621,1791064462863091993,2153753
16,35,50,1791064462860938621,1791064462863198691,2260441
17,35,50,1791064462860938621,1791064462863305380,2367130
18,35,50,1791064462860938621,1791064462863467940,2529700
19,35,50,1791064462860938621,1791064462863575279,2637040
0,36,50,1791064462960938621,1791064462961213551,275742
1,36,50,1791064462960938621,1791064462961364865,426615
2,36,50,1791064462960938621,1791064462961708545,770305
3,36,50,1791064462960938621,1791064462961903253,965013
4,36,50,1791064462960938621,1791064462962070200,1131951
5,36,50,1791064462960938621,1791064462962187614,1249375
6,36,50,1791064462960938621,1791064462962294583,1356343
7,36,50,1791064462960938621,1791064462962500738,1562499
8,36,50,1791064462960938621,1791064462962605894,1667644
9,36,50,1791064462960938621,1791064462962710529,1772289
10,36,50,1791064462960938621,1791064462962831979,1893729
11,36,50,1791064462960938621,1791064462962941281,2003041
12,36,50,1791064462960938621,1791064462963056021,2117781
13,36,50,1791064462960938621,1791064462963177982,2239742
14,36,50,1791064462960938621,1791064462963282237,2343997
15,36,50,1791064462960938621,1791064462963386311,2448071
16,36,50,1791064462960938621,1791064462963490655,2552405
17,36,50,1791064462960938621,1791064462963595291,2657051
18,36,50,1791064462960938621,1791064462963788357,2850127
19,36,50,1791064462960938621,1791064462963895395,2957145
0,37,50,1791064463060938621,1791064463061169807,231878
1,37,50,1791064463060938621,1791064463061278688,340439
2,37,50,1791064463060938621,1791064463061384155,445915
3,37,50,1791064463060938621,1791064463061557442,619202
4,37,50,1791064463060938621,1791064463061665221,726981
5,37,50,1791064463060938621,1791064463061783467,845227
6,37,50,1791064463060938621,1791064463061917305,979065
7,37,50,1791064463060938621,1791064463062022250,1084011
8,37,50,1791064463060938621,1791064463062126565,1188315
9,37,50,1791064463060938621,1791064463062231771,1293531
10,37,50,1791064463060938621,1791064463062336156,1397916
11,37,50,1791064463060938621,1791064463062441282,1503032
12,37,50,1791064463060938621,1791064463062633336,1695086
13,37,50,1791064463060938621,1791064463062740325,1802085
14,37,50,1791064463060938621,1791064463062865600,1927360
15,37,50,1791064463060938621,1791064463062970075,2031835
16,37,50,1791064463060938621,1791064463063074550,2136310
17,37,50,1791064463060938621,1791064463063178364,2240124
18,37,50,1791064463060938621,1791064463063283680,2345430
19,37,50,1791064463060938621,1791064463063387544,2449304
0,38,50,1791064463160938621,1791064463161177520,239710
1,38,50,1791064463160938621,1791064463161290687,352437
2,38,50,1791064463160938621,1791064463161556742,618552
3,38,50,1791064463160938621,1791064463161742898,804648
4,38,50,1791064463160938621,1791064463161910646,972406
5,38,50,1791064463160938621,1791064463162077033,1138793
6,38,50,1791064463160938621,1791064463162188077,1249837
7,38,50,1791064463160938621,1791064463162294545,1356305
8,38,50,1791064463160938621,1791064463162407523,1469273
9,38,50,1791064463160938621,1791064463162513390,1575150
10,38,50,1791064463160938621,1791064463162729279,1791040
11,38,50,1791064463160938621,1791064463162876838,1938588
12,38,50,1791064463160938621,1791064463162982675,2044435
13,38,50,1791064463160938621,1791064463163131456,2193206
14,38,50,1791064463160938621,1791064463163318603,2380353
15,38,50,1791064463160938621,1791064463163422907,2484668
16,38,50,1791064463160938621,1791064463163537948,2599708
17,38,50,1791064463160938621,1791064463163642914,2704664
18,38,50,1791064463160938621,1791064463163747378,2809138
19,38,50,1791064463160938621,1791064463163880215,2941975
0,39,50,1791064463260938621,1791064463261333313,395373
1,39,50,1791064463260938621,1791064463261445949,507699
2,39,50,1791064463260938621,1791064463261551926,613687
3,39,50,1791064463260938621,1791064463261656992,718742
4,39,50,1791064463260938621,1791064463261779384,841144
5,39,50,1791064463260938621,1791064463261919531,981281
6,39,50,1791064463260938621,1791064463262024627,1086387
7,39,50,1791064463260938621,1791064463262145897,1207657
8,39,50,1791064463260938621,1791064463262401966,1463806
9,39,50,1791064463260938621,1791064463262509506,1571266
10,39,50,1791064463260938621,1791064463262645607,1707357
11,39,50,1791064463260938621,1791064463262752175,1813935
12,39,50,1791064463260938621,1791064463262892714,1954474
13,39,50,1791064463260938621,1791064463263036747,2098497
14,39,50,1791064463260938621,1791064463263142634,2204384
15,39,50,1791064463260938621,1791064463263265626,2327376
16,39,50,1791064463260938621,1791064463263375409,2437169
17,39,50,1791064463260938621,1791064463263480545,2542315
18,39,50,1791064463260938621,1791064463263584659,2646419
19,39,50,1791064463260938621,1791064463263725708,2787458
0,40,50,1791064463360938621,1791064463363388810,2450901
1,40,50,1791064463360938621,1791064463363516820,2578580
2,40,50,1791064463360938621,1791064463363622627,2684387
3,40,50,1791064463360938621,1791064463363729385,2791145
4,40,50,1791064463360938621,1791064463363849162,2910912
5,40,50,1791064463360938621,1791064463363953257,3015007
6,40,50,1791064463360938621,1791064463364058683,3120433
7,40,50,1791064463360938621,1791064463364165892,3227652
8,40,50,1791064463360938621,1791064463364270857,3332607
9,40,50,1791064463360938621,1791064463364496161,3557921
10,40,50,1791064463360938621,1791064463364604622,3666372
11,40,50,1791064463360938621,1791064463364737539,3799299
12,40,50,1791064463360938621,1791064463364879089,3940849
13,40,50,1791064463360938621,1791064463364985687,4047447
14,40,50,1791064463360938621,1791064463365091854,4153614
15,40,50,1791064463360938621,1791064463365197361,4259111
16,40,50,1791064463360938621,1791064463365310188,4371948
17,40,50,1791064463360938621,1791064463365415243,4476994
18,40,50,1791064463360938621,1791064463365577594,4639354
19,40,50,1791064463360938621,1791064463365738893,4800653
0,41,50,1791064463460938621,1791064463461180950,243020
1,41,50,1791064463460938621,1791064463461295419,357179
2,41,50,1791064463460938621,1791064463461413114,474874
3,41,50,1791064463460938621,1791064463461518800,580560
4,41,50,1791064463460938621,1791064463461625699,687459
5,41,50,1791064463460938621,1791064463461733739,795499
6,41,50,1791064463460938621,1791064463461982077,1043837
7,41,50,1791064463460938621,1791064463462089656,1151406
8,41,50,1791064463460938621,1791064463462196254,1258014
9,41,50,1791064463460938621,1791064463462306898,1368658
10,41,50,1791064463460938621,1791064463462412665,1474415
11,41,50,1791064463460938621,1791064463462519113,1580873
12,41,50,1791064463460938621,1791064463462624669,1686429
13,41,50,1791064463460938621,1791064463462729364,1791124
14,41,50,1791064463460938621,1791064463462862442,1924192
15,41,50,1791064463460938621,1791064463463007607,2069367
16,41,50,1791064463460938621,1791064463463112232,2173992
17,41,50,1791064463460938621,1791064463463222155,2283915
18,41,50,1791064463460938621,1791064463463326499,2388259
19,41,50,1791064463460938621,1791064463463433157,2494907
0,42,50,1791064463560938621,1791064463561164987,226968
1,42,50,1791064463560938621,1791064463561279587,341337
2,42,50,1791064463560938621,1791064463561460095,521845
3,42,50,1791064463560938621,1791064463561566733,628493
4,42,50,1791064463560938621,1791064463561672479,734239
5,42,50,1791064463560938621,1791064463561791476,853236
6,42,50,1791064463560938621,1791064463561939135,1000895
7,42,50,1791064463560938621,1791064463562101095,1162845
8,42,50,1791064463560938621,1791064463562218639,1280389
9,42,50,1791064463560938621,1791064463562324486,1386246
10,42,50,1791064463560938621,1791064463562428730,1490490
11,42,50,1791064463560938621,1791064463562534387,1596147
12,42,50,1791064463560938621,1791064463562638721,1700481
13,42,50,1791064463560938621,1791064463562926868,1988628
14,42,50,1791064463560938621,1791064463563035640,2097390
15,42,50,1791064463560938621,1791064463563154446,2216196
16,42,50,1791064463560938621,1791064463563260022,2321782
17,42,50,1791064463560938621,1791064463563365438,2427188
18,42,50,1791064463560938621,1791064463563469382,2531142
19,42,50,1791064463560938621,1791064463563573887,2635647
0,43,50,1791064463660938621,1791064463661178228,240528
1,43,50,1791064463660938621,1791064463661291315,353075
2,43,50,1791064463660938621,1791064463661399025,460775
3,43,50,1791064463660938621,1791064463661515187,576937
4,43,50,1791064463660938621,1791064463661653081,714841
5,43,50,1791064463660938621,1791064463661780520,842280
6,43,50,1791064463660938621,1791064463661927598,989358
7,43,50,1791064463660938621,1791064463662037261,1099021
8,43,50,1791064463660938621,1791064463662143188,1204948
9,43,50,1791064463660938621,1791064463662253171,1314921
10,43,50,1791064463660938621,1791064463662359719,1421479
11,43,50,1791064463660938621,1791064463662466687,1528437
12,43,50,1791064463660938621,1791064463662572965,1634715
13,43,50,1791064463660938621,1791064463662679052,1740802
14,43,50,1791064463660938621,1791064463662814993,1876753
15,43,50,1791064463660938621,1791064463662921091,1982851
16,43,50,1791064463660938621,1791064463663027038,2088788
17,43,50,1791064463660938621,1791064463663151222,2212972
18,43,50,1791064463660938621,1791064463663270899,2332659
19,43,50,1791064463660938621,1791064463663385499,2447259
0,44,50,1791064463760938621,1791064463761166592,228652
1,44,50,1791064463760938621,1791064463761278197,339957
2,44,50,1791064463760938621,1791064463761391064,452814
3,44,50,1791064463760938621,1791064463761497372,559132
4,44,50,1791064463760938621,1791064463761608076,669826
5,44,50,1791064463760938621,1791064463761726441,788191
6,44,50,1791064463760938621,1791064463761963663,1025433
7,44,50,1791064463760938621,1791064463762070521,1132271
8,44,50,1791064463760938621,1791064463762235256,1297056
9,44,50,1791064463760938621,1791064463762346581,1408341
10,44,50,1791064463760938621,1791064463762451246,1512996
11,44,50,1791064463760938621,1791064463762556111,1617871
12,44,50,1791064463760938621,1791064463762662479,1724239
13,44,50,1791064463760938621,1791064463762800844,1862614
14,44,50,1791064463760938621,1791064463762907672,1969432
15,44,50,1791064463760938621,1791064463763196610,2258370
16,44,50,1791064463760938621,1791064463763302027,2363777
17,44,50,1791064463760938621,1791064463763410337,2472097
18,44,50,1791064463760938621,1791064463763515383,2577133
19,44,50,1791064463760938621,1791064463763619797,2681558
0,45,50,1791064463860938621,1791064463861168026,230177
1,45,50,1791064463860938621,1791064463861275986,337746
2,45,50,1791064463860938621,1791064463861387091,448841
3,45,50,1791064463860938621,1791064463861563603,625353
4,45,50,1791064463860938621,1791064463861723640,785400
5,45,50,1791064463860938621,1791064463861887543,949303
6,45,50,1791064463860938621,1791064463862049393,1111143
7,45,50,1791064463860938621,1791064463862378901,1440731
8,45,50,1791064463860938621,1791064463862486010,1547760
9,45,50,1791064463860938621,1791064463862652196,1713966
10,45,50,1791064463860938621,1791064463862845663,1907413
11,45,50,1791064463860938621,1791064463863004969,2066729
12,45,50,1791064463860938621,1791064463863163554,2225314
13,45,50,1791064463860938621,1791064463863269771,2331521
14,45,50,1791064463860938621,1791064463863429889,2491649
15,45,50,1791064463860938621,1791064463863536066,2597816
16,45,50,1791064463860938621,1791064463863644076,2705836
17,45,50,1791064463860938621,1791064463863749422,2811172
18,45,50,1791064463860938621,1791064463863866516,2928276
19,45,50,1791064463860938621,1791064463863970460,3032210
0,46,50,1791064463960938621,1791064463961178935,241126
1,46,50,1791064463960938621,1791064463961290110,351860
2,46,50,1791064463960938621,1791064463961398400,460150
3,46,50,1791064463960938621,1791064463961504738,566498
4,46,50,1791064463960938621,1791064463961614751,676511
5,46,50,1791064463960938621,1791064463961720427,782187
6,46,50,1791064463960938621,1791064463961875477,937227
7,46,50,1791064463960938621,1791064463961992741,1054491
8,46,50,1791064463960938621,1791064463962098137,1159897
9,46,50,1791064463960938621,1791064463962213178,1274928
10,46,50,1791064463960938621,1791064463962319135,1380895
11,46,50,1791064463960938621,1791064463962425592,1487352
12,46,50,1791064463960938621,1791064463962535856,1597616
13,46,50,1791064463960938621,1791064463962641292,1703042
14,46,50,1791064463960938621,1791064463962747129,1808879
15,46,50,1791064463960938621,1791064463962880887,1942647
16,46,50,1791064463960938621,1791064463962988216,2049966
17,46,50,1791064463960938621,1791064463963094143,2155893
18,46,50,1791064463960938621,1791064463963298316,2360076
19,46,50,1791064463960938621,1791064463963407267,2469017
0,47,50,1791064464060938621,1791064464061175772,237842
1,47,50,1791064464060938621,1791064464061291343,353093
2,47,50,1791064464060938621,1791064464061399523,461283
3,47,50,1791064464060938621,1791064464061507303,569063
4,47,50,1791064464060938621,1791064464061616505,678255
5,47,50,1791064464060938621,1791064464061724986,786736
6,47,50,1791064464060938621,1791064464061920355,982155
7,47,50,1791064464060938621,1791064464062030018,1091768
8,47,50,1791064464060938621,1791064464062180991,1242751
9,47,50,1791064464060938621,1791064464062288881,1350641
10,47,50,1791064464060938621,1791064464062404813,1466563
11,47,50,1791064464060938621,1791064464062511291,1573051
12,47,50,1791064464060938621,1791064464062795742,1857522
13,47,50,1791064464060938621,1791064464062903712,1965462
14,47,50,1791064464060938621,1791064464063015979,2077729
15,47,50,1791064464060938621,1791064464063123067,2184827
16,47,50,1791064464060938621,1791064464063229735,2291485
17,47,50,1791064464060938621,1791064464063372387,2434137
18,47,50,1791064464060938621,1791064464063480116,2541877
19,47,50,1791064464060938621,1791064464063586935,2648695
0,48,50,1791064464160938621,1791064464161165788,227948
1,48,50,1791064464160938621,1791064464161275190,336950
2,48,50,1791064464160938621,1791064464161383280,445040
3,48,50,1791064464160938621,1791064464161497149,558919
4,48,50,1791064464160938621,1791064464161630156,691916
5,48,50,1791064464160938621,1791064464161734921,796671
6,48,50,1791064464160938621,1791064464161915839,977629
7,48,50,1791064464160938621,1791064464162032041,1093802
8,48,50,1791064464160938621,1791064464162136226,1197976
9,48,50,1791064464160938621,1791064464162239990,1301740
10,48,50,1791064464160938621,1791064464162346317,1408077
11,48,50,1791064464160938621,1791064464162458273,1520033
12,48,50,1791064464160938621,1791064464162561626,1623386
13,48,50,1791064464160938621,1791064464162666652,1728412
14,48,50,1791064464160938621,1791064464162800320,1862080
15,48,50,1791064464160938621,1791064464163099523,2161303
16,48,50,1791064464160938621,1791064464163203698,2265458
17,48,50,1791064464160938621,1791064464163310476,2372226
18,48,50,1791064464160938621,1791064464163499116,2560876
19,48,50,1791064464160938621,1791064464163601698,2663458
0,49,50,1791064464260938621,1791064464261208738,270829
1,49,50,1791064464260938621,1791064464261461142,522892
2,49,50,1791064464260938621,1791064464261566849,628609
3,49,50,1791064464260938621,1791064464261673377,735137
4,49,50,1791064464260938621,1791064464261834035,895795
5,49,50,1791064464260938621,1791064464261991999,1053749
6,49,50,1791064464260938621,1791064464262098226,1159976
7,49,50,1791064464260938621,1791064464262204935,1266695
8,49,50,1791064464260938621,1791064464262309550,1371310
9,49,50,1791064464260938621,1791064464262444730,1506480
10,49,50,1791064464260938621,1791064464262580010,1641760
11,49,50,1791064464260938621,1791064464262686588,1748348
12,49,50,1791064464260938621,1791064464262944420,2006191
13,49,50,1791064464260938621,1791064464263093862,2155622
14,49,50,1791064464260938621,1791064464263202383,2264133
15,49,50,1791064464260938621,1791064464263307839,2369589
16,49,50,1791064464260938621,1791064464263413155,2474915
17,49,50,1791064464260938621,1791064464263519152,2580912
18,49,50,1791064464260938621,1791064464263642365,2704115
19,49,50,1791064464260938621,1791064464263751507,2813267
0,50,50,1791064464360938621,1791064464363753245,2815476
1,50,50,1791064464360938621,1791064464363892732,2954482
2,50,50,1791064464360938621,1791064464364062534,3124284
3,50,50,1791064464360938621,1791064464364167249,3228999
4,50,50,1791064464360938621,1791064464364272605,3334355
5,50,50,1791064464360938621,1791064464364380194,3441944
6,50,50,1791064464360938621,1791064464364484639,3546399
7,50,50,1791064464360938621,1791064464364643184,3704944
8,50,50,1791064464360938621,1791064464364746607,3808367
9,50,50,1791064464360938621,1791064464364894667,3956417
10,50,50,1791064464360938621,1791064464365111458,4173228
11,50,50,1791064464360938621,1791064464365217555,4279315
12,50,50,1791064464360938621,1791064464365418754,4480734
13,50,50,1791064464360938621,1791064464365524540,4586300
14,50,50,1791064464360938621,1791064464365629416,4691176
15,50,50,1791064464360938621,1791064464365732418,4794168
16,50,50,1791064464360938621,1791064464365901619,4963419
17,50,50,1791064464360938621,1791064464366005032,5066793
18,50,50,1791064464360938621,1791064464366107214,5168964
19,50,50,1791064464360938621,1791064464366305918,5367678
0,51,50,1791064464460938621,1791064464461192481,254552
1,51,50,1791064464460938621,1791064464461308333,370083
2,51,50,1791064464460938621,1791064464461417325,479075
3,51,50,1791064464460938621,1791064464461583922,645682
4,51,50,1791064464460938621,1791064464461693504,755264
5,51,50,1791064464460938621,1791064464461820682,882442
6,51,50,1791064464460938621,1791064464461945187,1006937
7,51,50,1791064464460938621,1791064464462054168,1115918
8,51,50,1791064464460938621,1791064464462163571,1225321
9,51,50,1791064464460938621,1791064464462292862,1354622
10,51,50,1791064464460938621,1791064464462399931,1461691
11,51,50,1791064464460938621,1791064464462517826,1579586
12,51,50,1791064464460938621,1791064464462625866,1687616
13,51,50,1791064464460938621,1791064464462733095,1794845
14,51,50,1791064464460938621,1791064464462854394,1916144
15,51,50,1791064464460938621,1791064464462962685,2024435
16,51,50,1791064464460938621,1791064464463069383,2131133
17,51,50,1791064464460938621,1791064464463176602,2238362
18,51,50,1791064464460938621,1791064464463286525,2348285
19,51,50,1791064464460938621,1791064464463393453,2455213
0,52,50,1791064464560938621,1791064464561168427,230488
1,52,50,1791064464560938621,1791064464561278821,340581
2,52,50,1791064464560938621,1791064464561388403,450153
3,52,50,1791064464560938621,1791064464561494761,556521
4,52,50,1791064464560938621,1791064464561601800,663560
5,52,50,1791064464560938621,1791064464561710310,772070
6,52,50,1791064464560938621,1791064464561904508,966268
7,52,50,1791064464560938621,1791064464562069212,1130972
8,52,50,1791064464560938621,1791064464562220016,1281776
9,52,50,1791064464560938621,1791064464562328086,1389846
10,52,50,1791064464560938621,1791064464562433923,1495673
11,52,50,1791064464560938621,1791064464562571376,1633137
12,52,50,1791064464560938621,1791064464562677163,1738913
13,52,50,1791064464560938621,1791064464562944630,2006450
14,52,50,1791064464560938621,1791064464563055254,2117014
15,52,50,1791064464560938621,1791064464563162743,2224503
16,52,50,1791064464560938621,1791064464563279135,2340895
17,52,50,1791064464560938621,1791064464563383630,2445390
18,52,50,1791064464560938621,1791064464563487755,2549505
19,52,50,1791064464560938621,1791064464563592690,2654450
0,53,50,1791064464660938621,1791064464661168390,230460
1,53,50,1791064464660938621,1791064464661276830,338580
2,53,50,1791064464660938621,1791064464661383829,445579
3,53,50,1791064464660938621,1791064464661488654,550404
4,53,50,1791064464660938621,1791064464661596284,658044
5,53,50,1791064464660938621,1791064464661700869,762619
6,53,50,1791064464660938621,1791064464661833155,894915
7,53,50,1791064464660938621,1791064464661962506,1024266
8,53,50,1791064464660938621,1791064464662068814,1130564
9,53,50,1791064464660938621,1791064464662184886,1246636
10,53,50,1791064464660938621,1791064464662291704,1353464
11,53,50,1791064464660938621,1791064464662398923,1460683
12,53,50,1791064464660938621,1791064464662504229,1565989
13,53,50,1791064464660938621,1791064464662610727,1672477
14,53,50,1791064464660938621,1791064464662801520,1863280
15,53,50,1791064464660938621,1791064464662907256,1969017
16,53,50,1791064464660938621,1791064464663012482,2074242
17,53,50,1791064464660938621,1791064464663117628,2179388
18,53,50,1791064464660938621,1791064464663225248,2286998
19,53,50,1791064464660938621,1791064464663330444,2392204
0,54,50,1791064464760938621,1791064464761162482,224733
1,54,50,1791064464760938621,1791064464761280617,342378
2,54,50,1791064464760938621,1791064464761387256,449016
3,54,50,1791064464760938621,1791064464761492812,554562
4,54,50,1791064464760938621,1791064464761598969,660729
5,54,50,1791064464760938621,1791064464761706649,768409
6,54,50,1791064464760938621,1791064464761830793,892543
7,54,50,1791064464760938621,1791064464762003218,1064968
8,54,50,1791064464760938621,1791064464762140372,1202132
9,54,50,1791064464760938621,1791064464762281501,1343261
10,54,50,1791064464760938621,1791064464762398664,1460414
11,54,50,1791064464760938621,1791064464762504051,1565811
12,54,50,1791064464760938621,1791064464762615055,1676815
13,54,50,1791064464760938621,1791064464762731538,1793288
14,54,50,1791064464760938621,1791064464762868300,1930050
15,54,50,1791064464760938621,1791064464762975018,2036779
16,54,50,1791064464760938621,1791064464763083479,2145239
17,54,50,1791064464760938621,1791064464763188675,2250435
18,54,50,1791064464760938621,1791064464763294983,2356743
19,54,50,1791064464760938621,1791064464763399768,2461528
0,55,50,1791064464860938621,1791064464861316953,379063
1,55,50,1791064464860938621,1791064464861428719,490479
2,55,50,1791064464860938621,1791064464861546243,608003
3,55,50,1791064464860938621,1791064464861655975,717735
4,55,50,1791064464860938621,1791064464861783024,844784
5,55,50,1791064464860938621,1791064464861913848,975598
6,55,50,1791064464860938621,1791064464862021838,1083598
7,55,50,1791064464860938621,1791064464862130889,1192649
8,55,50,1791064464860938621,1791064464862294852,1356612
9,55,50,1791064464860938621,1791064464862401270,1463020
10,55,50,1791064464860938621,1791064464862508319,1570079
11,55,50,1791064464860938621,1791064464862614586,1676346
12,55,50,1791064464860938621,1791064464862720102,1781852
13,55,50,1791064464860938621,1791064464862865117,1926867
14,55,50,1791064464860938621,1791064464863010303,2072063
15,55,50,1791064464860938621,1791064464863118112,2179872
16,55,50,1791064464860938621,1791064464863223659,2285419
17,55,50,1791064464860938621,1791064464863340482,2402242
18,55,50,1791064464860938621,1791064464863446629,2508389
19,55,50,1791064464860938621,1791064464863552126,2613886
0,56,50,1791064464960938621,1791064464961163226,225307
1,56,50,1791064464960938621,1791064464961511082,572862
2,56,50,1791064464960938621,1791064464961618941,680692
3,56,50,1791064464960938621,1791064464961724548,786298
4,56,50,1791064464960938621,1791064464961895451,957211
5,56,50,1791064464960938621,1791064464962002029,1063789
6,56,50,1791064464960938621,1791064464962106063,1167823
7,56,50,1791064464960938621,1791064464962210779,1272529
8,56,50,1791064464960938621,1791064464962314402,1376152
9,56,50,1791064464960938621,1791064464962418156,1479916
10,56,50,1791064464960938621,1791064464962521679,1583439
11,56,50,1791064464960938621,1791064464962626665,1688425
12,56,50,1791064464960938621,1791064464962732332,1794192
13,56,50,1791064464960938621,1791064464962850957,1912707
14,56,50,1791064464960938621,1791064464962955592,2017343
15,56,50,1791064464960938621,1791064464963059466,2121216
16,56,50,1791064464960938621,1791064464963164222,2225982
17,56,50,1791064464960938621,1791064464963328054,2389815
18,56,50,1791064464960938621,1791064464963436455,2498215
19,56,50,1791064464960938621,1791064464963598105,2659865
0,57,50,1791064465060938621,1791064465061205800,268031
1,57,50,1791064465060938621,1791064465061352738,414498
2,57,50,1791064465060938621,1791064465061532174,593934
3,57,50,1791064465060938621,1791064465061673664,735414
4,57,50,1791064465060938621,1791064465061793632,855392
5,57,50,1791064465060938621,1791064465061926268,988018
6,57,50,1791064465060938621,1791064465062031324,1093084
7,57,50,1791064465060938621,1791064465062137411,1199171
8,57,50,1791064465060938621,1791064465062242897,1304657
9,57,50,1791064465060938621,1791064465062353581,1415341
10,57,50,1791064465060938621,1791064465062677902,1739722
11,57,50,1791064465060938621,1791064465062812952,1874702
12,57,50,1791064465060938621,1791064465062919761,1981511
13,57,50,1791064465060938621,1791064465063025237,2086997
14,57,50,1791064465060938621,1791064465063142601,2204371
15,57,50,1791064465060938621,1791064465063247566,2309316
16,57,50,1791064465060938621,1791064465063356818,2418568
17,57,50,1791064465060938621,1791064465063461503,2523263
18,57,50,1791064465060938621,1791064465063566429,2628179
19,57,50,1791064465060938621,1791064465063670904,2732664
0,58,50,1791064465160938621,1791064465161159603,221784
1,58,50,1791064465160938621,1791064465161267904,329664
2,58,50,1791064465160938621,1791064465161372449,434209
3,58,50,1791064465160938621,1791064465161485757,547507
4,58,50,1791064465160938621,1791064465161592044,653804
5,58,50,1791064465160938621,1791064465161697691,759451
6,58,50,1791064465160938621,1791064465161834213,895973
7,58,50,1791064465160938621,1791064465161962343,1024103
8,58,50,1791064465160938621,1791064465162067108,1128858
9,58,50,1791064465160938621,1791064465162179335,1241095
10,58,50,1791064465160938621,1791064465162353242,1415002
11,58,50,1791064465160938621,1791064465162458198,1519958
12,58,50,1791064465160938621,1791064465162562452,1624202
13,58,50,1791064465160938621,1791064465162669952,1731712
14,58,50,1791064465160938621,1791064465162788007,1849757
15,58,50,1791064465160938621,1791064465162893904,1955664
16,58,50,1791064465160938621,1791064465162998048,2059798
17,58,50,1791064465160938621,1791064465163102843,2164593
18,58,50,1791064465160938621,1791064465163205996,2267746
19,58,50,1791064465160938621,1791064465163308979,2370729
0,59,50,1791064465260938621,1791064465261261997,324398
1,59,50,1791064465260938621,1791064465261409576,471336
2,59,50,1791064465260938621,1791064465261553329,615119
3,59,50,1791064465260938621,1791064465261695540,757290
4,59,50,1791064465260938621,1791064465261878351,940141
5,59,50,1791064465260938621,1791064465262009855,1071615
6,59,50,1791064465260938621,1791064465262115432,1177182
7,59,50,1791064465260938621,1791064465262221429,1283179
8,59,50,1791064465260938621,1791064465262367666,1429416
9,59,50,1791064465260938621,1791064465262503367,1565127
10,59,50,1791064465260938621,1791064465262613800,1675560
11,59,50,1791064465260938621,1791064465262739877,1801637
12,59,50,1791064465260938621,1791064465262869850,1931600
13,59,50,1791064465260938621,1791064465262974375,2036125
14,59,50,1791064465260938621,1791064465263078389,2140149
15,59,50,1791064465260938621,1791064465263185247,2247007
16,59,50,1791064465260938621,1791064465263290423,2352173
17,59,50,1791064465260938621,1791064465263394357,2456117
18,59,50,1791064465260938621,1791064465263512001,2573762
19,59,50,1791064465260938621,1791064465263618009,2679769
0,60,50,1791064465360938621,1791064465364405837,3467898
1,60,50,1791064465360938621,1791064465364546045,3607815
2,60,50,1791064465360938621,1791064465364692813,3754583
3,60,50,1791064465360938621,1791064465364918357,3980117
4,60,50,1791064465360938621,1791064465365105324,4167084
5,60,50,1791064465360938621,1791064465365291340,4353100
6,60,50,1791064465360938621,1791064465365512948,4574708
7,60,50,1791064465360938621,1791064465365655069,4716829
8,60,50,1791064465360938621,1791064465365819102,4880862
9,60,50,1791064465360938621,1791064465365981633,5043393
10,60,50,1791064465360938621,1791064465366117294,5179064
11,60,50,1791064465360938621,1791064465366251042,5312802
12,60,50,1791064465360938621,1791064465366385531,5447291
13,60,50,1791064465360938621,1791064465366526130,5588150
14,60,50,1791064465360938621,1791064465366667639,5729399
15,60,50,1791064465360938621,1791064465366830060,5891840
16,60,50,1791064465360938621,1791064465366971890,6033660
17,60,50,1791064465360938621,1791064465367114411,6176172
18,60,50,1791064465360938621,1791064465367292936,6354726
19,60,50,1791064465360938621,1791064465367433474,6495234
0,61,50,1791064465460938621,1791064465461236160,298240
1,61,50,1791064465460938621,1791064465461400634,462394
2,61,50,1791064465460938621,1791064465461509936,571696
3,61,50,1791064465460938621,1791064465461615282,677042
4,61,50,1791064465460938621,1791064465461719947,781707
5,61,50,1791064465460938621,1791064465461838242,900002
6,61,50,1791064465460938621,1791064465461994794,1056554
7,61,50,1791064465460938621,1791064465462101913,1163663
8,61,50,1791064465460938621,1791064465462205747,1267497
9,61,50,1791064465460938621,1791064465462311003,1372763
10,61,50,1791064465460938621,1791064465462414637,1476397
11,61,50,1791064465460938621,1791064465462518370,1580130
12,61,50,1791064465460938621,1791064465462681582,1743342
13,61,50,1791064465460938621,1791064465462813578,1875338
14,61,50,1791064465460938621,1791064465462919104,1980864
15,61,50,1791064465460938621,1791064465463078841,2140601
16,61,50,1791064465460938621,1791064465463183446,2245206
17,61,50,1791064465460938621,1791064465463288422,2350182
18,61,50,1791064465460938621,1791064465463391985,2453745
19,61,50,1791064465460938621,1791064465463495348,2557098
0,62,50,1791064465560938621,1791064465561172959,235039
1,62,50,1791064465560938621,1791064465561282381,344131
2,62,50,1791064465560938621,1791064465561430230,491990
3,62,50,1791064465560938621,1791064465561536978,598739
4,62,50,1791064465560938621,1791064465561644047,705807
5,62,50,1791064465560938621,1791064465561753890,815640
6,62,50,1791064465560938621,1791064465561954607,1016377
7,62,50,1791064465560938621,1791064465562128135,1189895
8,62,50,1791064465560938621,1791064465562234042,1295802
9,62,50,1791064465560938621,1791064465562339167,1400927
10,62,50,1791064465560938621,1791064465562444063,1505813
11,62,50,1791064465560938621,1791064465562549990,1611740
12,62,50,1791064465560938621,1791064465562669587,1731337
13,62,50,1791064465560938621,1791064465562807151,1868911
14,62,50,1791064465560938621,1791064465562931155,1992905
15,62,50,1791064465560938621,1791064465563036501,2098261
16,62,50,1791064465560938621,1791064465563151892,2213652
17,62,50,1791064465560938621,1791064465563257749,2319509
18,62,50,1791064465560938621,1791064465563381051,2442802
19,62,50,1791064465560938621,1791064465563486277,2548038
0,63,50,1791064465660938621,1791064465661175133,237374
1,63,50,1791064465660938621,1791064465661294250,356010
2,63,50,1791064465660938621,1791064465661402210,463960
3,63,50,1791064465660938621,1791064465661511602,573362
4,63,50,1791064465660938621,1791064465661618510,680270
5,63,50,1791064465660938621,1791064465661726360,788120
6,63,50,1791064465660938621,1791064465661881680,943440
7,63,50,1791064465660938621,1791064465662005604,1067354
8,63,50,1791064465660938621,1791064465662173062,1234822
9,63,50,1791064465660938621,1791064465662293391,1355151
10,63,50,1791064465660938621,1791064465662399598,1461358
11,63,50,1791064465660938621,1791064465662506597,1568357
12,63,50,1791064465660938621,1791064465662614056,1675816
13,63,50,1791064465660938621,1791064465662720754,1782514
14,63,50,1791064465660938621,1791064465662867742,1929502
15,63,50,1791064465660938621,1791064465662974170,2035920
16,63,50,1791064465660938621,1791064465663085314,2147074
17,63,50,1791064465660938621,1791064465663191281,2253041
18,63,50,1791064465660938621,1791064465663296968,2358718
19,63,50,1791064465660938621,1791064465663402675,2464435
0,64,50,1791064465760938621,1791064465761232380,294501
1,64,50,1791064465760938621,1791064465761399988,461738
2,64,50,1791064465760938621,1791064465761563601,625361
3,64,50,1791064465760938621,1791064465761724219,785969
4,64,50,1791064465760938621,1791064465761929613,991363
5,64,50,1791064465760938621,1791064465762091864,1153624
6,64,50,1791064465760938621,1791064465762255246,1317006
7,64,50,1791064465760938621,1791064465762360071,1421821
8,64,50,1791064465760938621,1791064465762465357,1527117
9,64,50,1791064465760938621,1791064465762579006,1640766
10,64,50,1791064465760938621,1791064465762683511,1745271
11,64,50,1791064465760938621,1791064465762828495,1890255
12,64,50,1791064465760938621,1791064465762987070,2048830
13,64,50,1791064465760938621,1791064465763093258,2155018
14,64,50,1791064465760938621,1791064465763197602,2259363
15,64,50,1791064465760938621,1791064465763313624,2375374
16,64,50,1791064465760938621,1791064465763417018,2478778
17,64,50,1791064465760938621,1791064465763576254,2638004
18,64,50,1791064465760938621,1791064465763680188,2741948
19,64,50,1791064465760938621,1791064465763797051,2858811
0,65,50,1791064465860938621,1791064465861213724,275785
1,65,50,1791064465860938621,1791064465861324288,386048
2,65,50,1791064465860938621,1791064465861432919,494679
3,65,50,1791064465860938621,1791064465861539197,600957
4,65,50,1791064465860938621,1791064465861781766,843576
5,65,50,1791064465860938621,1791064465861921543,983293
6,65,50,1791064465860938621,1791064465862027891,1089651
7,65,50,1791064465860938621,1791064465862167318,1229078
8,65,50,1791064465860938621,1791064465862274587,1336347
9,65,50,1791064465860938621,1791064465862381695,1443455
10,65,50,1791064465860938621,1791064465862486701,1548451
11,65,50,1791064465860938621,1791064465862593750,1655510
12,65,50,1791064465860938621,1791064465862956157,2017917
13,65,50,1791064465860938621,1791064465863067592,2129342
14,65,50,1791064465860938621,1791064465863215831,2277591
15,65,50,1791064465860938621,1791064465863321378,2383128
16,65,50,1791064465860938621,1791064465863427235,2488985
17,65,50,1791064465860938621,1791064465863532791,2594551
18,65,50,1791064465860938621,1791064465863638428,2700178
19,65,50,1791064465860938621,1791064465863742973,2804733
0,66,50,1791064465960938621,1791064465961167471,229541
1,66,50,1791064465960938621,1791064465961277994,339754
2,66,50,1791064465960938621,1791064465961385424,447184
3,66,50,1791064465960938621,1791064465961489678,551438
4,66,50,1791064465960938621,1791064465961594403,656163
5,66,50,1791064465960938621,1791064465961700240,761990
6,66,50,1791064465960938621,1791064465961819878,881638
7,66,50,1791064465960938621,1791064465961947206,1008956
8,66,50,1791064465960938621,1791064465962051651,1113411
9,66,50,1791064465960938621,1791064465962157538,1219298
10,66,50,1791064465960938621,1791064465962261001,1322761
11,66,50,1791064465960938621,1791064465962363934,1425694
12,66,50,1791064465960938621,1791064465962467497,1529257
13,66,50,1791064465960938621,1791064465962573985,1635745
14,66,50,1791064465960938621,1791064465962677168,1738918
15,66,50,1791064465960938621,1791064465962798107,1859857
16,66,50,1791064465960938621,1791064465962904154,1965915
17,66,50,1791064465960938621,1791064465963008860,2070620
18,66,50,1791064465960938621,1791064465963132323,2194083
19,66,50,1791064465960938621,1791064465963236697,2298457
0,67,50,1791064466060938621,1791064466061177731,239792
1,67,50,1791064466060938621,1791064466061291139,352899
2,67,50,1791064466060938621,1791064466061400992,462752
3,67,50,1791064466060938621,1791064466061510144,571894
4,67,50,1791064466060938621,1791064466061617683,679443
5,67,50,1791064466060938621,1791064466061996715,1058505
6,67,50,1791064466060938621,1791064466062108341,1170091
7,67,50,1791064466060938621,1791064466062218464,1280224
8,67,50,1791064466060938621,1791064466062324641,1386391
9,67,50,1791064466060938621,1791064466062431339,1493089
10,67,50,1791064466060938621,1791064466062539530,1601290
11,67,50,1791064466060938621,1791064466062660589,1722349
12,67,50,1791064466060938621,1791064466062796020,1857780
13,67,50,1791064466060938621,1791064466062933594,1995354
14,67,50,1791064466060938621,1791064466063040672,2102432
15,67,50,1791064466060938621,1791064466063155883,2217643
16,67,50,1791064466060938621,1791064466063265676,2327436
17,67,50,1791064466060938621,1791064466063372144,2433894
18,67,50,1791064466060938621,1791064466063477650,2539410
19,67,50,1791064466060938621,1791064466063583246,2645007
0,68,50,1791064466160938621,1791064466161172316,234417
1,68,50,1791064466160938621,1791064466161281127,342877
2,68,50,1791064466160938621,1791064466161387134,448895
3,68,50,1791064466160938621,1791064466161492651,554401
4,68,50,1791064466160938621,1791064466161600841,662591
5,68,50,1791064466160938621,1791064466161797923,859683
6,68,50,1791064466160938621,1791064466161928136,989906
7,68,50,1791064466160938621,1791064466162063006,1124766
8,68,50,1791064466160938621,1791064466162169604,1231354
9,68,50,1791064466160938621,1791064466162274810,1336570
10,68,50,1791064466160938621,1791064466162379756,1441506
11,68,50,1791064466160938621,1791064466162485242,1546992
12,68,50,1791064466160938621,1791064466162589897,1651657
13,68,50,1791064466160938621,1791064466162713590,1775350
14,68,50,1791064466160938621,1791064466162853177,1914927
15,68,50,1791064466160938621,1791064466162958734,2020494
16,68,50,1791064466160938621,1791064466163063178,2124938
17,68,50,1791064466160938621,1791064466163168284,2230044
18,68,50,1791064466160938621,1791064466163305518,2367268
19,68,50,1791064466160938621,1791064466163410183,2471933
0,69,50,1791064466260938621,1791064466261172582,234653
1,69,50,1791064466260938621,1791064466261280452,342212
2,69,50,1791064466260938621,1791064466261386699,448459
3,69,50,1791064466260938621,1791064466261493017,554777
4,69,50,1791064466260938621,1791064466261597812,659572
5,69,50,1791064466260938621,1791064466261709808,771568
6,69,50,1791064466260938621,1791064466261873010,934780
7,69,50,1791064466260938621,1791064466262050713,1112464
8,69,50,1791064466260938621,1791064466262156861,1218621
9,69,50,1791064466260938621,1791064466262263248,1324999
10,69,50,1791064466260938621,1791064466262369005,1430765
11,69,50,1791064466260938621,1791064466262473580,1535330
12,69,50,1791064466260938621,1791064466262578946,1640706
13,69,50,1791064466260938621,1791064466262682550,1744310
14,69,50,1791064466260938621,1791064466262870118,1931878
15,69,50,1791064466260938621,1791064466263033360,2095120
16,69,50,1791064466260938621,1791064466263213136,2274896
17,69,50,1791064466260938621,1791064466263407795,2469555
18,69,50,1791064466260938621,1791064466263519040,2580800
19,69,50,1791064466260938621,1791064466263777042,2838802
0,70,50,1791064466360938621,1791064466361138639,200699
1,70,50,1791064466360938621,1791064466361248181,309941
2,70,50,1791064466360938621,1791064466361396622,458382
3,70,50,1791064466360938621,1791064466361626282,688052
4,70,50,1791064466360938621,1791064466361734533,796313
5,70,50,1791064466360938621,1791064466361913789,975539
6,70,50,1791064466360938621,1791064466362018724,1080474
7,70,50,1791064466360938621,1791064466362186673,1248433
8,70,50,1791064466360938621,1791064466362294103,1355863
9,70,50,1791064466360938621,1791064466362398598,1460358
10,70,50,1791064466360938621,1791064466362503353,1565113
11,70,50,1791064466360938621,1791064466362612134,1673895
12,70,50,1791064466360938621,1791064466362716529,1778289
13,70,50,1791064466360938621,1791064466362848425,1910185
14,70,50,1791064466360938621,1791064466362954382,2016142
15,70,50,1791064466360938621,1791064466363068421,2130181
16,70,50,1791064466360938621,1791064466363174098,2235858
17,70,50,1791064466360938621,1791064466363277141,2338891
18,70,50,1791064466360938621,1791064466363383378,2445138
19,70,50,1791064466360938621,1791064466363503206,2564966
0,71,50,1791064466460938621,1791064466461180673,242734
1,71,50,1791064466460938621,1791064466461290827,352587
2,71,50,1791064466460938621,1791064466461397144,458894
3,71,50,1791064466460938621,1791064466461509551,571301
4,71,50,1791064466460938621,1791064466461616800,678550
5,71,50,1791064466460938621,1791064466461753373,815133
6,71,50,1791064466460938621,1791064466461916575,978345
7,71,50,1791064466460938621,1791064466462024535,1086285
8,71,50,1791064466460938621,1791064466462131293,1193053
9,71,50,1791064466460938621,1791064466462239113,1300863
10,71,50,1791064466460938621,1791064466462346112,1407862
11,71,50,1791064466460938621,1791064466462456636,1518386
12,71,50,1791064466460938621,1791064466462584586,1646346
13,71,50,1791064466460938621,1791064466462707738,1769498
14,71,50,1791064466460938621,1791064466462837922,1899682
15,71,50,1791064466460938621,1791064466462943899,2005659
16,71,50,1791064466460938621,1791064466463050847,2112607
17,71,50,1791064466460938621,1791064466463167150,2228910
18,71,50,1791064466460938621,1791064466463272696,2334456
19,71,50,1791064466460938621,1791064466463379285,2441045
0,72,50,1791064466560938621,1791064466561238742,300812
1,72,50,1791064466560938621,1791064466561359841,421591
2,72,50,1791064466560938621,1791064466561465788,527538
3,72,50,1791064466560938621,1791064466561622341,684101
4,72,50,1791064466560938621,1791064466561729219,790979
5,72,50,1791064466560938621,1791064466561908645,970405
6,72,50,1791064466560938621,1791064466562017757,1079507
7,72,50,1791064466560938621,1791064466562125527,1187287
8,72,50,1791064466560938621,1791064466562230493,1292243
9,72,50,1791064466560938621,1791064466562334587,1396347
10,72,50,1791064466560938621,1791064466562440274,1502024
11,72,50,1791064466560938621,1791064466562546802,1608562
12,72,50,1791064466560938621,1791064466562681381,1743131
13,72,50,1791064466560938621,1791064466562807879,1869639
14,72,50,1791064466560938621,1791064466562912755,1974515
15,72,50,1791064466560938621,1791064466563016829,2078589
16,72,50,1791064466560938621,1791064466563128805,2190555
17,72,50,1791064466560938621,1791064466563233560,2295310
18,72,50,1791064466560938621,1791064466563337585,2399335
19,72,50,1791064466560938621,1791064466563441899,2503660
0,73,50,1791064466660938621,1791064466661180518,242759
1,73,50,1791064466660938621,1791064466661289940,351690
2,73,50,1791064466660938621,1791064466661403388,465138
3,73,50,1791064466660938621,1791064466661514744,576494
4,73,50,1791064466660938621,1791064466661620961,682721
5,73,50,1791064466660938621,1791064466661731225,792975
6,73,50,1791064466660938621,1791064466661887897,949657
7,73,50,1791064466660938621,1791064466662044720,1106480
8,73,50,1791064466660938621,1791064466662151027,1212787
9,73,50,1791064466660938621,1791064466662258497,1320247
10,73,50,1791064466660938621,1791064466662368770,1430530
11,73,50,1791064466660938621,1791064466662474787,1536548
12,73,50,1791064466660938621,1791064466662621004,1682764
13,73,50,1791064466660938621,1791064466662807241,1869001
14,73,50,1791064466660938621,1791064466662914980,1976740
15,73,50,1791064466660938621,1791064466663020407,2082167
16,73,50,1791064466660938621,1791064466663127626,2189376
17,73,50,1791064466660938621,1791064466663233062,2294822
18,73,50,1791064466660938621,1791064466663342775,2404525
19,73,50,1791064466660938621,1791064466663448321,2510081
0,74,50,1791064466760938621,1791064466761219758,282009
1,74,50,1791064466760938621,1791064466761357953,419713
2,74,50,1791064466760938621,1791064466761463129,524889
3,74,50,1791064466760938621,1791064466761570198,631958
4,74,50,1791064466760938621,1791064466761722093,783843
5,74,50,1791064466760938621,1791064466761890062,951822
6,74,50,1791064466760938621,1791064466762076709,1138459
7,74,50,1791064466760938621,1791064466762181404,1243164
8,74,50,1791064466760938621,1791064466762285418,1347179
9,74,50,1791064466760938621,1791064466762389182,1450942
10,74,50,1791064466760938621,1791064466762493297,1555057
11,74,50,1791064466760938621,1791064466762598423,1660183
12,74,50,1791064466760938621,1791064466762702066,1763826
13,74,50,1791064466760938621,1791064466762852580,1914440
14,74,50,1791064466760938621,1791064466762957906,2019666
15,74,50,1791064466760938621,1791064466763061810,2123570
16,74,50,1791064466760938621,1791064466763166085,2227835
17,74,50,1791064466760938621,1791064466763270469,2332230
18,74,50,1791064466760938621,1791064466763373883,2435643
19,74,50,1791064466760938621,1791064466763476705,2538465
0,75,50,1791064466860938621,1791064466861170737,232807
1,75,50,1791064466860938621,1791064466861296924,358684
2,75,50,1791064466860938621,1791064466861406917,468667
3,75,50,1791064466860938621,1791064466861524512,586272
4,75,50,1791064466860938621,1791064466861633123,694873
5,75,50,1791064466860938621,1791064466861741634,803394
6,75,50,1791064466860938621,1791064466861915201,976961
7,75,50,1791064466860938621,1791064466862024303,1086063
8,75,50,1791064466860938621,1791064466862135969,1197719
9,75,50,1791064466860938621,1791064466862297819,1359579
10,75,50,1791064466860938621,1791064466862404938,1466698
11,75,50,1791064466860938621,1791064466862517364,1579124
12,75,50,1791064466860938621,1791064466862628800,1690560
13,75,50,1791064466860938621,1791064466862735748,1797508
14,75,50,1791064466860938621,1791064466862879672,1941432
15,75,50,1791064466860938621,1791064466863013510,2075270
16,75,50,1791064466860938621,1791064466863121571,2183331
17,75,50,1791064466860938621,1791064466863229741,2291501
18,75,50,1791064466860938621,1791064466863374816,2436576
19,75,50,1791064466860938621,1791064466863490037,2551797
0,76,50,1791064466960938621,1791064466961243657,305738
1,76,50,1791064466960938621,1791064466961382643,444403
2,76,50,1791064466960938621,1791064466961491605,553355
3,76,50,1791064466960938621,1791064466961601148,662908
4,76,50,1791064466960938621,1791064466961737049,798799
5,76,50,1791064466960938621,1791064466961882084,943854
6,76,50,1791064466960938621,1791064466961987110,1048870
7,76,50,1791064466960938621,1791064466962092386,1154146
8,76,50,1791064466960938621,1791064466962197432,1259182
9,76,50,1791064466960938621,1791064466962301797,1363547
10,76,50,1791064466960938621,1791064466962411319,1473079
11,76,50,1791064466960938621,1791064466962548563,1610323
12,76,50,1791064466960938621,1791064466962705806,1767556
13,76,50,1791064466960938621,1791064466962842278,1904039
14,76,50,1791064466960938621,1791064466962948736,2010486
15,76,50,1791064466960938621,1791064466963053442,2115192
16,76,50,1791064466960938621,1791064466963158277,2220037
17,76,50,1791064466960938621,1791064466963265016,2326766
18,76,50,1791064466960938621,1791064466963421838,2483598
19,76,50,1791064466960938621,1791064466963527495,2589255
0,77,50,1791064467060938621,1791064467061183220,245491
1,77,50,1791064467060938621,1791064467061292973,354733
2,77,50,1791064467060938621,1791064467061398229,459979
3,77,50,1791064467060938621,1791064467061534060,595821
4,77,50,1791064467060938621,1791064467061640799,702549
5,77,50,1791064467060938621,1791064467061745404,807164
6,77,50,1791064467060938621,1791064467061897089,958839
7,77,50,1791064467060938621,1791064467062004959,1066719
8,77,50,1791064467060938621,1791064467062127871,1189631
9,77,50,1791064467060938621,1791064467062231966,1293726
10,77,50,1791064467060938621,1791064467062393245,1455005
11,77,50,1791064467060938621,1791064467062497520,1559270
12,77,50,1791064467060938621,1791064467062600893,1662643
13,77,50,1791064467060938621,1791064467062704597,1766357
14,77,50,1791064467060938621,1791064467062836462,1898222
15,77,50,1791064467060938621,1791064467062939826,2001706
16,77,50,1791064467060938621,1791064467063043429,2105189
17,77,50,1791064467060938621,1791064467063147273,2209033
18,77,50,1791064467060938621,1791064467063250557,2312307
19,77,50,1791064467060938621,1791064467063352848,2414608
0,78,50,1791064467160938621,1791064467161168080,230291
1,78,50,1791064467160938621,1791064467161278824,340584
2,78,50,1791064467160938621,1791064467161429077,490827
3,78,50,1791064467160938621,1791064467161535315,597075
4,78,50,1791064467160938621,1791064467161674802,736552
5,78,50,1791064467160938621,1791064467161882239,943999
6,78,50,1791064467160938621,1791064467162045361,1107111
7,78,50,1791064467160938621,1791064467162181844,1243594
8,78,50,1791064467160938621,1791064467162286910,1348670
9,78,50,1791064467160938621,1791064467162445495,1507255
10,78,50,1791064467160938621,1791064467162550470,1612220
11,78,50,1791064467160938621,1791064467162701164,1762924
12,78,50,1791064467160938621,1791064467162830536,1892286
13,78,50,1791064467160938621,1791064467162941530,2003290
14,78,50,1791064467160938621,1791064467163047608,2109368
15,78,50,1791064467160938621,1791064467163193544,2255304
16,78,50,1791064467160938621,1791064467163298860,2360620
17,78,50,1791064467160938621,1791064467163420100,2481860
18,78,50,1791064467160938621,1791064467163524946,2586706
19,78,50,1791064467160938621,1791064467163629000,2690760
0,79,50,1791064467260938621,1791064467261238512,300602
1,79,50,1791064467260938621,1791064467261423997,485757
2,79,50,1791064467260938621,1791064467261577104,638864
3,79,50,1791064467260938621,1791064467261725975,787735
4,79,50,1791064467260938621,1791064467261951008,1012778
5,79,50,1791064467260938621,1791064467262098828,1160588
6,79,50,1791064467260938621,1791064467262272726,1334486
7,79,50,1791064467260938621,1791064467262459432,1521223
8,79,50,1791064467260938621,1791064467262608974,1670724
9,79,50,1791064467260938621,1791064467262791946,1853736
10,79,50,1791064467260938621,1791064467262942389,2004149
11,79,50,1791064467260938621,1791064467263082116,2143876
12,79,50,1791064467260938621,1791064467263228062,2289823
13,79,50,1791064467260938621,1791064467263375201,2436961
14,79,50,1791064467260938621,1791064467263522950,2584710
15,79,50,1791064467260938621,1791064467263669627,2731397
16,79,50,1791064467260938621,1791064467263843145,2904905
17,79,50,1791064467260938621,1791064467264012145,3073905
18,79,50,1791064467260938621,1791064467264151973,3213733
19,79,50,1791064467260938621,1791064467264319141,3380901
0,80,50,1791064467360938621,1791064467361235088,297289
1,80,50,1791064467360938621,1791064467361389437,451217
2,80,50,1791064467360938621,1791064467361534983,596743
3,80,50,1791064467360938621,1791064467361680389,742149
4,80,50,1791064467360938621,1791064467361877321,939081
5,80,50,1791064467360938621,1791064467362023197,1084957
6,80,50,1791064467360938621,1791064467362171377,1233137
7,80,50,1791064467360938621,1791064467362309182,1370942
8,80,50,1791064467360938621,1791064467362463911,1525721
9,80,50,1791064467360938621,1791064467362640152,1701953
10,80,50,1791064467360938621,1791064467362819358,1881128
11,80,50,1791064467360938621,1791064467362966526,2028287
12,80,50,1791064467360938621,1791064467363112463,2174223
13,80,50,1791064467360938621,1791064467363255094,2316865
14,80,50,1791064467360938621,1791064467363399529,2461289
15,80,50,1791064467360938621,1791064467363539386,2601146
16,80,50,1791064467360938621,1791064467363642870,2704620
17,80,50,1791064467360938621,1791064467363829436,2891216
18,80,50,1791064467360938621,1791064467363992248,3054008
19,80,50,1791064467360938621,1791064467364136862,3198622
0,81,50,1791064467460938621,1791064467461171040,233110
1,81,50,1791064467460938621,1791064467461281073,342823
2,81,50,1791064467460938621,1791064467461388442,450192
3,81,50,1791064467460938621,1791064467461495631,557391
4,81,50,1791064467460938621,1791064467461602820,664580
5,81,50,1791064467460938621,1791064467461747024,808774
6,81,50,1791064467460938621,1791064467461902865,964615
7,81,50,1791064467460938621,1791064467462009664,1071424
8,81,50,1791064467460938621,1791064467462116893,1178653
9,81,50,1791064467460938621,1791064467462222339,1284099
10,81,50,1791064467460938621,1791064467462328757,1390517
11,81,50,1791064467460938621,1791064467462435245,1497005
12,81,50,1791064467460938621,1791064467462541292,1603052
13,81,50,1791064467460938621,1791064467462648141,1709901
14,81,50,1791064467460938621,1791064467462774989,1836749
15,81,50,1791064467460938621,1791064467462881277,1943037
16,81,50,1791064467460938621,1791064467462988155,2049905
17,81,50,1791064467460938621,1791064467463093762,2155522
18,81,50,1791064467460938621,1791064467463199428,2261188
19,81,50,1791064467460938621,1791064467463303653,2365403
0,82,50,1791064467560938621,1791064467561168718,230779
1,82,50,1791064467560938621,1791064467561278752,340502
2,82,50,1791064467560938621,1791064467561382706,444466
3,82,50,1791064467560938621,1791064467561486410,548170
4,82,50,1791064467560938621,1791064467561590835,652595
5,82,50,1791064467560938621,1791064467561695390,757150
6,82,50,1791064467560938621,1791064467561815908,877668
7,82,50,1791064467560938621,1791064467561947213,1008973
8,82,50,1791064467560938621,1791064467562052529,1114279
9,82,50,1791064467560938621,1791064467562157755,1219505
10,82,50,1791064467560938621,1791064467562369880,1431650
11,82,50,1791064467560938621,1791064467562473734,1535494
12,82,50,1791064467560938621,1791064467562578199,1639959
13,82,50,1791064467560938621,1791064467562680961,1742711
14,82,50,1791064467560938621,1791064467562821079,1882829
15,82,50,1791064467560938621,1791064467562925664,1987414
16,82,50,1791064467560938621,1791064467563029178,2090938
17,82,50,1791064467560938621,1791064467563133122,2194882
18,82,50,1791064467560938621,1791064467563235975,2297735
19,82,50,1791064467560938621,1791064467563339859,2401619
0,83,50,1791064467660938621,1791064467661232600,294891
1,83,50,1791064467660938621,1791064467661380159,441919
2,83,50,1791064467660938621,1791064467661530002,591762
3,83,50,1791064467660938621,1791064467661670730,732490
4,83,50,1791064467660938621,1791064467661832620,894380
5,83,50,1791064467660938621,1791064467661981501,1043271
6,83,50,1791064467660938621,1791064467662108600,1170360
7,83,50,1791064467660938621,1791064467662243209,1304969
8,83,50,1791064467660938621,1791064467662387794,1449554
9,83,50,1791064467660938621,1791064467662540610,1602371
10,83,50,1791064467660938621,1791064467662689732,1751492
11,83,50,1791064467660938621,1791064467662860565,1922325
12,83,50,1791064467660938621,1791064467663010978,2072748
13,83,50,1791064467660938621,1791064467663163004,2224764
14,83,50,1791064467660938621,1791064467663311874,2373634
15,83,50,1791064467660938621,1791064467663463760,2525520
16,83,50,1791064467660938621,1791064467663612831,2674591
17,83,50,1791064467660938621,1791064467663830383,2892143
18,83,50,1791064467660938621,1791064467664024121,3085881
19,83,50,1791064467660938621,1791064467664212049,3273820
0,84,50,1791064467760938621,1791064467761230049,292299
1,84,50,1791064467760938621,1791064467761423095,484855
2,84,50,1791064467760938621,1791064467761594699,656459
3,84,50,1791064467760938621,1791064467761791081,852851
4,84,50,1791064467760938621,1791064467761987772,1049532
5,84,50,1791064467760938621,1791064467762161881,1223641
6,84,50,1791064467760938621,1791064467762404380,1466140
7,84,50,1791064467760938621,1791064467762650065,1711825
8,84,50,1791064467760938621,1791064467762840237,1902007
9,84,50,1791064467760938621,1791064467763007935,2069706
10,84,50,1791064467760938621,1791064467763160532,2222292
11,84,50,1791064467760938621,1791064467763306919,2368679
12,84,50,1791064467760938621,1791064467763456701,2518461
13,84,50,1791064467760938621,1791064467763608015,2669776
14,84,50,1791064467760938621,1791064467763779440,2841200
15,84,50,1791064467760938621,1791064467763929162,2990922
16,84,50,1791064467760938621,1791064467764079144,3140904
17,84,50,1791064467760938621,1791064467764227404,3289164
18,84,50,1791064467760938621,1791064467764357437,3419197
19,84,50,1791064467760938621,1791064467764489273,3551033
0,85,50,1791064467860938621,1791064467861208809,270909
1,85,50,1791064467860938621,1791064467861350920,412680
2,85,50,1791064467860938621,1791064467861483346,545096
3,85,50,1791064467860938621,1791064467861614411,676161
4,85,50,1791064467860938621,1791064467861779586,841346
5,85,50,1791064467860938621,1791064467861938021,999781
6,85,50,1791064467860938621,1791064467862068875,1130645
7,85,50,1791064467860938621,1791064467862217375,1279135
8,85,50,1791064467860938621,1791064467862352535,1414295
9,85,50,1791064467860938621,1791064467862485102,1546862
10,85,50,1791064467860938621,1791064467862619461,1681221
11,85,50,1791064467860938621,1791064467862752248,1814008
12,85,50,1791064467860938621,1791064467862905085,1966875
13,85,50,1791064467860938621,1791064467863036830,2098600
14,85,50,1791064467860938621,1791064467863212581,2274331
15,85,50,1791064467860938621,1791064467863346179,2407939
16,85,50,1791064467860938621,1791064467863477073,2538823
17,85,50,1791064467860938621,1791064467863608388,2670148
18,85,50,1791064467860938621,1791064467863738962,2800722
19,85,50,1791064467860938621,1791064467863892720,2954480
0,86,50,1791064467960938621,1791064467961183969,246039
1,86,50,1791064467960938621,1791064467961292530,354290
2,86,50,1791064467960938621,1791064467961396914,458674
3,86,50,1791064467960938621,1791064467961502711,564461
4,86,50,1791064467960938621,1791064467961607947,669697
5,86,50,1791064467960938621,1791064467961711822,773572
6,86,50,1791064467960938621,1791064467961858349,920109
7,86,50,1791064467960938621,1791064467961963264,1025025
8,86,50,1791064467960938621,1791064467962069031,1130791
9,86,50,1791064467960938621,1791064467962173246,1235006
10,86,50,1791064467960938621,1791064467962277420,1339180
11,86,50,1791064467960938621,1791064467962380944,1442694
12,86,50,1791064467960938621,1791064467962483666,1545416
13,86,50,1791064467960938621,1791064467962586859,1648609
14,86,50,1791064467960938621,1791064467962691164,1752914
15,86,50,1791064467960938621,1791064467963359275,2421105
16,86,50,1791064467960938621,1791064467963957933,3019763
17,86,50,1791064467960938621,1791064467964064621,3126381
18,86,50,1791064467960938621,1791064467964168455,3230215
19,86,50,1791064467960938621,1791064467964271648,3333398
0,87,50,1791064468060938621,1791064468061173835,236116
1,87,50,1791064468060938621,1791064468061280984,342734
2,87,50,1791064468060938621,1791064468061383947,445707
3,87,50,1791064468060938621,1791064468061489714,551474
4,87,50,1791064468060938621,1791064468061593688,655448
5,87,50,1791064468060938621,1791064468061809418,871178
6,87,50,1791064468060938621,1791064468061930708,992468
7,87,50,1791064468060938621,1791064468062037426,1099186
8,87,50,1791064468060938621,1791064468062141300,1203060
9,87,50,1791064468060938621,1791064468062245084,1306844
10,87,50,1791064468060938621,1791064468062347697,1409447
11,87,50,1791064468060938621,1791064468062459963,1521723
12,87,50,1791064468060938621,1791064468062563306,1625066
13,87,50,1791064468060938621,1791064468062678197,1739967
14,87,50,1791064468060938621,1791064468062813598,1875348
15,87,50,1791064468060938621,1791064468062917251,1979011
16,87,50,1791064468060938621,1791064468063022908,2084668
17,87,50,1791064468060938621,1791064468063126001,2187761
18,87,50,1791064468060938621,1791064468063229514,2291264
19,87,50,1791064468060938621,1791064468063332056,2393817
0,88,50,1791064468160938621,1791064468161233265,295496
1,88,50,1791064468160938621,1791064468161361596,423346
2,88,50,1791064468160938621,1791064468161482816,544566
3,88,50,1791064468160938621,1791064468161601562,663322
4,88,50,1791064468160938621,1791064468161724454,786214
5,88,50,1791064468160938621,1791064468161909639,971399
6,88,50,1791064468160938621,1791064468162028675,1090435
7,88,50,1791064468160938621,1791064468162148884,1210644
8,88,50,1791064468160938621,1791064468162332175,1393925
9,88,50,1791064468160938621,1791064468162513815,1575565
10,88,50,1791064468160938621,1791064468162694433,1756193
11,88,50,1791064468160938621,1791064468162892286,1954046
12,88,50,1791064468160938621,1791064468163012715,2074475
13,88,50,1791064468160938621,1791064468163133254,2195014
14,88,50,1791064468160938621,1791064468163251849,2313609
15,88,50,1791064468160938621,1791064468163370866,2432626
16,88,50,1791064468160938621,1791064468163475762,2537522
17,88,50,1791064468160938621,1791064468163577893,2639653
18,88,50,1791064468160938621,1791064468163679754,2741504
19,88,50,1791064468160938621,1791064468163794965,2856725
0,89,50,1791064468260938621,1791064468261152698,214779
1,89,50,1791064468260938621,1791064468261258896,320656
2,89,50,1791064468260938621,1791064468261365494,427254
3,89,50,1791064468260938621,1791064468261471121,532881
4,89,50,1791064468260938621,1791064468261575546,637296
5,89,50,1791064468260938621,1791064468261679470,741230
6,89,50,1791064468260938621,1791064468261824355,886115
7,89,50,1791064468260938621,1791064468262060104,1121914
8,89,50,1791064468260938621,1791064468262185901,1247661
9,89,50,1791064468260938621,1791064468262335232,1397012
10,89,50,1791064468260938621,1791064468262652673,1714493
11,89,50,1791064468260938621,1791064468262816296,1878056
12,89,50,1791064468260938621,1791064468262942573,2004333
13,89,50,1791064468260938621,1791064468263075911,2137731
14,89,50,1791064468260938621,1791064468263217741,2279511
15,89,50,1791064468260938621,1791064468263392901,2454661
16,89,50,1791064468260938621,1791064468263526539,2588309
17,89,50,1791064468260938621,1791064468263631825,2693585
18,89,50,1791064468260938621,1791064468263735339,2797099
19,89,50,1791064468260938621,1791064468263865372,2927132
0,90,50,1791064468360938621,1791064468363581973,2644054
1,90,50,1791064468360938621,1791064468363699668,2761418
2,90,50,1791064468360938621,1791064468363819095,2880845
3,90,50,1791064468360938621,1791064468363922058,2983818
4,90,50,1791064468360938621,1791064468364026362,3088123
5,90,50,1791064468360938621,1791064468364129165,3190925
6,90,50,1791064468360938621,1791064468364236063,3297824
7,90,50,1791064468360938621,1791064468364340218,3401968
8,90,50,1791064468360938621,1791064468364443631,3505391
9,90,50,1791064468360938621,1791064468364551191,3612941
10,90,50,1791064468360938621,1791064468364904174,3965944
11,90,50,1791064468360938621,1791064468365009861,4071621
12,90,50,1791064468360938621,1791064468365112894,4174654
13,90,50,1791064468360938621,1791064468365217159,4278919
14,90,50,1791064468360938621,1791064468365320812,4382572
15,90,50,1791064468360938621,1791064468365424466,4486226
16,90,50,1791064468360938621,1791064468365527529,4589289
17,90,50,1791064468360938621,1791064468365629841,4691601
18,90,50,1791064468360938621,1791064468365838250,4900020
19,90,50,1791064468360938621,1791064468365988423,5050173
0,91,50,1791064468460938621,1791064468461160068,222149
1,91,50,1791064468460938621,1791064468461270162,331922
2,91,50,1791064468460938621,1791064468461378623,440373
3,91,50,1791064468460938621,1791064468461483278,545038
4,91,50,1791064468460938621,1791064468461588504,650264
5,91,50,1791064468460938621,1791064468461696534,758294
6,91,50,1791064468460938621,1791064468461881118,942878
7,91,50,1791064468460938621,1791064468461987145,1048905
8,91,50,1791064468460938621,1791064468462092732,1154482
9,91,50,1791064468460938621,1791064468462198909,1260669
10,91,50,1791064468460938621,1791064468462303194,1364954
11,91,50,1791064468460938621,1791064468462409331,1471081
12,91,50,1791064468460938621,1791064468462515749,1577499
13,91,50,1791064468460938621,1791064468462621386,1683136
14,91,50,1791064468460938621,1791064468462726902,1788662
15,91,50,1791064468460938621,1791064468462868562,1930322
16,91,50,1791064468460938621,1791064468462974750,2036510
17,91,50,1791064468460938621,1791064468463079425,2141185
18,91,50,1791064468460938621,1791064468463184120,2245870
19,91,50,1791064468460938621,1791064468463288756,2350516
0,92,50,1791064468560938621,1791064468561175784,237914
1,92,50,1791064468560938621,1791064468561282893,344653
2,92,50,1791064468560938621,1791064468561388730,450490
3,92,50,1791064468560938621,1791064468561515157,576917
4,92,50,1791064468560938621,1791064468561620303,682063
5,92,50,1791064468560938621,1791064468561726701,788461
6,92,50,1791064468560938621,1791064468561893368,955138
7,92,50,1791064468560938621,1791064468561998494,1060244
8,92,50,1791064468560938621,1791064468562103009,1164769
9,92,50,1791064468560938621,1791064468562206753,1268513
10,92,50,1791064468560938621,1791064468562311308,1373068
11,92,50,1791064468560938621,1791064468562415683,1477443
12,92,50,1791064468560938621,1791064468562519136,1580896
13,92,50,1791064468560938621,1791064468562629971,1691731
14,92,50,1791064468560938621,1791064468562733624,1795384
15,92,50,1791064468560938621,1791064468562897808,1959568
16,92,50,1791064468560938621,1791064468563002393,2064153
17,92,50,1791064468560938621,1791064468563197823,2259593
18,92,50,1791064468560938621,1791064468563358481,2420241
19,92,50,1791064468560938621,1791064468563462726,2524486
0,93,50,1791064468660938621,1791064468661219731,281681
1,93,50,1791064468660938621,1791064468661331307,393067
2,93,50,1791064468660938621,1791064468661439497,501257
3,93,50,1791064468660938621,1791064468661544212,605962
4,93,50,1791064468660938621,1791064468661651201,712961
5,93,50,1791064468660938621,1791064468661799922,861672
6,93,50,1791064468660938621,1791064468661934621,996381
7,93,50,1791064468660938621,1791064468662040398,1102158
8,93,50,1791064468660938621,1791064468662157843,1219603
9,93,50,1791064468660938621,1791064468662262518,1324278
10,93,50,1791064468660938621,1791064468662367614,1429364
11,93,50,1791064468660938621,1791064468662543845,1605605
12,93,50,1791064468660938621,1791064468662719055,1780815
13,93,50,1791064468660938621,1791064468662891401,1953161
14,93,50,1791064468660938621,1791064468663050256,2112016
15,93,50,1791064468660938621,1791064468663215421,2277171
16,93,50,1791064468660938621,1791064468663373876,2435636
17,93,50,1791064468660938621,1791064468663532722,2594472
18,93,50,1791064468660938621,1791064468663689625,2751385
19,93,50,1791064468660938621,1791064468663862441,2924201
0,94,50,1791064468760938621,1791064468761146358,208609
1,94,50,1791064468760938621,1791064468761255000,316760
2,94,50,1791064468760938621,1791064468761362108,423868
3,94,50,1791064468760938621,1791064468761537979,599739
4,94,50,1791064468760938621,1791064468761695683,757443
5,94,50,1791064468760938621,1791064468761888980,950740
6,94,50,1791064468760938621,1791064468762048687,1110447
7,94,50,1791064468760938621,1791064468762204067,1265817
8,94,50,1791064468760938621,1791064468762361801,1423561
9,94,50,1791064468760938621,1791064468762518143,1579893
10,94,50,1791064468760938621,1791064468762634486,1696246
11,94,50,1791064468760938621,1791064468762738350,1800100
12,94,50,1791064468760938621,1791064468762853501,1915261
13,94,50,1791064468760938621,1791064468762975842,2037592
14,94,50,1791064468760938621,1791064468763147296,2209046
15,94,50,1791064468760938621,1791064468763316527,2378287
16,94,50,1791064468760938621,1791064468763486099,2547859
17,94,50,1791064468760938621,1791064468763666637,2728397
18,94,50,1791064468760938621,1791064468763801957,2863717
19,94,50,1791064468760938621,1791064468763919201,2980951
0,95,50,1791064468860938621,1791064468861222058,284149
1,95,50,1791064468860938621,1791064468861362747,424507
2,95,50,1791064468860938621,1791064468861500070,561821
3,95,50,1791064468860938621,1791064468861639668,701418
4,95,50,1791064468860938621,1791064468862089114,1150894
5,95,50,1791064468860938621,1791064468862229352,1291112
6,95,50,1791064468860938621,1791064468862370321,1432151
7,95,50,1791064468860938621,1791064468862507495,1569255
8,95,50,1791064468860938621,1791064468862639110,1700860
9,95,50,1791064468860938621,1791064468862799378,1861138
10,95,50,1791064468860938621,1791064468862932425,1994185
11,95,50,1791064468860938621,1791064468863066945,2128695
12,95,50,1791064468860938621,1791064468863174795,2236555
13,95,50,1791064468860938621,1791064468863280421,2342181
14,95,50,1791064468860938621,1791064468863386288,2448038
15,95,50,1791064468860938621,1791064468863490653,2552413
16,95,50,1791064468860938621,1791064468863594637,2656397
17,95,50,1791064468860938621,1791064468863701235,2762996
18,95,50,1791064468860938621,1791064468863820362,2882122
19,95,50,1791064468860938621,1791064468863924967,2986717
0,96,50,1791064468960938621,1791064468961250312,312423
1,96,50,1791064468960938621,1791064468961361156,422906
2,96,50,1791064468960938621,1791064468961463999,525759
3,96,50,1791064468960938621,1791064468961566541,628301
4,96,50,1791064468960938621,1791064468961672218,733968
5,96,50,1791064468960938621,1791064468961809041,870791
6,96,50,1791064468960938621,1791064468961959474,1021234
7,96,50,1791064468960938621,1791064468962080173,1141923
8,96,50,1791064468960938621,1791064468962202614,1264375
9,96,50,1791064468960938621,1791064468962387349,1449099
10,96,50,1791064468960938621,1791064468962567816,1629576
11,96,50,1791064468960938621,1791064468962801142,1862892
12,96,50,1791064468960938621,1791064468962980348,2042108
13,96,50,1791064468960938621,1791064468963160395,2222155
14,96,50,1791064468960938621,1791064468963344308,2406058
15,96,50,1791064468960938621,1791064468963523664,2585424
16,96,50,1791064468960938621,1791064468963698033,2759793
17,96,50,1791064468960938621,1791064468963816739,2878499
18,96,50,1791064468960938621,1791064468963920613,2982363
19,96,50,1791064468960938621,1791064468964058237,3119997
0,97,50,1791064469060938621,1791064469061187145,249196
1,97,50,1791064469060938621,1791064469061297429,359179
2,97,50,1791064469060938621,1791064469061406981,468741
3,97,50,1791064469060938621,1791064469061567159,628909
4,97,50,1791064469060938621,1791064469061674078,735838
5,97,50,1791064469060938621,1791064469061817420,879170
6,97,50,1791064469060938621,1791064469061953983,1015743
7,97,50,1791064469060938621,1791064469062059669,1121430
8,97,50,1791064469060938621,1791064469062164725,1226475
9,97,50,1791064469060938621,1791064469062270022,1331782
10,97,50,1791064469060938621,1791064469062374356,1436116
11,97,50,1791064469060938621,1791064469062548675,1610435
12,97,50,1791064469060938621,1791064469062651688,1713448
13,97,50,1791064469060938621,1791064469062830273,1892023
14,97,50,1791064469060938621,1791064469062935729,1997489
15,97,50,1791064469060938621,1791064469063039032,2100782
16,97,50,1791064469060938621,1791064469063143077,2204837
17,97,50,1791064469060938621,1791064469063247101,2308861
18,97,50,1791064469060938621,1791064469063351536,2413296
19,97,50,1791064469060938621,1791064469063454779,2516529
0,98,50,1791064469160938621,1791064469161163542,225793
1,98,50,1791064469160938621,1791064469161273425,335185
2,98,50,1791064469160938621,1791064469161377400,439160
3,98,50,1791064469160938621,1791064469161481905,543665
4,98,50,1791064469160938621,1791064469161587561,649321
5,98,50,1791064469160938621,1791064469161691656,753416
6,98,50,1791064469160938621,1791064469161810091,871851
7,98,50,1791064469160938621,1791064469162111268,1173048
8,98,50,1791064469160938621,1791064469162279488,1341238
9,98,50,1791064469160938621,1791064469162445143,1506903
10,98,50,1791064469160938621,1791064469162611580,1673340
11,98,50,1791064469160938621,1791064469162714583,1776343
12,98,50,1791064469160938621,1791064469162844836,1906596
13,98,50,1791064469160938621,1791064469162968450,2030200
14,98,50,1791064469160938621,1791064469163090060,2151820
15,98,50,1791064469160938621,1791064469163272340,2334201
16,98,50,1791064469160938621,1791064469163443745,2505505
17,98,50,1791064469160938621,1791064469163624793,2686543
18,98,50,1791064469160938621,1791064469163946951,3008751
19,98,50,1791064469160938621,1791064469164135501,3197261
0,99,50,1791064469260938621,1791064469261341047,403058
1,99,50,1791064469260938621,1791064469261538570,600380
2,99,50,1791064469260938621,1791064469261723675,785465
3,99,50,1791064469260938621,1791064469261964071,1025841
4,99,50,1791064469260938621,1791064469262106412,1168172
5,99,50,1791064469260938621,1791064469262246881,1308641
6,99,50,1791064469260938621,1791064469262387630,1449380
7,99,50,1791064469260938621,1791064469262524292,1586042
8,99,50,1791064469260938621,1791064469262679202,1741032
9,99,50,1791064469260938621,1791064469262848163,1909923
10,99,50,1791064469260938621,1791064469262987039,2048789
11,99,50,1791064469260938621,1791064469263123802,2185562
12,99,50,1791064469260938621,1791064469263261716,2323466
13,99,50,1791064469260938621,1791064469263398669,2460429
14,99,50,1791064469260938621,1791064469263535913,2597673
15,99,50,1791064469260938621,1791064469263670763,2732513
16,99,50,1791064469260938621,1791064469263827896,2889646
17,99,50,1791064469260938621,1791064469263977438,3039198
18,99,50,1791064469260938621,1791064469264113269,3175029
19,99,50,1791064469260938621,1791064469264307768,3369538
0,100,150,1791064469360938621,1791064469362741877,1804098
1,100,150,1791064469360938621,1791064469365940572,5002422
2,100,150,1791064469360938621,1791064469366316359,5378119
3,100,150,1791064469360938621,1791064469366693658,5755469
4,100,150,1791064469360938621,1791064469367161232,6223122
5,100,150,1791064469360938621,1791064469367598991,6660761
6,100,150,1791064469360938621,1791064469368028128,7090258
7,100,150,1791064469360938621,1791064469368572665,7634425
8,100,150,1791064469360938621,1791064469369537246,8599096
9,100,150,1791064469360938621,1791064469370373657,9435467
10,100,150,1791064469360938621,1791064469373688894,12750754
11,100,150,1791064469360938621,1791064469374232010,13293810
12,100,150,1791064469360938621,1791064469374540968,13602728
13,100,150,1791064469360938621,1791064469374936695,13998475
14,100,150,1791064469360938621,1791064469375326202,14387962
15,100,150,1791064469360938621,1791064469375634630,14696390
16,100,150,1791064469360938621,1791064469375969867,15031627
17,100,150,1791064469360938621,1791064469376276221,15337981
18,100,150,1791064469360938621,1791064469376693140,15754910
19,100,150,1791064469360938621,1791064469377028778,16090528
0,101,150,1791064469460938621,1791064469461387385,449456
1,101,150,1791064469460938621,1791064469461700750,762500
2,101,150,1791064469460938621,1791064469462068335,1130105
3,101,150,1791064469460938621,1791064469462379897,1441657
4,101,150,1791064469460938621,1791064469462690668,1752418
5,101,150,1791064469460938621,1791064469463014288,2076038
6,101,150,1791064469460938621,1791064469463326762,2388512
7,101,150,1791064469460938621,1791064469463636872,2698622
8,101,150,1791064469460938621,1791064469463959661,3021411
9,101,150,1791064469460938621,1791064469464269160,3330920
10,101,150,1791064469460938621,1791064469464577507,3639267
11,101,150,1791064469460938621,1791064469465002367,4064137
12,101,150,1791064469460938621,1791064469465310274,4372024
13,101,150,1791064469460938621,1791064469465618191,4679941
14,101,150,1791064469460938621,1791064469466042310,5104080
15,101,150,1791064469460938621,1791064469466409084,5470844
16,101,150,1791064469460938621,1791064469466723680,5785440
17,101,150,1791064469460938621,1791064469467056804,6118564
18,101,150,1791064469460938621,1791064469467366293,6428053
19,101,150,1791064469460938621,1791064469467684585,6746345
0,102,150,1791064469560938621,1791064469561396345,458305
1,102,150,1791064469560938621,1791064469561728578,790338
2,102,150,1791064469560938621,1791064469562074531,1136281
3,102,150,1791064469560938621,1791064469562440264,1502034
4,102,150,1791064469560938621,1791064469562749853,1811603
5,102,150,1791064469560938621,1791064469563100152,2161902
6,102,150,1791064469560938621,1791064469563406517,2468277
7,102,150,1791064469560938621,1791064469563715064,2776824
8,102,150,1791064469560938621,1791064469564041969,3103729
9,102,150,1791064469560938621,1791064469564350948,3412708
10,102,150,1791064469560938621,1791064469564661488,3723248
11,102,150,1791064469560938621,1791064469564981233,4042993
12,102,150,1791064469560938621,1791064469565287627,4349377
13,102,150,1791064469560938621,1791064469565590877,4652637
14,102,150,1791064469560938621,1791064469565970900,5032671
15,102,150,1791064469560938621,1791064469566329052,5390812
16,102,150,1791064469560938621,1791064469566636738,5698498
17,102,150,1791064469560938621,1791064469566987218,6048968
18,102,150,1791064469560938621,1791064469567293061,6354811
19,102,150,1791064469560938621,1791064469567597984,6659744
0,103,150,1791064469660938621,1791064469661409156,471237
1,103,150,1791064469660938621,1791064469661720969,782729
2,103,150,1791064469660938621,1791064469662080522,1142282
3,103,150,1791064469660938621,1791064469662390431,1452192
4,103,150,1791064469660938621,1791064469662699680,1761450
5,103,150,1791064469660938621,1791064469663024662,2086422
6,103,150,1791064469660938621,1791064469663331317,2393077
7,103,150,1791064469660938621,1791064469663636690,2698440
8,103,150,1791064469660938621,1791064469663959699,3021459
9,103,150,1791064469660938621,1791064469664266063,3327813
10,103,150,1791064469660938621,1791064469664583955,3645715
11,103,150,1791064469660938621,1791064469664902147,3963907
12,103,150,1791064469660938621,1791064469665208361,4270121
13,103,150,1791064469660938621,1791064469665513744,4575504
14,103,150,1791064469660938621,1791064469665835110,4896870
15,103,150,1791064469660938621,1791064469666157999,5219759
16,103,150,1791064469660938621,1791064469666463442,5525202
17,103,150,1791064469660938621,1791064469666781524,5843284
18,103,150,1791064469660938621,1791064469667100497,6162257
19,103,150,1791064469660938621,1791064469667409315,6471065
0,104,150,1791064469760938621,1791064469761395057,457127
1,104,150,1791064469760938621,1791064469761707510,769260
2,104,150,1791064469760938621,1791064469762061205,1122965
3,104,150,1791064469760938621,1791064469762385065,1446835
4,104,150,1791064469760938621,1791064469762687984,1749744
5,104,150,1791064469760938621,1791064469763008790,2070550
6,104,150,1791064469760938621,1791064469763313162,2374922
7,104,150,1791064469760938621,1791064469763616572,2678322
8,104,150,1791064469760938621,1791064469763937908,2999668
9,104,150,1791064469760938621,1791064469764280226,3341986
10,104,150,1791064469760938621,1791064469764583836,3645596
11,104,150,1791064469760938621,1791064469764903851,3965611
12,104,150,1791064469760938621,1791064469765208653,4270403
13,104,150,1791064469760938621,1791064469765511712,4573472
14,104,150,1791064469760938621,1791064469765833760,4895520
15,104,150,1791064469760938621,1791064469766403856,5465616
16,104,150,1791064469760938621,1791064469766708147,5769907
17,104,150,1791064469760938621,1791064469767028752,6090512
18,104,150,1791064469760938621,1791064469767333785,6395545
19,104,150,1791064469760938621,1791064469767641361,6703111
0,105,150,1791064469860938621,1791064469861400536,462807
1,105,150,1791064469860938621,1791064469861717546,779306
2,105,150,1791064469860938621,1791064469862079013,1140763
3,105,150,1791064469860938621,1791064469862387019,1448769
4,105,150,1791064469860938621,1791064469862696368,1758128
5,105,150,1791064469860938621,1791064469863016623,2078383
6,105,150,1791064469860938621,1791064469863428084,2489864
7,105,150,1791064469860938621,1791064469863741979,2803819
8,105,150,1791064469860938621,1791064469864120010,3181770
9,105,150,1791064469860938621,1791064469864426855,3488615
10,105,150,1791064469860938621,1791064469864733470,3795230
11,105,150,1791064469860938621,1791064469865074356,4136116
12,105,150,1791064469860938621,1791064469865386098,4447938
13,105,150,1791064469860938621,1791064469865692613,4754373
14,105,150,1791064469860938621,1791064469866033739,5095499
15,105,150,1791064469860938621,1791064469866340784,5402534
16,105,150,1791064469860938621,1791064469866646618,5708378
17,105,150,1791064469860938621,1791064469866968815,6030565
18,105,150,1791064469860938621,1791064469867274789,6336539
19,105,150,1791064469860938621,1791064469867584919,6646679
0,106,150,1791064469960938621,1791064469961512805,574875
1,106,150,1791064469960938621,1791064469961965406,1027156
2,106,150,1791064469960938621,1791064469962292121,1353881
3,106,150,1791064469960938621,1791064469962600057,1661817
4,106,150,1791064469960938621,1791064469962921564,1983344
5,106,150,1791064469960938621,1791064469963228790,2290550
6,106,150,1791064469960938621,1791064469963539040,2600800
7,106,150,1791064469960938621,1791064469963926124,2987884
8,106,150,1791064469960938621,1791064469964232989,3294749
9,106,150,1791064469960938621,1791064469964539894,3601654
10,106,150,1791064469960938621,1791064469964876323,3938083
11,106,150,1791064469960938621,1791064469965249787,4311567
12,106,150,1791064469960938621,1791064469965554669,4616429
13,106,150,1791064469960938621,1791064469966040961,5102721
14,106,150,1791064469960938621,1791064469966421946,5483706
15,106,150,1791064469960938621,1791064469966729862,5791622
16,106,150,1791064469960938621,1791064469967104368,6166128
17,106,150,1791064469960938621,1791064469967410001,6471761
18,106,150,1791064469960938621,1791064469967792609,6854369
19,106,150,1791064469960938621,1791064469968152492,7214242
0,107,150,1791064470060938621,1791064470061378226,440307
1,107,150,1791064470060938621,1791064470061721135,782895
2,107,150,1791064470060938621,1791064470062069121,1130881
3,107,150,1791064470060938621,1791064470062377248,1438998
4,107,150,1791064470060938621,1791064470062698395,1760165
5,107,150,1791064470060938621,1791064470063020803,2082563
6,107,150,1791064470060938621,1791064470063501736,2563486
7,107,150,1791064470060938621,1791064470063828280,2890031
8,107,150,1791064470060938621,1791064470064322574,3384344
9,107,150,1791064470060938621,1791064470064695387,3757137
10,107,150,1791064470060938621,1791064470065061400,4123150
11,107,150,1791064470060938621,1791064470065368605,4430365
12,107,150,1791064470060938621,1791064470065674709,4736469
13,107,150,1791064470060938621,1791064470066021884,5083644
14,107,150,1791064470060938621,1791064470066345124,5406884
15,107,150,1791064470060938621,1791064470066654042,5715802
16,107,150,1791064470060938621,1791064470067036940,6098700
17,107,150,1791064470060938621,1791064470067396763,6458523
18,107,150,1791064470060938621,1791064470067754113,6815873
19,107,150,1791064470060938621,1791064470068187466,7249236
0,108,150,1791064470160938621,1791064470161376896,438977
1,108,150,1791064470160938621,1791064470161717391,779141
2,108,150,1791064470160938621,1791064470162070886,1132646
3,108,150,1791064470160938621,1791064470162376689,1438449
4,108,150,1791064470160938621,1791064470162740829,1802589
5,108,150,1791064470160938621,1791064470163060864,2122624
6,108,150,1791064470160938621,1791064470163372226,2433986
7,108,150,1791064470160938621,1791064470163678861,2740621
8,108,150,1791064470160938621,1791064470164002250,3064000
9,108,150,1791064470160938621,1791064470164307473,3369233
10,108,150,1791064470160938621,1791064470164611224,3672984
11,108,150,1791064470160938621,1791064470164930978,3992738
12,108,150,1791064470160938621,1791064470165235510,4297260
13,108,150,1791064470160938621,1791064470165539661,4601421
14,108,150,1791064470160938621,1791064470165875619,4937369
15,108,150,1791064470160938621,1791064470166194913,5256663
16,108,150,1791064470160938621,1791064470166500426,5562186
17,108,150,1791064470160938621,1791064470166829193,5890954
18,108,150,1791064470160938621,1791064470167134486,6196236
19,108,150,1791064470160938621,1791064470167438657,6500407
0,109,150,1791064470260938621,1791064470261506712,568792
1,109,150,1791064470260938621,1791064470262100142,1161972
2,109,150,1791064470260938621,1791064470262581866,1643696
3,109,150,1791064470260938621,1791064470263167966,2229846
4,109,150,1791064470260938621,1791064470263786873,2848684
5,109,150,1791064470260938621,1791064470264223691,3285461
6,109,150,1791064470260938621,1791064470264632027,3693817
7,109,150,1791064470260938621,1791064470265098609,4160369
8,109,150,1791064470260938621,1791064470265672961,4734721
9,109,150,1791064470260938621,1791064470266227023,5288783
10,109,150,1791064470260938621,1791064470266731902,5793662
11,109,150,1791064470260938621,1791064470267187277,6249037
12,109,150,1791064470260938621,1791064470267623204,6684964
13,109,150,1791064470260938621,1791064470268079611,7141371
14,109,150,1791064470260938621,1791064470268516188,7577948
15,109,150,1791064470260938621,1791064470268971964,8033724
16,109,150,1791064470260938621,1791064470269387851,8449621
17,109,150,1791064470260938621,1791064470274092409,13154259
18,109,150,1791064470260938621,1791064470274480564,13542324
19,109,150,1791064470260938621,1791064470275021547,14083387
0,110,150,1791064470360938621,1791064470372294143,11356244
1,110,150,1791064470360938621,1791064470372913492,11975472
2,110,150,1791064470360938621,1791064470373310952,12372722
3,110,150,1791064470360938621,1791064470373886475,12948245
4,110,150,1791064470360938621,1791064470374339147,13400907
5,110,150,1791064470360938621,1791064470375043361,14105201
6,110,150,1791064470360938621,1791064470375487881,14549721
7,110,150,1791064470360938621,1791064470376140899,15202659
8,110,150,1791064470360938621,1791064470376714169,15775950
9,110,150,1791064470360938621,1791064470377083607,16145428
10,110,150,1791064470360938621,1791064470377592903,16654733
11,110,150,1791064470360938621,1791064470419028430,58090691
12,110,150,1791064470360938621,1791064470423665228,62727439
13,110,150,1791064470360938621,1791064470429499822,68561933
14,110,150,1791064470360938621,1791064470429980926,69042776
15,110,150,1791064470360938621,1791064470430425375,69487145
16,110,150,1791064470360938621,1791064470430868702,69930462
17,110,150,1791064470360938621,1791064470431295806,70357566
18,110,150,1791064470360938621,1791064470431704933,70766753
19,110,150,1791064470360938621,1791064470432154369,71216179
0,111,150,1791064470460938621,1791064470466091816,5153906
1,111,150,1791064470460938621,1791064470466531588,5593348
2,111,150,1791064470460938621,1791064470467130887,6192657
3,111,150,1791064470460938621,1791064470467681624,6743394
4,111,150,1791064470460938621,1791064470468133314,7195094
5,111,150,1791064470460938621,1791064470468559837,7621607
6,111,150,1791064470460938621,1791064470469009964,8071724
7,111,150,1791064470460938621,1791064470469449667,8511427
8,111,150,1791064470460938621,1791064470508391676,47453766
9,111,150,1791064470460938621,1791064470508879319,47941109
10,111,150,1791064470460938621,1791064470509293864,48355674
11,111,150,1791064470460938621,1791064470509753265,48815085
12,111,150,1791064470460938621,1791064470510240538,49302298
13,111,150,1791064470460938621,1791064470515124312,54186302
14,111,150,1791064470460938621,1791064470516103053,55164914
15,111,150,1791064470460938621,1791064470517052712,56114592
16,111,150,1791064470460938621,1791064470520354539,59416490
17,111,150,1791064470460938621,1791064470520854741,59916571
18,111,150,1791064470460938621,1791064470526908671,65971001
19,111,150,1791064470460938621,1791064470531212574,70274655
0,112,150,1791064470560938621,1791064470562380073,1442203
1,112,150,1791064470560938621,1791064470562883800,1945580
2,112,150,1791064470560938621,1791064470563327438,2389218
3,112,150,1791064470560938621,1791064470563708493,2770253
4,112,150,1791064470560938621,1791064470564174274,3236054
5,112,150,1791064470560938621,1791064470564699823,3761573
6,112,150,1791064470560938621,1791064470565585397,4647297
7,112,150,1791064470560938621,1791064470566136194,5197964
8,112,150,1791064470560938621,1791064470566576417,5638177
9,112,150,1791064470560938621,1791064470567046664,6108424
10,112,150,1791064470560938621,1791064470567477954,6539714
11,112,150,1791064470560938621,1791064470567930775,6992576
12,112,150,1791064470560938621,1791064470568885682,7947532
13,112,150,1791064470560938621,1791064470569214800,8276560
14,112,150,1791064470560938621,1791064470569637908,8699668
15,112,150,1791064470560938621,1791064470570112431,9174222
16,112,150,1791064470560938621,1791064470570663028,9724858
17,112,150,1791064470560938621,1791064470571048249,10110070
18,112,150,1791064470560938621,1791064470571658955,10720835
19,112,150,1791064470560938621,1791064470572555154,11617025
0,113,150,1791064470660938621,1791064470661480870,542941
1,113,150,1791064470660938621,1791064470661894654,956444
2,113,150,1791064470660938621,1791064470662257762,1319523
3,113,150,1791064470660938621,1791064470662630936,1692686
4,113,150,1791064470660938621,1791064470663008857,2070617
5,113,150,1791064470660938621,1791064470663430612,2492372
6,113,150,1791064470660938621,1791064470663860340,2922100
7,113,150,1791064470660938621,1791064470664331589,3393359
8,113,150,1791064470660938621,1791064470664779243,3841003
9,113,150,1791064470660938621,1791064470665092487,4154247
10,113,150,1791064470660938621,1791064470665398040,4459800
11,113,150,1791064470660938621,1791064470665726408,4788168
12,113,150,1791064470660938621,1791064470666062887,5124647
13,113,150,1791064470660938621,1791064470666477502,5539262
14,113,150,1791064470660938621,1791064470666900018,5961778
15,113,150,1791064470660938621,1791064470667308815,6370575
16,113,150,1791064470660938621,1791064470667716379,6778139
17,113,150,1791064470660938621,1791064470668038267,7100027
18,113,150,1791064470660938621,1791064470668342057,7403807
19,113,150,1791064470660938621,1791064470668648572,7710332
0,114,150,1791064470760938621,1791064470761391425,453515
1,114,150,1791064470760938621,1791064470761709627,771387
2,114,150,1791064470760938621,1791064470762075560,1137310
3,114,150,1791064470760938621,1791064470762384157,1445917
4,114,150,1791064470760938621,1791064470762710041,1771811
5,114,150,1791064470760938621,1791064470763219216,2281036
6,114,150,1791064470760938621,1791064470763627041,2688841
7,114,150,1791064470760938621,1791064470763966975,3028735
8,114,150,1791064470760938621,1791064470764451784,3513604
9,114,150,1791064470760938621,1791064470764785409,3847169
10,114,150,1791064470760938621,1791064470765093526,4155286
11,114,150,1791064470760938621,1791064470765398548,4460308
12,114,150,1791064470760938621,1791064470765708388,4770148
13,114,150,1791064470760938621,1791064470766087270,5149050
14,114,150,1791064470760938621,1791064470766394746,5456506
15,114,150,1791064470760938621,1791064470766699418,5761168
16,114,150,1791064470760938621,1791064470767033794,6095544
17,114,150,1791064470760938621,1791064470767346668,6408428
18,114,150,1791064470760938621,1791064470767702776,6764526
19,114,150,1791064470760938621,1791064470768121156,7182977
0,115,150,1791064470860938621,1791064470861379849,441909
1,115,150,1791064470860938621,1791064470861691561,753311
2,115,150,1791064470860938621,1791064470862043123,1104883
3,115,150,1791064470860938621,1791064470862351680,1413430
4,115,150,1791064470860938621,1791064470862696121,1757881
5,115,150,1791064470860938621,1791064470863022816,2084576
6,115,150,1791064470860938621,1791064470863342840,2404600
7,115,150,1791064470860938621,1791064470863651758,2713518
8,115,150,1791064470860938621,1791064470863971963,3033723
9,115,150,1791064470860938621,1791064470864279620,3341380
10,115,150,1791064470860938621,1791064470864586415,3648175
11,115,150,1791064470860938621,1791064470864910275,3972025
12,115,150,1791064470860938621,1791064470865217380,4279140
13,115,150,1791064470860938621,1791064470865524756,4586516
14,115,150,1791064470860938621,1791064470867851317,6913167
15,115,150,1791064470860938621,1791064470868162038,7223798
16,115,150,1791064470860938621,1791064470868476284,7538034
17,115,150,1791064470860938621,1791064470868806514,7868264
18,115,150,1791064470860938621,1791064470869111937,8173697
19,115,150,1791064470860938621,1791064470869417420,8479180
0,116,150,1791064470960938621,1791064470961384456,446526
1,116,150,1791064470960938621,1791064470961696759,758519
2,116,150,1791064470960938621,1791064470962057944,1119704
3,116,150,1791064470960938621,1791064470962364088,1425848
4,116,150,1791064470960938621,1791064470962686566,1748316
5,116,150,1791064470960938621,1791064470963006761,2068511
6,116,150,1791064470960938621,1791064470963337672,2399432
7,116,150,1791064470960938621,1791064470963649094,2710944
8,116,150,1791064470960938621,1791064470963980165,3041925
9,116,150,1791064470960938621,1791064470964284686,3346436
10,116,150,1791064470960938621,1791064470964590940,3652700
11,116,150,1791064470960938621,1791064470964913489,3975239
12,116,150,1791064470960938621,1791064470965230479,4292229
13,116,150,1791064470960938621,1791064470965536442,4598202
14,116,150,1791064470960938621,1791064470965871119,4932879
15,116,150,1791064470960938621,1791064470966285984,5347744
16,116,150,1791064470960938621,1791064470966694610,5756370
17,116,150,1791064470960938621,1791064470967016567,6078327
18,116,150,1791064470960938621,1791064470967374668,6436428
19,116,150,1791064470960938621,1791064470967733941,6795701
0,117,150,1791064471060938621,1791064471061423299,485279
1,117,150,1791064471060938621,1791064471061797924,859674
2,117,150,1791064471060938621,1791064471062170016,1231766
3,117,150,1791064471060938621,1791064471062507847,1569607
4,117,150,1791064471060938621,1791064471062847140,1908900
5,117,150,1791064471060938621,1791064471063154425,2216176
6,117,150,1791064471060938621,1791064471063459918,2521679
7,117,150,1791064471060938621,1791064471063857628,2919408
8,117,150,1791064471060938621,1791064471064166316,3228076
9,117,150,1791064471060938621,1791064471064473952,3535712
10,117,150,1791064471060938621,1791064471064854456,3916206
11,117,150,1791064471060938621,1791064471065160490,4222250
12,117,150,1791064471060938621,1791064471065465172,4526932
13,117,150,1791064471060938621,1791064471065787991,4849741
14,117,150,1791064471060938621,1791064471066116518,5178288
15,117,150,1791064471060938621,1791064471066420408,5482158
16,117,150,1791064471060938621,1791064471066724790,5786550
17,117,150,1791064471060938621,1791064471067045555,6107315
18,117,150,1791064471060938621,1791064471067350037,6411797
19,117,150,1791064471060938621,1791064471067654588,6716349
0,118,150,1791064471160938621,1791064471161372249,434310
1,118,150,1791064471160938621,1791064471161681387,743148
2,118,150,1791064471160938621,1791064471162166106,1227936
3,118,150,1791064471160938621,1791064471162473983,1535733
4,118,150,1791064471160938621,1791064471162827217,1888977
5,118,150,1791064471160938621,1791064471163138939,2200699
6,118,150,1791064471160938621,1791064471163443911,2505671
7,118,150,1791064471160938621,1791064471163749244,2811004
8,118,150,1791064471160938621,1791064471164070130,3131890
9,118,150,1791064471160938621,1791064471164375893,3437653
10,118,150,1791064471160938621,1791064471164739833,3801613
11,118,150,1791064471160938621,1791064471165079797,4141557
12,118,150,1791064471160938621,1791064471165383076,4444827
13,118,150,1791064471160938621,1791064471165686416,4748176
14,118,150,1791064471160938621,1791064471166023997,5085747
15,118,150,1791064471160938621,1791064471166329290,5391050
16,118,150,1791064471160938621,1791064471166633451,5695211
17,118,150,1791064471160938621,1791064471166955819,6017569
18,118,150,1791064471160938621,1791064471167333028,6394788
19,118,150,1791064471160938621,1791064471167638651,6700401
0,119,150,1791064471260938621,1791064471261369504,431575
1,119,150,1791064471260938621,1791064471261679704,741464
2,119,150,1791064471260938621,1791064471262188349,1250129
3,119,150,1791064471260938621,1791064471262497617,1559367
4,119,150,1791064471260938621,1791064471262869409,1931169
5,119,150,1791064471260938621,1791064471263176714,2238464
6,119,150,1791064471260938621,1791064471263498702,2560552
7,119,150,1791064471260938621,1791064471263830033,2891793
8,119,150,1791064471260938621,1791064471264138500,3200250
9,119,150,1791064471260938621,1791064471264448690,3510450
10,119,150,1791064471260938621,1791064471264773081,3834851
11,119,150,1791064471260938621,1791064471265083492,4145242
12,119,150,1791064471260938621,1791064471265396676,4458426
13,119,150,1791064471260938621,1791064471265703912,4765672
14,119,150,1791064471260938621,1791064471266084105,5145865
15,119,150,1791064471260938621,1791064471266418832,5480582
16,119,150,1791064471260938621,1791064471266752166,5813926
17,119,150,1791064471260938621,1791064471267139951,6201711
18,119,150,1791064471260938621,1791064471267460867,6522627
19,119,150,1791064471260938621,1791064471267793811,6855561
0,120,150,1791064471360938621,1791064471361513553,575644
1,120,150,1791064471360938621,1791064471362016259,1078049
2,120,150,1791064471360938621,1791064471362440628,1502438
3,120,150,1791064471360938621,1791064471362916364,1978144
4,120,150,1791064471360938621,1791064471363359841,2421601
5,120,150,1791064471360938621,1791064471363841816,2903576
6,120,150,1791064471360938621,1791064471364279675,3341445
7,120,150,1791064471360938621,1791064471364700289,3762059
8,120,150,1791064471360938621,1791064471365210736,4272526
9,120,150,1791064471360938621,1791064471365640854,4702614
10,120,150,1791064471360938621,1791064471366120295,5182055
11,120,150,1791064471360938621,1791064471366501370,5563190
12,120,150,1791064471360938621,1791064471366837078,5898838
13,120,150,1791064471360938621,1791064471367141269,6203019
14,120,150,1791064471360938621,1791064471367447503,6509253
15,120,150,1791064471360938621,1791064471367752906,6814656
16,120,150,1791064471360938621,1791064471368196123,7257943
17,120,150,1791064471360938621,1791064471368639931,7701761
18,120,150,1791064471360938621,1791064471369087685,8149475
19,120,150,1791064471360938621,1791064471369604782,8666782
0,121,150,1791064471460938621,1791064471461356065,418326
1,121,150,1791064471460938621,1791064471461668198,730038
2,121,150,1791064471460938621,1791064471462056093,1117863
3,121,150,1791064471460938621,1791064471462462546,1524296
4,121,150,1791064471460938621,1791064471462820527,1882287
5,121,150,1791064471460938621,1791064471463131879,2193639
6,121,150,1791064471460938621,1791064471463441157,2502907
7,121,150,1791064471460938621,1791064471463769334,2831084
8,121,150,1791064471460938621,1791064471464079844,3141604
9,121,150,1791064471460938621,1791064471464388983,3450743
10,121,150,1791064471460938621,1791064471464694636,3756386
11,121,150,1791064471460938621,1791064471465019898,4081658
12,121,150,1791064471460938621,1791064471465326132,4387882
13,121,150,1791064471460938621,1791064471465700057,4761827
14,121,150,1791064471460938621,1791064471466177996,5239836
15,121,150,1791064471460938621,1791064471466486353,5548113
16,121,150,1791064471460938621,1791064471466832656,5894416
17,121,150,1791064471460938621,1791064471467142606,6204366
18,121,150,1791064471460938621,1791064471467449091,6510851
19,121,150,1791064471460938621,1791064471467775084,6836844
0,122,150,1791064471560938621,1791064471565717994,4780085
1,122,150,1791064471560938621,1791064471566220009,5281809
2,122,150,1791064471560938621,1791064471566634273,5696033
3,122,150,1791064471560938621,1791064471567323946,6385736
4,122,150,1791064471560938621,1791064471567824638,6886448
5,122,150,1791064471560938621,1791064471568138364,7200114
6,122,150,1791064471560938621,1791064471568448864,7510624
7,122,150,1791064471560938621,1791064471568773075,7834825
8,122,150,1791064471560938621,1791064471569226748,8288508
9,122,150,1791064471560938621,1791064471569536547,8598297
10,122,150,1791064471560938621,1791064471593465825,32527935
11,122,150,1791064471560938621,1791064471593940208,33001988
12,122,150,1791064471560938621,1791064471594333181,33394951
13,122,150,1791064471560938621,1791064471594724241,33786021
14,122,150,1791064471560938621,1791064471595099838,34161598
15,122,150,1791064471560938621,1791064471595440193,34501953
16,122,150,1791064471560938621,1791064471595791423,34853183
17,122,150,1791064471560938621,1791064471596129545,35191305
18,122,150,1791064471560938621,1791064471596461998,35523758
19,122,150,1791064471560938621,1791064471596808421,35870192
0,123,150,1791064471660938621,1791064471661448704,510914
1,123,150,1791064471660938621,1791064471661819503,881263
2,123,150,1791064471660938621,1791064471662307767,1369568
3,123,150,1791064471660938621,1791064471662719428,1781198
4,123,150,1791064471660938621,1791064471663178449,2240229
5,123,150,1791064471660938621,1791064471663489229,2550989
6,123,150,1791064471660938621,1791064471663825137,2886887
7,123,150,1791064471660938621,1791064471664134967,3196717
8,123,150,1791064471660938621,1791064471664572165,3633925
9,123,150,1791064471660938621,1791064471666050127,5111987
10,123,150,1791064471660938621,1791064471666800409,5862190
11,123,150,1791064471660938621,1791064471667517212,6578983
12,123,150,1791064471660938621,1791064471668159004,7220784
13,123,150,1791064471660938621,1791064471668736140,7797930
14,123,150,1791064471660938621,1791064471669207800,8269880
15,123,150,1791064471660938621,1791064471669519101,8580851
16,123,150,1791064471660938621,1791064471670588417,9650257
17,123,150,1791064471660938621,1791064471671490434,10552295
18,123,150,1791064471660938621,1791064471676942870,16004910
19,123,150,1791064471660938621,1791064471677255864,16317624
0,124,150,1791064471760938621,1791064471761347098,409359
1,124,150,1791064471760938621,1791064471761660643,722403
2,124,150,1791064471760938621,1791064471762002100,1063860
3,124,150,1791064471760938621,1791064471762313581,1375342
4,124,150,1791064471760938621,1791064471762623561,1685321
5,124,150,1791064471760938621,1791064471762952138,2013898
6,124,150,1791064471760938621,1791064471763259534,2321294
7,124,150,1791064471760938621,1791064471763579589,2641349
8,124,150,1791064471760938621,1791064471763904921,2966671
9,124,150,1791064471760938621,1791064471764211496,3273256
10,124,150,1791064471760938621,1791064471764522076,3583826
11,124,150,1791064471760938621,1791064471764847539,3909289
12,124,150,1791064471760938621,1791064471765161364,4223124
13,124,150,1791064471760938621,1791064471765469161,4530921
14,124,150,1791064471760938621,1791064471765794082,4855843
15,124,150,1791064471760938621,1791064471766132214,5193964
16,124,150,1791064471760938621,1791064471766441182,5502942
17,124,150,1791064471760938621,1791064471766749449,5811199
18,124,150,1791064471760938621,1791064471767076745,6138505
19,124,150,1791064471760938621,1791064471767383910,6445660
0,125,150,1791064471860938621,1791064471861352482,414532
1,125,150,1791064471860938621,1791064471861664695,726455
2,125,150,1791064471860938621,1791064471862013322,1075072
3,125,150,1791064471860938621,1791064471862323902,1385652
4,125,150,1791064471860938621,1791064471862633361,1695111
5,125,150,1791064471860938621,1791064471862960216,2021976
6,125,150,1791064471860938621,1791064471863270876,2332636
7,125,150,1791064471860938621,1791064471863591352,2653112
8,125,150,1791064471860938621,1791064471863914861,2976621
9,125,150,1791064471860938621,1791064471864223239,3284999
10,125,150,1791064471860938621,1791064471864531366,3593126
11,125,150,1791064471860938621,1791064471864856277,3918037
12,125,150,1791064471860938621,1791064471865164615,4226365
13,125,150,1791064471860938621,1791064471865471389,4533139
14,125,150,1791064471860938621,1791064471865798655,4860415
15,125,150,1791064471860938621,1791064471866129545,5191305
16,125,150,1791064471860938621,1791064471866439385,5501145
17,125,150,1791064471860938621,1791064471866746641,5808401
18,125,150,1791064471860938621,1791064471867072544,6134304
19,125,150,1791064471860938621,1791064471867378518,6440278
0,126,150,1791064471960938621,1791064471961382452,444512
1,126,150,1791064471960938621,1791064471961697639,759399
2,126,150,1791064471960938621,1791064471962112785,1174555
3,126,150,1791064471960938621,1791064471962421282,1483032
4,126,150,1791064471960938621,1791064471962731131,1792882
5,126,150,1791064471960938621,1791064471963072418,2134178
6,126,150,1791064471960938621,1791064471963381626,2443376
7,126,150,1791064471960938621,1791064471963690855,2752615
8,126,150,1791064471960938621,1791064471964014154,3076014
9,126,150,1791064471960938621,1791064471964321660,3383410
10,126,150,1791064471960938621,1791064471964629987,3691737
11,126,150,1791064471960938621,1791064471964954749,4016499
12,126,150,1791064471960938621,1791064471965263877,4325637
13,126,150,1791064471960938621,1791064471965572855,4634695
14,126,150,1791064471960938621,1791064471965933710,4995470
15,126,150,1791064471960938621,1791064471966375746,5437536
16,126,150,1791064471960938621,1791064471966682861,5744611
17,126,150,1791064471960938621,1791064471967016797,6078557
18,126,150,1791064471960938621,1791064471967323802,6385562
19,126,150,1791064471960938621,1791064471967630326,6692077
0,127,150,1791064472060938621,1791064472061370489,432790
1,127,150,1791064472060938621,1791064472061681350,743100
2,127,150,1791064472060938621,1791064472062099030,1160800
3,127,150,1791064472060938621,1791064472062408499,1470259
4,127,150,1791064472060938621,1791064472063001708,2063548
5,127,150,1791064472060938621,1791064472063312169,2373929
6,127,150,1791064472060938621,1791064472063621397,2683157
7,127,150,1791064472060938621,1791064472063945308,3007068
8,127,150,1791064472060938621,1791064472064253825,3315585
9,127,150,1791064472060938621,1791064472064618776,3680546
10,127,150,1791064472060938621,1791064472064955326,4017096
11,127,150,1791064472060938621,1791064472065264294,4326054
12,127,150,1791064472060938621,1791064472065587283,4649033
13,127,150,1791064472060938621,1791064472066023700,5085480
14,127,150,1791064472060938621,1791064472066329964,5391724
15,127,150,1791064472060938621,1791064472066638341,5700091
16,127,150,1791064472060938621,1791064472066962161,6023922
17,127,150,1791064472060938621,1791064472067267003,6328754
18,127,150,1791064472060938621,1791064472067575972,6637732
19,127,150,1791064472060938621,1791064472067898680,6960430
0,128,150,1791064472160938621,1791064472161376023,438094
1,128,150,1791064472160938621,1791064472161688376,750136
2,128,150,1791064472160938621,1791064472162059507,1121277
3,128,150,1791064472160938621,1791064472162370047,1431807
4,128,150,1791064472160938621,1791064472162675911,1737671
5,128,150,1791064472160938621,1791064472162999821,2061581
6,128,150,1791064472160938621,1791064472163305655,2367415
7,128,150,1791064472160938621,1791064472163613471,2675231
8,128,150,1791064472160938621,1791064472163933045,2994805
9,128,150,1791064472160938621,1791064472164240291,3302051
10,128,150,1791064472160938621,1791064472164621226,3682976
11,128,150,1791064472160938621,1791064472164956553,4018313
12,128,150,1791064472160938621,1791064472165311740,4373510
13,128,150,1791064472160938621,1791064472165617062,4678822
14,128,150,1791064472160938621,1791064472165975804,5037554
15,128,150,1791064472160938621,1791064472166309910,5371660
16,128,150,1791064472160938621,1791064472166614602,5676362
17,128,150,1791064472160938621,1791064472166948997,6010747
18,128,150,1791064472160938621,1791064472167361199,6422979
19,128,150,1791064472160938621,1791064472167666862,6728622
0,129,150,1791064472260938621,1791064472261379884,441955
1,129,150,1791064472260938621,1791064472261693439,755199
2,129,150,1791064472260938621,1791064472262113142,1174912
3,129,150,1791064472260938621,1791064472262667814,1729695
4,129,150,1791064472260938621,1791064472263002120,2063880
5,129,150,1791064472260938621,1791064472263310557,2372318
6,129,150,1791064472260938621,1791064472263619025,2680785
7,129,150,1791064472260938621,1791064472263941113,3002873
8,129,150,1791064472260938621,1791064472264248208,3309958
9,129,150,1791064472260938621,1791064472264667550,3729310
10,129,150,1791064472260938621,1791064472265010809,4072569
11,129,150,1791064472260938621,1791064472265316232,4377992
12,129,150,1791064472260938621,1791064472265627453,4689203
13,129,150,1791064472260938621,1791064472265969691,5031451
14,129,150,1791064472260938621,1791064472266306751,5368511
15,129,150,1791064472260938621,1791064472266669168,5730928
16,129,150,1791064472260938621,1791064472266998637,6060387
17,129,150,1791064472260938621,1791064472267305612,6367362
18,129,150,1791064472260938621,1791064472267612777,6674537
19,129,150,1791064472260938621,1791064472267932642,6994402
0,130,150,1791064472360938621,1791064472361648999,711169
1,130,150,1791064472360938621,1791064472362056513,1118273
2,130,150,1791064472360938621,1791064472362365541,1427301
3,130,150,1791064472360938621,1791064472362675581,1737341
4,130,150,1791064472360938621,1791064472363013773,2075533
5,130,150,1791064472360938621,1791064472363323362,2385122
6,130,150,1791064472360938621,1791064472363632170,2693930
7,130,150,1791064472360938621,1791064472363959796,3021546
8,130,150,1791064472360938621,1791064472364270737,3332487
9,130,150,1791064472360938621,1791064472364637791,3699541
10,130,150,1791064472360938621,1791064472364981661,4043421
11,130,150,1791064472360938621,1791064472365291861,4353621
12,130,150,1791064472360938621,1791064472365599667,4661428
13,130,150,1791064472360938621,1791064472365977488,5039248
14,130,150,1791064472360938621,1791064472366318203,5379953
15,130,150,1791064472360938621,1791064472366626260,5688020
16,130,150,1791064472360938621,1791064472366961727,6023487
17,130,150,1791064472360938621,1791064472367269013,6330773
18,130,150,1791064472360938621,1791064472367579003,6640753
19,130,150,1791064472360938621,1791064472367905717,6967467
0,131,150,1791064472460938621,1791064472461496203,558333
1,131,150,1791064472460938621,1791064472461986520,1048290
2,131,150,1791064472460938621,1791064472462425871,1487651
3,131,150,1791064472460938621,1791064472462884852,1946612
4,131,150,1791064472460938621,1791064472463322661,2384431
5,131,150,1791064472460938621,1791064472463751627,2813387
6,131,150,1791064472460938621,1791064472464225790,3287571
7,131,150,1791064472460938621,1791064472464655297,3717057
8,131,150,1791064472460938621,1791064472465108980,4170740
9,131,150,1791064472460938621,1791064472465547811,4609571
10,131,150,1791064472460938621,1791064472466642304,5704154
11,131,150,1791064472460938621,1791064472467121485,6183285
12,131,150,1791064472460938621,1791064472467543350,6605110
13,131,150,1791064472460938621,1791064472467993998,7055788
14,131,150,1791064472460938621,1791064472468545206,7607056
15,131,150,1791064472460938621,1791064472469002494,8064384
16,131,150,1791064472460938621,1791064472469457028,8518898
17,131,150,1791064472460938621,1791064472469943820,9005760
18,131,150,1791064472460938621,1791064472470382560,9444340
19,131,150,1791064472460938621,1791064472470842092,9903862
0,132,150,1791064472560938621,1791064472561565255,627396
1,132,150,1791064472560938621,1791064472561977076,1038846
2,132,150,1791064472560938621,1791064472562333394,1395155
3,132,150,1791064472560938621,1791064472562970780,2032590
4,132,150,1791064472560938621,1791064472563310914,2372664
5,132,150,1791064472560938621,1791064472564611553,3673383
6,132,150,1791064472560938621,1791064472565079347,4141107
7,132,150,1791064472560938621,1791064472565388725,4450486
8,132,150,1791064472560938621,1791064472565694229,4755979
9,132,150,1791064472560938621,1791064472566055464,5117224
10,132,150,1791064472560938621,1791064472566363160,5424921
11,132,150,1791064472560938621,1791064472566670737,5732487
12,132,150,1791064472560938621,1791064472566992153,6053903
13,132,150,1791064472560938621,1791064472567297897,6359647
14,132,150,1791064472560938621,1791064472567965396,7027216
15,132,150,1791064472560938621,1791064472568271560,7333330
16,132,150,1791064472560938621,1791064472568576763,7638513
17,132,150,1791064472560938621,1791064472568958729,8020489
18,132,150,1791064472560938621,1791064472569266786,8328546
19,132,150,1791064472560938621,1791064472569572690,8634450
0,133,150,1791064472660938621,1791064472661463710,525921
1,133,150,1791064472660938621,1791064472661929281,991061
2,133,150,1791064472660938621,1791064472662276556,1338316
3,133,150,1791064472660938621,1791064472662585163,1646923
4,133,150,1791064472660938621,1791064472662926810,1988560
5,133,150,1791064472660938621,1791064472663235087,2296847
6,133,150,1791064472660938621,1791064472663541121,2602871
7,133,150,1791064472660938621,1791064472663862347,2924107
8,133,150,1791064472660938621,1791064472664169853,3231613
9,133,150,1791064472660938621,1791064472664475487,3537237
10,133,150,1791064472660938621,1791064472664815581,3877351
11,133,150,1791064472660938621,1791064472665214002,4275762
12,133,150,1791064472660938621,1791064472665521958,4583719
13,133,150,1791064472660938621,1791064472665892879,4954729
14,133,150,1791064472660938621,1791064472666270569,5332319
15,133,150,1791064472660938621,1791064472666680937,5742697
16,133,150,1791064472660938621,1791064472667011177,6072937
17,133,150,1791064472660938621,1791064472667319734,6381484
18,133,150,1791064472660938621,1791064472667628863,6690623
19,133,150,1791064472660938621,1791064472668167562,7229382
0,134,150,1791064472760938621,1791064472761369476,431647
1,134,150,1791064472760938621,1791064472761719565,781325
2,134,150,1791064472760938621,1791064472762543907,1605758
3,134,150,1791064472760938621,1791064472766248812,5310802
4,134,150,1791064472760938621,1791064472766669476,5731416
5,134,150,1791064472760938621,1791064472767157489,6219279
6,134,150,1791064472760938621,1791064472767594016,6655777
7,134,150,1791064472760938621,1791064472768131473,7193274
8,134,150,1791064472760938621,1791064472768539579,7601349
9,134,150,1791064472760938621,1791064472768881446,7943196
10,134,150,1791064472760938621,1791064472769233478,8295248
11,134,150,1791064472760938621,1791064472769670355,8732145
12,134,150,1791064472760938621,1791064472774920060,13982060
13,134,150,1791064472760938621,1791064472775602632,14664392
14,134,150,1791064472760938621,1791064472776191755,15253536
15,134,150,1791064472760938621,1791064472778162598,17224468
16,134,150,1791064472760938621,1791064472778596922,17658692
17,134,150,1791064472760938621,1791064472779054621,18116381
18,134,150,1791064472760938621,1791064472779493952,18555702
19,134,150,1791064472760938621,1791064472780105359,19167219
0,135,150,1791064472860938621,1791064472861351621,413691
1,135,150,1791064472860938621,1791064472861662211,723961
2,135,150,1791064472860938621,1791064472862019982,1081742
3,135,150,1791064472860938621,1791064472862386015,1447785
4,135,150,1791064472860938621,1791064472862709855,1771615
5,135,150,1791064472860938621,1791064472863043750,2105510
6,135,150,1791064472860938621,1791064472863350976,2412736
7,135,150,1791064472860938621,1791064472863674335,2736095
8,135,150,1791064472860938621,1791064472863999477,3061237
9,135,150,1791064472860938621,1791064472864307754,3369514
10,135,150,1791064472860938621,1791064472864614008,3675768
11,135,150,1791064472860938621,1791064472864934133,3995883
12,135,150,1791064472860938621,1791064472865240748,4302508
13,135,150,1791064472860938621,1791064472865548614,4610374
14,135,150,1791064472860938621,1791064472865888859,4950619
15,135,150,1791064472860938621,1791064472866211027,5272787
16,135,150,1791064472860938621,1791064472866517571,5579331
17,135,150,1791064472860938621,1791064472866839358,5901108
18,135,150,1791064472860938621,1791064472867146554,6208304
19,135,150,1791064472860938621,1791064472867451746,6513506
0,136,150,1791064472960938621,1791064472961367560,429621
1,136,150,1791064472960938621,1791064472961682738,744498
2,136,150,1791064472960938621,1791064472962263829,1325659
3,136,150,1791064472960938621,1791064472962569803,1631553
4,136,150,1791064472960938621,1791064472962923457,1985217
5,136,150,1791064472960938621,1791064472963228880,2290630
6,136,150,1791064472960938621,1791064472963535114,2596874
7,136,150,1791064472960938621,1791064472963913946,2975726
8,136,150,1791064472960938621,1791064472964219129,3280889
9,136,150,1791064472960938621,1791064472964523210,3584970
10,136,150,1791064472960938621,1791064472964855112,3916872
11,136,150,1791064472960938621,1791064472965158502,4220262
12,136,150,1791064472960938621,1791064472965463173,4524933
13,136,150,1791064472960938621,1791064472965785441,4847201
14,136,150,1791064472960938621,1791064472966110373,5172133
15,136,150,1791064472960938621,1791064472966416186,5477947
16,136,150,1791064472960938621,1791064472966727007,5788767
17,136,150,1791064472960938621,1791064472967046571,6108321
18,136,150,1791064472960938621,1791064472967352365,6414115
19,136,150,1791064472960938621,1791064472967655534,6717294
0,137,150,1791064473060938621,1791064473061383819,445920
1,137,150,1791064473060938621,1791064473061698797,760557
2,137,150,1791064473060938621,1791064473062042867,1104617
3,137,150,1791064473060938621,1791064473062349622,1411372
4,137,150,1791064473060938621,1791064473062678760,1740510
5,137,150,1791064473060938621,1791064473063014157,2075977
6,137,150,1791064473060938621,1791064473063335564,2397324
7,137,150,1791064473060938621,1791064473063643670,2705511
8,137,150,1791064473060938621,1791064473063967130,3028890
9,137,150,1791064473060938621,1791064473064273975,3335725
10,137,150,1791064473060938621,1791064473064582733,3644493
11,137,150,1791064473060938621,1791064473064900995,3962745
12,137,150,1791064473060938621,1791064473065208090,4269850
13,137,150,1791064473060938621,1791064473065516808,4578568
14,137,150,1791064473060938621,1791064473065910131,4971911
15,137,150,1791064473060938621,1791064473066217026,5278786
16,137,150,1791064473060938621,1791064473066524312,5586072
17,137,150,1791064473060938621,1791064473066858848,5920598
18,137,150,1791064473060938621,1791064473067168537,6230287
19,137,150,1791064473060938621,1791064473067477325,6539075
0,138,150,1791064473160938621,1791064473161380675,442835
1,138,150,1791064473160938621,1791064473161692267,754027
2,138,150,1791064473160938621,1791064473162045240,1107000
3,138,150,1791064473160938621,1791064473162352997,1414757
4,138,150,1791064473160938621,1791064473162659952,1721712
5,138,150,1791064473160938621,1791064473163002059,2063819
6,138,150,1791064473160938621,1791064473163308854,2370614
7,138,150,1791064473160938621,1791064473163630221,2691981
8,138,150,1791064473160938621,1791064473163956855,3018615
9,138,150,1791064473160938621,1791064473164526550,3588360
10,138,150,1791064473160938621,1791064473164872813,3934573
11,138,150,1791064473160938621,1791064473165323431,4385191
12,138,150,1791064473160938621,1791064473165632810,4694570
13,138,150,1791064473160938621,1791064473166007155,5068925
14,138,150,1791064473160938621,1791064473166317926,5379686
15,138,150,1791064473160938621,1791064473166625462,5687222
16,138,150,1791064473160938621,1791064473166948791,6010551
17,138,150,1791064473160938621,1791064473167285080,6346840
18,138,150,1791064473160938621,1791064473167656130,6717900
19,138,150,1791064473160938621,1791064473167991778,7053538
0,139,150,1791064473260938621,1791064473261380770,442851
1,139,150,1791064473260938621,1791064473261693384,755144
2,139,150,1791064473260938621,1791064473262113307,1175067
3,139,150,1791064473260938621,1791064473262517606,1579366
4,139,150,1791064473260938621,1791064473262849148,1910898
5,139,150,1791064473260938621,1791064473263158276,2220036
6,139,150,1791064473260938621,1791064473263468506,2530266
7,139,150,1791064473260938621,1791064473263960976,3022736
8,139,150,1791064473260938621,1791064473264387669,3449429
9,139,150,1791064473260938621,1791064473264697018,3758778
10,139,150,1791064473260938621,1791064473265028119,4089879
11,139,150,1791064473260938621,1791064473265333592,4395352
12,139,150,1791064473260938621,1791064473265640687,4702447
13,139,150,1791064473260938621,1791064473266032108,5093868
14,139,150,1791064473260938621,1791064473266338552,5400312
15,139,150,1791064473260938621,1791064473266644856,5706606
16,139,150,1791064473260938621,1791064473266984890,6046650
17,139,150,1791064473260938621,1791064473267292807,6354567
18,139,150,1791064473260938621,1791064473267652861,6714631
19,139,150,1791064473260938621,1791064473267984473,7046233
0,140,150,1791064473360938621,1791064473361493813,555904
1,140,150,1791064473360938621,1791064473362000685,1062465
2,140,150,1791064473360938621,1791064473362369762,1431522
3,140,150,1791064473360938621,1791064473362676878,1738628
4,140,150,1791064473360938621,1791064473363016822,2078582
5,140,150,1791064473360938621,1791064473363324408,2386168
6,140,150,1791064473360938621,1791064473363687997,2749757
7,140,150,1791064473360938621,1791064473364348366,3410166
8,140,150,1791064473360938621,1791064473364704094,3765854
9,140,150,1791064473360938621,1791064473365037398,4099158
10,140,150,1791064473360938621,1791064473365459404,4521164
11,140,150,1791064473360938621,1791064473365900418,4962198
12,140,150,1791064473360938621,1791064473366207964,5269714
13,140,150,1791064473360938621,1791064473366515149,5576899
14,140,150,1791064473360938621,1791064473366848964,5910734
15,140,150,1791064473360938621,1791064473367157001,6218771
16,140,150,1791064473360938621,1791064473367533029,6594799
17,140,150,1791064473360938621,1791064473367862828,6924588
18,140,150,1791064473360938621,1791064473368238164,7299944
19,140,150,1791064473360938621,1791064473368552971,7614761
0,141,150,1791064473460938621,1791064473461505997,568077
1,141,150,1791064473460938621,1791064473461906621,968401
2,141,150,1791064473460938621,1791064473462233466,1295216
3,141,150,1791064473460938621,1791064473462545108,1606868
4,141,150,1791064473460938621,1791064473462895618,1957368
5,141,150,1791064473460938621,1791064473463217915,2279676
6,141,150,1791064473460938621,1791064473463615956,2677746
7,141,150,1791064473460938621,1791064473464116488,3178258
8,141,150,1791064473460938621,1791064473464522059,3583829
9,141,150,1791064473460938621,1791064473464949483,4011534
10,141,150,1791064473460938621,1791064473465429154,4490944
11,141,150,1791064473460938621,1791064473465835026,4896786
12,141,150,1791064473460938621,1791064473466214749,5276499
13,141,150,1791064473460938621,1791064473466539992,5601742
14,141,150,1791064473460938621,1791064473466878373,5940133
15,141,150,1791064473460938621,1791064473467185298,6247058
16,141,150,1791064473460938621,1791064473467495128,6556878
17,141,150,1791064473460938621,1791064473467818908,6880678
18,141,150,1791064473460938621,1791064473468162898,7224658
19,141,150,1791064473460938621,1791064473468616451,7678251
0,142,150,1791064473560938621,1791064473561373741,435812
1,142,150,1791064473560938621,1791064473561696610,758450
2,142,150,1791064473560938621,1791064473562071927,1133687
3,142,150,1791064473560938621,1791064473562379352,1441102
4,142,150,1791064473560938621,1791064473562685747,1747507
5,142,150,1791064473560938621,1791064473563178387,2240187
6,142,150,1791064473560938621,1791064473563736675,2798455
7,142,150,1791064473560938621,1791064473564075538,3137288
8,142,150,1791064473560938621,1791064473564865859,3927700
9,142,150,1791064473560938621,1791064473565322366,4384126
10,142,150,1791064473560938621,1791064473565631084,4692844
11,142,150,1791064473560938621,1791064473566116194,5177964
12,142,150,1791064473560938621,1791064473566422958,5484718
13,142,150,1791064473560938621,1791064473566932814,5994585
14,142,150,1791064473560938621,1791064473567380498,6442288
15,142,150,1791064473560938621,1791064473567949152,7011022
16,142,150,1791064473560938621,1791064473568293272,7355032
17,142,150,1791064473560938621,1791064473568723650,7785420
18,142,150,1791064473560938621,1791064473569633970,8695820
19,142,150,1791064473560938621,1791064473570330783,9392593
0,143,150,1791064473660938621,1791064473661349215,411476
1,143,150,1791064473660938621,1791064473661662630,724390
2,143,150,1791064473660938621,1791064473662009895,1071655
3,143,150,1791064473660938621,1791064473662317181,1378941
4,143,150,1791064473660938621,1791064473662634762,1696522
5,143,150,1791064473660938621,1791064473662975867,2037627
6,143,150,1791064473660938621,1791064473663284245,2346005
7,143,150,1791064473660938621,1791064473663590369,2652129
8,143,150,1791064473660938621,1791064473663913117,2974867
9,143,150,1791064473660938621,1791064473664221424,3283184
10,143,150,1791064473660938621,1791064473664592154,3653914
11,143,150,1791064473660938621,1791064473664920511,3982271
12,143,150,1791064473660938621,1791064473665465649,4527489
13,143,150,1791064473660938621,1791064473665804151,4865901
14,143,150,1791064473660938621,1791064473668293983,7355823
15,143,150,1791064473660938621,1791064473668688338,7750108
16,143,150,1791064473660938621,1791064473669023215,8084965
17,143,150,1791064473660938621,1791064473669330060,8391810
18,143,150,1791064473660938621,1791064473669831864,8893644
19,143,150,1791064473660938621,1791064473670283674,9345474
0,144,150,1791064473760938621,1791064473766231621,5293791
1,144,150,1791064473760938621,1791064473766542502,5604262
2,144,150,1791064473760938621,1791064473766911148,5972918
3,144,150,1791064473760938621,1791064473767216100,6277860
4,144,150,1791064473760938621,1791064473767588192,6649972
5,144,150,1791064473760938621,1791064473768104458,7166208
6,144,150,1791064473760938621,1791064473768412695,7474455
7,144,150,1791064473760938621,1791064473768812518,7874328
8,144,150,1791064473760938621,1791064473769833411,8895232
9,144,150,1791064473760938621,1791064473771060451,10122301
10,144,150,1791064473760938621,1791064473771911563,10973403
11,144,150,1791064473760938621,1791064473775811256,14873256
12,144,150,1791064473760938621,1791064473776500207,15561967
13,144,150,1791064473760938621,1791064473776837648,15899398
14,144,150,1791064473760938621,1791064473777146085,16207845
15,144,150,1791064473760938621,1791064473777450436,16512196
16,144,150,1791064473760938621,1791064473778097436,17159276
17,144,150,1791064473760938621,1791064473778496087,17557867
18,144,150,1791064473760938621,1791064473778995537,18057287
19,144,150,1791064473760938621,1791064473779301431,18363191
0,145,150,1791064473860938621,1791064473861358630,420781
1,145,150,1791064473860938621,1791064473861668540,730290
2,145,150,1791064473860938621,1791064473862064587,1126367
3,145,150,1791064473860938621,1791064473862496808,1558598
4,145,150,1791064473860938621,1791064473862839726,1901496
5,145,150,1791064473860938621,1791064473863148534,2210294
6,145,150,1791064473860938621,1791064473863957934,3019785
7,145,150,1791064473860938621,1791064473864407922,3469672
8,145,150,1791064473860938621,1791064473864870217,3932047
9,145,150,1791064473860938621,1791064473865374625,4436405
10,145,150,1791064473860938621,1791064473866108849,5170720
11,145,150,1791064473860938621,1791064473866666426,5728266
12,145,150,1791064473860938621,1791064473867023766,6085556
13,145,150,1791064473860938621,1791064473867485481,6547311
14,145,150,1791064473860938621,1791064473867906865,6968636
15,145,150,1791064473860938621,1791064473868319157,7380927
16,145,150,1791064473860938621,1791064473868795473,7857273
17,145,150,1791064473860938621,1791064473869236397,8298157
18,145,150,1791064473860938621,1791064473869670841,8732601
19,145,150,1791064473860938621,1791064473870154358,9216118
0,146,150,1791064473960938621,1791064473961364715,426925
1,146,150,1791064473960938621,1791064473961674975,736725
2,146,150,1791064473960938621,1791064473962053015,1114775
3,146,150,1791064473960938621,1791064473962378077,1439837
4,146,150,1791064473960938621,1791064473962689128,1750879
5,146,150,1791064473960938621,1791064473963011116,2072876
6,146,150,1791064473960938621,1791064473963319193,2380943
7,146,150,1791064473960938621,1791064473963627931,2689691
8,146,150,1791064473960938621,1791064473964092850,3154610
9,146,150,1791064473960938621,1791064473964399114,3460874
10,146,150,1791064473960938621,1791064473964709114,3770864
11,146,150,1791064473960938621,1791064473965078502,4140272
12,146,150,1791064473960938621,1791064473965383624,4445374
13,146,150,1791064473960938621,1791064473965690489,4752239
14,146,150,1791064473960938621,1791064473966056782,5118532
15,146,150,1791064473960938621,1791064473966363597,5425357
16,146,150,1791064473960938621,1791064473966672936,5734686
17,146,150,1791064473960938621,1791064473966997427,6059187
18,146,150,1791064473960938621,1791064473967336620,6398370
19,146,150,1791064473960938621,1791064473967645989,6707739
0,147,150,1791064474060938621,1791064474061379497,441577
1,147,150,1791064474060938621,1791064474061693152,754912
2,147,150,1791064474060938621,1791064474062192963,1254763
3,147,150,1791064474060938621,1791064474062502292,1564052
4,147,150,1791064474060938621,1791064474062835997,1897757
5,147,150,1791064474060938621,1791064474063147569,2209329
6,147,150,1791064474060938621,1791064474063455886,2518046
7,147,150,1791064474060938621,1791064474063790101,2851861
8,147,150,1791064474060938621,1791064474064221882,3283642
9,147,150,1791064474060938621,1791064474064530960,3592720
10,147,150,1791064474060938621,1791064474064955479,4017249
11,147,150,1791064474060938621,1791064474065544252,4606023
12,147,150,1791064474060938621,1791064474065898368,4960208
13,147,150,1791064474060938621,1791064474066365741,5427521
14,147,150,1791064474060938621,1791064474066818192,5879962
15,147,150,1791064474060938621,1791064474067128281,6190031
16,147,150,1791064474060938621,1791064474067539541,6601311
17,147,150,1791064474060938621,1791064474067889330,6951080
18,147,150,1791064474060938621,1791064474068332417,7394207
19,147,150,1791064474060938621,1791064474068692972,7754742
0,148,150,1791064474160938621,1791064474161383769,445840
1,148,150,1791064474160938621,1791064474161695261,757021
2,148,150,1791064474160938621,1791064474162111348,1173128
3,148,150,1791064474160938621,1791064474162423941,1485692
4,148,150,1791064474160938621,1791064474162733631,1795381
5,148,150,1791064474160938621,1791064474163077150,2138910
6,148,150,1791064474160938621,1791064474163388161,2449911
7,148,150,1791064474160938621,1791064474163699413,2761173
8,148,150,1791064474160938621,1791064474164020579,3082329
9,148,150,1791064474160938621,1791064474164440141,3501901
10,148,150,1791064474160938621,1791064474164838402,3900222
11,148,150,1791064474160938621,1791064474165152948,4214698
12,148,150,1791064474160938621,1791064474165464700,4526450
13,148,150,1791064474160938621,1791064474165811635,4873395
14,148,150,1791064474160938621,1791064474166143327,5205087
15,148,150,1791064474160938621,1791064474166618882,5680652
16,148,150,1791064474160938621,1791064474167061258,6123018
17,148,150,1791064474160938621,1791064474167457686,6519466
18,148,150,1791064474160938621,1791064474167791921,6853681
19,148,150,1791064474160938621,1791064474168098987,7160737
0,149,150,1791064474260938621,1791064474261407664,469614
1,149,150,1791064474260938621,1791064474261717253,779013
2,149,150,1791064474260938621,1791064474262130526,1192296
3,149,150,1791064474260938621,1791064474262441737,1503497
4,149,150,1791064474260938621,1791064474262752598,1814358
5,149,150,1791064474260938621,1791064474263297807,2359567
6,149,150,1791064474260938621,1791064474263606845,2668605
7,149,150,1791064474260938621,1791064474263941852,3003612
8,149,150,1791064474260938621,1791064474264248727,3310487
9,149,150,1791064474260938621,1791064474264557104,3618864
10,149,150,1791064474260938621,1791064474264932821,3994581
11,149,150,1791064474260938621,1791064474265239887,4301647
12,149,150,1791064474260938621,1791064474265546121,4607871
13,149,150,1791064474260938621,1791064474265922919,4984679
14,149,150,1791064474260938621,1791064474266231036,5292796
15,149,150,1791064474260938621,1791064474266539414,5601164
16,149,150,1791064474260938621,1791064474266936552,5998313
17,149,150,1791064474260938621,1791064474267247293,6309053
18,149,150,1791064474260938621,1791064474267588129,6649879
19,149,150,1791064474260938621,1791064474267908684,6970444
0,150,50,1791064474360938621,1791064474361145491,207702
1,150,50,1791064474360938621,1791064474361268673,330433
2,150,50,1791064474360938621,1791064474361374871,436631
3,150,50,1791064474360938621,1791064474361480417,542177
4,150,50,1791064474360938621,1791064474361583781,645541
5,150,50,1791064474360938621,1791064474361687535,749285
6,150,50,1791064474360938621,1791064474361824818,886578
7,150,50,1791064474360938621,1791064474361960830,1022590
8,150,50,1791064474360938621,1791064474362064874,1126634
9,150,50,1791064474360938621,1791064474362168528,1230288
10,150,50,1791064474360938621,1791064474362271080,1332840
11,150,50,1791064474360938621,1791064474362374123,1435883
12,150,50,1791064474360938621,1791064474362476765,1538515
13,150,50,1791064474360938621,1791064474362578936,1640686
14,150,50,1791064474360938621,1791064474362695249,1757009
15,150,50,1791064474360938621,1791064474362843909,1905669
16,150,50,1791064474360938621,1791064474362947833,2009593
17,150,50,1791064474360938621,1791064474363049825,2111585
18,150,50,1791064474360938621,1791064474363152637,2214397
19,150,50,1791064474360938621,1791064474363254548,2316298
0,151,50,1791064474460938621,1791064474461143403,205544
1,151,50,1791064474460938621,1791064474461261218,322978
2,151,50,1791064474460938621,1791064474461378872,440632
3,151,50,1791064474460938621,1791064474461482346,544106
4,151,50,1791064474460938621,1791064474461585839,647599
5,151,50,1791064474460938621,1791064474461689753,751503
6,151,50,1791064474460938621,1791064474461818043,879804
7,151,50,1791064474460938621,1791064474461954997,1016747
8,151,50,1791064474460938621,1791064474462059441,1121191
9,151,50,1791064474460938621,1791064474462162294,1224054
10,151,50,1791064474460938621,1791064474462265217,1326977
11,151,50,1791064474460938621,1791064474462368590,1430350
12,151,50,1791064474460938621,1791064474462483140,1544890
13,151,50,1791064474460938621,1791064474462585802,1647562
14,151,50,1791064474460938621,1791064474462703116,1764876
15,151,50,1791064474460938621,1791064474463477023,2538814
16,151,50,1791064474460938621,1791064474463594748,2656498
17,151,50,1791064474460938621,1791064474463774294,2836064
18,151,50,1791064474460938621,1791064474463881373,2943133
19,151,50,1791064474460938621,1791064474463985548,3047308
0,152,50,1791064474560938621,1791064474561149157,211218
1,152,50,1791064474560938621,1791064474561482161,543921
2,152,50,1791064474560938621,1791064474561587187,648947
3,152,50,1791064474560938621,1791064474561751520,813270
4,152,50,1791064474560938621,1791064474561916204,977965
5,152,50,1791064474560938621,1791064474562182960,1244750
6,152,50,1791064474560938621,1791064474562447172,1509012
7,152,50,1791064474560938621,1791064474562592487,1654247
8,152,50,1791064474560938621,1791064474562696962,1758712
9,152,50,1791064474560938621,1791064474562831462,1893222
10,152,50,1791064474560938621,1791064474562936297,1998057
11,152,50,1791064474560938621,1791064474563039911,2101671
12,152,50,1791064474560938621,1791064474563142964,2204724
13,152,50,1791064474560938621,1791064474563245526,2307276
14,152,50,1791064474560938621,1791064474563348178,2409938
15,152,50,1791064474560938621,1791064474563450710,2512470
16,152,50,1791064474560938621,1791064474563553903,2615663
17,152,50,1791064474560938621,1791064474563656405,2718165
18,152,50,1791064474560938621,1791064474563863302,2925052
19,152,50,1791064474560938621,1791064474564012763,3074523
0,153,50,1791064474660938621,1791064474661159007,221438
1,153,50,1791064474660938621,1791064474661267117,328867
2,153,50,1791064474660938621,1791064474661373335,435095
3,153,50,1791064474660938621,1791064474661476929,538679
4,153,50,1791064474660938621,1791064474661581854,643604
5,153,50,1791064474660938621,1791064474661686750,748510
6,153,50,1791064474660938621,1791064474661815100,876860
7,153,50,1791064474660938621,1791064474661968568,1030328
8,153,50,1791064474660938621,1791064474662075226,1136986
9,153,50,1791064474660938621,1791064474662179941,1241701
10,153,50,1791064474660938621,1791064474662284366,1346116
11,153,50,1791064474660938621,1791064474662388691,1450451
12,153,50,1791064474660938621,1791064474662492524,1554285
13,153,50,1791064474660938621,1791064474662596238,1657998
14,153,50,1791064474660938621,1791064474662699572,1761332
15,153,50,1791064474660938621,1791064474662830786,1892546
16,153,50,1791064474660938621,1791064474662934660,1996420
17,153,50,1791064474660938621,1791064474663037623,2099383
18,153,50,1791064474660938621,1791064474663140025,2201785
19,153,50,1791064474660938621,1791064474663242897,2304647
0,154,50,1791064474760938621,1791064474761199172,261253
1,154,50,1791064474760938621,1791064474761336706,398466
2,154,50,1791064474760938621,1791064474761503884,565644
3,154,50,1791064474760938621,1791064474761632965,694726
4,154,50,1791064474760938621,1791064474761795777,857567
5,154,50,1791064474760938621,1791064474761960541,1022301
6,154,50,1791064474760938621,1791064474762099377,1161157
7,154,50,1791064474760938621,1791064474762238353,1300123
8,154,50,1791064474760938621,1791064474762377129,1438929
9,154,50,1791064474760938621,1791064474762503677,1565437
10,154,50,1791064474760938621,1791064474762635402,1697162
11,154,50,1791064474760938621,1791064474762792275,1854035
12,154,50,1791064474760938621,1791064474762896729,1958489
13,154,50,1791064474760938621,1791064474762999612,2061372
14,154,50,1791064474760938621,1791064474763102114,2163874
15,154,50,1791064474760938621,1791064474763204596,2266356
16,154,50,1791064474760938621,1791064474763307939,2369699
17,154,50,1791064474760938621,1791064474763412404,2474154
18,154,50,1791064474760938621,1791064474763514736,2576496
19,154,50,1791064474760938621,1791064474763616967,2678727
0,155,50,1791064474860938621,1791064474861307438,369719
1,155,50,1791064474860938621,1791064474861415649,477399
2,155,50,1791064474860938621,1791064474861523569,585319
3,155,50,1791064474860938621,1791064474861627403,689163
4,155,50,1791064474860938621,1791064474861731046,792806
5,155,50,1791064474860938621,1791064474861882150,943920
6,155,50,1791064474860938621,1791064474862957044,2018884
7,155,50,1791064474860938621,1791064474863081719,2143479
8,155,50,1791064474860938621,1791064474863185523,2247283
9,155,50,1791064474860938621,1791064474863289838,2351598
10,155,50,1791064474860938621,1791064474863393562,2455312
11,155,50,1791064474860938621,1791064474863496694,2558445
12,155,50,1791064474860938621,1791064474863599888,2661638
13,155,50,1791064474860938621,1791064474863708649,2770409
14,155,50,1791064474860938621,1791064474863828827,2890577
15,155,50,1791064474860938621,1791064474863932561,2994321
16,155,50,1791064474860938621,1791064474864036174,3097924
17,155,50,1791064474860938621,1791064474864141601,3203361
18,155,50,1791064474860938621,1791064474864244614,3306374
19,155,50,1791064474860938621,1791064474864347206,3408966
0,156,50,1791064474960938621,1791064474961194902,256973
1,156,50,1791064474960938621,1791064474961321380,383130
2,156,50,1791064474960938621,1791064474961424923,486673
3,156,50,1791064474960938621,1791064474961547255,609015
4,156,50,1791064474960938621,1791064474961651069,712829
5,156,50,1791064474960938621,1791064474961802243,864003
6,156,50,1791064474960938621,1791064474961990081,1051851
7,156,50,1791064474960938621,1791064474962093284,1155044
8,156,50,1791064474960938621,1791064474962268394,1330154
9,156,50,1791064474960938621,1791064474962372398,1434158
10,156,50,1791064474960938621,1791064474962476032,1537792
11,156,50,1791064474960938621,1791064474962579095,1640855
12,156,50,1791064474960938621,1791064474962683339,1745089
13,156,50,1791064474960938621,1791064474962816757,1878517
14,156,50,1791064474960938621,1791064474962957145,2018905
15,156,50,1791064474960938621,1791064474963084093,2145844
16,156,50,1791064474960938621,1791064474963226334,2288084
17,156,50,1791064474960938621,1791064474963540100,2601900
18,156,50,1791064474960938621,1791064474963685595,2747355
19,156,50,1791064474960938621,1791064474964169182,3231003
0,157,50,1791064475060938621,1791064475061208522,270593
1,157,50,1791064475060938621,1791064475061355290,417050
2,157,50,1791064475060938621,1791064475061504892,566642
3,157,50,1791064475060938621,1791064475061648575,710335
4,157,50,1791064475060938621,1791064475061818086,879836
5,157,50,1791064475060938621,1791064475061993627,1055397
6,157,50,1791064475060938621,1791064475062138722,1200482
7,157,50,1791064475060938621,1791064475062282635,1344395
8,157,50,1791064475060938621,1791064475062426348,1488108
9,157,50,1791064475060938621,1791064475062571293,1633053
10,157,50,1791064475060938621,1791064475062714556,1776316
11,157,50,1791064475060938621,1791064475062886701,1948461
12,157,50,1791064475060938621,1791064475063030494,2092254
13,157,50,1791064475060938621,1791064475063177782,2239543
14,157,50,1791064475060938621,1791064475063322657,2384417
15,157,50,1791064475060938621,1791064475063468133,2529893
16,157,50,1791064475060938621,1791064475063611446,2673206
17,157,50,1791064475060938621,1791064475063779655,2841425
18,157,50,1791064475060938621,1791064475063924339,2986100
19,157,50,1791064475060938621,1791064475064067362,3129122
0,158,50,1791064475160938621,1791064475161219384,281474
1,158,50,1791064475160938621,1791064475161369376,431146
2,158,50,1791064475160938621,1791064475161516034,577794
3,158,50,1791064475160938621,1791064475161663903,725663
4,158,50,1791064475160938621,1791064475161870640,932480
5,158,50,1791064475160938621,1791064475162007633,1069393
6,158,50,1791064475160938621,1791064475162152698,1214468
7,158,50,1791064475160938621,1791064475162301358,1363128
8,158,50,1791064475160938621,1791064475162447335,1509095
9,158,50,1791064475160938621,1791064475162584749,1646519
10,158,50,1791064475160938621,1791064475162722533,1784293
11,158,50,1791064475160938621,1791064475162884753,1946513
12,158,50,1791064475160938621,1791064475163023960,2085720
13,158,50,1791064475160938621,1791064475163190467,2252227
14,158,50,1791064475160938621,1791064475163336273,2398033
15,158,50,1791064475160938621,1791064475163480687,2542447
16,158,50,1791064475160938621,1791064475163625552,2687312
17,158,50,1791064475160938621,1791064475163800451,2862221
18,158,50,1791064475160938621,1791064475163942392,3004152
19,158,50,1791064475160938621,1791064475164089109,3150869
0,159,50,1791064475260938621,1791064475261164353,226524
1,159,50,1791064475260938621,1791064475261280595,342356
2,159,50,1791064475260938621,1791064475261386052,447812
3,159,50,1791064475260938621,1791064475261491168,552928
4,159,50,1791064475260938621,1791064475261599919,661689
5,159,50,1791064475260938621,1791064475261822229,884009
6,159,50,1791064475260938621,1791064475262011049,1072829
7,159,50,1791064475260938621,1791064475262218476,1280236
8,159,50,1791064475260938621,1791064475262324423,1386173
9,159,50,1791064475260938621,1791064475262428407,1490168
10,159,50,1791064475260938621,1791064475262532892,1594652
11,159,50,1791064475260938621,1791064475262699760,1761520
12,159,50,1791064475260938621,1791064475262830283,1892043
13,159,50,1791064475260938621,1791064475262934348,1996108
14,159,50,1791064475260938621,1791064475263038843,2100603
15,159,50,1791064475260938621,1791064475263142617,2204367
16,159,50,1791064475260938621,1791064475263247452,2309212
17,159,50,1791064475260938621,1791064475263351486,2413246
18,159,50,1791064475260938621,1791064475263454749,2516509
19,159,50,1791064475260938621,1791064475263559845,2621605
0,160,50,1791064475360938621,1791064475361158650,220711
1,160,50,1791064475360938621,1791064475361265338,327098
2,160,50,1791064475360938621,1791064475361370404,432164
3,160,50,1791064475360938621,1791064475361473357,535107
4,160,50,1791064475360938621,1791064475361575999,637759
5,160,50,1791064475360938621,1791064475361683208,744968
6,160,50,1791064475360938621,1791064475361837326,899076
7,160,50,1791064475360938621,1791064475361964675,1026425
8,160,50,1791064475360938621,1791064475362067538,1129298
9,160,50,1791064475360938621,1791064475362170911,1232671
10,160,50,1791064475360938621,1791064475362274925,1336675
11,160,50,1791064475360938621,1791064475362378188,1439949
12,160,50,1791064475360938621,1791064475362481161,1542921
13,160,50,1791064475360938621,1791064475362653837,1715717
14,160,50,1791064475360938621,1791064475362787085,1848845
15,160,50,1791064475360938621,1791064475362891470,1953230
16,160,50,1791064475360938621,1791064475362993931,2055682
17,160,50,1791064475360938621,1791064475363097365,2159125
18,160,50,1791064475360938621,1791064475363199226,2260986
19,160,50,1791064475360938621,1791064475363301167,2362927
0,161,50,1791064475460938621,1791064475461168224,230455
1,161,50,1791064475460938621,1791064475461275053,336813
2,161,50,1791064475460938621,1791064475461384495,446245
3,161,50,1791064475460938621,1791064475461487668,549428
4,161,50,1791064475460938621,1791064475461591692,653452
5,161,50,1791064475460938621,1791064475461697499,759259
6,161,50,1791064475460938621,1791064475461817938,879698
7,161,50,1791064475460938621,1791064475461938957,1000707
8,161,50,1791064475460938621,1791064475462043532,1105282
9,161,50,1791064475460938621,1791064475462148408,1210158
10,161,50,1791064475460938621,1791064475462251841,1313591
11,161,50,1791064475460938621,1791064475462354864,1416614
12,161,50,1791064475460938621,1791064475462459058,1520828
13,161,50,1791064475460938621,1791064475462561420,1623170
14,161,50,1791064475460938621,1791064475462667518,1729278
15,161,50,1791064475460938621,1791064475462787375,1849125
16,161,50,1791064475460938621,1791064475462891920,1953670
17,161,50,1791064475460938621,1791064475462995644,2057394
18,161,50,1791064475460938621,1791064475463098967,2160717
19,161,50,1791064475460938621,1791064475463201920,2263670
0,162,50,1791064475560938621,1791064475561174439,236580
1,162,50,1791064475560938621,1791064475561283080,344840
2,162,50,1791064475560938621,1791064475561386604,448354
3,162,50,1791064475560938621,1791064475561489867,551617
4,162,50,1791064475560938621,1791064475561592128,653878
5,162,50,1791064475560938621,1791064475561696773,758524
6,162,50,1791064475560938621,1791064475561817613,879373
7,162,50,1791064475560938621,1791064475561945673,1007433
8,162,50,1791064475560938621,1791064475562049677,1111427
9,162,50,1791064475560938621,1791064475562153320,1215071
10,162,50,1791064475560938621,1791064475562255722,1317482
11,162,50,1791064475560938621,1791064475562358715,1420465
12,162,50,1791064475560938621,1791064475562462829,1524589
13,162,50,1791064475560938621,1791064475562565031,1626791
14,162,50,1791064475560938621,1791064475562693732,1755482
15,162,50,1791064475560938621,1791064475562829754,1891504
16,162,50,1791064475560938621,1791064475562934188,1995938
17,162,50,1791064475560938621,1791064475563037732,2099492
18,162,50,1791064475560938621,1791064475563140434,2202184
19,162,50,1791064475560938621,1791064475563242826,2304586
0,163,50,1791064475660938621,1791064475661193388,255488
1,163,50,1791064475660938621,1791064475661322028,383788
2,163,50,1791064475660938621,1791064475661447665,509415
3,163,50,1791064475660938621,1791064475661584658,646418
4,163,50,1791064475660938621,1791064475661716213,777973
5,163,50,1791064475660938621,1791064475661913746,975506
6,163,50,1791064475660938621,1791064475662037880,1099730
7,163,50,1791064475660938621,1791064475662163987,1225747
8,163,50,1791064475660938621,1791064475662294130,1355890
9,163,50,1791064475660938621,1791064475662425975,1487735
10,163,50,1791064475660938621,1791064475662549729,1611489
11,163,50,1791064475660938621,1791064475662675986,1737746
12,163,50,1791064475660938621,1791064475662834291,1896061
13,163,50,1791064475660938621,1791064475662959807,2021567
14,163,50,1791064475660938621,1791064475663089910,2151670
15,163,50,1791064475660938621,1791064475663215386,2277146
16,163,50,1791064475660938621,1791064475663341032,2402782
17,163,50,1791064475660938621,1791064475663474129,2535890
18,163,50,1791064475660938621,1791064475663600887,2662647
19,163,50,1791064475660938621,1791064475663730930,2792690
0,164,50,1791064475760938621,1791064475761147064,209165
1,164,50,1791064475760938621,1791064475761435202,497022
2,164,50,1791064475760938621,1791064475761541599,603349
3,164,50,1791064475760938621,1791064475761645694,707444
4,164,50,1791064475760938621,1791064475761750028,811778
5,164,50,1791064475760938621,1791064475761902194,963954
6,164,50,1791064475760938621,1791064475762066177,1127937
7,164,50,1791064475760938621,1791064475762169921,1231681
8,164,50,1791064475760938621,1791064475762273054,1334814
9,164,50,1791064475760938621,1791064475762377208,1438968
10,164,50,1791064475760938621,1791064475762480131,1541891
11,164,50,1791064475760938621,1791064475762583204,1644964
12,164,50,1791064475760938621,1791064475762693658,1755418
13,164,50,1791064475760938621,1791064475762826004,1887774
14,164,50,1791064475760938621,1791064475762930308,1992069
15,164,50,1791064475760938621,1791064475763034493,2096253
16,164,50,1791064475760938621,1791064475763139308,2201058
17,164,50,1791064475760938621,1791064475763243573,2305323
18,164,50,1791064475760938621,1791064475763346656,2408406
19,164,50,1791064475760938621,1791064475763449619,2511379
0,165,50,1791064475860938621,1791064475861190985,253086
1,165,50,1791064475860938621,1791064475861298695,360445
2,165,50,1791064475860938621,1791064475861404111,465871
3,165,50,1791064475860938621,1791064475861507014,568774
4,165,50,1791064475860938621,1791064475861611038,672798
5,165,50,1791064475860938621,1791064475861719489,781239
6,165,50,1791064475860938621,1791064475862069678,1131468
7,165,50,1791064475860938621,1791064475862183076,1244836
8,165,50,1791064475860938621,1791064475862287201,1348961
9,165,50,1791064475860938621,1791064475862391866,1453626
10,165,50,1791064475860938621,1791064475862507658,1569418
11,165,50,1791064475860938621,1791064475862612243,1673993
12,165,50,1791064475860938621,1791064475862715616,1777376
13,165,50,1791064475860938621,1791064475862851157,1912917
14,165,50,1791064475860938621,1791064475862956543,2018303
15,165,50,1791064475860938621,1791064475863060087,2121837
16,165,50,1791064475860938621,1791064475863162579,2224329
17,165,50,1791064475860938621,1791064475863266042,2327802
18,165,50,1791064475860938621,1791064475863368123,2429883
19,165,50,1791064475860938621,1791064475863473099,2534849
0,166,50,1791064475960938621,1791064475961155082,217193
1,166,50,1791064475960938621,1791064475961261720,323470
2,166,50,1791064475960938621,1791064475961370382,432132
3,166,50,1791064475960938621,1791064475961473755,535515
4,166,50,1791064475960938621,1791064475961579672,641432
5,166,50,1791064475960938621,1791064475961683416,745176
6,166,50,1791064475960938621,1791064475961805577,867337
7,166,50,1791064475960938621,1791064475961944633,1006403
8,166,50,1791064475960938621,1791064475962047566,1109326
9,166,50,1791064475960938621,1791064475962342793,1404574
10,166,50,1791064475960938621,1791064475962447188,1508938
11,166,50,1791064475960938621,1791064475962552274,1614034
12,166,50,1791064475960938621,1791064475962667665,1729425
13,166,50,1791064475960938621,1791064475962805189,1866949
14,166,50,1791064475960938621,1791064475962907821,1969581
15,166,50,1791064475960938621,1791064475963010834,2072584
16,166,50,1791064475960938621,1791064475963113036,2174796
17,166,50,1791064475960938621,1791064475963215197,2276957
18,166,50,1791064475960938621,1791064475963318410,2380160
19,166,50,1791064475960938621,1791064475963421633,2483383
0,167,50,1791064476060938621,1791064476061171699,233960
1,167,50,1791064476060938621,1791064476061281081,342841
2,167,50,1791064476060938621,1791064476061387779,449529
3,167,50,1791064476060938621,1791064476061493065,554826
4,167,50,1791064476060938621,1791064476061600465,662225
5,167,50,1791064476060938621,1791064476061707624,769374
6,167,50,1791064476060938621,1791064476061867531,929301
7,167,50,1791064476060938621,1791064476062024473,1086224
8,167,50,1791064476060938621,1791064476062147246,1209006
9,167,50,1791064476060938621,1791064476062282025,1343785
10,167,50,1791064476060938621,1791064476062387862,1449642
11,167,50,1791064476060938621,1791064476062497184,1558944
12,167,50,1791064476060938621,1791064476062605455,1667215
13,167,50,1791064476060938621,1791064476062710431,1772191
14,167,50,1791064476060938621,1791064476062839492,1901242
15,167,50,1791064476060938621,1791064476062945279,2007029
16,167,50,1791064476060938621,1791064476063052788,2114548
17,167,50,1791064476060938621,1791064476063158826,2220586
18,167,50,1791064476060938621,1791064476063264642,2326402
19,167,50,1791064476060938621,1791064476063370069,2431829
0,168,50,1791064476160938621,1791064476161171563,233623
1,168,50,1791064476160938621,1791064476161281987,343747
2,168,50,1791064476160938621,1791064476161387814,449574
3,168,50,1791064476160938621,1791064476161579638,641408
4,168,50,1791064476160938621,1791064476161683983,745743
5,168,50,1791064476160938621,1791064476161813515,875265
6,168,50,1791064476160938621,1791064476161944048,1005808
7,168,50,1791064476160938621,1791064476162048623,1110374
8,168,50,1791064476160938621,1791064476162166849,1228599
9,168,50,1791064476160938621,1791064476162271023,1332783
10,168,50,1791064476160938621,1791064476162376329,1438089
11,168,50,1791064476160938621,1791064476162480354,1542104
12,168,50,1791064476160938621,1791064476162585339,1647089
13,168,50,1791064476160938621,1791064476162699058,1760818
14,168,50,1791064476160938621,1791064476162818275,1880025
15,168,50,1791064476160938621,1791064476162923170,1984930
16,168,50,1791064476160938621,1791064476163027926,2089686
17,168,50,1791064476160938621,1791064476163131790,2193550
18,168,50,1791064476160938621,1791064476163237336,2299086
19,168,50,1791064476160938621,1791064476163340960,2402720
0,169,50,1791064476260938621,1791064476261165280,227421
1,169,50,1791064476260938621,1791064476261272029,333779
2,169,50,1791064476260938621,1791064476261374781,436541
3,169,50,1791064476260938621,1791064476261480768,542528
4,169,50,1791064476260938621,1791064476261584071,645831
5,169,50,1791064476260938621,1791064476261691070,752830
6,169,50,1791064476260938621,1791064476261830988,892748
7,169,50,1791064476260938621,1791064476261961231,1022991
8,169,50,1791064476260938621,1791064476262063392,1125142
9,169,50,1791064476260938621,1791064476262166225,1227985
10,169,50,1791064476260938621,1791064476262270680,1332440
11,169,50,1791064476260938621,1791064476262374774,1436534
12,169,50,1791064476260938621,1791064476262479018,1540779
13,169,50,1791064476260938621,1791064476262638465,1700225
14,169,50,1791064476260938621,1791064476262743120,1804870
15,169,50,1791064476260938621,1791064476262868756,1930516
16,169,50,1791064476260938621,1791064476262972801,2034561
17,169,50,1791064476260938621,1791064476263076374,2138134
18,169,50,1791064476260938621,1791064476263178726,2240486
19,169,50,1791064476260938621,1791064476263284473,2346233
0,170,50,1791064476360938621,1791064476361160794,223075
1,170,50,1791064476360938621,1791064476361269896,331646
2,170,50,1791064476360938621,1791064476361373710,435470
3,170,50,1791064476360938621,1791064476361476872,538623
4,170,50,1791064476360938621,1791064476361580246,641996
5,170,50,1791064476360938621,1791064476361700825,762575
6,170,50,1791064476360938621,1791064476361817447,879198
7,170,50,1791064476360938621,1791064476361967810,1029561
8,170,50,1791064476360938621,1791064476362071094,1132844
9,170,50,1791064476360938621,1791064476362173996,1235746
10,170,50,1791064476360938621,1791064476362276368,1338128
11,170,50,1791064476360938621,1791064476362380743,1442493
12,170,50,1791064476360938621,1791064476362484076,1545826
13,170,50,1791064476360938621,1791064476362588020,1649780
14,170,50,1791064476360938621,1791064476362691253,1753013
15,170,50,1791064476360938621,1791064476362842447,1904197
16,170,50,1791064476360938621,1791064476362947323,2009073
17,170,50,1791064476360938621,1791064476363050286,2112046
18,170,50,1791064476360938621,1791064476363154350,2216110
19,170,50,1791064476360938621,1791064476363433754,2495514
0,171,50,1791064476460938621,1791064476461158394,220515
1,171,50,1791064476460938621,1791064476461268438,330198
2,171,50,1791064476460938621,1791064476461375987,437747
3,171,50,1791064476460938621,1791064476461483066,544826
4,171,50,1791064476460938621,1791064476461588382,650142
5,171,50,1791064476460938621,1791064476461693728,755478
6,171,50,1791064476460938621,1791064476461815599,877359
7,171,50,1791064476460938621,1791064476461943198,1004958
8,171,50,1791064476460938621,1791064476462046872,1108622
9,171,50,1791064476460938621,1791064476462152819,1214579
10,171,50,1791064476460938621,1791064476462256673,1318433
11,171,50,1791064476460938621,1791064476462360567,1422327
12,171,50,1791064476460938621,1791064476462464671,1526431
13,171,50,1791064476460938621,1791064476462568545,1630306
14,171,50,1791064476460938621,1791064476462673561,1735321
15,171,50,1791064476460938621,1791064476462791566,1853316
16,171,50,1791064476460938621,1791064476462898234,1959994
17,171,50,1791064476460938621,1791064476463002569,2064329
18,171,50,1791064476460938621,1791064476463108767,2170527
19,171,50,1791064476460938621,1791064476463213051,2274811
0,172,50,1791064476560938621,1791064476561157049,219110
1,172,50,1791064476560938621,1791064476561262946,324706
2,172,50,1791064476560938621,1791064476561367151,428911
3,172,50,1791064476560938621,1791064476561476753,538503
4,172,50,1791064476560938621,1791064476561580417,642167
5,172,50,1791064476560938621,1791064476561683390,745140
6,172,50,1791064476560938621,1791064476561800283,862043
7,172,50,1791064476560938621,1791064476561930346,992106
8,172,50,1791064476560938621,1791064476562032267,1094027
9,172,50,1791064476560938621,1791064476562135981,1197741
10,172,50,1791064476560938621,1791064476562248858,1310618
11,172,50,1791064476560938621,1791064476562353002,1414753
12,172,50,1791064476560938621,1791064476562456846,1518596
13,172,50,1791064476560938621,1791064476562560600,1622350
14,172,50,1791064476560938621,1791064476562663823,1725583
15,172,50,1791064476560938621,1791064476562788809,1850559
16,172,50,1791064476560938621,1791064476562892703,1954453
17,172,50,1791064476560938621,1791064476562998179,2059939
18,172,50,1791064476560938621,1791064476563100771,2162521
19,172,50,1791064476560938621,1791064476563202863,2264623
0,173,50,1791064476660938621,1791064476661150103,212204
1,173,50,1791064476660938621,1791064476661259435,321185
2,173,50,1791064476660938621,1791064476661367595,429345
3,173,50,1791064476660938621,1791064476661472301,534061
4,173,50,1791064476660938621,1791064476661576696,638456
5,173,50,1791064476660938621,1791064476661685507,747267
6,173,50,1791064476660938621,1791064476661868368,930138
7,173,50,1791064476660938621,1791064476662030919,1092679
8,173,50,1791064476660938621,1791064476662135855,1197615
9,173,50,1791064476660938621,1791064476662241932,1303692
10,173,50,1791064476660938621,1791064476662345766,1407516
11,173,50,1791064476660938621,1791064476662451252,1513012
12,173,50,1791064476660938621,1791064476662560354,1622114
13,173,50,1791064476660938621,1791064476662665460,1727220
14,173,50,1791064476660938621,1791064476662794782,1856542
15,173,50,1791064476660938621,1791064476662898546,1960296
16,173,50,1791064476660938621,1791064476663015469,2077229
17,173,50,1791064476660938621,1791064476663118592,2180352
18,173,50,1791064476660938621,1791064476663221184,2282944
19,173,50,1791064476660938621,1791064476663323396,2385156
0,174,50,1791064476760938621,1791064476761143358,205479
1,174,50,1791064476760938621,1791064476761249606,311366
2,174,50,1791064476760938621,1791064476761371496,433257
3,174,50,1791064476760938621,1791064476761479567,541327
4,174,50,1791064476760938621,1791064476761582780,644540
5,174,50,1791064476760938621,1791064476761685582,747332
6,174,50,1791064476760938621,1791064476761817638,879398
7,174,50,1791064476760938621,1791064476761940650,1002410
8,174,50,1791064476760938621,1791064476762042762,1104512
9,174,50,1791064476760938621,1791064476762145634,1207394
10,174,50,1791064476760938621,1791064476762248387,1310147
11,174,50,1791064476760938621,1791064476762350588,1412348
12,174,50,1791064476760938621,1791064476762453581,1515341
13,174,50,1791064476760938621,1791064476762556604,1618354
14,174,50,1791064476760938621,1791064476762661309,1723059
15,174,50,1791064476760938621,1791064476762789078,1850829
16,174,50,1791064476760938621,1791064476762892953,1954713
17,174,50,1791064476760938621,1791064476762996516,2058276
18,174,50,1791064476760938621,1791064476763098748,2160508
19,174,50,1791064476760938621,1791064476763200448,2262209
0,175,50,1791064476860938621,1791064476861147300,209360
1,175,50,1791064476860938621,1791064476861257163,318923
2,175,50,1791064476860938621,1791064476861362519,424269
3,175,50,1791064476860938621,1791064476861466633,528393
4,175,50,1791064476860938621,1791064476861571038,632788
5,175,50,1791064476860938621,1791064476861676534,738295
6,175,50,1791064476860938621,1791064476861884523,946293
7,175,50,1791064476860938621,1791064476862027805,1089565
8,175,50,1791064476860938621,1791064476862174433,1236193
9,175,50,1791064476860938621,1791064476862315822,1377582
10,175,50,1791064476860938621,1791064476862450512,1512302
11,175,50,1791064476860938621,1791064476862578953,1640713
12,175,50,1791064476860938621,1791064476862782254,1844054
13,175,50,1791064476860938621,1791064476862947689,2009449
14,175,50,1791064476860938621,1791064476863081918,2143678
15,175,50,1791064476860938621,1791064476863185081,2246841
16,175,50,1791064476860938621,1791064476863327483,2389263
17,175,50,1791064476860938621,1791064476863517414,2579184
18,175,50,1791064476860938621,1791064476863664102,2725872
19,175,50,1791064476860938621,1791064476863835245,2897006
0,176,50,1791064476960938621,1791064476961191326,253396
1,176,50,1791064476960938621,1791064476961299296,361046
2,176,50,1791064476960938621,1791064476961404332,466092
3,176,50,1791064476960938621,1791064476961507455,569205
4,176,50,1791064476960938621,1791064476961610748,672498
5,176,50,1791064476960938621,1791064476961716695,778445
6,176,50,1791064476960938621,1791064476961945754,1007525
7,176,50,1791064476960938621,1791064476962144379,1206139
8,176,50,1791064476960938621,1791064476962287261,1349011
9,176,50,1791064476960938621,1791064476962546886,1608666
10,176,50,1791064476960938621,1791064476962814022,1875782
11,176,50,1791064476960938621,1791064476962957375,2019135
12,176,50,1791064476960938621,1791064476963059867,2121627
13,176,50,1791064476960938621,1791064476963257880,2319640
14,176,50,1791064476960938621,1791064476963395214,2456974
15,176,50,1791064476960938621,1791064476963499348,2561098
16,176,50,1791064476960938621,1791064476963711122,2772892
17,176,50,1791064476960938621,1791064476963913823,2975583
18,176,50,1791064476960938621,1791064476964020201,3081951
19,176,50,1791064476960938621,1791064476964199266,3261016
0,177,50,1791064477060938621,1791064477061169118,231219
1,177,50,1791064477060938621,1791064477061279522,341282
2,177,50,1791064477060938621,1791064477061386851,448601
3,177,50,1791064477060938621,1791064477061489974,551734
4,177,50,1791064477060938621,1791064477061596031,657791
5,177,50,1791064477060938621,1791064477061700546,762306
6,177,50,1791064477060938621,1791064477061904739,966499
7,177,50,1791064477060938621,1791064477062010396,1072146
8,177,50,1791064477060938621,1791064477062114660,1176410
9,177,50,1791064477060938621,1791064477062220668,1282428
10,177,50,1791064477060938621,1791064477062324892,1386642
11,177,50,1791064477060938621,1791064477062428816,1490566
12,177,50,1791064477060938621,1791064477062532921,1594681
13,177,50,1791064477060938621,1791064477062635102,1696862
14,177,50,1791064477060938621,1791064477062740458,1802208
15,177,50,1791064477060938621,1791064477062873155,1934905
16,177,50,1791064477060938621,1791064477062977941,2039701
17,177,50,1791064477060938621,1791064477063081344,2143104
18,177,50,1791064477060938621,1791064477063186690,2248440
19,177,50,1791064477060938621,1791064477063290544,2352294
0,178,50,1791064477160938621,1791064477161160301,222251
1,178,50,1791064477160938621,1791064477161267830,329590
2,178,50,1791064477160938621,1791064477161371233,432993
3,178,50,1791064477160938621,1791064477161477741,539501
4,178,50,1791064477160938621,1791064477161586182,647942
5,178,50,1791064477160938621,1791064477161689395,751145
6,178,50,1791064477160938621,1791064477161826478,888228
7,178,50,1791064477160938621,1791064477161950753,1012503
8,178,50,1791064477160938621,1791064477162054927,1116687
9,178,50,1791064477160938621,1791064477162159572,1221332
10,178,50,1791064477160938621,1791064477162263997,1325757
11,178,50,1791064477160938621,1791064477162372087,1433848
12,178,50,1791064477160938621,1791064477162475951,1537712
13,178,50,1791064477160938621,1791064477162579034,1640794
14,178,50,1791064477160938621,1791064477162682858,1744618
15,178,50,1791064477160938621,1791064477162816897,1878657
16,178,50,1791064477160938621,1791064477162920971,1982731
17,178,50,1791064477160938621,1791064477163024855,2086605
18,178,50,1791064477160938621,1791064477163126186,2187946
19,178,50,1791064477160938621,1791064477163229759,2291519
0,179,50,1791064477260938621,1791064477261162279,224500
1,179,50,1791064477260938621,1791064477261274856,336616
2,179,50,1791064477260938621,1791064477261383487,445247
3,179,50,1791064477260938621,1791064477261488693,550453
4,179,50,1791064477260938621,1791064477261593819,655579
5,179,50,1791064477260938621,1791064477261699375,761125
6,179,50,1791064477260938621,1791064477261820846,882596
7,179,50,1791064477260938621,1791064477261951269,1013019
8,179,50,1791064477260938621,1791064477262056585,1118335
9,179,50,1791064477260938621,1791064477262161210,1222960
10,179,50,1791064477260938621,1791064477262265825,1327575
11,179,50,1791064477260938621,1791064477262373094,1434854
12,179,50,1791064477260938621,1791064477262477369,1539129
13,179,50,1791064477260938621,1791064477262593191,1654951
14,179,50,1791064477260938621,1791064477262697556,1759316
15,179,50,1791064477260938621,1791064477262823062,1884822
16,179,50,1791064477260938621,1791064477262926856,1988616
17,179,50,1791064477260938621,1791064477263030810,2092570
18,179,50,1791064477260938621,1791064477263135485,2197245
19,179,50,1791064477260938621,1791064477263239669,2301429
0,180,50,1791064477360938621,1791064477361157776,219867
1,180,50,1791064477360938621,1791064477361266087,327837
2,180,50,1791064477360938621,1791064477361371803,433553
3,180,50,1791064477360938621,1791064477361475447,537197
4,180,50,1791064477360938621,1791064477361579041,640801
5,180,50,1791064477360938621,1791064477361682454,744214
6,180,50,1791064477360938621,1791064477361802993,864753
7,180,50,1791064477360938621,1791064477361930402,992162
8,180,50,1791064477360938621,1791064477362033735,1095485
9,180,50,1791064477360938621,1791064477362147774,1209534
10,180,50,1791064477360938621,1791064477362249355,1311115
11,180,50,1791064477360938621,1791064477362351617,1413377
12,180,50,1791064477360938621,1791064477362454399,1516159
13,180,50,1791064477360938621,1791064477362558463,1620224
14,180,50,1791064477360938621,1791064477362661586,1723346
15,180,50,1791064477360938621,1791064477362777168,1838918
16,180,50,1791064477360938621,1791064477362880962,1942712
17,180,50,1791064477360938621,1791064477362983504,2045264
18,180,50,1791064477360938621,1791064477363085365,2147125
19,180,50,1791064477360938621,1791064477363187226,2248986
0,181,50,1791064477460938621,1791064477461145874,207955
1,181,50,1791064477460938621,1791064477461260655,322415
2,181,50,1791064477460938621,1791064477461366301,428051
3,181,50,1791064477460938621,1791064477461472819,534579
4,181,50,1791064477460938621,1791064477461577454,639215
5,181,50,1791064477460938621,1791064477461683091,744851
6,181,50,1791064477460938621,1791064477461800575,862335
7,181,50,1791064477460938621,1791064477461940593,1002353
8,181,50,1791064477460938621,1791064477462047391,1109141
9,181,50,1791064477460938621,1791064477462150995,1212755
10,181,50,1791064477460938621,1791064477462253607,1315367
11,181,50,1791064477460938621,1791064477462359644,1421405
12,181,50,1791064477460938621,1791064477462463659,1525419
13,181,50,1791064477460938621,1791064477462566802,1628552
14,181,50,1791064477460938621,1791064477462670966,1732716
15,181,50,1791064477460938621,1791064477462796733,1858483
16,181,50,1791064477460938621,1791064477462900056,1961816
17,181,50,1791064477460938621,1791064477463003700,2065460
18,181,50,1791064477460938621,1791064477463107113,2168863
19,181,50,1791064477460938621,1791064477463211037,2272787
0,182,50,1791064477560938621,1791064477561173422,235502
1,182,50,1791064477560938621,1791064477561282674,344424
2,182,50,1791064477560938621,1791064477561385837,447587
3,182,50,1791064477560938621,1791064477561491153,552913
4,182,50,1791064477560938621,1791064477561594867,656627
5,182,50,1791064477560938621,1791064477561699151,760911
6,182,50,1791064477560938621,1791064477561867851,929612
7,182,50,1791064477560938621,1791064477561972797,1034557
8,182,50,1791064477560938621,1791064477562075780,1137540
9,182,50,1791064477560938621,1791064477562178973,1240733
10,182,50,1791064477560938621,1791064477562281425,1343185
11,182,50,1791064477560938621,1791064477562388403,1450163
12,182,50,1791064477560938621,1791064477562491286,1553036
13,182,50,1791064477560938621,1791064477562593908,1655658
14,182,50,1791064477560938621,1791064477562697852,1759612
15,182,50,1791064477560938621,1791064477562892922,1954682
16,182,50,1791064477560938621,1791064477562998849,2060599
17,182,50,1791064477560938621,1791064477563101821,2163581
18,182,50,1791064477560938621,1791064477563204193,2265943
19,182,50,1791064477560938621,1791064477563306275,2368025
0,183,50,1791064477660938621,1791064477661166708,228778
1,183,50,1791064477660938621,1791064477661280066,341826
2,183,50,1791064477660938621,1791064477661398922,460672
3,183,50,1791064477660938621,1791064477661503247,565007
4,183,50,1791064477660938621,1791064477661608593,670353
5,183,50,1791064477660938621,1791064477661721330,783080
6,183,50,1791064477660938621,1791064477661871333,933083
7,183,50,1791064477660938621,1791064477661976699,1038459
8,183,50,1791064477660938621,1791064477662080883,1142643
9,183,50,1791064477660938621,1791064477662190987,1252737
10,183,50,1791064477660938621,1791064477662296523,1358273
11,183,50,1791064477660938621,1791064477662400537,1462287
12,183,50,1791064477660938621,1791064477662504241,1565991
13,183,50,1791064477660938621,1791064477662607905,1669655
14,183,50,1791064477660938621,1791064477662711689,1773439
15,183,50,1791064477660938621,1791064477662898276,1960036
16,183,50,1791064477660938621,1791064477663003932,2065692
17,183,50,1791064477660938621,1791064477663108257,2170017
18,183,50,1791064477660938621,1791064477663212431,2274192
19,183,50,1791064477660938621,1791064477663317387,2379137
0,184,50,1791064477760938621,1791064477761140535,202756
1,184,50,1791064477760938621,1791064477761249357,311107
2,184,50,1791064477760938621,1791064477761353561,415321
3,184,50,1791064477760938621,1791064477761905169,966999
4,184,50,1791064477760938621,1791064477762010686,1072436
5,184,50,1791064477760938621,1791064477762113979,1175729
6,184,50,1791064477760938621,1791064477762268488,1330358
7,184,50,1791064477760938621,1791064477762372522,1434282
8,184,50,1791064477760938621,1791064477762474534,1536284
9,184,50,1791064477760938621,1791064477762578868,1640628
10,184,50,1791064477760938621,1791064477762682121,1743881
11,184,50,1791064477760938621,1791064477762826996,1888756
12,184,50,1791064477760938621,1791064477763083156,2144966
13,184,50,1791064477760938621,1791064477763188833,2250593
14,184,50,1791064477760938621,1791064477763292136,2353896
15,184,50,1791064477760938621,1791064477763395569,2457320
16,184,50,1791064477760938621,1791064477763500235,2561985
17,184,50,1791064477760938621,1791064477763608085,2669845
18,184,50,1791064477760938621,1791064477763859177,2920937
19,184,50,1791064477760938621,1791064477764026796,3088566
0,185,50,1791064477860938621,1791064477861168863,231134
1,185,50,1791064477860938621,1791064477861277494,339254
2,185,50,1791064477860938621,1791064477861382409,444160
3,185,50,1791064477860938621,1791064477861486183,547943
4,185,50,1791064477860938621,1791064477861590027,651787
5,185,50,1791064477860938621,1791064477861693741,755501
6,185,50,1791064477860938621,1791064477861865406,927156
7,185,50,1791064477860938621,1791064477861971113,1032873
8,185,50,1791064477860938621,1791064477862076919,1138670
9,185,50,1791064477860938621,1791064477862179361,1241111
10,185,50,1791064477860938621,1791064477862294192,1355942
11,185,50,1791064477860938621,1791064477862400189,1461949
12,185,50,1791064477860938621,1791064477862504263,1566023
13,185,50,1791064477860938621,1791064477862606946,1668696
14,185,50,1791064477860938621,1791064477862711000,1772760
15,185,50,1791064477860938621,1791064477862845069,1906819
16,185,50,1791064477860938621,1791064477862949203,2010963
17,185,50,1791064477860938621,1791064477863052366,2114126
18,185,50,1791064477860938621,1791064477863156260,2218020
19,185,50,1791064477860938621,1791064477863259023,2320783
0,186,50,1791064477960938621,1791064477961362481,424742
1,186,50,1791064477960938621,1791064477961473606,535366
2,186,50,1791064477960938621,1791064477961577781,639541
3,186,50,1791064477960938621,1791064477961681665,743425
4,186,50,1791064477960938621,1791064477961812459,874209
5,186,50,1791064477960938621,1791064477961934570,996320
6,186,50,1791064477960938621,1791064477962037733,1099493
7,186,50,1791064477960938621,1791064477962143169,1204929
8,186,50,1791064477960938621,1791064477962249226,1310986
9,186,50,1791064477960938621,1791064477962351738,1413489
10,186,50,1791064477960938621,1791064477962455362,1517112
11,186,50,1791064477960938621,1791064477962560087,1621848
12,186,50,1791064477960938621,1791064477962662810,1724570
13,186,50,1791064477960938621,1791064477962779613,1841363
14,186,50,1791064477960938621,1791064477962883026,1944786
15,186,50,1791064477960938621,1791064477962985388,2047138
16,186,50,1791064477960938621,1791064477963115101,2176861
17,186,50,1791064477960938621,1791064477963217663,2279423
18,186,50,1791064477960938621,1791064477963320135,2381895
19,186,50,1791064477960938621,1791064477963422617,2484367
0,187,50,1791064478060938621,1791064478061183784,245854
1,187,50,1791064478060938621,1791064478061291934,353684
2,187,50,1791064478060938621,1791064478061401376,463136
3,187,50,1791064478060938621,1791064478061507504,569264
4,187,50,1791064478060938621,1791064478061612509,674269
5,187,50,1791064478060938621,1791064478061719929,781689
6,187,50,1791064478060938621,1791064478061867958,929708
7,187,50,1791064478060938621,1791064478061975047,1036797
8,187,50,1791064478060938621,1791064478062079302,1141062
9,187,50,1791064478060938621,1791064478062183566,1245326
10,187,50,1791064478060938621,1791064478062288973,1350733
11,187,50,1791064478060938621,1791064478062394870,1456620
12,187,50,1791064478060938621,1791064478062502930,1564680
13,187,50,1791064478060938621,1791064478062608827,1670587
14,187,50,1791064478060938621,1791064478062714904,1776664
15,187,50,1791064478060938621,1791064478062843575,1905335
16,187,50,1791064478060938621,1791064478062950053,2011803
17,187,50,1791064478060938621,1791064478063057072,2118832
18,187,50,1791064478060938621,1791064478063162598,2224348
19,187,50,1791064478060938621,1791064478063267414,2329164
0,188,50,1791064478160938621,1791064478161198707,260827
1,188,50,1791064478160938621,1791064478161305745,367505
2,188,50,1791064478160938621,1791064478161414467,476217
3,188,50,1791064478160938621,1791064478161518561,580311
4,188,50,1791064478160938621,1791064478161622255,684015
5,188,50,1791064478160938621,1791064478161726580,788340
6,188,50,1791064478160938621,1791064478161907007,968767
7,188,50,1791064478160938621,1791064478162186992,1248762
8,188,50,1791064478160938621,1791064478162292118,1353868
9,188,50,1791064478160938621,1791064478162397284,1459044
10,188,50,1791064478160938621,1791064478162500127,1561887
11,188,50,1791064478160938621,1791064478162605172,1666933
12,188,50,1791064478160938621,1791064478162708345,1770106
13,188,50,1791064478160938621,1791064478162843025,1904785
14,188,50,1791064478160938621,1791064478162948982,2010742
15,188,50,1791064478160938621,1791064478163051965,2113725
16,188,50,1791064478160938621,1791064478163155158,2216908
17,188,50,1791064478160938621,1791064478163260164,2321924
18,188,50,1791064478160938621,1791064478163363858,2425618
19,188,50,1791064478160938621,1791064478163467251,2529011
0,189,50,1791064478260938621,1791064478261182173,244244
1,189,50,1791064478260938621,1791064478261295732,357482
2,189,50,1791064478260938621,1791064478261399876,461626
3,189,50,1791064478260938621,1791064478261508076,569827
4,189,50,1791064478260938621,1791064478261612822,674582
5,189,50,1791064478260938621,1791064478261718679,780429
6,189,50,1791064478260938621,1791064478261868591,930351
7,189,50,1791064478260938621,1791064478261974779,1036529
8,189,50,1791064478260938621,1791064478262079534,1141284
9,189,50,1791064478260938621,1791064478262302064,1363824
10,189,50,1791064478260938621,1791064478262406959,1468720
11,189,50,1791064478260938621,1791064478262515631,1577391
12,189,50,1791064478260938621,1791064478262621277,1683037
13,189,50,1791064478260938621,1791064478262727064,1788824
14,189,50,1791064478260938621,1791064478262861023,1922773
15,189,50,1791064478260938621,1791064478262966830,2028590
16,189,50,1791064478260938621,1791064478263072517,2134267
17,189,50,1791064478260938621,1791064478263176971,2238731
18,189,50,1791064478260938621,1791064478263716612,2778652
19,189,50,1791064478260938621,1791064478263912642,2974412
0,190,50,1791064478360938621,1791064478361189665,251725
1,190,50,1791064478360938621,1791064478361297705,359455
2,190,50,1791064478360938621,1791064478361402310,464070
3,190,50,1791064478360938621,1791064478361508788,570548
4,190,50,1791064478360938621,1791064478361615136,676886
5,190,50,1791064478360938621,1791064478361719871,781631
6,190,50,1791064478360938621,1791064478361890895,952655
7,190,50,1791064478360938621,1791064478362048639,1110399
8,190,50,1791064478360938621,1791064478362214655,1276415
9,190,50,1791064478360938621,1791064478362319731,1381491
10,190,50,1791064478360938621,1791064478362423174,1484934
11,190,50,1791064478360938621,1791064478362547228,1608978
12,190,50,1791064478360938621,1791064478362665173,1726933
13,190,50,1791064478360938621,1791064478362801195,1862955
14,190,50,1791064478360938621,1791064478362905760,1967520
15,190,50,1791064478360938621,1791064478363009904,2071664
16,190,50,1791064478360938621,1791064478363112026,2173786
17,190,50,1791064478360938621,1791064478363219415,2281175
18,190,50,1791064478360938621,1791064478363323149,2384909
19,190,50,1791064478360938621,1791064478363426272,2488032
0,191,50,1791064478460938621,1791064478461180323,242604
1,191,50,1791064478460938621,1791064478461289876,351636
2,191,50,1791064478460938621,1791064478461401291,463051
3,191,50,1791064478460938621,1791064478461507469,569229
4,191,50,1791064478460938621,1791064478461716028,777788
5,191,50,1791064478460938621,1791064478461882965,944716
6,191,50,1791064478460938621,1791064478461990395,1052145
7,191,50,1791064478460938621,1791064478462096382,1158132
8,191,50,1791064478460938621,1791064478462201047,1262807
9,191,50,1791064478460938621,1791064478462306864,1368624
10,191,50,1791064478460938621,1791064478462411049,1472809
11,191,50,1791064478460938621,1791064478462519479,1581229
12,191,50,1791064478460938621,1791064478462623374,1685124
13,191,50,1791064478460938621,1791064478462727268,1789028
14,191,50,1791064478460938621,1791064478462846815,1908575
15,191,50,1791064478460938621,1791064478462951460,2013220
16,191,50,1791064478460938621,1791064478463056105,2117855
17,191,50,1791064478460938621,1791064478463160270,2222030
18,191,50,1791064478460938621,1791064478463264835,2326595
19,191,50,1791064478460938621,1791064478463368478,2430229
0,192,50,1791064478560938621,1791064478561192672,254773
1,192,50,1791064478560938621,1791064478561301374,363124
2,192,50,1791064478560938621,1791064478561411116,472877
3,192,50,1791064478560938621,1791064478561563973,625743
4,192,50,1791064478560938621,1791064478561669700,731460
5,192,50,1791064478560938621,1791064478561806503,868263
6,192,50,1791064478560938621,1791064478561938439,1000199
7,192,50,1791064478560938621,1791064478562043164,1104924
8,192,50,1791064478560938621,1791064478562146217,1207977
9,192,50,1791064478560938621,1791064478562254517,1316267
10,192,50,1791064478560938621,1791064478562357630,1419390
11,192,50,1791064478560938621,1791064478562461645,1523405
12,192,50,1791064478560938621,1791064478562564828,1626588
13,192,50,1791064478560938621,1791064478562732606,1794376
14,192,50,1791064478560938621,1791064478562955958,2017718
15,192,50,1791064478560938621,1791064478563202213,2264073
16,192,50,1791064478560938621,1791064478563307219,2368969
17,192,50,1791064478560938621,1791064478563412455,2474215
18,192,50,1791064478560938621,1791064478563515027,2576787
19,192,50,1791064478560938621,1791064478563619652,2681412
0,193,50,1791064478660938621,1791064478661152995,215076
1,193,50,1791064478660938621,1791064478661259653,321413
2,193,50,1791064478660938621,1791064478661364439,426199
3,193,50,1791064478660938621,1791064478661471988,533748
4,193,50,1791064478660938621,1791064478661576483,638243
5,193,50,1791064478660938621,1791064478661682580,744331
6,193,50,1791064478660938621,1791064478661806655,868415
7,193,50,1791064478660938621,1791064478661957288,1019058
8,193,50,1791064478660938621,1791064478662060691,1122441
9,193,50,1791064478660938621,1791064478662165236,1226996
10,193,50,1791064478660938621,1791064478662270512,1332273
11,193,50,1791064478660938621,1791064478662438962,1500722
12,193,50,1791064478660938621,1791064478662544469,1606219
13,193,50,1791064478660938621,1791064478662649455,1711215
14,193,50,1791064478660938621,1791064478662786748,1848508
15,193,50,1791064478660938621,1791064478662894268,1956028
16,193,50,1791064478660938621,1791064478662998622,2060382
17,193,50,1791064478660938621,1791064478663102787,2164547
18,193,50,1791064478660938621,1791064478663205950,2267700
19,193,50,1791064478660938621,1791064478663316093,2377843
0,194,50,1791064478760938621,1791064478761144464,206645
1,194,50,1791064478760938621,1791064478761250401,312161
2,194,50,1791064478760938621,1791064478761355267,417017
3,194,50,1791064478760938621,1791064478761462436,524186
4,194,50,1791064478760938621,1791064478761617626,679386
5,194,50,1791064478760938621,1791064478761721600,783360
6,194,50,1791064478760938621,1791064478761871312,933072
7,194,50,1791064478760938621,1791064478761976508,1038268
8,194,50,1791064478760938621,1791064478762079070,1140830
9,194,50,1791064478760938621,1791064478762182744,1244504
10,194,50,1791064478760938621,1791064478762286378,1348138
11,194,50,1791064478760938621,1791064478762390102,1451852
12,194,50,1791064478760938621,1791064478762492483,1554243
13,194,50,1791064478760938621,1791064478762595706,1657467
14,194,50,1791064478760938621,1791064478762699030,1760780
15,194,50,1791064478760938621,1791064478762819769,1881519
16,194,50,1791064478760938621,1791064478762923232,1984992
17,194,50,1791064478760938621,1791064478763026576,2088326
18,194,50,1791064478760938621,1791064478763131201,2192951
19,194,50,1791064478760938621,1791064478763239281,2301031
0,195,50,1791064478860938621,1791064478861148005,210286
1,195,50,1791064478860938621,1791064478861255605,317355
2,195,50,1791064478860938621,1791064478861360480,422240
3,195,50,1791064478860938621,1791064478861481460,543220
4,195,50,1791064478860938621,1791064478861586906,648666
5,195,50,1791064478860938621,1791064478861691611,753371
6,195,50,1791064478860938621,1791064478861810458,872218
7,195,50,1791064478860938621,1791064478861973920,1035690
8,195,50,1791064478860938621,1791064478862082671,1144431
9,195,50,1791064478860938621,1791064478862253965,1315726
10,195,50,1791064478860938621,1791064478862392321,1454091
11,195,50,1791064478860938621,1791064478862541662,1603422
12,195,50,1791064478860938621,1791064478862688710,1750470
13,195,50,1791064478860938621,1791064478862850460,1912220
14,195,50,1791064478860938621,1791064478862999091,2060841
15,195,50,1791064478860938621,1791064478863104477,2166237
16,195,50,1791064478860938621,1791064478863208561,2270321
17,195,50,1791064478860938621,1791064478863313397,2375157
18,195,50,1791064478860938621,1791064478863427666,2489416
19,195,50,1791064478860938621,1791064478863531380,2593140
0,196,50,1791064478960938621,1791064478963418370,2480500
1,196,50,1791064478960938621,1791064478963540962,2602712
2,196,50,1791064478960938621,1791064478963660879,2722640
3,196,50,1791064478960938621,1791064478963804653,2866413
4,196,50,1791064478960938621,1791064478964039541,3101461
5,196,50,1791064478960938621,1791064478964229863,3291623
6,196,50,1791064478960938621,1791064478964341128,3402888
7,196,50,1791064478960938621,1791064478964445032,3506782
8,196,50,1791064478960938621,1791064478964548306,3610066
9,196,50,1791064478960938621,1791064478964710416,3772206
10,196,50,1791064478960938621,1791064478964865025,3926785
11,196,50,1791064478960938621,1791064478964991853,4053614
12,196,50,1791064478960938621,1791064478965127955,4189715
13,196,50,1791064478960938621,1791064478965231869,4293630
14,196,50,1791064478960938621,1791064478965334191,4395951
15,196,50,1791064478960938621,1791064478965451665,4513425
16,196,50,1791064478960938621,1791064478965608358,4670118
17,196,50,1791064478960938621,1791064478965796297,4858067
18,196,50,1791064478960938621,1791064478966087468,5149238
19,196,50,1791064478960938621,1791064478966229890,5291650
0,197,50,1791064479060938621,1791064479061164172,226363
1,197,50,1791064479060938621,1791064479061274515,336276
2,197,50,1791064479060938621,1791064479061380743,442503
3,197,50,1791064479060938621,1791064479061490586,552346
4,197,50,1791064479060938621,1791064479061597615,659465
5,197,50,1791064479060938621,1791064479061703321,765082
6,197,50,1791064479060938621,1791064479061826424,888184
7,197,50,1791064479060938621,1791064479061956247,1018007
8,197,50,1791064479060938621,1791064479062060341,1122101
9,197,50,1791064479060938621,1791064479062165898,1227658
10,197,50,1791064479060938621,1791064479062270052,1331802
11,197,50,1791064479060938621,1791064479062374727,1436487
12,197,50,1791064479060938621,1791064479062477970,1539730
13,197,50,1791064479060938621,1791064479062581544,1643304
14,197,50,1791064479060938621,1791064479062701081,1762831
15,197,50,1791064479060938621,1791064479062819427,1881187
16,197,50,1791064479060938621,1791064479062924162,1985912
17,197,50,1791064479060938621,1791064479063029238,2090998
18,197,50,1791064479060938621,1791064479063157668,2219429
19,197,50,1791064479060938621,1791064479063260862,2322612
0,198,50,1791064479160938621,1791064479161170813,232773
1,198,50,1791064479160938621,1791064479161279814,341574
2,198,50,1791064479160938621,1791064479161385351,447101
3,198,50,1791064479160938621,1791064479161488494,550254
4,198,50,1791064479160938621,1791064479161590525,652285
5,198,50,1791064479160938621,1791064479161694720,756480
6,198,50,1791064479160938621,1791064479161813005,874755
7,198,50,1791064479160938621,1791064479161956458,1018218
8,198,50,1791064479160938621,1791064479162060762,1122513
9,198,50,1791064479160938621,1791064479162164556,1226306
10,198,50,1791064479160938621,1791064479162266788,1328548
11,198,50,1791064479160938621,1791064479162596437,1658187
12,198,50,1791064479160938621,1791064479162715243,1777003
13,198,50,1791064479160938621,1791064479162838185,1899945
14,198,50,1791064479160938621,1791064479162941428,2003189
15,198,50,1791064479160938621,1791064479163045613,2107373
16,198,50,1791064479160938621,1791064479163148546,2210306
17,198,50,1791064479160938621,1791064479163330796,2392556
18,198,50,1791064479160938621,1791064479163435251,2497001
19,198,50,1791064479160938621,1791064479163537693,2599453
0,199,50,1791064479260938621,1791064479261160422,222503
1,199,50,1791064479260938621,1791064479261268813,330573
2,199,50,1791064479260938621,1791064479261377534,439284
3,199,50,1791064479260938621,1791064479261482710,544470
4,199,50,1791064479260938621,1791064479261589459,651219
5,199,50,1791064479260938621,1791064479261695296,757056
6,199,50,1791064479260938621,1791064479261817517,879277
7,199,50,1791064479260938621,1791064479261962592,1024362
8,199,50,1791064479260938621,1791064479262070572,1132322
9,199,50,1791064479260938621,1791064479262176289,1238039
10,199,50,1791064479260938621,1791064479262283918,1345679
11,199,50,1791064479260938621,1791064479262387732,1449492
12,199,50,1791064479260938621,1791064479262491086,1552846
13,199,50,1791064479260938621,1791064479262659596,1721356
14,199,50,1791064479260938621,1791064479262795307,1857067
15,199,50,1791064479260938621,1791064479262898850,1960610
16,199,50,1791064479260938621,1791064479263002945,2064705
17,199,50,1791064479260938621,1791064479263107690,2169450
18,199,50,1791064479260938621,1791064479263211424,2273174
19,199,50,1791064479260938621,1791064479263315879,2377639
0,200,50,1791064479360938621,1791064479361159891,221971
1,200,50,1791064479360938621,1791064479361268362,330122
2,200,50,1791064479360938621,1791064479361371885,433645
3,200,50,1791064479360938621,1791064479361475098,536848
4,200,50,1791064479360938621,1791064479361579133,640893
5,200,50,1791064479360938621,1791064479361692511,754271
6,200,50,1791064479360938621,1791064479362085734,1147514
7,200,50,1791064479360938621,1791064479362191601,1253361
8,200,50,1791064479360938621,1791064479362294724,1356474
9,200,50,1791064479360938621,1791064479362398307,1460067
10,200,50,1791064479360938621,1791064479362501170,1562930
11,200,50,1791064479360938621,1791064479362624583,1686343
12,200,50,1791064479360938621,1791064479362728797,1790548
13,200,50,1791064479360938621,1791064479362862726,1924486
14,200,50,1791064479360938621,1791064479363021462,2083212
15,200,50,1791064479360938621,1791064479363125025,2186785
16,200,50,1791064479360938621,1791064479363228639,2290399
17,200,50,1791064479360938621,1791064479363476366,2538116
18,200,50,1791064479360938621,1791064479363581642,2643623
19,200,50,1791064479360938621,1791064479363686748,2748508
0,201,50,1791064479460938621,1791064479461178679,240759
1,201,50,1791064479460938621,1791064479461290034,351784
2,201,50,1791064479460938621,1791064479461615407,677227
3,201,50,1791064479460938621,1791064479461792309,854079
4,201,50,1791064479460938621,1791064479461929633,991393
5,201,50,1791064479460938621,1791064479462127196,1188966
6,201,50,1791064479460938621,1791064479462255977,1317727
7,201,50,1791064479460938621,1791064479462361974,1423724
8,201,50,1791064479460938621,1791064479462467731,1529491
9,201,50,1791064479460938621,1791064479462571695,1633455
10,201,50,1791064479460938621,1791064479462921343,1983163
11,201,50,1791064479460938621,1791064479463088762,2150522
12,201,50,1791064479460938621,1791064479463193867,2255627
13,201,50,1791064479460938621,1791064479463313044,2374804
14,201,50,1791064479460938621,1791064479464007284,3069334
15,201,50,1791064479460938621,1791064479464369260,3431051
16,201,50,1791064479460938621,1791064479464522468,3584228
17,201,50,1791064479460938621,1791064479464627263,3689023
18,201,50,1791064479460938621,1791064479464730927,3792677
19,201,50,1791064479460938621,1791064479464926086,3987856
0,202,50,1791064479560938621,1791064479561177497,239628
1,202,50,1791064479560938621,1791064479561289013,350773
2,202,50,1791064479560938621,1791064479561394068,455818
3,202,50,1791064479560938621,1791064479561501868,563618
4,202,50,1791064479560938621,1791064479561606614,668374
5,202,50,1791064479560938621,1791064479561712611,774371
6,202,50,1791064479560938621,1791064479561878156,939916
7,202,50,1791064479560938621,1791064479561994058,1055818
8,202,50,1791064479560938621,1791064479562099705,1161455
9,202,50,1791064479560938621,1791064479562204100,1265850
10,202,50,1791064479560938621,1791064479562308595,1370345
11,202,50,1791064479560938621,1791064479562411878,1473638
12,202,50,1791064479560938621,1791064479562515892,1577652
13,202,50,1791064479560938621,1791064479563912724,2974574
14,202,50,1791064479560938621,1791064479564022046,3083796
15,202,50,1791064479560938621,1791064479564127182,3188942
16,202,50,1791064479560938621,1791064479564323363,3385123
17,202,50,1791064479560938621,1791064479564625340,3687110
18,202,50,1791064479560938621,1791064479564729905,3791666
19,202,50,1791064479560938621,1791064479564909772,3971532
0,203,50,1791064479660938621,1791064479661177552,239613
1,203,50,1791064479660938621,1791064479661285873,347623
2,203,50,1791064479660938621,1791064479661391640,453400
3,203,50,1791064479660938621,1791064479661494873,556633
4,203,50,1791064479660938621,1791064479661602573,664333
5,203,50,1791064479660938621,1791064479661706547,768307
6,203,50,1791064479660938621,1791064479661839184,900944
7,203,50,1791064479660938621,1791064479661990128,1051888
8,203,50,1791064479660938621,1791064479662093461,1155211
9,203,50,1791064479660938621,1791064479662198647,1260397
10,203,50,1791064479660938621,1791064479662301800,1363560
11,203,50,1791064479660938621,1791064479662406034,1467794
12,203,50,1791064479660938621,1791064479662509578,1571338
13,203,50,1791064479660938621,1791064479662633952,1695702
14,203,50,1791064479660938621,1791064479662738077,1799827
15,203,50,1791064479660938621,1791064479662872055,1933816
16,203,50,1791064479660938621,1791064479662974928,2036688
17,203,50,1791064479660938621,1791064479663079103,2140863
18,203,50,1791064479660938621,1791064479663183377,2245137
19,203,50,1791064479660938621,1791064479663289274,2351034
0,204,50,1791064479760938621,1791064479761141765,203845
1,204,50,1791064479760938621,1791064479761247602,309362
2,204,50,1791064479760938621,1791064479761352878,414628
3,204,50,1791064479760938621,1791064479761455410,517170
4,204,50,1791064479760938621,1791064479761557862,619622
5,204,50,1791064479760938621,1791064479761662096,723856
6,204,50,1791064479760938621,1791064479761780432,842192
7,204,50,1791064479760938621,1791064479761920510,982270
8,204,50,1791064479760938621,1791064479762022951,1084712
9,204,50,1791064479760938621,1791064479762125383,1187143
10,204,50,1791064479760938621,1791064479762227745,1289505
11,204,50,1791064479760938621,1791064479762330047,1391797
12,204,50,1791064479760938621,1791064479762433771,1495531
13,204,50,1791064479760938621,1791064479762536323,1598083
14,204,50,1791064479760938621,1791064479762656461,1718221
15,204,50,1791064479760938621,1791064479762780064,1841824
16,204,50,1791064479760938621,1791064479762886923,1948673
17,204,50,1791064479760938621,1791064479762989395,2051145
18,204,50,1791064479760938621,1791064479763091977,2153737
19,204,50,1791064479760938621,1791064479763194849,2256609
0,205,50,1791064479860938621,1791064479861146466,208537
1,205,50,1791064479860938621,1791064479861254887,316637
2,205,50,1791064479860938621,1791064479861359913,421673
3,205,50,1791064479860938621,1791064479861466531,528291
4,205,50,1791064479860938621,1791064479861667790,729550
5,205,50,1791064479860938621,1791064479861798614,860364
6,205,50,1791064479860938621,1791064479861920805,982565
7,205,50,1791064479860938621,1791064479862044238,1105998
8,205,50,1791064479860938621,1791064479862196233,1257983
9,205,50,1791064479860938621,1791064479862299827,1361577
10,205,50,1791064479860938621,1791064479862537620,1599530
11,205,50,1791064479860938621,1791064479862660942,1722693
12,205,50,1791064479860938621,1791064479862810364,1872124
13,205,50,1791064479860938621,1791064479863004362,2066122
14,205,50,1791064479860938621,1791064479863153793,2215574
15,205,50,1791064479860938621,1791064479863333460,2395230
16,205,50,1791064479860938621,1791064479863437114,2498864
17,205,50,1791064479860938621,1791064479863549130,2610890
18,205,50,1791064479860938621,1791064479863652213,2713963
19,205,50,1791064479860938621,1791064479863797348,2859108
0,206,50,1791064479960938621,1791064479961147663,209894
1,206,50,1791064479960938621,1791064479961256705,318455
2,206,50,1791064479960938621,1791064479961360499,422249
3,206,50,1791064479960938621,1791064479961463752,525512
4,206,50,1791064479960938621,1791064479961570891,632651
5,206,50,1791064479960938621,1791064479961674925,736675
6,206,50,1791064479960938621,1791064479961798068,859828
7,206,50,1791064479960938621,1791064479961932227,993987
8,206,50,1791064479960938621,1791064479962047798,1109558
9,206,50,1791064479960938621,1791064479962150991,1212751
10,206,50,1791064479960938621,1791064479962252712,1314462
11,206,50,1791064479960938621,1791064479962355845,1417595
12,206,50,1791064479960938621,1791064479962457526,1519276
13,206,50,1791064479960938621,1791064479962559768,1621528
14,206,50,1791064479960938621,1791064479962691393,1753153
15,206,50,1791064479960938621,1791064479962831701,1893461
16,206,50,1791064479960938621,1791064479962942676,2004436
17,206,50,1791064479960938621,1791064479963044316,2106076
18,206,50,1791064479960938621,1791064479963146408,2208168
19,206,50,1791064479960938621,1791064479963288509,2350259
0,207,50,1791064480060938621,1791064480061165796,227996
1,207,50,1791064480060938621,1791064480061275098,336858
2,207,50,1791064480060938621,1791064480061451129,512879
3,207,50,1791064480060938621,1791064480061556085,617835
4,207,50,1791064480060938621,1791064480061659598,721358
5,207,50,1791064480060938621,1791064480061790863,852613
6,207,50,1791064480060938621,1791064480061955447,1017207
7,207,50,1791064480060938621,1791064480062063958,1125718
8,207,50,1791064480060938621,1791064480062167041,1228801
9,207,50,1791064480060938621,1791064480062270985,1332735
10,207,50,1791064480060938621,1791064480062375430,1437180
11,207,50,1791064480060938621,1791064480062479454,1541214
12,207,50,1791064480060938621,1791064480062583789,1645549
13,207,50,1791064480060938621,1791064480062706541,1768301
14,207,50,1791064480060938621,1791064480062841401,1903161
15,207,50,1791064480060938621,1791064480062944744,2006504
16,207,50,1791064480060938621,1791064480063048438,2110188
17,207,50,1791064480060938621,1791064480063153263,2215023
18,207,50,1791064480060938621,1791064480063257628,2319378
19,207,50,1791064480060938621,1791064480063365718,2427469
0,208,50,1791064480160938621,1791064480161246040,308001
1,208,50,1791064480160938621,1791064480161351507,413267
2,208,50,1791064480160938621,1791064480161455631,517381
3,208,50,1791064480160938621,1791064480161560336,622096
4,208,50,1791064480160938621,1791064480161665012,726772
5,208,50,1791064480160938621,1791064480161808885,870645
6,208,50,1791064480160938621,1791064480161943725,1005485
7,208,50,1791064480160938621,1791064480162049091,1110851
8,208,50,1791064480160938621,1791064480162213425,1275195
9,208,50,1791064480160938621,1791064480162318601,1380361
10,208,50,1791064480160938621,1791064480162422926,1484676
11,208,50,1791064480160938621,1791064480162525548,1587308
12,208,50,1791064480160938621,1791064480162643373,1705133
13,208,50,1791064480160938621,1791064480162746986,1808746
14,208,50,1791064480160938621,1791064480162878802,1940562
15,208,50,1791064480160938621,1791064480162981794,2043554
16,208,50,1791064480160938621,1791064480163084807,2146567
17,208,50,1791064480160938621,1791064480163190294,2252054
18,208,50,1791064480160938621,1791064480163294358,2356108
19,208,50,1791064480160938621,1791064480163396730,2458490
0,209,50,1791064480260938621,1791064480261261268,323439
1,209,50,1791064480260938621,1791064480261371842,433602
2,209,50,1791064480260938621,1791064480261475807,537557
3,209,50,1791064480260938621,1791064480261655964,717804
4,209,50,1791064480260938621,1791064480261802040,863800
5,209,50,1791064480260938621,1791064480261933726,995486
6,209,50,1791064480260938621,1791064480262037319,1099079
7,209,50,1791064480260938621,1791064480262141924,1203674
8,209,50,1791064480260938621,1791064480262246710,1308470
9,209,50,1791064480260938621,1791064480262350454,1412214
10,209,50,1791064480260938621,1791064480262453697,1515457
11,209,50,1791064480260938621,1791064480262557250,1619000
12,209,50,1791064480260938621,1791064480262676067,1737827
13,209,50,1791064480260938621,1791064480262807822,1869582
14,209,50,1791064480260938621,1791064480262913679,1975439
15,209,50,1791064480260938621,1791064480263018364,2080124
16,209,50,1791064480260938621,1791064480263123750,2185510
17,209,50,1791064480260938621,1791064480263226873,2288623
18,209,50,1791064480260938621,1791064480263329896,2391656
19,209,50,1791064480260938621,1791064480263460019,2521769
0,210,50,1791064480360938621,1791064480361157320,219391
1,210,50,1791064480360938621,1791064480361266091,327841
2,210,50,1791064480360938621,1791064480361374142,435902
3,210,50,1791064480360938621,1791064480361480289,542049
4,210,50,1791064480360938621,1791064480361597242,658993
5,210,50,1791064480360938621,1791064480361700686,762446
6,210,50,1791064480360938621,1791064480361827454,889214
7,210,50,1791064480360938621,1791064480361956655,1018416
8,210,50,1791064480360938621,1791064480362061321,1123071
9,210,50,1791064480360938621,1791064480362166657,1228417
10,210,50,1791064480360938621,1791064480362270441,1332201
11,210,50,1791064480360938621,1791064480362374155,1435915
12,210,50,1791064480360938621,1791064480362478519,1540269
13,210,50,1791064480360938621,1791064480362581913,1643673
14,210,50,1791064480360938621,1791064480362698856,1760616
15,210,50,1791064480360938621,1791064480362814868,1876628
16,210,50,1791064480360938621,1791064480362919894,1981644
17,210,50,1791064480360938621,1791064480363029807,2091557
18,210,50,1791064480360938621,1791064480363133751,2195501
19,210,50,1791064480360938621,1791064480363237685,2299435
0,211,50,1791064480460938621,1791064480461164476,226546
1,211,50,1791064480460938621,1791064480461272416,334176
2,211,50,1791064480460938621,1791064480461382629,444389
3,211,50,1791064480460938621,1791064480461488737,550487
4,211,50,1791064480460938621,1791064480461594183,655943
5,211,50,1791064480460938621,1791064480461699029,760789
6,211,50,1791064480460938621,1791064480461822311,884072
7,211,50,1791064480460938621,1791064480461954457,1016218
8,211,50,1791064480460938621,1791064480462060254,1122014
9,211,50,1791064480460938621,1791064480462166422,1228172
10,211,50,1791064480460938621,1791064480462271908,1333668
11,211,50,1791064480460938621,1791064480462377264,1439025
12,211,50,1791064480460938621,1791064480462481820,1543580
13,211,50,1791064480460938621,1791064480462588478,1650238
14,211,50,1791064480460938621,1791064480462707244,1769004
15,211,50,1791064480460938621,1791064480462823486,1885246
16,211,50,1791064480460938621,1791064480462929624,1991374
17,211,50,1791064480460938621,1791064480463033808,2095558
18,211,50,1791064480460938621,1791064480463137001,2198761
19,211,50,1791064480460938621,1791064480463240485,2302245
0,212,50,1791064480560938621,1791064480561167115,229176
1,212,50,1791064480560938621,1791064480561276167,337917
2,212,50,1791064480560938621,1791064480561380441,442192
3,212,50,1791064480560938621,1791064480561537124,598884
4,212,50,1791064480560938621,1791064480561641258,703018
5,212,50,1791064480560938621,1791064480561745553,807313
6,212,50,1791064480560938621,1791064480561891489,953239
7,212,50,1791064480560938621,1791064480562006480,1068230
8,212,50,1791064480560938621,1791064480562110544,1172304
9,212,50,1791064480560938621,1791064480562214268,1276028
10,212,50,1791064480560938621,1791064480562318312,1380062
11,212,50,1791064480560938621,1791064480562422216,1483976
12,212,50,1791064480560938621,1791064480562525289,1587039
13,212,50,1791064480560938621,1791064480562642663,1704423
14,212,50,1791064480560938621,1791064480562771244,1833004
15,212,50,1791064480560938621,1791064480562874637,1936387
16,212,50,1791064480560938621,1791064480562978031,2039781
17,212,50,1791064480560938621,1791064480563080252,2142012
18,212,50,1791064480560938621,1791064480563184146,2245896
19,212,50,1791064480560938621,1791064480563286979,2348739
0,213,50,1791064480660938621,1791064480661142814,204885
1,213,50,1791064480660938621,1791064480661249622,311373
2,213,50,1791064480660938621,1791064480661366195,427955
3,213,50,1791064480660938621,1791064480661471782,533542
4,213,50,1791064480660938621,1791064480661577399,639149
5,213,50,1791064480660938621,1791064480661682855,744615
6,213,50,1791064480660938621,1791064480661802132,863892
7,213,50,1791064480660938621,1791064480661957983,1019743
8,213,50,1791064480660938621,1791064480662062268,1124028
9,213,50,1791064480660938621,1791064480662166793,1228553
10,213,50,1791064480660938621,1791064480662270867,1332627
11,213,50,1791064480660938621,1791064480662374891,1436651
12,213,50,1791064480660938621,1791064480662480808,1542568
13,213,50,1791064480660938621,1791064480662583731,1645481
14,213,50,1791064480660938621,1791064480662703519,1765269
15,213,50,1791064480660938621,1791064480662833441,1895201
16,213,50,1791064480660938621,1791064480662937616,1999366
17,213,50,1791064480660938621,1791064480663040428,2102178
18,213,50,1791064480660938621,1791064480663142910,2204670
19,213,50,1791064480660938621,1791064480663247035,2308795
0,214,50,1791064480760938621,1791064480761205812,267883
1,214,50,1791064480760938621,1791064480761356155,417915
2,214,50,1791064480760938621,1791064480761500709,562469
3,214,50,1791064480760938621,1791064480761661067,722827
4,214,50,1791064480760938621,1791064480761835296,897066
5,214,50,1791064480760938621,1791064480762010976,1072746
6,214,50,1791064480760938621,1791064480762152776,1214536
7,214,50,1791064480760938621,1791064480762292664,1354424
8,214,50,1791064480760938621,1791064480762437579,1499339
9,214,50,1791064480760938621,1791064480762583295,1645055
10,214,50,1791064480760938621,1791064480762771594,1833354
11,214,50,1791064480760938621,1791064480762907556,1969326
12,214,50,1791064480760938621,1791064480763052040,2113800
13,214,50,1791064480760938621,1791064480763195222,2256993
14,214,50,1791064480760938621,1791064480763360267,2422017
15,214,50,1791064480760938621,1791064480763499804,2561564
16,214,50,1791064480760938621,1791064480763643978,2705738
17,214,50,1791064480760938621,1791064480763807140,2868900
18,214,50,1791064480760938621,1791064480763952245,3014005
19,214,50,1791064480760938621,1791064480764113965,3175725
0,215,50,1791064480860938621,1791064480861146289,208500
1,215,50,1791064480860938621,1791064480861256653,318413
2,215,50,1791064480860938621,1791064480861364232,425992
3,215,50,1791064480860938621,1791064480861472262,534012
4,215,50,1791064480860938621,1791064480861578230,639990
5,215,50,1791064480860938621,1791064480861825707,887467
6,215,50,1791064480860938621,1791064480861949861,1011621
7,215,50,1791064480860938621,1791064480862056148,1117908
8,215,50,1791064480860938621,1791064480862209085,1270835
9,215,50,1791064480860938621,1791064480862324286,1386046
10,215,50,1791064480860938621,1791064480862430934,1492684
11,215,50,1791064480860938621,1791064480862536851,1598611
12,215,50,1791064480860938621,1791064480862672232,1733982
13,215,50,1791064480860938621,1791064480862803977,1865737
14,215,50,1791064480860938621,1791064480862908893,1970643
15,215,50,1791064480860938621,1791064480863012106,2073866
16,215,50,1791064480860938621,1791064480863116631,2178391
17,215,50,1791064480860938621,1791064480863221507,2283267
18,215,50,1791064480860938621,1791064480863330098,2391858
19,215,50,1791064480860938621,1791064480863435384,2497144
0,216,50,1791064480960938621,1791064480961159554,221644
1,216,50,1791064480960938621,1791064480961268045,329805
2,216,50,1791064480960938621,1791064480961373551,435301
3,216,50,1791064480960938621,1791064480961479669,541429
4,216,50,1791064480960938621,1791064480961585435,647185
5,216,50,1791064480960938621,1791064480961937928,999738
6,216,50,1791064480960938621,1791064480962087710,1149470
7,216,50,1791064480960938621,1791064480962277602,1339352
8,216,50,1791064480960938621,1791064480962661642,1723422
9,216,50,1791064480960938621,1791064480962800678,1862438
10,216,50,1791064480960938621,1791064480962905373,1967133
11,216,50,1791064480960938621,1791064480963009818,2071578
12,216,50,1791064480960938621,1791064480963114463,2176223
13,216,50,1791064480960938621,1791064480963218828,2280578
14,216,50,1791064480960938621,1791064480963392606,2454366
15,216,50,1791064480960938621,1791064480963496910,2558670
16,216,50,1791064480960938621,1791064480963601716,2663476
17,216,50,1791064480960938621,1791064480963809003,2870773
18,216,50,1791064480960938621,1791064480963913608,2975368
19,216,50,1791064480960938621,1791064480964019455,3081215
0,217,50,1791064481060938621,1791064481061169249,231309
1,217,50,1791064481060938621,1791064481061278160,339920
2,217,50,1791064481060938621,1791064481061383947,445727
3,217,50,1791064481060938621,1791064481061489013,550763
4,217,50,1791064481060938621,1791064481061595491,657241
5,217,50,1791064481060938621,1791064481061699986,761736
6,217,50,1791064481060938621,1791064481061909627,971387
7,217,50,1791064481060938621,1791064481062013751,1075511
8,217,50,1791064481060938621,1791064481062122332,1184092
9,217,50,1791064481060938621,1791064481062226467,1288227
10,217,50,1791064481060938621,1791064481062330972,1392732
11,217,50,1791064481060938621,1791064481062435306,1497066
12,217,50,1791064481060938621,1791064481062539030,1600780
13,217,50,1791064481060938621,1791064481062660891,1722641
14,217,50,1791064481060938621,1791064481062789922,1851682
15,217,50,1791064481060938621,1791064481062894117,1955877
16,217,50,1791064481060938621,1791064481062999533,2061293
17,217,50,1791064481060938621,1791064481063103457,2165217
18,217,50,1791064481060938621,1791064481063207832,2269592
19,217,50,1791064481060938621,1791064481063310054,2371804
0,218,50,1791064481160938621,1791064481161216294,278384
1,218,50,1791064481160938621,1791064481161355720,417481
2,218,50,1791064481160938621,1791064481161487105,548865
3,218,50,1791064481160938621,1791064481161620723,682484
4,218,50,1791064481160938621,1791064481161778978,840728
5,218,50,1791064481160938621,1791064481161935350,997110
6,218,50,1791064481160938621,1791064481162065293,1127053
7,218,50,1791064481160938621,1791064481162196818,1258578
8,218,50,1791064481160938621,1791064481162330296,1392056
9,218,50,1791064481160938621,1791064481162460919,1522680
10,218,50,1791064481160938621,1791064481162591904,1653654
11,218,50,1791064481160938621,1791064481162742707,1804467
12,218,50,1791064481160938621,1791064481162894893,1956653
13,218,50,1791064481160938621,1791064481163023874,2085634
14,218,50,1791064481160938621,1791064481163155480,2217250
15,218,50,1791064481160938621,1791064481163285232,2347002
16,218,50,1791064481160938621,1791064481163414794,2476564
17,218,50,1791064481160938621,1791064481163545097,2606867
18,218,50,1791064481160938621,1791064481163677934,2739694
19,218,50,1791064481160938621,1791064481163834006,2895776
0,219,50,1791064481260938621,1791064481261238131,300232
1,219,50,1791064481260938621,1791064481261389686,451456
2,219,50,1791064481260938621,1791064481261541792,603552
3,219,50,1791064481260938621,1791064481261690262,752022
4,219,50,1791064481260938621,1791064481261882417,944177
5,219,50,1791064481260938621,1791064481262032980,1094740
6,219,50,1791064481260938621,1791064481262179978,1241738
7,219,50,1791064481260938621,1791064481262331663,1393433
8,219,50,1791064481260938621,1791064481262478621,1540381
9,219,50,1791064481260938621,1791064481262651858,1713618
10,219,50,1791064481260938621,1791064481262817253,1879023
11,219,50,1791064481260938621,1791064481262966344,2028104
12,219,50,1791064481260938621,1791064481263115946,2177706
13,219,50,1791064481260938621,1791064481263263124,2324884
14,219,50,1791064481260938621,1791064481263409702,2471462
15,219,50,1791064481260938621,1791064481263555087,2616847
16,219,50,1791064481260938621,1791064481263700653,2762423
17,219,50,1791064481260938621,1791064481263879248,2941008
18,219,50,1791064481260938621,1791064481264024884,3086654
19,219,50,1791064481260938621,1791064481264171491,3233262
0,220,50,1791064481360938621,1791064481361241411,303542
1,220,50,1791064481360938621,1791064481361401829,463589
2,220,50,1791064481360938621,1791064481361559092,620853
3,220,50,1791064481360938621,1791064481361716796,778566
4,220,50,1791064481360938621,1791064481361928881,990651
5,220,50,1791064481360938621,1791064481362087136,1148896
6,220,50,1791064481360938621,1791064481362245160,1306920
7,220,50,1791064481360938621,1791064481362404076,1465856
8,220,50,1791064481360938621,1791064481362654567,1716387
9,220,50,1791064481360938621,1791064481362835465,1897225
10,220,50,1791064481360938621,1791064481362984997,2046777
11,220,50,1791064481360938621,1791064481363141229,2202989
12,220,50,1791064481360938621,1791064481363293895,2355655
13,220,50,1791064481360938621,1791064481363450768,2512528
14,220,50,1791064481360938621,1791064481363608432,2670192
15,220,50,1791064481360938621,1791064481363785935,2847685
16,220,50,1791064481360938621,1791064481363942207,3003967
17,220,50,1791064481360938621,1791064481364099690,3161450
18,220,50,1791064481360938621,1791064481364256443,3318203
19,220,50,1791064481360938621,1791064481364431172,3492942
0,221,50,1791064481460938621,1791064481461171578,233638
1,221,50,1791064481460938621,1791064481461281491,343251
2,221,50,1791064481460938621,1791064481461388029,449789
3,221,50,1791064481460938621,1791064481461494567,556327
4,221,50,1791064481460938621,1791064481461602006,663756
5,221,50,1791064481460938621,1791064481461708294,770054
6,221,50,1791064481460938621,1791064481461827500,889250
7,221,50,1791064481460938621,1791064481461953277,1015037
8,221,50,1791064481460938621,1791064481462057972,1119732
9,221,50,1791064481460938621,1791064481462165311,1227071
10,221,50,1791064481460938621,1791064481462269686,1331446
11,221,50,1791064481460938621,1791064481462375733,1437493
12,221,50,1791064481460938621,1791064481462480949,1542699
13,221,50,1791064481460938621,1791064481462585575,1647325
14,221,50,1791064481460938621,1791064481462709558,1771309
15,221,50,1791064481460938621,1791064481462843517,1905267
16,221,50,1791064481460938621,1791064481462948002,2009762
17,221,50,1791064481460938621,1791064481463054500,2116260
18,221,50,1791064481460938621,1791064481463173977,2235737
19,221,50,1791064481460938621,1791064481463277901,2339661
0,222,50,1791064481560938621,1791064481561167772,229913
1,222,50,1791064481560938621,1791064481561276784,338544
2,222,50,1791064481560938621,1791064481561382220,443980
3,222,50,1791064481560938621,1791064481561486555,548315
4,222,50,1791064481560938621,1791064481561591260,653010
5,222,50,1791064481560938621,1791064481561701173,762933
6,222,50,1791064481560938621,1791064481561837355,899105
7,222,50,1791064481560938621,1791064481562016791,1078551
8,222,50,1791064481560938621,1791064481562121026,1182776
9,222,50,1791064481560938621,1791064481562226753,1288513
10,222,50,1791064481560938621,1791064481562331137,1392887
11,222,50,1791064481560938621,1791064481562435522,1497282
12,222,50,1791064481560938621,1791064481562549491,1611241
13,222,50,1791064481560938621,1791064481562671843,1733603
14,222,50,1791064481560938621,1791064481562802487,1864247
15,222,50,1791064481560938621,1791064481562906721,1968481
16,222,50,1791064481560938621,1791064481563010044,2071794
17,222,50,1791064481560938621,1791064481563113948,2175699
18,222,50,1791064481560938621,1791064481563217081,2278841
19,222,50,1791064481560938621,1791064481563320355,2382105
0,223,50,1791064481660938621,1791064481661144958,207099
1,223,50,1791064481660938621,1791064481661253940,315700
2,223,50,1791064481660938621,1791064481661360047,421807
3,223,50,1791064481660938621,1791064481661466365,528125
4,223,50,1791064481660938621,1791064481661573704,635464
5,223,50,1791064481660938621,1791064481661680242,741992
6,223,50,1791064481660938621,1791064481661801281,863031
7,223,50,1791064481660938621,1791064481661935771,997531
8,223,50,1791064481660938621,1791064481662041818,1103578
9,223,50,1791064481660938621,1791064481662147184,1208934
10,223,50,1791064481660938621,1791064481662252471,1314231
11,223,50,1791064481660938621,1791064481662357066,1418826
12,223,50,1791064481660938621,1791064481662463023,1524773
13,223,50,1791064481660938621,1791064481662566737,1628487
14,223,50,1791064481660938621,1791064481662686735,1748495
15,223,50,1791064481660938621,1791064481662804620,1866370
16,223,50,1791064481660938621,1791064481662910667,1972427
17,223,50,1791064481660938621,1791064481663022863,2084623
18,223,50,1791064481660938621,1791064481663127328,2189088
19,223,50,1791064481660938621,1791064481663231993,2293743
0,224,50,1791064481760938621,1791064481761171923,234004
1,224,50,1791064481760938621,1791064481761279112,340872
2,224,50,1791064481760938621,1791064481761383507,445267
3,224,50,1791064481760938621,1791064481761487121,548871
4,224,50,1791064481760938621,1791064481761595562,657322
5,224,50,1791064481760938621,1791064481761700167,761917
6,224,50,1791064481760938621,1791064481761881586,943386
7,224,50,1791064481760938621,1791064481761994383,1056143
8,224,50,1791064481760938621,1791064481762099118,1160878
9,224,50,1791064481760938621,1791064481762202962,1264722
10,224,50,1791064481760938621,1791064481762306716,1368476
11,224,50,1791064481760938621,1791064481762411151,1472911
12,224,50,1791064481760938621,1791064481762520533,1582293
13,224,50,1791064481760938621,1791064481762643145,1704905
14,224,50,1791064481760938621,1791064481762748361,1810111
15,224,50,1791064481760938621,1791064481762888970,1950730
16,224,50,1791064481760938621,1791064481762994026,2055786
17,224,50,1791064481760938621,1791064481763098320,2160070
18,224,50,1791064481760938621,1791064481763202885,2264635
19,224,50,1791064481760938621,1791064481763307230,2368990
0,225,50,1791064481860938621,1791064481861163927,226027
1,225,50,1791064481860938621,1791064481861272307,334067
2,225,50,1791064481860938621,1791064481861378635,440385
3,225,50,1791064481860938621,1791064481861482960,544720
4,225,50,1791064481860938621,1791064481861587976,649736
5,225,50,1791064481860938621,1791064481861691649,753409
6,225,50,1791064481860938621,1791064481861817486,879236
7,225,50,1791064481860938621,1791064481861971725,1033485
8,225,50,1791064481860938621,1791064481862076140,1137890
9,225,50,1791064481860938621,1791064481862208896,1270666
10,225,50,1791064481860938621,1791064481862354172,1415932
11,225,50,1791064481860938621,1791064481862517204,1578964
12,225,50,1791064481860938621,1791064481862671683,1733433
13,225,50,1791064481860938621,1791064481862835496,1897266
14,225,50,1791064481860938621,1791064481862988102,2049862
15,225,50,1791064481860938621,1791064481863132827,2194597
16,225,50,1791064481860938621,1791064481863285703,2347464
17,225,50,1791064481860938621,1791064481863446572,2508342
18,225,50,1791064481860938621,1791064481863587381,2649131
19,225,50,1791064481860938621,1791064481863859454,2921245
0,226,50,1791064481960938621,1791064481961158624,220715
1,226,50,1791064481960938621,1791064481961267245,329005
2,226,50,1791064481960938621,1791064481961376427,438177
3,226,50,1791064481960938621,1791064481961482985,544745
4,226,50,1791064481960938621,1791064481961589403,651163
5,226,50,1791064481960938621,1791064481961699486,761236
6,226,50,1791064481960938621,1791064481961824912,886662
7,226,50,1791064481960938621,1791064481961954154,1015914
8,226,50,1791064481960938621,1791064481962060151,1121901
9,226,50,1791064481960938621,1791064481962165968,1227718
10,226,50,1791064481960938621,1791064481962270383,1332143
11,226,50,1791064481960938621,1791064481962411752,1473512
12,226,50,1791064481960938621,1791064481962516588,1578338
13,226,50,1791064481960938621,1791064481962648634,1710384
14,226,50,1791064481960938621,1791064481962789232,1851072
15,226,50,1791064481960938621,1791064481962932194,1993954
16,226,50,1791064481960938621,1791064481963080755,2142505
17,226,50,1791064481960938621,1791064481963184829,2246589
18,226,50,1791064481960938621,1791064481963291417,2353177
19,226,50,1791064481960938621,1791064481963396743,2458493
0,227,50,1791064482060938621,1791064482061173822,235993
1,227,50,1791064482060938621,1791064482061289334,351084
2,227,50,1791064482060938621,1791064482061398886,460646
3,227,50,1791064482060938621,1791064482061506676,568436
4,227,50,1791064482060938621,1791064482061613074,674834
5,227,50,1791064482060938621,1791064482061720964,782714
6,227,50,1791064482060938621,1791064482061867331,929081
7,227,50,1791064482060938621,1791064482061975681,1037441
8,227,50,1791064482060938621,1791064482062082139,1143899
9,227,50,1791064482060938621,1791064482062188066,1249826
10,227,50,1791064482060938621,1791064482062293833,1355583
11,227,50,1791064482060938621,1791064482062399680,1461430
12,227,50,1791064482060938621,1791064482062504425,1566176
13,227,50,1791064482060938621,1791064482062636221,1697981
14,227,50,1791064482060938621,1791064482062742989,1804749
15,227,50,1791064482060938621,1791064482062859172,1920922
16,227,50,1791064482060938621,1791064482062969675,2031436
17,227,50,1791064482060938621,1791064482063076714,2138474
18,227,50,1791064482060938621,1791064482063181359,2243119
19,227,50,1791064482060938621,1791064482063285904,2347654
0,228,50,1791064482160938621,1791064482161168459,230569
1,228,50,1791064482160938621,1791064482161275317,337077
2,228,50,1791064482160938621,1791064482161379842,441592
3,228,50,1791064482160938621,1791064482161485248,546998
4,228,50,1791064482160938621,1791064482161589313,651073
5,228,50,1791064482160938621,1791064482161694679,756439
6,228,50,1791064482160938621,1791064482161820886,882646
7,228,50,1791064482160938621,1791064482161952541,1014302
8,228,50,1791064482160938621,1791064482162056255,1118015
9,228,50,1791064482160938621,1791064482162161001,1222761
10,228,50,1791064482160938621,1791064482162264634,1326384
11,228,50,1791064482160938621,1791064482162368458,1430218
12,228,50,1791064482160938621,1791064482162474235,1535995
13,228,50,1791064482160938621,1791064482162579692,1641452
14,228,50,1791064482160938621,1791064482162698888,1760648
15,228,50,1791064482160938621,1791064482162818546,1880306
16,228,50,1791064482160938621,1791064482162921599,1983359
17,228,50,1791064482160938621,1791064482163032763,2094524
18,228,50,1791064482160938621,1791064482163135716,2197466
19,228,50,1791064482160938621,1791064482163238018,2299768
0,229,50,1791064482260938621,1791064482261185890,247971
1,229,50,1791064482260938621,1791064482261306489,368249
2,229,50,1791064482260938621,1791064482261422731,484481
3,229,50,1791064482260938621,1791064482261540326,602086
4,229,50,1791064482260938621,1791064482261655987,717737
5,229,50,1791064482260938621,1791064482261794242,856002
6,229,50,1791064482260938621,1791064482261937645,999405
7,229,50,1791064482260938621,1791064482262053447,1115197
8,229,50,1791064482260938621,1791064482262168257,1230017
9,229,50,1791064482260938621,1791064482262283167,1344917
10,229,50,1791064482260938621,1791064482262396866,1458626
11,229,50,1791064482260938621,1791064482262511716,1573476
12,229,50,1791064482260938621,1791064482262641979,1703740
13,229,50,1791064482260938621,1791064482262777350,1839100
14,229,50,1791064482260938621,1791064482262893092,1954852
15,229,50,1791064482260938621,1791064482263017486,2079246
16,229,50,1791064482260938621,1791064482263131165,2192915
17,229,50,1791064482260938621,1791064482263246175,2307926
18,229,50,1791064482260938621,1791064482263360165,2421925
19,229,50,1791064482260938621,1791064482263473773,2535523
0,230,50,1791064482360938621,1791064482361181819,243900
1,230,50,1791064482360938621,1791064482361302388,364148
2,230,50,1791064482360938621,1791064482361419101,480861
3,230,50,1791064482360938621,1791064482361535183,596943
4,230,50,1791064482360938621,1791064482361712056,773826
5,230,50,1791064482360938621,1791064482361938431,1000262
6,230,50,1791064482360938621,1791064482362054253,1116013
7,230,50,1791064482360938621,1791064482362169274,1231024
8,230,50,1791064482360938621,1791064482362286908,1348668
9,230,50,1791064482360938621,1791064482362400657,1462417
10,230,50,1791064482360938621,1791064482362514215,1575975
11,230,50,1791064482360938621,1791064482362641033,1702803
12,230,50,1791064482360938621,1791064482362776064,1837824
13,230,50,1791064482360938621,1791064482362891044,1952804
14,230,50,1791064482360938621,1791064482363005924,2067685
15,230,50,1791064482360938621,1791064482363121266,2183026
16,230,50,1791064482360938621,1791064482363235425,2297185
17,230,50,1791064482360938621,1791064482363349674,2411424
18,230,50,1791064482360938621,1791064482363464515,2526265
19,230,50,1791064482360938621,1791064482363586816,2648586
0,231,50,1791064482460938621,1791064482461167573,229803
1,231,50,1791064482460938621,1791064482461279819,341569
2,231,50,1791064482460938621,1791064482461386638,448388
3,231,50,1791064482460938621,1791064482461498894,560644
4,231,50,1791064482460938621,1791064482461607405,669155
5,231,50,1791064482460938621,1791064482461805559,867329
6,231,50,1791064482460938621,1791064482461959247,1021007
7,231,50,1791064482460938621,1791064482462065304,1127064
8,231,50,1791064482460938621,1791064482462173124,1234884
9,231,50,1791064482460938621,1791064482462279201,1340961
10,231,50,1791064482460938621,1791064482462385068,1446818
11,231,50,1791064482460938621,1791064482462490274,1552034
12,231,50,1791064482460938621,1791064482462597383,1659143
13,231,50,1791064482460938621,1791064482462723751,1785511
14,231,50,1791064482460938621,1791064482462859702,1921462
15,231,50,1791064482460938621,1791064482462967382,2029132
16,231,50,1791064482460938621,1791064482463073479,2135239
17,231,50,1791064482460938621,1791064482463278223,2339983
18,231,50,1791064482460938621,1791064482463384010,2445770
19,231,50,1791064482460938621,1791064482463491419,2553179
0,232,50,1791064482560938621,1791064482561179947,242077
1,232,50,1791064482560938621,1791064482561289599,351349
2,232,50,1791064482560938621,1791064482561395006,456756
3,232,50,1791064482560938621,1791064482561502445,564205
4,232,50,1791064482560938621,1791064482561607591,669351
5,232,50,1791064482560938621,1791064482561716562,778323
6,232,50,1791064482560938621,1791064482561839004,900764
7,232,50,1791064482560938621,1791064482561970179,1031939
8,232,50,1791064482560938621,1791064482562074023,1135783
9,232,50,1791064482560938621,1791064482562178487,1240248
10,232,50,1791064482560938621,1791064482562283954,1345714
11,232,50,1791064482560938621,1791064482562388970,1450730
12,232,50,1791064482560938621,1791064482562497080,1558830
13,232,50,1791064482560938621,1791064482562601745,1663495
14,232,50,1791064482560938621,1791064482562728022,1789783
15,232,50,1791064482560938621,1791064482562846558,1908318
16,232,50,1791064482560938621,1791064482562951233,2012984
17,232,50,1791064482560938621,1791064482563055388,2117148
18,232,50,1791064482560938621,1791064482563158711,2220471
19,232,50,1791064482560938621,1791064482563261674,2323424
0,233,50,1791064482660938621,1791064482661150783,212964
1,233,50,1791064482660938621,1791064482661258804,320564
2,233,50,1791064482660938621,1791064482661361856,423616
3,233,50,1791064482660938621,1791064482661465120,526880
4,233,50,1791064482660938621,1791064482661568974,630734
5,233,50,1791064482660938621,1791064482661672607,734367
6,233,50,1791064482660938621,1791064482661792465,854225
7,233,50,1791064482660938621,1791064482661915708,977468
8,233,50,1791064482660938621,1791064482662020403,1082153
9,233,50,1791064482660938621,1791064482662122434,1184194
10,233,50,1791064482660938621,1791064482662225567,1287327
11,233,50,1791064482660938621,1791064482662327749,1389509
12,233,50,1791064482660938621,1791064482662431142,1492892
13,233,50,1791064482660938621,1791064482662534295,1596045
14,233,50,1791064482660938621,1791064482662654143,1715893
15,233,50,1791064482660938621,1791064482662772609,1834359
16,233,50,1791064482660938621,1791064482662877785,1939545
17,233,50,1791064482660938621,1791064482662981398,2043158
18,233,50,1791064482660938621,1791064482663083019,2144779
19,233,50,1791064482660938621,1791064482663186803,2248563
0,234,50,1791064482760938621,1791064482761140313,202374
1,234,50,1791064482760938621,1791064482761249085,310835
2,234,50,1791064482760938621,1791064482761353519,415279
3,234,50,1791064482760938621,1791064482761457854,519614
4,234,50,1791064482760938621,1791064482761562579,624340
5,234,50,1791064482760938621,1791064482761671451,733211
6,234,50,1791064482760938621,1791064482761794944,856704
7,234,50,1791064482760938621,1791064482761934281,996051
8,234,50,1791064482760938621,1791064482762038025,1099775
9,234,50,1791064482760938621,1791064482762142059,1203819
10,234,50,1791064482760938621,1791064482762245963,1307713
11,234,50,1791064482760938621,1791064482762348615,1410375
12,234,50,1791064482760938621,1791064482762456325,1518085
13,234,50,1791064482760938621,1791064482762565747,1627497
14,234,50,1791064482760938621,1791064482762983457,2045227
15,234,50,1791064482760938621,1791064482763090045,2151805
16,234,50,1791064482760938621,1791064482763193939,2255699
17,234,50,1791064482760938621,1791064482763297743,2359493
18,234,50,1791064482760938621,1791064482763401046,2462796
19,234,50,1791064482760938621,1791064482763503768,2565529
0,235,50,1791064482860938621,1791064482861155782,217982
1,235,50,1791064482860938621,1791064482861265684,327445
2,235,50,1791064482860938621,1791064482861380725,442485
3,235,50,1791064482860938621,1791064482861485711,547471
4,235,50,1791064482860938621,1791064482861589905,651665
5,235,50,1791064482860938621,1791064482861693299,755049
6,235,50,1791064482860938621,1791064482861833346,895096
7,235,50,1791064482860938621,1791064482861957370,1019130
8,235,50,1791064482860938621,1791064482862063908,1125658
9,235,50,1791064482860938621,1791064482862175604,1237364
10,235,50,1791064482860938621,1791064482862290194,1351954
11,235,50,1791064482860938621,1791064482862396532,1458282
12,235,50,1791064482860938621,1791064482862500796,1562556
13,235,50,1791064482860938621,1791064482862706061,1767831
14,235,50,1791064482860938621,1791064482862897935,1959685
15,235,50,1791064482860938621,1791064482863061738,2123488
16,235,50,1791064482860938621,1791064482863248946,2310706
17,235,50,1791064482860938621,1791064482863363085,2424845
18,235,50,1791064482860938621,1791064482863467570,2529330
19,235,50,1791064482860938621,1791064482863571664,2633424
0,236,50,1791064482960938621,1791064482961180223,242283
1,236,50,1791064482960938621,1791064482961286470,348230
2,236,50,1791064482960938621,1791064482961389784,451544
3,236,50,1791064482960938621,1791064482961493708,555468
4,236,50,1791064482960938621,1791064482961597622,659372
5,236,50,1791064482960938621,1791064482961701186,762936
6,236,50,1791064482960938621,1791064482961831559,893319
7,236,50,1791064482960938621,1791064482961962884,1024634
8,236,50,1791064482960938621,1791064482962166666,1228436
9,236,50,1791064482960938621,1791064482962269488,1331238
10,236,50,1791064482960938621,1791064482962373452,1435213
11,236,50,1791064482960938621,1791064482962475854,1537614
12,236,50,1791064482960938621,1791064482962578076,1639836
13,236,50,1791064482960938621,1791064482962701659,1763419
14,236,50,1791064482960938621,1791064482962835247,1897007
15,236,50,1791064482960938621,1791064482962938150,1999900
16,236,50,1791064482960938621,1791064482963041233,2102993
17,236,50,1791064482960938621,1791064482963143184,2204944
18,236,50,1791064482960938621,1791064482963254800,2316560
19,236,50,1791064482960938621,1791064482963415798,2477548
0,237,50,1791064483060938621,1791064483061161054,223205
1,237,50,1791064483060938621,1791064483061275474,337234
2,237,50,1791064483060938621,1791064483061381601,443362
3,237,50,1791064483060938621,1791064483061486056,547816
4,237,50,1791064483060938621,1791064483061590401,652161
5,237,50,1791064483060938621,1791064483061695597,757357
6,237,50,1791064483060938621,1791064483061818740,880500
7,237,50,1791064483060938621,1791064483061960800,1022560
8,237,50,1791064483060938621,1791064483062069191,1130941
9,237,50,1791064483060938621,1791064483062173816,1235576
10,237,50,1791064483060938621,1791064483062277770,1339531
11,237,50,1791064483060938621,1791064483062381494,1443254
12,237,50,1791064483060938621,1791064483062486770,1548520
13,237,50,1791064483060938621,1791064483062591406,1653166
14,237,50,1791064483060938621,1791064483062713136,1774896
15,237,50,1791064483060938621,1791064483062834106,1895866
16,237,50,1791064483060938621,1791064483062940543,2002303
17,237,50,1791064483060938621,1791064483063044898,2106658
18,237,50,1791064483060938621,1791064483063148642,2210392
19,237,50,1791064483060938621,1791064483063252566,2314326
0,238,50,1791064483160938621,1791064483161154695,216755
1,238,50,1791064483160938621,1791064483161262655,324415
2,238,50,1791064483160938621,1791064483161369644,431404
3,238,50,1791064483160938621,1791064483161472396,534156
4,238,50,1791064483160938621,1791064483161576240,637990
5,238,50,1791064483160938621,1791064483161680705,742465
6,238,50,1791064483160938621,1791064483161802015,863765
7,238,50,1791064483160938621,1791064483161930886,992636
8,238,50,1791064483160938621,1791064483162045987,1107747
9,238,50,1791064483160938621,1791064483162152074,1213834
10,238,50,1791064483160938621,1791064483162255998,1317758
11,238,50,1791064483160938621,1791064483162358721,1420471
12,238,50,1791064483160938621,1791064483162462945,1524705
13,238,50,1791064483160938621,1791064483162567580,1629340
14,238,50,1791064483160938621,1791064483162686056,1747806
15,238,50,1791064483160938621,1791064483162812434,1874194
16,238,50,1791064483160938621,1791064483162916508,1978258
17,238,50,1791064483160938621,1791064483163021173,2082923
18,238,50,1791064483160938621,1791064483163123515,2185275
19,238,50,1791064483160938621,1791064483163229272,2291032
0,239,50,1791064483260938621,1791064483261160730,222700
1,239,50,1791064483260938621,1791064483261269160,330920
2,239,50,1791064483260938621,1791064483261376259,438009
3,239,50,1791064483260938621,1791064483261481956,543706
4,239,50,1791064483260938621,1791064483261589516,651276
5,239,50,1791064483260938621,1791064483261694912,756672
6,239,50,1791064483260938621,1791064483261815911,877671
7,239,50,1791064483260938621,1791064483261952213,1013974
8,239,50,1791064483260938621,1791064483262057650,1119400
9,239,50,1791064483260938621,1791064483262162996,1224756
10,239,50,1791064483260938621,1791064483262267311,1329071
11,239,50,1791064483260938621,1791064483262372727,1434477
12,239,50,1791064483260938621,1791064483262477432,1539182
13,239,50,1791064483260938621,1791064483262581837,1643587
14,239,50,1791064483260938621,1791064483262702306,1764066
15,239,50,1791064483260938621,1791064483262823035,1884795
16,239,50,1791064483260938621,1791064483262926769,1988529
17,239,50,1791064483260938621,1791064483263031935,2093695
18,239,50,1791064483260938621,1791064483263138263,2200023
19,239,50,1791064483260938621,1791064483263243709,2305469
0,240,50,1791064483360938621,1791064483361157996,220116
1,240,50,1791064483360938621,1791064483361271674,333434
2,240,50,1791064483360938621,1791064483361377421,439171
3,240,50,1791064483360938621,1791064483361481896,543656
4,240,50,1791064483360938621,1791064483361601002,662763
5,240,50,1791064483360938621,1791064483361706619,768369
6,240,50,1791064483360938621,1791064483361833958,895718
7,240,50,1791064483360938621,1791064483361962979,1024729
8,240,50,1791064483360938621,1791064483362070509,1132269
9,240,50,1791064483360938621,1791064483362175174,1236934
10,240,50,1791064483360938621,1791064483362278607,1340357
11,240,50,1791064483360938621,1791064483362382562,1444322
12,240,50,1791064483360938621,1791064483362486215,1547975
13,240,50,1791064483360938621,1791064483362589719,1651469
14,240,50,1791064483360938621,1791064483362708946,1770706
15,240,50,1791064483360938621,1791064483362826640,1888390
16,240,50,1791064483360938621,1791064483362932687,1994437
17,240,50,1791064483360938621,1791064483363036011,2097771
18,240,50,1791064483360938621,1791064483363139103,2200864
19,240,50,1791064483360938621,1791064483363242707,2304467
0,241,50,1791064483460938621,1791064483461162983,225083
1,241,50,1791064483460938621,1791064483461276301,338061
2,241,50,1791064483460938621,1791064483461380916,442676
3,241,50,1791064483460938621,1791064483461601303,663063
4,241,50,1791064483460938621,1791064483461705678,767438
5,241,50,1791064483460938621,1791064483461869781,931541
6,241,50,1791064483460938621,1791064483461974877,1036637
7,241,50,1791064483460938621,1791064483462081996,1143746
8,241,50,1791064483460938621,1791064483462187432,1249192
9,241,50,1791064483460938621,1791064483462292878,1354639
10,241,50,1791064483460938621,1791064483462397644,1459394
11,241,50,1791064483460938621,1791064483462504302,1566062
12,241,50,1791064483460938621,1791064483462629508,1691268
13,241,50,1791064483460938621,1791064483462735615,1797365
14,241,50,1791064483460938621,1791064483462855853,1917603
15,241,50,1791064483460938621,1791064483462961640,2023390
16,241,50,1791064483460938621,1791064483463067738,2129498
17,241,50,1791064483460938621,1791064483463173485,2235235
18,241,50,1791064483460938621,1791064483463277038,2338788
19,241,50,1791064483460938621,1791064483463382975,2444735
0,242,50,1791064483560938621,1791064483561201275,263406
1,242,50,1791064483560938621,1791064483561314323,376073
2,242,50,1791064483560938621,1791064483561447470,509220
3,242,50,1791064483560938621,1791064483561615560,677320
4,242,50,1791064483560938621,1791064483561718933,780693
5,242,50,1791064483560938621,1791064483561893602,955422
6,242,50,1791064483560938621,1791064483562000550,1062311
7,242,50,1791064483560938621,1791064483562104565,1166325
8,242,50,1791064483560938621,1791064483562208339,1270099
9,242,50,1791064483560938621,1791064483562312854,1374604
10,242,50,1791064483560938621,1791064483562421785,1483535
11,242,50,1791064483560938621,1791064483562527201,1588962
12,242,50,1791064483560938621,1791064483562647330,1709090
13,242,50,1791064483560938621,1791064483562772395,1834155
14,242,50,1791064483560938621,1791064483562881867,1943628
15,242,50,1791064483560938621,1791064483562984590,2046350
16,242,50,1791064483560938621,1791064483563088684,2150434
17,242,50,1791064483560938621,1791064483563196234,2257994
18,242,50,1791064483560938621,1791064483563348970,2410720
19,242,50,1791064483560938621,1791064483563452904,2514654
0,243,50,1791064483660938621,1791064483661140940,203011
1,243,50,1791064483660938621,1791064483661248500,310260
2,243,50,1791064483660938621,1791064483661357171,418931
3,243,50,1791064483660938621,1791064483661462627,524377
4,243,50,1791064483660938621,1791064483661566802,628552
5,243,50,1791064483660938621,1791064483661679629,741389
6,243,50,1791064483660938621,1791064483661799777,861537
7,243,50,1791064483660938621,1791064483661922169,983929
8,243,50,1791064483660938621,1791064483662029358,1091118
9,243,50,1791064483660938621,1791064483662134424,1196184
10,243,50,1791064483660938621,1791064483662237526,1299277
11,243,50,1791064483660938621,1791064483662342142,1403902
12,243,50,1791064483660938621,1791064483662530872,1592632
13,243,50,1791064483660938621,1791064483662648796,1710556
14,243,50,1791064483660938621,1791064483662781213,1842963
15,243,50,1791064483660938621,1791064483662885778,1947538
16,243,50,1791064483660938621,1791064483662990994,2052754
17,243,50,1791064483660938621,1791064483663096370,2158130
18,243,50,1791064483660938621,1791064483663198962,2260722
19,243,50,1791064483660938621,1791064483663302025,2363785
0,244,50,1791064483760938621,1791064483761143770,205851
1,244,50,1791064483760938621,1791064483761257389,319139
2,244,50,1791064483760938621,1791064483761366590,428351
3,244,50,1791064483760938621,1791064483761470465,532225
4,244,50,1791064483760938621,1791064483761574138,635888
5,244,50,1791064483760938621,1791064483761678503,740263
6,244,50,1791064483760938621,1791064483761798551,860301
7,244,50,1791064483760938621,1791064483761936005,997765
8,244,50,1791064483760938621,1791064483762039408,1101168
9,244,50,1791064483760938621,1791064483762189942,1251702
10,244,50,1791064483760938621,1791064483762292704,1354454
11,244,50,1791064483760938621,1791064483762395056,1456816
12,244,50,1791064483760938621,1791064483762498249,1559999
13,244,50,1791064483760938621,1791064483762599649,1661409
14,244,50,1791064483760938621,1791064483762716683,1778443
15,244,50,1791064483760938621,1791064483762846665,1908425
16,244,50,1791064483760938621,1791064483762951791,2013541
17,244,50,1791064483760938621,1791064483763057738,2119498
18,244,50,1791064483760938621,1791064483763159680,2221440
19,244,50,1791064483760938621,1791064483763263604,2325364
0,245,50,1791064483860938621,1791064483861140711,202891
1,245,50,1791064483860938621,1791064483861247629,309379
2,245,50,1791064483860938621,1791064483861354157,415907
3,245,50,1791064483860938621,1791064483861459213,520963
4,245,50,1791064483860938621,1791064483861563848,625608
5,245,50,1791064483860938621,1791064483861681423,743183
6,245,50,1791064483860938621,1791064483861839888,901648
7,245,50,1791064483860938621,1791064483862008097,1069857
8,245,50,1791064483860938621,1791064483862189686,1251496
9,245,50,1791064483860938621,1791064483862326860,1388640
10,245,50,1791064483860938621,1791064483862474959,1536719
11,245,50,1791064483860938621,1791064483862639774,1701574
12,245,50,1791064483860938621,1791064483862804077,1865837
13,245,50,1791064483860938621,1791064483862957996,2019766
14,245,50,1791064483860938621,1791064483863102630,2164400
15,245,50,1791064483860938621,1791064483863218712,2280472
16,245,50,1791064483860938621,1791064483863382215,2443975
17,245,50,1791064483860938621,1791064483863487912,2549672
18,245,50,1791064483860938621,1791064483863699025,2760785
19,245,50,1791064483860938621,1791064483863832442,2894203
0,246,50,1791064483960938621,1791064483961141942,204053
1,246,50,1791064483960938621,1791064483961248160,309920
2,246,50,1791064483960938621,1791064483961352885,414635
3,246,50,1791064483960938621,1791064483961459073,520823
4,246,50,1791064483960938621,1791064483961563768,625528
5,246,50,1791064483960938621,1791064483961667482,729242
6,246,50,1791064483960938621,1791064483961786889,848649
7,246,50,1791064483960938621,1791064483961996450,1058240
8,246,50,1791064483960938621,1791064483962103659,1165419
9,246,50,1791064483960938621,1791064483962209796,1271556
10,246,50,1791064483960938621,1791064483962315282,1377042
11,246,50,1791064483960938621,1791064483962418696,1480446
12,246,50,1791064483960938621,1791064483962520507,1582257
13,246,50,1791064483960938621,1791064483962638291,1700041
14,246,50,1791064483960938621,1791064483962742165,1803915
15,246,50,1791064483960938621,1791064483962882333,1944093
16,246,50,1791064483960938621,1791064483962986117,2047877
17,246,50,1791064483960938621,1791064483963090482,2152232
18,246,50,1791064483960938621,1791064483963194526,2256286
19,246,50,1791064483960938621,1791064483963298480,2360230
0,247,50,1791064484060938621,1791064484061205296,267357
1,247,50,1791064484060938621,1791064484061317332,379092
2,247,50,1791064484060938621,1791064484061422939,484699
3,247,50,1791064484060938621,1791064484061530028,591788
4,247,50,1791064484060938621,1791064484061636145,697895
5,247,50,1791064484060938621,1791064484061741892,803642
6,247,50,1791064484060938621,1791064484061902140,963900
7,247,50,1791064484060938621,1791064484062008587,1070348
8,247,50,1791064484060938621,1791064484062112782,1174542
9,247,50,1791064484060938621,1791064484062217237,1278997
10,247,50,1791064484060938621,1791064484062323925,1385685
11,247,50,1791064484060938621,1791064484062428140,1489900
12,247,50,1791064484060938621,1791064484062533466,1595216
13,247,50,1791064484060938621,1791064484062651852,1713612
14,247,50,1791064484060938621,1791064484062772400,1834160
15,247,50,1791064484060938621,1791064484062879149,1940909
16,247,50,1791064484060938621,1791064484062982782,2044542
17,247,50,1791064484060938621,1791064484063088048,2149899
18,247,50,1791064484060938621,1791064484063242187,2303957
19,247,50,1791064484060938621,1791064484063348214,2409974
0,248,50,1791064484160938621,1791064484161204270,266351
1,248,50,1791064484160938621,1791064484161311860,373620
2,248,50,1791064484160938621,1791064484161416515,478275
3,248,50,1791064484160938621,1791064484161524375,586135
4,248,50,1791064484160938621,1791064484161630092,691852
5,248,50,1791064484160938621,1791064484161733786,795546
6,248,50,1791064484160938621,1791064484161900653,962433
7,248,50,1791064484160938621,1791064484162005689,1067449
8,248,50,1791064484160938621,1791064484162108071,1169821
9,248,50,1791064484160938621,1791064484162211925,1273685
10,248,50,1791064484160938621,1791064484162315729,1377479
11,248,50,1791064484160938621,1791064484162421475,1483225
12,248,50,1791064484160938621,1791064484162526832,1588592
13,248,50,1791064484160938621,1791064484162646750,1708510
14,248,50,1791064484160938621,1791064484162750063,1811823
15,248,50,1791064484160938621,1791064484162877632,1939392
16,248,50,1791064484160938621,1791064484162981135,2042885
17,248,50,1791064484160938621,1791064484163086722,2148482
18,248,50,1791064484160938621,1791064484163189194,2250944
19,248,50,1791064484160938621,1791064484163295892,2357652
0,249,50,1791064484260938621,1791064484261197885,259946
1,249,50,1791064484260938621,1791064484261304133,365893
2,249,50,1791064484260938621,1791064484261408367,470127
3,249,50,1791064484260938621,1791064484261511821,573581
4,249,50,1791064484260938621,1791064484261618729,680489
5,249,50,1791064484260938621,1791064484261722483,784243
6,249,50,1791064484260938621,1791064484261906126,967886
7,249,50,1791064484260938621,1791064484262037611,1099371
8,249,50,1791064484260938621,1791064484262141825,1203585
9,249,50,1791064484260938621,1791064484262245218,1306979
10,249,50,1791064484260938621,1791064484262348622,1410382
11,249,50,1791064484260938621,1791064484262456191,1517951
12,249,50,1791064484260938621,1791064484262559054,1620814
13,249,50,1791064484260938621,1791064484262679312,1741072
14,249,50,1791064484260938621,1791064484262808314,1870074
15,249,50,1791064484260938621,1791064484262911807,1973567
16,249,50,1791064484260938621,1791064484263015912,2077662
17,249,50,1791064484260938621,1791064484263119355,2181105
18,249,50,1791064484260938621,1791064484263224431,2286181
19,249,50,1791064484260938621,1791064484263339401,2401161
