0,0,500,1791064737674394628,1791064737675566957,1172790
1,0,500,1791064737674394628,1791064737676747017,2352790
2,0,500,1791064737674394628,1791064737677739660,3345423
3,0,500,1791064737674394628,1791064737679123462,4729326
4,0,500,1791064737674394628,1791064737680189043,5794806
5,0,500,1791064737674394628,1791064737681271308,6877061
6,0,500,1791064737674394628,1791064737682586740,8192663
7,0,500,1791064737674394628,1791064737683712620,9318383
8,0,500,1791064737674394628,1791064737685009333,10615096
9,0,500,1791064737674394628,1791064737686206258,11812072
10,0,500,1791064737674394628,1791064737687447830,13053613
11,0,500,1791064737674394628,1791064737688519470,14125233
12,0,500,1791064737674394628,1791064737689811757,15417590
13,0,500,1791064737674394628,1791064737690956375,16562198
14,0,500,1791064737674394628,1791064737692501807,18107590
15,0,500,1791064737674394628,1791064737693717691,19323474
16,0,500,1791064737674394628,1791064737695516519,21122432
17,0,500,1791064737674394628,1791064737696629410,22235253
18,0,500,1791064737674394628,1791064737697932963,23538846
19,0,500,1791064737674394628,1791064737699215696,24821469
0,1,500,1791064737774394628,1791064737775992473,1598556
1,1,500,1791064737774394628,1791064737777517044,3122827
2,1,500,1791064737774394628,1791064737778858854,4464698
3,1,500,1791064737774394628,1791064737779875933,5481686
4,1,500,1791064737774394628,1791064737780983186,6588949
5,1,500,1791064737774394628,1791064737782006995,7612748
6,1,500,1791064737774394628,1791064737783008550,8614313
7,1,500,1791064737774394628,1791064737784429197,10035000
8,1,500,1791064737774394628,1791064737785590590,11196353
9,1,500,1791064737774394628,1791064737787097956,12703759
10,1,500,1791064737774394628,1791064737788198669,13804432
11,1,500,1791064737774394628,1791064737789621559,15227352
12,1,500,1791064737774394628,1791064737790943049,16548852
13,1,500,1791064737774394628,1791064737792116570,17722363
14,1,500,1791064737774394628,1791064737793582565,19188328
15,1,500,1791064737774394628,1791064737794866750,20472553
16,1,500,1791064737774394628,1791064737795938660,21544433
17,1,500,1791064737774394628,1791064737797077789,22683573
18,1,500,1791064737774394628,1791064737798505527,24111290
19,1,500,1791064737774394628,1791064737799575274,25181027
0,2,500,1791064737874394628,1791064737875701961,1307964
1,2,500,1791064737874394628,1791064737877329555,2935388
2,2,500,1791064737874394628,1791064737878451900,4057653
3,2,500,1791064737874394628,1791064737880190679,5796522
4,2,500,1791064737874394628,1791064737881804603,7410436
5,2,500,1791064737874394628,1791064737882976171,8581934
6,2,500,1791064737874394628,1791064737884413763,10019536
7,2,500,1791064737874394628,1791064737885638330,11244113
8,2,500,1791064737874394628,1791064737886927552,12533355
9,2,500,1791064737874394628,1791064737888512884,14118667
10,2,500,1791064737874394628,1791064737889573457,15179220
11,2,500,1791064737874394628,1791064737890667290,16273063
12,2,500,1791064737874394628,1791064737891734112,17339875
13,2,500,1791064737874394628,1791064737893235439,18841232
14,2,500,1791064737874394628,1791064737894659712,20265465
15,2,500,1791064737874394628,1791064737896137774,21743537
16,2,500,1791064737874394628,1791064737897241351,22847104
17,2,500,1791064737874394628,1791064737898309405,23915168
18,2,500,1791064737874394628,1791064737899347946,24953699
19,2,500,1791064737874394628,1791064737900722175,26328008
0,3,500,1791064737974394628,1791064737975891517,1497791
1,3,500,1791064737974394628,1791064737977318343,2924177
2,3,500,1791064737974394628,1791064737978602949,4208732
3,3,500,1791064737974394628,1791064737979840024,5445847
4,3,500,1791064737974394628,1791064737981136337,6742120
5,3,500,1791064737974394628,1791064737982391399,7997172
6,3,500,1791064737974394628,1791064737983483519,9089302
7,3,500,1791064737974394628,1791064737984840452,10446305
8,3,500,1791064737974394628,1791064737986240108,11845901
9,3,500,1791064737974394628,1791064737987393739,12999532
10,3,500,1791064737974394628,1791064737988476345,14082248
11,3,500,1791064737974394628,1791064737989599941,15205704
12,3,500,1791064737974394628,1791064737990975051,16580844
13,3,500,1791064737974394628,1791064737992202412,17808225
14,3,500,1791064737974394628,1791064737993750619,19356402
15,3,500,1791064737974394628,1791064737995308840,20914643
16,3,500,1791064737974394628,1791064737996553116,22158889
17,3,500,1791064737974394628,1791064737997874666,23480459
18,3,500,1791064737974394628,1791064737998962800,24568583
19,3,500,1791064737974394628,1791064738000104634,25710397
0,4,500,1791064738074394628,1791064738075576515,1182608
1,4,500,1791064738074394628,1791064738076882672,2488435
2,4,500,1791064738074394628,1791064738078452991,4058824
3,4,500,1791064738074394628,1791064738079529268,5135031
4,4,500,1791064738074394628,1791064738080544904,6150657
5,4,500,1791064738074394628,1791064738081943388,7549502
6,4,500,1791064738074394628,1791064738083209226,8815009
7,4,500,1791064738074394628,1791064738084720979,10326742
8,4,500,1791064738074394628,1791064738086724521,12330404
9,4,500,1791064738074394628,1791064738088167421,13773174
10,4,500,1791064738074394628,1791064738089162768,14768521
11,4,500,1791064738074394628,1791064738090226395,15832178
12,4,500,1791064738074394628,1791064738091357944,16963707
13,4,500,1791064738074394628,1791064738092414841,18020594
14,4,500,1791064738074394628,1791064738093898602,19504355
15,4,500,1791064738074394628,1791064738094929391,20535144
16,4,500,1791064738074394628,1791064738095955704,21561457
17,4,500,1791064738074394628,1791064738096981635,22587388
18,4,500,1791064738074394628,1791064738098480288,24086102
19,4,500,1791064738074394628,1791064738100205888,25811681
0,5,500,1791064738174394628,1791064738175933429,1539542
1,5,500,1791064738174394628,1791064738176991138,2596901
2,5,500,1791064738174394628,1791064738178317435,3923268
3,5,500,1791064738174394628,1791064738179519538,5125351
4,5,500,1791064738174394628,1791064738180652599,6258362
5,5,500,1791064738174394628,1791064738182890769,8496612
6,5,500,1791064738174394628,1791064738184046474,9652237
7,5,500,1791064738174394628,1791064738185051925,10657688
8,5,500,1791064738174394628,1791064738186449648,12055531
9,5,500,1791064738174394628,1791064738187553205,13158968
10,5,500,1791064738174394628,1791064738188585777,14191540
11,5,500,1791064738174394628,1791064738189638298,15244061
12,5,500,1791064738174394628,1791064738190935202,16540975
13,5,500,1791064738174394628,1791064738192142232,17747995
14,5,500,1791064738174394628,1791064738193531133,19136926
15,5,500,1791064738174394628,1791064738194620949,20226702
16,5,500,1791064738174394628,1791064738195938063,21543996
17,5,500,1791064738174394628,1791064738197006117,22611900
18,5,500,1791064738174394628,1791064738198130585,23736348
19,5,500,1791064738174394628,1791064738199165150,24770913
0,6,500,1791064738274394628,1791064738276139920,1746044
1,6,500,1791064738274394628,1791064738277161125,2766888
2,6,500,1791064738274394628,1791064738278243220,3848993
3,6,500,1791064738274394628,1791064738279329351,4935104
4,6,500,1791064738274394628,1791064738280406899,6012782
5,6,500,1791064738274394628,1791064738281489024,7094807
6,6,500,1791064738274394628,1791064738282573132,8178895
7,6,500,1791064738274394628,1791064738283672764,9278537
8,6,500,1791064738274394628,1791064738285206028,10811841
9,6,500,1791064738274394628,1791064738286841134,12446937
10,6,500,1791064738274394628,1791064738288177906,13783670
11,6,500,1791064738274394628,1791064738289976154,15581947
12,6,500,1791064738274394628,1791064738291318875,16924669
13,6,500,1791064738274394628,1791064738292371707,17977500
14,6,500,1791064738274394628,1791064738293620700,19226533
15,6,500,1791064738274394628,1791064738295388001,20993815
16,6,500,1791064738274394628,1791064738297021895,22627718
17,6,500,1791064738274394628,1791064738298129008,23734761
18,6,500,1791064738274394628,1791064738299182310,24788073
19,6,500,1791064738274394628,1791064738300275992,25881745
0,7,500,1791064738374394628,1791064738376122855,1729039
1,7,500,1791064738374394628,1791064738377615750,3221593
2,7,500,1791064738374394628,1791064738379425043,5030887
3,7,500,1791064738374394628,1791064738380546998,6152761
4,7,500,1791064738374394628,1791064738381818153,7423946
5,7,500,1791064738374394628,1791064738383354262,8960115
6,7,500,1791064738374394628,1791064738384470517,10076300
7,7,500,1791064738374394628,1791064738386025854,11631698
8,7,500,1791064738374394628,1791064738387421705,13027528
9,7,500,1791064738374394628,1791064738388545552,14151315
10,7,500,1791064738374394628,1791064738389883737,15489530
11,7,500,1791064738374394628,1791064738391069296,16675059
12,7,500,1791064738374394628,1791064738392177680,17783463
13,7,500,1791064738374394628,1791064738393458039,19063822
14,7,500,1791064738374394628,1791064738394670127,20275880
15,7,500,1791064738374394628,1791064738395704702,21310465
16,7,500,1791064738374394628,1791064738397141152,22746996
17,7,500,1791064738374394628,1791064738398315654,23921418
18,7,500,1791064738374394628,1791064738399512159,25117922
19,7,500,1791064738374394628,1791064738400721012,26326805
0,8,500,1791064738474394628,1791064738476392249,1998353
1,8,500,1791064738474394628,1791064738477983469,3589262
2,8,500,1791064738474394628,1791064738479200334,4806147
3,8,500,1791064738474394628,1791064738480537167,6142940
4,8,500,1791064738474394628,1791064738481873289,7479082
5,8,500,1791064738474394628,1791064738483047481,8653254
6,8,500,1791064738474394628,1791064738484331295,9937109
7,8,500,1791064738474394628,1791064738485692314,11298118
8,8,500,1791064738474394628,1791064738486785827,12391590
9,8,500,1791064738474394628,1791064738487879859,13485662
10,8,500,1791064738474394628,1791064738489416999,15022762
11,8,500,1791064738474394628,1791064738491072896,16678679
12,8,500,1791064738474394628,1791064738492132587,17738350
13,8,500,1791064738474394628,1791064738493177718,18783561
14,8,500,1791064738474394628,1791064738494302126,19907909
15,8,500,1791064738474394628,1791064738495347466,20953229
16,8,500,1791064738474394628,1791064738496337906,21943669
17,8,500,1791064738474394628,1791064738497688489,23294262
18,8,500,1791064738474394628,1791064738498998973,24604736
19,8,500,1791064738474394628,1791064738500004815,25610578
0,9,500,1791064738574394628,1791064738578961004,4567158
1,9,500,1791064738574394628,1791064738579974117,5579880
2,9,500,1791064738574394628,1791064738586526817,12132810
3,9,500,1791064738574394628,1791064738587920534,13526317
4,9,500,1791064738574394628,1791064738589037832,14643615
5,9,500,1791064738574394628,1791064738591083887,16689730
6,9,500,1791064738574394628,1791064738594114532,19720395
7,9,500,1791064738574394628,1791064738595339890,20945673
8,9,500,1791064738574394628,1791064738596805468,22411372
9,9,500,1791064738574394628,1791064738610559390,36165804
10,9,500,1791064738574394628,1791064738612116470,37722283
11,9,500,1791064738574394628,1791064738650571211,76177305
12,9,500,1791064738574394628,1791064738651984658,77590431
13,9,500,1791064738574394628,1791064738653479676,79085459
14,9,500,1791064738574394628,1791064738706016220,131622304
15,9,500,1791064738574394628,1791064738707183362,132789125
16,9,500,1791064738574394628,1791064738708360628,133966391
17,9,500,1791064738574394628,1791064738709492648,135098411
18,9,500,1791064738574394628,1791064738740618838,166224922
19,9,500,1791064738574394628,1791064738741688966,167294729
0,10,500,1791064738674394628,1791064738742902426,68508189
1,10,500,1791064738674394628,1791064738744216925,69822688
2,10,500,1791064738674394628,1791064738745669410,71275183
3,10,500,1791064738674394628,1791064738747818017,73423820
4,10,500,1791064738674394628,1791064738749064546,74670309
5,10,500,1791064738674394628,1791064738750331175,75936978
6,10,500,1791064738674394628,1791064738751547099,77152882
7,10,500,1791064738674394628,1791064738757292501,82898494
8,10,500,1791064738674394628,1791064738760664443,86270296
9,10,500,1791064738674394628,1791064738762059442,87665205
10,10,500,1791064738674394628,1791064738786168674,111774768
11,10,500,1791064738674394628,1791064738787206404,112812187
12,10,500,1791064738674394628,1791064738788320246,113925999
13,10,500,1791064738674394628,1791064738789349823,114955576
14,10,500,1791064738674394628,1791064738794237383,119843226
15,10,500,1791064738674394628,1791064738795580015,121185778
16,10,500,1791064738674394628,1791064738796957959,122563742
17,10,500,1791064738674394628,1791064738803399294,129005187
18,10,500,1791064738674394628,1791064738806157475,131763338
19,10,500,1791064738674394628,1791064738810386848,135992732
0,11,500,1791064738774394628,1791064738811410166,37015919
1,11,500,1791064738774394628,1791064738812621463,38227216
2,11,500,1791064738774394628,1791064738814829469,40435322
3,11,500,1791064738774394628,1791064738815905955,41511718
4,11,500,1791064738774394628,1791064738816971826,42577579
5,11,500,1791064738774394628,1791064738820252062,45857905
6,11,500,1791064738774394628,1791064738826629562,52235415
7,11,500,1791064738774394628,1791064738827749784,53355557
8,11,500,1791064738774394628,1791064738830639660,56245624
9,11,500,1791064738774394628,1791064738831729797,57335591
10,11,500,1791064738774394628,1791064738833079099,58684902
11,11,500,1791064738774394628,1791064738842982439,68588292
12,11,500,1791064738774394628,1791064738843993409,69599172
13,11,500,1791064738774394628,1791064738845095063,70700826
14,11,500,1791064738774394628,1791064738866879096,92485089
15,11,500,1791064738774394628,1791064738868261717,93867650
16,11,500,1791064738774394628,1791064738879016580,104622453
17,11,500,1791064738774394628,1791064738880182049,105787882
18,11,500,1791064738774394628,1791064738881368299,106974052
19,11,500,1791064738774394628,1791064738912037181,137643365
0,12,500,1791064738874394628,1791064738913062342,38668105
1,12,500,1791064738874394628,1791064738925783181,51389154
2,12,500,1791064738874394628,1791064738934368616,59974460
3,12,500,1791064738874394628,1791064738935686962,61292765
4,12,500,1791064738874394628,1791064738936740004,62345767
5,12,500,1791064738874394628,1791064738946032778,71638641
6,12,500,1791064738874394628,1791064738947299788,72905551
7,12,500,1791064738874394628,1791064738948495211,74100984
8,12,500,1791064738874394628,1791064738956055716,81661669
9,12,500,1791064738874394628,1791064738957377246,82982999
10,12,500,1791064738874394628,1791064738975283387,100889240
11,12,500,1791064738874394628,1791064738976559891,102165724
12,12,500,1791064738874394628,1791064739009566551,135172915
13,12,500,1791064738874394628,1791064739010873159,136478962
14,12,500,1791064738874394628,1791064739026680908,152287252
15,12,500,1791064738874394628,1791064739027802181,153407984
16,12,500,1791064738874394628,1791064739029030162,154635945
17,12,500,1791064738874394628,1791064739035014148,160620032
18,12,500,1791064738874394628,1791064739045910942,171516976
19,12,500,1791064738874394628,1791064739063434065,189040349
0,13,500,1791064738974394628,1791064739066879025,92484818
1,13,500,1791064738974394628,1791064739078610127,104216350
2,13,500,1791064738974394628,1791064739080129470,105735233
3,13,500,1791064738974394628,1791064739081226968,106832952
4,13,500,1791064738974394628,1791064739111712819,137319023
5,13,500,1791064738974394628,1791064739112789797,138395560
6,13,500,1791064738974394628,1791064739139671111,165277695
7,13,500,1791064738974394628,1791064739141154592,166760435
8,13,500,1791064738974394628,1791064739159165698,184771892
9,13,500,1791064738974394628,1791064739160629850,186235673
10,13,500,1791064738974394628,1791064739187284639,212890812
11,13,500,1791064738974394628,1791064739188424840,214030653
12,13,500,1791064738974394628,1791064739213116266,238722600
13,13,500,1791064738974394628,1791064739219156255,244762209
14,13,500,1791064738974394628,1791064739220164751,245770514
15,13,500,1791064738974394628,1791064739221166457,246772220
16,13,500,1791064738974394628,1791064739258238398,283844651
17,13,500,1791064738974394628,1791064739259635550,285241363
18,13,500,1791064738974394628,1791064739261124619,286730392
19,13,500,1791064738974394628,1791064739284939635,310545728
0,14,500,1791064739074394628,1791064739286434121,212039895
1,14,500,1791064739074394628,1791064739287977481,213583244
2,14,500,1791064739074394628,1791064739289442123,215047956
3,14,500,1791064739074394628,1791064739330881853,256488177
4,14,500,1791064739074394628,1791064739332106159,257711922
5,14,500,1791064739074394628,1791064739333289564,258895328
6,14,500,1791064739074394628,1791064739348919319,274525733
7,14,500,1791064739074394628,1791064739362700635,288306789
8,14,500,1791064739074394628,1791064739364143335,289749119
9,14,500,1791064739074394628,1791064739365241554,290847317
10,14,500,1791064739074394628,1791064739379433286,305039359
11,14,500,1791064739074394628,1791064739383645764,309251627
12,14,500,1791064739074394628,1791064739384999372,310605135
13,14,500,1791064739074394628,1791064739432554533,358160606
14,14,500,1791064739074394628,1791064739433556579,359162332
15,14,500,1791064739074394628,1791064739434778051,360383814
16,14,500,1791064739074394628,1791064739435887116,361492879
17,14,500,1791064739074394628,1791064739436991895,362597658
18,14,500,1791064739074394628,1791064739470085775,395692149
19,14,500,1791064739074394628,1791064739472473897,398079750
0,15,500,1791064739174394628,1791064739473807816,299413609
1,15,500,1791064739174394628,1791064739479974103,305580076
2,15,500,1791064739174394628,1791064739481087284,306693047
3,15,500,1791064739174394628,1791064739487382862,312988816
4,15,500,1791064739174394628,1791064739489050516,314656289
5,15,500,1791064739174394628,1791064739508950865,334557059
6,15,500,1791064739174394628,1791064739510126299,335732082
7,15,500,1791064739174394628,1791064739523202155,348808228
8,15,500,1791064739174394628,1791064739524615882,350221665
9,15,500,1791064739174394628,1791064739530126997,355733161
10,15,500,1791064739174394628,1791064739545003774,370609858
11,15,500,1791064739174394628,1791064739550980259,376586212
12,15,500,1791064739174394628,1791064739552096234,377701998
13,15,500,1791064739174394628,1791064739559137750,384743653
14,15,500,1791064739174394628,1791064739569672797,395279071
15,15,500,1791064739174394628,1791064739570923522,396529295
16,15,500,1791064739174394628,1791064739572174287,397780071
17,15,500,1791064739174394628,1791064739573313698,398919451
18,15,500,1791064739174394628,1791064739574955994,400561837
19,15,500,1791064739174394628,1791064739579702044,405307897
0,16,500,1791064739274394628,1791064739580737740,306343503
1,16,500,1791064739274394628,1791064739581818483,307424236
2,16,500,1791064739274394628,1791064739590501272,316107256
3,16,500,1791064739274394628,1791064739591921780,317527543
4,16,500,1791064739274394628,1791064739593008702,318614465
5,16,500,1791064739274394628,1791064739599225364,324831337
6,16,500,1791064739274394628,1791064739604797779,330403632
7,16,500,1791064739274394628,1791064739610911148,336517001
8,16,500,1791064739274394628,1791064739611972182,337577945
9,16,500,1791064739274394628,1791064739612977843,338583596
10,16,500,1791064739274394628,1791064739634432638,360038781
11,16,500,1791064739274394628,1791064739635662793,361268566
12,16,500,1791064739274394628,1791064739637047146,362652919
13,16,500,1791064739274394628,1791064739646065844,371671707
14,16,500,1791064739274394628,1791064739649319851,374925704
15,16,500,1791064739274394628,1791064739651729626,377335479
16,16,500,1791064739274394628,1791064739652922725,378528488
17,16,500,1791064739274394628,1791064739653981115,379586898
18,16,500,1791064739274394628,1791064739656103513,381709387
19,16,500,1791064739274394628,1791064739658935484,384541357
0,17,500,1791064739374394628,1791064739660349582,285955345
1,17,500,1791064739374394628,1791064739661403796,287009589
2,17,500,1791064739374394628,1791064739663533805,289139648
3,17,500,1791064739374394628,1791064739664750320,290356073
4,17,500,1791064739374394628,1791064739665809060,291414823
5,17,500,1791064739374394628,1791064739670281134,295887177
6,17,500,1791064739374394628,1791064739671347796,296953559
7,17,500,1791064739374394628,1791064739672378625,297984388
8,17,500,1791064739374394628,1791064739678069717,303675600
9,17,500,1791064739374394628,1791064739680437469,306043282
10,17,500,1791064739374394628,1791064739683307526,308913349
11,17,500,1791064739374394628,1791064739684307039,309912802
12,17,500,1791064739374394628,1791064739685302545,310908309
13,17,500,1791064739374394628,1791064739686340245,311945998
14,17,500,1791064739374394628,1791064739687340809,312946572
15,17,500,1791064739374394628,1791064739688342675,313948428
16,17,500,1791064739374394628,1791064739689975317,315581090
17,17,500,1791064739374394628,1791064739690988640,316594403
18,17,500,1791064739374394628,1791064739691990917,317596680
19,17,500,1791064739374394628,1791064739692993023,318598776
0,18,500,1791064739474394628,1791064739694101158,219707462
1,18,500,1791064739474394628,1791064739695180970,220786733
2,18,500,1791064739474394628,1791064739696239249,221845012
3,18,500,1791064739474394628,1791064739697253414,222859177
4,18,500,1791064739474394628,1791064739698287768,223893531
5,18,500,1791064739474394628,1791064739699311627,224917390
6,18,500,1791064739474394628,1791064739700356837,225962600
7,18,500,1791064739474394628,1791064739701393064,226998838
8,18,500,1791064739474394628,1791064739702432286,228038049
9,18,500,1791064739474394628,1791064739703429375,229035138
10,18,500,1791064739474394628,1791064739704454295,230060058
11,18,500,1791064739474394628,1791064739705448510,231054263
12,18,500,1791064739474394628,1791064739706485368,232091131
13,18,500,1791064739474394628,1791064739707483148,233088911
14,18,500,1791064739474394628,1791064739708476141,234081974
15,18,500,1791064739474394628,1791064739709466800,235072553
16,18,500,1791064739474394628,1791064739711123798,236729691
17,18,500,1791064739474394628,1791064739712673867,238279660
18,18,500,1791064739474394628,1791064739713878334,239484107
19,18,500,1791064739474394628,1791064739715494201,241099964
0,19,500,1791064739574394628,1791064739717350114,142955987
1,19,500,1791064739574394628,1791064739719125388,144731181
2,19,500,1791064739574394628,1791064739720167593,145773356
3,19,500,1791064739574394628,1791064739721173265,146779018
4,19,500,1791064739574394628,1791064739722923772,148529555
5,19,500,1791064739574394628,1791064739724565537,150171300
6,19,500,1791064739574394628,1791064739725812286,151418059
7,19,500,1791064739574394628,1791064739726956333,152562136
8,19,500,1791064739574394628,1791064739728024488,153630271
9,19,500,1791064739574394628,1791064739729192230,154798003
10,19,500,1791064739574394628,1791064739730386412,155992195
11,19,500,1791064739574394628,1791064739731470750,157076513
12,19,500,1791064739574394628,1791064739732488069,158093832
13,19,500,1791064739574394628,1791064739733655481,159261284
14,19,500,1791064739574394628,1791064739734740009,160345772
15,19,500,1791064739574394628,1791064739735880862,161486635
16,19,500,1791064739574394628,1791064739736947424,162553187
17,19,500,1791064739574394628,1791064739737967016,163572779
18,19,500,1791064739574394628,1791064739739061590,164667343
19,19,500,1791064739574394628,1791064739740338804,165944557
0,20,500,1791064739674394628,1791064739741594858,67200651
1,20,500,1791064739674394628,1791064739742900494,68506328
2,20,500,1791064739674394628,1791064739744303335,69909188
3,20,500,1791064739674394628,1791064739745990458,71596251
4,20,500,1791064739674394628,1791064739747741345,73347168
5,20,500,1791064739674394628,1791064739749499302,75105075
6,20,500,1791064739674394628,1791064739750814353,76420106
7,20,500,1791064739674394628,1791064739751814246,77420009
8,20,500,1791064739674394628,1791064739752877774,78483687
9,20,500,1791064739674394628,1791064739754502904,80108667
10,20,500,1791064739674394628,1791064739756185951,81791714
11,20,500,1791064739674394628,1791064739757861406,83467170
12,20,500,1791064739674394628,1791064739759535279,85141032
13,20,500,1791064739674394628,1791064739761416069,87021872
14,20,500,1791064739674394628,1791064739763770782,89376665
15,20,500,1791064739674394628,1791064739766438479,92044332
16,20,500,1791064739674394628,1791064739769312482,94918306
17,20,500,1791064739674394628,1791064739770701833,96307626
18,20,500,1791064739674394628,1791064739772131324,97737147
19,20,500,1791064739674394628,1791064739773364663,98970426
0,21,500,1791064739774394628,1791064739775804562,1410365
1,21,500,1791064739774394628,1791064739776879727,2485480
2,21,500,1791064739774394628,1791064739777904046,3509799
3,21,500,1791064739774394628,1791064739779025009,4630782
4,21,500,1791064739774394628,1791064739780346349,5952163
5,21,500,1791064739774394628,1791064739781875217,7481000
6,21,500,1791064739774394628,1791064739783687215,9293108
7,21,500,1791064739774394628,1791064739785022536,10628349
8,21,500,1791064739774394628,1791064739786104771,11710544
9,21,500,1791064739774394628,1791064739787137683,12743446
10,21,500,1791064739774394628,1791064739788272096,13877899
11,21,500,1791064739774394628,1791064739789308884,14914637
12,21,500,1791064739774394628,1791064739790420182,16025935
13,21,500,1791064739774394628,1791064739791726790,17332764
14,21,500,1791064739774394628,1791064739792977506,18583319
15,21,500,1791064739774394628,1791064739794072971,19678734
16,21,500,1791064739774394628,1791064739795350175,20956009
17,21,500,1791064739774394628,1791064739796637575,22243378
18,21,500,1791064739774394628,1791064739797662345,23268148
19,21,500,1791064739774394628,1791064739798688677,24294430
0,22,500,1791064739874394628,1791064739875705220,1311323
1,22,500,1791064739874394628,1791064739876848445,2454208
2,22,500,1791064739874394628,1791064739878030248,3636031
3,22,500,1791064739874394628,1791064739879045685,4651448
4,22,500,1791064739874394628,1791064739880139397,5745170
5,22,500,1791064739874394628,1791064739881296343,6902096
6,22,500,1791064739874394628,1791064739882304779,7910542
7,22,500,1791064739874394628,1791064739883431210,9036963
8,22,500,1791064739874394628,1791064739884461898,10067651
9,22,500,1791064739874394628,1791064739885447300,11053053
10,22,500,1791064739874394628,1791064739886537007,12142770
11,22,500,1791064739874394628,1791064739887624510,13230273
12,22,500,1791064739874394628,1791064739888622230,14227983
13,22,500,1791064739874394628,1791064739889611207,15216970
14,22,500,1791064739874394628,1791064739890665120,16270883
15,22,500,1791064739874394628,1791064739891728698,17334451
16,22,500,1791064739874394628,1791064739892853456,18459249
17,22,500,1791064739874394628,1791064739893888421,19494184
18,22,500,1791064739874394628,1791064739894870438,20476201
19,22,500,1791064739874394628,1791064739895852475,21458238
0,23,500,1791064739974394628,1791064739975607569,1213673
1,23,500,1791064739974394628,1791064739976739628,2345391
2,23,500,1791064739974394628,1791064739980855384,6461247
3,23,500,1791064739974394628,1791064739984964359,10570212
4,23,500,1791064739974394628,1791064739985993115,11598878
5,23,500,1791064739974394628,1791064739990127928,15733731
6,23,500,1791064739974394628,1791064739991125267,16731030
7,23,500,1791064739974394628,1791064739995173603,20779446
8,23,500,1791064739974394628,1791064739996188969,21794722
9,23,500,1791064739974394628,1791064739999422735,25028588
10,23,500,1791064739974394628,1791064740001181033,26786897
11,23,500,1791064739974394628,1791064740003137395,28743239
12,23,500,1791064739974394628,1791064740004152271,29758034
13,23,500,1791064739974394628,1791064740005322707,30928540
14,23,500,1791064739974394628,1791064740006414557,32020320
15,23,500,1791064739974394628,1791064740007515079,33120842
16,23,500,1791064739974394628,1791064740008512278,34118041
17,23,500,1791064739974394628,1791064740009613131,35218894
18,23,500,1791064739974394628,1791064740010643990,36249753
19,23,500,1791064739974394628,1791064740011716561,37322324
0,24,500,1791064740074394628,1791064740075563298,1169151
1,24,500,1791064740074394628,1791064740076592635,2198398
2,24,500,1791064740074394628,1791064740077696222,3301975
3,24,500,1791064740074394628,1791064740079126133,4731966
4,24,500,1791064740074394628,1791064740080124504,5730267
5,24,500,1791064740074394628,1791064740081114522,6720285
6,24,500,1791064740074394628,1791064740082176007,7781770
7,24,500,1791064740074394628,1791064740083256480,8862243
8,24,500,1791064740074394628,1791064740084419805,10025589
9,24,500,1791064740074394628,1791064740085483143,11088906
10,24,500,1791064740074394628,1791064740086485460,12091223
11,24,500,1791064740074394628,1791064740087575096,13180859
12,24,500,1791064740074394628,1791064740088708437,14314270
13,24,500,1791064740074394628,1791064740089918392,15524155
14,24,500,1791064740074394628,1791064740091118101,16723874
15,24,500,1791064740074394628,1791064740092244953,17850706
16,24,500,1791064740074394628,1791064740093350052,18955805
17,24,500,1791064740074394628,1791064740094502912,20108665
18,24,500,1791064740074394628,1791064740095515574,21121327
19,24,500,1791064740074394628,1791064740096902621,22508465
0,25,500,1791064740174394628,1791064740177552774,3159048
1,25,500,1791064740174394628,1791064740179031077,4636850
2,25,500,1791064740174394628,1791064740180422941,6028714
3,25,500,1791064740174394628,1791064740182839536,8445519
4,25,500,1791064740174394628,1791064740184406490,10012273
5,25,500,1791064740174394628,1791064740185906125,11511918
6,25,500,1791064740174394628,1791064740187335284,12941058
7,25,500,1791064740174394628,1791064740188771194,14376967
8,25,500,1791064740174394628,1791064740190214105,15819908
9,25,500,1791064740174394628,1791064740191651607,17257440
10,25,500,1791064740174394628,1791064740193948605,19554458
11,25,500,1791064740174394628,1791064740198962130,24568284
12,25,500,1791064740174394628,1791064740200028052,25633815
13,25,500,1791064740174394628,1791064740201095946,26701709
14,25,500,1791064740174394628,1791064740202205672,27811425
15,25,500,1791064740174394628,1791064740203342748,28948602
16,25,500,1791064740174394628,1791064740204413026,30018789
17,25,500,1791064740174394628,1791064740205515742,31121495
18,25,500,1791064740174394628,1791064740206588814,32194577
19,25,500,1791064740174394628,1791064740207970363,33576176
0,26,500,1791064740274394628,1791064740275636235,1242348
1,26,500,1791064740274394628,1791064740276645682,2251435
2,26,500,1791064740274394628,1791064740277647148,3252901
3,26,500,1791064740274394628,1791064740278721181,4326944
4,26,500,1791064740274394628,1791064740279948451,5554324
5,26,500,1791064740274394628,1791064740281107610,6713384
6,26,500,1791064740274394628,1791064740282134944,7740707
7,26,500,1791064740274394628,1791064740283194106,8799869
8,26,500,1791064740274394628,1791064740284214059,9819822
9,26,500,1791064740274394628,1791064740285221323,10827076
10,26,500,1791064740274394628,1791064740286384508,11990271
11,26,500,1791064740274394628,1791064740287384992,12990856
12,26,500,1791064740274394628,1791064740288490793,14096556
13,26,500,1791064740274394628,1791064740289478397,15084161
14,26,500,1791064740274394628,1791064740290490529,16096282
15,26,500,1791064740274394628,1791064740291483512,17089265
16,26,500,1791064740274394628,1791064740292470255,18076008
17,26,500,1791064740274394628,1791064740293618719,19224472
18,26,500,1791064740274394628,1791064740294844617,20450370
19,26,500,1791064740274394628,1791064740295944489,21550322
0,27,500,1791064740374394628,1791064740375922304,1528398
1,27,500,1791064740374394628,1791064740377096596,2702359
2,27,500,1791064740374394628,1791064740386238006,11844009
3,27,500,1791064740374394628,1791064740389089125,14694978
4,27,500,1791064740374394628,1791064740391166397,16772210
5,27,500,1791064740374394628,1791064740392191928,17797691
6,27,500,1791064740374394628,1791064740393205631,18811384
7,27,500,1791064740374394628,1791064740395139820,20745714
8,27,500,1791064740374394628,1791064740399302184,24908438
9,27,500,1791064740374394628,1791064740400779836,26385649
10,27,500,1791064740374394628,1791064740402233623,27839426
11,27,500,1791064740374394628,1791064740403241638,28847391
12,27,500,1791064740374394628,1791064740404246689,29852452
13,27,500,1791064740374394628,1791064740405358348,30964121
14,27,500,1791064740374394628,1791064740407323403,32929246
15,27,500,1791064740374394628,1791064740408333701,33939454
16,27,500,1791064740374394628,1791064740409327185,34932948
17,27,500,1791064740374394628,1791064740414347572,39953425
18,27,500,1791064740374394628,1791064740415440713,41046467
19,27,500,1791064740374394628,1791064740419732109,45338043
0,28,500,1791064740474394628,1791064740475505601,1111684
1,28,500,1791064740474394628,1791064740476505313,2111066
2,28,500,1791064740474394628,1791064740477603172,3208935
3,28,500,1791064740474394628,1791064740486440271,12046124
4,28,500,1791064740474394628,1791064740487535645,13141408
5,28,500,1791064740474394628,1791064740496461626,22067479
6,28,500,1791064740474394628,1791064740497466877,23072640
7,28,500,1791064740474394628,1791064740504237450,29843333
8,28,500,1791064740474394628,1791064740510685595,36291568
9,28,500,1791064740474394628,1791064740511779257,37385040
10,28,500,1791064740474394628,1791064740512798198,38403962
11,28,500,1791064740474394628,1791064740513802007,39407770
12,28,500,1791064740474394628,1791064740517825926,43431889
13,28,500,1791064740474394628,1791064740522610884,48216757
14,28,500,1791064740474394628,1791064740523651688,49257451
15,28,500,1791064740474394628,1791064740526236953,51842796
16,28,500,1791064740474394628,1791064740527250346,52856099
17,28,500,1791064740474394628,1791064740528281515,53887279
18,28,500,1791064740474394628,1791064740529285985,54891748
19,28,500,1791064740474394628,1791064740530332388,55938151
0,29,500,1791064740574394628,1791064740578192421,3798544
1,29,500,1791064740574394628,1791064740579255367,4861120
2,29,500,1791064740574394628,1791064740580253698,5859451
3,29,500,1791064740574394628,1791064740583087391,8693245
4,29,500,1791064740574394628,1791064740590325989,15931842
5,29,500,1791064740574394628,1791064740591831743,17437556
6,29,500,1791064740574394628,1791064740592878435,18484198
7,29,500,1791064740574394628,1791064740606026338,31632191
8,29,500,1791064740574394628,1791064740617940180,43546034
9,29,500,1791064740574394628,1791064740621142200,46748013
10,29,500,1791064740574394628,1791064740623912409,49518332
11,29,500,1791064740574394628,1791064740628083226,53689089
12,29,500,1791064740574394628,1791064740629082588,54688352
13,29,500,1791064740574394628,1791064740638306500,63912694
14,29,500,1791064740574394628,1791064740639323079,64928842
15,29,500,1791064740574394628,1791064740640328039,65933802
16,29,500,1791064740574394628,1791064740661128333,86734427
17,29,500,1791064740574394628,1791064740673184437,98790540
18,29,500,1791064740574394628,1791064740678608522,104214646
19,29,500,1791064740574394628,1791064740679651660,105257423
0,30,500,1791064740674394628,1791064740683546998,9152881
1,30,500,1791064740674394628,1791064740689374232,14980085
2,30,500,1791064740674394628,1791064740690791794,16397637
3,30,500,1791064740674394628,1791064740693155921,18761784
4,30,500,1791064740674394628,1791064740694681254,20287077
5,30,500,1791064740674394628,1791064740695693706,21299469
6,30,500,1791064740674394628,1791064740696722972,22328735
7,30,500,1791064740674394628,1791064740697747182,23352945
8,30,500,1791064740674394628,1791064740698947693,24553446
9,30,500,1791064740674394628,1791064740699973244,25579007
10,30,500,1791064740674394628,1791064740700992916,26598679
11,30,500,1791064740674394628,1791064740702184694,27790457
12,30,500,1791064740674394628,1791064740703342742,28948525
13,30,500,1791064740674394628,1791064740704477485,30083278
14,30,500,1791064740674394628,1791064740705490868,31096631
15,30,500,1791064740674394628,1791064740706570920,32176693
16,30,500,1791064740674394628,1791064740707577954,33183847
17,30,500,1791064740674394628,1791064740708577056,34182809
18,30,500,1791064740674394628,1791064740710464706,36070519
19,30,500,1791064740674394628,1791064740714662934,40268757
0,31,500,1791064740774394628,1791064740776905731,2511825
1,31,500,1791064740774394628,1791064740779428183,5033986
2,31,500,1791064740774394628,1791064740780430379,6036143
3,31,500,1791064740774394628,1791064740784572073,10177916
4,31,500,1791064740774394628,1791064740785569442,11175205
5,31,500,1791064740774394628,1791064740786976900,12582743
6,31,500,1791064740774394628,1791064740791620729,17226682
7,31,500,1791064740774394628,1791064740792844394,18450197
8,31,500,1791064740774394628,1791064740793838568,19444321
9,31,500,1791064740774394628,1791064740805625172,31231166
10,31,500,1791064740774394628,1791064740810501726,36107579
11,31,500,1791064740774394628,1791064740811696688,37302471
12,31,500,1791064740774394628,1791064740830444938,56051042
13,31,500,1791064740774394628,1791064740831448287,57054050
14,31,500,1791064740774394628,1791064740832456262,58062025
15,31,500,1791064740774394628,1791064740846997762,72604116
16,31,500,1791064740774394628,1791064740851307825,76913678
17,31,500,1791064740774394628,1791064740860308256,85914329
18,31,500,1791064740774394628,1791064740861580293,87186046
19,31,500,1791064740774394628,1791064740863949898,89555751
0,32,500,1791064740874394628,1791064740875597575,1203519
1,32,500,1791064740874394628,1791064740876648784,2254548
2,32,500,1791064740874394628,1791064740884536976,10142949
3,32,500,1791064740874394628,1791064740892137320,17743183
4,32,500,1791064740874394628,1791064740901921212,27527426
5,32,500,1791064740874394628,1791064740903086150,28691964
6,32,500,1791064740874394628,1791064740910302305,35908158
7,32,500,1791064740874394628,1791064740911296569,36902332
8,32,500,1791064740874394628,1791064740912291145,37896898
9,32,500,1791064740874394628,1791064740913378247,38984000
10,32,500,1791064740874394628,1791064740927794191,53400154
11,32,500,1791064740874394628,1791064740932886815,58492779
12,32,500,1791064740874394628,1791064740938902138,64507991
13,32,500,1791064740874394628,1791064740939972506,65578259
14,32,500,1791064740874394628,1791064740940981953,66587716
15,32,500,1791064740874394628,1791064740942009537,67615300
16,32,500,1791064740874394628,1791064740943043381,68649144
17,32,500,1791064740874394628,1791064740944162421,69768184
18,32,500,1791064740874394628,1791064740945191718,70797481
19,32,500,1791064740874394628,1791064740946233453,71839206
0,33,500,1791064740974394628,1791064740982825291,8431264
1,33,500,1791064740974394628,1791064740983828599,9434363
2,33,500,1791064740974394628,1791064740984935862,10541625
3,33,500,1791064740974394628,1791064741003640768,29246611
4,33,500,1791064740974394628,1791064741004646039,30251812
5,33,500,1791064740974394628,1791064741005641245,31247088
6,33,500,1791064740974394628,1791064741024070662,49677076
7,33,500,1791064740974394628,1791064741025114631,50720394
8,33,500,1791064740974394628,1791064741035134203,60740147
9,33,500,1791064740974394628,1791064741036138503,61744256
10,33,500,1791064740974394628,1791064741037229762,62835525
11,33,500,1791064740974394628,1791064741038473206,64078989
12,33,500,1791064740974394628,1791064741044335372,69941325
13,33,500,1791064740974394628,1791064741047648927,73254820
14,33,500,1791064740974394628,1791064741048651744,74257507
15,33,500,1791064740974394628,1791064741049633501,75239264
16,33,500,1791064740974394628,1791064741054834336,80440319
17,33,500,1791064740974394628,1791064741056571923,82178026
18,33,500,1791064740974394628,1791064741063328435,88934498
19,33,500,1791064740974394628,1791064741064739818,90345582
0,34,500,1791064741074394628,1791064741083364465,8970569
1,34,500,1791064741074394628,1791064741084724523,10330366
2,34,500,1791064741074394628,1791064741097995238,23601371
3,34,500,1791064741074394628,1791064741099443967,25049810
4,34,500,1791064741074394628,1791064741120132585,45738779
5,34,500,1791064741074394628,1791064741121488456,47094310
6,34,500,1791064741074394628,1791064741131608668,57214862
7,34,500,1791064741074394628,1791064741146892655,72498909
8,34,500,1791064741074394628,1791064741147902393,73508156
9,34,500,1791064741074394628,1791064741149273547,74879350
10,34,500,1791064741074394628,1791064741151672675,77278538
11,34,500,1791064741074394628,1791064741161919395,87525508
12,34,500,1791064741074394628,1791064741162976212,88581975
13,34,500,1791064741074394628,1791064741163998929,89604692
14,34,500,1791064741074394628,1791064741165060885,90666638
15,34,500,1791064741074394628,1791064741166316056,91921879
16,34,500,1791064741074394628,1791064741167300487,92906240
17,34,500,1791064741074394628,1791064741169124492,94730295
18,34,500,1791064741074394628,1791064741175463606,101069459
19,34,500,1791064741074394628,1791064741176750364,102356187
0,35,500,1791064741174394628,1791064741177964195,3570148
1,35,500,1791064741174394628,1791064741190824040,16430214
2,35,500,1791064741174394628,1791064741191920627,17526390
3,35,500,1791064741174394628,1791064741192925067,18530820
4,35,500,1791064741174394628,1791064741212510489,38116703
5,35,500,1791064741174394628,1791064741213560727,39166490
6,35,500,1791064741174394628,1791064741214891701,40497544
7,35,500,1791064741174394628,1791064741216001337,41607170
8,35,500,1791064741174394628,1791064741217291431,42897234
9,35,500,1791064741174394628,1791064741241481042,67087406
10,35,500,1791064741174394628,1791064741248135944,73742037
11,35,500,1791064741174394628,1791064741249314301,74920105
12,35,500,1791064741174394628,1791064741254142694,79748968
13,35,500,1791064741174394628,1791064741255321142,80926915
14,35,500,1791064741174394628,1791064741256469666,82075479
15,35,500,1791064741174394628,1791064741257457160,83062923
16,35,500,1791064741174394628,1791064741263464261,89070344
17,35,500,1791064741174394628,1791064741264473438,90079201
18,35,500,1791064741174394628,1791064741267046099,92652473
19,35,500,1791064741174394628,1791064741269213404,94819247
0,36,500,1791064741274394628,1791064741282891704,8497557
1,36,500,1791064741274394628,1791064741283901562,9507325
2,36,500,1791064741274394628,1791064741284911079,10516842
3,36,500,1791064741274394628,1791064741287270138,12876042
4,36,500,1791064741274394628,1791064741291278514,16884368
5,36,500,1791064741274394628,1791064741292286840,17892603
6,36,500,1791064741274394628,1791064741296226524,21832377
7,36,500,1791064741274394628,1791064741306573462,32179425
8,36,500,1791064741274394628,1791064741307575178,33180941
9,36,500,1791064741274394628,1791064741308574350,34180113
10,36,500,1791064741274394628,1791064741319651591,45257435
11,36,500,1791064741274394628,1791064741320653928,46259691
12,36,500,1791064741274394628,1791064741321647622,47253375
13,36,500,1791064741274394628,1791064741326836849,52442863
14,36,500,1791064741274394628,1791064741331973940,57579903
15,36,500,1791064741274394628,1791064741342026270,67632234
16,36,500,1791064741274394628,1791064741343023460,68629223
17,36,500,1791064741274394628,1791064741346319339,71925182
18,36,500,1791064741274394628,1791064741347315647,72921400
19,36,500,1791064741274394628,1791064741353827005,79433028
0,37,500,1791064741374394628,1791064741380259634,5865487
1,37,500,1791064741374394628,1791064741381267098,6872861
2,37,500,1791064741374394628,1791064741390731748,16337721
3,37,500,1791064741374394628,1791064741397309255,22915108
4,37,500,1791064741374394628,1791064741403912820,29518673
5,37,500,1791064741374394628,1791064741404916018,30521771
6,37,500,1791064741374394628,1791064741412605244,38211407
7,37,500,1791064741374394628,1791064741421217338,46823191
8,37,500,1791064741374394628,1791064741422252754,47858507
9,37,500,1791064741374394628,1791064741425625818,51231671
10,37,500,1791064741374394628,1791064741426664498,52270252
11,37,500,1791064741374394628,1791064741427658663,53264426
12,37,500,1791064741374394628,1791064741430076439,55682293
13,37,500,1791064741374394628,1791064741438178688,63784952
14,37,500,1791064741374394628,1791064741439174385,64780148
15,37,500,1791064741374394628,1791064741440168760,65774523
16,37,500,1791064741374394628,1791064741441168703,66774466
17,37,500,1791064741374394628,1791064741443193837,68799660
18,37,500,1791064741374394628,1791064741454149568,79755421
19,37,500,1791064741374394628,1791064741459082896,84688749
0,38,500,1791064741474394628,1791064741477094834,2700807
1,38,500,1791064741474394628,1791064741479169642,4775485
2,38,500,1791064741474394628,1791064741480169745,5775508
3,38,500,1791064741474394628,1791064741481285070,6890833
4,38,500,1791064741474394628,1791064741482302068,7907831
5,38,500,1791064741474394628,1791064741483310854,8916618
6,38,500,1791064741474394628,1791064741484311779,9917542
7,38,500,1791064741474394628,1791064741485316179,10921942
8,38,500,1791064741474394628,1791064741486998585,12604368
9,38,500,1791064741474394628,1791064741487992729,13598492
10,38,500,1791064741474394628,1791064741488990369,14596122
11,38,500,1791064741474394628,1791064741490111843,15717596
12,38,500,1791064741474394628,1791064741491180128,16785891
13,38,500,1791064741474394628,1791064741492182034,17787787
14,38,500,1791064741474394628,1791064741499426475,25032749
15,38,500,1791064741474394628,1791064741500749748,26355541
16,38,500,1791064741474394628,1791064741505067743,30673606
17,38,500,1791064741474394628,1791064741510981485,36587468
18,38,500,1791064741474394628,1791064741512350155,37955978
19,38,500,1791064741474394628,1791064741513751323,39357116
0,39,500,1791064741574394628,1791064741581992079,7598182
1,39,500,1791064741574394628,1791064741583000605,8606358
2,39,500,1791064741574394628,1791064741587107827,12713680
3,39,500,1791064741574394628,1791064741588889409,14495383
4,39,500,1791064741574394628,1791064741593919280,19525284
5,39,500,1791064741574394628,1791064741595014635,20620418
6,39,500,1791064741574394628,1791064741596262126,21867959
7,39,500,1791064741574394628,1791064741597278173,22883936
8,39,500,1791064741574394628,1791064741598447878,24053681
9,39,500,1791064741574394628,1791064741599491546,25097309
10,39,500,1791064741574394628,1791064741600490979,26096742
11,39,500,1791064741574394628,1791064741601488588,27094432
12,39,500,1791064741574394628,1791064741602588971,28194734
13,39,500,1791064741574394628,1791064741603730884,29336687
14,39,500,1791064741574394628,1791064741604828332,30434095
15,39,500,1791064741574394628,1791064741605948664,31554417
16,39,500,1791064741574394628,1791064741607090618,32696381
17,39,500,1791064741574394628,1791064741608091893,33697656
18,39,500,1791064741574394628,1791064741609783843,35389656
19,39,500,1791064741574394628,1791064741610806150,36411983
0,40,500,1791064741674394628,1791064741678301639,3907903
1,40,500,1791064741674394628,1791064741679354561,4960324
2,40,500,1791064741674394628,1791064741680350748,5956511
3,40,500,1791064741674394628,1791064741681634362,7240165
4,40,500,1791064741674394628,1791064741691815565,17421658
5,40,500,1791064741674394628,1791064741692814106,18419869
6,40,500,1791064741674394628,1791064741694429241,20035235
7,40,500,1791064741674394628,1791064741695562713,21168476
8,40,500,1791064741674394628,1791064741696553743,22159506
9,40,500,1791064741674394628,1791064741697548799,23154562
10,40,500,1791064741674394628,1791064741698569242,24174995
11,40,500,1791064741674394628,1791064741699660511,25266264
12,40,500,1791064741674394628,1791064741700725661,26331424
13,40,500,1791064741674394628,1791064741701836239,27442002
14,40,500,1791064741674394628,1791064741702912145,28517898
15,40,500,1791064741674394628,1791064741704033778,29639562
16,40,500,1791064741674394628,1791064741706647525,32253369
17,40,500,1791064741674394628,1791064741707650824,33256577
18,40,500,1791064741674394628,1791064741708862501,34468294
19,40,500,1791064741674394628,1791064741719750372,45356725
0,41,500,1791064741774394628,1791064741777702374,3308578
1,41,500,1791064741774394628,1791064741778913571,4519354
2,41,500,1791064741774394628,1791064741780163735,5769519
3,41,500,1791064741774394628,1791064741781245330,6851103
4,41,500,1791064741774394628,1791064741782986312,8592146
5,41,500,1791064741774394628,1791064741792648625,18254719
6,41,500,1791064741774394628,1791064741797472140,23078424
7,41,500,1791064741774394628,1791064741800475715,26081678
8,41,500,1791064741774394628,1791064741803228468,28834351
9,41,500,1791064741774394628,1791064741806748960,32354824
10,41,500,1791064741774394628,1791064741807805668,33411431
11,41,500,1791064741774394628,1791064741813964203,39570287
12,41,500,1791064741774394628,1791064741815556595,41162448
13,41,500,1791064741774394628,1791064741816793189,42399013
14,41,500,1791064741774394628,1791064741817943516,43549309
15,41,500,1791064741774394628,1791064741820270418,45876281
16,41,500,1791064741774394628,1791064741821285233,46890996
17,41,500,1791064741774394628,1791064741823216628,48822451
18,41,500,1791064741774394628,1791064741824282409,49888172
19,41,500,1791064741774394628,1791064741825474397,51080180
0,42,500,1791064741874394628,1791064741877264720,2870803
1,42,500,1791064741874394628,1791064741878499602,4105365
2,42,500,1791064741874394628,1791064741880618765,6224618
3,42,500,1791064741874394628,1791064741883790179,9396303
4,42,500,1791064741874394628,1791064741892947393,18553787
5,42,500,1791064741874394628,1791064741893979744,19585507
6,42,500,1791064741874394628,1791064741894976452,20582215
7,42,500,1791064741874394628,1791064741895966801,21572564
8,42,500,1791064741874394628,1791064741896978352,22584115
9,42,500,1791064741874394628,1791064741898267113,23872947
10,42,500,1791064741874394628,1791064741909341310,34947384
11,42,500,1791064741874394628,1791064741910835957,36441781
12,42,500,1791064741874394628,1791064741912023269,37629142
13,42,500,1791064741874394628,1791064741913924750,39530603
14,42,500,1791064741874394628,1791064741922705574,48311848
15,42,500,1791064741874394628,1791064741923861088,49466851
16,42,500,1791064741874394628,1791064741930743608,56349671
17,42,500,1791064741874394628,1791064741932881989,58487833
18,42,500,1791064741874394628,1791064741938540252,64146326
19,42,500,1791064741874394628,1791064741941797755,67403608
0,43,500,1791064741974394628,1791064741975927180,1533274
1,43,500,1791064741974394628,1791064741980349771,5955624
2,43,500,1791064741974394628,1791064741981579605,7185398
3,43,500,1791064741974394628,1791064741982613909,8219672
4,43,500,1791064741974394628,1791064741983696976,9302739
5,43,500,1791064741974394628,1791064741985283399,10889252
6,43,500,1791064741974394628,1791064741986496979,12102812
7,43,500,1791064741974394628,1791064741987571603,13177366
8,43,500,1791064741974394628,1791064741988677894,14283657
9,43,500,1791064741974394628,1791064741989686370,15292133
10,43,500,1791064741974394628,1791064741990885819,16491612
11,43,500,1791064741974394628,1791064741991882357,17488110
12,43,500,1791064741974394628,1791064741994561391,20167255
13,43,500,1791064741974394628,1791064741998856983,24462957
14,43,500,1791064741974394628,1791064742002402973,28008816
15,43,500,1791064741974394628,1791064742003403467,29009230
16,43,500,1791064741974394628,1791064742004388128,29993891
17,43,500,1791064741974394628,1791064742005378848,30984611
18,43,500,1791064741974394628,1791064742010923432,36529385
19,43,500,1791064741974394628,1791064742013316902,38922765
0,44,500,1791064742074394628,1791064742075991410,1597514
1,44,500,1791064742074394628,1791064742077089910,2695673
2,44,500,1791064742074394628,1791064742082003558,7609652
3,44,500,1791064742074394628,1791064742083411056,9016859
4,44,500,1791064742074394628,1791064742085796605,11402468
5,44,500,1791064742074394628,1791064742086927993,12533756
6,44,500,1791064742074394628,1791064742087911041,13516804
7,44,500,1791064742074394628,1791064742088990002,14595775
8,44,500,1791064742074394628,1791064742090171184,15776987
9,44,500,1791064742074394628,1791064742091176194,16781958
10,44,500,1791064742074394628,1791064742092200584,17806347
11,44,500,1791064742074394628,1791064742094208933,19814796
12,44,500,1791064742074394628,1791064742095193383,20799146
13,44,500,1791064742074394628,1791064742096199215,21804979
14,44,500,1791064742074394628,1791064742097185268,22791021
15,44,500,1791064742074394628,1791064742098378879,23984692
16,44,500,1791064742074394628,1791064742099379293,24985056
17,44,500,1791064742074394628,1791064742100441018,26046781
18,44,500,1791064742074394628,1791064742101446419,27052182
19,44,500,1791064742074394628,1791064742102658116,28263939
0,45,500,1791064742174394628,1791064742175639583,1245737
1,45,500,1791064742174394628,1791064742176776810,2382593
2,45,500,1791064742174394628,1791064742177790173,3395926
3,45,500,1791064742174394628,1791064742178913049,4518812
4,45,500,1791064742174394628,1791064742180041523,5647326
5,45,500,1791064742174394628,1791064742181078661,6684424
6,45,500,1791064742174394628,1791064742182155338,7761091
7,45,500,1791064742174394628,1791064742183264944,8870717
8,45,500,1791064742174394628,1791064742184251698,9857451
9,45,500,1791064742174394628,1791064742185389205,10994988
10,45,500,1791064742174394628,1791064742186508826,12114629
11,45,500,1791064742174394628,1791064742187499806,13105569
12,45,500,1791064742174394628,1791064742188479909,14085672
13,45,500,1791064742174394628,1791064742191096070,16702093
14,45,500,1791064742174394628,1791064742192084767,17690530
15,45,500,1791064742174394628,1791064742193065632,18671395
16,45,500,1791064742174394628,1791064742194155188,19760961
17,45,500,1791064742174394628,1791064742195141190,20746954
18,45,500,1791064742174394628,1791064742196211959,21817722
19,45,500,1791064742174394628,1791064742197412219,23017972
0,46,500,1791064742274394628,1791064742275641280,1247473
1,46,500,1791064742274394628,1791064742276720531,2326294
2,46,500,1791064742274394628,1791064742277725301,3331064
3,46,500,1791064742274394628,1791064742278852032,4457795
4,46,500,1791064742274394628,1791064742279836583,5442346
5,46,500,1791064742274394628,1791064742280822725,6428488
6,46,500,1791064742274394628,1791064742282097106,7702909
7,46,500,1791064742274394628,1791064742283232510,8838263
8,46,500,1791064742274394628,1791064742284217191,9822954
9,46,500,1791064742274394628,1791064742285465162,11070915
10,46,500,1791064742274394628,1791064742286522330,12128093
11,46,500,1791064742274394628,1791064742287653969,13259752
12,46,500,1791064742274394628,1791064742288744627,14350390
13,46,500,1791064742274394628,1791064742289735066,15340829
14,46,500,1791064742274394628,1791064742290925672,16531445
15,46,500,1791064742274394628,1791064742291939285,17545048
16,46,500,1791064742274394628,1791064742292936314,18542077
17,46,500,1791064742274394628,1791064742294063216,19668979
18,46,500,1791064742274394628,1791064742295189316,20795089
19,46,500,1791064742274394628,1791064742296188168,21793931
0,47,500,1791064742374394628,1791064742375881751,1487885
1,47,500,1791064742374394628,1791064742376924478,2530241
2,47,500,1791064742374394628,1791064742377992152,3597945
3,47,500,1791064742374394628,1791064742378977984,4583747
4,47,500,1791064742374394628,1791064742380197994,5803757
5,47,500,1791064742374394628,1791064742381437873,7043646
6,47,500,1791064742374394628,1791064742382577443,8183206
7,47,500,1791064742374394628,1791064742384526714,10132558
8,47,500,1791064742374394628,1791064742385641999,11247752
9,47,500,1791064742374394628,1791064742390413407,16019330
10,47,500,1791064742374394628,1791064742391439148,17044901
11,47,500,1791064742374394628,1791064742392739227,18345050
12,47,500,1791064742374394628,1791064742393838267,19444040
13,47,500,1791064742374394628,1791064742400932640,26538593
14,47,500,1791064742374394628,1791064742401998631,27604384
15,47,500,1791064742374394628,1791064742402991344,28597107
16,47,500,1791064742374394628,1791064742403981212,29586975
17,47,500,1791064742374394628,1791064742405067233,30672996
18,47,500,1791064742374394628,1791064742406365519,31971352
19,47,500,1791064742374394628,1791064742407370630,32976393
0,48,500,1791064742474394628,1791064742475665986,1272079
1,48,500,1791064742474394628,1791064742476725757,2331511
2,48,500,1791064742474394628,1791064742477740002,3345765
3,48,500,1791064742474394628,1791064742478967042,4572845
4,48,500,1791064742474394628,1791064742479961658,5567491
5,48,500,1791064742474394628,1791064742481123491,6729244
6,48,500,1791064742474394628,1791064742482125968,7731721
7,48,500,1791064742474394628,1791064742483116578,8722331
8,48,500,1791064742474394628,1791064742486876425,12482288
9,48,500,1791064742474394628,1791064742487940192,13545956
10,48,500,1791064742474394628,1791064742489075486,14681260
11,48,500,1791064742474394628,1791064742493417437,19023300
12,48,500,1791064742474394628,1791064742494427856,20033609
13,48,500,1791064742474394628,1791064742495462711,21068474
14,48,500,1791064742474394628,1791064742496596072,22201835
15,48,500,1791064742474394628,1791064742497716514,23322277
16,48,500,1791064742474394628,1791064742499517466,25123319
17,48,500,1791064742474394628,1791064742502568772,28174625
18,48,500,1791064742474394628,1791064742503554554,29160317
19,48,500,1791064742474394628,1791064742504601547,30207310
0,49,500,1791064742574394628,1791064742575841220,1447444
1,49,500,1791064742574394628,1791064742576911157,2516920
2,49,500,1791064742574394628,1791064742581664097,7269951
3,49,500,1791064742574394628,1791064742582723098,8328861
4,49,500,1791064742574394628,1791064742583725986,9331739
5,49,500,1791064742574394628,1791064742584719329,10325082
6,49,500,1791064742574394628,1791064742585708587,11314340
7,49,500,1791064742574394628,1791064742594451295,20057279
8,49,500,1791064742574394628,1791064742595471298,21077061
9,49,500,1791064742574394628,1791064742596537350,22143103
10,49,500,1791064742574394628,1791064742597623981,23229784
11,49,500,1791064742574394628,1791064742601445811,27051694
12,49,500,1791064742574394628,1791064742602493285,28099048
13,49,500,1791064742574394628,1791064742603516763,29122586
14,49,500,1791064742574394628,1791064742604799405,30405208
15,49,500,1791064742574394628,1791064742605892376,31498139
16,49,500,1791064742574394628,1791064742607270360,32876133
17,49,500,1791064742574394628,1791064742608500906,34106709
18,49,500,1791064742574394628,1791064742609561319,35167072
19,49,500,1791064742574394628,1791064742610581862,36187626
0,50,500,1791064742674394628,1791064742679002994,4609098
1,50,500,1791064742674394628,1791064742679998992,5604755
2,50,500,1791064742674394628,1791064742682277852,7883695
3,50,500,1791064742674394628,1791064742683674304,9280087
4,50,500,1791064742674394628,1791064742684789408,10395171
5,50,500,1791064742674394628,1791064742693112905,18719018
6,50,500,1791064742674394628,1791064742694413905,20019678
7,50,500,1791064742674394628,1791064742695666523,21272286
8,50,500,1791064742674394628,1791064742696996866,22602629
9,50,500,1791064742674394628,1791064742700380595,25986659
10,50,500,1791064742674394628,1791064742704030078,29635942
11,50,500,1791064742674394628,1791064742705509062,31114845
12,50,500,1791064742674394628,1791064742707103888,32709711
13,50,500,1791064742674394628,1791064742708425328,34031091
14,50,500,1791064742674394628,1791064742710123517,35729340
15,50,500,1791064742674394628,1791064742711467881,37073685
16,50,500,1791064742674394628,1791064742712803262,38409065
17,50,500,1791064742674394628,1791064742714814776,40420609
18,50,500,1791064742674394628,1791064742716152740,41758514
19,50,500,1791064742674394628,1791064742717552316,43158120
0,51,500,1791064742774394628,1791064742779138290,4744614
1,51,500,1791064742774394628,1791064742780180185,5785938
2,51,500,1791064742774394628,1791064742781182913,6788666
3,51,500,1791064742774394628,1791064742786169259,11775453
4,51,500,1791064742774394628,1791064742787338534,12944317
5,51,500,1791064742774394628,1791064742789898221,15504034
6,51,500,1791064742774394628,1791064742790913206,16518969
7,51,500,1791064742774394628,1791064742791969553,17575336
8,51,500,1791064742774394628,1791064742793218576,18824359
9,51,500,1791064742774394628,1791064742795376166,20981989
10,51,500,1791064742774394628,1791064742797040886,22646699
11,51,500,1791064742774394628,1791064742798551787,24157620
12,51,500,1791064742774394628,1791064742799918154,25523967
13,51,500,1791064742774394628,1791064742802464351,28070434
14,51,500,1791064742774394628,1791064742803563381,29169134
15,51,500,1791064742774394628,1791064742804873484,30479247
16,51,500,1791064742774394628,1791064742805929491,31535254
17,51,500,1791064742774394628,1791064742807083392,32689295
18,51,500,1791064742774394628,1791064742808271444,33877288
19,51,500,1791064742774394628,1791064742812508960,38114984
0,52,500,1791064742874394628,1791064742875922394,1528628
1,52,500,1791064742874394628,1791064742877203294,2809097
2,52,500,1791064742874394628,1791064742886231306,11837440
3,52,500,1791064742874394628,1791064742887571243,13177047
4,52,500,1791064742874394628,1791064742888576645,14182408
5,52,500,1791064742874394628,1791064742889569147,15174900
6,52,500,1791064742874394628,1791064742896273061,21879065
7,52,500,1791064742874394628,1791064742897575704,23181467
8,52,500,1791064742874394628,1791064742901585662,27191775
9,52,500,1791064742874394628,1791064742903961035,29566899
10,52,500,1791064742874394628,1791064742907499935,33105798
11,52,500,1791064742874394628,1791064742908642850,34248613
12,52,500,1791064742874394628,1791064742912805885,38411768
13,52,500,1791064742874394628,1791064742913805087,39410850
14,52,500,1791064742874394628,1791064742914854163,40459916
15,52,500,1791064742874394628,1791064742915840917,41446670
16,52,500,1791064742874394628,1791064742917179412,42785236
17,52,500,1791064742874394628,1791064742918352222,43958015
18,52,500,1791064742874394628,1791064742920235406,45841239
19,52,500,1791064742874394628,1791064742929594298,55200402
0,53,500,1791064742974394628,1791064742975499311,1105575
1,53,500,1791064742974394628,1791064742976516120,2121883
2,53,500,1791064742974394628,1791064742977603633,3209406
3,53,500,1791064742974394628,1791064742982726762,8332735
4,53,500,1791064742974394628,1791064742990600091,16206265
5,53,500,1791064742974394628,1791064742991614576,17220339
6,53,500,1791064742974394628,1791064743005568054,31174147
7,53,500,1791064742974394628,1791064743011053060,36659183
8,53,500,1791064742974394628,1791064743012275293,37881076
9,53,500,1791064742974394628,1791064743020223322,45829316
10,53,500,1791064742974394628,1791064743024830827,50436831
11,53,500,1791064742974394628,1791064743025824281,51430044
12,53,500,1791064742974394628,1791064743029402699,55008632
13,53,500,1791064742974394628,1791064743030449782,56055545
14,53,500,1791064742974394628,1791064743031491737,57097500
15,53,500,1791064742974394628,1791064743034136851,59742704
16,53,500,1791064742974394628,1791064743035265906,60871679
17,53,500,1791064742974394628,1791064743036285278,61891031
18,53,500,1791064742974394628,1791064743037596303,63202096
19,53,500,1791064742974394628,1791064743050080190,75686283
0,54,500,1791064743074394628,1791064743075511864,1117978
1,54,500,1791064743074394628,1791064743076514481,2120245
2,54,500,1791064743074394628,1791064743077553593,3159356
3,54,500,1791064743074394628,1791064743079668921,5274774
4,54,500,1791064743074394628,1791064743080852366,6458129
5,54,500,1791064743074394628,1791064743081976393,7582196
6,54,500,1791064743074394628,1791064743085931850,11538014
7,54,500,1791064743074394628,1791064743087211068,12816841
8,54,500,1791064743074394628,1791064743092450240,18056103
9,54,500,1791064743074394628,1791064743093529601,19135374
10,54,500,1791064743074394628,1791064743103261006,28867129
11,54,500,1791064743074394628,1791064743104355770,29961523
12,54,500,1791064743074394628,1791064743105437494,31043247
13,54,500,1791064743074394628,1791064743126352999,51959113
14,54,500,1791064743074394628,1791064743130538447,56144611
15,54,500,1791064743074394628,1791064743138733564,64339657
16,54,500,1791064743074394628,1791064743140012406,65618589
17,54,500,1791064743074394628,1791064743141029244,66634997
18,54,500,1791064743074394628,1791064743142128364,67734147
19,54,500,1791064743074394628,1791064743150211144,75816997
0,55,500,1791064743174394628,1791064743175503361,1109345
1,55,500,1791064743174394628,1791064743176534471,2140234
2,55,500,1791064743174394628,1791064743182258231,7864074
3,55,500,1791064743174394628,1791064743183263652,8869415
4,55,500,1791064743174394628,1791064743188857911,14463774
5,55,500,1791064743174394628,1791064743192928508,18534352
6,55,500,1791064743174394628,1791064743195806638,21412471
7,55,500,1791064743174394628,1791064743202137238,27743232
8,55,500,1791064743174394628,1791064743203149229,28754993
9,55,500,1791064743174394628,1791064743204146268,29752031
10,55,500,1791064743174394628,1791064743214696017,40301881
11,55,500,1791064743174394628,1791064743215704714,41310477
12,55,500,1791064743174394628,1791064743222950582,48556435
13,55,500,1791064743174394628,1791064743227092636,52698579
14,55,500,1791064743174394628,1791064743228101813,53707576
15,55,500,1791064743174394628,1791064743229098541,54704294
16,55,500,1791064743174394628,1791064743237915921,63521894
17,55,500,1791064743174394628,1791064743240832557,66438410
18,55,500,1791064743174394628,1791064743241834964,67440777
19,55,500,1791064743174394628,1791064743247255444,72861297
0,56,500,1791064743274394628,1791064743278650815,4256948
1,56,500,1791064743274394628,1791064743279663096,5268859
2,56,500,1791064743274394628,1791064743280664662,6270425
3,56,500,1791064743274394628,1791064743284294836,9900820
4,56,500,1791064743274394628,1791064743285370712,10976465
5,56,500,1791064743274394628,1791064743287387524,12993377
6,56,500,1791064743274394628,1791064743289610692,15216495
7,56,500,1791064743274394628,1791064743290624686,16230449
8,56,500,1791064743274394628,1791064743291632591,17238354
9,56,500,1791064743274394628,1791064743292628909,18234672
10,56,500,1791064743274394628,1791064743293621812,19227565
11,56,500,1791064743274394628,1791064743310308994,35915248
12,56,500,1791064743274394628,1791064743311355216,36961110
13,56,500,1791064743274394628,1791064743312396982,38002745
14,56,500,1791064743274394628,1791064743313393630,38999383
15,56,500,1791064743274394628,1791064743319038173,44644287
16,56,500,1791064743274394628,1791064743320097945,45703798
17,56,500,1791064743274394628,1791064743322534389,48140242
18,56,500,1791064743274394628,1791064743323622403,49228266
19,56,500,1791064743274394628,1791064743324746781,50352544
0,57,500,1791064743374394628,1791064743376737030,2343154
1,57,500,1791064743374394628,1791064743377749081,3354834
2,57,500,1791064743374394628,1791064743385922365,11528469
3,57,500,1791064743374394628,1791064743386920666,12526429
4,57,500,1791064743374394628,1791064743387917214,13522977
5,57,500,1791064743374394628,1791064743388913472,14519225
6,57,500,1791064743374394628,1791064743389976439,15582192
7,57,500,1791064743374394628,1791064743391475132,17080945
8,57,500,1791064743374394628,1791064743394485457,20091310
9,57,500,1791064743374394628,1791064743395491289,21097192
10,57,500,1791064743374394628,1791064743396498583,22104336
11,57,500,1791064743374394628,1791064743397491456,23097219
12,57,500,1791064743374394628,1791064743398585028,24190821
13,57,500,1791064743374394628,1791064743400476383,26082227
14,57,500,1791064743374394628,1791064743401518018,27123782
15,57,500,1791064743374394628,1791064743403147736,28753579
16,57,500,1791064743374394628,1791064743404141900,29747664
17,57,500,1791064743374394628,1791064743405137988,30743751
18,57,500,1791064743374394628,1791064743406158251,31764014
19,57,500,1791064743374394628,1791064743407152777,32758540
0,58,500,1791064743474394628,1791064743476270131,1876224
1,58,500,1791064743474394628,1791064743478196648,3802501
2,58,500,1791064743474394628,1791064743479193297,4799240
3,58,500,1791064743474394628,1791064743483316493,8922456
4,58,500,1791064743474394628,1791064743484358418,9964181
5,58,500,1791064743474394628,1791064743485352452,10958206
6,58,500,1791064743474394628,1791064743486566533,12172336
7,58,500,1791064743474394628,1791064743488510607,14116580
8,58,500,1791064743474394628,1791064743489498763,15104526
9,58,500,1791064743474394628,1791064743490770880,16376643
10,58,500,1791064743474394628,1791064743491812735,17418498
11,58,500,1791064743474394628,1791064743492969040,18574793
12,58,500,1791064743474394628,1791064743493970866,19576629
13,58,500,1791064743474394628,1791064743495046532,20652385
14,58,500,1791064743474394628,1791064743496033496,21639259
15,58,500,1791064743474394628,1791064743498721874,24327717
16,58,500,1791064743474394628,1791064743502540859,28146712
17,58,500,1791064743474394628,1791064743506598257,32204060
18,58,500,1791064743474394628,1791064743507680182,33285935
19,58,500,1791064743474394628,1791064743508664842,34270605
0,59,500,1791064743574394628,1791064743575609874,1216378
1,59,500,1791064743574394628,1791064743576651699,2257462
2,59,500,1791064743574394628,1791064743577633966,3239729
3,59,500,1791064743574394628,1791064743578827647,4433410
4,59,500,1791064743574394628,1791064743579816794,5422557
5,59,500,1791064743574394628,1791064743580808705,6414468
6,59,500,1791064743574394628,1791064743582532923,8138706
7,59,500,1791064743574394628,1791064743583535240,9141003
8,59,500,1791064743574394628,1791064743584652096,10257860
9,59,500,1791064743574394628,1791064743585751357,11357110
10,59,500,1791064743574394628,1791064743586984336,12590089
11,59,500,1791064743574394628,1791064743588182413,13788236
12,59,500,1791064743574394628,1791064743589238690,14844453
13,59,500,1791064743574394628,1791064743594289231,19895085
14,59,500,1791064743574394628,1791064743598877637,24483481
15,59,500,1791064743574394628,1791064743602114719,27720522
16,59,500,1791064743574394628,1791064743604303816,29909670
17,59,500,1791064743574394628,1791064743605701330,31307093
18,59,500,1791064743574394628,1791064743608810101,34415964
19,59,500,1791064743574394628,1791064743611046678,36652552
0,60,500,1791064743674394628,1791064743676129277,1735411
1,60,500,1791064743674394628,1791064743678628765,4234628
2,60,500,1791064743674394628,1791064743680075611,5681384
3,60,500,1791064743674394628,1791064743681645990,7251763
4,60,500,1791064743674394628,1791064743683029402,8635195
5,60,500,1791064743674394628,1791064743684436129,10041932
6,60,500,1791064743674394628,1791064743686087088,11692891
7,60,500,1791064743674394628,1791064743687619070,13224853
8,60,500,1791064743674394628,1791064743689105755,14711538
9,60,500,1791064743674394628,1791064743691355252,16961105
10,60,500,1791064743674394628,1791064743692904500,18510323
11,60,500,1791064743674394628,1791064743695550835,21156689
12,60,500,1791064743674394628,1791064743697071421,22677204
13,60,500,1791064743674394628,1791064743702554945,28160948
14,60,500,1791064743674394628,1791064743704014099,29619922
15,60,500,1791064743674394628,1791064743707907194,33513087
16,60,500,1791064743674394628,1791064743709272109,34877942
17,60,500,1791064743674394628,1791064743710915081,36521104
18,60,500,1791064743674394628,1791064743711999579,37605342
19,60,500,1791064743674394628,1791064743712997419,38603182
0,61,500,1791064743774394628,1791064743775673368,1279502
1,61,500,1791064743774394628,1791064743776661905,2267658
2,61,500,1791064743774394628,1791064743777651262,3257025
3,61,500,1791064743774394628,1791064743780817989,6423843
4,61,500,1791064743774394628,1791064743781933153,7538917
5,61,500,1791064743774394628,1791064743783205882,8811685
6,61,500,1791064743774394628,1791064743784265754,9871507
7,61,500,1791064743774394628,1791064743785367739,10973592
8,61,500,1791064743774394628,1791064743786379529,11985292
9,61,500,1791064743774394628,1791064743787454454,13060217
10,61,500,1791064743774394628,1791064743790447944,16054098
11,61,500,1791064743774394628,1791064743791742094,17347877
12,61,500,1791064743774394628,1791064743792842836,18448599
13,61,500,1791064743774394628,1791064743793827687,19433440
14,61,500,1791064743774394628,1791064743796354285,21960108
15,61,500,1791064743774394628,1791064743797405384,23011147
16,61,500,1791064743774394628,1791064743798442653,24048416
17,61,500,1791064743774394628,1791064743799502154,25107907
18,61,500,1791064743774394628,1791064743800671208,26276961
19,61,500,1791064743774394628,1791064743801836967,27442730
0,62,500,1791064743874394628,1791064743875514806,1120889
1,62,500,1791064743874394628,1791064743876520107,2125870
2,62,500,1791064743874394628,1791064743877704854,3310628
3,62,500,1791064743874394628,1791064743879000536,4606490
4,62,500,1791064743874394628,1791064743880078555,5684318
5,62,500,1791064743874394628,1791064743881371924,6977727
6,62,500,1791064743874394628,1791064743882405357,8011110
7,62,500,1791064743874394628,1791064743883403397,9009160
8,62,500,1791064743874394628,1791064743884403390,10009153
9,62,500,1791064743874394628,1791064743885410995,11016758
10,62,500,1791064743874394628,1791064743886429275,12035038
11,62,500,1791064743874394628,1791064743887894649,13500502
12,62,500,1791064743874394628,1791064743888997174,14602927
13,62,500,1791064743874394628,1791064743890047933,15653686
14,62,500,1791064743874394628,1791064743891206001,16811764
15,62,500,1791064743874394628,1791064743892208708,17814471
16,62,500,1791064743874394628,1791064743893203093,18808857
17,62,500,1791064743874394628,1791064743894215746,19821509
18,62,500,1791064743874394628,1791064743895217712,20823465
19,62,500,1791064743874394628,1791064743896215632,21821395
0,63,500,1791064743974394628,1791064743976542683,2148817
1,63,500,1791064743974394628,1791064743978348231,3954074
2,63,500,1791064743974394628,1791064743983786648,9392511
3,63,500,1791064743974394628,1791064743985170701,10776475
4,63,500,1791064743974394628,1791064743991125094,16730947
5,63,500,1791064743974394628,1791064743992525180,18130964
6,63,500,1791064743974394628,1791064743993937355,19543128
7,63,500,1791064743974394628,1791064743997209519,22815412
8,63,500,1791064743974394628,1791064743998611278,24217051
9,63,500,1791064743974394628,1791064744000034970,25640753
10,63,500,1791064743974394628,1791064744001355589,26961372
11,63,500,1791064743974394628,1791064744002825509,28431272
12,63,500,1791064743974394628,1791064744004181420,29787254
13,63,500,1791064743974394628,1791064744005556400,31162183
14,63,500,1791064743974394628,1791064744007016306,32622089
15,63,500,1791064743974394628,1791064744008598943,34204716
16,63,500,1791064743974394628,1791064744010042204,35647977
17,63,500,1791064743974394628,1791064744011445175,37050978
18,63,500,1791064743974394628,1791064744012862808,38468611
19,63,500,1791064743974394628,1791064744014363103,39968896
0,64,500,1791064744074394628,1791064744075856819,1462922
1,64,500,1791064744074394628,1791064744077103979,2709792
2,64,500,1791064744074394628,1791064744078416766,4022519
3,64,500,1791064744074394628,1791064744079664747,5270510
4,64,500,1791064744074394628,1791064744080937244,6543058
5,64,500,1791064744074394628,1791064744082210173,7815956
6,64,500,1791064744074394628,1791064744083660734,9266497
7,64,500,1791064744074394628,1791064744084930127,10535920
8,64,500,1791064744074394628,1791064744086206460,11812223
9,64,500,1791064744074394628,1791064744087450205,13055968
10,64,500,1791064744074394628,1791064744088783693,14389456
11,64,500,1791064744074394628,1791064744090166915,15772688
12,64,500,1791064744074394628,1791064744091475516,17081299
13,64,500,1791064744074394628,1791064744092733192,18338965
14,64,500,1791064744074394628,1791064744094035333,19641107
15,64,500,1791064744074394628,1791064744095323985,20929788
16,64,500,1791064744074394628,1791064744096920092,22525876
17,64,500,1791064744074394628,1791064744098356523,23962296
18,64,500,1791064744074394628,1791064744099789659,25395432
19,64,500,1791064744074394628,1791064744101133662,26739446
0,65,500,1791064744174394628,1791064744175996669,1602762
1,65,500,1791064744174394628,1791064744177426229,3032052
2,65,500,1791064744174394628,1791064744178937471,4543244
3,65,500,1791064744174394628,1791064744180357417,5963190
4,65,500,1791064744174394628,1791064744181790052,7395816
5,65,500,1791064744174394628,1791064744183275636,8881459
6,65,500,1791064744174394628,1791064744184674331,10280094
7,65,500,1791064744174394628,1791064744186098083,11703866
8,65,500,1791064744174394628,1791064744187527433,13133276
9,65,500,1791064744174394628,1791064744188998264,14604037
10,65,500,1791064744174394628,1791064744190414765,16020589
11,65,500,1791064744174394628,1791064744191872177,17477940
12,65,500,1791064744174394628,1791064744193269400,18875183
13,65,500,1791064744174394628,1791064744194737457,20343230
14,65,500,1791064744174394628,1791064744196111455,21717269
15,65,500,1791064744174394628,1791064744197527306,23133079
16,65,500,1791064744174394628,1791064744198991598,24597371
17,65,500,1791064744174394628,1791064744200367769,25973592
18,65,500,1791064744174394628,1791064744201825060,27430853
19,65,500,1791064744174394628,1791064744203292287,28898060
0,66,500,1791064744274394628,1791064744275861526,1467640
1,66,500,1791064744274394628,1791064744276865946,2471709
2,66,500,1791064744274394628,1791064744277989452,3595215
3,66,500,1791064744274394628,1791064744279017107,4622870
4,66,500,1791064744274394628,1791064744280719852,6325646
5,66,500,1791064744274394628,1791064744281803229,7408992
6,66,500,1791064744274394628,1791064744282932474,8538237
7,66,500,1791064744274394628,1791064744286307050,11912883
8,66,500,1791064744274394628,1791064744287405289,13011052
9,66,500,1791064744274394628,1791064744288407626,14013379
10,66,500,1791064744274394628,1791064744289392216,14997969
11,66,500,1791064744274394628,1791064744290588461,16194444
12,66,500,1791064744274394628,1791064744291668623,17274386
13,66,500,1791064744274394628,1791064744292645602,18251355
14,66,500,1791064744274394628,1791064744293628701,19234464
15,66,500,1791064744274394628,1791064744294641293,20247046
16,66,500,1791064744274394628,1791064744295644601,21250364
17,66,500,1791064744274394628,1791064744296623833,22229586
18,66,500,1791064744274394628,1791064744297695593,23301346
19,66,500,1791064744274394628,1791064744298691140,24296893
0,67,500,1791064744374394628,1791064744376473561,2079705
1,67,500,1791064744374394628,1791064744377931784,3537537
2,67,500,1791064744374394628,1791064744379170111,4775864
3,67,500,1791064744374394628,1791064744380415188,6021021
4,67,500,1791064744374394628,1791064744381505716,7111479
5,67,500,1791064744374394628,1791064744382604626,8210379
6,67,500,1791064744374394628,1791064744383638620,9244383
7,67,500,1791064744374394628,1791064744384634487,10240240
8,67,500,1791064744374394628,1791064744386299076,11904829
9,67,500,1791064744374394628,1791064744388036113,13641906
10,67,500,1791064744374394628,1791064744389064518,14670281
11,67,500,1791064744374394628,1791064744390108717,15714480
12,67,500,1791064744374394628,1791064744391175990,16781753
13,67,500,1791064744374394628,1791064744392175633,17781396
14,67,500,1791064744374394628,1791064744393176187,18781950
15,67,500,1791064744374394628,1791064744394193816,19799579
16,67,500,1791064744374394628,1791064744395282071,20887834
17,67,500,1791064744374394628,1791064744396285719,21891472
18,67,500,1791064744374394628,1791064744397286914,22892677
19,67,500,1791064744374394628,1791064744398384032,23989785
0,68,500,1791064744474394628,1791064744475567821,1174085
1,68,500,1791064744474394628,1791064744476594564,2200327
2,68,500,1791064744474394628,1791064744477603560,3209324
3,68,500,1791064744474394628,1791064744482287458,7893301
4,68,500,1791064744474394628,1791064744483359228,8964991
5,68,500,1791064744474394628,1791064744484357669,9963432
6,68,500,1791064744474394628,1791064744485358674,10964437
7,68,500,1791064744474394628,1791064744488717636,14323439
8,68,500,1791064744474394628,1791064744491263763,16869616
9,68,500,1791064744474394628,1791064744496610734,22216928
10,68,500,1791064744474394628,1791064744497667993,23273756
11,68,500,1791064744474394628,1791064744498698621,24304374
12,68,500,1791064744474394628,1791064744499696131,25301894
13,68,500,1791064744474394628,1791064744502461984,28067887
14,68,500,1791064744474394628,1791064744503901168,29507011
15,68,500,1791064744474394628,1791064744506937462,32543315
16,68,500,1791064744474394628,1791064744508201327,33807140
17,68,500,1791064744474394628,1791064744509250333,34856106
18,68,500,1791064744474394628,1791064744510672212,36278065
19,68,500,1791064744474394628,1791064744512319365,37925128
0,69,500,1791064744574394628,1791064744575512081,1118214
1,69,500,1791064744574394628,1791064744577362175,2968038
2,69,500,1791064744574394628,1791064744582121084,7727058
3,69,500,1791064744574394628,1791064744583121488,8727241
4,69,500,1791064744574394628,1791064744584147791,9753544
5,69,500,1791064744574394628,1791064744585134704,10740467
6,69,500,1791064744574394628,1791064744587625699,13231542
7,69,500,1791064744574394628,1791064744590146579,15752422
8,69,500,1791064744574394628,1791064744591139591,16745344
9,69,500,1791064744574394628,1791064744592264790,17870554
10,69,500,1791064744574394628,1791064744593402728,19008491
11,69,500,1791064744574394628,1791064744602535725,28141709
12,69,500,1791064744574394628,1791064744603550481,29156244
13,69,500,1791064744574394628,1791064744614416659,40022632
14,69,500,1791064744574394628,1791064744615554126,41159899
15,69,500,1791064744574394628,1791064744616540840,42146603
16,69,500,1791064744574394628,1791064744617661532,43267295
17,69,500,1791064744574394628,1791064744623818835,49424689
18,69,500,1791064744574394628,1791064744625678945,51284868
19,69,500,1791064744574394628,1791064744631323738,56929591
0,70,500,1791064744674394628,1791064744683933856,9539949
1,70,500,1791064744674394628,1791064744684943153,10548916
2,70,500,1791064744674394628,1791064744686535825,12141628
3,70,500,1791064744674394628,1791064744690969171,16575024
4,70,500,1791064744674394628,1791064744692668652,18274496
5,70,500,1791064744674394628,1791064744695578669,21184522
6,70,500,1791064744674394628,1791064744696582858,22188612
7,70,500,1791064744674394628,1791064744697577544,23183307
8,70,500,1791064744674394628,1791064744704739167,30345020
9,70,500,1791064744674394628,1791064744705751919,31357682
10,70,500,1791064744674394628,1791064744706863858,32469611
11,70,500,1791064744674394628,1791064744707856881,33462644
12,70,500,1791064744674394628,1791064744711587064,37193078
13,70,500,1791064744674394628,1791064744714743857,40349710
14,70,500,1791064744674394628,1791064744715839472,41445225
15,70,500,1791064744674394628,1791064744721410115,47015969
16,70,500,1791064744674394628,1791064744724307703,49913546
17,70,500,1791064744674394628,1791064744725298483,50904246
18,70,500,1791064744674394628,1791064744735507376,61113349
19,70,500,1791064744674394628,1791064744736510815,62116578
0,71,500,1791064744774394628,1791064744778895985,4502069
1,71,500,1791064744774394628,1791064744779896950,5502713
2,71,500,1791064744774394628,1791064744781031313,6637096
3,71,500,1791064744774394628,1791064744786529679,12135522
4,71,500,1791064744774394628,1791064744790260022,15865875
5,71,500,1791064744774394628,1791064744791361246,16967019
6,71,500,1791064744774394628,1791064744792362891,17968654
7,71,500,1791064744774394628,1791064744793593727,19199630
8,71,500,1791064744774394628,1791064744816707172,42313265
9,71,500,1791064744774394628,1791064744817711912,43317675
10,71,500,1791064744774394628,1791064744818737604,44343367
11,71,500,1791064744774394628,1791064744819735954,45341718
12,71,500,1791064744774394628,1791064744820729618,46335381
13,71,500,1791064744774394628,1791064744821720538,47326291
14,71,500,1791064744774394628,1791064744845272243,70878417
15,71,500,1791064744774394628,1791064744846315450,71921214
16,71,500,1791064744774394628,1791064744866160768,91767122
17,71,500,1791064744774394628,1791064744867178788,92784551
18,71,500,1791064744774394628,1791064744868178080,93783843
19,71,500,1791064744774394628,1791064744869222139,94827902
0,72,500,1791064744874394628,1791064744891049676,16655940
1,72,500,1791064744874394628,1791064744892066595,17672358
2,72,500,1791064744874394628,1791064744893055912,18661675
3,72,500,1791064744874394628,1791064744900356932,25962795
4,72,500,1791064744874394628,1791064744908818273,34424306
5,72,500,1791064744874394628,1791064744909808622,35414385
6,72,500,1791064744874394628,1791064744917229470,42835453
7,72,500,1791064744874394628,1791064744918649446,44255279
8,72,500,1791064744874394628,1791064744922815886,48421719
9,72,500,1791064744874394628,1791064744923812134,49417887
10,72,500,1791064744874394628,1791064744924921549,50527312
11,72,500,1791064744874394628,1791064744931241283,56847147
12,72,500,1791064744874394628,1791064744937773243,63379246
13,72,500,1791064744874394628,1791064744938788579,64394332
14,72,500,1791064744874394628,1791064744939778036,65383800
15,72,500,1791064744874394628,1791064744940749027,66354790
16,72,500,1791064744874394628,1791064744941740047,67345800
17,72,500,1791064744874394628,1791064744951384653,76990746
18,72,500,1791064744874394628,1791064744954927338,80533181
19,72,500,1791064744874394628,1791064744955918117,81523870
0,73,500,1791064744974394628,1791064744975633852,1239946
1,73,500,1791064744974394628,1791064744976630731,2236494
2,73,500,1791064744974394628,1791064744977629092,3234845
3,73,500,1791064744974394628,1791064744980106106,5711959
4,73,500,1791064744974394628,1791064744983823330,9429183
5,73,500,1791064744974394628,1791064744984913507,10519270
6,73,500,1791064744974394628,1791064744987056356,12662179
7,73,500,1791064744974394628,1791064744988153763,13759526
8,73,500,1791064744974394628,1791064744990793219,16399082
9,73,500,1791064744974394628,1791064744994898518,20504451
10,73,500,1791064744974394628,1791064744995888196,21493949
11,73,500,1791064744974394628,1791064744998836379,24442192
12,73,500,1791064744974394628,1791064744999863603,25469366
13,73,500,1791064744974394628,1791064745000878018,26483861
14,73,500,1791064744974394628,1791064745005975098,31581252
15,73,500,1791064744974394628,1791064745006986138,32591901
16,73,500,1791064744974394628,1791064745011316271,36922124
17,73,500,1791064744974394628,1791064745017253738,42859601
18,73,500,1791064744974394628,1791064745021256836,46862689
19,73,500,1791064744974394628,1791064745022268096,47873859
0,74,500,1791064745074394628,1791064745076342957,1949010
1,74,500,1791064745074394628,1791064745077343060,2948813
2,74,500,1791064745074394628,1791064745080504940,6110783
3,74,500,1791064745074394628,1791064745082996346,8602199
4,74,500,1791064745074394628,1791064745084222575,9828328
5,74,500,1791064745074394628,1791064745085338159,10943993
6,74,500,1791064745074394628,1791064745086811004,12416767
7,74,500,1791064745074394628,1791064745087958446,13564219
8,74,500,1791064745074394628,1791064745088950308,14556071
9,74,500,1791064745074394628,1791064745090013936,15619689
10,74,500,1791064745074394628,1791064745091216529,16822333
11,74,500,1791064745074394628,1791064745092584478,18190282
12,74,500,1791064745074394628,1791064745093662818,19268581
13,74,500,1791064745074394628,1791064745094907955,20513738
14,74,500,1791064745074394628,1791064745096176627,21782460
15,74,500,1791064745074394628,1791064745097187446,22793209
16,74,500,1791064745074394628,1791064745098362138,23967942
17,74,500,1791064745074394628,1791064745099351576,24957339
18,74,500,1791064745074394628,1791064745100338700,25944453
19,74,500,1791064745074394628,1791064745101328148,26933911
0,75,500,1791064745174394628,1791064745175506849,1113133
1,75,500,1791064745174394628,1791064745176598368,2204131
2,75,500,1791064745174394628,1791064745177670869,3276622
3,75,500,1791064745174394628,1791064745180352347,5958210
4,75,500,1791064745174394628,1791064745181599176,7204959
5,75,500,1791064745174394628,1791064745182875500,8481283
6,75,500,1791064745174394628,1791064745183866780,9472533
7,75,500,1791064745174394628,1791064745185203613,10809366
8,75,500,1791064745174394628,1791064745187134968,12740821
9,75,500,1791064745174394628,1791064745188123664,13729427
10,75,500,1791064745174394628,1791064745189198358,14804121
11,75,500,1791064745174394628,1791064745190472528,16078331
12,75,500,1791064745174394628,1791064745191511840,17117603
13,75,500,1791064745174394628,1791064745192617169,18222932
14,75,500,1791064745174394628,1791064745193608229,19213992
15,75,500,1791064745174394628,1791064745194836652,20442465
16,75,500,1791064745174394628,1791064745195857916,21463679
17,75,500,1791064745174394628,1791064745196853042,22458795
18,75,500,1791064745174394628,1791064745198021375,23627279
19,75,500,1791064745174394628,1791064745199023823,24629586
0,76,500,1791064745274394628,1791064745275540342,1146435
1,76,500,1791064745274394628,1791064745276602447,2208210
2,76,500,1791064745274394628,1791064745277633336,3239099
3,76,500,1791064745274394628,1791064745279466085,5071888
4,76,500,1791064745274394628,1791064745280452538,6058301
5,76,500,1791064745274394628,1791064745281600501,7206324
6,76,500,1791064745274394628,1791064745286253613,11859466
7,76,500,1791064745274394628,1791064745287354586,12960349
8,76,500,1791064745274394628,1791064745288341750,13947503
9,76,500,1791064745274394628,1791064745289320552,14926316
10,76,500,1791064745274394628,1791064745292171541,17777375
11,76,500,1791064745274394628,1791064745293159246,18765010
12,76,500,1791064745274394628,1791064745294446205,20052019
13,76,500,1791064745274394628,1791064745295458016,21063769
14,76,500,1791064745274394628,1791064745296577076,22182829
15,76,500,1791064745274394628,1791064745297563179,23168942
16,76,500,1791064745274394628,1791064745298709149,24314902
17,76,500,1791064745274394628,1791064745299827387,25433150
18,76,500,1791064745274394628,1791064745300809614,26415377
19,76,500,1791064745274394628,1791064745301796188,27401941
0,77,500,1791064745374394628,1791064745375530780,1136744
1,77,500,1791064745374394628,1791064745376532296,2138049
2,77,500,1791064745374394628,1791064745377536616,3142379
3,77,500,1791064745374394628,1791064745378558692,4164455
4,77,500,1791064745374394628,1791064745379557163,5162926
5,77,500,1791064745374394628,1791064745380554582,6160345
6,77,500,1791064745374394628,1791064745381567986,7173829
7,77,500,1791064745374394628,1791064745382798561,8404354
8,77,500,1791064745374394628,1791064745383792595,9398358
9,77,500,1791064745374394628,1791064745384787231,10392994
10,77,500,1791064745374394628,1791064745385779392,11385155
11,77,500,1791064745374394628,1791064745386841708,12447471
12,77,500,1791064745374394628,1791064745387834060,13439813
13,77,500,1791064745374394628,1791064745388829276,14435039
14,77,500,1791064745374394628,1791064745389820577,15426330
15,77,500,1791064745374394628,1791064745390915491,16521254
16,77,500,1791064745374394628,1791064745391934552,17540315
17,77,500,1791064745374394628,1791064745392930530,18536283
18,77,500,1791064745374394628,1791064745394049680,19655443
19,77,500,1791064745374394628,1791064745395225354,20831117
0,78,500,1791064745474394628,1791064745475912559,1518663
1,78,500,1791064745474394628,1791064745476915837,2521590
2,78,500,1791064745474394628,1791064745479819454,5425298
3,78,500,1791064745474394628,1791064745480819888,6425651
4,78,500,1791064745474394628,1791064745482005857,7611641
5,78,500,1791064745474394628,1791064745483056065,8661838
6,78,500,1791064745474394628,1791064745484060745,9666509
7,78,500,1791064745474394628,1791064745485063974,10669737
8,78,500,1791064745474394628,1791064745486154832,11760595
9,78,500,1791064745474394628,1791064745487201314,12807077
10,78,500,1791064745474394628,1791064745488208278,13814041
11,78,500,1791064745474394628,1791064745490049880,15655753
12,78,500,1791064745474394628,1791064745494542994,20148848
13,78,500,1791064745474394628,1791064745495553453,21159316
14,78,500,1791064745474394628,1791064745496580657,22186420
15,78,500,1791064745474394628,1791064745497584866,23190629
16,78,500,1791064745474394628,1791064745498617398,24223161
17,78,500,1791064745474394628,1791064745499701075,25306838
18,78,500,1791064745474394628,1791064745500718364,26324127
19,78,500,1791064745474394628,1791064745501798046,27403829
0,79,500,1791064745574394628,1791064745575690988,1297112
1,79,500,1791064745574394628,1791064745576738923,2344686
2,79,500,1791064745574394628,1791064745577743523,3349296
3,79,500,1791064745574394628,1791064745578867510,4473273
4,79,500,1791064745574394628,1791064745579868846,5474719
5,79,500,1791064745574394628,1791064745580864533,6470296
6,79,500,1791064745574394628,1791064745581892327,7498080
7,79,500,1791064745574394628,1791064745582974142,8579905
8,79,500,1791064745574394628,1791064745584170697,9776490
9,79,500,1791064745574394628,1791064745585167465,10773218
10,79,500,1791064745574394628,1791064745586211504,11817257
11,79,500,1791064745574394628,1791064745587212549,12818312
12,79,500,1791064745574394628,1791064745588210869,13816632
13,79,500,1791064745574394628,1791064745589481464,15087377
14,79,500,1791064745574394628,1791064745590651369,16257132
15,79,500,1791064745574394628,1791064745591651964,17257717
16,79,500,1791064745574394628,1791064745592969668,18575471
17,79,500,1791064745574394628,1791064745594021538,19627301
18,79,500,1791064745574394628,1791064745595033049,20638812
19,79,500,1791064745574394628,1791064745596028595,21634348
0,80,500,1791064745674394628,1791064745675507774,1113858
1,80,500,1791064745674394628,1791064745676577090,2182853
2,80,500,1791064745674394628,1791064745677588801,3194554
3,80,500,1791064745674394628,1791064745678614092,4220055
4,80,500,1791064745674394628,1791064745679608437,5214200
5,80,500,1791064745674394628,1791064745680613427,6219191
6,80,500,1791064745674394628,1791064745681604267,7210030
7,80,500,1791064745674394628,1791064745682614806,8220579
8,80,500,1791064745674394628,1791064745683622631,9228394
9,80,500,1791064745674394628,1791064745684610867,10216630
10,80,500,1791064745674394628,1791064745685605362,11211115
11,80,500,1791064745674394628,1791064745686687788,12293571
12,80,500,1791064745674394628,1791064745687700810,13306574
13,80,500,1791064745674394628,1791064745688695416,14301179
14,80,500,1791064745674394628,1791064745689685635,15291388
15,80,500,1791064745674394628,1791064745690779297,16385060
16,80,500,1791064745674394628,1791064745691785930,17391693
17,80,500,1791064745674394628,1791064745692778613,18384376
18,80,500,1791064745674394628,1791064745693752798,19358571
19,80,500,1791064745674394628,1791064745694779721,20385474
0,81,500,1791064745774394628,1791064745775568367,1174480
1,81,500,1791064745774394628,1791064745776586978,2192741
2,81,500,1791064745774394628,1791064745777588774,3194557
3,81,500,1791064745774394628,1791064745778617961,4223724
4,81,500,1791064745774394628,1791064745779630162,5235915
5,81,500,1791064745774394628,1791064745780624216,6229980
6,81,500,1791064745774394628,1791064745781620074,7225827
7,81,500,1791064745774394628,1791064745782795177,8400980
8,81,500,1791064745774394628,1791064745783850973,9456746
9,81,500,1791064745774394628,1791064745785077342,10683095
10,81,500,1791064745774394628,1791064745786146277,11752040
11,81,500,1791064745774394628,1791064745787212569,12818322
12,81,500,1791064745774394628,1791064745788220985,13826748
13,81,500,1791064745774394628,1791064745789212876,14818639
14,81,500,1791064745774394628,1791064745791577103,17182966
15,81,500,1791064745774394628,1791064745792705747,18311510
16,81,500,1791064745774394628,1791064745793714714,19320477
17,81,500,1791064745774394628,1791064745794726474,20332237
18,81,500,1791064745774394628,1791064745795721430,21327193
19,81,500,1791064745774394628,1791064745796789114,22394877
0,82,500,1791064745874394628,1791064745877688630,3294723
1,82,500,1791064745874394628,1791064745878710115,4315868
2,82,500,1791064745874394628,1791064745879703889,5309652
3,82,500,1791064745874394628,1791064745880799514,6405287
4,82,500,1791064745874394628,1791064745881907017,7512780
5,82,500,1791064745874394628,1791064745882901001,8506764
6,82,500,1791064745874394628,1791064745883895476,9501239
7,82,500,1791064745874394628,1791064745884884333,10490096
8,82,500,1791064745874394628,1791064745885894812,11500645
9,82,500,1791064745874394628,1791064745886885351,12491114
10,82,500,1791064745874394628,1791064745887877122,13482885
11,82,500,1791064745874394628,1791064745888867261,14473024
12,82,500,1791064745874394628,1791064745889983367,15589130
13,82,500,1791064745874394628,1791064745891059804,16665567
14,82,500,1791064745874394628,1791064745892080788,17686551
15,82,500,1791064745874394628,1791064745893166428,18772191
16,82,500,1791064745874394628,1791064745894240471,19846235
17,82,500,1791064745874394628,1791064745895269308,20875321
18,82,500,1791064745874394628,1791064745896318794,21924557
19,82,500,1791064745874394628,1791064745897489891,23095694
0,83,500,1791064745974394628,1791064745979076241,4682434
1,83,500,1791064745974394628,1791064745980086159,5691922
2,83,500,1791064745974394628,1791064745981119772,6725535
3,83,500,1791064745974394628,1791064745982191742,7797505
4,83,500,1791064745974394628,1791064745988256117,13862241
5,83,500,1791064745974394628,1791064745989264173,14869936
6,83,500,1791064745974394628,1791064745990549159,16154922
7,83,500,1791064745974394628,1791064745993186881,18792744
8,83,500,1791064745974394628,1791064745998251504,23857618
9,83,500,1791064745974394628,1791064745999257807,24863570
10,83,500,1791064745974394628,1791064746000252983,25858746
11,83,500,1791064745974394628,1791064746001241589,26847352
12,83,500,1791064745974394628,1791064746002381079,27986853
13,83,500,1791064745974394628,1791064746003374102,28979865
14,83,500,1791064745974394628,1791064746010494444,36100558
15,83,500,1791064745974394628,1791064746011504332,37110095
16,83,500,1791064745974394628,1791064746012498216,38103979
17,83,500,1791064745974394628,1791064746013490338,39096101
18,83,500,1791064745974394628,1791064746020498734,46104817
19,83,500,1791064745974394628,1791064746022635674,48241527
0,84,500,1791064746074394628,1791064746081779087,7385411
1,84,500,1791064746074394628,1791064746082961581,8567354
2,84,500,1791064746074394628,1791064746084078318,9684191
3,84,500,1791064746074394628,1791064746085086293,10692056
4,84,500,1791064746074394628,1791064746091836766,17442850
5,84,500,1791064746074394628,1791064746097967881,23573974
6,84,500,1791064746074394628,1791064746098970428,24576181
7,84,500,1791064746074394628,1791064746100062608,25668391
8,84,500,1791064746074394628,1791064746101088780,26694543
9,84,500,1791064746074394628,1791064746102105548,27711311
10,84,500,1791064746074394628,1791064746103102247,28708000
11,84,500,1791064746074394628,1791064746104298050,29903833
12,84,500,1791064746074394628,1791064746106133663,31739496
13,84,500,1791064746074394628,1791064746110537536,36143509
14,84,500,1791064746074394628,1791064746111618730,37224503
15,84,500,1791064746074394628,1791064746112628437,38234200
16,84,500,1791064746074394628,1791064746113694338,39300112
17,84,500,1791064746074394628,1791064746128995555,54601859
18,84,500,1791064746074394628,1791064746130023169,55628932
19,84,500,1791064746074394628,1791064746131015100,56620864
0,85,500,1791064746174394628,1791064746179926753,5532836
1,85,500,1791064746174394628,1791064746180931022,6536785
2,85,500,1791064746174394628,1791064746185492318,11098201
3,85,500,1791064746174394628,1791064746186628233,12234016
4,85,500,1791064746174394628,1791064746191348865,16954758
5,85,500,1791064746174394628,1791064746192376750,17982503
6,85,500,1791064746174394628,1791064746193370103,18975866
7,85,500,1791064746174394628,1791064746202442972,28048945
8,85,500,1791064746174394628,1791064746203434793,29040546
9,85,500,1791064746174394628,1791064746204651117,30256930
10,85,500,1791064746174394628,1791064746205661265,31267028
11,85,500,1791064746174394628,1791064746212136911,37743004
12,85,500,1791064746174394628,1791064746215329667,40935540
13,85,500,1791064746174394628,1791064746219351182,44957035
14,85,500,1791064746174394628,1791064746220504583,46110336
15,85,500,1791064746174394628,1791064746221501131,47106884
16,85,500,1791064746174394628,1791064746231736974,57343348
17,85,500,1791064746174394628,1791064746232731760,58337523
18,85,500,1791064746174394628,1791064746242615491,68221825
19,85,500,1791064746174394628,1791064746243675123,69280886
0,86,500,1791064746274394628,1791064746279205495,4811589
1,86,500,1791064746274394628,1791064746280216755,5822518
2,86,500,1791064746274394628,1791064746281271930,6877694
3,86,500,1791064746274394628,1791064746294288008,19894262
4,86,500,1791064746274394628,1791064746295341250,20947013
5,86,500,1791064746274394628,1791064746296351028,21956781
6,86,500,1791064746274394628,1791064746297345092,22950845
7,86,500,1791064746274394628,1791064746304375030,29980883
8,86,500,1791064746274394628,1791064746312455236,38061219
9,86,500,1791064746274394628,1791064746313457483,39063246
10,86,500,1791064746274394628,1791064746324014792,49620796
11,86,500,1791064746274394628,1791064746330653270,56259133
12,86,500,1791064746274394628,1791064746334248042,59853855
13,86,500,1791064746274394628,1791064746337226810,62832743
14,86,500,1791064746274394628,1791064746339168180,64773963
15,86,500,1791064746274394628,1791064746342934186,68540039
16,86,500,1791064746274394628,1791064746343925777,69531540
17,86,500,1791064746274394628,1791064746345007812,70613665
18,86,500,1791064746274394628,1791064746353932390,79538534
19,86,500,1791064746274394628,1791064746355085400,80691173
0,87,500,1791064746374394628,1791064746376143406,1749620
1,87,500,1791064746374394628,1791064746377314173,2919936
2,87,500,1791064746374394628,1791064746379032592,4638425
3,87,500,1791064746374394628,1791064746382336683,7942536
4,87,500,1791064746374394628,1791064746384046940,9652743
5,87,500,1791064746374394628,1791064746385125279,10731032
6,87,500,1791064746374394628,1791064746386260593,11866396
7,87,500,1791064746374394628,1791064746387589855,13195688
8,87,500,1791064746374394628,1791064746388681033,14286796
9,87,500,1791064746374394628,1791064746389697792,15303555
10,87,500,1791064746374394628,1791064746406077969,31684062
11,87,500,1791064746374394628,1791064746407332299,32938083
12,87,500,1791064746374394628,1791064746414897080,40503334
13,87,500,1791064746374394628,1791064746416176097,41781941
14,87,500,1791064746374394628,1791064746419645784,45251728
15,87,500,1791064746374394628,1791064746422976976,48583029
16,87,500,1791064746374394628,1791064746424013163,49618916
17,87,500,1791064746374394628,1791064746425098332,50704105
18,87,500,1791064746374394628,1791064746426495685,52101478
19,87,500,1791064746374394628,1791064746427865457,53471260
0,88,500,1791064746474394628,1791064746482487800,8094023
1,88,500,1791064746474394628,1791064746483691165,9296958
2,88,500,1791064746474394628,1791064746484971744,10577507
3,88,500,1791064746474394628,1791064746489008142,14613995
4,88,500,1791064746474394628,1791064746495639468,21245712
5,88,500,1791064746474394628,1791064746497948132,23553976
6,88,500,1791064746474394628,1791064746499168462,24774266
7,88,500,1791064746474394628,1791064746500426539,26032292
8,88,500,1791064746474394628,1791064746501622673,27228466
9,88,500,1791064746474394628,1791064746502825367,28431140
10,88,500,1791064746474394628,1791064746503895424,29501227
11,88,500,1791064746474394628,1791064746504885062,30490825
12,88,500,1791064746474394628,1791064746506041577,31647431
13,88,500,1791064746474394628,1791064746507318281,32924124
14,88,500,1791064746474394628,1791064746508619421,34225185
15,88,500,1791064746474394628,1791064746509654868,35260631
16,88,500,1791064746474394628,1791064746510693849,36299622
17,88,500,1791064746474394628,1791064746512466478,38072411
18,88,500,1791064746474394628,1791064746513589954,39195738
19,88,500,1791064746474394628,1791064746518429463,44035617
0,89,500,1791064746574394628,1791064746575603851,1210135
1,89,500,1791064746574394628,1791064746576592398,2198151
2,89,500,1791064746574394628,1791064746577649746,3255509
3,89,500,1791064746574394628,1791064746578680675,4286438
4,89,500,1791064746574394628,1791064746579671335,5277088
5,89,500,1791064746574394628,1791064746580787320,6393083
6,89,500,1791064746574394628,1791064746581838940,7444703
7,89,500,1791064746574394628,1791064746582977278,8583042
8,89,500,1791064746574394628,1791064746584083099,9688862
9,89,500,1791064746574394628,1791064746585086597,10692360
10,89,500,1791064746574394628,1791064746586188562,11794335
11,89,500,1791064746574394628,1791064746587182526,12788289
12,89,500,1791064746574394628,1791064746588271251,13877284
13,89,500,1791064746574394628,1791064746589274639,14880392
14,89,500,1791064746574394628,1791064746590415241,16021004
15,89,500,1791064746574394628,1791064746591413532,17019295
16,89,500,1791064746574394628,1791064746592494425,18100188
17,89,500,1791064746574394628,1791064746593505195,19110968
18,89,500,1791064746574394628,1791064746594664825,20270588
19,89,500,1791064746574394628,1791064746595783234,21389027
0,90,500,1791064746674394628,1791064746675497626,1103930
1,90,500,1791064746674394628,1791064746676491531,2097294
2,90,500,1791064746674394628,1791064746677570661,3176434
3,90,500,1791064746674394628,1791064746679444991,5050835
4,90,500,1791064746674394628,1791064746680443202,6048965
5,90,500,1791064746674394628,1791064746681443366,7049199
6,90,500,1791064746674394628,1791064746682548074,8153857
7,90,500,1791064746674394628,1791064746685254590,10860463
8,90,500,1791064746674394628,1791064746686572104,12177917
9,90,500,1791064746674394628,1791064746687851722,13457525
10,90,500,1791064746674394628,1791064746691313547,16919540
11,90,500,1791064746674394628,1791064746692402392,18008155
12,90,500,1791064746674394628,1791064746693391739,18997502
13,90,500,1791064746674394628,1791064746695058832,20664595
14,90,500,1791064746674394628,1791064746696148128,21753891
15,90,500,1791064746674394628,1791064746697137345,22743098
16,90,500,1791064746674394628,1791064746698151039,23756802
17,90,500,1791064746674394628,1791064746699146766,24752529
18,90,500,1791064746674394628,1791064746700142443,25748206
19,90,500,1791064746674394628,1791064746701128796,26734559
0,91,500,1791064746774394628,1791064746775575295,1181408
1,91,500,1791064746774394628,1791064746776601857,2207610
2,91,500,1791064746774394628,1791064746777659146,3264909
3,91,500,1791064746774394628,1791064746778887257,4493160
4,91,500,1791064746774394628,1791064746779953679,5559442
5,91,500,1791064746774394628,1791064746780949606,6555369
6,91,500,1791064746774394628,1791064746782818498,8424342
7,91,500,1791064746774394628,1791064746783821436,9427199
8,91,500,1791064746774394628,1791064746785970914,11576758
9,91,500,1791064746774394628,1791064746787280637,12886440
10,91,500,1791064746774394628,1791064746788349432,13955195
11,91,500,1791064746774394628,1791064746789345330,14951093
12,91,500,1791064746774394628,1791064746790620862,16226675
13,91,500,1791064746774394628,1791064746791831177,17436930
14,91,500,1791064746774394628,1791064746793430980,19036973
15,91,500,1791064746774394628,1791064746794466586,20072339
16,91,500,1791064746774394628,1791064746795536734,21142487
17,91,500,1791064746774394628,1791064746796541013,22146766
18,91,500,1791064746774394628,1791064746797530271,23136034
19,91,500,1791064746774394628,1791064746798632476,24238239
0,92,500,1791064746874394628,1791064746875614110,1220213
1,92,500,1791064746874394628,1791064746876675314,2281077
2,92,500,1791064746874394628,1791064746878562353,4168156
3,92,500,1791064746874394628,1791064746879606401,5212154
4,92,500,1791064746874394628,1791064746880814013,6419776
5,92,500,1791064746874394628,1791064746881817391,7423154
6,92,500,1791064746874394628,1791064746886496051,12101915
7,92,500,1791064746874394628,1791064746887503786,13109549
8,92,500,1791064746874394628,1791064746888610398,14216171
9,92,500,1791064746874394628,1791064746889630130,15235893
10,92,500,1791064746874394628,1791064746892339970,17945793
11,92,500,1791064746874394628,1791064746895178139,20784113
12,92,500,1791064746874394628,1791064746896288917,21894680
13,92,500,1791064746874394628,1791064746897293577,22899340
14,92,500,1791064746874394628,1791064746898415802,24021585
15,92,500,1791064746874394628,1791064746899427382,25033145
16,92,500,1791064746874394628,1791064746900617958,26223761
17,92,500,1791064746874394628,1791064746901643319,27249082
18,92,500,1791064746874394628,1791064746902647018,28252801
19,92,500,1791064746874394628,1791064746904518995,30124798
0,93,500,1791064746974394628,1791064746975640061,1246195
1,93,500,1791064746974394628,1791064746976640495,2246248
2,93,500,1791064746974394628,1791064746977622792,3228555
3,93,500,1791064746974394628,1791064746979701646,5307499
4,93,500,1791064746974394628,1791064746980700788,6306551
5,93,500,1791064746974394628,1791064746982267331,7873104
6,93,500,1791064746974394628,1791064746983846724,9452567
7,93,500,1791064746974394628,1791064746984839777,10445540
8,93,500,1791064746974394628,1791064746985836716,11442469
9,93,500,1791064746974394628,1791064746986885001,12490824
10,93,500,1791064746974394628,1791064746987881549,13487312
11,93,500,1791064746974394628,1791064746988875273,14481026
12,93,500,1791064746974394628,1791064746989890449,15496212
13,93,500,1791064746974394628,1791064746994473236,20079090
14,93,500,1791064746974394628,1791064746995554841,21160604
15,93,500,1791064746974394628,1791064746996568024,22173787
16,93,500,1791064746974394628,1791064746997665372,23271135
17,93,500,1791064746974394628,1791064747001123281,26729114
18,93,500,1791064746974394628,1791064747003291687,28897540
19,93,500,1791064746974394628,1791064747004368014,29973777
0,94,500,1791064747074394628,1791064747078938306,4544409
1,94,500,1791064747074394628,1791064747079932180,5537933
2,94,500,1791064747074394628,1791064747081048446,6654209
3,94,500,1791064747074394628,1791064747084357234,9963047
4,94,500,1791064747074394628,1791064747088729760,14335613
5,94,500,1791064747074394628,1791064747089839636,15445409
6,94,500,1791064747074394628,1791064747091441933,17047696
7,94,500,1791064747074394628,1791064747092437810,18043683
8,94,500,1791064747074394628,1791064747094208587,19814340
9,94,500,1791064747074394628,1791064747095194309,20800072
10,94,500,1791064747074394628,1791064747096180291,21786054
11,94,500,1791064747074394628,1791064747097246923,22852687
12,94,500,1791064747074394628,1791064747098290752,23896515
13,94,500,1791064747074394628,1791064747099315812,24921575
14,94,500,1791064747074394628,1791064747102114383,27720357
15,94,500,1791064747074394628,1791064747110462156,36068019
16,94,500,1791064747074394628,1791064747112569081,38174935
17,94,500,1791064747074394628,1791064747113646770,39252543
18,94,500,1791064747074394628,1791064747115288435,40894248
19,94,500,1791064747074394628,1791064747117224176,42829949
0,95,500,1791064747174394628,1791064747177909232,3515366
1,95,500,1791064747174394628,1791064747180561757,6167610
2,95,500,1791064747174394628,1791064747182953114,8558967
3,95,500,1791064747174394628,1791064747185096794,10702817
4,95,500,1791064747174394628,1791064747186544872,12150705
5,95,500,1791064747174394628,1791064747188040089,13645933
6,95,500,1791064747174394628,1791064747189455399,15061242
7,95,500,1791064747174394628,1791064747191022173,16627966
8,95,500,1791064747174394628,1791064747192360408,17966221
9,95,500,1791064747174394628,1791064747193795878,19401641
10,95,500,1791064747174394628,1791064747195254151,20859964
11,95,500,1791064747174394628,1791064747196783259,22389042
12,95,500,1791064747174394628,1791064747198350383,23956206
13,95,500,1791064747174394628,1791064747199735328,25341211
14,95,500,1791064747174394628,1791064747201155845,26761658
15,95,500,1791064747174394628,1791064747202624373,28230186
16,95,500,1791064747174394628,1791064747204134853,29740636
17,95,500,1791064747174394628,1791064747210054023,35659876
18,95,500,1791064747174394628,1791064747211586937,37192730
19,95,500,1791064747174394628,1791064747213038941,38644734
0,96,500,1791064747274394628,1791064747279296783,4902987
1,96,500,1791064747274394628,1791064747280665503,6271266
2,96,500,1791064747274394628,1791064747286129739,11735622
3,96,500,1791064747274394628,1791064747287560821,13166655
4,96,500,1791064747274394628,1791064747294353462,19959445
5,96,500,1791064747274394628,1791064747295437069,21042852
6,96,500,1791064747274394628,1791064747296436592,22042345
7,96,500,1791064747274394628,1791064747297421012,23026765
8,96,500,1791064747274394628,1791064747303410747,29016720
9,96,500,1791064747274394628,1791064747304401617,30007370
10,96,500,1791064747274394628,1791064747307850173,33456266
11,96,500,1791064747274394628,1791064747308855444,34461197
12,96,500,1791064747274394628,1791064747311457714,37063577
13,96,500,1791064747274394628,1791064747315658034,41264127
14,96,500,1791064747274394628,1791064747316819176,42424939
15,96,500,1791064747274394628,1791064747317991655,43597418
16,96,500,1791064747274394628,1791064747319102974,44708737
17,96,500,1791064747274394628,1791064747320173772,45779525
18,96,500,1791064747274394628,1791064747321266513,46872276
19,96,500,1791064747274394628,1791064747322999153,48604906
0,97,500,1791064747374394628,1791064747375509693,1115797
1,97,500,1791064747374394628,1791064747376507504,2113257
2,97,500,1791064747374394628,1791064747377508378,3114141
3,97,500,1791064747374394628,1791064747382342028,7947811
4,97,500,1791064747374394628,1791064747383443231,9048984
5,97,500,1791064747374394628,1791064747384465578,10071341
6,97,500,1791064747374394628,1791064747385452572,11058335
7,97,500,1791064747374394628,1791064747388476077,14081930
8,97,500,1791064747374394628,1791064747394420815,20026788
9,97,500,1791064747374394628,1791064747395493316,21099079
10,97,500,1791064747374394628,1791064747397003265,22609109
11,97,500,1791064747374394628,1791064747400034572,25640585
12,97,500,1791064747374394628,1791064747401046333,26652096
13,97,500,1791064747374394628,1791064747410162916,35769119
14,97,500,1791064747374394628,1791064747411176179,36781942
15,97,500,1791064747374394628,1791064747412256892,37862655
16,97,500,1791064747374394628,1791064747413411935,39017748
17,97,500,1791064747374394628,1791064747414505687,40111440
18,97,500,1791064747374394628,1791064747415504749,41110512
19,97,500,1791064747374394628,1791064747416500226,42105989
0,98,500,1791064747474394628,1791064747475544778,1150892
1,98,500,1791064747474394628,1791064747476633864,2239627
2,98,500,1791064747474394628,1791064747477697782,3303545
3,98,500,1791064747474394628,1791064747482310354,7916328
4,98,500,1791064747474394628,1791064747483388483,8994237
5,98,500,1791064747474394628,1791064747484395087,10000850
6,98,500,1791064747474394628,1791064747485455910,11061673
7,98,500,1791064747474394628,1791064747488584040,14189883
8,98,500,1791064747474394628,1791064747489599907,15205670
9,98,500,1791064747474394628,1791064747491084128,16690302
10,98,500,1791064747474394628,1791064747493527503,19133376
11,98,500,1791064747474394628,1791064747494601926,20207699
12,98,500,1791064747474394628,1791064747495875335,21481168
13,98,500,1791064747474394628,1791064747497084859,22690662
14,98,500,1791064747474394628,1791064747498404346,24010140
15,98,500,1791064747474394628,1791064747499618678,25224461
16,98,500,1791064747474394628,1791064747500828713,26434496
17,98,500,1791064747474394628,1791064747501823168,27428931
18,98,500,1791064747474394628,1791064747502903240,28509003
19,98,500,1791064747474394628,1791064747503896553,29502316
0,99,500,1791064747574394628,1791064747577152456,2758710
1,99,500,1791064747574394628,1791064747580851333,6457196
2,99,500,1791064747574394628,1791064747584383532,9989385
3,99,500,1791064747574394628,1791064747585486618,11092401
4,99,500,1791064747574394628,1791064747595599048,21205252
5,99,500,1791064747574394628,1791064747596603859,22209622
6,99,500,1791064747574394628,1791064747597602110,23207873
7,99,500,1791064747574394628,1791064747615562420,41168594
8,99,500,1791064747574394628,1791064747616573560,42179323
9,99,500,1791064747574394628,1791064747632106511,57715048
10,99,500,1791064747574394628,1791064747633136979,58742742
11,99,500,1791064747574394628,1791064747638424823,64030686
12,99,500,1791064747574394628,1791064747640178815,65784648
13,99,500,1791064747574394628,1791064747652833045,78439038
14,99,500,1791064747574394628,1791064747653956992,79562745
15,99,500,1791064747574394628,1791064747654972689,80578452
16,99,500,1791064747574394628,1791064747656110987,81716740
17,99,500,1791064747574394628,1791064747657386729,82992512
18,99,500,1791064747574394628,1791064747686542848,112149031
19,99,500,1791064747574394628,1791064747687859861,113465644
0,100,1500,1791064747674394628,1791064747716343311,41949445
1,100,1500,1791064747674394628,1791064747729590542,55196405
2,100,1500,1791064747674394628,1791064747740090486,65696349
3,100,1500,1791064747674394628,1791064747765697339,91303203
4,100,1500,1791064747674394628,1791064747788343090,113949324
5,100,1500,1791064747674394628,1791064747806420255,132026348
6,100,1500,1791064747674394628,1791064747823112665,148718829
7,100,1500,1791064747674394628,1791064747839542356,165148450
8,100,1500,1791064747674394628,1791064747858232059,183838153
9,100,1500,1791064747674394628,1791064747861648146,187253929
10,100,1500,1791064747674394628,1791064747872824194,198430297
11,100,1500,1791064747674394628,1791064747887686980,213293084
12,100,1500,1791064747674394628,1791064747900330264,225936247
13,100,1500,1791064747674394628,1791064747916313823,241919957
14,100,1500,1791064747674394628,1791064747921378455,246984319
15,100,1500,1791064747674394628,1791064747927851127,253457170
16,100,1500,1791064747674394628,1791064747938326655,263932749
17,100,1500,1791064747674394628,1791064747957743367,283349550
18,100,1500,1791064747674394628,1791064747960937024,286542827
19,100,1500,1791064747674394628,1791064747975597971,301204075
0,101,1500,1791064747774394628,1791064747979718233,205324386
1,101,1500,1791064747774394628,1791064747990278196,215884420
2,101,1500,1791064747774394628,1791064747999481338,225087341
3,101,1500,1791064747774394628,1791064748021483524,247089698
4,101,1500,1791064747774394628,1791064748025443128,251049201
5,101,1500,1791064747774394628,1791064748033314303,258920266
6,101,1500,1791064747774394628,1791064748037050696,262656499
7,101,1500,1791064747774394628,1791064748045081733,270687816
8,101,1500,1791064747774394628,1791064748056275006,281880899
9,101,1500,1791064747774394628,1791064748062954985,288560838
10,101,1500,1791064747774394628,1791064748068503855,294109719
11,101,1500,1791064747774394628,1791064748071540049,297145812
12,101,1500,1791064747774394628,1791064748075046851,300652704
13,101,1500,1791064747774394628,1791064748080382485,305988449
14,101,1500,1791064747774394628,1791064748093522276,319128279
15,101,1500,1791064747774394628,1791064748100349713,325955667
16,101,1500,1791064747774394628,1791064748105203383,330809376
17,101,1500,1791064747774394628,1791064748109304907,334910880
18,101,1500,1791064747774394628,1791064748112539374,338145168
19,101,1500,1791064747774394628,1791064748115872418,341478262
0,102,1500,1791064747874394628,1791064748119433090,245038953
1,102,1500,1791064747874394628,1791064748124544983,250150846
2,102,1500,1791064747874394628,1791064748131930448,257536361
3,102,1500,1791064747874394628,1791064748139814442,265420756
4,102,1500,1791064747874394628,1791064748145974169,271580083
5,102,1500,1791064747874394628,1791064748149290068,274895971
6,102,1500,1791064747874394628,1791064748153734921,279340894
7,102,1500,1791064747874394628,1791064748157973588,283579642
8,102,1500,1791064747874394628,1791064748166308682,291914825
9,102,1500,1791064747874394628,1791064748170697953,296303806
10,102,1500,1791064747874394628,1791064748174043285,299649088
11,102,1500,1791064747874394628,1791064748177187990,302793773
12,102,1500,1791064747874394628,1791064748181013113,306618977
13,102,1500,1791064747874394628,1791064748184267501,309873304
14,102,1500,1791064747874394628,1791064748187489450,313095223
15,102,1500,1791064747874394628,1791064748190859489,316465282
16,102,1500,1791064747874394628,1791064748194092414,319698358
17,102,1500,1791064747874394628,1791064748197487891,323093734
18,102,1500,1791064747874394628,1791064748200609331,326215094
19,102,1500,1791064747874394628,1791064748203659626,329265389
0,103,1500,1791064747974394628,1791064748206856598,232462401
1,103,1500,1791064747974394628,1791064748209979540,235585323
2,103,1500,1791064747974394628,1791064748213047741,238653555
3,103,1500,1791064747974394628,1791064748216212466,241818219
4,103,1500,1791064747974394628,1791064748219423268,245029102
5,103,1500,1791064747974394628,1791064748222492090,248097853
6,103,1500,1791064747974394628,1791064748225942348,251548191
7,103,1500,1791064747974394628,1791064748229270635,254876438
8,103,1500,1791064747974394628,1791064748232504652,258110415
9,103,1500,1791064747974394628,1791064748236005355,261611198
10,103,1500,1791064747974394628,1791064748239272652,264878595
11,103,1500,1791064747974394628,1791064748242339651,267945404
12,103,1500,1791064747974394628,1791064748245493078,271098871
13,103,1500,1791064747974394628,1791064748248581399,274187172
14,103,1500,1791064747974394628,1791064748251721948,277327701
15,103,1500,1791064747974394628,1791064748254882165,280487928
16,103,1500,1791064747974394628,1791064748258065277,283671181
17,103,1500,1791064747974394628,1791064748261242770,286848533
18,103,1500,1791064747974394628,1791064748264685627,290291430
19,103,1500,1791064747974394628,1791064748267674491,293280254
0,104,1500,1791064748074394628,1791064748270817973,196423806
1,104,1500,1791064748074394628,1791064748273872594,199478367
2,104,1500,1791064748074394628,1791064748276985842,202591755
3,104,1500,1791064748074394628,1791064748280262863,205868737
4,104,1500,1791064748074394628,1791064748285353785,210959748
5,104,1500,1791064748074394628,1791064748288418621,214024474
6,104,1500,1791064748074394628,1791064748293080336,218686289
7,104,1500,1791064748074394628,1791064748299991738,225597691
8,104,1500,1791064748074394628,1791064748302971898,228577662
9,104,1500,1791064748074394628,1791064748306166868,231772631
10,104,1500,1791064748074394628,1791064748309579369,235185192
11,104,1500,1791064748074394628,1791064748312687540,238293353
12,104,1500,1791064748074394628,1791064748315744254,241350027
13,104,1500,1791064748074394628,1791064748319366687,244972550
14,104,1500,1791064748074394628,1791064748322415820,248021673
15,104,1500,1791064748074394628,1791064748326548691,252154544
16,104,1500,1791064748074394628,1791064748329999659,255605492
17,104,1500,1791064748074394628,1791064748333170613,258776376
18,104,1500,1791064748074394628,1791064748337297795,262903888
19,104,1500,1791064748074394628,1791064748340286588,265892351
0,105,1500,1791064748174394628,1791064748343825057,169430930
1,105,1500,1791064748174394628,1791064748347326491,172932294
2,105,1500,1791064748174394628,1791064748350572626,176178409
3,105,1500,1791064748174394628,1791064748353951728,179557751
4,105,1500,1791064748174394628,1791064748358055085,183660998
5,105,1500,1791064748174394628,1791064748364206759,189812873
6,105,1500,1791064748174394628,1791064748367991544,193597517
7,105,1500,1791064748174394628,1791064748372287146,197893269
8,105,1500,1791064748174394628,1791064748381042242,206648205
9,105,1500,1791064748174394628,1791064748384401375,210007228
10,105,1500,1791064748174394628,1791064748387807998,213413831
11,105,1500,1791064748174394628,1791064748392202847,217809061
12,105,1500,1791064748174394628,1791064748395250678,220856441
13,105,1500,1791064748174394628,1791064748398235736,223841529
14,105,1500,1791064748174394628,1791064748401201865,226807638
15,105,1500,1791064748174394628,1791064748404318218,229924001
16,105,1500,1791064748174394628,1791064748407686184,233292127
17,105,1500,1791064748174394628,1791064748410997926,236603719
18,105,1500,1791064748174394628,1791064748414303389,239909213
19,105,1500,1791064748174394628,1791064748417357399,242963163
0,106,1500,1791064748274394628,1791064748420379753,145985516
1,106,1500,1791064748274394628,1791064748423551627,149157420
2,106,1500,1791064748274394628,1791064748426536785,152142548
3,106,1500,1791064748274394628,1791064748429531277,155137040
4,106,1500,1791064748274394628,1791064748432608762,158214525
5,106,1500,1791064748274394628,1791064748435828238,161434131
6,106,1500,1791064748274394628,1791064748444511358,170117191
7,106,1500,1791064748274394628,1791064748454598640,180204644
8,106,1500,1791064748274394628,1791064748465783201,191389204
9,106,1500,1791064748274394628,1791064748475737496,201343329
10,106,1500,1791064748274394628,1791064748486258032,211863895
11,106,1500,1791064748274394628,1791064748492197241,217803255
12,106,1500,1791064748274394628,1791064748498127718,223733701
13,106,1500,1791064748274394628,1791064748501899253,227505056
14,106,1500,1791064748274394628,1791064748505561205,231167068
15,106,1500,1791064748274394628,1791064748509016710,234622533
16,106,1500,1791064748274394628,1791064748512143228,237748981
17,106,1500,1791064748274394628,1791064748519219494,244825357
18,106,1500,1791064748274394628,1791064748524914382,250520315
19,106,1500,1791064748274394628,1791064748528893534,254499487
0,107,1500,1791064748374394628,1791064748532489588,158095431
1,107,1500,1791064748374394628,1791064748535884404,161490257
2,107,1500,1791064748374394628,1791064748539002048,164607831
3,107,1500,1791064748374394628,1791064748543784582,169390425
4,107,1500,1791064748374394628,1791064748547083836,172689619
5,107,1500,1791064748374394628,1791064748550089795,175695548
6,107,1500,1791064748374394628,1791064748553062635,178668398
7,107,1500,1791064748374394628,1791064748556074602,181680375
8,107,1500,1791064748374394628,1791064748559065989,184671783
9,107,1500,1791064748374394628,1791064748562041473,187647246
10,107,1500,1791064748374394628,1791064748565042264,190648057
11,107,1500,1791064748374394628,1791064748568028544,193634307
12,107,1500,1791064748374394628,1791064748571002155,196607948
13,107,1500,1791064748374394628,1791064748573985240,199591053
14,107,1500,1791064748374394628,1791064748576944209,202549992
15,107,1500,1791064748374394628,1791064748579950208,205555961
16,107,1500,1791064748374394628,1791064748582972450,208578354
17,107,1500,1791064748374394628,1791064748585956256,211562009
18,107,1500,1791064748374394628,1791064748593511293,219117127
19,107,1500,1791064748374394628,1791064748596808083,222413887
0,108,1500,1791064748474394628,1791064748599796466,125402219
1,108,1500,1791064748474394628,1791064748607223112,132829075
2,108,1500,1791064748474394628,1791064748616475327,142081310
3,108,1500,1791064748474394628,1791064748621374263,146980136
4,108,1500,1791064748474394628,1791064748625008474,150614267
5,108,1500,1791064748474394628,1791064748628125597,153731420
6,108,1500,1791064748474394628,1791064748634640101,160246064
7,108,1500,1791064748474394628,1791064748640195762,165801745
8,108,1500,1791064748474394628,1791064748648452869,174058953
9,108,1500,1791064748474394628,1791064748651456144,177061937
10,108,1500,1791064748474394628,1791064748654571726,180177519
11,108,1500,1791064748474394628,1791064748658270893,183876676
12,108,1500,1791064748474394628,1791064748661305775,186911588
13,108,1500,1791064748474394628,1791064748664312164,189917947
14,108,1500,1791064748474394628,1791064748667295289,192901062
15,108,1500,1791064748474394628,1791064748670391151,195996944
16,108,1500,1791064748474394628,1791064748673434135,199039898
17,108,1500,1791064748474394628,1791064748676413855,202019668
18,108,1500,1791064748474394628,1791064748679600862,205206666
19,108,1500,1791064748474394628,1791064748682985893,208591707
0,109,1500,1791064748574394628,1791064748686208534,111814317
1,109,1500,1791064748574394628,1791064748689266650,114872403
2,109,1500,1791064748574394628,1791064748692280390,117886263
3,109,1500,1791064748574394628,1791064748695449030,121054793
4,109,1500,1791064748574394628,1791064748698486275,124092179
5,109,1500,1791064748574394628,1791064748701882584,127488407
6,109,1500,1791064748574394628,1791064748704869794,130475557
7,109,1500,1791064748574394628,1791064748708051995,133657838
8,109,1500,1791064748574394628,1791064748711058524,136664277
9,109,1500,1791064748574394628,1791064748714066987,139672770
10,109,1500,1791064748574394628,1791064748717041298,142647092
11,109,1500,1791064748574394628,1791064748720185202,145790985
12,109,1500,1791064748574394628,1791064748723189759,148795542
13,109,1500,1791064748574394628,1791064748726385900,151991683
14,109,1500,1791064748574394628,1791064748729528381,155134164
15,109,1500,1791064748574394628,1791064748732782498,158388321
16,109,1500,1791064748574394628,1791064748735821886,161427649
17,109,1500,1791064748574394628,1791064748738878550,164484343
18,109,1500,1791064748574394628,1791064748741870368,167476121
19,109,1500,1791064748574394628,1791064748744979110,170584863
0,110,1500,1791064748674394628,1791064748748064967,73670770
1,110,1500,1791064748674394628,1791064748751074972,76680815
2,110,1500,1791064748674394628,1791064748754153648,79759462
3,110,1500,1791064748674394628,1791064748757116463,82722216
4,110,1500,1791064748674394628,1791064748760117555,85723368
5,110,1500,1791064748674394628,1791064748763098366,88704129
6,110,1500,1791064748674394628,1791064748766081461,91687225
7,110,1500,1791064748674394628,1791064748769051106,94656859
8,110,1500,1791064748674394628,1791064748777920993,103526956
9,110,1500,1791064748674394628,1791064748785073933,110680197
10,110,1500,1791064748674394628,1791064748788804177,114409980
11,110,1500,1791064748674394628,1791064748792068759,117674572
12,110,1500,1791064748674394628,1791064748795445668,121051431
13,110,1500,1791064748674394628,1791064748800676387,126282400
14,110,1500,1791064748674394628,1791064748806975841,132581844
15,110,1500,1791064748674394628,1791064748813516082,139121926
16,110,1500,1791064748674394628,1791064748817838284,143444127
17,110,1500,1791064748674394628,1791064748820870521,146476284
18,110,1500,1791064748674394628,1791064748824818187,150424030
19,110,1500,1791064748674394628,1791064748832266325,157872519
0,111,1500,1791064748774394628,1791064748839719080,65324903
1,111,1500,1791064748774394628,1791064748850146327,75752350
2,111,1500,1791064748774394628,1791064748853585097,79191191
3,111,1500,1791064748774394628,1791064748857019402,82625365
4,111,1500,1791064748774394628,1791064748861557243,87163126
5,111,1500,1791064748774394628,1791064748873253412,98859666
6,111,1500,1791064748774394628,1791064748876339790,101945554
7,111,1500,1791064748774394628,1791064748891893852,117499956
8,111,1500,1791064748774394628,1791064748894980120,120585923
9,111,1500,1791064748774394628,1791064748900668678,126274732
10,111,1500,1791064748774394628,1791064748910181238,135787442
11,111,1500,1791064748774394628,1791064748919034891,144641155
12,111,1500,1791064748774394628,1791064748932119650,157725914
13,111,1500,1791064748774394628,1791064748942065653,167671757
14,111,1500,1791064748774394628,1791064748954479798,180085961
15,111,1500,1791064748774394628,1791064748957674616,183280380
16,111,1500,1791064748774394628,1791064748960829226,186434989
17,111,1500,1791064748774394628,1791064748971692810,197298904
18,111,1500,1791064748774394628,1791064748975730700,201336703
19,111,1500,1791064748774394628,1791064748980870674,206476918
0,112,1500,1791064748874394628,1791064748984017642,109623395
1,112,1500,1791064748874394628,1791064748988670323,114276407
2,112,1500,1791064748874394628,1791064748995521556,121127630
3,112,1500,1791064748874394628,1791064749000089281,125695135
4,112,1500,1791064748874394628,1791064749011380320,136986794
5,112,1500,1791064748874394628,1791064749019841340,145447434
6,112,1500,1791064748874394628,1791064749030279754,155885987
7,112,1500,1791064748874394628,1791064749033463086,159068899
8,112,1500,1791064748874394628,1791064749047512986,173119070
9,112,1500,1791064748874394628,1791064749053264037,178870131
10,112,1500,1791064748874394628,1791064749058372615,183978728
11,112,1500,1791064748874394628,1791064749061324583,186930347
12,112,1500,1791064748874394628,1791064749070532792,196139026
13,112,1500,1791064748874394628,1791064749083870867,209476991
14,112,1500,1791064748874394628,1791064749090013588,215619562
15,112,1500,1791064748874394628,1791064749101274432,226880536
16,112,1500,1791064748874394628,1791064749110617250,236223364
17,112,1500,1791064748874394628,1791064749113658121,239263894
18,112,1500,1791064748874394628,1791064749128336284,253942477
19,112,1500,1791064748874394628,1791064749137313359,262919603
0,113,1500,1791064748974394628,1791064749145248120,170854203
1,113,1500,1791064748974394628,1791064749156903478,182509481
2,113,1500,1791064748974394628,1791064749166983020,192589113
3,113,1500,1791064748974394628,1791064749173434189,199040292
4,113,1500,1791064748974394628,1791064749192249628,217855842
5,113,1500,1791064748974394628,1791064749198861496,224467499
6,113,1500,1791064748974394628,1791064749206503161,232109274
7,113,1500,1791064748974394628,1791064749211573822,237179696
8,113,1500,1791064748974394628,1791064749226868429,252474603
9,113,1500,1791064748974394628,1791064749246414402,272020746
10,113,1500,1791064748974394628,1791064749263244156,288850340
11,113,1500,1791064748974394628,1791064749269471964,295077857
12,113,1500,1791064748974394628,1791064749272832839,298438702
13,113,1500,1791064748974394628,1791064749278331165,303937019
14,113,1500,1791064748974394628,1791064749282402164,308007977
15,113,1500,1791064748974394628,1791064749289445807,315051881
16,113,1500,1791064748974394628,1791064749304392809,329998972
17,113,1500,1791064748974394628,1791064749311296919,336902793
18,113,1500,1791064748974394628,1791064749320164143,345770276
19,113,1500,1791064748974394628,1791064749325472877,351078730
0,114,1500,1791064749074394628,1791064749355792421,281398625
1,114,1500,1791064749074394628,1791064749370280662,295886765
2,114,1500,1791064749074394628,1791064749387211976,312818080
3,114,1500,1791064749074394628,1791064749412598964,338205218
4,114,1500,1791064749074394628,1791064749426061343,351667466
5,114,1500,1791064749074394628,1791064749429509798,355115601
6,114,1500,1791064749074394628,1791064749470061169,395667322
7,114,1500,1791064749074394628,1791064749473434813,399040596
8,114,1500,1791064749074394628,1791064749520708235,446314519
9,114,1500,1791064749074394628,1791064749523743828,449349621
10,114,1500,1791064749074394628,1791064749578433886,504040079
11,114,1500,1791064749074394628,1791064749593546152,519152396
12,114,1500,1791064749074394628,1791064749616384309,541990482
13,114,1500,1791064749074394628,1791064749647884233,573490707
14,114,1500,1791064749074394628,1791064749683719619,609325722
15,114,1500,1791064749074394628,1791064749717151890,642757973
16,114,1500,1791064749074394628,1791064749720153863,645759636
17,114,1500,1791064749074394628,1791064749723659132,649264986
18,114,1500,1791064749074394628,1791064749731234299,656840162
19,114,1500,1791064749074394628,1791064749734317201,659922985
0,115,1500,1791064749174394628,1791064749737304222,562909985
1,115,1500,1791064749174394628,1791064749741937916,567543769
2,115,1500,1791064749174394628,1791064749749143384,574749237
3,115,1500,1791064749174394628,1791064749753437774,579043767
4,115,1500,1791064749174394628,1791064749764515235,590121439
5,115,1500,1791064749174394628,1791064749785618649,611224872
6,115,1500,1791064749174394628,1791064749788628694,614234477
7,115,1500,1791064749174394628,1791064749827225315,652831599
8,115,1500,1791064749174394628,1791064749836596165,662202258
9,115,1500,1791064749174394628,1791064749841166324,666772177
10,115,1500,1791064749174394628,1791064749846225849,671831832
11,115,1500,1791064749174394628,1791064749850513398,676119272
12,115,1500,1791064749174394628,1791064749863645307,689251371
13,115,1500,1791064749174394628,1791064749882167602,707773906
14,115,1500,1791064749174394628,1791064749885668305,711274058
15,115,1500,1791064749174394628,1791064749931403090,757009203
16,115,1500,1791064749174394628,1791064749937534755,763140848
17,115,1500,1791064749174394628,1791064749941050590,766656564
18,115,1500,1791064749174394628,1791064749976671698,802277882
19,115,1500,1791064749174394628,1791064749980134955,805740778
0,116,1500,1791064749274394628,1791064750020975124,746581228
1,116,1500,1791064749274394628,1791064750035876027,761482151
2,116,1500,1791064749274394628,1791064750046982802,772588886
3,116,1500,1791064749274394628,1791064750082647825,808254229
4,116,1500,1791064749274394628,1791064750096137194,821743689
5,116,1500,1791064749274394628,1791064750115953729,841559993
6,116,1500,1791064749274394628,1791064750123162742,848768876
7,116,1500,1791064749274394628,1791064750135888859,861495143
8,116,1500,1791064749274394628,1791064750140670252,866276095
9,116,1500,1791064749274394628,1791064750146700757,872306991
10,116,1500,1791064749274394628,1791064750152465428,878071451
11,116,1500,1791064749274394628,1791064750175135224,900741408
12,116,1500,1791064749274394628,1791064750201740158,927346422
13,116,1500,1791064749274394628,1791064750235308100,960914384
14,116,1500,1791064749274394628,1791064750247511582,973117736
15,116,1500,1791064749274394628,1791064750261109292,986715576
16,116,1500,1791064749274394628,1791064750288639278,1014245411
17,116,1500,1791064749274394628,1791064750325266613,1050872927
18,116,1500,1791064749274394628,1791064750367625370,1093231654
19,116,1500,1791064749274394628,1791064750391832637,1117438831
0,117,1500,1791064749374394628,1791064750405556995,1031163099
1,117,1500,1791064749374394628,1791064750416679243,1042285196
2,117,1500,1791064749374394628,1791064750423127227,1048733341
3,117,1500,1791064749374394628,1791064750437059944,1062666058
4,117,1500,1791064749374394628,1791064750450896498,1076502482
5,117,1500,1791064749374394628,1791064750478016706,1103623060
6,117,1500,1791064749374394628,1791064750504604925,1130211299
7,117,1500,1791064749374394628,1791064750519193405,1144799699
8,117,1500,1791064749374394628,1791064750556535796,1182141919
9,117,1500,1791064749374394628,1791064750576044779,1201650952
10,117,1500,1791064749374394628,1791064750615070517,1240676701
11,117,1500,1791064749374394628,1791064750630547254,1256153558
12,117,1500,1791064749374394628,1791064750672388098,1297994432
13,117,1500,1791064749374394628,1791064750691298658,1316904922
14,117,1500,1791064749374394628,1791064750700038262,1325644426
15,117,1500,1791064749374394628,1791064750707593489,1333199772
16,117,1500,1791064749374394628,1791064750715341762,1340948056
17,117,1500,1791064749374394628,1791064750727036139,1352642603
18,117,1500,1791064749374394628,1791064750730219330,1355825113
19,117,1500,1791064749374394628,1791064750744293337,1369899480
0,118,1500,1791064749474394628,1791064750764451859,1290058083
1,118,1500,1791064749474394628,1791064750790369383,1315975697
2,118,1500,1791064749474394628,1791064750793552735,1319158518
3,118,1500,1791064749474394628,1791064750841240501,1366846605
4,118,1500,1791064749474394628,1791064750844406107,1370012020
5,118,1500,1791064749474394628,1791064750885253847,1410860121
6,118,1500,1791064749474394628,1791064750900935529,1426541772
7,118,1500,1791064749474394628,1791064750929350267,1454956390
8,118,1500,1791064749474394628,1791064750947674468,1473280571
9,118,1500,1791064749474394628,1791064750979997744,1505603917
10,118,1500,1791064749474394628,1791064750998544935,1524151129
11,118,1500,1791064749474394628,1791064751014218785,1539824888
12,118,1500,1791064749474394628,1791064751070639475,1596245869
13,118,1500,1791064749474394628,1791064751087933617,1613539811
14,118,1500,1791064749474394628,1791064751115884178,1641490572
15,118,1500,1791064749474394628,1791064751151375302,1676981496
16,118,1500,1791064749474394628,1791064751170635091,1696241275
17,118,1500,1791064749474394628,1791064751188924045,1714530239
18,118,1500,1791064749474394628,1791064751203926649,1729532752
19,118,1500,1791064749474394628,1791064751209873119,1735479103
0,119,1500,1791064749574394628,1791064751219494761,1645101055
1,119,1500,1791064749574394628,1791064751222505757,1648111520
2,119,1500,1791064749574394628,1791064751225485558,1651091321
3,119,1500,1791064749574394628,1791064751228525757,1654131510
4,119,1500,1791064749574394628,1791064751231684042,1657289805
5,119,1500,1791064749574394628,1791064751235140529,1660746382
6,119,1500,1791064749574394628,1791064751263220110,1688826334
7,119,1500,1791064749574394628,1791064751315465452,1741071586
8,119,1500,1791064749574394628,1791064751338076932,1763683156
9,119,1500,1791064749574394628,1791064751352396703,1778002826
10,119,1500,1791064749574394628,1791064751364065992,1789672086
11,119,1500,1791064749574394628,1791064751371144577,1796750881
12,119,1500,1791064749574394628,1791064751374483199,1800089032
13,119,1500,1791064749574394628,1791064751379870841,1805477075
14,119,1500,1791064749574394628,1791064751384687566,1810293459
15,119,1500,1791064749574394628,1791064751408495581,1834101945
16,119,1500,1791064749574394628,1791064751447379109,1872985233
17,119,1500,1791064749574394628,1791064751463995086,1889601280
18,119,1500,1791064749574394628,1791064751474781296,1900387800
19,119,1500,1791064749574394628,1791064751500682066,1926288270
0,120,1500,1791064749674394628,1791064751504792043,1830397987
1,120,1500,1791064749674394628,1791064751544655645,1870262029
2,120,1500,1791064749674394628,1791064751564031756,1889637840
3,120,1500,1791064749674394628,1791064751567660179,1893266372
4,120,1500,1791064749674394628,1791064751570972732,1896578706
5,120,1500,1791064749674394628,1791064751574119340,1899725103
6,120,1500,1791064749674394628,1791064751577308431,1902914194
7,120,1500,1791064749674394628,1791064751585384390,1910990534
8,120,1500,1791064749674394628,1791064751588421215,1914026978
9,120,1500,1791064749674394628,1791064751618700009,1944306202
10,120,1500,1791064749674394628,1791064751636225946,1961832120
11,120,1500,1791064749674394628,1791064751652711600,1978317793
12,120,1500,1791064749674394628,1791064751676382111,2001988235
13,120,1500,1791064749674394628,1791064751690775212,2016381455
14,120,1500,1791064749674394628,1791064751715870261,2041476395
15,120,1500,1791064749674394628,1791064751738600688,2064206802
16,120,1500,1791064749674394628,1791064751767605683,2093211786
17,120,1500,1791064749674394628,1791064751783893013,2109499246
18,120,1500,1791064749674394628,1791064751800161244,2125767388
19,120,1500,1791064749674394628,1791064751830063359,2155669513
0,121,1500,1791064749774394628,1791064751848302535,2073908788
1,121,1500,1791064749774394628,1791064751860523833,2086129977
2,121,1500,1791064749774394628,1791064751870284512,2095890605
3,121,1500,1791064749774394628,1791064751875796738,2101402602
4,121,1500,1791064749774394628,1791064751879561363,2105167226
5,121,1500,1791064749774394628,1791064751891955868,2117562072
6,121,1500,1791064749774394628,1791064751902805001,2128411145
7,121,1500,1791064749774394628,1791064751918733999,2144340343
8,121,1500,1791064749774394628,1791064751925346088,2150951971
9,121,1500,1791064749774394628,1791064751960062925,2185669008
10,121,1500,1791064749774394628,1791064751976524874,2202131147
11,121,1500,1791064749774394628,1791064751993037027,2218642910
12,121,1500,1791064749774394628,1791064752009306010,2234912424
13,121,1500,1791064749774394628,1791064752020216704,2245822768
14,121,1500,1791064749774394628,1791064752030430585,2256036548
15,121,1500,1791064749774394628,1791064752036220603,2261826446
16,121,1500,1791064749774394628,1791064752039945849,2265551702
17,121,1500,1791064749774394628,1791064752045738221,2271344075
18,121,1500,1791064749774394628,1791064752052646829,2278252663
19,121,1500,1791064749774394628,1791064752068218297,2293824311
0,122,1500,1791064749874394628,1791064752084740806,2210346899
1,122,1500,1791064749874394628,1791064752099086696,2224692870
2,122,1500,1791064749874394628,1791064752122566996,2248173119
3,122,1500,1791064749874394628,1791064752127807489,2253413342
4,122,1500,1791064749874394628,1791064752132402495,2258008439
5,122,1500,1791064749874394628,1791064752137013735,2262619588
6,122,1500,1791064749874394628,1791064752161571723,2287177937
7,122,1500,1791064749874394628,1791064752164640896,2290246649
8,122,1500,1791064749874394628,1791064752183204442,2308810496
9,122,1500,1791064749874394628,1791064752186425690,2312031474
10,122,1500,1791064749874394628,1791064752190732950,2316338813
11,122,1500,1791064749874394628,1791064752202492633,2328098486
12,122,1500,1791064749874394628,1791064752221171050,2346777224
13,122,1500,1791064749874394628,1791064752224434822,2350040655
14,122,1500,1791064749874394628,1791064752236804500,2362410694
15,122,1500,1791064749874394628,1791064752239796208,2365401961
16,122,1500,1791064749874394628,1791064752242788176,2368393939
17,122,1500,1791064749874394628,1791064752250016929,2375622812
18,122,1500,1791064749874394628,1791064752262193501,2387799464
19,122,1500,1791064749874394628,1791064752265230947,2390836710
0,123,1500,1791064749974394628,1791064752280297606,2305903639
1,123,1500,1791064749974394628,1791064752285614332,2311220196
2,123,1500,1791064749974394628,1791064752289035627,2314641470
3,123,1500,1791064749974394628,1791064752292451674,2318057517
4,123,1500,1791064749974394628,1791064752295700644,2321306477
5,123,1500,1791064749974394628,1791064752303105357,2328711291
6,123,1500,1791064749974394628,1791064752308077303,2333683146
7,123,1500,1791064749974394628,1791064752312442558,2338048822
8,123,1500,1791064749974394628,1791064752317034730,2342640603
9,123,1500,1791064749974394628,1791064752324857043,2350462896
10,123,1500,1791064749974394628,1791064752331168946,2356774799
11,123,1500,1791064749974394628,1791064752342620082,2368225925
12,123,1500,1791064749974394628,1791064752349455671,2375061525
13,123,1500,1791064749974394628,1791064752355430194,2381036157
14,123,1500,1791064749974394628,1791064752358475741,2384081504
15,123,1500,1791064749974394628,1791064752362358591,2387964434
16,123,1500,1791064749974394628,1791064752369179429,2394785302
17,123,1500,1791064749974394628,1791064752372389520,2397995323
18,123,1500,1791064749974394628,1791064752391774045,2417380188
19,123,1500,1791064749974394628,1791064752399703146,2425309150
0,124,1500,1791064750074394628,1791064752403147916,2328753719
1,124,1500,1791064750074394628,1791064752406348223,2331953976
2,124,1500,1791064750074394628,1791064752413294868,2338900761
3,124,1500,1791064750074394628,1791064752420238738,2345844741
4,124,1500,1791064750074394628,1791064752430274224,2355880077
5,124,1500,1791064750074394628,1791064752435014455,2360620328
6,124,1500,1791064750074394628,1791064752446572980,2372178974
7,124,1500,1791064750074394628,1791064752453265428,2378871281
8,124,1500,1791064750074394628,1791064752460136440,2385742333
9,124,1500,1791064750074394628,1791064752466068079,2391673932
10,124,1500,1791064750074394628,1791064752469409074,2395014938
11,124,1500,1791064750074394628,1791064752472615921,2398221685
12,124,1500,1791064750074394628,1791064752481473471,2407079524
13,124,1500,1791064750074394628,1791064752485721281,2411327195
14,124,1500,1791064750074394628,1791064752496422235,2422028088
15,124,1500,1791064750074394628,1791064752509098118,2434704281
16,124,1500,1791064750074394628,1791064752512162543,2437768306
17,124,1500,1791064750074394628,1791064752518813459,2444419342
18,124,1500,1791064750074394628,1791064752530772048,2456378231
19,124,1500,1791064750074394628,1791064752543176147,2468782000
0,125,1500,1791064750174394628,1791064752548662996,2374268859
1,125,1500,1791064750174394628,1791064752554993807,2380600041
2,125,1500,1791064750174394628,1791064752559704565,2385310418
3,125,1500,1791064750174394628,1791064752562795249,2388401002
4,125,1500,1791064750174394628,1791064752565890891,2391496674
5,125,1500,1791064750174394628,1791064752569099210,2394704973
6,125,1500,1791064750174394628,1791064752572422079,2398027902
7,125,1500,1791064750174394628,1791064752576254284,2401860097
8,125,1500,1791064750174394628,1791064752582590993,2408196836
9,125,1500,1791064750174394628,1791064752599032742,2424638715
10,125,1500,1791064750174394628,1791064752606034248,2431640091
11,125,1500,1791064750174394628,1791064752613400234,2439006228
12,125,1500,1791064750174394628,1791064752621716671,2447322524
13,125,1500,1791064750174394628,1791064752628540683,2454146526
14,125,1500,1791064750174394628,1791064752634812156,2460418009
15,125,1500,1791064750174394628,1791064752640122312,2465728256
16,125,1500,1791064750174394628,1791064752643270663,2468876496
17,125,1500,1791064750174394628,1791064752647185179,2472791183
18,125,1500,1791064750174394628,1791064752652729203,2478335557
19,125,1500,1791064750174394628,1791064752666684704,2492290677
0,126,1500,1791064750274394628,1791064752669709561,2395315384
1,126,1500,1791064750274394628,1791064752696976567,2422582661
2,126,1500,1791064750274394628,1791064752704380330,2429986213
3,126,1500,1791064750274394628,1791064752713147464,2438753438
4,126,1500,1791064750274394628,1791064752718713381,2444319384
5,126,1500,1791064750274394628,1791064752744844212,2470450566
6,126,1500,1791064750274394628,1791064752759334336,2484940329
7,126,1500,1791064750274394628,1791064752768823692,2494429655
8,126,1500,1791064750274394628,1791064752774980365,2500586328
9,126,1500,1791064750274394628,1791064752784382301,2509988385
10,126,1500,1791064750274394628,1791064752801344111,2526950255
11,126,1500,1791064750274394628,1791064752814440638,2540046711
12,126,1500,1791064750274394628,1791064752823064270,2548670354
13,126,1500,1791064750274394628,1791064752828063826,2553669959
14,126,1500,1791064750274394628,1791064752831159618,2556765461
15,126,1500,1791064750274394628,1791064752836941485,2562547468
16,126,1500,1791064750274394628,1791064752843611499,2569217352
17,126,1500,1791064750274394628,1791064752847304176,2572910039
18,126,1500,1791064750274394628,1791064752861975539,2587581743
19,126,1500,1791064750274394628,1791064752864973797,2590579590
0,127,1500,1791064750374394628,1791064752881113978,2506719952
1,127,1500,1791064750374394628,1791064752892117200,2517723273
2,127,1500,1791064750374394628,1791064752897017088,2522623091
3,127,1500,1791064750374394628,1791064752900119290,2525725053
4,127,1500,1791064750374394628,1791064752906561305,2532167359
5,127,1500,1791064750374394628,1791064752911795249,2537401283
6,127,1500,1791064750374394628,1791064752927419265,2553025239
7,127,1500,1791064750374394628,1791064752937580838,2563186992
8,127,1500,1791064750374394628,1791064752943109008,2568715072
9,127,1500,1791064750374394628,1791064752946226473,2571832286
10,127,1500,1791064750374394628,1791064752949262797,2574868560
11,127,1500,1791064750374394628,1791064752952512547,2578118551
12,127,1500,1791064750374394628,1791064752955605004,2581210767
13,127,1500,1791064750374394628,1791064752958702439,2584308232
14,127,1500,1791064750374394628,1791064752961686365,2587292128
15,127,1500,1791064750374394628,1791064752965041222,2590647085
16,127,1500,1791064750374394628,1791064752968103474,2593709237
17,127,1500,1791064750374394628,1791064752980112518,2605718782
18,127,1500,1791064750374394628,1791064752985728198,2611334271
19,127,1500,1791064750374394628,1791064752988808888,2614414671
0,128,1500,1791064750474394628,1791064752997178913,2522784957
1,128,1500,1791064750474394628,1791064753003982235,2529588198
2,128,1500,1791064750474394628,1791064753013818185,2539424319
3,128,1500,1791064750474394628,1791064753023709688,2549315841
4,128,1500,1791064750474394628,1791064753031004068,2556610041
5,128,1500,1791064750474394628,1791064753034591029,2560196892
6,128,1500,1791064750474394628,1791064753043650607,2569256641
7,128,1500,1791064750474394628,1791064753053329695,2578935728
8,128,1500,1791064750474394628,1791064753056309425,2581915268
9,128,1500,1791064750474394628,1791064753074804339,2600410433
10,128,1500,1791064750474394628,1791064753085654774,2611261088
11,128,1500,1791064750474394628,1791064753094162744,2619768818
12,128,1500,1791064750474394628,1791064753104088057,2629694031
13,128,1500,1791064750474394628,1791064753115641084,2641247148
14,128,1500,1791064750474394628,1791064753138037156,2663643309
15,128,1500,1791064750474394628,1791064753145237336,2670843310
16,128,1500,1791064750474394628,1791064753158911640,2684517784
17,128,1500,1791064750474394628,1791064753165891083,2691496976
18,128,1500,1791064750474394628,1791064753185209108,2710815112
19,128,1500,1791064750474394628,1791064753198492893,2724098986
0,129,1500,1791064750574394628,1791064753208823777,2634429751
1,129,1500,1791064750574394628,1791064753220362924,2645968887
2,129,1500,1791064750574394628,1791064753234869472,2660475716
3,129,1500,1791064750574394628,1791064753242217031,2667823045
4,129,1500,1791064750574394628,1791064753245186085,2670791868
5,129,1500,1791064750574394628,1791064753262582631,2688188614
6,129,1500,1791064750574394628,1791064753265692213,2691297996
7,129,1500,1791064750574394628,1791064753287580201,2713186425
8,129,1500,1791064750574394628,1791064753297409661,2723015745
9,129,1500,1791064750574394628,1791064753316888866,2742494949
10,129,1500,1791064750574394628,1791064753341300777,2766907081
11,129,1500,1791064750574394628,1791064753344328799,2769934592
12,129,1500,1791064750574394628,1791064753348269484,2773875317
13,129,1500,1791064750574394628,1791064753351338857,2776944620
14,129,1500,1791064750574394628,1791064753354322272,2779928036
15,129,1500,1791064750574394628,1791064753357295223,2782900986
16,129,1500,1791064750574394628,1791064753360292288,2785898061
17,129,1500,1791064750574394628,1791064753363336053,2788941957
18,129,1500,1791064750574394628,1791064753366318708,2791924481
19,129,1500,1791064750574394628,1791064753369279610,2794885363
0,130,1500,1791064750674394628,1791064753372265289,2697871232
1,130,1500,1791064750674394628,1791064753375265970,2700871753
2,130,1500,1791064750674394628,1791064753378427369,2704033162
3,130,1500,1791064750674394628,1791064753381467649,2707073442
4,130,1500,1791064750674394628,1791064753384467669,2710073502
5,130,1500,1791064750674394628,1791064753387694516,2713300359
6,130,1500,1791064750674394628,1791064753390997145,2716602958
7,130,1500,1791064750674394628,1791064753393967421,2719573294
8,130,1500,1791064750674394628,1791064753396935783,2722541557
9,130,1500,1791064750674394628,1791064753400208608,2725814452
10,130,1500,1791064750674394628,1791064753403220146,2728826019
11,130,1500,1791064750674394628,1791064753406243460,2731849213
12,130,1500,1791064750674394628,1791064753409300925,2734906768
13,130,1500,1791064750674394628,1791064753412467012,2738072805
14,130,1500,1791064750674394628,1791064753415471739,2741077542
15,130,1500,1791064750674394628,1791064753418449816,2744055620
16,130,1500,1791064750674394628,1791064753421418480,2747024293
17,130,1500,1791064750674394628,1791064753424627430,2750233273
18,130,1500,1791064750674394628,1791064753427709943,2753315736
19,130,1500,1791064750674394628,1791064753430791033,2756396796
0,131,1500,1791064750774394628,1791064753433833876,2659439629
1,131,1500,1791064750774394628,1791064753436889199,2662494962
2,131,1500,1791064750774394628,1791064753439939013,2665544776
3,131,1500,1791064750774394628,1791064753443008345,2668614128
4,131,1500,1791064750774394628,1791064753445989868,2671595641
5,131,1500,1791064750774394628,1791064753451907241,2677513595
6,131,1500,1791064750774394628,1791064753455044104,2680649867
7,131,1500,1791064750774394628,1791064753458213214,2683818997
8,131,1500,1791064750774394628,1791064753461517797,2687123630
9,131,1500,1791064750774394628,1791064753464534571,2690140334
10,131,1500,1791064750774394628,1791064753468093781,2693699644
11,131,1500,1791064750774394628,1791064753471465723,2697071576
12,131,1500,1791064750774394628,1791064753474527024,2700132807
13,131,1500,1791064750774394628,1791064753477528286,2703134069
14,131,1500,1791064750774394628,1791064753480845506,2706451590
15,131,1500,1791064750774394628,1791064753484030681,2709636524
16,131,1500,1791064750774394628,1791064753487430975,2713036938
17,131,1500,1791064750774394628,1791064753490590071,2716195864
18,131,1500,1791064750774394628,1791064753493981352,2719587345
19,131,1500,1791064750774394628,1791064753497188098,2722793901
0,132,1500,1791064750874394628,1791064753500440513,2626046306
1,132,1500,1791064750874394628,1791064753503497978,2629103741
2,132,1500,1791064750874394628,1791064753506827357,2632433360
3,132,1500,1791064750874394628,1791064753509889539,2635495322
4,132,1500,1791064750874394628,1791064753513176144,2638781987
5,132,1500,1791064750874394628,1791064753516233599,2641839382
6,132,1500,1791064750874394628,1791064753519509018,2645115011
7,132,1500,1791064750874394628,1791064753522634374,2648240157
8,132,1500,1791064750874394628,1791064753525749164,2651354947
9,132,1500,1791064750874394628,1791064753528907219,2654513002
10,132,1500,1791064750874394628,1791064753532189618,2657795551
11,132,1500,1791064750874394628,1791064753535223818,2660829602
12,132,1500,1791064750874394628,1791064753538503714,2664109557
13,132,1500,1791064750874394628,1791064753541508621,2667114374
14,132,1500,1791064750874394628,1791064753545002283,2670608177
15,132,1500,1791064750874394628,1791064753548023284,2673629038
16,132,1500,1791064750874394628,1791064753551157794,2676763557
17,132,1500,1791064750874394628,1791064753554174489,2679780252
18,132,1500,1791064750874394628,1791064753557348277,2682954040
19,132,1500,1791064750874394628,1791064753560355838,2685961601
0,133,1500,1791064750974394628,1791064753563580612,2589186375
1,133,1500,1791064750974394628,1791064753566767639,2592373422
2,133,1500,1791064750974394628,1791064753570208523,2595814506
3,133,1500,1791064750974394628,1791064753573418454,2599024257
4,133,1500,1791064750974394628,1791064753576789675,2602395539
5,133,1500,1791064750974394628,1791064753579932768,2605538571
6,133,1500,1791064750974394628,1791064753583121137,2608726930
7,133,1500,1791064750974394628,1791064753586167546,2611773299
8,133,1500,1791064750974394628,1791064753589370297,2614976060
9,133,1500,1791064750974394628,1791064753592689851,2618295694
10,133,1500,1791064750974394628,1791064753595727326,2621333089
11,133,1500,1791064750974394628,1791064753599096474,2624702277
12,133,1500,1791064750974394628,1791064753602264373,2627870186
13,133,1500,1791064750974394628,1791064753605385713,2630991476
14,133,1500,1791064750974394628,1791064753608850302,2634456155
15,133,1500,1791064750974394628,1791064753612335602,2637941536
16,133,1500,1791064750974394628,1791064753615434289,2641040262
17,133,1500,1791064750974394628,1791064753623366896,2648973080
18,133,1500,1791064750974394628,1791064753630282664,2655888537
19,133,1500,1791064750974394628,1791064753635124386,2660730290
0,134,1500,1791064751074394628,1791064753639902985,2565508988
1,134,1500,1791064751074394628,1791064753643421193,2569027016
2,134,1500,1791064751074394628,1791064753646818843,2572424777
3,134,1500,1791064751074394628,1791064753650705729,2576311492
4,134,1500,1791064751074394628,1791064753654416754,2580022757
5,134,1500,1791064751074394628,1791064753658130633,2583736506
6,134,1500,1791064751074394628,1791064753661942146,2587548270
7,134,1500,1791064751074394628,1791064753665482348,2591088151
8,134,1500,1791064751074394628,1791064753669225641,2594831484
9,134,1500,1791064751074394628,1791064753672664061,2598269814
10,134,1500,1791064751074394628,1791064753676267646,2601873409
11,134,1500,1791064751074394628,1791064753679712166,2605317939
12,134,1500,1791064751074394628,1791064753683093191,2608699004
13,134,1500,1791064751074394628,1791064753686739399,2612345263
14,134,1500,1791064751074394628,1791064753690136348,2615742111
15,134,1500,1791064751074394628,1791064753693553467,2619159230
16,134,1500,1791064751074394628,1791064753697307876,2622913729
17,134,1500,1791064751074394628,1791064753700992802,2626598745
18,134,1500,1791064751074394628,1791064753704535788,2630141591
19,134,1500,1791064751074394628,1791064753708092233,2633698036
0,135,1500,1791064751174394628,1791064753711374642,2536980465
1,135,1500,1791064751174394628,1791064753714381472,2539987235
2,135,1500,1791064751174394628,1791064753717520789,2543126552
3,135,1500,1791064751174394628,1791064753720676150,2546281953
4,135,1500,1791064751174394628,1791064753724018567,2549624361
5,135,1500,1791064751174394628,1791064753727123623,2552729437
6,135,1500,1791064751174394628,1791064753730285033,2555890906
7,135,1500,1791064751174394628,1791064753733438200,2559043963
8,135,1500,1791064751174394628,1791064753736594602,2562200415
9,135,1500,1791064751174394628,1791064753740124558,2565730492
10,135,1500,1791064751174394628,1791064753743268352,2568874155
11,135,1500,1791064751174394628,1791064753746458844,2572064638
12,135,1500,1791064751174394628,1791064753749657429,2575263263
13,135,1500,1791064751174394628,1791064753752803957,2578409740
14,135,1500,1791064751174394628,1791064753756024283,2581630066
15,135,1500,1791064751174394628,1791064753759025746,2584631499
16,135,1500,1791064751174394628,1791064753762150541,2587756304
17,135,1500,1791064751174394628,1791064753765250549,2590856312
18,135,1500,1791064751174394628,1791064753768435754,2594041547
19,135,1500,1791064751174394628,1791064753771748688,2597354501
0,136,1500,1791064751274394628,1791064753774944519,2500550352
1,136,1500,1791064751274394628,1791064753778126208,2503731981
2,136,1500,1791064751274394628,1791064753781100250,2506706013
3,136,1500,1791064751274394628,1791064753784433494,2510039458
4,136,1500,1791064751274394628,1791064753787494054,2513099817
5,136,1500,1791064751274394628,1791064753797385266,2522991130
6,136,1500,1791064751274394628,1791064753801490306,2527096169
7,136,1500,1791064751274394628,1791064753804710111,2530315895
8,136,1500,1791064751274394628,1791064753807818608,2533424471
9,136,1500,1791064751274394628,1791064753811051954,2536657717
10,136,1500,1791064751274394628,1791064753814277038,2539882801
11,136,1500,1791064751274394628,1791064753817253913,2542859676
12,136,1500,1791064751274394628,1791064753820374703,2545980456
13,136,1500,1791064751274394628,1791064753823379570,2548985413
14,136,1500,1791064751274394628,1791064753826580879,2552186642
15,136,1500,1791064751274394628,1791064753829673225,2555278989
16,136,1500,1791064751274394628,1791064753832829798,2558435581
17,136,1500,1791064751274394628,1791064753835993281,2561599054
18,136,1500,1791064751274394628,1791064753839146127,2564751890
19,136,1500,1791064751274394628,1791064753842145847,2567751610
0,137,1500,1791064751374394628,1791064753845384531,2470990495
1,137,1500,1791064751374394628,1791064753848440684,2474046448
2,137,1500,1791064751374394628,1791064753851551128,2477156881
3,137,1500,1791064751374394628,1791064753854557638,2480163401
4,137,1500,1791064751374394628,1791064753857724095,2483329858
5,137,1500,1791064751374394628,1791064753860879075,2486484838
6,137,1500,1791064751374394628,1791064753863906475,2489512229
7,137,1500,1791064751374394628,1791064753867220161,2492825924
8,137,1500,1791064751374394628,1791064753870332608,2495938371
9,137,1500,1791064751374394628,1791064753873555468,2499161232
10,137,1500,1791064751374394628,1791064753876674055,2502279968
11,137,1500,1791064751374394628,1791064753887231715,2512838019
12,137,1500,1791064751374394628,1791064753891476001,2517081834
13,137,1500,1791064751374394628,1791064753894724159,2520329962
14,137,1500,1791064751374394628,1791064753897980860,2523586773
15,137,1500,1791064751374394628,1791064753900993329,2526599092
16,137,1500,1791064751374394628,1791064753904118735,2529724498
17,137,1500,1791064751374394628,1791064753907161098,2532766971
18,137,1500,1791064751374394628,1791064753910326813,2535932576
19,137,1500,1791064751374394628,1791064753913302668,2538908431
0,138,1500,1791064751474394628,1791064753920907949,2446513912
1,138,1500,1791064751474394628,1791064753927402633,2453008957
2,138,1500,1791064751474394628,1791064753930532345,2456138108
3,138,1500,1791064751474394628,1791064753934557496,2460163569
4,138,1500,1791064751474394628,1791064753937809931,2463415694
5,138,1500,1791064751474394628,1791064753941209874,2466815717
6,138,1500,1791064751474394628,1791064753944434677,2470040470
7,138,1500,1791064751474394628,1791064753947475628,2473081391
8,138,1500,1791064751474394628,1791064753950680332,2476286085
9,138,1500,1791064751474394628,1791064753953683637,2479289400
10,138,1500,1791064751474394628,1791064753956807410,2482413193
11,138,1500,1791064751474394628,1791064753960058473,2485664236
12,138,1500,1791064751474394628,1791064753963082359,2488688112
13,138,1500,1791064751474394628,1791064753966223418,2491829181
14,138,1500,1791064751474394628,1791064753969246141,2494851924
15,138,1500,1791064751474394628,1791064753972500599,2498106402
16,138,1500,1791064751474394628,1791064753975553317,2501159080
17,138,1500,1791064751474394628,1791064753978653115,2504258878
18,138,1500,1791064751474394628,1791064753981682969,2507288863
19,138,1500,1791064751474394628,1791064753985055522,2510661336
0,139,1500,1791064751574394628,1791064753988206026,2413811819
1,139,1500,1791064751574394628,1791064753991330420,2416936173
2,139,1500,1791064751574394628,1791064753994550216,2420155969
3,139,1500,1791064751574394628,1791064753997682633,2423288396
4,139,1500,1791064751574394628,1791064754000711696,2426317459
5,139,1500,1791064751574394628,1791064754003958222,2429563985
6,139,1500,1791064751574394628,1791064754006986414,2432592177
7,139,1500,1791064751574394628,1791064754010132831,2435738604
8,139,1500,1791064751574394628,1791064754013346598,2438952361
9,139,1500,1791064751574394628,1791064754016406747,2442012521
10,139,1500,1791064751574394628,1791064754019551132,2445156905
11,139,1500,1791064751574394628,1791064754022824687,2448430471
12,139,1500,1791064751574394628,1791064754025922082,2451527865
13,139,1500,1791064751574394628,1791064754029019196,2454624949
14,139,1500,1791064751574394628,1791064754032068910,2457674683
15,139,1500,1791064751574394628,1791064754035299332,2460905095
16,139,1500,1791064751574394628,1791064754038412279,2464018032
17,139,1500,1791064751574394628,1791064754041430457,2467036220
18,139,1500,1791064751574394628,1791064754044652616,2470258379
19,139,1500,1791064751574394628,1791064754047842928,2473448681
0,140,1500,1791064751674394628,1791064754050888616,2376494379
1,140,1500,1791064751674394628,1791064754054147200,2379752963
2,140,1500,1791064751674394628,1791064754057161040,2382766793
3,140,1500,1791064751674394628,1791064754060317703,2385923466
4,140,1500,1791064751674394628,1791064754063472833,2389078596
5,140,1500,1791064751674394628,1791064754066698328,2392304081
6,140,1500,1791064751674394628,1791064754069738277,2395344040
7,140,1500,1791064751674394628,1791064754072880508,2398486281
8,140,1500,1791064751674394628,1791064754076083319,2401689122
9,140,1500,1791064751674394628,1791064754079086934,2404692687
10,140,1500,1791064751674394628,1791064754082178480,2407784233
11,140,1500,1791064751674394628,1791064754085173893,2410779656
12,140,1500,1791064751674394628,1791064754088409293,2414015056
13,140,1500,1791064751674394628,1791064754091633846,2417239779
14,140,1500,1791064751674394628,1791064754094926600,2420532373
15,140,1500,1791064751674394628,1791064754098169390,2423775153
16,140,1500,1791064751674394628,1791064754101370609,2426976412
17,140,1500,1791064751674394628,1791064754104573790,2430179573
18,140,1500,1791064751674394628,1791064754107912412,2433518215
19,140,1500,1791064751674394628,1791064754111151487,2436757240
0,141,1500,1791064751774394628,1791064754114957643,2340563426
1,141,1500,1791064751774394628,1791064754118413519,2344019342
2,141,1500,1791064751774394628,1791064754121628358,2347234201
3,141,1500,1791064751774394628,1791064754125170162,2350776035
4,141,1500,1791064751774394628,1791064754128294837,2353900620
5,141,1500,1791064751774394628,1791064754131876059,2357481902
6,141,1500,1791064751774394628,1791064754134969848,2360575601
7,141,1500,1791064751774394628,1791064754138174702,2363780455
8,141,1500,1791064751774394628,1791064754141297494,2366903247
9,141,1500,1791064751774394628,1791064754144312066,2369917829
10,141,1500,1791064751774394628,1791064754147524882,2373130645
11,141,1500,1791064751774394628,1791064754150627194,2376232957
12,141,1500,1791064751774394628,1791064754153646482,2379252275
13,141,1500,1791064751774394628,1791064754156872347,2382478141
14,141,1500,1791064751774394628,1791064754160008720,2385614723
15,141,1500,1791064751774394628,1791064754163050321,2388656084
16,141,1500,1791064751774394628,1791064754166285460,2391891223
17,141,1500,1791064751774394628,1791064754169388103,2394993866
18,141,1500,1791064751774394628,1791064754172426069,2398031832
19,141,1500,1791064751774394628,1791064754175662379,2401268143
0,142,1500,1791064751874394628,1791064754178685634,2304291397
1,142,1500,1791064751874394628,1791064754181820585,2307426348
2,142,1500,1791064751874394628,1791064754185036775,2310642538
3,142,1500,1791064751874394628,1791064754188116403,2313722166
4,142,1500,1791064751874394628,1791064754191293155,2316898979
5,142,1500,1791064751874394628,1791064754194567833,2320173596
6,142,1500,1791064751874394628,1791064754197573221,2323178984
7,142,1500,1791064751874394628,1791064754200770954,2326376737
8,142,1500,1791064751874394628,1791064754203958493,2329564246
9,142,1500,1791064751874394628,1791064754207146311,2332752075
10,142,1500,1791064751874394628,1791064754210274742,2335880505
11,142,1500,1791064751874394628,1791064754213273089,2338878862
12,142,1500,1791064751874394628,1791064754216672182,2342277945
13,142,1500,1791064751874394628,1791064754219819761,2345425514
14,142,1500,1791064751874394628,1791064754222835664,2348441427
15,142,1500,1791064751874394628,1791064754226219343,2351825236
16,142,1500,1791064751874394628,1791064754229332962,2354938715
17,142,1500,1791064751874394628,1791064754232425049,2358030812
18,142,1500,1791064751874394628,1791064754235711624,2361317487
19,142,1500,1791064751874394628,1791064754238881215,2364486968
0,143,1500,1791064751974394628,1791064754241906814,2267512677
1,143,1500,1791064751974394628,1791064754245164976,2270770850
2,143,1500,1791064751974394628,1791064754248198796,2273804610
3,143,1500,1791064751974394628,1791064754251609526,2277215279
4,143,1500,1791064751974394628,1791064754254875961,2280481724
5,143,1500,1791064751974394628,1791064754257925615,2283531368
6,143,1500,1791064751974394628,1791064754261009219,2286614972
7,143,1500,1791064751974394628,1791064754264117981,2289723734
8,143,1500,1791064751974394628,1791064754267369223,2292974986
9,143,1500,1791064751974394628,1791064754270503442,2296109205
10,143,1500,1791064751974394628,1791064754273620286,2299226049
11,143,1500,1791064751974394628,1791064754276732783,2302338546
12,143,1500,1791064751974394628,1791064754279730479,2305336242
13,143,1500,1791064751974394628,1791064754282932479,2308538242
14,143,1500,1791064751974394628,1791064754286197472,2311803235
15,143,1500,1791064751974394628,1791064754289413643,2315019556
16,143,1500,1791064751974394628,1791064754292580660,2318186424
17,143,1500,1791064751974394628,1791064754295564457,2321170210
18,143,1500,1791064751974394628,1791064754298540401,2324146164
19,143,1500,1791064751974394628,1791064754301495535,2327101328
0,144,1500,1791064752074394628,1791064754304460352,2230066125
1,144,1500,1791064752074394628,1791064754307432120,2233037894
2,144,1500,1791064752074394628,1791064754310396017,2236001790
3,144,1500,1791064752074394628,1791064754313399012,2239004795
4,144,1500,1791064752074394628,1791064754320408058,2246013872
5,144,1500,1791064752074394628,1791064754326680733,2252286696
6,144,1500,1791064752074394628,1791064754329636347,2255242110
7,144,1500,1791064752074394628,1791064754332632692,2258238495
8,144,1500,1791064752074394628,1791064754335591641,2261197454
9,144,1500,1791064752074394628,1791064754338551091,2264156854
10,144,1500,1791064752074394628,1791064754341488959,2267094732
11,144,1500,1791064752074394628,1791064754344441098,2270046881
12,144,1500,1791064752074394628,1791064754347605201,2273210985
13,144,1500,1791064752074394628,1791064754350639142,2276244905
14,144,1500,1791064752074394628,1791064754353577680,2279183474
15,144,1500,1791064752074394628,1791064754356539614,2282145417
16,144,1500,1791064752074394628,1791064754359531202,2285136965
17,144,1500,1791064752074394628,1791064754362842514,2288448277
18,144,1500,1791064752074394628,1791064754365950664,2291556417
19,144,1500,1791064752074394628,1791064754368961490,2294567253
0,145,1500,1791064752174394628,1791064754372215487,2197821390
1,145,1500,1791064752174394628,1791064754375313042,2200918805
2,145,1500,1791064752174394628,1791064754378373551,2203979324
3,145,1500,1791064752174394628,1791064754381499709,2207105492
4,145,1500,1791064752174394628,1791064754386780112,2212386275
5,145,1500,1791064752174394628,1791064754394217754,2219823968
6,145,1500,1791064752174394628,1791064754397235521,2222841284
7,145,1500,1791064752174394628,1791064754400283011,2225888764
8,145,1500,1791064752174394628,1791064754405440602,2231046565
9,145,1500,1791064752174394628,1791064754408584785,2234190549
10,145,1500,1791064752174394628,1791064754411826995,2237432848
11,145,1500,1791064752174394628,1791064754414855858,2240461621
12,145,1500,1791064752174394628,1791064754417881886,2243487650
13,145,1500,1791064752174394628,1791064754420984599,2246590362
14,145,1500,1791064752174394628,1791064754424157916,2249763679
15,145,1500,1791064752174394628,1791064754428784229,2254390152
16,145,1500,1791064752174394628,1791064754432935096,2258541329
17,145,1500,1791064752174394628,1791064754436585461,2262191594
18,145,1500,1791064752174394628,1791064754439805026,2265410789
19,145,1500,1791064752174394628,1791064754444537666,2270143630
0,146,1500,1791064752274394628,1791064754447783131,2173388944
1,146,1500,1791064752274394628,1791064754451029516,2176635289
2,146,1500,1791064752274394628,1791064754454075254,2179681007
3,146,1500,1791064752274394628,1791064754457347287,2182953181
4,146,1500,1791064752274394628,1791064754460448087,2186053870
5,146,1500,1791064752274394628,1791064754463657448,2189263211
6,146,1500,1791064752274394628,1791064754466744116,2192349879
7,146,1500,1791064752274394628,1791064754469866408,2195472171
8,146,1500,1791064752274394628,1791064754472868191,2198473944
9,146,1500,1791064752274394628,1791064754475913057,2201518820
10,146,1500,1791064752274394628,1791064754479168186,2204773949
11,146,1500,1791064752274394628,1791064754482289736,2207895499
12,146,1500,1791064752274394628,1791064754485303637,2210909390
13,146,1500,1791064752274394628,1791064754488514189,2214119942
14,146,1500,1791064752274394628,1791064754491694366,2217300129
15,146,1500,1791064752274394628,1791064754494748006,2220353859
16,146,1500,1791064752274394628,1791064754497948664,2223554427
17,146,1500,1791064752274394628,1791064754501069863,2226675627
18,146,1500,1791064752274394628,1791064754504443187,2230048950
19,146,1500,1791064752274394628,1791064754507447524,2233053287
0,147,1500,1791064752374394628,1791064754510678136,2136283909
1,147,1500,1791064752374394628,1791064754513665958,2139271721
2,147,1500,1791064752374394628,1791064754516799326,2142405089
3,147,1500,1791064752374394628,1791064754519974826,2145580610
4,147,1500,1791064752374394628,1791064754523109506,2148715259
5,147,1500,1791064752374394628,1791064754526519364,2152125127
6,147,1500,1791064752374394628,1791064754529544522,2155150285
7,147,1500,1791064752374394628,1791064754533073606,2158679390
8,147,1500,1791064752374394628,1791064754536307874,2161913637
9,147,1500,1791064752374394628,1791064754539536814,2165142777
10,147,1500,1791064752374394628,1791064754542548722,2168154565
11,147,1500,1791064752374394628,1791064754545530935,2171136728
12,147,1500,1791064752374394628,1791064754548499739,2174105632
13,147,1500,1791064752374394628,1791064754551514841,2177120604
14,147,1500,1791064752374394628,1791064754554503354,2180109117
15,147,1500,1791064752374394628,1791064754557451768,2183057531
16,147,1500,1791064752374394628,1791064754560440441,2186046214
17,147,1500,1791064752374394628,1791064754563410767,2189016540
18,147,1500,1791064752374394628,1791064754566413171,2192018954
19,147,1500,1791064752374394628,1791064754569509974,2195115747
0,148,1500,1791064752474394628,1791064754572491837,2098097600
1,148,1500,1791064752474394628,1791064754575461312,2101067085
2,148,1500,1791064752474394628,1791064754578789559,2104395362
3,148,1500,1791064752474394628,1791064754581779464,2107385227
4,148,1500,1791064752474394628,1791064754584872863,2110478626
5,148,1500,1791064752474394628,1791064754588096314,2113702067
6,148,1500,1791064752474394628,1791064754591111016,2116716779
7,148,1500,1791064752474394628,1791064754594243483,2119849246
8,148,1500,1791064752474394628,1791064754597246728,2122852491
9,148,1500,1791064752474394628,1791064754600462898,2126068662
10,148,1500,1791064752474394628,1791064754603700521,2129306304
11,148,1500,1791064752474394628,1791064754606712429,2132318192
12,148,1500,1791064752474394628,1791064754609886306,2135492069
13,148,1500,1791064752474394628,1791064754613033926,2138639679
14,148,1500,1791064752474394628,1791064754616034727,2141640480
15,148,1500,1791064752474394628,1791064754619202756,2144808519
16,148,1500,1791064752474394628,1791064754622300801,2147906565
17,148,1500,1791064752474394628,1791064754625486948,2151092711
18,148,1500,1791064752474394628,1791064754628485546,2154091309
19,148,1500,1791064752474394628,1791064754631678842,2157284716
0,149,1500,1791064752574394628,1791064754634686344,2060292107
1,149,1500,1791064752574394628,1791064754638210041,2063816024
2,149,1500,1791064752574394628,1791064754641325101,2066930864
3,149,1500,1791064752574394628,1791064754644407123,2070012896
4,149,1500,1791064752574394628,1791064754647640470,2073246223
5,149,1500,1791064752574394628,1791064754650745025,2076350788
6,149,1500,1791064752574394628,1791064754653748379,2079354143
7,149,1500,1791064752574394628,1791064754656996818,2082602601
8,149,1500,1791064752574394628,1791064754660190516,2085796319
9,149,1500,1791064752574394628,1791064754663320478,2088926382
10,149,1500,1791064752574394628,1791064754666492083,2092097866
11,149,1500,1791064752574394628,1791064754669607835,2095213588
12,149,1500,1791064752574394628,1791064754672603088,2098208851
13,149,1500,1791064752574394628,1791064754675830745,2101436509
14,149,1500,1791064752574394628,1791064754678867390,2104473153
15,149,1500,1791064752574394628,1791064754681827491,2107433244
16,149,1500,1791064752574394628,1791064754684904976,2110510759
17,149,1500,1791064752574394628,1791064754687974098,2113579871
18,149,1500,1791064752574394628,1791064754691289827,2116895650
19,149,1500,1791064752574394628,1791064754694323387,2119929160
0,150,500,1791064752674394628,1791064754695394826,2021000589
1,150,500,1791064752674394628,1791064754696403783,2022009556
2,150,500,1791064752674394628,1791064754697400972,2023006735
3,150,500,1791064752674394628,1791064754698418070,2024023823
4,150,500,1791064752674394628,1791064754699481908,2025087672
5,150,500,1791064752674394628,1791064754700495161,2026100914
6,150,500,1791064752674394628,1791064754701534523,2027140296
7,150,500,1791064752674394628,1791064754702557561,2028163324
8,150,500,1791064752674394628,1791064754703614779,2029220542
9,150,500,1791064752674394628,1791064754704614823,2030220596
10,150,500,1791064752674394628,1791064754705610249,2031216012
11,150,500,1791064752674394628,1791064754706617533,2032223296
12,150,500,1791064752674394628,1791064754707620261,2033226024
13,150,500,1791064752674394628,1791064754708618251,2034224004
14,150,500,1791064752674394628,1791064754709612476,2035218229
15,150,500,1791064752674394628,1791064754710626660,2036232423
16,150,500,1791064752674394628,1791064754711620745,2037226498
17,150,500,1791064752674394628,1791064754712612546,2038218309
18,150,500,1791064752674394628,1791064754713608473,2039214226
19,150,500,1791064752674394628,1791064754714621105,2040226868
0,151,500,1791064752774394628,1791064754715620688,1941226521
1,151,500,1791064752774394628,1791064754716617236,1942222989
2,151,500,1791064752774394628,1791064754717613875,1943219628
3,151,500,1791064752774394628,1791064754718631875,1944237638
4,151,500,1791064752774394628,1791064754719640861,1945246624
5,151,500,1791064752774394628,1791064754720635767,1946241530
6,151,500,1791064752774394628,1791064754721625125,1947230888
7,151,500,1791064752774394628,1791064754722656815,1948262578
8,151,500,1791064752774394628,1791064754723652472,1949258235
9,151,500,1791064752774394628,1791064754724648089,1950253852
10,151,500,1791064752774394628,1791064754725637356,1951243119
11,151,500,1791064752774394628,1791064754726644460,1952250223
12,151,500,1791064752774394628,1791064754727636011,1953241774
13,151,500,1791064752774394628,1791064754728633030,1954238793
14,151,500,1791064752774394628,1791064754729635197,1955240960
15,151,500,1791064752774394628,1791064754730651274,1956257037
16,151,500,1791064752774394628,1791064754731645388,1957251151
17,151,500,1791064752774394628,1791064754732635217,1958240980
18,151,500,1791064752774394628,1791064754733635410,1959241173
19,151,500,1791064752774394628,1791064754734641603,1960247366
0,152,500,1791064752874394628,1791064754735647985,1861253748
1,152,500,1791064752874394628,1791064754736645795,1862251809
2,152,500,1791064752874394628,1791064754737642113,1863247876
3,152,500,1791064752874394628,1791064754738672622,1864278385
4,152,500,1791064752874394628,1791064754739670052,1865275805
5,152,500,1791064752874394628,1791064754740666720,1866272473
6,152,500,1791064752874394628,1791064754741737348,1867343111
7,152,500,1791064752874394628,1791064754742748398,1868354151
8,152,500,1791064752874394628,1791064754743790474,1869396237
9,152,500,1791064752874394628,1791064754744785870,1870391633
10,152,500,1791064752874394628,1791064754745778783,1871384606
11,152,500,1791064752874394628,1791064754746784935,1872390689
12,152,500,1791064752874394628,1791064754747776626,1873382389
13,152,500,1791064752874394628,1791064754748773715,1874379468
14,152,500,1791064752874394628,1791064754749770163,1875375927
15,152,500,1791064752874394628,1791064754750789275,1876395038
16,152,500,1791064752874394628,1791064754751858822,1877464585
17,152,500,1791064752874394628,1791064754752852466,1878458219
18,152,500,1791064752874394628,1791064754753862955,1879468708
19,152,500,1791064752874394628,1791064754754854546,1880460309
0,153,500,1791064752974394628,1791064754755843873,1781449626
1,153,500,1791064752974394628,1791064754756834743,1782440496
2,153,500,1791064752974394628,1791064754757832633,1783438396
3,153,500,1791064752974394628,1791064754758851585,1784457348
4,153,500,1791064752974394628,1791064754759846100,1785451863
5,153,500,1791064752974394628,1791064754760838953,1786444716
6,153,500,1791064752974394628,1791064754761828601,1787434354
7,153,500,1791064752974394628,1791064754762833602,1788439365
8,153,500,1791064752974394628,1791064754763826324,1789432087
9,153,500,1791064752974394628,1791064754764819708,1790425461
10,153,500,1791064752974394628,1791064754765811008,1791416761
11,153,500,1791064752974394628,1791064754766817211,1792422964
12,153,500,1791064752974394628,1791064754767805126,1793410879
13,153,500,1791064752974394628,1791064754768795745,1794401498
14,153,500,1791064752974394628,1791064754769785794,1795391547
15,153,500,1791064752974394628,1791064754770792037,1796397800
16,153,500,1791064752974394628,1791064754771781574,1797387338
17,153,500,1791064752974394628,1791064754772771673,1798377426
18,153,500,1791064752974394628,1791064754773747040,1799352803
19,153,500,1791064752974394628,1791064754774771910,1800377673
0,154,500,1791064753074394628,1791064754775767928,1701373691
1,154,500,1791064753074394628,1791064754776768412,1702374175
2,154,500,1791064753074394628,1791064754777750859,1703356622
3,154,500,1791064753074394628,1791064754778775218,1704380982
4,154,500,1791064753074394628,1791064754779768392,1705374145
5,154,500,1791064753074394628,1791064754780750889,1706356652
6,154,500,1791064753074394628,1791064754781746886,1707352649
7,154,500,1791064753074394628,1791064754782766469,1708372222
8,154,500,1791064753074394628,1791064754783746563,1709352326
9,154,500,1791064753074394628,1791064754784737743,1710343506
10,154,500,1791064753074394628,1791064754785727021,1711332784
11,154,500,1791064753074394628,1791064754786745041,1712350804
12,154,500,1791064753074394628,1791064754787734719,1713340482
13,154,500,1791064753074394628,1791064754788730646,1714336409
14,154,500,1791064753074394628,1791064754789723098,1715328861
15,154,500,1791064753074394628,1791064754790730572,1716336456
16,154,500,1791064753074394628,1791064754791725618,1717331381
17,154,500,1791064753074394628,1791064754792722988,1718328741
18,154,500,1791064753074394628,1791064754793831001,1719436764
19,154,500,1791064753074394628,1791064754794842131,1720447884
0,155,500,1791064753174394628,1791064754795838549,1621444312
1,155,500,1791064753174394628,1791064754796832404,1622438167
2,155,500,1791064753174394628,1791064754797823214,1623428967
3,155,500,1791064753174394628,1791064754798866151,1624471914
4,155,500,1791064753174394628,1791064754799955677,1625561650
5,155,500,1791064753174394628,1791064754800954548,1626560311
6,155,500,1791064753174394628,1791064754802135780,1627741543
7,155,500,1791064753174394628,1791064754803185598,1628791361
8,155,500,1791064753174394628,1791064754804180974,1629786737
9,155,500,1791064753174394628,1791064754805179355,1630785118
10,155,500,1791064753174394628,1791064754806184416,1631790179
11,155,500,1791064753174394628,1791064754807175065,1632780828
12,155,500,1791064753174394628,1791064754808169911,1633775674
13,155,500,1791064753174394628,1791064754809167461,1634773214
14,155,500,1791064753174394628,1791064754810179282,1635785045
15,155,500,1791064753174394628,1791064754811172716,1636778479
16,155,500,1791064753174394628,1791064754812166249,1637772012
17,155,500,1791064753174394628,1791064754813165862,1638771625
18,155,500,1791064753174394628,1791064754814251122,1639856925
19,155,500,1791064753174394628,1791064754815268311,1640874064
0,156,500,1791064753274394628,1791064754816260492,1541866255
1,156,500,1791064753274394628,1791064754817253796,1542859549
2,156,500,1791064753274394628,1791064754818262862,1543868615
3,156,500,1791064753274394628,1791064754819286120,1544891883
4,156,500,1791064753274394628,1791064754820321166,1545926929
5,156,500,1791064753274394628,1791064754821325666,1546931559
6,156,500,1791064753274394628,1791064754822336355,1547942108
7,156,500,1791064753274394628,1791064754823323700,1548929463
8,156,500,1791064753274394628,1791064754824316232,1549921995
9,156,500,1791064753274394628,1791064754825306711,1550912474
10,156,500,1791064753274394628,1791064754826305833,1551911586
11,156,500,1791064753274394628,1791064754827379586,1552985339
12,156,500,1791064753274394628,1791064754828382253,1553988016
13,156,500,1791064753274394628,1791064754829419502,1555025265
14,156,500,1791064753274394628,1791064754830475448,1556081341
15,156,500,1791064753274394628,1791064754831547649,1557153402
16,156,500,1791064753274394628,1791064754832565899,1558171662
17,156,500,1791064753274394628,1791064754833551441,1559157204
18,156,500,1791064753274394628,1791064754834557684,1560163437
19,156,500,1791064753274394628,1791064754835543656,1561149499
0,157,500,1791064753374394628,1791064754836540855,1462146608
1,157,500,1791064753374394628,1791064754837531515,1463137268
2,157,500,1791064753374394628,1791064754838537607,1464143360
3,157,500,1791064753374394628,1791064754839532272,1465138036
4,157,500,1791064753374394628,1791064754840522922,1466128685
5,157,500,1791064753374394628,1791064754841551007,1467156770
6,157,500,1791064753374394628,1791064754842611410,1468217173
7,157,500,1791064753374394628,1791064754843607678,1469213441
8,157,500,1791064753374394628,1791064754844625948,1470231711
9,157,500,1791064753374394628,1791064754845627164,1471232927
10,157,500,1791064753374394628,1791064754846632335,1472238098
11,157,500,1791064753374394628,1791064754847693999,1473299782
12,157,500,1791064753374394628,1791064754848808042,1474413815
13,157,500,1791064753374394628,1791064754849796849,1475402612
14,157,500,1791064753374394628,1791064754850805374,1476411128
15,157,500,1791064753374394628,1791064754851790546,1477396309
16,157,500,1791064753374394628,1791064754852778912,1478384675
17,157,500,1791064753374394628,1791064754853776401,1479382164
18,157,500,1791064753374394628,1791064754854781062,1480386815
19,157,500,1791064753374394628,1791064754855767235,1481372988
0,158,500,1791064753474394628,1791064754856744945,1382350698
1,158,500,1791064753474394628,1791064754857733241,1383338994
2,158,500,1791064753474394628,1791064754858739704,1384345467
3,158,500,1791064753474394628,1791064754859732607,1385338360
4,158,500,1791064753474394628,1791064754860749014,1386354778
5,158,500,1791064753474394628,1791064754861739464,1387345217
6,158,500,1791064753474394628,1791064754862743062,1388348825
7,158,500,1791064753474394628,1791064754863738669,1389344432
8,158,500,1791064753474394628,1791064754864729669,1390335432
9,158,500,1791064753474394628,1791064754865719307,1391325070
10,158,500,1791064753474394628,1791064754866724348,1392330101
11,158,500,1791064753474394628,1791064754867717261,1393323024
12,158,500,1791064753474394628,1791064754868705447,1394311200
13,158,500,1791064753474394628,1791064754869704258,1395310021
14,158,500,1791064753474394628,1791064754870803249,1396409012
15,158,500,1791064753474394628,1791064754871819656,1397425419
16,158,500,1791064753474394628,1791064754872804827,1398410591
17,158,500,1791064753474394628,1791064754873811090,1399416853
18,158,500,1791064753474394628,1791064754874818895,1400424658
19,158,500,1791064753474394628,1791064754875808313,1401414076
0,159,500,1791064753574394628,1791064754876799092,1302404845
1,159,500,1791064753574394628,1791064754877792666,1303398429
2,159,500,1791064753574394628,1791064754878800751,1304406514
3,159,500,1791064753574394628,1791064754879789989,1305395752
4,159,500,1791064753574394628,1791064754880782862,1306388615
5,159,500,1791064753574394628,1791064754881776916,1307382679
6,159,500,1791064753574394628,1791064754882783590,1308389353
7,159,500,1791064753574394628,1791064754883772587,1309378410
8,159,500,1791064753574394628,1791064754884746872,1310352635
9,159,500,1791064753574394628,1791064754885733515,1311339268
10,159,500,1791064753574394628,1791064754886742161,1312347925
11,159,500,1791064753574394628,1791064754887734053,1313339816
12,159,500,1791064753574394628,1791064754888728618,1314334371
13,159,500,1791064753574394628,1791064754889736584,1315342387
14,159,500,1791064753574394628,1791064754890736036,1316341799
15,159,500,1791064753574394628,1791064754891723491,1317329254
16,159,500,1791064753574394628,1791064754892713339,1318319102
17,159,500,1791064753574394628,1791064754893733112,1319338875
18,159,500,1791064753574394628,1791064754894739304,1320345067
19,159,500,1791064753574394628,1791064754895729393,1321335146
0,160,500,1791064753674394628,1791064754896720303,1222326066
1,160,500,1791064753674394628,1791064754897712584,1223318347
2,160,500,1791064753674394628,1791064754898730905,1224336668
3,160,500,1791064753674394628,1791064754899775324,1225381087
4,160,500,1791064753674394628,1791064754900770390,1226376154
5,160,500,1791064753674394628,1791064754901797965,1227403728
6,160,500,1791064753674394628,1791064754903112905,1228718718
7,160,500,1791064753674394628,1791064754904120860,1229726613
8,160,500,1791064753674394628,1791064754905103698,1230709571
9,160,500,1791064753674394628,1791064754906250860,1231856623
10,160,500,1791064753674394628,1791064754907271183,1232876946
11,160,500,1791064753674394628,1791064754908272849,1233878612
12,160,500,1791064753674394628,1791064754909479529,1235085282
13,160,500,1791064753674394628,1791064754910559361,1236165164
14,160,500,1791064753674394628,1791064754911560025,1237165778
15,160,500,1791064753674394628,1791064754912591195,1238196948
16,160,500,1791064753674394628,1791064754913609355,1239215198
17,160,500,1791064753674394628,1791064754914630320,1240236083
18,160,500,1791064753674394628,1791064754915654128,1241259881
19,160,500,1791064753674394628,1791064754916668403,1242274166
0,161,500,1791064753774394628,1791064754917922152,1143527956
1,161,500,1791064753774394628,1791064754919052629,1144658402
2,161,500,1791064753774394628,1791064754920098030,1145703813
3,161,500,1791064753774394628,1791064754921221546,1146827309
4,161,500,1791064753774394628,1791064754922305424,1147911237
5,161,500,1791064753774394628,1791064754923389552,1148995336
6,161,500,1791064753774394628,1791064754924606047,1150211820
7,161,500,1791064753774394628,1791064754925611218,1151216981
8,161,500,1791064753774394628,1791064754926774634,1152380397
9,161,500,1791064753774394628,1791064754927745224,1153350977
10,161,500,1791064753774394628,1791064754928733580,1154339343
11,161,500,1791064753774394628,1791064754929745991,1155351754
12,161,500,1791064753774394628,1791064754930772394,1156378147
13,161,500,1791064753774394628,1791064754931796323,1157402076
14,161,500,1791064753774394628,1791064754932883415,1158489178
15,161,500,1791064753774394628,1791064754934122763,1159728547
16,161,500,1791064753774394628,1791064754935314682,1160920475
17,161,500,1791064753774394628,1791064754936326182,1161931945
18,161,500,1791064753774394628,1791064754937894138,1163499901
19,161,500,1791064753774394628,1791064754938911597,1164517350
0,162,500,1791064753874394628,1791064754940074723,1065680506
1,162,500,1791064753874394628,1791064754941292279,1066898092
2,162,500,1791064753874394628,1791064754942609573,1068215346
3,162,500,1791064753874394628,1791064754944543441,1070149294
4,162,500,1791064753874394628,1791064754945901616,1071507389
5,162,500,1791064753874394628,1791064754947161665,1072767428
6,162,500,1791064753874394628,1791064754948406281,1074012034
7,162,500,1791064753874394628,1791064754949769403,1075375166
8,162,500,1791064753874394628,1791064754951157572,1076763335
9,162,500,1791064753874394628,1791064754953922454,1079528217
10,162,500,1791064753874394628,1791064754957471127,1083076940
11,162,500,1791064753874394628,1791064754958907758,1084513682
12,162,500,1791064753874394628,1791064754960621220,1086227003
13,162,500,1791064753874394628,1791064754962134976,1087740729
14,162,500,1791064753874394628,1791064754964839758,1090445531
15,162,500,1791064753874394628,1791064754967797936,1093403699
16,162,500,1791064753874394628,1791064754970518742,1096124535
17,162,500,1791064753874394628,1791064754972195859,1097801612
18,162,500,1791064753874394628,1791064754973826178,1099431941
19,162,500,1791064753874394628,1791064754974852040,1100457793
0,163,500,1791064753974394628,1791064754975855819,1001461592
1,163,500,1791064753974394628,1791064754976849342,1002455095
2,163,500,1791064753974394628,1791064754977862235,1003467998
3,163,500,1791064753974394628,1791064754978867085,1004472848
4,163,500,1791064753974394628,1791064754979855361,1005461114
5,163,500,1791064753974394628,1791064754980849225,1006454988
6,163,500,1791064753974394628,1791064754981858813,1007464566
7,163,500,1791064753974394628,1791064754982853568,1008459331
8,163,500,1791064753974394628,1791064754983852400,1009458163
9,163,500,1791064753974394628,1791064754984843671,1010449434
10,163,500,1791064753974394628,1791064754985831186,1011436949
11,163,500,1791064753974394628,1791064754987227206,1012832969
12,163,500,1791064753974394628,1791064754988221181,1013826944
13,163,500,1791064753974394628,1791064754989225570,1014831324
14,163,500,1791064753974394628,1791064754990236660,1015842423
15,163,500,1791064753974394628,1791064754991227670,1016833423
16,163,500,1791064753974394628,1791064754992216577,1017822340
17,163,500,1791064753974394628,1791064754993240416,1018846189
18,163,500,1791064753974394628,1791064754994251045,1019856798
19,163,500,1791064753974394628,1791064754995240272,1020846035
0,164,500,1791064754074394628,1791064754996437679,922043442
1,164,500,1791064754074394628,1791064754997520275,923126038
2,164,500,1791064754074394628,1791064754998529241,924135084
3,164,500,1791064754074394628,1791064755000218797,925824580
4,164,500,1791064754074394628,1791064755001907933,927513726
5,164,500,1791064754074394628,1791064755003695284,929301087
6,164,500,1791064754074394628,1791064755004687315,930293079
7,164,500,1791064754074394628,1791064755005678095,931283858
8,164,500,1791064754074394628,1791064755006691909,932297672
9,164,500,1791064754074394628,1791064755007679694,933285457
10,164,500,1791064754074394628,1791064755008874116,934479889
11,164,500,1791064754074394628,1791064755010007528,935613291
12,164,500,1791064754074394628,1791064755011029173,936634936
13,164,500,1791064754074394628,1791064755012017199,937622962
14,164,500,1791064754074394628,1791064755013021578,938627341
15,164,500,1791064754074394628,1791064755014160568,939766331
16,164,500,1791064754074394628,1791064755015178949,940784712
17,164,500,1791064754074394628,1791064755016198461,941804224
18,164,500,1791064754074394628,1791064755017201819,942807572
19,164,500,1791064754074394628,1791064755018204857,943810620
0,165,500,1791064754174394628,1791064755020096844,845702607
1,165,500,1791064754174394628,1791064755021119140,846724913
2,165,500,1791064754174394628,1791064755022169678,847775441
3,165,500,1791064754174394628,1791064755023184273,848790036
4,165,500,1791064754174394628,1791064755024306147,849911920
5,165,500,1791064754174394628,1791064755025391117,850996870
6,165,500,1791064754174394628,1791064755026646399,852252602
7,165,500,1791064754174394628,1791064755027808002,853413765
8,165,500,1791064754174394628,1791064755028848085,854453848
9,165,500,1791064754174394628,1791064755030182394,855788147
10,165,500,1791064754174394628,1791064755032110985,857716748
11,165,500,1791064754174394628,1791064755033331826,858937589
12,165,500,1791064754174394628,1791064755035389658,860995501
13,165,500,1791064754174394628,1791064755037206503,862812256
14,165,500,1791064754174394628,1791064755039104298,864710181
15,165,500,1791064754174394628,1791064755040917919,866523682
16,165,500,1791064754174394628,1791064755042779740,868385624
17,165,500,1791064754174394628,1791064755043805752,869411505
18,165,500,1791064754174394628,1791064755044845174,870450937
19,165,500,1791064754174394628,1791064755046242146,871848090
0,166,500,1791064754274394628,1791064755047556316,773162079
1,166,500,1791064754274394628,1791064755049240944,774846707
2,166,500,1791064754274394628,1791064755051449921,777055714
3,166,500,1791064754274394628,1791064755053707310,779313113
4,166,500,1791064754274394628,1791064755055040227,780646050
5,166,500,1791064754274394628,1791064755056913946,782519739
6,166,500,1791064754274394628,1791064755058674418,784280181
7,166,500,1791064754274394628,1791064755060429421,786035184
8,166,500,1791064754274394628,1791064755061650752,787256535
9,166,500,1791064754274394628,1791064755062889951,788495714
10,166,500,1791064754274394628,1791064755064091313,789697076
11,166,500,1791064754274394628,1791064755065279005,790884768
12,166,500,1791064754274394628,1791064755066298477,791904240
13,166,500,1791064754274394628,1791064755067343547,792949310
14,166,500,1791064754274394628,1791064755068390420,793996173
15,166,500,1791064754274394628,1791064755069394229,794999982
16,166,500,1791064754274394628,1791064755071234919,796840672
17,166,500,1791064754274394628,1791064755073086816,798692659
18,166,500,1791064754274394628,1791064755075998776,801604539
19,166,500,1791064754274394628,1791064755078744809,804350612
0,167,500,1791064754374394628,1791064755080745457,706351250
1,167,500,1791064754374394628,1791064755082839062,708444955
2,167,500,1791064754374394628,1791064755084575207,710180971
3,167,500,1791064754374394628,1791064755085627418,711233181
4,167,500,1791064754374394628,1791064755087426998,713032761
5,167,500,1791064754374394628,1791064755088526889,714132652
6,167,500,1791064754374394628,1791064755090329704,715935467
7,167,500,1791064754374394628,1791064755092367136,717972899
8,167,500,1791064754374394628,1791064755094455734,720061507
9,167,500,1791064754374394628,1791064755096547557,722153320
10,167,500,1791064754374394628,1791064755098517849,724123612
11,167,500,1791064754374394628,1791064755100530625,726136378
12,167,500,1791064754374394628,1791064755102493968,728099761
13,167,500,1791064754374394628,1791064755104288660,729894413
14,167,500,1791064754374394628,1791064755105542079,731147872
15,167,500,1791064754374394628,1791064755107040031,732645854
16,167,500,1791064754374394628,1791064755108794693,734400457
17,167,500,1791064754374394628,1791064755110639460,736245223
18,167,500,1791064754374394628,1791064755112430807,738036570
19,167,500,1791064754374394628,1791064755114259790,739865634
0,168,500,1791064754474394628,1791064755116069535,641675298
1,168,500,1791064754474394628,1791064755118220295,643826068
2,168,500,1791064754474394628,1791064755120288683,645894446
3,168,500,1791064754474394628,1791064755124640709,650246592
4,168,500,1791064754474394628,1791064755126411416,652017319
5,168,500,1791064754474394628,1791064755130259173,655865156
6,168,500,1791064754474394628,1791064755133264150,658869923
7,168,500,1791064754474394628,1791064755135500758,661106581
8,168,500,1791064754474394628,1791064755137487015,663092778
9,168,500,1791064754474394628,1791064755139607290,665213093
10,168,500,1791064754474394628,1791064755141150248,666756011
11,168,500,1791064754474394628,1791064755142697163,668302916
12,168,500,1791064754474394628,1791064755144914843,670520596
13,168,500,1791064754474394628,1791064755147307021,672912824
14,168,500,1791064754474394628,1791064755149370602,674976365
15,168,500,1791064754474394628,1791064755151490336,677096149
16,168,500,1791064754474394628,1791064755153608238,679213991
17,168,500,1791064754474394628,1791064755155591390,681197153
18,168,500,1791064754474394628,1791064755157525138,683130981
19,168,500,1791064754474394628,1791064755160341866,685947629
0,169,500,1791064754574394628,1791064755163324060,588929853
1,169,500,1791064754574394628,1791064755165114776,590720529
2,169,500,1791064754574394628,1791064755167269432,592875346
3,169,500,1791064754574394628,1791064755170725269,596331022
4,169,500,1791064754574394628,1791064755172708430,598314183
5,169,500,1791064754574394628,1791064755174592275,600198038
6,169,500,1791064754574394628,1791064755176428248,602034011
7,169,500,1791064754574394628,1791064755178322307,603928071
8,169,500,1791064754574394628,1791064755180226693,605832446
9,169,500,1791064754574394628,1791064755182358715,607964468
10,169,500,1791064754574394628,1791064755184473011,610078774
11,169,500,1791064754574394628,1791064755186473058,612078811
12,169,500,1791064754574394628,1791064755188580955,614186748
13,169,500,1791064754574394628,1791064755190049733,615655546
14,169,500,1791064754574394628,1791064755193544277,619150080
15,169,500,1791064754574394628,1791064755196818113,622423907
16,169,500,1791064754574394628,1791064755199997740,625603493
17,169,500,1791064754574394628,1791064755202109482,627715245
18,169,500,1791064754574394628,1791064755205717875,631323638
19,169,500,1791064754574394628,1791064755208147349,633753112
0,170,500,1791064754674394628,1791064755211705847,537311760
1,170,500,1791064754674394628,1791064755215139110,540744873
2,170,500,1791064754674394628,1791064755218541347,544147100
3,170,500,1791064754674394628,1791064755222123811,547729594
4,170,500,1791064754674394628,1791064755225738372,551344135
5,170,500,1791064754674394628,1791064755229303451,554909214
6,170,500,1791064754674394628,1791064755232737364,558343137
7,170,500,1791064754674394628,1791064755236176476,561782229
8,170,500,1791064754674394628,1791064755239811127,565416950
9,170,500,1791064754674394628,1791064755243182969,568788832
10,170,500,1791064754674394628,1791064755246741347,572347110
11,170,500,1791064754674394628,1791064755250054602,575660355
12,170,500,1791064754674394628,1791064755253356820,578962684
13,170,500,1791064754674394628,1791064755257288913,582894796
14,170,500,1791064754674394628,1791064755261368544,586974347
15,170,500,1791064754674394628,1791064755265028934,590634717
16,170,500,1791064754674394628,1791064755268856592,594462485
17,170,500,1791064754674394628,1791064755272481189,598086982
18,170,500,1791064754674394628,1791064755276175889,601781652
19,170,500,1791064754674394628,1791064755279540590,605146423
0,171,500,1791064754774394628,1791064755281776847,507382670
1,171,500,1791064754774394628,1791064755284283906,509889769
2,171,500,1791064754774394628,1791064755286447976,512053739
3,171,500,1791064754774394628,1791064755288556965,514162718
4,171,500,1791064754774394628,1791064755290853922,516459745
5,171,500,1791064754774394628,1791064755294167497,519773250
6,171,500,1791064754774394628,1791064755297436216,523042079
7,171,500,1791064754774394628,1791064755299586115,525192128
8,171,500,1791064754774394628,1791064755303277971,528883784
9,171,500,1791064754774394628,1791064755305567337,531173130
10,171,500,1791064754774394628,1791064755307805146,533410929
11,171,500,1791064754774394628,1791064755311171250,536777053
12,171,500,1791064754774394628,1791064755314272049,539877832
13,171,500,1791064754774394628,1791064755316620252,542226015
14,171,500,1791064754774394628,1791064755317973149,543578912
15,171,500,1791064754774394628,1791064755319390151,544995914
16,171,500,1791064754774394628,1791064755320492496,546098249
17,171,500,1791064754774394628,1791064755321607981,547213744
18,171,500,1791064754774394628,1791064755322875982,548481785
19,171,500,1791064754774394628,1791064755324439561,550045324
0,172,500,1791064754874394628,1791064755330955216,456561129
1,172,500,1791064754874394628,1791064755332613706,458219469
2,172,500,1791064754874394628,1791064755334369711,459975584
3,172,500,1791064754874394628,1791064755336136091,461741844
4,172,500,1791064754874394628,1791064755339207928,464813921
5,172,500,1791064754874394628,1791064755343938044,469543907
6,172,500,1791064754874394628,1791064755347145091,472750874
7,172,500,1791064754874394628,1791064755350836156,476442020
8,172,500,1791064754874394628,1791064755354072777,479678590
9,172,500,1791064754874394628,1791064755356098592,481704356
10,172,500,1791064754874394628,1791064755357269580,482875343
11,172,500,1791064754874394628,1791064755358343022,483948785
12,172,500,1791064754874394628,1791064755359407250,485013014
13,172,500,1791064754874394628,1791064755360455375,486061138
14,172,500,1791064754874394628,1791064755361505423,487111176
15,172,500,1791064754874394628,1791064755362940171,488545924
16,172,500,1791064754874394628,1791064755363988526,489594289
17,172,500,1791064754874394628,1791064755365132683,490738446
18,172,500,1791064754874394628,1791064755366842690,492448443
19,172,500,1791064754874394628,1791064755368567859,494173622
0,173,500,1791064754974394628,1791064755370414899,396020662
1,173,500,1791064754974394628,1791064755373140662,398746465
2,173,500,1791064754974394628,1791064755374416885,400022648
3,173,500,1791064754974394628,1791064755375694700,401300463
4,173,500,1791064754974394628,1791064755376965946,402571699
5,173,500,1791064754974394628,1791064755378224002,403829765
6,173,500,1791064754974394628,1791064755381020801,406626804
7,173,500,1791064754974394628,1791064755384668952,410274926
8,173,500,1791064754974394628,1791064755388071269,413677232
9,173,500,1791064754974394628,1791064755391716256,417322249
10,173,500,1791064754974394628,1791064755395076691,420682484
11,173,500,1791064754974394628,1791064755398102559,423708332
12,173,500,1791064754974394628,1791064755417941417,443547471
13,173,500,1791064754974394628,1791064755420967015,446572888
14,173,500,1791064754974394628,1791064755424064790,449670553
15,173,500,1791064754974394628,1791064755431200485,456806378
16,173,500,1791064754974394628,1791064755434619226,460225109
17,173,500,1791064754974394628,1791064755435948338,461554101
18,173,500,1791064754974394628,1791064755436959127,462564880
19,173,500,1791064754974394628,1791064755438138166,463743919
0,174,500,1791064755074394628,1791064755439139091,364744864
1,174,500,1791064755074394628,1791064755440133967,365739730
2,174,500,1791064755074394628,1791064755441130224,366735977
3,174,500,1791064755074394628,1791064755444671527,370277390
4,174,500,1791064755074394628,1791064755447731687,373337540
5,174,500,1791064755074394628,1791064755449906363,375512256
6,174,500,1791064755074394628,1791064755451075717,376681480
7,174,500,1791064755074394628,1791064755454422511,380028275
8,174,500,1791064755074394628,1791064755457483562,383089315
9,174,500,1791064755074394628,1791064755460341471,385947265
10,174,500,1791064755074394628,1791064755463536801,389142685
11,174,500,1791064755074394628,1791064755465027733,390633496
12,174,500,1791064755074394628,1791064755467887655,393493418
13,174,500,1791064755074394628,1791064755470390848,395996611
14,174,500,1791064755074394628,1791064755471579081,397184844
15,174,500,1791064755074394628,1791064755472578243,398184076
16,174,500,1791064755074394628,1791064755474043727,399649590
17,174,500,1791064755074394628,1791064755475044621,400650375
18,174,500,1791064755074394628,1791064755476045626,401651389
19,174,500,1791064755074394628,1791064755477043947,402649710
0,175,500,1791064755174394628,1791064755478067245,303673008
1,175,500,1791064755174394628,1791064755479109170,304714933
2,175,500,1791064755174394628,1791064755480464240,306070084
3,175,500,1791064755174394628,1791064755483914158,309519931
4,175,500,1791064755174394628,1791064755492996460,318602604
5,175,500,1791064755174394628,1791064755498353106,323958999
6,175,500,1791064755174394628,1791064755511517944,337124088
7,175,500,1791064755174394628,1791064755536543476,362149840
8,175,500,1791064755174394628,1791064755537930283,363536056
9,175,500,1791064755174394628,1791064755539678386,365284259
10,175,500,1791064755174394628,1791064755550498907,376105100
11,175,500,1791064755174394628,1791064755564716506,390322670
12,175,500,1791064755174394628,1791064755575993534,401599427
13,175,500,1791064755174394628,1791064755595025776,420631919
14,175,500,1791064755174394628,1791064755596839085,422444928
15,175,500,1791064755174394628,1791064755605991091,431597104
16,175,500,1791064755174394628,1791064755615325988,440932012
17,175,500,1791064755174394628,1791064755622481822,448087996
18,175,500,1791064755174394628,1791064755633739712,459346046
19,175,500,1791064755174394628,1791064755638940306,464546310
0,176,500,1791064755274394628,1791064755646843830,372449883
1,176,500,1791064755274394628,1791064755663535680,389141944
2,176,500,1791064755274394628,1791064755665529137,391135010
3,176,500,1791064755274394628,1791064755672400109,398006183
4,176,500,1791064755274394628,1791064755680919697,406526131
5,176,500,1791064755274394628,1791064755687312920,412918883
6,176,500,1791064755274394628,1791064755691096312,416702305
7,176,500,1791064755274394628,1791064755692202343,417808106
8,176,500,1791064755274394628,1791064755694204573,419810426
9,176,500,1791064755274394628,1791064755695994608,421600361
10,176,500,1791064755274394628,1791064755697958471,423564304
11,176,500,1791064755274394628,1791064755699069149,424674912
12,176,500,1791064755274394628,1791064755700147037,425752790
13,176,500,1791064755274394628,1791064755701273859,426879622
14,176,500,1791064755274394628,1791064755704033182,429639015
15,176,500,1791064755274394628,1791064755705262035,430867818
16,176,500,1791064755274394628,1791064755706840506,432446390
17,176,500,1791064755274394628,1791064755708182898,433788681
18,176,500,1791064755274394628,1791064755709497988,435103791
19,176,500,1791064755274394628,1791064755710677268,436283031
0,177,500,1791064755374394628,1791064755712277641,337883434
1,177,500,1791064755374394628,1791064755713587324,339193087
2,177,500,1791064755374394628,1791064755715176291,340782234
3,177,500,1791064755374394628,1791064755717136349,342742212
4,177,500,1791064755374394628,1791064755718515144,344120897
5,177,500,1791064755374394628,1791064755719980928,345586731
6,177,500,1791064755374394628,1791064755721373404,346979197
7,177,500,1791064755374394628,1791064755723078954,348684817
8,177,500,1791064755374394628,1791064755724332052,349937815
9,177,500,1791064755374394628,1791064755725986937,351592800
10,177,500,1791064755374394628,1791064755727443518,353049271
11,177,500,1791064755374394628,1791064755729641188,355247061
12,177,500,1791064755374394628,1791064755731447407,357053280
13,177,500,1791064755374394628,1791064755733064786,358670579
14,177,500,1791064755374394628,1791064755734499424,360105207
15,177,500,1791064755374394628,1791064755735813764,361419527
16,177,500,1791064755374394628,1791064755737134092,362739855
17,177,500,1791064755374394628,1791064755738693425,364299188
18,177,500,1791064755374394628,1791064755740208323,365814106
19,177,500,1791064755374394628,1791064755741967402,367573195
0,178,500,1791064755474394628,1791064755743325807,268931570
1,178,500,1791064755474394628,1791064755744774846,270380709
2,178,500,1791064755474394628,1791064755747257038,272862881
3,178,500,1791064755474394628,1791064755749785238,275391081
4,178,500,1791064755474394628,1791064755752554046,278159899
5,178,500,1791064755474394628,1791064755755169595,280775499
6,178,500,1791064755474394628,1791064755756890418,282496211
7,178,500,1791064755474394628,1791064755758525764,284131527
8,178,500,1791064755474394628,1791064755760158505,285764279
9,178,500,1791064755474394628,1791064755762126174,287732017
10,178,500,1791064755474394628,1791064755763822050,289427843
11,178,500,1791064755474394628,1791064755765490605,291096368
12,178,500,1791064755474394628,1791064755767125941,292731704
13,178,500,1791064755474394628,1791064755768212362,293818115
14,178,500,1791064755474394628,1791064755769461806,295067599
15,178,500,1791064755474394628,1791064755771405138,297010971
16,178,500,1791064755474394628,1791064755773343203,298949016
17,178,500,1791064755474394628,1791064755774974773,300580526
18,178,500,1791064755474394628,1791064755776332738,301938501
19,178,500,1791064755474394628,1791064755777388063,302993826
0,179,500,1791064755574394628,1791064755778912514,204518278
1,179,500,1791064755574394628,1791064755780615721,206221474
2,179,500,1791064755574394628,1791064755782448109,208053882
3,179,500,1791064755574394628,1791064755784207279,209813052
4,179,500,1791064755574394628,1791064755786082661,211688424
5,179,500,1791064755574394628,1791064755787852626,213458379
6,179,500,1791064755574394628,1791064755789555862,215161615
7,179,500,1791064755574394628,1791064755790949890,216555653
8,179,500,1791064755574394628,1791064755792331880,217937633
9,179,500,1791064755574394628,1791064755793668773,219274586
10,179,500,1791064755574394628,1791064755795213274,220819077
11,179,500,1791064755574394628,1791064755796297993,221903756
12,179,500,1791064755574394628,1791064755797535279,223141042
13,179,500,1791064755574394628,1791064755798577965,224183729
14,179,500,1791064755574394628,1791064755799680230,225285984
15,179,500,1791064755574394628,1791064755800768765,226374518
16,179,500,1791064755574394628,1791064755801883188,227488951
17,179,500,1791064755574394628,1791064755803198459,228804242
18,179,500,1791064755574394628,1791064755804240805,229846568
19,179,500,1791064755574394628,1791064755805265725,230871478
0,180,500,1791064755674394628,1791064755807007519,132613312
1,180,500,1791064755674394628,1791064755808644448,134250241
2,180,500,1791064755674394628,1791064755810312953,135918716
3,180,500,1791064755674394628,1791064755811995669,137601422
4,180,500,1791064755674394628,1791064755813774587,139380430
5,180,500,1791064755674394628,1791064755815577101,141182874
6,180,500,1791064755674394628,1791064755817248360,142854123
7,180,500,1791064755674394628,1791064755818931817,144537600
8,180,500,1791064755674394628,1791064755820785747,146391510
9,180,500,1791064755674394628,1791064755822497557,148103320
10,180,500,1791064755674394628,1791064755824294222,149900045
11,180,500,1791064755674394628,1791064755825989246,151595029
12,180,500,1791064755674394628,1791064755827731680,153337453
13,180,500,1791064755674394628,1791064755829468967,155074861
14,180,500,1791064755674394628,1791064755831363968,156969802
15,180,500,1791064755674394628,1791064755833227924,158833717
16,180,500,1791064755674394628,1791064755835105439,160711222
17,180,500,1791064755674394628,1791064755836784539,162390292
18,180,500,1791064755674394628,1791064755838498411,164104234
19,180,500,1791064755674394628,1791064755840206154,165811917
0,181,500,1791064755774394628,1791064755841523979,67129832
1,181,500,1791064755774394628,1791064755842828504,68434297
2,181,500,1791064755774394628,1791064755843990128,69595891
3,181,500,1791064755774394628,1791064755845178280,70784043
4,181,500,1791064755774394628,1791064755846506821,72112664
5,181,500,1791064755774394628,1791064755847910483,73516266
6,181,500,1791064755774394628,1791064755849134008,74739801
7,181,500,1791064755774394628,1791064755850335730,75941493
8,181,500,1791064755774394628,1791064755851527909,77133672
9,181,500,1791064755774394628,1791064755852923559,78529412
10,181,500,1791064755774394628,1791064755857707045,83313048
11,181,500,1791064755774394628,1791064755859069115,84674878
12,181,500,1791064755774394628,1791064755863007833,88613946
13,181,500,1791064755774394628,1791064755864590250,90196023
14,181,500,1791064755774394628,1791064755866064847,91670610
15,181,500,1791064755774394628,1791064755867601827,93207610
16,181,500,1791064755774394628,1791064755869436279,95042102
17,181,500,1791064755774394628,1791064755870935853,96541626
18,181,500,1791064755774394628,1791064755872343611,97949384
19,181,500,1791064755774394628,1791064755873812300,99418063
0,182,500,1791064755874394628,1791064755876676949,2282752
1,182,500,1791064755874394628,1791064755879042257,4648111
2,182,500,1791064755874394628,1791064755881330562,6936335
3,182,500,1791064755874394628,1791064755883453010,9058924
4,182,500,1791064755874394628,1791064755885699142,11304895
5,182,500,1791064755874394628,1791064755887959805,13565588
6,182,500,1791064755874394628,1791064755890123164,15728957
7,182,500,1791064755874394628,1791064755891565614,17171387
8,182,500,1791064755874394628,1791064755893005550,18611373
9,182,500,1791064755874394628,1791064755894143598,19749411
10,182,500,1791064755874394628,1791064755895228668,20834421
11,182,500,1791064755874394628,1791064755896321068,21926821
12,182,500,1791064755874394628,1791064755897454389,23060152
13,182,500,1791064755874394628,1791064755898670453,24276246
14,182,500,1791064755874394628,1791064755899978163,25583956
15,182,500,1791064755874394628,1791064755901144453,26750246
16,182,500,1791064755874394628,1791064755902269051,27874834
17,182,500,1791064755874394628,1791064755903347791,28953554
18,182,500,1791064755874394628,1791064755904576674,30182447
19,182,500,1791064755874394628,1791064755905645910,31251673
0,183,500,1791064755974394628,1791064755977233850,2839934
1,183,500,1791064755974394628,1791064755978290688,3896451
2,183,500,1791064755974394628,1791064755981040967,6646831
3,183,500,1791064755974394628,1791064755982515264,8121047
4,183,500,1791064755974394628,1791064755983524842,9130595
5,183,500,1791064755974394628,1791064755984516072,10121835
6,183,500,1791064755974394628,1791064755985509336,11115089
7,183,500,1791064755974394628,1791064755986552073,12157836
8,183,500,1791064755974394628,1791064755987588931,13194694
9,183,500,1791064755974394628,1791064755988580972,14186725
10,183,500,1791064755974394628,1791064755991029704,16635527
11,183,500,1791064755974394628,1791064755992032071,17637834
12,183,500,1791064755974394628,1791064755993038474,18644237
13,183,500,1791064755974394628,1791064755994089813,19695576
14,183,500,1791064755974394628,1791064755995099641,20705394
15,183,500,1791064755974394628,1791064755996095929,21701702
16,183,500,1791064755974394628,1791064755997121781,22727644
17,183,500,1791064755974394628,1791064755998133903,23739666
18,183,500,1791064755974394628,1791064755999156780,24762533
19,183,500,1791064755974394628,1791064756000287777,25893550
0,184,500,1791064756074394628,1791064756076473568,2079652
1,184,500,1791064756074394628,1791064756078184226,3790009
2,184,500,1791064756074394628,1791064756079391156,4996949
3,184,500,1791064756074394628,1791064756080655231,6261014
4,184,500,1791064756074394628,1791064756082115557,7721450
5,184,500,1791064756074394628,1791064756083471338,9077121
6,184,500,1791064756074394628,1791064756084826869,10432622
7,184,500,1791064756074394628,1791064756086279784,11885627
8,184,500,1791064756074394628,1791064756087626171,13231984
9,184,500,1791064756074394628,1791064756089156571,14762395
10,184,500,1791064756074394628,1791064756090954308,16560231
11,184,500,1791064756074394628,1791064756092540120,18145883
12,184,500,1791064756074394628,1791064756094484314,20090107
13,184,500,1791064756074394628,1791064756096241340,21847254
14,184,500,1791064756074394628,1791064756097917817,23523600
15,184,500,1791064756074394628,1791064756099682114,25287917
16,184,500,1791064756074394628,1791064756101452240,27058033
17,184,500,1791064756074394628,1791064756102696496,28302289
18,184,500,1791064756074394628,1791064756105128183,30734096
19,184,500,1791064756074394628,1791064756108200901,33806664
0,185,500,1791064756174394628,1791064756177598051,3204265
1,185,500,1791064756174394628,1791064756193873403,19479737
2,185,500,1791064756174394628,1791064756195198639,20804402
3,185,500,1791064756174394628,1791064756210805449,36411663
4,185,500,1791064756174394628,1791064756212268690,37874443
5,185,500,1791064756174394628,1791064756213490082,39095845
6,185,500,1791064756174394628,1791064756230810564,56416938
7,185,500,1791064756174394628,1791064756232103312,57709065
8,185,500,1791064756174394628,1791064756233283522,58889285
9,185,500,1791064756174394628,1791064756234571953,60177717
10,185,500,1791064756174394628,1791064756235751273,61357026
11,185,500,1791064756174394628,1791064756236987907,62593670
12,185,500,1791064756174394628,1791064756238263489,63869252
13,185,500,1791064756174394628,1791064756239446063,65051827
14,185,500,1791064756174394628,1791064756240958687,66564450
15,185,500,1791064756174394628,1791064756243394170,69000173
16,185,500,1791064756174394628,1791064756249812130,75418063
17,185,500,1791064756174394628,1791064756251317693,76923456
18,185,500,1791064756174394628,1791064756257894809,83500813
19,185,500,1791064756174394628,1791064756259094559,84700322
0,186,500,1791064756274394628,1791064756276809006,2415140
1,186,500,1791064756274394628,1791064756277941887,3547650
2,186,500,1791064756274394628,1791064756279028939,4634702
3,186,500,1791064756274394628,1791064756280113788,5719551
4,186,500,1791064756274394628,1791064756281188612,6794365
5,186,500,1791064756274394628,1791064756283585678,9191691
6,186,500,1791064756274394628,1791064756289811353,15417507
7,186,500,1791064756274394628,1791064756290953798,16559561
8,186,500,1791064756274394628,1791064756292126377,17732180
9,186,500,1791064756274394628,1791064756293336762,18942555
10,186,500,1791064756274394628,1791064756300046125,25651988
11,186,500,1791064756274394628,1791064756301173697,26779451
12,186,500,1791064756274394628,1791064756302630919,28236892
13,186,500,1791064756274394628,1791064756307397159,33003012
14,186,500,1791064756274394628,1791064756308518332,34124095
15,186,500,1791064756274394628,1791064756309597603,35203356
16,186,500,1791064756274394628,1791064756310815700,36421453
17,186,500,1791064756274394628,1791064756311960308,37566071
18,186,500,1791064756274394628,1791064756313747819,39353622
19,186,500,1791064756274394628,1791064756314866018,40471781
0,187,500,1791064756374394628,1791064756392645572,18251706
1,187,500,1791064756374394628,1791064756411297570,36903954
2,187,500,1791064756374394628,1791064756438223551,63829905
3,187,500,1791064756374394628,1791064756439328450,64934203
4,187,500,1791064756374394628,1791064756440518074,66123837
5,187,500,1791064756374394628,1791064756441578818,67184581
6,187,500,1791064756374394628,1791064756459650274,85256468
7,187,500,1791064756374394628,1791064756482769838,108376383
8,187,500,1791064756374394628,1791064756485520168,111125961
9,187,500,1791064756374394628,1791064756525779236,151385550
10,187,500,1791064756374394628,1791064756547403353,173009897
11,187,500,1791064756374394628,1791064756556039373,181645607
12,187,500,1791064756374394628,1791064756563612777,189218871
13,187,500,1791064756374394628,1791064756565289484,190895237
14,187,500,1791064756374394628,1791064756591011479,216617653
15,187,500,1791064756374394628,1791064756592863116,218468909
16,187,500,1791064756374394628,1791064756595076389,220682372
17,187,500,1791064756374394628,1791064756596084584,221690347
18,187,500,1791064756374394628,1791064756597208611,222814364
19,187,500,1791064756374394628,1791064756605032757,230639001
0,188,500,1791064756474394628,1791064756606799869,132405692
1,188,500,1791064756474394628,1791064756607996313,133602146
2,188,500,1791064756474394628,1791064756609051529,134657282
3,188,500,1791064756474394628,1791064756610118972,135724735
4,188,500,1791064756474394628,1791064756611314636,136920409
5,188,500,1791064756474394628,1791064756612679941,138285694
6,188,500,1791064756474394628,1791064756614655602,140261355
7,188,500,1791064756474394628,1791064756616435342,142041165
8,188,500,1791064756474394628,1791064756618141552,143747386
9,188,500,1791064756474394628,1791064756619857738,145463501
10,188,500,1791064756474394628,1791064756621440185,147045948
11,188,500,1791064756474394628,1791064756623146106,148751859
12,188,500,1791064756474394628,1791064756624825066,150430830
13,188,500,1791064756474394628,1791064756626173867,151779620
14,188,500,1791064756474394628,1791064756627711107,153316871
15,188,500,1791064756474394628,1791064756629516055,155121888
16,188,500,1791064756474394628,1791064756631119503,156725276
17,188,500,1791064756474394628,1791064756632749912,158355695
18,188,500,1791064756474394628,1791064756633978995,159584748
19,188,500,1791064756474394628,1791064756634970996,160576749
0,189,500,1791064756574394628,1791064756636399656,62005449
1,189,500,1791064756574394628,1791064756638127218,63732981
2,189,500,1791064756574394628,1791064756639519393,65125247
3,189,500,1791064756574394628,1791064756640546887,66152650
4,189,500,1791064756574394628,1791064756641595323,67201086
5,189,500,1791064756574394628,1791064756642723256,68329019
6,189,500,1791064756574394628,1791064756644022573,69628326
7,189,500,1791064756574394628,1791064756645175032,70780795
8,189,500,1791064756574394628,1791064756646350466,71956229
9,189,500,1791064756574394628,1791064756647648191,73253954
10,189,500,1791064756574394628,1791064756648957553,74563357
11,189,500,1791064756574394628,1791064756650108060,75713823
12,189,500,1791064756574394628,1791064756651902912,77508675
13,189,500,1791064756574394628,1791064756653368627,78974400
14,189,500,1791064756574394628,1791064756654728393,80334157
15,189,500,1791064756574394628,1791064756655773784,81379547
16,189,500,1791064756574394628,1791064756656820356,82426120
17,189,500,1791064756574394628,1791064756658375774,83981537
18,189,500,1791064756574394628,1791064756659475765,85081529
19,189,500,1791064756574394628,1791064756660904886,86510679
0,190,500,1791064756674394628,1791064756675652712,1258515
1,190,500,1791064756674394628,1791064756677034942,2640755
2,190,500,1791064756674394628,1791064756678204958,3810821
3,190,500,1791064756674394628,1791064756679393000,4998783
4,190,500,1791064756674394628,1791064756680530137,6135900
5,190,500,1791064756674394628,1791064756681739341,7345104
6,190,500,1791064756674394628,1791064756683188490,8794253
7,190,500,1791064756674394628,1791064756684713923,10319786
8,190,500,1791064756674394628,1791064756686491570,12097333
9,190,500,1791064756674394628,1791064756687919798,13525561
10,190,500,1791064756674394628,1791064756689773608,15379481
11,190,500,1791064756674394628,1791064756690996011,16601774
12,190,500,1791064756674394628,1791064756692311513,17917276
13,190,500,1791064756674394628,1791064756693352787,18958560
14,190,500,1791064756674394628,1791064756694605666,20211429
15,190,500,1791064756674394628,1791064756695828059,21433822
16,190,500,1791064756674394628,1791064756697484496,23090259
17,190,500,1791064756674394628,1791064756698655904,24261667
18,190,500,1791064756674394628,1791064756700045955,25651718
19,190,500,1791064756674394628,1791064756701189141,26794904
0,191,500,1791064756774394628,1791064756775612387,1218681
1,191,500,1791064756774394628,1791064756777012895,2618648
2,191,500,1791064756774394628,1791064756778351941,3957704
3,191,500,1791064756774394628,1791064756779833959,5439742
4,191,500,1791064756774394628,1791064756781038907,6644670
5,191,500,1791064756774394628,1791064756782502187,8107950
6,191,500,1791064756774394628,1791064756783571223,9176986
7,191,500,1791064756774394628,1791064756784633058,10238811
8,191,500,1791064756774394628,1791064756785692810,11298573
9,191,500,1791064756774394628,1791064756786859621,12465374
10,191,500,1791064756774394628,1791064756788530199,14136012
11,191,500,1791064756774394628,1791064756789912950,15518703
12,191,500,1791064756774394628,1791064756791707051,17312814
13,191,500,1791064756774394628,1791064756793338101,18943884
14,191,500,1791064756774394628,1791064756794765548,20371331
15,191,500,1791064756774394628,1791064756796226535,21832298
16,191,500,1791064756774394628,1791064756797606973,23212766
17,191,500,1791064756774394628,1791064756799399222,25005025
18,191,500,1791064756774394628,1791064756800951344,26557097
19,191,500,1791064756774394628,1791064756805921456,31527319
0,192,500,1791064756874394628,1791064756876880994,2487088
1,192,500,1791064756874394628,1791064756878092701,3698494
2,192,500,1791064756874394628,1791064756879229988,4835762
3,192,500,1791064756874394628,1791064756880446733,6052497
4,192,500,1791064756874394628,1791064756881645121,7250884
5,192,500,1791064756874394628,1791064756885239863,10845706
6,192,500,1791064756874394628,1791064756886373735,11979498
7,192,500,1791064756874394628,1791064756887458865,13064618
8,192,500,1791064756874394628,1791064756888536033,14141796
9,192,500,1791064756874394628,1791064756889685367,15291130
10,192,500,1791064756874394628,1791064756892068292,17674216
11,192,500,1791064756874394628,1791064756893202685,18808468
12,192,500,1791064756874394628,1791064756894397047,20002830
13,192,500,1791064756874394628,1791064756895882009,21487772
14,192,500,1791064756874394628,1791064756897256478,22862281
15,192,500,1791064756874394628,1791064756898569626,24175399
16,192,500,1791064756874394628,1791064756899648997,25254760
17,192,500,1791064756874394628,1791064756900782048,26387811
18,192,500,1791064756874394628,1791064756902259379,27865182
19,192,500,1791064756874394628,1791064756903470255,29076048
0,193,500,1791064756974394628,1791064756976014654,1620818
1,193,500,1791064756974394628,1791064756977439668,3045461
2,193,500,1791064756974394628,1791064756978772665,4378649
3,193,500,1791064756974394628,1791064756980256597,5862420
4,193,500,1791064756974394628,1791064756981618246,7224059
5,193,500,1791064756974394628,1791064756983182877,8788680
6,193,500,1791064756974394628,1791064756984678826,10284600
7,193,500,1791064756974394628,1791064756986293912,11899675
8,193,500,1791064756974394628,1791064756987611837,13217600
9,193,500,1791064756974394628,1791064756989741326,15347139
10,193,500,1791064756974394628,1791064756991731167,17337041
11,193,500,1791064756974394628,1791064756993419101,19024904
12,193,500,1791064756974394628,1791064756994793640,20399433
13,193,500,1791064756974394628,1791064756996149692,21755485
14,193,500,1791064756974394628,1791064756997715825,23321698
15,193,500,1791064756974394628,1791064756999403598,25009352
16,193,500,1791064756974394628,1791064757001067867,26673640
17,193,500,1791064756974394628,1791064757002729322,28335085
18,193,500,1791064756974394628,1791064757004315855,29921648
19,193,500,1791064756974394628,1791064757005645677,31251561
0,194,500,1791064757074394628,1791064757076905521,2511615
1,194,500,1791064757074394628,1791064757078299439,3905202
2,194,500,1791064757074394628,1791064757079820155,5425938
3,194,500,1791064757074394628,1791064757081018312,6624075
4,194,500,1791064757074394628,1791064757082382435,7988208
5,194,500,1791064757074394628,1791064757083705067,9310830
6,194,500,1791064757074394628,1791064757084942182,10547945
7,194,500,1791064757074394628,1791064757086216082,11821845
8,194,500,1791064757074394628,1791064757087359578,12965341
9,194,500,1791064757074394628,1791064757088559478,14165241
10,194,500,1791064757074394628,1791064757089724436,15330309
11,194,500,1791064757074394628,1791064757090965237,16571000
12,194,500,1791064757074394628,1791064757092078758,17684521
13,194,500,1791064757074394628,1791064757093476031,19081794
14,194,500,1791064757074394628,1791064757094615551,20221314
15,194,500,1791064757074394628,1791064757095995198,21601001
16,194,500,1791064757074394628,1791064757097141488,22747251
17,194,500,1791064757074394628,1791064757098482798,24088721
18,194,500,1791064757074394628,1791064757099593325,25199088
19,194,500,1791064757074394628,1791064757101010377,26616220
0,195,500,1791064757174394628,1791064757175691495,1297669
1,195,500,1791064757174394628,1791064757176990663,2596426
2,195,500,1791064757174394628,1791064757178566510,4172303
3,195,500,1791064757174394628,1791064757179945466,5551249
4,195,500,1791064757174394628,1791064757181227097,6832860
5,195,500,1791064757174394628,1791064757182516930,8122763
6,195,500,1791064757174394628,1791064757183935234,9541047
7,195,500,1791064757174394628,1791064757185242183,10847946
8,195,500,1791064757174394628,1791064757186518916,12124679
9,195,500,1791064757174394628,1791064757188922341,14528104
10,195,500,1791064757174394628,1791064757191921200,17526953
11,195,500,1791064757174394628,1791064757195002681,20608454
12,195,500,1791064757174394628,1791064757196634872,22240635
13,195,500,1791064757174394628,1791064757198542221,24147994
14,195,500,1791064757174394628,1791064757200563740,26169573
15,195,500,1791064757174394628,1791064757202410469,28016272
16,195,500,1791064757174394628,1791064757203617880,29223653
17,195,500,1791064757174394628,1791064757204991298,30597091
18,195,500,1791064757174394628,1791064757206531943,32137786
19,195,500,1791064757174394628,1791064757207877359,33483152
0,196,500,1791064757274394628,1791064757275621777,1227881
1,196,500,1791064757274394628,1791064757276703792,2309555
2,196,500,1791064757274394628,1791064757277794641,3400394
3,196,500,1791064757274394628,1791064757278885208,4490971
4,196,500,1791064757274394628,1791064757280102334,5708137
5,196,500,1791064757274394628,1791064757281472726,7078489
6,196,500,1791064757274394628,1791064757283116014,8721777
7,196,500,1791064757274394628,1791064757284817437,10423201
8,196,500,1791064757274394628,1791064757286174671,11780434
9,196,500,1791064757274394628,1791064757287252349,12858102
10,196,500,1791064757274394628,1791064757288449896,14055689
11,196,500,1791064757274394628,1791064757289928599,15534403
12,196,500,1791064757274394628,1791064757291006829,16612582
13,196,500,1791064757274394628,1791064757292161522,17767285
14,196,500,1791064757274394628,1791064757293231308,18837071
15,196,500,1791064757274394628,1791064757294359862,19965625
16,196,500,1791064757274394628,1791064757295979755,21585628
17,196,500,1791064757274394628,1791064757297185053,22790816
18,196,500,1791064757274394628,1791064757298274789,23880552
19,196,500,1791064757274394628,1791064757299380440,24986203
0,197,500,1791064757374394628,1791064757377233723,2839937
1,197,500,1791064757374394628,1791064757378502295,4108088
2,197,500,1791064757374394628,1791064757379715835,5321739
3,197,500,1791064757374394628,1791064757386617813,12224197
4,197,500,1791064757374394628,1791064757391221793,16827646
5,197,500,1791064757374394628,1791064757392401503,18007286
6,197,500,1791064757374394628,1791064757397811428,23417571
7,197,500,1791064757374394628,1791064757403047544,28653398
8,197,500,1791064757374394628,1791064757404303367,29909151
9,197,500,1791064757374394628,1791064757409919638,35526032
10,197,500,1791064757374394628,1791064757421039422,46645546
11,197,500,1791064757374394628,1791064757425066005,50671938
12,197,500,1791064757374394628,1791064757426859686,52465489
13,197,500,1791064757374394628,1791064757428583062,54188815
14,197,500,1791064757374394628,1791064757433639062,59245066
15,197,500,1791064757374394628,1791064757435294268,60900241
16,197,500,1791064757374394628,1791064757438399033,64004886
17,197,500,1791064757374394628,1791064757440278311,65884214
18,197,500,1791064757374394628,1791064757441434386,67040149
19,197,500,1791064757374394628,1791064757446301735,71907839
0,198,500,1791064757474394628,1791064757476230611,1836714
1,198,500,1791064757474394628,1791064757479090543,4696867
2,198,500,1791064757474394628,1791064757483229753,8835766
3,198,500,1791064757474394628,1791064757485558607,11164390
4,198,500,1791064757474394628,1791064757489490039,15095942
5,198,500,1791064757474394628,1791064757491580920,17186673
6,198,500,1791064757474394628,1791064757493417094,19022877
7,198,500,1791064757474394628,1791064757494579568,20185321
8,198,500,1791064757474394628,1791064757496921082,22526845
9,198,500,1791064757474394628,1791064757499846932,25452815
10,198,500,1791064757474394628,1791064757502160383,27766147
11,198,500,1791064757474394628,1791064757504620973,30226867
12,198,500,1791064757474394628,1791064757507469919,33075903
13,198,500,1791064757474394628,1791064757514562180,40168253
14,198,500,1791064757474394628,1791064757517045844,42651727
15,198,500,1791064757474394628,1791064757522821501,48427595
16,198,500,1791064757474394628,1791064757524172465,49778258
17,198,500,1791064757474394628,1791064757525325255,50931018
18,198,500,1791064757474394628,1791064757535819251,61425515
19,198,500,1791064757474394628,1791064757538847754,64453597
0,199,500,1791064757574394628,1791064757578039469,3645553
1,199,500,1791064757574394628,1791064757579295442,4901245
2,199,500,1791064757574394628,1791064757580676551,6282304
3,199,500,1791064757574394628,1791064757585863054,11469167
4,199,500,1791064757574394628,1791064757601992019,27598543
5,199,500,1791064757574394628,1791064757603146652,28752415
6,199,500,1791064757574394628,1791064757604455303,30061086
7,199,500,1791064757574394628,1791064757615771669,41377993
8,199,500,1791064757574394628,1791064757619845051,45450904
9,199,500,1791064757574394628,1791064757633399768,59005951
10,199,500,1791064757574394628,1791064757635324563,60930366
11,199,500,1791064757574394628,1791064757636576690,62182453
12,199,500,1791064757574394628,1791064757637832433,63438196
13,199,500,1791064757574394628,1791064757659952254,85558348
14,199,500,1791064757574394628,1791064757660954351,86560104
15,199,500,1791064757574394628,1791064757664237431,89843244
16,199,500,1791064757574394628,1791064757675572795,101178699
17,199,500,1791064757574394628,1791064757680362810,105968663
18,199,500,1791064757574394628,1791064757681447139,107052902
19,199,500,1791064757574394628,1791064757686105689,111711663
0,200,500,1791064757674394628,1791064757687115097,12720850
1,200,500,1791064757674394628,1791064757688168920,13774693
2,200,500,1791064757674394628,1791064757689188873,14794636
3,200,500,1791064757674394628,1791064757692267339,17873222
4,200,500,1791064757674394628,1791064757697360925,22966778
5,200,500,1791064757674394628,1791064757698865236,24470999
6,200,500,1791064757674394628,1791064757702888925,28494768
7,200,500,1791064757674394628,1791064757704365425,29971228
8,200,500,1791064757674394628,1791064757705723520,31329283
9,200,500,1791064757674394628,1791064757710707583,36313446
10,200,500,1791064757674394628,1791064757712463567,38069330
11,200,500,1791064757674394628,1791064757713970262,39576245
12,200,500,1791064757674394628,1791064757722271856,47877740
13,200,500,1791064757674394628,1791064757733275439,58881432
14,200,500,1791064757674394628,1791064757743007164,68613007
15,200,500,1791064757674394628,1791064757744883958,70489751
16,200,500,1791064757674394628,1791064757763343780,88950295
17,200,500,1791064757674394628,1791064757764854502,90460255
18,200,500,1791064757674394628,1791064757766916540,92522544
19,200,500,1791064757674394628,1791064757768581670,94187433
0,201,500,1791064757774394628,1791064757786349576,11955730
1,201,500,1791064757774394628,1791064757787380435,12986198
2,201,500,1791064757774394628,1791064757792479930,18085933
3,201,500,1791064757774394628,1791064757793484700,19090463
4,201,500,1791064757774394628,1791064757796862520,22468364
5,201,500,1791064757774394628,1791064757801009442,26615295
6,201,500,1791064757774394628,1791064757802510328,28116121
7,201,500,1791064757774394628,1791064757804158042,29763876
8,201,500,1791064757774394628,1791064757807517135,33123008
9,201,500,1791064757774394628,1791064757809014987,34620770
10,201,500,1791064757774394628,1791064757810853875,36459668
11,201,500,1791064757774394628,1791064757812514578,38120361
12,201,500,1791064757774394628,1791064757814866797,40472791
13,201,500,1791064757774394628,1791064757816767407,42373170
14,201,500,1791064757774394628,1791064757818897246,44503059
15,201,500,1791064757774394628,1791064757820871465,46477288
16,201,500,1791064757774394628,1791064757822775779,48381643
17,201,500,1791064757774394628,1791064757825249919,50855702
18,201,500,1791064757774394628,1791064757827313100,52918883
19,201,500,1791064757774394628,1791064757829735823,55341716
0,202,500,1791064757874394628,1791064757875598469,1204552
1,202,500,1791064757874394628,1791064757876766411,2372164
2,202,500,1791064757874394628,1791064757878586100,4191863
3,202,500,1791064757874394628,1791064757880261436,5867189
4,202,500,1791064757874394628,1791064757882061256,7667019
5,202,500,1791064757874394628,1791064757883728368,9334242
6,202,500,1791064757874394628,1791064757885198759,10804543
7,202,500,1791064757874394628,1791064757886377508,11983271
8,202,500,1791064757874394628,1791064757887472762,13078566
9,202,500,1791064757874394628,1791064757889191171,14796934
10,202,500,1791064757874394628,1791064757891137699,16743492
11,202,500,1791064757874394628,1791064757892837020,18442773
12,202,500,1791064757874394628,1791064757894574217,20179980
13,202,500,1791064757874394628,1791064757896159118,21765191
14,202,500,1791064757874394628,1791064757897482210,23087973
15,202,500,1791064757874394628,1791064757898548642,24154405
16,202,500,1791064757874394628,1791064757899645539,25251412
17,202,500,1791064757874394628,1791064757900696107,26301870
18,202,500,1791064757874394628,1791064757901717963,27323726
19,202,500,1791064757874394628,1791064757903028447,28634531
0,203,500,1791064757974394628,1791064757975824660,1430974
1,203,500,1791064757974394628,1791064757977043778,2649541
2,203,500,1791064757974394628,1791064757978063140,3668903
3,203,500,1791064757974394628,1791064757979596144,5201917
4,203,500,1791064757974394628,1791064757981095628,6701411
5,203,500,1791064757974394628,1791064757982528343,8134106
6,203,500,1791064757974394628,1791064757983984183,9590106
7,203,500,1791064757974394628,1791064757985334436,10940199
8,203,500,1791064757974394628,1791064757986794973,12400736
9,203,500,1791064757974394628,1791064757988166126,13771889
10,203,500,1791064757974394628,1791064757989513956,15119719
11,203,500,1791064757974394628,1791064757990985528,16591291
12,203,500,1791064757974394628,1791064757992040704,17646497
13,203,500,1791064757974394628,1791064757993089830,18695593
14,203,500,1791064757974394628,1791064757994154008,19759771
15,203,500,1791064757974394628,1791064757995155574,20761337
16,203,500,1791064757974394628,1791064757996236838,21842601
17,203,500,1791064757974394628,1791064757997288879,22894642
18,203,500,1791064757974394628,1791064757998444833,24050586
19,203,500,1791064757974394628,1791064757999530844,25136607
0,204,500,1791064758074394628,1791064758075774010,1380253
1,204,500,1791064758074394628,1791064758076849265,2455048
2,204,500,1791064758074394628,1791064758077945771,3551524
3,204,500,1791064758074394628,1791064758079161805,4767568
4,204,500,1791064758074394628,1791064758080236139,5841902
5,204,500,1791064758074394628,1791064758082078391,7684265
6,204,500,1791064758074394628,1791064758083217211,8822964
7,204,500,1791064758074394628,1791064758084399304,10005067
8,204,500,1791064758074394628,1791064758085602839,11208602
9,204,500,1791064758074394628,1791064758086835918,12441681
10,204,500,1791064758074394628,1791064758087881149,13486912
11,204,500,1791064758074394628,1791064758089211593,14817356
12,204,500,1791064758074394628,1791064758090910813,16516666
13,204,500,1791064758074394628,1791064758092531257,18137020
14,204,500,1791064758074394628,1791064758093991212,19596965
15,204,500,1791064758074394628,1791064758095427723,21033506
16,204,500,1791064758074394628,1791064758098744853,24350797
17,204,500,1791064758074394628,1791064758100509992,26115795
18,204,500,1791064758074394628,1791064758101734959,27340712
19,204,500,1791064758074394628,1791064758103453739,29059522
0,205,500,1791064758174394628,1791064758180562773,6168917
1,205,500,1791064758174394628,1791064758194026014,19632538
2,205,500,1791064758174394628,1791064758196011900,21618033
3,205,500,1791064758174394628,1791064758197665052,23270855
4,205,500,1791064758174394628,1791064758215099764,40705887
5,205,500,1791064758174394628,1791064758224428101,50034505
6,205,500,1791064758174394628,1791064758231570656,57176710
7,205,500,1791064758174394628,1791064758232714272,58320025
8,205,500,1791064758174394628,1791064758235856914,61463038
9,205,500,1791064758174394628,1791064758240969017,66575171
10,205,500,1791064758174394628,1791064758242267664,67873447
11,205,500,1791064758174394628,1791064758250119761,75726225
12,205,500,1791064758174394628,1791064758251382734,76988497
13,205,500,1791064758174394628,1791064758253964955,79570798
14,205,500,1791064758174394628,1791064758255803712,81409555
15,205,500,1791064758174394628,1791064758257530423,83136267
16,205,500,1791064758174394628,1791064758259398985,85004828
17,205,500,1791064758174394628,1791064758266218972,91825256
18,205,500,1791064758174394628,1791064758267224744,92830507
19,205,500,1791064758174394628,1791064758268226209,93831972
0,206,500,1791064758274394628,1791064758275687712,1293836
1,206,500,1791064758274394628,1791064758276690500,2296263
2,206,500,1791064758274394628,1791064758284609276,10215289
3,206,500,1791064758274394628,1791064758287808041,13413904
4,206,500,1791064758274394628,1791064758288835796,14441569
5,206,500,1791064758274394628,1791064758290003648,15609411
6,206,500,1791064758274394628,1791064758291165622,16771385
7,206,500,1791064758274394628,1791064758292194598,17800361
8,206,500,1791064758274394628,1791064758293231937,18837710
9,206,500,1791064758274394628,1791064758294281874,19887637
10,206,500,1791064758274394628,1791064758295301967,20907720
11,206,500,1791064758274394628,1791064758296323172,21928925
12,206,500,1791064758274394628,1791064758297349985,22955748
13,206,500,1791064758274394628,1791064758298472800,24078564
14,206,500,1791064758274394628,1791064758299496449,25102222
15,206,500,1791064758274394628,1791064758300523473,26129226
16,206,500,1791064758274394628,1791064758302632511,28238364
17,206,500,1791064758274394628,1791064758303961292,29567145
18,206,500,1791064758274394628,1791064758309598313,35204157
19,206,500,1791064758274394628,1791064758310681270,36287033
0,207,500,1791064758374394628,1791064758376552761,2158894
1,207,500,1791064758374394628,1791064758377808884,3414687
2,207,500,1791064758374394628,1791064758390854756,16460839
3,207,500,1791064758374394628,1791064758392477513,18083366
4,207,500,1791064758374394628,1791064758403662890,29269093
5,207,500,1791064758374394628,1791064758406838841,32444714
6,207,500,1791064758374394628,1791064758413625798,39232062
7,207,500,1791064758374394628,1791064758423341109,48947243
8,207,500,1791064758374394628,1791064758425518699,51124633
9,207,500,1791064758374394628,1791064758434921367,60527560
10,207,500,1791064758374394628,1791064758443226316,68832620
11,207,500,1791064758374394628,1791064758447070098,72675951
12,207,500,1791064758374394628,1791064758448634258,74240121
13,207,500,1791064758374394628,1791064758457484396,83090760
14,207,500,1791064758374394628,1791064758466474992,92081066
15,207,500,1791064758374394628,1791064758467915369,93521132
16,207,500,1791064758374394628,1791064758483742566,109348860
17,207,500,1791064758374394628,1791064758485066069,110671822
18,207,500,1791064758374394628,1791064758499304860,124911234
19,207,500,1791064758374394628,1791064758505631855,131237729
0,208,500,1791064758474394628,1791064758514737332,40343426
1,208,500,1791064758474394628,1791064758516942413,42548296
2,208,500,1791064758474394628,1791064758523357459,48963603
3,208,500,1791064758474394628,1791064758524742363,50348126
4,208,500,1791064758474394628,1791064758526028130,51634014
5,208,500,1791064758474394628,1791064758527377963,52983736
6,208,500,1791064758474394628,1791064758536995769,62602093
7,208,500,1791064758474394628,1791064758540067155,65673469
8,208,500,1791064758474394628,1791064758552661276,78267620
9,208,500,1791064758474394628,1791064758553690313,79296076
10,208,500,1791064758474394628,1791064758566709815,92315919
11,208,500,1791064758474394628,1791064758568407664,94013457
12,208,500,1791064758474394628,1791064758569503500,95109263
13,208,500,1791064758474394628,1791064758580143403,105749616
14,208,500,1791064758474394628,1791064758581561566,107167429
15,208,500,1791064758474394628,1791064758592700068,118306462
16,208,500,1791064758474394628,1791064758594887583,120493446
17,208,500,1791064758474394628,1791064758601431621,127037824
18,208,500,1791064758474394628,1791064758607272615,132878628
19,208,500,1791064758474394628,1791064758609437846,135043699
0,209,500,1791064758574394628,1791064758611725660,37331623
1,209,500,1791064758574394628,1791064758613277803,38883566
2,209,500,1791064758574394628,1791064758614959627,40565410
3,209,500,1791064758574394628,1791064758617341881,42947724
4,209,500,1791064758574394628,1791064758622638708,48244721
5,209,500,1791064758574394628,1791064758624984818,50590651
6,209,500,1791064758574394628,1791064758631489537,57095720
7,209,500,1791064758574394628,1791064758636629381,62235384
8,209,500,1791064758574394628,1791064758638017400,63623183
9,209,500,1791064758574394628,1791064758639320253,64926016
10,209,500,1791064758574394628,1791064758640640892,66246675
11,209,500,1791064758574394628,1791064758642014519,67620352
12,209,500,1791064758574394628,1791064758643290812,68896575
13,209,500,1791064758574394628,1791064758644535328,70141091
14,209,500,1791064758574394628,1791064758646637647,72243530
15,209,500,1791064758574394628,1791064758648358580,73964373
16,209,500,1791064758574394628,1791064758650440037,76045860
17,209,500,1791064758574394628,1791064758651608500,77214253
18,209,500,1791064758574394628,1791064758653432446,79038289
19,209,500,1791064758574394628,1791064758654960412,80566326
0,210,500,1791064758674394628,1791064758676092078,1698152
1,210,500,1791064758674394628,1791064758677655898,3261661
2,210,500,1791064758674394628,1791064758678991980,4597733
3,210,500,1791064758674394628,1791064758680250616,5856380
4,210,500,1791064758674394628,1791064758681739174,7344927
5,210,500,1791064758674394628,1791064758683117649,8723412
6,210,500,1791064758674394628,1791064758684553479,10159242
7,210,500,1791064758674394628,1791064758686159191,11765085
8,210,500,1791064758674394628,1791064758687631335,13237098
9,210,500,1791064758674394628,1791064758689057180,14662943
10,210,500,1791064758674394628,1791064758690498768,16104531
11,210,500,1791064758674394628,1791064758692038312,17644075
12,210,500,1791064758674394628,1791064758693512518,19118292
13,210,500,1791064758674394628,1791064758694849692,20455545
14,210,500,1791064758674394628,1791064758696733647,22339410
15,210,500,1791064758674394628,1791064758698476893,24082656
16,210,500,1791064758674394628,1791064758701339048,26944901
17,210,500,1791064758674394628,1791064758703057808,28663641
18,210,500,1791064758674394628,1791064758704458856,30064639
19,210,500,1791064758674394628,1791064758705886494,31492327
0,211,500,1791064758774394628,1791064758775740362,1346495
1,211,500,1791064758774394628,1791064758777027341,2633094
2,211,500,1791064758774394628,1791064758778287580,3893393
3,211,500,1791064758774394628,1791064758779707336,5313099
4,211,500,1791064758774394628,1791064758780901878,6507641
5,211,500,1791064758774394628,1791064758782053977,7659730
6,211,500,1791064758774394628,1791064758783269880,8875633
7,211,500,1791064758774394628,1791064758784601966,10207719
8,211,500,1791064758774394628,1791064758786127629,11733463
9,211,500,1791064758774394628,1791064758788254965,13860818
10,211,500,1791064758774394628,1791064758789682032,15287795
11,211,500,1791064758774394628,1791064758791047017,16652790
12,211,500,1791064758774394628,1791064758793164428,18770181
13,211,500,1791064758774394628,1791064758795042563,20648327
14,211,500,1791064758774394628,1791064758796817005,22422769
15,211,500,1791064758774394628,1791064758798917541,24523324
16,211,500,1791064758774394628,1791064758800370196,25975979
17,211,500,1791064758774394628,1791064758801544488,27150261
18,211,500,1791064758774394628,1791064758802823986,28429749
19,211,500,1791064758774394628,1791064758804033981,29639744
0,212,500,1791064758874394628,1791064758876041724,1647837
1,212,500,1791064758874394628,1791064758877241403,2847166
2,212,500,1791064758874394628,1791064758878596273,4202036
3,212,500,1791064758874394628,1791064758879913978,5519751
4,212,500,1791064758874394628,1791064758881257411,6863184
5,212,500,1791064758874394628,1791064758890888046,16494320
6,212,500,1791064758874394628,1791064758895533217,21139220
7,212,500,1791064758874394628,1791064758896786606,22392359
8,212,500,1791064758874394628,1791064758899783942,25389945
9,212,500,1791064758874394628,1791064758901093254,26699007
10,212,500,1791064758874394628,1791064758905383628,30989622
11,212,500,1791064758874394628,1791064758906727121,32332884
12,212,500,1791064758874394628,1791064758908245503,33851327
13,212,500,1791064758874394628,1791064758909393466,34999259
14,212,500,1791064758874394628,1791064758910583061,36188824
15,212,500,1791064758874394628,1791064758912327739,37933522
16,212,500,1791064758874394628,1791064758913544333,39150096
17,212,500,1791064758874394628,1791064758918959566,44565409
18,212,500,1791064758874394628,1791064758920230792,45836575
19,212,500,1791064758874394628,1791064758921421338,47027101
0,213,500,1791064758974394628,1791064758975697168,1303252
1,213,500,1791064758974394628,1791064758977588474,3194347
2,213,500,1791064758974394628,1791064758978677209,4282962
3,213,500,1791064758974394628,1791064758980301318,5907141
4,213,500,1791064758974394628,1791064758981482269,7088062
5,213,500,1791064758974394628,1791064758982875796,8481620
6,213,500,1791064758974394628,1791064758984013504,9619267
7,213,500,1791064758974394628,1791064758985127407,10733160
8,213,500,1791064758974394628,1791064758986354016,11959809
9,213,500,1791064758974394628,1791064758987458014,13063787
10,213,500,1791064758974394628,1791064758988549713,14155476
11,213,500,1791064758974394628,1791064758989631077,15236840
12,213,500,1791064758974394628,1791064758990737488,16343241
13,213,500,1791064758974394628,1791064758991839443,17445196
14,213,500,1791064758974394628,1791064758992919605,18525368
15,213,500,1791064758974394628,1791064758994105774,19711537
16,213,500,1791064758974394628,1791064758995236762,20842525
17,213,500,1791064758974394628,1791064758996336884,21942657
18,213,500,1791064758974394628,1791064758997412590,23018353
19,213,500,1791064758974394628,1791064758998517088,24122851
0,214,500,1791064759074394628,1791064759075646438,1252561
1,214,500,1791064759074394628,1791064759076860539,2466302
2,214,500,1791064759074394628,1791064759077921062,3526815
3,214,500,1791064759074394628,1791064759078968085,4573848
4,214,500,1791064759074394628,1791064759080015589,5621342
5,214,500,1791064759074394628,1791064759081096122,6701885
6,214,500,1791064759074394628,1791064759082166430,7772183
7,214,500,1791064759074394628,1791064759083244258,8850021
8,214,500,1791064759074394628,1791064759084295047,9900800
9,214,500,1791064759074394628,1791064759085344454,10950217
10,214,500,1791064759074394628,1791064759086404406,12010169
11,214,500,1791064759074394628,1791064759087449466,13055219
12,214,500,1791064759074394628,1791064759088507095,14112858
13,214,500,1791064759074394628,1791064759089552015,15157768
14,214,500,1791064759074394628,1791064759090722411,16328174
15,214,500,1791064759074394628,1791064759091789825,17395588
16,214,500,1791064759074394628,1791064759092865771,18471534
17,214,500,1791064759074394628,1791064759094005231,19611054
18,214,500,1791064759074394628,1791064759095170129,20775892
19,214,500,1791064759074394628,1791064759096278372,21884125
0,215,500,1791064759174394628,1791064759175603660,1209914
1,215,500,1791064759174394628,1791064759176640688,2246451
2,215,500,1791064759174394628,1791064759177863752,3469525
3,215,500,1791064759174394628,1791064759178937485,4543248
4,215,500,1791064759174394628,1791064759180023416,5629179
5,215,500,1791064759174394628,1791064759181155655,6761418
6,215,500,1791064759174394628,1791064759182268185,7873949
7,215,500,1791064759174394628,1791064759183290492,8896245
8,215,500,1791064759174394628,1791064759184312738,9918502
9,215,500,1791064759174394628,1791064759185340824,10946577
10,215,500,1791064759174394628,1791064759186373125,11978888
11,215,500,1791064759174394628,1791064759187389583,12995346
12,215,500,1791064759174394628,1791064759188428774,14034537
13,215,500,1791064759174394628,1791064759189451942,15057805
14,215,500,1791064759174394628,1791064759190528258,16134021
15,215,500,1791064759174394628,1791064759191545978,17151741
16,215,500,1791064759174394628,1791064759192560943,18166696
17,215,500,1791064759174394628,1791064759193619744,19225507
18,215,500,1791064759174394628,1791064759194662551,20268314
19,215,500,1791064759174394628,1791064759195743925,21349708
0,216,500,1791064759274394628,1791064759275838604,1444757
1,216,500,1791064759274394628,1791064759277130039,2735802
2,216,500,1791064759274394628,1791064759278300305,3906058
3,216,500,1791064759274394628,1791064759279386506,4992270
4,216,500,1791064759274394628,1791064759280475832,6081595
5,216,500,1791064759274394628,1791064759281563996,7169759
6,216,500,1791064759274394628,1791064759282672781,8278614
7,216,500,1791064759274394628,1791064759283789167,9394930
8,216,500,1791064759274394628,1791064759284885713,10491466
9,216,500,1791064759274394628,1791064759285991654,11597417
10,216,500,1791064759274394628,1791064759287081741,12687504
11,216,500,1791064759274394628,1791064759288316302,13922136
12,216,500,1791064759274394628,1791064759289465197,15070960
13,216,500,1791064759274394628,1791064759290640660,16246433
14,216,500,1791064759274394628,1791064759292038063,17643826
15,216,500,1791064759274394628,1791064759293170443,18776196
16,216,500,1791064759274394628,1791064759294473696,20079459
17,216,500,1791064759274394628,1791064759295699684,21305447
18,216,500,1791064759274394628,1791064759296829350,22435113
19,216,500,1791064759274394628,1791064759297885757,23491510
0,217,500,1791064759374394628,1791064759376006037,1612121
1,217,500,1791064759374394628,1791064759378682387,4288210
2,217,500,1791064759374394628,1791064759380566823,6172656
3,217,500,1791064759374394628,1791064759382083182,7688955
4,217,500,1791064759374394628,1791064759383538821,9144574
5,217,500,1791064759374394628,1791064759385015642,10621405
6,217,500,1791064759374394628,1791064759386533092,12138856
7,217,500,1791064759374394628,1791064759387712722,13318485
8,217,500,1791064759374394628,1791064759388804001,14409764
9,217,500,1791064759374394628,1791064759389834349,15440112
10,217,500,1791064759374394628,1791064759390898568,16504331
11,217,500,1791064759374394628,1791064759392330803,17936556
12,217,500,1791064759374394628,1791064759394461163,20066956
13,217,500,1791064759374394628,1791064759399189516,24795370
14,217,500,1791064759374394628,1791064759400231081,25836834
15,217,500,1791064759374394628,1791064759401583467,27189230
16,217,500,1791064759374394628,1791064759403468464,29074257
17,217,500,1791064759374394628,1791064759405006936,30612749
18,217,500,1791064759374394628,1791064759407592631,33198454
19,217,500,1791064759374394628,1791064759408972669,34578452
0,218,500,1791064759474394628,1791064759481959358,7565622
1,218,500,1791064759474394628,1791064759483645991,9251844
2,218,500,1791064759474394628,1791064759485068682,10674445
3,218,500,1791064759474394628,1791064759487514781,13120684
4,218,500,1791064759474394628,1791064759489319289,14925042
5,218,500,1791064759474394628,1791064759490685366,16291119
6,218,500,1791064759474394628,1791064759492252742,17858515
7,218,500,1791064759474394628,1791064759493381807,18987590
8,218,500,1791064759474394628,1791064759496104632,21710756
9,218,500,1791064759474394628,1791064759497334477,22940240
10,218,500,1791064759474394628,1791064759501007117,26612990
11,218,500,1791064759474394628,1791064759504647588,30253712
12,218,500,1791064759474394628,1791064759505745617,31351370
13,218,500,1791064759474394628,1791064759514235785,39841639
14,218,500,1791064759474394628,1791064759521727091,47332995
15,218,500,1791064759474394628,1791064759532317476,57923319
16,218,500,1791064759474394628,1791064759533434793,59040546
17,218,500,1791064759474394628,1791064759535856947,61462901
18,218,500,1791064759474394628,1791064759539507013,65112927
19,218,500,1791064759474394628,1791064759544136813,69742697
0,219,500,1791064759574394628,1791064759578572209,4178313
1,219,500,1791064759574394628,1791064759579717168,5323001
2,219,500,1791064759574394628,1791064759580927304,6533057
3,219,500,1791064759574394628,1791064759582861935,8467768
4,219,500,1791064759574394628,1791064759593866493,19472487
5,219,500,1791064759574394628,1791064759599872175,25478068
6,219,500,1791064759574394628,1791064759609928136,35534079
7,219,500,1791064759574394628,1791064759617618427,43224280
8,219,500,1791064759574394628,1791064759618646382,44252145
9,219,500,1791064759574394628,1791064759619660337,45266090
10,219,500,1791064759574394628,1791064759620675734,46281497
11,219,500,1791064759574394628,1791064759646335929,71942022
12,219,500,1791064759574394628,1791064759648344669,73950432
13,219,500,1791064759574394628,1791064759653609722,79215575
14,219,500,1791064759574394628,1791064759658408753,84014606
15,219,500,1791064759574394628,1791064759659512130,85117903
16,219,500,1791064759574394628,1791064759660624881,86230644
17,219,500,1791064759574394628,1791064759661824461,87430244
18,219,500,1791064759574394628,1791064759663207063,88812836
19,219,500,1791064759574394628,1791064759664821148,90426951
0,220,500,1791064759674394628,1791064759676222465,1828318
1,220,500,1791064759674394628,1791064759677226214,2831978
2,220,500,1791064759674394628,1791064759686255202,11861085
3,220,500,1791064759674394628,1791064759688332905,13938668
4,220,500,1791064759674394628,1791064759689337886,14943649
5,220,500,1791064759674394628,1791064759698110032,23715896
6,220,500,1791064759674394628,1791064759700655529,26261382
7,220,500,1791064759674394628,1791064759701682032,27287785
8,220,500,1791064759674394628,1791064759717872697,43478670
9,220,500,1791064759674394628,1791064759719856741,45462544
10,220,500,1791064759674394628,1791064759720938456,46544219
11,220,500,1791064759674394628,1791064759723387520,48993353
12,220,500,1791064759674394628,1791064759725729184,51335018
13,220,500,1791064759674394628,1791064759726971077,52576840
14,220,500,1791064759674394628,1791064759728203436,53809189
15,220,500,1791064759674394628,1791064759729384969,54990722
16,220,500,1791064759674394628,1791064759742243088,67848941
17,220,500,1791064759674394628,1791064759746042115,71647968
18,220,500,1791064759674394628,1791064759747171721,72777474
19,220,500,1791064759674394628,1791064759750303258,75909111
0,221,500,1791064759774394628,1791064759779916749,5522933
1,221,500,1791064759774394628,1791064759781063511,6669264
2,221,500,1791064759774394628,1791064759792822288,18428352
3,221,500,1791064759774394628,1791064759793982029,19587792
4,221,500,1791064759774394628,1791064759795596024,21201867
5,221,500,1791064759774394628,1791064759796866269,22472052
6,221,500,1791064759774394628,1791064759816562535,42168759
7,221,500,1791064759774394628,1791064759836263758,61869982
8,221,500,1791064759774394628,1791064759852218622,77824626
9,221,500,1791064759774394628,1791064759859161785,84767638
10,221,500,1791064759774394628,1791064759860332201,85937954
11,221,500,1791064759774394628,1791064759861568546,87174569
12,221,500,1791064759774394628,1791064759888190498,113796692
13,221,500,1791064759774394628,1791064759896007968,121613841
14,221,500,1791064759774394628,1791064759897483568,123089341
15,221,500,1791064759774394628,1791064759899705655,125311468
16,221,500,1791064759774394628,1791064759900766719,126372482
17,221,500,1791064759774394628,1791064759901952669,127558452
18,221,500,1791064759774394628,1791064759903396972,129002735
19,221,500,1791064759774394628,1791064759904615400,130221163
0,222,500,1791064759874394628,1791064759907220345,32826238
1,222,500,1791064759874394628,1791064759908248991,33854754
2,222,500,1791064759874394628,1791064759909415883,35021676
3,222,500,1791064759874394628,1791064759910436978,36042741
4,222,500,1791064759874394628,1791064759911480126,37085879
5,222,500,1791064759874394628,1791064759912590363,38196116
6,222,500,1791064759874394628,1791064759913618909,39224672
7,222,500,1791064759874394628,1791064759914879139,40484943
8,222,500,1791064759874394628,1791064759916485133,42091146
9,222,500,1791064759874394628,1791064759917608920,43214683
10,222,500,1791064759874394628,1791064759929434427,55040280
11,222,500,1791064759874394628,1791064759930489192,56094955
12,222,500,1791064759874394628,1791064759932118079,57723952
13,222,500,1791064759874394628,1791064759933161557,58767310
14,222,500,1791064759874394628,1791064759934327117,59932900
15,222,500,1791064759874394628,1791064759935962994,61568837
16,222,500,1791064759874394628,1791064759937333448,62939281
17,222,500,1791064759874394628,1791064759940043519,65649372
18,222,500,1791064759874394628,1791064759941126115,66731878
19,222,500,1791064759874394628,1791064759942232908,67838671
0,223,500,1791064759974394628,1791064759977534058,3140452
1,223,500,1791064759974394628,1791064759982959949,8565833
2,223,500,1791064759974394628,1791064759984335120,9940883
3,223,500,1791064759974394628,1791064759985750340,11356103
4,223,500,1791064759974394628,1791064759987962472,13568315
5,223,500,1791064759974394628,1791064759990840773,16446626
6,223,500,1791064759974394628,1791064759992262873,17868696
7,223,500,1791064759974394628,1791064759993401483,19007246
8,223,500,1791064759974394628,1791064759994598519,20204302
9,223,500,1791064759974394628,1791064759995902043,21507826
10,223,500,1791064759974394628,1791064759997784676,23390479
11,223,500,1791064759974394628,1791064759999157774,24763767
12,223,500,1791064759974394628,1791064760002667111,28272975
13,223,500,1791064759974394628,1791064760003842385,29448148
14,223,500,1791064759974394628,1791064760007523437,33129290
15,223,500,1791064759974394628,1791064760008693914,34299667
16,223,500,1791064759974394628,1791064760010978224,36584097
17,223,500,1791064759974394628,1791064760016926279,42532142
18,223,500,1791064759974394628,1791064760020238514,45844347
19,223,500,1791064759974394628,1791064760021523020,47128803
0,224,500,1791064760074394628,1791064760079147825,4753929
1,224,500,1791064760074394628,1791064760080378882,5984645
2,224,500,1791064760074394628,1791064760081559644,7165397
3,224,500,1791064760074394628,1791064760086637388,12243532
4,224,500,1791064760074394628,1791064760087646215,13251978
5,224,500,1791064760074394628,1791064760088726538,14332311
6,224,500,1791064760074394628,1791064760089742726,15348479
7,224,500,1791064760074394628,1791064760093552349,19158202
8,224,500,1791064760074394628,1791064760094571742,20177495
9,224,500,1791064760074394628,1791064760095564334,21170087
10,224,500,1791064760074394628,1791064760096776583,22382376
11,224,500,1791064760074394628,1791064760097773342,23379105
12,224,500,1791064760074394628,1791064760106172465,31778318
13,224,500,1791064760074394628,1791064760107285336,32891089
14,224,500,1791064760074394628,1791064760108414502,34020265
15,224,500,1791064760074394628,1791064760109492641,35098404
16,224,500,1791064760074394628,1791064760112861090,38466933
17,224,500,1791064760074394628,1791064760114070675,39676548
18,224,500,1791064760074394628,1791064760115245257,40851020
19,224,500,1791064760074394628,1791064760116588050,42193813
0,225,500,1791064760174394628,1791064760178988681,4594765
1,225,500,1791064760174394628,1791064760180049415,5655168
2,225,500,1791064760174394628,1791064760185212557,10818440
3,225,500,1791064760174394628,1791064760188286067,13891960
4,225,500,1791064760174394628,1791064760190786297,16392150
5,225,500,1791064760174394628,1791064760191841513,17447276
6,225,500,1791064760174394628,1791064760192846284,18452047
7,225,500,1791064760174394628,1791064760213649982,39256236
8,225,500,1791064760174394628,1791064760214713190,40318943
9,225,500,1791064760174394628,1791064760215919550,41525313
10,225,500,1791064760174394628,1791064760217030639,42636392
11,225,500,1791064760174394628,1791064760249663600,75269794
12,225,500,1791064760174394628,1791064760250916980,76522763
13,225,500,1791064760174394628,1791064760252188487,77794270
14,225,500,1791064760174394628,1791064760253412513,79018266
15,225,500,1791064760174394628,1791064760265039035,90644888
16,225,500,1791064760174394628,1791064760273420671,99026515
17,225,500,1791064760174394628,1791064760274783764,100389597
18,225,500,1791064760174394628,1791064760275908333,101514096
19,225,500,1791064760174394628,1791064760278549101,104154955
0,226,500,1791064760274394628,1791064760279643966,5249729
1,226,500,1791064760274394628,1791064760280711510,6317263
2,226,500,1791064760274394628,1791064760281729160,7335043
3,226,500,1791064760274394628,1791064760292442927,18049041
4,226,500,1791064760274394628,1791064760296683910,22289804
5,226,500,1791064760274394628,1791064760317886672,43492915
6,226,500,1791064760274394628,1791064760319526495,45132248
7,226,500,1791064760274394628,1791064760321302830,46908643
8,226,500,1791064760274394628,1791064760368724876,94331020
9,226,500,1791064760274394628,1791064760382889204,108495247
10,226,500,1791064760274394628,1791064760384615775,110221528
11,226,500,1791064760274394628,1791064760399282178,124888291
12,226,500,1791064760274394628,1791064760403076448,128682331
13,226,500,1791064760274394628,1791064760404858021,130463865
14,226,500,1791064760274394628,1791064760409380833,134986726
15,226,500,1791064760274394628,1791064760410534555,136140318
16,226,500,1791064760274394628,1791064760411661787,137267540
17,226,500,1791064760274394628,1791064760413734683,139340446
18,226,500,1791064760274394628,1791064760416455991,142061844
19,226,500,1791064760274394628,1791064760418669425,144275188
0,227,500,1791064760374394628,1791064760421349672,46955575
1,227,500,1791064760374394628,1791064760423474205,49080068
2,227,500,1791064760374394628,1791064760425343318,50949091
3,227,500,1791064760374394628,1791064760428283531,53889564
4,227,500,1791064760374394628,1791064760430190721,55796484
5,227,500,1791064760374394628,1791064760431962520,57568283
6,227,500,1791064760374394628,1791064760433916800,59522553
7,227,500,1791064760374394628,1791064760435450866,61056739
8,227,500,1791064760374394628,1791064760436827578,62433341
9,227,500,1791064760374394628,1791064760438041550,63647303
10,227,500,1791064760374394628,1791064760439324163,64929926
11,227,500,1791064760374394628,1791064760440829687,66435450
12,227,500,1791064760374394628,1791064760442263655,67869498
13,227,500,1791064760374394628,1791064760443387272,68993035
14,227,500,1791064760374394628,1791064760444601894,70207717
15,227,500,1791064760374394628,1791064760446623594,72229417
16,227,500,1791064760374394628,1791064760447798167,73403930
17,227,500,1791064760374394628,1791064760448951468,74557232
18,227,500,1791064760374394628,1791064760450275954,75881827
19,227,500,1791064760374394628,1791064760451336117,76941870
0,228,500,1791064760474394628,1791064760475580471,1186414
1,228,500,1791064760474394628,1791064760477122018,2727821
2,228,500,1791064760474394628,1791064760478360055,3965818
3,228,500,1791064760474394628,1791064760479540207,5145960
4,228,500,1791064760474394628,1791064760480630414,6236167
5,228,500,1791064760474394628,1791064760482015840,7621603
6,228,500,1791064760474394628,1791064760483810082,9415845
7,228,500,1791064760474394628,1791064760484994330,10600093
8,228,500,1791064760474394628,1791064760486142323,11748086
9,228,500,1791064760474394628,1791064760487329444,12935197
10,228,500,1791064760474394628,1791064760488411580,14017343
11,228,500,1791064760474394628,1791064760489794041,15399804
12,228,500,1791064760474394628,1791064760490934574,16540337
13,228,500,1791064760474394628,1791064760492261342,17867136
14,228,500,1791064760474394628,1791064760493708870,19314634
15,228,500,1791064760474394628,1791064760495137070,20742853
16,228,500,1791064760474394628,1791064760497044450,22650213
17,228,500,1791064760474394628,1791064760498980162,24585915
18,228,500,1791064760474394628,1791064760500186923,25792686
19,228,500,1791064760474394628,1791064760501617325,27223088
0,229,500,1791064760574394628,1791064760576354667,1960811
1,229,500,1791064760574394628,1791064760578282478,3888301
2,229,500,1791064760574394628,1791064760580118241,5724005
3,229,500,1791064760574394628,1791064760581640560,7246363
4,229,500,1791064760574394628,1791064760582986988,8592821
5,229,500,1791064760574394628,1791064760584140900,9746664
6,229,500,1791064760574394628,1791064760585232631,10838394
7,229,500,1791064760574394628,1791064760586864722,12470485
8,229,500,1791064760574394628,1791064760588243248,13849001
9,229,500,1791064760574394628,1791064760589982248,15588011
10,229,500,1791064760574394628,1791064760591235648,16841401
11,229,500,1791064760574394628,1791064760592432244,18038007
12,229,500,1791064760574394628,1791064760593681658,19287421
13,229,500,1791064760574394628,1791064760595010970,20616733
14,229,500,1791064760574394628,1791064760596269628,21875391
15,229,500,1791064760574394628,1791064760597771186,23376949
16,229,500,1791064760574394628,1791064760599297420,24903183
17,229,500,1791064760574394628,1791064760601584103,27189886
18,229,500,1791064760574394628,1791064760603045572,28651335
19,229,500,1791064760574394628,1791064760604693337,30299100
0,230,500,1791064760674394628,1791064760675826120,1432274
1,230,500,1791064760674394628,1791064760677217244,2822998
2,230,500,1791064760674394628,1791064760678558635,4164398
3,230,500,1791064760674394628,1791064760679770874,5376637
4,230,500,1791064760674394628,1791064760681210179,6815962
5,230,500,1791064760674394628,1791064760685921320,11527173
6,230,500,1791064760674394628,1791064760687285514,12891277
7,230,500,1791064760674394628,1791064760689838843,15444816
8,230,500,1791064760674394628,1791064760691624602,17230365
9,230,500,1791064760674394628,1791064760693083687,18689460
10,230,500,1791064760674394628,1791064760694354152,19959925
11,230,500,1791064760674394628,1791064760695715462,21321226
12,230,500,1791064760674394628,1791064760697076622,22682385
13,230,500,1791064760674394628,1791064760698317393,23923156
14,230,500,1791064760674394628,1791064760699625024,25230787
15,230,500,1791064760674394628,1791064760700786938,26392701
16,230,500,1791064760674394628,1791064760702690652,28296405
17,230,500,1791064760674394628,1791064760704205530,29811303
18,230,500,1791064760674394628,1791064760705576805,31182578
19,230,500,1791064760674394628,1791064760706837576,32443369
0,231,500,1791064760774394628,1791064760775715398,1321612
1,231,500,1791064760774394628,1791064760776837824,2443587
2,231,500,1791064760774394628,1791064760777943054,3548817
3,231,500,1791064760774394628,1791064760779371724,4977537
4,231,500,1791064760774394628,1791064760780489022,6094785
5,231,500,1791064760774394628,1791064760781630325,7236088
6,231,500,1791064760774394628,1791064760782838928,8444711
7,231,500,1791064760774394628,1791064760783979250,9585013
8,231,500,1791064760774394628,1791064760785268363,10874166
9,231,500,1791064760774394628,1791064760786405240,12011103
10,231,500,1791064760774394628,1791064760787478122,13083885
11,231,500,1791064760774394628,1791064760788586186,14191949
12,231,500,1791064760774394628,1791064760789691767,15297530
13,231,500,1791064760774394628,1791064760791080367,16686130
14,231,500,1791064760774394628,1791064760792160991,17766754
15,231,500,1791064760774394628,1791064760793282084,18887847
16,231,500,1791064760774394628,1791064760794460753,20066606
17,231,500,1791064760774394628,1791064760795563179,21168942
18,231,500,1791064760774394628,1791064760796661468,22267241
19,231,500,1791064760774394628,1791064760797909069,23514963
0,232,500,1791064760874394628,1791064760875983799,1589872
1,232,500,1791064760874394628,1791064760877198561,2804344
2,232,500,1791064760874394628,1791064760878886195,4492189
3,232,500,1791064760874394628,1791064760880036542,5642295
4,232,500,1791064760874394628,1791064760881182313,6788076
5,232,500,1791064760874394628,1791064760882316606,7922369
6,232,500,1791064760874394628,1791064760883448986,9054739
7,232,500,1791064760874394628,1791064760884529479,10135312
8,232,500,1791064760874394628,1791064760885627799,11233562
9,232,500,1791064760874394628,1791064760886744696,12350459
10,232,500,1791064760874394628,1791064760888095080,13700873
11,232,500,1791064760874394628,1791064760889260078,14865841
12,232,500,1791064760874394628,1791064760890385869,15991632
13,232,500,1791064760874394628,1791064760891468876,17074639
14,232,500,1791064760874394628,1791064760892583670,18189423
15,232,500,1791064760874394628,1791064760893665666,19271429
16,232,500,1791064760874394628,1791064760894832227,20437990
17,232,500,1791064760874394628,1791064760895913791,21519554
18,232,500,1791064760874394628,1791064760897241702,22847455
19,232,500,1791064760874394628,1791064760898367041,23972805
0,233,500,1791064760974394628,1791064760976028888,1634992
1,233,500,1791064760974394628,1791064760977228468,2834231
2,233,500,1791064760974394628,1791064760978508898,4114671
3,233,500,1791064760974394628,1791064760979790409,5396162
4,233,500,1791064760974394628,1791064760981013744,6619508
5,233,500,1791064760974394628,1791064760982248036,7853799
6,233,500,1791064760974394628,1791064760983484431,9090194
7,233,500,1791064760974394628,1791064760984690050,10295813
8,233,500,1791064760974394628,1791064760985918192,11523955
9,233,500,1791064760974394628,1791064760987125814,12731577
10,233,500,1791064760974394628,1791064760988332334,13938097
11,233,500,1791064760974394628,1791064760989549079,15154843
12,233,500,1791064760974394628,1791064760990824702,16430465
13,233,500,1791064760974394628,1791064760992056090,17661953
14,233,500,1791064760974394628,1791064760993264613,18870386
15,233,500,1791064760974394628,1791064760994518343,20124106
16,233,500,1791064760974394628,1791064760995717603,21323366
17,233,500,1791064760974394628,1791064760996950372,22556135
18,233,500,1791064760974394628,1791064760998223942,23829695
19,233,500,1791064760974394628,1791064760999427437,25033190
0,234,500,1791064761074394628,1791064761075738489,1344583
1,234,500,1791064761074394628,1791064761077027552,2633335
2,234,500,1791064761074394628,1791064761078227913,3833676
3,234,500,1791064761074394628,1791064761079349307,4955070
4,234,500,1791064761074394628,1791064761080497731,6103484
5,234,500,1791064761074394628,1791064761081612425,7218188
6,234,500,1791064761074394628,1791064761082720259,8326022
7,234,500,1791064761074394628,1791064761083829265,9435018
8,234,500,1791064761074394628,1791064761084925512,10531275
9,234,500,1791064761074394628,1791064761086044822,11650586
10,234,500,1791064761074394628,1791064761087154729,12760603
11,234,500,1791064761074394628,1791064761088263545,13869298
12,234,500,1791064761074394628,1791064761089437787,15043540
13,234,500,1791064761074394628,1791064761090579891,16185644
14,234,500,1791064761074394628,1791064761091679283,17285106
15,234,500,1791064761074394628,1791064761092786496,18392259
16,234,500,1791064761074394628,1791064761093904314,19510067
17,234,500,1791064761074394628,1791064761095472591,21078404
18,234,500,1791064761074394628,1791064761096579934,22185698
19,234,500,1791064761074394628,1791064761097697383,23303146
0,235,500,1791064761174394628,1791064761175562891,1168975
1,235,500,1791064761174394628,1791064761176624106,2229869
2,235,500,1791064761174394628,1791064761177637189,3242952
3,235,500,1791064761174394628,1791064761178804872,4410655
4,235,500,1791064761174394628,1791064761179826047,5431830
5,235,500,1791064761174394628,1791064761181041761,6647544
6,235,500,1791064761174394628,1791064761182098539,7704302
7,235,500,1791064761174394628,1791064761183142388,8748151
8,235,500,1791064761174394628,1791064761184232605,9838358
9,235,500,1791064761174394628,1791064761185324646,10930459
10,235,500,1791064761174394628,1791064761186453601,12059364
11,235,500,1791064761174394628,1791064761187546873,13152626
12,235,500,1791064761174394628,1791064761188645413,14251176
13,235,500,1791064761174394628,1791064761194163000,19768864
14,235,500,1791064761174394628,1791064761195256213,20861976
15,235,500,1791064761174394628,1791064761198892739,24498582
16,235,500,1791064761174394628,1791064761200129294,25735057
17,235,500,1791064761174394628,1791064761209261594,34867437
18,235,500,1791064761174394628,1791064761210494884,36100647
19,235,500,1791064761174394628,1791064761211565493,37171256
0,236,500,1791064761274394628,1791064761279225418,4831542
1,236,500,1791064761274394628,1791064761280394092,5999915
2,236,500,1791064761274394628,1791064761281520904,7126667
3,236,500,1791064761274394628,1791064761282966629,8572503
4,236,500,1791064761274394628,1791064761284005701,9611464
5,236,500,1791064761274394628,1791064761285049270,10655033
6,236,500,1791064761274394628,1791064761286188851,11794614
7,236,500,1791064761274394628,1791064761287210036,12815799
8,236,500,1791064761274394628,1791064761288235598,13841361
9,236,500,1791064761274394628,1791064761290257488,15863301
10,236,500,1791064761274394628,1791064761294851134,20456977
11,236,500,1791064761274394628,1791064761295877427,21483180
12,236,500,1791064761274394628,1791064761296952402,22558165
13,236,500,1791064761274394628,1791064761299344641,24950555
14,236,500,1791064761274394628,1791064761300438064,26043817
15,236,500,1791064761274394628,1791064761301483265,27089028
16,236,500,1791064761274394628,1791064761308011171,33617014
17,236,500,1791064761274394628,1791064761309107788,34713561
18,236,500,1791064761274394628,1791064761314599657,40205500
19,236,500,1791064761274394628,1791064761320267868,45873761
0,237,500,1791064761374394628,1791064761380836831,6443215
1,237,500,1791064761374394628,1791064761383866096,9472050
2,237,500,1791064761374394628,1791064761384983885,10589648
3,237,500,1791064761374394628,1791064761386396551,12002354
4,237,500,1791064761374394628,1791064761394080903,19686787
5,237,500,1791064761374394628,1791064761398654379,24260283
6,237,500,1791064761374394628,1791064761406798544,32404407
7,237,500,1791064761374394628,1791064761409537077,35142881
8,237,500,1791064761374394628,1791064761411667649,37273452
9,237,500,1791064761374394628,1791064761413177259,38783052
10,237,500,1791064761374394628,1791064761418893350,44499244
11,237,500,1791064761374394628,1791064761423481098,49086951
12,237,500,1791064761374394628,1791064761429806163,55412147
13,237,500,1791064761374394628,1791064761430822161,56427924
14,237,500,1791064761374394628,1791064761433677237,59283091
15,237,500,1791064761374394628,1791064761434991337,60597140
16,237,500,1791064761374394628,1791064761442906842,68512735
17,237,500,1791064761374394628,1791064761454983232,80589235
18,237,500,1791064761374394628,1791064761456299615,81905378
19,237,500,1791064761374394628,1791064761457541157,83147030
0,238,500,1791064761474394628,1791064761480125719,5731872
1,238,500,1791064761474394628,1791064761481187494,6793257
2,238,500,1791064761474394628,1791064761494919600,20525453
3,238,500,1791064761474394628,1791064761505833495,31439498
4,238,500,1791064761474394628,1791064761512359588,37965601
5,238,500,1791064761474394628,1791064761515527038,41132921
6,238,500,1791064761474394628,1791064761525900170,51506063
7,238,500,1791064761474394628,1791064761526940624,52546387
8,238,500,1791064761474394628,1791064761527982169,53587922
9,238,500,1791064761474394628,1791064761533916214,59522197
10,238,500,1791064761474394628,1791064761546483182,72089105
11,238,500,1791064761474394628,1791064761547781198,73386961
12,238,500,1791064761474394628,1791064761549168486,74774319
13,238,500,1791064761474394628,1791064761574370070,99976104
14,238,500,1791064761474394628,1791064761575508760,101114533
15,238,500,1791064761474394628,1791064761576958582,102564385
16,238,500,1791064761474394628,1791064761584989167,110595030
17,238,500,1791064761474394628,1791064761591675349,117281272
18,238,500,1791064761474394628,1791064761593012783,118618636
19,238,500,1791064761474394628,1791064761594191752,119797505
0,239,500,1791064761574394628,1791064761595204826,20810579
1,239,500,1791064761574394628,1791064761599683141,25289174
2,239,500,1791064761574394628,1791064761600868279,26474062
3,239,500,1791064761574394628,1791064761602719506,28325279
4,239,500,1791064761574394628,1791064761604221174,29826927
5,239,500,1791064761574394628,1791064761605557867,31163671
6,239,500,1791064761574394628,1791064761607155879,32761692
7,239,500,1791064761574394628,1791064761608245335,33851088
8,239,500,1791064761574394628,1791064761609513938,35119701
9,239,500,1791064761574394628,1791064761610618206,36224010
10,239,500,1791064761574394628,1791064761611775383,37381146
11,239,500,1791064761574394628,1791064761612974663,38580426
12,239,500,1791064761574394628,1791064761614164819,39770652
13,239,500,1791064761574394628,1791064761615500801,41106604
14,239,500,1791064761574394628,1791064761616588876,42194639
15,239,500,1791064761574394628,1791064761617941874,43547667
16,239,500,1791064761574394628,1791064761619088315,44694078
17,239,500,1791064761574394628,1791064761620244761,45850524
18,239,500,1791064761574394628,1791064761621667291,47273054
19,239,500,1791064761574394628,1791064761622849485,48455248
0,240,500,1791064761674394628,1791064761675550524,1156598
1,240,500,1791064761674394628,1791064761676683906,2289659
2,240,500,1791064761674394628,1791064761677743869,3349632
3,240,500,1791064761674394628,1791064761678822910,4428693
4,240,500,1791064761674394628,1791064761680282516,5888279
5,240,500,1791064761674394628,1791064761681443288,7049041
6,240,500,1791064761674394628,1791064761682444905,8050688
7,240,500,1791064761674394628,1791064761683469355,9075108
8,240,500,1791064761674394628,1791064761684662785,10268568
9,240,500,1791064761674394628,1791064761685940621,11546404
10,240,500,1791064761674394628,1791064761687111138,12716901
11,240,500,1791064761674394628,1791064761688132584,13738347
12,240,500,1791064761674394628,1791064761689216322,14822145
13,240,500,1791064761674394628,1791064761690378967,15984731
14,240,500,1791064761674394628,1791064761691370939,16976702
15,240,500,1791064761674394628,1791064761692630168,18235941
16,240,500,1791064761674394628,1791064761693748647,19354410
17,240,500,1791064761674394628,1791064761694882530,20488293
18,240,500,1791064761674394628,1791064761696022351,21628114
19,240,500,1791064761674394628,1791064761697073661,22679414
0,241,500,1791064761774394628,1791064761775613220,1219303
1,241,500,1791064761774394628,1791064761776841392,2447155
2,241,500,1791064761774394628,1791064761777903178,3508941
3,241,500,1791064761774394628,1791064761779069368,4675131
4,241,500,1791064761774394628,1791064761780112236,5717989
5,241,500,1791064761774394628,1791064761781345446,6951209
6,241,500,1791064761774394628,1791064761782540569,8146332
7,241,500,1791064761774394628,1791064761783775011,9380774
8,241,500,1791064761774394628,1791064761784951827,10557590
9,241,500,1791064761774394628,1791064761786126430,11732193
10,241,500,1791064761774394628,1791064761787453649,13059412
11,241,500,1791064761774394628,1791064761788552289,14158052
12,241,500,1791064761774394628,1791064761789926698,15532461
13,241,500,1791064761774394628,1791064761791068563,16674316
14,241,500,1791064761774394628,1791064761792145190,17750963
15,241,500,1791064761774394628,1791064761793385461,18991224
16,241,500,1791064761774394628,1791064761794580143,20186007
17,241,500,1791064761774394628,1791064761795622410,21228163
18,241,500,1791064761774394628,1791064761796736833,22342597
19,241,500,1791064761774394628,1791064761797858618,23464381
0,242,500,1791064761874394628,1791064761875972766,1579009
1,242,500,1791064761874394628,1791064761877025798,2631561
2,242,500,1791064761874394628,1791064761878482709,4088612
3,242,500,1791064761874394628,1791064761879487930,5093683
4,242,500,1791064761874394628,1791064761880489416,6095169
5,242,500,1791064761874394628,1791064761881500666,7106429
6,242,500,1791064761874394628,1791064761882517844,8123597
7,242,500,1791064761874394628,1791064761883609213,9214976
8,242,500,1791064761874394628,1791064761884623278,10229041
9,242,500,1791064761874394628,1791064761885632224,11237978
10,242,500,1791064761874394628,1791064761886656003,12261996
11,242,500,1791064761874394628,1791064761887657198,13262961
12,242,500,1791064761874394628,1791064761888660176,14265939
13,242,500,1791064761874394628,1791064761889655272,15261035
14,242,500,1791064761874394628,1791064761894339491,19945564
15,242,500,1791064761874394628,1791064761895420204,21025957
16,242,500,1791064761874394628,1791064761898834168,24440001
17,242,500,1791064761874394628,1791064761899866889,25472652
18,242,500,1791064761874394628,1791064761901282439,26888282
19,242,500,1791064761874394628,1791064761902360488,27966251
0,243,500,1791064761974394628,1791064761978238003,3844076
1,243,500,1791064761974394628,1791064761982920929,8526822
2,243,500,1791064761974394628,1791064761984039799,9645562
3,243,500,1791064761974394628,1791064761985422039,11027802
4,243,500,1791064761974394628,1791064762004397387,30003540
5,243,500,1791064761974394628,1791064762005433363,31039126
6,243,500,1791064761974394628,1791064762007798702,33404555
7,243,500,1791064761974394628,1791064762008793808,34399571
8,243,500,1791064761974394628,1791064762009793250,35399014
9,243,500,1791064761974394628,1791064762021585844,47191947
10,243,500,1791064761974394628,1791064762022691954,48297717
11,243,500,1791064761974394628,1791064762023743334,49349097
12,243,500,1791064761974394628,1791064762032523618,58129762
13,243,500,1791064761974394628,1791064762038607953,64213967
14,243,500,1791064761974394628,1791064762039609850,65215613
15,243,500,1791064761974394628,1791064762040653267,66259030
16,243,500,1791064761974394628,1791064762041661393,67267176
17,243,500,1791064761974394628,1791064762047907108,73513131
18,243,500,1791064761974394628,1791064762051512255,77118109
19,243,500,1791064761974394628,1791064762057346680,82952683
0,244,500,1791064762074394628,1791064762075538886,1144979
1,244,500,1791064762074394628,1791064762076608602,2214365
2,244,500,1791064762074394628,1791064762078366330,3972093
3,244,500,1791064762074394628,1791064762079447383,5053136
4,244,500,1791064762074394628,1791064762080710567,6316330
5,244,500,1791064762074394628,1791064762081800934,7406697
6,244,500,1791064762074394628,1791064762082949749,8555532
7,244,500,1791064762074394628,1791064762083997403,9603156
8,244,500,1791064762074394628,1791064762085050084,10655847
9,244,500,1791064762074394628,1791064762086202534,11808297
10,244,500,1791064762074394628,1791064762087447891,13053654
11,244,500,1791064762074394628,1791064762089142134,14747967
12,244,500,1791064762074394628,1791064762090932149,16537913
13,244,500,1791064762074394628,1791064762092306178,17911941
14,244,500,1791064762074394628,1791064762102404457,28010431
15,244,500,1791064762074394628,1791064762103559591,29165354
16,244,500,1791064762074394628,1791064762104812159,30417922
17,244,500,1791064762074394628,1791064762106855089,32460872
18,244,500,1791064762074394628,1791064762109424400,35030864
19,244,500,1791064762074394628,1791064762113073694,38679537
0,245,500,1791064762174394628,1791064762178364384,3970467
1,245,500,1791064762174394628,1791064762179369144,4974907
2,245,500,1791064762174394628,1791064762180378571,5984324
3,245,500,1791064762174394628,1791064762181374148,6979911
4,245,500,1791064762174394628,1791064762190222053,15828156
5,245,500,1791064762174394628,1791064762191403626,17009389
6,245,500,1791064762174394628,1791064762192502676,18108439
7,245,500,1791064762174394628,1791064762193531092,19136845
8,245,500,1791064762174394628,1791064762202246650,27852503
9,245,500,1791064762174394628,1791064762203698614,29304477
10,245,500,1791064762174394628,1791064762204847358,30453151
11,245,500,1791064762174394628,1791064762220006104,45612157
12,245,500,1791064762174394628,1791064762231586281,57192295
13,245,500,1791064762174394628,1791064762232930796,58536559
14,245,500,1791064762174394628,1791064762241445807,67051940
15,245,500,1791064762174394628,1791064762243675925,69281798
16,245,500,1791064762174394628,1791064762244988992,70594755
17,245,500,1791064762174394628,1791064762249168963,74774856
18,245,500,1791064762174394628,1791064762251328316,76934119
19,245,500,1791064762174394628,1791064762254410308,80016191
0,246,500,1791064762274394628,1791064762275742201,1348164
1,246,500,1791064762274394628,1791064762276924655,2530418
2,246,500,1791064762274394628,1791064762278173958,3779721
3,246,500,1791064762274394628,1791064762279297535,4903298
4,246,500,1791064762274394628,1791064762280601298,6207062
5,246,500,1791064762274394628,1791064762281811303,7417066
6,246,500,1791064762274394628,1791064762282994639,8600402
7,246,500,1791064762274394628,1791064762284099898,9705651
8,246,500,1791064762274394628,1791064762285260240,10865993
9,246,500,1791064762274394628,1791064762286362405,11968158
10,246,500,1791064762274394628,1791064762287466212,13071975
11,246,500,1791064762274394628,1791064762288538713,14144476
12,246,500,1791064762274394628,1791064762289995093,15600856
13,246,500,1791064762274394628,1791064762291122646,16728409
14,246,500,1791064762274394628,1791064762292259452,17865215
15,246,500,1791064762274394628,1791064762293493172,19098935
16,246,500,1791064762274394628,1791064762294680904,20286657
17,246,500,1791064762274394628,1791064762295803299,21409082
18,246,500,1791064762274394628,1791064762297031300,22637053
19,246,500,1791064762274394628,1791064762298384588,23990471
0,247,500,1791064762374394628,1791064762375906051,1512064
1,247,500,1791064762374394628,1791064762377192890,2798653
2,247,500,1791064762374394628,1791064762378486639,4092442
3,247,500,1791064762374394628,1791064762380009938,5615701
4,247,500,1791064762374394628,1791064762381213344,6819107
5,247,500,1791064762374394628,1791064762382537267,8143031
6,247,500,1791064762374394628,1791064762383821522,9427275
7,247,500,1791064762374394628,1791064762385095122,10700885
8,247,500,1791064762374394628,1791064762386355371,11961134
9,247,500,1791064762374394628,1791064762388086108,13691871
10,247,500,1791064762374394628,1791064762390115198,15720951
11,247,500,1791064762374394628,1791064762392129085,17734898
12,247,500,1791064762374394628,1791064762394700560,20306433
13,247,500,1791064762374394628,1791064762396749890,22355693
14,247,500,1791064762374394628,1791064762398680023,24285776
15,247,500,1791064762374394628,1791064762399911960,25517713
16,247,500,1791064762374394628,1791064762401392677,26998430
17,247,500,1791064762374394628,1791064762402919592,28525415
18,247,500,1791064762374394628,1791064762404398896,30004689
19,247,500,1791064762374394628,1791064762405532327,31138080
0,248,500,1791064762474394628,1791064762479252542,4858715
1,248,500,1791064762474394628,1791064762485207605,10813488
2,248,500,1791064762474394628,1791064762486238895,11844648
3,248,500,1791064762474394628,1791064762487374399,12980242
4,248,500,1791064762474394628,1791064762488442674,14048427
5,248,500,1791064762474394628,1791064762489775892,15381645
6,248,500,1791064762474394628,1791064762491613037,17218790
7,248,500,1791064762474394628,1791064762493454318,19060141
8,248,500,1791064762474394628,1791064762494966411,20572164
9,248,500,1791064762474394628,1791064762498464229,24070113
10,248,500,1791064762474394628,1791064762499801173,25406936
11,248,500,1791064762474394628,1791064762501348869,26954662
12,248,500,1791064762474394628,1791064762504582115,30187998
13,248,500,1791064762474394628,1791064762506162849,31768652
14,248,500,1791064762474394628,1791064762507844344,33450107
15,248,500,1791064762474394628,1791064762510707401,36313274
16,248,500,1791064762474394628,1791064762513297903,38903696
17,248,500,1791064762474394628,1791064762514834002,40439765
18,248,500,1791064762474394628,1791064762517694906,43300799
19,248,500,1791064762474394628,1791064762518868086,44473859
0,249,500,1791064762574394628,1791064762579213230,4819314
1,249,500,1791064762574394628,1791064762580536944,6142707
2,249,500,1791064762574394628,1791064762585907760,11513744
3,249,500,1791064762574394628,1791064762586970908,12576661
4,249,500,1791064762574394628,1791064762588120002,13725765
5,249,500,1791064762574394628,1791064762589258291,14864054
6,249,500,1791064762574394628,1791064762591294691,16900555
7,249,500,1791064762574394628,1791064762592537174,18142937
8,249,500,1791064762574394628,1791064762593826387,19432150
9,249,500,1791064762574394628,1791064762595115048,20720801
10,249,500,1791064762574394628,1791064762596404781,22010544
11,249,500,1791064762574394628,1791064762597560526,23166279
12,249,500,1791064762574394628,1791064762598939060,24544824
13,249,500,1791064762574394628,1791064762600243295,25849058
14,249,500,1791064762574394628,1791064762601914324,27520077
15,249,500,1791064762574394628,1791064762603418866,29024819
16,249,500,1791064762574394628,1791064762604936487,30542300
17,249,500,1791064762574394628,1791064762606143117,31748880
18,249,500,1791064762574394628,1791064762607375645,32981408
19,249,500,1791064762574394628,1791064762608638068,34243831
