phase,event_index,elapsed_ns,events,full_rejections,file_bytes,peak_rss_kib,alloc_calls,alloc_requested_bytes
append,1,5757600,,,,,,
encode,1,11400,,,,,,
data_write,1,66700,,,,,,
data_sync,1,3726700,,,,,,
marker_write,1,45900,,,,,,
marker_sync,1,1904400,,,,,,
append,2,3405300,,,,,,
encode,2,4300,,,,,,
data_write,2,58500,,,,,,
data_sync,2,1633300,,,,,,
marker_write,2,39100,,,,,,
marker_sync,2,1667700,,,,,,
append,3,3099600,,,,,,
encode,3,3400,,,,,,
data_write,3,43600,,,,,,
data_sync,3,1544900,,,,,,
marker_write,3,36100,,,,,,
marker_sync,3,1470000,,,,,,
append,4,3095400,,,,,,
encode,4,2800,,,,,,
data_write,4,41900,,,,,,
data_sync,4,1530400,,,,,,
marker_write,4,35500,,,,,,
marker_sync,4,1483400,,,,,,
append,5,3271201,,,,,,
encode,5,2800,,,,,,
data_write,5,41300,,,,,,
data_sync,5,1567700,,,,,,
marker_write,5,36400,,,,,,
marker_sync,5,1621201,,,,,,
append,6,3278600,,,,,,
encode,6,4000,,,,,,
data_write,6,44800,,,,,,
data_sync,6,1577600,,,,,,
marker_write,6,37000,,,,,,
marker_sync,6,1613600,,,,,,
append,7,3080100,,,,,,
encode,7,3300,,,,,,
data_write,7,44000,,,,,,
data_sync,7,1436900,,,,,,
marker_write,7,33800,,,,,,
marker_sync,7,1561000,,,,,,
append,8,3154300,,,,,,
encode,8,2600,,,,,,
data_write,8,42300,,,,,,
data_sync,8,1487100,,,,,,
marker_write,8,34000,,,,,,
marker_sync,8,1586500,,,,,,
append,9,5691400,,,,,,
encode,9,4200,,,,,,
data_write,9,58500,,,,,,
data_sync,9,3918500,,,,,,
marker_write,9,53100,,,,,,
marker_sync,9,1654400,,,,,,
append,10,3351001,,,,,,
encode,10,4400,,,,,,
data_write,10,43400,,,,,,
data_sync,10,1712701,,,,,,
marker_write,10,39800,,,,,,
marker_sync,10,1548500,,,,,,
append,11,3161800,,,,,,
encode,11,3700,,,,,,
data_write,11,42800,,,,,,
data_sync,11,1497200,,,,,,
marker_write,11,43300,,,,,,
marker_sync,11,1572500,,,,,,
append,12,3554300,,,,,,
encode,12,5100,,,,,,
data_write,12,57300,,,,,,
data_sync,12,1745300,,,,,,
marker_write,12,47700,,,,,,
marker_sync,12,1696500,,,,,,
append,13,3543600,,,,,,
encode,13,4800,,,,,,
data_write,13,48300,,,,,,
data_sync,13,1766700,,,,,,
marker_write,13,21700,,,,,,
marker_sync,13,1699700,,,,,,
append,14,3735900,,,,,,
encode,14,5900,,,,,,
data_write,14,55800,,,,,,
data_sync,14,1831500,,,,,,
marker_write,14,24200,,,,,,
marker_sync,14,1816000,,,,,,
append,15,4105501,,,,,,
encode,15,5800,,,,,,
data_write,15,55000,,,,,,
data_sync,15,1809400,,,,,,
marker_write,15,46300,,,,,,
marker_sync,15,2186601,,,,,,
append,16,3937900,,,,,,
encode,16,5500,,,,,,
data_write,16,66400,,,,,,
data_sync,16,2034600,,,,,,
marker_write,16,56100,,,,,,
marker_sync,16,1772700,,,,,,
append,17,3415600,,,,,,
encode,17,4800,,,,,,
data_write,17,46500,,,,,,
data_sync,17,1663900,,,,,,
marker_write,17,43500,,,,,,
marker_sync,17,1654800,,,,,,
append,18,3469400,,,,,,
encode,18,4300,,,,,,
data_write,18,51700,,,,,,
data_sync,18,1718400,,,,,,
marker_write,18,36700,,,,,,
marker_sync,18,1655800,,,,,,
append,19,3523300,,,,,,
encode,19,3200,,,,,,
data_write,19,46500,,,,,,
data_sync,19,1690100,,,,,,
marker_write,19,39900,,,,,,
marker_sync,19,1741300,,,,,,
append,20,3289001,,,,,,
encode,20,4500,,,,,,
data_write,20,67200,,,,,,
data_sync,20,1555000,,,,,,
marker_write,20,35400,,,,,,
marker_sync,20,1624701,,,,,,
append,21,3158900,,,,,,
encode,21,5700,,,,,,
data_write,21,75900,,,,,,
data_sync,21,1554900,,,,,,
marker_write,21,34600,,,,,,
marker_sync,21,1485700,,,,,,
append,22,3164100,,,,,,
encode,22,4200,,,,,,
data_write,22,48300,,,,,,
data_sync,22,1483900,,,,,,
marker_write,22,35100,,,,,,
marker_sync,22,1591000,,,,,,
append,23,3103700,,,,,,
encode,23,4900,,,,,,
data_write,23,48300,,,,,,
data_sync,23,1498300,,,,,,
marker_write,23,36600,,,,,,
marker_sync,23,1513700,,,,,,
append,24,2970000,,,,,,
encode,24,3200,,,,,,
data_write,24,45600,,,,,,
data_sync,24,1441000,,,,,,
marker_write,24,36500,,,,,,
marker_sync,24,1442300,,,,,,
append,25,2960500,,,,,,
encode,25,2700,,,,,,
data_write,25,43000,,,,,,
data_sync,25,1393400,,,,,,
marker_write,25,38500,,,,,,
marker_sync,25,1481400,,,,,,
append,26,3552401,,,,,,
encode,26,3600,,,,,,
data_write,26,44200,,,,,,
data_sync,26,1710701,,,,,,
marker_write,26,44100,,,,,,
marker_sync,26,1747900,,,,,,
append,27,3308500,,,,,,
encode,27,3900,,,,,,
data_write,27,58300,,,,,,
data_sync,27,1617900,,,,,,
marker_write,27,36800,,,,,,
marker_sync,27,1589800,,,,,,
append,28,3646200,,,,,,
encode,28,4300,,,,,,
data_write,28,53100,,,,,,
data_sync,28,1748000,,,,,,
marker_write,28,37400,,,,,,
marker_sync,28,1801500,,,,,,
append,29,3316700,,,,,,
encode,29,4200,,,,,,
data_write,29,57700,,,,,,
data_sync,29,1612700,,,,,,
marker_write,29,53500,,,,,,
marker_sync,29,1586300,,,,,,
append,30,3274500,,,,,,
encode,30,3600,,,,,,
data_write,30,45100,,,,,,
data_sync,30,1489900,,,,,,
marker_write,30,46100,,,,,,
marker_sync,30,1688100,,,,,,
append,31,3306301,,,,,,
encode,31,3300,,,,,,
data_write,31,48000,,,,,,
data_sync,31,1633000,,,,,,
marker_write,31,48200,,,,,,
marker_sync,31,1572101,,,,,,
append,32,3875900,,,,,,
encode,32,4700,,,,,,
data_write,32,48100,,,,,,
data_sync,32,1583500,,,,,,
marker_write,32,43900,,,,,,
marker_sync,32,2193400,,,,,,
append,33,3151500,,,,,,
encode,33,4200,,,,,,
data_write,33,47700,,,,,,
data_sync,33,1571400,,,,,,
marker_write,33,39100,,,,,,
marker_sync,33,1487100,,,,,,
append,34,3226700,,,,,,
encode,34,5100,,,,,,
data_write,34,49800,,,,,,
data_sync,34,1674800,,,,,,
marker_write,34,37000,,,,,,
marker_sync,34,1457800,,,,,,
append,35,3439200,,,,,,
encode,35,4100,,,,,,
data_write,35,47500,,,,,,
data_sync,35,1700800,,,,,,
marker_write,35,46300,,,,,,
marker_sync,35,1638000,,,,,,
append,36,3189201,,,,,,
encode,36,4000,,,,,,
data_write,36,47200,,,,,,
data_sync,36,1555500,,,,,,
marker_write,36,38400,,,,,,
marker_sync,36,1542101,,,,,,
append,37,3224000,,,,,,
encode,37,4000,,,,,,
data_write,37,43800,,,,,,
data_sync,37,1612200,,,,,,
marker_write,37,35100,,,,,,
marker_sync,37,1526500,,,,,,
append,38,3438500,,,,,,
encode,38,4500,,,,,,
data_write,38,56300,,,,,,
data_sync,38,1736600,,,,,,
marker_write,38,45300,,,,,,
marker_sync,38,1593300,,,,,,
append,39,3114700,,,,,,
encode,39,3700,,,,,,
data_write,39,44400,,,,,,
data_sync,39,1556900,,,,,,
marker_write,39,36900,,,,,,
marker_sync,39,1471000,,,,,,
append,40,3358400,,,,,,
encode,40,6400,,,,,,
data_write,40,68700,,,,,,
data_sync,40,1760500,,,,,,
marker_write,40,40700,,,,,,
marker_sync,40,1480100,,,,,,
append,41,2950200,,,,,,
encode,41,3200,,,,,,
data_write,41,42000,,,,,,
data_sync,41,1424000,,,,,,
marker_write,41,36600,,,,,,
marker_sync,41,1442900,,,,,,
append,42,2920701,,,,,,
encode,42,2600,,,,,,
data_write,42,40100,,,,,,
data_sync,42,1409100,,,,,,
marker_write,42,35100,,,,,,
marker_sync,42,1432101,,,,,,
append,43,3003700,,,,,,
encode,43,3500,,,,,,
data_write,43,43700,,,,,,
data_sync,43,1492800,,,,,,
marker_write,43,33700,,,,,,
marker_sync,43,1428400,,,,,,
append,44,3008100,,,,,,
encode,44,2800,,,,,,
data_write,44,43700,,,,,,
data_sync,44,1474200,,,,,,
marker_write,44,33800,,,,,,
marker_sync,44,1451800,,,,,,
append,45,2947800,,,,,,
encode,45,4500,,,,,,
data_write,45,45400,,,,,,
data_sync,45,1475500,,,,,,
marker_write,45,35500,,,,,,
marker_sync,45,1385300,,,,,,
append,46,4940500,,,,,,
encode,46,2600,,,,,,
data_write,46,39800,,,,,,
data_sync,46,1500800,,,,,,
marker_write,46,34400,,,,,,
marker_sync,46,3360800,,,,,,
append,47,3254301,,,,,,
encode,47,4300,,,,,,
data_write,47,53400,,,,,,
data_sync,47,1622700,,,,,,
marker_write,47,38500,,,,,,
marker_sync,47,1533601,,,,,,
append,48,3263200,,,,,,
encode,48,4000,,,,,,
data_write,48,39800,,,,,,
data_sync,48,1479600,,,,,,
marker_write,48,40800,,,,,,
marker_sync,48,1696700,,,,,,
append,49,3504800,,,,,,
encode,49,5900,,,,,,
data_write,49,63000,,,,,,
data_sync,49,1572500,,,,,,
marker_write,49,45600,,,,,,
marker_sync,49,1815600,,,,,,
append,50,3419200,,,,,,
encode,50,3700,,,,,,
data_write,50,48600,,,,,,
data_sync,50,1706100,,,,,,
marker_write,50,41100,,,,,,
marker_sync,50,1617700,,,,,,
append,51,3208700,,,,,,
encode,51,5200,,,,,,
data_write,51,59400,,,,,,
data_sync,51,1449200,,,,,,
marker_write,51,35900,,,,,,
marker_sync,51,1656800,,,,,,
append,52,3139300,,,,,,
encode,52,4800,,,,,,
data_write,52,48800,,,,,,
data_sync,52,1499000,,,,,,
marker_write,52,38900,,,,,,
marker_sync,52,1545600,,,,,,
append,53,3475301,,,,,,
encode,53,5800,,,,,,
data_write,53,53500,,,,,,
data_sync,53,1714101,,,,,,
marker_write,53,55000,,,,,,
marker_sync,53,1644500,,,,,,
append,54,4436100,,,,,,
encode,54,6500,,,,,,
data_write,54,60200,,,,,,
data_sync,54,2662200,,,,,,
marker_write,54,49500,,,,,,
marker_sync,54,1655200,,,,,,
append,55,2778300,,,,,,
encode,55,4000,,,,,,
data_write,55,45400,,,,,,
data_sync,55,1354800,,,,,,
marker_write,55,32000,,,,,,
marker_sync,55,1340700,,,,,,
append,56,2804600,,,,,,
encode,56,2400,,,,,,
data_write,56,45900,,,,,,
data_sync,56,1414000,,,,,,
marker_write,56,34000,,,,,,
marker_sync,56,1307000,,,,,,
append,57,2817600,,,,,,
encode,57,3100,,,,,,
data_write,57,37800,,,,,,
data_sync,57,1345900,,,,,,
marker_write,57,32200,,,,,,
marker_sync,57,1397300,,,,,,
append,58,3028701,,,,,,
encode,58,3200,,,,,,
data_write,58,44000,,,,,,
data_sync,58,1373400,,,,,,
marker_write,58,41300,,,,,,
marker_sync,58,1565001,,,,,,
append,59,3257700,,,,,,
encode,59,5000,,,,,,
data_write,59,59400,,,,,,
data_sync,59,1718400,,,,,,
marker_write,59,45100,,,,,,
marker_sync,59,1427300,,,,,,
append,60,2933500,,,,,,
encode,60,4500,,,,,,
data_write,60,57600,,,,,,
data_sync,60,1405700,,,,,,
marker_write,60,40300,,,,,,
marker_sync,60,1424000,,,,,,
append,61,3093600,,,,,,
encode,61,3700,,,,,,
data_write,61,51400,,,,,,
data_sync,61,1494000,,,,,,
marker_write,61,35900,,,,,,
marker_sync,61,1507000,,,,,,
append,62,3071400,,,,,,
encode,62,3500,,,,,,
data_write,62,48600,,,,,,
data_sync,62,1503500,,,,,,
marker_write,62,46000,,,,,,
marker_sync,62,1468200,,,,,,
append,63,3222200,,,,,,
encode,63,4200,,,,,,
data_write,63,52800,,,,,,
data_sync,63,1513400,,,,,,
marker_write,63,59500,,,,,,
marker_sync,63,1590000,,,,,,
append,64,3363701,,,,,,
encode,64,4700,,,,,,
data_write,64,50600,,,,,,
data_sync,64,1641800,,,,,,
marker_write,64,46800,,,,,,
marker_sync,64,1617701,,,,,,
append,65,3310600,,,,,,
encode,65,4300,,,,,,
data_write,65,70800,,,,,,
data_sync,65,1543900,,,,,,
marker_write,65,55200,,,,,,
marker_sync,65,1632800,,,,,,
append,66,3314800,,,,,,
encode,66,4100,,,,,,
data_write,66,23600,,,,,,
data_sync,66,1637800,,,,,,
marker_write,66,51300,,,,,,
marker_sync,66,1595200,,,,,,
append,67,3111800,,,,,,
encode,67,5400,,,,,,
data_write,67,58200,,,,,,
data_sync,67,1525100,,,,,,
marker_write,67,35600,,,,,,
marker_sync,67,1485300,,,,,,
append,68,3361500,,,,,,
encode,68,3700,,,,,,
data_write,68,42600,,,,,,
data_sync,68,1662100,,,,,,
marker_write,68,38700,,,,,,
marker_sync,68,1612300,,,,,,
append,69,3519101,,,,,,
encode,69,4900,,,,,,
data_write,69,54500,,,,,,
data_sync,69,1808300,,,,,,
marker_write,69,39200,,,,,,
marker_sync,69,1609701,,,,,,
append,70,3336100,,,,,,
encode,70,5300,,,,,,
data_write,70,49900,,,,,,
data_sync,70,1618900,,,,,,
marker_write,70,36300,,,,,,
marker_sync,70,1623500,,,,,,
append,71,3569900,,,,,,
encode,71,4400,,,,,,
data_write,71,51400,,,,,,
data_sync,71,1616400,,,,,,
marker_write,71,36200,,,,,,
marker_sync,71,1858700,,,,,,
append,72,3349400,,,,,,
encode,72,3800,,,,,,
data_write,72,49900,,,,,,
data_sync,72,1622200,,,,,,
marker_write,72,35000,,,,,,
marker_sync,72,1636400,,,,,,
append,73,3206500,,,,,,
encode,73,3900,,,,,,
data_write,73,46400,,,,,,
data_sync,73,1474200,,,,,,
marker_write,73,34400,,,,,,
marker_sync,73,1645700,,,,,,
append,74,3107900,,,,,,
encode,74,4300,,,,,,
data_write,74,53900,,,,,,
data_sync,74,1562400,,,,,,
marker_write,74,40000,,,,,,
marker_sync,74,1444900,,,,,,
append,75,3490401,,,,,,
encode,75,3500,,,,,,
data_write,75,44600,,,,,,
data_sync,75,1535501,,,,,,
marker_write,75,38400,,,,,,
marker_sync,75,1865400,,,,,,
append,76,3412500,,,,,,
encode,76,5200,,,,,,
data_write,76,61300,,,,,,
data_sync,76,1654300,,,,,,
marker_write,76,50100,,,,,,
marker_sync,76,1638500,,,,,,
append,77,3449200,,,,,,
encode,77,5600,,,,,,
data_write,77,61700,,,,,,
data_sync,77,1674500,,,,,,
marker_write,77,44500,,,,,,
marker_sync,77,1660300,,,,,,
append,78,3921300,,,,,,
encode,78,5400,,,,,,
data_write,78,28700,,,,,,
data_sync,78,1863700,,,,,,
marker_write,78,47600,,,,,,
marker_sync,78,1972700,,,,,,
append,79,3401900,,,,,,
encode,79,5100,,,,,,
data_write,79,77600,,,,,,
data_sync,79,1658600,,,,,,
marker_write,79,23300,,,,,,
marker_sync,79,1634800,,,,,,
append,80,3308301,,,,,,
encode,80,5400,,,,,,
data_write,80,53700,,,,,,
data_sync,80,1600601,,,,,,
marker_write,80,38800,,,,,,
marker_sync,80,1607700,,,,,,
append,81,3317400,,,,,,
encode,81,4200,,,,,,
data_write,81,67000,,,,,,
data_sync,81,1579800,,,,,,
marker_write,81,38400,,,,,,
marker_sync,81,1625900,,,,,,
append,82,3476700,,,,,,
encode,82,5000,,,,,,
data_write,82,45900,,,,,,
data_sync,82,1553600,,,,,,
marker_write,82,43700,,,,,,
marker_sync,82,1826100,,,,,,
append,83,4085100,,,,,,
encode,83,5600,,,,,,
data_write,83,52300,,,,,,
data_sync,83,2003000,,,,,,
marker_write,83,57700,,,,,,
marker_sync,83,1963800,,,,,,
append,84,3810800,,,,,,
encode,84,4200,,,,,,
data_write,84,80700,,,,,,
data_sync,84,1833600,,,,,,
marker_write,84,43400,,,,,,
marker_sync,84,1846800,,,,,,
append,85,3500401,,,,,,
encode,85,36600,,,,,,
data_write,85,58600,,,,,,
data_sync,85,1701701,,,,,,
marker_write,85,40200,,,,,,
marker_sync,85,1660800,,,,,,
append,86,3438500,,,,,,
encode,86,4200,,,,,,
data_write,86,46700,,,,,,
data_sync,86,1599200,,,,,,
marker_write,86,42700,,,,,,
marker_sync,86,1741500,,,,,,
append,87,3802300,,,,,,
encode,87,3900,,,,,,
data_write,87,49900,,,,,,
data_sync,87,1871500,,,,,,
marker_write,87,50100,,,,,,
marker_sync,87,1823900,,,,,,
append,88,3669100,,,,,,
encode,88,6200,,,,,,
data_write,88,60300,,,,,,
data_sync,88,1813500,,,,,,
marker_write,88,50400,,,,,,
marker_sync,88,1736000,,,,,,
append,89,3443000,,,,,,
encode,89,5200,,,,,,
data_write,89,57800,,,,,,
data_sync,89,1700400,,,,,,
marker_write,89,50700,,,,,,
marker_sync,89,1625600,,,,,,
append,90,3471601,,,,,,
encode,90,4100,,,,,,
data_write,90,50000,,,,,,
data_sync,90,1675501,,,,,,
marker_write,90,42400,,,,,,
marker_sync,90,1696300,,,,,,
append,91,3821000,,,,,,
encode,91,7700,,,,,,
data_write,91,72800,,,,,,
data_sync,91,1899900,,,,,,
marker_write,91,51300,,,,,,
marker_sync,91,1786300,,,,,,
append,92,4069200,,,,,,
encode,92,6200,,,,,,
data_write,92,57200,,,,,,
data_sync,92,2011300,,,,,,
marker_write,92,68900,,,,,,
marker_sync,92,1922700,,,,,,
append,93,3386000,,,,,,
encode,93,4100,,,,,,
data_write,93,74400,,,,,,
data_sync,93,1564100,,,,,,
marker_write,93,40400,,,,,,
marker_sync,93,1700600,,,,,,
append,94,3460900,,,,,,
encode,94,5100,,,,,,
data_write,94,58800,,,,,,
data_sync,94,1780400,,,,,,
marker_write,94,37100,,,,,,
marker_sync,94,1576600,,,,,,
append,95,3306001,,,,,,
encode,95,3600,,,,,,
data_write,95,42100,,,,,,
data_sync,95,1615601,,,,,,
marker_write,95,39800,,,,,,
marker_sync,95,1602800,,,,,,
append,96,3200700,,,,,,
encode,96,4500,,,,,,
data_write,96,47000,,,,,,
data_sync,96,1541600,,,,,,
marker_write,96,33700,,,,,,
marker_sync,96,1571700,,,,,,
append,97,3685600,,,,,,
encode,97,4700,,,,,,
data_write,97,54000,,,,,,
data_sync,97,1606000,,,,,,
marker_write,97,43700,,,,,,
marker_sync,97,1974900,,,,,,
append,98,3479200,,,,,,
encode,98,4400,,,,,,
data_write,98,46900,,,,,,
data_sync,98,1724600,,,,,,
marker_write,98,52100,,,,,,
marker_sync,98,1648300,,,,,,
append,99,3165000,,,,,,
encode,99,3700,,,,,,
data_write,99,43600,,,,,,
data_sync,99,1549100,,,,,,
marker_write,99,34700,,,,,,
marker_sync,99,1531400,,,,,,
append,100,3451101,,,,,,
encode,100,5000,,,,,,
data_write,100,60000,,,,,,
data_sync,100,1660800,,,,,,
marker_write,100,49600,,,,,,
marker_sync,100,1673501,,,,,,
append,101,3479400,,,,,,
encode,101,5200,,,,,,
data_write,101,58200,,,,,,
data_sync,101,1694500,,,,,,
marker_write,101,46200,,,,,,
marker_sync,101,1672700,,,,,,
append,102,3367300,,,,,,
encode,102,4000,,,,,,
data_write,102,52500,,,,,,
data_sync,102,1708600,,,,,,
marker_write,102,40000,,,,,,
marker_sync,102,1560200,,,,,,
append,103,4392700,,,,,,
encode,103,5900,,,,,,
data_write,103,46200,,,,,,
data_sync,103,1607500,,,,,,
marker_write,103,70800,,,,,,
marker_sync,103,2659800,,,,,,
append,104,3271000,,,,,,
encode,104,4700,,,,,,
data_write,104,48400,,,,,,
data_sync,104,1645800,,,,,,
marker_write,104,37500,,,,,,
marker_sync,104,1532300,,,,,,
append,105,3209601,,,,,,
encode,105,4800,,,,,,
data_write,105,50500,,,,,,
data_sync,105,1607000,,,,,,
marker_write,105,41400,,,,,,
marker_sync,105,1504001,,,,,,
append,106,3131600,,,,,,
encode,106,4100,,,,,,
data_write,106,47000,,,,,,
data_sync,106,1485100,,,,,,
marker_write,106,38000,,,,,,
marker_sync,106,1555100,,,,,,
append,107,3412300,,,,,,
encode,107,4300,,,,,,
data_write,107,45700,,,,,,
data_sync,107,1704700,,,,,,
marker_write,107,42600,,,,,,
marker_sync,107,1612600,,,,,,
append,108,2837200,,,,,,
encode,108,4600,,,,,,
data_write,108,46600,,,,,,
data_sync,108,1394600,,,,,,
marker_write,108,36400,,,,,,
marker_sync,108,1352600,,,,,,
append,109,2854900,,,,,,
encode,109,2800,,,,,,
data_write,109,43000,,,,,,
data_sync,109,1337100,,,,,,
marker_write,109,35000,,,,,,
marker_sync,109,1435300,,,,,,
append,110,3226500,,,,,,
encode,110,3500,,,,,,
data_write,110,47100,,,,,,
data_sync,110,1572100,,,,,,
marker_write,110,42500,,,,,,
marker_sync,110,1559200,,,,,,
append,111,4001301,,,,,,
encode,111,35800,,,,,,
data_write,111,62800,,,,,,
data_sync,111,2451401,,,,,,
marker_write,111,39700,,,,,,
marker_sync,111,1409200,,,,,,
append,112,3489400,,,,,,
encode,112,3900,,,,,,
data_write,112,44900,,,,,,
data_sync,112,1570200,,,,,,
marker_write,112,52600,,,,,,
marker_sync,112,1815400,,,,,,
append,113,3360500,,,,,,
encode,113,5900,,,,,,
data_write,113,62800,,,,,,
data_sync,113,1666400,,,,,,
marker_write,113,43000,,,,,,
marker_sync,113,1579900,,,,,,
append,114,2896700,,,,,,
encode,114,4500,,,,,,
data_write,114,51100,,,,,,
data_sync,114,1409300,,,,,,
marker_write,114,33400,,,,,,
marker_sync,114,1396100,,,,,,
append,115,2899300,,,,,,
encode,115,3200,,,,,,
data_write,115,41600,,,,,,
data_sync,115,1415400,,,,,,
marker_write,115,32400,,,,,,
marker_sync,115,1404800,,,,,,
append,116,3292701,,,,,,
encode,116,3900,,,,,,
data_write,116,47900,,,,,,
data_sync,116,1691900,,,,,,
marker_write,116,50000,,,,,,
marker_sync,116,1495701,,,,,,
append,117,3365400,,,,,,
encode,117,4200,,,,,,
data_write,117,41700,,,,,,
data_sync,117,1716800,,,,,,
marker_write,117,37100,,,,,,
marker_sync,117,1563600,,,,,,
append,118,3025200,,,,,,
encode,118,3800,,,,,,
data_write,118,48500,,,,,,
data_sync,118,1502600,,,,,,
marker_write,118,38700,,,,,,
marker_sync,118,1429400,,,,,,
append,119,2924500,,,,,,
encode,119,3400,,,,,,
data_write,119,41000,,,,,,
data_sync,119,1393800,,,,,,
marker_write,119,37100,,,,,,
marker_sync,119,1447300,,,,,,
append,120,2997300,,,,,,
encode,120,3200,,,,,,
data_write,120,41400,,,,,,
data_sync,120,1473000,,,,,,
marker_write,120,35500,,,,,,
marker_sync,120,1442700,,,,,,
append,121,2947200,,,,,,
encode,121,3200,,,,,,
data_write,121,39600,,,,,,
data_sync,121,1436900,,,,,,
marker_write,121,35200,,,,,,
marker_sync,121,1430800,,,,,,
append,122,2901801,,,,,,
encode,122,3100,,,,,,
data_write,122,41000,,,,,,
data_sync,122,1402300,,,,,,
marker_write,122,32500,,,,,,
marker_sync,122,1421001,,,,,,
append,123,2954700,,,,,,
encode,123,2900,,,,,,
data_write,123,42300,,,,,,
data_sync,123,1434300,,,,,,
marker_write,123,35100,,,,,,
marker_sync,123,1438600,,,,,,
append,124,3193500,,,,,,
encode,124,3900,,,,,,
data_write,124,42700,,,,,,
data_sync,124,1496300,,,,,,
marker_write,124,35800,,,,,,
marker_sync,124,1612500,,,,,,
append,125,3162100,,,,,,
encode,125,6300,,,,,,
data_write,125,67700,,,,,,
data_sync,125,1602700,,,,,,
marker_write,125,40900,,,,,,
marker_sync,125,1442200,,,,,,
append,126,2872200,,,,,,
encode,126,4700,,,,,,
data_write,126,47200,,,,,,
data_sync,126,1415000,,,,,,
marker_write,126,34800,,,,,,
marker_sync,126,1368600,,,,,,
append,127,2789700,,,,,,
encode,127,3500,,,,,,
data_write,127,42900,,,,,,
data_sync,127,1350900,,,,,,
marker_write,127,31100,,,,,,
marker_sync,127,1359900,,,,,,
append,128,2808701,,,,,,
encode,128,2600,,,,,,
data_write,128,39300,,,,,,
data_sync,128,1335900,,,,,,
marker_write,128,34800,,,,,,
marker_sync,128,1393601,,,,,,
append,129,2842500,,,,,,
encode,129,2300,,,,,,
data_write,129,41300,,,,,,
data_sync,129,1361600,,,,,,
marker_write,129,33400,,,,,,
marker_sync,129,1402400,,,,,,
append,130,3109200,,,,,,
encode,130,3300,,,,,,
data_write,130,38100,,,,,,
data_sync,130,1450000,,,,,,
marker_write,130,49600,,,,,,
marker_sync,130,1565700,,,,,,
append,131,3207000,,,,,,
encode,131,5800,,,,,,
data_write,131,61600,,,,,,
data_sync,131,1569900,,,,,,
marker_write,131,55300,,,,,,
marker_sync,131,1512000,,,,,,
append,132,3239300,,,,,,
encode,132,5000,,,,,,
data_write,132,58100,,,,,,
data_sync,132,1506800,,,,,,
marker_write,132,50200,,,,,,
marker_sync,132,1616500,,,,,,
append,133,3100600,,,,,,
encode,133,5800,,,,,,
data_write,133,54600,,,,,,
data_sync,133,1513000,,,,,,
marker_write,133,45300,,,,,,
marker_sync,133,1479700,,,,,,
append,134,3038801,,,,,,
encode,134,3700,,,,,,
data_write,134,46400,,,,,,
data_sync,134,1470600,,,,,,
marker_write,134,35200,,,,,,
marker_sync,134,1480901,,,,,,
append,135,3451000,,,,,,
encode,135,3100,,,,,,
data_write,135,44600,,,,,,
data_sync,135,1670100,,,,,,
marker_write,135,58300,,,,,,
marker_sync,135,1672000,,,,,,
append,136,3468500,,,,,,
encode,136,7600,,,,,,
data_write,136,69500,,,,,,
data_sync,136,1612400,,,,,,
marker_write,136,50100,,,,,,
marker_sync,136,1726500,,,,,,
append,137,3366300,,,,,,
encode,137,4800,,,,,,
data_write,137,52400,,,,,,
data_sync,137,1652700,,,,,,
marker_write,137,42900,,,,,,
marker_sync,137,1611900,,,,,,
append,138,3060000,,,,,,
encode,138,4100,,,,,,
data_write,138,48700,,,,,,
data_sync,138,1495200,,,,,,
marker_write,138,41200,,,,,,
marker_sync,138,1469200,,,,,,
append,139,3388000,,,,,,
encode,139,4300,,,,,,
data_write,139,57400,,,,,,
data_sync,139,1750600,,,,,,
marker_write,139,45400,,,,,,
marker_sync,139,1528100,,,,,,
append,140,2912901,,,,,,
encode,140,4300,,,,,,
data_write,140,48300,,,,,,
data_sync,140,1391501,,,,,,
marker_write,140,33500,,,,,,
marker_sync,140,1433000,,,,,,
append,141,2947300,,,,,,
encode,141,4300,,,,,,
data_write,141,46000,,,,,,
data_sync,141,1432100,,,,,,
marker_write,141,33200,,,,,,
marker_sync,141,1429700,,,,,,
append,142,2845500,,,,,,
encode,142,3700,,,,,,
data_write,142,50200,,,,,,
data_sync,142,1396100,,,,,,
marker_write,142,38800,,,,,,
marker_sync,142,1354600,,,,,,
append,143,3864700,,,,,,
encode,143,4000,,,,,,
data_write,143,44800,,,,,,
data_sync,143,1288100,,,,,,
marker_write,143,32400,,,,,,
marker_sync,143,2493700,,,,,,
append,144,2809200,,,,,,
encode,144,3900,,,,,,
data_write,144,43500,,,,,,
data_sync,144,1347500,,,,,,
marker_write,144,36000,,,,,,
marker_sync,144,1376200,,,,,,
append,145,3214001,,,,,,
encode,145,4200,,,,,,
data_write,145,51000,,,,,,
data_sync,145,1569000,,,,,,
marker_write,145,42000,,,,,,
marker_sync,145,1543001,,,,,,
append,146,3071200,,,,,,
encode,146,7500,,,,,,
data_write,146,81700,,,,,,
data_sync,146,1497100,,,,,,
marker_write,146,37400,,,,,,
marker_sync,146,1445300,,,,,,
append,147,2877200,,,,,,
encode,147,5000,,,,,,
data_write,147,52200,,,,,,
data_sync,147,1424200,,,,,,
marker_write,147,38500,,,,,,
marker_sync,147,1355100,,,,,,
append,148,2784800,,,,,,
encode,148,4000,,,,,,
data_write,148,46100,,,,,,
data_sync,148,1339100,,,,,,
marker_write,148,34900,,,,,,
marker_sync,148,1359400,,,,,,
append,149,2805500,,,,,,
encode,149,2600,,,,,,
data_write,149,42400,,,,,,
data_sync,149,1409900,,,,,,
marker_write,149,35300,,,,,,
marker_sync,149,1313800,,,,,,
append,150,3095900,,,,,,
encode,150,4400,,,,,,
data_write,150,40600,,,,,,
data_sync,150,1507000,,,,,,
marker_write,150,51800,,,,,,
marker_sync,150,1489500,,,,,,
append,151,2992101,,,,,,
encode,151,5700,,,,,,
data_write,151,59100,,,,,,
data_sync,151,1370700,,,,,,
marker_write,151,35000,,,,,,
marker_sync,151,1519001,,,,,,
append,152,3312600,,,,,,
encode,152,5900,,,,,,
data_write,152,62300,,,,,,
data_sync,152,1615700,,,,,,
marker_write,152,44600,,,,,,
marker_sync,152,1580800,,,,,,
append,153,3091600,,,,,,
encode,153,5500,,,,,,
data_write,153,58500,,,,,,
data_sync,153,1576900,,,,,,
marker_write,153,41700,,,,,,
marker_sync,153,1406600,,,,,,
append,154,2781400,,,,,,
encode,154,4600,,,,,,
data_write,154,45000,,,,,,
data_sync,154,1369600,,,,,,
marker_write,154,33600,,,,,,
marker_sync,154,1326900,,,,,,
append,155,2891500,,,,,,
encode,155,2700,,,,,,
data_write,155,38100,,,,,,
data_sync,155,1385900,,,,,,
marker_write,155,39100,,,,,,
marker_sync,155,1424100,,,,,,
append,156,3091500,,,,,,
encode,156,2900,,,,,,
data_write,156,42600,,,,,,
data_sync,156,1384000,,,,,,
marker_write,156,32200,,,,,,
marker_sync,156,1628400,,,,,,
append,157,2878801,,,,,,
encode,157,3100,,,,,,
data_write,157,44800,,,,,,
data_sync,157,1408800,,,,,,
marker_write,157,33200,,,,,,
marker_sync,157,1387301,,,,,,
append,158,3252500,,,,,,
encode,158,2900,,,,,,
data_write,158,43200,,,,,,
data_sync,158,1629700,,,,,,
marker_write,158,33900,,,,,,
marker_sync,158,1541500,,,,,,
append,159,2820100,,,,,,
encode,159,2600,,,,,,
data_write,159,37000,,,,,,
data_sync,159,1367400,,,,,,
marker_write,159,44300,,,,,,
marker_sync,159,1367300,,,,,,
append,160,2900100,,,,,,
encode,160,2500,,,,,,
data_write,160,43200,,,,,,
data_sync,160,1385600,,,,,,
marker_write,160,33500,,,,,,
marker_sync,160,1433900,,,,,,
append,161,3732000,,,,,,
encode,161,2600,,,,,,
data_write,161,39900,,,,,,
data_sync,161,1833300,,,,,,
marker_write,161,42900,,,,,,
marker_sync,161,1811600,,,,,,
append,162,4375900,,,,,,
encode,162,3900,,,,,,
data_write,162,49500,,,,,,
data_sync,162,2250200,,,,,,
marker_write,162,41300,,,,,,
marker_sync,162,2028900,,,,,,
append,163,3408701,,,,,,
encode,163,4300,,,,,,
data_write,163,44800,,,,,,
data_sync,163,1680201,,,,,,
marker_write,163,41800,,,,,,
marker_sync,163,1634900,,,,,,
append,164,3499100,,,,,,
encode,164,3700,,,,,,
data_write,164,52100,,,,,,
data_sync,164,1909300,,,,,,
marker_write,164,38300,,,,,,
marker_sync,164,1493300,,,,,,
append,165,3046700,,,,,,
encode,165,4300,,,,,,
data_write,165,55600,,,,,,
data_sync,165,1467900,,,,,,
marker_write,165,48200,,,,,,
marker_sync,165,1468000,,,,,,
append,166,3050500,,,,,,
encode,166,5100,,,,,,
data_write,166,56200,,,,,,
data_sync,166,1427500,,,,,,
marker_write,166,49300,,,,,,
marker_sync,166,1509800,,,,,,
append,167,3282200,,,,,,
encode,167,4100,,,,,,
data_write,167,47800,,,,,,
data_sync,167,1760500,,,,,,
marker_write,167,35800,,,,,,
marker_sync,167,1432500,,,,,,
append,168,2748001,,,,,,
encode,168,3500,,,,,,
data_write,168,40400,,,,,,
data_sync,168,1350600,,,,,,
marker_write,168,35800,,,,,,
marker_sync,168,1316101,,,,,,
append,169,2769600,,,,,,
encode,169,3300,,,,,,
data_write,169,43600,,,,,,
data_sync,169,1351100,,,,,,
marker_write,169,32400,,,,,,
marker_sync,169,1337900,,,,,,
append,170,2842900,,,,,,
encode,170,2500,,,,,,
data_write,170,37300,,,,,,
data_sync,170,1366800,,,,,,
marker_write,170,34900,,,,,,
marker_sync,170,1400300,,,,,,
append,171,3095100,,,,,,
encode,171,2200,,,,,,
data_write,171,41100,,,,,,
data_sync,171,1611100,,,,,,
marker_write,171,36600,,,,,,
marker_sync,171,1402800,,,,,,
append,172,2912700,,,,,,
encode,172,2900,,,,,,
data_write,172,40600,,,,,,
data_sync,172,1475200,,,,,,
marker_write,172,34600,,,,,,
marker_sync,172,1358300,,,,,,
append,173,3028500,,,,,,
encode,173,2400,,,,,,
data_write,173,40000,,,,,,
data_sync,173,1515000,,,,,,
marker_write,173,33600,,,,,,
marker_sync,173,1436500,,,,,,
append,174,3033301,,,,,,
encode,174,2500,,,,,,
data_write,174,39400,,,,,,
data_sync,174,1452800,,,,,,
marker_write,174,33800,,,,,,
marker_sync,174,1503601,,,,,,
append,175,3110900,,,,,,
encode,175,2100,,,,,,
data_write,175,40100,,,,,,
data_sync,175,1469900,,,,,,
marker_write,175,32400,,,,,,
marker_sync,175,1565100,,,,,,
append,176,3119600,,,,,,
encode,176,3000,,,,,,
data_write,176,42600,,,,,,
data_sync,176,1511000,,,,,,
marker_write,176,44900,,,,,,
marker_sync,176,1516500,,,,,,
append,177,3157000,,,,,,
encode,177,3900,,,,,,
data_write,177,63200,,,,,,
data_sync,177,1519600,,,,,,
marker_write,177,36700,,,,,,
marker_sync,177,1531800,,,,,,
append,178,3153100,,,,,,
encode,178,4400,,,,,,
data_write,178,47300,,,,,,
data_sync,178,1568100,,,,,,
marker_write,178,45300,,,,,,
marker_sync,178,1486000,,,,,,
append,179,2966200,,,,,,
encode,179,3800,,,,,,
data_write,179,41700,,,,,,
data_sync,179,1436200,,,,,,
marker_write,179,34100,,,,,,
marker_sync,179,1449000,,,,,,
append,180,2922201,,,,,,
encode,180,3000,,,,,,
data_write,180,40300,,,,,,
data_sync,180,1370700,,,,,,
marker_write,180,33700,,,,,,
marker_sync,180,1472701,,,,,,
append,181,2985800,,,,,,
encode,181,3600,,,,,,
data_write,181,52000,,,,,,
data_sync,181,1495400,,,,,,
marker_write,181,38600,,,,,,
marker_sync,181,1394300,,,,,,
append,182,3697600,,,,,,
encode,182,3500,,,,,,
data_write,182,59400,,,,,,
data_sync,182,1778600,,,,,,
marker_write,182,42500,,,,,,
marker_sync,182,1810900,,,,,,
append,183,2965800,,,,,,
encode,183,3700,,,,,,
data_write,183,47300,,,,,,
data_sync,183,1456700,,,,,,
marker_write,183,35400,,,,,,
marker_sync,183,1420600,,,,,,
append,184,2856400,,,,,,
encode,184,3000,,,,,,
data_write,184,42100,,,,,,
data_sync,184,1368400,,,,,,
marker_write,184,36800,,,,,,
marker_sync,184,1404100,,,,,,
append,185,3030200,,,,,,
encode,185,2800,,,,,,
data_write,185,41600,,,,,,
data_sync,185,1468900,,,,,,
marker_write,185,35500,,,,,,
marker_sync,185,1479700,,,,,,
append,186,2980401,,,,,,
encode,186,4700,,,,,,
data_write,186,53900,,,,,,
data_sync,186,1497900,,,,,,
marker_write,186,36200,,,,,,
marker_sync,186,1385501,,,,,,
append,187,2854500,,,,,,
encode,187,2700,,,,,,
data_write,187,40500,,,,,,
data_sync,187,1380200,,,,,,
marker_write,187,42700,,,,,,
marker_sync,187,1386900,,,,,,
append,188,2797100,,,,,,
encode,188,2700,,,,,,
data_write,188,41000,,,,,,
data_sync,188,1365900,,,,,,
marker_write,188,31800,,,,,,
marker_sync,188,1354400,,,,,,
append,189,2797000,,,,,,
encode,189,2600,,,,,,
data_write,189,41500,,,,,,
data_sync,189,1367000,,,,,,
marker_write,189,34600,,,,,,
marker_sync,189,1350000,,,,,,
append,190,2801000,,,,,,
encode,190,2800,,,,,,
data_write,190,40800,,,,,,
data_sync,190,1392300,,,,,,
marker_write,190,32900,,,,,,
marker_sync,190,1331000,,,,,,
append,191,3386500,,,,,,
encode,191,2300,,,,,,
data_write,191,40800,,,,,,
data_sync,191,1516600,,,,,,
marker_write,191,40900,,,,,,
marker_sync,191,1784300,,,,,,
append,192,3296201,,,,,,
encode,192,4100,,,,,,
data_write,192,52400,,,,,,
data_sync,192,1635900,,,,,,
marker_write,192,35600,,,,,,
marker_sync,192,1566501,,,,,,
append,193,3115700,,,,,,
encode,193,2200,,,,,,
data_write,193,43200,,,,,,
data_sync,193,1516100,,,,,,
marker_write,193,37900,,,,,,
marker_sync,193,1514400,,,,,,
append,194,3159600,,,,,,
encode,194,3800,,,,,,
data_write,194,46400,,,,,,
data_sync,194,1636400,,,,,,
marker_write,194,35100,,,,,,
marker_sync,194,1436300,,,,,,
append,195,2933000,,,,,,
encode,195,2800,,,,,,
data_write,195,39100,,,,,,
data_sync,195,1438900,,,,,,
marker_write,195,34200,,,,,,
marker_sync,195,1416300,,,,,,
append,196,3375900,,,,,,
encode,196,2200,,,,,,
data_write,196,39400,,,,,,
data_sync,196,1734000,,,,,,
marker_write,196,36400,,,,,,
marker_sync,196,1562300,,,,,,
append,197,3253500,,,,,,
encode,197,3700,,,,,,
data_write,197,43300,,,,,,
data_sync,197,1503600,,,,,,
marker_write,197,34000,,,,,,
marker_sync,197,1667600,,,,,,
append,198,3120501,,,,,,
encode,198,3100,,,,,,
data_write,198,40700,,,,,,
data_sync,198,1598301,,,,,,
marker_write,198,36100,,,,,,
marker_sync,198,1440400,,,,,,
append,199,3049400,,,,,,
encode,199,3500,,,,,,
data_write,199,45500,,,,,,
data_sync,199,1536100,,,,,,
marker_write,199,33500,,,,,,
marker_sync,199,1429300,,,,,,
append,200,2931500,,,,,,
encode,200,3700,,,,,,
data_write,200,39800,,,,,,
data_sync,200,1465400,,,,,,
marker_write,200,31500,,,,,,
marker_sync,200,1389500,,,,,,
append,201,3145200,,,,,,
encode,201,2500,,,,,,
data_write,201,37000,,,,,,
data_sync,201,1508000,,,,,,
marker_write,201,33900,,,,,,
marker_sync,201,1562100,,,,,,
append,202,3322000,,,,,,
encode,202,3200,,,,,,
data_write,202,44300,,,,,,
data_sync,202,1724800,,,,,,
marker_write,202,41400,,,,,,
marker_sync,202,1506700,,,,,,
append,203,3112500,,,,,,
encode,203,4500,,,,,,
data_write,203,42000,,,,,,
data_sync,203,1426700,,,,,,
marker_write,203,32400,,,,,,
marker_sync,203,1605400,,,,,,
append,204,2966101,,,,,,
encode,204,2900,,,,,,
data_write,204,44000,,,,,,
data_sync,204,1490301,,,,,,
marker_write,204,35100,,,,,,
marker_sync,204,1391900,,,,,,
append,205,2832300,,,,,,
encode,205,2300,,,,,,
data_write,205,40700,,,,,,
data_sync,205,1354700,,,,,,
marker_write,205,34200,,,,,,
marker_sync,205,1398500,,,,,,
append,206,2914900,,,,,,
encode,206,2500,,,,,,
data_write,206,38500,,,,,,
data_sync,206,1410900,,,,,,
marker_write,206,33900,,,,,,
marker_sync,206,1427300,,,,,,
append,207,2777300,,,,,,
encode,207,3600,,,,,,
data_write,207,39800,,,,,,
data_sync,207,1369200,,,,,,
marker_write,207,30600,,,,,,
marker_sync,207,1332500,,,,,,
append,208,2852400,,,,,,
encode,208,2400,,,,,,
data_write,208,34800,,,,,,
data_sync,208,1346200,,,,,,
marker_write,208,31200,,,,,,
marker_sync,208,1436200,,,,,,
append,209,2807800,,,,,,
encode,209,3300,,,,,,
data_write,209,42400,,,,,,
data_sync,209,1351300,,,,,,
marker_write,209,33300,,,,,,
marker_sync,209,1375800,,,,,,
append,210,2805301,,,,,,
encode,210,3800,,,,,,
data_write,210,39500,,,,,,
data_sync,210,1379401,,,,,,
marker_write,210,34200,,,,,,
marker_sync,210,1347200,,,,,,
append,211,2824100,,,,,,
encode,211,3500,,,,,,
data_write,211,41900,,,,,,
data_sync,211,1367300,,,,,,
marker_write,211,30400,,,,,,
marker_sync,211,1379400,,,,,,
append,212,2983700,,,,,,
encode,212,3300,,,,,,
data_write,212,40200,,,,,,
data_sync,212,1440800,,,,,,
marker_write,212,35000,,,,,,
marker_sync,212,1462300,,,,,,
append,213,2849000,,,,,,
encode,213,4500,,,,,,
data_write,213,48500,,,,,,
data_sync,213,1401200,,,,,,
marker_write,213,34900,,,,,,
marker_sync,213,1357100,,,,,,
append,214,2795200,,,,,,
encode,214,3100,,,,,,
data_write,214,39600,,,,,,
data_sync,214,1356000,,,,,,
marker_write,214,31500,,,,,,
marker_sync,214,1363500,,,,,,
append,215,3031400,,,,,,
encode,215,3600,,,,,,
data_write,215,44500,,,,,,
data_sync,215,1522100,,,,,,
marker_write,215,32800,,,,,,
marker_sync,215,1427200,,,,,,
append,216,2842101,,,,,,
encode,216,2900,,,,,,
data_write,216,38500,,,,,,
data_sync,216,1377900,,,,,,
marker_write,216,30100,,,,,,
marker_sync,216,1391601,,,,,,
append,217,2967800,,,,,,
encode,217,2600,,,,,,
data_write,217,39700,,,,,,
data_sync,217,1361000,,,,,,
marker_write,217,32800,,,,,,
marker_sync,217,1530500,,,,,,
append,218,3030700,,,,,,
encode,218,3600,,,,,,
data_write,218,40800,,,,,,
data_sync,218,1483900,,,,,,
marker_write,218,46500,,,,,,
marker_sync,218,1454100,,,,,,
append,219,3124000,,,,,,
encode,219,3400,,,,,,
data_write,219,39600,,,,,,
data_sync,219,1660800,,,,,,
marker_write,219,33200,,,,,,
marker_sync,219,1385200,,,,,,
append,220,3109300,,,,,,
encode,220,3200,,,,,,
data_write,220,44000,,,,,,
data_sync,220,1484900,,,,,,
marker_write,220,39200,,,,,,
marker_sync,220,1535700,,,,,,
append,221,3017900,,,,,,
encode,221,3900,,,,,,
data_write,221,46700,,,,,,
data_sync,221,1479400,,,,,,
marker_write,221,39400,,,,,,
marker_sync,221,1446500,,,,,,
append,222,4556501,,,,,,
encode,222,3600,,,,,,
data_write,222,53500,,,,,,
data_sync,222,2956301,,,,,,
marker_write,222,39600,,,,,,
marker_sync,222,1500800,,,,,,
append,223,3196200,,,,,,
encode,223,6100,,,,,,
data_write,223,59900,,,,,,
data_sync,223,1531500,,,,,,
marker_write,223,53100,,,,,,
marker_sync,223,1542400,,,,,,
append,224,3265700,,,,,,
encode,224,5500,,,,,,
data_write,224,60700,,,,,,
data_sync,224,1587200,,,,,,
marker_write,224,55500,,,,,,
marker_sync,224,1553100,,,,,,
append,225,3139600,,,,,,
encode,225,7300,,,,,,
data_write,225,66000,,,,,,
data_sync,225,1445000,,,,,,
marker_write,225,36800,,,,,,
marker_sync,225,1582400,,,,,,
append,226,2777600,,,,,,
encode,226,4400,,,,,,
data_write,226,46800,,,,,,
data_sync,226,1350200,,,,,,
marker_write,226,37900,,,,,,
marker_sync,226,1335800,,,,,,
append,227,2915601,,,,,,
encode,227,5100,,,,,,
data_write,227,47900,,,,,,
data_sync,227,1375000,,,,,,
marker_write,227,46100,,,,,,
marker_sync,227,1439101,,,,,,
append,228,2884000,,,,,,
encode,228,4200,,,,,,
data_write,228,53900,,,,,,
data_sync,228,1411500,,,,,,
marker_write,228,46400,,,,,,
marker_sync,228,1366100,,,,,,
append,229,2796200,,,,,,
encode,229,4100,,,,,,
data_write,229,42600,,,,,,
data_sync,229,1289500,,,,,,
marker_write,229,36300,,,,,,
marker_sync,229,1422400,,,,,,
append,230,2909000,,,,,,
encode,230,2500,,,,,,
data_write,230,39500,,,,,,
data_sync,230,1458300,,,,,,
marker_write,230,53400,,,,,,
marker_sync,230,1352900,,,,,,
append,231,2795500,,,,,,
encode,231,4700,,,,,,
data_write,231,42500,,,,,,
data_sync,231,1267300,,,,,,
marker_write,231,36900,,,,,,
marker_sync,231,1442000,,,,,,
append,232,2780600,,,,,,
encode,232,3500,,,,,,
data_write,232,44400,,,,,,
data_sync,232,1316300,,,,,,
marker_write,232,35400,,,,,,
marker_sync,232,1378800,,,,,,
append,233,2785800,,,,,,
encode,233,4600,,,,,,
data_write,233,49900,,,,,,
data_sync,233,1343300,,,,,,
marker_write,233,35000,,,,,,
marker_sync,233,1351300,,,,,,
append,234,2699101,,,,,,
encode,234,3200,,,,,,
data_write,234,43300,,,,,,
data_sync,234,1334901,,,,,,
marker_write,234,33900,,,,,,
marker_sync,234,1282500,,,,,,
append,235,2768200,,,,,,
encode,235,2300,,,,,,
data_write,235,39300,,,,,,
data_sync,235,1408100,,,,,,
marker_write,235,34600,,,,,,
marker_sync,235,1282800,,,,,,
append,236,2672400,,,,,,
encode,236,2200,,,,,,
data_write,236,41100,,,,,,
data_sync,236,1283100,,,,,,
marker_write,236,31100,,,,,,
marker_sync,236,1313900,,,,,,
append,237,2638300,,,,,,
encode,237,1900,,,,,,
data_write,237,37100,,,,,,
data_sync,237,1266300,,,,,,
marker_write,237,27900,,,,,,
marker_sync,237,1303700,,,,,,
append,238,2879800,,,,,,
encode,238,2100,,,,,,
data_write,238,42400,,,,,,
data_sync,238,1343900,,,,,,
marker_write,238,32100,,,,,,
marker_sync,238,1457700,,,,,,
append,239,3141000,,,,,,
encode,239,3600,,,,,,
data_write,239,55500,,,,,,
data_sync,239,1652900,,,,,,
marker_write,239,48900,,,,,,
marker_sync,239,1378700,,,,,,
append,240,2666701,,,,,,
encode,240,3000,,,,,,
data_write,240,39900,,,,,,
data_sync,240,1303600,,,,,,
marker_write,240,33300,,,,,,
marker_sync,240,1285701,,,,,,
append,241,2624400,,,,,,
encode,241,2200,,,,,,
data_write,241,43700,,,,,,
data_sync,241,1285100,,,,,,
marker_write,241,30200,,,,,,
marker_sync,241,1261900,,,,,,
append,242,2707400,,,,,,
encode,242,2000,,,,,,
data_write,242,37900,,,,,,
data_sync,242,1239500,,,,,,
marker_write,242,30500,,,,,,
marker_sync,242,1396200,,,,,,
append,243,2908900,,,,,,
encode,243,3200,,,,,,
data_write,243,60200,,,,,,
data_sync,243,1379700,,,,,,
marker_write,243,32900,,,,,,
marker_sync,243,1431500,,,,,,
append,244,2915600,,,,,,
encode,244,3400,,,,,,
data_write,244,39200,,,,,,
data_sync,244,1417300,,,,,,
marker_write,244,35400,,,,,,
marker_sync,244,1418400,,,,,,
append,245,2986800,,,,,,
encode,245,3500,,,,,,
data_write,245,42500,,,,,,
data_sync,245,1473000,,,,,,
marker_write,245,35200,,,,,,
marker_sync,245,1430800,,,,,,
append,246,3084801,,,,,,
encode,246,3900,,,,,,
data_write,246,41200,,,,,,
data_sync,246,1624000,,,,,,
marker_write,246,37400,,,,,,
marker_sync,246,1376301,,,,,,
append,247,2764400,,,,,,
encode,247,4000,,,,,,
data_write,247,38700,,,,,,
data_sync,247,1358500,,,,,,
marker_write,247,32500,,,,,,
marker_sync,247,1329000,,,,,,
append,248,2888200,,,,,,
encode,248,2900,,,,,,
data_write,248,47500,,,,,,
data_sync,248,1395700,,,,,,
marker_write,248,33200,,,,,,
marker_sync,248,1406800,,,,,,
append,249,2860200,,,,,,
encode,249,2800,,,,,,
data_write,249,42400,,,,,,
data_sync,249,1375900,,,,,,
marker_write,249,33800,,,,,,
marker_sync,249,1403700,,,,,,
append,250,3047100,,,,,,
encode,250,3600,,,,,,
data_write,250,44700,,,,,,
data_sync,250,1549100,,,,,,
marker_write,250,35200,,,,,,
marker_sync,250,1412500,,,,,,
append,251,2682600,,,,,,
encode,251,3800,,,,,,
data_write,251,41000,,,,,,
data_sync,251,1288300,,,,,,
marker_write,251,35200,,,,,,
marker_sync,251,1312500,,,,,,
append,252,2689600,,,,,,
encode,252,4100,,,,,,
data_write,252,39500,,,,,,
data_sync,252,1312800,,,,,,
marker_write,252,31900,,,,,,
marker_sync,252,1299700,,,,,,
append,253,2957401,,,,,,
encode,253,3200,,,,,,
data_write,253,43200,,,,,,
data_sync,253,1372701,,,,,,
marker_write,253,39100,,,,,,
marker_sync,253,1497200,,,,,,
append,254,2879600,,,,,,
encode,254,3600,,,,,,
data_write,254,44600,,,,,,
data_sync,254,1405100,,,,,,
marker_write,254,34700,,,,,,
marker_sync,254,1389600,,,,,,
append,255,3158000,,,,,,
encode,255,4300,,,,,,
data_write,255,43900,,,,,,
data_sync,255,1497800,,,,,,
marker_write,255,50600,,,,,,
marker_sync,255,1559100,,,,,,
append,256,2720200,,,,,,
encode,256,4100,,,,,,
data_write,256,47000,,,,,,
data_sync,256,1331100,,,,,,
marker_write,256,34700,,,,,,
marker_sync,256,1302000,,,,,,
append,257,2734900,,,,,,
encode,257,2000,,,,,,
data_write,257,40500,,,,,,
data_sync,257,1294500,,,,,,
marker_write,257,33400,,,,,,
marker_sync,257,1363300,,,,,,
append,258,2847300,,,,,,
encode,258,2600,,,,,,
data_write,258,40000,,,,,,
data_sync,258,1422600,,,,,,
marker_write,258,32800,,,,,,
marker_sync,258,1347700,,,,,,
append,259,3103201,,,,,,
encode,259,4000,,,,,,
data_write,259,54200,,,,,,
data_sync,259,1528801,,,,,,
marker_write,259,54500,,,,,,
marker_sync,259,1459200,,,,,,
append,260,3351400,,,,,,
encode,260,4100,,,,,,
data_write,260,49100,,,,,,
data_sync,260,1593300,,,,,,
marker_write,260,46600,,,,,,
marker_sync,260,1655200,,,,,,
append,261,3501500,,,,,,
encode,261,5000,,,,,,
data_write,261,52000,,,,,,
data_sync,261,1857400,,,,,,
marker_write,261,38700,,,,,,
marker_sync,261,1546400,,,,,,
append,262,3103100,,,,,,
encode,262,3700,,,,,,
data_write,262,40000,,,,,,
data_sync,262,1491300,,,,,,
marker_write,262,32900,,,,,,
marker_sync,262,1533200,,,,,,
append,263,3351000,,,,,,
encode,263,3600,,,,,,
data_write,263,40800,,,,,,
data_sync,263,1730900,,,,,,
marker_write,263,37400,,,,,,
marker_sync,263,1536300,,,,,,
append,264,3074901,,,,,,
encode,264,3900,,,,,,
data_write,264,38400,,,,,,
data_sync,264,1491600,,,,,,
marker_write,264,32200,,,,,,
marker_sync,264,1506901,,,,,,
append,265,3086800,,,,,,
encode,265,3400,,,,,,
data_write,265,41100,,,,,,
data_sync,265,1460500,,,,,,
marker_write,265,34400,,,,,,
marker_sync,265,1544500,,,,,,
append,266,3238200,,,,,,
encode,266,4400,,,,,,
data_write,266,53500,,,,,,
data_sync,266,1648100,,,,,,
marker_write,266,36900,,,,,,
marker_sync,266,1493100,,,,,,
append,267,3125200,,,,,,
encode,267,3400,,,,,,
data_write,267,40500,,,,,,
data_sync,267,1513800,,,,,,
marker_write,267,37300,,,,,,
marker_sync,267,1528400,,,,,,
append,268,2965300,,,,,,
encode,268,2900,,,,,,
data_write,268,41500,,,,,,
data_sync,268,1459000,,,,,,
marker_write,268,36300,,,,,,
marker_sync,268,1424200,,,,,,
append,269,4088100,,,,,,
encode,269,2700,,,,,,
data_write,269,41000,,,,,,
data_sync,269,1501000,,,,,,
marker_write,269,35800,,,,,,
marker_sync,269,2505900,,,,,,
append,270,3099501,,,,,,
encode,270,3900,,,,,,
data_write,270,45600,,,,,,
data_sync,270,1568201,,,,,,
marker_write,270,39600,,,,,,
marker_sync,270,1440000,,,,,,
append,271,3012700,,,,,,
encode,271,4100,,,,,,
data_write,271,41100,,,,,,
data_sync,271,1438600,,,,,,
marker_write,271,33100,,,,,,
marker_sync,271,1494300,,,,,,
append,272,2957300,,,,,,
encode,272,3400,,,,,,
data_write,272,39700,,,,,,
data_sync,272,1405300,,,,,,
marker_write,272,32500,,,,,,
marker_sync,272,1475000,,,,,,
append,273,2862900,,,,,,
encode,273,2900,,,,,,
data_write,273,38200,,,,,,
data_sync,273,1421100,,,,,,
marker_write,273,33200,,,,,,
marker_sync,273,1366400,,,,,,
append,274,3071200,,,,,,
encode,274,2400,,,,,,
data_write,274,38200,,,,,,
data_sync,274,1552600,,,,,,
marker_write,274,32400,,,,,,
marker_sync,274,1444600,,,,,,
append,275,2952900,,,,,,
encode,275,2900,,,,,,
data_write,275,38600,,,,,,
data_sync,275,1420200,,,,,,
marker_write,275,48200,,,,,,
marker_sync,275,1441500,,,,,,
append,276,3066901,,,,,,
encode,276,2700,,,,,,
data_write,276,39900,,,,,,
data_sync,276,1485601,,,,,,
marker_write,276,32600,,,,,,
marker_sync,276,1504800,,,,,,
append,277,3083000,,,,,,
encode,277,2800,,,,,,
data_write,277,47700,,,,,,
data_sync,277,1596900,,,,,,
marker_write,277,32200,,,,,,
marker_sync,277,1402300,,,,,,
append,278,2849400,,,,,,
encode,278,2000,,,,,,
data_write,278,38600,,,,,,
data_sync,278,1403900,,,,,,
marker_write,278,31500,,,,,,
marker_sync,278,1372200,,,,,,
append,279,3047700,,,,,,
encode,279,2200,,,,,,
data_write,279,38400,,,,,,
data_sync,279,1415600,,,,,,
marker_write,279,31900,,,,,,
marker_sync,279,1558400,,,,,,
append,280,2974900,,,,,,
encode,280,2400,,,,,,
data_write,280,37900,,,,,,
data_sync,280,1407000,,,,,,
marker_write,280,28700,,,,,,
marker_sync,280,1497600,,,,,,
append,281,3050100,,,,,,
encode,281,2400,,,,,,
data_write,281,40000,,,,,,
data_sync,281,1511700,,,,,,
marker_write,281,32800,,,,,,
marker_sync,281,1461900,,,,,,
append,282,2998101,,,,,,
encode,282,2500,,,,,,
data_write,282,38300,,,,,,
data_sync,282,1447901,,,,,,
marker_write,282,34700,,,,,,
marker_sync,282,1473500,,,,,,
append,283,2973900,,,,,,
encode,283,2900,,,,,,
data_write,283,37700,,,,,,
data_sync,283,1430900,,,,,,
marker_write,283,14300,,,,,,
marker_sync,283,1487100,,,,,,
append,284,3072600,,,,,,
encode,284,2200,,,,,,
data_write,284,40200,,,,,,
data_sync,284,1504700,,,,,,
marker_write,284,33400,,,,,,
marker_sync,284,1490600,,,,,,
append,285,3039600,,,,,,
encode,285,2800,,,,,,
data_write,285,39800,,,,,,
data_sync,285,1485000,,,,,,
marker_write,285,31600,,,,,,
marker_sync,285,1478800,,,,,,
append,286,3119300,,,,,,
encode,286,2700,,,,,,
data_write,286,38100,,,,,,
data_sync,286,1599400,,,,,,
marker_write,286,32100,,,,,,
marker_sync,286,1445800,,,,,,
append,287,2894900,,,,,,
encode,287,2300,,,,,,
data_write,287,38100,,,,,,
data_sync,287,1384500,,,,,,
marker_write,287,31300,,,,,,
marker_sync,287,1437500,,,,,,
append,288,2841401,,,,,,
encode,288,2500,,,,,,
data_write,288,37200,,,,,,
data_sync,288,1375401,,,,,,
marker_write,288,33000,,,,,,
marker_sync,288,1392100,,,,,,
append,289,2806500,,,,,,
encode,289,1900,,,,,,
data_write,289,36600,,,,,,
data_sync,289,1359900,,,,,,
marker_write,289,29600,,,,,,
marker_sync,289,1377300,,,,,,
append,290,2927600,,,,,,
encode,290,2000,,,,,,
data_write,290,38200,,,,,,
data_sync,290,1429200,,,,,,
marker_write,290,31300,,,,,,
marker_sync,290,1425700,,,,,,
append,291,3332700,,,,,,
encode,291,2000,,,,,,
data_write,291,35600,,,,,,
data_sync,291,1513500,,,,,,
marker_write,291,32500,,,,,,
marker_sync,291,1747900,,,,,,
append,292,3247300,,,,,,
encode,292,2400,,,,,,
data_write,292,40100,,,,,,
data_sync,292,1785100,,,,,,
marker_write,292,32300,,,,,,
marker_sync,292,1386200,,,,,,
append,293,2810600,,,,,,
encode,293,1800,,,,,,
data_write,293,36700,,,,,,
data_sync,293,1388100,,,,,,
marker_write,293,31900,,,,,,
marker_sync,293,1350800,,,,,,
append,294,3086301,,,,,,
encode,294,2600,,,,,,
data_write,294,38600,,,,,,
data_sync,294,1500801,,,,,,
marker_write,294,39900,,,,,,
marker_sync,294,1501500,,,,,,
append,295,3095300,,,,,,
encode,295,4900,,,,,,
data_write,295,51200,,,,,,
data_sync,295,1470800,,,,,,
marker_write,295,45200,,,,,,
marker_sync,295,1519800,,,,,,
append,296,3302000,,,,,,
encode,296,4500,,,,,,
data_write,296,61400,,,,,,
data_sync,296,1584500,,,,,,
marker_write,296,44600,,,,,,
marker_sync,296,1604400,,,,,,
append,297,2855700,,,,,,
encode,297,3800,,,,,,
data_write,297,43000,,,,,,
data_sync,297,1403400,,,,,,
marker_write,297,36300,,,,,,
marker_sync,297,1367300,,,,,,
append,298,2830800,,,,,,
encode,298,2400,,,,,,
data_write,298,51600,,,,,,
data_sync,298,1361900,,,,,,
marker_write,298,34000,,,,,,
marker_sync,298,1379600,,,,,,
append,299,2861100,,,,,,
encode,299,2300,,,,,,
data_write,299,39000,,,,,,
data_sync,299,1383800,,,,,,
marker_write,299,31900,,,,,,
marker_sync,299,1402700,,,,,,
append,300,2901701,,,,,,
encode,300,2700,,,,,,
data_write,300,38100,,,,,,
data_sync,300,1411101,,,,,,
marker_write,300,31000,,,,,,
marker_sync,300,1417100,,,,,,
append,301,2887900,,,,,,
encode,301,3600,,,,,,
data_write,301,45600,,,,,,
data_sync,301,1415400,,,,,,
marker_write,301,34700,,,,,,
marker_sync,301,1386300,,,,,,
append,302,2761500,,,,,,
encode,302,2800,,,,,,
data_write,302,42200,,,,,,
data_sync,302,1358400,,,,,,
marker_write,302,32300,,,,,,
marker_sync,302,1324800,,,,,,
append,303,2758800,,,,,,
encode,303,2800,,,,,,
data_write,303,40400,,,,,,
data_sync,303,1347400,,,,,,
marker_write,303,32000,,,,,,
marker_sync,303,1335000,,,,,,
append,304,2759400,,,,,,
encode,304,2400,,,,,,
data_write,304,37100,,,,,,
data_sync,304,1305400,,,,,,
marker_write,304,28100,,,,,,
marker_sync,304,1385000,,,,,,
append,305,2933600,,,,,,
encode,305,2000,,,,,,
data_write,305,46200,,,,,,
data_sync,305,1480700,,,,,,
marker_write,305,33700,,,,,,
marker_sync,305,1370000,,,,,,
append,306,2676901,,,,,,
encode,306,2300,,,,,,
data_write,306,36000,,,,,,
data_sync,306,1321400,,,,,,
marker_write,306,31800,,,,,,
marker_sync,306,1283801,,,,,,
append,307,2689000,,,,,,
encode,307,2200,,,,,,
data_write,307,37100,,,,,,
data_sync,307,1280600,,,,,,
marker_write,307,31000,,,,,,
marker_sync,307,1337200,,,,,,
append,308,2639600,,,,,,
encode,308,2700,,,,,,
data_write,308,20900,,,,,,
data_sync,308,1302800,,,,,,
marker_write,308,29400,,,,,,
marker_sync,308,1282600,,,,,,
append,309,2676100,,,,,,
encode,309,2000,,,,,,
data_write,309,33800,,,,,,
data_sync,309,1303600,,,,,,
marker_write,309,10300,,,,,,
marker_sync,309,1325400,,,,,,
append,310,2737900,,,,,,
encode,310,1700,,,,,,
data_write,310,34900,,,,,,
data_sync,310,1354200,,,,,,
marker_write,310,33200,,,,,,
marker_sync,310,1312400,,,,,,
append,311,2636100,,,,,,
encode,311,3300,,,,,,
data_write,311,40500,,,,,,
data_sync,311,1286200,,,,,,
marker_write,311,34100,,,,,,
marker_sync,311,1270100,,,,,,
append,312,2803500,,,,,,
encode,312,2900,,,,,,
data_write,312,39900,,,,,,
data_sync,312,1278900,,,,,,
marker_write,312,39500,,,,,,
marker_sync,312,1440600,,,,,,
append,313,2717301,,,,,,
encode,313,3400,,,,,,
data_write,313,41300,,,,,,
data_sync,313,1313401,,,,,,
marker_write,313,34300,,,,,,
marker_sync,313,1323500,,,,,,
append,314,2734100,,,,,,
encode,314,3300,,,,,,
data_write,314,40000,,,,,,
data_sync,314,1328900,,,,,,
marker_write,314,34500,,,,,,
marker_sync,314,1326100,,,,,,
append,315,2752700,,,,,,
encode,315,3000,,,,,,
data_write,315,40200,,,,,,
data_sync,315,1383500,,,,,,
marker_write,315,32400,,,,,,
marker_sync,315,1292400,,,,,,
append,316,2657500,,,,,,
encode,316,3000,,,,,,
data_write,316,37800,,,,,,
data_sync,316,1274100,,,,,,
marker_write,316,27300,,,,,,
marker_sync,316,1314100,,,,,,
append,317,2664200,,,,,,
encode,317,2500,,,,,,
data_write,317,40000,,,,,,
data_sync,317,1303000,,,,,,
marker_write,317,34900,,,,,,
marker_sync,317,1282700,,,,,,
append,318,2759900,,,,,,
encode,318,2100,,,,,,
data_write,318,38400,,,,,,
data_sync,318,1343300,,,,,,
marker_write,318,32500,,,,,,
marker_sync,318,1342200,,,,,,
append,319,3306101,,,,,,
encode,319,2700,,,,,,
data_write,319,44500,,,,,,
data_sync,319,1642700,,,,,,
marker_write,319,48700,,,,,,
marker_sync,319,1565701,,,,,,
append,320,2746700,,,,,,
encode,320,4600,,,,,,
data_write,320,41500,,,,,,
data_sync,320,1356800,,,,,,
marker_write,320,34000,,,,,,
marker_sync,320,1308300,,,,,,
append,321,2617900,,,,,,
encode,321,2100,,,,,,
data_write,321,41800,,,,,,
data_sync,321,1282600,,,,,,
marker_write,321,29700,,,,,,
marker_sync,321,1260600,,,,,,
append,322,2682000,,,,,,
encode,322,2000,,,,,,
data_write,322,36300,,,,,,
data_sync,322,1248400,,,,,,
marker_write,322,28800,,,,,,
marker_sync,322,1364900,,,,,,
append,323,2707300,,,,,,
encode,323,1900,,,,,,
data_write,323,36700,,,,,,
data_sync,323,1323500,,,,,,
marker_write,323,31500,,,,,,
marker_sync,323,1312300,,,,,,
append,324,2640000,,,,,,
encode,324,2200,,,,,,
data_write,324,33800,,,,,,
data_sync,324,1276100,,,,,,
marker_write,324,29600,,,,,,
marker_sync,324,1297300,,,,,,
append,325,2624400,,,,,,
encode,325,2200,,,,,,
data_write,325,38200,,,,,,
data_sync,325,1294800,,,,,,
marker_write,325,31500,,,,,,
marker_sync,325,1256700,,,,,,
append,326,2957101,,,,,,
encode,326,2500,,,,,,
data_write,326,37000,,,,,,
data_sync,326,1434001,,,,,,
marker_write,326,32100,,,,,,
marker_sync,326,1450700,,,,,,
append,327,2911500,,,,,,
encode,327,2100,,,,,,
data_write,327,37500,,,,,,
data_sync,327,1445700,,,,,,
marker_write,327,32600,,,,,,
marker_sync,327,1392500,,,,,,
append,328,2740300,,,,,,
encode,328,2300,,,,,,
data_write,328,41200,,,,,,
data_sync,328,1324800,,,,,,
marker_write,328,31800,,,,,,
marker_sync,328,1339000,,,,,,
append,329,2786200,,,,,,
encode,329,2700,,,,,,
data_write,329,39800,,,,,,
data_sync,329,1314400,,,,,,
marker_write,329,35300,,,,,,
marker_sync,329,1392200,,,,,,
append,330,2832700,,,,,,
encode,330,4000,,,,,,
data_write,330,43000,,,,,,
data_sync,330,1372700,,,,,,
marker_write,330,36400,,,,,,
marker_sync,330,1374600,,,,,,
append,331,2655800,,,,,,
encode,331,3700,,,,,,
data_write,331,40600,,,,,,
data_sync,331,1293700,,,,,,
marker_write,331,31000,,,,,,
marker_sync,331,1285300,,,,,,
append,332,2686901,,,,,,
encode,332,2800,,,,,,
data_write,332,37400,,,,,,
data_sync,332,1285000,,,,,,
marker_write,332,32900,,,,,,
marker_sync,332,1327401,,,,,,
append,333,2802900,,,,,,
encode,333,2600,,,,,,
data_write,333,43300,,,,,,
data_sync,333,1392000,,,,,,
marker_write,333,34700,,,,,,
marker_sync,333,1328800,,,,,,
append,334,2737500,,,,,,
encode,334,4300,,,,,,
data_write,334,47300,,,,,,
data_sync,334,1343300,,,,,,
marker_write,334,34700,,,,,,
marker_sync,334,1306400,,,,,,
append,335,2675200,,,,,,
encode,335,3200,,,,,,
data_write,335,40100,,,,,,
data_sync,335,1284400,,,,,,
marker_write,335,32900,,,,,,
marker_sync,335,1313300,,,,,,
append,336,2587500,,,,,,
encode,336,2400,,,,,,
data_write,336,40300,,,,,,
data_sync,336,1265500,,,,,,
marker_write,336,30800,,,,,,
marker_sync,336,1247000,,,,,,
append,337,2660300,,,,,,
encode,337,2800,,,,,,
data_write,337,34100,,,,,,
data_sync,337,1323100,,,,,,
marker_write,337,30300,,,,,,
marker_sync,337,1268900,,,,,,
append,338,2548900,,,,,,
encode,338,2500,,,,,,
data_write,338,35500,,,,,,
data_sync,338,1239000,,,,,,
marker_write,338,27200,,,,,,
marker_sync,338,1243800,,,,,,
append,339,2544701,,,,,,
encode,339,1900,,,,,,
data_write,339,36100,,,,,,
data_sync,339,1240600,,,,,,
marker_write,339,27700,,,,,,
marker_sync,339,1237201,,,,,,
append,340,2621100,,,,,,
encode,340,2100,,,,,,
data_write,340,36400,,,,,,
data_sync,340,1293600,,,,,,
marker_write,340,32500,,,,,,
marker_sync,340,1255400,,,,,,
append,341,2715200,,,,,,
encode,341,1700,,,,,,
data_write,341,36700,,,,,,
data_sync,341,1337200,,,,,,
marker_write,341,33200,,,,,,
marker_sync,341,1305300,,,,,,
append,342,2698100,,,,,,
encode,342,1900,,,,,,
data_write,342,36900,,,,,,
data_sync,342,1242100,,,,,,
marker_write,342,27300,,,,,,
marker_sync,342,1388400,,,,,,
append,343,2674700,,,,,,
encode,343,2300,,,,,,
data_write,343,41300,,,,,,
data_sync,343,1337100,,,,,,
marker_write,343,31600,,,,,,
marker_sync,343,1261400,,,,,,
append,344,2734600,,,,,,
encode,344,2500,,,,,,
data_write,344,36400,,,,,,
data_sync,344,1263700,,,,,,
marker_write,344,34600,,,,,,
marker_sync,344,1396400,,,,,,
append,345,2583600,,,,,,
encode,345,1900,,,,,,
data_write,345,36500,,,,,,
data_sync,345,1271700,,,,,,
marker_write,345,31000,,,,,,
marker_sync,345,1241400,,,,,,
append,346,2522301,,,,,,
encode,346,2100,,,,,,
data_write,346,35100,,,,,,
data_sync,346,1239701,,,,,,
marker_write,346,30900,,,,,,
marker_sync,346,1213200,,,,,,
append,347,2654100,,,,,,
encode,347,1800,,,,,,
data_write,347,34400,,,,,,
data_sync,347,1203700,,,,,,
marker_write,347,27700,,,,,,
marker_sync,347,1385300,,,,,,
append,348,2801700,,,,,,
encode,348,2300,,,,,,
data_write,348,38400,,,,,,
data_sync,348,1302400,,,,,,
marker_write,348,37500,,,,,,
marker_sync,348,1419700,,,,,,
append,349,3044200,,,,,,
encode,349,3500,,,,,,
data_write,349,43500,,,,,,
data_sync,349,1487300,,,,,,
marker_write,349,43300,,,,,,
marker_sync,349,1464700,,,,,,
append,350,2727300,,,,,,
encode,350,3800,,,,,,
data_write,350,42100,,,,,,
data_sync,350,1290600,,,,,,
marker_write,350,27900,,,,,,
marker_sync,350,1360600,,,,,,
append,351,2733500,,,,,,
encode,351,3000,,,,,,
data_write,351,41100,,,,,,
data_sync,351,1252700,,,,,,
marker_write,351,30600,,,,,,
marker_sync,351,1404600,,,,,,
append,352,2604701,,,,,,
encode,352,2500,,,,,,
data_write,352,34300,,,,,,
data_sync,352,1276500,,,,,,
marker_write,352,26700,,,,,,
marker_sync,352,1263801,,,,,,
append,353,2645500,,,,,,
encode,353,1700,,,,,,
data_write,353,32600,,,,,,
data_sync,353,1259800,,,,,,
marker_write,353,26100,,,,,,
marker_sync,353,1324100,,,,,,
append,354,2750000,,,,,,
encode,354,2300,,,,,,
data_write,354,40500,,,,,,
data_sync,354,1364700,,,,,,
marker_write,354,31200,,,,,,
marker_sync,354,1310300,,,,,,
append,355,2665600,,,,,,
encode,355,2600,,,,,,
data_write,355,38200,,,,,,
data_sync,355,1318200,,,,,,
marker_write,355,33400,,,,,,
marker_sync,355,1272000,,,,,,
append,356,2590700,,,,,,
encode,356,2400,,,,,,
data_write,356,37400,,,,,,
data_sync,356,1273600,,,,,,
marker_write,356,28300,,,,,,
marker_sync,356,1247600,,,,,,
append,357,2565900,,,,,,
encode,357,2200,,,,,,
data_write,357,40400,,,,,,
data_sync,357,1261900,,,,,,
marker_write,357,30000,,,,,,
marker_sync,357,1230300,,,,,,
append,358,2602600,,,,,,
encode,358,1900,,,,,,
data_write,358,40800,,,,,,
data_sync,358,1282700,,,,,,
marker_write,358,29400,,,,,,
marker_sync,358,1246600,,,,,,
append,359,2576201,,,,,,
encode,359,1800,,,,,,
data_write,359,33300,,,,,,
data_sync,359,1237900,,,,,,
marker_write,359,27600,,,,,,
marker_sync,359,1274601,,,,,,
append,360,2714400,,,,,,
encode,360,2200,,,,,,
data_write,360,60200,,,,,,
data_sync,360,1381600,,,,,,
marker_write,360,30800,,,,,,
marker_sync,360,1238500,,,,,,
append,361,2574600,,,,,,
encode,361,1800,,,,,,
data_write,361,36200,,,,,,
data_sync,361,1242200,,,,,,
marker_write,361,37100,,,,,,
marker_sync,361,1256400,,,,,,
append,362,2528700,,,,,,
encode,362,1800,,,,,,
data_write,362,35500,,,,,,
data_sync,362,1227400,,,,,,
marker_write,362,28300,,,,,,
marker_sync,362,1234700,,,,,,
append,363,2487600,,,,,,
encode,363,1700,,,,,,
data_write,363,35300,,,,,,
data_sync,363,1209900,,,,,,
marker_write,363,27600,,,,,,
marker_sync,363,1212500,,,,,,
append,364,2549700,,,,,,
encode,364,1500,,,,,,
data_write,364,32500,,,,,,
data_sync,364,1246300,,,,,,
marker_write,364,31300,,,,,,
marker_sync,364,1237200,,,,,,
append,365,2532000,,,,,,
encode,365,1600,,,,,,
data_write,365,35200,,,,,,
data_sync,365,1243600,,,,,,
marker_write,365,28600,,,,,,
marker_sync,365,1222000,,,,,,
append,366,2721401,,,,,,
encode,366,2000,,,,,,
data_write,366,36300,,,,,,
data_sync,366,1264900,,,,,,
marker_write,366,38200,,,,,,
marker_sync,366,1378601,,,,,,
append,367,2617000,,,,,,
encode,367,3000,,,,,,
data_write,367,42000,,,,,,
data_sync,367,1289900,,,,,,
marker_write,367,30900,,,,,,
marker_sync,367,1249800,,,,,,
append,368,2588600,,,,,,
encode,368,2500,,,,,,
data_write,368,38200,,,,,,
data_sync,368,1253200,,,,,,
marker_write,368,30800,,,,,,
marker_sync,368,1263000,,,,,,
append,369,2623400,,,,,,
encode,369,2100,,,,,,
data_write,369,39100,,,,,,
data_sync,369,1254200,,,,,,
marker_write,369,29600,,,,,,
marker_sync,369,1297300,,,,,,
append,370,2729000,,,,,,
encode,370,2300,,,,,,
data_write,370,36800,,,,,,
data_sync,370,1377200,,,,,,
marker_write,370,33000,,,,,,
marker_sync,370,1278300,,,,,,
append,371,2616500,,,,,,
encode,371,2700,,,,,,
data_write,371,39500,,,,,,
data_sync,371,1256000,,,,,,
marker_write,371,30600,,,,,,
marker_sync,371,1286700,,,,,,
append,372,3207700,,,,,,
encode,372,1900,,,,,,
data_write,372,35100,,,,,,
data_sync,372,1464600,,,,,,
marker_write,372,32000,,,,,,
marker_sync,372,1672300,,,,,,
append,373,3029801,,,,,,
encode,373,4100,,,,,,
data_write,373,41200,,,,,,
data_sync,373,1533801,,,,,,
marker_write,373,35700,,,,,,
marker_sync,373,1411900,,,,,,
append,374,2934000,,,,,,
encode,374,5900,,,,,,
data_write,374,50500,,,,,,
data_sync,374,1410600,,,,,,
marker_write,374,45400,,,,,,
marker_sync,374,1419100,,,,,,
append,375,2909600,,,,,,
encode,375,4300,,,,,,
data_write,375,50200,,,,,,
data_sync,375,1469000,,,,,,
marker_write,375,34100,,,,,,
marker_sync,375,1350600,,,,,,
append,376,4403100,,,,,,
encode,376,2600,,,,,,
data_write,376,38800,,,,,,
data_sync,376,1349800,,,,,,
marker_write,376,29200,,,,,,
marker_sync,376,2981200,,,,,,
append,377,2938500,,,,,,
encode,377,3200,,,,,,
data_write,377,43400,,,,,,
data_sync,377,1459800,,,,,,
marker_write,377,35100,,,,,,
marker_sync,377,1395600,,,,,,
append,378,2830201,,,,,,
encode,378,2900,,,,,,
data_write,378,40400,,,,,,
data_sync,378,1391400,,,,,,
marker_write,378,32000,,,,,,
marker_sync,378,1361801,,,,,,
append,379,2699100,,,,,,
encode,379,2700,,,,,,
data_write,379,34900,,,,,,
data_sync,379,1324600,,,,,,
marker_write,379,26300,,,,,,
marker_sync,379,1309500,,,,,,
append,380,2672200,,,,,,
encode,380,1500,,,,,,
data_write,380,32200,,,,,,
data_sync,380,1315400,,,,,,
marker_write,380,26700,,,,,,
marker_sync,380,1295400,,,,,,
append,381,2664000,,,,,,
encode,381,1400,,,,,,
data_write,381,33000,,,,,,
data_sync,381,1295100,,,,,,
marker_write,381,26200,,,,,,
marker_sync,381,1307700,,,,,,
append,382,2763600,,,,,,
encode,382,1400,,,,,,
data_write,382,32700,,,,,,
data_sync,382,1301400,,,,,,
marker_write,382,26300,,,,,,
marker_sync,382,1400700,,,,,,
append,383,3024300,,,,,,
encode,383,1900,,,,,,
data_write,383,36400,,,,,,
data_sync,383,1451700,,,,,,
marker_write,383,31700,,,,,,
marker_sync,383,1500900,,,,,,
append,384,2870300,,,,,,
encode,384,3300,,,,,,
data_write,384,41600,,,,,,
data_sync,384,1469000,,,,,,
marker_write,384,32600,,,,,,
marker_sync,384,1322400,,,,,,
append,385,2723801,,,,,,
encode,385,2100,,,,,,
data_write,385,33400,,,,,,
data_sync,385,1341301,,,,,,
marker_write,385,26300,,,,,,
marker_sync,385,1319700,,,,,,
append,386,2717900,,,,,,
encode,386,2000,,,,,,
data_write,386,33400,,,,,,
data_sync,386,1298500,,,,,,
marker_write,386,26000,,,,,,
marker_sync,386,1357100,,,,,,
append,387,2689200,,,,,,
encode,387,2000,,,,,,
data_write,387,37000,,,,,,
data_sync,387,1292000,,,,,,
marker_write,387,27100,,,,,,
marker_sync,387,1330000,,,,,,
append,388,2862000,,,,,,
encode,388,2000,,,,,,
data_write,388,46200,,,,,,
data_sync,388,1430900,,,,,,
marker_write,388,30700,,,,,,
marker_sync,388,1351100,,,,,,
append,389,2725500,,,,,,
encode,389,1800,,,,,,
data_write,389,36900,,,,,,
data_sync,389,1317900,,,,,,
marker_write,389,29400,,,,,,
marker_sync,389,1338500,,,,,,
append,390,2713600,,,,,,
encode,390,1900,,,,,,
data_write,390,37600,,,,,,
data_sync,390,1325200,,,,,,
marker_write,390,30800,,,,,,
marker_sync,390,1316800,,,,,,
append,391,2787501,,,,,,
encode,391,1800,,,,,,
data_write,391,33000,,,,,,
data_sync,391,1393200,,,,,,
marker_write,391,31600,,,,,,
marker_sync,391,1326901,,,,,,
append,392,2782200,,,,,,
encode,392,1700,,,,,,
data_write,392,35000,,,,,,
data_sync,392,1308700,,,,,,
marker_write,392,26200,,,,,,
marker_sync,392,1409600,,,,,,
append,393,2712400,,,,,,
encode,393,1900,,,,,,
data_write,393,38000,,,,,,
data_sync,393,1323500,,,,,,
marker_write,393,28700,,,,,,
marker_sync,393,1319300,,,,,,
append,394,2846500,,,,,,
encode,394,1600,,,,,,
data_write,394,32200,,,,,,
data_sync,394,1354000,,,,,,
marker_write,394,30000,,,,,,
marker_sync,394,1427300,,,,,,
append,395,2961100,,,,,,
encode,395,4400,,,,,,
data_write,395,55600,,,,,,
data_sync,395,1477100,,,,,,
marker_write,395,34100,,,,,,
marker_sync,395,1387900,,,,,,
append,396,2817200,,,,,,
encode,396,3500,,,,,,
data_write,396,40400,,,,,,
data_sync,396,1376300,,,,,,
marker_write,396,30500,,,,,,
marker_sync,396,1365600,,,,,,
append,397,2743800,,,,,,
encode,397,2000,,,,,,
data_write,397,37200,,,,,,
data_sync,397,1342900,,,,,,
marker_write,397,29600,,,,,,
marker_sync,397,1330700,,,,,,
append,398,2771201,,,,,,
encode,398,2200,,,,,,
data_write,398,32900,,,,,,
data_sync,398,1325701,,,,,,
marker_write,398,31600,,,,,,
marker_sync,398,1378000,,,,,,
append,399,2811200,,,,,,
encode,399,2600,,,,,,
data_write,399,36500,,,,,,
data_sync,399,1335500,,,,,,
marker_write,399,27800,,,,,,
marker_sync,399,1407900,,,,,,
append,400,3088400,,,,,,
encode,400,2500,,,,,,
data_write,400,40600,,,,,,
data_sync,400,1483300,,,,,,
marker_write,400,44300,,,,,,
marker_sync,400,1516000,,,,,,
append,401,2948500,,,,,,
encode,401,4000,,,,,,
data_write,401,41300,,,,,,
data_sync,401,1480700,,,,,,
marker_write,401,34400,,,,,,
marker_sync,401,1386700,,,,,,
append,402,2762000,,,,,,
encode,402,2900,,,,,,
data_write,402,37300,,,,,,
data_sync,402,1336800,,,,,,
marker_write,402,31400,,,,,,
marker_sync,402,1352600,,,,,,
append,403,2729800,,,,,,
encode,403,2400,,,,,,
data_write,403,36600,,,,,,
data_sync,403,1333900,,,,,,
marker_write,403,26600,,,,,,
marker_sync,403,1329200,,,,,,
append,404,2713701,,,,,,
encode,404,2100,,,,,,
data_write,404,37400,,,,,,
data_sync,404,1323800,,,,,,
marker_write,404,29100,,,,,,
marker_sync,404,1320001,,,,,,
append,405,3048700,,,,,,
encode,405,1700,,,,,,
data_write,405,32600,,,,,,
data_sync,405,1333000,,,,,,
marker_write,405,36300,,,,,,
marker_sync,405,1643900,,,,,,
append,406,3184900,,,,,,
encode,406,3200,,,,,,
data_write,406,53300,,,,,,
data_sync,406,1586100,,,,,,
marker_write,406,41600,,,,,,
marker_sync,406,1499100,,,,,,
append,407,3099500,,,,,,
encode,407,3500,,,,,,
data_write,407,48500,,,,,,
data_sync,407,1533200,,,,,,
marker_write,407,35500,,,,,,
marker_sync,407,1477200,,,,,,
append,408,3241100,,,,,,
encode,408,3300,,,,,,
data_write,408,39300,,,,,,
data_sync,408,1674400,,,,,,
marker_write,408,34400,,,,,,
marker_sync,408,1488100,,,,,,
append,409,2942500,,,,,,
encode,409,2700,,,,,,
data_write,409,37200,,,,,,
data_sync,409,1438300,,,,,,
marker_write,409,30900,,,,,,
marker_sync,409,1432200,,,,,,
append,410,3587201,,,,,,
encode,410,2600,,,,,,
data_write,410,36300,,,,,,
data_sync,410,2021101,,,,,,
marker_write,410,36900,,,,,,
marker_sync,410,1488500,,,,,,
append,411,4568100,,,,,,
encode,411,3800,,,,,,
data_write,411,36600,,,,,,
data_sync,411,1426000,,,,,,
marker_write,411,28100,,,,,,
marker_sync,411,3071600,,,,,,
append,412,3273400,,,,,,
encode,412,4400,,,,,,
data_write,412,45800,,,,,,
data_sync,412,1653900,,,,,,
marker_write,412,35100,,,,,,
marker_sync,412,1532100,,,,,,
append,413,3167400,,,,,,
encode,413,4900,,,,,,
data_write,413,48600,,,,,,
data_sync,413,1574000,,,,,,
marker_write,413,32900,,,,,,
marker_sync,413,1505100,,,,,,
append,414,2917000,,,,,,
encode,414,4000,,,,,,
data_write,414,39100,,,,,,
data_sync,414,1367700,,,,,,
marker_write,414,30500,,,,,,
marker_sync,414,1473500,,,,,,
append,415,3284501,,,,,,
encode,415,4000,,,,,,
data_write,415,54300,,,,,,
data_sync,415,1577300,,,,,,
marker_write,415,45201,,,,,,
marker_sync,415,1601600,,,,,,
append,416,3023000,,,,,,
encode,416,4400,,,,,,
data_write,416,60600,,,,,,
data_sync,416,1530000,,,,,,
marker_write,416,32500,,,,,,
marker_sync,416,1393800,,,,,,
append,417,2963900,,,,,,
encode,417,2900,,,,,,
data_write,417,37400,,,,,,
data_sync,417,1400600,,,,,,
marker_write,417,30000,,,,,,
marker_sync,417,1491000,,,,,,
append,418,2974800,,,,,,
encode,418,2400,,,,,,
data_write,418,34900,,,,,,
data_sync,418,1440800,,,,,,
marker_write,418,27900,,,,,,
marker_sync,418,1467400,,,,,,
append,419,2900400,,,,,,
encode,419,2100,,,,,,
data_write,419,33500,,,,,,
data_sync,419,1433500,,,,,,
marker_write,419,28700,,,,,,
marker_sync,419,1401600,,,,,,
append,420,3080000,,,,,,
encode,420,2400,,,,,,
data_write,420,77800,,,,,,
data_sync,420,1528000,,,,,,
marker_write,420,32200,,,,,,
marker_sync,420,1437900,,,,,,
append,421,3170301,,,,,,
encode,421,3200,,,,,,
data_write,421,40300,,,,,,
data_sync,421,1547201,,,,,,
marker_write,421,30500,,,,,,
marker_sync,421,1547500,,,,,,
append,422,3290900,,,,,,
encode,422,2500,,,,,,
data_write,422,42800,,,,,,
data_sync,422,1646700,,,,,,
marker_write,422,31700,,,,,,
marker_sync,422,1566300,,,,,,
append,423,2754800,,,,,,
encode,423,2500,,,,,,
data_write,423,37200,,,,,,
data_sync,423,1346300,,,,,,
marker_write,423,29700,,,,,,
marker_sync,423,1337900,,,,,,
append,424,2728800,,,,,,
encode,424,1700,,,,,,
data_write,424,34200,,,,,,
data_sync,424,1347600,,,,,,
marker_write,424,33800,,,,,,
marker_sync,424,1310500,,,,,,
append,425,2746700,,,,,,
encode,425,1700,,,,,,
data_write,425,35000,,,,,,
data_sync,425,1365800,,,,,,
marker_write,425,29700,,,,,,
marker_sync,425,1313500,,,,,,
append,426,2582400,,,,,,
encode,426,2200,,,,,,
data_write,426,37900,,,,,,
data_sync,426,1265200,,,,,,
marker_write,426,27900,,,,,,
marker_sync,426,1248300,,,,,,
append,427,2525501,,,,,,
encode,427,1600,,,,,,
data_write,427,32700,,,,,,
data_sync,427,1238800,,,,,,
marker_write,427,30800,,,,,,
marker_sync,427,1220101,,,,,,
append,428,2577500,,,,,,
encode,428,2000,,,,,,
data_write,428,36700,,,,,,
data_sync,428,1245000,,,,,,
marker_write,428,27300,,,,,,
marker_sync,428,1265400,,,,,,
append,429,2700200,,,,,,
encode,429,2400,,,,,,
data_write,429,39400,,,,,,
data_sync,429,1324600,,,,,,
marker_write,429,33900,,,,,,
marker_sync,429,1298500,,,,,,
append,430,2597000,,,,,,
encode,430,3600,,,,,,
data_write,430,45700,,,,,,
data_sync,430,1269400,,,,,,
marker_write,430,32400,,,,,,
marker_sync,430,1244700,,,,,,
append,431,3287800,,,,,,
encode,431,2300,,,,,,
data_write,431,37300,,,,,,
data_sync,431,1665700,,,,,,
marker_write,431,34300,,,,,,
marker_sync,431,1547100,,,,,,
append,432,2669800,,,,,,
encode,432,2500,,,,,,
data_write,432,40100,,,,,,
data_sync,432,1323700,,,,,,
marker_write,432,32900,,,,,,
marker_sync,432,1269400,,,,,,
append,433,2629200,,,,,,
encode,433,2200,,,,,,
data_write,433,37300,,,,,,
data_sync,433,1280000,,,,,,
marker_write,433,30000,,,,,,
marker_sync,433,1278400,,,,,,
append,434,2585701,,,,,,
encode,434,1900,,,,,,
data_write,434,33000,,,,,,
data_sync,434,1250401,,,,,,
marker_write,434,25900,,,,,,
marker_sync,434,1273500,,,,,,
append,435,2642500,,,,,,
encode,435,1700,,,,,,
data_write,435,35500,,,,,,
data_sync,435,1305400,,,,,,
marker_write,435,33200,,,,,,
marker_sync,435,1265700,,,,,,
append,436,2615400,,,,,,
encode,436,2200,,,,,,
data_write,436,37800,,,,,,
data_sync,436,1309700,,,,,,
marker_write,436,32600,,,,,,
marker_sync,436,1232000,,,,,,
append,437,2942000,,,,,,
encode,437,2000,,,,,,
data_write,437,37800,,,,,,
data_sync,437,1435200,,,,,,
marker_write,437,43500,,,,,,
marker_sync,437,1422100,,,,,,
append,438,2820300,,,,,,
encode,438,3100,,,,,,
data_write,438,41200,,,,,,
data_sync,438,1412600,,,,,,
marker_write,438,31400,,,,,,
marker_sync,438,1330900,,,,,,
append,439,2581800,,,,,,
encode,439,2500,,,,,,
data_write,439,38800,,,,,,
data_sync,439,1268100,,,,,,
marker_write,439,28000,,,,,,
marker_sync,439,1243800,,,,,,
append,440,2705200,,,,,,
encode,440,2200,,,,,,
data_write,440,34000,,,,,,
data_sync,440,1248700,,,,,,
marker_write,440,27100,,,,,,
marker_sync,440,1392300,,,,,,
append,441,2792601,,,,,,
encode,441,2000,,,,,,
data_write,441,35600,,,,,,
data_sync,441,1327501,,,,,,
marker_write,441,13700,,,,,,
marker_sync,441,1412800,,,,,,
append,442,2669500,,,,,,
encode,442,2500,,,,,,
data_write,442,39700,,,,,,
data_sync,442,1302000,,,,,,
marker_write,442,31000,,,,,,
marker_sync,442,1293300,,,,,,
append,443,2897400,,,,,,
encode,443,2100,,,,,,
data_write,443,46700,,,,,,
data_sync,443,1561700,,,,,,
marker_write,443,29500,,,,,,
marker_sync,443,1256000,,,,,,
append,444,2565500,,,,,,
encode,444,2400,,,,,,
data_write,444,37400,,,,,,
data_sync,444,1213500,,,,,,
marker_write,444,34300,,,,,,
marker_sync,444,1276800,,,,,,
append,445,2677000,,,,,,
encode,445,2200,,,,,,
data_write,445,32300,,,,,,
data_sync,445,1310300,,,,,,
marker_write,445,27500,,,,,,
marker_sync,445,1303700,,,,,,
append,446,2720800,,,,,,
encode,446,2100,,,,,,
data_write,446,40500,,,,,,
data_sync,446,1383600,,,,,,
marker_write,446,30700,,,,,,
marker_sync,446,1262700,,,,,,
append,447,2699701,,,,,,
encode,447,2700,,,,,,
data_write,447,34400,,,,,,
data_sync,447,1252600,,,,,,
marker_write,447,26900,,,,,,
marker_sync,447,1382001,,,,,,
append,448,2932600,,,,,,
encode,448,2500,,,,,,
data_write,448,36400,,,,,,
data_sync,448,1354400,,,,,,
marker_write,448,30900,,,,,,
marker_sync,448,1505600,,,,,,
append,449,8513600,,,,,,
encode,449,5500,,,,,,
data_write,449,59000,,,,,,
data_sync,449,1795800,,,,,,
marker_write,449,64500,,,,,,
marker_sync,449,6585600,,,,,,
append,450,2951100,,,,,,
encode,450,3800,,,,,,
data_write,450,58300,,,,,,
data_sync,450,1552500,,,,,,
marker_write,450,27400,,,,,,
marker_sync,450,1307400,,,,,,
append,451,2677601,,,,,,
encode,451,2400,,,,,,
data_write,451,37000,,,,,,
data_sync,451,1321600,,,,,,
marker_write,451,30600,,,,,,
marker_sync,451,1284301,,,,,,
append,452,2680000,,,,,,
encode,452,2100,,,,,,
data_write,452,33000,,,,,,
data_sync,452,1301500,,,,,,
marker_write,452,28500,,,,,,
marker_sync,452,1313500,,,,,,
append,453,2891300,,,,,,
encode,453,3800,,,,,,
data_write,453,37600,,,,,,
data_sync,453,1359500,,,,,,
marker_write,453,39700,,,,,,
marker_sync,453,1448400,,,,,,
append,454,2662700,,,,,,
encode,454,3300,,,,,,
data_write,454,38600,,,,,,
data_sync,454,1300500,,,,,,
marker_write,454,31400,,,,,,
marker_sync,454,1287500,,,,,,
append,455,2533600,,,,,,
encode,455,1900,,,,,,
data_write,455,32400,,,,,,
data_sync,455,1224000,,,,,,
marker_write,455,25600,,,,,,
marker_sync,455,1248600,,,,,,
append,456,2534400,,,,,,
encode,456,2100,,,,,,
data_write,456,35900,,,,,,
data_sync,456,1242600,,,,,,
marker_write,456,26800,,,,,,
marker_sync,456,1225500,,,,,,
append,457,2701600,,,,,,
encode,457,2200,,,,,,
data_write,457,40000,,,,,,
data_sync,457,1262900,,,,,,
marker_write,457,31200,,,,,,
marker_sync,457,1364000,,,,,,
append,458,2725001,,,,,,
encode,458,2400,,,,,,
data_write,458,42600,,,,,,
data_sync,458,1318200,,,,,,
marker_write,458,32100,,,,,,
marker_sync,458,1328501,,,,,,
append,459,2663400,,,,,,
encode,459,2300,,,,,,
data_write,459,38700,,,,,,
data_sync,459,1296000,,,,,,
marker_write,459,32500,,,,,,
marker_sync,459,1292900,,,,,,
append,460,2643700,,,,,,
encode,460,2500,,,,,,
data_write,460,37400,,,,,,
data_sync,460,1289000,,,,,,
marker_write,460,30700,,,,,,
marker_sync,460,1282900,,,,,,
append,461,2596300,,,,,,
encode,461,2300,,,,,,
data_write,461,39200,,,,,,
data_sync,461,1255200,,,,,,
marker_write,461,32700,,,,,,
marker_sync,461,1265900,,,,,,
append,462,2532500,,,,,,
encode,462,2500,,,,,,
data_write,462,37800,,,,,,
data_sync,462,1231900,,,,,,
marker_write,462,31400,,,,,,
marker_sync,462,1228000,,,,,,
append,463,2514500,,,,,,
encode,463,2400,,,,,,
data_write,463,36300,,,,,,
data_sync,463,1191400,,,,,,
marker_write,463,34300,,,,,,
marker_sync,463,1249300,,,,,,
append,464,2553900,,,,,,
encode,464,1700,,,,,,
data_write,464,33400,,,,,,
data_sync,464,1246900,,,,,,
marker_write,464,32700,,,,,,
marker_sync,464,1238100,,,,,,
append,465,2637301,,,,,,
encode,465,2200,,,,,,
data_write,465,35700,,,,,,
data_sync,465,1322000,,,,,,
marker_write,465,31500,,,,,,
marker_sync,465,1244801,,,,,,
append,466,2523500,,,,,,
encode,466,2000,,,,,,
data_write,466,38100,,,,,,
data_sync,466,1242900,,,,,,
marker_write,466,30800,,,,,,
marker_sync,466,1208400,,,,,,
append,467,2502800,,,,,,
encode,467,2200,,,,,,
data_write,467,39100,,,,,,
data_sync,467,1193300,,,,,,
marker_write,467,26900,,,,,,
marker_sync,467,1240200,,,,,,
append,468,2538400,,,,,,
encode,468,1400,,,,,,
data_write,468,33100,,,,,,
data_sync,468,1233300,,,,,,
marker_write,468,26600,,,,,,
marker_sync,468,1242800,,,,,,
append,469,2504900,,,,,,
encode,469,1400,,,,,,
data_write,469,32600,,,,,,
data_sync,469,1231900,,,,,,
marker_write,469,25700,,,,,,
marker_sync,469,1212400,,,,,,
append,470,2612000,,,,,,
encode,470,1600,,,,,,
data_write,470,33800,,,,,,
data_sync,470,1242900,,,,,,
marker_write,470,32400,,,,,,
marker_sync,470,1300500,,,,,,
append,471,2756300,,,,,,
encode,471,1800,,,,,,
data_write,471,42000,,,,,,
data_sync,471,1435200,,,,,,
marker_write,471,28400,,,,,,
marker_sync,471,1247800,,,,,,
append,472,2604801,,,,,,
encode,472,2400,,,,,,
data_write,472,39300,,,,,,
data_sync,472,1244300,,,,,,
marker_write,472,27900,,,,,,
marker_sync,472,1289801,,,,,,
append,473,2620500,,,,,,
encode,473,2100,,,,,,
data_write,473,37200,,,,,,
data_sync,473,1308600,,,,,,
marker_write,473,29000,,,,,,
marker_sync,473,1242400,,,,,,
append,474,2760800,,,,,,
encode,474,2000,,,,,,
data_write,474,32100,,,,,,
data_sync,474,1355600,,,,,,
marker_write,474,33900,,,,,,
marker_sync,474,1335700,,,,,,
append,475,2566400,,,,,,
encode,475,2100,,,,,,
data_write,475,33600,,,,,,
data_sync,475,1257100,,,,,,
marker_write,475,28900,,,,,,
marker_sync,475,1243500,,,,,,
append,476,2941100,,,,,,
encode,476,1900,,,,,,
data_write,476,34600,,,,,,
data_sync,476,1265900,,,,,,
marker_write,476,27900,,,,,,
marker_sync,476,1609900,,,,,,
append,477,2841000,,,,,,
encode,477,2400,,,,,,
data_write,477,35200,,,,,,
data_sync,477,1407400,,,,,,
marker_write,477,28800,,,,,,
marker_sync,477,1365800,,,,,,
append,478,2782000,,,,,,
encode,478,2300,,,,,,
data_write,478,33400,,,,,,
data_sync,478,1347100,,,,,,
marker_write,478,25500,,,,,,
marker_sync,478,1372600,,,,,,
append,479,2765501,,,,,,
encode,479,2200,,,,,,
data_write,479,37900,,,,,,
data_sync,479,1357801,,,,,,
marker_write,479,29900,,,,,,
marker_sync,479,1336600,,,,,,
append,480,2823600,,,,,,
encode,480,1600,,,,,,
data_write,480,34700,,,,,,
data_sync,480,1385900,,,,,,
marker_write,480,29300,,,,,,
marker_sync,480,1370900,,,,,,
append,481,2826900,,,,,,
encode,481,1700,,,,,,
data_write,481,31400,,,,,,
data_sync,481,1375800,,,,,,
marker_write,481,28700,,,,,,
marker_sync,481,1388300,,,,,,
append,482,2839000,,,,,,
encode,482,2800,,,,,,
data_write,482,43000,,,,,,
data_sync,482,1372300,,,,,,
marker_write,482,30000,,,,,,
marker_sync,482,1389900,,,,,,
append,483,2812700,,,,,,
encode,483,2400,,,,,,
data_write,483,38100,,,,,,
data_sync,483,1378600,,,,,,
marker_write,483,28800,,,,,,
marker_sync,483,1363900,,,,,,
append,484,2824500,,,,,,
encode,484,2400,,,,,,
data_write,484,34300,,,,,,
data_sync,484,1417300,,,,,,
marker_write,484,28000,,,,,,
marker_sync,484,1341300,,,,,,
append,485,2700101,,,,,,
encode,485,1700,,,,,,
data_write,485,32700,,,,,,
data_sync,485,1354901,,,,,,
marker_write,485,26300,,,,,,
marker_sync,485,1283300,,,,,,
append,486,2794000,,,,,,
encode,486,1900,,,,,,
data_write,486,36700,,,,,,
data_sync,486,1371100,,,,,,
marker_write,486,27900,,,,,,
marker_sync,486,1355500,,,,,,
append,487,3054100,,,,,,
encode,487,1700,,,,,,
data_write,487,33700,,,,,,
data_sync,487,1338100,,,,,,
marker_write,487,29600,,,,,,
marker_sync,487,1649400,,,,,,
append,488,3433300,,,,,,
encode,488,3800,,,,,,
data_write,488,59400,,,,,,
data_sync,488,1635800,,,,,,
marker_write,488,47500,,,,,,
marker_sync,488,1684600,,,,,,
append,489,2944200,,,,,,
encode,489,3400,,,,,,
data_write,489,39800,,,,,,
data_sync,489,1451200,,,,,,
marker_write,489,29900,,,,,,
marker_sync,489,1418500,,,,,,
append,490,2831800,,,,,,
encode,490,2900,,,,,,
data_write,490,38500,,,,,,
data_sync,490,1405600,,,,,,
marker_write,490,29400,,,,,,
marker_sync,490,1354500,,,,,,
append,491,2947001,,,,,,
encode,491,1900,,,,,,
data_write,491,34200,,,,,,
data_sync,491,1453800,,,,,,
marker_write,491,30901,,,,,,
marker_sync,491,1425300,,,,,,
append,492,2995100,,,,,,
encode,492,2000,,,,,,
data_write,492,37400,,,,,,
data_sync,492,1359600,,,,,,
marker_write,492,34600,,,,,,
marker_sync,492,1559600,,,,,,
append,493,3366600,,,,,,
encode,493,3900,,,,,,
data_write,493,48300,,,,,,
data_sync,493,1645600,,,,,,
marker_write,493,48400,,,,,,
marker_sync,493,1618200,,,,,,
append,494,2797900,,,,,,
encode,494,3400,,,,,,
data_write,494,38000,,,,,,
data_sync,494,1387300,,,,,,
marker_write,494,26600,,,,,,
marker_sync,494,1340800,,,,,,
append,495,2966000,,,,,,
encode,495,1800,,,,,,
data_write,495,35100,,,,,,
data_sync,495,1388200,,,,,,
marker_write,495,36600,,,,,,
marker_sync,495,1502800,,,,,,
append,496,3119500,,,,,,
encode,496,3700,,,,,,
data_write,496,49600,,,,,,
data_sync,496,1527500,,,,,,
marker_write,496,34600,,,,,,
marker_sync,496,1502400,,,,,,
append,497,3106501,,,,,,
encode,497,3900,,,,,,
data_write,497,44600,,,,,,
data_sync,497,1507801,,,,,,
marker_write,497,40400,,,,,,
marker_sync,497,1506700,,,,,,
append,498,2868500,,,,,,
encode,498,5400,,,,,,
data_write,498,55700,,,,,,
data_sync,498,1449100,,,,,,
marker_write,498,33200,,,,,,
marker_sync,498,1323200,,,,,,
append,499,2912200,,,,,,
encode,499,2700,,,,,,
data_write,499,70800,,,,,,
data_sync,499,1441200,,,,,,
marker_write,499,66000,,,,,,
marker_sync,499,1330100,,,,,,
append,500,2958600,,,,,,
encode,500,2600,,,,,,
data_write,500,35800,,,,,,
data_sync,500,1367200,,,,,,
marker_write,500,31700,,,,,,
marker_sync,500,1520000,,,,,,
append,501,3020400,,,,,,
encode,501,3800,,,,,,
data_write,501,38100,,,,,,
data_sync,501,1399300,,,,,,
marker_write,501,40600,,,,,,
marker_sync,501,1537100,,,,,,
append,502,2897800,,,,,,
encode,502,2800,,,,,,
data_write,502,38800,,,,,,
data_sync,502,1458300,,,,,,
marker_write,502,30900,,,,,,
marker_sync,502,1365600,,,,,,
append,503,2930201,,,,,,
encode,503,3300,,,,,,
data_write,503,41500,,,,,,
data_sync,503,1477501,,,,,,
marker_write,503,30700,,,,,,
marker_sync,503,1375600,,,,,,
append,504,2897400,,,,,,
encode,504,2600,,,,,,
data_write,504,36800,,,,,,
data_sync,504,1304600,,,,,,
marker_write,504,30300,,,,,,
marker_sync,504,1521200,,,,,,
append,505,2875900,,,,,,
encode,505,2700,,,,,,
data_write,505,44100,,,,,,
data_sync,505,1414500,,,,,,
marker_write,505,35400,,,,,,
marker_sync,505,1377500,,,,,,
append,506,3560600,,,,,,
encode,506,3300,,,,,,
data_write,506,37900,,,,,,
data_sync,506,1343900,,,,,,
marker_write,506,30400,,,,,,
marker_sync,506,2143100,,,,,,
append,507,3049200,,,,,,
encode,507,4700,,,,,,
data_write,507,100200,,,,,,
data_sync,507,1510800,,,,,,
marker_write,507,40200,,,,,,
marker_sync,507,1391400,,,,,,
append,508,2910000,,,,,,
encode,508,3200,,,,,,
data_write,508,57000,,,,,,
data_sync,508,1328500,,,,,,
marker_write,508,33900,,,,,,
marker_sync,508,1484400,,,,,,
append,509,3788701,,,,,,
encode,509,4500,,,,,,
data_write,509,48200,,,,,,
data_sync,509,1653201,,,,,,
marker_write,509,130200,,,,,,
marker_sync,509,1940400,,,,,,
append,510,3197300,,,,,,
encode,510,4200,,,,,,
data_write,510,81700,,,,,,
data_sync,510,1504000,,,,,,
marker_write,510,41700,,,,,,
marker_sync,510,1564100,,,,,,
append,511,3180700,,,,,,
encode,511,3400,,,,,,
data_write,511,37300,,,,,,
data_sync,511,1688700,,,,,,
marker_write,511,30600,,,,,,
marker_sync,511,1419100,,,,,,
append,512,2620600,,,,,,
encode,512,3100,,,,,,
data_write,512,19000,,,,,,
data_sync,512,1318400,,,,,,
marker_write,512,29800,,,,,,
marker_sync,512,1248100,,,,,,
append,513,2726800,,,,,,
encode,513,2000,,,,,,
data_write,513,40900,,,,,,
data_sync,513,1258000,,,,,,
marker_write,513,58700,,,,,,
marker_sync,513,1365400,,,,,,
append,514,2831000,,,,,,
encode,514,3700,,,,,,
data_write,514,41300,,,,,,
data_sync,514,1425800,,,,,,
marker_write,514,33100,,,,,,
marker_sync,514,1326100,,,,,,
append,515,2667301,,,,,,
encode,515,2300,,,,,,
data_write,515,37500,,,,,,
data_sync,515,1295201,,,,,,
marker_write,515,30100,,,,,,
marker_sync,515,1301100,,,,,,
append,516,2634000,,,,,,
encode,516,2200,,,,,,
data_write,516,37800,,,,,,
data_sync,516,1303600,,,,,,
marker_write,516,32600,,,,,,
marker_sync,516,1256800,,,,,,
append,517,2577300,,,,,,
encode,517,2300,,,,,,
data_write,517,35500,,,,,,
data_sync,517,1277100,,,,,,
marker_write,517,28300,,,,,,
marker_sync,517,1233100,,,,,,
append,518,2762500,,,,,,
encode,518,2100,,,,,,
data_write,518,38300,,,,,,
data_sync,518,1294200,,,,,,
marker_write,518,34400,,,,,,
marker_sync,518,1392400,,,,,,
append,519,2642900,,,,,,
encode,519,2000,,,,,,
data_write,519,36700,,,,,,
data_sync,519,1284300,,,,,,
marker_write,519,33000,,,,,,
marker_sync,519,1285900,,,,,,
append,520,2504200,,,,,,
encode,520,2700,,,,,,
data_write,520,38700,,,,,,
data_sync,520,1226600,,,,,,
marker_write,520,31600,,,,,,
marker_sync,520,1203700,,,,,,
append,521,2503500,,,,,,
encode,521,2100,,,,,,
data_write,521,38400,,,,,,
data_sync,521,1219500,,,,,,
marker_write,521,31600,,,,,,
marker_sync,521,1211000,,,,,,
append,522,2673701,,,,,,
encode,522,2200,,,,,,
data_write,522,37600,,,,,,
data_sync,522,1345301,,,,,,
marker_write,522,36100,,,,,,
marker_sync,522,1251300,,,,,,
append,523,2767300,,,,,,
encode,523,2500,,,,,,
data_write,523,39300,,,,,,
data_sync,523,1297900,,,,,,
marker_write,523,34900,,,,,,
marker_sync,523,1389700,,,,,,
append,524,3080100,,,,,,
encode,524,7200,,,,,,
data_write,524,70600,,,,,,
data_sync,524,1462800,,,,,,
marker_write,524,48900,,,,,,
marker_sync,524,1488500,,,,,,
append,525,3134500,,,,,,
encode,525,4100,,,,,,
data_write,525,48200,,,,,,
data_sync,525,1585500,,,,,,
marker_write,525,36000,,,,,,
marker_sync,525,1458800,,,,,,
append,526,3039600,,,,,,
encode,526,3500,,,,,,
data_write,526,45500,,,,,,
data_sync,526,1511300,,,,,,
marker_write,526,33100,,,,,,
marker_sync,526,1445100,,,,,,
append,527,2492600,,,,,,
encode,527,2800,,,,,,
data_write,527,34800,,,,,,
data_sync,527,1220000,,,,,,
marker_write,527,30800,,,,,,
marker_sync,527,1202800,,,,,,
append,528,2661801,,,,,,
encode,528,2300,,,,,,
data_write,528,34100,,,,,,
data_sync,528,1348901,,,,,,
marker_write,528,35000,,,,,,
marker_sync,528,1240200,,,,,,
append,529,2542200,,,,,,
encode,529,2100,,,,,,
data_write,529,36800,,,,,,
data_sync,529,1227900,,,,,,
marker_write,529,30500,,,,,,
marker_sync,529,1243000,,,,,,
append,530,2478600,,,,,,
encode,530,2000,,,,,,
data_write,530,33000,,,,,,
data_sync,530,1209000,,,,,,
marker_write,530,30300,,,,,,
marker_sync,530,1203300,,,,,,
append,531,2569900,,,,,,
encode,531,2100,,,,,,
data_write,531,34600,,,,,,
data_sync,531,1275800,,,,,,
marker_write,531,36100,,,,,,
marker_sync,531,1219500,,,,,,
append,532,2518700,,,,,,
encode,532,2700,,,,,,
data_write,532,36400,,,,,,
data_sync,532,1224500,,,,,,
marker_write,532,28500,,,,,,
marker_sync,532,1225500,,,,,,
append,533,2474100,,,,,,
encode,533,2200,,,,,,
data_write,533,38400,,,,,,
data_sync,533,1184100,,,,,,
marker_write,533,31400,,,,,,
marker_sync,533,1217100,,,,,,
append,534,2829500,,,,,,
encode,534,2000,,,,,,
data_write,534,36200,,,,,,
data_sync,534,1380900,,,,,,
marker_write,534,39300,,,,,,
marker_sync,534,1369600,,,,,,
append,535,2609801,,,,,,
encode,535,3800,,,,,,
data_write,535,38300,,,,,,
data_sync,535,1279401,,,,,,
marker_write,535,26900,,,,,,
marker_sync,535,1259400,,,,,,
append,536,2551100,,,,,,
encode,536,2700,,,,,,
data_write,536,38000,,,,,,
data_sync,536,1236900,,,,,,
marker_write,536,28600,,,,,,
marker_sync,536,1243200,,,,,,
append,537,2631100,,,,,,
encode,537,2400,,,,,,
data_write,537,40400,,,,,,
data_sync,537,1330900,,,,,,
marker_write,537,30700,,,,,,
marker_sync,537,1225700,,,,,,
append,538,2470000,,,,,,
encode,538,2500,,,,,,
data_write,538,38700,,,,,,
data_sync,538,1225800,,,,,,
marker_write,538,28800,,,,,,
marker_sync,538,1173100,,,,,,
append,539,2482600,,,,,,
encode,539,2600,,,,,,
data_write,539,36000,,,,,,
data_sync,539,1228000,,,,,,
marker_write,539,28900,,,,,,
marker_sync,539,1186000,,,,,,
append,540,2432200,,,,,,
encode,540,2000,,,,,,
data_write,540,32200,,,,,,
data_sync,540,1182400,,,,,,
marker_write,540,31300,,,,,,
marker_sync,540,1183600,,,,,,
append,541,2859000,,,,,,
encode,541,1600,,,,,,
data_write,541,34100,,,,,,
data_sync,541,1482300,,,,,,
marker_write,541,32300,,,,,,
marker_sync,541,1307500,,,,,,
append,542,2683301,,,,,,
encode,542,2600,,,,,,
data_write,542,36200,,,,,,
data_sync,542,1304801,,,,,,
marker_write,542,33100,,,,,,
marker_sync,542,1305400,,,,,,
append,543,2731000,,,,,,
encode,543,3100,,,,,,
data_write,543,44500,,,,,,
data_sync,543,1321000,,,,,,
marker_write,543,35100,,,,,,
marker_sync,543,1326200,,,,,,
append,544,2506600,,,,,,
encode,544,2500,,,,,,
data_write,544,39900,,,,,,
data_sync,544,1223700,,,,,,
marker_write,544,31300,,,,,,
marker_sync,544,1208200,,,,,,
append,545,2470600,,,,,,
encode,545,2000,,,,,,
data_write,545,37000,,,,,,
data_sync,545,1195500,,,,,,
marker_write,545,30900,,,,,,
marker_sync,545,1204100,,,,,,
append,546,2492100,,,,,,
encode,546,2000,,,,,,
data_write,546,31700,,,,,,
data_sync,546,1210200,,,,,,
marker_write,546,29400,,,,,,
marker_sync,546,1217700,,,,,,
append,547,2515800,,,,,,
encode,547,1700,,,,,,
data_write,547,34000,,,,,,
data_sync,547,1209600,,,,,,
marker_write,547,28500,,,,,,
marker_sync,547,1240900,,,,,,
append,548,2503100,,,,,,
encode,548,1900,,,,,,
data_write,548,38100,,,,,,
data_sync,548,1232300,,,,,,
marker_write,548,29800,,,,,,
marker_sync,548,1199900,,,,,,
append,549,2510101,,,,,,
encode,549,1700,,,,,,
data_write,549,32300,,,,,,
data_sync,549,1190701,,,,,,
marker_write,549,28200,,,,,,
marker_sync,549,1256100,,,,,,
append,550,2456200,,,,,,
encode,550,1800,,,,,,
data_write,550,34000,,,,,,
data_sync,550,1200500,,,,,,
marker_write,550,28700,,,,,,
marker_sync,550,1190400,,,,,,
append,551,2635400,,,,,,
encode,551,1600,,,,,,
data_write,551,33600,,,,,,
data_sync,551,1355200,,,,,,
marker_write,551,29200,,,,,,
marker_sync,551,1214700,,,,,,
append,552,2494700,,,,,,
encode,552,1700,,,,,,
data_write,552,33700,,,,,,
data_sync,552,1221300,,,,,,
marker_write,552,28800,,,,,,
marker_sync,552,1208300,,,,,,
append,553,2490000,,,,,,
encode,553,1500,,,,,,
data_write,553,33100,,,,,,
data_sync,553,1218300,,,,,,
marker_write,553,28200,,,,,,
marker_sync,553,1207800,,,,,,
append,554,2660500,,,,,,
encode,554,1600,,,,,,
data_write,554,39600,,,,,,
data_sync,554,1309700,,,,,,
marker_write,554,28200,,,,,,
marker_sync,554,1280400,,,,,,
append,555,2495200,,,,,,
encode,555,2300,,,,,,
data_write,555,34100,,,,,,
data_sync,555,1210900,,,,,,
marker_write,555,28300,,,,,,
marker_sync,555,1218800,,,,,,
append,556,2560301,,,,,,
encode,556,1600,,,,,,
data_write,556,32400,,,,,,
data_sync,556,1296801,,,,,,
marker_write,556,28200,,,,,,
marker_sync,556,1200500,,,,,,
append,557,2475800,,,,,,
encode,557,2000,,,,,,
data_write,557,38000,,,,,,
data_sync,557,1190600,,,,,,
marker_write,557,28900,,,,,,
marker_sync,557,1215400,,,,,,
append,558,2484000,,,,,,
encode,558,1900,,,,,,
data_write,558,38400,,,,,,
data_sync,558,1210600,,,,,,
marker_write,558,28600,,,,,,
marker_sync,558,1203500,,,,,,
append,559,2521400,,,,,,
encode,559,2000,,,,,,
data_write,559,35000,,,,,,
data_sync,559,1254500,,,,,,
marker_write,559,29200,,,,,,
marker_sync,559,1199600,,,,,,
append,560,2486700,,,,,,
encode,560,2000,,,,,,
data_write,560,33700,,,,,,
data_sync,560,1179200,,,,,,
marker_write,560,31700,,,,,,
marker_sync,560,1239000,,,,,,
append,561,2459100,,,,,,
encode,561,3200,,,,,,
data_write,561,41100,,,,,,
data_sync,561,1194200,,,,,,
marker_write,561,30400,,,,,,
marker_sync,561,1189000,,,,,,
append,562,3038000,,,,,,
encode,562,2000,,,,,,
data_write,562,35500,,,,,,
data_sync,562,1558500,,,,,,
marker_write,562,43000,,,,,,
marker_sync,562,1397600,,,,,,
append,563,2656701,,,,,,
encode,563,3400,,,,,,
data_write,563,40800,,,,,,
data_sync,563,1295801,,,,,,
marker_write,563,28100,,,,,,
marker_sync,563,1286900,,,,,,
append,564,2665000,,,,,,
encode,564,2100,,,,,,
data_write,564,35800,,,,,,
data_sync,564,1324500,,,,,,
marker_write,564,26600,,,,,,
marker_sync,564,1275000,,,,,,
append,565,2612900,,,,,,
encode,565,2000,,,,,,
data_write,565,32400,,,,,,
data_sync,565,1275500,,,,,,
marker_write,565,26700,,,,,,
marker_sync,565,1274800,,,,,,
append,566,2649300,,,,,,
encode,566,2000,,,,,,
data_write,566,34100,,,,,,
data_sync,566,1292900,,,,,,
marker_write,566,26300,,,,,,
marker_sync,566,1293100,,,,,,
append,567,2730500,,,,,,
encode,567,1900,,,,,,
data_write,567,33900,,,,,,
data_sync,567,1350300,,,,,,
marker_write,567,32000,,,,,,
marker_sync,567,1311400,,,,,,
append,568,2754600,,,,,,
encode,568,3000,,,,,,
data_write,568,33100,,,,,,
data_sync,568,1333000,,,,,,
marker_write,568,34800,,,,,,
marker_sync,568,1324700,,,,,,
append,569,2607100,,,,,,
encode,569,2500,,,,,,
data_write,569,37300,,,,,,
data_sync,569,1272600,,,,,,
marker_write,569,28700,,,,,,
marker_sync,569,1265100,,,,,,
append,570,2583401,,,,,,
encode,570,1700,,,,,,
data_write,570,33400,,,,,,
data_sync,570,1260401,,,,,,
marker_write,570,28000,,,,,,
marker_sync,570,1258900,,,,,,
append,571,2754500,,,,,,
encode,571,2000,,,,,,
data_write,571,34100,,,,,,
data_sync,571,1292900,,,,,,
marker_write,571,29100,,,,,,
marker_sync,571,1395300,,,,,,
append,572,2714700,,,,,,
encode,572,3300,,,,,,
data_write,572,35400,,,,,,
data_sync,572,1325000,,,,,,
marker_write,572,30500,,,,,,
marker_sync,572,1319100,,,,,,
append,573,3049500,,,,,,
encode,573,2600,,,,,,
data_write,573,36400,,,,,,
data_sync,573,1492700,,,,,,
marker_write,573,30400,,,,,,
marker_sync,573,1485200,,,,,,
append,574,3005500,,,,,,
encode,574,3400,,,,,,
data_write,574,39900,,,,,,
data_sync,574,1514100,,,,,,
marker_write,574,30700,,,,,,
marker_sync,574,1415900,,,,,,
append,575,2624900,,,,,,
encode,575,2700,,,,,,
data_write,575,35300,,,,,,
data_sync,575,1263600,,,,,,
marker_write,575,31400,,,,,,
marker_sync,575,1290600,,,,,,
append,576,2610401,,,,,,
encode,576,2600,,,,,,
data_write,576,36700,,,,,,
data_sync,576,1327300,,,,,,
marker_write,576,29800,,,,,,
marker_sync,576,1211901,,,,,,
append,577,2487100,,,,,,
encode,577,2000,,,,,,
data_write,577,38800,,,,,,
data_sync,577,1207800,,,,,,
marker_write,577,31800,,,,,,
marker_sync,577,1205800,,,,,,
append,578,2466800,,,,,,
encode,578,2100,,,,,,
data_write,578,36800,,,,,,
data_sync,578,1199400,,,,,,
marker_write,578,29600,,,,,,
marker_sync,578,1197800,,,,,,
append,579,2710900,,,,,,
encode,579,1800,,,,,,
data_write,579,36900,,,,,,
data_sync,579,1222000,,,,,,
marker_write,579,28900,,,,,,
marker_sync,579,1420500,,,,,,
append,580,2697700,,,,,,
encode,580,2100,,,,,,
data_write,580,38700,,,,,,
data_sync,580,1393000,,,,,,
marker_write,580,28700,,,,,,
marker_sync,580,1233600,,,,,,
append,581,2605400,,,,,,
encode,581,2100,,,,,,
data_write,581,34300,,,,,,
data_sync,581,1320800,,,,,,
marker_write,581,33300,,,,,,
marker_sync,581,1213400,,,,,,
append,582,2512400,,,,,,
encode,582,2000,,,,,,
data_write,582,39500,,,,,,
data_sync,582,1244400,,,,,,
marker_write,582,30600,,,,,,
marker_sync,582,1194500,,,,,,
append,583,2461601,,,,,,
encode,583,2100,,,,,,
data_write,583,36100,,,,,,
data_sync,583,1201500,,,,,,
marker_write,583,26700,,,,,,
marker_sync,583,1194101,,,,,,
append,584,2423900,,,,,,
encode,584,1900,,,,,,
data_write,584,30300,,,,,,
data_sync,584,1184200,,,,,,
marker_write,584,26600,,,,,,
marker_sync,584,1180000,,,,,,
append,585,2505900,,,,,,
encode,585,1500,,,,,,
data_write,585,30000,,,,,,
data_sync,585,1203900,,,,,,
marker_write,585,26600,,,,,,
marker_sync,585,1242700,,,,,,
append,586,2934700,,,,,,
encode,586,2100,,,,,,
data_write,586,40300,,,,,,
data_sync,586,1370100,,,,,,
marker_write,586,33700,,,,,,
marker_sync,586,1486700,,,,,,
append,587,2660800,,,,,,
encode,587,4000,,,,,,
data_write,587,44300,,,,,,
data_sync,587,1290200,,,,,,
marker_write,587,33300,,,,,,
marker_sync,587,1287700,,,,,,
append,588,2505000,,,,,,
encode,588,4500,,,,,,
data_write,588,38700,,,,,,
data_sync,588,1215900,,,,,,
marker_write,588,28700,,,,,,
marker_sync,588,1215500,,,,,,
append,589,2531900,,,,,,
encode,589,3000,,,,,,
data_write,589,39200,,,,,,
data_sync,589,1205300,,,,,,
marker_write,589,30100,,,,,,
marker_sync,589,1253000,,,,,,
append,590,2769401,,,,,,
encode,590,1800,,,,,,
data_write,590,34300,,,,,,
data_sync,590,1226800,,,,,,
marker_write,590,32300,,,,,,
marker_sync,590,1472501,,,,,,
append,591,2631400,,,,,,
encode,591,2900,,,,,,
data_write,591,38700,,,,,,
data_sync,591,1266600,,,,,,
marker_write,591,29100,,,,,,
marker_sync,591,1292700,,,,,,
append,592,2772700,,,,,,
encode,592,2700,,,,,,
data_write,592,40300,,,,,,
data_sync,592,1355800,,,,,,
marker_write,592,36500,,,,,,
marker_sync,592,1335300,,,,,,
append,593,2687000,,,,,,
encode,593,4100,,,,,,
data_write,593,40900,,,,,,
data_sync,593,1325400,,,,,,
marker_write,593,30500,,,,,,
marker_sync,593,1284200,,,,,,
append,594,2695500,,,,,,
encode,594,3400,,,,,,
data_write,594,44000,,,,,,
data_sync,594,1359300,,,,,,
marker_write,594,32500,,,,,,
marker_sync,594,1254700,,,,,,
append,595,2580000,,,,,,
encode,595,2600,,,,,,
data_write,595,40400,,,,,,
data_sync,595,1249300,,,,,,
marker_write,595,30200,,,,,,
marker_sync,595,1255800,,,,,,
append,596,2528500,,,,,,
encode,596,2100,,,,,,
data_write,596,35300,,,,,,
data_sync,596,1227600,,,,,,
marker_write,596,30600,,,,,,
marker_sync,596,1231900,,,,,,
append,597,2528501,,,,,,
encode,597,1700,,,,,,
data_write,597,35900,,,,,,
data_sync,597,1218001,,,,,,
marker_write,597,28600,,,,,,
marker_sync,597,1243100,,,,,,
append,598,2625700,,,,,,
encode,598,1900,,,,,,
data_write,598,36000,,,,,,
data_sync,598,1278400,,,,,,
marker_write,598,38800,,,,,,
marker_sync,598,1269400,,,,,,
append,599,2527600,,,,,,
encode,599,1900,,,,,,
data_write,599,37000,,,,,,
data_sync,599,1246800,,,,,,
marker_write,599,29000,,,,,,
marker_sync,599,1211900,,,,,,
append,600,2592200,,,,,,
encode,600,2200,,,,,,
data_write,600,34600,,,,,,
data_sync,600,1269200,,,,,,
marker_write,600,28600,,,,,,
marker_sync,600,1256800,,,,,,
append,601,2595900,,,,,,
encode,601,1700,,,,,,
data_write,601,33500,,,,,,
data_sync,601,1261300,,,,,,
marker_write,601,28500,,,,,,
marker_sync,601,1269800,,,,,,
append,602,2604000,,,,,,
encode,602,1700,,,,,,
data_write,602,33800,,,,,,
data_sync,602,1270800,,,,,,
marker_write,602,33200,,,,,,
marker_sync,602,1263600,,,,,,
append,603,2631600,,,,,,
encode,603,1900,,,,,,
data_write,603,38400,,,,,,
data_sync,603,1270100,,,,,,
marker_write,603,28600,,,,,,
marker_sync,603,1291500,,,,,,
append,604,2810201,,,,,,
encode,604,2500,,,,,,
data_write,604,43600,,,,,,
data_sync,604,1324701,,,,,,
marker_write,604,35400,,,,,,
marker_sync,604,1402400,,,,,,
append,605,2752500,,,,,,
encode,605,3100,,,,,,
data_write,605,39500,,,,,,
data_sync,605,1344700,,,,,,
marker_write,605,37600,,,,,,
marker_sync,605,1325700,,,,,,
append,606,2873800,,,,,,
encode,606,3400,,,,,,
data_write,606,39300,,,,,,
data_sync,606,1320900,,,,,,
marker_write,606,38200,,,,,,
marker_sync,606,1468600,,,,,,
append,607,2880400,,,,,,
encode,607,8300,,,,,,
data_write,607,80600,,,,,,
data_sync,607,1376500,,,,,,
marker_write,607,39000,,,,,,
marker_sync,607,1373700,,,,,,
append,608,2537700,,,,,,
encode,608,3700,,,,,,
data_write,608,38600,,,,,,
data_sync,608,1249900,,,,,,
marker_write,608,26300,,,,,,
marker_sync,608,1218400,,,,,,
append,609,2653000,,,,,,
encode,609,2100,,,,,,
data_write,609,37900,,,,,,
data_sync,609,1283300,,,,,,
marker_write,609,33100,,,,,,
marker_sync,609,1295100,,,,,,
append,610,2581301,,,,,,
encode,610,2700,,,,,,
data_write,610,39000,,,,,,
data_sync,610,1252100,,,,,,
marker_write,610,30700,,,,,,
marker_sync,610,1255501,,,,,,
append,611,2552900,,,,,,
encode,611,2400,,,,,,
data_write,611,38400,,,,,,
data_sync,611,1237500,,,,,,
marker_write,611,29800,,,,,,
marker_sync,611,1243000,,,,,,
append,612,2618300,,,,,,
encode,612,3000,,,,,,
data_write,612,39700,,,,,,
data_sync,612,1302100,,,,,,
marker_write,612,33400,,,,,,
marker_sync,612,1238700,,,,,,
append,613,2486700,,,,,,
encode,613,3200,,,,,,
data_write,613,36200,,,,,,
data_sync,613,1203500,,,,,,
marker_write,613,29600,,,,,,
marker_sync,613,1213300,,,,,,
append,614,2505800,,,,,,
encode,614,1900,,,,,,
data_write,614,35800,,,,,,
data_sync,614,1204600,,,,,,
marker_write,614,29700,,,,,,
marker_sync,614,1232900,,,,,,
append,615,2541800,,,,,,
encode,615,2400,,,,,,
data_write,615,34900,,,,,,
data_sync,615,1247600,,,,,,
marker_write,615,30700,,,,,,
marker_sync,615,1225300,,,,,,
append,616,2601600,,,,,,
encode,616,1700,,,,,,
data_write,616,33900,,,,,,
data_sync,616,1300200,,,,,,
marker_write,616,32000,,,,,,
marker_sync,616,1232500,,,,,,
append,617,2553901,,,,,,
encode,617,2600,,,,,,
data_write,617,33300,,,,,,
data_sync,617,1237000,,,,,,
marker_write,617,30400,,,,,,
marker_sync,617,1249301,,,,,,
append,618,2522300,,,,,,
encode,618,2000,,,,,,
data_write,618,33700,,,,,,
data_sync,618,1226500,,,,,,
marker_write,618,28400,,,,,,
marker_sync,618,1230700,,,,,,
append,619,2529300,,,,,,
encode,619,2300,,,,,,
data_write,619,39200,,,,,,
data_sync,619,1221000,,,,,,
marker_write,619,31500,,,,,,
marker_sync,619,1234400,,,,,,
append,620,2624900,,,,,,
encode,620,2100,,,,,,
data_write,620,37100,,,,,,
data_sync,620,1229100,,,,,,
marker_write,620,33600,,,,,,
marker_sync,620,1321800,,,,,,
append,621,2641900,,,,,,
encode,621,2800,,,,,,
data_write,621,38400,,,,,,
data_sync,621,1301000,,,,,,
marker_write,621,32600,,,,,,
marker_sync,621,1265800,,,,,,
append,622,2780800,,,,,,
encode,622,3000,,,,,,
data_write,622,34800,,,,,,
data_sync,622,1314200,,,,,,
marker_write,622,33500,,,,,,
marker_sync,622,1393400,,,,,,
append,623,2704400,,,,,,
encode,623,3100,,,,,,
data_write,623,44100,,,,,,
data_sync,623,1327600,,,,,,
marker_write,623,31400,,,,,,
marker_sync,623,1296300,,,,,,
append,624,2720301,,,,,,
encode,624,3900,,,,,,
data_write,624,43100,,,,,,
data_sync,624,1354200,,,,,,
marker_write,624,37400,,,,,,
marker_sync,624,1279501,,,,,,
append,625,2774900,,,,,,
encode,625,3500,,,,,,
data_write,625,41300,,,,,,
data_sync,625,1390000,,,,,,
marker_write,625,35100,,,,,,
marker_sync,625,1303400,,,,,,
append,626,2714000,,,,,,
encode,626,3800,,,,,,
data_write,626,41300,,,,,,
data_sync,626,1342000,,,,,,
marker_write,626,41600,,,,,,
marker_sync,626,1283400,,,,,,
append,627,2563300,,,,,,
encode,627,3800,,,,,,
data_write,627,41000,,,,,,
data_sync,627,1250200,,,,,,
marker_write,627,31900,,,,,,
marker_sync,627,1234100,,,,,,
append,628,2741600,,,,,,
encode,628,2600,,,,,,
data_write,628,37100,,,,,,
data_sync,628,1378400,,,,,,
marker_write,628,37300,,,,,,
marker_sync,628,1284300,,,,,,
append,629,2679500,,,,,,
encode,629,3800,,,,,,
data_write,629,41100,,,,,,
data_sync,629,1238100,,,,,,
marker_write,629,32100,,,,,,
marker_sync,629,1362600,,,,,,
append,630,2743900,,,,,,
encode,630,4700,,,,,,
data_write,630,43200,,,,,,
data_sync,630,1358800,,,,,,
marker_write,630,37500,,,,,,
marker_sync,630,1297800,,,,,,
append,631,2685601,,,,,,
encode,631,4100,,,,,,
data_write,631,40600,,,,,,
data_sync,631,1315701,,,,,,
marker_write,631,30200,,,,,,
marker_sync,631,1293600,,,,,,
append,632,2602400,,,,,,
encode,632,3000,,,,,,
data_write,632,39500,,,,,,
data_sync,632,1257000,,,,,,
marker_write,632,52500,,,,,,
marker_sync,632,1249400,,,,,,
append,633,2480900,,,,,,
encode,633,2300,,,,,,
data_write,633,34900,,,,,,
data_sync,633,1223400,,,,,,
marker_write,633,27300,,,,,,
marker_sync,633,1192000,,,,,,
append,634,2684700,,,,,,
encode,634,1700,,,,,,
data_write,634,32400,,,,,,
data_sync,634,1298700,,,,,,
marker_write,634,31900,,,,,,
marker_sync,634,1319100,,,,,,
append,635,2608900,,,,,,
encode,635,2000,,,,,,
data_write,635,34700,,,,,,
data_sync,635,1271600,,,,,,
marker_write,635,28800,,,,,,
marker_sync,635,1270900,,,,,,
append,636,2721900,,,,,,
encode,636,1600,,,,,,
data_write,636,34800,,,,,,
data_sync,636,1353300,,,,,,
marker_write,636,34200,,,,,,
marker_sync,636,1296900,,,,,,
append,637,2769100,,,,,,
encode,637,2000,,,,,,
data_write,637,45400,,,,,,
data_sync,637,1379100,,,,,,
marker_write,637,31100,,,,,,
marker_sync,637,1310100,,,,,,
append,638,2736901,,,,,,
encode,638,2100,,,,,,
data_write,638,37100,,,,,,
data_sync,638,1350701,,,,,,
marker_write,638,30800,,,,,,
marker_sync,638,1314500,,,,,,
append,639,2813400,,,,,,
encode,639,4100,,,,,,
data_write,639,41300,,,,,,
data_sync,639,1359900,,,,,,
marker_write,639,29400,,,,,,
marker_sync,639,1377300,,,,,,
append,640,2756100,,,,,,
encode,640,2400,,,,,,
data_write,640,42200,,,,,,
data_sync,640,1361200,,,,,,
marker_write,640,35200,,,,,,
marker_sync,640,1314000,,,,,,
append,641,2687000,,,,,,
encode,641,1800,,,,,,
data_write,641,37400,,,,,,
data_sync,641,1303400,,,,,,
marker_write,641,29800,,,,,,
marker_sync,641,1313400,,,,,,
append,642,2930400,,,,,,
encode,642,2300,,,,,,
data_write,642,32900,,,,,,
data_sync,642,1524800,,,,,,
marker_write,642,31200,,,,,,
marker_sync,642,1337900,,,,,,
append,643,2730100,,,,,,
encode,643,2100,,,,,,
data_write,643,35200,,,,,,
data_sync,643,1308500,,,,,,
marker_write,643,31100,,,,,,
marker_sync,643,1352100,,,,,,
append,644,2747901,,,,,,
encode,644,1900,,,,,,
data_write,644,36900,,,,,,
data_sync,644,1293600,,,,,,
marker_write,644,30201,,,,,,
marker_sync,644,1383400,,,,,,
append,645,2868700,,,,,,
encode,645,2600,,,,,,
data_write,645,47400,,,,,,
data_sync,645,1350800,,,,,,
marker_write,645,29900,,,,,,
marker_sync,645,1436600,,,,,,
append,646,2714900,,,,,,
encode,646,2900,,,,,,
data_write,646,37500,,,,,,
data_sync,646,1305600,,,,,,
marker_write,646,26900,,,,,,
marker_sync,646,1341100,,,,,,
append,647,2732000,,,,,,
encode,647,2000,,,,,,
data_write,647,36300,,,,,,
data_sync,647,1328600,,,,,,
marker_write,647,28700,,,,,,
marker_sync,647,1335300,,,,,,
append,648,2959600,,,,,,
encode,648,1700,,,,,,
data_write,648,32700,,,,,,
data_sync,648,1520200,,,,,,
marker_write,648,32300,,,,,,
marker_sync,648,1371800,,,,,,
append,649,2731100,,,,,,
encode,649,2400,,,,,,
data_write,649,35800,,,,,,
data_sync,649,1342100,,,,,,
marker_write,649,30200,,,,,,
marker_sync,649,1319400,,,,,,
append,650,2742501,,,,,,
encode,650,1800,,,,,,
data_write,650,35200,,,,,,
data_sync,650,1318100,,,,,,
marker_write,650,26400,,,,,,
marker_sync,650,1359801,,,,,,
append,651,2725600,,,,,,
encode,651,1800,,,,,,
data_write,651,36500,,,,,,
data_sync,651,1316500,,,,,,
marker_write,651,29200,,,,,,
marker_sync,651,1340700,,,,,,
append,652,2960200,,,,,,
encode,652,1800,,,,,,
data_write,652,38200,,,,,,
data_sync,652,1458000,,,,,,
marker_write,652,29800,,,,,,
marker_sync,652,1431000,,,,,,
append,653,2659100,,,,,,
encode,653,2500,,,,,,
data_write,653,37100,,,,,,
data_sync,653,1328200,,,,,,
marker_write,653,30200,,,,,,
marker_sync,653,1260100,,,,,,
append,654,2594400,,,,,,
encode,654,2000,,,,,,
data_write,654,35300,,,,,,
data_sync,654,1262400,,,,,,
marker_write,654,28100,,,,,,
marker_sync,654,1265800,,,,,,
append,655,2656600,,,,,,
encode,655,1600,,,,,,
data_write,655,32700,,,,,,
data_sync,655,1320500,,,,,,
marker_write,655,30200,,,,,,
marker_sync,655,1270700,,,,,,
append,656,2666200,,,,,,
encode,656,2000,,,,,,
data_write,656,35600,,,,,,
data_sync,656,1257000,,,,,,
marker_write,656,27900,,,,,,
marker_sync,656,1341500,,,,,,
append,657,2823401,,,,,,
encode,657,2800,,,,,,
data_write,657,38400,,,,,,
data_sync,657,1305200,,,,,,
marker_write,657,29100,,,,,,
marker_sync,657,1446101,,,,,,
append,658,2637600,,,,,,
encode,658,3600,,,,,,
data_write,658,42400,,,,,,
data_sync,658,1289700,,,,,,
marker_write,658,30500,,,,,,
marker_sync,658,1270400,,,,,,
append,659,2596800,,,,,,
encode,659,2900,,,,,,
data_write,659,40400,,,,,,
data_sync,659,1265300,,,,,,
marker_write,659,29100,,,,,,
marker_sync,659,1258000,,,,,,
append,660,2575800,,,,,,
encode,660,2700,,,,,,
data_write,660,32700,,,,,,
data_sync,660,1241100,,,,,,
marker_write,660,27000,,,,,,
marker_sync,660,1271400,,,,,,
append,661,2801900,,,,,,
encode,661,1800,,,,,,
data_write,661,34700,,,,,,
data_sync,661,1431600,,,,,,
marker_write,661,31400,,,,,,
marker_sync,661,1301300,,,,,,
append,662,2594000,,,,,,
encode,662,2700,,,,,,
data_write,662,40500,,,,,,
data_sync,662,1259400,,,,,,
marker_write,662,29200,,,,,,
marker_sync,662,1261100,,,,,,
append,663,2826000,,,,,,
encode,663,2300,,,,,,
data_write,663,36900,,,,,,
data_sync,663,1248900,,,,,,
marker_write,663,35700,,,,,,
marker_sync,663,1501200,,,,,,
append,664,2745801,,,,,,
encode,664,2700,,,,,,
data_write,664,39700,,,,,,
data_sync,664,1409601,,,,,,
marker_write,664,32000,,,,,,
marker_sync,664,1260500,,,,,,
append,665,2798200,,,,,,
encode,665,2100,,,,,,
data_write,665,42000,,,,,,
data_sync,665,1392400,,,,,,
marker_write,665,29900,,,,,,
marker_sync,665,1330600,,,,,,
append,666,2579000,,,,,,
encode,666,2300,,,,,,
data_write,666,36700,,,,,,
data_sync,666,1236400,,,,,,
marker_write,666,28800,,,,,,
marker_sync,666,1273400,,,,,,
append,667,2685800,,,,,,
encode,667,2100,,,,,,
data_write,667,40100,,,,,,
data_sync,667,1294000,,,,,,
marker_write,667,28700,,,,,,
marker_sync,667,1319800,,,,,,
append,668,2618700,,,,,,
encode,668,1700,,,,,,
data_write,668,33400,,,,,,
data_sync,668,1283100,,,,,,
marker_write,668,26700,,,,,,
marker_sync,668,1273000,,,,,,
append,669,2809300,,,,,,
encode,669,1600,,,,,,
data_write,669,34000,,,,,,
data_sync,669,1384000,,,,,,
marker_write,669,35400,,,,,,
marker_sync,669,1353100,,,,,,
append,670,2865001,,,,,,
encode,670,2200,,,,,,
data_write,670,35800,,,,,,
data_sync,670,1465100,,,,,,
marker_write,670,29700,,,,,,
marker_sync,670,1331101,,,,,,
append,671,2683400,,,,,,
encode,671,1800,,,,,,
data_write,671,33000,,,,,,
data_sync,671,1306500,,,,,,
marker_write,671,27000,,,,,,
marker_sync,671,1314100,,,,,,
append,672,2734600,,,,,,
encode,672,1500,,,,,,
data_write,672,35700,,,,,,
data_sync,672,1278900,,,,,,
marker_write,672,27800,,,,,,
marker_sync,672,1389700,,,,,,
append,673,2753600,,,,,,
encode,673,1600,,,,,,
data_write,673,48000,,,,,,
data_sync,673,1326600,,,,,,
marker_write,673,26700,,,,,,
marker_sync,673,1349300,,,,,,
append,674,2916000,,,,,,
encode,674,2100,,,,,,
data_write,674,36900,,,,,,
data_sync,674,1344900,,,,,,
marker_write,674,30500,,,,,,
marker_sync,674,1500400,,,,,,
append,675,3025100,,,,,,
encode,675,1900,,,,,,
data_write,675,38700,,,,,,
data_sync,675,1512600,,,,,,
marker_write,675,31900,,,,,,
marker_sync,675,1438100,,,,,,
append,676,2752100,,,,,,
encode,676,2500,,,,,,
data_write,676,39300,,,,,,
data_sync,676,1359300,,,,,,
marker_write,676,33100,,,,,,
marker_sync,676,1316900,,,,,,
append,677,2726501,,,,,,
encode,677,2300,,,,,,
data_write,677,38300,,,,,,
data_sync,677,1342301,,,,,,
marker_write,677,31100,,,,,,
marker_sync,677,1311500,,,,,,
append,678,2638700,,,,,,
encode,678,2100,,,,,,
data_write,678,38800,,,,,,
data_sync,678,1268900,,,,,,
marker_write,678,31000,,,,,,
marker_sync,678,1296600,,,,,,
append,679,2594000,,,,,,
encode,679,2300,,,,,,
data_write,679,37500,,,,,,
data_sync,679,1263700,,,,,,
marker_write,679,30400,,,,,,
marker_sync,679,1258900,,,,,,
append,680,2665100,,,,,,
encode,680,2300,,,,,,
data_write,680,36500,,,,,,
data_sync,680,1265000,,,,,,
marker_write,680,31900,,,,,,
marker_sync,680,1328200,,,,,,
append,681,3078800,,,,,,
encode,681,2300,,,,,,
data_write,681,39400,,,,,,
data_sync,681,1412000,,,,,,
marker_write,681,51200,,,,,,
marker_sync,681,1571300,,,,,,
append,682,2985500,,,,,,
encode,682,4200,,,,,,
data_write,682,60300,,,,,,
data_sync,682,1470700,,,,,,
marker_write,682,42700,,,,,,
marker_sync,682,1405300,,,,,,
append,683,3034901,,,,,,
encode,683,4800,,,,,,
data_write,683,28800,,,,,,
data_sync,683,1603800,,,,,,
marker_write,683,39300,,,,,,
marker_sync,683,1356101,,,,,,
append,684,2969600,,,,,,
encode,684,4400,,,,,,
data_write,684,45600,,,,,,
data_sync,684,1340300,,,,,,
marker_write,684,37000,,,,,,
marker_sync,684,1539800,,,,,,
append,685,2829200,,,,,,
encode,685,3600,,,,,,
data_write,685,50300,,,,,,
data_sync,685,1364000,,,,,,
marker_write,685,37800,,,,,,
marker_sync,685,1370000,,,,,,
append,686,3338000,,,,,,
encode,686,6800,,,,,,
data_write,686,55300,,,,,,
data_sync,686,1624000,,,,,,
marker_write,686,55200,,,,,,
marker_sync,686,1594300,,,,,,
append,687,2876000,,,,,,
encode,687,5700,,,,,,
data_write,687,58500,,,,,,
data_sync,687,1438100,,,,,,
marker_write,687,36100,,,,,,
marker_sync,687,1335300,,,,,,
append,688,2739500,,,,,,
encode,688,3200,,,,,,
data_write,688,43200,,,,,,
data_sync,688,1327100,,,,,,
marker_write,688,32600,,,,,,
marker_sync,688,1331900,,,,,,
append,689,2741101,,,,,,
encode,689,2800,,,,,,
data_write,689,38800,,,,,,
data_sync,689,1318800,,,,,,
marker_write,689,29700,,,,,,
marker_sync,689,1350101,,,,,,
append,690,2883300,,,,,,
encode,690,2600,,,,,,
data_write,690,39800,,,,,,
data_sync,690,1493600,,,,,,
marker_write,690,32000,,,,,,
marker_sync,690,1314200,,,,,,
append,691,2791600,,,,,,
encode,691,3200,,,,,,
data_write,691,36500,,,,,,
data_sync,691,1303900,,,,,,
marker_write,691,30400,,,,,,
marker_sync,691,1416400,,,,,,
append,692,2769900,,,,,,
encode,692,3400,,,,,,
data_write,692,37700,,,,,,
data_sync,692,1335800,,,,,,
marker_write,692,39100,,,,,,
marker_sync,692,1352700,,,,,,
append,693,2613800,,,,,,
encode,693,2900,,,,,,
data_write,693,41800,,,,,,
data_sync,693,1264200,,,,,,
marker_write,693,29100,,,,,,
marker_sync,693,1274500,,,,,,
append,694,2675400,,,,,,
encode,694,2300,,,,,,
data_write,694,38400,,,,,,
data_sync,694,1283600,,,,,,
marker_write,694,33200,,,,,,
marker_sync,694,1316700,,,,,,
append,695,2573900,,,,,,
encode,695,1900,,,,,,
data_write,695,35800,,,,,,
data_sync,695,1245600,,,,,,
marker_write,695,30900,,,,,,
marker_sync,695,1258700,,,,,,
append,696,2513301,,,,,,
encode,696,1800,,,,,,
data_write,696,35400,,,,,,
data_sync,696,1207101,,,,,,
marker_write,696,36300,,,,,,
marker_sync,696,1231600,,,,,,
append,697,2605000,,,,,,
encode,697,1900,,,,,,
data_write,697,33500,,,,,,
data_sync,697,1256900,,,,,,
marker_write,697,27900,,,,,,
marker_sync,697,1282600,,,,,,
append,698,2866700,,,,,,
encode,698,2600,,,,,,
data_write,698,41000,,,,,,
data_sync,698,1402500,,,,,,
marker_write,698,32800,,,,,,
marker_sync,698,1386300,,,,,,
append,699,2675500,,,,,,
encode,699,2900,,,,,,
data_write,699,39200,,,,,,
data_sync,699,1321000,,,,,,
marker_write,699,32600,,,,,,
marker_sync,699,1278700,,,,,,
append,700,2595900,,,,,,
encode,700,2000,,,,,,
data_write,700,35500,,,,,,
data_sync,700,1276600,,,,,,
marker_write,700,30200,,,,,,
marker_sync,700,1250200,,,,,,
append,701,2543600,,,,,,
encode,701,2000,,,,,,
data_write,701,33200,,,,,,
data_sync,701,1237000,,,,,,
marker_write,701,26100,,,,,,
marker_sync,701,1244400,,,,,,
append,702,2732800,,,,,,
encode,702,1700,,,,,,
data_write,702,32800,,,,,,
data_sync,702,1264600,,,,,,
marker_write,702,32700,,,,,,
marker_sync,702,1399300,,,,,,
append,703,2632701,,,,,,
encode,703,3900,,,,,,
data_write,703,37600,,,,,,
data_sync,703,1259001,,,,,,
marker_write,703,27800,,,,,,
marker_sync,703,1303200,,,,,,
append,704,2819100,,,,,,
encode,704,2900,,,,,,
data_write,704,35500,,,,,,
data_sync,704,1376100,,,,,,
marker_write,704,27300,,,,,,
marker_sync,704,1376300,,,,,,
append,705,2694100,,,,,,
encode,705,1400,,,,,,
data_write,705,35800,,,,,,
data_sync,705,1338000,,,,,,
marker_write,705,26600,,,,,,
marker_sync,705,1291400,,,,,,
append,706,2731600,,,,,,
encode,706,1600,,,,,,
data_write,706,34100,,,,,,
data_sync,706,1368600,,,,,,
marker_write,706,27500,,,,,,
marker_sync,706,1298700,,,,,,
append,707,2702500,,,,,,
encode,707,1800,,,,,,
data_write,707,32300,,,,,,
data_sync,707,1329800,,,,,,
marker_write,707,25000,,,,,,
marker_sync,707,1312400,,,,,,
append,708,2656400,,,,,,
encode,708,2300,,,,,,
data_write,708,38100,,,,,,
data_sync,708,1283500,,,,,,
marker_write,708,27100,,,,,,
marker_sync,708,1304300,,,,,,
append,709,2886201,,,,,,
encode,709,2700,,,,,,
data_write,709,37300,,,,,,
data_sync,709,1447100,,,,,,
marker_write,709,32200,,,,,,
marker_sync,709,1365901,,,,,,
append,710,2800600,,,,,,
encode,710,2700,,,,,,
data_write,710,36200,,,,,,
data_sync,710,1385700,,,,,,
marker_write,710,27900,,,,,,
marker_sync,710,1346900,,,,,,
append,711,2784600,,,,,,
encode,711,2500,,,,,,
data_write,711,36400,,,,,,
data_sync,711,1337100,,,,,,
marker_write,711,31600,,,,,,
marker_sync,711,1376000,,,,,,
append,712,2668300,,,,,,
encode,712,2600,,,,,,
data_write,712,35700,,,,,,
data_sync,712,1325600,,,,,,
marker_write,712,26800,,,,,,
marker_sync,712,1277000,,,,,,
append,713,2639800,,,,,,
encode,713,1700,,,,,,
data_write,713,32200,,,,,,
data_sync,713,1288200,,,,,,
marker_write,713,27500,,,,,,
marker_sync,713,1289300,,,,,,
append,714,2634900,,,,,,
encode,714,1600,,,,,,
data_write,714,32900,,,,,,
data_sync,714,1270600,,,,,,
marker_write,714,26200,,,,,,
marker_sync,714,1302200,,,,,,
append,715,3171500,,,,,,
encode,715,2000,,,,,,
data_write,715,37500,,,,,,
data_sync,715,1633900,,,,,,
marker_write,715,46000,,,,,,
marker_sync,715,1450500,,,,,,
append,716,2673201,,,,,,
encode,716,3000,,,,,,
data_write,716,39900,,,,,,
data_sync,716,1306701,,,,,,
marker_write,716,30800,,,,,,
marker_sync,716,1291400,,,,,,
append,717,2673600,,,,,,
encode,717,2700,,,,,,
data_write,717,33000,,,,,,
data_sync,717,1283100,,,,,,
marker_write,717,25600,,,,,,
marker_sync,717,1328200,,,,,,
append,718,2656400,,,,,,
encode,718,1900,,,,,,
data_write,718,34300,,,,,,
data_sync,718,1286500,,,,,,
marker_write,718,27400,,,,,,
marker_sync,718,1305100,,,,,,
append,719,2700400,,,,,,
encode,719,1700,,,,,,
data_write,719,32900,,,,,,
data_sync,719,1307100,,,,,,
marker_write,719,32000,,,,,,
marker_sync,719,1325600,,,,,,
append,720,2733900,,,,,,
encode,720,1600,,,,,,
data_write,720,40900,,,,,,
data_sync,720,1323200,,,,,,
marker_write,720,27200,,,,,,
marker_sync,720,1339700,,,,,,
append,721,2937800,,,,,,
encode,721,2100,,,,,,
data_write,721,38300,,,,,,
data_sync,721,1499800,,,,,,
marker_write,721,31100,,,,,,
marker_sync,721,1365100,,,,,,
append,722,2830401,,,,,,
encode,722,1900,,,,,,
data_write,722,32600,,,,,,
data_sync,722,1398700,,,,,,
marker_write,722,30000,,,,,,
marker_sync,722,1366301,,,,,,
append,723,2578500,,,,,,
encode,723,1700,,,,,,
data_write,723,34300,,,,,,
data_sync,723,1267500,,,,,,
marker_write,723,27800,,,,,,
marker_sync,723,1246100,,,,,,
append,724,2497300,,,,,,
encode,724,1700,,,,,,
data_write,724,33400,,,,,,
data_sync,724,1205900,,,,,,
marker_write,724,26000,,,,,,
marker_sync,724,1229600,,,,,,
append,725,2512900,,,,,,
encode,725,1600,,,,,,
data_write,725,32500,,,,,,
data_sync,725,1233800,,,,,,
marker_write,725,27400,,,,,,
marker_sync,725,1216800,,,,,,
append,726,2510900,,,,,,
encode,726,1700,,,,,,
data_write,726,33000,,,,,,
data_sync,726,1208300,,,,,,
marker_write,726,25100,,,,,,
marker_sync,726,1241900,,,,,,
append,727,3019400,,,,,,
encode,727,1500,,,,,,
data_write,727,33300,,,,,,
data_sync,727,1537900,,,,,,
marker_write,727,37300,,,,,,
marker_sync,727,1406500,,,,,,
append,728,2931500,,,,,,
encode,728,4700,,,,,,
data_write,728,53000,,,,,,
data_sync,728,1447300,,,,,,
marker_write,728,40900,,,,,,
marker_sync,728,1383200,,,,,,
append,729,2716701,,,,,,
encode,729,4600,,,,,,
data_write,729,44400,,,,,,
data_sync,729,1310801,,,,,,
marker_write,729,34300,,,,,,
marker_sync,729,1320400,,,,,,
append,730,2659300,,,,,,
encode,730,3400,,,,,,
data_write,730,41700,,,,,,
data_sync,730,1301100,,,,,,
marker_write,730,35000,,,,,,
marker_sync,730,1276100,,,,,,
append,731,2611800,,,,,,
encode,731,3600,,,,,,
data_write,731,69400,,,,,,
data_sync,731,1234900,,,,,,
marker_write,731,32200,,,,,,
marker_sync,731,1269600,,,,,,
append,732,2655500,,,,,,
encode,732,3500,,,,,,
data_write,732,34300,,,,,,
data_sync,732,1252100,,,,,,
marker_write,732,28100,,,,,,
marker_sync,732,1335700,,,,,,
append,733,2812600,,,,,,
encode,733,4000,,,,,,
data_write,733,42800,,,,,,
data_sync,733,1307000,,,,,,
marker_write,733,35200,,,,,,
marker_sync,733,1421000,,,,,,
append,734,2692400,,,,,,
encode,734,4300,,,,,,
data_write,734,38700,,,,,,
data_sync,734,1398000,,,,,,
marker_write,734,28700,,,,,,
marker_sync,734,1220400,,,,,,
append,735,2751000,,,,,,
encode,735,2900,,,,,,
data_write,735,34800,,,,,,
data_sync,735,1263600,,,,,,
marker_write,735,35200,,,,,,
marker_sync,735,1413000,,,,,,
append,736,2656501,,,,,,
encode,736,3400,,,,,,
data_write,736,40801,,,,,,
data_sync,736,1262200,,,,,,
marker_write,736,49700,,,,,,
marker_sync,736,1298600,,,,,,
append,737,2759300,,,,,,
encode,737,2500,,,,,,
data_write,737,37000,,,,,,
data_sync,737,1314600,,,,,,
marker_write,737,31000,,,,,,
marker_sync,737,1372700,,,,,,
append,738,2692100,,,,,,
encode,738,3400,,,,,,
data_write,738,38000,,,,,,
data_sync,738,1247600,,,,,,
marker_write,738,32300,,,,,,
marker_sync,738,1369400,,,,,,
append,739,2776400,,,,,,
encode,739,3400,,,,,,
data_write,739,41200,,,,,,
data_sync,739,1286900,,,,,,
marker_write,739,38200,,,,,,
marker_sync,739,1405300,,,,,,
append,740,2631900,,,,,,
encode,740,3600,,,,,,
data_write,740,41900,,,,,,
data_sync,740,1302200,,,,,,
marker_write,740,32100,,,,,,
marker_sync,740,1250700,,,,,,
append,741,2563300,,,,,,
encode,741,2900,,,,,,
data_write,741,33900,,,,,,
data_sync,741,1248400,,,,,,
marker_write,741,28600,,,,,,
marker_sync,741,1248500,,,,,,
append,742,2515201,,,,,,
encode,742,1800,,,,,,
data_write,742,34600,,,,,,
data_sync,742,1208400,,,,,,
marker_write,742,27900,,,,,,
marker_sync,742,1241301,,,,,,
append,743,2563000,,,,,,
encode,743,2200,,,,,,
data_write,743,35000,,,,,,
data_sync,743,1256100,,,,,,
marker_write,743,26300,,,,,,
marker_sync,743,1242700,,,,,,
append,744,2705900,,,,,,
encode,744,1500,,,,,,
data_write,744,31600,,,,,,
data_sync,744,1243100,,,,,,
marker_write,744,30500,,,,,,
marker_sync,744,1397700,,,,,,
append,745,2890900,,,,,,
encode,745,3300,,,,,,
data_write,745,44900,,,,,,
data_sync,745,1426000,,,,,,
marker_write,745,34700,,,,,,
marker_sync,745,1380800,,,,,,
append,746,2576200,,,,,,
encode,746,2700,,,,,,
data_write,746,37600,,,,,,
data_sync,746,1251500,,,,,,
marker_write,746,25800,,,,,,
marker_sync,746,1257400,,,,,,
append,747,2545100,,,,,,
encode,747,2300,,,,,,
data_write,747,37000,,,,,,
data_sync,747,1252500,,,,,,
marker_write,747,28500,,,,,,
marker_sync,747,1223700,,,,,,
append,748,2537100,,,,,,
encode,748,1800,,,,,,
data_write,748,39300,,,,,,
data_sync,748,1285100,,,,,,
marker_write,748,29600,,,,,,
marker_sync,748,1180300,,,,,,
append,749,2721501,,,,,,
encode,749,1600,,,,,,
data_write,749,34400,,,,,,
data_sync,749,1220200,,,,,,
marker_write,749,29300,,,,,,
marker_sync,749,1434801,,,,,,
append,750,2581600,,,,,,
encode,750,1600,,,,,,
data_write,750,34400,,,,,,
data_sync,750,1226600,,,,,,
marker_write,750,32900,,,,,,
marker_sync,750,1285200,,,,,,
append,751,2536000,,,,,,
encode,751,1800,,,,,,
data_write,751,34200,,,,,,
data_sync,751,1239200,,,,,,
marker_write,751,31800,,,,,,
marker_sync,751,1228000,,,,,,
append,752,2739000,,,,,,
encode,752,1600,,,,,,
data_write,752,34800,,,,,,
data_sync,752,1423800,,,,,,
marker_write,752,28300,,,,,,
marker_sync,752,1249400,,,,,,
append,753,2559700,,,,,,
encode,753,1500,,,,,,
data_write,753,32000,,,,,,
data_sync,753,1231800,,,,,,
marker_write,753,26000,,,,,,
marker_sync,753,1267500,,,,,,
append,754,2466900,,,,,,
encode,754,1500,,,,,,
data_write,754,34100,,,,,,
data_sync,754,1208800,,,,,,
marker_write,754,25900,,,,,,
marker_sync,754,1195800,,,,,,
append,755,2463700,,,,,,
encode,755,1400,,,,,,
data_write,755,31900,,,,,,
data_sync,755,1209400,,,,,,
marker_write,755,27700,,,,,,
marker_sync,755,1192300,,,,,,
append,756,2542301,,,,,,
encode,756,1500,,,,,,
data_write,756,31100,,,,,,
data_sync,756,1200300,,,,,,
marker_write,756,32100,,,,,,
marker_sync,756,1275401,,,,,,
append,757,2946800,,,,,,
encode,757,2500,,,,,,
data_write,757,41800,,,,,,
data_sync,757,1570200,,,,,,
marker_write,757,36100,,,,,,
marker_sync,757,1294700,,,,,,
append,758,2559700,,,,,,
encode,758,3400,,,,,,
data_write,758,40200,,,,,,
data_sync,758,1235200,,,,,,
marker_write,758,33200,,,,,,
marker_sync,758,1246000,,,,,,
append,759,2523200,,,,,,
encode,759,2500,,,,,,
data_write,759,36100,,,,,,
data_sync,759,1201100,,,,,,
marker_write,759,26900,,,,,,
marker_sync,759,1255600,,,,,,
append,760,2532900,,,,,,
encode,760,1900,,,,,,
data_write,760,34400,,,,,,
data_sync,760,1238100,,,,,,
marker_write,760,30600,,,,,,
marker_sync,760,1226800,,,,,,
append,761,2616700,,,,,,
encode,761,2200,,,,,,
data_write,761,38000,,,,,,
data_sync,761,1294500,,,,,,
marker_write,761,30200,,,,,,
marker_sync,761,1250900,,,,,,
append,762,2507700,,,,,,
encode,762,2000,,,,,,
data_write,762,35000,,,,,,
data_sync,762,1217900,,,,,,
marker_write,762,31200,,,,,,
marker_sync,762,1220600,,,,,,
append,763,2829701,,,,,,
encode,763,2200,,,,,,
data_write,763,37300,,,,,,
data_sync,763,1308801,,,,,,
marker_write,763,30000,,,,,,
marker_sync,763,1448900,,,,,,
append,764,2709800,,,,,,
encode,764,3000,,,,,,
data_write,764,51700,,,,,,
data_sync,764,1320100,,,,,,
marker_write,764,28500,,,,,,
marker_sync,764,1305200,,,,,,
append,765,2641100,,,,,,
encode,765,2700,,,,,,
data_write,765,37500,,,,,,
data_sync,765,1267200,,,,,,
marker_write,765,28500,,,,,,
marker_sync,765,1303900,,,,,,
append,766,2738700,,,,,,
encode,766,3300,,,,,,
data_write,766,38100,,,,,,
data_sync,766,1280600,,,,,,
marker_write,766,36800,,,,,,
marker_sync,766,1377500,,,,,,
append,767,2806100,,,,,,
encode,767,4600,,,,,,
data_write,767,46800,,,,,,
data_sync,767,1395300,,,,,,
marker_write,767,47100,,,,,,
marker_sync,767,1310400,,,,,,
append,768,2728200,,,,,,
encode,768,3100,,,,,,
data_write,768,42700,,,,,,
data_sync,768,1247500,,,,,,
marker_write,768,27200,,,,,,
marker_sync,768,1406100,,,,,,
append,769,2759201,,,,,,
encode,769,2800,,,,,,
data_write,769,42500,,,,,,
data_sync,769,1357500,,,,,,
marker_write,769,30500,,,,,,
marker_sync,769,1324501,,,,,,
append,770,2613000,,,,,,
encode,770,2000,,,,,,
data_write,770,32400,,,,,,
data_sync,770,1277000,,,,,,
marker_write,770,28200,,,,,,
marker_sync,770,1271900,,,,,,
append,771,2680100,,,,,,
encode,771,2100,,,,,,
data_write,771,33000,,,,,,
data_sync,771,1331400,,,,,,
marker_write,771,30100,,,,,,
marker_sync,771,1282500,,,,,,
append,772,2636100,,,,,,
encode,772,1900,,,,,,
data_write,772,34700,,,,,,
data_sync,772,1308000,,,,,,
marker_write,772,26700,,,,,,
marker_sync,772,1263900,,,,,,
append,773,2655600,,,,,,
encode,773,2100,,,,,,
data_write,773,36400,,,,,,
data_sync,773,1276400,,,,,,
marker_write,773,31600,,,,,,
marker_sync,773,1308200,,,,,,
append,774,2669700,,,,,,
encode,774,1800,,,,,,
data_write,774,35300,,,,,,
data_sync,774,1243000,,,,,,
marker_write,774,26100,,,,,,
marker_sync,774,1362300,,,,,,
append,775,2803000,,,,,,
encode,775,2600,,,,,,
data_write,775,36100,,,,,,
data_sync,775,1302100,,,,,,
marker_write,775,34200,,,,,,
marker_sync,775,1427200,,,,,,
append,776,2637101,,,,,,
encode,776,2000,,,,,,
data_write,776,33500,,,,,,
data_sync,776,1282700,,,,,,
marker_write,776,28800,,,,,,
marker_sync,776,1289001,,,,,,
append,777,2710700,,,,,,
encode,777,1700,,,,,,
data_write,777,33900,,,,,,
data_sync,777,1339100,,,,,,
marker_write,777,35200,,,,,,
marker_sync,777,1299500,,,,,,
append,778,2600500,,,,,,
encode,778,2100,,,,,,
data_write,778,40500,,,,,,
data_sync,778,1225500,,,,,,
marker_write,778,29400,,,,,,
marker_sync,778,1301800,,,,,,
append,779,2723000,,,,,,
encode,779,2200,,,,,,
data_write,779,36900,,,,,,
data_sync,779,1317900,,,,,,
marker_write,779,34800,,,,,,
marker_sync,779,1330200,,,,,,
append,780,2925100,,,,,,
encode,780,2000,,,,,,
data_write,780,36500,,,,,,
data_sync,780,1404100,,,,,,
marker_write,780,44300,,,,,,
marker_sync,780,1436600,,,,,,
append,781,2904700,,,,,,
encode,781,3500,,,,,,
data_write,781,47800,,,,,,
data_sync,781,1419600,,,,,,
marker_write,781,32300,,,,,,
marker_sync,781,1400000,,,,,,
append,782,2832900,,,,,,
encode,782,3300,,,,,,
data_write,782,48700,,,,,,
data_sync,782,1393900,,,,,,
marker_write,782,31100,,,,,,
marker_sync,782,1354400,,,,,,
append,783,2749601,,,,,,
encode,783,3100,,,,,,
data_write,783,41700,,,,,,
data_sync,783,1364401,,,,,,
marker_write,783,34100,,,,,,
marker_sync,783,1304500,,,,,,
append,784,2721600,,,,,,
encode,784,3900,,,,,,
data_write,784,37200,,,,,,
data_sync,784,1314600,,,,,,
marker_write,784,28300,,,,,,
marker_sync,784,1336500,,,,,,
append,785,2777700,,,,,,
encode,785,2200,,,,,,
data_write,785,46000,,,,,,
data_sync,785,1350700,,,,,,
marker_write,785,30300,,,,,,
marker_sync,785,1346400,,,,,,
append,786,3475300,,,,,,
encode,786,3100,,,,,,
data_write,786,42400,,,,,,
data_sync,786,1577900,,,,,,
marker_write,786,39300,,,,,,
marker_sync,786,1810000,,,,,,
append,787,3151600,,,,,,
encode,787,4700,,,,,,
data_write,787,45300,,,,,,
data_sync,787,1607400,,,,,,
marker_write,787,32500,,,,,,
marker_sync,787,1459800,,,,,,
append,788,2828000,,,,,,
encode,788,2700,,,,,,
data_write,788,35900,,,,,,
data_sync,788,1339300,,,,,,
marker_write,788,28300,,,,,,
marker_sync,788,1420300,,,,,,
append,789,3158201,,,,,,
encode,789,2300,,,,,,
data_write,789,38900,,,,,,
data_sync,789,1425401,,,,,,
marker_write,789,31100,,,,,,
marker_sync,789,1659300,,,,,,
append,790,3056400,,,,,,
encode,790,2400,,,,,,
data_write,790,37300,,,,,,
data_sync,790,1513000,,,,,,
marker_write,790,29700,,,,,,
marker_sync,790,1472600,,,,,,
append,791,2941300,,,,,,
encode,791,3000,,,,,,
data_write,791,36100,,,,,,
data_sync,791,1498100,,,,,,
marker_write,791,35700,,,,,,
marker_sync,791,1366800,,,,,,
append,792,2621200,,,,,,
encode,792,2700,,,,,,
data_write,792,35900,,,,,,
data_sync,792,1278200,,,,,,
marker_write,792,27400,,,,,,
marker_sync,792,1275900,,,,,,
append,793,2666700,,,,,,
encode,793,2400,,,,,,
data_write,793,36200,,,,,,
data_sync,793,1266500,,,,,,
marker_write,793,29500,,,,,,
marker_sync,793,1330700,,,,,,
append,794,2737500,,,,,,
encode,794,2200,,,,,,
data_write,794,35100,,,,,,
data_sync,794,1303300,,,,,,
marker_write,794,28400,,,,,,
marker_sync,794,1367300,,,,,,
append,795,2746401,,,,,,
encode,795,2600,,,,,,
data_write,795,36400,,,,,,
data_sync,795,1355701,,,,,,
marker_write,795,29700,,,,,,
marker_sync,795,1320700,,,,,,
append,796,2600900,,,,,,
encode,796,2900,,,,,,
data_write,796,36400,,,,,,
data_sync,796,1268300,,,,,,
marker_write,796,29000,,,,,,
marker_sync,796,1262500,,,,,,
append,797,2939900,,,,,,
encode,797,3200,,,,,,
data_write,797,39000,,,,,,
data_sync,797,1424800,,,,,,
marker_write,797,37000,,,,,,
marker_sync,797,1434500,,,,,,
append,798,2798800,,,,,,
encode,798,3100,,,,,,
data_write,798,37000,,,,,,
data_sync,798,1376600,,,,,,
marker_write,798,29600,,,,,,
marker_sync,798,1351300,,,,,,
append,799,2748600,,,,,,
encode,799,3300,,,,,,
data_write,799,44200,,,,,,
data_sync,799,1327000,,,,,,
marker_write,799,33500,,,,,,
marker_sync,799,1339200,,,,,,
append,800,2937100,,,,,,
encode,800,3400,,,,,,
data_write,800,38500,,,,,,
data_sync,800,1374000,,,,,,
marker_write,800,37900,,,,,,
marker_sync,800,1481800,,,,,,
append,801,2734701,,,,,,
encode,801,4300,,,,,,
data_write,801,48600,,,,,,
data_sync,801,1300500,,,,,,
marker_write,801,32300,,,,,,
marker_sync,801,1347901,,,,,,
append,802,2837000,,,,,,
encode,802,2700,,,,,,
data_write,802,37800,,,,,,
data_sync,802,1362200,,,,,,
marker_write,802,39600,,,,,,
marker_sync,802,1393600,,,,,,
append,803,2816400,,,,,,
encode,803,3600,,,,,,
data_write,803,45800,,,,,,
data_sync,803,1353700,,,,,,
marker_write,803,30700,,,,,,
marker_sync,803,1381200,,,,,,
append,804,3049000,,,,,,
encode,804,3800,,,,,,
data_write,804,41500,,,,,,
data_sync,804,1492900,,,,,,
marker_write,804,41600,,,,,,
marker_sync,804,1467700,,,,,,
append,805,2897100,,,,,,
encode,805,3100,,,,,,
data_write,805,39100,,,,,,
data_sync,805,1393200,,,,,,
marker_write,805,32200,,,,,,
marker_sync,805,1428400,,,,,,
append,806,2958000,,,,,,
encode,806,2500,,,,,,
data_write,806,39300,,,,,,
data_sync,806,1436000,,,,,,
marker_write,806,42100,,,,,,
marker_sync,806,1436700,,,,,,
append,807,2961900,,,,,,
encode,807,4300,,,,,,
data_write,807,46800,,,,,,
data_sync,807,1425400,,,,,,
marker_write,807,33000,,,,,,
marker_sync,807,1450900,,,,,,
append,808,2951201,,,,,,
encode,808,3500,,,,,,
data_write,808,49200,,,,,,
data_sync,808,1446101,,,,,,
marker_write,808,33100,,,,,,
marker_sync,808,1418000,,,,,,
append,809,2920100,,,,,,
encode,809,2500,,,,,,
data_write,809,39900,,,,,,
data_sync,809,1414500,,,,,,
marker_write,809,32000,,,,,,
marker_sync,809,1430000,,,,,,
append,810,2938500,,,,,,
encode,810,2100,,,,,,
data_write,810,37700,,,,,,
data_sync,810,1436500,,,,,,
marker_write,810,31200,,,,,,
marker_sync,810,1429700,,,,,,
append,811,3023100,,,,,,
encode,811,2700,,,,,,
data_write,811,40000,,,,,,
data_sync,811,1497600,,,,,,
marker_write,811,31800,,,,,,
marker_sync,811,1449600,,,,,,
append,812,3162200,,,,,,
encode,812,2800,,,,,,
data_write,812,37800,,,,,,
data_sync,812,1544500,,,,,,
marker_write,812,35500,,,,,,
marker_sync,812,1540200,,,,,,
append,813,3144200,,,,,,
encode,813,2700,,,,,,
data_write,813,37800,,,,,,
data_sync,813,1531700,,,,,,
marker_write,813,36400,,,,,,
marker_sync,813,1533800,,,,,,
append,814,2949401,,,,,,
encode,814,3600,,,,,,
data_write,814,41200,,,,,,
data_sync,814,1507201,,,,,,
marker_write,814,32100,,,,,,
marker_sync,814,1363500,,,,,,
append,815,2931700,,,,,,
encode,815,2700,,,,,,
data_write,815,37400,,,,,,
data_sync,815,1440800,,,,,,
marker_write,815,33100,,,,,,
marker_sync,815,1415200,,,,,,
append,816,2654900,,,,,,
encode,816,2900,,,,,,
data_write,816,38700,,,,,,
data_sync,816,1311600,,,,,,
marker_write,816,30700,,,,,,
marker_sync,816,1268800,,,,,,
append,817,3115800,,,,,,
encode,817,3200,,,,,,
data_write,817,39700,,,,,,
data_sync,817,1461500,,,,,,
marker_write,817,16500,,,,,,
marker_sync,817,1592800,,,,,,
append,818,3233400,,,,,,
encode,818,3400,,,,,,
data_write,818,44700,,,,,,
data_sync,818,1626700,,,,,,
marker_write,818,43400,,,,,,
marker_sync,818,1512800,,,,,,
append,819,2942800,,,,,,
encode,819,4300,,,,,,
data_write,819,43400,,,,,,
data_sync,819,1489700,,,,,,
marker_write,819,34300,,,,,,
marker_sync,819,1369400,,,,,,
append,820,2837101,,,,,,
encode,820,3700,,,,,,
data_write,820,37800,,,,,,
data_sync,820,1396501,,,,,,
marker_write,820,38500,,,,,,
marker_sync,820,1358600,,,,,,
append,821,3251200,,,,,,
encode,821,3600,,,,,,
data_write,821,40200,,,,,,
data_sync,821,1561700,,,,,,
marker_write,821,28000,,,,,,
marker_sync,821,1615600,,,,,,
append,822,2779100,,,,,,
encode,822,2300,,,,,,
data_write,822,41300,,,,,,
data_sync,822,1358900,,,,,,
marker_write,822,29500,,,,,,
marker_sync,822,1345700,,,,,,
append,823,2928400,,,,,,
encode,823,1800,,,,,,
data_write,823,33200,,,,,,
data_sync,823,1460400,,,,,,
marker_write,823,33400,,,,,,
marker_sync,823,1398400,,,,,,
append,824,2986600,,,,,,
encode,824,2500,,,,,,
data_write,824,39700,,,,,,
data_sync,824,1499600,,,,,,
marker_write,824,33600,,,,,,
marker_sync,824,1410000,,,,,,
append,825,3077300,,,,,,
encode,825,2300,,,,,,
data_write,825,38300,,,,,,
data_sync,825,1391200,,,,,,
marker_write,825,79400,,,,,,
marker_sync,825,1564000,,,,,,
append,826,2896301,,,,,,
encode,826,3200,,,,,,
data_write,826,43000,,,,,,
data_sync,826,1423901,,,,,,
marker_write,826,33300,,,,,,
marker_sync,826,1391600,,,,,,
append,827,2848100,,,,,,
encode,827,2000,,,,,,
data_write,827,37300,,,,,,
data_sync,827,1412800,,,,,,
marker_write,827,32400,,,,,,
marker_sync,827,1362300,,,,,,
append,828,3022000,,,,,,
encode,828,2100,,,,,,
data_write,828,36600,,,,,,
data_sync,828,1452800,,,,,,
marker_write,828,29500,,,,,,
marker_sync,828,1500100,,,,,,
append,829,3127800,,,,,,
encode,829,2100,,,,,,
data_write,829,36500,,,,,,
data_sync,829,1503100,,,,,,
marker_write,829,37300,,,,,,
marker_sync,829,1547500,,,,,,
append,830,3171600,,,,,,
encode,830,3700,,,,,,
data_write,830,50500,,,,,,
data_sync,830,1569900,,,,,,
marker_write,830,38600,,,,,,
marker_sync,830,1506200,,,,,,
append,831,3309401,,,,,,
encode,831,5100,,,,,,
data_write,831,59800,,,,,,
data_sync,831,1697500,,,,,,
marker_write,831,37700,,,,,,
marker_sync,831,1506701,,,,,,
append,832,2969000,,,,,,
encode,832,3800,,,,,,
data_write,832,42500,,,,,,
data_sync,832,1471000,,,,,,
marker_write,832,31500,,,,,,
marker_sync,832,1418400,,,,,,
append,833,2952100,,,,,,
encode,833,1900,,,,,,
data_write,833,36500,,,,,,
data_sync,833,1397900,,,,,,
marker_write,833,28300,,,,,,
marker_sync,833,1485900,,,,,,
append,834,3253600,,,,,,
encode,834,3500,,,,,,
data_write,834,44200,,,,,,
data_sync,834,1535000,,,,,,
marker_write,834,44700,,,,,,
marker_sync,834,1623800,,,,,,
append,835,3144300,,,,,,
encode,835,4200,,,,,,
data_write,835,46200,,,,,,
data_sync,835,1578600,,,,,,
marker_write,835,36800,,,,,,
marker_sync,835,1477000,,,,,,
append,836,3057200,,,,,,
encode,836,3600,,,,,,
data_write,836,38700,,,,,,
data_sync,836,1505300,,,,,,
marker_write,836,35300,,,,,,
marker_sync,836,1472500,,,,,,
append,837,3009201,,,,,,
encode,837,3400,,,,,,
data_write,837,37000,,,,,,
data_sync,837,1427400,,,,,,
marker_write,837,29500,,,,,,
marker_sync,837,1509601,,,,,,
append,838,3428700,,,,,,
encode,838,4600,,,,,,
data_write,838,46300,,,,,,
data_sync,838,1646700,,,,,,
marker_write,838,48400,,,,,,
marker_sync,838,1679800,,,,,,
append,839,3670900,,,,,,
encode,839,5500,,,,,,
data_write,839,53000,,,,,,
data_sync,839,1843900,,,,,,
marker_write,839,43500,,,,,,
marker_sync,839,1721300,,,,,,
append,840,4209500,,,,,,
encode,840,5300,,,,,,
data_write,840,35000,,,,,,
data_sync,840,2218400,,,,,,
marker_write,840,71600,,,,,,
marker_sync,840,1875000,,,,,,
append,841,4400600,,,,,,
encode,841,8300,,,,,,
data_write,841,80200,,,,,,
data_sync,841,2230800,,,,,,
marker_write,841,55100,,,,,,
marker_sync,841,2022700,,,,,,
append,842,4079101,,,,,,
encode,842,5700,,,,,,
data_write,842,67800,,,,,,
data_sync,842,2074501,,,,,,
marker_write,842,45800,,,,,,
marker_sync,842,1882600,,,,,,
append,843,4225800,,,,,,
encode,843,4600,,,,,,
data_write,843,52500,,,,,,
data_sync,843,2230200,,,,,,
marker_write,843,59000,,,,,,
marker_sync,843,1876600,,,,,,
append,844,3427400,,,,,,
encode,844,5800,,,,,,
data_write,844,64200,,,,,,
data_sync,844,1738700,,,,,,
marker_write,844,45800,,,,,,
marker_sync,844,1570100,,,,,,
append,845,3190100,,,,,,
encode,845,4300,,,,,,
data_write,845,45600,,,,,,
data_sync,845,1551100,,,,,,
marker_write,845,46800,,,,,,
marker_sync,845,1538900,,,,,,
append,846,3203000,,,,,,
encode,846,4700,,,,,,
data_write,846,55200,,,,,,
data_sync,846,1522800,,,,,,
marker_write,846,39800,,,,,,
marker_sync,846,1578100,,,,,,
append,847,3370101,,,,,,
encode,847,4300,,,,,,
data_write,847,41600,,,,,,
data_sync,847,1558001,,,,,,
marker_write,847,37800,,,,,,
marker_sync,847,1725800,,,,,,
append,848,3287900,,,,,,
encode,848,4100,,,,,,
data_write,848,44400,,,,,,
data_sync,848,1591200,,,,,,
marker_write,848,45700,,,,,,
marker_sync,848,1599400,,,,,,
append,849,3219000,,,,,,
encode,849,3500,,,,,,
data_write,849,51000,,,,,,
data_sync,849,1577900,,,,,,
marker_write,849,16400,,,,,,
marker_sync,849,1567500,,,,,,
append,850,3018200,,,,,,
encode,850,3700,,,,,,
data_write,850,49100,,,,,,
data_sync,850,1476300,,,,,,
marker_write,850,37500,,,,,,
marker_sync,850,1448700,,,,,,
append,851,3135900,,,,,,
encode,851,4000,,,,,,
data_write,851,45400,,,,,,
data_sync,851,1477200,,,,,,
marker_write,851,42900,,,,,,
marker_sync,851,1564100,,,,,,
append,852,3431801,,,,,,
encode,852,4500,,,,,,
data_write,852,54200,,,,,,
data_sync,852,1696900,,,,,,
marker_write,852,54500,,,,,,
marker_sync,852,1618501,,,,,,
append,853,3252000,,,,,,
encode,853,4100,,,,,,
data_write,853,51000,,,,,,
data_sync,853,1543600,,,,,,
marker_write,853,38000,,,,,,
marker_sync,853,1613400,,,,,,
append,854,2836500,,,,,,
encode,854,4500,,,,,,
data_write,854,50200,,,,,,
data_sync,854,1460200,,,,,,
marker_write,854,38100,,,,,,
marker_sync,854,1281500,,,,,,
append,855,2810900,,,,,,
encode,855,3600,,,,,,
data_write,855,43000,,,,,,
data_sync,855,1466000,,,,,,
marker_write,855,29300,,,,,,
marker_sync,855,1267600,,,,,,
append,856,3008400,,,,,,
encode,856,2400,,,,,,
data_write,856,41900,,,,,,
data_sync,856,1469100,,,,,,
marker_write,856,44800,,,,,,
marker_sync,856,1448100,,,,,,
append,857,2993000,,,,,,
encode,857,4300,,,,,,
data_write,857,49500,,,,,,
data_sync,857,1463200,,,,,,
marker_write,857,36300,,,,,,
marker_sync,857,1436700,,,,,,
append,858,2907200,,,,,,
encode,858,5200,,,,,,
data_write,858,58200,,,,,,
data_sync,858,1319500,,,,,,
marker_write,858,39500,,,,,,
marker_sync,858,1482600,,,,,,
append,859,2903301,,,,,,
encode,859,3700,,,,,,
data_write,859,44500,,,,,,
data_sync,859,1461101,,,,,,
marker_write,859,46200,,,,,,
marker_sync,859,1346300,,,,,,
append,860,3245100,,,,,,
encode,860,3700,,,,,,
data_write,860,43100,,,,,,
data_sync,860,1444600,,,,,,
marker_write,860,44900,,,,,,
marker_sync,860,1706900,,,,,,
append,861,2890200,,,,,,
encode,861,5500,,,,,,
data_write,861,51000,,,,,,
data_sync,861,1424100,,,,,,
marker_write,861,34100,,,,,,
marker_sync,861,1374100,,,,,,
append,862,3057800,,,,,,
encode,862,3000,,,,,,
data_write,862,37600,,,,,,
data_sync,862,1443400,,,,,,
marker_write,862,32300,,,,,,
marker_sync,862,1539600,,,,,,
append,863,3231800,,,,,,
encode,863,4100,,,,,,
data_write,863,42900,,,,,,
data_sync,863,1610900,,,,,,
marker_write,863,33500,,,,,,
marker_sync,863,1538100,,,,,,
append,864,3281101,,,,,,
encode,864,4500,,,,,,
data_write,864,43100,,,,,,
data_sync,864,1738100,,,,,,
marker_write,864,38700,,,,,,
marker_sync,864,1454501,,,,,,
append,865,3305900,,,,,,
encode,865,3900,,,,,,
data_write,865,41800,,,,,,
data_sync,865,1540400,,,,,,
marker_write,865,37000,,,,,,
marker_sync,865,1680200,,,,,,
append,866,3013400,,,,,,
encode,866,3800,,,,,,
data_write,866,50600,,,,,,
data_sync,866,1473100,,,,,,
marker_write,866,61800,,,,,,
marker_sync,866,1421800,,,,,,
append,867,2953800,,,,,,
encode,867,2800,,,,,,
data_write,867,40500,,,,,,
data_sync,867,1480300,,,,,,
marker_write,867,31500,,,,,,
marker_sync,867,1397300,,,,,,
append,868,3361400,,,,,,
encode,868,2300,,,,,,
data_write,868,37800,,,,,,
data_sync,868,1635800,,,,,,
marker_write,868,44100,,,,,,
marker_sync,868,1638900,,,,,,
append,869,3205600,,,,,,
encode,869,4500,,,,,,
data_write,869,50500,,,,,,
data_sync,869,1549300,,,,,,
marker_write,869,41400,,,,,,
marker_sync,869,1556900,,,,,,
append,870,3134301,,,,,,
encode,870,4800,,,,,,
data_write,870,54700,,,,,,
data_sync,870,1544801,,,,,,
marker_write,870,37400,,,,,,
marker_sync,870,1489600,,,,,,
append,871,2902400,,,,,,
encode,871,4200,,,,,,
data_write,871,53500,,,,,,
data_sync,871,1408300,,,,,,
marker_write,871,37800,,,,,,
marker_sync,871,1396200,,,,,,
append,872,2674900,,,,,,
encode,872,4000,,,,,,
data_write,872,51300,,,,,,
data_sync,872,1322300,,,,,,
marker_write,872,34200,,,,,,
marker_sync,872,1261000,,,,,,
append,873,3023000,,,,,,
encode,873,4100,,,,,,
data_write,873,44700,,,,,,
data_sync,873,1575200,,,,,,
marker_write,873,41300,,,,,,
marker_sync,873,1354900,,,,,,
append,874,3475900,,,,,,
encode,874,5100,,,,,,
data_write,874,92800,,,,,,
data_sync,874,1911600,,,,,,
marker_write,874,89400,,,,,,
marker_sync,874,1374400,,,,,,
append,875,3452900,,,,,,
encode,875,4900,,,,,,
data_write,875,56400,,,,,,
data_sync,875,1813300,,,,,,
marker_write,875,47000,,,,,,
marker_sync,875,1528100,,,,,,
append,876,3913901,,,,,,
encode,876,5800,,,,,,
data_write,876,65500,,,,,,
data_sync,876,2104401,,,,,,
marker_write,876,42600,,,,,,
marker_sync,876,1693000,,,,,,
append,877,3265500,,,,,,
encode,877,4000,,,,,,
data_write,877,47600,,,,,,
data_sync,877,1601500,,,,,,
marker_write,877,38400,,,,,,
marker_sync,877,1571300,,,,,,
append,878,2908500,,,,,,
encode,878,3800,,,,,,
data_write,878,45700,,,,,,
data_sync,878,1499800,,,,,,
marker_write,878,39400,,,,,,
marker_sync,878,1317700,,,,,,
append,879,2719300,,,,,,
encode,879,3900,,,,,,
data_write,879,44000,,,,,,
data_sync,879,1367400,,,,,,
marker_write,879,34700,,,,,,
marker_sync,879,1267800,,,,,,
append,880,2775500,,,,,,
encode,880,2400,,,,,,
data_write,880,40400,,,,,,
data_sync,880,1267200,,,,,,
marker_write,880,34600,,,,,,
marker_sync,880,1429700,,,,,,
append,881,2694700,,,,,,
encode,881,2500,,,,,,
data_write,881,39300,,,,,,
data_sync,881,1373600,,,,,,
marker_write,881,35600,,,,,,
marker_sync,881,1242300,,,,,,
append,882,2688001,,,,,,
encode,882,2200,,,,,,
data_write,882,67900,,,,,,
data_sync,882,1271301,,,,,,
marker_write,882,33800,,,,,,
marker_sync,882,1311700,,,,,,
append,883,2805600,,,,,,
encode,883,2900,,,,,,
data_write,883,40400,,,,,,
data_sync,883,1302200,,,,,,
marker_write,883,40600,,,,,,
marker_sync,883,1417900,,,,,,
append,884,2657700,,,,,,
encode,884,2400,,,,,,
data_write,884,42800,,,,,,
data_sync,884,1296900,,,,,,
marker_write,884,31700,,,,,,
marker_sync,884,1282700,,,,,,
append,885,2648800,,,,,,
encode,885,2300,,,,,,
data_write,885,40400,,,,,,
data_sync,885,1296300,,,,,,
marker_write,885,30600,,,,,,
marker_sync,885,1278000,,,,,,
append,886,2809100,,,,,,
encode,886,2200,,,,,,
data_write,886,42800,,,,,,
data_sync,886,1406200,,,,,,
marker_write,886,31600,,,,,,
marker_sync,886,1324900,,,,,,
append,887,2650900,,,,,,
encode,887,2200,,,,,,
data_write,887,42600,,,,,,
data_sync,887,1297200,,,,,,
marker_write,887,31900,,,,,,
marker_sync,887,1276200,,,,,,
append,888,2649601,,,,,,
encode,888,2000,,,,,,
data_write,888,40000,,,,,,
data_sync,888,1282300,,,,,,
marker_write,888,34100,,,,,,
marker_sync,888,1290001,,,,,,
append,889,3044800,,,,,,
encode,889,2200,,,,,,
data_write,889,39600,,,,,,
data_sync,889,1451000,,,,,,
marker_write,889,62300,,,,,,
marker_sync,889,1487300,,,,,,
append,890,3019800,,,,,,
encode,890,3300,,,,,,
data_write,890,47600,,,,,,
data_sync,890,1593000,,,,,,
marker_write,890,29400,,,,,,
marker_sync,890,1345400,,,,,,
append,891,2687200,,,,,,
encode,891,2500,,,,,,
data_write,891,41100,,,,,,
data_sync,891,1312200,,,,,,
marker_write,891,29500,,,,,,
marker_sync,891,1301000,,,,,,
append,892,2761800,,,,,,
encode,892,2100,,,,,,
data_write,892,37300,,,,,,
data_sync,892,1347400,,,,,,
marker_write,892,41400,,,,,,
marker_sync,892,1331800,,,,,,
append,893,3031800,,,,,,
encode,893,3800,,,,,,
data_write,893,45200,,,,,,
data_sync,893,1455300,,,,,,
marker_write,893,36000,,,,,,
marker_sync,893,1489500,,,,,,
append,894,2854700,,,,,,
encode,894,3900,,,,,,
data_write,894,42600,,,,,,
data_sync,894,1374100,,,,,,
marker_write,894,36100,,,,,,
marker_sync,894,1395800,,,,,,
append,895,3009701,,,,,,
encode,895,4400,,,,,,
data_write,895,46600,,,,,,
data_sync,895,1436001,,,,,,
marker_write,895,38400,,,,,,
marker_sync,895,1481900,,,,,,
append,896,3204400,,,,,,
encode,896,3400,,,,,,
data_write,896,43100,,,,,,
data_sync,896,1543200,,,,,,
marker_write,896,36200,,,,,,
marker_sync,896,1576600,,,,,,
append,897,3096600,,,,,,
encode,897,3100,,,,,,
data_write,897,41400,,,,,,
data_sync,897,1490400,,,,,,
marker_write,897,33900,,,,,,
marker_sync,897,1526100,,,,,,
append,898,3131800,,,,,,
encode,898,5100,,,,,,
data_write,898,44100,,,,,,
data_sync,898,1500500,,,,,,
marker_write,898,37400,,,,,,
marker_sync,898,1542700,,,,,,
append,899,3047200,,,,,,
encode,899,3900,,,,,,
data_write,899,42400,,,,,,
data_sync,899,1398400,,,,,,
marker_write,899,32500,,,,,,
marker_sync,899,1568000,,,,,,
append,900,3000301,,,,,,
encode,900,3100,,,,,,
data_write,900,44900,,,,,,
data_sync,900,1519900,,,,,,
marker_write,900,35400,,,,,,
marker_sync,900,1395401,,,,,,
append,901,2878400,,,,,,
encode,901,3000,,,,,,
data_write,901,38500,,,,,,
data_sync,901,1412400,,,,,,
marker_write,901,32500,,,,,,
marker_sync,901,1390400,,,,,,
append,902,2819700,,,,,,
encode,902,2400,,,,,,
data_write,902,35000,,,,,,
data_sync,902,1341000,,,,,,
marker_write,902,27800,,,,,,
marker_sync,902,1412400,,,,,,
append,903,2837500,,,,,,
encode,903,2200,,,,,,
data_write,903,40400,,,,,,
data_sync,903,1297800,,,,,,
marker_write,903,32100,,,,,,
marker_sync,903,1463400,,,,,,
append,904,2655400,,,,,,
encode,904,2200,,,,,,
data_write,904,38600,,,,,,
data_sync,904,1311300,,,,,,
marker_write,904,31800,,,,,,
marker_sync,904,1270000,,,,,,
append,905,2940400,,,,,,
encode,905,2100,,,,,,
data_write,905,35900,,,,,,
data_sync,905,1295800,,,,,,
marker_write,905,43900,,,,,,
marker_sync,905,1560900,,,,,,
append,906,2821200,,,,,,
encode,906,2500,,,,,,
data_write,906,43100,,,,,,
data_sync,906,1355100,,,,,,
marker_write,906,34200,,,,,,
marker_sync,906,1385000,,,,,,
append,907,2889401,,,,,,
encode,907,2500,,,,,,
data_write,907,41900,,,,,,
data_sync,907,1441901,,,,,,
marker_write,907,33600,,,,,,
marker_sync,907,1368000,,,,,,
append,908,2743300,,,,,,
encode,908,3400,,,,,,
data_write,908,39600,,,,,,
data_sync,908,1359300,,,,,,
marker_write,908,38600,,,,,,
marker_sync,908,1301100,,,,,,
append,909,2677100,,,,,,
encode,909,2300,,,,,,
data_write,909,39000,,,,,,
data_sync,909,1276400,,,,,,
marker_write,909,32300,,,,,,
marker_sync,909,1325800,,,,,,
append,910,2771700,,,,,,
encode,910,2400,,,,,,
data_write,910,39000,,,,,,
data_sync,910,1322600,,,,,,
marker_write,910,29900,,,,,,
marker_sync,910,1376200,,,,,,
append,911,3273500,,,,,,
encode,911,3100,,,,,,
data_write,911,47700,,,,,,
data_sync,911,1692400,,,,,,
marker_write,911,46200,,,,,,
marker_sync,911,1481000,,,,,,
append,912,2867400,,,,,,
encode,912,4000,,,,,,
data_write,912,52300,,,,,,
data_sync,912,1421800,,,,,,
marker_write,912,38500,,,,,,
marker_sync,912,1348500,,,,,,
append,913,2665601,,,,,,
encode,913,3200,,,,,,
data_write,913,43700,,,,,,
data_sync,913,1310501,,,,,,
marker_write,913,31900,,,,,,
marker_sync,913,1274800,,,,,,
append,914,3102400,,,,,,
encode,914,2700,,,,,,
data_write,914,42200,,,,,,
data_sync,914,1471100,,,,,,
marker_write,914,30600,,,,,,
marker_sync,914,1553500,,,,,,
append,915,3044700,,,,,,
encode,915,2800,,,,,,
data_write,915,41500,,,,,,
data_sync,915,1473700,,,,,,
marker_write,915,34900,,,,,,
marker_sync,915,1490400,,,,,,
append,916,3116000,,,,,,
encode,916,3200,,,,,,
data_write,916,40500,,,,,,
data_sync,916,1427300,,,,,,
marker_write,916,37800,,,,,,
marker_sync,916,1605200,,,,,,
append,917,2831900,,,,,,
encode,917,3200,,,,,,
data_write,917,41500,,,,,,
data_sync,917,1376600,,,,,,
marker_write,917,31100,,,,,,
marker_sync,917,1378100,,,,,,
append,918,2936400,,,,,,
encode,918,2700,,,,,,
data_write,918,41700,,,,,,
data_sync,918,1425300,,,,,,
marker_write,918,33600,,,,,,
marker_sync,918,1432000,,,,,,
append,919,2958701,,,,,,
encode,919,2300,,,,,,
data_write,919,39200,,,,,,
data_sync,919,1492301,,,,,,
marker_write,919,33300,,,,,,
marker_sync,919,1390500,,,,,,
append,920,3034500,,,,,,
encode,920,2400,,,,,,
data_write,920,39900,,,,,,
data_sync,920,1464900,,,,,,
marker_write,920,32300,,,,,,
marker_sync,920,1493700,,,,,,
append,921,3158100,,,,,,
encode,921,2300,,,,,,
data_write,921,37500,,,,,,
data_sync,921,1482400,,,,,,
marker_write,921,37800,,,,,,
marker_sync,921,1596500,,,,,,
append,922,2886700,,,,,,
encode,922,3600,,,,,,
data_write,922,44100,,,,,,
data_sync,922,1436200,,,,,,
marker_write,922,30900,,,,,,
marker_sync,922,1370700,,,,,,
append,923,2777900,,,,,,
encode,923,2400,,,,,,
data_write,923,41900,,,,,,
data_sync,923,1345200,,,,,,
marker_write,923,29800,,,,,,
marker_sync,923,1357700,,,,,,
append,924,2786000,,,,,,
encode,924,2300,,,,,,
data_write,924,40600,,,,,,
data_sync,924,1374100,,,,,,
marker_write,924,32200,,,,,,
marker_sync,924,1335900,,,,,,
append,925,4558001,,,,,,
encode,925,2000,,,,,,
data_write,925,38200,,,,,,
data_sync,925,3006901,,,,,,
marker_write,925,40500,,,,,,
marker_sync,925,1468600,,,,,,
append,926,2967500,,,,,,
encode,926,4800,,,,,,
data_write,926,43800,,,,,,
data_sync,926,1417400,,,,,,
marker_write,926,36500,,,,,,
marker_sync,926,1463400,,,,,,
append,927,2839400,,,,,,
encode,927,3400,,,,,,
data_write,927,41000,,,,,,
data_sync,927,1383300,,,,,,
marker_write,927,31500,,,,,,
marker_sync,927,1378900,,,,,,
append,928,2857300,,,,,,
encode,928,3200,,,,,,
data_write,928,40100,,,,,,
data_sync,928,1349300,,,,,,
marker_write,928,29800,,,,,,
marker_sync,928,1433700,,,,,,
append,929,2815500,,,,,,
encode,929,3100,,,,,,
data_write,929,40800,,,,,,
data_sync,929,1419400,,,,,,
marker_write,929,33500,,,,,,
marker_sync,929,1317300,,,,,,
append,930,2693900,,,,,,
encode,930,2600,,,,,,
data_write,930,37300,,,,,,
data_sync,930,1320900,,,,,,
marker_write,930,30900,,,,,,
marker_sync,930,1300800,,,,,,
append,931,2766901,,,,,,
encode,931,2400,,,,,,
data_write,931,33300,,,,,,
data_sync,931,1294801,,,,,,
marker_write,931,26800,,,,,,
marker_sync,931,1407800,,,,,,
append,932,3093900,,,,,,
encode,932,2600,,,,,,
data_write,932,43900,,,,,,
data_sync,932,1481900,,,,,,
marker_write,932,44300,,,,,,
marker_sync,932,1519900,,,,,,
append,933,2870300,,,,,,
encode,933,3700,,,,,,
data_write,933,39800,,,,,,
data_sync,933,1399500,,,,,,
marker_write,933,32700,,,,,,
marker_sync,933,1393500,,,,,,
append,934,2761400,,,,,,
encode,934,2500,,,,,,
data_write,934,38000,,,,,,
data_sync,934,1360700,,,,,,
marker_write,934,31400,,,,,,
marker_sync,934,1327400,,,,,,
append,935,2752800,,,,,,
encode,935,2100,,,,,,
data_write,935,34300,,,,,,
data_sync,935,1330700,,,,,,
marker_write,935,28100,,,,,,
marker_sync,935,1356400,,,,,,
append,936,2706300,,,,,,
encode,936,2500,,,,,,
data_write,936,36600,,,,,,
data_sync,936,1323200,,,,,,
marker_write,936,29600,,,,,,
marker_sync,936,1313200,,,,,,
append,937,3097401,,,,,,
encode,937,1800,,,,,,
data_write,937,47100,,,,,,
data_sync,937,1506200,,,,,,
marker_write,937,36300,,,,,,
marker_sync,937,1504601,,,,,,
append,938,2802300,,,,,,
encode,938,3000,,,,,,
data_write,938,40000,,,,,,
data_sync,938,1378100,,,,,,
marker_write,938,34000,,,,,,
marker_sync,938,1346300,,,,,,
append,939,2748500,,,,,,
encode,939,2200,,,,,,
data_write,939,35800,,,,,,
data_sync,939,1329100,,,,,,
marker_write,939,31500,,,,,,
marker_sync,939,1348900,,,,,,
append,940,2766900,,,,,,
encode,940,2100,,,,,,
data_write,940,39400,,,,,,
data_sync,940,1351600,,,,,,
marker_write,940,29200,,,,,,
marker_sync,940,1343600,,,,,,
append,941,3013100,,,,,,
encode,941,2100,,,,,,
data_write,941,36500,,,,,,
data_sync,941,1398200,,,,,,
marker_write,941,54500,,,,,,
marker_sync,941,1492000,,,,,,
append,942,3192800,,,,,,
encode,942,3500,,,,,,
data_write,942,41000,,,,,,
data_sync,942,1382400,,,,,,
marker_write,942,33900,,,,,,
marker_sync,942,1729500,,,,,,
append,943,3448701,,,,,,
encode,943,3500,,,,,,
data_write,943,49200,,,,,,
data_sync,943,1668700,,,,,,
marker_write,943,35500,,,,,,
marker_sync,943,1689801,,,,,,
append,944,3017100,,,,,,
encode,944,3700,,,,,,
data_write,944,38300,,,,,,
data_sync,944,1493600,,,,,,
marker_write,944,29400,,,,,,
marker_sync,944,1450400,,,,,,
append,945,2984900,,,,,,
encode,945,3600,,,,,,
data_write,945,49200,,,,,,
data_sync,945,1545200,,,,,,
marker_write,945,32500,,,,,,
marker_sync,945,1352600,,,,,,
append,946,2814800,,,,,,
encode,946,2500,,,,,,
data_write,946,34000,,,,,,
data_sync,946,1393300,,,,,,
marker_write,946,31000,,,,,,
marker_sync,946,1353000,,,,,,
append,947,2958600,,,,,,
encode,947,2300,,,,,,
data_write,947,39600,,,,,,
data_sync,947,1345100,,,,,,
marker_write,947,32100,,,,,,
marker_sync,947,1538400,,,,,,
append,948,3305100,,,,,,
encode,948,2500,,,,,,
data_write,948,39600,,,,,,
data_sync,948,1708100,,,,,,
marker_write,948,31600,,,,,,
marker_sync,948,1521800,,,,,,
append,949,2852501,,,,,,
encode,949,2900,,,,,,
data_write,949,38300,,,,,,
data_sync,949,1412300,,,,,,
marker_write,949,30900,,,,,,
marker_sync,949,1366901,,,,,,
append,950,2815500,,,,,,
encode,950,2200,,,,,,
data_write,950,37900,,,,,,
data_sync,950,1380500,,,,,,
marker_write,950,34300,,,,,,
marker_sync,950,1359500,,,,,,
append,951,2764300,,,,,,
encode,951,2200,,,,,,
data_write,951,37300,,,,,,
data_sync,951,1326400,,,,,,
marker_write,951,32700,,,,,,
marker_sync,951,1364300,,,,,,
append,952,2807100,,,,,,
encode,952,2400,,,,,,
data_write,952,56400,,,,,,
data_sync,952,1367300,,,,,,
marker_write,952,32200,,,,,,
marker_sync,952,1347900,,,,,,
append,953,2894200,,,,,,
encode,953,2100,,,,,,
data_write,953,36700,,,,,,
data_sync,953,1399300,,,,,,
marker_write,953,31800,,,,,,
marker_sync,953,1423200,,,,,,
append,954,2928900,,,,,,
encode,954,2200,,,,,,
data_write,954,38900,,,,,,
data_sync,954,1432800,,,,,,
marker_write,954,31300,,,,,,
marker_sync,954,1422600,,,,,,
append,955,2850801,,,,,,
encode,955,2700,,,,,,
data_write,955,39900,,,,,,
data_sync,955,1381300,,,,,,
marker_write,955,32400,,,,,,
marker_sync,955,1393201,,,,,,
append,956,2767200,,,,,,
encode,956,2600,,,,,,
data_write,956,42100,,,,,,
data_sync,956,1369200,,,,,,
marker_write,956,30500,,,,,,
marker_sync,956,1321600,,,,,,
append,957,2976300,,,,,,
encode,957,1900,,,,,,
data_write,957,38300,,,,,,
data_sync,957,1352900,,,,,,
marker_write,957,29400,,,,,,
marker_sync,957,1552800,,,,,,
append,958,2770600,,,,,,
encode,958,1900,,,,,,
data_write,958,38200,,,,,,
data_sync,958,1358100,,,,,,
marker_write,958,29600,,,,,,
marker_sync,958,1341700,,,,,,
append,959,2969500,,,,,,
encode,959,2300,,,,,,
data_write,959,41700,,,,,,
data_sync,959,1478900,,,,,,
marker_write,959,32900,,,,,,
marker_sync,959,1412700,,,,,,
append,960,2860300,,,,,,
encode,960,2300,,,,,,
data_write,960,39700,,,,,,
data_sync,960,1398800,,,,,,
marker_write,960,34400,,,,,,
marker_sync,960,1383600,,,,,,
append,961,2778600,,,,,,
encode,961,2300,,,,,,
data_write,961,38500,,,,,,
data_sync,961,1333500,,,,,,
marker_write,961,29200,,,,,,
marker_sync,961,1373700,,,,,,
append,962,2754801,,,,,,
encode,962,2500,,,,,,
data_write,962,37100,,,,,,
data_sync,962,1341601,,,,,,
marker_write,962,32100,,,,,,
marker_sync,962,1340200,,,,,,
append,963,2770300,,,,,,
encode,963,2600,,,,,,
data_write,963,35900,,,,,,
data_sync,963,1349500,,,,,,
marker_write,963,30100,,,,,,
marker_sync,963,1350900,,,,,,
append,964,2889200,,,,,,
encode,964,2200,,,,,,
data_write,964,37200,,,,,,
data_sync,964,1371400,,,,,,
marker_write,964,32200,,,,,,
marker_sync,964,1444700,,,,,,
append,965,2804000,,,,,,
encode,965,3200,,,,,,
data_write,965,43400,,,,,,
data_sync,965,1378400,,,,,,
marker_write,965,31500,,,,,,
marker_sync,965,1346200,,,,,,
append,966,2804800,,,,,,
encode,966,2500,,,,,,
data_write,966,39200,,,,,,
data_sync,966,1351300,,,,,,
marker_write,966,32600,,,,,,
marker_sync,966,1378100,,,,,,
append,967,2822900,,,,,,
encode,967,2100,,,,,,
data_write,967,37700,,,,,,
data_sync,967,1388400,,,,,,
marker_write,967,32700,,,,,,
marker_sync,967,1361000,,,,,,
append,968,2893401,,,,,,
encode,968,2100,,,,,,
data_write,968,38000,,,,,,
data_sync,968,1340500,,,,,,
marker_write,968,29300,,,,,,
marker_sync,968,1482301,,,,,,
append,969,2891900,,,,,,
encode,969,2400,,,,,,
data_write,969,50400,,,,,,
data_sync,969,1374900,,,,,,
marker_write,969,35600,,,,,,
marker_sync,969,1426500,,,,,,
append,970,3028400,,,,,,
encode,970,5500,,,,,,
data_write,970,52500,,,,,,
data_sync,970,1561000,,,,,,
marker_write,970,36500,,,,,,
marker_sync,970,1371100,,,,,,
append,971,2807900,,,,,,
encode,971,3800,,,,,,
data_write,971,41400,,,,,,
data_sync,971,1439300,,,,,,
marker_write,971,32400,,,,,,
marker_sync,971,1289800,,,,,,
append,972,3006900,,,,,,
encode,972,2300,,,,,,
data_write,972,38400,,,,,,
data_sync,972,1436400,,,,,,
marker_write,972,48100,,,,,,
marker_sync,972,1479600,,,,,,
append,973,2682900,,,,,,
encode,973,3900,,,,,,
data_write,973,43400,,,,,,
data_sync,973,1294000,,,,,,
marker_write,973,34400,,,,,,
marker_sync,973,1305500,,,,,,
append,974,2697701,,,,,,
encode,974,3100,,,,,,
data_write,974,46800,,,,,,
data_sync,974,1309400,,,,,,
marker_write,974,33400,,,,,,
marker_sync,974,1303601,,,,,,
append,975,2834800,,,,,,
encode,975,3500,,,,,,
data_write,975,42300,,,,,,
data_sync,975,1310800,,,,,,
marker_write,975,42700,,,,,,
marker_sync,975,1433500,,,,,,
append,976,2937900,,,,,,
encode,976,3100,,,,,,
data_write,976,40300,,,,,,
data_sync,976,1439700,,,,,,
marker_write,976,37200,,,,,,
marker_sync,976,1415600,,,,,,
append,977,2886600,,,,,,
encode,977,3900,,,,,,
data_write,977,40400,,,,,,
data_sync,977,1299500,,,,,,
marker_write,977,34200,,,,,,
marker_sync,977,1506800,,,,,,
append,978,3115700,,,,,,
encode,978,2800,,,,,,
data_write,978,39600,,,,,,
data_sync,978,1675900,,,,,,
marker_write,978,31500,,,,,,
marker_sync,978,1364600,,,,,,
append,979,2778500,,,,,,
encode,979,2600,,,,,,
data_write,979,40200,,,,,,
data_sync,979,1345000,,,,,,
marker_write,979,31900,,,,,,
marker_sync,979,1357800,,,,,,
append,980,2786900,,,,,,
encode,980,2500,,,,,,
data_write,980,38900,,,,,,
data_sync,980,1357200,,,,,,
marker_write,980,28600,,,,,,
marker_sync,980,1358600,,,,,,
append,981,2796301,,,,,,
encode,981,2200,,,,,,
data_write,981,39500,,,,,,
data_sync,981,1403901,,,,,,
marker_write,981,32300,,,,,,
marker_sync,981,1317100,,,,,,
append,982,2703000,,,,,,
encode,982,2600,,,,,,
data_write,982,34300,,,,,,
data_sync,982,1306500,,,,,,
marker_write,982,26400,,,,,,
marker_sync,982,1332300,,,,,,
append,983,2872900,,,,,,
encode,983,1500,,,,,,
data_write,983,32400,,,,,,
data_sync,983,1463100,,,,,,
marker_write,983,32900,,,,,,
marker_sync,983,1341900,,,,,,
append,984,2848600,,,,,,
encode,984,2400,,,,,,
data_write,984,40500,,,,,,
data_sync,984,1418100,,,,,,
marker_write,984,33000,,,,,,
marker_sync,984,1353200,,,,,,
append,985,2976700,,,,,,
encode,985,3100,,,,,,
data_write,985,40000,,,,,,
data_sync,985,1466600,,,,,,
marker_write,985,41200,,,,,,
marker_sync,985,1423500,,,,,,
append,986,3086900,,,,,,
encode,986,4400,,,,,,
data_write,986,50200,,,,,,
data_sync,986,1454700,,,,,,
marker_write,986,48600,,,,,,
marker_sync,986,1526500,,,,,,
append,987,2925201,,,,,,
encode,987,4300,,,,,,
data_write,987,41400,,,,,,
data_sync,987,1458501,,,,,,
marker_write,987,36300,,,,,,
marker_sync,987,1383200,,,,,,
append,988,2795200,,,,,,
encode,988,3000,,,,,,
data_write,988,39100,,,,,,
data_sync,988,1379100,,,,,,
marker_write,988,30600,,,,,,
marker_sync,988,1342100,,,,,,
append,989,2962000,,,,,,
encode,989,2300,,,,,,
data_write,989,33400,,,,,,
data_sync,989,1319000,,,,,,
marker_write,989,26500,,,,,,
marker_sync,989,1579700,,,,,,
append,990,2886100,,,,,,
encode,990,2000,,,,,,
data_write,990,37300,,,,,,
data_sync,990,1357900,,,,,,
marker_write,990,28700,,,,,,
marker_sync,990,1459100,,,,,,
append,991,2842000,,,,,,
encode,991,2200,,,,,,
data_write,991,35800,,,,,,
data_sync,991,1390100,,,,,,
marker_write,991,33700,,,,,,
marker_sync,991,1378800,,,,,,
append,992,3091900,,,,,,
encode,992,3000,,,,,,
data_write,992,40500,,,,,,
data_sync,992,1509800,,,,,,
marker_write,992,37400,,,,,,
marker_sync,992,1499600,,,,,,
append,993,2843701,,,,,,
encode,993,3000,,,,,,
data_write,993,41300,,,,,,
data_sync,993,1376200,,,,,,
marker_write,993,34100,,,,,,
marker_sync,993,1388001,,,,,,
append,994,2742400,,,,,,
encode,994,2600,,,,,,
data_write,994,36900,,,,,,
data_sync,994,1338200,,,,,,
marker_write,994,28900,,,,,,
marker_sync,994,1334800,,,,,,
append,995,2732200,,,,,,
encode,995,1900,,,,,,
data_write,995,34300,,,,,,
data_sync,995,1315600,,,,,,
marker_write,995,32500,,,,,,
marker_sync,995,1347000,,,,,,
append,996,2886000,,,,,,
encode,996,1900,,,,,,
data_write,996,36200,,,,,,
data_sync,996,1431900,,,,,,
marker_write,996,49800,,,,,,
marker_sync,996,1365300,,,,,,
append,997,2873800,,,,,,
encode,997,2300,,,,,,
data_write,997,43700,,,,,,
data_sync,997,1430200,,,,,,
marker_write,997,30600,,,,,,
marker_sync,997,1366100,,,,,,
append,998,2728900,,,,,,
encode,998,2100,,,,,,
data_write,998,37600,,,,,,
data_sync,998,1317200,,,,,,
marker_write,998,28900,,,,,,
marker_sync,998,1342100,,,,,,
append,999,2768601,,,,,,
encode,999,1800,,,,,,
data_write,999,36200,,,,,,
data_sync,999,1345600,,,,,,
marker_write,999,33800,,,,,,
marker_sync,999,1350101,,,,,,
append,1000,2725100,,,,,,
encode,1000,2000,,,,,,
data_write,1000,35100,,,,,,
data_sync,1000,1326800,,,,,,
marker_write,1000,26700,,,,,,
marker_sync,1000,1333400,,,,,,
append,1001,2968500,,,,,,
encode,1001,2100,,,,,,
data_write,1001,38700,,,,,,
data_sync,1001,1501500,,,,,,
marker_write,1001,36100,,,,,,
marker_sync,1001,1388300,,,,,,
append,1002,2739600,,,,,,
encode,1002,2700,,,,,,
data_write,1002,39700,,,,,,
data_sync,1002,1360200,,,,,,
marker_write,1002,30700,,,,,,
marker_sync,1002,1304700,,,,,,
append,1003,3123600,,,,,,
encode,1003,2300,,,,,,
data_write,1003,36900,,,,,,
data_sync,1003,1435100,,,,,,
marker_write,1003,41800,,,,,,
marker_sync,1003,1605500,,,,,,
append,1004,2981300,,,,,,
encode,1004,3500,,,,,,
data_write,1004,43500,,,,,,
data_sync,1004,1497500,,,,,,
marker_write,1004,34800,,,,,,
marker_sync,1004,1400300,,,,,,
append,1005,2785600,,,,,,
encode,1005,2900,,,,,,
data_write,1005,37100,,,,,,
data_sync,1005,1337100,,,,,,
marker_write,1005,29400,,,,,,
marker_sync,1005,1377200,,,,,,
append,1006,2864301,,,,,,
encode,1006,2400,,,,,,
data_write,1006,37400,,,,,,
data_sync,1006,1444601,,,,,,
marker_write,1006,30000,,,,,,
marker_sync,1006,1347800,,,,,,
append,1007,2940400,,,,,,
encode,1007,2300,,,,,,
data_write,1007,40300,,,,,,
data_sync,1007,1424400,,,,,,
marker_write,1007,34800,,,,,,
marker_sync,1007,1436900,,,,,,
append,1008,2700600,,,,,,
encode,1008,3800,,,,,,
data_write,1008,39000,,,,,,
data_sync,1008,1252000,,,,,,
marker_write,1008,31400,,,,,,
marker_sync,1008,1373000,,,,,,
append,1009,2771700,,,,,,
encode,1009,3200,,,,,,
data_write,1009,39900,,,,,,
data_sync,1009,1368000,,,,,,
marker_write,1009,31800,,,,,,
marker_sync,1009,1327200,,,,,,
append,1010,2818500,,,,,,
encode,1010,2800,,,,,,
data_write,1010,42800,,,,,,
data_sync,1010,1387400,,,,,,
marker_write,1010,37000,,,,,,
marker_sync,1010,1346800,,,,,,
append,1011,2608100,,,,,,
encode,1011,3400,,,,,,
data_write,1011,40300,,,,,,
data_sync,1011,1278700,,,,,,
marker_write,1011,30900,,,,,,
marker_sync,1011,1253800,,,,,,
append,1012,2586001,,,,,,
encode,1012,2000,,,,,,
data_write,1012,39000,,,,,,
data_sync,1012,1293600,,,,,,
marker_write,1012,24800,,,,,,
marker_sync,1012,1225401,,,,,,
append,1013,2718700,,,,,,
encode,1013,2100,,,,,,
data_write,1013,37200,,,,,,
data_sync,1013,1403800,,,,,,
marker_write,1013,30600,,,,,,
marker_sync,1013,1244000,,,,,,
append,1014,2562500,,,,,,
encode,1014,1700,,,,,,
data_write,1014,33500,,,,,,
data_sync,1014,1213000,,,,,,
marker_write,1014,32700,,,,,,
marker_sync,1014,1280400,,,,,,
append,1015,2729400,,,,,,
encode,1015,3000,,,,,,
data_write,1015,39900,,,,,,
data_sync,1015,1354400,,,,,,
marker_write,1015,35400,,,,,,
marker_sync,1015,1295700,,,,,,
append,1016,2601100,,,,,,
encode,1016,2500,,,,,,
data_write,1016,39700,,,,,,
data_sync,1016,1268300,,,,,,
marker_write,1016,31100,,,,,,
marker_sync,1016,1258500,,,,,,
append,1017,2519900,,,,,,
encode,1017,2000,,,,,,
data_write,1017,36200,,,,,,
data_sync,1017,1231100,,,,,,
marker_write,1017,27700,,,,,,
marker_sync,1017,1221900,,,,,,
append,1018,2513200,,,,,,
encode,1018,1400,,,,,,
data_write,1018,34200,,,,,,
data_sync,1018,1222900,,,,,,
marker_write,1018,27800,,,,,,
marker_sync,1018,1225700,,,,,,
append,1019,2547101,,,,,,
encode,1019,1500,,,,,,
data_write,1019,33600,,,,,,
data_sync,1019,1210000,,,,,,
marker_write,1019,27200,,,,,,
marker_sync,1019,1274101,,,,,,
append,1020,2617800,,,,,,
encode,1020,1700,,,,,,
data_write,1020,35900,,,,,,
data_sync,1020,1254700,,,,,,
marker_write,1020,26800,,,,,,
marker_sync,1020,1297400,,,,,,
append,1021,2606900,,,,,,
encode,1021,3300,,,,,,
data_write,1021,41500,,,,,,
data_sync,1021,1304600,,,,,,
marker_write,1021,30300,,,,,,
marker_sync,1021,1226000,,,,,,
append,1022,2523000,,,,,,
encode,1022,2900,,,,,,
data_write,1022,37200,,,,,,
data_sync,1022,1227500,,,,,,
marker_write,1022,27500,,,,,,
marker_sync,1022,1226900,,,,,,
append,1023,2633800,,,,,,
encode,1023,1900,,,,,,
data_write,1023,35300,,,,,,
data_sync,1023,1217400,,,,,,
marker_write,1023,27400,,,,,,
marker_sync,1023,1351000,,,,,,
append,1024,2575100,,,,,,
encode,1024,1500,,,,,,
data_write,1024,34000,,,,,,
data_sync,1024,1256000,,,,,,
marker_write,1024,33100,,,,,,
marker_sync,1024,1249600,,,,,,
append,1025,2725500,,,,,,
encode,1025,1600,,,,,,
data_write,1025,40700,,,,,,
data_sync,1025,1385500,,,,,,
marker_write,1025,33100,,,,,,
marker_sync,1025,1263200,,,,,,
append,1026,2638001,,,,,,
encode,1026,3300,,,,,,
data_write,1026,37700,,,,,,
data_sync,1026,1280701,,,,,,
marker_write,1026,31400,,,,,,
marker_sync,1026,1283600,,,,,,
append,1027,2553100,,,,,,
encode,1027,2600,,,,,,
data_write,1027,40100,,,,,,
data_sync,1027,1246300,,,,,,
marker_write,1027,30600,,,,,,
marker_sync,1027,1232200,,,,,,
append,1028,2629900,,,,,,
encode,1028,2300,,,,,,
data_write,1028,33500,,,,,,
data_sync,1028,1254000,,,,,,
marker_write,1028,26600,,,,,,
marker_sync,1028,1312300,,,,,,
append,1029,2736200,,,,,,
encode,1029,2200,,,,,,
data_write,1029,39300,,,,,,
data_sync,1029,1261500,,,,,,
marker_write,1029,85900,,,,,,
marker_sync,1029,1345200,,,,,,
append,1030,2894100,,,,,,
encode,1030,3200,,,,,,
data_write,1030,45400,,,,,,
data_sync,1030,1390500,,,,,,
marker_write,1030,37400,,,,,,
marker_sync,1030,1415200,,,,,,
append,1031,2939700,,,,,,
encode,1031,3300,,,,,,
data_write,1031,41800,,,,,,
data_sync,1031,1374900,,,,,,
marker_write,1031,40100,,,,,,
marker_sync,1031,1477500,,,,,,
append,1032,2956501,,,,,,
encode,1032,3900,,,,,,
data_write,1032,40600,,,,,,
data_sync,1032,1460400,,,,,,
marker_write,1032,33400,,,,,,
marker_sync,1032,1416601,,,,,,
append,1033,2898700,,,,,,
encode,1033,3500,,,,,,
data_write,1033,35400,,,,,,
data_sync,1033,1446000,,,,,,
marker_write,1033,30300,,,,,,
marker_sync,1033,1382000,,,,,,
append,1034,2749700,,,,,,
encode,1034,2300,,,,,,
data_write,1034,33200,,,,,,
data_sync,1034,1331300,,,,,,
marker_write,1034,25500,,,,,,
marker_sync,1034,1356400,,,,,,
append,1035,2765700,,,,,,
encode,1035,2100,,,,,,
data_write,1035,36300,,,,,,
data_sync,1035,1361800,,,,,,
marker_write,1035,26800,,,,,,
marker_sync,1035,1338000,,,,,,
append,1036,2720700,,,,,,
encode,1036,1600,,,,,,
data_write,1036,31500,,,,,,
data_sync,1036,1336200,,,,,,
marker_write,1036,30600,,,,,,
marker_sync,1036,1319900,,,,,,
append,1037,2767700,,,,,,
encode,1037,1900,,,,,,
data_write,1037,35500,,,,,,
data_sync,1037,1330200,,,,,,
marker_write,1037,30200,,,,,,
marker_sync,1037,1368900,,,,,,
append,1038,3082900,,,,,,
encode,1038,3000,,,,,,
data_write,1038,46800,,,,,,
data_sync,1038,1457500,,,,,,
marker_write,1038,38800,,,,,,
marker_sync,1038,1535200,,,,,,
append,1039,2767801,,,,,,
encode,1039,3500,,,,,,
data_write,1039,40500,,,,,,
data_sync,1039,1356201,,,,,,
marker_write,1039,30200,,,,,,
marker_sync,1039,1336300,,,,,,
append,1040,2773800,,,,,,
encode,1040,2200,,,,,,
data_write,1040,35900,,,,,,
data_sync,1040,1328500,,,,,,
marker_write,1040,30500,,,,,,
marker_sync,1040,1375500,,,,,,
append,1041,3012100,,,,,,
encode,1041,1900,,,,,,
data_write,1041,33700,,,,,,
data_sync,1041,1455200,,,,,,
marker_write,1041,34800,,,,,,
marker_sync,1041,1485000,,,,,,
append,1042,2894800,,,,,,
encode,1042,3400,,,,,,
data_write,1042,40200,,,,,,
data_sync,1042,1407300,,,,,,
marker_write,1042,31500,,,,,,
marker_sync,1042,1410700,,,,,,
append,1043,2785600,,,,,,
encode,1043,3200,,,,,,
data_write,1043,41200,,,,,,
data_sync,1043,1318600,,,,,,
marker_write,1043,38100,,,,,,
marker_sync,1043,1381600,,,,,,
append,1044,2677500,,,,,,
encode,1044,4900,,,,,,
data_write,1044,43900,,,,,,
data_sync,1044,1291700,,,,,,
marker_write,1044,31200,,,,,,
marker_sync,1044,1304500,,,,,,
append,1045,2658001,,,,,,
encode,1045,3200,,,,,,
data_write,1045,36100,,,,,,
data_sync,1045,1297200,,,,,,
marker_write,1045,26700,,,,,,
marker_sync,1045,1293901,,,,,,
append,1046,2598400,,,,,,
encode,1046,2800,,,,,,
data_write,1046,37100,,,,,,
data_sync,1046,1261000,,,,,,
marker_write,1046,26500,,,,,,
marker_sync,1046,1269900,,,,,,
append,1047,2612600,,,,,,
encode,1047,1800,,,,,,
data_write,1047,31800,,,,,,
data_sync,1047,1296300,,,,,,
marker_write,1047,26100,,,,,,
marker_sync,1047,1255500,,,,,,
append,1048,2622000,,,,,,
encode,1048,1800,,,,,,
data_write,1048,35600,,,,,,
data_sync,1048,1288100,,,,,,
marker_write,1048,27000,,,,,,
marker_sync,1048,1268500,,,,,,
append,1049,2614900,,,,,,
encode,1049,2200,,,,,,
data_write,1049,38500,,,,,,
data_sync,1049,1267000,,,,,,
marker_write,1049,28600,,,,,,
marker_sync,1049,1277200,,,,,,
append,1050,2893100,,,,,,
encode,1050,2500,,,,,,
data_write,1050,38700,,,,,,
data_sync,1050,1514500,,,,,,
marker_write,1050,30500,,,,,,
marker_sync,1050,1305000,,,,,,
append,1051,2655800,,,,,,
encode,1051,2400,,,,,,
data_write,1051,32200,,,,,,
data_sync,1051,1282500,,,,,,
marker_write,1051,25800,,,,,,
marker_sync,1051,1312100,,,,,,
append,1052,2713301,,,,,,
encode,1052,2100,,,,,,
data_write,1052,41300,,,,,,
data_sync,1052,1345501,,,,,,
marker_write,1052,28100,,,,,,
marker_sync,1052,1294900,,,,,,
append,1053,2676600,,,,,,
encode,1053,2700,,,,,,
data_write,1053,39000,,,,,,
data_sync,1053,1320800,,,,,,
marker_write,1053,28100,,,,,,
marker_sync,1053,1284900,,,,,,
append,1054,2649600,,,,,,
encode,1054,2200,,,,,,
data_write,1054,37300,,,,,,
data_sync,1054,1316600,,,,,,
marker_write,1054,29500,,,,,,
marker_sync,1054,1263000,,,,,,
append,1055,2729900,,,,,,
encode,1055,1900,,,,,,
data_write,1055,33100,,,,,,
data_sync,1055,1347400,,,,,,
marker_write,1055,28800,,,,,,
marker_sync,1055,1317800,,,,,,
append,1056,2701500,,,,,,
encode,1056,1600,,,,,,
data_write,1056,31300,,,,,,
data_sync,1056,1309800,,,,,,
marker_write,1056,26900,,,,,,
marker_sync,1056,1331000,,,,,,
append,1057,2709400,,,,,,
encode,1057,1600,,,,,,
data_write,1057,32100,,,,,,
data_sync,1057,1306000,,,,,,
marker_write,1057,29800,,,,,,
marker_sync,1057,1339000,,,,,,
append,1058,2777800,,,,,,
encode,1058,1900,,,,,,
data_write,1058,34200,,,,,,
data_sync,1058,1415100,,,,,,
marker_write,1058,29400,,,,,,
marker_sync,1058,1296200,,,,,,
append,1059,2757201,,,,,,
encode,1059,2700,,,,,,
data_write,1059,32701,,,,,,
data_sync,1059,1395400,,,,,,
marker_write,1059,26400,,,,,,
marker_sync,1059,1298700,,,,,,
append,1060,2752000,,,,,,
encode,1060,1900,,,,,,
data_write,1060,32600,,,,,,
data_sync,1060,1276800,,,,,,
marker_write,1060,24300,,,,,,
marker_sync,1060,1415400,,,,,,
append,1061,3051100,,,,,,
encode,1061,1800,,,,,,
data_write,1061,34100,,,,,,
data_sync,1061,1608600,,,,,,
marker_write,1061,26800,,,,,,
marker_sync,1061,1378800,,,,,,
append,1062,2788400,,,,,,
encode,1062,2200,,,,,,
data_write,1062,40400,,,,,,
data_sync,1062,1411200,,,,,,
marker_write,1062,32200,,,,,,
marker_sync,1062,1300700,,,,,,
append,1063,3236600,,,,,,
encode,1063,3100,,,,,,
data_write,1063,35300,,,,,,
data_sync,1063,1708100,,,,,,
marker_write,1063,42000,,,,,,
marker_sync,1063,1444500,,,,,,
append,1064,2938500,,,,,,
encode,1064,6800,,,,,,
data_write,1064,55800,,,,,,
data_sync,1064,1428500,,,,,,
marker_write,1064,42300,,,,,,
marker_sync,1064,1402700,,,,,,
append,1065,2584001,,,,,,
encode,1065,4300,,,,,,
data_write,1065,39500,,,,,,
data_sync,1065,1276401,,,,,,
marker_write,1065,26900,,,,,,
marker_sync,1065,1235300,,,,,,
append,1066,2850400,,,,,,
encode,1066,2600,,,,,,
data_write,1066,32000,,,,,,
data_sync,1066,1348200,,,,,,
marker_write,1066,39000,,,,,,
marker_sync,1066,1425900,,,,,,
append,1067,3023500,,,,,,
encode,1067,4100,,,,,,
data_write,1067,48900,,,,,,
data_sync,1067,1454500,,,,,,
marker_write,1067,45000,,,,,,
marker_sync,1067,1467200,,,,,,
append,1068,2904800,,,,,,
encode,1068,5100,,,,,,
data_write,1068,52200,,,,,,
data_sync,1068,1421500,,,,,,
marker_write,1068,34700,,,,,,
marker_sync,1068,1389000,,,,,,
append,1069,2729200,,,,,,
encode,1069,5100,,,,,,
data_write,1069,47800,,,,,,
data_sync,1069,1329100,,,,,,
marker_write,1069,30400,,,,,,
marker_sync,1069,1315000,,,,,,
append,1070,2672900,,,,,,
encode,1070,2800,,,,,,
data_write,1070,37200,,,,,,
data_sync,1070,1307700,,,,,,
marker_write,1070,32900,,,,,,
marker_sync,1070,1291300,,,,,,
append,1071,2697201,,,,,,
encode,1071,2100,,,,,,
data_write,1071,38300,,,,,,
data_sync,1071,1298300,,,,,,
marker_write,1071,31400,,,,,,
marker_sync,1071,1325701,,,,,,
append,1072,2629600,,,,,,
encode,1072,2600,,,,,,
data_write,1072,39100,,,,,,
data_sync,1072,1283900,,,,,,
marker_write,1072,28500,,,,,,
marker_sync,1072,1274400,,,,,,
append,1073,2775600,,,,,,
encode,1073,1900,,,,,,
data_write,1073,35900,,,,,,
data_sync,1073,1277200,,,,,,
marker_write,1073,29000,,,,,,
marker_sync,1073,1429600,,,,,,
append,1074,2870900,,,,,,
encode,1074,2500,,,,,,
data_write,1074,51700,,,,,,
data_sync,1074,1401800,,,,,,
marker_write,1074,37300,,,,,,
marker_sync,1074,1376300,,,,,,
append,1075,2612500,,,,,,
encode,1075,3000,,,,,,
data_write,1075,39600,,,,,,
data_sync,1075,1290900,,,,,,
marker_write,1075,29400,,,,,,
marker_sync,1075,1248500,,,,,,
append,1076,2472500,,,,,,
encode,1076,2200,,,,,,
data_write,1076,35200,,,,,,
data_sync,1076,1200100,,,,,,
marker_write,1076,28500,,,,,,
marker_sync,1076,1205400,,,,,,
append,1077,2638600,,,,,,
encode,1077,1700,,,,,,
data_write,1077,34300,,,,,,
data_sync,1077,1212800,,,,,,
marker_write,1077,30600,,,,,,
marker_sync,1077,1358100,,,,,,
append,1078,2727701,,,,,,
encode,1078,2400,,,,,,
data_write,1078,37900,,,,,,
data_sync,1078,1319101,,,,,,
marker_write,1078,40700,,,,,,
marker_sync,1078,1325900,,,,,,
append,1079,2565400,,,,,,
encode,1079,3300,,,,,,
data_write,1079,47200,,,,,,
data_sync,1079,1243800,,,,,,
marker_write,1079,30200,,,,,,
marker_sync,1079,1239500,,,,,,
append,1080,2706400,,,,,,
encode,1080,2200,,,,,,
data_write,1080,45500,,,,,,
data_sync,1080,1368100,,,,,,
marker_write,1080,31400,,,,,,
marker_sync,1080,1258000,,,,,,
append,1081,2507800,,,,,,
encode,1081,2300,,,,,,
data_write,1081,38200,,,,,,
data_sync,1081,1234100,,,,,,
marker_write,1081,31700,,,,,,
marker_sync,1081,1200500,,,,,,
append,1082,2498300,,,,,,
encode,1082,1900,,,,,,
data_write,1082,37600,,,,,,
data_sync,1082,1201400,,,,,,
marker_write,1082,30800,,,,,,
marker_sync,1082,1225600,,,,,,
append,1083,2584100,,,,,,
encode,1083,1800,,,,,,
data_write,1083,37100,,,,,,
data_sync,1083,1206200,,,,,,
marker_write,1083,30700,,,,,,
marker_sync,1083,1307400,,,,,,
append,1084,2861100,,,,,,
encode,1084,2000,,,,,,
data_write,1084,38200,,,,,,
data_sync,1084,1515600,,,,,,
marker_write,1084,34300,,,,,,
marker_sync,1084,1270000,,,,,,
append,1085,2627201,,,,,,
encode,1085,2000,,,,,,
data_write,1085,38400,,,,,,
data_sync,1085,1240801,,,,,,
marker_write,1085,30900,,,,,,
marker_sync,1085,1313200,,,,,,
append,1086,2815100,,,,,,
encode,1086,3200,,,,,,
data_write,1086,41400,,,,,,
data_sync,1086,1370600,,,,,,
marker_write,1086,32000,,,,,,
marker_sync,1086,1365000,,,,,,
append,1087,2710300,,,,,,
encode,1087,5700,,,,,,
data_write,1087,59100,,,,,,
data_sync,1087,1335800,,,,,,
marker_write,1087,35700,,,,,,
marker_sync,1087,1272100,,,,,,
append,1088,2584500,,,,,,
encode,1088,3100,,,,,,
data_write,1088,40400,,,,,,
data_sync,1088,1266700,,,,,,
marker_write,1088,36200,,,,,,
marker_sync,1088,1237200,,,,,,
append,1089,2553300,,,,,,
encode,1089,1600,,,,,,
data_write,1089,38500,,,,,,
data_sync,1089,1212800,,,,,,
marker_write,1089,31200,,,,,,
marker_sync,1089,1268000,,,,,,
append,1090,2700500,,,,,,
encode,1090,2000,,,,,,
data_write,1090,38100,,,,,,
data_sync,1090,1354000,,,,,,
marker_write,1090,36300,,,,,,
marker_sync,1090,1269000,,,,,,
append,1091,2614101,,,,,,
encode,1091,2300,,,,,,
data_write,1091,36200,,,,,,
data_sync,1091,1282400,,,,,,
marker_write,1091,33300,,,,,,
marker_sync,1091,1258901,,,,,,
append,1092,2619800,,,,,,
encode,1092,2200,,,,,,
data_write,1092,36800,,,,,,
data_sync,1092,1265600,,,,,,
marker_write,1092,30500,,,,,,
marker_sync,1092,1283700,,,,,,
append,1093,2588900,,,,,,
encode,1093,2900,,,,,,
data_write,1093,38200,,,,,,
data_sync,1093,1294000,,,,,,
marker_write,1093,33000,,,,,,
marker_sync,1093,1219700,,,,,,
append,1094,2586800,,,,,,
encode,1094,2200,,,,,,
data_write,1094,37500,,,,,,
data_sync,1094,1222200,,,,,,
marker_write,1094,30600,,,,,,
marker_sync,1094,1293400,,,,,,
append,1095,2548100,,,,,,
encode,1095,1900,,,,,,
data_write,1095,37400,,,,,,
data_sync,1095,1221000,,,,,,
marker_write,1095,31100,,,,,,
marker_sync,1095,1255800,,,,,,
append,1096,2526800,,,,,,
encode,1096,1900,,,,,,
data_write,1096,38000,,,,,,
data_sync,1096,1237100,,,,,,
marker_write,1096,30800,,,,,,
marker_sync,1096,1218000,,,,,,
append,1097,2485300,,,,,,
encode,1097,2200,,,,,,
data_write,1097,38300,,,,,,
data_sync,1097,1191400,,,,,,
marker_write,1097,30100,,,,,,
marker_sync,1097,1222300,,,,,,
append,1098,2485101,,,,,,
encode,1098,1700,,,,,,
data_write,1098,35600,,,,,,
data_sync,1098,1213100,,,,,,
marker_write,1098,27800,,,,,,
marker_sync,1098,1205701,,,,,,
append,1099,2523700,,,,,,
encode,1099,2000,,,,,,
data_write,1099,36800,,,,,,
data_sync,1099,1219200,,,,,,
marker_write,1099,31300,,,,,,
marker_sync,1099,1233100,,,,,,
append,1100,2497000,,,,,,
encode,1100,2100,,,,,,
data_write,1100,32300,,,,,,
data_sync,1100,1214800,,,,,,
marker_write,1100,25900,,,,,,
marker_sync,1100,1220900,,,,,,
append,1101,2499700,,,,,,
encode,1101,1700,,,,,,
data_write,1101,34900,,,,,,
data_sync,1101,1225400,,,,,,
marker_write,1101,30900,,,,,,
marker_sync,1101,1205900,,,,,,
append,1102,2510700,,,,,,
encode,1102,1900,,,,,,
data_write,1102,38500,,,,,,
data_sync,1102,1199000,,,,,,
marker_write,1102,31000,,,,,,
marker_sync,1102,1239300,,,,,,
append,1103,2610900,,,,,,
encode,1103,1800,,,,,,
data_write,1103,37200,,,,,,
data_sync,1103,1332000,,,,,,
marker_write,1103,31100,,,,,,
marker_sync,1103,1207600,,,,,,
append,1104,2506400,,,,,,
encode,1104,1700,,,,,,
data_write,1104,36800,,,,,,
data_sync,1104,1231000,,,,,,
marker_write,1104,30700,,,,,,
marker_sync,1104,1205000,,,,,,
append,1105,2479500,,,,,,
encode,1105,1700,,,,,,
data_write,1105,36300,,,,,,
data_sync,1105,1199900,,,,,,
marker_write,1105,30100,,,,,,
marker_sync,1105,1210300,,,,,,
append,1106,2643001,,,,,,
encode,1106,1700,,,,,,
data_write,1106,36700,,,,,,
data_sync,1106,1353101,,,,,,
marker_write,1106,30800,,,,,,
marker_sync,1106,1219400,,,,,,
append,1107,2507400,,,,,,
encode,1107,1800,,,,,,
data_write,1107,35400,,,,,,
data_sync,1107,1201400,,,,,,
marker_write,1107,28800,,,,,,
marker_sync,1107,1239000,,,,,,
append,1108,2628000,,,,,,
encode,1108,1700,,,,,,
data_write,1108,38200,,,,,,
data_sync,1108,1324300,,,,,,
marker_write,1108,31600,,,,,,
marker_sync,1108,1231100,,,,,,
append,1109,2602300,,,,,,
encode,1109,1600,,,,,,
data_write,1109,33800,,,,,,
data_sync,1109,1313600,,,,,,
marker_write,1109,30800,,,,,,
marker_sync,1109,1221200,,,,,,
append,1110,2521700,,,,,,
encode,1110,2300,,,,,,
data_write,1110,37600,,,,,,
data_sync,1110,1244400,,,,,,
marker_write,1110,31600,,,,,,
marker_sync,1110,1205000,,,,,,
append,1111,2472900,,,,,,
encode,1111,1900,,,,,,
data_write,1111,36900,,,,,,
data_sync,1111,1205000,,,,,,
marker_write,1111,30300,,,,,,
marker_sync,1111,1198000,,,,,,
append,1112,2501500,,,,,,
encode,1112,2100,,,,,,
data_write,1112,35000,,,,,,
data_sync,1112,1200600,,,,,,
marker_write,1112,29600,,,,,,
marker_sync,1112,1232900,,,,,,
append,1113,2558301,,,,,,
encode,1113,1900,,,,,,
data_write,1113,35100,,,,,,
data_sync,1113,1199101,,,,,,
marker_write,1113,26800,,,,,,
marker_sync,1113,1294200,,,,,,
append,1114,2727100,,,,,,
encode,1114,2900,,,,,,
data_write,1114,47200,,,,,,
data_sync,1114,1300200,,,,,,
marker_write,1114,36500,,,,,,
marker_sync,1114,1338500,,,,,,
append,1115,2720800,,,,,,
encode,1115,2500,,,,,,
data_write,1115,36100,,,,,,
data_sync,1115,1320500,,,,,,
marker_write,1115,35300,,,,,,
marker_sync,1115,1325000,,,,,,
append,1116,2651100,,,,,,
encode,1116,3500,,,,,,
data_write,1116,47000,,,,,,
data_sync,1116,1288200,,,,,,
marker_write,1116,34100,,,,,,
marker_sync,1116,1277200,,,,,,
append,1117,2514900,,,,,,
encode,1117,2600,,,,,,
data_write,1117,39100,,,,,,
data_sync,1117,1232600,,,,,,
marker_write,1117,26800,,,,,,
marker_sync,1117,1212900,,,,,,
append,1118,2514000,,,,,,
encode,1118,1700,,,,,,
data_write,1118,13400,,,,,,
data_sync,1118,1225800,,,,,,
marker_write,1118,32300,,,,,,
marker_sync,1118,1239800,,,,,,
append,1119,2504000,,,,,,
encode,1119,2100,,,,,,
data_write,1119,39700,,,,,,
data_sync,1119,1219300,,,,,,
marker_write,1119,30000,,,,,,
marker_sync,1119,1211800,,,,,,
append,1120,2762001,,,,,,
encode,1120,1800,,,,,,
data_write,1120,37901,,,,,,
data_sync,1120,1202000,,,,,,
marker_write,1120,30900,,,,,,
marker_sync,1120,1488000,,,,,,
append,1121,2883000,,,,,,
encode,1121,3200,,,,,,
data_write,1121,44300,,,,,,
data_sync,1121,1513700,,,,,,
marker_write,1121,34400,,,,,,
marker_sync,1121,1286200,,,,,,
append,1122,2597400,,,,,,
encode,1122,2400,,,,,,
data_write,1122,38600,,,,,,
data_sync,1122,1280700,,,,,,
marker_write,1122,29700,,,,,,
marker_sync,1122,1245000,,,,,,
append,1123,2557600,,,,,,
encode,1123,2000,,,,,,
data_write,1123,36900,,,,,,
data_sync,1123,1250900,,,,,,
marker_write,1123,28100,,,,,,
marker_sync,1123,1238400,,,,,,
append,1124,2583900,,,,,,
encode,1124,1900,,,,,,
data_write,1124,37200,,,,,,
data_sync,1124,1276800,,,,,,
marker_write,1124,32300,,,,,,
marker_sync,1124,1234500,,,,,,
append,1125,2650300,,,,,,
encode,1125,2100,,,,,,
data_write,1125,34600,,,,,,
data_sync,1125,1266700,,,,,,
marker_write,1125,30000,,,,,,
marker_sync,1125,1316000,,,,,,
append,1126,3217401,,,,,,
encode,1126,1800,,,,,,
data_write,1126,34900,,,,,,
data_sync,1126,1355600,,,,,,
marker_write,1126,45400,,,,,,
marker_sync,1126,1777301,,,,,,
append,1127,3171900,,,,,,
encode,1127,4600,,,,,,
data_write,1127,41500,,,,,,
data_sync,1127,1686100,,,,,,
marker_write,1127,37300,,,,,,
marker_sync,1127,1399700,,,,,,
append,1128,2884100,,,,,,
encode,1128,4200,,,,,,
data_write,1128,46000,,,,,,
data_sync,1128,1432200,,,,,,
marker_write,1128,37100,,,,,,
marker_sync,1128,1362800,,,,,,
append,1129,2865700,,,,,,
encode,1129,3300,,,,,,
data_write,1129,37000,,,,,,
data_sync,1129,1334600,,,,,,
marker_write,1129,35000,,,,,,
marker_sync,1129,1454300,,,,,,
append,1130,2750700,,,,,,
encode,1130,3700,,,,,,
data_write,1130,38400,,,,,,
data_sync,1130,1336900,,,,,,
marker_write,1130,32600,,,,,,
marker_sync,1130,1336500,,,,,,
append,1131,2810500,,,,,,
encode,1131,2900,,,,,,
data_write,1131,39000,,,,,,
data_sync,1131,1330100,,,,,,
marker_write,1131,30500,,,,,,
marker_sync,1131,1406600,,,,,,
append,1132,2859701,,,,,,
encode,1132,2800,,,,,,
data_write,1132,37700,,,,,,
data_sync,1132,1379800,,,,,,
marker_write,1132,32800,,,,,,
marker_sync,1132,1405201,,,,,,
append,1133,2778500,,,,,,
encode,1133,3000,,,,,,
data_write,1133,36100,,,,,,
data_sync,1133,1338800,,,,,,
marker_write,1133,32100,,,,,,
marker_sync,1133,1367400,,,,,,
append,1134,2773500,,,,,,
encode,1134,3200,,,,,,
data_write,1134,37300,,,,,,
data_sync,1134,1374400,,,,,,
marker_write,1134,32600,,,,,,
marker_sync,1134,1324600,,,,,,
append,1135,3288300,,,,,,
encode,1135,2600,,,,,,
data_write,1135,44400,,,,,,
data_sync,1135,1481500,,,,,,
marker_write,1135,29900,,,,,,
marker_sync,1135,1728800,,,,,,
append,1136,2914000,,,,,,
encode,1136,2300,,,,,,
data_write,1136,42000,,,,,,
data_sync,1136,1374400,,,,,,
marker_write,1136,33000,,,,,,
marker_sync,1136,1460900,,,,,,
append,1137,3189400,,,,,,
encode,1137,2500,,,,,,
data_write,1137,43300,,,,,,
data_sync,1137,1565500,,,,,,
marker_write,1137,37100,,,,,,
marker_sync,1137,1538500,,,,,,
append,1138,2979101,,,,,,
encode,1138,4000,,,,,,
data_write,1138,46100,,,,,,
data_sync,1138,1539400,,,,,,
marker_write,1138,31200,,,,,,
marker_sync,1138,1356501,,,,,,
append,1139,2620800,,,,,,
encode,1139,3600,,,,,,
data_write,1139,35100,,,,,,
data_sync,1139,1325200,,,,,,
marker_write,1139,28400,,,,,,
marker_sync,1139,1226900,,,,,,
append,1140,2548900,,,,,,
encode,1140,3100,,,,,,
data_write,1140,39700,,,,,,
data_sync,1140,1198100,,,,,,
marker_write,1140,30700,,,,,,
marker_sync,1140,1276100,,,,,,
append,1141,2590500,,,,,,
encode,1141,2400,,,,,,
data_write,1141,39200,,,,,,
data_sync,1141,1288100,,,,,,
marker_write,1141,30500,,,,,,
marker_sync,1141,1229100,,,,,,
append,1142,2876500,,,,,,
encode,1142,2000,,,,,,
data_write,1142,35500,,,,,,
data_sync,1142,1284300,,,,,,
marker_write,1142,37200,,,,,,
marker_sync,1142,1515800,,,,,,
append,1143,3018200,,,,,,
encode,1143,3800,,,,,,
data_write,1143,45600,,,,,,
data_sync,1143,1502300,,,,,,
marker_write,1143,41600,,,,,,
marker_sync,1143,1422800,,,,,,
append,1144,3010100,,,,,,
encode,1144,4700,,,,,,
data_write,1144,51100,,,,,,
data_sync,1144,1513600,,,,,,
marker_write,1144,44000,,,,,,
marker_sync,1144,1393500,,,,,,
append,1145,3085801,,,,,,
encode,1145,20000,,,,,,
data_write,1145,32500,,,,,,
data_sync,1145,1457401,,,,,,
marker_write,1145,45100,,,,,,
marker_sync,1145,1528600,,,,,,
append,1146,2967700,,,,,,
encode,1146,3300,,,,,,
data_write,1146,45100,,,,,,
data_sync,1146,1440700,,,,,,
marker_write,1146,34100,,,,,,
marker_sync,1146,1442800,,,,,,
append,1147,2891100,,,,,,
encode,1147,4500,,,,,,
data_write,1147,43400,,,,,,
data_sync,1147,1383300,,,,,,
marker_write,1147,31400,,,,,,
marker_sync,1147,1426100,,,,,,
append,1148,3036700,,,,,,
encode,1148,3000,,,,,,
data_write,1148,39500,,,,,,
data_sync,1148,1613400,,,,,,
marker_write,1148,35300,,,,,,
marker_sync,1148,1343400,,,,,,
append,1149,2744200,,,,,,
encode,1149,2600,,,,,,
data_write,1149,64500,,,,,,
data_sync,1149,1342200,,,,,,
marker_write,1149,42600,,,,,,
marker_sync,1149,1290600,,,,,,
append,1150,2864100,,,,,,
encode,1150,3200,,,,,,
data_write,1150,40000,,,,,,
data_sync,1150,1386300,,,,,,
marker_write,1150,31500,,,,,,
marker_sync,1150,1402100,,,,,,
append,1151,2857901,,,,,,
encode,1151,2400,,,,,,
data_write,1151,36700,,,,,,
data_sync,1151,1370401,,,,,,
marker_write,1151,31000,,,,,,
marker_sync,1151,1416000,,,,,,
append,1152,2686100,,,,,,
encode,1152,3300,,,,,,
data_write,1152,42400,,,,,,
data_sync,1152,1373400,,,,,,
marker_write,1152,29600,,,,,,
marker_sync,1152,1236200,,,,,,
append,1153,2715200,,,,,,
encode,1153,1600,,,,,,
data_write,1153,37900,,,,,,
data_sync,1153,1349600,,,,,,
marker_write,1153,32700,,,,,,
marker_sync,1153,1291600,,,,,,
append,1154,2674400,,,,,,
encode,1154,2900,,,,,,
data_write,1154,41200,,,,,,
data_sync,1154,1317000,,,,,,
marker_write,1154,33700,,,,,,
marker_sync,1154,1278500,,,,,,
append,1155,2568300,,,,,,
encode,1155,2400,,,,,,
data_write,1155,39000,,,,,,
data_sync,1155,1226700,,,,,,
marker_write,1155,33100,,,,,,
marker_sync,1155,1265900,,,,,,
append,1156,2688900,,,,,,
encode,1156,2100,,,,,,
data_write,1156,37200,,,,,,
data_sync,1156,1296400,,,,,,
marker_write,1156,31100,,,,,,
marker_sync,1156,1320900,,,,,,
append,1157,2831501,,,,,,
encode,1157,2200,,,,,,
data_write,1157,40600,,,,,,
data_sync,1157,1325700,,,,,,
marker_write,1157,31100,,,,,,
marker_sync,1157,1430801,,,,,,
append,1158,2712600,,,,,,
encode,1158,1900,,,,,,
data_write,1158,39400,,,,,,
data_sync,1158,1310400,,,,,,
marker_write,1158,32200,,,,,,
marker_sync,1158,1327500,,,,,,
append,1159,2757100,,,,,,
encode,1159,2900,,,,,,
data_write,1159,39500,,,,,,
data_sync,1159,1347400,,,,,,
marker_write,1159,36200,,,,,,
marker_sync,1159,1328900,,,,,,
append,1160,3482900,,,,,,
encode,1160,3400,,,,,,
data_write,1160,43900,,,,,,
data_sync,1160,1738400,,,,,,
marker_write,1160,37200,,,,,,
marker_sync,1160,1657100,,,,,,
append,1161,3174000,,,,,,
encode,1161,3600,,,,,,
data_write,1161,40500,,,,,,
data_sync,1161,1623500,,,,,,
marker_write,1161,33100,,,,,,
marker_sync,1161,1471400,,,,,,
append,1162,2932300,,,,,,
encode,1162,3600,,,,,,
data_write,1162,41300,,,,,,
data_sync,1162,1438600,,,,,,
marker_write,1162,33400,,,,,,
marker_sync,1162,1413900,,,,,,
append,1163,3326601,,,,,,
encode,1163,2700,,,,,,
data_write,1163,56300,,,,,,
data_sync,1163,1692700,,,,,,
marker_write,1163,41400,,,,,,
marker_sync,1163,1531801,,,,,,
append,1164,3219100,,,,,,
encode,1164,3200,,,,,,
data_write,1164,44500,,,,,,
data_sync,1164,1578200,,,,,,
marker_write,1164,18300,,,,,,
marker_sync,1164,1573000,,,,,,
append,1165,3244200,,,,,,
encode,1165,4400,,,,,,
data_write,1165,52400,,,,,,
data_sync,1165,1552100,,,,,,
marker_write,1165,35100,,,,,,
marker_sync,1165,1597300,,,,,,
append,1166,2803100,,,,,,
encode,1166,3500,,,,,,
data_write,1166,56000,,,,,,
data_sync,1166,1360700,,,,,,
marker_write,1166,32400,,,,,,
marker_sync,1166,1348500,,,,,,
append,1167,2704900,,,,,,
encode,1167,3800,,,,,,
data_write,1167,44000,,,,,,
data_sync,1167,1328300,,,,,,
marker_write,1167,34600,,,,,,
marker_sync,1167,1292100,,,,,,
append,1168,2626600,,,,,,
encode,1168,2700,,,,,,
data_write,1168,34800,,,,,,
data_sync,1168,1285200,,,,,,
marker_write,1168,31900,,,,,,
marker_sync,1168,1270800,,,,,,
append,1169,2798400,,,,,,
encode,1169,2200,,,,,,
data_write,1169,38300,,,,,,
data_sync,1169,1301700,,,,,,
marker_write,1169,39400,,,,,,
marker_sync,1169,1415000,,,,,,
append,1170,2834601,,,,,,
encode,1170,3100,,,,,,
data_write,1170,45601,,,,,,
data_sync,1170,1364900,,,,,,
marker_write,1170,34900,,,,,,
marker_sync,1170,1384200,,,,,,
append,1171,3240300,,,,,,
encode,1171,4400,,,,,,
data_write,1171,53500,,,,,,
data_sync,1171,1575300,,,,,,
marker_write,1171,37900,,,,,,
marker_sync,1171,1567100,,,,,,
append,1172,3068700,,,,,,
encode,1172,3900,,,,,,
data_write,1172,39600,,,,,,
data_sync,1172,1586600,,,,,,
marker_write,1172,32500,,,,,,
marker_sync,1172,1404200,,,,,,
append,1173,3228800,,,,,,
encode,1173,3700,,,,,,
data_write,1173,41000,,,,,,
data_sync,1173,1512600,,,,,,
marker_write,1173,38700,,,,,,
marker_sync,1173,1630700,,,,,,
append,1174,2898000,,,,,,
encode,1174,3500,,,,,,
data_write,1174,45300,,,,,,
data_sync,1174,1413500,,,,,,
marker_write,1174,34400,,,,,,
marker_sync,1174,1399800,,,,,,
append,1175,3384201,,,,,,
encode,1175,3100,,,,,,
data_write,1175,38600,,,,,,
data_sync,1175,1899400,,,,,,
marker_write,1175,34400,,,,,,
marker_sync,1175,1406801,,,,,,
append,1176,3016300,,,,,,
encode,1176,3000,,,,,,
data_write,1176,38400,,,,,,
data_sync,1176,1478200,,,,,,
marker_write,1176,36000,,,,,,
marker_sync,1176,1459000,,,,,,
append,1177,2748400,,,,,,
encode,1177,3800,,,,,,
data_write,1177,41400,,,,,,
data_sync,1177,1384500,,,,,,
marker_write,1177,28600,,,,,,
marker_sync,1177,1288800,,,,,,
append,1178,2643900,,,,,,
encode,1178,3100,,,,,,
data_write,1178,39100,,,,,,
data_sync,1178,1261500,,,,,,
marker_write,1178,32200,,,,,,
marker_sync,1178,1306900,,,,,,
append,1179,2844100,,,,,,
encode,1179,2500,,,,,,
data_write,1179,48300,,,,,,
data_sync,1179,1396300,,,,,,
marker_write,1179,32600,,,,,,
marker_sync,1179,1362900,,,,,,
append,1180,3151800,,,,,,
encode,1180,3300,,,,,,
data_write,1180,42700,,,,,,
data_sync,1180,1509500,,,,,,
marker_write,1180,37700,,,,,,
marker_sync,1180,1556700,,,,,,
append,1181,3195901,,,,,,
encode,1181,4400,,,,,,
data_write,1181,68200,,,,,,
data_sync,1181,1516000,,,,,,
marker_write,1181,36100,,,,,,
marker_sync,1181,1569701,,,,,,
append,1182,3299700,,,,,,
encode,1182,3000,,,,,,
data_write,1182,39700,,,,,,
data_sync,1182,1706400,,,,,,
marker_write,1182,41400,,,,,,
marker_sync,1182,1507200,,,,,,
append,1183,3067600,,,,,,
encode,1183,4300,,,,,,
data_write,1183,55500,,,,,,
data_sync,1183,1504100,,,,,,
marker_write,1183,34700,,,,,,
marker_sync,1183,1467200,,,,,,
append,1184,3042000,,,,,,
encode,1184,3600,,,,,,
data_write,1184,40000,,,,,,
data_sync,1184,1527800,,,,,,
marker_write,1184,33700,,,,,,
marker_sync,1184,1435300,,,,,,
append,1185,2994700,,,,,,
encode,1185,2600,,,,,,
data_write,1185,37600,,,,,,
data_sync,1185,1440000,,,,,,
marker_write,1185,31700,,,,,,
marker_sync,1185,1481400,,,,,,
append,1186,3058800,,,,,,
encode,1186,3800,,,,,,
data_write,1186,44200,,,,,,
data_sync,1186,1499500,,,,,,
marker_write,1186,32200,,,,,,
marker_sync,1186,1477700,,,,,,
append,1187,2841201,,,,,,
encode,1187,3100,,,,,,
data_write,1187,38400,,,,,,
data_sync,1187,1353800,,,,,,
marker_write,1187,33400,,,,,,
marker_sync,1187,1411201,,,,,,
append,1188,2931800,,,,,,
encode,1188,2700,,,,,,
data_write,1188,40200,,,,,,
data_sync,1188,1384700,,,,,,
marker_write,1188,33700,,,,,,
marker_sync,1188,1469000,,,,,,
append,1189,2859300,,,,,,
encode,1189,2900,,,,,,
data_write,1189,37900,,,,,,
data_sync,1189,1403600,,,,,,
marker_write,1189,29000,,,,,,
marker_sync,1189,1384900,,,,,,
append,1190,2833800,,,,,,
encode,1190,2700,,,,,,
data_write,1190,39600,,,,,,
data_sync,1190,1346600,,,,,,
marker_write,1190,31800,,,,,,
marker_sync,1190,1411700,,,,,,
append,1191,3056500,,,,,,
encode,1191,2900,,,,,,
data_write,1191,44200,,,,,,
data_sync,1191,1577100,,,,,,
marker_write,1191,31600,,,,,,
marker_sync,1191,1399600,,,,,,
append,1192,2733700,,,,,,
encode,1192,2200,,,,,,
data_write,1192,37200,,,,,,
data_sync,1192,1320800,,,,,,
marker_write,1192,31800,,,,,,
marker_sync,1192,1340700,,,,,,
append,1193,2795200,,,,,,
encode,1193,2400,,,,,,
data_write,1193,39200,,,,,,
data_sync,1193,1308800,,,,,,
marker_write,1193,30100,,,,,,
marker_sync,1193,1413600,,,,,,
append,1194,3004701,,,,,,
encode,1194,2400,,,,,,
data_write,1194,39000,,,,,,
data_sync,1194,1488901,,,,,,
marker_write,1194,31500,,,,,,
marker_sync,1194,1441300,,,,,,
append,1195,2853200,,,,,,
encode,1195,2900,,,,,,
data_write,1195,39200,,,,,,
data_sync,1195,1421400,,,,,,
marker_write,1195,32000,,,,,,
marker_sync,1195,1356700,,,,,,
append,1196,3078000,,,,,,
encode,1196,2000,,,,,,
data_write,1196,36500,,,,,,
data_sync,1196,1435600,,,,,,
marker_write,1196,34400,,,,,,
marker_sync,1196,1568300,,,,,,
append,1197,2982600,,,,,,
encode,1197,2600,,,,,,
data_write,1197,39600,,,,,,
data_sync,1197,1528500,,,,,,
marker_write,1197,32200,,,,,,
marker_sync,1197,1378400,,,,,,
append,1198,2776400,,,,,,
encode,1198,2900,,,,,,
data_write,1198,39000,,,,,,
data_sync,1198,1367100,,,,,,
marker_write,1198,30700,,,,,,
marker_sync,1198,1335600,,,,,,
append,1199,2811700,,,,,,
encode,1199,1800,,,,,,
data_write,1199,35100,,,,,,
data_sync,1199,1387000,,,,,,
marker_write,1199,32500,,,,,,
marker_sync,1199,1354000,,,,,,
append,1200,2819201,,,,,,
encode,1200,2800,,,,,,
data_write,1200,39800,,,,,,
data_sync,1200,1351601,,,,,,
marker_write,1200,31600,,,,,,
marker_sync,1200,1392200,,,,,,
append,1201,2808100,,,,,,
encode,1201,2100,,,,,,
data_write,1201,36800,,,,,,
data_sync,1201,1322700,,,,,,
marker_write,1201,28400,,,,,,
marker_sync,1201,1416900,,,,,,
append,1202,3070000,,,,,,
encode,1202,2300,,,,,,
data_write,1202,36700,,,,,,
data_sync,1202,1550900,,,,,,
marker_write,1202,30600,,,,,,
marker_sync,1202,1448700,,,,,,
append,1203,2825800,,,,,,
encode,1203,2700,,,,,,
data_write,1203,38100,,,,,,
data_sync,1203,1393600,,,,,,
marker_write,1203,30800,,,,,,
marker_sync,1203,1359200,,,,,,
append,1204,2936000,,,,,,
encode,1204,2100,,,,,,
data_write,1204,36900,,,,,,
data_sync,1204,1458200,,,,,,
marker_write,1204,30500,,,,,,
marker_sync,1204,1406900,,,,,,
append,1205,2867100,,,,,,
encode,1205,2100,,,,,,
data_write,1205,35300,,,,,,
data_sync,1205,1411000,,,,,,
marker_write,1205,32800,,,,,,
marker_sync,1205,1384800,,,,,,
append,1206,2872501,,,,,,
encode,1206,2300,,,,,,
data_write,1206,36200,,,,,,
data_sync,1206,1389101,,,,,,
marker_write,1206,32100,,,,,,
marker_sync,1206,1411400,,,,,,
append,1207,3235000,,,,,,
encode,1207,2400,,,,,,
data_write,1207,40400,,,,,,
data_sync,1207,1507100,,,,,,
marker_write,1207,33600,,,,,,
marker_sync,1207,1649600,,,,,,
append,1208,3023000,,,,,,
encode,1208,3600,,,,,,
data_write,1208,40700,,,,,,
data_sync,1208,1427800,,,,,,
marker_write,1208,36700,,,,,,
marker_sync,1208,1511500,,,,,,
append,1209,3040800,,,,,,
encode,1209,3900,,,,,,
data_write,1209,47700,,,,,,
data_sync,1209,1514200,,,,,,
marker_write,1209,33200,,,,,,
marker_sync,1209,1439900,,,,,,
append,1210,3144400,,,,,,
encode,1210,4000,,,,,,
data_write,1210,44600,,,,,,
data_sync,1210,1458900,,,,,,
marker_write,1210,34400,,,,,,
marker_sync,1210,1600600,,,,,,
append,1211,2937300,,,,,,
encode,1211,3300,,,,,,
data_write,1211,39000,,,,,,
data_sync,1211,1400400,,,,,,
marker_write,1211,31000,,,,,,
marker_sync,1211,1461900,,,,,,
append,1212,2911701,,,,,,
encode,1212,3300,,,,,,
data_write,1212,41300,,,,,,
data_sync,1212,1411501,,,,,,
marker_write,1212,33900,,,,,,
marker_sync,1212,1419600,,,,,,
append,1213,2859600,,,,,,
encode,1213,4200,,,,,,
data_write,1213,45200,,,,,,
data_sync,1213,1460000,,,,,,
marker_write,1213,30000,,,,,,
marker_sync,1213,1318700,,,,,,
append,1214,2602500,,,,,,
encode,1214,2600,,,,,,
data_write,1214,36900,,,,,,
data_sync,1214,1292800,,,,,,
marker_write,1214,29500,,,,,,
marker_sync,1214,1239500,,,,,,
append,1215,2636700,,,,,,
encode,1215,2400,,,,,,
data_write,1215,36400,,,,,,
data_sync,1215,1264700,,,,,,
marker_write,1215,29200,,,,,,
marker_sync,1215,1302600,,,,,,
append,1216,2799800,,,,,,
encode,1216,2400,,,,,,
data_write,1216,41000,,,,,,
data_sync,1216,1349100,,,,,,
marker_write,1216,44300,,,,,,
marker_sync,1216,1361300,,,,,,
append,1217,2841100,,,,,,
encode,1217,2600,,,,,,
data_write,1217,39500,,,,,,
data_sync,1217,1353500,,,,,,
marker_write,1217,35000,,,,,,
marker_sync,1217,1406900,,,,,,
append,1218,3482801,,,,,,
encode,1218,5100,,,,,,
data_write,1218,63400,,,,,,
data_sync,1218,1684400,,,,,,
marker_write,1218,57300,,,,,,
marker_sync,1218,1669701,,,,,,
append,1219,3361100,,,,,,
encode,1219,4400,,,,,,
data_write,1219,52000,,,,,,
data_sync,1219,1680200,,,,,,
marker_write,1219,34700,,,,,,
marker_sync,1219,1586900,,,,,,
append,1220,2908600,,,,,,
encode,1220,4800,,,,,,
data_write,1220,56900,,,,,,
data_sync,1220,1445800,,,,,,
marker_write,1220,34300,,,,,,
marker_sync,1220,1365100,,,,,,
append,1221,2881900,,,,,,
encode,1221,3200,,,,,,
data_write,1221,39700,,,,,,
data_sync,1221,1382500,,,,,,
marker_write,1221,40500,,,,,,
marker_sync,1221,1414000,,,,,,
append,1222,3421600,,,,,,
encode,1222,3600,,,,,,
data_write,1222,52800,,,,,,
data_sync,1222,1526700,,,,,,
marker_write,1222,44200,,,,,,
marker_sync,1222,1792000,,,,,,
append,1223,2989100,,,,,,
encode,1223,6300,,,,,,
data_write,1223,52100,,,,,,
data_sync,1223,1398900,,,,,,
marker_write,1223,36300,,,,,,
marker_sync,1223,1493000,,,,,,
append,1224,2761101,,,,,,
encode,1224,3800,,,,,,
data_write,1224,50800,,,,,,
data_sync,1224,1359801,,,,,,
marker_write,1224,34500,,,,,,
marker_sync,1224,1311000,,,,,,
append,1225,2683700,,,,,,
encode,1225,2400,,,,,,
data_write,1225,39600,,,,,,
data_sync,1225,1312000,,,,,,
marker_write,1225,32100,,,,,,
marker_sync,1225,1296300,,,,,,
append,1226,2622000,,,,,,
encode,1226,2500,,,,,,
data_write,1226,35400,,,,,,
data_sync,1226,1269600,,,,,,
marker_write,1226,28500,,,,,,
marker_sync,1226,1285100,,,,,,
append,1227,2746900,,,,,,
encode,1227,1700,,,,,,
data_write,1227,35000,,,,,,
data_sync,1227,1263500,,,,,,
marker_write,1227,32500,,,,,,
marker_sync,1227,1413100,,,,,,
append,1228,2683600,,,,,,
encode,1228,2400,,,,,,
data_write,1228,39900,,,,,,
data_sync,1228,1316100,,,,,,
marker_write,1228,33000,,,,,,
marker_sync,1228,1291000,,,,,,
append,1229,2698100,,,,,,
encode,1229,2100,,,,,,
data_write,1229,38500,,,,,,
data_sync,1229,1315300,,,,,,
marker_write,1229,29800,,,,,,
marker_sync,1229,1311300,,,,,,
append,1230,2639500,,,,,,
encode,1230,2100,,,,,,
data_write,1230,35900,,,,,,
data_sync,1230,1306400,,,,,,
marker_write,1230,29300,,,,,,
marker_sync,1230,1264500,,,,,,
append,1231,2639101,,,,,,
encode,1231,1900,,,,,,
data_write,1231,36700,,,,,,
data_sync,1231,1298901,,,,,,
marker_write,1231,30500,,,,,,
marker_sync,1231,1270000,,,,,,
append,1232,2713600,,,,,,
encode,1232,2300,,,,,,
data_write,1232,35800,,,,,,
data_sync,1232,1261000,,,,,,
marker_write,1232,28300,,,,,,
marker_sync,1232,1385400,,,,,,
append,1233,2621200,,,,,,
encode,1233,1800,,,,,,
data_write,1233,34800,,,,,,
data_sync,1233,1272500,,,,,,
marker_write,1233,29000,,,,,,
marker_sync,1233,1282100,,,,,,
append,1234,2728400,,,,,,
encode,1234,2200,,,,,,
data_write,1234,59600,,,,,,
data_sync,1234,1290400,,,,,,
marker_write,1234,35400,,,,,,
marker_sync,1234,1339400,,,,,,
append,1235,3757500,,,,,,
encode,1235,3300,,,,,,
data_write,1235,44700,,,,,,
data_sync,1235,1976500,,,,,,
marker_write,1235,32400,,,,,,
marker_sync,1235,1698500,,,,,,
append,1236,3343100,,,,,,
encode,1236,3200,,,,,,
data_write,1236,42200,,,,,,
data_sync,1236,1512600,,,,,,
marker_write,1236,41300,,,,,,
marker_sync,1236,1742100,,,,,,
append,1237,2912701,,,,,,
encode,1237,2400,,,,,,
data_write,1237,42500,,,,,,
data_sync,1237,1523101,,,,,,
marker_write,1237,34100,,,,,,
marker_sync,1237,1309100,,,,,,
append,1238,2551400,,,,,,
encode,1238,2100,,,,,,
data_write,1238,34100,,,,,,
data_sync,1238,1252200,,,,,,
marker_write,1238,27500,,,,,,
marker_sync,1238,1234600,,,,,,
append,1239,2711100,,,,,,
encode,1239,1600,,,,,,
data_write,1239,33500,,,,,,
data_sync,1239,1268900,,,,,,
marker_write,1239,33200,,,,,,
marker_sync,1239,1372200,,,,,,
append,1240,2971200,,,,,,
encode,1240,3100,,,,,,
data_write,1240,46300,,,,,,
data_sync,1240,1364800,,,,,,
marker_write,1240,35700,,,,,,
marker_sync,1240,1519800,,,,,,
append,1241,2725200,,,,,,
encode,1241,2700,,,,,,
data_write,1241,42800,,,,,,
data_sync,1241,1361400,,,,,,
marker_write,1241,35300,,,,,,
marker_sync,1241,1281700,,,,,,
append,1242,2643800,,,,,,
encode,1242,3200,,,,,,
data_write,1242,37900,,,,,,
data_sync,1242,1295900,,,,,,
marker_write,1242,31300,,,,,,
marker_sync,1242,1273800,,,,,,
append,1243,2695901,,,,,,
encode,1243,2100,,,,,,
data_write,1243,33600,,,,,,
data_sync,1243,1337600,,,,,,
marker_write,1243,28100,,,,,,
marker_sync,1243,1293201,,,,,,
append,1244,2591300,,,,,,
encode,1244,2100,,,,,,
data_write,1244,41900,,,,,,
data_sync,1244,1278500,,,,,,
marker_write,1244,28900,,,,,,
marker_sync,1244,1239000,,,,,,
append,1245,3210200,,,,,,
encode,1245,1500,,,,,,
data_write,1245,33900,,,,,,
data_sync,1245,1268000,,,,,,
marker_write,1245,27200,,,,,,
marker_sync,1245,1877400,,,,,,
append,1246,3284000,,,,,,
encode,1246,3300,,,,,,
data_write,1246,57100,,,,,,
data_sync,1246,1673800,,,,,,
marker_write,1246,40200,,,,,,
marker_sync,1246,1507500,,,,,,
append,1247,3051600,,,,,,
encode,1247,4200,,,,,,
data_write,1247,46100,,,,,,
data_sync,1247,1574100,,,,,,
marker_write,1247,38100,,,,,,
marker_sync,1247,1386800,,,,,,
append,1248,2659600,,,,,,
encode,1248,4200,,,,,,
data_write,1248,43200,,,,,,
data_sync,1248,1306100,,,,,,
marker_write,1248,28800,,,,,,
marker_sync,1248,1276300,,,,,,
append,1249,2714201,,,,,,
encode,1249,2000,,,,,,
data_write,1249,33500,,,,,,
data_sync,1249,1359500,,,,,,
marker_write,1249,34400,,,,,,
marker_sync,1249,1283301,,,,,,
append,1250,2659300,,,,,,
encode,1250,2500,,,,,,
data_write,1250,34500,,,,,,
data_sync,1250,1261100,,,,,,
marker_write,1250,29900,,,,,,
marker_sync,1250,1330200,,,,,,
append,1251,2971900,,,,,,
encode,1251,2600,,,,,,
data_write,1251,41500,,,,,,
data_sync,1251,1518800,,,,,,
marker_write,1251,51300,,,,,,
marker_sync,1251,1355300,,,,,,
append,1252,2725200,,,,,,
encode,1252,5000,,,,,,
data_write,1252,42000,,,,,,
data_sync,1252,1329300,,,,,,
marker_write,1252,33100,,,,,,
marker_sync,1252,1313400,,,,,,
append,1253,2607100,,,,,,
encode,1253,2600,,,,,,
data_write,1253,41100,,,,,,
data_sync,1253,1282000,,,,,,
marker_write,1253,31300,,,,,,
marker_sync,1253,1248800,,,,,,
append,1254,2502400,,,,,,
encode,1254,2200,,,,,,
data_write,1254,35000,,,,,,
data_sync,1254,1217700,,,,,,
marker_write,1254,33800,,,,,,
marker_sync,1254,1212200,,,,,,
append,1255,2530000,,,,,,
encode,1255,2000,,,,,,
data_write,1255,34700,,,,,,
data_sync,1255,1243700,,,,,,
marker_write,1255,33300,,,,,,
marker_sync,1255,1215300,,,,,,
append,1256,2621601,,,,,,
encode,1256,2100,,,,,,
data_write,1256,38300,,,,,,
data_sync,1256,1208600,,,,,,
marker_write,1256,31400,,,,,,
marker_sync,1256,1340101,,,,,,
append,1257,2628500,,,,,,
encode,1257,2100,,,,,,
data_write,1257,39200,,,,,,
data_sync,1257,1303500,,,,,,
marker_write,1257,32300,,,,,,
marker_sync,1257,1249900,,,,,,
append,1258,2558800,,,,,,
encode,1258,2300,,,,,,
data_write,1258,38300,,,,,,
data_sync,1258,1255300,,,,,,
marker_write,1258,30800,,,,,,
marker_sync,1258,1230800,,,,,,
append,1259,2584000,,,,,,
encode,1259,1800,,,,,,
data_write,1259,34500,,,,,,
data_sync,1259,1247100,,,,,,
marker_write,1259,29500,,,,,,
marker_sync,1259,1270000,,,,,,
append,1260,2648200,,,,,,
encode,1260,2200,,,,,,
data_write,1260,36900,,,,,,
data_sync,1260,1257100,,,,,,
marker_write,1260,31500,,,,,,
marker_sync,1260,1319500,,,,,,
append,1261,2559500,,,,,,
encode,1261,2000,,,,,,
data_write,1261,34500,,,,,,
data_sync,1261,1254200,,,,,,
marker_write,1261,29800,,,,,,
marker_sync,1261,1238100,,,,,,
append,1262,2738100,,,,,,
encode,1262,1800,,,,,,
data_write,1262,33600,,,,,,
data_sync,1262,1230900,,,,,,
marker_write,1262,26900,,,,,,
marker_sync,1262,1443800,,,,,,
append,1263,2631501,,,,,,
encode,1263,2800,,,,,,
data_write,1263,43400,,,,,,
data_sync,1263,1278001,,,,,,
marker_write,1263,31300,,,,,,
marker_sync,1263,1274700,,,,,,
append,1264,2563100,,,,,,
encode,1264,2100,,,,,,
data_write,1264,37600,,,,,,
data_sync,1264,1259500,,,,,,
marker_write,1264,30600,,,,,,
marker_sync,1264,1232300,,,,,,
append,1265,2625000,,,,,,
encode,1265,2300,,,,,,
data_write,1265,39300,,,,,,
data_sync,1265,1232600,,,,,,
marker_write,1265,30100,,,,,,
marker_sync,1265,1319900,,,,,,
append,1266,2972200,,,,,,
encode,1266,2100,,,,,,
data_write,1266,66100,,,,,,
data_sync,1266,1437000,,,,,,
marker_write,1266,34700,,,,,,
marker_sync,1266,1431000,,,,,,
append,1267,2874700,,,,,,
encode,1267,2200,,,,,,
data_write,1267,38000,,,,,,
data_sync,1267,1432000,,,,,,
marker_write,1267,31000,,,,,,
marker_sync,1267,1370200,,,,,,
append,1268,2965600,,,,,,
encode,1268,2800,,,,,,
data_write,1268,40400,,,,,,
data_sync,1268,1350500,,,,,,
marker_write,1268,36200,,,,,,
marker_sync,1268,1534300,,,,,,
append,1269,2821901,,,,,,
encode,1269,2800,,,,,,
data_write,1269,41500,,,,,,
data_sync,1269,1359000,,,,,,
marker_write,1269,31700,,,,,,
marker_sync,1269,1385101,,,,,,
append,1270,2820600,,,,,,
encode,1270,2400,,,,,,
data_write,1270,39300,,,,,,
data_sync,1270,1403000,,,,,,
marker_write,1270,32700,,,,,,
marker_sync,1270,1342200,,,,,,
append,1271,2856300,,,,,,
encode,1271,2100,,,,,,
data_write,1271,37500,,,,,,
data_sync,1271,1409300,,,,,,
marker_write,1271,30200,,,,,,
marker_sync,1271,1376100,,,,,,
append,1272,2888700,,,,,,
encode,1272,2100,,,,,,
data_write,1272,36900,,,,,,
data_sync,1272,1390300,,,,,,
marker_write,1272,29500,,,,,,
marker_sync,1272,1428800,,,,,,
append,1273,2740500,,,,,,
encode,1273,2100,,,,,,
data_write,1273,35800,,,,,,
data_sync,1273,1309300,,,,,,
marker_write,1273,33100,,,,,,
marker_sync,1273,1359200,,,,,,
append,1274,2826500,,,,,,
encode,1274,2700,,,,,,
data_write,1274,43800,,,,,,
data_sync,1274,1420000,,,,,,
marker_write,1274,31300,,,,,,
marker_sync,1274,1327700,,,,,,
append,1275,2771400,,,,,,
encode,1275,2000,,,,,,
data_write,1275,37200,,,,,,
data_sync,1275,1293400,,,,,,
marker_write,1275,28600,,,,,,
marker_sync,1275,1409000,,,,,,
append,1276,2730501,,,,,,
encode,1276,2100,,,,,,
data_write,1276,38500,,,,,,
data_sync,1276,1358601,,,,,,
marker_write,1276,30200,,,,,,
marker_sync,1276,1300000,,,,,,
append,1277,2665100,,,,,,
encode,1277,1900,,,,,,
data_write,1277,32800,,,,,,
data_sync,1277,1303500,,,,,,
marker_write,1277,28000,,,,,,
marker_sync,1277,1297800,,,,,,
append,1278,2706300,,,,,,
encode,1278,1900,,,,,,
data_write,1278,37900,,,,,,
data_sync,1278,1303800,,,,,,
marker_write,1278,29600,,,,,,
marker_sync,1278,1332000,,,,,,
append,1279,2879700,,,,,,
encode,1279,1900,,,,,,
data_write,1279,35000,,,,,,
data_sync,1279,1370800,,,,,,
marker_write,1279,31000,,,,,,
marker_sync,1279,1439100,,,,,,
append,1280,3430900,,,,,,
encode,1280,4000,,,,,,
data_write,1280,48500,,,,,,
data_sync,1280,1837700,,,,,,
marker_write,1280,47200,,,,,,
marker_sync,1280,1490900,,,,,,
append,1281,3087800,,,,,,
encode,1281,2900,,,,,,
data_write,1281,44800,,,,,,
data_sync,1281,1513200,,,,,,
marker_write,1281,44300,,,,,,
marker_sync,1281,1480000,,,,,,
append,1282,3160801,,,,,,
encode,1282,4500,,,,,,
data_write,1282,48100,,,,,,
data_sync,1282,1582201,,,,,,
marker_write,1282,34900,,,,,,
marker_sync,1282,1488400,,,,,,
append,1283,2884900,,,,,,
encode,1283,3600,,,,,,
data_write,1283,42900,,,,,,
data_sync,1283,1383600,,,,,,
marker_write,1283,32500,,,,,,
marker_sync,1283,1420500,,,,,,
append,1284,2857200,,,,,,
encode,1284,3500,,,,,,
data_write,1284,37000,,,,,,
data_sync,1284,1409700,,,,,,
marker_write,1284,31300,,,,,,
marker_sync,1284,1373700,,,,,,
append,1285,2898900,,,,,,
encode,1285,3700,,,,,,
data_write,1285,38800,,,,,,
data_sync,1285,1444900,,,,,,
marker_write,1285,30800,,,,,,
marker_sync,1285,1379400,,,,,,
append,1286,2797600,,,,,,
encode,1286,2500,,,,,,
data_write,1286,35100,,,,,,
data_sync,1286,1343700,,,,,,
marker_write,1286,33200,,,,,,
marker_sync,1286,1382000,,,,,,
append,1287,2962300,,,,,,
encode,1287,3000,,,,,,
data_write,1287,38900,,,,,,
data_sync,1287,1465500,,,,,,
marker_write,1287,33400,,,,,,
marker_sync,1287,1420100,,,,,,
append,1288,2814701,,,,,,
encode,1288,3300,,,,,,
data_write,1288,40200,,,,,,
data_sync,1288,1375801,,,,,,
marker_write,1288,31900,,,,,,
marker_sync,1288,1362400,,,,,,
append,1289,2774700,,,,,,
encode,1289,2700,,,,,,
data_write,1289,36900,,,,,,
data_sync,1289,1353500,,,,,,
marker_write,1289,32000,,,,,,
marker_sync,1289,1348500,,,,,,
append,1290,3149400,,,,,,
encode,1290,2000,,,,,,
data_write,1290,37600,,,,,,
data_sync,1290,1484800,,,,,,
marker_write,1290,41100,,,,,,
marker_sync,1290,1582200,,,,,,
append,1291,2811300,,,,,,
encode,1291,3200,,,,,,
data_write,1291,41200,,,,,,
data_sync,1291,1408100,,,,,,
marker_write,1291,32200,,,,,,
marker_sync,1291,1324900,,,,,,
append,1292,2777000,,,,,,
encode,1292,2700,,,,,,
data_write,1292,37100,,,,,,
data_sync,1292,1354000,,,,,,
marker_write,1292,38300,,,,,,
marker_sync,1292,1343500,,,,,,
append,1293,2935600,,,,,,
encode,1293,3200,,,,,,
data_write,1293,41000,,,,,,
data_sync,1293,1392800,,,,,,
marker_write,1293,49000,,,,,,
marker_sync,1293,1447000,,,,,,
append,1294,3113701,,,,,,
encode,1294,3400,,,,,,
data_write,1294,42400,,,,,,
data_sync,1294,1590600,,,,,,
marker_write,1294,39500,,,,,,
marker_sync,1294,1435601,,,,,,
append,1295,3188200,,,,,,
encode,1295,4600,,,,,,
data_write,1295,50200,,,,,,
data_sync,1295,1539400,,,,,,
marker_write,1295,41900,,,,,,
marker_sync,1295,1550100,,,,,,
append,1296,2911100,,,,,,
encode,1296,3300,,,,,,
data_write,1296,41100,,,,,,
data_sync,1296,1451200,,,,,,
marker_write,1296,35300,,,,,,
marker_sync,1296,1378300,,,,,,
append,1297,2762400,,,,,,
encode,1297,4800,,,,,,
data_write,1297,48000,,,,,,
data_sync,1297,1364200,,,,,,
marker_write,1297,30300,,,,,,
marker_sync,1297,1313500,,,,,,
append,1298,2930000,,,,,,
encode,1298,2900,,,,,,
data_write,1298,36100,,,,,,
data_sync,1298,1306000,,,,,,
marker_write,1298,29900,,,,,,
marker_sync,1298,1553400,,,,,,
append,1299,3065900,,,,,,
encode,1299,4000,,,,,,
data_write,1299,42700,,,,,,
data_sync,1299,1414800,,,,,,
marker_write,1299,33800,,,,,,
marker_sync,1299,1569000,,,,,,
append,1300,2895001,,,,,,
encode,1300,3600,,,,,,
data_write,1300,41000,,,,,,
data_sync,1300,1338000,,,,,,
marker_write,1300,32200,,,,,,
marker_sync,1300,1478501,,,,,,
append,1301,2975200,,,,,,
encode,1301,2700,,,,,,
data_write,1301,48700,,,,,,
data_sync,1301,1518900,,,,,,
marker_write,1301,32100,,,,,,
marker_sync,1301,1371200,,,,,,
append,1302,3131500,,,,,,
encode,1302,3400,,,,,,
data_write,1302,39700,,,,,,
data_sync,1302,1494300,,,,,,
marker_write,1302,34000,,,,,,
marker_sync,1302,1557900,,,,,,
append,1303,3165900,,,,,,
encode,1303,3300,,,,,,
data_write,1303,39200,,,,,,
data_sync,1303,1638500,,,,,,
marker_write,1303,32100,,,,,,
marker_sync,1303,1450700,,,,,,
append,1304,2887700,,,,,,
encode,1304,3300,,,,,,
data_write,1304,39100,,,,,,
data_sync,1304,1492900,,,,,,
marker_write,1304,31000,,,,,,
marker_sync,1304,1319300,,,,,,
append,1305,2837500,,,,,,
encode,1305,2700,,,,,,
data_write,1305,35500,,,,,,
data_sync,1305,1325300,,,,,,
marker_write,1305,32600,,,,,,
marker_sync,1305,1440200,,,,,,
append,1306,2827101,,,,,,
encode,1306,2700,,,,,,
data_write,1306,37900,,,,,,
data_sync,1306,1368600,,,,,,
marker_write,1306,33000,,,,,,
marker_sync,1306,1383601,,,,,,
append,1307,2802400,,,,,,
encode,1307,2300,,,,,,
data_write,1307,40200,,,,,,
data_sync,1307,1377800,,,,,,
marker_write,1307,30500,,,,,,
marker_sync,1307,1350400,,,,,,
append,1308,2731200,,,,,,
encode,1308,2400,,,,,,
data_write,1308,39000,,,,,,
data_sync,1308,1337600,,,,,,
marker_write,1308,30500,,,,,,
marker_sync,1308,1320100,,,,,,
append,1309,2693200,,,,,,
encode,1309,2300,,,,,,
data_write,1309,36600,,,,,,
data_sync,1309,1295400,,,,,,
marker_write,1309,29300,,,,,,
marker_sync,1309,1328600,,,,,,
append,1310,2754900,,,,,,
encode,1310,2100,,,,,,
data_write,1310,35400,,,,,,
data_sync,1310,1363600,,,,,,
marker_write,1310,30200,,,,,,
marker_sync,1310,1322500,,,,,,
append,1311,2735100,,,,,,
encode,1311,2000,,,,,,
data_write,1311,35800,,,,,,
data_sync,1311,1351900,,,,,,
marker_write,1311,29700,,,,,,
marker_sync,1311,1314500,,,,,,
append,1312,2818400,,,,,,
encode,1312,2300,,,,,,
data_write,1312,35000,,,,,,
data_sync,1312,1311500,,,,,,
marker_write,1312,34300,,,,,,
marker_sync,1312,1433700,,,,,,
append,1313,2996801,,,,,,
encode,1313,3500,,,,,,
data_write,1313,49100,,,,,,
data_sync,1313,1509201,,,,,,
marker_write,1313,32600,,,,,,
marker_sync,1313,1401200,,,,,,
append,1314,3115000,,,,,,
encode,1314,3000,,,,,,
data_write,1314,40600,,,,,,
data_sync,1314,1606000,,,,,,
marker_write,1314,44400,,,,,,
marker_sync,1314,1419300,,,,,,
append,1315,2845600,,,,,,
encode,1315,3800,,,,,,
data_write,1315,37000,,,,,,
data_sync,1315,1382200,,,,,,
marker_write,1315,31400,,,,,,
marker_sync,1315,1389700,,,,,,
append,1316,2671600,,,,,,
encode,1316,3400,,,,,,
data_write,1316,39300,,,,,,
data_sync,1316,1302400,,,,,,
marker_write,1316,31200,,,,,,
marker_sync,1316,1294300,,,,,,
append,1317,2720700,,,,,,
encode,1317,2600,,,,,,
data_write,1317,36100,,,,,,
data_sync,1317,1330000,,,,,,
marker_write,1317,29000,,,,,,
marker_sync,1317,1321900,,,,,,
append,1318,3290400,,,,,,
encode,1318,2500,,,,,,
data_write,1318,38700,,,,,,
data_sync,1318,1709500,,,,,,
marker_write,1318,33500,,,,,,
marker_sync,1318,1504900,,,,,,
append,1319,2740501,,,,,,
encode,1319,3100,,,,,,
data_write,1319,41200,,,,,,
data_sync,1319,1336601,,,,,,
marker_write,1319,34800,,,,,,
marker_sync,1319,1323900,,,,,,
append,1320,2682700,,,,,,
encode,1320,2600,,,,,,
data_write,1320,37500,,,,,,
data_sync,1320,1298000,,,,,,
marker_write,1320,29000,,,,,,
marker_sync,1320,1314500,,,,,,
append,1321,2708000,,,,,,
encode,1321,2600,,,,,,
data_write,1321,36800,,,,,,
data_sync,1321,1303200,,,,,,
marker_write,1321,32100,,,,,,
marker_sync,1321,1332300,,,,,,
append,1322,2925300,,,,,,
encode,1322,2400,,,,,,
data_write,1322,36500,,,,,,
data_sync,1322,1430700,,,,,,
marker_write,1322,32600,,,,,,
marker_sync,1322,1422100,,,,,,
append,1323,2942400,,,,,,
encode,1323,2300,,,,,,
data_write,1323,39700,,,,,,
data_sync,1323,1416400,,,,,,
marker_write,1323,31100,,,,,,
marker_sync,1323,1451900,,,,,,
append,1324,2843600,,,,,,
encode,1324,2400,,,,,,
data_write,1324,36600,,,,,,
data_sync,1324,1441700,,,,,,
marker_write,1324,29400,,,,,,
marker_sync,1324,1332600,,,,,,
append,1325,2885901,,,,,,
encode,1325,2100,,,,,,
data_write,1325,38700,,,,,,
data_sync,1325,1418000,,,,,,
marker_write,1325,30600,,,,,,
marker_sync,1325,1395501,,,,,,
append,1326,3272100,,,,,,
encode,1326,2300,,,,,,
data_write,1326,38400,,,,,,
data_sync,1326,1623000,,,,,,
marker_write,1326,38600,,,,,,
marker_sync,1326,1567700,,,,,,
append,1327,3025600,,,,,,
encode,1327,4200,,,,,,
data_write,1327,41700,,,,,,
data_sync,1327,1488400,,,,,,
marker_write,1327,42900,,,,,,
marker_sync,1327,1445800,,,,,,
append,1328,3012200,,,,,,
encode,1328,3400,,,,,,
data_write,1328,42300,,,,,,
data_sync,1328,1419000,,,,,,
marker_write,1328,28100,,,,,,
marker_sync,1328,1517400,,,,,,
append,1329,3186500,,,,,,
encode,1329,2800,,,,,,
data_write,1329,48800,,,,,,
data_sync,1329,1497600,,,,,,
marker_write,1329,32000,,,,,,
marker_sync,1329,1603600,,,,,,
append,1330,3070100,,,,,,
encode,1330,3000,,,,,,
data_write,1330,40100,,,,,,
data_sync,1330,1504900,,,,,,
marker_write,1330,33200,,,,,,
marker_sync,1330,1487600,,,,,,
append,1331,3204501,,,,,,
encode,1331,2500,,,,,,
data_write,1331,40800,,,,,,
data_sync,1331,1450000,,,,,,
marker_write,1331,39800,,,,,,
marker_sync,1331,1670201,,,,,,
append,1332,3282700,,,,,,
encode,1332,2500,,,,,,
data_write,1332,37800,,,,,,
data_sync,1332,1744300,,,,,,
marker_write,1332,28700,,,,,,
marker_sync,1332,1468200,,,,,,
append,1333,3090900,,,,,,
encode,1333,2800,,,,,,
data_write,1333,41600,,,,,,
data_sync,1333,1548600,,,,,,
marker_write,1333,34400,,,,,,
marker_sync,1333,1462000,,,,,,
append,1334,2895500,,,,,,
encode,1334,3200,,,,,,
data_write,1334,39800,,,,,,
data_sync,1334,1451900,,,,,,
marker_write,1334,34200,,,,,,
marker_sync,1334,1365200,,,,,,
append,1335,2880400,,,,,,
encode,1335,2400,,,,,,
data_write,1335,37900,,,,,,
data_sync,1335,1361200,,,,,,
marker_write,1335,37200,,,,,,
marker_sync,1335,1440100,,,,,,
append,1336,2817300,,,,,,
encode,1336,3600,,,,,,
data_write,1336,44200,,,,,,
data_sync,1336,1382500,,,,,,
marker_write,1336,34400,,,,,,
marker_sync,1336,1350900,,,,,,
append,1337,2939601,,,,,,
encode,1337,3700,,,,,,
data_write,1337,60500,,,,,,
data_sync,1337,1471601,,,,,,
marker_write,1337,37800,,,,,,
marker_sync,1337,1364200,,,,,,
append,1338,2939200,,,,,,
encode,1338,4000,,,,,,
data_write,1338,39700,,,,,,
data_sync,1338,1428800,,,,,,
marker_write,1338,38600,,,,,,
marker_sync,1338,1426000,,,,,,
append,1339,2995500,,,,,,
encode,1339,3300,,,,,,
data_write,1339,41000,,,,,,
data_sync,1339,1463100,,,,,,
marker_write,1339,34000,,,,,,
marker_sync,1339,1451600,,,,,,
append,1340,3207500,,,,,,
encode,1340,3400,,,,,,
data_write,1340,44100,,,,,,
data_sync,1340,1503000,,,,,,
marker_write,1340,37800,,,,,,
marker_sync,1340,1616800,,,,,,
append,1341,2910600,,,,,,
encode,1341,5400,,,,,,
data_write,1341,48900,,,,,,
data_sync,1341,1443300,,,,,,
marker_write,1341,37200,,,,,,
marker_sync,1341,1374100,,,,,,
append,1342,2844300,,,,,,
encode,1342,3900,,,,,,
data_write,1342,41200,,,,,,
data_sync,1342,1388900,,,,,,
marker_write,1342,33000,,,,,,
marker_sync,1342,1375800,,,,,,
append,1343,2918101,,,,,,
encode,1343,4100,,,,,,
data_write,1343,42600,,,,,,
data_sync,1343,1396300,,,,,,
marker_write,1343,42501,,,,,,
marker_sync,1343,1429600,,,,,,
append,1344,2928400,,,,,,
encode,1344,3900,,,,,,
data_write,1344,45000,,,,,,
data_sync,1344,1379700,,,,,,
marker_write,1344,36900,,,,,,
marker_sync,1344,1461100,,,,,,
append,1345,3026400,,,,,,
encode,1345,3100,,,,,,
data_write,1345,43900,,,,,,
data_sync,1345,1486700,,,,,,
marker_write,1345,36400,,,,,,
marker_sync,1345,1454200,,,,,,
append,1346,3018500,,,,,,
encode,1346,3600,,,,,,
data_write,1346,45100,,,,,,
data_sync,1346,1472100,,,,,,
marker_write,1346,47500,,,,,,
marker_sync,1346,1447500,,,,,,
append,1347,3006300,,,,,,
encode,1347,4000,,,,,,
data_write,1347,43100,,,,,,
data_sync,1347,1349900,,,,,,
marker_write,1347,33900,,,,,,
marker_sync,1347,1572700,,,,,,
append,1348,3095100,,,,,,
encode,1348,4200,,,,,,
data_write,1348,113600,,,,,,
data_sync,1348,1529700,,,,,,
marker_write,1348,45600,,,,,,
marker_sync,1348,1400000,,,,,,
append,1349,3363201,,,,,,
encode,1349,4200,,,,,,
data_write,1349,44800,,,,,,
data_sync,1349,1511101,,,,,,
marker_write,1349,45100,,,,,,
marker_sync,1349,1755200,,,,,,
append,1350,3233400,,,,,,
encode,1350,5400,,,,,,
data_write,1350,55900,,,,,,
data_sync,1350,1676500,,,,,,
marker_write,1350,46200,,,,,,
marker_sync,1350,1446700,,,,,,
append,1351,3049200,,,,,,
encode,1351,5500,,,,,,
data_write,1351,63900,,,,,,
data_sync,1351,1391700,,,,,,
marker_write,1351,35100,,,,,,
marker_sync,1351,1550700,,,,,,
append,1352,3326200,,,,,,
encode,1352,4900,,,,,,
data_write,1352,51900,,,,,,
data_sync,1352,1722600,,,,,,
marker_write,1352,38100,,,,,,
marker_sync,1352,1506300,,,,,,
append,1353,3524500,,,,,,
encode,1353,4400,,,,,,
data_write,1353,54300,,,,,,
data_sync,1353,1929000,,,,,,
marker_write,1353,41400,,,,,,
marker_sync,1353,1492300,,,,,,
append,1354,3417401,,,,,,
encode,1354,5600,,,,,,
data_write,1354,57400,,,,,,
data_sync,1354,1572200,,,,,,
marker_write,1354,50500,,,,,,
marker_sync,1354,1729201,,,,,,
append,1355,3568400,,,,,,
encode,1355,4500,,,,,,
data_write,1355,44000,,,,,,
data_sync,1355,1766600,,,,,,
marker_write,1355,48500,,,,,,
marker_sync,1355,1702200,,,,,,
append,1356,3221500,,,,,,
encode,1356,6000,,,,,,
data_write,1356,80900,,,,,,
data_sync,1356,1523600,,,,,,
marker_write,1356,47000,,,,,,
marker_sync,1356,1561900,,,,,,
append,1357,3793700,,,,,,
encode,1357,5000,,,,,,
data_write,1357,62400,,,,,,
data_sync,1357,1677800,,,,,,
marker_write,1357,49500,,,,,,
marker_sync,1357,1995900,,,,,,
append,1358,3619100,,,,,,
encode,1358,4800,,,,,,
data_write,1358,54700,,,,,,
data_sync,1358,1773900,,,,,,
marker_write,1358,42200,,,,,,
marker_sync,1358,1741000,,,,,,
append,1359,3772901,,,,,,
encode,1359,6100,,,,,,
data_write,1359,59200,,,,,,
data_sync,1359,1855700,,,,,,
marker_write,1359,53700,,,,,,
marker_sync,1359,1795501,,,,,,
append,1360,3686900,,,,,,
encode,1360,5900,,,,,,
data_write,1360,52800,,,,,,
data_sync,1360,1787700,,,,,,
marker_write,1360,52000,,,,,,
marker_sync,1360,1785500,,,,,,
append,1361,3972400,,,,,,
encode,1361,5700,,,,,,
data_write,1361,64200,,,,,,
data_sync,1361,1930200,,,,,,
marker_write,1361,53500,,,,,,
marker_sync,1361,1916400,,,,,,
append,1362,3515700,,,,,,
encode,1362,4200,,,,,,
data_write,1362,44400,,,,,,
data_sync,1362,1722700,,,,,,
marker_write,1362,41000,,,,,,
marker_sync,1362,1700900,,,,,,
append,1363,3217000,,,,,,
encode,1363,4800,,,,,,
data_write,1363,49700,,,,,,
data_sync,1363,1555000,,,,,,
marker_write,1363,38500,,,,,,
marker_sync,1363,1566600,,,,,,
append,1364,3682801,,,,,,
encode,1364,40300,,,,,,
data_write,1364,52100,,,,,,
data_sync,1364,1677700,,,,,,
marker_write,1364,41700,,,,,,
marker_sync,1364,1867001,,,,,,
append,1365,3875200,,,,,,
encode,1365,4600,,,,,,
data_write,1365,60000,,,,,,
data_sync,1365,2016900,,,,,,
marker_write,1365,52000,,,,,,
marker_sync,1365,1738800,,,,,,
append,1366,3431000,,,,,,
encode,1366,7200,,,,,,
data_write,1366,60400,,,,,,
data_sync,1366,1771100,,,,,,
marker_write,1366,43500,,,,,,
marker_sync,1366,1546400,,,,,,
append,1367,3416500,,,,,,
encode,1367,3700,,,,,,
data_write,1367,46500,,,,,,
data_sync,1367,1575800,,,,,,
marker_write,1367,45400,,,,,,
marker_sync,1367,1742600,,,,,,
append,1368,4138800,,,,,,
encode,1368,4400,,,,,,
data_write,1368,54300,,,,,,
data_sync,1368,2003600,,,,,,
marker_write,1368,54300,,,,,,
marker_sync,1368,2018400,,,,,,
append,1369,4686901,,,,,,
encode,1369,5600,,,,,,
data_write,1369,55600,,,,,,
data_sync,1369,2078600,,,,,,
marker_write,1369,56900,,,,,,
marker_sync,1369,2486801,,,,,,
append,1370,3931400,,,,,,
encode,1370,5100,,,,,,
data_write,1370,68800,,,,,,
data_sync,1370,2043700,,,,,,
marker_write,1370,58100,,,,,,
marker_sync,1370,1752700,,,,,,
append,1371,4081100,,,,,,
encode,1371,4800,,,,,,
data_write,1371,64200,,,,,,
data_sync,1371,1694400,,,,,,
marker_write,1371,26200,,,,,,
marker_sync,1371,2287900,,,,,,
append,1372,4088700,,,,,,
encode,1372,5900,,,,,,
data_write,1372,37600,,,,,,
data_sync,1372,2015300,,,,,,
marker_write,1372,62800,,,,,,
marker_sync,1372,1964300,,,,,,
append,1373,3226400,,,,,,
encode,1373,4400,,,,,,
data_write,1373,54600,,,,,,
data_sync,1373,1520400,,,,,,
marker_write,1373,39300,,,,,,
marker_sync,1373,1605100,,,,,,
append,1374,3441801,,,,,,
encode,1374,4700,,,,,,
data_write,1374,51300,,,,,,
data_sync,1374,1515901,,,,,,
marker_write,1374,49100,,,,,,
marker_sync,1374,1818300,,,,,,
append,1375,3381000,,,,,,
encode,1375,4400,,,,,,
data_write,1375,53500,,,,,,
data_sync,1375,1590700,,,,,,
marker_write,1375,47800,,,,,,
marker_sync,1375,1682000,,,,,,
append,1376,4180400,,,,,,
encode,1376,6500,,,,,,
data_write,1376,59300,,,,,,
data_sync,1376,2140100,,,,,,
marker_write,1376,63200,,,,,,
marker_sync,1376,1907800,,,,,,
append,1377,3915000,,,,,,
encode,1377,6300,,,,,,
data_write,1377,82800,,,,,,
data_sync,1377,1827500,,,,,,
marker_write,1377,66400,,,,,,
marker_sync,1377,1928400,,,,,,
append,1378,3679601,,,,,,
encode,1378,4400,,,,,,
data_write,1378,57100,,,,,,
data_sync,1378,1698400,,,,,,
marker_write,1378,49400,,,,,,
marker_sync,1378,1866701,,,,,,
append,1379,4288800,,,,,,
encode,1379,6200,,,,,,
data_write,1379,68100,,,,,,
data_sync,1379,2236100,,,,,,
marker_write,1379,54700,,,,,,
marker_sync,1379,1921100,,,,,,
append,1380,3466600,,,,,,
encode,1380,4500,,,,,,
data_write,1380,55000,,,,,,
data_sync,1380,1633600,,,,,,
marker_write,1380,43800,,,,,,
marker_sync,1380,1727000,,,,,,
append,1381,3499400,,,,,,
encode,1381,4600,,,,,,
data_write,1381,51900,,,,,,
data_sync,1381,1838600,,,,,,
marker_write,1381,42700,,,,,,
marker_sync,1381,1559200,,,,,,
append,1382,3062300,,,,,,
encode,1382,4000,,,,,,
data_write,1382,44300,,,,,,
data_sync,1382,1499800,,,,,,
marker_write,1382,48600,,,,,,
marker_sync,1382,1463800,,,,,,
append,1383,3034400,,,,,,
encode,1383,3800,,,,,,
data_write,1383,44500,,,,,,
data_sync,1383,1461900,,,,,,
marker_write,1383,43800,,,,,,
marker_sync,1383,1478500,,,,,,
append,1384,3344201,,,,,,
encode,1384,4300,,,,,,
data_write,1384,59700,,,,,,
data_sync,1384,1663301,,,,,,
marker_write,1384,46900,,,,,,
marker_sync,1384,1567200,,,,,,
append,1385,3061900,,,,,,
encode,1385,6000,,,,,,
data_write,1385,50900,,,,,,
data_sync,1385,1474300,,,,,,
marker_write,1385,38100,,,,,,
marker_sync,1385,1489800,,,,,,
append,1386,3273500,,,,,,
encode,1386,5000,,,,,,
data_write,1386,54200,,,,,,
data_sync,1386,1512300,,,,,,
marker_write,1386,48700,,,,,,
marker_sync,1386,1649800,,,,,,
append,1387,3179600,,,,,,
encode,1387,4900,,,,,,
data_write,1387,58900,,,,,,
data_sync,1387,1533400,,,,,,
marker_write,1387,40000,,,,,,
marker_sync,1387,1540300,,,,,,
append,1388,3291900,,,,,,
encode,1388,5000,,,,,,
data_write,1388,53800,,,,,,
data_sync,1388,1559600,,,,,,
marker_write,1388,52800,,,,,,
marker_sync,1388,1617200,,,,,,
append,1389,3612301,,,,,,
encode,1389,4900,,,,,,
data_write,1389,58100,,,,,,
data_sync,1389,1736500,,,,,,
marker_write,1389,45800,,,,,,
marker_sync,1389,1764701,,,,,,
append,1390,3450900,,,,,,
encode,1390,5000,,,,,,
data_write,1390,58500,,,,,,
data_sync,1390,1729100,,,,,,
marker_write,1390,46200,,,,,,
marker_sync,1390,1609600,,,,,,
append,1391,3433500,,,,,,
encode,1391,3900,,,,,,
data_write,1391,22200,,,,,,
data_sync,1391,1749500,,,,,,
marker_write,1391,49800,,,,,,
marker_sync,1391,1606200,,,,,,
append,1392,3130700,,,,,,
encode,1392,5000,,,,,,
data_write,1392,54000,,,,,,
data_sync,1392,1533600,,,,,,
marker_write,1392,37800,,,,,,
marker_sync,1392,1498300,,,,,,
append,1393,2993200,,,,,,
encode,1393,3800,,,,,,
data_write,1393,46800,,,,,,
data_sync,1393,1447100,,,,,,
marker_write,1393,34400,,,,,,
marker_sync,1393,1459500,,,,,,
append,1394,3158900,,,,,,
encode,1394,2900,,,,,,
data_write,1394,55800,,,,,,
data_sync,1394,1599300,,,,,,
marker_write,1394,39500,,,,,,
marker_sync,1394,1459600,,,,,,
append,1395,3130801,,,,,,
encode,1395,4200,,,,,,
data_write,1395,42400,,,,,,
data_sync,1395,1436901,,,,,,
marker_write,1395,33600,,,,,,
marker_sync,1395,1612000,,,,,,
append,1396,3389100,,,,,,
encode,1396,3800,,,,,,
data_write,1396,48000,,,,,,
data_sync,1396,1636900,,,,,,
marker_write,1396,41600,,,,,,
marker_sync,1396,1656700,,,,,,
append,1397,3481800,,,,,,
encode,1397,5600,,,,,,
data_write,1397,58900,,,,,,
data_sync,1397,1724700,,,,,,
marker_write,1397,44400,,,,,,
marker_sync,1397,1645400,,,,,,
append,1398,3205400,,,,,,
encode,1398,4600,,,,,,
data_write,1398,47200,,,,,,
data_sync,1398,1575600,,,,,,
marker_write,1398,36800,,,,,,
marker_sync,1398,1539400,,,,,,
append,1399,3233200,,,,,,
encode,1399,5300,,,,,,
data_write,1399,54600,,,,,,
data_sync,1399,1601400,,,,,,
marker_write,1399,35100,,,,,,
marker_sync,1399,1534800,,,,,,
append,1400,3539101,,,,,,
encode,1400,4600,,,,,,
data_write,1400,44400,,,,,,
data_sync,1400,1739701,,,,,,
marker_write,1400,56600,,,,,,
marker_sync,1400,1691800,,,,,,
append,1401,3410200,,,,,,
encode,1401,3900,,,,,,
data_write,1401,45600,,,,,,
data_sync,1401,1616600,,,,,,
marker_write,1401,37900,,,,,,
marker_sync,1401,1703300,,,,,,
append,1402,3508200,,,,,,
encode,1402,5300,,,,,,
data_write,1402,52400,,,,,,
data_sync,1402,1746900,,,,,,
marker_write,1402,37400,,,,,,
marker_sync,1402,1664000,,,,,,
append,1403,3298200,,,,,,
encode,1403,3700,,,,,,
data_write,1403,45300,,,,,,
data_sync,1403,1683300,,,,,,
marker_write,1403,39900,,,,,,
marker_sync,1403,1523400,,,,,,
append,1404,3018400,,,,,,
encode,1404,4200,,,,,,
data_write,1404,51100,,,,,,
data_sync,1404,1489300,,,,,,
marker_write,1404,39900,,,,,,
marker_sync,1404,1431300,,,,,,
append,1405,2916100,,,,,,
encode,1405,4000,,,,,,
data_write,1405,46400,,,,,,
data_sync,1405,1438200,,,,,,
marker_write,1405,38600,,,,,,
marker_sync,1405,1387000,,,,,,
append,1406,3111001,,,,,,
encode,1406,4400,,,,,,
data_write,1406,46001,,,,,,
data_sync,1406,1395500,,,,,,
marker_write,1406,46800,,,,,,
marker_sync,1406,1615500,,,,,,
append,1407,3076200,,,,,,
encode,1407,3700,,,,,,
data_write,1407,47500,,,,,,
data_sync,1407,1518800,,,,,,
marker_write,1407,43900,,,,,,
marker_sync,1407,1459500,,,,,,
append,1408,3157200,,,,,,
encode,1408,3600,,,,,,
data_write,1408,45100,,,,,,
data_sync,1408,1525700,,,,,,
marker_write,1408,46800,,,,,,
marker_sync,1408,1533600,,,,,,
append,1409,3736800,,,,,,
encode,1409,4200,,,,,,
data_write,1409,76000,,,,,,
data_sync,1409,1861400,,,,,,
marker_write,1409,47000,,,,,,
marker_sync,1409,1745600,,,,,,
append,1410,3322200,,,,,,
encode,1410,3600,,,,,,
data_write,1410,50700,,,,,,
data_sync,1410,1702800,,,,,,
marker_write,1410,40600,,,,,,
marker_sync,1410,1522300,,,,,,
append,1411,3231101,,,,,,
encode,1411,3900,,,,,,
data_write,1411,46600,,,,,,
data_sync,1411,1516501,,,,,,
marker_write,1411,35900,,,,,,
marker_sync,1411,1626100,,,,,,
append,1412,3340100,,,,,,
encode,1412,3900,,,,,,
data_write,1412,52300,,,,,,
data_sync,1412,1602100,,,,,,
marker_write,1412,42400,,,,,,
marker_sync,1412,1636800,,,,,,
append,1413,3675900,,,,,,
encode,1413,6100,,,,,,
data_write,1413,59600,,,,,,
data_sync,1413,1752500,,,,,,
marker_write,1413,54400,,,,,,
marker_sync,1413,1800900,,,,,,
append,1414,3533600,,,,,,
encode,1414,5200,,,,,,
data_write,1414,61700,,,,,,
data_sync,1414,1680200,,,,,,
marker_write,1414,48600,,,,,,
marker_sync,1414,1734500,,,,,,
append,1415,3446100,,,,,,
encode,1415,4300,,,,,,
data_write,1415,47100,,,,,,
data_sync,1415,1660400,,,,,,
marker_write,1415,41800,,,,,,
marker_sync,1415,1690200,,,,,,
append,1416,3512701,,,,,,
encode,1416,3900,,,,,,
data_write,1416,47600,,,,,,
data_sync,1416,1556400,,,,,,
marker_write,1416,47100,,,,,,
marker_sync,1416,1854401,,,,,,
append,1417,3813600,,,,,,
encode,1417,5800,,,,,,
data_write,1417,59600,,,,,,
data_sync,1417,1867800,,,,,,
marker_write,1417,50100,,,,,,
marker_sync,1417,1827800,,,,,,
append,1418,3386200,,,,,,
encode,1418,5100,,,,,,
data_write,1418,58800,,,,,,
data_sync,1418,1695300,,,,,,
marker_write,1418,39900,,,,,,
marker_sync,1418,1584800,,,,,,
append,1419,3438100,,,,,,
encode,1419,3800,,,,,,
data_write,1419,47300,,,,,,
data_sync,1419,1678900,,,,,,
marker_write,1419,37800,,,,,,
marker_sync,1419,1668000,,,,,,
append,1420,3476800,,,,,,
encode,1420,5600,,,,,,
data_write,1420,57300,,,,,,
data_sync,1420,1626400,,,,,,
marker_write,1420,45600,,,,,,
marker_sync,1420,1739400,,,,,,
append,1421,3457301,,,,,,
encode,1421,4700,,,,,,
data_write,1421,54500,,,,,,
data_sync,1421,1773100,,,,,,
marker_write,1421,41500,,,,,,
marker_sync,1421,1581201,,,,,,
append,1422,3475200,,,,,,
encode,1422,4900,,,,,,
data_write,1422,55400,,,,,,
data_sync,1422,1705100,,,,,,
marker_write,1422,47100,,,,,,
marker_sync,1422,1660100,,,,,,
append,1423,3212200,,,,,,
encode,1423,5100,,,,,,
data_write,1423,57600,,,,,,
data_sync,1423,1594400,,,,,,
marker_write,1423,46400,,,,,,
marker_sync,1423,1506000,,,,,,
append,1424,3002800,,,,,,
encode,1424,5400,,,,,,
data_write,1424,47200,,,,,,
data_sync,1424,1447200,,,,,,
marker_write,1424,40400,,,,,,
marker_sync,1424,1460200,,,,,,
append,1425,2858400,,,,,,
encode,1425,3400,,,,,,
data_write,1425,45500,,,,,,
data_sync,1425,1432300,,,,,,
marker_write,1425,33800,,,,,,
marker_sync,1425,1341600,,,,,,
append,1426,3067600,,,,,,
encode,1426,3800,,,,,,
data_write,1426,45100,,,,,,
data_sync,1426,1357400,,,,,,
marker_write,1426,34200,,,,,,
marker_sync,1426,1624600,,,,,,
append,1427,3214201,,,,,,
encode,1427,5000,,,,,,
data_write,1427,53000,,,,,,
data_sync,1427,1540901,,,,,,
marker_write,1427,48300,,,,,,
marker_sync,1427,1564500,,,,,,
append,1428,3547700,,,,,,
encode,1428,4000,,,,,,
data_write,1428,51300,,,,,,
data_sync,1428,1702700,,,,,,
marker_write,1428,51600,,,,,,
marker_sync,1428,1733700,,,,,,
append,1429,3654300,,,,,,
encode,1429,8000,,,,,,
data_write,1429,83700,,,,,,
data_sync,1429,1806300,,,,,,
marker_write,1429,47600,,,,,,
marker_sync,1429,1706100,,,,,,
append,1430,3035600,,,,,,
encode,1430,5400,,,,,,
data_write,1430,55300,,,,,,
data_sync,1430,1453700,,,,,,
marker_write,1430,37200,,,,,,
marker_sync,1430,1481600,,,,,,
append,1431,3210400,,,,,,
encode,1431,3500,,,,,,
data_write,1431,43200,,,,,,
data_sync,1431,1456400,,,,,,
marker_write,1431,33900,,,,,,
marker_sync,1431,1671900,,,,,,
append,1432,2908001,,,,,,
encode,1432,3400,,,,,,
data_write,1432,42700,,,,,,
data_sync,1432,1408700,,,,,,
marker_write,1432,30600,,,,,,
marker_sync,1432,1420901,,,,,,
append,1433,3128900,,,,,,
encode,1433,2800,,,,,,
data_write,1433,42100,,,,,,
data_sync,1433,1485600,,,,,,
marker_write,1433,39100,,,,,,
marker_sync,1433,1557600,,,,,,
append,1434,3041300,,,,,,
encode,1434,3300,,,,,,
data_write,1434,43000,,,,,,
data_sync,1434,1478400,,,,,,
marker_write,1434,36100,,,,,,
marker_sync,1434,1478800,,,,,,
append,1435,3063800,,,,,,
encode,1435,3000,,,,,,
data_write,1435,40500,,,,,,
data_sync,1435,1486500,,,,,,
marker_write,1435,45100,,,,,,
marker_sync,1435,1487000,,,,,,
append,1436,3258600,,,,,,
encode,1436,3300,,,,,,
data_write,1436,44000,,,,,,
data_sync,1436,1612100,,,,,,
marker_write,1436,38600,,,,,,
marker_sync,1436,1558000,,,,,,
append,1437,3126400,,,,,,
encode,1437,4500,,,,,,
data_write,1437,53800,,,,,,
data_sync,1437,1529300,,,,,,
marker_write,1437,38000,,,,,,
marker_sync,1437,1498700,,,,,,
append,1438,2930701,,,,,,
encode,1438,3500,,,,,,
data_write,1438,40900,,,,,,
data_sync,1438,1443400,,,,,,
marker_write,1438,36000,,,,,,
marker_sync,1438,1404701,,,,,,
append,1439,3047200,,,,,,
encode,1439,2700,,,,,,
data_write,1439,39500,,,,,,
data_sync,1439,1468900,,,,,,
marker_write,1439,44500,,,,,,
marker_sync,1439,1490000,,,,,,
append,1440,3148500,,,,,,
encode,1440,3700,,,,,,
data_write,1440,51500,,,,,,
data_sync,1440,1544100,,,,,,
marker_write,1440,34200,,,,,,
marker_sync,1440,1513000,,,,,,
append,1441,3211700,,,,,,
encode,1441,4000,,,,,,
data_write,1441,41600,,,,,,
data_sync,1441,1464800,,,,,,
marker_write,1441,34700,,,,,,
marker_sync,1441,1663900,,,,,,
append,1442,3365600,,,,,,
encode,1442,4300,,,,,,
data_write,1442,54900,,,,,,
data_sync,1442,1781700,,,,,,
marker_write,1442,38500,,,,,,
marker_sync,1442,1482900,,,,,,
append,1443,3060800,,,,,,
encode,1443,4100,,,,,,
data_write,1443,49200,,,,,,
data_sync,1443,1548700,,,,,,
marker_write,1443,47500,,,,,,
marker_sync,1443,1408800,,,,,,
append,1444,3148001,,,,,,
encode,1444,5000,,,,,,
data_write,1444,53800,,,,,,
data_sync,1444,1512801,,,,,,
marker_write,1444,42900,,,,,,
marker_sync,1444,1531300,,,,,,
append,1445,3183000,,,,,,
encode,1445,4000,,,,,,
data_write,1445,45200,,,,,,
data_sync,1445,1565300,,,,,,
marker_write,1445,35900,,,,,,
marker_sync,1445,1530700,,,,,,
append,1446,3057800,,,,,,
encode,1446,3500,,,,,,
data_write,1446,46100,,,,,,
data_sync,1446,1373200,,,,,,
marker_write,1446,36600,,,,,,
marker_sync,1446,1595800,,,,,,
append,1447,3407600,,,,,,
encode,1447,5400,,,,,,
data_write,1447,60600,,,,,,
data_sync,1447,1650400,,,,,,
marker_write,1447,44400,,,,,,
marker_sync,1447,1644400,,,,,,
append,1448,3495100,,,,,,
encode,1448,5400,,,,,,
data_write,1448,59200,,,,,,
data_sync,1448,1873700,,,,,,
marker_write,1448,46400,,,,,,
marker_sync,1448,1507000,,,,,,
append,1449,3195501,,,,,,
encode,1449,4800,,,,,,
data_write,1449,55500,,,,,,
data_sync,1449,1595100,,,,,,
marker_write,1449,46200,,,,,,
marker_sync,1449,1491401,,,,,,
append,1450,3011100,,,,,,
encode,1450,5400,,,,,,
data_write,1450,61200,,,,,,
data_sync,1450,1520800,,,,,,
marker_write,1450,47600,,,,,,
marker_sync,1450,1373100,,,,,,
append,1451,2915000,,,,,,
encode,1451,3800,,,,,,
data_write,1451,46500,,,,,,
data_sync,1451,1386100,,,,,,
marker_write,1451,33300,,,,,,
marker_sync,1451,1443000,,,,,,
append,1452,2901400,,,,,,
encode,1452,4100,,,,,,
data_write,1452,46100,,,,,,
data_sync,1452,1400600,,,,,,
marker_write,1452,35000,,,,,,
marker_sync,1452,1413300,,,,,,
append,1453,2828800,,,,,,
encode,1453,4500,,,,,,
data_write,1453,50400,,,,,,
data_sync,1453,1380100,,,,,,
marker_write,1453,38800,,,,,,
marker_sync,1453,1353000,,,,,,
append,1454,2903800,,,,,,
encode,1454,3300,,,,,,
data_write,1454,41900,,,,,,
data_sync,1454,1388200,,,,,,
marker_write,1454,38600,,,,,,
marker_sync,1454,1429800,,,,,,
append,1455,2947400,,,,,,
encode,1455,3600,,,,,,
data_write,1455,47600,,,,,,
data_sync,1455,1368900,,,,,,
marker_write,1455,36700,,,,,,
marker_sync,1455,1488900,,,,,,
append,1456,2723701,,,,,,
encode,1456,3600,,,,,,
data_write,1456,56200,,,,,,
data_sync,1456,1335401,,,,,,
marker_write,1456,33300,,,,,,
marker_sync,1456,1293500,,,,,,
append,1457,2888200,,,,,,
encode,1457,3500,,,,,,
data_write,1457,40000,,,,,,
data_sync,1457,1429200,,,,,,
marker_write,1457,36300,,,,,,
marker_sync,1457,1377200,,,,,,
append,1458,2875200,,,,,,
encode,1458,4900,,,,,,
data_write,1458,60100,,,,,,
data_sync,1458,1347500,,,,,,
marker_write,1458,38800,,,,,,
marker_sync,1458,1421800,,,,,,
append,1459,2874500,,,,,,
encode,1459,6600,,,,,,
data_write,1459,54700,,,,,,
data_sync,1459,1334500,,,,,,
marker_write,1459,36900,,,,,,
marker_sync,1459,1440200,,,,,,
append,1460,2824400,,,,,,
encode,1460,3900,,,,,,
data_write,1460,44700,,,,,,
data_sync,1460,1384200,,,,,,
marker_write,1460,39400,,,,,,
marker_sync,1460,1350400,,,,,,
append,1461,2984200,,,,,,
encode,1461,3400,,,,,,
data_write,1461,54400,,,,,,
data_sync,1461,1464100,,,,,,
marker_write,1461,43600,,,,,,
marker_sync,1461,1416900,,,,,,
append,1462,3363301,,,,,,
encode,1462,3700,,,,,,
data_write,1462,44600,,,,,,
data_sync,1462,1479701,,,,,,
marker_write,1462,50700,,,,,,
marker_sync,1462,1782100,,,,,,
append,1463,3500100,,,,,,
encode,1463,3500,,,,,,
data_write,1463,53000,,,,,,
data_sync,1463,1748300,,,,,,
marker_write,1463,41600,,,,,,
marker_sync,1463,1651500,,,,,,
append,1464,3189300,,,,,,
encode,1464,3900,,,,,,
data_write,1464,50100,,,,,,
data_sync,1464,1556400,,,,,,
marker_write,1464,37200,,,,,,
marker_sync,1464,1539800,,,,,,
append,1465,3151800,,,,,,
encode,1465,3000,,,,,,
data_write,1465,46900,,,,,,
data_sync,1465,1544300,,,,,,
marker_write,1465,46700,,,,,,
marker_sync,1465,1509400,,,,,,
append,1466,3180500,,,,,,
encode,1466,3200,,,,,,
data_write,1466,45900,,,,,,
data_sync,1466,1523300,,,,,,
marker_write,1466,34000,,,,,,
marker_sync,1466,1572700,,,,,,
append,1467,3750801,,,,,,
encode,1467,3000,,,,,,
data_write,1467,55200,,,,,,
data_sync,1467,1773500,,,,,,
marker_write,1467,47400,,,,,,
marker_sync,1467,1869301,,,,,,
append,1468,3343300,,,,,,
encode,1468,5200,,,,,,
data_write,1468,55600,,,,,,
data_sync,1468,1573300,,,,,,
marker_write,1468,36700,,,,,,
marker_sync,1468,1670300,,,,,,
append,1469,3319200,,,,,,
encode,1469,4900,,,,,,
data_write,1469,54100,,,,,,
data_sync,1469,1695800,,,,,,
marker_write,1469,40200,,,,,,
marker_sync,1469,1522300,,,,,,
append,1470,3068500,,,,,,
encode,1470,4100,,,,,,
data_write,1470,61800,,,,,,
data_sync,1470,1472300,,,,,,
marker_write,1470,33300,,,,,,
marker_sync,1470,1495100,,,,,,
append,1471,3441600,,,,,,
encode,1471,5200,,,,,,
data_write,1471,52800,,,,,,
data_sync,1471,1644700,,,,,,
marker_write,1471,43600,,,,,,
marker_sync,1471,1693000,,,,,,
append,1472,3495700,,,,,,
encode,1472,5000,,,,,,
data_write,1472,52700,,,,,,
data_sync,1472,1491300,,,,,,
marker_write,1472,20600,,,,,,
marker_sync,1472,1923700,,,,,,
append,1473,3344901,,,,,,
encode,1473,3700,,,,,,
data_write,1473,57900,,,,,,
data_sync,1473,1720501,,,,,,
marker_write,1473,50200,,,,,,
marker_sync,1473,1509700,,,,,,
append,1474,3723300,,,,,,
encode,1474,4500,,,,,,
data_write,1474,57800,,,,,,
data_sync,1474,1672200,,,,,,
marker_write,1474,49700,,,,,,
marker_sync,1474,1936500,,,,,,
append,1475,3332600,,,,,,
encode,1475,5300,,,,,,
data_write,1475,56700,,,,,,
data_sync,1475,1691900,,,,,,
marker_write,1475,49500,,,,,,
marker_sync,1475,1526900,,,,,,
append,1476,3196500,,,,,,
encode,1476,4300,,,,,,
data_write,1476,49900,,,,,,
data_sync,1476,1470700,,,,,,
marker_write,1476,45600,,,,,,
marker_sync,1476,1623600,,,,,,
append,1477,3080200,,,,,,
encode,1477,5100,,,,,,
data_write,1477,53900,,,,,,
data_sync,1477,1498200,,,,,,
marker_write,1477,43100,,,,,,
marker_sync,1477,1477900,,,,,,
append,1478,3189301,,,,,,
encode,1478,4000,,,,,,
data_write,1478,51300,,,,,,
data_sync,1478,1510901,,,,,,
marker_write,1478,50100,,,,,,
marker_sync,1478,1570900,,,,,,
append,1479,3468200,,,,,,
encode,1479,3600,,,,,,
data_write,1479,51100,,,,,,
data_sync,1479,1651100,,,,,,
marker_write,1479,52500,,,,,,
marker_sync,1479,1707300,,,,,,
append,1480,2969000,,,,,,
encode,1480,4800,,,,,,
data_write,1480,53000,,,,,,
data_sync,1480,1482200,,,,,,
marker_write,1480,42000,,,,,,
marker_sync,1480,1384100,,,,,,
append,1481,3047700,,,,,,
encode,1481,4000,,,,,,
data_write,1481,47700,,,,,,
data_sync,1481,1364800,,,,,,
marker_write,1481,43500,,,,,,
marker_sync,1481,1585500,,,,,,
append,1482,3589900,,,,,,
encode,1482,4600,,,,,,
data_write,1482,56000,,,,,,
data_sync,1482,1786000,,,,,,
marker_write,1482,57200,,,,,,
marker_sync,1482,1682900,,,,,,
append,1483,3794101,,,,,,
encode,1483,5700,,,,,,
data_write,1483,58500,,,,,,
data_sync,1483,1884100,,,,,,
marker_write,1483,54900,,,,,,
marker_sync,1483,1787301,,,,,,
append,1484,3711300,,,,,,
encode,1484,4600,,,,,,
data_write,1484,50800,,,,,,
data_sync,1484,1794500,,,,,,
marker_write,1484,52400,,,,,,
marker_sync,1484,1806300,,,,,,
append,1485,3225800,,,,,,
encode,1485,5700,,,,,,
data_write,1485,56000,,,,,,
data_sync,1485,1591500,,,,,,
marker_write,1485,44300,,,,,,
marker_sync,1485,1525700,,,,,,
append,1486,3257800,,,,,,
encode,1486,6100,,,,,,
data_write,1486,57500,,,,,,
data_sync,1486,1628100,,,,,,
marker_write,1486,42600,,,,,,
marker_sync,1486,1521000,,,,,,
append,1487,2948400,,,,,,
encode,1487,4100,,,,,,
data_write,1487,43600,,,,,,
data_sync,1487,1431700,,,,,,
marker_write,1487,32600,,,,,,
marker_sync,1487,1434800,,,,,,
append,1488,3287500,,,,,,
encode,1488,2900,,,,,,
data_write,1488,39700,,,,,,
data_sync,1488,1603700,,,,,,
marker_write,1488,44700,,,,,,
marker_sync,1488,1594400,,,,,,
append,1489,3501601,,,,,,
encode,1489,3800,,,,,,
data_write,1489,49100,,,,,,
data_sync,1489,1683401,,,,,,
marker_write,1489,43900,,,,,,
marker_sync,1489,1719100,,,,,,
append,1490,3258500,,,,,,
encode,1490,3800,,,,,,
data_write,1490,45000,,,,,,
data_sync,1490,1637100,,,,,,
marker_write,1490,47900,,,,,,
marker_sync,1490,1522300,,,,,,
append,1491,3609000,,,,,,
encode,1491,3700,,,,,,
data_write,1491,48900,,,,,,
data_sync,1491,1690500,,,,,,
marker_write,1491,56000,,,,,,
marker_sync,1491,1807700,,,,,,
append,1492,3209800,,,,,,
encode,1492,4400,,,,,,
data_write,1492,47200,,,,,,
data_sync,1492,1572200,,,,,,
marker_write,1492,35900,,,,,,
marker_sync,1492,1547600,,,,,,
append,1493,3021300,,,,,,
encode,1493,3800,,,,,,
data_write,1493,45600,,,,,,
data_sync,1493,1456600,,,,,,
marker_write,1493,38100,,,,,,
marker_sync,1493,1475000,,,,,,
append,1494,3879701,,,,,,
encode,1494,4900,,,,,,
data_write,1494,55500,,,,,,
data_sync,1494,2025200,,,,,,
marker_write,1494,49501,,,,,,
marker_sync,1494,1741400,,,,,,
append,1495,3741000,,,,,,
encode,1495,5700,,,,,,
data_write,1495,72200,,,,,,
data_sync,1495,1808200,,,,,,
marker_write,1495,65900,,,,,,
marker_sync,1495,1783800,,,,,,
append,1496,3985400,,,,,,
encode,1496,8300,,,,,,
data_write,1496,76500,,,,,,
data_sync,1496,1943600,,,,,,
marker_write,1496,57100,,,,,,
marker_sync,1496,1896700,,,,,,
append,1497,4413000,,,,,,
encode,1497,5600,,,,,,
data_write,1497,53700,,,,,,
data_sync,1497,2237600,,,,,,
marker_write,1497,40300,,,,,,
marker_sync,1497,2073200,,,,,,
append,1498,3888500,,,,,,
encode,1498,5200,,,,,,
data_write,1498,57400,,,,,,
data_sync,1498,2044800,,,,,,
marker_write,1498,42000,,,,,,
marker_sync,1498,1736600,,,,,,
append,1499,3967101,,,,,,
encode,1499,4700,,,,,,
data_write,1499,53700,,,,,,
data_sync,1499,1998101,,,,,,
marker_write,1499,44200,,,,,,
marker_sync,1499,1864200,,,,,,
append,1500,4462800,,,,,,
encode,1500,3300,,,,,,
data_write,1500,41000,,,,,,
data_sync,1500,1915900,,,,,,
marker_write,1500,42300,,,,,,
marker_sync,1500,2457400,,,,,,
append,1501,3748800,,,,,,
encode,1501,5700,,,,,,
data_write,1501,53000,,,,,,
data_sync,1501,1814700,,,,,,
marker_write,1501,47100,,,,,,
marker_sync,1501,1826100,,,,,,
append,1502,3724900,,,,,,
encode,1502,4800,,,,,,
data_write,1502,45100,,,,,,
data_sync,1502,1741300,,,,,,
marker_write,1502,42600,,,,,,
marker_sync,1502,1888700,,,,,,
append,1503,3720201,,,,,,
encode,1503,4300,,,,,,
data_write,1503,48300,,,,,,
data_sync,1503,1690500,,,,,,
marker_write,1503,49800,,,,,,
marker_sync,1503,1925001,,,,,,
append,1504,3468400,,,,,,
encode,1504,3800,,,,,,
data_write,1504,45100,,,,,,
data_sync,1504,1731700,,,,,,
marker_write,1504,45400,,,,,,
marker_sync,1504,1639200,,,,,,
append,1505,3515800,,,,,,
encode,1505,3700,,,,,,
data_write,1505,46900,,,,,,
data_sync,1505,1705200,,,,,,
marker_write,1505,38300,,,,,,
marker_sync,1505,1718900,,,,,,
append,1506,3555900,,,,,,
encode,1506,5600,,,,,,
data_write,1506,51900,,,,,,
data_sync,1506,1819100,,,,,,
marker_write,1506,43200,,,,,,
marker_sync,1506,1633400,,,,,,
append,1507,3733900,,,,,,
encode,1507,5000,,,,,,
data_write,1507,51600,,,,,,
data_sync,1507,1839400,,,,,,
marker_write,1507,45000,,,,,,
marker_sync,1507,1790000,,,,,,
append,1508,4329401,,,,,,
encode,1508,4700,,,,,,
data_write,1508,46500,,,,,,
data_sync,1508,2184201,,,,,,
marker_write,1508,35700,,,,,,
marker_sync,1508,2055000,,,,,,
append,1509,3874000,,,,,,
encode,1509,5100,,,,,,
data_write,1509,50200,,,,,,
data_sync,1509,2034000,,,,,,
marker_write,1509,44800,,,,,,
marker_sync,1509,1735800,,,,,,
append,1510,3718700,,,,,,
encode,1510,5000,,,,,,
data_write,1510,53900,,,,,,
data_sync,1510,1825700,,,,,,
marker_write,1510,43000,,,,,,
marker_sync,1510,1787600,,,,,,
append,1511,4097600,,,,,,
encode,1511,4100,,,,,,
data_write,1511,46300,,,,,,
data_sync,1511,2129900,,,,,,
marker_write,1511,42200,,,,,,
marker_sync,1511,1872700,,,,,,
append,1512,3762600,,,,,,
encode,1512,5500,,,,,,
data_write,1512,52200,,,,,,
data_sync,1512,1842800,,,,,,
marker_write,1512,44100,,,,,,
marker_sync,1512,1815500,,,,,,
append,1513,4167801,,,,,,
encode,1513,5300,,,,,,
data_write,1513,57000,,,,,,
data_sync,1513,1854701,,,,,,
marker_write,1513,45900,,,,,,
marker_sync,1513,2202600,,,,,,
append,1514,3800400,,,,,,
encode,1514,5800,,,,,,
data_write,1514,57500,,,,,,
data_sync,1514,1594000,,,,,,
marker_write,1514,38700,,,,,,
marker_sync,1514,2101600,,,,,,
append,1515,3672200,,,,,,
encode,1515,4900,,,,,,
data_write,1515,55700,,,,,,
data_sync,1515,1773200,,,,,,
marker_write,1515,41000,,,,,,
marker_sync,1515,1793700,,,,,,
append,1516,3678000,,,,,,
encode,1516,5300,,,,,,
data_write,1516,55500,,,,,,
data_sync,1516,1743300,,,,,,
marker_write,1516,37600,,,,,,
marker_sync,1516,1833200,,,,,,
append,1517,3809801,,,,,,
encode,1517,4100,,,,,,
data_write,1517,53500,,,,,,
data_sync,1517,1926700,,,,,,
marker_write,1517,44000,,,,,,
marker_sync,1517,1778801,,,,,,
append,1518,3694100,,,,,,
encode,1518,5000,,,,,,
data_write,1518,53100,,,,,,
data_sync,1518,1857400,,,,,,
marker_write,1518,40200,,,,,,
marker_sync,1518,1735500,,,,,,
append,1519,3423200,,,,,,
encode,1519,5400,,,,,,
data_write,1519,56200,,,,,,
data_sync,1519,1728400,,,,,,
marker_write,1519,39500,,,,,,
marker_sync,1519,1591000,,,,,,
append,1520,4011400,,,,,,
encode,1520,4700,,,,,,
data_write,1520,54300,,,,,,
data_sync,1520,2063700,,,,,,
marker_write,1520,50800,,,,,,
marker_sync,1520,1834300,,,,,,
append,1521,4112600,,,,,,
encode,1521,5100,,,,,,
data_write,1521,58300,,,,,,
data_sync,1521,2026000,,,,,,
marker_write,1521,39100,,,,,,
marker_sync,1521,1981300,,,,,,
append,1522,3634701,,,,,,
encode,1522,5300,,,,,,
data_write,1522,58700,,,,,,
data_sync,1522,1718700,,,,,,
marker_write,1522,45900,,,,,,
marker_sync,1522,1802901,,,,,,
append,1523,4007400,,,,,,
encode,1523,5000,,,,,,
data_write,1523,43800,,,,,,
data_sync,1523,1800000,,,,,,
marker_write,1523,50700,,,,,,
marker_sync,1523,2104800,,,,,,
append,1524,4802400,,,,,,
encode,1524,5500,,,,,,
data_write,1524,68600,,,,,,
data_sync,1524,2686500,,,,,,
marker_write,1524,58000,,,,,,
marker_sync,1524,1980700,,,,,,
append,1525,5654900,,,,,,
encode,1525,5600,,,,,,
data_write,1525,35900,,,,,,
data_sync,1525,3290400,,,,,,
marker_write,1525,32900,,,,,,
marker_sync,1525,2286900,,,,,,
append,1526,4533701,,,,,,
encode,1526,6400,,,,,,
data_write,1526,39600,,,,,,
data_sync,1526,2528201,,,,,,
marker_write,1526,50800,,,,,,
marker_sync,1526,1905700,,,,,,
append,1527,4500500,,,,,,
encode,1527,6100,,,,,,
data_write,1527,67500,,,,,,
data_sync,1527,2149800,,,,,,
marker_write,1527,62300,,,,,,
marker_sync,1527,2211400,,,,,,
append,1528,3788700,,,,,,
encode,1528,5800,,,,,,
data_write,1528,73300,,,,,,
data_sync,1528,1991700,,,,,,
marker_write,1528,47200,,,,,,
marker_sync,1528,1667200,,,,,,
append,1529,3727000,,,,,,
encode,1529,6000,,,,,,
data_write,1529,58100,,,,,,
data_sync,1529,1779500,,,,,,
marker_write,1529,59600,,,,,,
marker_sync,1529,1820700,,,,,,
append,1530,3871501,,,,,,
encode,1530,5700,,,,,,
data_write,1530,62800,,,,,,
data_sync,1530,2019700,,,,,,
marker_write,1530,47800,,,,,,
marker_sync,1530,1732901,,,,,,
append,1531,4208400,,,,,,
encode,1531,5100,,,,,,
data_write,1531,63300,,,,,,
data_sync,1531,2304900,,,,,,
marker_write,1531,51700,,,,,,
marker_sync,1531,1780200,,,,,,
append,1532,3796400,,,,,,
encode,1532,5000,,,,,,
data_write,1532,55500,,,,,,
data_sync,1532,1916100,,,,,,
marker_write,1532,54800,,,,,,
marker_sync,1532,1761500,,,,,,
append,1533,3742500,,,,,,
encode,1533,5000,,,,,,
data_write,1533,34100,,,,,,
data_sync,1533,1883400,,,,,,
marker_write,1533,30800,,,,,,
marker_sync,1533,1785300,,,,,,
append,1534,3793400,,,,,,
encode,1534,5500,,,,,,
data_write,1534,24100,,,,,,
data_sync,1534,1741200,,,,,,
marker_write,1534,21300,,,,,,
marker_sync,1534,1997900,,,,,,
append,1535,6591601,,,,,,
encode,1535,5000,,,,,,
data_write,1535,38700,,,,,,
data_sync,1535,1767701,,,,,,
marker_write,1535,27600,,,,,,
marker_sync,1535,4749800,,,,,,
append,1536,3754600,,,,,,
encode,1536,6200,,,,,,
data_write,1536,64600,,,,,,
data_sync,1536,1861800,,,,,,
marker_write,1536,62800,,,,,,
marker_sync,1536,1755800,,,,,,
append,1537,3931600,,,,,,
encode,1537,5100,,,,,,
data_write,1537,66700,,,,,,
data_sync,1537,1797100,,,,,,
marker_write,1537,56400,,,,,,
marker_sync,1537,2003500,,,,,,
append,1538,3915400,,,,,,
encode,1538,6700,,,,,,
data_write,1538,57300,,,,,,
data_sync,1538,1840900,,,,,,
marker_write,1538,50500,,,,,,
marker_sync,1538,1957200,,,,,,
append,1539,3885001,,,,,,
encode,1539,5700,,,,,,
data_write,1539,66500,,,,,,
data_sync,1539,1869501,,,,,,
marker_write,1539,58300,,,,,,
marker_sync,1539,1881900,,,,,,
append,1540,8466000,,,,,,
encode,1540,6200,,,,,,
data_write,1540,65600,,,,,,
data_sync,1540,1717800,,,,,,
marker_write,1540,54400,,,,,,
marker_sync,1540,6618300,,,,,,
append,1541,3972900,,,,,,
encode,1541,6500,,,,,,
data_write,1541,38200,,,,,,
data_sync,1541,1883400,,,,,,
marker_write,1541,90800,,,,,,
marker_sync,1541,1950400,,,,,,
append,1542,3748001,,,,,,
encode,1542,6300,,,,,,
data_write,1542,43700,,,,,,
data_sync,1542,1824200,,,,,,
marker_write,1542,35000,,,,,,
marker_sync,1542,1835701,,,,,,
append,1543,5614200,,,,,,
encode,1543,6100,,,,,,
data_write,1543,42000,,,,,,
data_sync,1543,3791400,,,,,,
marker_write,1543,36100,,,,,,
marker_sync,1543,1733500,,,,,,
append,1544,9654800,,,,,,
encode,1544,37200,,,,,,
data_write,1544,81100,,,,,,
data_sync,1544,2927600,,,,,,
marker_write,1544,46500,,,,,,
marker_sync,1544,6558900,,,,,,
append,1545,7041901,,,,,,
encode,1545,6900,,,,,,
data_write,1545,71900,,,,,,
data_sync,1545,2753101,,,,,,
marker_write,1545,91300,,,,,,
marker_sync,1545,4115300,,,,,,
append,1546,8701000,,,,,,
encode,1546,7700,,,,,,
data_write,1546,65400,,,,,,
data_sync,1546,4835200,,,,,,
marker_write,1546,69400,,,,,,
marker_sync,1546,3719400,,,,,,
append,1547,6038701,,,,,,
encode,1547,7500,,,,,,
data_write,1547,71300,,,,,,
data_sync,1547,2625600,,,,,,
marker_write,1547,57500,,,,,,
marker_sync,1547,3272901,,,,,,
append,1548,4176500,,,,,,
encode,1548,6400,,,,,,
data_write,1548,42000,,,,,,
data_sync,1548,2044900,,,,,,
marker_write,1548,58500,,,,,,
marker_sync,1548,2020600,,,,,,
append,1549,4962800,,,,,,
encode,1549,6000,,,,,,
data_write,1549,97900,,,,,,
data_sync,1549,2318000,,,,,,
marker_write,1549,33500,,,,,,
marker_sync,1549,2504000,,,,,,
append,1550,4199300,,,,,,
encode,1550,6200,,,,,,
data_write,1550,99400,,,,,,
data_sync,1550,2103900,,,,,,
marker_write,1550,60300,,,,,,
marker_sync,1550,1925900,,,,,,
append,1551,3793601,,,,,,
encode,1551,6300,,,,,,
data_write,1551,32900,,,,,,
data_sync,1551,1871700,,,,,,
marker_write,1551,64200,,,,,,
marker_sync,1551,1815501,,,,,,
append,1552,7327400,,,,,,
encode,1552,6500,,,,,,
data_write,1552,36300,,,,,,
data_sync,1552,5575700,,,,,,
marker_write,1552,55900,,,,,,
marker_sync,1552,1650400,,,,,,
append,1553,3043100,,,,,,
encode,1553,4800,,,,,,
data_write,1553,50800,,,,,,
data_sync,1553,1437800,,,,,,
marker_write,1553,45900,,,,,,
marker_sync,1553,1498800,,,,,,
append,1554,4506600,,,,,,
encode,1554,5600,,,,,,
data_write,1554,69400,,,,,,
data_sync,1554,2321300,,,,,,
marker_write,1554,81000,,,,,,
marker_sync,1554,2025900,,,,,,
append,1555,3951301,,,,,,
encode,1555,6100,,,,,,
data_write,1555,66800,,,,,,
data_sync,1555,1978701,,,,,,
marker_write,1555,49700,,,,,,
marker_sync,1555,1846000,,,,,,
append,1556,3647700,,,,,,
encode,1556,6200,,,,,,
data_write,1556,64800,,,,,,
data_sync,1556,1805500,,,,,,
marker_write,1556,56100,,,,,,
marker_sync,1556,1712200,,,,,,
append,1557,3603800,,,,,,
encode,1557,5900,,,,,,
data_write,1557,60900,,,,,,
data_sync,1557,1720400,,,,,,
marker_write,1557,54900,,,,,,
marker_sync,1557,1757800,,,,,,
append,1558,4402600,,,,,,
encode,1558,6600,,,,,,
data_write,1558,70300,,,,,,
data_sync,1558,2208800,,,,,,
marker_write,1558,57800,,,,,,
marker_sync,1558,2055400,,,,,,
append,1559,3914100,,,,,,
encode,1559,6400,,,,,,
data_write,1559,70300,,,,,,
data_sync,1559,1932600,,,,,,
marker_write,1559,70800,,,,,,
marker_sync,1559,1830900,,,,,,
append,1560,3570601,,,,,,
encode,1560,6200,,,,,,
data_write,1560,38000,,,,,,
data_sync,1560,1874101,,,,,,
marker_write,1560,16600,,,,,,
marker_sync,1560,1632300,,,,,,
append,1561,3922000,,,,,,
encode,1561,5600,,,,,,
data_write,1561,57600,,,,,,
data_sync,1561,1635600,,,,,,
marker_write,1561,137700,,,,,,
marker_sync,1561,2081900,,,,,,
append,1562,3995900,,,,,,
encode,1562,5900,,,,,,
data_write,1562,61800,,,,,,
data_sync,1562,1892400,,,,,,
marker_write,1562,57300,,,,,,
marker_sync,1562,1975100,,,,,,
append,1563,4473900,,,,,,
encode,1563,7600,,,,,,
data_write,1563,67800,,,,,,
data_sync,1563,2015800,,,,,,
marker_write,1563,32500,,,,,,
marker_sync,1563,2347300,,,,,,
append,1564,4035501,,,,,,
encode,1564,4900,,,,,,
data_write,1564,53600,,,,,,
data_sync,1564,2082300,,,,,,
marker_write,1564,62000,,,,,,
marker_sync,1564,1828801,,,,,,
append,1565,4140300,,,,,,
encode,1565,5300,,,,,,
data_write,1565,70400,,,,,,
data_sync,1565,1958900,,,,,,
marker_write,1565,56700,,,,,,
marker_sync,1565,2045400,,,,,,
append,1566,4341200,,,,,,
encode,1566,4400,,,,,,
data_write,1566,48200,,,,,,
data_sync,1566,2233300,,,,,,
marker_write,1566,52800,,,,,,
marker_sync,1566,1999100,,,,,,
append,1567,3681200,,,,,,
encode,1567,6600,,,,,,
data_write,1567,62900,,,,,,
data_sync,1567,1670900,,,,,,
marker_write,1567,45800,,,,,,
marker_sync,1567,1892500,,,,,,
append,1568,3803200,,,,,,
encode,1568,6200,,,,,,
data_write,1568,68400,,,,,,
data_sync,1568,1710900,,,,,,
marker_write,1568,43600,,,,,,
marker_sync,1568,1970100,,,,,,
append,1569,3539401,,,,,,
encode,1569,6000,,,,,,
data_write,1569,62200,,,,,,
data_sync,1569,1852701,,,,,,
marker_write,1569,61700,,,,,,
marker_sync,1569,1554000,,,,,,
append,1570,3342900,,,,,,
encode,1570,5800,,,,,,
data_write,1570,60300,,,,,,
data_sync,1570,1603700,,,,,,
marker_write,1570,49900,,,,,,
marker_sync,1570,1620700,,,,,,
append,1571,4039200,,,,,,
encode,1571,6000,,,,,,
data_write,1571,56700,,,,,,
data_sync,1571,1906500,,,,,,
marker_write,1571,64100,,,,,,
marker_sync,1571,2002700,,,,,,
append,1572,3813600,,,,,,
encode,1572,6400,,,,,,
data_write,1572,69200,,,,,,
data_sync,1572,1902800,,,,,,
marker_write,1572,46100,,,,,,
marker_sync,1572,1785100,,,,,,
append,1573,3586501,,,,,,
encode,1573,6200,,,,,,
data_write,1573,63700,,,,,,
data_sync,1573,1701900,,,,,,
marker_write,1573,52100,,,,,,
marker_sync,1573,1759701,,,,,,
append,1574,3406900,,,,,,
encode,1574,5100,,,,,,
data_write,1574,54800,,,,,,
data_sync,1574,1664300,,,,,,
marker_write,1574,47600,,,,,,
marker_sync,1574,1632500,,,,,,
append,1575,4099600,,,,,,
encode,1575,5500,,,,,,
data_write,1575,60200,,,,,,
data_sync,1575,1716700,,,,,,
marker_write,1575,47100,,,,,,
marker_sync,1575,2266700,,,,,,
append,1576,3868700,,,,,,
encode,1576,6400,,,,,,
data_write,1576,73900,,,,,,
data_sync,1576,1901100,,,,,,
marker_write,1576,54100,,,,,,
marker_sync,1576,1829800,,,,,,
append,1577,3975800,,,,,,
encode,1577,5200,,,,,,
data_write,1577,61700,,,,,,
data_sync,1577,1618400,,,,,,
marker_write,1577,43500,,,,,,
marker_sync,1577,2243500,,,,,,
append,1578,3925601,,,,,,
encode,1578,6900,,,,,,
data_write,1578,81600,,,,,,
data_sync,1578,1938800,,,,,,
marker_write,1578,48800,,,,,,
marker_sync,1578,1844301,,,,,,
append,1579,4236600,,,,,,
encode,1579,5200,,,,,,
data_write,1579,63700,,,,,,
data_sync,1579,2189500,,,,,,
marker_write,1579,50000,,,,,,
marker_sync,1579,1924800,,,,,,
append,1580,4143100,,,,,,
encode,1580,6200,,,,,,
data_write,1580,70400,,,,,,
data_sync,1580,2083100,,,,,,
marker_write,1580,55600,,,,,,
marker_sync,1580,1923600,,,,,,
append,1581,4178800,,,,,,
encode,1581,6000,,,,,,
data_write,1581,60500,,,,,,
data_sync,1581,2052300,,,,,,
marker_write,1581,48300,,,,,,
marker_sync,1581,2008400,,,,,,
append,1582,3726100,,,,,,
encode,1582,8800,,,,,,
data_write,1582,59800,,,,,,
data_sync,1582,2002100,,,,,,
marker_write,1582,54900,,,,,,
marker_sync,1582,1597500,,,,,,
append,1583,3909501,,,,,,
encode,1583,6200,,,,,,
data_write,1583,62800,,,,,,
data_sync,1583,1893301,,,,,,
marker_write,1583,34200,,,,,,
marker_sync,1583,1909300,,,,,,
append,1584,4722300,,,,,,
encode,1584,6100,,,,,,
data_write,1584,72400,,,,,,
data_sync,1584,2541500,,,,,,
marker_write,1584,52600,,,,,,
marker_sync,1584,2046400,,,,,,
append,1585,4198400,,,,,,
encode,1585,5900,,,,,,
data_write,1585,75400,,,,,,
data_sync,1585,2131000,,,,,,
marker_write,1585,63500,,,,,,
marker_sync,1585,1919000,,,,,,
append,1586,3937500,,,,,,
encode,1586,6000,,,,,,
data_write,1586,70400,,,,,,
data_sync,1586,1866600,,,,,,
marker_write,1586,58100,,,,,,
marker_sync,1586,1932500,,,,,,
append,1587,4265701,,,,,,
encode,1587,6000,,,,,,
data_write,1587,67100,,,,,,
data_sync,1587,2135101,,,,,,
marker_write,1587,60100,,,,,,
marker_sync,1587,1993600,,,,,,
append,1588,4060600,,,,,,
encode,1588,6800,,,,,,
data_write,1588,61200,,,,,,
data_sync,1588,1979300,,,,,,
marker_write,1588,64100,,,,,,
marker_sync,1588,1945600,,,,,,
append,1589,4273700,,,,,,
encode,1589,6800,,,,,,
data_write,1589,67900,,,,,,
data_sync,1589,2308400,,,,,,
marker_write,1589,58100,,,,,,
marker_sync,1589,1828700,,,,,,
append,1590,4069100,,,,,,
encode,1590,6700,,,,,,
data_write,1590,64500,,,,,,
data_sync,1590,1878600,,,,,,
marker_write,1590,60600,,,,,,
marker_sync,1590,2055300,,,,,,
append,1591,3444401,,,,,,
encode,1591,5200,,,,,,
data_write,1591,59200,,,,,,
data_sync,1591,1718200,,,,,,
marker_write,1591,62700,,,,,,
marker_sync,1591,1595601,,,,,,
append,1592,9447800,,,,,,
encode,1592,6000,,,,,,
data_write,1592,73400,,,,,,
data_sync,1592,2083300,,,,,,
marker_write,1592,67400,,,,,,
marker_sync,1592,7213500,,,,,,
append,1593,4643300,,,,,,
encode,1593,5000,,,,,,
data_write,1593,60700,,,,,,
data_sync,1593,2297400,,,,,,
marker_write,1593,58100,,,,,,
marker_sync,1593,2218400,,,,,,
append,1594,5881101,,,,,,
encode,1594,6600,,,,,,
data_write,1594,63900,,,,,,
data_sync,1594,2327600,,,,,,
marker_write,1594,65600,,,,,,
marker_sync,1594,3410801,,,,,,
append,1595,5006400,,,,,,
encode,1595,5700,,,,,,
data_write,1595,84400,,,,,,
data_sync,1595,2606000,,,,,,
marker_write,1595,61800,,,,,,
marker_sync,1595,2244200,,,,,,
append,1596,9440000,,,,,,
encode,1596,6500,,,,,,
data_write,1596,66600,,,,,,
data_sync,1596,4481100,,,,,,
marker_write,1596,80000,,,,,,
marker_sync,1596,4801200,,,,,,
append,1597,4189401,,,,,,
encode,1597,6800,,,,,,
data_write,1597,83000,,,,,,
data_sync,1597,2003301,,,,,,
marker_write,1597,63100,,,,,,
marker_sync,1597,2029900,,,,,,
append,1598,4640400,,,,,,
encode,1598,7500,,,,,,
data_write,1598,84900,,,,,,
data_sync,1598,2030600,,,,,,
marker_write,1598,59400,,,,,,
marker_sync,1598,2454800,,,,,,
append,1599,4523500,,,,,,
encode,1599,7200,,,,,,
data_write,1599,71400,,,,,,
data_sync,1599,2308700,,,,,,
marker_write,1599,46100,,,,,,
marker_sync,1599,2086500,,,,,,
append,1600,18305301,,,,,,
encode,1600,6800,,,,,,
data_write,1600,67100,,,,,,
data_sync,1600,15533901,,,,,,
marker_write,1600,58100,,,,,,
marker_sync,1600,2635200,,,,,,
append,1601,22888201,,,,,,
encode,1601,4800,,,,,,
data_write,1601,74600,,,,,,
data_sync,1601,15886001,,,,,,
marker_write,1601,52400,,,,,,
marker_sync,1601,6866600,,,,,,
append,1602,4510801,,,,,,
encode,1602,6200,,,,,,
data_write,1602,68000,,,,,,
data_sync,1602,2017601,,,,,,
marker_write,1602,55600,,,,,,
marker_sync,1602,2360000,,,,,,
append,1603,3877100,,,,,,
encode,1603,6100,,,,,,
data_write,1603,64200,,,,,,
data_sync,1603,1882500,,,,,,
marker_write,1603,47600,,,,,,
marker_sync,1603,1873300,,,,,,
append,1604,3543900,,,,,,
encode,1604,6000,,,,,,
data_write,1604,84200,,,,,,
data_sync,1604,1703600,,,,,,
marker_write,1604,55500,,,,,,
marker_sync,1604,1690900,,,,,,
append,1605,3853500,,,,,,
encode,1605,5500,,,,,,
data_write,1605,57900,,,,,,
data_sync,1605,1884100,,,,,,
marker_write,1605,46300,,,,,,
marker_sync,1605,1856300,,,,,,
append,1606,4556201,,,,,,
encode,1606,6200,,,,,,
data_write,1606,78000,,,,,,
data_sync,1606,2179900,,,,,,
marker_write,1606,59701,,,,,,
marker_sync,1606,2229100,,,,,,
append,1607,3865400,,,,,,
encode,1607,6200,,,,,,
data_write,1607,71100,,,,,,
data_sync,1607,1864700,,,,,,
marker_write,1607,55300,,,,,,
marker_sync,1607,1864400,,,,,,
append,1608,3705700,,,,,,
encode,1608,7300,,,,,,
data_write,1608,71600,,,,,,
data_sync,1608,1832400,,,,,,
marker_write,1608,53900,,,,,,
marker_sync,1608,1736900,,,,,,
append,1609,4066600,,,,,,
encode,1609,5400,,,,,,
data_write,1609,64100,,,,,,
data_sync,1609,1904700,,,,,,
marker_write,1609,57600,,,,,,
marker_sync,1609,2031800,,,,,,
append,1610,4468101,,,,,,
encode,1610,5400,,,,,,
data_write,1610,61900,,,,,,
data_sync,1610,2136900,,,,,,
marker_write,1610,55800,,,,,,
marker_sync,1610,2204701,,,,,,
append,1611,3808200,,,,,,
encode,1611,5800,,,,,,
data_write,1611,68700,,,,,,
data_sync,1611,1901800,,,,,,
marker_write,1611,56700,,,,,,
marker_sync,1611,1772300,,,,,,
append,1612,3965300,,,,,,
encode,1612,6000,,,,,,
data_write,1612,61600,,,,,,
data_sync,1612,1898500,,,,,,
marker_write,1612,53200,,,,,,
marker_sync,1612,1942400,,,,,,
append,1613,4172400,,,,,,
encode,1613,4100,,,,,,
data_write,1613,57400,,,,,,
data_sync,1613,1834800,,,,,,
marker_write,1613,50700,,,,,,
marker_sync,1613,2222000,,,,,,
append,1614,4004900,,,,,,
encode,1614,6100,,,,,,
data_write,1614,34900,,,,,,
data_sync,1614,2013400,,,,,,
marker_write,1614,57200,,,,,,
marker_sync,1614,1889300,,,,,,
append,1615,3839701,,,,,,
encode,1615,7400,,,,,,
data_write,1615,67600,,,,,,
data_sync,1615,2058001,,,,,,
marker_write,1615,52000,,,,,,
marker_sync,1615,1651700,,,,,,
append,1616,3900900,,,,,,
encode,1616,5700,,,,,,
data_write,1616,64700,,,,,,
data_sync,1616,1702600,,,,,,
marker_write,1616,55100,,,,,,
marker_sync,1616,2068900,,,,,,
append,1617,3998700,,,,,,
encode,1617,6800,,,,,,
data_write,1617,73200,,,,,,
data_sync,1617,1681100,,,,,,
marker_write,1617,56800,,,,,,
marker_sync,1617,2177400,,,,,,
append,1618,4290800,,,,,,
encode,1618,6300,,,,,,
data_write,1618,71500,,,,,,
data_sync,1618,2026400,,,,,,
marker_write,1618,57800,,,,,,
marker_sync,1618,2125900,,,,,,
append,1619,6342001,,,,,,
encode,1619,6100,,,,,,
data_write,1619,61800,,,,,,
data_sync,1619,1974700,,,,,,
marker_write,1619,86900,,,,,,
marker_sync,1619,4209601,,,,,,
append,1620,3575500,,,,,,
encode,1620,4900,,,,,,
data_write,1620,56100,,,,,,
data_sync,1620,1855100,,,,,,
marker_write,1620,58300,,,,,,
marker_sync,1620,1597400,,,,,,
append,1621,4060400,,,,,,
encode,1621,6300,,,,,,
data_write,1621,66900,,,,,,
data_sync,1621,1980600,,,,,,
marker_write,1621,57200,,,,,,
marker_sync,1621,1946300,,,,,,
append,1622,4385000,,,,,,
encode,1622,5800,,,,,,
data_write,1622,65000,,,,,,
data_sync,1622,1893700,,,,,,
marker_write,1622,58300,,,,,,
marker_sync,1622,2358900,,,,,,
append,1623,3526001,,,,,,
encode,1623,6200,,,,,,
data_write,1623,78000,,,,,,
data_sync,1623,1739200,,,,,,
marker_write,1623,59700,,,,,,
marker_sync,1623,1639301,,,,,,
append,1624,3554900,,,,,,
encode,1624,5300,,,,,,
data_write,1624,60900,,,,,,
data_sync,1624,1649800,,,,,,
marker_write,1624,57300,,,,,,
marker_sync,1624,1778500,,,,,,
append,1625,3533700,,,,,,
encode,1625,5100,,,,,,
data_write,1625,58200,,,,,,
data_sync,1625,1605900,,,,,,
marker_write,1625,59100,,,,,,
marker_sync,1625,1801600,,,,,,
append,1626,9950100,,,,,,
encode,1626,6400,,,,,,
data_write,1626,70500,,,,,,
data_sync,1626,7832800,,,,,,
marker_write,1626,69600,,,,,,
marker_sync,1626,1967400,,,,,,
append,1627,3822001,,,,,,
encode,1627,5900,,,,,,
data_write,1627,104800,,,,,,
data_sync,1627,1798901,,,,,,
marker_write,1627,57600,,,,,,
marker_sync,1627,1850100,,,,,,
append,1628,4359200,,,,,,
encode,1628,6500,,,,,,
data_write,1628,79400,,,,,,
data_sync,1628,2271100,,,,,,
marker_write,1628,58200,,,,,,
marker_sync,1628,1940400,,,,,,
append,1629,3508400,,,,,,
encode,1629,5300,,,,,,
data_write,1629,68400,,,,,,
data_sync,1629,1758700,,,,,,
marker_write,1629,47700,,,,,,
marker_sync,1629,1624900,,,,,,
append,1630,3233600,,,,,,
encode,1630,4300,,,,,,
data_write,1630,57200,,,,,,
data_sync,1630,1540100,,,,,,
marker_write,1630,41500,,,,,,
marker_sync,1630,1586900,,,,,,
append,1631,3992501,,,,,,
encode,1631,5500,,,,,,
data_write,1631,73100,,,,,,
data_sync,1631,1868100,,,,,,
marker_write,1631,61100,,,,,,
marker_sync,1631,1980501,,,,,,
append,1632,3704700,,,,,,
encode,1632,6700,,,,,,
data_write,1632,72200,,,,,,
data_sync,1632,1848900,,,,,,
marker_write,1632,54700,,,,,,
marker_sync,1632,1719200,,,,,,
append,1633,3737300,,,,,,
encode,1633,4800,,,,,,
data_write,1633,65000,,,,,,
data_sync,1633,1835100,,,,,,
marker_write,1633,44100,,,,,,
marker_sync,1633,1785300,,,,,,
append,1634,3721000,,,,,,
encode,1634,5500,,,,,,
data_write,1634,50400,,,,,,
data_sync,1634,1744700,,,,,,
marker_write,1634,56700,,,,,,
marker_sync,1634,1860600,,,,,,
append,1635,3327600,,,,,,
encode,1635,5200,,,,,,
data_write,1635,67500,,,,,,
data_sync,1635,1571200,,,,,,
marker_write,1635,49000,,,,,,
marker_sync,1635,1631000,,,,,,
append,1636,3866401,,,,,,
encode,1636,6100,,,,,,
data_write,1636,67900,,,,,,
data_sync,1636,1940300,,,,,,
marker_write,1636,56400,,,,,,
marker_sync,1636,1792801,,,,,,
append,1637,4209800,,,,,,
encode,1637,5500,,,,,,
data_write,1637,56200,,,,,,
data_sync,1637,2114600,,,,,,
marker_write,1637,66700,,,,,,
marker_sync,1637,1962900,,,,,,
append,1638,4438100,,,,,,
encode,1638,5900,,,,,,
data_write,1638,68600,,,,,,
data_sync,1638,2053500,,,,,,
marker_write,1638,51800,,,,,,
marker_sync,1638,2254000,,,,,,
append,1639,4957300,,,,,,
encode,1639,5900,,,,,,
data_write,1639,70800,,,,,,
data_sync,1639,2624700,,,,,,
marker_write,1639,83000,,,,,,
marker_sync,1639,2169100,,,,,,
append,1640,4036001,,,,,,
encode,1640,8100,,,,,,
data_write,1640,76400,,,,,,
data_sync,1640,2074300,,,,,,
marker_write,1640,56700,,,,,,
marker_sync,1640,1817301,,,,,,
append,1641,4401600,,,,,,
encode,1641,4800,,,,,,
data_write,1641,59700,,,,,,
data_sync,1641,2315000,,,,,,
marker_write,1641,64100,,,,,,
marker_sync,1641,1955000,,,,,,
append,1642,3345000,,,,,,
encode,1642,6400,,,,,,
data_write,1642,72300,,,,,,
data_sync,1642,1702900,,,,,,
marker_write,1642,52900,,,,,,
marker_sync,1642,1508100,,,,,,
append,1643,3059400,,,,,,
encode,1643,4100,,,,,,
data_write,1643,48900,,,,,,
data_sync,1643,1515900,,,,,,
marker_write,1643,53700,,,,,,
marker_sync,1643,1433900,,,,,,
append,1644,3460600,,,,,,
encode,1644,3800,,,,,,
data_write,1644,49000,,,,,,
data_sync,1644,1556400,,,,,,
marker_write,1644,50200,,,,,,
marker_sync,1644,1798700,,,,,,
append,1645,3125101,,,,,,
encode,1645,5000,,,,,,
data_write,1645,57900,,,,,,
data_sync,1645,1534400,,,,,,
marker_write,1645,42400,,,,,,
marker_sync,1645,1483301,,,,,,
append,1646,3001600,,,,,,
encode,1646,4700,,,,,,
data_write,1646,56200,,,,,,
data_sync,1646,1469200,,,,,,
marker_write,1646,40600,,,,,,
marker_sync,1646,1427900,,,,,,
append,1647,3159800,,,,,,
encode,1647,4000,,,,,,
data_write,1647,46900,,,,,,
data_sync,1647,1578000,,,,,,
marker_write,1647,51900,,,,,,
marker_sync,1647,1476700,,,,,,
append,1648,2982000,,,,,,
encode,1648,4000,,,,,,
data_write,1648,51000,,,,,,
data_sync,1648,1420600,,,,,,
marker_write,1648,40500,,,,,,
marker_sync,1648,1463100,,,,,,
append,1649,3356000,,,,,,
encode,1649,5100,,,,,,
data_write,1649,68000,,,,,,
data_sync,1649,1458400,,,,,,
marker_write,1649,51700,,,,,,
marker_sync,1649,1770300,,,,,,
append,1650,3281000,,,,,,
encode,1650,5100,,,,,,
data_write,1650,64700,,,,,,
data_sync,1650,1598800,,,,,,
marker_write,1650,42900,,,,,,
marker_sync,1650,1566500,,,,,,
append,1651,4109601,,,,,,
encode,1651,5800,,,,,,
data_write,1651,214100,,,,,,
data_sync,1651,1866400,,,,,,
marker_write,1651,58401,,,,,,
marker_sync,1651,1961000,,,,,,
append,1652,3304700,,,,,,
encode,1652,5300,,,,,,
data_write,1652,70100,,,,,,
data_sync,1652,1626000,,,,,,
marker_write,1652,56400,,,,,,
marker_sync,1652,1543900,,,,,,
append,1653,3705800,,,,,,
encode,1653,5700,,,,,,
data_write,1653,66900,,,,,,
data_sync,1653,1776400,,,,,,
marker_write,1653,50300,,,,,,
marker_sync,1653,1803500,,,,,,
append,1654,3238100,,,,,,
encode,1654,4900,,,,,,
data_write,1654,61200,,,,,,
data_sync,1654,1589700,,,,,,
marker_write,1654,42700,,,,,,
marker_sync,1654,1536700,,,,,,
append,1655,3353400,,,,,,
encode,1655,5500,,,,,,
data_write,1655,65000,,,,,,
data_sync,1655,1547300,,,,,,
marker_write,1655,45100,,,,,,
marker_sync,1655,1687200,,,,,,
append,1656,3700401,,,,,,
encode,1656,6000,,,,,,
data_write,1656,68100,,,,,,
data_sync,1656,1778600,,,,,,
marker_write,1656,58400,,,,,,
marker_sync,1656,1786301,,,,,,
append,1657,3505800,,,,,,
encode,1657,5500,,,,,,
data_write,1657,55200,,,,,,
data_sync,1657,1590300,,,,,,
marker_write,1657,80100,,,,,,
marker_sync,1657,1771700,,,,,,
append,1658,3654900,,,,,,
encode,1658,6200,,,,,,
data_write,1658,34900,,,,,,
data_sync,1658,1812300,,,,,,
marker_write,1658,55200,,,,,,
marker_sync,1658,1743700,,,,,,
append,1659,3371700,,,,,,
encode,1659,5700,,,,,,
data_write,1659,62500,,,,,,
data_sync,1659,1655000,,,,,,
marker_write,1659,51900,,,,,,
marker_sync,1659,1593300,,,,,,
append,1660,3776400,,,,,,
encode,1660,5700,,,,,,
data_write,1660,60500,,,,,,
data_sync,1660,1579100,,,,,,
marker_write,1660,43300,,,,,,
marker_sync,1660,2085100,,,,,,
append,1661,6939701,,,,,,
encode,1661,5200,,,,,,
data_write,1661,90900,,,,,,
data_sync,1661,4935801,,,,,,
marker_write,1661,65900,,,,,,
marker_sync,1661,1838700,,,,,,
append,1662,3610100,,,,,,
encode,1662,6200,,,,,,
data_write,1662,74200,,,,,,
data_sync,1662,1889100,,,,,,
marker_write,1662,57200,,,,,,
marker_sync,1662,1580500,,,,,,
append,1663,3491900,,,,,,
encode,1663,5300,,,,,,
data_write,1663,65400,,,,,,
data_sync,1663,1617700,,,,,,
marker_write,1663,45700,,,,,,
marker_sync,1663,1754400,,,,,,
append,1664,3607400,,,,,,
encode,1664,5200,,,,,,
data_write,1664,66500,,,,,,
data_sync,1664,1766700,,,,,,
marker_write,1664,55700,,,,,,
marker_sync,1664,1710000,,,,,,
append,1665,3713001,,,,,,
encode,1665,4100,,,,,,
data_write,1665,63400,,,,,,
data_sync,1665,1809100,,,,,,
marker_write,1665,56300,,,,,,
marker_sync,1665,1776201,,,,,,
append,1666,3642900,,,,,,
encode,1666,6100,,,,,,
data_write,1666,68300,,,,,,
data_sync,1666,1824400,,,,,,
marker_write,1666,43900,,,,,,
marker_sync,1666,1697000,,,,,,
append,1667,3491100,,,,,,
encode,1667,5400,,,,,,
data_write,1667,64300,,,,,,
data_sync,1667,1516000,,,,,,
marker_write,1667,47000,,,,,,
marker_sync,1667,1854100,,,,,,
append,1668,3748000,,,,,,
encode,1668,6000,,,,,,
data_write,1668,73700,,,,,,
data_sync,1668,1872600,,,,,,
marker_write,1668,55200,,,,,,
marker_sync,1668,1736300,,,,,,
append,1669,3422900,,,,,,
encode,1669,5500,,,,,,
data_write,1669,61300,,,,,,
data_sync,1669,1654300,,,,,,
marker_write,1669,51000,,,,,,
marker_sync,1669,1647600,,,,,,
append,1670,3602501,,,,,,
encode,1670,6700,,,,,,
data_write,1670,69800,,,,,,
data_sync,1670,1752300,,,,,,
marker_write,1670,60000,,,,,,
marker_sync,1670,1710601,,,,,,
append,1671,3377000,,,,,,
encode,1671,6100,,,,,,
data_write,1671,69300,,,,,,
data_sync,1671,1658400,,,,,,
marker_write,1671,56900,,,,,,
marker_sync,1671,1583400,,,,,,
append,1672,3624300,,,,,,
encode,1672,6300,,,,,,
data_write,1672,89100,,,,,,
data_sync,1672,1803000,,,,,,
marker_write,1672,54500,,,,,,
marker_sync,1672,1668800,,,,,,
append,1673,3898300,,,,,,
encode,1673,4700,,,,,,
data_write,1673,54900,,,,,,
data_sync,1673,2107000,,,,,,
marker_write,1673,59300,,,,,,
marker_sync,1673,1669700,,,,,,
append,1674,3763700,,,,,,
encode,1674,4700,,,,,,
data_write,1674,58400,,,,,,
data_sync,1674,1789500,,,,,,
marker_write,1674,53000,,,,,,
marker_sync,1674,1855200,,,,,,
append,1675,4311701,,,,,,
encode,1675,6300,,,,,,
data_write,1675,68200,,,,,,
data_sync,1675,1886300,,,,,,
marker_write,1675,54100,,,,,,
marker_sync,1675,2293101,,,,,,
append,1676,9221400,,,,,,
encode,1676,6700,,,,,,
data_write,1676,71100,,,,,,
data_sync,1676,7112800,,,,,,
marker_write,1676,68400,,,,,,
marker_sync,1676,1958900,,,,,,
append,1677,3766900,,,,,,
encode,1677,4700,,,,,,
data_write,1677,59600,,,,,,
data_sync,1677,1791300,,,,,,
marker_write,1677,53900,,,,,,
marker_sync,1677,1853700,,,,,,
append,1678,3817801,,,,,,
encode,1678,6400,,,,,,
data_write,1678,61100,,,,,,
data_sync,1678,1891100,,,,,,
marker_write,1678,57000,,,,,,
marker_sync,1678,1798501,,,,,,
append,1679,3766300,,,,,,
encode,1679,6400,,,,,,
data_write,1679,69700,,,,,,
data_sync,1679,1830900,,,,,,
marker_write,1679,91000,,,,,,
marker_sync,1679,1765500,,,,,,
append,1680,4420000,,,,,,
encode,1680,5500,,,,,,
data_write,1680,56800,,,,,,
data_sync,1680,1961300,,,,,,
marker_write,1680,50400,,,,,,
marker_sync,1680,2342200,,,,,,
append,1681,4033500,,,,,,
encode,1681,6800,,,,,,
data_write,1681,79300,,,,,,
data_sync,1681,1982500,,,,,,
marker_write,1681,54500,,,,,,
marker_sync,1681,1906800,,,,,,
append,1682,3567700,,,,,,
encode,1682,5400,,,,,,
data_write,1682,61500,,,,,,
data_sync,1682,1831900,,,,,,
marker_write,1682,47700,,,,,,
marker_sync,1682,1618100,,,,,,
append,1683,5839401,,,,,,
encode,1683,6200,,,,,,
data_write,1683,62100,,,,,,
data_sync,1683,1658901,,,,,,
marker_write,1683,50300,,,,,,
marker_sync,1683,4059000,,,,,,
append,1684,4491900,,,,,,
encode,1684,4600,,,,,,
data_write,1684,58200,,,,,,
data_sync,1684,2353300,,,,,,
marker_write,1684,52100,,,,,,
marker_sync,1684,2020700,,,,,,
append,1685,7825900,,,,,,
encode,1685,6300,,,,,,
data_write,1685,55300,,,,,,
data_sync,1685,1930400,,,,,,
marker_write,1685,59400,,,,,,
marker_sync,1685,5771000,,,,,,
append,1686,7240001,,,,,,
encode,1686,6200,,,,,,
data_write,1686,36800,,,,,,
data_sync,1686,1832501,,,,,,
marker_write,1686,52000,,,,,,
marker_sync,1686,5309000,,,,,,
append,1687,3677400,,,,,,
encode,1687,6300,,,,,,
data_write,1687,76200,,,,,,
data_sync,1687,1948100,,,,,,
marker_write,1687,57500,,,,,,
marker_sync,1687,1586100,,,,,,
append,1688,3346200,,,,,,
encode,1688,6000,,,,,,
data_write,1688,62600,,,,,,
data_sync,1688,1590400,,,,,,
marker_write,1688,55700,,,,,,
marker_sync,1688,1628200,,,,,,
append,1689,3331900,,,,,,
encode,1689,4900,,,,,,
data_write,1689,66100,,,,,,
data_sync,1689,1707300,,,,,,
marker_write,1689,45400,,,,,,
marker_sync,1689,1505700,,,,,,
append,1690,3045601,,,,,,
encode,1690,4300,,,,,,
data_write,1690,53900,,,,,,
data_sync,1690,1519701,,,,,,
marker_write,1690,24600,,,,,,
marker_sync,1690,1440400,,,,,,
append,1691,3419900,,,,,,
encode,1691,6000,,,,,,
data_write,1691,60500,,,,,,
data_sync,1691,1536200,,,,,,
marker_write,1691,51900,,,,,,
marker_sync,1691,1762500,,,,,,
append,1692,3951500,,,,,,
encode,1692,5700,,,,,,
data_write,1692,71200,,,,,,
data_sync,1692,1916600,,,,,,
marker_write,1692,68000,,,,,,
marker_sync,1692,1887100,,,,,,
append,1693,3981100,,,,,,
encode,1693,6100,,,,,,
data_write,1693,68200,,,,,,
data_sync,1693,1823100,,,,,,
marker_write,1693,64900,,,,,,
marker_sync,1693,2012600,,,,,,
append,1694,3759800,,,,,,
encode,1694,8800,,,,,,
data_write,1694,77800,,,,,,
data_sync,1694,1762900,,,,,,
marker_write,1694,53600,,,,,,
marker_sync,1694,1853300,,,,,,
append,1695,3427401,,,,,,
encode,1695,6300,,,,,,
data_write,1695,68700,,,,,,
data_sync,1695,1658601,,,,,,
marker_write,1695,48300,,,,,,
marker_sync,1695,1642500,,,,,,
append,1696,3843900,,,,,,
encode,1696,6500,,,,,,
data_write,1696,66900,,,,,,
data_sync,1696,1855200,,,,,,
marker_write,1696,59400,,,,,,
marker_sync,1696,1853200,,,,,,
append,1697,3843900,,,,,,
encode,1697,6500,,,,,,
data_write,1697,74300,,,,,,
data_sync,1697,1859500,,,,,,
marker_write,1697,55400,,,,,,
marker_sync,1697,1844000,,,,,,
append,1698,3771700,,,,,,
encode,1698,6500,,,,,,
data_write,1698,70400,,,,,,
data_sync,1698,1978900,,,,,,
marker_write,1698,60400,,,,,,
marker_sync,1698,1651200,,,,,,
append,1699,5511601,,,,,,
encode,1699,4700,,,,,,
data_write,1699,56600,,,,,,
data_sync,1699,1810100,,,,,,
marker_write,1699,26100,,,,,,
marker_sync,1699,3611101,,,,,,
append,1700,3964900,,,,,,
encode,1700,5000,,,,,,
data_write,1700,67000,,,,,,
data_sync,1700,1825700,,,,,,
marker_write,1700,56500,,,,,,
marker_sync,1700,2007600,,,,,,
append,1701,7783800,,,,,,
encode,1701,5700,,,,,,
data_write,1701,76000,,,,,,
data_sync,1701,1957600,,,,,,
marker_write,1701,44800,,,,,,
marker_sync,1701,5696400,,,,,,
append,1702,3897100,,,,,,
encode,1702,7000,,,,,,
data_write,1702,63200,,,,,,
data_sync,1702,1942100,,,,,,
marker_write,1702,58600,,,,,,
marker_sync,1702,1823000,,,,,,
append,1703,4236401,,,,,,
encode,1703,5500,,,,,,
data_write,1703,72200,,,,,,
data_sync,1703,1815801,,,,,,
marker_write,1703,54400,,,,,,
marker_sync,1703,2285300,,,,,,
append,1704,3399800,,,,,,
encode,1704,6100,,,,,,
data_write,1704,63500,,,,,,
data_sync,1704,1657400,,,,,,
marker_write,1704,45400,,,,,,
marker_sync,1704,1624200,,,,,,
append,1705,3776300,,,,,,
encode,1705,5900,,,,,,
data_write,1705,63500,,,,,,
data_sync,1705,1880700,,,,,,
marker_write,1705,52300,,,,,,
marker_sync,1705,1770800,,,,,,
append,1706,3629800,,,,,,
encode,1706,6100,,,,,,
data_write,1706,63800,,,,,,
data_sync,1706,1704300,,,,,,
marker_write,1706,57500,,,,,,
marker_sync,1706,1794400,,,,,,
append,1707,3709700,,,,,,
encode,1707,4700,,,,,,
data_write,1707,55400,,,,,,
data_sync,1707,1734000,,,,,,
marker_write,1707,58800,,,,,,
marker_sync,1707,1853800,,,,,,
append,1708,3692601,,,,,,
encode,1708,5900,,,,,,
data_write,1708,66500,,,,,,
data_sync,1708,1904801,,,,,,
marker_write,1708,60900,,,,,,
marker_sync,1708,1651400,,,,,,
append,1709,3586400,,,,,,
encode,1709,6100,,,,,,
data_write,1709,66400,,,,,,
data_sync,1709,1751300,,,,,,
marker_write,1709,56200,,,,,,
marker_sync,1709,1703100,,,,,,
append,1710,3856700,,,,,,
encode,1710,6700,,,,,,
data_write,1710,69100,,,,,,
data_sync,1710,1914200,,,,,,
marker_write,1710,60700,,,,,,
marker_sync,1710,1802900,,,,,,
append,1711,3994600,,,,,,
encode,1711,5800,,,,,,
data_write,1711,69100,,,,,,
data_sync,1711,1749500,,,,,,
marker_write,1711,59600,,,,,,
marker_sync,1711,2107500,,,,,,
append,1712,5493301,,,,,,
encode,1712,6700,,,,,,
data_write,1712,65800,,,,,,
data_sync,1712,1957100,,,,,,
marker_write,1712,61400,,,,,,
marker_sync,1712,3398701,,,,,,
append,1713,3990800,,,,,,
encode,1713,6200,,,,,,
data_write,1713,36000,,,,,,
data_sync,1713,2035100,,,,,,
marker_write,1713,64200,,,,,,
marker_sync,1713,1845900,,,,,,
append,1714,3986600,,,,,,
encode,1714,5900,,,,,,
data_write,1714,63600,,,,,,
data_sync,1714,1828500,,,,,,
marker_write,1714,64900,,,,,,
marker_sync,1714,2020600,,,,,,
append,1715,3413100,,,,,,
encode,1715,6400,,,,,,
data_write,1715,61100,,,,,,
data_sync,1715,1654700,,,,,,
marker_write,1715,46500,,,,,,
marker_sync,1715,1641100,,,,,,
append,1716,5488901,,,,,,
encode,1716,6300,,,,,,
data_write,1716,71300,,,,,,
data_sync,1716,1652400,,,,,,
marker_write,1716,60000,,,,,,
marker_sync,1716,3694301,,,,,,
append,1717,8046700,,,,,,
encode,1717,6100,,,,,,
data_write,1717,69900,,,,,,
data_sync,1717,1761900,,,,,,
marker_write,1717,64100,,,,,,
marker_sync,1717,6140800,,,,,,
append,1718,4050700,,,,,,
encode,1718,6500,,,,,,
data_write,1718,66500,,,,,,
data_sync,1718,1983000,,,,,,
marker_write,1718,53100,,,,,,
marker_sync,1718,1938300,,,,,,
append,1719,3942700,,,,,,
encode,1719,5200,,,,,,
data_write,1719,68900,,,,,,
data_sync,1719,1987400,,,,,,
marker_write,1719,41600,,,,,,
marker_sync,1719,1836700,,,,,,
append,1720,5152001,,,,,,
encode,1720,5800,,,,,,
data_write,1720,62500,,,,,,
data_sync,1720,1729001,,,,,,
marker_write,1720,44300,,,,,,
marker_sync,1720,3307700,,,,,,
append,1721,5925200,,,,,,
encode,1721,6000,,,,,,
data_write,1721,64100,,,,,,
data_sync,1721,1926100,,,,,,
marker_write,1721,54200,,,,,,
marker_sync,1721,3870500,,,,,,
append,1722,4106200,,,,,,
encode,1722,6200,,,,,,
data_write,1722,56800,,,,,,
data_sync,1722,2155100,,,,,,
marker_write,1722,54100,,,,,,
marker_sync,1722,1830700,,,,,,
append,1723,3145700,,,,,,
encode,1723,5700,,,,,,
data_write,1723,65900,,,,,,
data_sync,1723,1520500,,,,,,
marker_write,1723,44200,,,,,,
marker_sync,1723,1506100,,,,,,
append,1724,3695501,,,,,,
encode,1724,4400,,,,,,
data_write,1724,51900,,,,,,
data_sync,1724,1665501,,,,,,
marker_write,1724,52500,,,,,,
marker_sync,1724,1918400,,,,,,
append,1725,3929600,,,,,,
encode,1725,6200,,,,,,
data_write,1725,70900,,,,,,
data_sync,1725,1928200,,,,,,
marker_write,1725,138200,,,,,,
marker_sync,1725,1782900,,,,,,
append,1726,4004500,,,,,,
encode,1726,6200,,,,,,
data_write,1726,30900,,,,,,
data_sync,1726,1945800,,,,,,
marker_write,1726,53900,,,,,,
marker_sync,1726,1965000,,,,,,
append,1727,3601000,,,,,,
encode,1727,4400,,,,,,
data_write,1727,54400,,,,,,
data_sync,1727,1837000,,,,,,
marker_write,1727,26600,,,,,,
marker_sync,1727,1675500,,,,,,
append,1728,4116301,,,,,,
encode,1728,5900,,,,,,
data_write,1728,70100,,,,,,
data_sync,1728,2007700,,,,,,
marker_write,1728,23600,,,,,,
marker_sync,1728,2005201,,,,,,
append,1729,3897200,,,,,,
encode,1729,4300,,,,,,
data_write,1729,52600,,,,,,
data_sync,1729,1859900,,,,,,
marker_write,1729,124700,,,,,,
marker_sync,1729,1852900,,,,,,
append,1730,3177800,,,,,,
encode,1730,4400,,,,,,
data_write,1730,29700,,,,,,
data_sync,1730,1666400,,,,,,
marker_write,1730,22400,,,,,,
marker_sync,1730,1452200,,,,,,
append,1731,3310600,,,,,,
encode,1731,5500,,,,,,
data_write,1731,31600,,,,,,
data_sync,1731,1585000,,,,,,
marker_write,1731,22000,,,,,,
marker_sync,1731,1663100,,,,,,
append,1732,4407500,,,,,,
encode,1732,6100,,,,,,
data_write,1732,25800,,,,,,
data_sync,1732,1625000,,,,,,
marker_write,1732,25700,,,,,,
marker_sync,1732,2722100,,,,,,
append,1733,10196901,,,,,,
encode,1733,8100,,,,,,
data_write,1733,32200,,,,,,
data_sync,1733,8214301,,,,,,
marker_write,1733,55000,,,,,,
marker_sync,1733,1883200,,,,,,
append,1734,3952400,,,,,,
encode,1734,6500,,,,,,
data_write,1734,58900,,,,,,
data_sync,1734,1689100,,,,,,
marker_write,1734,47000,,,,,,
marker_sync,1734,2147400,,,,,,
append,1735,3823800,,,,,,
encode,1735,4300,,,,,,
data_write,1735,53100,,,,,,
data_sync,1735,2014900,,,,,,
marker_write,1735,62100,,,,,,
marker_sync,1735,1686200,,,,,,
append,1736,3644401,,,,,,
encode,1736,6100,,,,,,
data_write,1736,61700,,,,,,
data_sync,1736,1725300,,,,,,
marker_write,1736,54301,,,,,,
marker_sync,1736,1794500,,,,,,
append,1737,3670300,,,,,,
encode,1737,6600,,,,,,
data_write,1737,61200,,,,,,
data_sync,1737,1784000,,,,,,
marker_write,1737,49900,,,,,,
marker_sync,1737,1766000,,,,,,
append,1738,4090100,,,,,,
encode,1738,5200,,,,,,
data_write,1738,55200,,,,,,
data_sync,1738,2178600,,,,,,
marker_write,1738,62100,,,,,,
marker_sync,1738,1785700,,,,,,
append,1739,6033500,,,,,,
encode,1739,4400,,,,,,
data_write,1739,51100,,,,,,
data_sync,1739,4155300,,,,,,
marker_write,1739,57800,,,,,,
marker_sync,1739,1761600,,,,,,
append,1740,3328901,,,,,,
encode,1740,5700,,,,,,
data_write,1740,74100,,,,,,
data_sync,1740,1690900,,,,,,
marker_write,1740,43600,,,,,,
marker_sync,1740,1512001,,,,,,
append,1741,4173900,,,,,,
encode,1741,5000,,,,,,
data_write,1741,48900,,,,,,
data_sync,1741,2006600,,,,,,
marker_write,1741,55600,,,,,,
marker_sync,1741,2054600,,,,,,
append,1742,4376500,,,,,,
encode,1742,6300,,,,,,
data_write,1742,71500,,,,,,
data_sync,1742,2168800,,,,,,
marker_write,1742,63500,,,,,,
marker_sync,1742,2063200,,,,,,
append,1743,5998900,,,,,,
encode,1743,7400,,,,,,
data_write,1743,188100,,,,,,
data_sync,1743,2320100,,,,,,
marker_write,1743,101400,,,,,,
marker_sync,1743,3375900,,,,,,
append,1744,4219501,,,,,,
encode,1744,14400,,,,,,
data_write,1744,138200,,,,,,
data_sync,1744,2024900,,,,,,
marker_write,1744,64400,,,,,,
marker_sync,1744,1974401,,,,,,
append,1745,3744300,,,,,,
encode,1745,6500,,,,,,
data_write,1745,69800,,,,,,
data_sync,1745,1842400,,,,,,
marker_write,1745,58300,,,,,,
marker_sync,1745,1763600,,,,,,
append,1746,4062900,,,,,,
encode,1746,6100,,,,,,
data_write,1746,69100,,,,,,
data_sync,1746,2170800,,,,,,
marker_write,1746,48800,,,,,,
marker_sync,1746,1765100,,,,,,
append,1747,3786500,,,,,,
encode,1747,5700,,,,,,
data_write,1747,72700,,,,,,
data_sync,1747,1864100,,,,,,
marker_write,1747,56600,,,,,,
marker_sync,1747,1781500,,,,,,
append,1748,3776200,,,,,,
encode,1748,5000,,,,,,
data_write,1748,62500,,,,,,
data_sync,1748,1815700,,,,,,
marker_write,1748,45600,,,,,,
marker_sync,1748,1844900,,,,,,
append,1749,4202201,,,,,,
encode,1749,6500,,,,,,
data_write,1749,62200,,,,,,
data_sync,1749,1790401,,,,,,
marker_write,1749,48500,,,,,,
marker_sync,1749,2291900,,,,,,
append,1750,9097500,,,,,,
encode,1750,5900,,,,,,
data_write,1750,74500,,,,,,
data_sync,1750,1990200,,,,,,
marker_write,1750,61800,,,,,,
marker_sync,1750,6961600,,,,,,
append,1751,3902100,,,,,,
encode,1751,6500,,,,,,
data_write,1751,97200,,,,,,
data_sync,1751,1964500,,,,,,
marker_write,1751,62300,,,,,,
marker_sync,1751,1767400,,,,,,
append,1752,4004201,,,,,,
encode,1752,6300,,,,,,
data_write,1752,69800,,,,,,
data_sync,1752,1693901,,,,,,
marker_write,1752,60300,,,,,,
marker_sync,1752,2169400,,,,,,
append,1753,3990700,,,,,,
encode,1753,7700,,,,,,
data_write,1753,70600,,,,,,
data_sync,1753,1976300,,,,,,
marker_write,1753,63400,,,,,,
marker_sync,1753,1869100,,,,,,
append,1754,6014400,,,,,,
encode,1754,7300,,,,,,
data_write,1754,93900,,,,,,
data_sync,1754,2977900,,,,,,
marker_write,1754,57700,,,,,,
marker_sync,1754,2489000,,,,,,
append,1755,5237100,,,,,,
encode,1755,6500,,,,,,
data_write,1755,50400,,,,,,
data_sync,1755,2936900,,,,,,
marker_write,1755,34500,,,,,,
marker_sync,1755,2205600,,,,,,
append,1756,5673101,,,,,,
encode,1756,6600,,,,,,
data_write,1756,64700,,,,,,
data_sync,1756,3824301,,,,,,
marker_write,1756,42200,,,,,,
marker_sync,1756,1732200,,,,,,
append,1757,3647200,,,,,,
encode,1757,6300,,,,,,
data_write,1757,41300,,,,,,
data_sync,1757,1741900,,,,,,
marker_write,1757,30600,,,,,,
marker_sync,1757,1823800,,,,,,
append,1758,3841000,,,,,,
encode,1758,7400,,,,,,
data_write,1758,38600,,,,,,
data_sync,1758,2002600,,,,,,
marker_write,1758,35700,,,,,,
marker_sync,1758,1753800,,,,,,
append,1759,8928001,,,,,,
encode,1759,6200,,,,,,
data_write,1759,37100,,,,,,
data_sync,1759,1906800,,,,,,
marker_write,1759,47600,,,,,,
marker_sync,1759,6925801,,,,,,
append,1760,4029500,,,,,,
encode,1760,6900,,,,,,
data_write,1760,44400,,,,,,
data_sync,1760,1975000,,,,,,
marker_write,1760,53200,,,,,,
marker_sync,1760,1947100,,,,,,
append,1761,6934401,,,,,,
encode,1761,6100,,,,,,
data_write,1761,55700,,,,,,
data_sync,1761,4776800,,,,,,
marker_write,1761,57300,,,,,,
marker_sync,1761,2035401,,,,,,
append,1762,3587800,,,,,,
encode,1762,6300,,,,,,
data_write,1762,117700,,,,,,
data_sync,1762,1626900,,,,,,
marker_write,1762,43000,,,,,,
marker_sync,1762,1790800,,,,,,
append,1763,4280600,,,,,,
encode,1763,5500,,,,,,
data_write,1763,29000,,,,,,
data_sync,1763,2202100,,,,,,
marker_write,1763,29900,,,,,,
marker_sync,1763,2011300,,,,,,
append,1764,4876200,,,,,,
encode,1764,7900,,,,,,
data_write,1764,28800,,,,,,
data_sync,1764,2018900,,,,,,
marker_write,1764,30900,,,,,,
marker_sync,1764,2786300,,,,,,
append,1765,3925501,,,,,,
encode,1765,5600,,,,,,
data_write,1765,42500,,,,,,
data_sync,1765,1980400,,,,,,
marker_write,1765,62600,,,,,,
marker_sync,1765,1830801,,,,,,
append,1766,4144800,,,,,,
encode,1766,5700,,,,,,
data_write,1766,71400,,,,,,
data_sync,1766,2174300,,,,,,
marker_write,1766,53300,,,,,,
marker_sync,1766,1837200,,,,,,
append,1767,3888400,,,,,,
encode,1767,5900,,,,,,
data_write,1767,41600,,,,,,
data_sync,1767,1897100,,,,,,
marker_write,1767,57900,,,,,,
marker_sync,1767,1882100,,,,,,
append,1768,4054400,,,,,,
encode,1768,6200,,,,,,
data_write,1768,67300,,,,,,
data_sync,1768,2021200,,,,,,
marker_write,1768,53300,,,,,,
marker_sync,1768,1902600,,,,,,
append,1769,4130101,,,,,,
encode,1769,6000,,,,,,
data_write,1769,69100,,,,,,
data_sync,1769,2026800,,,,,,
marker_write,1769,85300,,,,,,
marker_sync,1769,1939501,,,,,,
append,1770,3465000,,,,,,
encode,1770,5200,,,,,,
data_write,1770,67300,,,,,,
data_sync,1770,1758700,,,,,,
marker_write,1770,52200,,,,,,
marker_sync,1770,1578700,,,,,,
append,1771,3763900,,,,,,
encode,1771,5500,,,,,,
data_write,1771,55800,,,,,,
data_sync,1771,1730500,,,,,,
marker_write,1771,62200,,,,,,
marker_sync,1771,1906900,,,,,,
append,1772,4658200,,,,,,
encode,1772,6500,,,,,,
data_write,1772,85300,,,,,,
data_sync,1772,2688700,,,,,,
marker_write,1772,62600,,,,,,
marker_sync,1772,1811500,,,,,,
append,1773,4678701,,,,,,
encode,1773,4400,,,,,,
data_write,1773,56000,,,,,,
data_sync,1773,1893400,,,,,,
marker_write,1773,97600,,,,,,
marker_sync,1773,2624301,,,,,,
append,1774,4765300,,,,,,
encode,1774,5300,,,,,,
data_write,1774,75800,,,,,,
data_sync,1774,2185600,,,,,,
marker_write,1774,64500,,,,,,
marker_sync,1774,2430900,,,,,,
append,1775,3830800,,,,,,
encode,1775,6000,,,,,,
data_write,1775,75600,,,,,,
data_sync,1775,1916100,,,,,,
marker_write,1775,57300,,,,,,
marker_sync,1775,1771900,,,,,,
append,1776,3897400,,,,,,
encode,1776,5800,,,,,,
data_write,1776,93500,,,,,,
data_sync,1776,1852100,,,,,,
marker_write,1776,102700,,,,,,
marker_sync,1776,1840500,,,,,,
append,1777,4177001,,,,,,
encode,1777,6700,,,,,,
data_write,1777,75400,,,,,,
data_sync,1777,1916201,,,,,,
marker_write,1777,70100,,,,,,
marker_sync,1777,2105700,,,,,,
append,1778,3854000,,,,,,
encode,1778,6000,,,,,,
data_write,1778,86100,,,,,,
data_sync,1778,1905500,,,,,,
marker_write,1778,54800,,,,,,
marker_sync,1778,1798900,,,,,,
append,1779,3829000,,,,,,
encode,1779,5000,,,,,,
data_write,1779,57600,,,,,,
data_sync,1779,1843700,,,,,,
marker_write,1779,57500,,,,,,
marker_sync,1779,1861800,,,,,,
append,1780,3940200,,,,,,
encode,1780,6000,,,,,,
data_write,1780,74200,,,,,,
data_sync,1780,1779700,,,,,,
marker_write,1780,59500,,,,,,
marker_sync,1780,2017700,,,,,,
append,1781,4053201,,,,,,
encode,1781,5800,,,,,,
data_write,1781,63900,,,,,,
data_sync,1781,1820601,,,,,,
marker_write,1781,51600,,,,,,
marker_sync,1781,2108300,,,,,,
append,1782,4551900,,,,,,
encode,1782,6000,,,,,,
data_write,1782,69300,,,,,,
data_sync,1782,2303400,,,,,,
marker_write,1782,61500,,,,,,
marker_sync,1782,2108300,,,,,,
append,1783,3926100,,,,,,
encode,1783,5800,,,,,,
data_write,1783,64200,,,,,,
data_sync,1783,1748500,,,,,,
marker_write,1783,51100,,,,,,
marker_sync,1783,2053600,,,,,,
append,1784,4017800,,,,,,
encode,1784,6600,,,,,,
data_write,1784,70900,,,,,,
data_sync,1784,1872200,,,,,,
marker_write,1784,55800,,,,,,
marker_sync,1784,2008500,,,,,,
append,1785,8339401,,,,,,
encode,1785,7200,,,,,,
data_write,1785,70900,,,,,,
data_sync,1785,6437501,,,,,,
marker_write,1785,63100,,,,,,
marker_sync,1785,1758000,,,,,,
append,1786,3717300,,,,,,
encode,1786,5300,,,,,,
data_write,1786,73100,,,,,,
data_sync,1786,1839400,,,,,,
marker_write,1786,48100,,,,,,
marker_sync,1786,1748900,,,,,,
append,1787,4233901,,,,,,
encode,1787,4800,,,,,,
data_write,1787,52800,,,,,,
data_sync,1787,1742600,,,,,,
marker_write,1787,50800,,,,,,
marker_sync,1787,2379901,,,,,,
append,1788,4348500,,,,,,
encode,1788,5700,,,,,,
data_write,1788,66600,,,,,,
data_sync,1788,2237600,,,,,,
marker_write,1788,61900,,,,,,
marker_sync,1788,1972900,,,,,,
append,1789,3773800,,,,,,
encode,1789,6300,,,,,,
data_write,1789,66500,,,,,,
data_sync,1789,1785800,,,,,,
marker_write,1789,53700,,,,,,
marker_sync,1789,1859000,,,,,,
append,1790,4291500,,,,,,
encode,1790,6000,,,,,,
data_write,1790,64600,,,,,,
data_sync,1790,1975400,,,,,,
marker_write,1790,58200,,,,,,
marker_sync,1790,2183800,,,,,,
append,1791,4645501,,,,,,
encode,1791,8100,,,,,,
data_write,1791,77400,,,,,,
data_sync,1791,2297400,,,,,,
marker_write,1791,66700,,,,,,
marker_sync,1791,2191801,,,,,,
append,1792,4356100,,,,,,
encode,1792,7600,,,,,,
data_write,1792,75000,,,,,,
data_sync,1792,2579600,,,,,,
marker_write,1792,56700,,,,,,
marker_sync,1792,1633300,,,,,,
append,1793,3532900,,,,,,
encode,1793,6400,,,,,,
data_write,1793,102300,,,,,,
data_sync,1793,1791800,,,,,,
marker_write,1793,64600,,,,,,
marker_sync,1793,1565400,,,,,,
append,1794,3763000,,,,,,
encode,1794,5100,,,,,,
data_write,1794,53100,,,,,,
data_sync,1794,1808100,,,,,,
marker_write,1794,51800,,,,,,
marker_sync,1794,1840900,,,,,,
append,1795,3745101,,,,,,
encode,1795,6600,,,,,,
data_write,1795,62500,,,,,,
data_sync,1795,1798800,,,,,,
marker_write,1795,63000,,,,,,
marker_sync,1795,1810501,,,,,,
append,1796,4733100,,,,,,
encode,1796,6000,,,,,,
data_write,1796,71800,,,,,,
data_sync,1796,1831200,,,,,,
marker_write,1796,52700,,,,,,
marker_sync,1796,2767900,,,,,,
append,1797,5166200,,,,,,
encode,1797,6100,,,,,,
data_write,1797,66000,,,,,,
data_sync,1797,3020500,,,,,,
marker_write,1797,61900,,,,,,
marker_sync,1797,2008800,,,,,,
append,1798,3610400,,,,,,
encode,1798,4600,,,,,,
data_write,1798,52700,,,,,,
data_sync,1798,1710200,,,,,,
marker_write,1798,45400,,,,,,
marker_sync,1798,1794600,,,,,,
append,1799,4115001,,,,,,
encode,1799,6100,,,,,,
data_write,1799,67500,,,,,,
data_sync,1799,1960901,,,,,,
marker_write,1799,74300,,,,,,
marker_sync,1799,2003100,,,,,,
append,1800,4161300,,,,,,
encode,1800,6400,,,,,,
data_write,1800,68000,,,,,,
data_sync,1800,2292600,,,,,,
marker_write,1800,55300,,,,,,
marker_sync,1800,1735700,,,,,,
append,1801,3866600,,,,,,
encode,1801,4700,,,,,,
data_write,1801,55500,,,,,,
data_sync,1801,1804300,,,,,,
marker_write,1801,55800,,,,,,
marker_sync,1801,1943500,,,,,,
append,1802,10087801,,,,,,
encode,1802,6100,,,,,,
data_write,1802,67600,,,,,,
data_sync,1802,8068101,,,,,,
marker_write,1802,66500,,,,,,
marker_sync,1802,1875400,,,,,,
append,1803,3611600,,,,,,
encode,1803,5700,,,,,,
data_write,1803,77200,,,,,,
data_sync,1803,1784900,,,,,,
marker_write,1803,58700,,,,,,
marker_sync,1803,1682500,,,,,,
append,1804,3632900,,,,,,
encode,1804,5800,,,,,,
data_write,1804,76200,,,,,,
data_sync,1804,1712000,,,,,,
marker_write,1804,58900,,,,,,
marker_sync,1804,1776900,,,,,,
append,1805,4195901,,,,,,
encode,1805,6500,,,,,,
data_write,1805,74800,,,,,,
data_sync,1805,2383400,,,,,,
marker_write,1805,50800,,,,,,
marker_sync,1805,1677301,,,,,,
append,1806,4062300,,,,,,
encode,1806,6100,,,,,,
data_write,1806,71300,,,,,,
data_sync,1806,1760100,,,,,,
marker_write,1806,56000,,,,,,
marker_sync,1806,2165800,,,,,,
append,1807,3536600,,,,,,
encode,1807,6400,,,,,,
data_write,1807,64300,,,,,,
data_sync,1807,1766900,,,,,,
marker_write,1807,51200,,,,,,
marker_sync,1807,1644200,,,,,,
append,1808,3392800,,,,,,
encode,1808,6200,,,,,,
data_write,1808,69000,,,,,,
data_sync,1808,1540700,,,,,,
marker_write,1808,57100,,,,,,
marker_sync,1808,1716500,,,,,,
append,1809,3971900,,,,,,
encode,1809,5500,,,,,,
data_write,1809,33900,,,,,,
data_sync,1809,2026400,,,,,,
marker_write,1809,55400,,,,,,
marker_sync,1809,1848000,,,,,,
append,1810,3821401,,,,,,
encode,1810,6600,,,,,,
data_write,1810,68500,,,,,,
data_sync,1810,1769001,,,,,,
marker_write,1810,50100,,,,,,
marker_sync,1810,1924300,,,,,,
append,1811,4344300,,,,,,
encode,1811,6300,,,,,,
data_write,1811,79000,,,,,,
data_sync,1811,2033000,,,,,,
marker_write,1811,54700,,,,,,
marker_sync,1811,2167400,,,,,,
append,1812,3915900,,,,,,
encode,1812,5500,,,,,,
data_write,1812,75100,,,,,,
data_sync,1812,1934600,,,,,,
marker_write,1812,55700,,,,,,
marker_sync,1812,1842500,,,,,,
append,1813,3767100,,,,,,
encode,1813,5900,,,,,,
data_write,1813,63600,,,,,,
data_sync,1813,1761300,,,,,,
marker_write,1813,59700,,,,,,
marker_sync,1813,1872600,,,,,,
append,1814,4257901,,,,,,
encode,1814,6000,,,,,,
data_write,1814,63700,,,,,,
data_sync,1814,1858101,,,,,,
marker_write,1814,58100,,,,,,
marker_sync,1814,2269000,,,,,,
append,1815,3481000,,,,,,
encode,1815,6100,,,,,,
data_write,1815,65900,,,,,,
data_sync,1815,1743100,,,,,,
marker_write,1815,56400,,,,,,
marker_sync,1815,1606100,,,,,,
append,1816,3283600,,,,,,
encode,1816,6200,,,,,,
data_write,1816,69300,,,,,,
data_sync,1816,1557000,,,,,,
marker_write,1816,53100,,,,,,
marker_sync,1816,1521400,,,,,,
append,1817,3778600,,,,,,
encode,1817,5300,,,,,,
data_write,1817,61800,,,,,,
data_sync,1817,1635500,,,,,,
marker_write,1817,54000,,,,,,
marker_sync,1817,2019000,,,,,,
append,1818,3916901,,,,,,
encode,1818,6000,,,,,,
data_write,1818,34500,,,,,,
data_sync,1818,2012001,,,,,,
marker_write,1818,63300,,,,,,
marker_sync,1818,1797800,,,,,,
append,1819,3557500,,,,,,
encode,1819,5700,,,,,,
data_write,1819,63900,,,,,,
data_sync,1819,1766200,,,,,,
marker_write,1819,57600,,,,,,
marker_sync,1819,1660600,,,,,,
append,1820,3414400,,,,,,
encode,1820,6500,,,,,,
data_write,1820,75700,,,,,,
data_sync,1820,1716900,,,,,,
marker_write,1820,44100,,,,,,
marker_sync,1820,1568400,,,,,,
append,1821,3186100,,,,,,
encode,1821,5700,,,,,,
data_write,1821,62500,,,,,,
data_sync,1821,1520200,,,,,,
marker_write,1821,51900,,,,,,
marker_sync,1821,1543200,,,,,,
append,1822,3436501,,,,,,
encode,1822,4800,,,,,,
data_write,1822,56700,,,,,,
data_sync,1822,1514500,,,,,,
marker_write,1822,41200,,,,,,
marker_sync,1822,1816801,,,,,,
append,1823,3520800,,,,,,
encode,1823,5200,,,,,,
data_write,1823,65900,,,,,,
data_sync,1823,1676500,,,,,,
marker_write,1823,49600,,,,,,
marker_sync,1823,1721000,,,,,,
append,1824,3609200,,,,,,
encode,1824,5200,,,,,,
data_write,1824,67800,,,,,,
data_sync,1824,1754100,,,,,,
marker_write,1824,55400,,,,,,
marker_sync,1824,1723400,,,,,,
append,1825,3390900,,,,,,
encode,1825,5600,,,,,,
data_write,1825,63100,,,,,,
data_sync,1825,1629300,,,,,,
marker_write,1825,53500,,,,,,
marker_sync,1825,1636400,,,,,,
append,1826,3751700,,,,,,
encode,1826,6200,,,,,,
data_write,1826,117500,,,,,,
data_sync,1826,1784900,,,,,,
marker_write,1826,55800,,,,,,
marker_sync,1826,1784000,,,,,,
append,1827,3890201,,,,,,
encode,1827,5900,,,,,,
data_write,1827,90900,,,,,,
data_sync,1827,1927201,,,,,,
marker_write,1827,66900,,,,,,
marker_sync,1827,1795700,,,,,,
append,1828,3737700,,,,,,
encode,1828,5800,,,,,,
data_write,1828,73300,,,,,,
data_sync,1828,1844700,,,,,,
marker_write,1828,63300,,,,,,
marker_sync,1828,1747800,,,,,,
append,1829,3606600,,,,,,
encode,1829,5000,,,,,,
data_write,1829,56300,,,,,,
data_sync,1829,1699600,,,,,,
marker_write,1829,47400,,,,,,
marker_sync,1829,1795900,,,,,,
append,1830,3383400,,,,,,
encode,1830,5600,,,,,,
data_write,1830,66500,,,,,,
data_sync,1830,1706700,,,,,,
marker_write,1830,44400,,,,,,
marker_sync,1830,1557100,,,,,,
append,1831,3737701,,,,,,
encode,1831,4700,,,,,,
data_write,1831,54800,,,,,,
data_sync,1831,1730000,,,,,,
marker_write,1831,74100,,,,,,
marker_sync,1831,1871701,,,,,,
append,1832,3576400,,,,,,
encode,1832,4700,,,,,,
data_write,1832,59700,,,,,,
data_sync,1832,1694300,,,,,,
marker_write,1832,49600,,,,,,
marker_sync,1832,1765500,,,,,,
append,1833,7586200,,,,,,
encode,1833,6100,,,,,,
data_write,1833,61500,,,,,,
data_sync,1833,5766400,,,,,,
marker_write,1833,48100,,,,,,
marker_sync,1833,1701400,,,,,,
append,1834,3716201,,,,,,
encode,1834,5200,,,,,,
data_write,1834,55700,,,,,,
data_sync,1834,1682900,,,,,,
marker_write,1834,92700,,,,,,
marker_sync,1834,1876701,,,,,,
append,1835,3694500,,,,,,
encode,1835,6700,,,,,,
data_write,1835,65100,,,,,,
data_sync,1835,1822000,,,,,,
marker_write,1835,96800,,,,,,
marker_sync,1835,1700500,,,,,,
append,1836,5553000,,,,,,
encode,1836,5400,,,,,,
data_write,1836,64000,,,,,,
data_sync,1836,1947800,,,,,,
marker_write,1836,50400,,,,,,
marker_sync,1836,3482300,,,,,,
append,1837,4318600,,,,,,
encode,1837,5800,,,,,,
data_write,1837,66200,,,,,,
data_sync,1837,2316100,,,,,,
marker_write,1837,52500,,,,,,
marker_sync,1837,1874100,,,,,,
append,1838,4454201,,,,,,
encode,1838,6200,,,,,,
data_write,1838,66100,,,,,,
data_sync,1838,2310001,,,,,,
marker_write,1838,56400,,,,,,
marker_sync,1838,2012400,,,,,,
append,1839,3606700,,,,,,
encode,1839,6300,,,,,,
data_write,1839,68900,,,,,,
data_sync,1839,1749500,,,,,,
marker_write,1839,43600,,,,,,
marker_sync,1839,1735100,,,,,,
append,1840,3552100,,,,,,
encode,1840,5500,,,,,,
data_write,1840,55500,,,,,,
data_sync,1840,1576300,,,,,,
marker_write,1840,73600,,,,,,
marker_sync,1840,1837700,,,,,,
append,1841,3843600,,,,,,
encode,1841,5400,,,,,,
data_write,1841,65700,,,,,,
data_sync,1841,1915500,,,,,,
marker_write,1841,55500,,,,,,
marker_sync,1841,1798100,,,,,,
append,1842,3555001,,,,,,
encode,1842,5500,,,,,,
data_write,1842,64800,,,,,,
data_sync,1842,1739400,,,,,,
marker_write,1842,59600,,,,,,
marker_sync,1842,1682501,,,,,,
append,1843,3806300,,,,,,
encode,1843,6700,,,,,,
data_write,1843,74300,,,,,,
data_sync,1843,1838200,,,,,,
marker_write,1843,62300,,,,,,
marker_sync,1843,1821700,,,,,,
append,1844,3905500,,,,,,
encode,1844,6000,,,,,,
data_write,1844,93900,,,,,,
data_sync,1844,1793100,,,,,,
marker_write,1844,76900,,,,,,
marker_sync,1844,1930300,,,,,,
append,1845,3833100,,,,,,
encode,1845,7400,,,,,,
data_write,1845,73500,,,,,,
data_sync,1845,1832700,,,,,,
marker_write,1845,71900,,,,,,
marker_sync,1845,1842800,,,,,,
append,1846,3889501,,,,,,
encode,1846,6400,,,,,,
data_write,1846,75200,,,,,,
data_sync,1846,1892700,,,,,,
marker_write,1846,55500,,,,,,
marker_sync,1846,1857001,,,,,,
append,1847,3585800,,,,,,
encode,1847,6400,,,,,,
data_write,1847,72800,,,,,,
data_sync,1847,1764400,,,,,,
marker_write,1847,62700,,,,,,
marker_sync,1847,1676600,,,,,,
append,1848,3463600,,,,,,
encode,1848,5400,,,,,,
data_write,1848,65800,,,,,,
data_sync,1848,1718000,,,,,,
marker_write,1848,59700,,,,,,
marker_sync,1848,1611600,,,,,,
append,1849,4178100,,,,,,
encode,1849,6000,,,,,,
data_write,1849,60100,,,,,,
data_sync,1849,1744000,,,,,,
marker_write,1849,57600,,,,,,
marker_sync,1849,2308000,,,,,,
append,1850,3874101,,,,,,
encode,1850,5500,,,,,,
data_write,1850,59100,,,,,,
data_sync,1850,1838500,,,,,,
marker_write,1850,59500,,,,,,
marker_sync,1850,1908301,,,,,,
append,1851,4124900,,,,,,
encode,1851,6300,,,,,,
data_write,1851,66600,,,,,,
data_sync,1851,1861600,,,,,,
marker_write,1851,66900,,,,,,
marker_sync,1851,2120700,,,,,,
append,1852,3619500,,,,,,
encode,1852,5000,,,,,,
data_write,1852,58900,,,,,,
data_sync,1852,1834700,,,,,,
marker_write,1852,54600,,,,,,
marker_sync,1852,1663300,,,,,,
append,1853,3271600,,,,,,
encode,1853,4600,,,,,,
data_write,1853,53100,,,,,,
data_sync,1853,1609500,,,,,,
marker_write,1853,43300,,,,,,
marker_sync,1853,1558600,,,,,,
append,1854,3463600,,,,,,
encode,1854,5300,,,,,,
data_write,1854,67800,,,,,,
data_sync,1854,1659200,,,,,,
marker_write,1854,59300,,,,,,
marker_sync,1854,1669600,,,,,,
append,1855,3354301,,,,,,
encode,1855,5700,,,,,,
data_write,1855,63100,,,,,,
data_sync,1855,1725301,,,,,,
marker_write,1855,45500,,,,,,
marker_sync,1855,1512200,,,,,,
append,1856,3520400,,,,,,
encode,1856,5000,,,,,,
data_write,1856,50700,,,,,,
data_sync,1856,1629100,,,,,,
marker_write,1856,54600,,,,,,
marker_sync,1856,1777500,,,,,,
append,1857,4222700,,,,,,
encode,1857,4700,,,,,,
data_write,1857,58600,,,,,,
data_sync,1857,2308800,,,,,,
marker_write,1857,47600,,,,,,
marker_sync,1857,1800300,,,,,,
append,1858,5039300,,,,,,
encode,1858,5900,,,,,,
data_write,1858,61700,,,,,,
data_sync,1858,3031300,,,,,,
marker_write,1858,48900,,,,,,
marker_sync,1858,1888800,,,,,,
append,1859,5626601,,,,,,
encode,1859,7100,,,,,,
data_write,1859,73500,,,,,,
data_sync,1859,2752901,,,,,,
marker_write,1859,55300,,,,,,
marker_sync,1859,2734700,,,,,,
append,1860,4365700,,,,,,
encode,1860,5500,,,,,,
data_write,1860,58800,,,,,,
data_sync,1860,2269500,,,,,,
marker_write,1860,52700,,,,,,
marker_sync,1860,1975900,,,,,,
append,1861,3569500,,,,,,
encode,1861,6400,,,,,,
data_write,1861,69500,,,,,,
data_sync,1861,1673600,,,,,,
marker_write,1861,59400,,,,,,
marker_sync,1861,1756600,,,,,,
append,1862,3869301,,,,,,
encode,1862,6500,,,,,,
data_write,1862,68200,,,,,,
data_sync,1862,1892500,,,,,,
marker_write,1862,53900,,,,,,
marker_sync,1862,1845701,,,,,,
append,1863,3435800,,,,,,
encode,1863,5500,,,,,,
data_write,1863,57500,,,,,,
data_sync,1863,1739500,,,,,,
marker_write,1863,45100,,,,,,
marker_sync,1863,1585100,,,,,,
append,1864,5001300,,,,,,
encode,1864,4500,,,,,,
data_write,1864,51800,,,,,,
data_sync,1864,2175700,,,,,,
marker_write,1864,51800,,,,,,
marker_sync,1864,2713800,,,,,,
append,1865,3767400,,,,,,
encode,1865,6300,,,,,,
data_write,1865,65400,,,,,,
data_sync,1865,1740600,,,,,,
marker_write,1865,44000,,,,,,
marker_sync,1865,1908400,,,,,,
append,1866,14030501,,,,,,
encode,1866,4700,,,,,,
data_write,1866,65500,,,,,,
data_sync,1866,8386301,,,,,,
marker_write,1866,146300,,,,,,
marker_sync,1866,5383400,,,,,,
append,1867,6648901,,,,,,
encode,1867,6000,,,,,,
data_write,1867,77800,,,,,,
data_sync,1867,2098100,,,,,,
marker_write,1867,51400,,,,,,
marker_sync,1867,4412401,,,,,,
append,1868,3516800,,,,,,
encode,1868,5000,,,,,,
data_write,1868,62100,,,,,,
data_sync,1868,1803200,,,,,,
marker_write,1868,52500,,,,,,
marker_sync,1868,1590500,,,,,,
append,1869,3722900,,,,,,
encode,1869,5500,,,,,,
data_write,1869,56600,,,,,,
data_sync,1869,1719500,,,,,,
marker_write,1869,60700,,,,,,
marker_sync,1869,1877700,,,,,,
append,1870,4527700,,,,,,
encode,1870,5700,,,,,,
data_write,1870,59600,,,,,,
data_sync,1870,2441800,,,,,,
marker_write,1870,50400,,,,,,
marker_sync,1870,1967700,,,,,,
append,1871,3754801,,,,,,
encode,1871,5000,,,,,,
data_write,1871,52900,,,,,,
data_sync,1871,1685300,,,,,,
marker_write,1871,59001,,,,,,
marker_sync,1871,1948900,,,,,,
append,1872,4123500,,,,,,
encode,1872,5600,,,,,,
data_write,1872,65600,,,,,,
data_sync,1872,2119700,,,,,,
marker_write,1872,43300,,,,,,
marker_sync,1872,1886600,,,,,,
append,1873,4111000,,,,,,
encode,1873,6300,,,,,,
data_write,1873,60700,,,,,,
data_sync,1873,1912600,,,,,,
marker_write,1873,61900,,,,,,
marker_sync,1873,2066400,,,,,,
append,1874,3566000,,,,,,
encode,1874,6300,,,,,,
data_write,1874,63400,,,,,,
data_sync,1874,1801000,,,,,,
marker_write,1874,51900,,,,,,
marker_sync,1874,1640300,,,,,,
append,1875,3892301,,,,,,
encode,1875,4900,,,,,,
data_write,1875,62600,,,,,,
data_sync,1875,1858600,,,,,,
marker_write,1875,50000,,,,,,
marker_sync,1875,1913201,,,,,,
append,1876,5064500,,,,,,
encode,1876,6300,,,,,,
data_write,1876,71600,,,,,,
data_sync,1876,2923400,,,,,,
marker_write,1876,31500,,,,,,
marker_sync,1876,2028400,,,,,,
append,1877,3945700,,,,,,
encode,1877,5900,,,,,,
data_write,1877,71000,,,,,,
data_sync,1877,1889300,,,,,,
marker_write,1877,64900,,,,,,
marker_sync,1877,1911600,,,,,,
append,1878,4017700,,,,,,
encode,1878,5900,,,,,,
data_write,1878,69600,,,,,,
data_sync,1878,2011800,,,,,,
marker_write,1878,62700,,,,,,
marker_sync,1878,1864800,,,,,,
append,1879,5485801,,,,,,
encode,1879,5600,,,,,,
data_write,1879,63500,,,,,,
data_sync,1879,3703701,,,,,,
marker_write,1879,62000,,,,,,
marker_sync,1879,1647800,,,,,,
append,1880,3290300,,,,,,
encode,1880,5000,,,,,,
data_write,1880,63500,,,,,,
data_sync,1880,1590200,,,,,,
marker_write,1880,45900,,,,,,
marker_sync,1880,1583200,,,,,,
append,1881,3339400,,,,,,
encode,1881,5500,,,,,,
data_write,1881,61900,,,,,,
data_sync,1881,1580800,,,,,,
marker_write,1881,53500,,,,,,
marker_sync,1881,1634600,,,,,,
append,1882,3633900,,,,,,
encode,1882,6600,,,,,,
data_write,1882,78300,,,,,,
data_sync,1882,1770400,,,,,,
marker_write,1882,58800,,,,,,
marker_sync,1882,1716400,,,,,,
append,1883,4107401,,,,,,
encode,1883,6400,,,,,,
data_write,1883,142800,,,,,,
data_sync,1883,2027901,,,,,,
marker_write,1883,63100,,,,,,
marker_sync,1883,1864300,,,,,,
append,1884,3713600,,,,,,
encode,1884,5800,,,,,,
data_write,1884,63200,,,,,,
data_sync,1884,1769100,,,,,,
marker_write,1884,52600,,,,,,
marker_sync,1884,1819400,,,,,,
append,1885,3729200,,,,,,
encode,1885,5500,,,,,,
data_write,1885,82700,,,,,,
data_sync,1885,1740000,,,,,,
marker_write,1885,61600,,,,,,
marker_sync,1885,1836400,,,,,,
append,1886,4098100,,,,,,
encode,1886,6400,,,,,,
data_write,1886,66000,,,,,,
data_sync,1886,2024800,,,,,,
marker_write,1886,62800,,,,,,
marker_sync,1886,1935100,,,,,,
append,1887,3423301,,,,,,
encode,1887,5700,,,,,,
data_write,1887,62100,,,,,,
data_sync,1887,1729401,,,,,,
marker_write,1887,46500,,,,,,
marker_sync,1887,1576400,,,,,,
append,1888,3650000,,,,,,
encode,1888,5600,,,,,,
data_write,1888,60900,,,,,,
data_sync,1888,1796400,,,,,,
marker_write,1888,46400,,,,,,
marker_sync,1888,1737700,,,,,,
append,1889,4182600,,,,,,
encode,1889,5100,,,,,,
data_write,1889,68400,,,,,,
data_sync,1889,1810200,,,,,,
marker_write,1889,49100,,,,,,
marker_sync,1889,2246100,,,,,,
append,1890,4008700,,,,,,
encode,1890,6000,,,,,,
data_write,1890,67900,,,,,,
data_sync,1890,2079700,,,,,,
marker_write,1890,56200,,,,,,
marker_sync,1890,1796100,,,,,,
append,1891,4075701,,,,,,
encode,1891,5200,,,,,,
data_write,1891,58800,,,,,,
data_sync,1891,2147401,,,,,,
marker_write,1891,50000,,,,,,
marker_sync,1891,1811500,,,,,,
append,1892,4265900,,,,,,
encode,1892,21100,,,,,,
data_write,1892,30400,,,,,,
data_sync,1892,1891000,,,,,,
marker_write,1892,52300,,,,,,
marker_sync,1892,2267900,,,,,,
append,1893,3535100,,,,,,
encode,1893,5900,,,,,,
data_write,1893,36500,,,,,,
data_sync,1893,1742200,,,,,,
marker_write,1893,51800,,,,,,
marker_sync,1893,1695500,,,,,,
append,1894,4149900,,,,,,
encode,1894,5500,,,,,,
data_write,1894,63700,,,,,,
data_sync,1894,2186800,,,,,,
marker_write,1894,36500,,,,,,
marker_sync,1894,1854300,,,,,,
append,1895,3776801,,,,,,
encode,1895,5600,,,,,,
data_write,1895,84500,,,,,,
data_sync,1895,1778801,,,,,,
marker_write,1895,63300,,,,,,
marker_sync,1895,1841100,,,,,,
append,1896,4505400,,,,,,
encode,1896,7500,,,,,,
data_write,1896,78600,,,,,,
data_sync,1896,1969700,,,,,,
marker_write,1896,71200,,,,,,
marker_sync,1896,2373700,,,,,,
append,1897,3860500,,,,,,
encode,1897,7200,,,,,,
data_write,1897,80600,,,,,,
data_sync,1897,1847200,,,,,,
marker_write,1897,63600,,,,,,
marker_sync,1897,1859000,,,,,,
append,1898,4049100,,,,,,
encode,1898,5700,,,,,,
data_write,1898,66500,,,,,,
data_sync,1898,1983400,,,,,,
marker_write,1898,58500,,,,,,
marker_sync,1898,1932300,,,,,,
append,1899,4003301,,,,,,
encode,1899,5200,,,,,,
data_write,1899,66500,,,,,,
data_sync,1899,1877501,,,,,,
marker_write,1899,64900,,,,,,
marker_sync,1899,1985400,,,,,,
append,1900,3600200,,,,,,
encode,1900,5700,,,,,,
data_write,1900,64800,,,,,,
data_sync,1900,1734200,,,,,,
marker_write,1900,47000,,,,,,
marker_sync,1900,1746000,,,,,,
append,1901,4009500,,,,,,
encode,1901,4500,,,,,,
data_write,1901,55700,,,,,,
data_sync,1901,1935600,,,,,,
marker_write,1901,52600,,,,,,
marker_sync,1901,1958100,,,,,,
append,1902,4117400,,,,,,
encode,1902,6000,,,,,,
data_write,1902,57100,,,,,,
data_sync,1902,1921300,,,,,,
marker_write,1902,46400,,,,,,
marker_sync,1902,2083400,,,,,,
append,1903,4090901,,,,,,
encode,1903,6300,,,,,,
data_write,1903,63600,,,,,,
data_sync,1903,2073601,,,,,,
marker_write,1903,50600,,,,,,
marker_sync,1903,1893700,,,,,,
append,1904,4201100,,,,,,
encode,1904,6100,,,,,,
data_write,1904,49300,,,,,,
data_sync,1904,2195800,,,,,,
marker_write,1904,48000,,,,,,
marker_sync,1904,1899200,,,,,,
append,1905,3551600,,,,,,
encode,1905,4100,,,,,,
data_write,1905,50900,,,,,,
data_sync,1905,1741100,,,,,,
marker_write,1905,52900,,,,,,
marker_sync,1905,1699700,,,,,,
append,1906,4038600,,,,,,
encode,1906,6200,,,,,,
data_write,1906,65300,,,,,,
data_sync,1906,2126200,,,,,,
marker_write,1906,64900,,,,,,
marker_sync,1906,1772500,,,,,,
append,1907,9224001,,,,,,
encode,1907,5300,,,,,,
data_write,1907,63100,,,,,,
data_sync,1907,2481701,,,,,,
marker_write,1907,56500,,,,,,
marker_sync,1907,6614000,,,,,,
append,1908,3517800,,,,,,
encode,1908,5600,,,,,,
data_write,1908,71500,,,,,,
data_sync,1908,1645000,,,,,,
marker_write,1908,53300,,,,,,
marker_sync,1908,1738800,,,,,,
append,1909,3364200,,,,,,
encode,1909,5500,,,,,,
data_write,1909,81200,,,,,,
data_sync,1909,1611200,,,,,,
marker_write,1909,46200,,,,,,
marker_sync,1909,1616600,,,,,,
append,1910,3950201,,,,,,
encode,1910,5100,,,,,,
data_write,1910,68300,,,,,,
data_sync,1910,2057601,,,,,,
marker_write,1910,64400,,,,,,
marker_sync,1910,1751400,,,,,,
append,1911,4034000,,,,,,
encode,1911,5400,,,,,,
data_write,1911,67900,,,,,,
data_sync,1911,1713500,,,,,,
marker_write,1911,64100,,,,,,
marker_sync,1911,2179900,,,,,,
append,1912,3568700,,,,,,
encode,1912,6200,,,,,,
data_write,1912,74300,,,,,,
data_sync,1912,1848800,,,,,,
marker_write,1912,62300,,,,,,
marker_sync,1912,1573400,,,,,,
append,1913,3848600,,,,,,
encode,1913,6000,,,,,,
data_write,1913,60500,,,,,,
data_sync,1913,1726100,,,,,,
marker_write,1913,56400,,,,,,
marker_sync,1913,1995900,,,,,,
append,1914,3831501,,,,,,
encode,1914,6200,,,,,,
data_write,1914,76400,,,,,,
data_sync,1914,1963601,,,,,,
marker_write,1914,59300,,,,,,
marker_sync,1914,1723000,,,,,,
append,1915,4215000,,,,,,
encode,1915,6200,,,,,,
data_write,1915,58300,,,,,,
data_sync,1915,1762200,,,,,,
marker_write,1915,56300,,,,,,
marker_sync,1915,2329300,,,,,,
append,1916,5566900,,,,,,
encode,1916,6500,,,,,,
data_write,1916,34400,,,,,,
data_sync,1916,1649300,,,,,,
marker_write,1916,47700,,,,,,
marker_sync,1916,3826000,,,,,,
append,1917,3667401,,,,,,
encode,1917,6000,,,,,,
data_write,1917,72300,,,,,,
data_sync,1917,1781200,,,,,,
marker_write,1917,46400,,,,,,
marker_sync,1917,1757901,,,,,,
append,1918,4133600,,,,,,
encode,1918,4400,,,,,,
data_write,1918,58800,,,,,,
data_sync,1918,2042200,,,,,,
marker_write,1918,61800,,,,,,
marker_sync,1918,1962600,,,,,,
append,1919,3680000,,,,,,
encode,1919,6000,,,,,,
data_write,1919,69800,,,,,,
data_sync,1919,1786700,,,,,,
marker_write,1919,58900,,,,,,
marker_sync,1919,1755700,,,,,,
append,1920,3859400,,,,,,
encode,1920,6100,,,,,,
data_write,1920,66200,,,,,,
data_sync,1920,1755900,,,,,,
marker_write,1920,59300,,,,,,
marker_sync,1920,1969200,,,,,,
append,1921,4057700,,,,,,
encode,1921,5600,,,,,,
data_write,1921,64800,,,,,,
data_sync,1921,2060000,,,,,,
marker_write,1921,51600,,,,,,
marker_sync,1921,1871800,,,,,,
append,1922,3971900,,,,,,
encode,1922,6200,,,,,,
data_write,1922,64700,,,,,,
data_sync,1922,1819000,,,,,,
marker_write,1922,56700,,,,,,
marker_sync,1922,2022400,,,,,,
append,1923,3478800,,,,,,
encode,1923,5400,,,,,,
data_write,1923,53900,,,,,,
data_sync,1923,1691900,,,,,,
marker_write,1923,45900,,,,,,
marker_sync,1923,1678400,,,,,,
append,1924,3456600,,,,,,
encode,1924,6100,,,,,,
data_write,1924,80700,,,,,,
data_sync,1924,1605000,,,,,,
marker_write,1924,56700,,,,,,
marker_sync,1924,1705400,,,,,,
append,1925,4151800,,,,,,
encode,1925,6100,,,,,,
data_write,1925,60700,,,,,,
data_sync,1925,1844300,,,,,,
marker_write,1925,54400,,,,,,
marker_sync,1925,2183000,,,,,,
append,1926,3456801,,,,,,
encode,1926,6200,,,,,,
data_write,1926,65100,,,,,,
data_sync,1926,1667101,,,,,,
marker_write,1926,53500,,,,,,
marker_sync,1926,1661500,,,,,,
append,1927,3655800,,,,,,
encode,1927,4200,,,,,,
data_write,1927,51000,,,,,,
data_sync,1927,1786400,,,,,,
marker_write,1927,41900,,,,,,
marker_sync,1927,1769800,,,,,,
append,1928,3624600,,,,,,
encode,1928,6400,,,,,,
data_write,1928,63200,,,,,,
data_sync,1928,1762700,,,,,,
marker_write,1928,53200,,,,,,
marker_sync,1928,1735200,,,,,,
append,1929,3940900,,,,,,
encode,1929,6400,,,,,,
data_write,1929,69100,,,,,,
data_sync,1929,2005000,,,,,,
marker_write,1929,62100,,,,,,
marker_sync,1929,1795100,,,,,,
append,1930,3240001,,,,,,
encode,1930,4500,,,,,,
data_write,1930,54300,,,,,,
data_sync,1930,1574900,,,,,,
marker_write,1930,49600,,,,,,
marker_sync,1930,1553401,,,,,,
append,1931,3342800,,,,,,
encode,1931,4500,,,,,,
data_write,1931,55900,,,,,,
data_sync,1931,1469100,,,,,,
marker_write,1931,46000,,,,,,
marker_sync,1931,1764200,,,,,,
append,1932,8054000,,,,,,
encode,1932,6000,,,,,,
data_write,1932,66100,,,,,,
data_sync,1932,1746400,,,,,,
marker_write,1932,59300,,,,,,
marker_sync,1932,6172500,,,,,,
append,1933,3496701,,,,,,
encode,1933,6000,,,,,,
data_write,1933,72600,,,,,,
data_sync,1933,1761200,,,,,,
marker_write,1933,49900,,,,,,
marker_sync,1933,1603901,,,,,,
append,1934,3182200,,,,,,
encode,1934,4900,,,,,,
data_write,1934,55300,,,,,,
data_sync,1934,1508800,,,,,,
marker_write,1934,50700,,,,,,
marker_sync,1934,1559800,,,,,,
append,1935,3472500,,,,,,
encode,1935,6100,,,,,,
data_write,1935,59000,,,,,,
data_sync,1935,1664000,,,,,,
marker_write,1935,57800,,,,,,
marker_sync,1935,1682200,,,,,,
append,1936,3723700,,,,,,
encode,1936,6700,,,,,,
data_write,1936,60800,,,,,,
data_sync,1936,1789600,,,,,,
marker_write,1936,45700,,,,,,
marker_sync,1936,1817700,,,,,,
append,1937,3696800,,,,,,
encode,1937,5900,,,,,,
data_write,1937,62300,,,,,,
data_sync,1937,1834900,,,,,,
marker_write,1937,44500,,,,,,
marker_sync,1937,1746400,,,,,,
append,1938,3510301,,,,,,
encode,1938,5100,,,,,,
data_write,1938,66800,,,,,,
data_sync,1938,1622701,,,,,,
marker_write,1938,71700,,,,,,
marker_sync,1938,1741200,,,,,,
append,1939,3762900,,,,,,
encode,1939,5000,,,,,,
data_write,1939,51100,,,,,,
data_sync,1939,1665900,,,,,,
marker_write,1939,55200,,,,,,
marker_sync,1939,1982500,,,,,,
append,1940,3851200,,,,,,
encode,1940,6800,,,,,,
data_write,1940,74400,,,,,,
data_sync,1940,2023800,,,,,,
marker_write,1940,30200,,,,,,
marker_sync,1940,1712900,,,,,,
append,1941,3779900,,,,,,
encode,1941,6100,,,,,,
data_write,1941,56000,,,,,,
data_sync,1941,1797400,,,,,,
marker_write,1941,43200,,,,,,
marker_sync,1941,1874100,,,,,,
append,1942,3996901,,,,,,
encode,1942,6600,,,,,,
data_write,1942,65600,,,,,,
data_sync,1942,2191601,,,,,,
marker_write,1942,26300,,,,,,
marker_sync,1942,1703800,,,,,,
append,1943,3738100,,,,,,
encode,1943,5200,,,,,,
data_write,1943,52300,,,,,,
data_sync,1943,1826300,,,,,,
marker_write,1943,66500,,,,,,
marker_sync,1943,1784800,,,,,,
append,1944,3752800,,,,,,
encode,1944,6000,,,,,,
data_write,1944,58600,,,,,,
data_sync,1944,1865600,,,,,,
marker_write,1944,57900,,,,,,
marker_sync,1944,1761300,,,,,,
append,1945,4416900,,,,,,
encode,1945,6000,,,,,,
data_write,1945,62000,,,,,,
data_sync,1945,2398700,,,,,,
marker_write,1945,57500,,,,,,
marker_sync,1945,1889500,,,,,,
append,1946,3959601,,,,,,
encode,1946,6000,,,,,,
data_write,1946,68400,,,,,,
data_sync,1946,2004800,,,,,,
marker_write,1946,23100,,,,,,
marker_sync,1946,1854301,,,,,,
append,1947,3887300,,,,,,
encode,1947,6500,,,,,,
data_write,1947,67800,,,,,,
data_sync,1947,1931400,,,,,,
marker_write,1947,58800,,,,,,
marker_sync,1947,1819100,,,,,,
append,1948,3572800,,,,,,
encode,1948,6100,,,,,,
data_write,1948,67400,,,,,,
data_sync,1948,1660300,,,,,,
marker_write,1948,54200,,,,,,
marker_sync,1948,1782200,,,,,,
append,1949,3966300,,,,,,
encode,1949,5100,,,,,,
data_write,1949,57800,,,,,,
data_sync,1949,1886700,,,,,,
marker_write,1949,64000,,,,,,
marker_sync,1949,1949000,,,,,,
append,1950,3751301,,,,,,
encode,1950,6600,,,,,,
data_write,1950,64900,,,,,,
data_sync,1950,1920800,,,,,,
marker_write,1950,61800,,,,,,
marker_sync,1950,1693901,,,,,,
append,1951,8622500,,,,,,
encode,1951,7500,,,,,,
data_write,1951,71200,,,,,,
data_sync,1951,1730700,,,,,,
marker_write,1951,66400,,,,,,
marker_sync,1951,6743800,,,,,,
append,1952,4175200,,,,,,
encode,1952,6700,,,,,,
data_write,1952,76100,,,,,,
data_sync,1952,2042200,,,,,,
marker_write,1952,83100,,,,,,
marker_sync,1952,1963200,,,,,,
append,1953,3795401,,,,,,
encode,1953,6700,,,,,,
data_write,1953,73200,,,,,,
data_sync,1953,1852001,,,,,,
marker_write,1953,59100,,,,,,
marker_sync,1953,1800800,,,,,,
append,1954,3786300,,,,,,
encode,1954,6000,,,,,,
data_write,1954,63100,,,,,,
data_sync,1954,1813000,,,,,,
marker_write,1954,58200,,,,,,
marker_sync,1954,1842700,,,,,,
append,1955,3594200,,,,,,
encode,1955,5000,,,,,,
data_write,1955,65700,,,,,,
data_sync,1955,1807600,,,,,,
marker_write,1955,46000,,,,,,
marker_sync,1955,1667200,,,,,,
append,1956,4084800,,,,,,
encode,1956,4900,,,,,,
data_write,1956,52100,,,,,,
data_sync,1956,2187200,,,,,,
marker_write,1956,25400,,,,,,
marker_sync,1956,1811900,,,,,,
append,1957,5225901,,,,,,
encode,1957,5900,,,,,,
data_write,1957,59400,,,,,,
data_sync,1957,3070701,,,,,,
marker_write,1957,49300,,,,,,
marker_sync,1957,2036800,,,,,,
append,1958,3687600,,,,,,
encode,1958,5300,,,,,,
data_write,1958,65300,,,,,,
data_sync,1958,1764400,,,,,,
marker_write,1958,50900,,,,,,
marker_sync,1958,1798700,,,,,,
append,1959,4011200,,,,,,
encode,1959,6100,,,,,,
data_write,1959,55800,,,,,,
data_sync,1959,1812800,,,,,,
marker_write,1959,53100,,,,,,
marker_sync,1959,2079700,,,,,,
append,1960,4148900,,,,,,
encode,1960,6200,,,,,,
data_write,1960,69100,,,,,,
data_sync,1960,1970600,,,,,,
marker_write,1960,51300,,,,,,
marker_sync,1960,2048200,,,,,,
append,1961,4002601,,,,,,
encode,1961,6300,,,,,,
data_write,1961,70800,,,,,,
data_sync,1961,1927001,,,,,,
marker_write,1961,55800,,,,,,
marker_sync,1961,1939600,,,,,,
append,1962,4033200,,,,,,
encode,1962,6700,,,,,,
data_write,1962,71100,,,,,,
data_sync,1962,1960400,,,,,,
marker_write,1962,65600,,,,,,
marker_sync,1962,1926600,,,,,,
append,1963,4464400,,,,,,
encode,1963,5000,,,,,,
data_write,1963,55400,,,,,,
data_sync,1963,1770100,,,,,,
marker_write,1963,60100,,,,,,
marker_sync,1963,2570200,,,,,,
append,1964,3310300,,,,,,
encode,1964,4500,,,,,,
data_write,1964,64100,,,,,,
data_sync,1964,1694500,,,,,,
marker_write,1964,42100,,,,,,
marker_sync,1964,1501800,,,,,,
append,1965,3001101,,,,,,
encode,1965,4200,,,,,,
data_write,1965,52100,,,,,,
data_sync,1965,1399701,,,,,,
marker_write,1965,62200,,,,,,
marker_sync,1965,1479900,,,,,,
append,1966,3024500,,,,,,
encode,1966,5700,,,,,,
data_write,1966,59600,,,,,,
data_sync,1966,1425100,,,,,,
marker_write,1966,44300,,,,,,
marker_sync,1966,1487100,,,,,,
append,1967,3230100,,,,,,
encode,1967,6000,,,,,,
data_write,1967,49600,,,,,,
data_sync,1967,1537900,,,,,,
marker_write,1967,44200,,,,,,
marker_sync,1967,1589800,,,,,,
append,1968,3571200,,,,,,
encode,1968,6000,,,,,,
data_write,1968,69000,,,,,,
data_sync,1968,1624100,,,,,,
marker_write,1968,57300,,,,,,
marker_sync,1968,1811100,,,,,,
append,1969,3794600,,,,,,
encode,1969,6100,,,,,,
data_write,1969,71000,,,,,,
data_sync,1969,1847700,,,,,,
marker_write,1969,78700,,,,,,
marker_sync,1969,1787500,,,,,,
append,1970,3529701,,,,,,
encode,1970,6400,,,,,,
data_write,1970,72600,,,,,,
data_sync,1970,1743301,,,,,,
marker_write,1970,55400,,,,,,
marker_sync,1970,1648900,,,,,,
append,1971,3500300,,,,,,
encode,1971,5700,,,,,,
data_write,1971,65200,,,,,,
data_sync,1971,1549700,,,,,,
marker_write,1971,47900,,,,,,
marker_sync,1971,1828900,,,,,,
append,1972,3569800,,,,,,
encode,1972,5700,,,,,,
data_write,1972,68200,,,,,,
data_sync,1972,1758900,,,,,,
marker_write,1972,61400,,,,,,
marker_sync,1972,1673000,,,,,,
append,1973,3944100,,,,,,
encode,1973,5200,,,,,,
data_write,1973,58600,,,,,,
data_sync,1973,2238900,,,,,,
marker_write,1973,85200,,,,,,
marker_sync,1973,1553400,,,,,,
append,1974,3304301,,,,,,
encode,1974,6400,,,,,,
data_write,1974,65100,,,,,,
data_sync,1974,1677601,,,,,,
marker_write,1974,57300,,,,,,
marker_sync,1974,1495500,,,,,,
append,1975,3280700,,,,,,
encode,1975,5300,,,,,,
data_write,1975,57700,,,,,,
data_sync,1975,1586500,,,,,,
marker_write,1975,53700,,,,,,
marker_sync,1975,1574500,,,,,,
append,1976,3515200,,,,,,
encode,1976,5600,,,,,,
data_write,1976,60900,,,,,,
data_sync,1976,1640200,,,,,,
marker_write,1976,53100,,,,,,
marker_sync,1976,1752400,,,,,,
append,1977,3947600,,,,,,
encode,1977,5900,,,,,,
data_write,1977,57000,,,,,,
data_sync,1977,1883500,,,,,,
marker_write,1977,44400,,,,,,
marker_sync,1977,1954000,,,,,,
append,1978,4503601,,,,,,
encode,1978,5200,,,,,,
data_write,1978,66400,,,,,,
data_sync,1978,1941000,,,,,,
marker_write,1978,51900,,,,,,
marker_sync,1978,2435901,,,,,,
append,1979,3709200,,,,,,
encode,1979,6000,,,,,,
data_write,1979,68800,,,,,,
data_sync,1979,1915500,,,,,,
marker_write,1979,58600,,,,,,
marker_sync,1979,1657000,,,,,,
append,1980,3210700,,,,,,
encode,1980,5400,,,,,,
data_write,1980,66000,,,,,,
data_sync,1980,1465900,,,,,,
marker_write,1980,43500,,,,,,
marker_sync,1980,1626800,,,,,,
append,1981,4481500,,,,,,
encode,1981,5500,,,,,,
data_write,1981,65500,,,,,,
data_sync,1981,1806500,,,,,,
marker_write,1981,59200,,,,,,
marker_sync,1981,2541500,,,,,,
append,1982,8479801,,,,,,
encode,1982,5800,,,,,,
data_write,1982,65700,,,,,,
data_sync,1982,6643701,,,,,,
marker_write,1982,63700,,,,,,
marker_sync,1982,1697400,,,,,,
append,1983,4005400,,,,,,
encode,1983,6000,,,,,,
data_write,1983,77300,,,,,,
data_sync,1983,1881000,,,,,,
marker_write,1983,44800,,,,,,
marker_sync,1983,1993200,,,,,,
append,1984,3824200,,,,,,
encode,1984,6800,,,,,,
data_write,1984,72200,,,,,,
data_sync,1984,2050300,,,,,,
marker_write,1984,54200,,,,,,
marker_sync,1984,1637500,,,,,,
append,1985,3408601,,,,,,
encode,1985,3900,,,,,,
data_write,1985,58100,,,,,,
data_sync,1985,1559200,,,,,,
marker_write,1985,47000,,,,,,
marker_sync,1985,1737901,,,,,,
append,1986,3815900,,,,,,
encode,1986,4500,,,,,,
data_write,1986,51700,,,,,,
data_sync,1986,1561800,,,,,,
marker_write,1986,44900,,,,,,
marker_sync,1986,2150600,,,,,,
append,1987,4027600,,,,,,
encode,1987,5900,,,,,,
data_write,1987,65000,,,,,,
data_sync,1987,1930500,,,,,,
marker_write,1987,56800,,,,,,
marker_sync,1987,1966200,,,,,,
append,1988,4070500,,,,,,
encode,1988,6300,,,,,,
data_write,1988,64000,,,,,,
data_sync,1988,1916700,,,,,,
marker_write,1988,60100,,,,,,
marker_sync,1988,2019700,,,,,,
append,1989,4100301,,,,,,
encode,1989,5400,,,,,,
data_write,1989,64300,,,,,,
data_sync,1989,1939700,,,,,,
marker_write,1989,92100,,,,,,
marker_sync,1989,1995301,,,,,,
append,1990,4341000,,,,,,
encode,1990,6300,,,,,,
data_write,1990,65500,,,,,,
data_sync,1990,2226700,,,,,,
marker_write,1990,54300,,,,,,
marker_sync,1990,1985000,,,,,,
append,1991,7784100,,,,,,
encode,1991,6700,,,,,,
data_write,1991,40700,,,,,,
data_sync,1991,2205200,,,,,,
marker_write,1991,43300,,,,,,
marker_sync,1991,5485300,,,,,,
append,1992,3865301,,,,,,
encode,1992,5500,,,,,,
data_write,1992,70500,,,,,,
data_sync,1992,1918000,,,,,,
marker_write,1992,61000,,,,,,
marker_sync,1992,1806601,,,,,,
append,1993,3807000,,,,,,
encode,1993,6400,,,,,,
data_write,1993,77500,,,,,,
data_sync,1993,1965200,,,,,,
marker_write,1993,52400,,,,,,
marker_sync,1993,1702700,,,,,,
append,1994,3740500,,,,,,
encode,1994,6900,,,,,,
data_write,1994,64400,,,,,,
data_sync,1994,1682100,,,,,,
marker_write,1994,51300,,,,,,
marker_sync,1994,1932900,,,,,,
append,1995,4252100,,,,,,
encode,1995,6100,,,,,,
data_write,1995,80700,,,,,,
data_sync,1995,2046500,,,,,,
marker_write,1995,59400,,,,,,
marker_sync,1995,2055800,,,,,,
append,1996,3832001,,,,,,
encode,1996,6600,,,,,,
data_write,1996,88500,,,,,,
data_sync,1996,1923100,,,,,,
marker_write,1996,31800,,,,,,
marker_sync,1996,1779001,,,,,,
append,1997,4096900,,,,,,
encode,1997,7000,,,,,,
data_write,1997,65000,,,,,,
data_sync,1997,1745500,,,,,,
marker_write,1997,62800,,,,,,
marker_sync,1997,2213200,,,,,,
append,1998,3885800,,,,,,
encode,1998,6700,,,,,,
data_write,1998,77400,,,,,,
data_sync,1998,1761700,,,,,,
marker_write,1998,28200,,,,,,
marker_sync,1998,2009000,,,,,,
append,1999,4001400,,,,,,
encode,1999,5500,,,,,,
data_write,1999,71800,,,,,,
data_sync,1999,1833700,,,,,,
marker_write,1999,58500,,,,,,
marker_sync,1999,2028300,,,,,,
append,2000,7365201,,,,,,
encode,2000,6400,,,,,,
data_write,2000,70700,,,,,,
data_sync,2000,1635800,,,,,,
marker_write,2000,45500,,,,,,
marker_sync,2000,5603201,,,,,,
ingest,,6565905273,2000,28,296000,2564,,
