phase,event_index,elapsed_ns,events,full_rejections,file_bytes,peak_rss_kib,alloc_calls,alloc_requested_bytes
append,1,4040201,,,,,,
encode,1,12900,,,,,,
data_write,1,90200,,,,,,
data_sync,1,1980500,,,,,,
marker_write,1,53701,,,,,,
marker_sync,1,1900400,,,,,,
append,2,3853500,,,,,,
encode,2,6300,,,,,,
data_write,2,69100,,,,,,
data_sync,2,1982100,,,,,,
marker_write,2,58600,,,,,,
marker_sync,2,1734200,,,,,,
append,3,3922500,,,,,,
encode,3,5400,,,,,,
data_write,3,71000,,,,,,
data_sync,3,1803900,,,,,,
marker_write,3,60700,,,,,,
marker_sync,3,1978300,,,,,,
append,4,4307600,,,,,,
encode,4,6300,,,,,,
data_write,4,75400,,,,,,
data_sync,4,2141000,,,,,,
marker_write,4,63200,,,,,,
marker_sync,4,2018500,,,,,,
append,5,3696801,,,,,,
encode,5,6500,,,,,,
data_write,5,43600,,,,,,
data_sync,5,1883701,,,,,,
marker_write,5,48500,,,,,,
marker_sync,5,1711500,,,,,,
append,6,3492900,,,,,,
encode,6,5800,,,,,,
data_write,6,65800,,,,,,
data_sync,6,1622600,,,,,,
marker_write,6,44900,,,,,,
marker_sync,6,1751200,,,,,,
append,7,4268100,,,,,,
encode,7,5700,,,,,,
data_write,7,66200,,,,,,
data_sync,7,1877800,,,,,,
marker_write,7,60600,,,,,,
marker_sync,7,2255000,,,,,,
append,8,6611901,,,,,,
encode,8,6400,,,,,,
data_write,8,73700,,,,,,
data_sync,8,2261600,,,,,,
marker_write,8,107300,,,,,,
marker_sync,8,4159801,,,,,,
append,9,4937200,,,,,,
encode,9,15800,,,,,,
data_write,9,253500,,,,,,
data_sync,9,2561900,,,,,,
marker_write,9,66000,,,,,,
marker_sync,9,2036700,,,,,,
append,10,4320200,,,,,,
encode,10,6200,,,,,,
data_write,10,85200,,,,,,
data_sync,10,2033800,,,,,,
marker_write,10,64100,,,,,,
marker_sync,10,2128100,,,,,,
append,11,4456700,,,,,,
encode,11,6300,,,,,,
data_write,11,84200,,,,,,
data_sync,11,2163500,,,,,,
marker_write,11,65500,,,,,,
marker_sync,11,2133900,,,,,,
append,12,4252801,,,,,,
encode,12,6000,,,,,,
data_write,12,60900,,,,,,
data_sync,12,2021101,,,,,,
marker_write,12,66500,,,,,,
marker_sync,12,2095500,,,,,,
append,13,3822100,,,,,,
encode,13,6200,,,,,,
data_write,13,68700,,,,,,
data_sync,13,1859800,,,,,,
marker_write,13,50900,,,,,,
marker_sync,13,1833100,,,,,,
append,14,4161900,,,,,,
encode,14,5300,,,,,,
data_write,14,60500,,,,,,
data_sync,14,1905900,,,,,,
marker_write,14,33400,,,,,,
marker_sync,14,2154200,,,,,,
append,15,4244800,,,,,,
encode,15,6500,,,,,,
data_write,15,78400,,,,,,
data_sync,15,2002700,,,,,,
marker_write,15,54100,,,,,,
marker_sync,15,2100000,,,,,,
append,16,4058501,,,,,,
encode,16,5600,,,,,,
data_write,16,65900,,,,,,
data_sync,16,1993801,,,,,,
marker_write,16,61600,,,,,,
marker_sync,16,1927700,,,,,,
append,17,3844300,,,,,,
encode,17,5300,,,,,,
data_write,17,68500,,,,,,
data_sync,17,1832400,,,,,,
marker_write,17,60200,,,,,,
marker_sync,17,1875400,,,,,,
append,18,3966000,,,,,,
encode,18,4500,,,,,,
data_write,18,71000,,,,,,
data_sync,18,1950600,,,,,,
marker_write,18,65200,,,,,,
marker_sync,18,1871100,,,,,,
append,19,3409400,,,,,,
encode,19,5700,,,,,,
data_write,19,69600,,,,,,
data_sync,19,1622400,,,,,,
marker_write,19,57500,,,,,,
marker_sync,19,1651600,,,,,,
append,20,5269301,,,,,,
encode,20,4500,,,,,,
data_write,20,64400,,,,,,
data_sync,20,1633201,,,,,,
marker_write,20,53300,,,,,,
marker_sync,20,3509900,,,,,,
append,21,3951700,,,,,,
encode,21,6200,,,,,,
data_write,21,72600,,,,,,
data_sync,21,2013500,,,,,,
marker_write,21,44500,,,,,,
marker_sync,21,1812300,,,,,,
append,22,4540400,,,,,,
encode,22,4100,,,,,,
data_write,22,57200,,,,,,
data_sync,22,2645000,,,,,,
marker_write,22,57500,,,,,,
marker_sync,22,1773800,,,,,,
append,23,3850001,,,,,,
encode,23,4500,,,,,,
data_write,23,57600,,,,,,
data_sync,23,1850100,,,,,,
marker_write,23,112200,,,,,,
marker_sync,23,1822501,,,,,,
append,24,3563300,,,,,,
encode,24,4200,,,,,,
data_write,24,54900,,,,,,
data_sync,24,1669300,,,,,,
marker_write,24,47400,,,,,,
marker_sync,24,1784900,,,,,,
append,25,3634500,,,,,,
encode,25,5500,,,,,,
data_write,25,57100,,,,,,
data_sync,25,1857800,,,,,,
marker_write,25,62300,,,,,,
marker_sync,25,1648300,,,,,,
append,26,3890600,,,,,,
encode,26,5900,,,,,,
data_write,26,75700,,,,,,
data_sync,26,1911100,,,,,,
marker_write,26,51200,,,,,,
marker_sync,26,1843500,,,,,,
append,27,3621300,,,,,,
encode,27,5900,,,,,,
data_write,27,62600,,,,,,
data_sync,27,1769100,,,,,,
marker_write,27,60000,,,,,,
marker_sync,27,1720400,,,,,,
append,28,3952901,,,,,,
encode,28,4800,,,,,,
data_write,28,81200,,,,,,
data_sync,28,1997501,,,,,,
marker_write,28,51400,,,,,,
marker_sync,28,1814800,,,,,,
append,29,3707600,,,,,,
encode,29,5800,,,,,,
data_write,29,66500,,,,,,
data_sync,29,1761600,,,,,,
marker_write,29,57300,,,,,,
marker_sync,29,1813400,,,,,,
append,30,4094500,,,,,,
encode,30,3900,,,,,,
data_write,30,57700,,,,,,
data_sync,30,2026200,,,,,,
marker_write,30,58400,,,,,,
marker_sync,30,1945100,,,,,,
append,31,4056700,,,,,,
encode,31,5500,,,,,,
data_write,31,61400,,,,,,
data_sync,31,1880000,,,,,,
marker_write,31,61300,,,,,,
marker_sync,31,2045700,,,,,,
append,32,3979701,,,,,,
encode,32,6300,,,,,,
data_write,32,77600,,,,,,
data_sync,32,2028401,,,,,,
marker_write,32,29600,,,,,,
marker_sync,32,1835300,,,,,,
append,33,3601900,,,,,,
encode,33,4800,,,,,,
data_write,33,59400,,,,,,
data_sync,33,1641000,,,,,,
marker_write,33,63400,,,,,,
marker_sync,33,1831000,,,,,,
append,34,4116900,,,,,,
encode,34,5800,,,,,,
data_write,34,72100,,,,,,
data_sync,34,1902100,,,,,,
marker_write,34,58500,,,,,,
marker_sync,34,2075400,,,,,,
append,35,3609100,,,,,,
encode,35,6100,,,,,,
data_write,35,83000,,,,,,
data_sync,35,1790700,,,,,,
marker_write,35,57700,,,,,,
marker_sync,35,1668900,,,,,,
append,36,3313101,,,,,,
encode,36,5500,,,,,,
data_write,36,77200,,,,,,
data_sync,36,1605001,,,,,,
marker_write,36,46200,,,,,,
marker_sync,36,1575900,,,,,,
append,37,3276700,,,,,,
encode,37,5700,,,,,,
data_write,37,70300,,,,,,
data_sync,37,1567300,,,,,,
marker_write,37,49400,,,,,,
marker_sync,37,1564100,,,,,,
append,38,3375900,,,,,,
encode,38,5100,,,,,,
data_write,38,63800,,,,,,
data_sync,38,1566700,,,,,,
marker_write,38,46100,,,,,,
marker_sync,38,1691800,,,,,,
append,39,3625700,,,,,,
encode,39,4700,,,,,,
data_write,39,57900,,,,,,
data_sync,39,1869700,,,,,,
marker_write,39,49900,,,,,,
marker_sync,39,1640600,,,,,,
append,40,3691201,,,,,,
encode,40,5000,,,,,,
data_write,40,63500,,,,,,
data_sync,40,1788700,,,,,,
marker_write,40,50100,,,,,,
marker_sync,40,1781601,,,,,,
append,41,3666400,,,,,,
encode,41,5000,,,,,,
data_write,41,55100,,,,,,
data_sync,41,1665400,,,,,,
marker_write,41,56500,,,,,,
marker_sync,41,1879500,,,,,,
append,42,4414100,,,,,,
encode,42,8400,,,,,,
data_write,42,114200,,,,,,
data_sync,42,2168200,,,,,,
marker_write,42,58100,,,,,,
marker_sync,42,2060400,,,,,,
append,43,4077400,,,,,,
encode,43,7100,,,,,,
data_write,43,84900,,,,,,
data_sync,43,1954600,,,,,,
marker_write,43,54800,,,,,,
marker_sync,43,1973400,,,,,,
append,44,3422600,,,,,,
encode,44,5500,,,,,,
data_write,44,64000,,,,,,
data_sync,44,1684300,,,,,,
marker_write,44,52000,,,,,,
marker_sync,44,1614000,,,,,,
append,45,3367001,,,,,,
encode,45,4900,,,,,,
data_write,45,56200,,,,,,
data_sync,45,1573701,,,,,,
marker_write,45,53200,,,,,,
marker_sync,45,1676200,,,,,,
append,46,3747700,,,,,,
encode,46,6000,,,,,,
data_write,46,67700,,,,,,
data_sync,46,1862800,,,,,,
marker_write,46,41600,,,,,,
marker_sync,46,1767100,,,,,,
append,47,3608700,,,,,,
encode,47,4900,,,,,,
data_write,47,57000,,,,,,
data_sync,47,1785700,,,,,,
marker_write,47,74000,,,,,,
marker_sync,47,1684400,,,,,,
append,48,3636000,,,,,,
encode,48,6100,,,,,,
data_write,48,64300,,,,,,
data_sync,48,1766500,,,,,,
marker_write,48,51000,,,,,,
marker_sync,48,1745000,,,,,,
append,49,3732801,,,,,,
encode,49,5500,,,,,,
data_write,49,77000,,,,,,
data_sync,49,1886601,,,,,,
marker_write,49,62600,,,,,,
marker_sync,49,1697700,,,,,,
append,50,3570400,,,,,,
encode,50,5200,,,,,,
data_write,50,66800,,,,,,
data_sync,50,1659200,,,,,,
marker_write,50,57100,,,,,,
marker_sync,50,1779200,,,,,,
append,51,3865600,,,,,,
encode,51,5500,,,,,,
data_write,51,71500,,,,,,
data_sync,51,1761700,,,,,,
marker_write,51,61800,,,,,,
marker_sync,51,1962100,,,,,,
append,52,3861800,,,,,,
encode,52,5600,,,,,,
data_write,52,104900,,,,,,
data_sync,52,1970500,,,,,,
marker_write,52,56200,,,,,,
marker_sync,52,1721900,,,,,,
append,53,3592301,,,,,,
encode,53,6200,,,,,,
data_write,53,67500,,,,,,
data_sync,53,1752600,,,,,,
marker_write,53,57300,,,,,,
marker_sync,53,1705501,,,,,,
append,54,3487000,,,,,,
encode,54,5400,,,,,,
data_write,54,58000,,,,,,
data_sync,54,1710500,,,,,,
marker_write,54,57500,,,,,,
marker_sync,54,1652900,,,,,,
append,55,4031000,,,,,,
encode,55,5400,,,,,,
data_write,55,58200,,,,,,
data_sync,55,1869500,,,,,,
marker_write,55,46800,,,,,,
marker_sync,55,2047500,,,,,,
append,56,4160100,,,,,,
encode,56,6100,,,,,,
data_write,56,75300,,,,,,
data_sync,56,2262800,,,,,,
marker_write,56,60700,,,,,,
marker_sync,56,1751400,,,,,,
append,57,3583701,,,,,,
encode,57,5100,,,,,,
data_write,57,69300,,,,,,
data_sync,57,1703000,,,,,,
marker_write,57,58900,,,,,,
marker_sync,57,1744101,,,,,,
append,58,3752100,,,,,,
encode,58,6100,,,,,,
data_write,58,75800,,,,,,
data_sync,58,1938100,,,,,,
marker_write,58,50000,,,,,,
marker_sync,58,1679500,,,,,,
append,59,3675800,,,,,,
encode,59,5500,,,,,,
data_write,59,73200,,,,,,
data_sync,59,1776500,,,,,,
marker_write,59,72000,,,,,,
marker_sync,59,1745700,,,,,,
append,60,9742801,,,,,,
encode,60,5600,,,,,,
data_write,60,68300,,,,,,
data_sync,60,7006300,,,,,,
marker_write,60,62700,,,,,,
marker_sync,60,2595501,,,,,,
append,61,4141000,,,,,,
encode,61,5800,,,,,,
data_write,61,61100,,,,,,
data_sync,61,2180800,,,,,,
marker_write,61,59800,,,,,,
marker_sync,61,1830700,,,,,,
append,62,4084700,,,,,,
encode,62,5600,,,,,,
data_write,62,61300,,,,,,
data_sync,62,1920100,,,,,,
marker_write,62,58400,,,,,,
marker_sync,62,2036000,,,,,,
append,63,3557400,,,,,,
encode,63,5400,,,,,,
data_write,63,68000,,,,,,
data_sync,63,1751800,,,,,,
marker_write,63,42200,,,,,,
marker_sync,63,1687700,,,,,,
append,64,4661601,,,,,,
encode,64,4100,,,,,,
data_write,64,56100,,,,,,
data_sync,64,2491001,,,,,,
marker_write,64,59400,,,,,,
marker_sync,64,2048100,,,,,,
append,65,4246100,,,,,,
encode,65,5600,,,,,,
data_write,65,60600,,,,,,
data_sync,65,2364200,,,,,,
marker_write,65,55000,,,,,,
marker_sync,65,1757800,,,,,,
append,66,3133600,,,,,,
encode,66,4800,,,,,,
data_write,66,55500,,,,,,
data_sync,66,1526600,,,,,,
marker_write,66,42600,,,,,,
marker_sync,66,1501400,,,,,,
append,67,3516300,,,,,,
encode,67,5900,,,,,,
data_write,67,58700,,,,,,
data_sync,67,1556900,,,,,,
marker_write,67,50000,,,,,,
marker_sync,67,1841800,,,,,,
append,68,4181001,,,,,,
encode,68,5400,,,,,,
data_write,68,67600,,,,,,
data_sync,68,2232501,,,,,,
marker_write,68,57300,,,,,,
marker_sync,68,1814100,,,,,,
append,69,3678800,,,,,,
encode,69,5100,,,,,,
data_write,69,50700,,,,,,
data_sync,69,1813400,,,,,,
marker_write,69,52600,,,,,,
marker_sync,69,1754400,,,,,,
append,70,3993300,,,,,,
encode,70,4800,,,,,,
data_write,70,66400,,,,,,
data_sync,70,1896100,,,,,,
marker_write,70,61500,,,,,,
marker_sync,70,1961500,,,,,,
append,71,4114200,,,,,,
encode,71,5200,,,,,,
data_write,71,57000,,,,,,
data_sync,71,1982000,,,,,,
marker_write,71,48300,,,,,,
marker_sync,71,2019200,,,,,,
append,72,3455401,,,,,,
encode,72,4800,,,,,,
data_write,72,57000,,,,,,
data_sync,72,1646600,,,,,,
marker_write,72,46300,,,,,,
marker_sync,72,1698301,,,,,,
append,73,3479900,,,,,,
encode,73,4700,,,,,,
data_write,73,53100,,,,,,
data_sync,73,1704800,,,,,,
marker_write,73,45300,,,,,,
marker_sync,73,1669600,,,,,,
append,74,3225700,,,,,,
encode,74,5000,,,,,,
data_write,74,58200,,,,,,
data_sync,74,1561700,,,,,,
marker_write,74,45400,,,,,,
marker_sync,74,1553100,,,,,,
append,75,3090300,,,,,,
encode,75,4200,,,,,,
data_write,75,54100,,,,,,
data_sync,75,1482900,,,,,,
marker_write,75,52000,,,,,,
marker_sync,75,1493600,,,,,,
append,76,3377900,,,,,,
encode,76,5100,,,,,,
data_write,76,55000,,,,,,
data_sync,76,1632700,,,,,,
marker_write,76,52000,,,,,,
marker_sync,76,1630500,,,,,,
append,77,3760701,,,,,,
encode,77,6100,,,,,,
data_write,77,60700,,,,,,
data_sync,77,1796801,,,,,,
marker_write,77,45900,,,,,,
marker_sync,77,1847900,,,,,,
append,78,4169200,,,,,,
encode,78,6400,,,,,,
data_write,78,69600,,,,,,
data_sync,78,1883500,,,,,,
marker_write,78,61300,,,,,,
marker_sync,78,2145000,,,,,,
append,79,5278100,,,,,,
encode,79,7100,,,,,,
data_write,79,67900,,,,,,
data_sync,79,3033100,,,,,,
marker_write,79,56500,,,,,,
marker_sync,79,2110600,,,,,,
append,80,3994101,,,,,,
encode,80,5600,,,,,,
data_write,80,61400,,,,,,
data_sync,80,2070800,,,,,,
marker_write,80,51000,,,,,,
marker_sync,80,1802301,,,,,,
append,81,3625100,,,,,,
encode,81,6000,,,,,,
data_write,81,69000,,,,,,
data_sync,81,1780900,,,,,,
marker_write,81,47500,,,,,,
marker_sync,81,1718500,,,,,,
append,82,4488300,,,,,,
encode,82,5500,,,,,,
data_write,82,61500,,,,,,
data_sync,82,2056400,,,,,,
marker_write,82,49900,,,,,,
marker_sync,82,2311500,,,,,,
append,83,4496500,,,,,,
encode,83,6700,,,,,,
data_write,83,65300,,,,,,
data_sync,83,2371700,,,,,,
marker_write,83,49600,,,,,,
marker_sync,83,2000500,,,,,,
append,84,3584001,,,,,,
encode,84,5000,,,,,,
data_write,84,61100,,,,,,
data_sync,84,1814100,,,,,,
marker_write,84,48200,,,,,,
marker_sync,84,1653301,,,,,,
append,85,5178600,,,,,,
encode,85,4400,,,,,,
data_write,85,54400,,,,,,
data_sync,85,1638100,,,,,,
marker_write,85,54600,,,,,,
marker_sync,85,3423600,,,,,,
append,86,4519700,,,,,,
encode,86,6400,,,,,,
data_write,86,71300,,,,,,
data_sync,86,2238300,,,,,,
marker_write,86,62000,,,,,,
marker_sync,86,2138800,,,,,,
append,87,3800600,,,,,,
encode,87,6200,,,,,,
data_write,87,67700,,,,,,
data_sync,87,1928000,,,,,,
marker_write,87,58500,,,,,,
marker_sync,87,1737000,,,,,,
append,88,3573001,,,,,,
encode,88,4500,,,,,,
data_write,88,58200,,,,,,
data_sync,88,1655300,,,,,,
marker_write,88,63700,,,,,,
marker_sync,88,1787501,,,,,,
append,89,3520400,,,,,,
encode,89,5800,,,,,,
data_write,89,61800,,,,,,
data_sync,89,1652500,,,,,,
marker_write,89,46500,,,,,,
marker_sync,89,1751400,,,,,,
append,90,3864400,,,,,,
encode,90,5600,,,,,,
data_write,90,65000,,,,,,
data_sync,90,1776900,,,,,,
marker_write,90,49300,,,,,,
marker_sync,90,1964600,,,,,,
append,91,3763200,,,,,,
encode,91,9100,,,,,,
data_write,91,70100,,,,,,
data_sync,91,1784300,,,,,,
marker_write,91,56200,,,,,,
marker_sync,91,1841000,,,,,,
append,92,3878701,,,,,,
encode,92,5600,,,,,,
data_write,92,56900,,,,,,
data_sync,92,1796500,,,,,,
marker_write,92,52700,,,,,,
marker_sync,92,1964401,,,,,,
append,93,3747200,,,,,,
encode,93,5400,,,,,,
data_write,93,58300,,,,,,
data_sync,93,1845600,,,,,,
marker_write,93,50900,,,,,,
marker_sync,93,1783900,,,,,,
append,94,3717100,,,,,,
encode,94,4300,,,,,,
data_write,94,60000,,,,,,
data_sync,94,1708000,,,,,,
marker_write,94,62800,,,,,,
marker_sync,94,1877400,,,,,,
append,95,3819400,,,,,,
encode,95,6100,,,,,,
data_write,95,67900,,,,,,
data_sync,95,1998600,,,,,,
marker_write,95,50200,,,,,,
marker_sync,95,1693800,,,,,,
append,96,4004601,,,,,,
encode,96,6000,,,,,,
data_write,96,66500,,,,,,
data_sync,96,1900000,,,,,,
marker_write,96,55500,,,,,,
marker_sync,96,1972301,,,,,,
append,97,4226000,,,,,,
encode,97,6900,,,,,,
data_write,97,87700,,,,,,
data_sync,97,2223200,,,,,,
marker_write,97,61000,,,,,,
marker_sync,97,1843300,,,,,,
append,98,3328100,,,,,,
encode,98,4700,,,,,,
data_write,98,63600,,,,,,
data_sync,98,1674000,,,,,,
marker_write,98,46300,,,,,,
marker_sync,98,1537100,,,,,,
append,99,4266200,,,,,,
encode,99,4800,,,,,,
data_write,99,51500,,,,,,
data_sync,99,2098700,,,,,,
marker_write,99,83600,,,,,,
marker_sync,99,2024600,,,,,,
append,100,5468601,,,,,,
encode,100,6200,,,,,,
data_write,100,69700,,,,,,
data_sync,100,1965200,,,,,,
marker_write,100,66600,,,,,,
marker_sync,100,3357101,,,,,,
append,101,3810100,,,,,,
encode,101,5800,,,,,,
data_write,101,72200,,,,,,
data_sync,101,1994400,,,,,,
marker_write,101,51600,,,,,,
marker_sync,101,1683100,,,,,,
append,102,3532200,,,,,,
encode,102,4300,,,,,,
data_write,102,53400,,,,,,
data_sync,102,1689800,,,,,,
marker_write,102,46200,,,,,,
marker_sync,102,1736100,,,,,,
append,103,3936100,,,,,,
encode,103,5500,,,,,,
data_write,103,61300,,,,,,
data_sync,103,1912600,,,,,,
marker_write,103,63800,,,,,,
marker_sync,103,1890000,,,,,,
append,104,3688501,,,,,,
encode,104,6000,,,,,,
data_write,104,65700,,,,,,
data_sync,104,1755600,,,,,,
marker_write,104,57500,,,,,,
marker_sync,104,1799801,,,,,,
append,105,3929200,,,,,,
encode,105,6100,,,,,,
data_write,105,68400,,,,,,
data_sync,105,1866200,,,,,,
marker_write,105,63600,,,,,,
marker_sync,105,1921300,,,,,,
append,106,3677500,,,,,,
encode,106,5900,,,,,,
data_write,106,68500,,,,,,
data_sync,106,1767500,,,,,,
marker_write,106,53700,,,,,,
marker_sync,106,1779100,,,,,,
append,107,3567900,,,,,,
encode,107,5200,,,,,,
data_write,107,63300,,,,,,
data_sync,107,1712600,,,,,,
marker_write,107,49200,,,,,,
marker_sync,107,1735100,,,,,,
append,108,4292301,,,,,,
encode,108,5000,,,,,,
data_write,108,61200,,,,,,
data_sync,108,2083400,,,,,,
marker_write,108,65200,,,,,,
marker_sync,108,2073701,,,,,,
append,109,3942100,,,,,,
encode,109,5900,,,,,,
data_write,109,71300,,,,,,
data_sync,109,1849900,,,,,,
marker_write,109,63800,,,,,,
marker_sync,109,1947600,,,,,,
append,110,3779700,,,,,,
encode,110,6200,,,,,,
data_write,110,72800,,,,,,
data_sync,110,1848400,,,,,,
marker_write,110,59600,,,,,,
marker_sync,110,1789300,,,,,,
append,111,5241600,,,,,,
encode,111,4700,,,,,,
data_write,111,369400,,,,,,
data_sync,111,2838700,,,,,,
marker_write,111,61800,,,,,,
marker_sync,111,1963300,,,,,,
append,112,3774601,,,,,,
encode,112,6200,,,,,,
data_write,112,81000,,,,,,
data_sync,112,1773500,,,,,,
marker_write,112,61900,,,,,,
marker_sync,112,1848901,,,,,,
append,113,4034400,,,,,,
encode,113,6200,,,,,,
data_write,113,73700,,,,,,
data_sync,113,1929200,,,,,,
marker_write,113,57700,,,,,,
marker_sync,113,1964600,,,,,,
append,114,4330700,,,,,,
encode,114,6400,,,,,,
data_write,114,69100,,,,,,
data_sync,114,2021400,,,,,,
marker_write,114,73500,,,,,,
marker_sync,114,2156200,,,,,,
append,115,3787300,,,,,,
encode,115,6300,,,,,,
data_write,115,72100,,,,,,
data_sync,115,1783600,,,,,,
marker_write,115,49800,,,,,,
marker_sync,115,1873200,,,,,,
append,116,3819601,,,,,,
encode,116,5700,,,,,,
data_write,116,60900,,,,,,
data_sync,116,1846900,,,,,,
marker_write,116,44600,,,,,,
marker_sync,116,1858301,,,,,,
append,117,3739100,,,,,,
encode,117,6200,,,,,,
data_write,117,60000,,,,,,
data_sync,117,1876000,,,,,,
marker_write,117,54200,,,,,,
marker_sync,117,1739000,,,,,,
append,118,4140800,,,,,,
encode,118,7100,,,,,,
data_write,118,65400,,,,,,
data_sync,118,2030700,,,,,,
marker_write,118,55200,,,,,,
marker_sync,118,1978100,,,,,,
append,119,3610200,,,,,,
encode,119,6300,,,,,,
data_write,119,71900,,,,,,
data_sync,119,1759200,,,,,,
marker_write,119,47900,,,,,,
marker_sync,119,1721600,,,,,,
append,120,3913701,,,,,,
encode,120,6500,,,,,,
data_write,120,70600,,,,,,
data_sync,120,1871700,,,,,,
marker_write,120,61100,,,,,,
marker_sync,120,1900701,,,,,,
append,121,4170400,,,,,,
encode,121,5600,,,,,,
data_write,121,68200,,,,,,
data_sync,121,1948200,,,,,,
marker_write,121,56300,,,,,,
marker_sync,121,2088600,,,,,,
append,122,3937500,,,,,,
encode,122,5300,,,,,,
data_write,122,56800,,,,,,
data_sync,122,1801900,,,,,,
marker_write,122,60700,,,,,,
marker_sync,122,2009400,,,,,,
append,123,3888000,,,,,,
encode,123,6300,,,,,,
data_write,123,80200,,,,,,
data_sync,123,1885300,,,,,,
marker_write,123,60600,,,,,,
marker_sync,123,1849600,,,,,,
append,124,4072901,,,,,,
encode,124,6400,,,,,,
data_write,124,69800,,,,,,
data_sync,124,1951300,,,,,,
marker_write,124,62300,,,,,,
marker_sync,124,1979701,,,,,,
append,125,3879300,,,,,,
encode,125,6300,,,,,,
data_write,125,69000,,,,,,
data_sync,125,1920400,,,,,,
marker_write,125,60500,,,,,,
marker_sync,125,1819500,,,,,,
append,126,3842100,,,,,,
encode,126,5600,,,,,,
data_write,126,76300,,,,,,
data_sync,126,1761000,,,,,,
marker_write,126,98600,,,,,,
marker_sync,126,1897100,,,,,,
append,127,3626000,,,,,,
encode,127,6600,,,,,,
data_write,127,62300,,,,,,
data_sync,127,1721400,,,,,,
marker_write,127,54500,,,,,,
marker_sync,127,1778300,,,,,,
append,128,3802401,,,,,,
encode,128,6400,,,,,,
data_write,128,39400,,,,,,
data_sync,128,1832000,,,,,,
marker_write,128,32200,,,,,,
marker_sync,128,1889001,,,,,,
append,129,4307700,,,,,,
encode,129,4400,,,,,,
data_write,129,80100,,,,,,
data_sync,129,2365600,,,,,,
marker_write,129,67300,,,,,,
marker_sync,129,1787400,,,,,,
append,130,4066200,,,,,,
encode,130,4800,,,,,,
data_write,130,58700,,,,,,
data_sync,130,2042700,,,,,,
marker_write,130,68800,,,,,,
marker_sync,130,1888200,,,,,,
append,131,4148900,,,,,,
encode,131,7100,,,,,,
data_write,131,76400,,,,,,
data_sync,131,2050800,,,,,,
marker_write,131,54800,,,,,,
marker_sync,131,1956800,,,,,,
append,132,4115201,,,,,,
encode,132,7000,,,,,,
data_write,132,73000,,,,,,
data_sync,132,1881700,,,,,,
marker_write,132,68200,,,,,,
marker_sync,132,2082701,,,,,,
append,133,7710300,,,,,,
encode,133,5400,,,,,,
data_write,133,63500,,,,,,
data_sync,133,4314400,,,,,,
marker_write,133,91300,,,,,,
marker_sync,133,3232200,,,,,,
append,134,6140600,,,,,,
encode,134,6000,,,,,,
data_write,134,70100,,,,,,
data_sync,134,4130900,,,,,,
marker_write,134,65300,,,,,,
marker_sync,134,1864100,,,,,,
append,135,4837901,,,,,,
encode,135,9100,,,,,,
data_write,135,70600,,,,,,
data_sync,135,2599901,,,,,,
marker_write,135,53700,,,,,,
marker_sync,135,2100800,,,,,,
append,136,6265600,,,,,,
encode,136,5500,,,,,,
data_write,136,56800,,,,,,
data_sync,136,2153100,,,,,,
marker_write,136,35900,,,,,,
marker_sync,136,4010500,,,,,,
append,137,6013501,,,,,,
encode,137,6600,,,,,,
data_write,137,84800,,,,,,
data_sync,137,2159200,,,,,,
marker_write,137,70100,,,,,,
marker_sync,137,3689601,,,,,,
append,138,5017200,,,,,,
encode,138,8600,,,,,,
data_write,138,58000,,,,,,
data_sync,138,2132700,,,,,,
marker_write,138,49300,,,,,,
marker_sync,138,2764000,,,,,,
append,139,5875800,,,,,,
encode,139,6500,,,,,,
data_write,139,52600,,,,,,
data_sync,139,3725900,,,,,,
marker_write,139,80200,,,,,,
marker_sync,139,2007100,,,,,,
append,140,4167601,,,,,,
encode,140,7000,,,,,,
data_write,140,73800,,,,,,
data_sync,140,2056400,,,,,,
marker_write,140,50900,,,,,,
marker_sync,140,1976501,,,,,,
append,141,3690300,,,,,,
encode,141,6600,,,,,,
data_write,141,64200,,,,,,
data_sync,141,1653100,,,,,,
marker_write,141,31900,,,,,,
marker_sync,141,1930300,,,,,,
append,142,5395100,,,,,,
encode,142,5700,,,,,,
data_write,142,72700,,,,,,
data_sync,142,3036900,,,,,,
marker_write,142,40200,,,,,,
marker_sync,142,2236300,,,,,,
append,143,4333600,,,,,,
encode,143,9900,,,,,,
data_write,143,63400,,,,,,
data_sync,143,2126700,,,,,,
marker_write,143,56800,,,,,,
marker_sync,143,2073400,,,,,,
append,144,4089401,,,,,,
encode,144,5800,,,,,,
data_write,144,69200,,,,,,
data_sync,144,2155801,,,,,,
marker_write,144,55500,,,,,,
marker_sync,144,1800100,,,,,,
append,145,12047700,,,,,,
encode,145,5600,,,,,,
data_write,145,61900,,,,,,
data_sync,145,2109300,,,,,,
marker_write,145,28800,,,,,,
marker_sync,145,9837700,,,,,,
append,146,3740101,,,,,,
encode,146,7700,,,,,,
data_write,146,39600,,,,,,
data_sync,146,1988901,,,,,,
marker_write,146,42000,,,,,,
marker_sync,146,1656100,,,,,,
append,147,6859100,,,,,,
encode,147,8500,,,,,,
data_write,147,135600,,,,,,
data_sync,147,4409600,,,,,,
marker_write,147,55900,,,,,,
marker_sync,147,2245500,,,,,,
append,148,4315600,,,,,,
encode,148,5900,,,,,,
data_write,148,33100,,,,,,
data_sync,148,1968000,,,,,,
marker_write,148,26800,,,,,,
marker_sync,148,2279200,,,,,,
append,149,4253501,,,,,,
encode,149,6500,,,,,,
data_write,149,31100,,,,,,
data_sync,149,2453500,,,,,,
marker_write,149,69100,,,,,,
marker_sync,149,1689701,,,,,,
append,150,3834300,,,,,,
encode,150,6500,,,,,,
data_write,150,73800,,,,,,
data_sync,150,1743700,,,,,,
marker_write,150,64400,,,,,,
marker_sync,150,1942400,,,,,,
append,151,5244500,,,,,,
encode,151,6400,,,,,,
data_write,151,83900,,,,,,
data_sync,151,2106900,,,,,,
marker_write,151,65100,,,,,,
marker_sync,151,2978700,,,,,,
append,152,8032901,,,,,,
encode,152,5900,,,,,,
data_write,152,69700,,,,,,
data_sync,152,2773600,,,,,,
marker_write,152,61800,,,,,,
marker_sync,152,5117001,,,,,,
append,153,4904200,,,,,,
encode,153,6200,,,,,,
data_write,153,111000,,,,,,
data_sync,153,2146100,,,,,,
marker_write,153,59400,,,,,,
marker_sync,153,2578400,,,,,,
append,154,4533700,,,,,,
encode,154,5900,,,,,,
data_write,154,72800,,,,,,
data_sync,154,1826900,,,,,,
marker_write,154,61300,,,,,,
marker_sync,154,2563500,,,,,,
append,155,4230901,,,,,,
encode,155,6800,,,,,,
data_write,155,73200,,,,,,
data_sync,155,1881700,,,,,,
marker_write,155,27000,,,,,,
marker_sync,155,2237101,,,,,,
append,156,6336300,,,,,,
encode,156,8000,,,,,,
data_write,156,65800,,,,,,
data_sync,156,4088100,,,,,,
marker_write,156,91300,,,,,,
marker_sync,156,2078800,,,,,,
append,157,4324800,,,,,,
encode,157,6500,,,,,,
data_write,157,42000,,,,,,
data_sync,157,2091500,,,,,,
marker_write,157,30800,,,,,,
marker_sync,157,2150800,,,,,,
append,158,3915300,,,,,,
encode,158,6700,,,,,,
data_write,158,65700,,,,,,
data_sync,158,2123400,,,,,,
marker_write,158,28600,,,,,,
marker_sync,158,1687600,,,,,,
append,159,3504901,,,,,,
encode,159,7800,,,,,,
data_write,159,32300,,,,,,
data_sync,159,1708101,,,,,,
marker_write,159,30700,,,,,,
marker_sync,159,1723000,,,,,,
append,160,4091900,,,,,,
encode,160,7800,,,,,,
data_write,160,33400,,,,,,
data_sync,160,1698300,,,,,,
marker_write,160,25700,,,,,,
marker_sync,160,2323900,,,,,,
append,161,4771600,,,,,,
encode,161,6300,,,,,,
data_write,161,44300,,,,,,
data_sync,161,2983100,,,,,,
marker_write,161,32000,,,,,,
marker_sync,161,1702800,,,,,,
append,162,5222501,,,,,,
encode,162,5800,,,,,,
data_write,162,111100,,,,,,
data_sync,162,3215000,,,,,,
marker_write,162,81900,,,,,,
marker_sync,162,1803701,,,,,,
append,163,6335900,,,,,,
encode,163,7500,,,,,,
data_write,163,176900,,,,,,
data_sync,163,3348700,,,,,,
marker_write,163,145800,,,,,,
marker_sync,163,2654000,,,,,,
append,164,12135601,,,,,,
encode,164,5500,,,,,,
data_write,164,57800,,,,,,
data_sync,164,10331901,,,,,,
marker_write,164,39100,,,,,,
marker_sync,164,1698300,,,,,,
append,165,7669000,,,,,,
encode,165,6200,,,,,,
data_write,165,190200,,,,,,
data_sync,165,2411600,,,,,,
marker_write,165,35400,,,,,,
marker_sync,165,5020300,,,,,,
append,166,8002001,,,,,,
encode,166,6500,,,,,,
data_write,166,206300,,,,,,
data_sync,166,3805200,,,,,,
marker_write,166,35300,,,,,,
marker_sync,166,3945301,,,,,,
append,167,5451800,,,,,,
encode,167,6200,,,,,,
data_write,167,52700,,,,,,
data_sync,167,3112100,,,,,,
marker_write,167,61800,,,,,,
marker_sync,167,2215400,,,,,,
append,168,6511500,,,,,,
encode,168,6800,,,,,,
data_write,168,136700,,,,,,
data_sync,168,2552700,,,,,,
marker_write,168,53700,,,,,,
marker_sync,168,3758400,,,,,,
append,169,5737501,,,,,,
encode,169,6700,,,,,,
data_write,169,156901,,,,,,
data_sync,169,3184600,,,,,,
marker_write,169,43300,,,,,,
marker_sync,169,2342800,,,,,,
append,170,5152100,,,,,,
encode,170,6800,,,,,,
data_write,170,145900,,,,,,
data_sync,170,2844300,,,,,,
marker_write,170,105100,,,,,,
marker_sync,170,2046700,,,,,,
append,171,7154301,,,,,,
encode,171,7800,,,,,,
data_write,171,52600,,,,,,
data_sync,171,4469400,,,,,,
marker_write,171,73400,,,,,,
marker_sync,171,2547501,,,,,,
append,172,8057400,,,,,,
encode,172,9200,,,,,,
data_write,172,232700,,,,,,
data_sync,172,5757600,,,,,,
marker_write,172,35500,,,,,,
marker_sync,172,2017000,,,,,,
append,173,5445000,,,,,,
encode,173,6400,,,,,,
data_write,173,23400,,,,,,
data_sync,173,1999500,,,,,,
marker_write,173,30100,,,,,,
marker_sync,173,3382500,,,,,,
append,174,6961501,,,,,,
encode,174,7300,,,,,,
data_write,174,32600,,,,,,
data_sync,174,4213901,,,,,,
marker_write,174,35700,,,,,,
marker_sync,174,2668500,,,,,,
append,175,3942800,,,,,,
encode,175,6800,,,,,,
data_write,175,52600,,,,,,
data_sync,175,2083900,,,,,,
marker_write,175,38400,,,,,,
marker_sync,175,1758200,,,,,,
append,176,8925501,,,,,,
encode,176,6800,,,,,,
data_write,176,32800,,,,,,
data_sync,176,6476801,,,,,,
marker_write,176,29900,,,,,,
marker_sync,176,2376100,,,,,,
append,177,5325700,,,,,,
encode,177,6200,,,,,,
data_write,177,34300,,,,,,
data_sync,177,2215800,,,,,,
marker_write,177,42800,,,,,,
marker_sync,177,3023700,,,,,,
append,178,3522000,,,,,,
encode,178,5500,,,,,,
data_write,178,29400,,,,,,
data_sync,178,1814500,,,,,,
marker_write,178,58700,,,,,,
marker_sync,178,1611000,,,,,,
append,179,3807001,,,,,,
encode,179,5400,,,,,,
data_write,179,58300,,,,,,
data_sync,179,1895700,,,,,,
marker_write,179,63900,,,,,,
marker_sync,179,1779901,,,,,,
append,180,3682600,,,,,,
encode,180,6200,,,,,,
data_write,180,68100,,,,,,
data_sync,180,1690900,,,,,,
marker_write,180,65700,,,,,,
marker_sync,180,1848100,,,,,,
append,181,4016100,,,,,,
encode,181,6300,,,,,,
data_write,181,83000,,,,,,
data_sync,181,1941300,,,,,,
marker_write,181,69000,,,,,,
marker_sync,181,1913400,,,,,,
append,182,9349101,,,,,,
encode,182,5500,,,,,,
data_write,182,85300,,,,,,
data_sync,182,4523700,,,,,,
marker_write,182,34300,,,,,,
marker_sync,182,4696601,,,,,,
append,183,4987100,,,,,,
encode,183,6500,,,,,,
data_write,183,168800,,,,,,
data_sync,183,2441800,,,,,,
marker_write,183,71800,,,,,,
marker_sync,183,2293800,,,,,,
append,184,3852100,,,,,,
encode,184,7900,,,,,,
data_write,184,48700,,,,,,
data_sync,184,1906100,,,,,,
marker_write,184,39700,,,,,,
marker_sync,184,1844700,,,,,,
append,185,4025900,,,,,,
encode,185,8300,,,,,,
data_write,185,45500,,,,,,
data_sync,185,2056100,,,,,,
marker_write,185,56000,,,,,,
marker_sync,185,1854200,,,,,,
append,186,3935801,,,,,,
encode,186,6500,,,,,,
data_write,186,36400,,,,,,
data_sync,186,2009301,,,,,,
marker_write,186,32600,,,,,,
marker_sync,186,1847600,,,,,,
append,187,3694600,,,,,,
encode,187,5800,,,,,,
data_write,187,38100,,,,,,
data_sync,187,1796500,,,,,,
marker_write,187,35400,,,,,,
marker_sync,187,1815700,,,,,,
append,188,3655900,,,,,,
encode,188,6500,,,,,,
data_write,188,36900,,,,,,
data_sync,188,1839300,,,,,,
marker_write,188,30700,,,,,,
marker_sync,188,1739000,,,,,,
append,189,5319100,,,,,,
encode,189,6300,,,,,,
data_write,189,35200,,,,,,
data_sync,189,2746100,,,,,,
marker_write,189,95000,,,,,,
marker_sync,189,2433100,,,,,,
append,190,9445701,,,,,,
encode,190,6000,,,,,,
data_write,190,37900,,,,,,
data_sync,190,5364801,,,,,,
marker_write,190,33900,,,,,,
marker_sync,190,4000000,,,,,,
append,191,7694001,,,,,,
encode,191,6300,,,,,,
data_write,191,39300,,,,,,
data_sync,191,3971500,,,,,,
marker_write,191,36000,,,,,,
marker_sync,191,3634901,,,,,,
append,192,8296400,,,,,,
encode,192,6900,,,,,,
data_write,192,50300,,,,,,
data_sync,192,4241100,,,,,,
marker_write,192,251200,,,,,,
marker_sync,192,3743700,,,,,,
append,193,5143800,,,,,,
encode,193,3900,,,,,,
data_write,193,74800,,,,,,
data_sync,193,1849200,,,,,,
marker_write,193,65000,,,,,,
marker_sync,193,3147100,,,,,,
append,194,7258201,,,,,,
encode,194,6400,,,,,,
data_write,194,110300,,,,,,
data_sync,194,4394001,,,,,,
marker_write,194,38500,,,,,,
marker_sync,194,2705500,,,,,,
append,195,7543200,,,,,,
encode,195,6500,,,,,,
data_write,195,42100,,,,,,
data_sync,195,1867200,,,,,,
marker_write,195,30200,,,,,,
marker_sync,195,5593500,,,,,,
append,196,13023401,,,,,,
encode,196,6400,,,,,,
data_write,196,39500,,,,,,
data_sync,196,5177301,,,,,,
marker_write,196,31100,,,,,,
marker_sync,196,7765500,,,,,,
append,197,3856700,,,,,,
encode,197,6300,,,,,,
data_write,197,46100,,,,,,
data_sync,197,1847100,,,,,,
marker_write,197,29800,,,,,,
marker_sync,197,1922900,,,,,,
append,198,4414801,,,,,,
encode,198,6200,,,,,,
data_write,198,51600,,,,,,
data_sync,198,2180401,,,,,,
marker_write,198,46000,,,,,,
marker_sync,198,2127000,,,,,,
append,199,6580600,,,,,,
encode,199,9300,,,,,,
data_write,199,92200,,,,,,
data_sync,199,4566200,,,,,,
marker_write,199,92500,,,,,,
marker_sync,199,1816400,,,,,,
append,200,7763401,,,,,,
encode,200,4900,,,,,,
data_write,200,60900,,,,,,
data_sync,200,5210400,,,,,,
marker_write,200,41600,,,,,,
marker_sync,200,2442701,,,,,,
append,201,4300500,,,,,,
encode,201,6300,,,,,,
data_write,201,65100,,,,,,
data_sync,201,1824900,,,,,,
marker_write,201,308700,,,,,,
marker_sync,201,2091400,,,,,,
append,202,4744800,,,,,,
encode,202,5400,,,,,,
data_write,202,75200,,,,,,
data_sync,202,1947500,,,,,,
marker_write,202,37300,,,,,,
marker_sync,202,2660300,,,,,,
append,203,4397300,,,,,,
encode,203,6200,,,,,,
data_write,203,34800,,,,,,
data_sync,203,2305500,,,,,,
marker_write,203,43300,,,,,,
marker_sync,203,2004400,,,,,,
append,204,4065601,,,,,,
encode,204,9100,,,,,,
data_write,204,44900,,,,,,
data_sync,204,1888301,,,,,,
marker_write,204,24800,,,,,,
marker_sync,204,2095300,,,,,,
append,205,10833700,,,,,,
encode,205,6100,,,,,,
data_write,205,29100,,,,,,
data_sync,205,2731200,,,,,,
marker_write,205,150700,,,,,,
marker_sync,205,7912700,,,,,,
append,206,3766101,,,,,,
encode,206,6200,,,,,,
data_write,206,35000,,,,,,
data_sync,206,1927401,,,,,,
marker_write,206,29900,,,,,,
marker_sync,206,1764400,,,,,,
append,207,4408200,,,,,,
encode,207,5800,,,,,,
data_write,207,35200,,,,,,
data_sync,207,2073600,,,,,,
marker_write,207,22100,,,,,,
marker_sync,207,2267700,,,,,,
append,208,4185500,,,,,,
encode,208,6400,,,,,,
data_write,208,71000,,,,,,
data_sync,208,2078500,,,,,,
marker_write,208,34300,,,,,,
marker_sync,208,1991900,,,,,,
append,209,7672301,,,,,,
encode,209,5900,,,,,,
data_write,209,41400,,,,,,
data_sync,209,5590001,,,,,,
marker_write,209,75100,,,,,,
marker_sync,209,1956300,,,,,,
append,210,3960600,,,,,,
encode,210,40400,,,,,,
data_write,210,41000,,,,,,
data_sync,210,1916900,,,,,,
marker_write,210,118800,,,,,,
marker_sync,210,1840300,,,,,,
append,211,4043000,,,,,,
encode,211,6200,,,,,,
data_write,211,35000,,,,,,
data_sync,211,2192400,,,,,,
marker_write,211,30100,,,,,,
marker_sync,211,1775400,,,,,,
append,212,4179300,,,,,,
encode,212,6200,,,,,,
data_write,212,120900,,,,,,
data_sync,212,2115200,,,,,,
marker_write,212,28400,,,,,,
marker_sync,212,1905000,,,,,,
append,213,3443401,,,,,,
encode,213,6900,,,,,,
data_write,213,120500,,,,,,
data_sync,213,1753601,,,,,,
marker_write,213,27300,,,,,,
marker_sync,213,1532300,,,,,,
append,214,3741900,,,,,,
encode,214,6100,,,,,,
data_write,214,32300,,,,,,
data_sync,214,1939500,,,,,,
marker_write,214,33900,,,,,,
marker_sync,214,1726400,,,,,,
append,215,4029800,,,,,,
encode,215,6200,,,,,,
data_write,215,41600,,,,,,
data_sync,215,1852600,,,,,,
marker_write,215,35600,,,,,,
marker_sync,215,2088900,,,,,,
append,216,5507500,,,,,,
encode,216,5900,,,,,,
data_write,216,142300,,,,,,
data_sync,216,3362500,,,,,,
marker_write,216,135700,,,,,,
marker_sync,216,1857200,,,,,,
append,217,4702701,,,,,,
encode,217,6600,,,,,,
data_write,217,48600,,,,,,
data_sync,217,2205701,,,,,,
marker_write,217,56100,,,,,,
marker_sync,217,2382800,,,,,,
append,218,3812500,,,,,,
encode,218,6100,,,,,,
data_write,218,73300,,,,,,
data_sync,218,1883800,,,,,,
marker_write,218,50400,,,,,,
marker_sync,218,1795600,,,,,,
append,219,4096700,,,,,,
encode,219,4800,,,,,,
data_write,219,53600,,,,,,
data_sync,219,2028700,,,,,,
marker_write,219,55900,,,,,,
marker_sync,219,1949500,,,,,,
append,220,3600101,,,,,,
encode,220,5800,,,,,,
data_write,220,79900,,,,,,
data_sync,220,1668700,,,,,,
marker_write,220,55500,,,,,,
marker_sync,220,1786101,,,,,,
append,221,3449500,,,,,,
encode,221,6500,,,,,,
data_write,221,36300,,,,,,
data_sync,221,1628200,,,,,,
marker_write,221,30500,,,,,,
marker_sync,221,1744400,,,,,,
append,222,4855600,,,,,,
encode,222,6100,,,,,,
data_write,222,81600,,,,,,
data_sync,222,2246900,,,,,,
marker_write,222,50300,,,,,,
marker_sync,222,2467200,,,,,,
append,223,4387000,,,,,,
encode,223,6800,,,,,,
data_write,223,69000,,,,,,
data_sync,223,2140600,,,,,,
marker_write,223,58000,,,,,,
marker_sync,223,2109400,,,,,,
append,224,4551701,,,,,,
encode,224,7900,,,,,,
data_write,224,67500,,,,,,
data_sync,224,2093600,,,,,,
marker_write,224,61700,,,,,,
marker_sync,224,2316801,,,,,,
append,225,5194600,,,,,,
encode,225,6700,,,,,,
data_write,225,71000,,,,,,
data_sync,225,2741000,,,,,,
marker_write,225,70300,,,,,,
marker_sync,225,2301900,,,,,,
append,226,4577700,,,,,,
encode,226,8000,,,,,,
data_write,226,80500,,,,,,
data_sync,226,2266200,,,,,,
marker_write,226,66200,,,,,,
marker_sync,226,2153600,,,,,,
append,227,5597501,,,,,,
encode,227,10100,,,,,,
data_write,227,67700,,,,,,
data_sync,227,3371200,,,,,,
marker_write,227,59300,,,,,,
marker_sync,227,2084701,,,,,,
append,228,9543900,,,,,,
encode,228,5600,,,,,,
data_write,228,33900,,,,,,
data_sync,228,5225900,,,,,,
marker_write,228,552300,,,,,,
marker_sync,228,3721500,,,,,,
append,229,4286300,,,,,,
encode,229,6000,,,,,,
data_write,229,71300,,,,,,
data_sync,229,2385000,,,,,,
marker_write,229,55600,,,,,,
marker_sync,229,1765000,,,,,,
append,230,4027101,,,,,,
encode,230,4800,,,,,,
data_write,230,58100,,,,,,
data_sync,230,2062501,,,,,,
marker_write,230,62900,,,,,,
marker_sync,230,1835400,,,,,,
append,231,4902700,,,,,,
encode,231,6700,,,,,,
data_write,231,76300,,,,,,
data_sync,231,2778600,,,,,,
marker_write,231,69100,,,,,,
marker_sync,231,1968000,,,,,,
append,232,3650200,,,,,,
encode,232,5800,,,,,,
data_write,232,79600,,,,,,
data_sync,232,1712400,,,,,,
marker_write,232,51700,,,,,,
marker_sync,232,1797600,,,,,,
append,233,3844700,,,,,,
encode,233,6500,,,,,,
data_write,233,65900,,,,,,
data_sync,233,1917400,,,,,,
marker_write,233,59300,,,,,,
marker_sync,233,1791900,,,,,,
append,234,4141501,,,,,,
encode,234,5700,,,,,,
data_write,234,82300,,,,,,
data_sync,234,1988101,,,,,,
marker_write,234,59900,,,,,,
marker_sync,234,2001100,,,,,,
append,235,3364400,,,,,,
encode,235,7000,,,,,,
data_write,235,72500,,,,,,
data_sync,235,1653300,,,,,,
marker_write,235,48900,,,,,,
marker_sync,235,1579500,,,,,,
append,236,3250500,,,,,,
encode,236,7200,,,,,,
data_write,236,55900,,,,,,
data_sync,236,1600700,,,,,,
marker_write,236,48100,,,,,,
marker_sync,236,1536400,,,,,,
append,237,3631900,,,,,,
encode,237,4200,,,,,,
data_write,237,56800,,,,,,
data_sync,237,1832000,,,,,,
marker_write,237,67400,,,,,,
marker_sync,237,1668800,,,,,,
append,238,3403001,,,,,,
encode,238,5100,,,,,,
data_write,238,57200,,,,,,
data_sync,238,1652101,,,,,,
marker_write,238,50900,,,,,,
marker_sync,238,1635200,,,,,,
append,239,3899400,,,,,,
encode,239,5600,,,,,,
data_write,239,67300,,,,,,
data_sync,239,1736400,,,,,,
marker_write,239,64400,,,,,,
marker_sync,239,2022700,,,,,,
append,240,3613900,,,,,,
encode,240,5500,,,,,,
data_write,240,69500,,,,,,
data_sync,240,1770400,,,,,,
marker_write,240,49700,,,,,,
marker_sync,240,1715000,,,,,,
append,241,3508300,,,,,,
encode,241,6600,,,,,,
data_write,241,74000,,,,,,
data_sync,241,1703400,,,,,,
marker_write,241,62000,,,,,,
marker_sync,241,1658300,,,,,,
append,242,3420301,,,,,,
encode,242,6200,,,,,,
data_write,242,71700,,,,,,
data_sync,242,1648100,,,,,,
marker_write,242,62600,,,,,,
marker_sync,242,1628101,,,,,,
append,243,3978500,,,,,,
encode,243,6100,,,,,,
data_write,243,61900,,,,,,
data_sync,243,1910200,,,,,,
marker_write,243,62000,,,,,,
marker_sync,243,1935400,,,,,,
append,244,3349100,,,,,,
encode,244,6100,,,,,,
data_write,244,69500,,,,,,
data_sync,244,1643000,,,,,,
marker_write,244,65700,,,,,,
marker_sync,244,1561700,,,,,,
append,245,3443200,,,,,,
encode,245,6100,,,,,,
data_write,245,140800,,,,,,
data_sync,245,1587000,,,,,,
marker_write,245,60900,,,,,,
marker_sync,245,1645600,,,,,,
append,246,3340000,,,,,,
encode,246,6000,,,,,,
data_write,246,71900,,,,,,
data_sync,246,1588700,,,,,,
marker_write,246,63000,,,,,,
marker_sync,246,1607600,,,,,,
append,247,3781801,,,,,,
encode,247,7500,,,,,,
data_write,247,60600,,,,,,
data_sync,247,1740101,,,,,,
marker_write,247,57600,,,,,,
marker_sync,247,1912800,,,,,,
append,248,4022400,,,,,,
encode,248,6000,,,,,,
data_write,248,76100,,,,,,
data_sync,248,1889400,,,,,,
marker_write,248,62400,,,,,,
marker_sync,248,1985700,,,,,,
append,249,4085500,,,,,,
encode,249,5200,,,,,,
data_write,249,57700,,,,,,
data_sync,249,1960300,,,,,,
marker_write,249,55700,,,,,,
marker_sync,249,2003200,,,,,,
append,250,4539600,,,,,,
encode,250,6200,,,,,,
data_write,250,84200,,,,,,
data_sync,250,2537500,,,,,,
marker_write,250,59700,,,,,,
marker_sync,250,1847400,,,,,,
append,251,4236501,,,,,,
encode,251,6700,,,,,,
data_write,251,72400,,,,,,
data_sync,251,2067201,,,,,,
marker_write,251,56300,,,,,,
marker_sync,251,2030300,,,,,,
append,252,3816600,,,,,,
encode,252,5400,,,,,,
data_write,252,56400,,,,,,
data_sync,252,2005600,,,,,,
marker_write,252,49900,,,,,,
marker_sync,252,1696500,,,,,,
append,253,3711300,,,,,,
encode,253,5800,,,,,,
data_write,253,76500,,,,,,
data_sync,253,1770500,,,,,,
marker_write,253,53100,,,,,,
marker_sync,253,1802000,,,,,,
append,254,4151600,,,,,,
encode,254,6000,,,,,,
data_write,254,70300,,,,,,
data_sync,254,2062200,,,,,,
marker_write,254,109900,,,,,,
marker_sync,254,1899300,,,,,,
append,255,3956401,,,,,,
encode,255,6300,,,,,,
data_write,255,63200,,,,,,
data_sync,255,1942101,,,,,,
marker_write,255,56700,,,,,,
marker_sync,255,1884100,,,,,,
append,256,4405400,,,,,,
encode,256,6100,,,,,,
data_write,256,72900,,,,,,
data_sync,256,2247100,,,,,,
marker_write,256,53400,,,,,,
marker_sync,256,2021800,,,,,,
append,257,3497700,,,,,,
encode,257,4600,,,,,,
data_write,257,69400,,,,,,
data_sync,257,1704500,,,,,,
marker_write,257,58700,,,,,,
marker_sync,257,1656900,,,,,,
append,258,4024400,,,,,,
encode,258,5400,,,,,,
data_write,258,60900,,,,,,
data_sync,258,1785400,,,,,,
marker_write,258,52400,,,,,,
marker_sync,258,2117400,,,,,,
append,259,3759801,,,,,,
encode,259,7700,,,,,,
data_write,259,69200,,,,,,
data_sync,259,1901901,,,,,,
marker_write,259,55100,,,,,,
marker_sync,259,1722100,,,,,,
append,260,4111500,,,,,,
encode,260,5800,,,,,,
data_write,260,67000,,,,,,
data_sync,260,2005900,,,,,,
marker_write,260,66500,,,,,,
marker_sync,260,1961900,,,,,,
append,261,3712900,,,,,,
encode,261,5800,,,,,,
data_write,261,78800,,,,,,
data_sync,261,1882300,,,,,,
marker_write,261,60100,,,,,,
marker_sync,261,1682700,,,,,,
append,262,3450500,,,,,,
encode,262,4300,,,,,,
data_write,262,59300,,,,,,
data_sync,262,1671000,,,,,,
marker_write,262,51900,,,,,,
marker_sync,262,1661600,,,,,,
append,263,3361401,,,,,,
encode,263,4800,,,,,,
data_write,263,57800,,,,,,
data_sync,263,1588501,,,,,,
marker_write,263,45100,,,,,,
marker_sync,263,1661900,,,,,,
append,264,4013100,,,,,,
encode,264,7600,,,,,,
data_write,264,66400,,,,,,
data_sync,264,1929200,,,,,,
marker_write,264,66000,,,,,,
marker_sync,264,1941000,,,,,,
append,265,3497800,,,,,,
encode,265,6500,,,,,,
data_write,265,71000,,,,,,
data_sync,265,1753800,,,,,,
marker_write,265,55600,,,,,,
marker_sync,265,1607600,,,,,,
append,266,3225200,,,,,,
encode,266,5100,,,,,,
data_write,266,58300,,,,,,
data_sync,266,1533100,,,,,,
marker_write,266,45800,,,,,,
marker_sync,266,1579900,,,,,,
append,267,3699301,,,,,,
encode,267,6400,,,,,,
data_write,267,77500,,,,,,
data_sync,267,1883600,,,,,,
marker_write,267,49600,,,,,,
marker_sync,267,1679601,,,,,,
append,268,3753400,,,,,,
encode,268,5000,,,,,,
data_write,268,52300,,,,,,
data_sync,268,1751800,,,,,,
marker_write,268,67500,,,,,,
marker_sync,268,1873800,,,,,,
append,269,3596600,,,,,,
encode,269,6600,,,,,,
data_write,269,69800,,,,,,
data_sync,269,1821800,,,,,,
marker_write,269,49500,,,,,,
marker_sync,269,1645700,,,,,,
append,270,3979400,,,,,,
encode,270,6000,,,,,,
data_write,270,62700,,,,,,
data_sync,270,2078000,,,,,,
marker_write,270,52200,,,,,,
marker_sync,270,1777100,,,,,,
append,271,4325401,,,,,,
encode,271,6900,,,,,,
data_write,271,75600,,,,,,
data_sync,271,2085300,,,,,,
marker_write,271,91600,,,,,,
marker_sync,271,2059701,,,,,,
append,272,4122000,,,,,,
encode,272,6200,,,,,,
data_write,272,89200,,,,,,
data_sync,272,1889900,,,,,,
marker_write,272,56000,,,,,,
marker_sync,272,2077600,,,,,,
append,273,8078000,,,,,,
encode,273,6200,,,,,,
data_write,273,63900,,,,,,
data_sync,273,2315600,,,,,,
marker_write,273,58300,,,,,,
marker_sync,273,5630700,,,,,,
append,274,3822901,,,,,,
encode,274,5300,,,,,,
data_write,274,75800,,,,,,
data_sync,274,1857000,,,,,,
marker_write,274,50500,,,,,,
marker_sync,274,1830301,,,,,,
append,275,4246700,,,,,,
encode,275,6100,,,,,,
data_write,275,69000,,,,,,
data_sync,275,1994500,,,,,,
marker_write,275,58900,,,,,,
marker_sync,275,2115200,,,,,,
append,276,3784800,,,,,,
encode,276,7000,,,,,,
data_write,276,68900,,,,,,
data_sync,276,1936800,,,,,,
marker_write,276,51200,,,,,,
marker_sync,276,1718100,,,,,,
append,277,4125500,,,,,,
encode,277,5900,,,,,,
data_write,277,87900,,,,,,
data_sync,277,2019900,,,,,,
marker_write,277,64700,,,,,,
marker_sync,277,1941800,,,,,,
append,278,7335801,,,,,,
encode,278,9500,,,,,,
data_write,278,92900,,,,,,
data_sync,278,5217101,,,,,,
marker_write,278,66700,,,,,,
marker_sync,278,1945300,,,,,,
append,279,4006700,,,,,,
encode,279,7700,,,,,,
data_write,279,88600,,,,,,
data_sync,279,1970700,,,,,,
marker_write,279,69400,,,,,,
marker_sync,279,1866900,,,,,,
append,280,3462200,,,,,,
encode,280,6600,,,,,,
data_write,280,73900,,,,,,
data_sync,280,1757500,,,,,,
marker_write,280,48400,,,,,,
marker_sync,280,1572100,,,,,,
append,281,3071300,,,,,,
encode,281,6200,,,,,,
data_write,281,66100,,,,,,
data_sync,281,1459500,,,,,,
marker_write,281,43700,,,,,,
marker_sync,281,1493400,,,,,,
append,282,3046501,,,,,,
encode,282,4600,,,,,,
data_write,282,51000,,,,,,
data_sync,282,1437601,,,,,,
marker_write,282,44200,,,,,,
marker_sync,282,1505900,,,,,,
append,283,3406200,,,,,,
encode,283,5100,,,,,,
data_write,283,64500,,,,,,
data_sync,283,1447600,,,,,,
marker_write,283,60700,,,,,,
marker_sync,283,1825100,,,,,,
append,284,3776000,,,,,,
encode,284,6000,,,,,,
data_write,284,74500,,,,,,
data_sync,284,1861800,,,,,,
marker_write,284,63200,,,,,,
marker_sync,284,1767300,,,,,,
append,285,3356500,,,,,,
encode,285,5300,,,,,,
data_write,285,71100,,,,,,
data_sync,285,1622100,,,,,,
marker_write,285,48300,,,,,,
marker_sync,285,1606700,,,,,,
append,286,4108501,,,,,,
encode,286,6100,,,,,,
data_write,286,78200,,,,,,
data_sync,286,2104000,,,,,,
marker_write,286,61600,,,,,,
marker_sync,286,1854801,,,,,,
append,287,3991700,,,,,,
encode,287,4800,,,,,,
data_write,287,66200,,,,,,
data_sync,287,1900200,,,,,,
marker_write,287,28400,,,,,,
marker_sync,287,1989100,,,,,,
append,288,4162300,,,,,,
encode,288,4400,,,,,,
data_write,288,60200,,,,,,
data_sync,288,1889600,,,,,,
marker_write,288,65300,,,,,,
marker_sync,288,2139400,,,,,,
append,289,3600500,,,,,,
encode,289,6100,,,,,,
data_write,289,71000,,,,,,
data_sync,289,1794100,,,,,,
marker_write,289,43100,,,,,,
marker_sync,289,1682800,,,,,,
append,290,3749401,,,,,,
encode,290,6300,,,,,,
data_write,290,69200,,,,,,
data_sync,290,1780700,,,,,,
marker_write,290,48900,,,,,,
marker_sync,290,1841101,,,,,,
append,291,3879200,,,,,,
encode,291,6200,,,,,,
data_write,291,71500,,,,,,
data_sync,291,1927100,,,,,,
marker_write,291,51900,,,,,,
marker_sync,291,1819400,,,,,,
append,292,3402500,,,,,,
encode,292,4400,,,,,,
data_write,292,56000,,,,,,
data_sync,292,1647800,,,,,,
marker_write,292,52500,,,,,,
marker_sync,292,1638600,,,,,,
append,293,4167000,,,,,,
encode,293,5500,,,,,,
data_write,293,61200,,,,,,
data_sync,293,1901200,,,,,,
marker_write,293,59900,,,,,,
marker_sync,293,2136000,,,,,,
append,294,4235901,,,,,,
encode,294,6500,,,,,,
data_write,294,61000,,,,,,
data_sync,294,1903500,,,,,,
marker_write,294,48000,,,,,,
marker_sync,294,2213501,,,,,,
append,295,3848100,,,,,,
encode,295,5500,,,,,,
data_write,295,64600,,,,,,
data_sync,295,1938600,,,,,,
marker_write,295,49300,,,,,,
marker_sync,295,1786500,,,,,,
append,296,3451300,,,,,,
encode,296,4400,,,,,,
data_write,296,56700,,,,,,
data_sync,296,1636200,,,,,,
marker_write,296,59900,,,,,,
marker_sync,296,1691100,,,,,,
append,297,4056700,,,,,,
encode,297,4500,,,,,,
data_write,297,53100,,,,,,
data_sync,297,2071200,,,,,,
marker_write,297,68100,,,,,,
marker_sync,297,1856500,,,,,,
append,298,3550600,,,,,,
encode,298,6100,,,,,,
data_write,298,54700,,,,,,
data_sync,298,1761000,,,,,,
marker_write,298,61400,,,,,,
marker_sync,298,1664100,,,,,,
append,299,3491301,,,,,,
encode,299,5500,,,,,,
data_write,299,58300,,,,,,
data_sync,299,1700201,,,,,,
marker_write,299,58100,,,,,,
marker_sync,299,1665700,,,,,,
append,300,3937200,,,,,,
encode,300,5900,,,,,,
data_write,300,72800,,,,,,
data_sync,300,1886500,,,,,,
marker_write,300,70300,,,,,,
marker_sync,300,1899500,,,,,,
append,301,3665300,,,,,,
encode,301,5500,,,,,,
data_write,301,66900,,,,,,
data_sync,301,1629800,,,,,,
marker_write,301,46100,,,,,,
marker_sync,301,1913600,,,,,,
append,302,3465100,,,,,,
encode,302,5300,,,,,,
data_write,302,60200,,,,,,
data_sync,302,1729500,,,,,,
marker_write,302,45400,,,,,,
marker_sync,302,1621400,,,,,,
append,303,3485201,,,,,,
encode,303,6100,,,,,,
data_write,303,70700,,,,,,
data_sync,303,1724001,,,,,,
marker_write,303,59400,,,,,,
marker_sync,303,1621700,,,,,,
append,304,3675400,,,,,,
encode,304,5800,,,,,,
data_write,304,71600,,,,,,
data_sync,304,1808600,,,,,,
marker_write,304,68300,,,,,,
marker_sync,304,1717500,,,,,,
append,305,5227000,,,,,,
encode,305,5700,,,,,,
data_write,305,79000,,,,,,
data_sync,305,1811000,,,,,,
marker_write,305,56000,,,,,,
marker_sync,305,3271800,,,,,,
append,306,3982500,,,,,,
encode,306,6900,,,,,,
data_write,306,78600,,,,,,
data_sync,306,1981100,,,,,,
marker_write,306,60200,,,,,,
marker_sync,306,1851300,,,,,,
append,307,3632001,,,,,,
encode,307,6500,,,,,,
data_write,307,71100,,,,,,
data_sync,307,1745501,,,,,,
marker_write,307,58500,,,,,,
marker_sync,307,1747400,,,,,,
append,308,3651900,,,,,,
encode,308,5600,,,,,,
data_write,308,70000,,,,,,
data_sync,308,1830700,,,,,,
marker_write,308,47900,,,,,,
marker_sync,308,1693900,,,,,,
append,309,3411500,,,,,,
encode,309,6400,,,,,,
data_write,309,63000,,,,,,
data_sync,309,1615500,,,,,,
marker_write,309,47400,,,,,,
marker_sync,309,1676100,,,,,,
append,310,3972300,,,,,,
encode,310,6200,,,,,,
data_write,310,72400,,,,,,
data_sync,310,2044100,,,,,,
marker_write,310,52200,,,,,,
marker_sync,310,1794700,,,,,,
append,311,4200501,,,,,,
encode,311,5000,,,,,,
data_write,311,49500,,,,,,
data_sync,311,1930800,,,,,,
marker_write,311,52200,,,,,,
marker_sync,311,2158201,,,,,,
append,312,4395300,,,,,,
encode,312,5800,,,,,,
data_write,312,71100,,,,,,
data_sync,312,2297600,,,,,,
marker_write,312,68200,,,,,,
marker_sync,312,1949500,,,,,,
append,313,3336700,,,,,,
encode,313,6400,,,,,,
data_write,313,82500,,,,,,
data_sync,313,1695200,,,,,,
marker_write,313,64700,,,,,,
marker_sync,313,1484300,,,,,,
append,314,3607300,,,,,,
encode,314,6100,,,,,,
data_write,314,72100,,,,,,
data_sync,314,1529200,,,,,,
marker_write,314,57900,,,,,,
marker_sync,314,1938600,,,,,,
append,315,3589701,,,,,,
encode,315,7500,,,,,,
data_write,315,77700,,,,,,
data_sync,315,1808400,,,,,,
marker_write,315,55300,,,,,,
marker_sync,315,1637201,,,,,,
append,316,4134700,,,,,,
encode,316,6200,,,,,,
data_write,316,69900,,,,,,
data_sync,316,1940100,,,,,,
marker_write,316,68900,,,,,,
marker_sync,316,2046200,,,,,,
append,317,3535800,,,,,,
encode,317,6700,,,,,,
data_write,317,76400,,,,,,
data_sync,317,1677100,,,,,,
marker_write,317,60100,,,,,,
marker_sync,317,1711400,,,,,,
append,318,3153100,,,,,,
encode,318,4400,,,,,,
data_write,318,62400,,,,,,
data_sync,318,1456600,,,,,,
marker_write,318,44300,,,,,,
marker_sync,318,1582700,,,,,,
append,319,3341300,,,,,,
encode,319,4500,,,,,,
data_write,319,54500,,,,,,
data_sync,319,1654700,,,,,,
marker_write,319,49800,,,,,,
marker_sync,319,1574100,,,,,,
append,320,3109601,,,,,,
encode,320,6000,,,,,,
data_write,320,50700,,,,,,
data_sync,320,1510601,,,,,,
marker_write,320,45900,,,,,,
marker_sync,320,1493600,,,,,,
append,321,3294500,,,,,,
encode,321,3800,,,,,,
data_write,321,51300,,,,,,
data_sync,321,1600300,,,,,,
marker_write,321,47100,,,,,,
marker_sync,321,1589200,,,,,,
append,322,3122900,,,,,,
encode,322,4300,,,,,,
data_write,322,52900,,,,,,
data_sync,322,1524600,,,,,,
marker_write,322,41900,,,,,,
marker_sync,322,1495900,,,,,,
append,323,3303100,,,,,,
encode,323,4100,,,,,,
data_write,323,58500,,,,,,
data_sync,323,1662200,,,,,,
marker_write,323,47000,,,,,,
marker_sync,323,1528500,,,,,,
append,324,3177200,,,,,,
encode,324,4400,,,,,,
data_write,324,53900,,,,,,
data_sync,324,1510500,,,,,,
marker_write,324,43200,,,,,,
marker_sync,324,1561400,,,,,,
append,325,3666001,,,,,,
encode,325,6200,,,,,,
data_write,325,78000,,,,,,
data_sync,325,1720701,,,,,,
marker_write,325,60900,,,,,,
marker_sync,325,1797200,,,,,,
append,326,3354600,,,,,,
encode,326,5100,,,,,,
data_write,326,71800,,,,,,
data_sync,326,1636000,,,,,,
marker_write,326,65900,,,,,,
marker_sync,326,1573200,,,,,,
append,327,3447700,,,,,,
encode,327,4800,,,,,,
data_write,327,50800,,,,,,
data_sync,327,1682000,,,,,,
marker_write,327,57000,,,,,,
marker_sync,327,1650300,,,,,,
append,328,3414800,,,,,,
encode,328,5600,,,,,,
data_write,328,71000,,,,,,
data_sync,328,1624600,,,,,,
marker_write,328,53900,,,,,,
marker_sync,328,1657300,,,,,,
append,329,3441201,,,,,,
encode,329,6400,,,,,,
data_write,329,64400,,,,,,
data_sync,329,1640000,,,,,,
marker_write,329,53400,,,,,,
marker_sync,329,1674001,,,,,,
append,330,3357700,,,,,,
encode,330,5800,,,,,,
data_write,330,64700,,,,,,
data_sync,330,1639500,,,,,,
marker_write,330,57100,,,,,,
marker_sync,330,1586900,,,,,,
append,331,3321900,,,,,,
encode,331,5700,,,,,,
data_write,331,66700,,,,,,
data_sync,331,1596600,,,,,,
marker_write,331,58900,,,,,,
marker_sync,331,1591500,,,,,,
append,332,2947100,,,,,,
encode,332,4500,,,,,,
data_write,332,53200,,,,,,
data_sync,332,1410900,,,,,,
marker_write,332,55000,,,,,,
marker_sync,332,1421200,,,,,,
append,333,3176900,,,,,,
encode,333,5800,,,,,,
data_write,333,66500,,,,,,
data_sync,333,1591000,,,,,,
marker_write,333,53700,,,,,,
marker_sync,333,1457200,,,,,,
append,334,3198701,,,,,,
encode,334,4500,,,,,,
data_write,334,52000,,,,,,
data_sync,334,1510400,,,,,,
marker_write,334,46600,,,,,,
marker_sync,334,1582001,,,,,,
append,335,3488400,,,,,,
encode,335,6000,,,,,,
data_write,335,72400,,,,,,
data_sync,335,1622600,,,,,,
marker_write,335,51800,,,,,,
marker_sync,335,1732800,,,,,,
append,336,4554800,,,,,,
encode,336,5000,,,,,,
data_write,336,68000,,,,,,
data_sync,336,2139300,,,,,,
marker_write,336,66300,,,,,,
marker_sync,336,2273000,,,,,,
append,337,4222200,,,,,,
encode,337,6600,,,,,,
data_write,337,79100,,,,,,
data_sync,337,2003100,,,,,,
marker_write,337,73700,,,,,,
marker_sync,337,2056800,,,,,,
append,338,3970101,,,,,,
encode,338,6100,,,,,,
data_write,338,70500,,,,,,
data_sync,338,1963700,,,,,,
marker_write,338,63100,,,,,,
marker_sync,338,1864201,,,,,,
append,339,3904600,,,,,,
encode,339,5300,,,,,,
data_write,339,61100,,,,,,
data_sync,339,1844500,,,,,,
marker_write,339,49100,,,,,,
marker_sync,339,1942200,,,,,,
append,340,3531700,,,,,,
encode,340,5200,,,,,,
data_write,340,59000,,,,,,
data_sync,340,1765800,,,,,,
marker_write,340,49000,,,,,,
marker_sync,340,1649300,,,,,,
append,341,3215200,,,,,,
encode,341,5600,,,,,,
data_write,341,65300,,,,,,
data_sync,341,1564100,,,,,,
marker_write,341,48400,,,,,,
marker_sync,341,1528100,,,,,,
append,342,3255900,,,,,,
encode,342,5400,,,,,,
data_write,342,60700,,,,,,
data_sync,342,1606900,,,,,,
marker_write,342,48700,,,,,,
marker_sync,342,1531000,,,,,,
append,343,3609701,,,,,,
encode,343,4800,,,,,,
data_write,343,57700,,,,,,
data_sync,343,1545601,,,,,,
marker_write,343,54400,,,,,,
marker_sync,343,1944400,,,,,,
append,344,3733400,,,,,,
encode,344,5600,,,,,,
data_write,344,72700,,,,,,
data_sync,344,1810400,,,,,,
marker_write,344,65200,,,,,,
marker_sync,344,1776600,,,,,,
append,345,3858600,,,,,,
encode,345,6400,,,,,,
data_write,345,60200,,,,,,
data_sync,345,1946700,,,,,,
marker_write,345,50600,,,,,,
marker_sync,345,1792700,,,,,,
append,346,3714300,,,,,,
encode,346,4700,,,,,,
data_write,346,53200,,,,,,
data_sync,346,1809900,,,,,,
marker_write,346,60100,,,,,,
marker_sync,346,1782700,,,,,,
append,347,4102901,,,,,,
encode,347,6500,,,,,,
data_write,347,69000,,,,,,
data_sync,347,1994101,,,,,,
marker_write,347,63900,,,,,,
marker_sync,347,1966000,,,,,,
append,348,4995300,,,,,,
encode,348,4900,,,,,,
data_write,348,64200,,,,,,
data_sync,348,2710200,,,,,,
marker_write,348,81100,,,,,,
marker_sync,348,2132300,,,,,,
append,349,3684100,,,,,,
encode,349,5300,,,,,,
data_write,349,61300,,,,,,
data_sync,349,1685700,,,,,,
marker_write,349,48000,,,,,,
marker_sync,349,1881000,,,,,,
append,350,3565900,,,,,,
encode,350,5300,,,,,,
data_write,350,60500,,,,,,
data_sync,350,1723100,,,,,,
marker_write,350,47400,,,,,,
marker_sync,350,1726800,,,,,,
append,351,4092601,,,,,,
encode,351,4400,,,,,,
data_write,351,51100,,,,,,
data_sync,351,1929301,,,,,,
marker_write,351,44400,,,,,,
marker_sync,351,2060700,,,,,,
append,352,3561900,,,,,,
encode,352,5700,,,,,,
data_write,352,67400,,,,,,
data_sync,352,1785600,,,,,,
marker_write,352,58100,,,,,,
marker_sync,352,1642300,,,,,,
append,353,3427900,,,,,,
encode,353,6100,,,,,,
data_write,353,62200,,,,,,
data_sync,353,1717600,,,,,,
marker_write,353,55000,,,,,,
marker_sync,353,1584300,,,,,,
append,354,3527900,,,,,,
encode,354,5000,,,,,,
data_write,354,58100,,,,,,
data_sync,354,1706200,,,,,,
marker_write,354,51000,,,,,,
marker_sync,354,1704300,,,,,,
append,355,3572001,,,,,,
encode,355,6000,,,,,,
data_write,355,64200,,,,,,
data_sync,355,1778301,,,,,,
marker_write,355,52600,,,,,,
marker_sync,355,1668300,,,,,,
append,356,3815700,,,,,,
encode,356,6300,,,,,,
data_write,356,54400,,,,,,
data_sync,356,1856300,,,,,,
marker_write,356,46000,,,,,,
marker_sync,356,1849300,,,,,,
append,357,3870200,,,,,,
encode,357,5700,,,,,,
data_write,357,72500,,,,,,
data_sync,357,1841200,,,,,,
marker_write,357,46300,,,,,,
marker_sync,357,1901800,,,,,,
append,358,3769800,,,,,,
encode,358,4700,,,,,,
data_write,358,57000,,,,,,
data_sync,358,1810900,,,,,,
marker_write,358,44100,,,,,,
marker_sync,358,1850600,,,,,,
append,359,3865401,,,,,,
encode,359,5700,,,,,,
data_write,359,63400,,,,,,
data_sync,359,1796200,,,,,,
marker_write,359,46300,,,,,,
marker_sync,359,1951401,,,,,,
append,360,4403100,,,,,,
encode,360,5300,,,,,,
data_write,360,68400,,,,,,
data_sync,360,2197900,,,,,,
marker_write,360,51100,,,,,,
marker_sync,360,2077500,,,,,,
append,361,3929400,,,,,,
encode,361,6100,,,,,,
data_write,361,73200,,,,,,
data_sync,361,1960800,,,,,,
marker_write,361,73100,,,,,,
marker_sync,361,1813000,,,,,,
append,362,3613300,,,,,,
encode,362,5500,,,,,,
data_write,362,56900,,,,,,
data_sync,362,1842700,,,,,,
marker_write,362,47200,,,,,,
marker_sync,362,1658700,,,,,,
append,363,3637001,,,,,,
encode,363,4900,,,,,,
data_write,363,60100,,,,,,
data_sync,363,1663600,,,,,,
marker_write,363,56800,,,,,,
marker_sync,363,1848801,,,,,,
append,364,4393300,,,,,,
encode,364,4900,,,,,,
data_write,364,97600,,,,,,
data_sync,364,2158500,,,,,,
marker_write,364,67900,,,,,,
marker_sync,364,2061300,,,,,,
append,365,4249800,,,,,,
encode,365,6700,,,,,,
data_write,365,72400,,,,,,
data_sync,365,2119200,,,,,,
marker_write,365,70700,,,,,,
marker_sync,365,1977100,,,,,,
append,366,4066200,,,,,,
encode,366,5600,,,,,,
data_write,366,72500,,,,,,
data_sync,366,1997600,,,,,,
marker_write,366,58300,,,,,,
marker_sync,366,1929500,,,,,,
append,367,3759301,,,,,,
encode,367,6200,,,,,,
data_write,367,68000,,,,,,
data_sync,367,1818700,,,,,,
marker_write,367,53900,,,,,,
marker_sync,367,1809801,,,,,,
append,368,3405800,,,,,,
encode,368,4800,,,,,,
data_write,368,54400,,,,,,
data_sync,368,1670900,,,,,,
marker_write,368,45800,,,,,,
marker_sync,368,1627200,,,,,,
append,369,3670600,,,,,,
encode,369,4600,,,,,,
data_write,369,48000,,,,,,
data_sync,369,1825200,,,,,,
marker_write,369,56100,,,,,,
marker_sync,369,1734200,,,,,,
append,370,3473900,,,,,,
encode,370,5400,,,,,,
data_write,370,57200,,,,,,
data_sync,370,1709200,,,,,,
marker_write,370,43500,,,,,,
marker_sync,370,1656300,,,,,,
append,371,3326300,,,,,,
encode,371,4700,,,,,,
data_write,371,50000,,,,,,
data_sync,371,1604100,,,,,,
marker_write,371,40900,,,,,,
marker_sync,371,1624300,,,,,,
append,372,3776801,,,,,,
encode,372,4600,,,,,,
data_write,372,48100,,,,,,
data_sync,372,1978401,,,,,,
marker_write,372,59500,,,,,,
marker_sync,372,1682900,,,,,,
append,373,3271900,,,,,,
encode,373,5900,,,,,,
data_write,373,64400,,,,,,
data_sync,373,1567500,,,,,,
marker_write,373,48700,,,,,,
marker_sync,373,1583000,,,,,,
append,374,3279500,,,,,,
encode,374,5500,,,,,,
data_write,374,59200,,,,,,
data_sync,374,1580000,,,,,,
marker_write,374,53000,,,,,,
marker_sync,374,1579500,,,,,,
append,375,3204800,,,,,,
encode,375,4900,,,,,,
data_write,375,48600,,,,,,
data_sync,375,1492300,,,,,,
marker_write,375,43600,,,,,,
marker_sync,375,1612700,,,,,,
append,376,3283501,,,,,,
encode,376,5500,,,,,,
data_write,376,66100,,,,,,
data_sync,376,1620400,,,,,,
marker_write,376,54900,,,,,,
marker_sync,376,1532601,,,,,,
append,377,3576500,,,,,,
encode,377,6700,,,,,,
data_write,377,51900,,,,,,
data_sync,377,1719600,,,,,,
marker_write,377,56700,,,,,,
marker_sync,377,1738800,,,,,,
append,378,4052500,,,,,,
encode,378,4700,,,,,,
data_write,378,55000,,,,,,
data_sync,378,1845000,,,,,,
marker_write,378,52600,,,,,,
marker_sync,378,2092000,,,,,,
append,379,3795500,,,,,,
encode,379,6400,,,,,,
data_write,379,69400,,,,,,
data_sync,379,2002300,,,,,,
marker_write,379,49500,,,,,,
marker_sync,379,1665400,,,,,,
append,380,3401900,,,,,,
encode,380,4500,,,,,,
data_write,380,51300,,,,,,
data_sync,380,1606500,,,,,,
marker_write,380,49900,,,,,,
marker_sync,380,1686000,,,,,,
append,381,3637501,,,,,,
encode,381,5300,,,,,,
data_write,381,63100,,,,,,
data_sync,381,1720401,,,,,,
marker_write,381,52000,,,,,,
marker_sync,381,1793600,,,,,,
append,382,3282200,,,,,,
encode,382,5800,,,,,,
data_write,382,62500,,,,,,
data_sync,382,1590300,,,,,,
marker_write,382,42000,,,,,,
marker_sync,382,1578800,,,,,,
append,383,3529900,,,,,,
encode,383,5700,,,,,,
data_write,383,58700,,,,,,
data_sync,383,1672200,,,,,,
marker_write,383,49600,,,,,,
marker_sync,383,1741100,,,,,,
append,384,3509400,,,,,,
encode,384,5500,,,,,,
data_write,384,63200,,,,,,
data_sync,384,1718600,,,,,,
marker_write,384,44400,,,,,,
marker_sync,384,1675300,,,,,,
append,385,3801001,,,,,,
encode,385,4500,,,,,,
data_write,385,100000,,,,,,
data_sync,385,1801800,,,,,,
marker_write,385,49200,,,,,,
marker_sync,385,1842401,,,,,,
append,386,3849100,,,,,,
encode,386,4900,,,,,,
data_write,386,60400,,,,,,
data_sync,386,1824400,,,,,,
marker_write,386,50400,,,,,,
marker_sync,386,1906500,,,,,,
append,387,3891700,,,,,,
encode,387,6000,,,,,,
data_write,387,64000,,,,,,
data_sync,387,1952600,,,,,,
marker_write,387,43800,,,,,,
marker_sync,387,1822800,,,,,,
append,388,3806800,,,,,,
encode,388,4400,,,,,,
data_write,388,63400,,,,,,
data_sync,388,2018000,,,,,,
marker_write,388,44900,,,,,,
marker_sync,388,1673900,,,,,,
append,389,3299701,,,,,,
encode,389,4400,,,,,,
data_write,389,48000,,,,,,
data_sync,389,1672300,,,,,,
marker_write,389,41700,,,,,,
marker_sync,389,1531101,,,,,,
append,390,4571000,,,,,,
encode,390,4500,,,,,,
data_write,390,49000,,,,,,
data_sync,390,2054500,,,,,,
marker_write,390,48600,,,,,,
marker_sync,390,2408700,,,,,,
append,391,4160800,,,,,,
encode,391,9400,,,,,,
data_write,391,70000,,,,,,
data_sync,391,2099100,,,,,,
marker_write,391,64900,,,,,,
marker_sync,391,1914400,,,,,,
append,392,3945200,,,,,,
encode,392,5100,,,,,,
data_write,392,53100,,,,,,
data_sync,392,1802300,,,,,,
marker_write,392,56000,,,,,,
marker_sync,392,2025400,,,,,,
append,393,3653701,,,,,,
encode,393,5800,,,,,,
data_write,393,72100,,,,,,
data_sync,393,1757600,,,,,,
marker_write,393,53600,,,,,,
marker_sync,393,1759901,,,,,,
append,394,4435900,,,,,,
encode,394,8400,,,,,,
data_write,394,76300,,,,,,
data_sync,394,2389300,,,,,,
marker_write,394,67000,,,,,,
marker_sync,394,1890800,,,,,,
append,395,3573200,,,,,,
encode,395,6500,,,,,,
data_write,395,66000,,,,,,
data_sync,395,1784800,,,,,,
marker_write,395,51300,,,,,,
marker_sync,395,1661500,,,,,,
append,396,4288600,,,,,,
encode,396,5700,,,,,,
data_write,396,49200,,,,,,
data_sync,396,1910000,,,,,,
marker_write,396,54200,,,,,,
marker_sync,396,2265900,,,,,,
append,397,4383401,,,,,,
encode,397,5300,,,,,,
data_write,397,51500,,,,,,
data_sync,397,2433501,,,,,,
marker_write,397,53000,,,,,,
marker_sync,397,1837300,,,,,,
append,398,4170300,,,,,,
encode,398,4800,,,,,,
data_write,398,52800,,,,,,
data_sync,398,1618600,,,,,,
marker_write,398,52200,,,,,,
marker_sync,398,2438900,,,,,,
append,399,3943400,,,,,,
encode,399,7000,,,,,,
data_write,399,68700,,,,,,
data_sync,399,1995000,,,,,,
marker_write,399,51000,,,,,,
marker_sync,399,1818800,,,,,,
append,400,4004900,,,,,,
encode,400,5600,,,,,,
data_write,400,67200,,,,,,
data_sync,400,1813400,,,,,,
marker_write,400,56200,,,,,,
marker_sync,400,2058900,,,,,,
append,401,4043201,,,,,,
encode,401,5500,,,,,,
data_write,401,62200,,,,,,
data_sync,401,1939801,,,,,,
marker_write,401,50100,,,,,,
marker_sync,401,1981100,,,,,,
append,402,4269300,,,,,,
encode,402,5600,,,,,,
data_write,402,54200,,,,,,
data_sync,402,2318300,,,,,,
marker_write,402,55100,,,,,,
marker_sync,402,1833200,,,,,,
append,403,3834300,,,,,,
encode,403,6500,,,,,,
data_write,403,57500,,,,,,
data_sync,403,1712900,,,,,,
marker_write,403,43700,,,,,,
marker_sync,403,2010700,,,,,,
append,404,3612700,,,,,,
encode,404,4300,,,,,,
data_write,404,53800,,,,,,
data_sync,404,1746200,,,,,,
marker_write,404,50000,,,,,,
marker_sync,404,1755200,,,,,,
append,405,3636201,,,,,,
encode,405,6500,,,,,,
data_write,405,61000,,,,,,
data_sync,405,1691001,,,,,,
marker_write,405,64000,,,,,,
marker_sync,405,1810600,,,,,,
append,406,4119800,,,,,,
encode,406,5700,,,,,,
data_write,406,61700,,,,,,
data_sync,406,2127300,,,,,,
marker_write,406,59900,,,,,,
marker_sync,406,1861400,,,,,,
append,407,4592800,,,,,,
encode,407,5500,,,,,,
data_write,407,62200,,,,,,
data_sync,407,2201600,,,,,,
marker_write,407,54200,,,,,,
marker_sync,407,2265800,,,,,,
append,408,4405000,,,,,,
encode,408,6500,,,,,,
data_write,408,73200,,,,,,
data_sync,408,1722200,,,,,,
marker_write,408,54100,,,,,,
marker_sync,408,2546100,,,,,,
append,409,3633401,,,,,,
encode,409,4600,,,,,,
data_write,409,62400,,,,,,
data_sync,409,1817001,,,,,,
marker_write,409,51400,,,,,,
marker_sync,409,1694200,,,,,,
append,410,7093800,,,,,,
encode,410,6500,,,,,,
data_write,410,56100,,,,,,
data_sync,410,1787200,,,,,,
marker_write,410,49400,,,,,,
marker_sync,410,5191300,,,,,,
append,411,3519900,,,,,,
encode,411,5400,,,,,,
data_write,411,56600,,,,,,
data_sync,411,1800000,,,,,,
marker_write,411,49000,,,,,,
marker_sync,411,1605600,,,,,,
append,412,3468701,,,,,,
encode,412,4400,,,,,,
data_write,412,60300,,,,,,
data_sync,412,1567600,,,,,,
marker_write,412,58300,,,,,,
marker_sync,412,1773701,,,,,,
append,413,3577500,,,,,,
encode,413,9100,,,,,,
data_write,413,72300,,,,,,
data_sync,413,1638100,,,,,,
marker_write,413,44300,,,,,,
marker_sync,413,1810500,,,,,,
append,414,3545200,,,,,,
encode,414,5300,,,,,,
data_write,414,70000,,,,,,
data_sync,414,1672000,,,,,,
marker_write,414,59400,,,,,,
marker_sync,414,1735900,,,,,,
append,415,3803100,,,,,,
encode,415,5300,,,,,,
data_write,415,53100,,,,,,
data_sync,415,1751600,,,,,,
marker_write,415,43500,,,,,,
marker_sync,415,1946900,,,,,,
append,416,3673400,,,,,,
encode,416,6200,,,,,,
data_write,416,72900,,,,,,
data_sync,416,1827100,,,,,,
marker_write,416,51600,,,,,,
marker_sync,416,1712800,,,,,,
append,417,3961401,,,,,,
encode,417,5900,,,,,,
data_write,417,63501,,,,,,
data_sync,417,2068500,,,,,,
marker_write,417,54500,,,,,,
marker_sync,417,1764500,,,,,,
append,418,3754200,,,,,,
encode,418,5000,,,,,,
data_write,418,63300,,,,,,
data_sync,418,1803500,,,,,,
marker_write,418,56700,,,,,,
marker_sync,418,1822200,,,,,,
append,419,3377300,,,,,,
encode,419,6600,,,,,,
data_write,419,62100,,,,,,
data_sync,419,1637900,,,,,,
marker_write,419,55700,,,,,,
marker_sync,419,1612200,,,,,,
append,420,3529400,,,,,,
encode,420,5200,,,,,,
data_write,420,66300,,,,,,
data_sync,420,1695300,,,,,,
marker_write,420,53400,,,,,,
marker_sync,420,1706200,,,,,,
append,421,3756701,,,,,,
encode,421,5700,,,,,,
data_write,421,63700,,,,,,
data_sync,421,1666101,,,,,,
marker_write,421,50300,,,,,,
marker_sync,421,1967600,,,,,,
append,422,3995400,,,,,,
encode,422,5700,,,,,,
data_write,422,76200,,,,,,
data_sync,422,1936800,,,,,,
marker_write,422,58500,,,,,,
marker_sync,422,1914000,,,,,,
append,423,3739500,,,,,,
encode,423,6600,,,,,,
data_write,423,59000,,,,,,
data_sync,423,1851900,,,,,,
marker_write,423,44400,,,,,,
marker_sync,423,1773500,,,,,,
append,424,3724800,,,,,,
encode,424,6300,,,,,,
data_write,424,67300,,,,,,
data_sync,424,1776800,,,,,,
marker_write,424,60500,,,,,,
marker_sync,424,1810800,,,,,,
append,425,3854801,,,,,,
encode,425,5300,,,,,,
data_write,425,60100,,,,,,
data_sync,425,1785400,,,,,,
marker_write,425,55601,,,,,,
marker_sync,425,1944800,,,,,,
append,426,3278900,,,,,,
encode,426,6100,,,,,,
data_write,426,68100,,,,,,
data_sync,426,1553100,,,,,,
marker_write,426,50700,,,,,,
marker_sync,426,1598000,,,,,,
append,427,3289700,,,,,,
encode,427,5300,,,,,,
data_write,427,71700,,,,,,
data_sync,427,1532600,,,,,,
marker_write,427,57700,,,,,,
marker_sync,427,1619300,,,,,,
append,428,3285600,,,,,,
encode,428,5900,,,,,,
data_write,428,62300,,,,,,
data_sync,428,1558800,,,,,,
marker_write,428,57100,,,,,,
marker_sync,428,1598300,,,,,,
append,429,3308000,,,,,,
encode,429,5700,,,,,,
data_write,429,66800,,,,,,
data_sync,429,1597300,,,,,,
marker_write,429,53100,,,,,,
marker_sync,429,1581900,,,,,,
append,430,8613601,,,,,,
encode,430,5200,,,,,,
data_write,430,83200,,,,,,
data_sync,430,1881001,,,,,,
marker_write,430,65500,,,,,,
marker_sync,430,6575400,,,,,,
append,431,3493800,,,,,,
encode,431,5800,,,,,,
data_write,431,60600,,,,,,
data_sync,431,1707500,,,,,,
marker_write,431,57300,,,,,,
marker_sync,431,1658900,,,,,,
append,432,3477600,,,,,,
encode,432,4900,,,,,,
data_write,432,64000,,,,,,
data_sync,432,1672800,,,,,,
marker_write,432,55700,,,,,,
marker_sync,432,1676800,,,,,,
append,433,3866601,,,,,,
encode,433,7800,,,,,,
data_write,433,59600,,,,,,
data_sync,433,1934001,,,,,,
marker_write,433,58600,,,,,,
marker_sync,433,1803400,,,,,,
append,434,3748700,,,,,,
encode,434,5900,,,,,,
data_write,434,65900,,,,,,
data_sync,434,1967900,,,,,,
marker_write,434,41800,,,,,,
marker_sync,434,1664300,,,,,,
append,435,3242200,,,,,,
encode,435,4800,,,,,,
data_write,435,54500,,,,,,
data_sync,435,1548100,,,,,,
marker_write,435,42300,,,,,,
marker_sync,435,1589500,,,,,,
append,436,5478100,,,,,,
encode,436,6200,,,,,,
data_write,436,57900,,,,,,
data_sync,436,1694500,,,,,,
marker_write,436,58500,,,,,,
marker_sync,436,3657900,,,,,,
append,437,3916401,,,,,,
encode,437,6500,,,,,,
data_write,437,57400,,,,,,
data_sync,437,1870501,,,,,,
marker_write,437,48900,,,,,,
marker_sync,437,1928700,,,,,,
append,438,3764500,,,,,,
encode,438,4800,,,,,,
data_write,438,53900,,,,,,
data_sync,438,1945500,,,,,,
marker_write,438,58700,,,,,,
marker_sync,438,1698500,,,,,,
append,439,3285200,,,,,,
encode,439,4300,,,,,,
data_write,439,57300,,,,,,
data_sync,439,1569300,,,,,,
marker_write,439,60500,,,,,,
marker_sync,439,1590600,,,,,,
append,440,3392500,,,,,,
encode,440,5300,,,,,,
data_write,440,54800,,,,,,
data_sync,440,1625400,,,,,,
marker_write,440,53700,,,,,,
marker_sync,440,1649400,,,,,,
append,441,4334601,,,,,,
encode,441,6000,,,,,,
data_write,441,65500,,,,,,
data_sync,441,2138401,,,,,,
marker_write,441,284300,,,,,,
marker_sync,441,1837600,,,,,,
append,442,5832600,,,,,,
encode,442,6200,,,,,,
data_write,442,30400,,,,,,
data_sync,442,4086100,,,,,,
marker_write,442,58500,,,,,,
marker_sync,442,1648900,,,,,,
append,443,4321000,,,,,,
encode,443,5100,,,,,,
data_write,443,59200,,,,,,
data_sync,443,2583400,,,,,,
marker_write,443,47300,,,,,,
marker_sync,443,1622700,,,,,,
append,444,3491301,,,,,,
encode,444,5400,,,,,,
data_write,444,56900,,,,,,
data_sync,444,1716800,,,,,,
marker_write,444,39900,,,,,,
marker_sync,444,1669001,,,,,,
append,445,4181300,,,,,,
encode,445,5200,,,,,,
data_write,445,56800,,,,,,
data_sync,445,1982900,,,,,,
marker_write,445,43600,,,,,,
marker_sync,445,2089200,,,,,,
append,446,3797000,,,,,,
encode,446,5700,,,,,,
data_write,446,55300,,,,,,
data_sync,446,1833100,,,,,,
marker_write,446,54700,,,,,,
marker_sync,446,1843800,,,,,,
append,447,4967600,,,,,,
encode,447,6500,,,,,,
data_write,447,73700,,,,,,
data_sync,447,2308200,,,,,,
marker_write,447,50900,,,,,,
marker_sync,447,2523200,,,,,,
append,448,4694001,,,,,,
encode,448,7800,,,,,,
data_write,448,52300,,,,,,
data_sync,448,2466100,,,,,,
marker_write,448,61301,,,,,,
marker_sync,448,2101900,,,,,,
append,449,3823900,,,,,,
encode,449,5200,,,,,,
data_write,449,77300,,,,,,
data_sync,449,1863300,,,,,,
marker_write,449,65400,,,,,,
marker_sync,449,1808800,,,,,,
append,450,4076000,,,,,,
encode,450,7000,,,,,,
data_write,450,72600,,,,,,
data_sync,450,1906200,,,,,,
marker_write,450,53600,,,,,,
marker_sync,450,2032200,,,,,,
append,451,3529800,,,,,,
encode,451,5400,,,,,,
data_write,451,75700,,,,,,
data_sync,451,1680300,,,,,,
marker_write,451,60600,,,,,,
marker_sync,451,1703900,,,,,,
append,452,3393701,,,,,,
encode,452,4700,,,,,,
data_write,452,57600,,,,,,
data_sync,452,1620200,,,,,,
marker_write,452,55500,,,,,,
marker_sync,452,1652501,,,,,,
append,453,3452600,,,,,,
encode,453,6000,,,,,,
data_write,453,67100,,,,,,
data_sync,453,1634900,,,,,,
marker_write,453,60700,,,,,,
marker_sync,453,1679700,,,,,,
append,454,3603300,,,,,,
encode,454,5700,,,,,,
data_write,454,60800,,,,,,
data_sync,454,1708200,,,,,,
marker_write,454,58500,,,,,,
marker_sync,454,1766400,,,,,,
append,455,3842400,,,,,,
encode,455,5500,,,,,,
data_write,455,64400,,,,,,
data_sync,455,1791800,,,,,,
marker_write,455,56600,,,,,,
marker_sync,455,1918700,,,,,,
append,456,3664900,,,,,,
encode,456,6700,,,,,,
data_write,456,64200,,,,,,
data_sync,456,1898800,,,,,,
marker_write,456,54400,,,,,,
marker_sync,456,1636400,,,,,,
append,457,3759101,,,,,,
encode,457,7200,,,,,,
data_write,457,73500,,,,,,
data_sync,457,1899001,,,,,,
marker_write,457,51600,,,,,,
marker_sync,457,1712200,,,,,,
append,458,3876200,,,,,,
encode,458,6900,,,,,,
data_write,458,40900,,,,,,
data_sync,458,1864200,,,,,,
marker_write,458,61700,,,,,,
marker_sync,458,1899100,,,,,,
append,459,4045000,,,,,,
encode,459,5800,,,,,,
data_write,459,69400,,,,,,
data_sync,459,2062900,,,,,,
marker_write,459,46900,,,,,,
marker_sync,459,1855800,,,,,,
append,460,3469100,,,,,,
encode,460,5700,,,,,,
data_write,460,74000,,,,,,
data_sync,460,1674000,,,,,,
marker_write,460,45200,,,,,,
marker_sync,460,1666200,,,,,,
append,461,3566001,,,,,,
encode,461,6000,,,,,,
data_write,461,65000,,,,,,
data_sync,461,1707301,,,,,,
marker_write,461,54500,,,,,,
marker_sync,461,1729900,,,,,,
append,462,3320200,,,,,,
encode,462,6000,,,,,,
data_write,462,64700,,,,,,
data_sync,462,1606400,,,,,,
marker_write,462,47700,,,,,,
marker_sync,462,1592500,,,,,,
append,463,3368500,,,,,,
encode,463,4900,,,,,,
data_write,463,56500,,,,,,
data_sync,463,1721900,,,,,,
marker_write,463,38500,,,,,,
marker_sync,463,1543700,,,,,,
append,464,3543700,,,,,,
encode,464,37100,,,,,,
data_write,464,69000,,,,,,
data_sync,464,1737500,,,,,,
marker_write,464,43700,,,,,,
marker_sync,464,1653300,,,,,,
append,465,3656301,,,,,,
encode,465,5000,,,,,,
data_write,465,49300,,,,,,
data_sync,465,1783900,,,,,,
marker_write,465,63600,,,,,,
marker_sync,465,1750601,,,,,,
append,466,3223200,,,,,,
encode,466,4400,,,,,,
data_write,466,62300,,,,,,
data_sync,466,1582600,,,,,,
marker_write,466,50000,,,,,,
marker_sync,466,1521000,,,,,,
append,467,3589200,,,,,,
encode,467,5000,,,,,,
data_write,467,66500,,,,,,
data_sync,467,1779700,,,,,,
marker_write,467,57100,,,,,,
marker_sync,467,1677900,,,,,,
append,468,3430900,,,,,,
encode,468,6100,,,,,,
data_write,468,63300,,,,,,
data_sync,468,1604200,,,,,,
marker_write,468,52100,,,,,,
marker_sync,468,1701700,,,,,,
append,469,3326800,,,,,,
encode,469,4400,,,,,,
data_write,469,56800,,,,,,
data_sync,469,1611800,,,,,,
marker_write,469,53600,,,,,,
marker_sync,469,1596600,,,,,,
append,470,3513201,,,,,,
encode,470,5800,,,,,,
data_write,470,63900,,,,,,
data_sync,470,1763401,,,,,,
marker_write,470,57300,,,,,,
marker_sync,470,1619200,,,,,,
append,471,3233000,,,,,,
encode,471,4400,,,,,,
data_write,471,61900,,,,,,
data_sync,471,1665900,,,,,,
marker_write,471,55400,,,,,,
marker_sync,471,1441700,,,,,,
append,472,3035500,,,,,,
encode,472,6300,,,,,,
data_write,472,62600,,,,,,
data_sync,472,1481500,,,,,,
marker_write,472,41000,,,,,,
marker_sync,472,1441300,,,,,,
append,473,3237900,,,,,,
encode,473,5500,,,,,,
data_write,473,61800,,,,,,
data_sync,473,1473900,,,,,,
marker_write,473,50600,,,,,,
marker_sync,473,1642500,,,,,,
append,474,3193000,,,,,,
encode,474,4800,,,,,,
data_write,474,56200,,,,,,
data_sync,474,1522200,,,,,,
marker_write,474,42100,,,,,,
marker_sync,474,1564200,,,,,,
append,475,4000301,,,,,,
encode,475,6100,,,,,,
data_write,475,62600,,,,,,
data_sync,475,1725901,,,,,,
marker_write,475,66500,,,,,,
marker_sync,475,2135900,,,,,,
append,476,3742200,,,,,,
encode,476,5700,,,,,,
data_write,476,68800,,,,,,
data_sync,476,1846300,,,,,,
marker_write,476,59000,,,,,,
marker_sync,476,1759100,,,,,,
append,477,3630900,,,,,,
encode,477,5500,,,,,,
data_write,477,68800,,,,,,
data_sync,477,1813700,,,,,,
marker_write,477,52100,,,,,,
marker_sync,477,1687500,,,,,,
append,478,3566300,,,,,,
encode,478,6000,,,,,,
data_write,478,70800,,,,,,
data_sync,478,1724400,,,,,,
marker_write,478,57100,,,,,,
marker_sync,478,1704000,,,,,,
append,479,3723101,,,,,,
encode,479,5300,,,,,,
data_write,479,61800,,,,,,
data_sync,479,1848501,,,,,,
marker_write,479,47000,,,,,,
marker_sync,479,1757100,,,,,,
append,480,3677700,,,,,,
encode,480,6000,,,,,,
data_write,480,67700,,,,,,
data_sync,480,1863300,,,,,,
marker_write,480,59400,,,,,,
marker_sync,480,1677400,,,,,,
append,481,5775600,,,,,,
encode,481,5600,,,,,,
data_write,481,69900,,,,,,
data_sync,481,3738800,,,,,,
marker_write,481,53900,,,,,,
marker_sync,481,1904000,,,,,,
append,482,4092500,,,,,,
encode,482,4200,,,,,,
data_write,482,60200,,,,,,
data_sync,482,1997300,,,,,,
marker_write,482,51200,,,,,,
marker_sync,482,1975700,,,,,,
append,483,3787101,,,,,,
encode,483,5400,,,,,,
data_write,483,72700,,,,,,
data_sync,483,1965801,,,,,,
marker_write,483,58500,,,,,,
marker_sync,483,1681900,,,,,,
append,484,3420400,,,,,,
encode,484,5400,,,,,,
data_write,484,64000,,,,,,
data_sync,484,1592300,,,,,,
marker_write,484,48400,,,,,,
marker_sync,484,1706700,,,,,,
append,485,3838700,,,,,,
encode,485,4900,,,,,,
data_write,485,59800,,,,,,
data_sync,485,1847800,,,,,,
marker_write,485,50700,,,,,,
marker_sync,485,1871800,,,,,,
append,486,3988600,,,,,,
encode,486,6200,,,,,,
data_write,486,69700,,,,,,
data_sync,486,2158200,,,,,,
marker_write,486,60200,,,,,,
marker_sync,486,1690300,,,,,,
append,487,3577701,,,,,,
encode,487,6300,,,,,,
data_write,487,72200,,,,,,
data_sync,487,1728301,,,,,,
marker_write,487,77900,,,,,,
marker_sync,487,1690100,,,,,,
append,488,3445700,,,,,,
encode,488,5900,,,,,,
data_write,488,64100,,,,,,
data_sync,488,1761200,,,,,,
marker_write,488,50800,,,,,,
marker_sync,488,1560200,,,,,,
append,489,3387500,,,,,,
encode,489,5400,,,,,,
data_write,489,65200,,,,,,
data_sync,489,1690500,,,,,,
marker_write,489,66200,,,,,,
marker_sync,489,1557300,,,,,,
append,490,3541600,,,,,,
encode,490,6300,,,,,,
data_write,490,74100,,,,,,
data_sync,490,1607200,,,,,,
marker_write,490,46200,,,,,,
marker_sync,490,1804900,,,,,,
append,491,3917601,,,,,,
encode,491,5000,,,,,,
data_write,491,63700,,,,,,
data_sync,491,1772200,,,,,,
marker_write,491,59500,,,,,,
marker_sync,491,2013801,,,,,,
append,492,4470100,,,,,,
encode,492,6300,,,,,,
data_write,492,80900,,,,,,
data_sync,492,2024600,,,,,,
marker_write,492,64600,,,,,,
marker_sync,492,2290100,,,,,,
append,493,3681800,,,,,,
encode,493,5400,,,,,,
data_write,493,76400,,,,,,
data_sync,493,1754300,,,,,,
marker_write,493,59400,,,,,,
marker_sync,493,1783400,,,,,,
append,494,3649600,,,,,,
encode,494,6300,,,,,,
data_write,494,38300,,,,,,
data_sync,494,1836200,,,,,,
marker_write,494,61600,,,,,,
marker_sync,494,1702700,,,,,,
append,495,7312301,,,,,,
encode,495,4700,,,,,,
data_write,495,56000,,,,,,
data_sync,495,2525600,,,,,,
marker_write,495,66500,,,,,,
marker_sync,495,4656201,,,,,,
append,496,4690100,,,,,,
encode,496,7000,,,,,,
data_write,496,117800,,,,,,
data_sync,496,2477700,,,,,,
marker_write,496,30700,,,,,,
marker_sync,496,2049900,,,,,,
append,497,4190200,,,,,,
encode,497,6300,,,,,,
data_write,497,87600,,,,,,
data_sync,497,2104400,,,,,,
marker_write,497,52400,,,,,,
marker_sync,497,1934800,,,,,,
append,498,4212301,,,,,,
encode,498,5300,,,,,,
data_write,498,60500,,,,,,
data_sync,498,2008700,,,,,,
marker_write,498,59600,,,,,,
marker_sync,498,2075101,,,,,,
append,499,3774100,,,,,,
encode,499,5300,,,,,,
data_write,499,67000,,,,,,
data_sync,499,2040600,,,,,,
marker_write,499,58200,,,,,,
marker_sync,499,1600000,,,,,,
append,500,4305200,,,,,,
encode,500,6600,,,,,,
data_write,500,66900,,,,,,
data_sync,500,2206900,,,,,,
marker_write,500,60000,,,,,,
marker_sync,500,1961700,,,,,,
append,501,3739400,,,,,,
encode,501,6700,,,,,,
data_write,501,68700,,,,,,
data_sync,501,1933300,,,,,,
marker_write,501,62300,,,,,,
marker_sync,501,1665200,,,,,,
append,502,4575601,,,,,,
encode,502,6100,,,,,,
data_write,502,109100,,,,,,
data_sync,502,2188300,,,,,,
marker_write,502,57600,,,,,,
marker_sync,502,2210501,,,,,,
append,503,4249000,,,,,,
encode,503,6300,,,,,,
data_write,503,76300,,,,,,
data_sync,503,2072100,,,,,,
marker_write,503,63900,,,,,,
marker_sync,503,2027500,,,,,,
append,504,4483600,,,,,,
encode,504,5800,,,,,,
data_write,504,39000,,,,,,
data_sync,504,1924400,,,,,,
marker_write,504,98400,,,,,,
marker_sync,504,2406400,,,,,,
append,505,4383400,,,,,,
encode,505,12200,,,,,,
data_write,505,157100,,,,,,
data_sync,505,2172500,,,,,,
marker_write,505,70000,,,,,,
marker_sync,505,1968600,,,,,,
append,506,3682601,,,,,,
encode,506,4900,,,,,,
data_write,506,61000,,,,,,
data_sync,506,1689201,,,,,,
marker_write,506,48500,,,,,,
marker_sync,506,1875700,,,,,,
append,507,3972700,,,,,,
encode,507,5600,,,,,,
data_write,507,65100,,,,,,
data_sync,507,1864900,,,,,,
marker_write,507,174800,,,,,,
marker_sync,507,1859700,,,,,,
append,508,3795700,,,,,,
encode,508,6400,,,,,,
data_write,508,71700,,,,,,
data_sync,508,1850100,,,,,,
marker_write,508,44700,,,,,,
marker_sync,508,1820600,,,,,,
append,509,3919100,,,,,,
encode,509,5400,,,,,,
data_write,509,62000,,,,,,
data_sync,509,1836800,,,,,,
marker_write,509,55400,,,,,,
marker_sync,509,1956500,,,,,,
append,510,4626501,,,,,,
encode,510,6400,,,,,,
data_write,510,70400,,,,,,
data_sync,510,1945601,,,,,,
marker_write,510,53500,,,,,,
marker_sync,510,2546700,,,,,,
append,511,3901500,,,,,,
encode,511,7300,,,,,,
data_write,511,67000,,,,,,
data_sync,511,1930900,,,,,,
marker_write,511,57300,,,,,,
marker_sync,511,1835200,,,,,,
append,512,3901800,,,,,,
encode,512,6600,,,,,,
data_write,512,56900,,,,,,
data_sync,512,1868800,,,,,,
marker_write,512,45700,,,,,,
marker_sync,512,1861100,,,,,,
append,513,4059600,,,,,,
encode,513,4300,,,,,,
data_write,513,115500,,,,,,
data_sync,513,1863300,,,,,,
marker_write,513,35400,,,,,,
marker_sync,513,2038300,,,,,,
append,514,3940201,,,,,,
encode,514,6100,,,,,,
data_write,514,74000,,,,,,
data_sync,514,1969301,,,,,,
marker_write,514,61900,,,,,,
marker_sync,514,1824700,,,,,,
append,515,4244400,,,,,,
encode,515,5000,,,,,,
data_write,515,357800,,,,,,
data_sync,515,1949400,,,,,,
marker_write,515,63900,,,,,,
marker_sync,515,1865300,,,,,,
append,516,4422100,,,,,,
encode,516,6000,,,,,,
data_write,516,71200,,,,,,
data_sync,516,2126900,,,,,,
marker_write,516,51100,,,,,,
marker_sync,516,2163700,,,,,,
append,517,4574501,,,,,,
encode,517,5900,,,,,,
data_write,517,68500,,,,,,
data_sync,517,2417200,,,,,,
marker_write,517,59000,,,,,,
marker_sync,517,2020301,,,,,,
append,518,3949400,,,,,,
encode,518,6000,,,,,,
data_write,518,70000,,,,,,
data_sync,518,1906400,,,,,,
marker_write,518,24500,,,,,,
marker_sync,518,1939100,,,,,,
append,519,3837300,,,,,,
encode,519,5700,,,,,,
data_write,519,75600,,,,,,
data_sync,519,1891100,,,,,,
marker_write,519,59700,,,,,,
marker_sync,519,1802100,,,,,,
append,520,3864800,,,,,,
encode,520,6300,,,,,,
data_write,520,67100,,,,,,
data_sync,520,1846200,,,,,,
marker_write,520,53500,,,,,,
marker_sync,520,1888500,,,,,,
append,521,4557801,,,,,,
encode,521,6500,,,,,,
data_write,521,92500,,,,,,
data_sync,521,2214700,,,,,,
marker_write,521,74000,,,,,,
marker_sync,521,2166801,,,,,,
append,522,4159700,,,,,,
encode,522,5800,,,,,,
data_write,522,65600,,,,,,
data_sync,522,2008600,,,,,,
marker_write,522,65000,,,,,,
marker_sync,522,2011600,,,,,,
append,523,3726500,,,,,,
encode,523,6300,,,,,,
data_write,523,63500,,,,,,
data_sync,523,1809300,,,,,,
marker_write,523,55900,,,,,,
marker_sync,523,1788200,,,,,,
append,524,3632200,,,,,,
encode,524,5600,,,,,,
data_write,524,90300,,,,,,
data_sync,524,1745700,,,,,,
marker_write,524,54600,,,,,,
marker_sync,524,1733300,,,,,,
append,525,3772201,,,,,,
encode,525,5900,,,,,,
data_write,525,65500,,,,,,
data_sync,525,1840900,,,,,,
marker_write,525,58400,,,,,,
marker_sync,525,1798401,,,,,,
append,526,3853300,,,,,,
encode,526,5200,,,,,,
data_write,526,68300,,,,,,
data_sync,526,2021900,,,,,,
marker_write,526,55400,,,,,,
marker_sync,526,1699100,,,,,,
append,527,3371600,,,,,,
encode,527,5900,,,,,,
data_write,527,60800,,,,,,
data_sync,527,1635400,,,,,,
marker_write,527,51400,,,,,,
marker_sync,527,1615000,,,,,,
append,528,3556500,,,,,,
encode,528,4700,,,,,,
data_write,528,87500,,,,,,
data_sync,528,1619100,,,,,,
marker_write,528,52200,,,,,,
marker_sync,528,1790600,,,,,,
append,529,10714701,,,,,,
encode,529,5700,,,,,,
data_write,529,66100,,,,,,
data_sync,529,8501801,,,,,,
marker_write,529,59200,,,,,,
marker_sync,529,2079200,,,,,,
append,530,4160700,,,,,,
encode,530,5900,,,,,,
data_write,530,64700,,,,,,
data_sync,530,1951900,,,,,,
marker_write,530,57500,,,,,,
marker_sync,530,2077200,,,,,,
append,531,3875900,,,,,,
encode,531,6700,,,,,,
data_write,531,73600,,,,,,
data_sync,531,1902500,,,,,,
marker_write,531,60500,,,,,,
marker_sync,531,1829700,,,,,,
append,532,3426701,,,,,,
encode,532,6100,,,,,,
data_write,532,62600,,,,,,
data_sync,532,1743201,,,,,,
marker_write,532,55800,,,,,,
marker_sync,532,1556400,,,,,,
append,533,3576400,,,,,,
encode,533,5300,,,,,,
data_write,533,58900,,,,,,
data_sync,533,1776200,,,,,,
marker_write,533,49900,,,,,,
marker_sync,533,1683700,,,,,,
append,534,3382100,,,,,,
encode,534,5700,,,,,,
data_write,534,67300,,,,,,
data_sync,534,1561200,,,,,,
marker_write,534,48400,,,,,,
marker_sync,534,1697200,,,,,,
append,535,3066800,,,,,,
encode,535,5000,,,,,,
data_write,535,56600,,,,,,
data_sync,535,1521700,,,,,,
marker_write,535,41300,,,,,,
marker_sync,535,1440400,,,,,,
append,536,4225101,,,,,,
encode,536,4200,,,,,,
data_write,536,48400,,,,,,
data_sync,536,1774400,,,,,,
marker_write,536,61700,,,,,,
marker_sync,536,2333001,,,,,,
append,537,4541200,,,,,,
encode,537,5600,,,,,,
data_write,537,89300,,,,,,
data_sync,537,2281900,,,,,,
marker_write,537,58200,,,,,,
marker_sync,537,2102600,,,,,,
append,538,3864000,,,,,,
encode,538,6400,,,,,,
data_write,538,93800,,,,,,
data_sync,538,1920800,,,,,,
marker_write,538,49400,,,,,,
marker_sync,538,1789900,,,,,,
append,539,3794700,,,,,,
encode,539,7100,,,,,,
data_write,539,41700,,,,,,
data_sync,539,1805100,,,,,,
marker_write,539,46900,,,,,,
marker_sync,539,1890400,,,,,,
append,540,3716101,,,,,,
encode,540,7100,,,,,,
data_write,540,70800,,,,,,
data_sync,540,1903400,,,,,,
marker_write,540,57200,,,,,,
marker_sync,540,1674401,,,,,,
append,541,3719900,,,,,,
encode,541,6700,,,,,,
data_write,541,62000,,,,,,
data_sync,541,1876100,,,,,,
marker_write,541,53000,,,,,,
marker_sync,541,1718600,,,,,,
append,542,3379600,,,,,,
encode,542,5800,,,,,,
data_write,542,63500,,,,,,
data_sync,542,1637200,,,,,,
marker_write,542,49500,,,,,,
marker_sync,542,1621000,,,,,,
append,543,4142100,,,,,,
encode,543,5700,,,,,,
data_write,543,66900,,,,,,
data_sync,543,2051600,,,,,,
marker_write,543,52600,,,,,,
marker_sync,543,1961800,,,,,,
append,544,3612300,,,,,,
encode,544,4200,,,,,,
data_write,544,56200,,,,,,
data_sync,544,1760200,,,,,,
marker_write,544,52200,,,,,,
marker_sync,544,1736800,,,,,,
append,545,3384501,,,,,,
encode,545,4200,,,,,,
data_write,545,62900,,,,,,
data_sync,545,1631401,,,,,,
marker_write,545,53600,,,,,,
marker_sync,545,1629600,,,,,,
append,546,3365700,,,,,,
encode,546,6400,,,,,,
data_write,546,68300,,,,,,
data_sync,546,1592300,,,,,,
marker_write,546,40300,,,,,,
marker_sync,546,1655900,,,,,,
append,547,3366700,,,,,,
encode,547,4300,,,,,,
data_write,547,55600,,,,,,
data_sync,547,1663900,,,,,,
marker_write,547,46300,,,,,,
marker_sync,547,1593700,,,,,,
append,548,3361700,,,,,,
encode,548,5700,,,,,,
data_write,548,64700,,,,,,
data_sync,548,1618500,,,,,,
marker_write,548,49200,,,,,,
marker_sync,548,1619700,,,,,,
append,549,3580401,,,,,,
encode,549,5600,,,,,,
data_write,549,64900,,,,,,
data_sync,549,1716200,,,,,,
marker_write,549,50600,,,,,,
marker_sync,549,1740401,,,,,,
append,550,3464200,,,,,,
encode,550,4600,,,,,,
data_write,550,55100,,,,,,
data_sync,550,1742900,,,,,,
marker_write,550,43400,,,,,,
marker_sync,550,1615700,,,,,,
append,551,3621600,,,,,,
encode,551,4600,,,,,,
data_write,551,48500,,,,,,
data_sync,551,1615800,,,,,,
marker_write,551,44800,,,,,,
marker_sync,551,1904600,,,,,,
append,552,3847000,,,,,,
encode,552,6800,,,,,,
data_write,552,71600,,,,,,
data_sync,552,1769200,,,,,,
marker_write,552,50000,,,,,,
marker_sync,552,1946500,,,,,,
append,553,4151101,,,,,,
encode,553,4400,,,,,,
data_write,553,60200,,,,,,
data_sync,553,2123700,,,,,,
marker_write,553,45200,,,,,,
marker_sync,553,1914501,,,,,,
append,554,3789600,,,,,,
encode,554,42600,,,,,,
data_write,554,76500,,,,,,
data_sync,554,1979500,,,,,,
marker_write,554,42700,,,,,,
marker_sync,554,1645900,,,,,,
append,555,3338300,,,,,,
encode,555,5100,,,,,,
data_write,555,51700,,,,,,
data_sync,555,1613000,,,,,,
marker_write,555,48500,,,,,,
marker_sync,555,1616900,,,,,,
append,556,3638400,,,,,,
encode,556,5500,,,,,,
data_write,556,68000,,,,,,
data_sync,556,1614600,,,,,,
marker_write,556,55600,,,,,,
marker_sync,556,1891100,,,,,,
append,557,4162900,,,,,,
encode,557,4500,,,,,,
data_write,557,58200,,,,,,
data_sync,557,2021800,,,,,,
marker_write,557,60600,,,,,,
marker_sync,557,2014600,,,,,,
append,558,3837401,,,,,,
encode,558,6400,,,,,,
data_write,558,62100,,,,,,
data_sync,558,1915101,,,,,,
marker_write,558,58100,,,,,,
marker_sync,558,1790700,,,,,,
append,559,4107800,,,,,,
encode,559,9300,,,,,,
data_write,559,100900,,,,,,
data_sync,559,1941500,,,,,,
marker_write,559,64800,,,,,,
marker_sync,559,1987400,,,,,,
append,560,3732600,,,,,,
encode,560,6800,,,,,,
data_write,560,63800,,,,,,
data_sync,560,1677300,,,,,,
marker_write,560,60400,,,,,,
marker_sync,560,1921300,,,,,,
append,561,3851800,,,,,,
encode,561,6800,,,,,,
data_write,561,69800,,,,,,
data_sync,561,1747700,,,,,,
marker_write,561,103100,,,,,,
marker_sync,561,1920800,,,,,,
append,562,3712001,,,,,,
encode,562,6200,,,,,,
data_write,562,64900,,,,,,
data_sync,562,1806401,,,,,,
marker_write,562,54100,,,,,,
marker_sync,562,1777700,,,,,,
append,563,3428100,,,,,,
encode,563,4900,,,,,,
data_write,563,54100,,,,,,
data_sync,563,1625700,,,,,,
marker_write,563,51700,,,,,,
marker_sync,563,1687700,,,,,,
append,564,3190700,,,,,,
encode,564,5400,,,,,,
data_write,564,50800,,,,,,
data_sync,564,1576800,,,,,,
marker_write,564,52200,,,,,,
marker_sync,564,1502300,,,,,,
append,565,3129000,,,,,,
encode,565,4800,,,,,,
data_write,565,58900,,,,,,
data_sync,565,1521800,,,,,,
marker_write,565,49000,,,,,,
marker_sync,565,1491900,,,,,,
append,566,3614201,,,,,,
encode,566,5800,,,,,,
data_write,566,58600,,,,,,
data_sync,566,1733100,,,,,,
marker_write,566,55400,,,,,,
marker_sync,566,1758301,,,,,,
append,567,3483400,,,,,,
encode,567,5200,,,,,,
data_write,567,53900,,,,,,
data_sync,567,1616800,,,,,,
marker_write,567,50200,,,,,,
marker_sync,567,1755000,,,,,,
append,568,3793800,,,,,,
encode,568,5200,,,,,,
data_write,568,66700,,,,,,
data_sync,568,1857200,,,,,,
marker_write,568,199700,,,,,,
marker_sync,568,1661500,,,,,,
append,569,3360500,,,,,,
encode,569,4600,,,,,,
data_write,569,57200,,,,,,
data_sync,569,1600200,,,,,,
marker_write,569,61900,,,,,,
marker_sync,569,1633100,,,,,,
append,570,3965600,,,,,,
encode,570,5800,,,,,,
data_write,570,61700,,,,,,
data_sync,570,1783300,,,,,,
marker_write,570,64800,,,,,,
marker_sync,570,2046200,,,,,,
append,571,3789501,,,,,,
encode,571,6300,,,,,,
data_write,571,69100,,,,,,
data_sync,571,1815601,,,,,,
marker_write,571,51300,,,,,,
marker_sync,571,1843200,,,,,,
append,572,3706400,,,,,,
encode,572,6200,,,,,,
data_write,572,64800,,,,,,
data_sync,572,1687900,,,,,,
marker_write,572,74100,,,,,,
marker_sync,572,1870200,,,,,,
append,573,3432000,,,,,,
encode,573,6100,,,,,,
data_write,573,62500,,,,,,
data_sync,573,1517600,,,,,,
marker_write,573,41800,,,,,,
marker_sync,573,1800300,,,,,,
append,574,3687600,,,,,,
encode,574,6100,,,,,,
data_write,574,78100,,,,,,
data_sync,574,1745700,,,,,,
marker_write,574,49700,,,,,,
marker_sync,574,1804900,,,,,,
append,575,3578801,,,,,,
encode,575,6000,,,,,,
data_write,575,64100,,,,,,
data_sync,575,1862600,,,,,,
marker_write,575,60300,,,,,,
marker_sync,575,1582501,,,,,,
append,576,7022100,,,,,,
encode,576,5100,,,,,,
data_write,576,61800,,,,,,
data_sync,576,4724900,,,,,,
marker_write,576,32000,,,,,,
marker_sync,576,2194100,,,,,,
append,577,3884900,,,,,,
encode,577,4300,,,,,,
data_write,577,71900,,,,,,
data_sync,577,1921000,,,,,,
marker_write,577,54900,,,,,,
marker_sync,577,1828700,,,,,,
append,578,3706901,,,,,,
encode,578,6500,,,,,,
data_write,578,73100,,,,,,
data_sync,578,1836300,,,,,,
marker_write,578,47500,,,,,,
marker_sync,578,1740201,,,,,,
append,579,3436800,,,,,,
encode,579,5400,,,,,,
data_write,579,53800,,,,,,
data_sync,579,1693500,,,,,,
marker_write,579,43300,,,,,,
marker_sync,579,1637700,,,,,,
append,580,3239000,,,,,,
encode,580,4200,,,,,,
data_write,580,50200,,,,,,
data_sync,580,1598500,,,,,,
marker_write,580,46700,,,,,,
marker_sync,580,1536100,,,,,,
append,581,3915300,,,,,,
encode,581,5000,,,,,,
data_write,581,27600,,,,,,
data_sync,581,1681000,,,,,,
marker_write,581,45200,,,,,,
marker_sync,581,2153700,,,,,,
append,582,3747100,,,,,,
encode,582,4600,,,,,,
data_write,582,60200,,,,,,
data_sync,582,1917300,,,,,,
marker_write,582,56300,,,,,,
marker_sync,582,1704500,,,,,,
append,583,3455601,,,,,,
encode,583,4800,,,,,,
data_write,583,53100,,,,,,
data_sync,583,1654101,,,,,,
marker_write,583,45000,,,,,,
marker_sync,583,1695700,,,,,,
append,584,3387000,,,,,,
encode,584,4800,,,,,,
data_write,584,50600,,,,,,
data_sync,584,1618100,,,,,,
marker_write,584,55800,,,,,,
marker_sync,584,1655200,,,,,,
append,585,4051200,,,,,,
encode,585,5100,,,,,,
data_write,585,62000,,,,,,
data_sync,585,1724900,,,,,,
marker_write,585,47900,,,,,,
marker_sync,585,2207400,,,,,,
append,586,4125200,,,,,,
encode,586,6900,,,,,,
data_write,586,78800,,,,,,
data_sync,586,1928000,,,,,,
marker_write,586,53900,,,,,,
marker_sync,586,2054400,,,,,,
append,587,4395001,,,,,,
encode,587,6700,,,,,,
data_write,587,77600,,,,,,
data_sync,587,2170901,,,,,,
marker_write,587,55500,,,,,,
marker_sync,587,2081300,,,,,,
append,588,3961700,,,,,,
encode,588,5000,,,,,,
data_write,588,70700,,,,,,
data_sync,588,2039600,,,,,,
marker_write,588,60400,,,,,,
marker_sync,588,1782800,,,,,,
append,589,4051200,,,,,,
encode,589,6500,,,,,,
data_write,589,75500,,,,,,
data_sync,589,1940500,,,,,,
marker_write,589,63000,,,,,,
marker_sync,589,1961600,,,,,,
append,590,4103000,,,,,,
encode,590,6800,,,,,,
data_write,590,77900,,,,,,
data_sync,590,1995400,,,,,,
marker_write,590,61700,,,,,,
marker_sync,590,1957000,,,,,,
append,591,4036901,,,,,,
encode,591,7300,,,,,,
data_write,591,71800,,,,,,
data_sync,591,1966101,,,,,,
marker_write,591,56500,,,,,,
marker_sync,591,1931800,,,,,,
append,592,3668300,,,,,,
encode,592,5900,,,,,,
data_write,592,73300,,,,,,
data_sync,592,1801300,,,,,,
marker_write,592,65400,,,,,,
marker_sync,592,1719200,,,,,,
append,593,3605200,,,,,,
encode,593,6400,,,,,,
data_write,593,78400,,,,,,
data_sync,593,1770500,,,,,,
marker_write,593,56100,,,,,,
marker_sync,593,1690300,,,,,,
append,594,3522400,,,,,,
encode,594,6600,,,,,,
data_write,594,65200,,,,,,
data_sync,594,1672100,,,,,,
marker_write,594,47400,,,,,,
marker_sync,594,1727700,,,,,,
append,595,3408601,,,,,,
encode,595,4300,,,,,,
data_write,595,60200,,,,,,
data_sync,595,1621100,,,,,,
marker_write,595,61900,,,,,,
marker_sync,595,1657901,,,,,,
append,596,3564800,,,,,,
encode,596,5400,,,,,,
data_write,596,61700,,,,,,
data_sync,596,1614200,,,,,,
marker_write,596,58000,,,,,,
marker_sync,596,1822000,,,,,,
append,597,3726300,,,,,,
encode,597,6800,,,,,,
data_write,597,74000,,,,,,
data_sync,597,1807600,,,,,,
marker_write,597,56600,,,,,,
marker_sync,597,1777500,,,,,,
append,598,3473800,,,,,,
encode,598,5900,,,,,,
data_write,598,70200,,,,,,
data_sync,598,1673200,,,,,,
marker_write,598,58600,,,,,,
marker_sync,598,1662400,,,,,,
append,599,3638800,,,,,,
encode,599,6500,,,,,,
data_write,599,70800,,,,,,
data_sync,599,1791700,,,,,,
marker_write,599,56600,,,,,,
marker_sync,599,1710000,,,,,,
append,600,3423001,,,,,,
encode,600,6200,,,,,,
data_write,600,68100,,,,,,
data_sync,600,1621401,,,,,,
marker_write,600,58800,,,,,,
marker_sync,600,1665100,,,,,,
append,601,3539200,,,,,,
encode,601,5600,,,,,,
data_write,601,72100,,,,,,
data_sync,601,1831300,,,,,,
marker_write,601,59800,,,,,,
marker_sync,601,1567000,,,,,,
append,602,3147000,,,,,,
encode,602,6100,,,,,,
data_write,602,72200,,,,,,
data_sync,602,1487500,,,,,,
marker_write,602,55300,,,,,,
marker_sync,602,1522000,,,,,,
append,603,3762200,,,,,,
encode,603,4700,,,,,,
data_write,603,58200,,,,,,
data_sync,603,1591100,,,,,,
marker_write,603,50300,,,,,,
marker_sync,603,2054900,,,,,,
append,604,3939701,,,,,,
encode,604,5900,,,,,,
data_write,604,75500,,,,,,
data_sync,604,1891000,,,,,,
marker_write,604,59300,,,,,,
marker_sync,604,1904501,,,,,,
append,605,3749900,,,,,,
encode,605,6300,,,,,,
data_write,605,68300,,,,,,
data_sync,605,1708000,,,,,,
marker_write,605,29100,,,,,,
marker_sync,605,1935200,,,,,,
append,606,3705800,,,,,,
encode,606,6000,,,,,,
data_write,606,75600,,,,,,
data_sync,606,1857400,,,,,,
marker_write,606,55000,,,,,,
marker_sync,606,1708700,,,,,,
append,607,4074500,,,,,,
encode,607,4900,,,,,,
data_write,607,55600,,,,,,
data_sync,607,1886800,,,,,,
marker_write,607,64400,,,,,,
marker_sync,607,2059200,,,,,,
append,608,4134701,,,,,,
encode,608,6300,,,,,,
data_write,608,79000,,,,,,
data_sync,608,1949300,,,,,,
marker_write,608,63400,,,,,,
marker_sync,608,2033401,,,,,,
append,609,4091300,,,,,,
encode,609,6300,,,,,,
data_write,609,84100,,,,,,
data_sync,609,1989800,,,,,,
marker_write,609,48300,,,,,,
marker_sync,609,1959300,,,,,,
append,610,3900000,,,,,,
encode,610,6100,,,,,,
data_write,610,72500,,,,,,
data_sync,610,1893700,,,,,,
marker_write,610,99200,,,,,,
marker_sync,610,1825600,,,,,,
append,611,4021900,,,,,,
encode,611,6000,,,,,,
data_write,611,69500,,,,,,
data_sync,611,1633500,,,,,,
marker_write,611,65400,,,,,,
marker_sync,611,2244000,,,,,,
append,612,4058901,,,,,,
encode,612,6700,,,,,,
data_write,612,81000,,,,,,
data_sync,612,1940500,,,,,,
marker_write,612,84300,,,,,,
marker_sync,612,1943301,,,,,,
append,613,3868000,,,,,,
encode,613,6300,,,,,,
data_write,613,74200,,,,,,
data_sync,613,1907400,,,,,,
marker_write,613,54400,,,,,,
marker_sync,613,1822200,,,,,,
append,614,3884200,,,,,,
encode,614,6500,,,,,,
data_write,614,60500,,,,,,
data_sync,614,1849600,,,,,,
marker_write,614,55400,,,,,,
marker_sync,614,1908900,,,,,,
append,615,4025100,,,,,,
encode,615,6800,,,,,,
data_write,615,71200,,,,,,
data_sync,615,1881200,,,,,,
marker_write,615,62800,,,,,,
marker_sync,615,1999900,,,,,,
append,616,4277301,,,,,,
encode,616,5200,,,,,,
data_write,616,67600,,,,,,
data_sync,616,2120000,,,,,,
marker_write,616,90900,,,,,,
marker_sync,616,1988501,,,,,,
append,617,4472900,,,,,,
encode,617,8400,,,,,,
data_write,617,90400,,,,,,
data_sync,617,2153500,,,,,,
marker_write,617,76200,,,,,,
marker_sync,617,2139300,,,,,,
append,618,3993600,,,,,,
encode,618,6400,,,,,,
data_write,618,108500,,,,,,
data_sync,618,1935600,,,,,,
marker_write,618,77500,,,,,,
marker_sync,618,1862300,,,,,,
append,619,4350400,,,,,,
encode,619,6500,,,,,,
data_write,619,69500,,,,,,
data_sync,619,2121900,,,,,,
marker_write,619,67100,,,,,,
marker_sync,619,2081800,,,,,,
append,620,4443801,,,,,,
encode,620,6300,,,,,,
data_write,620,84100,,,,,,
data_sync,620,2089801,,,,,,
marker_write,620,61400,,,,,,
marker_sync,620,2198900,,,,,,
append,621,9809500,,,,,,
encode,621,6200,,,,,,
data_write,621,70900,,,,,,
data_sync,621,2050500,,,,,,
marker_write,621,58700,,,,,,
marker_sync,621,7620000,,,,,,
append,622,3942101,,,,,,
encode,622,6700,,,,,,
data_write,622,78900,,,,,,
data_sync,622,1928600,,,,,,
marker_write,622,63500,,,,,,
marker_sync,622,1861201,,,,,,
append,623,3315400,,,,,,
encode,623,4800,,,,,,
data_write,623,58600,,,,,,
data_sync,623,1628300,,,,,,
marker_write,623,48000,,,,,,
marker_sync,623,1571800,,,,,,
append,624,3282400,,,,,,
encode,624,5900,,,,,,
data_write,624,69600,,,,,,
data_sync,624,1609000,,,,,,
marker_write,624,57000,,,,,,
marker_sync,624,1538100,,,,,,
append,625,3479100,,,,,,
encode,625,4600,,,,,,
data_write,625,54500,,,,,,
data_sync,625,1553100,,,,,,
marker_write,625,58600,,,,,,
marker_sync,625,1804500,,,,,,
append,626,3351300,,,,,,
encode,626,6300,,,,,,
data_write,626,75200,,,,,,
data_sync,626,1685000,,,,,,
marker_write,626,47900,,,,,,
marker_sync,626,1534500,,,,,,
append,627,3559201,,,,,,
encode,627,4700,,,,,,
data_write,627,54400,,,,,,
data_sync,627,1472701,,,,,,
marker_write,627,24000,,,,,,
marker_sync,627,1999800,,,,,,
append,628,3227100,,,,,,
encode,628,4700,,,,,,
data_write,628,64000,,,,,,
data_sync,628,1490000,,,,,,
marker_write,628,53000,,,,,,
marker_sync,628,1612500,,,,,,
append,629,3534800,,,,,,
encode,629,6000,,,,,,
data_write,629,65500,,,,,,
data_sync,629,1699700,,,,,,
marker_write,629,55100,,,,,,
marker_sync,629,1705500,,,,,,
append,630,3863500,,,,,,
encode,630,5600,,,,,,
data_write,630,68900,,,,,,
data_sync,630,1827700,,,,,,
marker_write,630,55700,,,,,,
marker_sync,630,1902300,,,,,,
append,631,3706801,,,,,,
encode,631,5900,,,,,,
data_write,631,68800,,,,,,
data_sync,631,1877900,,,,,,
marker_write,631,48600,,,,,,
marker_sync,631,1702501,,,,,,
append,632,3509700,,,,,,
encode,632,6200,,,,,,
data_write,632,67900,,,,,,
data_sync,632,1629100,,,,,,
marker_write,632,52100,,,,,,
marker_sync,632,1750500,,,,,,
append,633,3824400,,,,,,
encode,633,5800,,,,,,
data_write,633,66300,,,,,,
data_sync,633,1779500,,,,,,
marker_write,633,58600,,,,,,
marker_sync,633,1910500,,,,,,
append,634,3993100,,,,,,
encode,634,5000,,,,,,
data_write,634,59400,,,,,,
data_sync,634,1837100,,,,,,
marker_write,634,52000,,,,,,
marker_sync,634,2036400,,,,,,
append,635,4040401,,,,,,
encode,635,5200,,,,,,
data_write,635,58300,,,,,,
data_sync,635,1705200,,,,,,
marker_write,635,44700,,,,,,
marker_sync,635,2223401,,,,,,
append,636,4588900,,,,,,
encode,636,5600,,,,,,
data_write,636,80800,,,,,,
data_sync,636,2514500,,,,,,
marker_write,636,57000,,,,,,
marker_sync,636,1926900,,,,,,
append,637,4310500,,,,,,
encode,637,5300,,,,,,
data_write,637,66800,,,,,,
data_sync,637,2374700,,,,,,
marker_write,637,55600,,,,,,
marker_sync,637,1804900,,,,,,
append,638,4152900,,,,,,
encode,638,5900,,,,,,
data_write,638,68600,,,,,,
data_sync,638,1841900,,,,,,
marker_write,638,59400,,,,,,
marker_sync,638,2173300,,,,,,
append,639,4660501,,,,,,
encode,639,6300,,,,,,
data_write,639,74200,,,,,,
data_sync,639,2248901,,,,,,
marker_write,639,69300,,,,,,
marker_sync,639,2257300,,,,,,
append,640,4853400,,,,,,
encode,640,5500,,,,,,
data_write,640,41400,,,,,,
data_sync,640,2333900,,,,,,
marker_write,640,66900,,,,,,
marker_sync,640,2401800,,,,,,
append,641,4716400,,,,,,
encode,641,3500,,,,,,
data_write,641,75000,,,,,,
data_sync,641,2374800,,,,,,
marker_write,641,64200,,,,,,
marker_sync,641,2194800,,,,,,
append,642,5386301,,,,,,
encode,642,6400,,,,,,
data_write,642,78800,,,,,,
data_sync,642,2071400,,,,,,
marker_write,642,60600,,,,,,
marker_sync,642,3165801,,,,,,
append,643,4351500,,,,,,
encode,643,4900,,,,,,
data_write,643,66800,,,,,,
data_sync,643,2135200,,,,,,
marker_write,643,68900,,,,,,
marker_sync,643,2072400,,,,,,
append,644,4144000,,,,,,
encode,644,6600,,,,,,
data_write,644,82000,,,,,,
data_sync,644,2104300,,,,,,
marker_write,644,73700,,,,,,
marker_sync,644,1873900,,,,,,
append,645,5022800,,,,,,
encode,645,5500,,,,,,
data_write,645,69300,,,,,,
data_sync,645,2734000,,,,,,
marker_write,645,75000,,,,,,
marker_sync,645,2135300,,,,,,
append,646,4153401,,,,,,
encode,646,6200,,,,,,
data_write,646,79600,,,,,,
data_sync,646,2011601,,,,,,
marker_write,646,64500,,,,,,
marker_sync,646,1987600,,,,,,
append,647,4115700,,,,,,
encode,647,6500,,,,,,
data_write,647,77100,,,,,,
data_sync,647,2006600,,,,,,
marker_write,647,67400,,,,,,
marker_sync,647,1954500,,,,,,
append,648,4389200,,,,,,
encode,648,5200,,,,,,
data_write,648,74500,,,,,,
data_sync,648,2125300,,,,,,
marker_write,648,68500,,,,,,
marker_sync,648,2112600,,,,,,
append,649,4503901,,,,,,
encode,649,6100,,,,,,
data_write,649,86900,,,,,,
data_sync,649,2148600,,,,,,
marker_write,649,66600,,,,,,
marker_sync,649,2192901,,,,,,
append,650,4721900,,,,,,
encode,650,6800,,,,,,
data_write,650,83600,,,,,,
data_sync,650,2166400,,,,,,
marker_write,650,76300,,,,,,
marker_sync,650,2385000,,,,,,
append,651,4751900,,,,,,
encode,651,4800,,,,,,
data_write,651,72800,,,,,,
data_sync,651,2131000,,,,,,
marker_write,651,69300,,,,,,
marker_sync,651,2470600,,,,,,
append,652,9014501,,,,,,
encode,652,7100,,,,,,
data_write,652,78400,,,,,,
data_sync,652,6539701,,,,,,
marker_write,652,65600,,,,,,
marker_sync,652,2320500,,,,,,
append,653,7058100,,,,,,
encode,653,6700,,,,,,
data_write,653,71300,,,,,,
data_sync,653,2677500,,,,,,
marker_write,653,124400,,,,,,
marker_sync,653,4174400,,,,,,
append,654,10363801,,,,,,
encode,654,6100,,,,,,
data_write,654,74800,,,,,,
data_sync,654,7011101,,,,,,
marker_write,654,160800,,,,,,
marker_sync,654,3107000,,,,,,
append,655,4635800,,,,,,
encode,655,6800,,,,,,
data_write,655,88300,,,,,,
data_sync,655,2108500,,,,,,
marker_write,655,86700,,,,,,
marker_sync,655,2341500,,,,,,
append,656,5800200,,,,,,
encode,656,5900,,,,,,
data_write,656,81000,,,,,,
data_sync,656,3421000,,,,,,
marker_write,656,191800,,,,,,
marker_sync,656,2096400,,,,,,
append,657,4300501,,,,,,
encode,657,7200,,,,,,
data_write,657,76300,,,,,,
data_sync,657,2113901,,,,,,
marker_write,657,62700,,,,,,
marker_sync,657,2036300,,,,,,
append,658,4309600,,,,,,
encode,658,6600,,,,,,
data_write,658,76100,,,,,,
data_sync,658,2089200,,,,,,
marker_write,658,120300,,,,,,
marker_sync,658,2013400,,,,,,
append,659,6791000,,,,,,
encode,659,7100,,,,,,
data_write,659,121500,,,,,,
data_sync,659,4563000,,,,,,
marker_write,659,68700,,,,,,
marker_sync,659,2026000,,,,,,
append,660,4884001,,,,,,
encode,660,6300,,,,,,
data_write,660,80500,,,,,,
data_sync,660,2336201,,,,,,
marker_write,660,70000,,,,,,
marker_sync,660,2387000,,,,,,
append,661,4566400,,,,,,
encode,661,6500,,,,,,
data_write,661,79100,,,,,,
data_sync,661,2081100,,,,,,
marker_write,661,323900,,,,,,
marker_sync,661,2072500,,,,,,
append,662,9307701,,,,,,
encode,662,6100,,,,,,
data_write,662,74300,,,,,,
data_sync,662,2302100,,,,,,
marker_write,662,82700,,,,,,
marker_sync,662,6838101,,,,,,
append,663,4454900,,,,,,
encode,663,7600,,,,,,
data_write,663,89400,,,,,,
data_sync,663,2173400,,,,,,
marker_write,663,70400,,,,,,
marker_sync,663,2110000,,,,,,
append,664,4080300,,,,,,
encode,664,6600,,,,,,
data_write,664,75800,,,,,,
data_sync,664,2006300,,,,,,
marker_write,664,69800,,,,,,
marker_sync,664,1917800,,,,,,
append,665,4108600,,,,,,
encode,665,6600,,,,,,
data_write,665,87100,,,,,,
data_sync,665,2121200,,,,,,
marker_write,665,68300,,,,,,
marker_sync,665,1821800,,,,,,
append,666,4009201,,,,,,
encode,666,6000,,,,,,
data_write,666,76200,,,,,,
data_sync,666,1945101,,,,,,
marker_write,666,69400,,,,,,
marker_sync,666,1908200,,,,,,
append,667,4196200,,,,,,
encode,667,6600,,,,,,
data_write,667,82800,,,,,,
data_sync,667,2004100,,,,,,
marker_write,667,76700,,,,,,
marker_sync,667,2021800,,,,,,
append,668,4140300,,,,,,
encode,668,6800,,,,,,
data_write,668,84400,,,,,,
data_sync,668,1945200,,,,,,
marker_write,668,75000,,,,,,
marker_sync,668,2025000,,,,,,
append,669,5000401,,,,,,
encode,669,6300,,,,,,
data_write,669,86100,,,,,,
data_sync,669,2015100,,,,,,
marker_write,669,59300,,,,,,
marker_sync,669,2830001,,,,,,
append,670,4389100,,,,,,
encode,670,6200,,,,,,
data_write,670,85100,,,,,,
data_sync,670,2105100,,,,,,
marker_write,670,67200,,,,,,
marker_sync,670,2121500,,,,,,
append,671,4404100,,,,,,
encode,671,6200,,,,,,
data_write,671,81800,,,,,,
data_sync,671,2067900,,,,,,
marker_write,671,76000,,,,,,
marker_sync,671,2167600,,,,,,
append,672,4687700,,,,,,
encode,672,40300,,,,,,
data_write,672,78900,,,,,,
data_sync,672,2129500,,,,,,
marker_write,672,73100,,,,,,
marker_sync,672,2362000,,,,,,
append,673,4335501,,,,,,
encode,673,6000,,,,,,
data_write,673,79500,,,,,,
data_sync,673,2049801,,,,,,
marker_write,673,75200,,,,,,
marker_sync,673,2121500,,,,,,
append,674,4643500,,,,,,
encode,674,6900,,,,,,
data_write,674,85800,,,,,,
data_sync,674,2248200,,,,,,
marker_write,674,70600,,,,,,
marker_sync,674,2228700,,,,,,
append,675,4823400,,,,,,
encode,675,6600,,,,,,
data_write,675,79900,,,,,,
data_sync,675,2305800,,,,,,
marker_write,675,71000,,,,,,
marker_sync,675,2355500,,,,,,
append,676,5012801,,,,,,
encode,676,5800,,,,,,
data_write,676,84600,,,,,,
data_sync,676,2577200,,,,,,
marker_write,676,69100,,,,,,
marker_sync,676,2272701,,,,,,
append,677,4613700,,,,,,
encode,677,5000,,,,,,
data_write,677,74500,,,,,,
data_sync,677,2253900,,,,,,
marker_write,677,72600,,,,,,
marker_sync,677,2203900,,,,,,
append,678,4532000,,,,,,
encode,678,5600,,,,,,
data_write,678,80600,,,,,,
data_sync,678,2221600,,,,,,
marker_write,678,65900,,,,,,
marker_sync,678,2154600,,,,,,
append,679,4454300,,,,,,
encode,679,6500,,,,,,
data_write,679,74600,,,,,,
data_sync,679,2244800,,,,,,
marker_write,679,65300,,,,,,
marker_sync,679,2059700,,,,,,
append,680,4560201,,,,,,
encode,680,6500,,,,,,
data_write,680,77000,,,,,,
data_sync,680,2173401,,,,,,
marker_write,680,66700,,,,,,
marker_sync,680,2232500,,,,,,
append,681,4247500,,,,,,
encode,681,6400,,,,,,
data_write,681,85000,,,,,,
data_sync,681,1960100,,,,,,
marker_write,681,74100,,,,,,
marker_sync,681,2117800,,,,,,
append,682,7391400,,,,,,
encode,682,9600,,,,,,
data_write,682,79600,,,,,,
data_sync,682,4304000,,,,,,
marker_write,682,73200,,,,,,
marker_sync,682,2921700,,,,,,
append,683,4805201,,,,,,
encode,683,6500,,,,,,
data_write,683,81600,,,,,,
data_sync,683,2256001,,,,,,
marker_write,683,80200,,,,,,
marker_sync,683,2377400,,,,,,
append,684,4599100,,,,,,
encode,684,6000,,,,,,
data_write,684,80100,,,,,,
data_sync,684,2381000,,,,,,
marker_write,684,78400,,,,,,
marker_sync,684,2047300,,,,,,
append,685,4589200,,,,,,
encode,685,7500,,,,,,
data_write,685,92300,,,,,,
data_sync,685,2128400,,,,,,
marker_write,685,76500,,,,,,
marker_sync,685,2281000,,,,,,
append,686,4539401,,,,,,
encode,686,5400,,,,,,
data_write,686,69800,,,,,,
data_sync,686,2115200,,,,,,
marker_write,686,84200,,,,,,
marker_sync,686,2261301,,,,,,
append,687,4749200,,,,,,
encode,687,6900,,,,,,
data_write,687,80400,,,,,,
data_sync,687,2329200,,,,,,
marker_write,687,69100,,,,,,
marker_sync,687,2260000,,,,,,
append,688,4653900,,,,,,
encode,688,6500,,,,,,
data_write,688,86600,,,,,,
data_sync,688,2024800,,,,,,
marker_write,688,73600,,,,,,
marker_sync,688,2458400,,,,,,
append,689,6608101,,,,,,
encode,689,7900,,,,,,
data_write,689,86200,,,,,,
data_sync,689,2199900,,,,,,
marker_write,689,71300,,,,,,
marker_sync,689,4238501,,,,,,
append,690,4540300,,,,,,
encode,690,6300,,,,,,
data_write,690,53500,,,,,,
data_sync,690,2294800,,,,,,
marker_write,690,62400,,,,,,
marker_sync,690,2119800,,,,,,
append,691,4429300,,,,,,
encode,691,6600,,,,,,
data_write,691,92400,,,,,,
data_sync,691,2031500,,,,,,
marker_write,691,66000,,,,,,
marker_sync,691,2229500,,,,,,
append,692,4405800,,,,,,
encode,692,4900,,,,,,
data_write,692,70800,,,,,,
data_sync,692,2193900,,,,,,
marker_write,692,78900,,,,,,
marker_sync,692,2053600,,,,,,
append,693,3876801,,,,,,
encode,693,5500,,,,,,
data_write,693,65300,,,,,,
data_sync,693,1860601,,,,,,
marker_write,693,66000,,,,,,
marker_sync,693,1875500,,,,,,
append,694,3752100,,,,,,
encode,694,6300,,,,,,
data_write,694,75500,,,,,,
data_sync,694,1779200,,,,,,
marker_write,694,63500,,,,,,
marker_sync,694,1824000,,,,,,
append,695,3840300,,,,,,
encode,695,5600,,,,,,
data_write,695,70800,,,,,,
data_sync,695,1813400,,,,,,
marker_write,695,64300,,,,,,
marker_sync,695,1882200,,,,,,
append,696,3741200,,,,,,
encode,696,5300,,,,,,
data_write,696,74000,,,,,,
data_sync,696,1825200,,,,,,
marker_write,696,60700,,,,,,
marker_sync,696,1772000,,,,,,
append,697,3656401,,,,,,
encode,697,5700,,,,,,
data_write,697,60600,,,,,,
data_sync,697,1802701,,,,,,
marker_write,697,55200,,,,,,
marker_sync,697,1729600,,,,,,
append,698,3622500,,,,,,
encode,698,5800,,,,,,
data_write,698,62500,,,,,,
data_sync,698,1746400,,,,,,
marker_write,698,48100,,,,,,
marker_sync,698,1756700,,,,,,
append,699,3815700,,,,,,
encode,699,5200,,,,,,
data_write,699,66400,,,,,,
data_sync,699,1773900,,,,,,
marker_write,699,50200,,,,,,
marker_sync,699,1916300,,,,,,
append,700,4580300,,,,,,
encode,700,5600,,,,,,
data_write,700,76000,,,,,,
data_sync,700,1949500,,,,,,
marker_write,700,74800,,,,,,
marker_sync,700,2469800,,,,,,
append,701,4778201,,,,,,
encode,701,5800,,,,,,
data_write,701,88500,,,,,,
data_sync,701,2360701,,,,,,
marker_write,701,72400,,,,,,
marker_sync,701,2247600,,,,,,
append,702,4041500,,,,,,
encode,702,6300,,,,,,
data_write,702,82500,,,,,,
data_sync,702,2107300,,,,,,
marker_write,702,63100,,,,,,
marker_sync,702,1778100,,,,,,
append,703,4021500,,,,,,
encode,703,6000,,,,,,
data_write,703,66900,,,,,,
data_sync,703,1848400,,,,,,
marker_write,703,61400,,,,,,
marker_sync,703,2035700,,,,,,
append,704,7618601,,,,,,
encode,704,5200,,,,,,
data_write,704,61600,,,,,,
data_sync,704,5245701,,,,,,
marker_write,704,73400,,,,,,
marker_sync,704,2229400,,,,,,
append,705,4109200,,,,,,
encode,705,4400,,,,,,
data_write,705,79500,,,,,,
data_sync,705,2030200,,,,,,
marker_write,705,63200,,,,,,
marker_sync,705,1929000,,,,,,
append,706,4105600,,,,,,
encode,706,4900,,,,,,
data_write,706,60400,,,,,,
data_sync,706,2039900,,,,,,
marker_write,706,68200,,,,,,
marker_sync,706,1929100,,,,,,
append,707,4305201,,,,,,
encode,707,6000,,,,,,
data_write,707,75600,,,,,,
data_sync,707,2233300,,,,,,
marker_write,707,68800,,,,,,
marker_sync,707,1917501,,,,,,
append,708,6309800,,,,,,
encode,708,5800,,,,,,
data_write,708,74800,,,,,,
data_sync,708,1950600,,,,,,
marker_write,708,71700,,,,,,
marker_sync,708,4180400,,,,,,
append,709,6019800,,,,,,
encode,709,7000,,,,,,
data_write,709,90600,,,,,,
data_sync,709,3571500,,,,,,
marker_write,709,77300,,,,,,
marker_sync,709,2269800,,,,,,
append,710,4322401,,,,,,
encode,710,6400,,,,,,
data_write,710,123400,,,,,,
data_sync,710,1980500,,,,,,
marker_write,710,65500,,,,,,
marker_sync,710,2143001,,,,,,
append,711,4247400,,,,,,
encode,711,5700,,,,,,
data_write,711,82200,,,,,,
data_sync,711,2015600,,,,,,
marker_write,711,68800,,,,,,
marker_sync,711,2071300,,,,,,
append,712,3845600,,,,,,
encode,712,6200,,,,,,
data_write,712,108300,,,,,,
data_sync,712,1828400,,,,,,
marker_write,712,65800,,,,,,
marker_sync,712,1833800,,,,,,
append,713,4256000,,,,,,
encode,713,6600,,,,,,
data_write,713,78400,,,,,,
data_sync,713,2041900,,,,,,
marker_write,713,69600,,,,,,
marker_sync,713,2055800,,,,,,
append,714,4125601,,,,,,
encode,714,6700,,,,,,
data_write,714,68900,,,,,,
data_sync,714,2133100,,,,,,
marker_write,714,63800,,,,,,
marker_sync,714,1849801,,,,,,
append,715,3857200,,,,,,
encode,715,6500,,,,,,
data_write,715,72700,,,,,,
data_sync,715,1791500,,,,,,
marker_write,715,68200,,,,,,
marker_sync,715,1914600,,,,,,
append,716,3855900,,,,,,
encode,716,6000,,,,,,
data_write,716,70200,,,,,,
data_sync,716,1853600,,,,,,
marker_write,716,55700,,,,,,
marker_sync,716,1866500,,,,,,
append,717,3860900,,,,,,
encode,717,5600,,,,,,
data_write,717,64000,,,,,,
data_sync,717,1879400,,,,,,
marker_write,717,62800,,,,,,
marker_sync,717,1845600,,,,,,
append,718,3780701,,,,,,
encode,718,6400,,,,,,
data_write,718,72100,,,,,,
data_sync,718,1833100,,,,,,
marker_write,718,60900,,,,,,
marker_sync,718,1805601,,,,,,
append,719,3295700,,,,,,
encode,719,4800,,,,,,
data_write,719,59600,,,,,,
data_sync,719,1628700,,,,,,
marker_write,719,51600,,,,,,
marker_sync,719,1548800,,,,,,
append,720,3356800,,,,,,
encode,720,4700,,,,,,
data_write,720,58900,,,,,,
data_sync,720,1692100,,,,,,
marker_write,720,51200,,,,,,
marker_sync,720,1547500,,,,,,
append,721,3883100,,,,,,
encode,721,4900,,,,,,
data_write,721,49500,,,,,,
data_sync,721,1688200,,,,,,
marker_write,721,57800,,,,,,
marker_sync,721,2079500,,,,,,
append,722,3960000,,,,,,
encode,722,6400,,,,,,
data_write,722,79700,,,,,,
data_sync,722,1938500,,,,,,
marker_write,722,62100,,,,,,
marker_sync,722,1870100,,,,,,
append,723,3935401,,,,,,
encode,723,6000,,,,,,
data_write,723,68700,,,,,,
data_sync,723,1959401,,,,,,
marker_write,723,76900,,,,,,
marker_sync,723,1821200,,,,,,
append,724,3741900,,,,,,
encode,724,4800,,,,,,
data_write,724,65000,,,,,,
data_sync,724,1702800,,,,,,
marker_write,724,59800,,,,,,
marker_sync,724,1906400,,,,,,
append,725,3911600,,,,,,
encode,725,6700,,,,,,
data_write,725,82600,,,,,,
data_sync,725,1889300,,,,,,
marker_write,725,65200,,,,,,
marker_sync,725,1864200,,,,,,
append,726,4207800,,,,,,
encode,726,6100,,,,,,
data_write,726,83800,,,,,,
data_sync,726,1970500,,,,,,
marker_write,726,62000,,,,,,
marker_sync,726,2082400,,,,,,
append,727,3892301,,,,,,
encode,727,5900,,,,,,
data_write,727,82800,,,,,,
data_sync,727,1898701,,,,,,
marker_write,727,63600,,,,,,
marker_sync,727,1838400,,,,,,
append,728,3239400,,,,,,
encode,728,5900,,,,,,
data_write,728,74800,,,,,,
data_sync,728,1611800,,,,,,
marker_write,728,27700,,,,,,
marker_sync,728,1516500,,,,,,
append,729,3498200,,,,,,
encode,729,5700,,,,,,
data_write,729,76900,,,,,,
data_sync,729,1583900,,,,,,
marker_write,729,70100,,,,,,
marker_sync,729,1758900,,,,,,
append,730,4067700,,,,,,
encode,730,5900,,,,,,
data_write,730,81000,,,,,,
data_sync,730,1958400,,,,,,
marker_write,730,70700,,,,,,
marker_sync,730,1948000,,,,,,
append,731,4411101,,,,,,
encode,731,6300,,,,,,
data_write,731,82900,,,,,,
data_sync,731,2010301,,,,,,
marker_write,731,74400,,,,,,
marker_sync,731,2233400,,,,,,
append,732,4613500,,,,,,
encode,732,6300,,,,,,
data_write,732,87000,,,,,,
data_sync,732,2060600,,,,,,
marker_write,732,72000,,,,,,
marker_sync,732,2384100,,,,,,
append,733,4106300,,,,,,
encode,733,6500,,,,,,
data_write,733,84200,,,,,,
data_sync,733,1987700,,,,,,
marker_write,733,68600,,,,,,
marker_sync,733,1955700,,,,,,
append,734,4568201,,,,,,
encode,734,6500,,,,,,
data_write,734,85400,,,,,,
data_sync,734,2456600,,,,,,
marker_write,734,72300,,,,,,
marker_sync,734,1943501,,,,,,
append,735,4247100,,,,,,
encode,735,6000,,,,,,
data_write,735,91200,,,,,,
data_sync,735,2004000,,,,,,
marker_write,735,77200,,,,,,
marker_sync,735,2065700,,,,,,
append,736,4051100,,,,,,
encode,736,5800,,,,,,
data_write,736,81900,,,,,,
data_sync,736,1912900,,,,,,
marker_write,736,61400,,,,,,
marker_sync,736,1986100,,,,,,
append,737,4612600,,,,,,
encode,737,6200,,,,,,
data_write,737,76500,,,,,,
data_sync,737,1999100,,,,,,
marker_write,737,69100,,,,,,
marker_sync,737,2458300,,,,,,
append,738,6001501,,,,,,
encode,738,5500,,,,,,
data_write,738,74500,,,,,,
data_sync,738,3099701,,,,,,
marker_write,738,72400,,,,,,
marker_sync,738,2746000,,,,,,
append,739,5383700,,,,,,
encode,739,6100,,,,,,
data_write,739,129800,,,,,,
data_sync,739,2057200,,,,,,
marker_write,739,68000,,,,,,
marker_sync,739,3118500,,,,,,
append,740,4378100,,,,,,
encode,740,5900,,,,,,
data_write,740,91200,,,,,,
data_sync,740,2357400,,,,,,
marker_write,740,79100,,,,,,
marker_sync,740,1841200,,,,,,
append,741,3580901,,,,,,
encode,741,4300,,,,,,
data_write,741,67600,,,,,,
data_sync,741,1745200,,,,,,
marker_write,741,67000,,,,,,
marker_sync,741,1693701,,,,,,
append,742,3887200,,,,,,
encode,742,5300,,,,,,
data_write,742,75800,,,,,,
data_sync,742,1740000,,,,,,
marker_write,742,71200,,,,,,
marker_sync,742,1991000,,,,,,
append,743,3673600,,,,,,
encode,743,7100,,,,,,
data_write,743,87100,,,,,,
data_sync,743,1771100,,,,,,
marker_write,743,64700,,,,,,
marker_sync,743,1740800,,,,,,
append,744,3924400,,,,,,
encode,744,4900,,,,,,
data_write,744,69500,,,,,,
data_sync,744,1937200,,,,,,
marker_write,744,66100,,,,,,
marker_sync,744,1843300,,,,,,
append,745,3985501,,,,,,
encode,745,6400,,,,,,
data_write,745,77900,,,,,,
data_sync,745,1866300,,,,,,
marker_write,745,65000,,,,,,
marker_sync,745,1966401,,,,,,
append,746,3909800,,,,,,
encode,746,5100,,,,,,
data_write,746,79400,,,,,,
data_sync,746,2085000,,,,,,
marker_write,746,66800,,,,,,
marker_sync,746,1670700,,,,,,
append,747,3519900,,,,,,
encode,747,6100,,,,,,
data_write,747,70100,,,,,,
data_sync,747,1705800,,,,,,
marker_write,747,60100,,,,,,
marker_sync,747,1675100,,,,,,
append,748,4020800,,,,,,
encode,748,6300,,,,,,
data_write,748,82800,,,,,,
data_sync,748,2026800,,,,,,
marker_write,748,69900,,,,,,
marker_sync,748,1832500,,,,,,
append,749,3590101,,,,,,
encode,749,6400,,,,,,
data_write,749,71100,,,,,,
data_sync,749,1773200,,,,,,
marker_write,749,59600,,,,,,
marker_sync,749,1676401,,,,,,
append,750,3408500,,,,,,
encode,750,5500,,,,,,
data_write,750,67000,,,,,,
data_sync,750,1637400,,,,,,
marker_write,750,60000,,,,,,
marker_sync,750,1636100,,,,,,
append,751,3462300,,,,,,
encode,751,6100,,,,,,
data_write,751,70600,,,,,,
data_sync,751,1635800,,,,,,
marker_write,751,61100,,,,,,
marker_sync,751,1686100,,,,,,
append,752,3694600,,,,,,
encode,752,6200,,,,,,
data_write,752,70100,,,,,,
data_sync,752,1644300,,,,,,
marker_write,752,58300,,,,,,
marker_sync,752,1913000,,,,,,
append,753,3168300,,,,,,
encode,753,4400,,,,,,
data_write,753,61500,,,,,,
data_sync,753,1550100,,,,,,
marker_write,753,45000,,,,,,
marker_sync,753,1504000,,,,,,
append,754,3296601,,,,,,
encode,754,5200,,,,,,
data_write,754,67100,,,,,,
data_sync,754,1595000,,,,,,
marker_write,754,48500,,,,,,
marker_sync,754,1578301,,,,,,
append,755,3215300,,,,,,
encode,755,5000,,,,,,
data_write,755,52700,,,,,,
data_sync,755,1557500,,,,,,
marker_write,755,45700,,,,,,
marker_sync,755,1551600,,,,,,
append,756,3463700,,,,,,
encode,756,4100,,,,,,
data_write,756,51800,,,,,,
data_sync,756,1524600,,,,,,
marker_write,756,39000,,,,,,
marker_sync,756,1841200,,,,,,
append,757,3671700,,,,,,
encode,757,5700,,,,,,
data_write,757,74600,,,,,,
data_sync,757,1676200,,,,,,
marker_write,757,56800,,,,,,
marker_sync,757,1854800,,,,,,
append,758,3751500,,,,,,
encode,758,4400,,,,,,
data_write,758,56600,,,,,,
data_sync,758,1922300,,,,,,
marker_write,758,57100,,,,,,
marker_sync,758,1708100,,,,,,
append,759,3294701,,,,,,
encode,759,5700,,,,,,
data_write,759,73300,,,,,,
data_sync,759,1558701,,,,,,
marker_write,759,48900,,,,,,
marker_sync,759,1605400,,,,,,
append,760,3449100,,,,,,
encode,760,4500,,,,,,
data_write,760,56700,,,,,,
data_sync,760,1707400,,,,,,
marker_write,760,53200,,,,,,
marker_sync,760,1623600,,,,,,
append,761,4343800,,,,,,
encode,761,5600,,,,,,
data_write,761,72800,,,,,,
data_sync,761,1660700,,,,,,
marker_write,761,54800,,,,,,
marker_sync,761,2546700,,,,,,
append,762,3960300,,,,,,
encode,762,6000,,,,,,
data_write,762,80600,,,,,,
data_sync,762,2006000,,,,,,
marker_write,762,72800,,,,,,
marker_sync,762,1791800,,,,,,
append,763,3379901,,,,,,
encode,763,4800,,,,,,
data_write,763,66400,,,,,,
data_sync,763,1626801,,,,,,
marker_write,763,58000,,,,,,
marker_sync,763,1618700,,,,,,
append,764,3844100,,,,,,
encode,764,7600,,,,,,
data_write,764,91700,,,,,,
data_sync,764,1921900,,,,,,
marker_write,764,57600,,,,,,
marker_sync,764,1761300,,,,,,
append,765,3777600,,,,,,
encode,765,7700,,,,,,
data_write,765,81800,,,,,,
data_sync,765,1728000,,,,,,
marker_write,765,54900,,,,,,
marker_sync,765,1901600,,,,,,
append,766,3796600,,,,,,
encode,766,4700,,,,,,
data_write,766,67900,,,,,,
data_sync,766,1737700,,,,,,
marker_write,766,58900,,,,,,
marker_sync,766,1924300,,,,,,
append,767,3209801,,,,,,
encode,767,5900,,,,,,
data_write,767,76600,,,,,,
data_sync,767,1544000,,,,,,
marker_write,767,56600,,,,,,
marker_sync,767,1523701,,,,,,
append,768,3305700,,,,,,
encode,768,4800,,,,,,
data_write,768,55800,,,,,,
data_sync,768,1511600,,,,,,
marker_write,768,60300,,,,,,
marker_sync,768,1670500,,,,,,
append,769,3172200,,,,,,
encode,769,3100,,,,,,
data_write,769,55000,,,,,,
data_sync,769,1540600,,,,,,
marker_write,769,56900,,,,,,
marker_sync,769,1514400,,,,,,
append,770,3716200,,,,,,
encode,770,3600,,,,,,
data_write,770,57100,,,,,,
data_sync,770,1608200,,,,,,
marker_write,770,61100,,,,,,
marker_sync,770,1982500,,,,,,
append,771,3290100,,,,,,
encode,771,6100,,,,,,
data_write,771,61300,,,,,,
data_sync,771,1558300,,,,,,
marker_write,771,46400,,,,,,
marker_sync,771,1614700,,,,,,
append,772,3604201,,,,,,
encode,772,5600,,,,,,
data_write,772,67500,,,,,,
data_sync,772,1827601,,,,,,
marker_write,772,62600,,,,,,
marker_sync,772,1637700,,,,,,
append,773,3330100,,,,,,
encode,773,4200,,,,,,
data_write,773,60900,,,,,,
data_sync,773,1582300,,,,,,
marker_write,773,58400,,,,,,
marker_sync,773,1620900,,,,,,
append,774,3642600,,,,,,
encode,774,6900,,,,,,
data_write,774,80600,,,,,,
data_sync,774,1756200,,,,,,
marker_write,774,58000,,,,,,
marker_sync,774,1737400,,,,,,
append,775,3825500,,,,,,
encode,775,5900,,,,,,
data_write,775,68400,,,,,,
data_sync,775,1825600,,,,,,
marker_write,775,73600,,,,,,
marker_sync,775,1848100,,,,,,
append,776,3342301,,,,,,
encode,776,5000,,,,,,
data_write,776,56300,,,,,,
data_sync,776,1599800,,,,,,
marker_write,776,43200,,,,,,
marker_sync,776,1635501,,,,,,
append,777,3372000,,,,,,
encode,777,5600,,,,,,
data_write,777,69200,,,,,,
data_sync,777,1611900,,,,,,
marker_write,777,50700,,,,,,
marker_sync,777,1630800,,,,,,
append,778,3733700,,,,,,
encode,778,5800,,,,,,
data_write,778,69900,,,,,,
data_sync,778,1699900,,,,,,
marker_write,778,44400,,,,,,
marker_sync,778,1911100,,,,,,
append,779,3556800,,,,,,
encode,779,4200,,,,,,
data_write,779,60600,,,,,,
data_sync,779,1797600,,,,,,
marker_write,779,58900,,,,,,
marker_sync,779,1632600,,,,,,
append,780,3652700,,,,,,
encode,780,5100,,,,,,
data_write,780,63000,,,,,,
data_sync,780,1909400,,,,,,
marker_write,780,62400,,,,,,
marker_sync,780,1609500,,,,,,
append,781,3348001,,,,,,
encode,781,5400,,,,,,
data_write,781,70700,,,,,,
data_sync,781,1630601,,,,,,
marker_write,781,64300,,,,,,
marker_sync,781,1574100,,,,,,
append,782,3380900,,,,,,
encode,782,5500,,,,,,
data_write,782,74600,,,,,,
data_sync,782,1669100,,,,,,
marker_write,782,60200,,,,,,
marker_sync,782,1568600,,,,,,
append,783,3480500,,,,,,
encode,783,5500,,,,,,
data_write,783,68400,,,,,,
data_sync,783,1598300,,,,,,
marker_write,783,61600,,,,,,
marker_sync,783,1743100,,,,,,
append,784,3760500,,,,,,
encode,784,6000,,,,,,
data_write,784,77800,,,,,,
data_sync,784,1804700,,,,,,
marker_write,784,45100,,,,,,
marker_sync,784,1823600,,,,,,
append,785,4085001,,,,,,
encode,785,5900,,,,,,
data_write,785,77700,,,,,,
data_sync,785,2194300,,,,,,
marker_write,785,69100,,,,,,
marker_sync,785,1734901,,,,,,
append,786,3341100,,,,,,
encode,786,5200,,,,,,
data_write,786,62700,,,,,,
data_sync,786,1683200,,,,,,
marker_write,786,57000,,,,,,
marker_sync,786,1529500,,,,,,
append,787,3569300,,,,,,
encode,787,4000,,,,,,
data_write,787,53500,,,,,,
data_sync,787,1540300,,,,,,
marker_write,787,46700,,,,,,
marker_sync,787,1920700,,,,,,
append,788,3735600,,,,,,
encode,788,5400,,,,,,
data_write,788,74200,,,,,,
data_sync,788,1832100,,,,,,
marker_write,788,64200,,,,,,
marker_sync,788,1757300,,,,,,
append,789,3530800,,,,,,
encode,789,4900,,,,,,
data_write,789,59200,,,,,,
data_sync,789,1566200,,,,,,
marker_write,789,51400,,,,,,
marker_sync,789,1846800,,,,,,
append,790,3143401,,,,,,
encode,790,4600,,,,,,
data_write,790,59600,,,,,,
data_sync,790,1515401,,,,,,
marker_write,790,59200,,,,,,
marker_sync,790,1501600,,,,,,
append,791,3224600,,,,,,
encode,791,4100,,,,,,
data_write,791,56900,,,,,,
data_sync,791,1613100,,,,,,
marker_write,791,47200,,,,,,
marker_sync,791,1500800,,,,,,
append,792,3606200,,,,,,
encode,792,5100,,,,,,
data_write,792,59000,,,,,,
data_sync,792,1545700,,,,,,
marker_write,792,49900,,,,,,
marker_sync,792,1943200,,,,,,
append,793,3631700,,,,,,
encode,793,5800,,,,,,
data_write,793,73600,,,,,,
data_sync,793,1784700,,,,,,
marker_write,793,62100,,,,,,
marker_sync,793,1702100,,,,,,
append,794,3629001,,,,,,
encode,794,6000,,,,,,
data_write,794,68700,,,,,,
data_sync,794,1836000,,,,,,
marker_write,794,59900,,,,,,
marker_sync,794,1655201,,,,,,
append,795,3473900,,,,,,
encode,795,4800,,,,,,
data_write,795,61300,,,,,,
data_sync,795,1659500,,,,,,
marker_write,795,50800,,,,,,
marker_sync,795,1694400,,,,,,
append,796,3489300,,,,,,
encode,796,4900,,,,,,
data_write,796,66700,,,,,,
data_sync,796,1679900,,,,,,
marker_write,796,64400,,,,,,
marker_sync,796,1671200,,,,,,
append,797,3626900,,,,,,
encode,797,5100,,,,,,
data_write,797,68800,,,,,,
data_sync,797,1821200,,,,,,
marker_write,797,51000,,,,,,
marker_sync,797,1678300,,,,,,
append,798,3532200,,,,,,
encode,798,5000,,,,,,
data_write,798,55800,,,,,,
data_sync,798,1707100,,,,,,
marker_write,798,63200,,,,,,
marker_sync,798,1698200,,,,,,
append,799,3598801,,,,,,
encode,799,5000,,,,,,
data_write,799,65000,,,,,,
data_sync,799,1809301,,,,,,
marker_write,799,42600,,,,,,
marker_sync,799,1674300,,,,,,
append,800,3409700,,,,,,
encode,800,6100,,,,,,
data_write,800,70800,,,,,,
data_sync,800,1660700,,,,,,
marker_write,800,58100,,,,,,
marker_sync,800,1611200,,,,,,
append,801,3555600,,,,,,
encode,801,5600,,,,,,
data_write,801,70100,,,,,,
data_sync,801,1647200,,,,,,
marker_write,801,67600,,,,,,
marker_sync,801,1762400,,,,,,
append,802,3425400,,,,,,
encode,802,5700,,,,,,
data_write,802,72200,,,,,,
data_sync,802,1625900,,,,,,
marker_write,802,50800,,,,,,
marker_sync,802,1667800,,,,,,
append,803,3668501,,,,,,
encode,803,5900,,,,,,
data_write,803,87600,,,,,,
data_sync,803,1744400,,,,,,
marker_write,803,50600,,,,,,
marker_sync,803,1776501,,,,,,
append,804,4228400,,,,,,
encode,804,6200,,,,,,
data_write,804,73200,,,,,,
data_sync,804,1824600,,,,,,
marker_write,804,47300,,,,,,
marker_sync,804,2274000,,,,,,
append,805,4129400,,,,,,
encode,805,6100,,,,,,
data_write,805,78200,,,,,,
data_sync,805,2027400,,,,,,
marker_write,805,46900,,,,,,
marker_sync,805,1968200,,,,,,
append,806,3876400,,,,,,
encode,806,5100,,,,,,
data_write,806,52900,,,,,,
data_sync,806,1790000,,,,,,
marker_write,806,60600,,,,,,
marker_sync,806,1964500,,,,,,
append,807,8334201,,,,,,
encode,807,5000,,,,,,
data_write,807,55000,,,,,,
data_sync,807,5526701,,,,,,
marker_write,807,51000,,,,,,
marker_sync,807,2692900,,,,,,
append,808,22631701,,,,,,
encode,808,5800,,,,,,
data_write,808,69300,,,,,,
data_sync,808,16356801,,,,,,
marker_write,808,46000,,,,,,
marker_sync,808,6150600,,,,,,
append,809,11059301,,,,,,
encode,809,5400,,,,,,
data_write,809,105100,,,,,,
data_sync,809,9070001,,,,,,
marker_write,809,68700,,,,,,
marker_sync,809,1806900,,,,,,
append,810,3285900,,,,,,
encode,810,4700,,,,,,
data_write,810,57900,,,,,,
data_sync,810,1597700,,,,,,
marker_write,810,44400,,,,,,
marker_sync,810,1578300,,,,,,
append,811,4129100,,,,,,
encode,811,4300,,,,,,
data_write,811,90400,,,,,,
data_sync,811,1954100,,,,,,
marker_write,811,65200,,,,,,
marker_sync,811,2011500,,,,,,
append,812,3858701,,,,,,
encode,812,5800,,,,,,
data_write,812,82300,,,,,,
data_sync,812,1883101,,,,,,
marker_write,812,63800,,,,,,
marker_sync,812,1820100,,,,,,
append,813,3601900,,,,,,
encode,813,6100,,,,,,
data_write,813,76100,,,,,,
data_sync,813,1642000,,,,,,
marker_write,813,112900,,,,,,
marker_sync,813,1760400,,,,,,
append,814,4182500,,,,,,
encode,814,5500,,,,,,
data_write,814,82500,,,,,,
data_sync,814,1767000,,,,,,
marker_write,814,67700,,,,,,
marker_sync,814,2255300,,,,,,
append,815,4762101,,,,,,
encode,815,9800,,,,,,
data_write,815,72600,,,,,,
data_sync,815,2027900,,,,,,
marker_write,815,72200,,,,,,
marker_sync,815,2574601,,,,,,
append,816,4352100,,,,,,
encode,816,8200,,,,,,
data_write,816,75400,,,,,,
data_sync,816,2323900,,,,,,
marker_write,816,54400,,,,,,
marker_sync,816,1885700,,,,,,
append,817,4347600,,,,,,
encode,817,6200,,,,,,
data_write,817,73300,,,,,,
data_sync,817,2129800,,,,,,
marker_write,817,64600,,,,,,
marker_sync,817,2070100,,,,,,
append,818,3776600,,,,,,
encode,818,6300,,,,,,
data_write,818,82300,,,,,,
data_sync,818,1954100,,,,,,
marker_write,818,49300,,,,,,
marker_sync,818,1681900,,,,,,
append,819,3540001,,,,,,
encode,819,5000,,,,,,
data_write,819,60700,,,,,,
data_sync,819,1865400,,,,,,
marker_write,819,55600,,,,,,
marker_sync,819,1550301,,,,,,
append,820,3204700,,,,,,
encode,820,5000,,,,,,
data_write,820,68200,,,,,,
data_sync,820,1530000,,,,,,
marker_write,820,54200,,,,,,
marker_sync,820,1544000,,,,,,
append,821,3522000,,,,,,
encode,821,5800,,,,,,
data_write,821,67300,,,,,,
data_sync,821,1564900,,,,,,
marker_write,821,51100,,,,,,
marker_sync,821,1829800,,,,,,
append,822,3372400,,,,,,
encode,822,6100,,,,,,
data_write,822,76000,,,,,,
data_sync,822,1743300,,,,,,
marker_write,822,56700,,,,,,
marker_sync,822,1487300,,,,,,
append,823,2999300,,,,,,
encode,823,3900,,,,,,
data_write,823,52100,,,,,,
data_sync,823,1434800,,,,,,
marker_write,823,39600,,,,,,
marker_sync,823,1466500,,,,,,
append,824,3467301,,,,,,
encode,824,5600,,,,,,
data_write,824,110700,,,,,,
data_sync,824,1623800,,,,,,
marker_write,824,45400,,,,,,
marker_sync,824,1678401,,,,,,
append,825,3215900,,,,,,
encode,825,6000,,,,,,
data_write,825,60400,,,,,,
data_sync,825,1649200,,,,,,
marker_write,825,49900,,,,,,
marker_sync,825,1448300,,,,,,
append,826,3265100,,,,,,
encode,826,4700,,,,,,
data_write,826,54300,,,,,,
data_sync,826,1453000,,,,,,
marker_write,826,47600,,,,,,
marker_sync,826,1703300,,,,,,
append,827,3921800,,,,,,
encode,827,4300,,,,,,
data_write,827,59900,,,,,,
data_sync,827,1756300,,,,,,
marker_write,827,56200,,,,,,
marker_sync,827,2041100,,,,,,
append,828,3893900,,,,,,
encode,828,5800,,,,,,
data_write,828,68100,,,,,,
data_sync,828,1980000,,,,,,
marker_write,828,56900,,,,,,
marker_sync,828,1780300,,,,,,
append,829,3355601,,,,,,
encode,829,4600,,,,,,
data_write,829,61000,,,,,,
data_sync,829,1645301,,,,,,
marker_write,829,53300,,,,,,
marker_sync,829,1588700,,,,,,
append,830,3643000,,,,,,
encode,830,4400,,,,,,
data_write,830,56700,,,,,,
data_sync,830,1710000,,,,,,
marker_write,830,42500,,,,,,
marker_sync,830,1825600,,,,,,
append,831,3939100,,,,,,
encode,831,6400,,,,,,
data_write,831,92200,,,,,,
data_sync,831,1982000,,,,,,
marker_write,831,51500,,,,,,
marker_sync,831,1803800,,,,,,
append,832,3731400,,,,,,
encode,832,4400,,,,,,
data_write,832,58400,,,,,,
data_sync,832,1849700,,,,,,
marker_write,832,48300,,,,,,
marker_sync,832,1767700,,,,,,
append,833,3570301,,,,,,
encode,833,4700,,,,,,
data_write,833,63100,,,,,,
data_sync,833,1764601,,,,,,
marker_write,833,61400,,,,,,
marker_sync,833,1673700,,,,,,
append,834,3550600,,,,,,
encode,834,5100,,,,,,
data_write,834,107600,,,,,,
data_sync,834,1688500,,,,,,
marker_write,834,51900,,,,,,
marker_sync,834,1694800,,,,,,
append,835,3582500,,,,,,
encode,835,4700,,,,,,
data_write,835,55700,,,,,,
data_sync,835,1803800,,,,,,
marker_write,835,61200,,,,,,
marker_sync,835,1652500,,,,,,
append,836,3530100,,,,,,
encode,836,6200,,,,,,
data_write,836,64300,,,,,,
data_sync,836,1800900,,,,,,
marker_write,836,55800,,,,,,
marker_sync,836,1599500,,,,,,
append,837,3581701,,,,,,
encode,837,5600,,,,,,
data_write,837,62200,,,,,,
data_sync,837,1706600,,,,,,
marker_write,837,59300,,,,,,
marker_sync,837,1744401,,,,,,
append,838,3563100,,,,,,
encode,838,4700,,,,,,
data_write,838,52600,,,,,,
data_sync,838,1847500,,,,,,
marker_write,838,46600,,,,,,
marker_sync,838,1609100,,,,,,
append,839,3635600,,,,,,
encode,839,4300,,,,,,
data_write,839,56700,,,,,,
data_sync,839,1710700,,,,,,
marker_write,839,51600,,,,,,
marker_sync,839,1809100,,,,,,
append,840,4170000,,,,,,
encode,840,5500,,,,,,
data_write,840,61400,,,,,,
data_sync,840,2108300,,,,,,
marker_write,840,53400,,,,,,
marker_sync,840,1937500,,,,,,
append,841,4222301,,,,,,
encode,841,6100,,,,,,
data_write,841,82600,,,,,,
data_sync,841,1815300,,,,,,
marker_write,841,72900,,,,,,
marker_sync,841,2241801,,,,,,
append,842,3873500,,,,,,
encode,842,6000,,,,,,
data_write,842,73200,,,,,,
data_sync,842,1837400,,,,,,
marker_write,842,55900,,,,,,
marker_sync,842,1897600,,,,,,
append,843,3996000,,,,,,
encode,843,6700,,,,,,
data_write,843,63900,,,,,,
data_sync,843,1909700,,,,,,
marker_write,843,75200,,,,,,
marker_sync,843,1936000,,,,,,
append,844,3987500,,,,,,
encode,844,6800,,,,,,
data_write,844,76900,,,,,,
data_sync,844,1982600,,,,,,
marker_write,844,63500,,,,,,
marker_sync,844,1854200,,,,,,
append,845,3564200,,,,,,
encode,845,5200,,,,,,
data_write,845,58100,,,,,,
data_sync,845,1596100,,,,,,
marker_write,845,41300,,,,,,
marker_sync,845,1860900,,,,,,
append,846,3719701,,,,,,
encode,846,5900,,,,,,
data_write,846,63600,,,,,,
data_sync,846,1782401,,,,,,
marker_write,846,66900,,,,,,
marker_sync,846,1797600,,,,,,
append,847,3889000,,,,,,
encode,847,6200,,,,,,
data_write,847,70200,,,,,,
data_sync,847,1782600,,,,,,
marker_write,847,64400,,,,,,
marker_sync,847,1962300,,,,,,
append,848,4052300,,,,,,
encode,848,6900,,,,,,
data_write,848,77500,,,,,,
data_sync,848,1958500,,,,,,
marker_write,848,58600,,,,,,
marker_sync,848,1947300,,,,,,
append,849,3590900,,,,,,
encode,849,6500,,,,,,
data_write,849,80600,,,,,,
data_sync,849,1727900,,,,,,
marker_write,849,56200,,,,,,
marker_sync,849,1715200,,,,,,
append,850,3371801,,,,,,
encode,850,5200,,,,,,
data_write,850,57900,,,,,,
data_sync,850,1625101,,,,,,
marker_write,850,46900,,,,,,
marker_sync,850,1633500,,,,,,
append,851,3414000,,,,,,
encode,851,5200,,,,,,
data_write,851,54700,,,,,,
data_sync,851,1611500,,,,,,
marker_write,851,43300,,,,,,
marker_sync,851,1696900,,,,,,
append,852,4163700,,,,,,
encode,852,6200,,,,,,
data_write,852,77300,,,,,,
data_sync,852,1924000,,,,,,
marker_write,852,55600,,,,,,
marker_sync,852,2096800,,,,,,
append,853,3811700,,,,,,
encode,853,5000,,,,,,
data_write,853,61500,,,,,,
data_sync,853,1928400,,,,,,
marker_write,853,63700,,,,,,
marker_sync,853,1749500,,,,,,
append,854,3874701,,,,,,
encode,854,5500,,,,,,
data_write,854,59000,,,,,,
data_sync,854,2086401,,,,,,
marker_write,854,48100,,,,,,
marker_sync,854,1672900,,,,,,
append,855,3278300,,,,,,
encode,855,5400,,,,,,
data_write,855,56400,,,,,,
data_sync,855,1557900,,,,,,
marker_write,855,44500,,,,,,
marker_sync,855,1611200,,,,,,
append,856,3800400,,,,,,
encode,856,6600,,,,,,
data_write,856,67600,,,,,,
data_sync,856,1919300,,,,,,
marker_write,856,54900,,,,,,
marker_sync,856,1748500,,,,,,
append,857,3943600,,,,,,
encode,857,5000,,,,,,
data_write,857,63900,,,,,,
data_sync,857,1868200,,,,,,
marker_write,857,56600,,,,,,
marker_sync,857,1945900,,,,,,
append,858,3910801,,,,,,
encode,858,6300,,,,,,
data_write,858,72400,,,,,,
data_sync,858,1887600,,,,,,
marker_write,858,77900,,,,,,
marker_sync,858,1862801,,,,,,
append,859,3497100,,,,,,
encode,859,5200,,,,,,
data_write,859,71200,,,,,,
data_sync,859,1673300,,,,,,
marker_write,859,63000,,,,,,
marker_sync,859,1680600,,,,,,
append,860,3701900,,,,,,
encode,860,5600,,,,,,
data_write,860,76600,,,,,,
data_sync,860,1858000,,,,,,
marker_write,860,59500,,,,,,
marker_sync,860,1698800,,,,,,
append,861,3359500,,,,,,
encode,861,6000,,,,,,
data_write,861,67200,,,,,,
data_sync,861,1617700,,,,,,
marker_write,861,52100,,,,,,
marker_sync,861,1614100,,,,,,
append,862,3303700,,,,,,
encode,862,4900,,,,,,
data_write,862,52700,,,,,,
data_sync,862,1616600,,,,,,
marker_write,862,56600,,,,,,
marker_sync,862,1570100,,,,,,
append,863,3281401,,,,,,
encode,863,5500,,,,,,
data_write,863,82000,,,,,,
data_sync,863,1551601,,,,,,
marker_write,863,49500,,,,,,
marker_sync,863,1589800,,,,,,
append,864,3431400,,,,,,
encode,864,6100,,,,,,
data_write,864,107700,,,,,,
data_sync,864,1609300,,,,,,
marker_write,864,54800,,,,,,
marker_sync,864,1650400,,,,,,
append,865,3556800,,,,,,
encode,865,5700,,,,,,
data_write,865,66000,,,,,,
data_sync,865,1651100,,,,,,
marker_write,865,57100,,,,,,
marker_sync,865,1773500,,,,,,
append,866,3958800,,,,,,
encode,866,7700,,,,,,
data_write,866,73400,,,,,,
data_sync,866,1880200,,,,,,
marker_write,866,68800,,,,,,
marker_sync,866,1925000,,,,,,
append,867,3727901,,,,,,
encode,867,5700,,,,,,
data_write,867,79000,,,,,,
data_sync,867,1890900,,,,,,
marker_write,867,50200,,,,,,
marker_sync,867,1698401,,,,,,
append,868,3358500,,,,,,
encode,868,4300,,,,,,
data_write,868,54300,,,,,,
data_sync,868,1549300,,,,,,
marker_write,868,42700,,,,,,
marker_sync,868,1705500,,,,,,
append,869,3508400,,,,,,
encode,869,5700,,,,,,
data_write,869,62800,,,,,,
data_sync,869,1729700,,,,,,
marker_write,869,50400,,,,,,
marker_sync,869,1657400,,,,,,
append,870,3468300,,,,,,
encode,870,4900,,,,,,
data_write,870,54300,,,,,,
data_sync,870,1664900,,,,,,
marker_write,870,43900,,,,,,
marker_sync,870,1697800,,,,,,
append,871,3982400,,,,,,
encode,871,6500,,,,,,
data_write,871,68400,,,,,,
data_sync,871,1769500,,,,,,
marker_write,871,62300,,,,,,
marker_sync,871,2072300,,,,,,
append,872,3917801,,,,,,
encode,872,6100,,,,,,
data_write,872,74601,,,,,,
data_sync,872,1874900,,,,,,
marker_write,872,61500,,,,,,
marker_sync,872,1897500,,,,,,
append,873,4663300,,,,,,
encode,873,5800,,,,,,
data_write,873,71900,,,,,,
data_sync,873,2272500,,,,,,
marker_write,873,66300,,,,,,
marker_sync,873,2243100,,,,,,
append,874,4230000,,,,,,
encode,874,6700,,,,,,
data_write,874,84100,,,,,,
data_sync,874,2049300,,,,,,
marker_write,874,67000,,,,,,
marker_sync,874,2019400,,,,,,
append,875,3920401,,,,,,
encode,875,4600,,,,,,
data_write,875,64200,,,,,,
data_sync,875,1839900,,,,,,
marker_write,875,61200,,,,,,
marker_sync,875,1946901,,,,,,
append,876,4530800,,,,,,
encode,876,6300,,,,,,
data_write,876,74000,,,,,,
data_sync,876,2026100,,,,,,
marker_write,876,54800,,,,,,
marker_sync,876,2366200,,,,,,
append,877,3284000,,,,,,
encode,877,6100,,,,,,
data_write,877,76600,,,,,,
data_sync,877,1576100,,,,,,
marker_write,877,58200,,,,,,
marker_sync,877,1564700,,,,,,
append,878,3159800,,,,,,
encode,878,5100,,,,,,
data_write,878,64600,,,,,,
data_sync,878,1524600,,,,,,
marker_write,878,55400,,,,,,
marker_sync,878,1507100,,,,,,
append,879,3192300,,,,,,
encode,879,5400,,,,,,
data_write,879,93800,,,,,,
data_sync,879,1514400,,,,,,
marker_write,879,54300,,,,,,
marker_sync,879,1521700,,,,,,
append,880,3554901,,,,,,
encode,880,6000,,,,,,
data_write,880,68100,,,,,,
data_sync,880,1723401,,,,,,
marker_write,880,49200,,,,,,
marker_sync,880,1705600,,,,,,
append,881,3732200,,,,,,
encode,881,5200,,,,,,
data_write,881,60900,,,,,,
data_sync,881,1603200,,,,,,
marker_write,881,44300,,,,,,
marker_sync,881,2015600,,,,,,
append,882,3540700,,,,,,
encode,882,6300,,,,,,
data_write,882,75000,,,,,,
data_sync,882,1714500,,,,,,
marker_write,882,56000,,,,,,
marker_sync,882,1686400,,,,,,
append,883,3648000,,,,,,
encode,883,4500,,,,,,
data_write,883,59000,,,,,,
data_sync,883,1657400,,,,,,
marker_write,883,55400,,,,,,
marker_sync,883,1867900,,,,,,
append,884,3685301,,,,,,
encode,884,5600,,,,,,
data_write,884,69900,,,,,,
data_sync,884,1756900,,,,,,
marker_write,884,48200,,,,,,
marker_sync,884,1801201,,,,,,
append,885,3712800,,,,,,
encode,885,5300,,,,,,
data_write,885,68800,,,,,,
data_sync,885,1728400,,,,,,
marker_write,885,50900,,,,,,
marker_sync,885,1855800,,,,,,
append,886,4097600,,,,,,
encode,886,6100,,,,,,
data_write,886,91900,,,,,,
data_sync,886,1905900,,,,,,
marker_write,886,61400,,,,,,
marker_sync,886,2027900,,,,,,
append,887,3552900,,,,,,
encode,887,5900,,,,,,
data_write,887,75900,,,,,,
data_sync,887,1699300,,,,,,
marker_write,887,58200,,,,,,
marker_sync,887,1710800,,,,,,
append,888,3521101,,,,,,
encode,888,6000,,,,,,
data_write,888,63700,,,,,,
data_sync,888,1686200,,,,,,
marker_write,888,45200,,,,,,
marker_sync,888,1717201,,,,,,
append,889,3885100,,,,,,
encode,889,5700,,,,,,
data_write,889,65500,,,,,,
data_sync,889,1893900,,,,,,
marker_write,889,57000,,,,,,
marker_sync,889,1859500,,,,,,
append,890,3978000,,,,,,
encode,890,5500,,,,,,
data_write,890,56400,,,,,,
data_sync,890,1949000,,,,,,
marker_write,890,51600,,,,,,
marker_sync,890,1911700,,,,,,
append,891,3980900,,,,,,
encode,891,5800,,,,,,
data_write,891,68200,,,,,,
data_sync,891,1882400,,,,,,
marker_write,891,58900,,,,,,
marker_sync,891,1962400,,,,,,
append,892,8905301,,,,,,
encode,892,5800,,,,,,
data_write,892,64100,,,,,,
data_sync,892,1829000,,,,,,
marker_write,892,54100,,,,,,
marker_sync,892,6948601,,,,,,
append,893,4072700,,,,,,
encode,893,6600,,,,,,
data_write,893,73200,,,,,,
data_sync,893,2142400,,,,,,
marker_write,893,62300,,,,,,
marker_sync,893,1784600,,,,,,
append,894,4347600,,,,,,
encode,894,4300,,,,,,
data_write,894,57200,,,,,,
data_sync,894,1812400,,,,,,
marker_write,894,60900,,,,,,
marker_sync,894,2410000,,,,,,
append,895,3833901,,,,,,
encode,895,5700,,,,,,
data_write,895,65600,,,,,,
data_sync,895,1750500,,,,,,
marker_write,895,56900,,,,,,
marker_sync,895,1952001,,,,,,
append,896,3886600,,,,,,
encode,896,5800,,,,,,
data_write,896,69200,,,,,,
data_sync,896,1892100,,,,,,
marker_write,896,64300,,,,,,
marker_sync,896,1851300,,,,,,
append,897,3543000,,,,,,
encode,897,4800,,,,,,
data_write,897,68900,,,,,,
data_sync,897,1700200,,,,,,
marker_write,897,42500,,,,,,
marker_sync,897,1723600,,,,,,
append,898,3402300,,,,,,
encode,898,5900,,,,,,
data_write,898,63500,,,,,,
data_sync,898,1625900,,,,,,
marker_write,898,49500,,,,,,
marker_sync,898,1654400,,,,,,
append,899,3648601,,,,,,
encode,899,5400,,,,,,
data_write,899,60100,,,,,,
data_sync,899,1691100,,,,,,
marker_write,899,45000,,,,,,
marker_sync,899,1843501,,,,,,
append,900,3615500,,,,,,
encode,900,5900,,,,,,
data_write,900,71400,,,,,,
data_sync,900,1758500,,,,,,
marker_write,900,49700,,,,,,
marker_sync,900,1726700,,,,,,
append,901,4106600,,,,,,
encode,901,5500,,,,,,
data_write,901,68100,,,,,,
data_sync,901,1973600,,,,,,
marker_write,901,57100,,,,,,
marker_sync,901,1998300,,,,,,
append,902,3762500,,,,,,
encode,902,5600,,,,,,
data_write,902,65900,,,,,,
data_sync,902,1901100,,,,,,
marker_write,902,63700,,,,,,
marker_sync,902,1722800,,,,,,
append,903,3705300,,,,,,
encode,903,5500,,,,,,
data_write,903,56900,,,,,,
data_sync,903,1855800,,,,,,
marker_write,903,65300,,,,,,
marker_sync,903,1719100,,,,,,
append,904,3437801,,,,,,
encode,904,5900,,,,,,
data_write,904,66801,,,,,,
data_sync,904,1691400,,,,,,
marker_write,904,51000,,,,,,
marker_sync,904,1619500,,,,,,
append,905,3380900,,,,,,
encode,905,4900,,,,,,
data_write,905,59200,,,,,,
data_sync,905,1609500,,,,,,
marker_write,905,62900,,,,,,
marker_sync,905,1641100,,,,,,
append,906,3920200,,,,,,
encode,906,4200,,,,,,
data_write,906,54900,,,,,,
data_sync,906,1824400,,,,,,
marker_write,906,60300,,,,,,
marker_sync,906,1972800,,,,,,
append,907,4111100,,,,,,
encode,907,5300,,,,,,
data_write,907,76700,,,,,,
data_sync,907,1957400,,,,,,
marker_write,907,62900,,,,,,
marker_sync,907,2005600,,,,,,
append,908,4011301,,,,,,
encode,908,5800,,,,,,
data_write,908,74800,,,,,,
data_sync,908,1912901,,,,,,
marker_write,908,53300,,,,,,
marker_sync,908,1961000,,,,,,
append,909,4543400,,,,,,
encode,909,5200,,,,,,
data_write,909,67200,,,,,,
data_sync,909,1906300,,,,,,
marker_write,909,55600,,,,,,
marker_sync,909,2505600,,,,,,
append,910,3906600,,,,,,
encode,910,6100,,,,,,
data_write,910,79400,,,,,,
data_sync,910,1852500,,,,,,
marker_write,910,51400,,,,,,
marker_sync,910,1914200,,,,,,
append,911,3807600,,,,,,
encode,911,5600,,,,,,
data_write,911,62000,,,,,,
data_sync,911,1778100,,,,,,
marker_write,911,61300,,,,,,
marker_sync,911,1896700,,,,,,
append,912,3710501,,,,,,
encode,912,6000,,,,,,
data_write,912,67300,,,,,,
data_sync,912,1843401,,,,,,
marker_write,912,78000,,,,,,
marker_sync,912,1712300,,,,,,
append,913,3918300,,,,,,
encode,913,5000,,,,,,
data_write,913,59900,,,,,,
data_sync,913,1878700,,,,,,
marker_write,913,70100,,,,,,
marker_sync,913,1901300,,,,,,
append,914,4163000,,,,,,
encode,914,5700,,,,,,
data_write,914,81300,,,,,,
data_sync,914,2279400,,,,,,
marker_write,914,26200,,,,,,
marker_sync,914,1766700,,,,,,
append,915,3393400,,,,,,
encode,915,5000,,,,,,
data_write,915,61700,,,,,,
data_sync,915,1643800,,,,,,
marker_write,915,57600,,,,,,
marker_sync,915,1623000,,,,,,
append,916,3148401,,,,,,
encode,916,5300,,,,,,
data_write,916,57700,,,,,,
data_sync,916,1513701,,,,,,
marker_write,916,45600,,,,,,
marker_sync,916,1522700,,,,,,
append,917,3447700,,,,,,
encode,917,6100,,,,,,
data_write,917,62600,,,,,,
data_sync,917,1617100,,,,,,
marker_write,917,52600,,,,,,
marker_sync,917,1706400,,,,,,
append,918,3760300,,,,,,
encode,918,5900,,,,,,
data_write,918,72900,,,,,,
data_sync,918,1709000,,,,,,
marker_write,918,66400,,,,,,
marker_sync,918,1902400,,,,,,
append,919,3792900,,,,,,
encode,919,4700,,,,,,
data_write,919,57100,,,,,,
data_sync,919,1917500,,,,,,
marker_write,919,49200,,,,,,
marker_sync,919,1761900,,,,,,
append,920,3108901,,,,,,
encode,920,5000,,,,,,
data_write,920,62900,,,,,,
data_sync,920,1506300,,,,,,
marker_write,920,58800,,,,,,
marker_sync,920,1473001,,,,,,
append,921,3459400,,,,,,
encode,921,4400,,,,,,
data_write,921,52500,,,,,,
data_sync,921,1634100,,,,,,
marker_write,921,55700,,,,,,
marker_sync,921,1709800,,,,,,
append,922,3636900,,,,,,
encode,922,6200,,,,,,
data_write,922,69300,,,,,,
data_sync,922,1751600,,,,,,
marker_write,922,48000,,,,,,
marker_sync,922,1757900,,,,,,
append,923,3868200,,,,,,
encode,923,6000,,,,,,
data_write,923,74300,,,,,,
data_sync,923,1809900,,,,,,
marker_write,923,68000,,,,,,
marker_sync,923,1907000,,,,,,
append,924,3488400,,,,,,
encode,924,5600,,,,,,
data_write,924,73500,,,,,,
data_sync,924,1760000,,,,,,
marker_write,924,56900,,,,,,
marker_sync,924,1589100,,,,,,
append,925,3319601,,,,,,
encode,925,5600,,,,,,
data_write,925,70100,,,,,,
data_sync,925,1629301,,,,,,
marker_write,925,58200,,,,,,
marker_sync,925,1553800,,,,,,
append,926,3533000,,,,,,
encode,926,5200,,,,,,
data_write,926,57600,,,,,,
data_sync,926,1523500,,,,,,
marker_write,926,47000,,,,,,
marker_sync,926,1896500,,,,,,
append,927,3788000,,,,,,
encode,927,6600,,,,,,
data_write,927,78600,,,,,,
data_sync,927,1914900,,,,,,
marker_write,927,62800,,,,,,
marker_sync,927,1722300,,,,,,
append,928,3562600,,,,,,
encode,928,6100,,,,,,
data_write,928,68000,,,,,,
data_sync,928,1803300,,,,,,
marker_write,928,61600,,,,,,
marker_sync,928,1619800,,,,,,
append,929,4257501,,,,,,
encode,929,5500,,,,,,
data_write,929,62300,,,,,,
data_sync,929,2149200,,,,,,
marker_write,929,52900,,,,,,
marker_sync,929,1983501,,,,,,
append,930,4189100,,,,,,
encode,930,7200,,,,,,
data_write,930,77400,,,,,,
data_sync,930,1982000,,,,,,
marker_write,930,74200,,,,,,
marker_sync,930,2044500,,,,,,
append,931,4033300,,,,,,
encode,931,6700,,,,,,
data_write,931,85600,,,,,,
data_sync,931,1928300,,,,,,
marker_write,931,49100,,,,,,
marker_sync,931,1959600,,,,,,
append,932,3964800,,,,,,
encode,932,5600,,,,,,
data_write,932,71300,,,,,,
data_sync,932,2017800,,,,,,
marker_write,932,53100,,,,,,
marker_sync,932,1813300,,,,,,
append,933,3622601,,,,,,
encode,933,5900,,,,,,
data_write,933,68600,,,,,,
data_sync,933,1720400,,,,,,
marker_write,933,63600,,,,,,
marker_sync,933,1760701,,,,,,
append,934,3517800,,,,,,
encode,934,6300,,,,,,
data_write,934,63800,,,,,,
data_sync,934,1634500,,,,,,
marker_write,934,51200,,,,,,
marker_sync,934,1757700,,,,,,
append,935,3765200,,,,,,
encode,935,5600,,,,,,
data_write,935,61400,,,,,,
data_sync,935,2034000,,,,,,
marker_write,935,41900,,,,,,
marker_sync,935,1619800,,,,,,
append,936,3537800,,,,,,
encode,936,5200,,,,,,
data_write,936,53000,,,,,,
data_sync,936,1702500,,,,,,
marker_write,936,57700,,,,,,
marker_sync,936,1716800,,,,,,
append,937,3738001,,,,,,
encode,937,6400,,,,,,
data_write,937,65700,,,,,,
data_sync,937,1715000,,,,,,
marker_write,937,47900,,,,,,
marker_sync,937,1899101,,,,,,
append,938,3854800,,,,,,
encode,938,5300,,,,,,
data_write,938,65000,,,,,,
data_sync,938,1929100,,,,,,
marker_write,938,56400,,,,,,
marker_sync,938,1795700,,,,,,
append,939,4396000,,,,,,
encode,939,6600,,,,,,
data_write,939,71100,,,,,,
data_sync,939,2508000,,,,,,
marker_write,939,52300,,,,,,
marker_sync,939,1754800,,,,,,
append,940,3457500,,,,,,
encode,940,6000,,,,,,
data_write,940,60700,,,,,,
data_sync,940,1561000,,,,,,
marker_write,940,58500,,,,,,
marker_sync,940,1767700,,,,,,
append,941,3830201,,,,,,
encode,941,5700,,,,,,
data_write,941,73100,,,,,,
data_sync,941,1809600,,,,,,
marker_write,941,71000,,,,,,
marker_sync,941,1867801,,,,,,
append,942,3715600,,,,,,
encode,942,5800,,,,,,
data_write,942,66500,,,,,,
data_sync,942,1820700,,,,,,
marker_write,942,62700,,,,,,
marker_sync,942,1757100,,,,,,
append,943,3970200,,,,,,
encode,943,6100,,,,,,
data_write,943,61200,,,,,,
data_sync,943,1742500,,,,,,
marker_write,943,62800,,,,,,
marker_sync,943,2093900,,,,,,
append,944,4366600,,,,,,
encode,944,6400,,,,,,
data_write,944,109500,,,,,,
data_sync,944,2263600,,,,,,
marker_write,944,35700,,,,,,
marker_sync,944,1948200,,,,,,
append,945,3906701,,,,,,
encode,945,6100,,,,,,
data_write,945,42700,,,,,,
data_sync,945,1940200,,,,,,
marker_write,945,60800,,,,,,
marker_sync,945,1852801,,,,,,
append,946,4093500,,,,,,
encode,946,5800,,,,,,
data_write,946,196400,,,,,,
data_sync,946,1866500,,,,,,
marker_write,946,65900,,,,,,
marker_sync,946,1955100,,,,,,
append,947,4088000,,,,,,
encode,947,6100,,,,,,
data_write,947,31600,,,,,,
data_sync,947,2027700,,,,,,
marker_write,947,25500,,,,,,
marker_sync,947,1993800,,,,,,
append,948,3943000,,,,,,
encode,948,7700,,,,,,
data_write,948,39300,,,,,,
data_sync,948,1907400,,,,,,
marker_write,948,36700,,,,,,
marker_sync,948,1948600,,,,,,
append,949,4193501,,,,,,
encode,949,6400,,,,,,
data_write,949,174100,,,,,,
data_sync,949,1957100,,,,,,
marker_write,949,72300,,,,,,
marker_sync,949,1980401,,,,,,
append,950,4338500,,,,,,
encode,950,6100,,,,,,
data_write,950,63700,,,,,,
data_sync,950,2129300,,,,,,
marker_write,950,56800,,,,,,
marker_sync,950,2079100,,,,,,
append,951,4805400,,,,,,
encode,951,6600,,,,,,
data_write,951,69800,,,,,,
data_sync,951,1973200,,,,,,
marker_write,951,36100,,,,,,
marker_sync,951,2716200,,,,,,
append,952,4439700,,,,,,
encode,952,6700,,,,,,
data_write,952,133400,,,,,,
data_sync,952,2260600,,,,,,
marker_write,952,54500,,,,,,
marker_sync,952,1980400,,,,,,
append,953,4103601,,,,,,
encode,953,5800,,,,,,
data_write,953,68300,,,,,,
data_sync,953,2014201,,,,,,
marker_write,953,41900,,,,,,
marker_sync,953,1970200,,,,,,
append,954,6582800,,,,,,
encode,954,5500,,,,,,
data_write,954,68700,,,,,,
data_sync,954,2386800,,,,,,
marker_write,954,57900,,,,,,
marker_sync,954,4060300,,,,,,
append,955,9435201,,,,,,
encode,955,7200,,,,,,
data_write,955,70200,,,,,,
data_sync,955,6038500,,,,,,
marker_write,955,37900,,,,,,
marker_sync,955,3277101,,,,,,
append,956,4562600,,,,,,
encode,956,6900,,,,,,
data_write,956,40600,,,,,,
data_sync,956,2026400,,,,,,
marker_write,956,64000,,,,,,
marker_sync,956,2420400,,,,,,
append,957,8128500,,,,,,
encode,957,6200,,,,,,
data_write,957,72700,,,,,,
data_sync,957,5872600,,,,,,
marker_write,957,37200,,,,,,
marker_sync,957,2136300,,,,,,
append,958,5514701,,,,,,
encode,958,6600,,,,,,
data_write,958,38600,,,,,,
data_sync,958,2011301,,,,,,
marker_write,958,44100,,,,,,
marker_sync,958,3409000,,,,,,
append,959,10494800,,,,,,
encode,959,5900,,,,,,
data_write,959,55000,,,,,,
data_sync,959,2591000,,,,,,
marker_write,959,184500,,,,,,
marker_sync,959,7655200,,,,,,
append,960,4088101,,,,,,
encode,960,6500,,,,,,
data_write,960,77600,,,,,,
data_sync,960,2217701,,,,,,
marker_write,960,63300,,,,,,
marker_sync,960,1719400,,,,,,
append,961,9806300,,,,,,
encode,961,5000,,,,,,
data_write,961,45500,,,,,,
data_sync,961,7844600,,,,,,
marker_write,961,101400,,,,,,
marker_sync,961,1806400,,,,,,
append,962,4779401,,,,,,
encode,962,6900,,,,,,
data_write,962,80200,,,,,,
data_sync,962,2046200,,,,,,
marker_write,962,41801,,,,,,
marker_sync,962,2600000,,,,,,
append,963,7963700,,,,,,
encode,963,6800,,,,,,
data_write,963,46500,,,,,,
data_sync,963,3521500,,,,,,
marker_write,963,390800,,,,,,
marker_sync,963,3994600,,,,,,
append,964,4777500,,,,,,
encode,964,5800,,,,,,
data_write,964,213000,,,,,,
data_sync,964,2225300,,,,,,
marker_write,964,124200,,,,,,
marker_sync,964,2205100,,,,,,
append,965,6716001,,,,,,
encode,965,6300,,,,,,
data_write,965,43500,,,,,,
data_sync,965,4487201,,,,,,
marker_write,965,74200,,,,,,
marker_sync,965,2101300,,,,,,
append,966,5862200,,,,,,
encode,966,6300,,,,,,
data_write,966,78200,,,,,,
data_sync,966,1988900,,,,,,
marker_write,966,36500,,,,,,
marker_sync,966,3748600,,,,,,
append,967,3534800,,,,,,
encode,967,6200,,,,,,
data_write,967,83600,,,,,,
data_sync,967,1735400,,,,,,
marker_write,967,64000,,,,,,
marker_sync,967,1641900,,,,,,
append,968,6427001,,,,,,
encode,968,5700,,,,,,
data_write,968,75500,,,,,,
data_sync,968,4351401,,,,,,
marker_write,968,72300,,,,,,
marker_sync,968,1918600,,,,,,
append,969,6016700,,,,,,
encode,969,6200,,,,,,
data_write,969,93200,,,,,,
data_sync,969,2038500,,,,,,
marker_write,969,35400,,,,,,
marker_sync,969,3840100,,,,,,
append,970,6101401,,,,,,
encode,970,6400,,,,,,
data_write,970,38100,,,,,,
data_sync,970,3961701,,,,,,
marker_write,970,49100,,,,,,
marker_sync,970,2042300,,,,,,
append,971,3970400,,,,,,
encode,971,5900,,,,,,
data_write,971,81300,,,,,,
data_sync,971,1885100,,,,,,
marker_write,971,69100,,,,,,
marker_sync,971,1925100,,,,,,
append,972,3938600,,,,,,
encode,972,5800,,,,,,
data_write,972,74700,,,,,,
data_sync,972,1909300,,,,,,
marker_write,972,67600,,,,,,
marker_sync,972,1877300,,,,,,
append,973,12028501,,,,,,
encode,973,7300,,,,,,
data_write,973,42000,,,,,,
data_sync,973,9918201,,,,,,
marker_write,973,67300,,,,,,
marker_sync,973,1989900,,,,,,
append,974,5944000,,,,,,
encode,974,6400,,,,,,
data_write,974,53400,,,,,,
data_sync,974,1708200,,,,,,
marker_write,974,44500,,,,,,
marker_sync,974,4127500,,,,,,
append,975,3657501,,,,,,
encode,975,6500,,,,,,
data_write,975,47800,,,,,,
data_sync,975,1889900,,,,,,
marker_write,975,40400,,,,,,
marker_sync,975,1668401,,,,,,
append,976,6619100,,,,,,
encode,976,6500,,,,,,
data_write,976,45600,,,,,,
data_sync,976,4282800,,,,,,
marker_write,976,43000,,,,,,
marker_sync,976,2237300,,,,,,
append,977,5730000,,,,,,
encode,977,7800,,,,,,
data_write,977,143500,,,,,,
data_sync,977,1977100,,,,,,
marker_write,977,37800,,,,,,
marker_sync,977,3560100,,,,,,
append,978,10917901,,,,,,
encode,978,6800,,,,,,
data_write,978,41900,,,,,,
data_sync,978,3957301,,,,,,
marker_write,978,34900,,,,,,
marker_sync,978,6872600,,,,,,
append,979,3910200,,,,,,
encode,979,6000,,,,,,
data_write,979,50300,,,,,,
data_sync,979,1782600,,,,,,
marker_write,979,39700,,,,,,
marker_sync,979,2028400,,,,,,
append,980,9390301,,,,,,
encode,980,6100,,,,,,
data_write,980,49600,,,,,,
data_sync,980,5096201,,,,,,
marker_write,980,42100,,,,,,
marker_sync,980,4192400,,,,,,
append,981,15784501,,,,,,
encode,981,6300,,,,,,
data_write,981,49000,,,,,,
data_sync,981,8264800,,,,,,
marker_write,981,39900,,,,,,
marker_sync,981,7419801,,,,,,
append,982,11283801,,,,,,
encode,982,7100,,,,,,
data_write,982,51100,,,,,,
data_sync,982,5531800,,,,,,
marker_write,982,40900,,,,,,
marker_sync,982,5648901,,,,,,
append,983,9073600,,,,,,
encode,983,6600,,,,,,
data_write,983,55600,,,,,,
data_sync,983,7000800,,,,,,
marker_write,983,88100,,,,,,
marker_sync,983,1918900,,,,,,
append,984,7196601,,,,,,
encode,984,6100,,,,,,
data_write,984,42900,,,,,,
data_sync,984,1660400,,,,,,
marker_write,984,27000,,,,,,
marker_sync,984,5456901,,,,,,
append,985,4127300,,,,,,
encode,985,5700,,,,,,
data_write,985,41300,,,,,,
data_sync,985,2093600,,,,,,
marker_write,985,36600,,,,,,
marker_sync,985,1946400,,,,,,
append,986,4965500,,,,,,
encode,986,6400,,,,,,
data_write,986,44400,,,,,,
data_sync,986,2947600,,,,,,
marker_write,986,42100,,,,,,
marker_sync,986,1920500,,,,,,
append,987,4187600,,,,,,
encode,987,5700,,,,,,
data_write,987,45200,,,,,,
data_sync,987,2197200,,,,,,
marker_write,987,36000,,,,,,
marker_sync,987,1900300,,,,,,
append,988,3830401,,,,,,
encode,988,6400,,,,,,
data_write,988,45900,,,,,,
data_sync,988,1901801,,,,,,
marker_write,988,37400,,,,,,
marker_sync,988,1835500,,,,,,
append,989,3836800,,,,,,
encode,989,6300,,,,,,
data_write,989,43700,,,,,,
data_sync,989,1867600,,,,,,
marker_write,989,39400,,,,,,
marker_sync,989,1876300,,,,,,
append,990,10982501,,,,,,
encode,990,5700,,,,,,
data_write,990,43300,,,,,,
data_sync,990,1974400,,,,,,
marker_write,990,35000,,,,,,
marker_sync,990,8920301,,,,,,
append,991,6014500,,,,,,
encode,991,7400,,,,,,
data_write,991,54300,,,,,,
data_sync,991,1938700,,,,,,
marker_write,991,35700,,,,,,
marker_sync,991,3975400,,,,,,
append,992,6493700,,,,,,
encode,992,6300,,,,,,
data_write,992,71800,,,,,,
data_sync,992,1894500,,,,,,
marker_write,992,66400,,,,,,
marker_sync,992,4451100,,,,,,
append,993,7994601,,,,,,
encode,993,6500,,,,,,
data_write,993,85000,,,,,,
data_sync,993,3922601,,,,,,
marker_write,993,65700,,,,,,
marker_sync,993,3910800,,,,,,
append,994,5545900,,,,,,
encode,994,6300,,,,,,
data_write,994,79300,,,,,,
data_sync,994,2056800,,,,,,
marker_write,994,63200,,,,,,
marker_sync,994,3336800,,,,,,
append,995,3791700,,,,,,
encode,995,6100,,,,,,
data_write,995,73300,,,,,,
data_sync,995,1897700,,,,,,
marker_write,995,64800,,,,,,
marker_sync,995,1746400,,,,,,
append,996,3866901,,,,,,
encode,996,5700,,,,,,
data_write,996,71100,,,,,,
data_sync,996,1822601,,,,,,
marker_write,996,60900,,,,,,
marker_sync,996,1902500,,,,,,
append,997,4941800,,,,,,
encode,997,6900,,,,,,
data_write,997,49300,,,,,,
data_sync,997,1912500,,,,,,
marker_write,997,54400,,,,,,
marker_sync,997,2915400,,,,,,
append,998,8158701,,,,,,
encode,998,7100,,,,,,
data_write,998,39200,,,,,,
data_sync,998,5744200,,,,,,
marker_write,998,37200,,,,,,
marker_sync,998,2326801,,,,,,
append,999,5988900,,,,,,
encode,999,6500,,,,,,
data_write,999,80400,,,,,,
data_sync,999,2201100,,,,,,
marker_write,999,37000,,,,,,
marker_sync,999,3659500,,,,,,
append,1000,4187600,,,,,,
encode,1000,6200,,,,,,
data_write,1000,72400,,,,,,
data_sync,1000,2019500,,,,,,
marker_write,1000,57000,,,,,,
marker_sync,1000,2029100,,,,,,
append,1001,3914100,,,,,,
encode,1001,6200,,,,,,
data_write,1001,99800,,,,,,
data_sync,1001,1771600,,,,,,
marker_write,1001,67500,,,,,,
marker_sync,1001,1965600,,,,,,
append,1002,4921301,,,,,,
encode,1002,6600,,,,,,
data_write,1002,39700,,,,,,
data_sync,1002,2613001,,,,,,
marker_write,1002,57800,,,,,,
marker_sync,1002,2200100,,,,,,
append,1003,5488800,,,,,,
encode,1003,6700,,,,,,
data_write,1003,71000,,,,,,
data_sync,1003,2414500,,,,,,
marker_write,1003,127900,,,,,,
marker_sync,1003,2863300,,,,,,
append,1004,5176200,,,,,,
encode,1004,7900,,,,,,
data_write,1004,172800,,,,,,
data_sync,1004,2811500,,,,,,
marker_write,1004,66300,,,,,,
marker_sync,1004,2114600,,,,,,
append,1005,4731001,,,,,,
encode,1005,6100,,,,,,
data_write,1005,72500,,,,,,
data_sync,1005,2388901,,,,,,
marker_write,1005,104800,,,,,,
marker_sync,1005,2155300,,,,,,
append,1006,11236500,,,,,,
encode,1006,5500,,,,,,
data_write,1006,89600,,,,,,
data_sync,1006,7634300,,,,,,
marker_write,1006,42700,,,,,,
marker_sync,1006,3460200,,,,,,
append,1007,8075701,,,,,,
encode,1007,8800,,,,,,
data_write,1007,36900,,,,,,
data_sync,1007,3617101,,,,,,
marker_write,1007,35300,,,,,,
marker_sync,1007,4373700,,,,,,
append,1008,7920800,,,,,,
encode,1008,6000,,,,,,
data_write,1008,50500,,,,,,
data_sync,1008,3872800,,,,,,
marker_write,1008,34600,,,,,,
marker_sync,1008,3953800,,,,,,
append,1009,11981401,,,,,,
encode,1009,6000,,,,,,
data_write,1009,58200,,,,,,
data_sync,1009,4242801,,,,,,
marker_write,1009,45700,,,,,,
marker_sync,1009,7625200,,,,,,
append,1010,6057501,,,,,,
encode,1010,6400,,,,,,
data_write,1010,52100,,,,,,
data_sync,1010,3948200,,,,,,
marker_write,1010,65200,,,,,,
marker_sync,1010,1982401,,,,,,
append,1011,5966600,,,,,,
encode,1011,6200,,,,,,
data_write,1011,41700,,,,,,
data_sync,1011,1770400,,,,,,
marker_write,1011,58600,,,,,,
marker_sync,1011,4086300,,,,,,
append,1012,7999400,,,,,,
encode,1012,6000,,,,,,
data_write,1012,45200,,,,,,
data_sync,1012,3986500,,,,,,
marker_write,1012,40800,,,,,,
marker_sync,1012,3916200,,,,,,
append,1013,8058401,,,,,,
encode,1013,6500,,,,,,
data_write,1013,52800,,,,,,
data_sync,1013,3940501,,,,,,
marker_write,1013,43400,,,,,,
marker_sync,1013,4010500,,,,,,
append,1014,7931400,,,,,,
encode,1014,6200,,,,,,
data_write,1014,69400,,,,,,
data_sync,1014,3887100,,,,,,
marker_write,1014,47700,,,,,,
marker_sync,1014,3916900,,,,,,
append,1015,11973501,,,,,,
encode,1015,6500,,,,,,
data_write,1015,53000,,,,,,
data_sync,1015,2144801,,,,,,
marker_write,1015,42900,,,,,,
marker_sync,1015,9722400,,,,,,
append,1016,3801800,,,,,,
encode,1016,6300,,,,,,
data_write,1016,50800,,,,,,
data_sync,1016,1998200,,,,,,
marker_write,1016,40200,,,,,,
marker_sync,1016,1702500,,,,,,
append,1017,8235201,,,,,,
encode,1017,6800,,,,,,
data_write,1017,45600,,,,,,
data_sync,1017,4171101,,,,,,
marker_write,1017,41400,,,,,,
marker_sync,1017,3966200,,,,,,
append,1018,7992001,,,,,,
encode,1018,8000,,,,,,
data_write,1018,68900,,,,,,
data_sync,1018,3907900,,,,,,
marker_write,1018,41400,,,,,,
marker_sync,1018,3961801,,,,,,
append,1019,6305800,,,,,,
encode,1019,6700,,,,,,
data_write,1019,48000,,,,,,
data_sync,1019,3941000,,,,,,
marker_write,1019,41600,,,,,,
marker_sync,1019,2264800,,,,,,
append,1020,7984500,,,,,,
encode,1020,6800,,,,,,
data_write,1020,43800,,,,,,
data_sync,1020,5741100,,,,,,
marker_write,1020,48700,,,,,,
marker_sync,1020,2140600,,,,,,
append,1021,6532601,,,,,,
encode,1021,6300,,,,,,
data_write,1021,53100,,,,,,
data_sync,1021,3865201,,,,,,
marker_write,1021,74500,,,,,,
marker_sync,1021,2529100,,,,,,
append,1022,5214000,,,,,,
encode,1022,6900,,,,,,
data_write,1022,92000,,,,,,
data_sync,1022,2883000,,,,,,
marker_write,1022,160200,,,,,,
marker_sync,1022,2067800,,,,,,
append,1023,9980901,,,,,,
encode,1023,6100,,,,,,
data_write,1023,120100,,,,,,
data_sync,1023,1966600,,,,,,
marker_write,1023,44400,,,,,,
marker_sync,1023,7840001,,,,,,
append,1024,4010700,,,,,,
encode,1024,6800,,,,,,
data_write,1024,51400,,,,,,
data_sync,1024,2118700,,,,,,
marker_write,1024,36500,,,,,,
marker_sync,1024,1793800,,,,,,
append,1025,11928701,,,,,,
encode,1025,5500,,,,,,
data_write,1025,57900,,,,,,
data_sync,1025,5616400,,,,,,
marker_write,1025,36500,,,,,,
marker_sync,1025,6209001,,,,,,
append,1026,15961801,,,,,,
encode,1026,6000,,,,,,
data_write,1026,52000,,,,,,
data_sync,1026,3926400,,,,,,
marker_write,1026,36200,,,,,,
marker_sync,1026,11937501,,,,,,
append,1027,12031401,,,,,,
encode,1027,6200,,,,,,
data_write,1027,55300,,,,,,
data_sync,1027,7967500,,,,,,
marker_write,1027,40600,,,,,,
marker_sync,1027,3957501,,,,,,
append,1028,8009100,,,,,,
encode,1028,7000,,,,,,
data_write,1028,51500,,,,,,
data_sync,1028,3932800,,,,,,
marker_write,1028,41100,,,,,,
marker_sync,1028,3972200,,,,,,
append,1029,7985101,,,,,,
encode,1029,6700,,,,,,
data_write,1029,48300,,,,,,
data_sync,1029,3925700,,,,,,
marker_write,1029,42300,,,,,,
marker_sync,1029,3958501,,,,,,
append,1030,7485900,,,,,,
encode,1030,7000,,,,,,
data_write,1030,53300,,,,,,
data_sync,1030,3988400,,,,,,
marker_write,1030,52000,,,,,,
marker_sync,1030,3380700,,,,,,
append,1031,8509001,,,,,,
encode,1031,7300,,,,,,
data_write,1031,56700,,,,,,
data_sync,1031,4443000,,,,,,
marker_write,1031,45000,,,,,,
marker_sync,1031,3953101,,,,,,
append,1032,7997600,,,,,,
encode,1032,6600,,,,,,
data_write,1032,51800,,,,,,
data_sync,1032,3937100,,,,,,
marker_write,1032,82500,,,,,,
marker_sync,1032,3916000,,,,,,
append,1033,7996301,,,,,,
encode,1033,5900,,,,,,
data_write,1033,51400,,,,,,
data_sync,1033,3933400,,,,,,
marker_write,1033,45300,,,,,,
marker_sync,1033,3956601,,,,,,
append,1034,8001700,,,,,,
encode,1034,6200,,,,,,
data_write,1034,41600,,,,,,
data_sync,1034,3947700,,,,,,
marker_write,1034,43600,,,,,,
marker_sync,1034,3958900,,,,,,
append,1035,8001601,,,,,,
encode,1035,6300,,,,,,
data_write,1035,51200,,,,,,
data_sync,1035,3931500,,,,,,
marker_write,1035,55700,,,,,,
marker_sync,1035,3952701,,,,,,
append,1036,8039200,,,,,,
encode,1036,5900,,,,,,
data_write,1036,47900,,,,,,
data_sync,1036,3935300,,,,,,
marker_write,1036,79500,,,,,,
marker_sync,1036,3966400,,,,,,
append,1037,7952901,,,,,,
encode,1037,92900,,,,,,
data_write,1037,267200,,,,,,
data_sync,1037,3592900,,,,,,
marker_write,1037,76300,,,,,,
marker_sync,1037,3919101,,,,,,
append,1038,16067101,,,,,,
encode,1038,6800,,,,,,
data_write,1038,56700,,,,,,
data_sync,1038,11906200,,,,,,
marker_write,1038,53300,,,,,,
marker_sync,1038,4039801,,,,,,
append,1039,7923100,,,,,,
encode,1039,5500,,,,,,
data_write,1039,50700,,,,,,
data_sync,1039,2106500,,,,,,
marker_write,1039,65900,,,,,,
marker_sync,1039,5690900,,,,,,
append,1040,12020701,,,,,,
encode,1040,8800,,,,,,
data_write,1040,68300,,,,,,
data_sync,1040,3948900,,,,,,
marker_write,1040,49200,,,,,,
marker_sync,1040,7941801,,,,,,
append,1041,12117701,,,,,,
encode,1041,7700,,,,,,
data_write,1041,84400,,,,,,
data_sync,1041,5742700,,,,,,
marker_write,1041,42900,,,,,,
marker_sync,1041,6236801,,,,,,
append,1042,3647600,,,,,,
encode,1042,9000,,,,,,
data_write,1042,54000,,,,,,
data_sync,1042,1866300,,,,,,
marker_write,1042,32300,,,,,,
marker_sync,1042,1683000,,,,,,
append,1043,12221501,,,,,,
encode,1043,6400,,,,,,
data_write,1043,200600,,,,,,
data_sync,1043,8016500,,,,,,
marker_write,1043,70500,,,,,,
marker_sync,1043,3923201,,,,,,
append,1044,7984400,,,,,,
encode,1044,8600,,,,,,
data_write,1044,103400,,,,,,
data_sync,1044,3879900,,,,,,
marker_write,1044,63200,,,,,,
marker_sync,1044,3925700,,,,,,
append,1045,8008301,,,,,,
encode,1045,5800,,,,,,
data_write,1045,55100,,,,,,
data_sync,1045,3939900,,,,,,
marker_write,1045,45000,,,,,,
marker_sync,1045,3959101,,,,,,
append,1046,8003000,,,,,,
encode,1046,6300,,,,,,
data_write,1046,71300,,,,,,
data_sync,1046,3919600,,,,,,
marker_write,1046,46300,,,,,,
marker_sync,1046,3951500,,,,,,
append,1047,8007701,,,,,,
encode,1047,7900,,,,,,
data_write,1047,111400,,,,,,
data_sync,1047,3135200,,,,,,
marker_write,1047,30600,,,,,,
marker_sync,1047,4718901,,,,,,
append,1048,5692400,,,,,,
encode,1048,6100,,,,,,
data_write,1048,54200,,,,,,
data_sync,1048,3646800,,,,,,
marker_write,1048,45200,,,,,,
marker_sync,1048,1936100,,,,,,
append,1049,3838100,,,,,,
encode,1049,6800,,,,,,
data_write,1049,33200,,,,,,
data_sync,1049,1878700,,,,,,
marker_write,1049,27300,,,,,,
marker_sync,1049,1888600,,,,,,
append,1050,3940301,,,,,,
encode,1050,6200,,,,,,
data_write,1050,35700,,,,,,
data_sync,1050,1902100,,,,,,
marker_write,1050,30700,,,,,,
marker_sync,1050,1962001,,,,,,
append,1051,4271300,,,,,,
encode,1051,6600,,,,,,
data_write,1051,42100,,,,,,
data_sync,1051,1988700,,,,,,
marker_write,1051,41600,,,,,,
marker_sync,1051,2188400,,,,,,
append,1052,5321700,,,,,,
encode,1052,6600,,,,,,
data_write,1052,55300,,,,,,
data_sync,1052,3177000,,,,,,
marker_write,1052,38700,,,,,,
marker_sync,1052,2040600,,,,,,
append,1053,9195001,,,,,,
encode,1053,5900,,,,,,
data_write,1053,45600,,,,,,
data_sync,1053,5220500,,,,,,
marker_write,1053,41100,,,,,,
marker_sync,1053,3878101,,,,,,
append,1054,5507600,,,,,,
encode,1054,8000,,,,,,
data_write,1054,64700,,,,,,
data_sync,1054,2872300,,,,,,
marker_write,1054,77000,,,,,,
marker_sync,1054,2480400,,,,,,
append,1055,18340201,,,,,,
encode,1055,6700,,,,,,
data_write,1055,31900,,,,,,
data_sync,1055,2652400,,,,,,
marker_write,1055,36800,,,,,,
marker_sync,1055,15608101,,,,,,
append,1056,7860501,,,,,,
encode,1056,5800,,,,,,
data_write,1056,56300,,,,,,
data_sync,1056,3897400,,,,,,
marker_write,1056,46700,,,,,,
marker_sync,1056,3850601,,,,,,
append,1057,12000100,,,,,,
encode,1057,6100,,,,,,
data_write,1057,51800,,,,,,
data_sync,1057,3942700,,,,,,
marker_write,1057,44600,,,,,,
marker_sync,1057,7951400,,,,,,
append,1058,5359101,,,,,,
encode,1058,5900,,,,,,
data_write,1058,46500,,,,,,
data_sync,1058,3526601,,,,,,
marker_write,1058,62700,,,,,,
marker_sync,1058,1714100,,,,,,
append,1059,10657100,,,,,,
encode,1059,6700,,,,,,
data_write,1059,45300,,,,,,
data_sync,1059,1985600,,,,,,
marker_write,1059,44600,,,,,,
marker_sync,1059,8570500,,,,,,
append,1060,5304601,,,,,,
encode,1060,7700,,,,,,
data_write,1060,51801,,,,,,
data_sync,1060,3299700,,,,,,
marker_write,1060,48200,,,,,,
marker_sync,1060,1892700,,,,,,
append,1061,9590900,,,,,,
encode,1061,8700,,,,,,
data_write,1061,53100,,,,,,
data_sync,1061,1778000,,,,,,
marker_write,1061,24200,,,,,,
marker_sync,1061,7723400,,,,,,
append,1062,9071601,,,,,,
encode,1062,8300,,,,,,
data_write,1062,111900,,,,,,
data_sync,1062,4949001,,,,,,
marker_write,1062,37100,,,,,,
marker_sync,1062,3961900,,,,,,
append,1063,11984901,,,,,,
encode,1063,6100,,,,,,
data_write,1063,36000,,,,,,
data_sync,1063,3356100,,,,,,
marker_write,1063,36200,,,,,,
marker_sync,1063,8546501,,,,,,
append,1064,9082300,,,,,,
encode,1064,6900,,,,,,
data_write,1064,40100,,,,,,
data_sync,1064,7099000,,,,,,
marker_write,1064,29900,,,,,,
marker_sync,1064,1902900,,,,,,
append,1065,4485301,,,,,,
encode,1065,6600,,,,,,
data_write,1065,38100,,,,,,
data_sync,1065,1714000,,,,,,
marker_write,1065,33700,,,,,,
marker_sync,1065,2689701,,,,,,
append,1066,6965700,,,,,,
encode,1066,6900,,,,,,
data_write,1066,45800,,,,,,
data_sync,1066,2489800,,,,,,
marker_write,1066,39500,,,,,,
marker_sync,1066,4380600,,,,,,
append,1067,9376801,,,,,,
encode,1067,6900,,,,,,
data_write,1067,67800,,,,,,
data_sync,1067,7306401,,,,,,
marker_write,1067,38400,,,,,,
marker_sync,1067,1953800,,,,,,
append,1068,4043200,,,,,,
encode,1068,6700,,,,,,
data_write,1068,52500,,,,,,
data_sync,1068,1757200,,,,,,
marker_write,1068,30800,,,,,,
marker_sync,1068,2192700,,,,,,
append,1069,3939200,,,,,,
encode,1069,6600,,,,,,
data_write,1069,50300,,,,,,
data_sync,1069,2026500,,,,,,
marker_write,1069,46700,,,,,,
marker_sync,1069,1806100,,,,,,
append,1070,3992800,,,,,,
encode,1070,6500,,,,,,
data_write,1070,104000,,,,,,
data_sync,1070,1920800,,,,,,
marker_write,1070,62700,,,,,,
marker_sync,1070,1895300,,,,,,
append,1071,3730701,,,,,,
encode,1071,5800,,,,,,
data_write,1071,36100,,,,,,
data_sync,1071,1724501,,,,,,
marker_write,1071,26300,,,,,,
marker_sync,1071,1934800,,,,,,
append,1072,3682900,,,,,,
encode,1072,7800,,,,,,
data_write,1072,36800,,,,,,
data_sync,1072,1799300,,,,,,
marker_write,1072,25300,,,,,,
marker_sync,1072,1810500,,,,,,
append,1073,4235800,,,,,,
encode,1073,7500,,,,,,
data_write,1073,58000,,,,,,
data_sync,1073,1937900,,,,,,
marker_write,1073,49600,,,,,,
marker_sync,1073,2177900,,,,,,
append,1074,4528600,,,,,,
encode,1074,6800,,,,,,
data_write,1074,39800,,,,,,
data_sync,1074,2358000,,,,,,
marker_write,1074,45500,,,,,,
marker_sync,1074,2075300,,,,,,
append,1075,4091801,,,,,,
encode,1075,6900,,,,,,
data_write,1075,44900,,,,,,
data_sync,1075,2054001,,,,,,
marker_write,1075,34300,,,,,,
marker_sync,1075,1948500,,,,,,
append,1076,6557500,,,,,,
encode,1076,6100,,,,,,
data_write,1076,44700,,,,,,
data_sync,1076,1989600,,,,,,
marker_write,1076,40500,,,,,,
marker_sync,1076,4473600,,,,,,
append,1077,3815000,,,,,,
encode,1077,5200,,,,,,
data_write,1077,31300,,,,,,
data_sync,1077,1856900,,,,,,
marker_write,1077,17700,,,,,,
marker_sync,1077,1900600,,,,,,
append,1078,3743501,,,,,,
encode,1078,6800,,,,,,
data_write,1078,35500,,,,,,
data_sync,1078,1828300,,,,,,
marker_write,1078,38600,,,,,,
marker_sync,1078,1830701,,,,,,
append,1079,8633500,,,,,,
encode,1079,7800,,,,,,
data_write,1079,86200,,,,,,
data_sync,1079,5501400,,,,,,
marker_write,1079,86500,,,,,,
marker_sync,1079,2945800,,,,,,
append,1080,4743700,,,,,,
encode,1080,7600,,,,,,
data_write,1080,76400,,,,,,
data_sync,1080,2646100,,,,,,
marker_write,1080,27400,,,,,,
marker_sync,1080,1983300,,,,,,
append,1081,3656901,,,,,,
encode,1081,5100,,,,,,
data_write,1081,72000,,,,,,
data_sync,1081,1667101,,,,,,
marker_write,1081,37100,,,,,,
marker_sync,1081,1871700,,,,,,
append,1082,4470100,,,,,,
encode,1082,6100,,,,,,
data_write,1082,84700,,,,,,
data_sync,1082,1649400,,,,,,
marker_write,1082,20300,,,,,,
marker_sync,1082,2705900,,,,,,
append,1083,4970600,,,,,,
encode,1083,5700,,,,,,
data_write,1083,34400,,,,,,
data_sync,1083,2948000,,,,,,
marker_write,1083,49000,,,,,,
marker_sync,1083,1929900,,,,,,
append,1084,4556601,,,,,,
encode,1084,6200,,,,,,
data_write,1084,65900,,,,,,
data_sync,1084,2249900,,,,,,
marker_write,1084,59600,,,,,,
marker_sync,1084,2171001,,,,,,
append,1085,10059500,,,,,,
encode,1085,10600,,,,,,
data_write,1085,79500,,,,,,
data_sync,1085,4616500,,,,,,
marker_write,1085,35600,,,,,,
marker_sync,1085,5312100,,,,,,
append,1086,3659200,,,,,,
encode,1086,5600,,,,,,
data_write,1086,31000,,,,,,
data_sync,1086,1795400,,,,,,
marker_write,1086,58100,,,,,,
marker_sync,1086,1766200,,,,,,
append,1087,4718401,,,,,,
encode,1087,6100,,,,,,
data_write,1087,76600,,,,,,
data_sync,1087,2431101,,,,,,
marker_write,1087,67300,,,,,,
marker_sync,1087,2133600,,,,,,
append,1088,4563100,,,,,,
encode,1088,6800,,,,,,
data_write,1088,104500,,,,,,
data_sync,1088,2033700,,,,,,
marker_write,1088,81900,,,,,,
marker_sync,1088,2332400,,,,,,
append,1089,6484700,,,,,,
encode,1089,6600,,,,,,
data_write,1089,109700,,,,,,
data_sync,1089,1954200,,,,,,
marker_write,1089,49400,,,,,,
marker_sync,1089,4359300,,,,,,
append,1090,4975801,,,,,,
encode,1090,7000,,,,,,
data_write,1090,72300,,,,,,
data_sync,1090,2747101,,,,,,
marker_write,1090,43900,,,,,,
marker_sync,1090,2100300,,,,,,
append,1091,4225600,,,,,,
encode,1091,5700,,,,,,
data_write,1091,36500,,,,,,
data_sync,1091,2050700,,,,,,
marker_write,1091,53100,,,,,,
marker_sync,1091,2075200,,,,,,
append,1092,4427200,,,,,,
encode,1092,5800,,,,,,
data_write,1092,68600,,,,,,
data_sync,1092,1802500,,,,,,
marker_write,1092,50200,,,,,,
marker_sync,1092,2497000,,,,,,
append,1093,7980101,,,,,,
encode,1093,5800,,,,,,
data_write,1093,68500,,,,,,
data_sync,1093,2215500,,,,,,
marker_write,1093,63500,,,,,,
marker_sync,1093,5622701,,,,,,
append,1094,6800500,,,,,,
encode,1094,6300,,,,,,
data_write,1094,36600,,,,,,
data_sync,1094,4517300,,,,,,
marker_write,1094,41800,,,,,,
marker_sync,1094,2192800,,,,,,
append,1095,4304800,,,,,,
encode,1095,6100,,,,,,
data_write,1095,93500,,,,,,
data_sync,1095,1955100,,,,,,
marker_write,1095,42000,,,,,,
marker_sync,1095,2204700,,,,,,
append,1096,5101701,,,,,,
encode,1096,8900,,,,,,
data_write,1096,47300,,,,,,
data_sync,1096,3019301,,,,,,
marker_write,1096,30400,,,,,,
marker_sync,1096,1992500,,,,,,
append,1097,3547000,,,,,,
encode,1097,7100,,,,,,
data_write,1097,30900,,,,,,
data_sync,1097,1750700,,,,,,
marker_write,1097,30300,,,,,,
marker_sync,1097,1724900,,,,,,
append,1098,3720100,,,,,,
encode,1098,6500,,,,,,
data_write,1098,36200,,,,,,
data_sync,1098,1690100,,,,,,
marker_write,1098,33000,,,,,,
marker_sync,1098,1948500,,,,,,
append,1099,3724701,,,,,,
encode,1099,9000,,,,,,
data_write,1099,31300,,,,,,
data_sync,1099,1739000,,,,,,
marker_write,1099,22900,,,,,,
marker_sync,1099,1918801,,,,,,
append,1100,4117800,,,,,,
encode,1100,6300,,,,,,
data_write,1100,39300,,,,,,
data_sync,1100,1882600,,,,,,
marker_write,1100,35900,,,,,,
marker_sync,1100,2150400,,,,,,
append,1101,7841100,,,,,,
encode,1101,6200,,,,,,
data_write,1101,43600,,,,,,
data_sync,1101,5259400,,,,,,
marker_write,1101,37600,,,,,,
marker_sync,1101,2490300,,,,,,
append,1102,6393201,,,,,,
encode,1102,6300,,,,,,
data_write,1102,42000,,,,,,
data_sync,1102,1528800,,,,,,
marker_write,1102,34300,,,,,,
marker_sync,1102,4778701,,,,,,
append,1103,4031900,,,,,,
encode,1103,7900,,,,,,
data_write,1103,81800,,,,,,
data_sync,1103,2257800,,,,,,
marker_write,1103,36500,,,,,,
marker_sync,1103,1644600,,,,,,
append,1104,7939300,,,,,,
encode,1104,6400,,,,,,
data_write,1104,39800,,,,,,
data_sync,1104,3910400,,,,,,
marker_write,1104,46700,,,,,,
marker_sync,1104,3932400,,,,,,
append,1105,6156601,,,,,,
encode,1105,6800,,,,,,
data_write,1105,61600,,,,,,
data_sync,1105,3959401,,,,,,
marker_write,1105,46600,,,,,,
marker_sync,1105,2079100,,,,,,
append,1106,4092600,,,,,,
encode,1106,5900,,,,,,
data_write,1106,71500,,,,,,
data_sync,1106,1943300,,,,,,
marker_write,1106,29300,,,,,,
marker_sync,1106,2039400,,,,,,
append,1107,3530400,,,,,,
encode,1107,6300,,,,,,
data_write,1107,33900,,,,,,
data_sync,1107,1864100,,,,,,
marker_write,1107,38600,,,,,,
marker_sync,1107,1584200,,,,,,
append,1108,3102900,,,,,,
encode,1108,4800,,,,,,
data_write,1108,29600,,,,,,
data_sync,1108,1453800,,,,,,
marker_write,1108,16900,,,,,,
marker_sync,1108,1594400,,,,,,
append,1109,3775101,,,,,,
encode,1109,6000,,,,,,
data_write,1109,34200,,,,,,
data_sync,1109,1845001,,,,,,
marker_write,1109,29300,,,,,,
marker_sync,1109,1857500,,,,,,
append,1110,3929400,,,,,,
encode,1110,5700,,,,,,
data_write,1110,41400,,,,,,
data_sync,1110,1954600,,,,,,
marker_write,1110,36100,,,,,,
marker_sync,1110,1888400,,,,,,
append,1111,7404000,,,,,,
encode,1111,5900,,,,,,
data_write,1111,45100,,,,,,
data_sync,1111,1915900,,,,,,
marker_write,1111,37600,,,,,,
marker_sync,1111,5395800,,,,,,
append,1112,5201101,,,,,,
encode,1112,5900,,,,,,
data_write,1112,39700,,,,,,
data_sync,1112,2035701,,,,,,
marker_write,1112,1116900,,,,,,
marker_sync,1112,1997900,,,,,,
append,1113,4050200,,,,,,
encode,1113,6300,,,,,,
data_write,1113,51700,,,,,,
data_sync,1113,1926900,,,,,,
marker_write,1113,48000,,,,,,
marker_sync,1113,2012900,,,,,,
append,1114,4034700,,,,,,
encode,1114,10100,,,,,,
data_write,1114,47100,,,,,,
data_sync,1114,1952400,,,,,,
marker_write,1114,41000,,,,,,
marker_sync,1114,1980300,,,,,,
append,1115,12851101,,,,,,
encode,1115,6700,,,,,,
data_write,1115,65600,,,,,,
data_sync,1115,10616801,,,,,,
marker_write,1115,180700,,,,,,
marker_sync,1115,1977300,,,,,,
append,1116,11609601,,,,,,
encode,1116,6300,,,,,,
data_write,1116,50500,,,,,,
data_sync,1116,5796800,,,,,,
marker_write,1116,40000,,,,,,
marker_sync,1116,5710501,,,,,,
append,1117,6864400,,,,,,
encode,1117,6100,,,,,,
data_write,1117,42500,,,,,,
data_sync,1117,4727200,,,,,,
marker_write,1117,40500,,,,,,
marker_sync,1117,2045100,,,,,,
append,1118,11791401,,,,,,
encode,1118,6300,,,,,,
data_write,1118,42700,,,,,,
data_sync,1118,9547801,,,,,,
marker_write,1118,67200,,,,,,
marker_sync,1118,2123300,,,,,,
append,1119,5534600,,,,,,
encode,1119,6000,,,,,,
data_write,1119,41100,,,,,,
data_sync,1119,3432700,,,,,,
marker_write,1119,35300,,,,,,
marker_sync,1119,2015500,,,,,,
append,1120,4061601,,,,,,
encode,1120,6300,,,,,,
data_write,1120,42400,,,,,,
data_sync,1120,1804300,,,,,,
marker_write,1120,36500,,,,,,
marker_sync,1120,2168501,,,,,,
append,1121,8208600,,,,,,
encode,1121,7400,,,,,,
data_write,1121,43100,,,,,,
data_sync,1121,5936300,,,,,,
marker_write,1121,39600,,,,,,
marker_sync,1121,2178500,,,,,,
append,1122,5269600,,,,,,
encode,1122,7100,,,,,,
data_write,1122,47000,,,,,,
data_sync,1122,1942700,,,,,,
marker_write,1122,41300,,,,,,
marker_sync,1122,3227900,,,,,,
append,1123,10129301,,,,,,
encode,1123,6200,,,,,,
data_write,1123,42600,,,,,,
data_sync,1123,8029501,,,,,,
marker_write,1123,37900,,,,,,
marker_sync,1123,2009700,,,,,,
append,1124,6415501,,,,,,
encode,1124,6800,,,,,,
data_write,1124,227900,,,,,,
data_sync,1124,1919300,,,,,,
marker_write,1124,132800,,,,,,
marker_sync,1124,4125001,,,,,,
append,1125,8444100,,,,,,
encode,1125,11000,,,,,,
data_write,1125,39200,,,,,,
data_sync,1125,5491000,,,,,,
marker_write,1125,100100,,,,,,
marker_sync,1125,2797500,,,,,,
append,1126,6272200,,,,,,
encode,1126,7300,,,,,,
data_write,1126,52800,,,,,,
data_sync,1126,3496100,,,,,,
marker_write,1126,34300,,,,,,
marker_sync,1126,2678600,,,,,,
append,1127,9140001,,,,,,
encode,1127,6900,,,,,,
data_write,1127,40700,,,,,,
data_sync,1127,3063501,,,,,,
marker_write,1127,36600,,,,,,
marker_sync,1127,5989100,,,,,,
append,1128,9213501,,,,,,
encode,1128,39100,,,,,,
data_write,1128,42100,,,,,,
data_sync,1128,4460300,,,,,,
marker_write,1128,43200,,,,,,
marker_sync,1128,4625101,,,,,,
append,1129,8313700,,,,,,
encode,1129,6300,,,,,,
data_write,1129,60200,,,,,,
data_sync,1129,2769900,,,,,,
marker_write,1129,41000,,,,,,
marker_sync,1129,5432200,,,,,,
append,1130,6075701,,,,,,
encode,1130,6100,,,,,,
data_write,1130,46100,,,,,,
data_sync,1130,4318800,,,,,,
marker_write,1130,41300,,,,,,
marker_sync,1130,1659201,,,,,,
append,1131,4974600,,,,,,
encode,1131,6400,,,,,,
data_write,1131,25100,,,,,,
data_sync,1131,1909900,,,,,,
marker_write,1131,44600,,,,,,
marker_sync,1131,2985300,,,,,,
append,1132,5042800,,,,,,
encode,1132,6700,,,,,,
data_write,1132,134600,,,,,,
data_sync,1132,2486700,,,,,,
marker_write,1132,45800,,,,,,
marker_sync,1132,2365100,,,,,,
append,1133,4534100,,,,,,
encode,1133,6400,,,,,,
data_write,1133,55900,,,,,,
data_sync,1133,2423800,,,,,,
marker_write,1133,45100,,,,,,
marker_sync,1133,1999100,,,,,,
append,1134,5167701,,,,,,
encode,1134,6500,,,,,,
data_write,1134,72900,,,,,,
data_sync,1134,1858901,,,,,,
marker_write,1134,39900,,,,,,
marker_sync,1134,3184300,,,,,,
append,1135,4241700,,,,,,
encode,1135,6900,,,,,,
data_write,1135,56900,,,,,,
data_sync,1135,2237400,,,,,,
marker_write,1135,63200,,,,,,
marker_sync,1135,1874100,,,,,,
append,1136,3768900,,,,,,
encode,1136,5100,,,,,,
data_write,1136,73400,,,,,,
data_sync,1136,1714000,,,,,,
marker_write,1136,49400,,,,,,
marker_sync,1136,1923700,,,,,,
append,1137,4272801,,,,,,
encode,1137,60400,,,,,,
data_write,1137,48200,,,,,,
data_sync,1137,2038000,,,,,,
marker_write,1137,55000,,,,,,
marker_sync,1137,2067001,,,,,,
append,1138,4086100,,,,,,
encode,1138,6800,,,,,,
data_write,1138,77100,,,,,,
data_sync,1138,1895400,,,,,,
marker_write,1138,67600,,,,,,
marker_sync,1138,2035100,,,,,,
append,1139,4346900,,,,,,
encode,1139,6600,,,,,,
data_write,1139,84900,,,,,,
data_sync,1139,2083300,,,,,,
marker_write,1139,65200,,,,,,
marker_sync,1139,2103800,,,,,,
append,1140,4155600,,,,,,
encode,1140,6600,,,,,,
data_write,1140,77900,,,,,,
data_sync,1140,1944400,,,,,,
marker_write,1140,53100,,,,,,
marker_sync,1140,2070400,,,,,,
append,1141,3945501,,,,,,
encode,1141,5700,,,,,,
data_write,1141,77300,,,,,,
data_sync,1141,1569200,,,,,,
marker_write,1141,51600,,,,,,
marker_sync,1141,2238501,,,,,,
append,1142,3830700,,,,,,
encode,1142,5900,,,,,,
data_write,1142,79700,,,,,,
data_sync,1142,1794100,,,,,,
marker_write,1142,56000,,,,,,
marker_sync,1142,1892400,,,,,,
append,1143,3943000,,,,,,
encode,1143,6000,,,,,,
data_write,1143,59900,,,,,,
data_sync,1143,1910100,,,,,,
marker_write,1143,65300,,,,,,
marker_sync,1143,1898500,,,,,,
append,1144,4037200,,,,,,
encode,1144,6100,,,,,,
data_write,1144,93600,,,,,,
data_sync,1144,1957300,,,,,,
marker_write,1144,63100,,,,,,
marker_sync,1144,1914100,,,,,,
append,1145,4075601,,,,,,
encode,1145,5500,,,,,,
data_write,1145,82300,,,,,,
data_sync,1145,1900500,,,,,,
marker_write,1145,65500,,,,,,
marker_sync,1145,2018101,,,,,,
append,1146,3861100,,,,,,
encode,1146,6700,,,,,,
data_write,1146,73400,,,,,,
data_sync,1146,1880200,,,,,,
marker_write,1146,62400,,,,,,
marker_sync,1146,1835500,,,,,,
append,1147,3709200,,,,,,
encode,1147,5900,,,,,,
data_write,1147,71500,,,,,,
data_sync,1147,1848600,,,,,,
marker_write,1147,54200,,,,,,
marker_sync,1147,1725800,,,,,,
append,1148,3941600,,,,,,
encode,1148,5200,,,,,,
data_write,1148,65100,,,,,,
data_sync,1148,1954000,,,,,,
marker_write,1148,57600,,,,,,
marker_sync,1148,1856400,,,,,,
append,1149,3934001,,,,,,
encode,1149,5800,,,,,,
data_write,1149,69800,,,,,,
data_sync,1149,1989700,,,,,,
marker_write,1149,64300,,,,,,
marker_sync,1149,1800401,,,,,,
append,1150,4151300,,,,,,
encode,1150,6700,,,,,,
data_write,1150,73800,,,,,,
data_sync,1150,2044800,,,,,,
marker_write,1150,62100,,,,,,
marker_sync,1150,1960100,,,,,,
append,1151,3787800,,,,,,
encode,1151,5600,,,,,,
data_write,1151,74300,,,,,,
data_sync,1151,1880900,,,,,,
marker_write,1151,58100,,,,,,
marker_sync,1151,1765500,,,,,,
append,1152,3791500,,,,,,
encode,1152,6200,,,,,,
data_write,1152,71900,,,,,,
data_sync,1152,1893900,,,,,,
marker_write,1152,61600,,,,,,
marker_sync,1152,1755100,,,,,,
append,1153,3368101,,,,,,
encode,1153,5100,,,,,,
data_write,1153,70500,,,,,,
data_sync,1153,1634600,,,,,,
marker_write,1153,54600,,,,,,
marker_sync,1153,1599601,,,,,,
append,1154,3837800,,,,,,
encode,1154,5600,,,,,,
data_write,1154,66400,,,,,,
data_sync,1154,1788500,,,,,,
marker_write,1154,64400,,,,,,
marker_sync,1154,1910100,,,,,,
append,1155,3586100,,,,,,
encode,1155,5500,,,,,,
data_write,1155,70700,,,,,,
data_sync,1155,1758200,,,,,,
marker_write,1155,57300,,,,,,
marker_sync,1155,1690700,,,,,,
append,1156,3363200,,,,,,
encode,1156,5400,,,,,,
data_write,1156,71400,,,,,,
data_sync,1156,1645800,,,,,,
marker_write,1156,53300,,,,,,
marker_sync,1156,1584600,,,,,,
append,1157,3363200,,,,,,
encode,1157,5100,,,,,,
data_write,1157,61600,,,,,,
data_sync,1157,1562000,,,,,,
marker_write,1157,47200,,,,,,
marker_sync,1157,1684600,,,,,,
append,1158,3281101,,,,,,
encode,1158,5100,,,,,,
data_write,1158,65400,,,,,,
data_sync,1158,1535901,,,,,,
marker_write,1158,50900,,,,,,
marker_sync,1158,1620300,,,,,,
append,1159,3543300,,,,,,
encode,1159,6200,,,,,,
data_write,1159,72400,,,,,,
data_sync,1159,1790400,,,,,,
marker_write,1159,56300,,,,,,
marker_sync,1159,1615400,,,,,,
append,1160,3266200,,,,,,
encode,1160,5700,,,,,,
data_write,1160,54400,,,,,,
data_sync,1160,1515600,,,,,,
marker_write,1160,47900,,,,,,
marker_sync,1160,1639200,,,,,,
append,1161,3145800,,,,,,
encode,1161,6100,,,,,,
data_write,1161,69800,,,,,,
data_sync,1161,1522300,,,,,,
marker_write,1161,46100,,,,,,
marker_sync,1161,1498900,,,,,,
append,1162,3087500,,,,,,
encode,1162,4900,,,,,,
data_write,1162,54000,,,,,,
data_sync,1162,1481400,,,,,,
marker_write,1162,41000,,,,,,
marker_sync,1162,1504000,,,,,,
append,1163,3516601,,,,,,
encode,1163,4700,,,,,,
data_write,1163,62100,,,,,,
data_sync,1163,1622701,,,,,,
marker_write,1163,53900,,,,,,
marker_sync,1163,1770300,,,,,,
append,1164,3620000,,,,,,
encode,1164,5800,,,,,,
data_write,1164,64500,,,,,,
data_sync,1164,1706900,,,,,,
marker_write,1164,54600,,,,,,
marker_sync,1164,1785200,,,,,,
append,1165,4166300,,,,,,
encode,1165,9700,,,,,,
data_write,1165,70600,,,,,,
data_sync,1165,1705600,,,,,,
marker_write,1165,57000,,,,,,
marker_sync,1165,2319100,,,,,,
append,1166,3695100,,,,,,
encode,1166,5800,,,,,,
data_write,1166,44300,,,,,,
data_sync,1166,1816400,,,,,,
marker_write,1166,60300,,,,,,
marker_sync,1166,1765700,,,,,,
append,1167,3927201,,,,,,
encode,1167,5800,,,,,,
data_write,1167,73200,,,,,,
data_sync,1167,1867301,,,,,,
marker_write,1167,36400,,,,,,
marker_sync,1167,1941800,,,,,,
append,1168,4572000,,,,,,
encode,1168,6600,,,,,,
data_write,1168,41900,,,,,,
data_sync,1168,2361100,,,,,,
marker_write,1168,37100,,,,,,
marker_sync,1168,2122100,,,,,,
append,1169,4033200,,,,,,
encode,1169,5800,,,,,,
data_write,1169,74100,,,,,,
data_sync,1169,2006500,,,,,,
marker_write,1169,67100,,,,,,
marker_sync,1169,1876100,,,,,,
append,1170,4216300,,,,,,
encode,1170,6800,,,,,,
data_write,1170,75200,,,,,,
data_sync,1170,2029000,,,,,,
marker_write,1170,61100,,,,,,
marker_sync,1170,2040100,,,,,,
append,1171,4070701,,,,,,
encode,1171,8900,,,,,,
data_write,1171,76100,,,,,,
data_sync,1171,2149801,,,,,,
marker_write,1171,73400,,,,,,
marker_sync,1171,1759000,,,,,,
append,1172,3902500,,,,,,
encode,1172,5800,,,,,,
data_write,1172,73900,,,,,,
data_sync,1172,1726600,,,,,,
marker_write,1172,54700,,,,,,
marker_sync,1172,2038200,,,,,,
append,1173,4358000,,,,,,
encode,1173,6200,,,,,,
data_write,1173,41100,,,,,,
data_sync,1173,2000600,,,,,,
marker_write,1173,62100,,,,,,
marker_sync,1173,2244700,,,,,,
append,1174,6329301,,,,,,
encode,1174,6200,,,,,,
data_write,1174,77100,,,,,,
data_sync,1174,2284000,,,,,,
marker_write,1174,79900,,,,,,
marker_sync,1174,3878101,,,,,,
append,1175,9388300,,,,,,
encode,1175,6800,,,,,,
data_write,1175,79900,,,,,,
data_sync,1175,2406500,,,,,,
marker_write,1175,76100,,,,,,
marker_sync,1175,6815400,,,,,,
append,1176,4870801,,,,,,
encode,1176,7500,,,,,,
data_write,1176,76800,,,,,,
data_sync,1176,2710200,,,,,,
marker_write,1176,59000,,,,,,
marker_sync,1176,2014101,,,,,,
append,1177,8239500,,,,,,
encode,1177,6200,,,,,,
data_write,1177,76100,,,,,,
data_sync,1177,4967600,,,,,,
marker_write,1177,65900,,,,,,
marker_sync,1177,3120000,,,,,,
append,1178,4340000,,,,,,
encode,1178,6400,,,,,,
data_write,1178,89300,,,,,,
data_sync,1178,2144800,,,,,,
marker_write,1178,64700,,,,,,
marker_sync,1178,2031400,,,,,,
append,1179,4254201,,,,,,
encode,1179,6400,,,,,,
data_write,1179,73700,,,,,,
data_sync,1179,2031600,,,,,,
marker_write,1179,60300,,,,,,
marker_sync,1179,2078701,,,,,,
append,1180,4118800,,,,,,
encode,1180,6800,,,,,,
data_write,1180,77000,,,,,,
data_sync,1180,2070800,,,,,,
marker_write,1180,59800,,,,,,
marker_sync,1180,1900900,,,,,,
append,1181,4049300,,,,,,
encode,1181,5200,,,,,,
data_write,1181,65100,,,,,,
data_sync,1181,1990300,,,,,,
marker_write,1181,58600,,,,,,
marker_sync,1181,1926700,,,,,,
append,1182,5008600,,,,,,
encode,1182,6200,,,,,,
data_write,1182,70400,,,,,,
data_sync,1182,2644200,,,,,,
marker_write,1182,68000,,,,,,
marker_sync,1182,2216400,,,,,,
append,1183,4281601,,,,,,
encode,1183,6200,,,,,,
data_write,1183,66300,,,,,,
data_sync,1183,2049701,,,,,,
marker_write,1183,54500,,,,,,
marker_sync,1183,2101800,,,,,,
append,1184,5504200,,,,,,
encode,1184,6200,,,,,,
data_write,1184,66200,,,,,,
data_sync,1184,2000000,,,,,,
marker_write,1184,48700,,,,,,
marker_sync,1184,3379600,,,,,,
append,1185,4630300,,,,,,
encode,1185,5000,,,,,,
data_write,1185,71300,,,,,,
data_sync,1185,2154300,,,,,,
marker_write,1185,64900,,,,,,
marker_sync,1185,2331100,,,,,,
append,1186,5085501,,,,,,
encode,1186,6200,,,,,,
data_write,1186,87800,,,,,,
data_sync,1186,2748301,,,,,,
marker_write,1186,52500,,,,,,
marker_sync,1186,2186400,,,,,,
append,1187,6201400,,,,,,
encode,1187,5800,,,,,,
data_write,1187,62900,,,,,,
data_sync,1187,3362100,,,,,,
marker_write,1187,38700,,,,,,
marker_sync,1187,2728500,,,,,,
append,1188,8576901,,,,,,
encode,1188,6700,,,,,,
data_write,1188,72400,,,,,,
data_sync,1188,2975300,,,,,,
marker_write,1188,45400,,,,,,
marker_sync,1188,5473301,,,,,,
append,1189,5947300,,,,,,
encode,1189,6600,,,,,,
data_write,1189,45600,,,,,,
data_sync,1189,1912100,,,,,,
marker_write,1189,35400,,,,,,
marker_sync,1189,3944100,,,,,,
append,1190,6613300,,,,,,
encode,1190,6200,,,,,,
data_write,1190,49200,,,,,,
data_sync,1190,3953600,,,,,,
marker_write,1190,42700,,,,,,
marker_sync,1190,2558100,,,,,,
append,1191,5397301,,,,,,
encode,1191,6300,,,,,,
data_write,1191,61900,,,,,,
data_sync,1191,2663001,,,,,,
marker_write,1191,35900,,,,,,
marker_sync,1191,2625300,,,,,,
append,1192,13109801,,,,,,
encode,1192,6900,,,,,,
data_write,1192,46400,,,,,,
data_sync,1192,10644500,,,,,,
marker_write,1192,49100,,,,,,
marker_sync,1192,2358201,,,,,,
append,1193,11130700,,,,,,
encode,1193,6800,,,,,,
data_write,1193,95200,,,,,,
data_sync,1193,5972100,,,,,,
marker_write,1193,61700,,,,,,
marker_sync,1193,4990200,,,,,,
append,1194,4644701,,,,,,
encode,1194,7200,,,,,,
data_write,1194,50500,,,,,,
data_sync,1194,1954200,,,,,,
marker_write,1194,49400,,,,,,
marker_sync,1194,2579501,,,,,,
append,1195,4179200,,,,,,
encode,1195,7700,,,,,,
data_write,1195,55300,,,,,,
data_sync,1195,2056400,,,,,,
marker_write,1195,45100,,,,,,
marker_sync,1195,2011000,,,,,,
append,1196,12818801,,,,,,
encode,1196,6200,,,,,,
data_write,1196,46700,,,,,,
data_sync,1196,10781000,,,,,,
marker_write,1196,84301,,,,,,
marker_sync,1196,1897000,,,,,,
append,1197,3705000,,,,,,
encode,1197,6100,,,,,,
data_write,1197,45500,,,,,,
data_sync,1197,1678600,,,,,,
marker_write,1197,40200,,,,,,
marker_sync,1197,1931100,,,,,,
append,1198,3806300,,,,,,
encode,1198,6300,,,,,,
data_write,1198,46700,,,,,,
data_sync,1198,1828500,,,,,,
marker_write,1198,41500,,,,,,
marker_sync,1198,1879400,,,,,,
append,1199,4925400,,,,,,
encode,1199,6900,,,,,,
data_write,1199,52800,,,,,,
data_sync,1199,2587000,,,,,,
marker_write,1199,46300,,,,,,
marker_sync,1199,2224500,,,,,,
append,1200,12645501,,,,,,
encode,1200,7100,,,,,,
data_write,1200,83000,,,,,,
data_sync,1200,5406101,,,,,,
marker_write,1200,170700,,,,,,
marker_sync,1200,6974800,,,,,,
append,1201,8061501,,,,,,
encode,1201,6500,,,,,,
data_write,1201,47200,,,,,,
data_sync,1201,2114300,,,,,,
marker_write,1201,28400,,,,,,
marker_sync,1201,5861701,,,,,,
append,1202,3941000,,,,,,
encode,1202,6400,,,,,,
data_write,1202,33800,,,,,,
data_sync,1202,2077800,,,,,,
marker_write,1202,26900,,,,,,
marker_sync,1202,1793100,,,,,,
append,1203,4739200,,,,,,
encode,1203,6100,,,,,,
data_write,1203,37900,,,,,,
data_sync,1203,2187700,,,,,,
marker_write,1203,132400,,,,,,
marker_sync,1203,2371300,,,,,,
append,1204,3984101,,,,,,
encode,1204,6200,,,,,,
data_write,1204,40100,,,,,,
data_sync,1204,1935300,,,,,,
marker_write,1204,39700,,,,,,
marker_sync,1204,1959501,,,,,,
append,1205,4405100,,,,,,
encode,1205,6300,,,,,,
data_write,1205,75900,,,,,,
data_sync,1205,2142300,,,,,,
marker_write,1205,60400,,,,,,
marker_sync,1205,2116800,,,,,,
append,1206,4140900,,,,,,
encode,1206,6600,,,,,,
data_write,1206,40900,,,,,,
data_sync,1206,2211000,,,,,,
marker_write,1206,61100,,,,,,
marker_sync,1206,1817800,,,,,,
append,1207,3941400,,,,,,
encode,1207,6200,,,,,,
data_write,1207,41000,,,,,,
data_sync,1207,1985300,,,,,,
marker_write,1207,47500,,,,,,
marker_sync,1207,1858000,,,,,,
append,1208,5556201,,,,,,
encode,1208,6900,,,,,,
data_write,1208,67400,,,,,,
data_sync,1208,2359600,,,,,,
marker_write,1208,35900,,,,,,
marker_sync,1208,3082301,,,,,,
append,1209,4645800,,,,,,
encode,1209,4500,,,,,,
data_write,1209,68500,,,,,,
data_sync,1209,2248100,,,,,,
marker_write,1209,68200,,,,,,
marker_sync,1209,2252700,,,,,,
append,1210,5342300,,,,,,
encode,1210,6300,,,,,,
data_write,1210,84400,,,,,,
data_sync,1210,2322900,,,,,,
marker_write,1210,149200,,,,,,
marker_sync,1210,2775300,,,,,,
append,1211,4479101,,,,,,
encode,1211,37100,,,,,,
data_write,1211,80500,,,,,,
data_sync,1211,2334000,,,,,,
marker_write,1211,57200,,,,,,
marker_sync,1211,1966801,,,,,,
append,1212,4316800,,,,,,
encode,1212,7000,,,,,,
data_write,1212,75500,,,,,,
data_sync,1212,2190200,,,,,,
marker_write,1212,60200,,,,,,
marker_sync,1212,1980600,,,,,,
append,1213,4415300,,,,,,
encode,1213,6600,,,,,,
data_write,1213,71500,,,,,,
data_sync,1213,2164600,,,,,,
marker_write,1213,63000,,,,,,
marker_sync,1213,2106700,,,,,,
append,1214,3885700,,,,,,
encode,1214,5600,,,,,,
data_write,1214,75400,,,,,,
data_sync,1214,1842900,,,,,,
marker_write,1214,58500,,,,,,
marker_sync,1214,1900300,,,,,,
append,1215,4946001,,,,,,
encode,1215,6000,,,,,,
data_write,1215,73700,,,,,,
data_sync,1215,2338501,,,,,,
marker_write,1215,66400,,,,,,
marker_sync,1215,2457900,,,,,,
append,1216,3537600,,,,,,
encode,1216,4700,,,,,,
data_write,1216,72000,,,,,,
data_sync,1216,1682800,,,,,,
marker_write,1216,52600,,,,,,
marker_sync,1216,1721900,,,,,,
append,1217,3468200,,,,,,
encode,1217,4500,,,,,,
data_write,1217,75600,,,,,,
data_sync,1217,1686400,,,,,,
marker_write,1217,58300,,,,,,
marker_sync,1217,1640600,,,,,,
append,1218,4311600,,,,,,
encode,1218,4500,,,,,,
data_write,1218,69700,,,,,,
data_sync,1218,2050800,,,,,,
marker_write,1218,67300,,,,,,
marker_sync,1218,2115400,,,,,,
append,1219,4535201,,,,,,
encode,1219,6400,,,,,,
data_write,1219,72100,,,,,,
data_sync,1219,2186201,,,,,,
marker_write,1219,65000,,,,,,
marker_sync,1219,2201900,,,,,,
append,1220,3923400,,,,,,
encode,1220,6500,,,,,,
data_write,1220,77700,,,,,,
data_sync,1220,1987000,,,,,,
marker_write,1220,65500,,,,,,
marker_sync,1220,1783500,,,,,,
append,1221,3872100,,,,,,
encode,1221,8200,,,,,,
data_write,1221,71900,,,,,,
data_sync,1221,1799000,,,,,,
marker_write,1221,62100,,,,,,
marker_sync,1221,1928000,,,,,,
append,1222,3599400,,,,,,
encode,1222,5400,,,,,,
data_write,1222,68900,,,,,,
data_sync,1222,1708200,,,,,,
marker_write,1222,44200,,,,,,
marker_sync,1222,1769800,,,,,,
append,1223,4151401,,,,,,
encode,1223,6500,,,,,,
data_write,1223,79900,,,,,,
data_sync,1223,1990101,,,,,,
marker_write,1223,51600,,,,,,
marker_sync,1223,2020400,,,,,,
append,1224,3719800,,,,,,
encode,1224,6100,,,,,,
data_write,1224,64200,,,,,,
data_sync,1224,1806800,,,,,,
marker_write,1224,50000,,,,,,
marker_sync,1224,1789600,,,,,,
append,1225,3631000,,,,,,
encode,1225,5900,,,,,,
data_write,1225,74700,,,,,,
data_sync,1225,1727400,,,,,,
marker_write,1225,29400,,,,,,
marker_sync,1225,1790600,,,,,,
append,1226,3365500,,,,,,
encode,1226,5900,,,,,,
data_write,1226,66900,,,,,,
data_sync,1226,1646500,,,,,,
marker_write,1226,49800,,,,,,
marker_sync,1226,1592100,,,,,,
append,1227,3860901,,,,,,
encode,1227,6400,,,,,,
data_write,1227,104000,,,,,,
data_sync,1227,1800200,,,,,,
marker_write,1227,68400,,,,,,
marker_sync,1227,1878501,,,,,,
append,1228,3923600,,,,,,
encode,1228,6400,,,,,,
data_write,1228,78600,,,,,,
data_sync,1228,1932200,,,,,,
marker_write,1228,67100,,,,,,
marker_sync,1228,1836400,,,,,,
append,1229,6883600,,,,,,
encode,1229,5300,,,,,,
data_write,1229,61700,,,,,,
data_sync,1229,5058700,,,,,,
marker_write,1229,52000,,,,,,
marker_sync,1229,1703700,,,,,,
append,1230,3538401,,,,,,
encode,1230,4400,,,,,,
data_write,1230,53900,,,,,,
data_sync,1230,1733200,,,,,,
marker_write,1230,59800,,,,,,
marker_sync,1230,1684301,,,,,,
append,1231,3912400,,,,,,
encode,1231,5200,,,,,,
data_write,1231,64100,,,,,,
data_sync,1231,1834100,,,,,,
marker_write,1231,51600,,,,,,
marker_sync,1231,1954700,,,,,,
append,1232,4172700,,,,,,
encode,1232,4900,,,,,,
data_write,1232,69200,,,,,,
data_sync,1232,2141300,,,,,,
marker_write,1232,57800,,,,,,
marker_sync,1232,1896500,,,,,,
append,1233,4071000,,,,,,
encode,1233,5200,,,,,,
data_write,1233,67500,,,,,,
data_sync,1233,2045000,,,,,,
marker_write,1233,42400,,,,,,
marker_sync,1233,1908000,,,,,,
append,1234,3834401,,,,,,
encode,1234,6100,,,,,,
data_write,1234,77100,,,,,,
data_sync,1234,1953500,,,,,,
marker_write,1234,64700,,,,,,
marker_sync,1234,1730101,,,,,,
append,1235,3696300,,,,,,
encode,1235,6300,,,,,,
data_write,1235,75900,,,,,,
data_sync,1235,1850000,,,,,,
marker_write,1235,48100,,,,,,
marker_sync,1235,1713400,,,,,,
append,1236,3906400,,,,,,
encode,1236,5300,,,,,,
data_write,1236,60700,,,,,,
data_sync,1236,1789600,,,,,,
marker_write,1236,55500,,,,,,
marker_sync,1236,1991700,,,,,,
append,1237,3642600,,,,,,
encode,1237,4600,,,,,,
data_write,1237,63800,,,,,,
data_sync,1237,1738900,,,,,,
marker_write,1237,50100,,,,,,
marker_sync,1237,1782400,,,,,,
append,1238,3725900,,,,,,
encode,1238,7600,,,,,,
data_write,1238,58300,,,,,,
data_sync,1238,1623100,,,,,,
marker_write,1238,44100,,,,,,
marker_sync,1238,1989700,,,,,,
append,1239,4111201,,,,,,
encode,1239,5700,,,,,,
data_write,1239,68600,,,,,,
data_sync,1239,1949301,,,,,,
marker_write,1239,60600,,,,,,
marker_sync,1239,2023700,,,,,,
append,1240,3845200,,,,,,
encode,1240,6700,,,,,,
data_write,1240,65100,,,,,,
data_sync,1240,1861200,,,,,,
marker_write,1240,52000,,,,,,
marker_sync,1240,1857400,,,,,,
append,1241,3489200,,,,,,
encode,1241,4900,,,,,,
data_write,1241,59300,,,,,,
data_sync,1241,1743100,,,,,,
marker_write,1241,51000,,,,,,
marker_sync,1241,1628400,,,,,,
append,1242,3380600,,,,,,
encode,1242,5300,,,,,,
data_write,1242,56600,,,,,,
data_sync,1242,1577400,,,,,,
marker_write,1242,55800,,,,,,
marker_sync,1242,1682600,,,,,,
append,1243,4092201,,,,,,
encode,1243,6500,,,,,,
data_write,1243,68400,,,,,,
data_sync,1243,2028201,,,,,,
marker_write,1243,44800,,,,,,
marker_sync,1243,1941000,,,,,,
append,1244,4214100,,,,,,
encode,1244,6400,,,,,,
data_write,1244,65700,,,,,,
data_sync,1244,2092300,,,,,,
marker_write,1244,50700,,,,,,
marker_sync,1244,1996000,,,,,,
append,1245,4239400,,,,,,
encode,1245,6200,,,,,,
data_write,1245,76200,,,,,,
data_sync,1245,2273100,,,,,,
marker_write,1245,62600,,,,,,
marker_sync,1245,1818300,,,,,,
append,1246,3938000,,,,,,
encode,1246,6100,,,,,,
data_write,1246,71200,,,,,,
data_sync,1246,1934300,,,,,,
marker_write,1246,58700,,,,,,
marker_sync,1246,1861900,,,,,,
append,1247,4474401,,,,,,
encode,1247,6900,,,,,,
data_write,1247,69100,,,,,,
data_sync,1247,2172301,,,,,,
marker_write,1247,99400,,,,,,
marker_sync,1247,2122800,,,,,,
append,1248,3892400,,,,,,
encode,1248,6200,,,,,,
data_write,1248,70900,,,,,,
data_sync,1248,1864300,,,,,,
marker_write,1248,56000,,,,,,
marker_sync,1248,1891100,,,,,,
append,1249,4104000,,,,,,
encode,1249,5000,,,,,,
data_write,1249,69900,,,,,,
data_sync,1249,1946000,,,,,,
marker_write,1249,59400,,,,,,
marker_sync,1249,2020200,,,,,,
append,1250,4316900,,,,,,
encode,1250,6200,,,,,,
data_write,1250,70600,,,,,,
data_sync,1250,2129900,,,,,,
marker_write,1250,63200,,,,,,
marker_sync,1250,2043500,,,,,,
append,1251,4667001,,,,,,
encode,1251,6900,,,,,,
data_write,1251,66201,,,,,,
data_sync,1251,2250300,,,,,,
marker_write,1251,52000,,,,,,
marker_sync,1251,2288200,,,,,,
append,1252,3911700,,,,,,
encode,1252,6600,,,,,,
data_write,1252,67200,,,,,,
data_sync,1252,1996200,,,,,,
marker_write,1252,56800,,,,,,
marker_sync,1252,1781600,,,,,,
append,1253,4062200,,,,,,
encode,1253,5800,,,,,,
data_write,1253,63100,,,,,,
data_sync,1253,1888200,,,,,,
marker_write,1253,60500,,,,,,
marker_sync,1253,2041400,,,,,,
append,1254,4212201,,,,,,
encode,1254,6300,,,,,,
data_write,1254,71100,,,,,,
data_sync,1254,2204800,,,,,,
marker_write,1254,58000,,,,,,
marker_sync,1254,1869001,,,,,,
append,1255,3580300,,,,,,
encode,1255,5100,,,,,,
data_write,1255,55300,,,,,,
data_sync,1255,1661700,,,,,,
marker_write,1255,43500,,,,,,
marker_sync,1255,1811500,,,,,,
append,1256,3717400,,,,,,
encode,1256,6400,,,,,,
data_write,1256,76800,,,,,,
data_sync,1256,1903800,,,,,,
marker_write,1256,56300,,,,,,
marker_sync,1256,1670600,,,,,,
append,1257,3466100,,,,,,
encode,1257,6400,,,,,,
data_write,1257,79100,,,,,,
data_sync,1257,1589500,,,,,,
marker_write,1257,56100,,,,,,
marker_sync,1257,1731700,,,,,,
append,1258,4307301,,,,,,
encode,1258,6400,,,,,,
data_write,1258,68000,,,,,,
data_sync,1258,2054500,,,,,,
marker_write,1258,58000,,,,,,
marker_sync,1258,2117101,,,,,,
append,1259,4022800,,,,,,
encode,1259,5900,,,,,,
data_write,1259,71000,,,,,,
data_sync,1259,1921900,,,,,,
marker_write,1259,57900,,,,,,
marker_sync,1259,1963000,,,,,,
append,1260,3738800,,,,,,
encode,1260,5100,,,,,,
data_write,1260,52000,,,,,,
data_sync,1260,1766800,,,,,,
marker_write,1260,46900,,,,,,
marker_sync,1260,1864900,,,,,,
append,1261,8226601,,,,,,
encode,1261,5800,,,,,,
data_write,1261,69200,,,,,,
data_sync,1261,1849400,,,,,,
marker_write,1261,46900,,,,,,
marker_sync,1261,6252001,,,,,,
append,1262,4670000,,,,,,
encode,1262,8600,,,,,,
data_write,1262,76800,,,,,,
data_sync,1262,2448100,,,,,,
marker_write,1262,92600,,,,,,
marker_sync,1262,2038700,,,,,,
append,1263,4020100,,,,,,
encode,1263,8200,,,,,,
data_write,1263,81300,,,,,,
data_sync,1263,2048100,,,,,,
marker_write,1263,51700,,,,,,
marker_sync,1263,1827700,,,,,,
append,1264,3331900,,,,,,
encode,1264,4900,,,,,,
data_write,1264,60900,,,,,,
data_sync,1264,1610400,,,,,,
marker_write,1264,46700,,,,,,
marker_sync,1264,1606100,,,,,,
append,1265,3857201,,,,,,
encode,1265,6000,,,,,,
data_write,1265,59800,,,,,,
data_sync,1265,1913200,,,,,,
marker_write,1265,50600,,,,,,
marker_sync,1265,1823801,,,,,,
append,1266,3632700,,,,,,
encode,1266,6000,,,,,,
data_write,1266,64900,,,,,,
data_sync,1266,1686600,,,,,,
marker_write,1266,50400,,,,,,
marker_sync,1266,1821700,,,,,,
append,1267,3749300,,,,,,
encode,1267,6700,,,,,,
data_write,1267,111100,,,,,,
data_sync,1267,1924100,,,,,,
marker_write,1267,42500,,,,,,
marker_sync,1267,1662200,,,,,,
append,1268,3346400,,,,,,
encode,1268,5600,,,,,,
data_write,1268,57500,,,,,,
data_sync,1268,1600500,,,,,,
marker_write,1268,43900,,,,,,
marker_sync,1268,1635800,,,,,,
append,1269,3931200,,,,,,
encode,1269,7400,,,,,,
data_write,1269,53000,,,,,,
data_sync,1269,1664100,,,,,,
marker_write,1269,44900,,,,,,
marker_sync,1269,2159300,,,,,,
append,1270,3676701,,,,,,
encode,1270,6300,,,,,,
data_write,1270,67100,,,,,,
data_sync,1270,1871801,,,,,,
marker_write,1270,61000,,,,,,
marker_sync,1270,1667200,,,,,,
append,1271,3696800,,,,,,
encode,1271,5600,,,,,,
data_write,1271,58600,,,,,,
data_sync,1271,1753200,,,,,,
marker_write,1271,57600,,,,,,
marker_sync,1271,1819000,,,,,,
append,1272,3830800,,,,,,
encode,1272,6000,,,,,,
data_write,1272,66500,,,,,,
data_sync,1272,1853300,,,,,,
marker_write,1272,58500,,,,,,
marker_sync,1272,1842800,,,,,,
append,1273,3379900,,,,,,
encode,1273,6100,,,,,,
data_write,1273,69300,,,,,,
data_sync,1273,1651700,,,,,,
marker_write,1273,58900,,,,,,
marker_sync,1273,1590300,,,,,,
append,1274,3361901,,,,,,
encode,1274,5500,,,,,,
data_write,1274,82100,,,,,,
data_sync,1274,1712400,,,,,,
marker_write,1274,48400,,,,,,
marker_sync,1274,1510801,,,,,,
append,1275,3003100,,,,,,
encode,1275,4400,,,,,,
data_write,1275,66800,,,,,,
data_sync,1275,1476600,,,,,,
marker_write,1275,38900,,,,,,
marker_sync,1275,1414200,,,,,,
append,1276,2930400,,,,,,
encode,1276,4600,,,,,,
data_write,1276,52900,,,,,,
data_sync,1276,1423700,,,,,,
marker_write,1276,38600,,,,,,
marker_sync,1276,1407800,,,,,,
append,1277,3409000,,,,,,
encode,1277,4000,,,,,,
data_write,1277,50800,,,,,,
data_sync,1277,1749200,,,,,,
marker_write,1277,45700,,,,,,
marker_sync,1277,1556400,,,,,,
append,1278,3591900,,,,,,
encode,1278,6400,,,,,,
data_write,1278,74900,,,,,,
data_sync,1278,1643500,,,,,,
marker_write,1278,56700,,,,,,
marker_sync,1278,1807000,,,,,,
append,1279,3453801,,,,,,
encode,1279,6500,,,,,,
data_write,1279,36900,,,,,,
data_sync,1279,1741201,,,,,,
marker_write,1279,56400,,,,,,
marker_sync,1279,1610000,,,,,,
append,1280,3355100,,,,,,
encode,1280,7700,,,,,,
data_write,1280,56700,,,,,,
data_sync,1280,1575500,,,,,,
marker_write,1280,48900,,,,,,
marker_sync,1280,1664000,,,,,,
append,1281,3492700,,,,,,
encode,1281,3800,,,,,,
data_write,1281,54600,,,,,,
data_sync,1281,1591600,,,,,,
marker_write,1281,47900,,,,,,
marker_sync,1281,1791300,,,,,,
append,1282,3353800,,,,,,
encode,1282,5200,,,,,,
data_write,1282,54100,,,,,,
data_sync,1282,1663700,,,,,,
marker_write,1282,57600,,,,,,
marker_sync,1282,1570300,,,,,,
append,1283,3343700,,,,,,
encode,1283,9900,,,,,,
data_write,1283,76900,,,,,,
data_sync,1283,1575700,,,,,,
marker_write,1283,52800,,,,,,
marker_sync,1283,1625300,,,,,,
append,1284,3604101,,,,,,
encode,1284,5600,,,,,,
data_write,1284,60200,,,,,,
data_sync,1284,1782401,,,,,,
marker_write,1284,54400,,,,,,
marker_sync,1284,1698300,,,,,,
append,1285,3859700,,,,,,
encode,1285,5700,,,,,,
data_write,1285,85100,,,,,,
data_sync,1285,1962200,,,,,,
marker_write,1285,59600,,,,,,
marker_sync,1285,1744100,,,,,,
append,1286,3317700,,,,,,
encode,1286,6000,,,,,,
data_write,1286,54800,,,,,,
data_sync,1286,1641400,,,,,,
marker_write,1286,54600,,,,,,
marker_sync,1286,1557800,,,,,,
append,1287,3267900,,,,,,
encode,1287,6100,,,,,,
data_write,1287,69100,,,,,,
data_sync,1287,1597600,,,,,,
marker_write,1287,48700,,,,,,
marker_sync,1287,1542600,,,,,,
append,1288,4054601,,,,,,
encode,1288,5500,,,,,,
data_write,1288,61500,,,,,,
data_sync,1288,1907700,,,,,,
marker_write,1288,60701,,,,,,
marker_sync,1288,2015800,,,,,,
append,1289,3383200,,,,,,
encode,1289,5600,,,,,,
data_write,1289,58400,,,,,,
data_sync,1289,1588200,,,,,,
marker_write,1289,44900,,,,,,
marker_sync,1289,1683400,,,,,,
append,1290,3414900,,,,,,
encode,1290,5800,,,,,,
data_write,1290,58300,,,,,,
data_sync,1290,1663200,,,,,,
marker_write,1290,45400,,,,,,
marker_sync,1290,1638900,,,,,,
append,1291,3421300,,,,,,
encode,1291,5900,,,,,,
data_write,1291,64300,,,,,,
data_sync,1291,1677700,,,,,,
marker_write,1291,50800,,,,,,
marker_sync,1291,1619600,,,,,,
append,1292,3453500,,,,,,
encode,1292,5800,,,,,,
data_write,1292,49700,,,,,,
data_sync,1292,1609100,,,,,,
marker_write,1292,51400,,,,,,
marker_sync,1292,1734600,,,,,,
append,1293,3545101,,,,,,
encode,1293,5500,,,,,,
data_write,1293,62900,,,,,,
data_sync,1293,1718801,,,,,,
marker_write,1293,43700,,,,,,
marker_sync,1293,1710600,,,,,,
append,1294,3700200,,,,,,
encode,1294,5000,,,,,,
data_write,1294,64900,,,,,,
data_sync,1294,1748400,,,,,,
marker_write,1294,57500,,,,,,
marker_sync,1294,1821500,,,,,,
append,1295,3691100,,,,,,
encode,1295,5400,,,,,,
data_write,1295,65300,,,,,,
data_sync,1295,1774600,,,,,,
marker_write,1295,57300,,,,,,
marker_sync,1295,1784900,,,,,,
append,1296,3539900,,,,,,
encode,1296,6800,,,,,,
data_write,1296,71700,,,,,,
data_sync,1296,1752800,,,,,,
marker_write,1296,48100,,,,,,
marker_sync,1296,1657600,,,,,,
append,1297,3639701,,,,,,
encode,1297,5700,,,,,,
data_write,1297,54900,,,,,,
data_sync,1297,1816101,,,,,,
marker_write,1297,55500,,,,,,
marker_sync,1297,1704700,,,,,,
append,1298,3736700,,,,,,
encode,1298,6200,,,,,,
data_write,1298,67700,,,,,,
data_sync,1298,1735400,,,,,,
marker_write,1298,60500,,,,,,
marker_sync,1298,1863600,,,,,,
append,1299,3552900,,,,,,
encode,1299,5700,,,,,,
data_write,1299,63900,,,,,,
data_sync,1299,1714300,,,,,,
marker_write,1299,50300,,,,,,
marker_sync,1299,1715800,,,,,,
append,1300,3578300,,,,,,
encode,1300,5800,,,,,,
data_write,1300,66500,,,,,,
data_sync,1300,1757300,,,,,,
marker_write,1300,64700,,,,,,
marker_sync,1300,1681100,,,,,,
append,1301,4033501,,,,,,
encode,1301,5100,,,,,,
data_write,1301,82900,,,,,,
data_sync,1301,1965300,,,,,,
marker_write,1301,56100,,,,,,
marker_sync,1301,1920801,,,,,,
append,1302,4131600,,,,,,
encode,1302,6500,,,,,,
data_write,1302,69400,,,,,,
data_sync,1302,1857100,,,,,,
marker_write,1302,70800,,,,,,
marker_sync,1302,2123800,,,,,,
append,1303,4030100,,,,,,
encode,1303,6200,,,,,,
data_write,1303,73100,,,,,,
data_sync,1303,1923000,,,,,,
marker_write,1303,64200,,,,,,
marker_sync,1303,1960200,,,,,,
append,1304,3624000,,,,,,
encode,1304,5200,,,,,,
data_write,1304,57500,,,,,,
data_sync,1304,1783200,,,,,,
marker_write,1304,52500,,,,,,
marker_sync,1304,1723200,,,,,,
append,1305,3848001,,,,,,
encode,1305,5000,,,,,,
data_write,1305,54900,,,,,,
data_sync,1305,1736300,,,,,,
marker_write,1305,71200,,,,,,
marker_sync,1305,1976801,,,,,,
append,1306,3621100,,,,,,
encode,1306,5900,,,,,,
data_write,1306,65500,,,,,,
data_sync,1306,1777500,,,,,,
marker_write,1306,57400,,,,,,
marker_sync,1306,1711500,,,,,,
append,1307,3478200,,,,,,
encode,1307,5100,,,,,,
data_write,1307,58000,,,,,,
data_sync,1307,1699900,,,,,,
marker_write,1307,49700,,,,,,
marker_sync,1307,1662500,,,,,,
append,1308,3483300,,,,,,
encode,1308,4800,,,,,,
data_write,1308,50000,,,,,,
data_sync,1308,1539900,,,,,,
marker_write,1308,43300,,,,,,
marker_sync,1308,1842700,,,,,,
append,1309,4382901,,,,,,
encode,1309,4900,,,,,,
data_write,1309,50900,,,,,,
data_sync,1309,1961800,,,,,,
marker_write,1309,54700,,,,,,
marker_sync,1309,2307401,,,,,,
append,1310,3635300,,,,,,
encode,1310,4900,,,,,,
data_write,1310,49500,,,,,,
data_sync,1310,1819600,,,,,,
marker_write,1310,59000,,,,,,
marker_sync,1310,1698600,,,,,,
append,1311,3400300,,,,,,
encode,1311,6300,,,,,,
data_write,1311,64200,,,,,,
data_sync,1311,1770100,,,,,,
marker_write,1311,57900,,,,,,
marker_sync,1311,1498500,,,,,,
append,1312,3997500,,,,,,
encode,1312,4700,,,,,,
data_write,1312,55900,,,,,,
data_sync,1312,1814800,,,,,,
marker_write,1312,42400,,,,,,
marker_sync,1312,2076800,,,,,,
append,1313,3800000,,,,,,
encode,1313,5900,,,,,,
data_write,1313,76000,,,,,,
data_sync,1313,1899200,,,,,,
marker_write,1313,64900,,,,,,
marker_sync,1313,1750300,,,,,,
append,1314,3738801,,,,,,
encode,1314,5300,,,,,,
data_write,1314,70000,,,,,,
data_sync,1314,1749201,,,,,,
marker_write,1314,54700,,,,,,
marker_sync,1314,1856700,,,,,,
append,1315,3974500,,,,,,
encode,1315,5300,,,,,,
data_write,1315,58800,,,,,,
data_sync,1315,1929600,,,,,,
marker_write,1315,52100,,,,,,
marker_sync,1315,1925600,,,,,,
append,1316,3779700,,,,,,
encode,1316,5300,,,,,,
data_write,1316,58400,,,,,,
data_sync,1316,1851200,,,,,,
marker_write,1316,55900,,,,,,
marker_sync,1316,1805500,,,,,,
append,1317,3387700,,,,,,
encode,1317,6000,,,,,,
data_write,1317,69300,,,,,,
data_sync,1317,1684000,,,,,,
marker_write,1317,60100,,,,,,
marker_sync,1317,1565500,,,,,,
append,1318,3641701,,,,,,
encode,1318,6300,,,,,,
data_write,1318,57800,,,,,,
data_sync,1318,1833101,,,,,,
marker_write,1318,54600,,,,,,
marker_sync,1318,1686600,,,,,,
append,1319,4063700,,,,,,
encode,1319,6200,,,,,,
data_write,1319,67800,,,,,,
data_sync,1319,1913200,,,,,,
marker_write,1319,57000,,,,,,
marker_sync,1319,2016200,,,,,,
append,1320,3465300,,,,,,
encode,1320,6200,,,,,,
data_write,1320,109500,,,,,,
data_sync,1320,1641800,,,,,,
marker_write,1320,66700,,,,,,
marker_sync,1320,1638000,,,,,,
append,1321,3665700,,,,,,
encode,1321,6800,,,,,,
data_write,1321,59500,,,,,,
data_sync,1321,1639200,,,,,,
marker_write,1321,47600,,,,,,
marker_sync,1321,1908900,,,,,,
append,1322,3743401,,,,,,
encode,1322,6700,,,,,,
data_write,1322,80600,,,,,,
data_sync,1322,1836500,,,,,,
marker_write,1322,66100,,,,,,
marker_sync,1322,1749101,,,,,,
append,1323,3990500,,,,,,
encode,1323,7600,,,,,,
data_write,1323,78700,,,,,,
data_sync,1323,2076200,,,,,,
marker_write,1323,64000,,,,,,
marker_sync,1323,1760600,,,,,,
append,1324,8957400,,,,,,
encode,1324,5200,,,,,,
data_write,1324,66300,,,,,,
data_sync,1324,1795300,,,,,,
marker_write,1324,46800,,,,,,
marker_sync,1324,7040700,,,,,,
append,1325,4119301,,,,,,
encode,1325,5900,,,,,,
data_write,1325,57500,,,,,,
data_sync,1325,2101601,,,,,,
marker_write,1325,59400,,,,,,
marker_sync,1325,1891700,,,,,,
append,1326,4066700,,,,,,
encode,1326,5400,,,,,,
data_write,1326,57800,,,,,,
data_sync,1326,2034900,,,,,,
marker_write,1326,51200,,,,,,
marker_sync,1326,1914500,,,,,,
append,1327,4391800,,,,,,
encode,1327,5700,,,,,,
data_write,1327,26000,,,,,,
data_sync,1327,2001900,,,,,,
marker_write,1327,90500,,,,,,
marker_sync,1327,2265000,,,,,,
append,1328,4470600,,,,,,
encode,1328,5700,,,,,,
data_write,1328,60000,,,,,,
data_sync,1328,2475000,,,,,,
marker_write,1328,50500,,,,,,
marker_sync,1328,1875000,,,,,,
append,1329,3946901,,,,,,
encode,1329,5900,,,,,,
data_write,1329,82800,,,,,,
data_sync,1329,1935801,,,,,,
marker_write,1329,54500,,,,,,
marker_sync,1329,1864700,,,,,,
append,1330,4163900,,,,,,
encode,1330,6100,,,,,,
data_write,1330,66700,,,,,,
data_sync,1330,1841700,,,,,,
marker_write,1330,51200,,,,,,
marker_sync,1330,2195100,,,,,,
append,1331,3621100,,,,,,
encode,1331,6400,,,,,,
data_write,1331,67900,,,,,,
data_sync,1331,1717500,,,,,,
marker_write,1331,53500,,,,,,
marker_sync,1331,1772000,,,,,,
append,1332,3486800,,,,,,
encode,1332,6100,,,,,,
data_write,1332,30800,,,,,,
data_sync,1332,1697500,,,,,,
marker_write,1332,19500,,,,,,
marker_sync,1332,1730000,,,,,,
append,1333,3677601,,,,,,
encode,1333,5700,,,,,,
data_write,1333,110800,,,,,,
data_sync,1333,1854601,,,,,,
marker_write,1333,57000,,,,,,
marker_sync,1333,1646400,,,,,,
append,1334,3344500,,,,,,
encode,1334,5900,,,,,,
data_write,1334,59000,,,,,,
data_sync,1334,1696000,,,,,,
marker_write,1334,52900,,,,,,
marker_sync,1334,1527900,,,,,,
append,1335,3490300,,,,,,
encode,1335,4600,,,,,,
data_write,1335,52400,,,,,,
data_sync,1335,1605300,,,,,,
marker_write,1335,60700,,,,,,
marker_sync,1335,1764500,,,,,,
append,1336,3405600,,,,,,
encode,1336,5000,,,,,,
data_write,1336,67700,,,,,,
data_sync,1336,1717700,,,,,,
marker_write,1336,59700,,,,,,
marker_sync,1336,1551500,,,,,,
append,1337,3938001,,,,,,
encode,1337,5200,,,,,,
data_write,1337,64900,,,,,,
data_sync,1337,1501000,,,,,,
marker_write,1337,46000,,,,,,
marker_sync,1337,2317901,,,,,,
append,1338,4126500,,,,,,
encode,1338,6500,,,,,,
data_write,1338,63300,,,,,,
data_sync,1338,1763300,,,,,,
marker_write,1338,45300,,,,,,
marker_sync,1338,2245700,,,,,,
append,1339,3569400,,,,,,
encode,1339,5500,,,,,,
data_write,1339,74500,,,,,,
data_sync,1339,1803800,,,,,,
marker_write,1339,52900,,,,,,
marker_sync,1339,1630000,,,,,,
append,1340,4030500,,,,,,
encode,1340,6300,,,,,,
data_write,1340,64100,,,,,,
data_sync,1340,1895400,,,,,,
marker_write,1340,50800,,,,,,
marker_sync,1340,2010600,,,,,,
append,1341,3923401,,,,,,
encode,1341,4900,,,,,,
data_write,1341,54000,,,,,,
data_sync,1341,2065900,,,,,,
marker_write,1341,35800,,,,,,
marker_sync,1341,1758801,,,,,,
append,1342,3322700,,,,,,
encode,1342,4800,,,,,,
data_write,1342,65700,,,,,,
data_sync,1342,1583800,,,,,,
marker_write,1342,47000,,,,,,
marker_sync,1342,1618800,,,,,,
append,1343,3477400,,,,,,
encode,1343,4200,,,,,,
data_write,1343,54900,,,,,,
data_sync,1343,1701300,,,,,,
marker_write,1343,47700,,,,,,
marker_sync,1343,1665600,,,,,,
append,1344,3899700,,,,,,
encode,1344,4400,,,,,,
data_write,1344,57200,,,,,,
data_sync,1344,1767000,,,,,,
marker_write,1344,32100,,,,,,
marker_sync,1344,2035900,,,,,,
append,1345,4114100,,,,,,
encode,1345,4600,,,,,,
data_write,1345,79300,,,,,,
data_sync,1345,2137000,,,,,,
marker_write,1345,88400,,,,,,
marker_sync,1345,1801200,,,,,,
append,1346,4974301,,,,,,
encode,1346,5800,,,,,,
data_write,1346,73600,,,,,,
data_sync,1346,1756501,,,,,,
marker_write,1346,52200,,,,,,
marker_sync,1346,3083000,,,,,,
append,1347,3855200,,,,,,
encode,1347,6400,,,,,,
data_write,1347,81900,,,,,,
data_sync,1347,1948300,,,,,,
marker_write,1347,58700,,,,,,
marker_sync,1347,1756400,,,,,,
append,1348,3709200,,,,,,
encode,1348,5700,,,,,,
data_write,1348,69400,,,,,,
data_sync,1348,1770400,,,,,,
marker_write,1348,54900,,,,,,
marker_sync,1348,1806000,,,,,,
append,1349,4048301,,,,,,
encode,1349,4600,,,,,,
data_write,1349,72500,,,,,,
data_sync,1349,1834700,,,,,,
marker_write,1349,58200,,,,,,
marker_sync,1349,2075201,,,,,,
append,1350,3813500,,,,,,
encode,1350,5800,,,,,,
data_write,1350,75500,,,,,,
data_sync,1350,1895500,,,,,,
marker_write,1350,53500,,,,,,
marker_sync,1350,1779900,,,,,,
append,1351,3725200,,,,,,
encode,1351,5900,,,,,,
data_write,1351,67300,,,,,,
data_sync,1351,1784000,,,,,,
marker_write,1351,69300,,,,,,
marker_sync,1351,1794800,,,,,,
append,1352,4089300,,,,,,
encode,1352,5800,,,,,,
data_write,1352,65100,,,,,,
data_sync,1352,1867600,,,,,,
marker_write,1352,50800,,,,,,
marker_sync,1352,2097100,,,,,,
append,1353,4471701,,,,,,
encode,1353,5000,,,,,,
data_write,1353,62200,,,,,,
data_sync,1353,2391600,,,,,,
marker_write,1353,57400,,,,,,
marker_sync,1353,1952201,,,,,,
append,1354,7806300,,,,,,
encode,1354,6500,,,,,,
data_write,1354,65100,,,,,,
data_sync,1354,4994400,,,,,,
marker_write,1354,52800,,,,,,
marker_sync,1354,2684200,,,,,,
append,1355,4458100,,,,,,
encode,1355,4800,,,,,,
data_write,1355,59500,,,,,,
data_sync,1355,2227400,,,,,,
marker_write,1355,54200,,,,,,
marker_sync,1355,2108800,,,,,,
append,1356,5083501,,,,,,
encode,1356,6000,,,,,,
data_write,1356,69700,,,,,,
data_sync,1356,2115100,,,,,,
marker_write,1356,69600,,,,,,
marker_sync,1356,2819301,,,,,,
append,1357,4044800,,,,,,
encode,1357,6100,,,,,,
data_write,1357,79900,,,,,,
data_sync,1357,2113000,,,,,,
marker_write,1357,48300,,,,,,
marker_sync,1357,1793900,,,,,,
append,1358,3890500,,,,,,
encode,1358,5400,,,,,,
data_write,1358,63800,,,,,,
data_sync,1358,1935700,,,,,,
marker_write,1358,50100,,,,,,
marker_sync,1358,1831300,,,,,,
append,1359,3916200,,,,,,
encode,1359,4800,,,,,,
data_write,1359,59500,,,,,,
data_sync,1359,1862300,,,,,,
marker_write,1359,62900,,,,,,
marker_sync,1359,1923800,,,,,,
append,1360,4194101,,,,,,
encode,1360,6500,,,,,,
data_write,1360,72000,,,,,,
data_sync,1360,2147701,,,,,,
marker_write,1360,50200,,,,,,
marker_sync,1360,1914900,,,,,,
append,1361,4155300,,,,,,
encode,1361,6300,,,,,,
data_write,1361,77300,,,,,,
data_sync,1361,2009300,,,,,,
marker_write,1361,68800,,,,,,
marker_sync,1361,1990600,,,,,,
append,1362,3681300,,,,,,
encode,1362,4900,,,,,,
data_write,1362,57600,,,,,,
data_sync,1362,1810200,,,,,,
marker_write,1362,64500,,,,,,
marker_sync,1362,1741000,,,,,,
append,1363,3666500,,,,,,
encode,1363,5200,,,,,,
data_write,1363,63900,,,,,,
data_sync,1363,1775100,,,,,,
marker_write,1363,56600,,,,,,
marker_sync,1363,1763000,,,,,,
append,1364,3892601,,,,,,
encode,1364,5600,,,,,,
data_write,1364,65700,,,,,,
data_sync,1364,1983501,,,,,,
marker_write,1364,59000,,,,,,
marker_sync,1364,1774800,,,,,,
append,1365,10237500,,,,,,
encode,1365,6800,,,,,,
data_write,1365,73400,,,,,,
data_sync,1365,1706000,,,,,,
marker_write,1365,53500,,,,,,
marker_sync,1365,8394000,,,,,,
append,1366,4285801,,,,,,
encode,1366,6200,,,,,,
data_write,1366,84000,,,,,,
data_sync,1366,1821000,,,,,,
marker_write,1366,62400,,,,,,
marker_sync,1366,2308801,,,,,,
append,1367,4188000,,,,,,
encode,1367,11400,,,,,,
data_write,1367,72400,,,,,,
data_sync,1367,1641800,,,,,,
marker_write,1367,57800,,,,,,
marker_sync,1367,2401600,,,,,,
append,1368,4186600,,,,,,
encode,1368,5500,,,,,,
data_write,1368,123300,,,,,,
data_sync,1368,2054100,,,,,,
marker_write,1368,55900,,,,,,
marker_sync,1368,1941700,,,,,,
append,1369,3436800,,,,,,
encode,1369,5300,,,,,,
data_write,1369,60600,,,,,,
data_sync,1369,1669400,,,,,,
marker_write,1369,42900,,,,,,
marker_sync,1369,1655400,,,,,,
append,1370,3667801,,,,,,
encode,1370,7100,,,,,,
data_write,1370,67600,,,,,,
data_sync,1370,1919800,,,,,,
marker_write,1370,47900,,,,,,
marker_sync,1370,1622801,,,,,,
append,1371,3548700,,,,,,
encode,1371,5100,,,,,,
data_write,1371,56700,,,,,,
data_sync,1371,1675100,,,,,,
marker_write,1371,60500,,,,,,
marker_sync,1371,1747900,,,,,,
append,1372,3279300,,,,,,
encode,1372,4700,,,,,,
data_write,1372,55100,,,,,,
data_sync,1372,1499900,,,,,,
marker_write,1372,45800,,,,,,
marker_sync,1372,1669400,,,,,,
append,1373,4126200,,,,,,
encode,1373,4400,,,,,,
data_write,1373,58000,,,,,,
data_sync,1373,1913700,,,,,,
marker_write,1373,59500,,,,,,
marker_sync,1373,2086900,,,,,,
append,1374,5055301,,,,,,
encode,1374,6800,,,,,,
data_write,1374,63500,,,,,,
data_sync,1374,1976000,,,,,,
marker_write,1374,58000,,,,,,
marker_sync,1374,2946701,,,,,,
append,1375,4499900,,,,,,
encode,1375,6700,,,,,,
data_write,1375,62800,,,,,,
data_sync,1375,2266600,,,,,,
marker_write,1375,59100,,,,,,
marker_sync,1375,2101200,,,,,,
append,1376,4309200,,,,,,
encode,1376,6200,,,,,,
data_write,1376,70700,,,,,,
data_sync,1376,1988400,,,,,,
marker_write,1376,56300,,,,,,
marker_sync,1376,2183700,,,,,,
append,1377,3987800,,,,,,
encode,1377,5800,,,,,,
data_write,1377,62300,,,,,,
data_sync,1377,1813900,,,,,,
marker_write,1377,50900,,,,,,
marker_sync,1377,2052300,,,,,,
append,1378,4567501,,,,,,
encode,1378,5700,,,,,,
data_write,1378,69800,,,,,,
data_sync,1378,2208900,,,,,,
marker_write,1378,51400,,,,,,
marker_sync,1378,2227701,,,,,,
append,1379,5104800,,,,,,
encode,1379,6600,,,,,,
data_write,1379,70700,,,,,,
data_sync,1379,2864300,,,,,,
marker_write,1379,30100,,,,,,
marker_sync,1379,2129500,,,,,,
append,1380,3738800,,,,,,
encode,1380,6400,,,,,,
data_write,1380,32300,,,,,,
data_sync,1380,1801800,,,,,,
marker_write,1380,53800,,,,,,
marker_sync,1380,1841200,,,,,,
append,1381,3906500,,,,,,
encode,1381,6800,,,,,,
data_write,1381,75000,,,,,,
data_sync,1381,1899900,,,,,,
marker_write,1381,62100,,,,,,
marker_sync,1381,1859700,,,,,,
append,1382,4046201,,,,,,
encode,1382,5600,,,,,,
data_write,1382,90300,,,,,,
data_sync,1382,1903001,,,,,,
marker_write,1382,57700,,,,,,
marker_sync,1382,1986200,,,,,,
append,1383,4006200,,,,,,
encode,1383,5900,,,,,,
data_write,1383,70200,,,,,,
data_sync,1383,1965800,,,,,,
marker_write,1383,67800,,,,,,
marker_sync,1383,1892200,,,,,,
append,1384,4019000,,,,,,
encode,1384,6400,,,,,,
data_write,1384,82400,,,,,,
data_sync,1384,1969400,,,,,,
marker_write,1384,51400,,,,,,
marker_sync,1384,1905800,,,,,,
append,1385,3857300,,,,,,
encode,1385,5700,,,,,,
data_write,1385,70300,,,,,,
data_sync,1385,1915200,,,,,,
marker_write,1385,57300,,,,,,
marker_sync,1385,1805100,,,,,,
append,1386,3924101,,,,,,
encode,1386,5900,,,,,,
data_write,1386,66600,,,,,,
data_sync,1386,1906501,,,,,,
marker_write,1386,57400,,,,,,
marker_sync,1386,1884600,,,,,,
append,1387,3827900,,,,,,
encode,1387,6100,,,,,,
data_write,1387,72500,,,,,,
data_sync,1387,1806100,,,,,,
marker_write,1387,63700,,,,,,
marker_sync,1387,1876700,,,,,,
append,1388,3783500,,,,,,
encode,1388,5800,,,,,,
data_write,1388,74800,,,,,,
data_sync,1388,1740000,,,,,,
marker_write,1388,43700,,,,,,
marker_sync,1388,1914700,,,,,,
append,1389,3943000,,,,,,
encode,1389,6000,,,,,,
data_write,1389,66000,,,,,,
data_sync,1389,1884300,,,,,,
marker_write,1389,64300,,,,,,
marker_sync,1389,1918900,,,,,,
append,1390,5609401,,,,,,
encode,1390,7200,,,,,,
data_write,1390,75900,,,,,,
data_sync,1390,3289501,,,,,,
marker_write,1390,71000,,,,,,
marker_sync,1390,2162400,,,,,,
append,1391,4138700,,,,,,
encode,1391,6300,,,,,,
data_write,1391,68800,,,,,,
data_sync,1391,1874700,,,,,,
marker_write,1391,62100,,,,,,
marker_sync,1391,2123200,,,,,,
append,1392,4015300,,,,,,
encode,1392,6300,,,,,,
data_write,1392,132600,,,,,,
data_sync,1392,1823300,,,,,,
marker_write,1392,98000,,,,,,
marker_sync,1392,1952000,,,,,,
append,1393,4178401,,,,,,
encode,1393,6100,,,,,,
data_write,1393,74600,,,,,,
data_sync,1393,1997200,,,,,,
marker_write,1393,51100,,,,,,
marker_sync,1393,2046101,,,,,,
append,1394,4105800,,,,,,
encode,1394,6100,,,,,,
data_write,1394,72000,,,,,,
data_sync,1394,2028600,,,,,,
marker_write,1394,33100,,,,,,
marker_sync,1394,1962800,,,,,,
append,1395,4086900,,,,,,
encode,1395,5200,,,,,,
data_write,1395,58900,,,,,,
data_sync,1395,2066400,,,,,,
marker_write,1395,90400,,,,,,
marker_sync,1395,1863100,,,,,,
append,1396,3864800,,,,,,
encode,1396,6500,,,,,,
data_write,1396,31700,,,,,,
data_sync,1396,1896700,,,,,,
marker_write,1396,35200,,,,,,
marker_sync,1396,1891600,,,,,,
append,1397,3956501,,,,,,
encode,1397,6300,,,,,,
data_write,1397,35200,,,,,,
data_sync,1397,1895200,,,,,,
marker_write,1397,33500,,,,,,
marker_sync,1397,1983301,,,,,,
append,1398,3578500,,,,,,
encode,1398,6300,,,,,,
data_write,1398,37800,,,,,,
data_sync,1398,1856300,,,,,,
marker_write,1398,62700,,,,,,
marker_sync,1398,1612700,,,,,,
append,1399,3738700,,,,,,
encode,1399,6000,,,,,,
data_write,1399,70200,,,,,,
data_sync,1399,1805900,,,,,,
marker_write,1399,51500,,,,,,
marker_sync,1399,1801200,,,,,,
append,1400,4331000,,,,,,
encode,1400,6000,,,,,,
data_write,1400,68100,,,,,,
data_sync,1400,1997300,,,,,,
marker_write,1400,63000,,,,,,
marker_sync,1400,2192900,,,,,,
append,1401,3516101,,,,,,
encode,1401,6400,,,,,,
data_write,1401,79800,,,,,,
data_sync,1401,1699000,,,,,,
marker_write,1401,65400,,,,,,
marker_sync,1401,1661901,,,,,,
append,1402,4226000,,,,,,
encode,1402,5300,,,,,,
data_write,1402,61300,,,,,,
data_sync,1402,2224000,,,,,,
marker_write,1402,58900,,,,,,
marker_sync,1402,1873300,,,,,,
append,1403,3884400,,,,,,
encode,1403,5200,,,,,,
data_write,1403,76300,,,,,,
data_sync,1403,2018800,,,,,,
marker_write,1403,60500,,,,,,
marker_sync,1403,1720400,,,,,,
append,1404,3920700,,,,,,
encode,1404,6300,,,,,,
data_write,1404,82800,,,,,,
data_sync,1404,2012100,,,,,,
marker_write,1404,53800,,,,,,
marker_sync,1404,1762000,,,,,,
append,1405,4398301,,,,,,
encode,1405,5900,,,,,,
data_write,1405,66900,,,,,,
data_sync,1405,1919700,,,,,,
marker_write,1405,66800,,,,,,
marker_sync,1405,2335301,,,,,,
append,1406,8931200,,,,,,
encode,1406,6800,,,,,,
data_write,1406,71400,,,,,,
data_sync,1406,6492300,,,,,,
marker_write,1406,56100,,,,,,
marker_sync,1406,2301300,,,,,,
append,1407,4945900,,,,,,
encode,1407,5000,,,,,,
data_write,1407,40200,,,,,,
data_sync,1407,2595800,,,,,,
marker_write,1407,56000,,,,,,
marker_sync,1407,2245600,,,,,,
append,1408,4163101,,,,,,
encode,1408,6400,,,,,,
data_write,1408,166000,,,,,,
data_sync,1408,2047701,,,,,,
marker_write,1408,67400,,,,,,
marker_sync,1408,1872500,,,,,,
append,1409,3831300,,,,,,
encode,1409,4600,,,,,,
data_write,1409,76500,,,,,,
data_sync,1409,1846000,,,,,,
marker_write,1409,64300,,,,,,
marker_sync,1409,1836100,,,,,,
append,1410,4991100,,,,,,
encode,1410,6100,,,,,,
data_write,1410,42100,,,,,,
data_sync,1410,2820900,,,,,,
marker_write,1410,76800,,,,,,
marker_sync,1410,2041800,,,,,,
append,1411,3598600,,,,,,
encode,1411,6500,,,,,,
data_write,1411,75500,,,,,,
data_sync,1411,1673600,,,,,,
marker_write,1411,63400,,,,,,
marker_sync,1411,1775900,,,,,,
append,1412,3458501,,,,,,
encode,1412,6100,,,,,,
data_write,1412,54101,,,,,,
data_sync,1412,1774700,,,,,,
marker_write,1412,35100,,,,,,
marker_sync,1412,1584600,,,,,,
append,1413,12035600,,,,,,
encode,1413,6800,,,,,,
data_write,1413,81800,,,,,,
data_sync,1413,6375400,,,,,,
marker_write,1413,40300,,,,,,
marker_sync,1413,5527300,,,,,,
append,1414,6375601,,,,,,
encode,1414,6100,,,,,,
data_write,1414,97000,,,,,,
data_sync,1414,1823001,,,,,,
marker_write,1414,69700,,,,,,
marker_sync,1414,4376300,,,,,,
append,1415,3732700,,,,,,
encode,1415,6700,,,,,,
data_write,1415,79200,,,,,,
data_sync,1415,1731200,,,,,,
marker_write,1415,126400,,,,,,
marker_sync,1415,1785400,,,,,,
append,1416,8266601,,,,,,
encode,1416,6900,,,,,,
data_write,1416,75700,,,,,,
data_sync,1416,4177300,,,,,,
marker_write,1416,70600,,,,,,
marker_sync,1416,3932601,,,,,,
append,1417,7988100,,,,,,
encode,1417,6100,,,,,,
data_write,1417,74900,,,,,,
data_sync,1417,3911000,,,,,,
marker_write,1417,68000,,,,,,
marker_sync,1417,3925100,,,,,,
append,1418,6733401,,,,,,
encode,1418,5400,,,,,,
data_write,1418,80100,,,,,,
data_sync,1418,3939500,,,,,,
marker_write,1418,70400,,,,,,
marker_sync,1418,2633601,,,,,,
append,1419,7670600,,,,,,
encode,1419,6000,,,,,,
data_write,1419,51400,,,,,,
data_sync,1419,5290100,,,,,,
marker_write,1419,48600,,,,,,
marker_sync,1419,2270500,,,,,,
append,1420,3987300,,,,,,
encode,1420,7600,,,,,,
data_write,1420,53300,,,,,,
data_sync,1420,1978500,,,,,,
marker_write,1420,39300,,,,,,
marker_sync,1420,1904000,,,,,,
append,1421,8084701,,,,,,
encode,1421,7000,,,,,,
data_write,1421,47200,,,,,,
data_sync,1421,5589401,,,,,,
marker_write,1421,37900,,,,,,
marker_sync,1421,2400100,,,,,,
append,1422,4763600,,,,,,
encode,1422,6300,,,,,,
data_write,1422,35800,,,,,,
data_sync,1422,1785000,,,,,,
marker_write,1422,36300,,,,,,
marker_sync,1422,2897300,,,,,,
append,1423,4005200,,,,,,
encode,1423,5700,,,,,,
data_write,1423,38000,,,,,,
data_sync,1423,2051600,,,,,,
marker_write,1423,129700,,,,,,
marker_sync,1423,1777000,,,,,,
append,1424,3959901,,,,,,
encode,1424,6100,,,,,,
data_write,1424,113600,,,,,,
data_sync,1424,1840600,,,,,,
marker_write,1424,36100,,,,,,
marker_sync,1424,1960401,,,,,,
append,1425,3663500,,,,,,
encode,1425,6000,,,,,,
data_write,1425,38100,,,,,,
data_sync,1425,1822600,,,,,,
marker_write,1425,29900,,,,,,
marker_sync,1425,1764300,,,,,,
append,1426,7237900,,,,,,
encode,1426,6300,,,,,,
data_write,1426,30100,,,,,,
data_sync,1426,5067500,,,,,,
marker_write,1426,87900,,,,,,
marker_sync,1426,2043200,,,,,,
append,1427,4401701,,,,,,
encode,1427,6100,,,,,,
data_write,1427,124700,,,,,,
data_sync,1427,2015800,,,,,,
marker_write,1427,65400,,,,,,
marker_sync,1427,2186701,,,,,,
append,1428,3977400,,,,,,
encode,1428,7000,,,,,,
data_write,1428,76000,,,,,,
data_sync,1428,1918700,,,,,,
marker_write,1428,78400,,,,,,
marker_sync,1428,1893800,,,,,,
append,1429,3756900,,,,,,
encode,1429,6400,,,,,,
data_write,1429,79900,,,,,,
data_sync,1429,1929300,,,,,,
marker_write,1429,70000,,,,,,
marker_sync,1429,1668000,,,,,,
append,1430,6025900,,,,,,
encode,1430,5600,,,,,,
data_write,1430,62300,,,,,,
data_sync,1430,3686100,,,,,,
marker_write,1430,77600,,,,,,
marker_sync,1430,2190900,,,,,,
append,1431,3912501,,,,,,
encode,1431,6100,,,,,,
data_write,1431,76800,,,,,,
data_sync,1431,2070601,,,,,,
marker_write,1431,73100,,,,,,
marker_sync,1431,1682600,,,,,,
append,1432,3993400,,,,,,
encode,1432,5600,,,,,,
data_write,1432,65900,,,,,,
data_sync,1432,1917400,,,,,,
marker_write,1432,68400,,,,,,
marker_sync,1432,1933000,,,,,,
append,1433,4074600,,,,,,
encode,1433,4700,,,,,,
data_write,1433,69200,,,,,,
data_sync,1433,1923100,,,,,,
marker_write,1433,63700,,,,,,
marker_sync,1433,2010000,,,,,,
append,1434,3788400,,,,,,
encode,1434,6500,,,,,,
data_write,1434,42900,,,,,,
data_sync,1434,1894500,,,,,,
marker_write,1434,28700,,,,,,
marker_sync,1434,1812900,,,,,,
append,1435,3935101,,,,,,
encode,1435,6100,,,,,,
data_write,1435,42400,,,,,,
data_sync,1435,1920401,,,,,,
marker_write,1435,46600,,,,,,
marker_sync,1435,1916100,,,,,,
append,1436,3816900,,,,,,
encode,1436,6200,,,,,,
data_write,1436,48100,,,,,,
data_sync,1436,1846200,,,,,,
marker_write,1436,41200,,,,,,
marker_sync,1436,1871300,,,,,,
append,1437,3876400,,,,,,
encode,1437,5500,,,,,,
data_write,1437,48300,,,,,,
data_sync,1437,1904900,,,,,,
marker_write,1437,45500,,,,,,
marker_sync,1437,1869200,,,,,,
append,1438,3787500,,,,,,
encode,1438,6600,,,,,,
data_write,1438,52700,,,,,,
data_sync,1438,1838900,,,,,,
marker_write,1438,40300,,,,,,
marker_sync,1438,1845300,,,,,,
append,1439,5163501,,,,,,
encode,1439,6300,,,,,,
data_write,1439,38800,,,,,,
data_sync,1439,2296601,,,,,,
marker_write,1439,44800,,,,,,
marker_sync,1439,2773600,,,,,,
append,1440,7384300,,,,,,
encode,1440,6800,,,,,,
data_write,1440,52600,,,,,,
data_sync,1440,1970700,,,,,,
marker_write,1440,38600,,,,,,
marker_sync,1440,5312200,,,,,,
append,1441,11963501,,,,,,
encode,1441,7200,,,,,,
data_write,1441,45100,,,,,,
data_sync,1441,7165201,,,,,,
marker_write,1441,44000,,,,,,
marker_sync,1441,4698300,,,,,,
append,1442,3426900,,,,,,
encode,1442,6700,,,,,,
data_write,1442,49100,,,,,,
data_sync,1442,1741100,,,,,,
marker_write,1442,43100,,,,,,
marker_sync,1442,1582800,,,,,,
append,1443,8566801,,,,,,
encode,1443,6200,,,,,,
data_write,1443,50500,,,,,,
data_sync,1443,4504400,,,,,,
marker_write,1443,40700,,,,,,
marker_sync,1443,3961301,,,,,,
append,1444,8001000,,,,,,
encode,1444,6500,,,,,,
data_write,1444,63700,,,,,,
data_sync,1444,3360000,,,,,,
marker_write,1444,30100,,,,,,
marker_sync,1444,4536600,,,,,,
append,1445,12008001,,,,,,
encode,1445,6500,,,,,,
data_write,1445,45100,,,,,,
data_sync,1445,5652101,,,,,,
marker_write,1445,40200,,,,,,
marker_sync,1445,6259200,,,,,,
append,1446,8040101,,,,,,
encode,1446,6500,,,,,,
data_write,1446,42400,,,,,,
data_sync,1446,3942700,,,,,,
marker_write,1446,41200,,,,,,
marker_sync,1446,4003501,,,,,,
append,1447,7984100,,,,,,
encode,1447,7100,,,,,,
data_write,1447,91200,,,,,,
data_sync,1447,3863900,,,,,,
marker_write,1447,50300,,,,,,
marker_sync,1447,3967500,,,,,,
append,1448,6186400,,,,,,
encode,1448,6000,,,,,,
data_write,1448,50500,,,,,,
data_sync,1448,3888500,,,,,,
marker_write,1448,39200,,,,,,
marker_sync,1448,2197800,,,,,,
append,1449,12026001,,,,,,
encode,1449,6400,,,,,,
data_write,1449,45200,,,,,,
data_sync,1449,9697301,,,,,,
marker_write,1449,47500,,,,,,
marker_sync,1449,2226200,,,,,,
append,1450,5463301,,,,,,
encode,1450,48200,,,,,,
data_write,1450,50000,,,,,,
data_sync,1450,1964800,,,,,,
marker_write,1450,37200,,,,,,
marker_sync,1450,3359201,,,,,,
append,1451,12259800,,,,,,
encode,1451,5600,,,,,,
data_write,1451,47600,,,,,,
data_sync,1451,3039100,,,,,,
marker_write,1451,36000,,,,,,
marker_sync,1451,9127600,,,,,,
append,1452,4481601,,,,,,
encode,1452,6400,,,,,,
data_write,1452,126400,,,,,,
data_sync,1452,2091300,,,,,,
marker_write,1452,81300,,,,,,
marker_sync,1452,2170901,,,,,,
append,1453,7326300,,,,,,
encode,1453,6400,,,,,,
data_write,1453,80400,,,,,,
data_sync,1453,3444600,,,,,,
marker_write,1453,68500,,,,,,
marker_sync,1453,3722500,,,,,,
append,1454,5806200,,,,,,
encode,1454,6000,,,,,,
data_write,1454,86600,,,,,,
data_sync,1454,3493400,,,,,,
marker_write,1454,30100,,,,,,
marker_sync,1454,2185500,,,,,,
append,1455,10752201,,,,,,
encode,1455,6700,,,,,,
data_write,1455,39600,,,,,,
data_sync,1455,8663301,,,,,,
marker_write,1455,45700,,,,,,
marker_sync,1455,1993200,,,,,,
append,1456,3484900,,,,,,
encode,1456,7000,,,,,,
data_write,1456,37900,,,,,,
data_sync,1456,1765900,,,,,,
marker_write,1456,33800,,,,,,
marker_sync,1456,1636900,,,,,,
append,1457,4448301,,,,,,
encode,1457,6000,,,,,,
data_write,1457,42200,,,,,,
data_sync,1457,2222400,,,,,,
marker_write,1457,124900,,,,,,
marker_sync,1457,2049201,,,,,,
append,1458,4302800,,,,,,
encode,1458,6700,,,,,,
data_write,1458,47000,,,,,,
data_sync,1458,2105500,,,,,,
marker_write,1458,35400,,,,,,
marker_sync,1458,2104400,,,,,,
append,1459,4622600,,,,,,
encode,1459,7100,,,,,,
data_write,1459,94000,,,,,,
data_sync,1459,2072800,,,,,,
marker_write,1459,71300,,,,,,
marker_sync,1459,2372900,,,,,,
append,1460,4445500,,,,,,
encode,1460,6200,,,,,,
data_write,1460,82300,,,,,,
data_sync,1460,2073100,,,,,,
marker_write,1460,62500,,,,,,
marker_sync,1460,2217200,,,,,,
append,1461,5563501,,,,,,
encode,1461,6300,,,,,,
data_write,1461,38000,,,,,,
data_sync,1461,3284601,,,,,,
marker_write,1461,42300,,,,,,
marker_sync,1461,2188200,,,,,,
append,1462,5389600,,,,,,
encode,1462,7100,,,,,,
data_write,1462,48400,,,,,,
data_sync,1462,2026900,,,,,,
marker_write,1462,31900,,,,,,
marker_sync,1462,3272400,,,,,,
append,1463,6208901,,,,,,
encode,1463,6400,,,,,,
data_write,1463,71200,,,,,,
data_sync,1463,2016400,,,,,,
marker_write,1463,26600,,,,,,
marker_sync,1463,4084501,,,,,,
append,1464,4187200,,,,,,
encode,1464,6300,,,,,,
data_write,1464,72300,,,,,,
data_sync,1464,2164400,,,,,,
marker_write,1464,24900,,,,,,
marker_sync,1464,1914600,,,,,,
append,1465,3889800,,,,,,
encode,1465,6300,,,,,,
data_write,1465,70500,,,,,,
data_sync,1465,1776700,,,,,,
marker_write,1465,72100,,,,,,
marker_sync,1465,1960900,,,,,,
append,1466,3765700,,,,,,
encode,1466,5100,,,,,,
data_write,1466,64200,,,,,,
data_sync,1466,1700800,,,,,,
marker_write,1466,48400,,,,,,
marker_sync,1466,1944300,,,,,,
append,1467,4255301,,,,,,
encode,1467,5000,,,,,,
data_write,1467,68700,,,,,,
data_sync,1467,2254100,,,,,,
marker_write,1467,51400,,,,,,
marker_sync,1467,1872401,,,,,,
append,1468,3446300,,,,,,
encode,1468,6200,,,,,,
data_write,1468,73500,,,,,,
data_sync,1468,1730100,,,,,,
marker_write,1468,49900,,,,,,
marker_sync,1468,1583700,,,,,,
append,1469,3229100,,,,,,
encode,1469,4700,,,,,,
data_write,1469,56100,,,,,,
data_sync,1469,1558400,,,,,,
marker_write,1469,58200,,,,,,
marker_sync,1469,1548400,,,,,,
append,1470,3209200,,,,,,
encode,1470,5500,,,,,,
data_write,1470,63500,,,,,,
data_sync,1470,1548800,,,,,,
marker_write,1470,44400,,,,,,
marker_sync,1470,1544300,,,,,,
append,1471,3629700,,,,,,
encode,1471,6000,,,,,,
data_write,1471,62500,,,,,,
data_sync,1471,1699600,,,,,,
marker_write,1471,59000,,,,,,
marker_sync,1471,1798600,,,,,,
append,1472,3926101,,,,,,
encode,1472,6200,,,,,,
data_write,1472,72600,,,,,,
data_sync,1472,1926301,,,,,,
marker_write,1472,62800,,,,,,
marker_sync,1472,1855500,,,,,,
append,1473,3573200,,,,,,
encode,1473,3100,,,,,,
data_write,1473,64200,,,,,,
data_sync,1473,1752400,,,,,,
marker_write,1473,58800,,,,,,
marker_sync,1473,1691400,,,,,,
append,1474,3133600,,,,,,
encode,1474,5300,,,,,,
data_write,1474,64600,,,,,,
data_sync,1474,1521400,,,,,,
marker_write,1474,44800,,,,,,
marker_sync,1474,1494700,,,,,,
append,1475,3270900,,,,,,
encode,1475,6100,,,,,,
data_write,1475,64500,,,,,,
data_sync,1475,1586600,,,,,,
marker_write,1475,47100,,,,,,
marker_sync,1475,1563900,,,,,,
append,1476,3585700,,,,,,
encode,1476,5100,,,,,,
data_write,1476,55700,,,,,,
data_sync,1476,1653300,,,,,,
marker_write,1476,66700,,,,,,
marker_sync,1476,1802500,,,,,,
append,1477,3534801,,,,,,
encode,1477,5000,,,,,,
data_write,1477,60800,,,,,,
data_sync,1477,1778801,,,,,,
marker_write,1477,54700,,,,,,
marker_sync,1477,1632800,,,,,,
append,1478,3279400,,,,,,
encode,1478,5200,,,,,,
data_write,1478,59400,,,,,,
data_sync,1478,1546100,,,,,,
marker_write,1478,45700,,,,,,
marker_sync,1478,1619900,,,,,,
append,1479,3476100,,,,,,
encode,1479,6200,,,,,,
data_write,1479,75300,,,,,,
data_sync,1479,1643400,,,,,,
marker_write,1479,47300,,,,,,
marker_sync,1479,1701200,,,,,,
append,1480,3814200,,,,,,
encode,1480,6100,,,,,,
data_write,1480,67400,,,,,,
data_sync,1480,1627900,,,,,,
marker_write,1480,29400,,,,,,
marker_sync,1480,2080400,,,,,,
append,1481,7815701,,,,,,
encode,1481,5600,,,,,,
data_write,1481,30500,,,,,,
data_sync,1481,4827001,,,,,,
marker_write,1481,70200,,,,,,
marker_sync,1481,2879100,,,,,,
append,1482,7891200,,,,,,
encode,1482,6900,,,,,,
data_write,1482,111900,,,,,,
data_sync,1482,5846200,,,,,,
marker_write,1482,36900,,,,,,
marker_sync,1482,1886000,,,,,,
append,1483,3765301,,,,,,
encode,1483,6100,,,,,,
data_write,1483,25600,,,,,,
data_sync,1483,1982500,,,,,,
marker_write,1483,34601,,,,,,
marker_sync,1483,1712800,,,,,,
append,1484,5313700,,,,,,
encode,1484,6200,,,,,,
data_write,1484,25700,,,,,,
data_sync,1484,1762300,,,,,,
marker_write,1484,23500,,,,,,
marker_sync,1484,3492300,,,,,,
append,1485,11164901,,,,,,
encode,1485,6100,,,,,,
data_write,1485,22500,,,,,,
data_sync,1485,1822200,,,,,,
marker_write,1485,21100,,,,,,
marker_sync,1485,9289201,,,,,,
append,1486,6710800,,,,,,
encode,1486,5800,,,,,,
data_write,1486,35800,,,,,,
data_sync,1486,4919900,,,,,,
marker_write,1486,32200,,,,,,
marker_sync,1486,1713600,,,,,,
append,1487,11036401,,,,,,
encode,1487,6300,,,,,,
data_write,1487,32600,,,,,,
data_sync,1487,9196701,,,,,,
marker_write,1487,46500,,,,,,
marker_sync,1487,1750800,,,,,,
append,1488,6225900,,,,,,
encode,1488,6400,,,,,,
data_write,1488,50600,,,,,,
data_sync,1488,1511600,,,,,,
marker_write,1488,35500,,,,,,
marker_sync,1488,4618800,,,,,,
append,1489,3958700,,,,,,
encode,1489,6500,,,,,,
data_write,1489,59100,,,,,,
data_sync,1489,1864600,,,,,,
marker_write,1489,25800,,,,,,
marker_sync,1489,1998500,,,,,,
append,1490,8030201,,,,,,
encode,1490,7000,,,,,,
data_write,1490,42700,,,,,,
data_sync,1490,3987001,,,,,,
marker_write,1490,35600,,,,,,
marker_sync,1490,3954300,,,,,,
append,1491,8017700,,,,,,
encode,1491,7400,,,,,,
data_write,1491,41800,,,,,,
data_sync,1491,3941400,,,,,,
marker_write,1491,31900,,,,,,
marker_sync,1491,3991600,,,,,,
append,1492,7296801,,,,,,
encode,1492,6800,,,,,,
data_write,1492,53700,,,,,,
data_sync,1492,2704801,,,,,,
marker_write,1492,28500,,,,,,
marker_sync,1492,4497300,,,,,,
append,1493,12660701,,,,,,
encode,1493,8900,,,,,,
data_write,1493,67100,,,,,,
data_sync,1493,4609000,,,,,,
marker_write,1493,32900,,,,,,
marker_sync,1493,7939101,,,,,,
append,1494,8068700,,,,,,
encode,1494,6600,,,,,,
data_write,1494,47900,,,,,,
data_sync,1494,2937700,,,,,,
marker_write,1494,23000,,,,,,
marker_sync,1494,5047300,,,,,,
append,1495,15926301,,,,,,
encode,1495,10100,,,,,,
data_write,1495,77900,,,,,,
data_sync,1495,8080301,,,,,,
marker_write,1495,33200,,,,,,
marker_sync,1495,7720500,,,,,,
append,1496,11851001,,,,,,
encode,1496,7100,,,,,,
data_write,1496,43400,,,,,,
data_sync,1496,9488301,,,,,,
marker_write,1496,35500,,,,,,
marker_sync,1496,2273200,,,,,,
append,1497,8203200,,,,,,
encode,1497,6100,,,,,,
data_write,1497,39900,,,,,,
data_sync,1497,4150300,,,,,,
marker_write,1497,33300,,,,,,
marker_sync,1497,3970400,,,,,,
append,1498,11971701,,,,,,
encode,1498,6200,,,,,,
data_write,1498,43900,,,,,,
data_sync,1498,3914301,,,,,,
marker_write,1498,73900,,,,,,
marker_sync,1498,7928500,,,,,,
append,1499,11743301,,,,,,
encode,1499,5900,,,,,,
data_write,1499,423200,,,,,,
data_sync,1499,9284301,,,,,,
marker_write,1499,47000,,,,,,
marker_sync,1499,1979200,,,,,,
append,1500,12275401,,,,,,
encode,1500,6100,,,,,,
data_write,1500,48000,,,,,,
data_sync,1500,5573500,,,,,,
marker_write,1500,305700,,,,,,
marker_sync,1500,6337901,,,,,,
append,1501,7984600,,,,,,
encode,1501,5700,,,,,,
data_write,1501,58900,,,,,,
data_sync,1501,3911700,,,,,,
marker_write,1501,45600,,,,,,
marker_sync,1501,3958100,,,,,,
append,1502,6051701,,,,,,
encode,1502,5600,,,,,,
data_write,1502,52000,,,,,,
data_sync,1502,3932601,,,,,,
marker_write,1502,49300,,,,,,
marker_sync,1502,2008700,,,,,,
append,1503,3822100,,,,,,
encode,1503,6100,,,,,,
data_write,1503,49900,,,,,,
data_sync,1503,1889700,,,,,,
marker_write,1503,39500,,,,,,
marker_sync,1503,1833600,,,,,,
append,1504,3889800,,,,,,
encode,1504,5500,,,,,,
data_write,1504,53500,,,,,,
data_sync,1504,1827700,,,,,,
marker_write,1504,42900,,,,,,
marker_sync,1504,1956500,,,,,,
append,1505,4212200,,,,,,
encode,1505,6500,,,,,,
data_write,1505,68900,,,,,,
data_sync,1505,2108900,,,,,,
marker_write,1505,62400,,,,,,
marker_sync,1505,1961700,,,,,,
append,1506,3994400,,,,,,
encode,1506,6500,,,,,,
data_write,1506,51300,,,,,,
data_sync,1506,1989200,,,,,,
marker_write,1506,42300,,,,,,
marker_sync,1506,1901400,,,,,,
append,1507,3987101,,,,,,
encode,1507,6400,,,,,,
data_write,1507,76000,,,,,,
data_sync,1507,1926900,,,,,,
marker_write,1507,45200,,,,,,
marker_sync,1507,1925901,,,,,,
append,1508,4185800,,,,,,
encode,1508,7800,,,,,,
data_write,1508,62500,,,,,,
data_sync,1508,1974200,,,,,,
marker_write,1508,63800,,,,,,
marker_sync,1508,2074000,,,,,,
append,1509,11920500,,,,,,
encode,1509,10200,,,,,,
data_write,1509,98800,,,,,,
data_sync,1509,9731300,,,,,,
marker_write,1509,48400,,,,,,
marker_sync,1509,2027500,,,,,,
append,1510,6798800,,,,,,
encode,1510,6400,,,,,,
data_write,1510,45400,,,,,,
data_sync,1510,1772700,,,,,,
marker_write,1510,106100,,,,,,
marker_sync,1510,4864400,,,,,,
append,1511,7114900,,,,,,
encode,1511,5900,,,,,,
data_write,1511,106800,,,,,,
data_sync,1511,2993700,,,,,,
marker_write,1511,60600,,,,,,
marker_sync,1511,3944100,,,,,,
append,1512,9792300,,,,,,
encode,1512,7700,,,,,,
data_write,1512,61200,,,,,,
data_sync,1512,3934400,,,,,,
marker_write,1512,48400,,,,,,
marker_sync,1512,5736900,,,,,,
append,1513,4515500,,,,,,
encode,1513,6000,,,,,,
data_write,1513,49900,,,,,,
data_sync,1513,1720400,,,,,,
marker_write,1513,46400,,,,,,
marker_sync,1513,2688900,,,,,,
append,1514,7453401,,,,,,
encode,1514,6500,,,,,,
data_write,1514,58300,,,,,,
data_sync,1514,1759500,,,,,,
marker_write,1514,44900,,,,,,
marker_sync,1514,5580601,,,,,,
append,1515,6236500,,,,,,
encode,1515,8200,,,,,,
data_write,1515,57000,,,,,,
data_sync,1515,1979800,,,,,,
marker_write,1515,43700,,,,,,
marker_sync,1515,4143200,,,,,,
append,1516,6491900,,,,,,
encode,1516,5900,,,,,,
data_write,1516,51700,,,,,,
data_sync,1516,3937600,,,,,,
marker_write,1516,48300,,,,,,
marker_sync,1516,2443500,,,,,,
append,1517,8035900,,,,,,
encode,1517,6100,,,,,,
data_write,1517,53800,,,,,,
data_sync,1517,1920100,,,,,,
marker_write,1517,42000,,,,,,
marker_sync,1517,6009800,,,,,,
append,1518,7634500,,,,,,
encode,1518,6200,,,,,,
data_write,1518,65800,,,,,,
data_sync,1518,5393700,,,,,,
marker_write,1518,85200,,,,,,
marker_sync,1518,2079300,,,,,,
append,1519,7776300,,,,,,
encode,1519,5800,,,,,,
data_write,1519,55300,,,,,,
data_sync,1519,5768400,,,,,,
marker_write,1519,83200,,,,,,
marker_sync,1519,1858900,,,,,,
append,1520,6052700,,,,,,
encode,1520,6000,,,,,,
data_write,1520,60100,,,,,,
data_sync,1520,1642800,,,,,,
marker_write,1520,40500,,,,,,
marker_sync,1520,4299800,,,,,,
append,1521,3702800,,,,,,
encode,1521,6600,,,,,,
data_write,1521,51600,,,,,,
data_sync,1521,1925500,,,,,,
marker_write,1521,25600,,,,,,
marker_sync,1521,1689800,,,,,,
append,1522,16311701,,,,,,
encode,1522,6300,,,,,,
data_write,1522,38600,,,,,,
data_sync,1522,12225801,,,,,,
marker_write,1522,47700,,,,,,
marker_sync,1522,3988800,,,,,,
append,1523,7750600,,,,,,
encode,1523,8500,,,,,,
data_write,1523,93000,,,,,,
data_sync,1523,3885000,,,,,,
marker_write,1523,44700,,,,,,
marker_sync,1523,3714900,,,,,,
append,1524,12232900,,,,,,
encode,1524,6600,,,,,,
data_write,1524,146300,,,,,,
data_sync,1524,4066000,,,,,,
marker_write,1524,75600,,,,,,
marker_sync,1524,7934000,,,,,,
append,1525,11994300,,,,,,
encode,1525,6400,,,,,,
data_write,1525,87200,,,,,,
data_sync,1525,6730200,,,,,,
marker_write,1525,33800,,,,,,
marker_sync,1525,5132700,,,,,,
append,1526,4046100,,,,,,
encode,1526,6700,,,,,,
data_write,1526,91400,,,,,,
data_sync,1526,2001600,,,,,,
marker_write,1526,67100,,,,,,
marker_sync,1526,1875500,,,,,,
append,1527,9889101,,,,,,
encode,1527,6600,,,,,,
data_write,1527,40200,,,,,,
data_sync,1527,7900701,,,,,,
marker_write,1527,34900,,,,,,
marker_sync,1527,1903300,,,,,,
append,1528,10075800,,,,,,
encode,1528,6500,,,,,,
data_write,1528,42200,,,,,,
data_sync,1528,1640500,,,,,,
marker_write,1528,26700,,,,,,
marker_sync,1528,8356400,,,,,,
append,1529,7973100,,,,,,
encode,1529,6500,,,,,,
data_write,1529,50700,,,,,,
data_sync,1529,3917000,,,,,,
marker_write,1529,41600,,,,,,
marker_sync,1529,3953100,,,,,,
append,1530,6284100,,,,,,
encode,1530,6700,,,,,,
data_write,1530,38600,,,,,,
data_sync,1530,3954800,,,,,,
marker_write,1530,31100,,,,,,
marker_sync,1530,2248200,,,,,,
append,1531,4685800,,,,,,
encode,1531,6200,,,,,,
data_write,1531,51500,,,,,,
data_sync,1531,2068600,,,,,,
marker_write,1531,40000,,,,,,
marker_sync,1531,2515700,,,,,,
append,1532,4250300,,,,,,
encode,1532,7000,,,,,,
data_write,1532,47100,,,,,,
data_sync,1532,2342000,,,,,,
marker_write,1532,41500,,,,,,
marker_sync,1532,1809100,,,,,,
append,1533,8192000,,,,,,
encode,1533,6800,,,,,,
data_write,1533,48000,,,,,,
data_sync,1533,4617200,,,,,,
marker_write,1533,103400,,,,,,
marker_sync,1533,3413100,,,,,,
append,1534,4367700,,,,,,
encode,1534,6300,,,,,,
data_write,1534,43500,,,,,,
data_sync,1534,2552200,,,,,,
marker_write,1534,75400,,,,,,
marker_sync,1534,1686100,,,,,,
append,1535,3487801,,,,,,
encode,1535,5700,,,,,,
data_write,1535,73000,,,,,,
data_sync,1535,1601401,,,,,,
marker_write,1535,73300,,,,,,
marker_sync,1535,1730900,,,,,,
append,1536,10762300,,,,,,
encode,1536,5700,,,,,,
data_write,1536,75100,,,,,,
data_sync,1536,8682700,,,,,,
marker_write,1536,79700,,,,,,
marker_sync,1536,1914100,,,,,,
append,1537,8757300,,,,,,
encode,1537,5300,,,,,,
data_write,1537,83900,,,,,,
data_sync,1537,5871700,,,,,,
marker_write,1537,39000,,,,,,
marker_sync,1537,2754100,,,,,,
append,1538,9140000,,,,,,
encode,1538,6700,,,,,,
data_write,1538,83600,,,,,,
data_sync,1538,5081700,,,,,,
marker_write,1538,75000,,,,,,
marker_sync,1538,3889000,,,,,,
append,1539,9007600,,,,,,
encode,1539,6600,,,,,,
data_write,1539,73300,,,,,,
data_sync,1539,2105000,,,,,,
marker_write,1539,32500,,,,,,
marker_sync,1539,6785700,,,,,,
append,1540,4783800,,,,,,
encode,1540,7100,,,,,,
data_write,1540,133300,,,,,,
data_sync,1540,1854700,,,,,,
marker_write,1540,35600,,,,,,
marker_sync,1540,2749700,,,,,,
append,1541,4970700,,,,,,
encode,1541,6000,,,,,,
data_write,1541,42600,,,,,,
data_sync,1541,2695500,,,,,,
marker_write,1541,127800,,,,,,
marker_sync,1541,2094800,,,,,,
append,1542,4128101,,,,,,
encode,1542,6400,,,,,,
data_write,1542,131400,,,,,,
data_sync,1542,1992301,,,,,,
marker_write,1542,34200,,,,,,
marker_sync,1542,1959700,,,,,,
append,1543,10142400,,,,,,
encode,1543,6500,,,,,,
data_write,1543,34300,,,,,,
data_sync,1543,6707800,,,,,,
marker_write,1543,38500,,,,,,
marker_sync,1543,3351600,,,,,,
append,1544,4182500,,,,,,
encode,1544,4500,,,,,,
data_write,1544,37900,,,,,,
data_sync,1544,2514400,,,,,,
marker_write,1544,39900,,,,,,
marker_sync,1544,1583500,,,,,,
append,1545,3536500,,,,,,
encode,1545,5000,,,,,,
data_write,1545,35200,,,,,,
data_sync,1545,1565300,,,,,,
marker_write,1545,41800,,,,,,
marker_sync,1545,1885100,,,,,,
append,1546,3847600,,,,,,
encode,1546,6000,,,,,,
data_write,1546,85600,,,,,,
data_sync,1546,1878500,,,,,,
marker_write,1546,78900,,,,,,
marker_sync,1546,1794900,,,,,,
append,1547,3684600,,,,,,
encode,1547,6000,,,,,,
data_write,1547,77700,,,,,,
data_sync,1547,1756600,,,,,,
marker_write,1547,31800,,,,,,
marker_sync,1547,1808700,,,,,,
append,1548,4698900,,,,,,
encode,1548,6700,,,,,,
data_write,1548,44300,,,,,,
data_sync,1548,1982200,,,,,,
marker_write,1548,82500,,,,,,
marker_sync,1548,2579300,,,,,,
append,1549,3872200,,,,,,
encode,1549,7400,,,,,,
data_write,1549,50100,,,,,,
data_sync,1549,1946400,,,,,,
marker_write,1549,39400,,,,,,
marker_sync,1549,1825200,,,,,,
append,1550,3775400,,,,,,
encode,1550,6600,,,,,,
data_write,1550,57800,,,,,,
data_sync,1550,1877500,,,,,,
marker_write,1550,20300,,,,,,
marker_sync,1550,1809500,,,,,,
append,1551,3479500,,,,,,
encode,1551,7300,,,,,,
data_write,1551,39000,,,,,,
data_sync,1551,1800500,,,,,,
marker_write,1551,38300,,,,,,
marker_sync,1551,1591400,,,,,,
append,1552,4032700,,,,,,
encode,1552,6100,,,,,,
data_write,1552,40500,,,,,,
data_sync,1552,2005900,,,,,,
marker_write,1552,73300,,,,,,
marker_sync,1552,1903000,,,,,,
append,1553,4090601,,,,,,
encode,1553,5800,,,,,,
data_write,1553,74800,,,,,,
data_sync,1553,2002900,,,,,,
marker_write,1553,68000,,,,,,
marker_sync,1553,1936001,,,,,,
append,1554,4381700,,,,,,
encode,1554,6000,,,,,,
data_write,1554,71200,,,,,,
data_sync,1554,1952000,,,,,,
marker_write,1554,58600,,,,,,
marker_sync,1554,2291100,,,,,,
append,1555,3549700,,,,,,
encode,1555,4800,,,,,,
data_write,1555,55700,,,,,,
data_sync,1555,1757000,,,,,,
marker_write,1555,56500,,,,,,
marker_sync,1555,1671100,,,,,,
append,1556,4151100,,,,,,
encode,1556,7000,,,,,,
data_write,1556,65800,,,,,,
data_sync,1556,1962300,,,,,,
marker_write,1556,64900,,,,,,
marker_sync,1556,2047900,,,,,,
append,1557,4128400,,,,,,
encode,1557,7000,,,,,,
data_write,1557,66800,,,,,,
data_sync,1557,2058600,,,,,,
marker_write,1557,65600,,,,,,
marker_sync,1557,1926100,,,,,,
append,1558,4321600,,,,,,
encode,1558,6800,,,,,,
data_write,1558,78200,,,,,,
data_sync,1558,2058100,,,,,,
marker_write,1558,71400,,,,,,
marker_sync,1558,2103300,,,,,,
append,1559,3952600,,,,,,
encode,1559,7700,,,,,,
data_write,1559,85700,,,,,,
data_sync,1559,1791700,,,,,,
marker_write,1559,54300,,,,,,
marker_sync,1559,2009600,,,,,,
append,1560,3734400,,,,,,
encode,1560,6600,,,,,,
data_write,1560,78600,,,,,,
data_sync,1560,1939200,,,,,,
marker_write,1560,56700,,,,,,
marker_sync,1560,1650100,,,,,,
append,1561,3594200,,,,,,
encode,1561,5700,,,,,,
data_write,1561,72400,,,,,,
data_sync,1561,1795400,,,,,,
marker_write,1561,56300,,,,,,
marker_sync,1561,1660700,,,,,,
append,1562,3400900,,,,,,
encode,1562,6000,,,,,,
data_write,1562,74200,,,,,,
data_sync,1562,1582200,,,,,,
marker_write,1562,58400,,,,,,
marker_sync,1562,1677300,,,,,,
append,1563,3096300,,,,,,
encode,1563,6000,,,,,,
data_write,1563,66800,,,,,,
data_sync,1563,1509500,,,,,,
marker_write,1563,52200,,,,,,
marker_sync,1563,1459300,,,,,,
append,1564,3380500,,,,,,
encode,1564,6100,,,,,,
data_write,1564,66300,,,,,,
data_sync,1564,1473800,,,,,,
marker_write,1564,56300,,,,,,
marker_sync,1564,1775300,,,,,,
append,1565,3827200,,,,,,
encode,1565,5400,,,,,,
data_write,1565,64700,,,,,,
data_sync,1565,1846000,,,,,,
marker_write,1565,67700,,,,,,
marker_sync,1565,1840200,,,,,,
append,1566,3653700,,,,,,
encode,1566,6400,,,,,,
data_write,1566,75300,,,,,,
data_sync,1566,1773200,,,,,,
marker_write,1566,59800,,,,,,
marker_sync,1566,1736200,,,,,,
append,1567,3457601,,,,,,
encode,1567,6300,,,,,,
data_write,1567,69800,,,,,,
data_sync,1567,1594500,,,,,,
marker_write,1567,58800,,,,,,
marker_sync,1567,1725801,,,,,,
append,1568,3707600,,,,,,
encode,1568,5800,,,,,,
data_write,1568,73400,,,,,,
data_sync,1568,1863200,,,,,,
marker_write,1568,56700,,,,,,
marker_sync,1568,1705200,,,,,,
append,1569,3490800,,,,,,
encode,1569,6500,,,,,,
data_write,1569,73800,,,,,,
data_sync,1569,1648700,,,,,,
marker_write,1569,56700,,,,,,
marker_sync,1569,1701800,,,,,,
append,1570,3386000,,,,,,
encode,1570,4800,,,,,,
data_write,1570,59800,,,,,,
data_sync,1570,1659700,,,,,,
marker_write,1570,44000,,,,,,
marker_sync,1570,1614900,,,,,,
append,1571,3396700,,,,,,
encode,1571,5700,,,,,,
data_write,1571,65800,,,,,,
data_sync,1571,1645800,,,,,,
marker_write,1571,50600,,,,,,
marker_sync,1571,1625400,,,,,,
append,1572,3297700,,,,,,
encode,1572,4500,,,,,,
data_write,1572,59400,,,,,,
data_sync,1572,1605700,,,,,,
marker_write,1572,49500,,,,,,
marker_sync,1572,1575400,,,,,,
append,1573,3603300,,,,,,
encode,1573,5300,,,,,,
data_write,1573,55500,,,,,,
data_sync,1573,1701900,,,,,,
marker_write,1573,66600,,,,,,
marker_sync,1573,1770900,,,,,,
append,1574,4096900,,,,,,
encode,1574,5900,,,,,,
data_write,1574,60500,,,,,,
data_sync,1574,1708200,,,,,,
marker_write,1574,55100,,,,,,
marker_sync,1574,2264300,,,,,,
append,1575,3716600,,,,,,
encode,1575,6400,,,,,,
data_write,1575,64200,,,,,,
data_sync,1575,1897200,,,,,,
marker_write,1575,42800,,,,,,
marker_sync,1575,1702600,,,,,,
append,1576,3375500,,,,,,
encode,1576,6200,,,,,,
data_write,1576,65500,,,,,,
data_sync,1576,1586300,,,,,,
marker_write,1576,45400,,,,,,
marker_sync,1576,1640500,,,,,,
append,1577,3652900,,,,,,
encode,1577,6300,,,,,,
data_write,1577,71400,,,,,,
data_sync,1577,1623200,,,,,,
marker_write,1577,53200,,,,,,
marker_sync,1577,1896100,,,,,,
append,1578,4225200,,,,,,
encode,1578,6400,,,,,,
data_write,1578,84000,,,,,,
data_sync,1578,1964100,,,,,,
marker_write,1578,59000,,,,,,
marker_sync,1578,2108200,,,,,,
append,1579,3789000,,,,,,
encode,1579,5300,,,,,,
data_write,1579,36500,,,,,,
data_sync,1579,1877100,,,,,,
marker_write,1579,29700,,,,,,
marker_sync,1579,1837000,,,,,,
append,1580,4328100,,,,,,
encode,1580,6000,,,,,,
data_write,1580,45800,,,,,,
data_sync,1580,2027900,,,,,,
marker_write,1580,55300,,,,,,
marker_sync,1580,2189900,,,,,,
append,1581,4316701,,,,,,
encode,1581,6100,,,,,,
data_write,1581,63600,,,,,,
data_sync,1581,2152700,,,,,,
marker_write,1581,56900,,,,,,
marker_sync,1581,2033501,,,,,,
append,1582,7420000,,,,,,
encode,1582,6100,,,,,,
data_write,1582,67300,,,,,,
data_sync,1582,2010200,,,,,,
marker_write,1582,41500,,,,,,
marker_sync,1582,5291400,,,,,,
append,1583,3741700,,,,,,
encode,1583,6500,,,,,,
data_write,1583,29500,,,,,,
data_sync,1583,1885100,,,,,,
marker_write,1583,31900,,,,,,
marker_sync,1583,1785400,,,,,,
append,1584,3920300,,,,,,
encode,1584,6300,,,,,,
data_write,1584,36500,,,,,,
data_sync,1584,1840500,,,,,,
marker_write,1584,40400,,,,,,
marker_sync,1584,1993700,,,,,,
append,1585,4054900,,,,,,
encode,1585,5800,,,,,,
data_write,1585,69400,,,,,,
data_sync,1585,1931400,,,,,,
marker_write,1585,54400,,,,,,
marker_sync,1585,1990700,,,,,,
append,1586,3844100,,,,,,
encode,1586,5100,,,,,,
data_write,1586,54900,,,,,,
data_sync,1586,1978300,,,,,,
marker_write,1586,54100,,,,,,
marker_sync,1586,1748300,,,,,,
append,1587,3244300,,,,,,
encode,1587,6000,,,,,,
data_write,1587,60900,,,,,,
data_sync,1587,1601300,,,,,,
marker_write,1587,18700,,,,,,
marker_sync,1587,1554900,,,,,,
append,1588,3504900,,,,,,
encode,1588,4200,,,,,,
data_write,1588,49800,,,,,,
data_sync,1588,1592600,,,,,,
marker_write,1588,54100,,,,,,
marker_sync,1588,1801500,,,,,,
append,1589,4121900,,,,,,
encode,1589,5400,,,,,,
data_write,1589,57400,,,,,,
data_sync,1589,2305300,,,,,,
marker_write,1589,51400,,,,,,
marker_sync,1589,1698800,,,,,,
append,1590,3709100,,,,,,
encode,1590,6000,,,,,,
data_write,1590,62500,,,,,,
data_sync,1590,1757600,,,,,,
marker_write,1590,44500,,,,,,
marker_sync,1590,1835400,,,,,,
append,1591,4156600,,,,,,
encode,1591,7000,,,,,,
data_write,1591,63700,,,,,,
data_sync,1591,1904900,,,,,,
marker_write,1591,56900,,,,,,
marker_sync,1591,2120400,,,,,,
append,1592,42523901,,,,,,
encode,1592,6000,,,,,,
data_write,1592,79100,,,,,,
data_sync,1592,2114800,,,,,,
marker_write,1592,63400,,,,,,
marker_sync,1592,40257101,,,,,,
append,1593,33239901,,,,,,
encode,1593,6400,,,,,,
data_write,1593,74800,,,,,,
data_sync,1593,30805401,,,,,,
marker_write,1593,85700,,,,,,
marker_sync,1593,2264100,,,,,,
append,1594,4368600,,,,,,
encode,1594,6800,,,,,,
data_write,1594,76600,,,,,,
data_sync,1594,2106800,,,,,,
marker_write,1594,60400,,,,,,
marker_sync,1594,2113600,,,,,,
append,1595,9141200,,,,,,
encode,1595,7100,,,,,,
data_write,1595,79100,,,,,,
data_sync,1595,1921300,,,,,,
marker_write,1595,62000,,,,,,
marker_sync,1595,7066600,,,,,,
append,1596,12671200,,,,,,
encode,1596,8200,,,,,,
data_write,1596,58300,,,,,,
data_sync,1596,7390000,,,,,,
marker_write,1596,61000,,,,,,
marker_sync,1596,5149400,,,,,,
append,1597,6236200,,,,,,
encode,1597,5900,,,,,,
data_write,1597,80300,,,,,,
data_sync,1597,2019100,,,,,,
marker_write,1597,55300,,,,,,
marker_sync,1597,4072000,,,,,,
append,1598,4526301,,,,,,
encode,1598,6300,,,,,,
data_write,1598,77200,,,,,,
data_sync,1598,2312000,,,,,,
marker_write,1598,32200,,,,,,
marker_sync,1598,2095601,,,,,,
append,1599,5290800,,,,,,
encode,1599,4900,,,,,,
data_write,1599,67000,,,,,,
data_sync,1599,1913600,,,,,,
marker_write,1599,36500,,,,,,
marker_sync,1599,3265600,,,,,,
append,1600,4231700,,,,,,
encode,1600,6900,,,,,,
data_write,1600,44100,,,,,,
data_sync,1600,1949000,,,,,,
marker_write,1600,26600,,,,,,
marker_sync,1600,2201700,,,,,,
append,1601,4076000,,,,,,
encode,1601,5300,,,,,,
data_write,1601,89800,,,,,,
data_sync,1601,2037600,,,,,,
marker_write,1601,65600,,,,,,
marker_sync,1601,1874400,,,,,,
append,1602,4154700,,,,,,
encode,1602,6700,,,,,,
data_write,1602,41600,,,,,,
data_sync,1602,2062000,,,,,,
marker_write,1602,140100,,,,,,
marker_sync,1602,1901400,,,,,,
append,1603,7456600,,,,,,
encode,1603,6700,,,,,,
data_write,1603,46000,,,,,,
data_sync,1603,2223400,,,,,,
marker_write,1603,42300,,,,,,
marker_sync,1603,5133900,,,,,,
append,1604,3718300,,,,,,
encode,1604,6900,,,,,,
data_write,1604,51400,,,,,,
data_sync,1604,1762500,,,,,,
marker_write,1604,29100,,,,,,
marker_sync,1604,1865500,,,,,,
append,1605,4051100,,,,,,
encode,1605,6100,,,,,,
data_write,1605,42600,,,,,,
data_sync,1605,1922800,,,,,,
marker_write,1605,38800,,,,,,
marker_sync,1605,2036800,,,,,,
append,1606,4308100,,,,,,
encode,1606,6700,,,,,,
data_write,1606,64100,,,,,,
data_sync,1606,2331900,,,,,,
marker_write,1606,39400,,,,,,
marker_sync,1606,1862900,,,,,,
append,1607,3715700,,,,,,
encode,1607,6200,,,,,,
data_write,1607,42700,,,,,,
data_sync,1607,1863700,,,,,,
marker_write,1607,38600,,,,,,
marker_sync,1607,1761300,,,,,,
append,1608,3825500,,,,,,
encode,1608,6100,,,,,,
data_write,1608,49000,,,,,,
data_sync,1608,1893900,,,,,,
marker_write,1608,38100,,,,,,
marker_sync,1608,1834800,,,,,,
append,1609,4007000,,,,,,
encode,1609,6300,,,,,,
data_write,1609,39800,,,,,,
data_sync,1609,1904600,,,,,,
marker_write,1609,43600,,,,,,
marker_sync,1609,2009200,,,,,,
append,1610,4043801,,,,,,
encode,1610,6100,,,,,,
data_write,1610,46000,,,,,,
data_sync,1610,2081500,,,,,,
marker_write,1610,42200,,,,,,
marker_sync,1610,1863601,,,,,,
append,1611,3968500,,,,,,
encode,1611,6300,,,,,,
data_write,1611,48100,,,,,,
data_sync,1611,1975700,,,,,,
marker_write,1611,39500,,,,,,
marker_sync,1611,1894800,,,,,,
append,1612,3904900,,,,,,
encode,1612,6600,,,,,,
data_write,1612,46900,,,,,,
data_sync,1612,1889500,,,,,,
marker_write,1612,39700,,,,,,
marker_sync,1612,1918300,,,,,,
append,1613,4072600,,,,,,
encode,1613,8900,,,,,,
data_write,1613,45200,,,,,,
data_sync,1613,1919500,,,,,,
marker_write,1613,37900,,,,,,
marker_sync,1613,2057900,,,,,,
append,1614,4020600,,,,,,
encode,1614,5600,,,,,,
data_write,1614,46000,,,,,,
data_sync,1614,1943000,,,,,,
marker_write,1614,43500,,,,,,
marker_sync,1614,1979100,,,,,,
append,1615,8114200,,,,,,
encode,1615,6300,,,,,,
data_write,1615,50200,,,,,,
data_sync,1615,1987200,,,,,,
marker_write,1615,35500,,,,,,
marker_sync,1615,6031600,,,,,,
append,1616,4251900,,,,,,
encode,1616,6300,,,,,,
data_write,1616,54900,,,,,,
data_sync,1616,2031800,,,,,,
marker_write,1616,84500,,,,,,
marker_sync,1616,2071100,,,,,,
append,1617,6610100,,,,,,
encode,1617,6300,,,,,,
data_write,1617,51200,,,,,,
data_sync,1617,4798400,,,,,,
marker_write,1617,47100,,,,,,
marker_sync,1617,1703700,,,,,,
append,1618,6275400,,,,,,
encode,1618,6300,,,,,,
data_write,1618,55700,,,,,,
data_sync,1618,4353200,,,,,,
marker_write,1618,40700,,,,,,
marker_sync,1618,1815900,,,,,,
append,1619,14113401,,,,,,
encode,1619,6500,,,,,,
data_write,1619,88000,,,,,,
data_sync,1619,10034901,,,,,,
marker_write,1619,54100,,,,,,
marker_sync,1619,3926600,,,,,,
append,1620,12013800,,,,,,
encode,1620,6400,,,,,,
data_write,1620,41500,,,,,,
data_sync,1620,3957700,,,,,,
marker_write,1620,44800,,,,,,
marker_sync,1620,7958900,,,,,,
append,1621,7981800,,,,,,
encode,1621,6900,,,,,,
data_write,1621,53000,,,,,,
data_sync,1621,3926400,,,,,,
marker_write,1621,44500,,,,,,
marker_sync,1621,3947100,,,,,,
append,1622,8002300,,,,,,
encode,1622,5700,,,,,,
data_write,1622,49100,,,,,,
data_sync,1622,3948700,,,,,,
marker_write,1622,59000,,,,,,
marker_sync,1622,3936600,,,,,,
append,1623,8008600,,,,,,
encode,1623,6000,,,,,,
data_write,1623,46300,,,,,,
data_sync,1623,3941400,,,,,,
marker_write,1623,41400,,,,,,
marker_sync,1623,3969500,,,,,,
append,1624,6022500,,,,,,
encode,1624,6400,,,,,,
data_write,1624,46900,,,,,,
data_sync,1624,3965000,,,,,,
marker_write,1624,43400,,,,,,
marker_sync,1624,1957600,,,,,,
append,1625,4084500,,,,,,
encode,1625,6500,,,,,,
data_write,1625,44600,,,,,,
data_sync,1625,1635200,,,,,,
marker_write,1625,33900,,,,,,
marker_sync,1625,2361200,,,,,,
append,1626,3777001,,,,,,
encode,1626,6200,,,,,,
data_write,1626,42300,,,,,,
data_sync,1626,1852201,,,,,,
marker_write,1626,40700,,,,,,
marker_sync,1626,1831800,,,,,,
append,1627,3821600,,,,,,
encode,1627,6500,,,,,,
data_write,1627,44400,,,,,,
data_sync,1627,1797500,,,,,,
marker_write,1627,32300,,,,,,
marker_sync,1627,1937600,,,,,,
append,1628,3801100,,,,,,
encode,1628,6500,,,,,,
data_write,1628,43400,,,,,,
data_sync,1628,1824900,,,,,,
marker_write,1628,38300,,,,,,
marker_sync,1628,1884300,,,,,,
append,1629,4155600,,,,,,
encode,1629,6600,,,,,,
data_write,1629,46400,,,,,,
data_sync,1629,2128600,,,,,,
marker_write,1629,41800,,,,,,
marker_sync,1629,1929100,,,,,,
append,1630,3844800,,,,,,
encode,1630,5600,,,,,,
data_write,1630,42300,,,,,,
data_sync,1630,1873900,,,,,,
marker_write,1630,40100,,,,,,
marker_sync,1630,1879400,,,,,,
append,1631,3932900,,,,,,
encode,1631,5500,,,,,,
data_write,1631,47800,,,,,,
data_sync,1631,1919500,,,,,,
marker_write,1631,38400,,,,,,
marker_sync,1631,1918500,,,,,,
append,1632,3772800,,,,,,
encode,1632,6000,,,,,,
data_write,1632,44700,,,,,,
data_sync,1632,1839300,,,,,,
marker_write,1632,27500,,,,,,
marker_sync,1632,1851700,,,,,,
append,1633,3974400,,,,,,
encode,1633,6600,,,,,,
data_write,1633,60400,,,,,,
data_sync,1633,2009800,,,,,,
marker_write,1633,39600,,,,,,
marker_sync,1633,1854900,,,,,,
append,1634,13039900,,,,,,
encode,1634,6500,,,,,,
data_write,1634,34400,,,,,,
data_sync,1634,10733900,,,,,,
marker_write,1634,43100,,,,,,
marker_sync,1634,2218500,,,,,,
append,1635,5115700,,,,,,
encode,1635,6800,,,,,,
data_write,1635,52500,,,,,,
data_sync,1635,1695800,,,,,,
marker_write,1635,61600,,,,,,
marker_sync,1635,3294400,,,,,,
append,1636,9109801,,,,,,
encode,1636,6400,,,,,,
data_write,1636,73000,,,,,,
data_sync,1636,6837801,,,,,,
marker_write,1636,37400,,,,,,
marker_sync,1636,2150700,,,,,,
append,1637,10117400,,,,,,
encode,1637,5700,,,,,,
data_write,1637,46500,,,,,,
data_sync,1637,7464900,,,,,,
marker_write,1637,39500,,,,,,
marker_sync,1637,2557000,,,,,,
append,1638,5406500,,,,,,
encode,1638,8300,,,,,,
data_write,1638,54400,,,,,,
data_sync,1638,1715400,,,,,,
marker_write,1638,37900,,,,,,
marker_sync,1638,3587200,,,,,,
append,1639,7989700,,,,,,
encode,1639,6500,,,,,,
data_write,1639,49300,,,,,,
data_sync,1639,3934500,,,,,,
marker_write,1639,91300,,,,,,
marker_sync,1639,3904000,,,,,,
append,1640,8006400,,,,,,
encode,1640,6700,,,,,,
data_write,1640,44900,,,,,,
data_sync,1640,4020300,,,,,,
marker_write,1640,45500,,,,,,
marker_sync,1640,3885200,,,,,,
append,1641,7981000,,,,,,
encode,1641,9300,,,,,,
data_write,1641,51900,,,,,,
data_sync,1641,3928800,,,,,,
marker_write,1641,45100,,,,,,
marker_sync,1641,3942100,,,,,,
append,1642,8041701,,,,,,
encode,1642,5400,,,,,,
data_write,1642,40500,,,,,,
data_sync,1642,3960200,,,,,,
marker_write,1642,35500,,,,,,
marker_sync,1642,3996301,,,,,,
append,1643,19966900,,,,,,
encode,1643,6600,,,,,,
data_write,1643,46000,,,,,,
data_sync,1643,7916200,,,,,,
marker_write,1643,38200,,,,,,
marker_sync,1643,11955900,,,,,,
append,1644,8004600,,,,,,
encode,1644,7500,,,,,,
data_write,1644,52900,,,,,,
data_sync,1644,1918800,,,,,,
marker_write,1644,40200,,,,,,
marker_sync,1644,5981800,,,,,,
append,1645,7994700,,,,,,
encode,1645,6800,,,,,,
data_write,1645,47300,,,,,,
data_sync,1645,3924300,,,,,,
marker_write,1645,45600,,,,,,
marker_sync,1645,3967300,,,,,,
append,1646,4059400,,,,,,
encode,1646,5900,,,,,,
data_write,1646,44300,,,,,,
data_sync,1646,1920900,,,,,,
marker_write,1646,47000,,,,,,
marker_sync,1646,2037600,,,,,,
append,1647,3974700,,,,,,
encode,1647,6600,,,,,,
data_write,1647,52300,,,,,,
data_sync,1647,1856200,,,,,,
marker_write,1647,60900,,,,,,
marker_sync,1647,1995400,,,,,,
append,1648,6205301,,,,,,
encode,1648,6500,,,,,,
data_write,1648,51200,,,,,,
data_sync,1648,1918200,,,,,,
marker_write,1648,42800,,,,,,
marker_sync,1648,4182901,,,,,,
append,1649,3694600,,,,,,
encode,1649,6000,,,,,,
data_write,1649,64700,,,,,,
data_sync,1649,1948300,,,,,,
marker_write,1649,41700,,,,,,
marker_sync,1649,1630000,,,,,,
append,1650,7905300,,,,,,
encode,1650,6300,,,,,,
data_write,1650,56600,,,,,,
data_sync,1650,6008800,,,,,,
marker_write,1650,46100,,,,,,
marker_sync,1650,1784200,,,,,,
append,1651,6155400,,,,,,
encode,1651,6700,,,,,,
data_write,1651,76300,,,,,,
data_sync,1651,1620200,,,,,,
marker_write,1651,59400,,,,,,
marker_sync,1651,4389000,,,,,,
append,1652,8002800,,,,,,
encode,1652,7000,,,,,,
data_write,1652,89000,,,,,,
data_sync,1652,3892300,,,,,,
marker_write,1652,81500,,,,,,
marker_sync,1652,3929000,,,,,,
append,1653,8084700,,,,,,
encode,1653,6600,,,,,,
data_write,1653,85400,,,,,,
data_sync,1653,3897200,,,,,,
marker_write,1653,80900,,,,,,
marker_sync,1653,4011100,,,,,,
append,1654,4002500,,,,,,
encode,1654,6500,,,,,,
data_write,1654,50000,,,,,,
data_sync,1654,2080100,,,,,,
marker_write,1654,33800,,,,,,
marker_sync,1654,1828300,,,,,,
append,1655,7666200,,,,,,
encode,1655,5700,,,,,,
data_write,1655,41300,,,,,,
data_sync,1655,5674400,,,,,,
marker_write,1655,74000,,,,,,
marker_sync,1655,1867300,,,,,,
append,1656,3916500,,,,,,
encode,1656,6100,,,,,,
data_write,1656,67300,,,,,,
data_sync,1656,1893900,,,,,,
marker_write,1656,63100,,,,,,
marker_sync,1656,1882600,,,,,,
append,1657,4762401,,,,,,
encode,1657,6300,,,,,,
data_write,1657,72300,,,,,,
data_sync,1657,1642400,,,,,,
marker_write,1657,31201,,,,,,
marker_sync,1657,3007000,,,,,,
append,1658,4142300,,,,,,
encode,1658,6100,,,,,,
data_write,1658,93200,,,,,,
data_sync,1658,2103200,,,,,,
marker_write,1658,67200,,,,,,
marker_sync,1658,1869200,,,,,,
append,1659,3775900,,,,,,
encode,1659,6700,,,,,,
data_write,1659,79300,,,,,,
data_sync,1659,1890700,,,,,,
marker_write,1659,64300,,,,,,
marker_sync,1659,1732000,,,,,,
append,1660,4087400,,,,,,
encode,1660,6200,,,,,,
data_write,1660,76400,,,,,,
data_sync,1660,2018500,,,,,,
marker_write,1660,56700,,,,,,
marker_sync,1660,1926200,,,,,,
append,1661,4076100,,,,,,
encode,1661,6200,,,,,,
data_write,1661,77400,,,,,,
data_sync,1661,1995900,,,,,,
marker_write,1661,57500,,,,,,
marker_sync,1661,1936000,,,,,,
append,1662,4077000,,,,,,
encode,1662,6200,,,,,,
data_write,1662,78100,,,,,,
data_sync,1662,1939300,,,,,,
marker_write,1662,66400,,,,,,
marker_sync,1662,1983300,,,,,,
append,1663,4031300,,,,,,
encode,1663,6600,,,,,,
data_write,1663,82000,,,,,,
data_sync,1663,1858200,,,,,,
marker_write,1663,68300,,,,,,
marker_sync,1663,2012900,,,,,,
append,1664,4191200,,,,,,
encode,1664,6400,,,,,,
data_write,1664,79100,,,,,,
data_sync,1664,2006200,,,,,,
marker_write,1664,66900,,,,,,
marker_sync,1664,2028800,,,,,,
append,1665,11105800,,,,,,
encode,1665,5000,,,,,,
data_write,1665,84900,,,,,,
data_sync,1665,7033000,,,,,,
marker_write,1665,83500,,,,,,
marker_sync,1665,3895300,,,,,,
append,1666,8056300,,,,,,
encode,1666,5700,,,,,,
data_write,1666,89600,,,,,,
data_sync,1666,1968700,,,,,,
marker_write,1666,69500,,,,,,
marker_sync,1666,5917700,,,,,,
append,1667,11975101,,,,,,
encode,1667,8900,,,,,,
data_write,1667,58200,,,,,,
data_sync,1667,3943001,,,,,,
marker_write,1667,125300,,,,,,
marker_sync,1667,7835300,,,,,,
append,1668,8009000,,,,,,
encode,1668,6800,,,,,,
data_write,1668,55100,,,,,,
data_sync,1668,3942000,,,,,,
marker_write,1668,46100,,,,,,
marker_sync,1668,3955800,,,,,,
append,1669,6076000,,,,,,
encode,1669,6700,,,,,,
data_write,1669,50500,,,,,,
data_sync,1669,3946900,,,,,,
marker_write,1669,43000,,,,,,
marker_sync,1669,2025800,,,,,,
append,1670,3741400,,,,,,
encode,1670,5700,,,,,,
data_write,1670,48000,,,,,,
data_sync,1670,1835300,,,,,,
marker_write,1670,38900,,,,,,
marker_sync,1670,1810000,,,,,,
append,1671,4155900,,,,,,
encode,1671,7400,,,,,,
data_write,1671,55700,,,,,,
data_sync,1671,2146800,,,,,,
marker_write,1671,46800,,,,,,
marker_sync,1671,1895600,,,,,,
append,1672,3923900,,,,,,
encode,1672,6200,,,,,,
data_write,1672,53300,,,,,,
data_sync,1672,1818700,,,,,,
marker_write,1672,44000,,,,,,
marker_sync,1672,1998500,,,,,,
append,1673,3838400,,,,,,
encode,1673,6000,,,,,,
data_write,1673,49200,,,,,,
data_sync,1673,1844400,,,,,,
marker_write,1673,42900,,,,,,
marker_sync,1673,1892900,,,,,,
append,1674,4048700,,,,,,
encode,1674,6500,,,,,,
data_write,1674,52500,,,,,,
data_sync,1674,1861000,,,,,,
marker_write,1674,39100,,,,,,
marker_sync,1674,2083400,,,,,,
append,1675,4228600,,,,,,
encode,1675,6300,,,,,,
data_write,1675,49100,,,,,,
data_sync,1675,2060200,,,,,,
marker_write,1675,47600,,,,,,
marker_sync,1675,2030500,,,,,,
append,1676,3946501,,,,,,
encode,1676,5700,,,,,,
data_write,1676,48000,,,,,,
data_sync,1676,1808900,,,,,,
marker_write,1676,60300,,,,,,
marker_sync,1676,2018801,,,,,,
append,1677,3899700,,,,,,
encode,1677,6700,,,,,,
data_write,1677,76700,,,,,,
data_sync,1677,1968700,,,,,,
marker_write,1677,39100,,,,,,
marker_sync,1677,1804500,,,,,,
append,1678,3651100,,,,,,
encode,1678,6100,,,,,,
data_write,1678,51600,,,,,,
data_sync,1678,1679500,,,,,,
marker_write,1678,44800,,,,,,
marker_sync,1678,1864700,,,,,,
append,1679,3836700,,,,,,
encode,1679,6000,,,,,,
data_write,1679,49400,,,,,,
data_sync,1679,1882900,,,,,,
marker_write,1679,42900,,,,,,
marker_sync,1679,1852200,,,,,,
append,1680,3778900,,,,,,
encode,1680,6200,,,,,,
data_write,1680,50100,,,,,,
data_sync,1680,1783700,,,,,,
marker_write,1680,41400,,,,,,
marker_sync,1680,1894800,,,,,,
append,1681,3792900,,,,,,
encode,1681,6000,,,,,,
data_write,1681,49700,,,,,,
data_sync,1681,1910800,,,,,,
marker_write,1681,42400,,,,,,
marker_sync,1681,1780600,,,,,,
append,1682,3518600,,,,,,
encode,1682,6500,,,,,,
data_write,1682,45800,,,,,,
data_sync,1682,1723100,,,,,,
marker_write,1682,38500,,,,,,
marker_sync,1682,1701500,,,,,,
append,1683,3689000,,,,,,
encode,1683,6300,,,,,,
data_write,1683,80900,,,,,,
data_sync,1683,1737900,,,,,,
marker_write,1683,67000,,,,,,
marker_sync,1683,1793000,,,,,,
append,1684,3709400,,,,,,
encode,1684,6700,,,,,,
data_write,1684,82900,,,,,,
data_sync,1684,1771800,,,,,,
marker_write,1684,60300,,,,,,
marker_sync,1684,1784100,,,,,,
append,1685,3940300,,,,,,
encode,1685,7200,,,,,,
data_write,1685,118800,,,,,,
data_sync,1685,1799400,,,,,,
marker_write,1685,68600,,,,,,
marker_sync,1685,1943000,,,,,,
append,1686,3705300,,,,,,
encode,1686,6500,,,,,,
data_write,1686,75100,,,,,,
data_sync,1686,1775000,,,,,,
marker_write,1686,64400,,,,,,
marker_sync,1686,1779600,,,,,,
append,1687,3894600,,,,,,
encode,1687,5700,,,,,,
data_write,1687,72800,,,,,,
data_sync,1687,1762100,,,,,,
marker_write,1687,61900,,,,,,
marker_sync,1687,1988500,,,,,,
append,1688,4329000,,,,,,
encode,1688,5800,,,,,,
data_write,1688,84800,,,,,,
data_sync,1688,2177100,,,,,,
marker_write,1688,64900,,,,,,
marker_sync,1688,1991700,,,,,,
append,1689,4282200,,,,,,
encode,1689,6100,,,,,,
data_write,1689,87100,,,,,,
data_sync,1689,2180900,,,,,,
marker_write,1689,54500,,,,,,
marker_sync,1689,1949600,,,,,,
append,1690,3700401,,,,,,
encode,1690,6200,,,,,,
data_write,1690,74900,,,,,,
data_sync,1690,1807001,,,,,,
marker_write,1690,52000,,,,,,
marker_sync,1690,1757000,,,,,,
append,1691,3844100,,,,,,
encode,1691,6400,,,,,,
data_write,1691,36700,,,,,,
data_sync,1691,1864800,,,,,,
marker_write,1691,21900,,,,,,
marker_sync,1691,1911400,,,,,,
append,1692,4155500,,,,,,
encode,1692,5000,,,,,,
data_write,1692,32900,,,,,,
data_sync,1692,1957000,,,,,,
marker_write,1692,32700,,,,,,
marker_sync,1692,2125400,,,,,,
append,1693,3916300,,,,,,
encode,1693,6600,,,,,,
data_write,1693,36600,,,,,,
data_sync,1693,2001300,,,,,,
marker_write,1693,65500,,,,,,
marker_sync,1693,1802800,,,,,,
append,1694,3843900,,,,,,
encode,1694,5700,,,,,,
data_write,1694,69000,,,,,,
data_sync,1694,1882000,,,,,,
marker_write,1694,56700,,,,,,
marker_sync,1694,1826600,,,,,,
append,1695,3716500,,,,,,
encode,1695,6400,,,,,,
data_write,1695,78400,,,,,,
data_sync,1695,1700100,,,,,,
marker_write,1695,59600,,,,,,
marker_sync,1695,1868300,,,,,,
append,1696,4294900,,,,,,
encode,1696,5500,,,,,,
data_write,1696,79100,,,,,,
data_sync,1696,2127600,,,,,,
marker_write,1696,65200,,,,,,
marker_sync,1696,2014100,,,,,,
append,1697,3918800,,,,,,
encode,1697,4500,,,,,,
data_write,1697,63400,,,,,,
data_sync,1697,1961400,,,,,,
marker_write,1697,58100,,,,,,
marker_sync,1697,1828600,,,,,,
append,1698,6896000,,,,,,
encode,1698,4900,,,,,,
data_write,1698,60500,,,,,,
data_sync,1698,4502900,,,,,,
marker_write,1698,72900,,,,,,
marker_sync,1698,2251300,,,,,,
append,1699,4185500,,,,,,
encode,1699,5300,,,,,,
data_write,1699,82200,,,,,,
data_sync,1699,2145600,,,,,,
marker_write,1699,71600,,,,,,
marker_sync,1699,1877800,,,,,,
append,1700,12757201,,,,,,
encode,1700,6400,,,,,,
data_write,1700,56800,,,,,,
data_sync,1700,1685900,,,,,,
marker_write,1700,49400,,,,,,
marker_sync,1700,10955101,,,,,,
append,1701,11975800,,,,,,
encode,1701,6900,,,,,,
data_write,1701,66700,,,,,,
data_sync,1701,6772600,,,,,,
marker_write,1701,46700,,,,,,
marker_sync,1701,5079500,,,,,,
append,1702,8730200,,,,,,
encode,1702,6900,,,,,,
data_write,1702,78500,,,,,,
data_sync,1702,4646100,,,,,,
marker_write,1702,41500,,,,,,
marker_sync,1702,3954200,,,,,,
append,1703,15486400,,,,,,
encode,1703,6700,,,,,,
data_write,1703,46800,,,,,,
data_sync,1703,6305200,,,,,,
marker_write,1703,41500,,,,,,
marker_sync,1703,9083200,,,,,,
append,1704,11066000,,,,,,
encode,1704,5600,,,,,,
data_write,1704,51200,,,,,,
data_sync,1704,4485900,,,,,,
marker_write,1704,52100,,,,,,
marker_sync,1704,6467400,,,,,,
append,1705,17447701,,,,,,
encode,1705,6600,,,,,,
data_write,1705,84300,,,,,,
data_sync,1705,10048601,,,,,,
marker_write,1705,227900,,,,,,
marker_sync,1705,7076600,,,,,,
append,1706,12000000,,,,,,
encode,1706,5800,,,,,,
data_write,1706,59600,,,,,,
data_sync,1706,7932900,,,,,,
marker_write,1706,50000,,,,,,
marker_sync,1706,3948000,,,,,,
append,1707,10958100,,,,,,
encode,1707,6600,,,,,,
data_write,1707,58000,,,,,,
data_sync,1707,7933300,,,,,,
marker_write,1707,45500,,,,,,
marker_sync,1707,2910700,,,,,,
append,1708,10091400,,,,,,
encode,1708,6900,,,,,,
data_write,1708,47700,,,,,,
data_sync,1708,4999600,,,,,,
marker_write,1708,54300,,,,,,
marker_sync,1708,4979600,,,,,,
append,1709,8774901,,,,,,
encode,1709,5900,,,,,,
data_write,1709,52200,,,,,,
data_sync,1709,2879000,,,,,,
marker_write,1709,45301,,,,,,
marker_sync,1709,5788400,,,,,,
append,1710,6503000,,,,,,
encode,1710,6000,,,,,,
data_write,1710,74500,,,,,,
data_sync,1710,2131900,,,,,,
marker_write,1710,38200,,,,,,
marker_sync,1710,4248700,,,,,,
append,1711,7958300,,,,,,
encode,1711,6400,,,,,,
data_write,1711,45100,,,,,,
data_sync,1711,5659300,,,,,,
marker_write,1711,37000,,,,,,
marker_sync,1711,2206900,,,,,,
append,1712,7737100,,,,,,
encode,1712,6600,,,,,,
data_write,1712,194000,,,,,,
data_sync,1712,3550500,,,,,,
marker_write,1712,143800,,,,,,
marker_sync,1712,3804000,,,,,,
append,1713,7975100,,,,,,
encode,1713,5600,,,,,,
data_write,1713,203200,,,,,,
data_sync,1713,3759100,,,,,,
marker_write,1713,174000,,,,,,
marker_sync,1713,3829000,,,,,,
append,1714,11960100,,,,,,
encode,1714,5500,,,,,,
data_write,1714,228900,,,,,,
data_sync,1714,3784200,,,,,,
marker_write,1714,140700,,,,,,
marker_sync,1714,7797000,,,,,,
append,1715,8025601,,,,,,
encode,1715,6800,,,,,,
data_write,1715,46100,,,,,,
data_sync,1715,3971701,,,,,,
marker_write,1715,138000,,,,,,
marker_sync,1715,3858800,,,,,,
append,1716,13366500,,,,,,
encode,1716,7000,,,,,,
data_write,1716,205200,,,,,,
data_sync,1716,2034200,,,,,,
marker_write,1716,125300,,,,,,
marker_sync,1716,10991800,,,,,,
append,1717,6632000,,,,,,
encode,1717,6200,,,,,,
data_write,1717,223100,,,,,,
data_sync,1717,2397900,,,,,,
marker_write,1717,195600,,,,,,
marker_sync,1717,3805500,,,,,,
append,1718,9806000,,,,,,
encode,1718,6000,,,,,,
data_write,1718,2319100,,,,,,
data_sync,1718,1890200,,,,,,
marker_write,1718,122000,,,,,,
marker_sync,1718,5464900,,,,,,
append,1719,8145500,,,,,,
encode,1719,5800,,,,,,
data_write,1719,183000,,,,,,
data_sync,1719,5978600,,,,,,
marker_write,1719,57300,,,,,,
marker_sync,1719,1916900,,,,,,
append,1720,6535600,,,,,,
encode,1720,5800,,,,,,
data_write,1720,173600,,,,,,
data_sync,1720,4287300,,,,,,
marker_write,1720,151400,,,,,,
marker_sync,1720,1914100,,,,,,
append,1721,7510601,,,,,,
encode,1721,6600,,,,,,
data_write,1721,228800,,,,,,
data_sync,1721,1723800,,,,,,
marker_write,1721,122900,,,,,,
marker_sync,1721,5424901,,,,,,
append,1722,4003500,,,,,,
encode,1722,6700,,,,,,
data_write,1722,226900,,,,,,
data_sync,1722,1865100,,,,,,
marker_write,1722,125700,,,,,,
marker_sync,1722,1775400,,,,,,
append,1723,6129200,,,,,,
encode,1723,6200,,,,,,
data_write,1723,187600,,,,,,
data_sync,1723,3800000,,,,,,
marker_write,1723,142500,,,,,,
marker_sync,1723,1989600,,,,,,
append,1724,11762700,,,,,,
encode,1724,6100,,,,,,
data_write,1724,180000,,,,,,
data_sync,1724,9643700,,,,,,
marker_write,1724,35300,,,,,,
marker_sync,1724,1893900,,,,,,
append,1725,6110900,,,,,,
encode,1725,6400,,,,,,
data_write,1725,193400,,,,,,
data_sync,1725,1691000,,,,,,
marker_write,1725,115400,,,,,,
marker_sync,1725,4100500,,,,,,
append,1726,8122500,,,,,,
encode,1726,6400,,,,,,
data_write,1726,263600,,,,,,
data_sync,1726,3063000,,,,,,
marker_write,1726,125400,,,,,,
marker_sync,1726,4660300,,,,,,
append,1727,5512000,,,,,,
encode,1727,6200,,,,,,
data_write,1727,381500,,,,,,
data_sync,1727,3032800,,,,,,
marker_write,1727,139800,,,,,,
marker_sync,1727,1948100,,,,,,
append,1728,6353401,,,,,,
encode,1728,6600,,,,,,
data_write,1728,169200,,,,,,
data_sync,1728,2074500,,,,,,
marker_write,1728,245600,,,,,,
marker_sync,1728,3853101,,,,,,
append,1729,6645100,,,,,,
encode,1729,6100,,,,,,
data_write,1729,244300,,,,,,
data_sync,1729,3608800,,,,,,
marker_write,1729,153000,,,,,,
marker_sync,1729,2629400,,,,,,
append,1730,5816600,,,,,,
encode,1730,5200,,,,,,
data_write,1730,255300,,,,,,
data_sync,1730,3414800,,,,,,
marker_write,1730,137900,,,,,,
marker_sync,1730,1999900,,,,,,
append,1731,11468000,,,,,,
encode,1731,6400,,,,,,
data_write,1731,186000,,,,,,
data_sync,1731,1748700,,,,,,
marker_write,1731,110000,,,,,,
marker_sync,1731,9412300,,,,,,
append,1732,12686800,,,,,,
encode,1732,6300,,,,,,
data_write,1732,49500,,,,,,
data_sync,1732,5658700,,,,,,
marker_write,1732,34600,,,,,,
marker_sync,1732,6932800,,,,,,
append,1733,7363300,,,,,,
encode,1733,6300,,,,,,
data_write,1733,191400,,,,,,
data_sync,1733,3135700,,,,,,
marker_write,1733,131500,,,,,,
marker_sync,1733,3895000,,,,,,
append,1734,7997201,,,,,,
encode,1734,6100,,,,,,
data_write,1734,194200,,,,,,
data_sync,1734,3789000,,,,,,
marker_write,1734,143600,,,,,,
marker_sync,1734,3860801,,,,,,
append,1735,7310600,,,,,,
encode,1735,5900,,,,,,
data_write,1735,218900,,,,,,
data_sync,1735,3815900,,,,,,
marker_write,1735,139400,,,,,,
marker_sync,1735,3126900,,,,,,
append,1736,6841200,,,,,,
encode,1736,6500,,,,,,
data_write,1736,208400,,,,,,
data_sync,1736,4443200,,,,,,
marker_write,1736,139300,,,,,,
marker_sync,1736,2040000,,,,,,
append,1737,6551900,,,,,,
encode,1737,6500,,,,,,
data_write,1737,193700,,,,,,
data_sync,1737,1766300,,,,,,
marker_write,1737,159000,,,,,,
marker_sync,1737,4422200,,,,,,
append,1738,5462800,,,,,,
encode,1738,5500,,,,,,
data_write,1738,203300,,,,,,
data_sync,1738,3071500,,,,,,
marker_write,1738,135700,,,,,,
marker_sync,1738,2042000,,,,,,
append,1739,10139900,,,,,,
encode,1739,6000,,,,,,
data_write,1739,262000,,,,,,
data_sync,1739,7930900,,,,,,
marker_write,1739,42500,,,,,,
marker_sync,1739,1894000,,,,,,
append,1740,7662100,,,,,,
encode,1740,6800,,,,,,
data_write,1740,196900,,,,,,
data_sync,1740,1847800,,,,,,
marker_write,1740,142500,,,,,,
marker_sync,1740,5464300,,,,,,
append,1741,8012701,,,,,,
encode,1741,7700,,,,,,
data_write,1741,213700,,,,,,
data_sync,1741,3771600,,,,,,
marker_write,1741,142400,,,,,,
marker_sync,1741,3873401,,,,,,
append,1742,11940900,,,,,,
encode,1742,7700,,,,,,
data_write,1742,2534200,,,,,,
data_sync,1742,5407500,,,,,,
marker_write,1742,150700,,,,,,
marker_sync,1742,3836400,,,,,,
append,1743,7986200,,,,,,
encode,1743,6200,,,,,,
data_write,1743,189900,,,,,,
data_sync,1743,1703400,,,,,,
marker_write,1743,122900,,,,,,
marker_sync,1743,5959900,,,,,,
append,1744,15065600,,,,,,
encode,1744,6000,,,,,,
data_write,1744,232700,,,,,,
data_sync,1744,11741000,,,,,,
marker_write,1744,48200,,,,,,
marker_sync,1744,3034000,,,,,,
append,1745,12944700,,,,,,
encode,1745,6100,,,,,,
data_write,1745,51600,,,,,,
data_sync,1745,4873900,,,,,,
marker_write,1745,39500,,,,,,
marker_sync,1745,7969400,,,,,,
append,1746,12009201,,,,,,
encode,1746,6700,,,,,,
data_write,1746,45800,,,,,,
data_sync,1746,7944401,,,,,,
marker_write,1746,39600,,,,,,
marker_sync,1746,3968900,,,,,,
append,1747,7996800,,,,,,
encode,1747,6700,,,,,,
data_write,1747,191000,,,,,,
data_sync,1747,3060800,,,,,,
marker_write,1747,120100,,,,,,
marker_sync,1747,4614000,,,,,,
append,1748,6212300,,,,,,
encode,1748,6600,,,,,,
data_write,1748,227900,,,,,,
data_sync,1748,3803000,,,,,,
marker_write,1748,46200,,,,,,
marker_sync,1748,2124500,,,,,,
append,1749,4030900,,,,,,
encode,1749,6600,,,,,,
data_write,1749,49800,,,,,,
data_sync,1749,2005000,,,,,,
marker_write,1749,40900,,,,,,
marker_sync,1749,1925300,,,,,,
append,1750,4375000,,,,,,
encode,1750,6000,,,,,,
data_write,1750,53100,,,,,,
data_sync,1750,1866100,,,,,,
marker_write,1750,39200,,,,,,
marker_sync,1750,2407400,,,,,,
append,1751,4140900,,,,,,
encode,1751,6200,,,,,,
data_write,1751,64100,,,,,,
data_sync,1751,2092400,,,,,,
marker_write,1751,44300,,,,,,
marker_sync,1751,1930900,,,,,,
append,1752,3985100,,,,,,
encode,1752,5900,,,,,,
data_write,1752,48000,,,,,,
data_sync,1752,1947700,,,,,,
marker_write,1752,43500,,,,,,
marker_sync,1752,1936300,,,,,,
append,1753,3960000,,,,,,
encode,1753,6200,,,,,,
data_write,1753,75600,,,,,,
data_sync,1753,1819600,,,,,,
marker_write,1753,41900,,,,,,
marker_sync,1753,2012200,,,,,,
append,1754,8070901,,,,,,
encode,1754,7400,,,,,,
data_write,1754,48400,,,,,,
data_sync,1754,6140100,,,,,,
marker_write,1754,42000,,,,,,
marker_sync,1754,1829201,,,,,,
append,1755,7313900,,,,,,
encode,1755,6500,,,,,,
data_write,1755,38500,,,,,,
data_sync,1755,5134700,,,,,,
marker_write,1755,47900,,,,,,
marker_sync,1755,2082700,,,,,,
append,1756,4010900,,,,,,
encode,1756,6000,,,,,,
data_write,1756,77400,,,,,,
data_sync,1756,1940900,,,,,,
marker_write,1756,66500,,,,,,
marker_sync,1756,1916300,,,,,,
append,1757,5208100,,,,,,
encode,1757,5900,,,,,,
data_write,1757,74100,,,,,,
data_sync,1757,1909100,,,,,,
marker_write,1757,64700,,,,,,
marker_sync,1757,3150900,,,,,,
append,1758,4060300,,,,,,
encode,1758,6000,,,,,,
data_write,1758,82200,,,,,,
data_sync,1758,2022900,,,,,,
marker_write,1758,66500,,,,,,
marker_sync,1758,1879500,,,,,,
append,1759,4107400,,,,,,
encode,1759,6100,,,,,,
data_write,1759,86300,,,,,,
data_sync,1759,1948200,,,,,,
marker_write,1759,61500,,,,,,
marker_sync,1759,2002300,,,,,,
append,1760,8176300,,,,,,
encode,1760,6100,,,,,,
data_write,1760,79100,,,,,,
data_sync,1760,5867500,,,,,,
marker_write,1760,67200,,,,,,
marker_sync,1760,2153100,,,,,,
append,1761,3853900,,,,,,
encode,1761,6200,,,,,,
data_write,1761,79800,,,,,,
data_sync,1761,1872100,,,,,,
marker_write,1761,59400,,,,,,
marker_sync,1761,1833600,,,,,,
append,1762,8073100,,,,,,
encode,1762,5300,,,,,,
data_write,1762,68900,,,,,,
data_sync,1762,5911700,,,,,,
marker_write,1762,40500,,,,,,
marker_sync,1762,2043200,,,,,,
append,1763,3682900,,,,,,
encode,1763,6000,,,,,,
data_write,1763,46500,,,,,,
data_sync,1763,1796100,,,,,,
marker_write,1763,24800,,,,,,
marker_sync,1763,1805600,,,,,,
append,1764,4389301,,,,,,
encode,1764,6300,,,,,,
data_write,1764,43700,,,,,,
data_sync,1764,2531700,,,,,,
marker_write,1764,28500,,,,,,
marker_sync,1764,1775201,,,,,,
append,1765,3863800,,,,,,
encode,1765,6000,,,,,,
data_write,1765,34600,,,,,,
data_sync,1765,1881400,,,,,,
marker_write,1765,66500,,,,,,
marker_sync,1765,1872000,,,,,,
append,1766,4027900,,,,,,
encode,1766,5000,,,,,,
data_write,1766,67400,,,,,,
data_sync,1766,2042600,,,,,,
marker_write,1766,63400,,,,,,
marker_sync,1766,1846100,,,,,,
append,1767,3965600,,,,,,
encode,1767,6700,,,,,,
data_write,1767,71300,,,,,,
data_sync,1767,1951500,,,,,,
marker_write,1767,67100,,,,,,
marker_sync,1767,1865900,,,,,,
append,1768,4172700,,,,,,
encode,1768,6700,,,,,,
data_write,1768,75400,,,,,,
data_sync,1768,2083000,,,,,,
marker_write,1768,63800,,,,,,
marker_sync,1768,1940200,,,,,,
append,1769,4280200,,,,,,
encode,1769,6400,,,,,,
data_write,1769,74000,,,,,,
data_sync,1769,1895200,,,,,,
marker_write,1769,57100,,,,,,
marker_sync,1769,2242900,,,,,,
append,1770,4536500,,,,,,
encode,1770,7000,,,,,,
data_write,1770,78900,,,,,,
data_sync,1770,2282800,,,,,,
marker_write,1770,66700,,,,,,
marker_sync,1770,2097400,,,,,,
append,1771,4099200,,,,,,
encode,1771,6500,,,,,,
data_write,1771,71700,,,,,,
data_sync,1771,1990200,,,,,,
marker_write,1771,60400,,,,,,
marker_sync,1771,1967200,,,,,,
append,1772,3923800,,,,,,
encode,1772,6100,,,,,,
data_write,1772,79500,,,,,,
data_sync,1772,2004100,,,,,,
marker_write,1772,64400,,,,,,
marker_sync,1772,1766800,,,,,,
append,1773,3921200,,,,,,
encode,1773,6100,,,,,,
data_write,1773,61500,,,,,,
data_sync,1773,1722100,,,,,,
marker_write,1773,51000,,,,,,
marker_sync,1773,2077800,,,,,,
append,1774,4308700,,,,,,
encode,1774,5100,,,,,,
data_write,1774,65800,,,,,,
data_sync,1774,2067400,,,,,,
marker_write,1774,60200,,,,,,
marker_sync,1774,2106500,,,,,,
append,1775,4529500,,,,,,
encode,1775,6300,,,,,,
data_write,1775,77900,,,,,,
data_sync,1775,2458900,,,,,,
marker_write,1775,57400,,,,,,
marker_sync,1775,1925700,,,,,,
append,1776,4085300,,,,,,
encode,1776,6600,,,,,,
data_write,1776,66800,,,,,,
data_sync,1776,1956000,,,,,,
marker_write,1776,59900,,,,,,
marker_sync,1776,1992100,,,,,,
append,1777,3848701,,,,,,
encode,1777,6300,,,,,,
data_write,1777,73000,,,,,,
data_sync,1777,1964801,,,,,,
marker_write,1777,59700,,,,,,
marker_sync,1777,1741200,,,,,,
append,1778,3368000,,,,,,
encode,1778,5700,,,,,,
data_write,1778,59800,,,,,,
data_sync,1778,1563900,,,,,,
marker_write,1778,43300,,,,,,
marker_sync,1778,1692900,,,,,,
append,1779,7336900,,,,,,
encode,1779,5200,,,,,,
data_write,1779,52800,,,,,,
data_sync,1779,1600300,,,,,,
marker_write,1779,63700,,,,,,
marker_sync,1779,5611800,,,,,,
append,1780,4808800,,,,,,
encode,1780,6200,,,,,,
data_write,1780,69300,,,,,,
data_sync,1780,2124800,,,,,,
marker_write,1780,442400,,,,,,
marker_sync,1780,2162600,,,,,,
append,1781,4440200,,,,,,
encode,1781,6100,,,,,,
data_write,1781,112300,,,,,,
data_sync,1781,2185600,,,,,,
marker_write,1781,106300,,,,,,
marker_sync,1781,2026500,,,,,,
append,1782,4328400,,,,,,
encode,1782,6500,,,,,,
data_write,1782,39700,,,,,,
data_sync,1782,2257600,,,,,,
marker_write,1782,35300,,,,,,
marker_sync,1782,1986000,,,,,,
append,1783,4443600,,,,,,
encode,1783,6700,,,,,,
data_write,1783,65600,,,,,,
data_sync,1783,2054100,,,,,,
marker_write,1783,58700,,,,,,
marker_sync,1783,2255200,,,,,,
append,1784,4295300,,,,,,
encode,1784,6200,,,,,,
data_write,1784,94300,,,,,,
data_sync,1784,2273400,,,,,,
marker_write,1784,99500,,,,,,
marker_sync,1784,1818300,,,,,,
append,1785,3913500,,,,,,
encode,1785,9900,,,,,,
data_write,1785,34400,,,,,,
data_sync,1785,2021900,,,,,,
marker_write,1785,40700,,,,,,
marker_sync,1785,1803400,,,,,,
append,1786,3807900,,,,,,
encode,1786,6700,,,,,,
data_write,1786,45400,,,,,,
data_sync,1786,1865600,,,,,,
marker_write,1786,37800,,,,,,
marker_sync,1786,1849400,,,,,,
append,1787,3672200,,,,,,
encode,1787,7000,,,,,,
data_write,1787,41400,,,,,,
data_sync,1787,1800200,,,,,,
marker_write,1787,31500,,,,,,
marker_sync,1787,1788500,,,,,,
append,1788,3907101,,,,,,
encode,1788,6400,,,,,,
data_write,1788,28600,,,,,,
data_sync,1788,1825200,,,,,,
marker_write,1788,57600,,,,,,
marker_sync,1788,1986001,,,,,,
append,1789,3969700,,,,,,
encode,1789,5700,,,,,,
data_write,1789,76500,,,,,,
data_sync,1789,1961700,,,,,,
marker_write,1789,67800,,,,,,
marker_sync,1789,1854400,,,,,,
append,1790,3881800,,,,,,
encode,1790,6500,,,,,,
data_write,1790,71600,,,,,,
data_sync,1790,1823300,,,,,,
marker_write,1790,48900,,,,,,
marker_sync,1790,1927500,,,,,,
append,1791,4443500,,,,,,
encode,1791,5700,,,,,,
data_write,1791,45500,,,,,,
data_sync,1791,2094500,,,,,,
marker_write,1791,45800,,,,,,
marker_sync,1791,2248700,,,,,,
append,1792,5279900,,,,,,
encode,1792,6500,,,,,,
data_write,1792,78200,,,,,,
data_sync,1792,2172500,,,,,,
marker_write,1792,62400,,,,,,
marker_sync,1792,2956000,,,,,,
append,1793,4669100,,,,,,
encode,1793,5200,,,,,,
data_write,1793,67300,,,,,,
data_sync,1793,2348800,,,,,,
marker_write,1793,66100,,,,,,
marker_sync,1793,2178300,,,,,,
append,1794,4190600,,,,,,
encode,1794,6500,,,,,,
data_write,1794,85600,,,,,,
data_sync,1794,1980800,,,,,,
marker_write,1794,52600,,,,,,
marker_sync,1794,2061400,,,,,,
append,1795,3937700,,,,,,
encode,1795,5800,,,,,,
data_write,1795,73100,,,,,,
data_sync,1795,1828200,,,,,,
marker_write,1795,66600,,,,,,
marker_sync,1795,1960300,,,,,,
append,1796,4848500,,,,,,
encode,1796,6100,,,,,,
data_write,1796,73600,,,,,,
data_sync,1796,2053900,,,,,,
marker_write,1796,63000,,,,,,
marker_sync,1796,2647700,,,,,,
append,1797,5096900,,,,,,
encode,1797,6400,,,,,,
data_write,1797,60200,,,,,,
data_sync,1797,2761100,,,,,,
marker_write,1797,71700,,,,,,
marker_sync,1797,2165800,,,,,,
append,1798,4216300,,,,,,
encode,1798,6900,,,,,,
data_write,1798,71600,,,,,,
data_sync,1798,2032600,,,,,,
marker_write,1798,66900,,,,,,
marker_sync,1798,2034600,,,,,,
append,1799,4835500,,,,,,
encode,1799,6500,,,,,,
data_write,1799,82600,,,,,,
data_sync,1799,2278800,,,,,,
marker_write,1799,76300,,,,,,
marker_sync,1799,2388100,,,,,,
append,1800,6159901,,,,,,
encode,1800,5100,,,,,,
data_write,1800,65200,,,,,,
data_sync,1800,2623701,,,,,,
marker_write,1800,40400,,,,,,
marker_sync,1800,3420100,,,,,,
append,1801,5074500,,,,,,
encode,1801,8200,,,,,,
data_write,1801,78100,,,,,,
data_sync,1801,2307600,,,,,,
marker_write,1801,46200,,,,,,
marker_sync,1801,2630500,,,,,,
append,1802,4324700,,,,,,
encode,1802,6600,,,,,,
data_write,1802,59600,,,,,,
data_sync,1802,2174700,,,,,,
marker_write,1802,40300,,,,,,
marker_sync,1802,2040700,,,,,,
append,1803,4114300,,,,,,
encode,1803,6800,,,,,,
data_write,1803,44100,,,,,,
data_sync,1803,2029600,,,,,,
marker_write,1803,42100,,,,,,
marker_sync,1803,1987900,,,,,,
append,1804,4061200,,,,,,
encode,1804,5500,,,,,,
data_write,1804,46000,,,,,,
data_sync,1804,1983400,,,,,,
marker_write,1804,55100,,,,,,
marker_sync,1804,1966900,,,,,,
append,1805,4189900,,,,,,
encode,1805,6000,,,,,,
data_write,1805,48200,,,,,,
data_sync,1805,1994900,,,,,,
marker_write,1805,35900,,,,,,
marker_sync,1805,2101200,,,,,,
append,1806,3918900,,,,,,
encode,1806,6500,,,,,,
data_write,1806,40100,,,,,,
data_sync,1806,1889200,,,,,,
marker_write,1806,40500,,,,,,
marker_sync,1806,1938700,,,,,,
append,1807,3850200,,,,,,
encode,1807,6300,,,,,,
data_write,1807,76700,,,,,,
data_sync,1807,1899700,,,,,,
marker_write,1807,43700,,,,,,
marker_sync,1807,1820600,,,,,,
append,1808,3935400,,,,,,
encode,1808,8400,,,,,,
data_write,1808,49600,,,,,,
data_sync,1808,1891300,,,,,,
marker_write,1808,54800,,,,,,
marker_sync,1808,1928600,,,,,,
append,1809,3887800,,,,,,
encode,1809,5500,,,,,,
data_write,1809,68700,,,,,,
data_sync,1809,1837400,,,,,,
marker_write,1809,57800,,,,,,
marker_sync,1809,1915100,,,,,,
append,1810,4193000,,,,,,
encode,1810,9500,,,,,,
data_write,1810,73000,,,,,,
data_sync,1810,2185100,,,,,,
marker_write,1810,63400,,,,,,
marker_sync,1810,1858000,,,,,,
append,1811,3814100,,,,,,
encode,1811,5900,,,,,,
data_write,1811,66600,,,,,,
data_sync,1811,1823500,,,,,,
marker_write,1811,61400,,,,,,
marker_sync,1811,1853200,,,,,,
append,1812,3931201,,,,,,
encode,1812,6600,,,,,,
data_write,1812,71200,,,,,,
data_sync,1812,1908800,,,,,,
marker_write,1812,54100,,,,,,
marker_sync,1812,1887401,,,,,,
append,1813,3973800,,,,,,
encode,1813,5800,,,,,,
data_write,1813,70800,,,,,,
data_sync,1813,1855400,,,,,,
marker_write,1813,65200,,,,,,
marker_sync,1813,1973700,,,,,,
append,1814,4309400,,,,,,
encode,1814,5900,,,,,,
data_write,1814,74300,,,,,,
data_sync,1814,2154900,,,,,,
marker_write,1814,60500,,,,,,
marker_sync,1814,2010500,,,,,,
append,1815,4152800,,,,,,
encode,1815,6800,,,,,,
data_write,1815,67400,,,,,,
data_sync,1815,2037000,,,,,,
marker_write,1815,62100,,,,,,
marker_sync,1815,1975800,,,,,,
append,1816,3907000,,,,,,
encode,1816,6200,,,,,,
data_write,1816,72900,,,,,,
data_sync,1816,1863700,,,,,,
marker_write,1816,62400,,,,,,
marker_sync,1816,1898500,,,,,,
append,1817,4187200,,,,,,
encode,1817,6300,,,,,,
data_write,1817,77400,,,,,,
data_sync,1817,1964900,,,,,,
marker_write,1817,60900,,,,,,
marker_sync,1817,2074500,,,,,,
append,1818,4013200,,,,,,
encode,1818,5700,,,,,,
data_write,1818,46800,,,,,,
data_sync,1818,1963400,,,,,,
marker_write,1818,68400,,,,,,
marker_sync,1818,1925400,,,,,,
append,1819,3822800,,,,,,
encode,1819,5700,,,,,,
data_write,1819,65000,,,,,,
data_sync,1819,1876600,,,,,,
marker_write,1819,25900,,,,,,
marker_sync,1819,1846100,,,,,,
append,1820,3860600,,,,,,
encode,1820,6400,,,,,,
data_write,1820,67500,,,,,,
data_sync,1820,1924600,,,,,,
marker_write,1820,52100,,,,,,
marker_sync,1820,1807500,,,,,,
append,1821,3778100,,,,,,
encode,1821,5000,,,,,,
data_write,1821,59000,,,,,,
data_sync,1821,1951200,,,,,,
marker_write,1821,59700,,,,,,
marker_sync,1821,1700300,,,,,,
append,1822,3952600,,,,,,
encode,1822,5900,,,,,,
data_write,1822,65800,,,,,,
data_sync,1822,1833200,,,,,,
marker_write,1822,61000,,,,,,
marker_sync,1822,1983100,,,,,,
append,1823,3711900,,,,,,
encode,1823,6400,,,,,,
data_write,1823,76500,,,,,,
data_sync,1823,1745800,,,,,,
marker_write,1823,56500,,,,,,
marker_sync,1823,1822800,,,,,,
append,1824,3796300,,,,,,
encode,1824,6800,,,,,,
data_write,1824,71300,,,,,,
data_sync,1824,1772100,,,,,,
marker_write,1824,31300,,,,,,
marker_sync,1824,1911500,,,,,,
append,1825,3760801,,,,,,
encode,1825,6300,,,,,,
data_write,1825,62300,,,,,,
data_sync,1825,1599800,,,,,,
marker_write,1825,58200,,,,,,
marker_sync,1825,2031301,,,,,,
append,1826,3750400,,,,,,
encode,1826,4900,,,,,,
data_write,1826,63200,,,,,,
data_sync,1826,1828500,,,,,,
marker_write,1826,32400,,,,,,
marker_sync,1826,1818300,,,,,,
append,1827,3963700,,,,,,
encode,1827,6700,,,,,,
data_write,1827,91200,,,,,,
data_sync,1827,2017300,,,,,,
marker_write,1827,46800,,,,,,
marker_sync,1827,1798200,,,,,,
append,1828,3838600,,,,,,
encode,1828,6800,,,,,,
data_write,1828,84700,,,,,,
data_sync,1828,1737700,,,,,,
marker_write,1828,61200,,,,,,
marker_sync,1828,1945500,,,,,,
append,1829,3766500,,,,,,
encode,1829,5500,,,,,,
data_write,1829,59700,,,,,,
data_sync,1829,1659200,,,,,,
marker_write,1829,54500,,,,,,
marker_sync,1829,1984400,,,,,,
append,1830,3995500,,,,,,
encode,1830,7700,,,,,,
data_write,1830,77500,,,,,,
data_sync,1830,2015500,,,,,,
marker_write,1830,67800,,,,,,
marker_sync,1830,1823900,,,,,,
append,1831,4100100,,,,,,
encode,1831,4900,,,,,,
data_write,1831,63600,,,,,,
data_sync,1831,1886700,,,,,,
marker_write,1831,52900,,,,,,
marker_sync,1831,2088800,,,,,,
append,1832,4690400,,,,,,
encode,1832,4900,,,,,,
data_write,1832,59200,,,,,,
data_sync,1832,2044800,,,,,,
marker_write,1832,58400,,,,,,
marker_sync,1832,2519600,,,,,,
append,1833,6328800,,,,,,
encode,1833,6200,,,,,,
data_write,1833,67200,,,,,,
data_sync,1833,2195800,,,,,,
marker_write,1833,60600,,,,,,
marker_sync,1833,3985500,,,,,,
append,1834,4085900,,,,,,
encode,1834,5900,,,,,,
data_write,1834,40300,,,,,,
data_sync,1834,1969100,,,,,,
marker_write,1834,29300,,,,,,
marker_sync,1834,2038300,,,,,,
append,1835,3626100,,,,,,
encode,1835,6600,,,,,,
data_write,1835,38800,,,,,,
data_sync,1835,1785800,,,,,,
marker_write,1835,113800,,,,,,
marker_sync,1835,1678200,,,,,,
append,1836,3395300,,,,,,
encode,1836,6000,,,,,,
data_write,1836,37800,,,,,,
data_sync,1836,1646600,,,,,,
marker_write,1836,31900,,,,,,
marker_sync,1836,1668700,,,,,,
append,1837,4141900,,,,,,
encode,1837,6700,,,,,,
data_write,1837,36100,,,,,,
data_sync,1837,2146500,,,,,,
marker_write,1837,68700,,,,,,
marker_sync,1837,1880700,,,,,,
append,1838,3802701,,,,,,
encode,1838,6000,,,,,,
data_write,1838,45500,,,,,,
data_sync,1838,1714601,,,,,,
marker_write,1838,33800,,,,,,
marker_sync,1838,1998800,,,,,,
append,1839,5627100,,,,,,
encode,1839,6400,,,,,,
data_write,1839,37100,,,,,,
data_sync,1839,3803800,,,,,,
marker_write,1839,45700,,,,,,
marker_sync,1839,1730700,,,,,,
append,1840,7151700,,,,,,
encode,1840,6200,,,,,,
data_write,1840,47600,,,,,,
data_sync,1840,3052900,,,,,,
marker_write,1840,45600,,,,,,
marker_sync,1840,3995100,,,,,,
append,1841,3502800,,,,,,
encode,1841,6100,,,,,,
data_write,1841,48400,,,,,,
data_sync,1841,1804900,,,,,,
marker_write,1841,37100,,,,,,
marker_sync,1841,1602400,,,,,,
append,1842,6418300,,,,,,
encode,1842,5400,,,,,,
data_write,1842,43600,,,,,,
data_sync,1842,4434100,,,,,,
marker_write,1842,45500,,,,,,
marker_sync,1842,1885600,,,,,,
append,1843,3736900,,,,,,
encode,1843,6600,,,,,,
data_write,1843,41900,,,,,,
data_sync,1843,1714800,,,,,,
marker_write,1843,30400,,,,,,
marker_sync,1843,1939900,,,,,,
append,1844,3855100,,,,,,
encode,1844,6200,,,,,,
data_write,1844,70200,,,,,,
data_sync,1844,2016600,,,,,,
marker_write,1844,30500,,,,,,
marker_sync,1844,1728300,,,,,,
append,1845,4102900,,,,,,
encode,1845,6700,,,,,,
data_write,1845,32000,,,,,,
data_sync,1845,1665400,,,,,,
marker_write,1845,27900,,,,,,
marker_sync,1845,2367000,,,,,,
append,1846,3905400,,,,,,
encode,1846,6200,,,,,,
data_write,1846,51700,,,,,,
data_sync,1846,1942400,,,,,,
marker_write,1846,65400,,,,,,
marker_sync,1846,1836500,,,,,,
append,1847,3593100,,,,,,
encode,1847,7200,,,,,,
data_write,1847,81300,,,,,,
data_sync,1847,1703800,,,,,,
marker_write,1847,63300,,,,,,
marker_sync,1847,1734600,,,,,,
append,1848,3615400,,,,,,
encode,1848,6100,,,,,,
data_write,1848,36900,,,,,,
data_sync,1848,1833000,,,,,,
marker_write,1848,55900,,,,,,
marker_sync,1848,1680900,,,,,,
append,1849,3603101,,,,,,
encode,1849,4800,,,,,,
data_write,1849,88600,,,,,,
data_sync,1849,1772100,,,,,,
marker_write,1849,59800,,,,,,
marker_sync,1849,1674201,,,,,,
append,1850,3714500,,,,,,
encode,1850,6500,,,,,,
data_write,1850,40000,,,,,,
data_sync,1850,1748000,,,,,,
marker_write,1850,36100,,,,,,
marker_sync,1850,1880700,,,,,,
append,1851,5920600,,,,,,
encode,1851,6800,,,,,,
data_write,1851,41600,,,,,,
data_sync,1851,2570200,,,,,,
marker_write,1851,31000,,,,,,
marker_sync,1851,3267000,,,,,,
append,1852,4269200,,,,,,
encode,1852,6900,,,,,,
data_write,1852,51100,,,,,,
data_sync,1852,2199400,,,,,,
marker_write,1852,46000,,,,,,
marker_sync,1852,1962100,,,,,,
append,1853,3832100,,,,,,
encode,1853,6000,,,,,,
data_write,1853,39600,,,,,,
data_sync,1853,1837000,,,,,,
marker_write,1853,34400,,,,,,
marker_sync,1853,1911600,,,,,,
append,1854,5694800,,,,,,
encode,1854,6100,,,,,,
data_write,1854,52900,,,,,,
data_sync,1854,2473400,,,,,,
marker_write,1854,34000,,,,,,
marker_sync,1854,3124300,,,,,,
append,1855,4180800,,,,,,
encode,1855,6700,,,,,,
data_write,1855,51000,,,,,,
data_sync,1855,2212700,,,,,,
marker_write,1855,39100,,,,,,
marker_sync,1855,1867900,,,,,,
append,1856,8807800,,,,,,
encode,1856,6200,,,,,,
data_write,1856,41600,,,,,,
data_sync,1856,1953500,,,,,,
marker_write,1856,33000,,,,,,
marker_sync,1856,6769300,,,,,,
append,1857,4850600,,,,,,
encode,1857,6100,,,,,,
data_write,1857,85400,,,,,,
data_sync,1857,2177300,,,,,,
marker_write,1857,340200,,,,,,
marker_sync,1857,2237500,,,,,,
append,1858,4309200,,,,,,
encode,1858,6700,,,,,,
data_write,1858,86200,,,,,,
data_sync,1858,2008100,,,,,,
marker_write,1858,111700,,,,,,
marker_sync,1858,2093400,,,,,,
append,1859,4265900,,,,,,
encode,1859,6300,,,,,,
data_write,1859,85300,,,,,,
data_sync,1859,2033900,,,,,,
marker_write,1859,65300,,,,,,
marker_sync,1859,2070300,,,,,,
append,1860,4151301,,,,,,
encode,1860,6900,,,,,,
data_write,1860,74600,,,,,,
data_sync,1860,1970801,,,,,,
marker_write,1860,72100,,,,,,
marker_sync,1860,2023500,,,,,,
append,1861,8011100,,,,,,
encode,1861,7300,,,,,,
data_write,1861,47000,,,,,,
data_sync,1861,5611800,,,,,,
marker_write,1861,71700,,,,,,
marker_sync,1861,2269200,,,,,,
append,1862,5255300,,,,,,
encode,1862,6200,,,,,,
data_write,1862,48400,,,,,,
data_sync,1862,2576500,,,,,,
marker_write,1862,142500,,,,,,
marker_sync,1862,2478500,,,,,,
append,1863,4543700,,,,,,
encode,1863,6800,,,,,,
data_write,1863,156400,,,,,,
data_sync,1863,2154300,,,,,,
marker_write,1863,40500,,,,,,
marker_sync,1863,2182300,,,,,,
append,1864,4375800,,,,,,
encode,1864,6200,,,,,,
data_write,1864,44200,,,,,,
data_sync,1864,2191800,,,,,,
marker_write,1864,38100,,,,,,
marker_sync,1864,2092400,,,,,,
append,1865,4445100,,,,,,
encode,1865,6600,,,,,,
data_write,1865,44100,,,,,,
data_sync,1865,2231700,,,,,,
marker_write,1865,41200,,,,,,
marker_sync,1865,2117700,,,,,,
append,1866,4357800,,,,,,
encode,1866,5800,,,,,,
data_write,1866,34300,,,,,,
data_sync,1866,2122900,,,,,,
marker_write,1866,39600,,,,,,
marker_sync,1866,2152000,,,,,,
append,1867,4219700,,,,,,
encode,1867,7100,,,,,,
data_write,1867,45700,,,,,,
data_sync,1867,2099400,,,,,,
marker_write,1867,40100,,,,,,
marker_sync,1867,2024100,,,,,,
append,1868,4362900,,,,,,
encode,1868,7300,,,,,,
data_write,1868,45600,,,,,,
data_sync,1868,2161800,,,,,,
marker_write,1868,41700,,,,,,
marker_sync,1868,2102900,,,,,,
append,1869,4159300,,,,,,
encode,1869,6800,,,,,,
data_write,1869,42700,,,,,,
data_sync,1869,2075500,,,,,,
marker_write,1869,38700,,,,,,
marker_sync,1869,1992200,,,,,,
append,1870,4466500,,,,,,
encode,1870,6100,,,,,,
data_write,1870,39800,,,,,,
data_sync,1870,2019900,,,,,,
marker_write,1870,32800,,,,,,
marker_sync,1870,2363900,,,,,,
append,1871,7232101,,,,,,
encode,1871,6300,,,,,,
data_write,1871,68500,,,,,,
data_sync,1871,5347301,,,,,,
marker_write,1871,33600,,,,,,
marker_sync,1871,1772800,,,,,,
append,1872,7131500,,,,,,
encode,1872,6300,,,,,,
data_write,1872,50000,,,,,,
data_sync,1872,2160500,,,,,,
marker_write,1872,45100,,,,,,
marker_sync,1872,4864600,,,,,,
append,1873,5495700,,,,,,
encode,1873,7400,,,,,,
data_write,1873,58300,,,,,,
data_sync,1873,2084100,,,,,,
marker_write,1873,46900,,,,,,
marker_sync,1873,3295500,,,,,,
append,1874,3823700,,,,,,
encode,1874,6500,,,,,,
data_write,1874,46400,,,,,,
data_sync,1874,1838100,,,,,,
marker_write,1874,44100,,,,,,
marker_sync,1874,1884400,,,,,,
append,1875,3776200,,,,,,
encode,1875,6500,,,,,,
data_write,1875,47100,,,,,,
data_sync,1875,1842600,,,,,,
marker_write,1875,58200,,,,,,
marker_sync,1875,1818700,,,,,,
append,1876,3673600,,,,,,
encode,1876,6200,,,,,,
data_write,1876,48400,,,,,,
data_sync,1876,1732000,,,,,,
marker_write,1876,41700,,,,,,
marker_sync,1876,1841700,,,,,,
append,1877,11381200,,,,,,
encode,1877,6200,,,,,,
data_write,1877,55000,,,,,,
data_sync,1877,7821700,,,,,,
marker_write,1877,49600,,,,,,
marker_sync,1877,3444900,,,,,,
append,1878,4305100,,,,,,
encode,1878,6900,,,,,,
data_write,1878,61000,,,,,,
data_sync,1878,2046400,,,,,,
marker_write,1878,62300,,,,,,
marker_sync,1878,2124500,,,,,,
append,1879,4832400,,,,,,
encode,1879,6300,,,,,,
data_write,1879,46900,,,,,,
data_sync,1879,1946600,,,,,,
marker_write,1879,33200,,,,,,
marker_sync,1879,2795500,,,,,,
append,1880,4071501,,,,,,
encode,1880,6300,,,,,,
data_write,1880,58600,,,,,,
data_sync,1880,2076501,,,,,,
marker_write,1880,41500,,,,,,
marker_sync,1880,1885500,,,,,,
append,1881,4062300,,,,,,
encode,1881,5900,,,,,,
data_write,1881,70600,,,,,,
data_sync,1881,1975800,,,,,,
marker_write,1881,34200,,,,,,
marker_sync,1881,1972400,,,,,,
append,1882,4097000,,,,,,
encode,1882,5700,,,,,,
data_write,1882,55000,,,,,,
data_sync,1882,1970000,,,,,,
marker_write,1882,53300,,,,,,
marker_sync,1882,2009500,,,,,,
append,1883,4159000,,,,,,
encode,1883,6300,,,,,,
data_write,1883,50100,,,,,,
data_sync,1883,1903400,,,,,,
marker_write,1883,42700,,,,,,
marker_sync,1883,2152800,,,,,,
append,1884,13358000,,,,,,
encode,1884,6900,,,,,,
data_write,1884,51400,,,,,,
data_sync,1884,7587000,,,,,,
marker_write,1884,58600,,,,,,
marker_sync,1884,5650500,,,,,,
append,1885,3636600,,,,,,
encode,1885,7100,,,,,,
data_write,1885,93700,,,,,,
data_sync,1885,1834600,,,,,,
marker_write,1885,73900,,,,,,
marker_sync,1885,1623100,,,,,,
append,1886,8350500,,,,,,
encode,1886,6100,,,,,,
data_write,1886,114200,,,,,,
data_sync,1886,4231600,,,,,,
marker_write,1886,41600,,,,,,
marker_sync,1886,3953600,,,,,,
append,1887,7993600,,,,,,
encode,1887,6200,,,,,,
data_write,1887,40700,,,,,,
data_sync,1887,3941700,,,,,,
marker_write,1887,38000,,,,,,
marker_sync,1887,3963500,,,,,,
append,1888,8005801,,,,,,
encode,1888,6200,,,,,,
data_write,1888,54600,,,,,,
data_sync,1888,3943401,,,,,,
marker_write,1888,47100,,,,,,
marker_sync,1888,3950500,,,,,,
append,1889,11971800,,,,,,
encode,1889,6300,,,,,,
data_write,1889,63900,,,,,,
data_sync,1889,3993200,,,,,,
marker_write,1889,49700,,,,,,
marker_sync,1889,7854300,,,,,,
append,1890,8030500,,,,,,
encode,1890,6500,,,,,,
data_write,1890,61000,,,,,,
data_sync,1890,3988000,,,,,,
marker_write,1890,48400,,,,,,
marker_sync,1890,3921200,,,,,,
append,1891,7997800,,,,,,
encode,1891,8000,,,,,,
data_write,1891,43500,,,,,,
data_sync,1891,3935300,,,,,,
marker_write,1891,39500,,,,,,
marker_sync,1891,3967200,,,,,,
append,1892,8007200,,,,,,
encode,1892,7000,,,,,,
data_write,1892,40200,,,,,,
data_sync,1892,3961900,,,,,,
marker_write,1892,49700,,,,,,
marker_sync,1892,3944900,,,,,,
append,1893,7975700,,,,,,
encode,1893,6100,,,,,,
data_write,1893,40100,,,,,,
data_sync,1893,3697000,,,,,,
marker_write,1893,98900,,,,,,
marker_sync,1893,4129500,,,,,,
append,1894,4762901,,,,,,
encode,1894,6100,,,,,,
data_write,1894,56400,,,,,,
data_sync,1894,2791700,,,,,,
marker_write,1894,37800,,,,,,
marker_sync,1894,1867101,,,,,,
append,1895,3886600,,,,,,
encode,1895,6600,,,,,,
data_write,1895,47400,,,,,,
data_sync,1895,1894900,,,,,,
marker_write,1895,43600,,,,,,
marker_sync,1895,1890900,,,,,,
append,1896,11316900,,,,,,
encode,1896,6500,,,,,,
data_write,1896,45400,,,,,,
data_sync,1896,1733200,,,,,,
marker_write,1896,38900,,,,,,
marker_sync,1896,9489400,,,,,,
append,1897,3490300,,,,,,
encode,1897,6300,,,,,,
data_write,1897,51900,,,,,,
data_sync,1897,1888700,,,,,,
marker_write,1897,30200,,,,,,
marker_sync,1897,1510300,,,,,,
append,1898,8526100,,,,,,
encode,1898,4900,,,,,,
data_write,1898,42000,,,,,,
data_sync,1898,4476400,,,,,,
marker_write,1898,32100,,,,,,
marker_sync,1898,3966800,,,,,,
append,1899,7996800,,,,,,
encode,1899,6900,,,,,,
data_write,1899,28900,,,,,,
data_sync,1899,3974100,,,,,,
marker_write,1899,41500,,,,,,
marker_sync,1899,3941800,,,,,,
append,1900,8022100,,,,,,
encode,1900,6700,,,,,,
data_write,1900,55100,,,,,,
data_sync,1900,3930700,,,,,,
marker_write,1900,42200,,,,,,
marker_sync,1900,3983800,,,,,,
append,1901,7986501,,,,,,
encode,1901,6500,,,,,,
data_write,1901,69500,,,,,,
data_sync,1901,3903400,,,,,,
marker_write,1901,43200,,,,,,
marker_sync,1901,3959201,,,,,,
append,1902,7997400,,,,,,
encode,1902,5800,,,,,,
data_write,1902,46500,,,,,,
data_sync,1902,3944700,,,,,,
marker_write,1902,37500,,,,,,
marker_sync,1902,3959600,,,,,,
append,1903,7994700,,,,,,
encode,1903,22200,,,,,,
data_write,1903,86200,,,,,,
data_sync,1903,3889300,,,,,,
marker_write,1903,39800,,,,,,
marker_sync,1903,3953700,,,,,,
append,1904,8004400,,,,,,
encode,1904,6500,,,,,,
data_write,1904,47900,,,,,,
data_sync,1904,3948600,,,,,,
marker_write,1904,77700,,,,,,
marker_sync,1904,3919900,,,,,,
append,1905,12000300,,,,,,
encode,1905,6000,,,,,,
data_write,1905,49600,,,,,,
data_sync,1905,3940500,,,,,,
marker_write,1905,42000,,,,,,
marker_sync,1905,7958700,,,,,,
append,1906,3775800,,,,,,
encode,1906,6800,,,,,,
data_write,1906,70500,,,,,,
data_sync,1906,1830100,,,,,,
marker_write,1906,38400,,,,,,
marker_sync,1906,1823700,,,,,,
append,1907,20225201,,,,,,
encode,1907,6100,,,,,,
data_write,1907,75300,,,,,,
data_sync,1907,12148501,,,,,,
marker_write,1907,45000,,,,,,
marker_sync,1907,7946200,,,,,,
append,1908,7990500,,,,,,
encode,1908,6000,,,,,,
data_write,1908,60100,,,,,,
data_sync,1908,3947200,,,,,,
marker_write,1908,41600,,,,,,
marker_sync,1908,3930900,,,,,,
append,1909,6778800,,,,,,
encode,1909,5900,,,,,,
data_write,1909,48400,,,,,,
data_sync,1909,3945300,,,,,,
marker_write,1909,42000,,,,,,
marker_sync,1909,2732200,,,,,,
append,1910,13220800,,,,,,
encode,1910,6700,,,,,,
data_write,1910,68000,,,,,,
data_sync,1910,9121200,,,,,,
marker_write,1910,46200,,,,,,
marker_sync,1910,3974700,,,,,,
append,1911,7997200,,,,,,
encode,1911,6300,,,,,,
data_write,1911,73500,,,,,,
data_sync,1911,3923800,,,,,,
marker_write,1911,45500,,,,,,
marker_sync,1911,3944400,,,,,,
append,1912,8058701,,,,,,
encode,1912,6600,,,,,,
data_write,1912,47300,,,,,,
data_sync,1912,3952100,,,,,,
marker_write,1912,43600,,,,,,
marker_sync,1912,4004601,,,,,,
append,1913,7947400,,,,,,
encode,1913,6600,,,,,,
data_write,1913,54600,,,,,,
data_sync,1913,3887600,,,,,,
marker_write,1913,46300,,,,,,
marker_sync,1913,3948000,,,,,,
append,1914,7828700,,,,,,
encode,1914,5700,,,,,,
data_write,1914,52200,,,,,,
data_sync,1914,2970200,,,,,,
marker_write,1914,39500,,,,,,
marker_sync,1914,4756500,,,,,,
append,1915,8175300,,,,,,
encode,1915,6200,,,,,,
data_write,1915,43500,,,,,,
data_sync,1915,2997000,,,,,,
marker_write,1915,43000,,,,,,
marker_sync,1915,5081100,,,,,,
append,1916,4752900,,,,,,
encode,1916,7300,,,,,,
data_write,1916,243300,,,,,,
data_sync,1916,2051500,,,,,,
marker_write,1916,159200,,,,,,
marker_sync,1916,2288300,,,,,,
append,1917,4397700,,,,,,
encode,1917,6600,,,,,,
data_write,1917,57200,,,,,,
data_sync,1917,2119000,,,,,,
marker_write,1917,69400,,,,,,
marker_sync,1917,2142000,,,,,,
append,1918,7895300,,,,,,
encode,1918,5900,,,,,,
data_write,1918,41900,,,,,,
data_sync,1918,3691400,,,,,,
marker_write,1918,50700,,,,,,
marker_sync,1918,4101500,,,,,,
append,1919,10917801,,,,,,
encode,1919,7000,,,,,,
data_write,1919,54400,,,,,,
data_sync,1919,1953100,,,,,,
marker_write,1919,33500,,,,,,
marker_sync,1919,8865901,,,,,,
append,1920,3712500,,,,,,
encode,1920,89300,,,,,,
data_write,1920,78600,,,,,,
data_sync,1920,1782200,,,,,,
marker_write,1920,38900,,,,,,
marker_sync,1920,1719600,,,,,,
append,1921,6311900,,,,,,
encode,1921,5300,,,,,,
data_write,1921,48200,,,,,,
data_sync,1921,4247000,,,,,,
marker_write,1921,66800,,,,,,
marker_sync,1921,1940400,,,,,,
append,1922,8120600,,,,,,
encode,1922,6300,,,,,,
data_write,1922,50500,,,,,,
data_sync,1922,5917700,,,,,,
marker_write,1922,44100,,,,,,
marker_sync,1922,2098000,,,,,,
append,1923,7630300,,,,,,
encode,1923,6800,,,,,,
data_write,1923,57200,,,,,,
data_sync,1923,5793400,,,,,,
marker_write,1923,42000,,,,,,
marker_sync,1923,1727300,,,,,,
append,1924,10230600,,,,,,
encode,1924,4700,,,,,,
data_write,1924,35800,,,,,,
data_sync,1924,6184200,,,,,,
marker_write,1924,46300,,,,,,
marker_sync,1924,3956400,,,,,,
append,1925,8921800,,,,,,
encode,1925,6400,,,,,,
data_write,1925,56400,,,,,,
data_sync,1925,4035300,,,,,,
marker_write,1925,55100,,,,,,
marker_sync,1925,4765200,,,,,,
append,1926,7084601,,,,,,
encode,1926,6800,,,,,,
data_write,1926,60800,,,,,,
data_sync,1926,1970800,,,,,,
marker_write,1926,40800,,,,,,
marker_sync,1926,5001401,,,,,,
append,1927,8030200,,,,,,
encode,1927,58000,,,,,,
data_write,1927,68500,,,,,,
data_sync,1927,3017500,,,,,,
marker_write,1927,78000,,,,,,
marker_sync,1927,4803800,,,,,,
append,1928,7956700,,,,,,
encode,1928,6900,,,,,,
data_write,1928,49300,,,,,,
data_sync,1928,1946900,,,,,,
marker_write,1928,42000,,,,,,
marker_sync,1928,5907400,,,,,,
append,1929,8007800,,,,,,
encode,1929,6000,,,,,,
data_write,1929,43900,,,,,,
data_sync,1929,1800500,,,,,,
marker_write,1929,42200,,,,,,
marker_sync,1929,6111000,,,,,,
append,1930,4045000,,,,,,
encode,1930,6500,,,,,,
data_write,1930,95600,,,,,,
data_sync,1930,2075700,,,,,,
marker_write,1930,78500,,,,,,
marker_sync,1930,1784400,,,,,,
append,1931,11927000,,,,,,
encode,1931,5900,,,,,,
data_write,1931,42900,,,,,,
data_sync,1931,3884000,,,,,,
marker_write,1931,81100,,,,,,
marker_sync,1931,7909400,,,,,,
append,1932,5939000,,,,,,
encode,1932,6900,,,,,,
data_write,1932,94000,,,,,,
data_sync,1932,3929800,,,,,,
marker_write,1932,72500,,,,,,
marker_sync,1932,1831900,,,,,,
append,1933,8126601,,,,,,
encode,1933,5700,,,,,,
data_write,1933,34200,,,,,,
data_sync,1933,6032401,,,,,,
marker_write,1933,62300,,,,,,
marker_sync,1933,1988300,,,,,,
append,1934,4057400,,,,,,
encode,1934,6500,,,,,,
data_write,1934,87700,,,,,,
data_sync,1934,1899100,,,,,,
marker_write,1934,40100,,,,,,
marker_sync,1934,2020700,,,,,,
append,1935,4073500,,,,,,
encode,1935,6100,,,,,,
data_write,1935,47300,,,,,,
data_sync,1935,1967700,,,,,,
marker_write,1935,34800,,,,,,
marker_sync,1935,2013500,,,,,,
append,1936,3973200,,,,,,
encode,1936,6500,,,,,,
data_write,1936,47000,,,,,,
data_sync,1936,1912000,,,,,,
marker_write,1936,35100,,,,,,
marker_sync,1936,1969200,,,,,,
append,1937,4069300,,,,,,
encode,1937,5700,,,,,,
data_write,1937,44200,,,,,,
data_sync,1937,1972700,,,,,,
marker_write,1937,36000,,,,,,
marker_sync,1937,2007100,,,,,,
append,1938,7088200,,,,,,
encode,1938,6600,,,,,,
data_write,1938,59700,,,,,,
data_sync,1938,4251000,,,,,,
marker_write,1938,195800,,,,,,
marker_sync,1938,2571200,,,,,,
append,1939,4250300,,,,,,
encode,1939,6000,,,,,,
data_write,1939,200500,,,,,,
data_sync,1939,2026400,,,,,,
marker_write,1939,123900,,,,,,
marker_sync,1939,1890000,,,,,,
append,1940,4107800,,,,,,
encode,1940,6800,,,,,,
data_write,1940,36000,,,,,,
data_sync,1940,1965700,,,,,,
marker_write,1940,36900,,,,,,
marker_sync,1940,2059400,,,,,,
append,1941,8219200,,,,,,
encode,1941,6600,,,,,,
data_write,1941,44500,,,,,,
data_sync,1941,1980100,,,,,,
marker_write,1941,37300,,,,,,
marker_sync,1941,6147300,,,,,,
append,1942,4153300,,,,,,
encode,1942,6600,,,,,,
data_write,1942,46300,,,,,,
data_sync,1942,2108800,,,,,,
marker_write,1942,37300,,,,,,
marker_sync,1942,1950600,,,,,,
append,1943,4195701,,,,,,
encode,1943,6000,,,,,,
data_write,1943,40000,,,,,,
data_sync,1943,2118000,,,,,,
marker_write,1943,36500,,,,,,
marker_sync,1943,1991801,,,,,,
append,1944,7442000,,,,,,
encode,1944,7100,,,,,,
data_write,1944,47500,,,,,,
data_sync,1944,5003100,,,,,,
marker_write,1944,34000,,,,,,
marker_sync,1944,2346000,,,,,,
append,1945,4071600,,,,,,
encode,1945,6600,,,,,,
data_write,1945,84600,,,,,,
data_sync,1945,1928800,,,,,,
marker_write,1945,70700,,,,,,
marker_sync,1945,1977700,,,,,,
append,1946,4418700,,,,,,
encode,1946,6300,,,,,,
data_write,1946,69600,,,,,,
data_sync,1946,2132400,,,,,,
marker_write,1946,66400,,,,,,
marker_sync,1946,2140800,,,,,,
append,1947,4272900,,,,,,
encode,1947,6600,,,,,,
data_write,1947,79400,,,,,,
data_sync,1947,2059500,,,,,,
marker_write,1947,66700,,,,,,
marker_sync,1947,2057500,,,,,,
append,1948,4018900,,,,,,
encode,1948,6500,,,,,,
data_write,1948,66900,,,,,,
data_sync,1948,1899800,,,,,,
marker_write,1948,78500,,,,,,
marker_sync,1948,1963200,,,,,,
append,1949,4236800,,,,,,
encode,1949,5700,,,,,,
data_write,1949,83500,,,,,,
data_sync,1949,2226100,,,,,,
marker_write,1949,54300,,,,,,
marker_sync,1949,1863800,,,,,,
append,1950,4076100,,,,,,
encode,1950,6500,,,,,,
data_write,1950,78700,,,,,,
data_sync,1950,1952900,,,,,,
marker_write,1950,70400,,,,,,
marker_sync,1950,1961400,,,,,,
append,1951,4161600,,,,,,
encode,1951,6800,,,,,,
data_write,1951,80200,,,,,,
data_sync,1951,2055500,,,,,,
marker_write,1951,61300,,,,,,
marker_sync,1951,1953900,,,,,,
append,1952,4904000,,,,,,
encode,1952,7200,,,,,,
data_write,1952,79600,,,,,,
data_sync,1952,2418800,,,,,,
marker_write,1952,78900,,,,,,
marker_sync,1952,2315100,,,,,,
append,1953,4283500,,,,,,
encode,1953,6900,,,,,,
data_write,1953,106600,,,,,,
data_sync,1953,2062800,,,,,,
marker_write,1953,71400,,,,,,
marker_sync,1953,2032200,,,,,,
append,1954,4059500,,,,,,
encode,1954,7300,,,,,,
data_write,1954,100100,,,,,,
data_sync,1954,2015600,,,,,,
marker_write,1954,69400,,,,,,
marker_sync,1954,1862900,,,,,,
append,1955,3829901,,,,,,
encode,1955,4700,,,,,,
data_write,1955,63200,,,,,,
data_sync,1955,1646501,,,,,,
marker_write,1955,52500,,,,,,
marker_sync,1955,2059400,,,,,,
append,1956,3540000,,,,,,
encode,1956,6200,,,,,,
data_write,1956,69400,,,,,,
data_sync,1956,1740100,,,,,,
marker_write,1956,59800,,,,,,
marker_sync,1956,1661500,,,,,,
append,1957,3379700,,,,,,
encode,1957,5500,,,,,,
data_write,1957,70600,,,,,,
data_sync,1957,1709300,,,,,,
marker_write,1957,60100,,,,,,
marker_sync,1957,1531400,,,,,,
append,1958,3892800,,,,,,
encode,1958,5500,,,,,,
data_write,1958,65200,,,,,,
data_sync,1958,2040200,,,,,,
marker_write,1958,61900,,,,,,
marker_sync,1958,1716800,,,,,,
append,1959,3443300,,,,,,
encode,1959,5800,,,,,,
data_write,1959,65900,,,,,,
data_sync,1959,1685200,,,,,,
marker_write,1959,58300,,,,,,
marker_sync,1959,1625400,,,,,,
append,1960,3278100,,,,,,
encode,1960,5200,,,,,,
data_write,1960,51300,,,,,,
data_sync,1960,1638900,,,,,,
marker_write,1960,45500,,,,,,
marker_sync,1960,1534600,,,,,,
append,1961,3197100,,,,,,
encode,1961,5000,,,,,,
data_write,1961,55000,,,,,,
data_sync,1961,1481900,,,,,,
marker_write,1961,42800,,,,,,
marker_sync,1961,1609700,,,,,,
append,1962,3417300,,,,,,
encode,1962,5500,,,,,,
data_write,1962,69400,,,,,,
data_sync,1962,1627400,,,,,,
marker_write,1962,53100,,,,,,
marker_sync,1962,1659000,,,,,,
append,1963,4015100,,,,,,
encode,1963,5900,,,,,,
data_write,1963,63400,,,,,,
data_sync,1963,2025600,,,,,,
marker_write,1963,62400,,,,,,
marker_sync,1963,1854700,,,,,,
append,1964,3859300,,,,,,
encode,1964,6200,,,,,,
data_write,1964,62400,,,,,,
data_sync,1964,1875400,,,,,,
marker_write,1964,57400,,,,,,
marker_sync,1964,1854600,,,,,,
append,1965,3837900,,,,,,
encode,1965,5900,,,,,,
data_write,1965,72300,,,,,,
data_sync,1965,1824700,,,,,,
marker_write,1965,65300,,,,,,
marker_sync,1965,1866700,,,,,,
append,1966,3753900,,,,,,
encode,1966,22800,,,,,,
data_write,1966,32200,,,,,,
data_sync,1966,1849100,,,,,,
marker_write,1966,50900,,,,,,
marker_sync,1966,1794300,,,,,,
append,1967,3604800,,,,,,
encode,1967,5900,,,,,,
data_write,1967,67700,,,,,,
data_sync,1967,1679300,,,,,,
marker_write,1967,49800,,,,,,
marker_sync,1967,1798500,,,,,,
append,1968,3409900,,,,,,
encode,1968,6600,,,,,,
data_write,1968,68000,,,,,,
data_sync,1968,1663800,,,,,,
marker_write,1968,48500,,,,,,
marker_sync,1968,1619600,,,,,,
append,1969,3470801,,,,,,
encode,1969,5000,,,,,,
data_write,1969,51000,,,,,,
data_sync,1969,1743300,,,,,,
marker_write,1969,56600,,,,,,
marker_sync,1969,1611501,,,,,,
append,1970,3766200,,,,,,
encode,1970,6300,,,,,,
data_write,1970,63700,,,,,,
data_sync,1970,1837300,,,,,,
marker_write,1970,51500,,,,,,
marker_sync,1970,1803800,,,,,,
append,1971,8807900,,,,,,
encode,1971,5600,,,,,,
data_write,1971,56500,,,,,,
data_sync,1971,6896900,,,,,,
marker_write,1971,38200,,,,,,
marker_sync,1971,1805700,,,,,,
append,1972,7068600,,,,,,
encode,1972,6300,,,,,,
data_write,1972,23500,,,,,,
data_sync,1972,5202000,,,,,,
marker_write,1972,40800,,,,,,
marker_sync,1972,1792400,,,,,,
append,1973,10683400,,,,,,
encode,1973,6200,,,,,,
data_write,1973,48000,,,,,,
data_sync,1973,1762200,,,,,,
marker_write,1973,38400,,,,,,
marker_sync,1973,8824700,,,,,,
append,1974,7471600,,,,,,
encode,1974,5700,,,,,,
data_write,1974,59000,,,,,,
data_sync,1974,2209500,,,,,,
marker_write,1974,52300,,,,,,
marker_sync,1974,5141300,,,,,,
append,1975,10753200,,,,,,
encode,1975,7900,,,,,,
data_write,1975,58200,,,,,,
data_sync,1975,3970700,,,,,,
marker_write,1975,38000,,,,,,
marker_sync,1975,6675000,,,,,,
append,1976,11525201,,,,,,
encode,1976,6600,,,,,,
data_write,1976,47900,,,,,,
data_sync,1976,9182601,,,,,,
marker_write,1976,54900,,,,,,
marker_sync,1976,2229800,,,,,,
append,1977,4994500,,,,,,
encode,1977,6300,,,,,,
data_write,1977,49400,,,,,,
data_sync,1977,3018900,,,,,,
marker_write,1977,43300,,,,,,
marker_sync,1977,1872300,,,,,,
append,1978,6943600,,,,,,
encode,1978,7000,,,,,,
data_write,1978,51400,,,,,,
data_sync,1978,4827600,,,,,,
marker_write,1978,39500,,,,,,
marker_sync,1978,2014600,,,,,,
append,1979,3989000,,,,,,
encode,1979,5900,,,,,,
data_write,1979,47400,,,,,,
data_sync,1979,1767600,,,,,,
marker_write,1979,37900,,,,,,
marker_sync,1979,2125800,,,,,,
append,1980,4015800,,,,,,
encode,1980,7000,,,,,,
data_write,1980,46300,,,,,,
data_sync,1980,1998100,,,,,,
marker_write,1980,37900,,,,,,
marker_sync,1980,1922400,,,,,,
append,1981,8158500,,,,,,
encode,1981,6800,,,,,,
data_write,1981,55800,,,,,,
data_sync,1981,1758200,,,,,,
marker_write,1981,39400,,,,,,
marker_sync,1981,6294200,,,,,,
append,1982,7781800,,,,,,
encode,1982,6400,,,,,,
data_write,1982,60600,,,,,,
data_sync,1982,2098300,,,,,,
marker_write,1982,43400,,,,,,
marker_sync,1982,5568300,,,,,,
append,1983,4762800,,,,,,
encode,1983,6400,,,,,,
data_write,1983,26400,,,,,,
data_sync,1983,2500600,,,,,,
marker_write,1983,27100,,,,,,
marker_sync,1983,2198900,,,,,,
append,1984,9089901,,,,,,
encode,1984,5600,,,,,,
data_write,1984,71800,,,,,,
data_sync,1984,4999601,,,,,,
marker_write,1984,37100,,,,,,
marker_sync,1984,3971900,,,,,,
append,1985,7984200,,,,,,
encode,1985,5500,,,,,,
data_write,1985,49300,,,,,,
data_sync,1985,3920700,,,,,,
marker_write,1985,40700,,,,,,
marker_sync,1985,3963400,,,,,,
append,1986,7993300,,,,,,
encode,1986,6400,,,,,,
data_write,1986,49900,,,,,,
data_sync,1986,3941100,,,,,,
marker_write,1986,38500,,,,,,
marker_sync,1986,3954200,,,,,,
append,1987,8001600,,,,,,
encode,1987,6100,,,,,,
data_write,1987,48300,,,,,,
data_sync,1987,3938900,,,,,,
marker_write,1987,44400,,,,,,
marker_sync,1987,3960000,,,,,,
append,1988,9505700,,,,,,
encode,1988,6800,,,,,,
data_write,1988,47400,,,,,,
data_sync,1988,3943700,,,,,,
marker_write,1988,32600,,,,,,
marker_sync,1988,5472100,,,,,,
append,1989,14202801,,,,,,
encode,1989,6600,,,,,,
data_write,1989,45600,,,,,,
data_sync,1989,6473100,,,,,,
marker_write,1989,85700,,,,,,
marker_sync,1989,7587901,,,,,,
append,1990,16262800,,,,,,
encode,1990,7200,,,,,,
data_write,1990,46700,,,,,,
data_sync,1990,8233300,,,,,,
marker_write,1990,40300,,,,,,
marker_sync,1990,7930700,,,,,,
append,1991,8038100,,,,,,
encode,1991,5700,,,,,,
data_write,1991,55000,,,,,,
data_sync,1991,3958700,,,,,,
marker_write,1991,49000,,,,,,
marker_sync,1991,3965900,,,,,,
append,1992,4649100,,,,,,
encode,1992,6900,,,,,,
data_write,1992,42600,,,,,,
data_sync,1992,2560400,,,,,,
marker_write,1992,39100,,,,,,
marker_sync,1992,1996100,,,,,,
append,1993,4487000,,,,,,
encode,1993,6500,,,,,,
data_write,1993,53900,,,,,,
data_sync,1993,2019500,,,,,,
marker_write,1993,22100,,,,,,
marker_sync,1993,2381500,,,,,,
append,1994,6835600,,,,,,
encode,1994,6100,,,,,,
data_write,1994,44600,,,,,,
data_sync,1994,4748400,,,,,,
marker_write,1994,58600,,,,,,
marker_sync,1994,1974400,,,,,,
append,1995,6573400,,,,,,
encode,1995,6100,,,,,,
data_write,1995,42800,,,,,,
data_sync,1995,3573700,,,,,,
marker_write,1995,51700,,,,,,
marker_sync,1995,2895500,,,,,,
append,1996,4029801,,,,,,
encode,1996,6800,,,,,,
data_write,1996,41600,,,,,,
data_sync,1996,2047401,,,,,,
marker_write,1996,47200,,,,,,
marker_sync,1996,1883600,,,,,,
append,1997,4159300,,,,,,
encode,1997,6000,,,,,,
data_write,1997,49100,,,,,,
data_sync,1997,1927100,,,,,,
marker_write,1997,33800,,,,,,
marker_sync,1997,2139000,,,,,,
append,1998,4172000,,,,,,
encode,1998,6900,,,,,,
data_write,1998,60500,,,,,,
data_sync,1998,2161600,,,,,,
marker_write,1998,36800,,,,,,
marker_sync,1998,1901700,,,,,,
append,1999,8399700,,,,,,
encode,1999,5900,,,,,,
data_write,1999,50900,,,,,,
data_sync,1999,6234300,,,,,,
marker_write,1999,47700,,,,,,
marker_sync,1999,2054800,,,,,,
append,2000,3928500,,,,,,
encode,2000,8300,,,,,,
data_write,2000,73400,,,,,,
data_sync,2000,1908600,,,,,,
marker_write,2000,73000,,,,,,
marker_sync,2000,1861600,,,,,,
ingest,,9929396797,2000,28,296000,2364,,
