phase,event_index,elapsed_ns,events,full_rejections,file_bytes,peak_rss_kib,alloc_calls,alloc_requested_bytes
append,1,3126199,,,,,,
encode,1,7100,,,,,,
data_write,1,53900,,,,,,
data_sync,1,1599599,,,,,,
marker_write,1,35800,,,,,,
marker_sync,1,1427700,,,,,,
append,2,3311099,,,,,,
encode,2,3400,,,,,,
data_write,2,38300,,,,,,
data_sync,2,1433199,,,,,,
marker_write,2,37900,,,,,,
marker_sync,2,1796900,,,,,,
append,3,3393899,,,,,,
encode,3,3500,,,,,,
data_write,3,48300,,,,,,
data_sync,3,1644599,,,,,,
marker_write,3,35500,,,,,,
marker_sync,3,1660600,,,,,,
append,4,3130299,,,,,,
encode,4,3700,,,,,,
data_write,4,39700,,,,,,
data_sync,4,1525400,,,,,,
marker_write,4,34000,,,,,,
marker_sync,4,1525899,,,,,,
append,5,2865599,,,,,,
encode,5,2800,,,,,,
data_write,5,43200,,,,,,
data_sync,5,1407700,,,,,,
marker_write,5,31300,,,,,,
marker_sync,5,1379099,,,,,,
append,6,2873800,,,,,,
encode,6,2800,,,,,,
data_write,6,35200,,,,,,
data_sync,6,1413200,,,,,,
marker_write,6,30300,,,,,,
marker_sync,6,1391000,,,,,,
append,7,3136099,,,,,,
encode,7,2500,,,,,,
data_write,7,41899,,,,,,
data_sync,7,1379700,,,,,,
marker_write,7,31700,,,,,,
marker_sync,7,1678900,,,,,,
append,8,3145399,,,,,,
encode,8,2700,,,,,,
data_write,8,43100,,,,,,
data_sync,8,1583399,,,,,,
marker_write,8,40100,,,,,,
marker_sync,8,1474600,,,,,,
append,9,2879999,,,,,,
encode,9,3200,,,,,,
data_write,9,42100,,,,,,
data_sync,9,1396899,,,,,,
marker_write,9,33700,,,,,,
marker_sync,9,1402300,,,,,,
append,10,2904799,,,,,,
encode,10,3000,,,,,,
data_write,10,39500,,,,,,
data_sync,10,1435000,,,,,,
marker_write,10,33800,,,,,,
marker_sync,10,1392299,,,,,,
append,11,2967699,,,,,,
encode,11,2900,,,,,,
data_write,11,36800,,,,,,
data_sync,11,1391400,,,,,,
marker_write,11,40100,,,,,,
marker_sync,11,1494799,,,,,,
append,12,3130899,,,,,,
encode,12,3200,,,,,,
data_write,12,44700,,,,,,
data_sync,12,1442400,,,,,,
marker_write,12,38600,,,,,,
marker_sync,12,1599799,,,,,,
append,13,3715699,,,,,,
encode,13,3600,,,,,,
data_write,13,45700,,,,,,
data_sync,13,1810600,,,,,,
marker_write,13,36800,,,,,,
marker_sync,13,1816999,,,,,,
append,14,2999400,,,,,,
encode,14,4000,,,,,,
data_write,14,43000,,,,,,
data_sync,14,1491600,,,,,,
marker_write,14,34900,,,,,,
marker_sync,14,1424000,,,,,,
append,15,2875399,,,,,,
encode,15,3200,,,,,,
data_write,15,42400,,,,,,
data_sync,15,1408499,,,,,,
marker_write,15,32900,,,,,,
marker_sync,15,1387100,,,,,,
append,16,2822399,,,,,,
encode,16,2300,,,,,,
data_write,16,39100,,,,,,
data_sync,16,1363799,,,,,,
marker_write,16,32100,,,,,,
marker_sync,16,1384100,,,,,,
append,17,2838999,,,,,,
encode,17,2400,,,,,,
data_write,17,39100,,,,,,
data_sync,17,1362800,,,,,,
marker_write,17,31400,,,,,,
marker_sync,17,1402299,,,,,,
append,18,3326599,,,,,,
encode,18,2200,,,,,,
data_write,18,37700,,,,,,
data_sync,18,1519200,,,,,,
marker_write,18,32900,,,,,,
marker_sync,18,1733499,,,,,,
append,19,3212699,,,,,,
encode,19,3000,,,,,,
data_write,19,38700,,,,,,
data_sync,19,1645100,,,,,,
marker_write,19,36900,,,,,,
marker_sync,19,1486699,,,,,,
append,20,3449799,,,,,,
encode,20,3300,,,,,,
data_write,20,43200,,,,,,
data_sync,20,1499700,,,,,,
marker_write,20,40100,,,,,,
marker_sync,20,1860399,,,,,,
append,21,3291900,,,,,,
encode,21,4300,,,,,,
data_write,21,60600,,,,,,
data_sync,21,1572600,,,,,,
marker_write,21,45100,,,,,,
marker_sync,21,1606300,,,,,,
append,22,3001499,,,,,,
encode,22,5200,,,,,,
data_write,22,53899,,,,,,
data_sync,22,1496700,,,,,,
marker_write,22,37800,,,,,,
marker_sync,22,1404800,,,,,,
append,23,2893299,,,,,,
encode,23,4500,,,,,,
data_write,23,49400,,,,,,
data_sync,23,1440299,,,,,,
marker_write,23,37300,,,,,,
marker_sync,23,1359500,,,,,,
append,24,3124399,,,,,,
encode,24,3000,,,,,,
data_write,24,41600,,,,,,
data_sync,24,1390999,,,,,,
marker_write,24,33000,,,,,,
marker_sync,24,1654000,,,,,,
append,25,3129299,,,,,,
encode,25,3300,,,,,,
data_write,25,51000,,,,,,
data_sync,25,1581800,,,,,,
marker_write,25,38100,,,,,,
marker_sync,25,1452599,,,,,,
append,26,2928099,,,,,,
encode,26,3200,,,,,,
data_write,26,40900,,,,,,
data_sync,26,1443100,,,,,,
marker_write,26,33300,,,,,,
marker_sync,26,1405899,,,,,,
append,27,2781200,,,,,,
encode,27,2400,,,,,,
data_write,27,39800,,,,,,
data_sync,27,1364100,,,,,,
marker_write,27,32500,,,,,,
marker_sync,27,1341300,,,,,,
append,28,3155099,,,,,,
encode,28,2500,,,,,,
data_write,28,43700,,,,,,
data_sync,28,1557999,,,,,,
marker_write,28,37200,,,,,,
marker_sync,28,1511900,,,,,,
append,29,3002699,,,,,,
encode,29,3900,,,,,,
data_write,29,45500,,,,,,
data_sync,29,1441199,,,,,,
marker_write,29,39500,,,,,,
marker_sync,29,1470900,,,,,,
append,30,3016499,,,,,,
encode,30,3800,,,,,,
data_write,30,40300,,,,,,
data_sync,30,1480299,,,,,,
marker_write,30,36500,,,,,,
marker_sync,30,1454000,,,,,,
append,31,2971499,,,,,,
encode,31,3300,,,,,,
data_write,31,41700,,,,,,
data_sync,31,1475500,,,,,,
marker_write,31,32900,,,,,,
marker_sync,31,1416399,,,,,,
append,32,2906899,,,,,,
encode,32,3400,,,,,,
data_write,32,39200,,,,,,
data_sync,32,1433100,,,,,,
marker_write,32,36900,,,,,,
marker_sync,32,1392999,,,,,,
append,33,3022900,,,,,,
encode,33,2900,,,,,,
data_write,33,37100,,,,,,
data_sync,33,1384600,,,,,,
marker_write,33,29700,,,,,,
marker_sync,33,1567100,,,,,,
append,34,3178899,,,,,,
encode,34,3900,,,,,,
data_write,34,42299,,,,,,
data_sync,34,1646700,,,,,,
marker_write,34,34500,,,,,,
marker_sync,34,1449900,,,,,,
append,35,2971999,,,,,,
encode,35,3800,,,,,,
data_write,35,40800,,,,,,
data_sync,35,1442399,,,,,,
marker_write,35,32200,,,,,,
marker_sync,35,1451000,,,,,,
append,36,2924599,,,,,,
encode,36,3300,,,,,,
data_write,36,42400,,,,,,
data_sync,36,1467799,,,,,,
marker_write,36,35500,,,,,,
marker_sync,36,1373500,,,,,,
append,37,3005599,,,,,,
encode,37,2800,,,,,,
data_write,37,40000,,,,,,
data_sync,37,1423600,,,,,,
marker_write,37,30800,,,,,,
marker_sync,37,1505899,,,,,,
append,38,2877499,,,,,,
encode,38,3300,,,,,,
data_write,38,44600,,,,,,
data_sync,38,1418600,,,,,,
marker_write,38,33300,,,,,,
marker_sync,38,1375999,,,,,,
append,39,3424599,,,,,,
encode,39,4100,,,,,,
data_write,39,46800,,,,,,
data_sync,39,1750400,,,,,,
marker_write,39,41600,,,,,,
marker_sync,39,1579599,,,,,,
append,40,2991400,,,,,,
encode,40,4000,,,,,,
data_write,40,46100,,,,,,
data_sync,40,1486100,,,,,,
marker_write,40,33900,,,,,,
marker_sync,40,1419200,,,,,,
append,41,3018999,,,,,,
encode,41,3200,,,,,,
data_write,41,36800,,,,,,
data_sync,41,1462199,,,,,,
marker_write,41,57800,,,,,,
marker_sync,41,1457000,,,,,,
append,42,2958399,,,,,,
encode,42,3000,,,,,,
data_write,42,41400,,,,,,
data_sync,42,1411499,,,,,,
marker_write,42,30400,,,,,,
marker_sync,42,1470000,,,,,,
append,43,2982699,,,,,,
encode,43,3100,,,,,,
data_write,43,41600,,,,,,
data_sync,43,1450799,,,,,,
marker_write,43,33900,,,,,,
marker_sync,43,1451600,,,,,,
append,44,3409599,,,,,,
encode,44,3000,,,,,,
data_write,44,38200,,,,,,
data_sync,44,1699700,,,,,,
marker_write,44,34100,,,,,,
marker_sync,44,1632999,,,,,,
append,45,2994399,,,,,,
encode,45,3200,,,,,,
data_write,45,38100,,,,,,
data_sync,45,1454400,,,,,,
marker_write,45,30800,,,,,,
marker_sync,45,1466299,,,,,,
append,46,2980099,,,,,,
encode,46,3200,,,,,,
data_write,46,40500,,,,,,
data_sync,46,1423800,,,,,,
marker_write,46,41200,,,,,,
marker_sync,46,1469799,,,,,,
append,47,2974300,,,,,,
encode,47,3300,,,,,,
data_write,47,42400,,,,,,
data_sync,47,1439200,,,,,,
marker_write,47,31700,,,,,,
marker_sync,47,1456300,,,,,,
append,48,2885499,,,,,,
encode,48,2800,,,,,,
data_write,48,41900,,,,,,
data_sync,48,1427799,,,,,,
marker_write,48,35100,,,,,,
marker_sync,48,1376600,,,,,,
append,49,3291999,,,,,,
encode,49,2700,,,,,,
data_write,49,41300,,,,,,
data_sync,49,1512799,,,,,,
marker_write,49,42100,,,,,,
marker_sync,49,1690500,,,,,,
append,50,3357199,,,,,,
encode,50,3600,,,,,,
data_write,50,49200,,,,,,
data_sync,50,1651399,,,,,,
marker_write,50,51400,,,,,,
marker_sync,50,1599600,,,,,,
append,51,3285999,,,,,,
encode,51,3900,,,,,,
data_write,51,51500,,,,,,
data_sync,51,1616900,,,,,,
marker_write,51,42699,,,,,,
marker_sync,51,1568600,,,,,,
append,52,3149599,,,,,,
encode,52,4000,,,,,,
data_write,52,54300,,,,,,
data_sync,52,1587000,,,,,,
marker_write,52,41500,,,,,,
marker_sync,52,1460899,,,,,,
append,53,3099899,,,,,,
encode,53,4400,,,,,,
data_write,53,51700,,,,,,
data_sync,53,1450800,,,,,,
marker_write,53,43400,,,,,,
marker_sync,53,1547499,,,,,,
append,54,3294599,,,,,,
encode,54,3700,,,,,,
data_write,54,44000,,,,,,
data_sync,54,1542700,,,,,,
marker_write,54,44900,,,,,,
marker_sync,54,1656999,,,,,,
append,55,3167600,,,,,,
encode,55,4000,,,,,,
data_write,55,50000,,,,,,
data_sync,55,1401600,,,,,,
marker_write,55,35300,,,,,,
marker_sync,55,1674800,,,,,,
append,56,2983999,,,,,,
encode,56,3200,,,,,,
data_write,56,46600,,,,,,
data_sync,56,1503099,,,,,,
marker_write,56,34200,,,,,,
marker_sync,56,1395400,,,,,,
append,57,3059899,,,,,,
encode,57,3200,,,,,,
data_write,57,40700,,,,,,
data_sync,57,1586199,,,,,,
marker_write,57,35200,,,,,,
marker_sync,57,1393100,,,,,,
append,58,2840699,,,,,,
encode,58,2700,,,,,,
data_write,58,49300,,,,,,
data_sync,58,1382499,,,,,,
marker_write,58,32300,,,,,,
marker_sync,58,1372300,,,,,,
append,59,3159799,,,,,,
encode,59,2300,,,,,,
data_write,59,40500,,,,,,
data_sync,59,1522800,,,,,,
marker_write,59,37600,,,,,,
marker_sync,59,1553999,,,,,,
append,60,2967899,,,,,,
encode,60,3100,,,,,,
data_write,60,43800,,,,,,
data_sync,60,1488900,,,,,,
marker_write,60,38700,,,,,,
marker_sync,60,1391499,,,,,,
append,61,2736400,,,,,,
encode,61,2900,,,,,,
data_write,61,41500,,,,,,
data_sync,61,1334700,,,,,,
marker_write,61,33300,,,,,,
marker_sync,61,1322500,,,,,,
append,62,2918099,,,,,,
encode,62,2400,,,,,,
data_write,62,38800,,,,,,
data_sync,62,1380399,,,,,,
marker_write,62,34600,,,,,,
marker_sync,62,1460300,,,,,,
append,63,2783199,,,,,,
encode,63,2800,,,,,,
data_write,63,40100,,,,,,
data_sync,63,1364099,,,,,,
marker_write,63,33600,,,,,,
marker_sync,63,1341300,,,,,,
append,64,2819899,,,,,,
encode,64,2400,,,,,,
data_write,64,40300,,,,,,
data_sync,64,1345700,,,,,,
marker_write,64,33800,,,,,,
marker_sync,64,1396299,,,,,,
append,65,3102899,,,,,,
encode,65,2300,,,,,,
data_write,65,40100,,,,,,
data_sync,65,1555100,,,,,,
marker_write,65,45400,,,,,,
marker_sync,65,1458399,,,,,,
append,66,2877400,,,,,,
encode,66,3400,,,,,,
data_write,66,41000,,,,,,
data_sync,66,1408400,,,,,,
marker_write,66,35200,,,,,,
marker_sync,66,1387300,,,,,,
append,67,3076899,,,,,,
encode,67,2600,,,,,,
data_write,67,39600,,,,,,
data_sync,67,1482199,,,,,,
marker_write,67,37000,,,,,,
marker_sync,67,1513600,,,,,,
append,68,3007599,,,,,,
encode,68,3300,,,,,,
data_write,68,39300,,,,,,
data_sync,68,1502199,,,,,,
marker_write,68,33500,,,,,,
marker_sync,68,1427100,,,,,,
append,69,2918699,,,,,,
encode,69,2900,,,,,,
data_write,69,43200,,,,,,
data_sync,69,1442799,,,,,,
marker_write,69,31800,,,,,,
marker_sync,69,1396100,,,,,,
append,70,3180699,,,,,,
encode,70,2500,,,,,,
data_write,70,42200,,,,,,
data_sync,70,1539200,,,,,,
marker_write,70,47300,,,,,,
marker_sync,70,1547599,,,,,,
append,71,3171799,,,,,,
encode,71,3300,,,,,,
data_write,71,42500,,,,,,
data_sync,71,1548400,,,,,,
marker_write,71,37500,,,,,,
marker_sync,71,1537999,,,,,,
append,72,3070099,,,,,,
encode,72,4600,,,,,,
data_write,72,53200,,,,,,
data_sync,72,1488100,,,,,,
marker_write,72,35900,,,,,,
marker_sync,72,1485499,,,,,,
append,73,3180200,,,,,,
encode,73,3700,,,,,,
data_write,73,50400,,,,,,
data_sync,73,1430700,,,,,,
marker_write,73,36900,,,,,,
marker_sync,73,1656300,,,,,,
append,74,2979999,,,,,,
encode,74,3800,,,,,,
data_write,74,48300,,,,,,
data_sync,74,1458399,,,,,,
marker_write,74,34700,,,,,,
marker_sync,74,1432500,,,,,,
append,75,3292499,,,,,,
encode,75,3200,,,,,,
data_write,75,43400,,,,,,
data_sync,75,1590399,,,,,,
marker_write,75,34000,,,,,,
marker_sync,75,1619600,,,,,,
append,76,2844499,,,,,,
encode,76,3000,,,,,,
data_write,76,43000,,,,,,
data_sync,76,1397299,,,,,,
marker_write,76,32300,,,,,,
marker_sync,76,1367200,,,,,,
append,77,3101999,,,,,,
encode,77,2700,,,,,,
data_write,77,40500,,,,,,
data_sync,77,1582800,,,,,,
marker_write,77,34800,,,,,,
marker_sync,77,1439899,,,,,,
append,78,3022299,,,,,,
encode,78,2600,,,,,,
data_write,78,40700,,,,,,
data_sync,78,1421700,,,,,,
marker_write,78,33800,,,,,,
marker_sync,78,1521599,,,,,,
append,79,3222699,,,,,,
encode,79,4600,,,,,,
data_write,79,52700,,,,,,
data_sync,79,1619300,,,,,,
marker_write,79,39800,,,,,,
marker_sync,79,1504099,,,,,,
append,80,3265099,,,,,,
encode,80,3600,,,,,,
data_write,80,39600,,,,,,
data_sync,80,1567400,,,,,,
marker_write,80,38000,,,,,,
marker_sync,80,1614599,,,,,,
append,81,2966900,,,,,,
encode,81,3400,,,,,,
data_write,81,41300,,,,,,
data_sync,81,1477100,,,,,,
marker_write,81,37000,,,,,,
marker_sync,81,1405900,,,,,,
append,82,2979299,,,,,,
encode,82,2900,,,,,,
data_write,82,43400,,,,,,
data_sync,82,1431699,,,,,,
marker_write,82,37800,,,,,,
marker_sync,82,1461700,,,,,,
append,83,2887699,,,,,,
encode,83,3100,,,,,,
data_write,83,42600,,,,,,
data_sync,83,1409799,,,,,,
marker_write,83,32700,,,,,,
marker_sync,83,1398300,,,,,,
append,84,3842899,,,,,,
encode,84,2700,,,,,,
data_write,84,68500,,,,,,
data_sync,84,1905399,,,,,,
marker_write,84,33600,,,,,,
marker_sync,84,1830600,,,,,,
append,85,3034499,,,,,,
encode,85,3700,,,,,,
data_write,85,47200,,,,,,
data_sync,85,1457600,,,,,,
marker_write,85,34100,,,,,,
marker_sync,85,1490199,,,,,,
append,86,2980699,,,,,,
encode,86,3100,,,,,,
data_write,86,38800,,,,,,
data_sync,86,1442200,,,,,,
marker_write,86,33600,,,,,,
marker_sync,86,1461599,,,,,,
append,87,3239199,,,,,,
encode,87,2500,,,,,,
data_write,87,36900,,,,,,
data_sync,87,1612100,,,,,,
marker_write,87,38100,,,,,,
marker_sync,87,1547299,,,,,,
append,88,3054000,,,,,,
encode,88,3300,,,,,,
data_write,88,39000,,,,,,
data_sync,88,1522300,,,,,,
marker_write,88,33900,,,,,,
marker_sync,88,1453900,,,,,,
append,89,2958299,,,,,,
encode,89,2600,,,,,,
data_write,89,38100,,,,,,
data_sync,89,1417499,,,,,,
marker_write,89,32100,,,,,,
marker_sync,89,1466500,,,,,,
append,90,3114999,,,,,,
encode,90,2800,,,,,,
data_write,90,46800,,,,,,
data_sync,90,1426299,,,,,,
marker_write,90,36300,,,,,,
marker_sync,90,1565600,,,,,,
append,91,3446599,,,,,,
encode,91,5600,,,,,,
data_write,91,60800,,,,,,
data_sync,91,1645399,,,,,,
marker_write,91,55400,,,,,,
marker_sync,91,1675900,,,,,,
append,92,3488599,,,,,,
encode,92,6200,,,,,,
data_write,92,62300,,,,,,
data_sync,92,1780599,,,,,,
marker_write,92,48300,,,,,,
marker_sync,92,1588600,,,,,,
append,93,2960599,,,,,,
encode,93,4000,,,,,,
data_write,93,45700,,,,,,
data_sync,93,1429199,,,,,,
marker_write,93,32100,,,,,,
marker_sync,93,1447200,,,,,,
append,94,2910099,,,,,,
encode,94,2900,,,,,,
data_write,94,40200,,,,,,
data_sync,94,1405200,,,,,,
marker_write,94,33200,,,,,,
marker_sync,94,1426699,,,,,,
append,95,3016599,,,,,,
encode,95,2800,,,,,,
data_write,95,37600,,,,,,
data_sync,95,1430800,,,,,,
marker_write,95,38100,,,,,,
marker_sync,95,1504799,,,,,,
append,96,3350300,,,,,,
encode,96,5100,,,,,,
data_write,96,55500,,,,,,
data_sync,96,1643700,,,,,,
marker_write,96,41700,,,,,,
marker_sync,96,1601800,,,,,,
append,97,3139499,,,,,,
encode,97,4800,,,,,,
data_write,97,61899,,,,,,
data_sync,97,1584800,,,,,,
marker_write,97,50300,,,,,,
marker_sync,97,1435500,,,,,,
append,98,2882699,,,,,,
encode,98,3900,,,,,,
data_write,98,43100,,,,,,
data_sync,98,1392599,,,,,,
marker_write,98,34900,,,,,,
marker_sync,98,1406300,,,,,,
append,99,2895899,,,,,,
encode,99,2600,,,,,,
data_write,99,40600,,,,,,
data_sync,99,1398099,,,,,,
marker_write,99,30400,,,,,,
marker_sync,99,1422800,,,,,,
append,100,3088399,,,,,,
encode,100,2400,,,,,,
data_write,100,63300,,,,,,
data_sync,100,1371600,,,,,,
marker_write,100,31000,,,,,,
marker_sync,100,1617999,,,,,,
append,101,3265799,,,,,,
encode,101,4100,,,,,,
data_write,101,55700,,,,,,
data_sync,101,1660400,,,,,,
marker_write,101,49700,,,,,,
marker_sync,101,1493099,,,,,,
append,102,2892999,,,,,,
encode,102,3800,,,,,,
data_write,102,47000,,,,,,
data_sync,102,1385700,,,,,,
marker_write,102,36700,,,,,,
marker_sync,102,1417799,,,,,,
append,103,2847200,,,,,,
encode,103,3200,,,,,,
data_write,103,39700,,,,,,
data_sync,103,1394300,,,,,,
marker_write,103,31100,,,,,,
marker_sync,103,1377500,,,,,,
append,104,2787599,,,,,,
encode,104,2800,,,,,,
data_write,104,41500,,,,,,
data_sync,104,1366599,,,,,,
marker_write,104,33400,,,,,,
marker_sync,104,1342000,,,,,,
append,105,2840699,,,,,,
encode,105,2500,,,,,,
data_write,105,40200,,,,,,
data_sync,105,1377799,,,,,,
marker_write,105,31300,,,,,,
marker_sync,105,1387100,,,,,,
append,106,3442399,,,,,,
encode,106,3000,,,,,,
data_write,106,45200,,,,,,
data_sync,106,1690100,,,,,,
marker_write,106,39200,,,,,,
marker_sync,106,1662699,,,,,,
append,107,3194199,,,,,,
encode,107,3200,,,,,,
data_write,107,46900,,,,,,
data_sync,107,1538000,,,,,,
marker_write,107,33100,,,,,,
marker_sync,107,1571199,,,,,,
append,108,3000699,,,,,,
encode,108,3600,,,,,,
data_write,108,41600,,,,,,
data_sync,108,1505800,,,,,,
marker_write,108,32000,,,,,,
marker_sync,108,1416299,,,,,,
append,109,3069100,,,,,,
encode,109,2500,,,,,,
data_write,109,38400,,,,,,
data_sync,109,1520700,,,,,,
marker_write,109,34900,,,,,,
marker_sync,109,1470400,,,,,,
append,110,3101599,,,,,,
encode,110,2700,,,,,,
data_write,110,38600,,,,,,
data_sync,110,1529099,,,,,,
marker_write,110,32300,,,,,,
marker_sync,110,1496600,,,,,,
append,111,4284998,,,,,,
encode,111,4600,,,,,,
data_write,111,60600,,,,,,
data_sync,111,2448799,,,,,,
marker_write,111,47000,,,,,,
marker_sync,111,1721099,,,,,,
append,112,3482700,,,,,,
encode,112,4800,,,,,,
data_write,112,62100,,,,,,
data_sync,112,1781100,,,,,,
marker_write,112,46600,,,,,,
marker_sync,112,1585400,,,,,,
append,113,3241899,,,,,,
encode,113,4700,,,,,,
data_write,113,50000,,,,,,
data_sync,113,1595899,,,,,,
marker_write,113,44500,,,,,,
marker_sync,113,1544600,,,,,,
append,114,2956399,,,,,,
encode,114,3700,,,,,,
data_write,114,44600,,,,,,
data_sync,114,1441999,,,,,,
marker_write,114,35600,,,,,,
marker_sync,114,1428000,,,,,,
append,115,3526999,,,,,,
encode,115,3100,,,,,,
data_write,115,42600,,,,,,
data_sync,115,1450599,,,,,,
marker_write,115,69300,,,,,,
marker_sync,115,1958900,,,,,,
append,116,4127199,,,,,,
encode,116,3900,,,,,,
data_write,116,50100,,,,,,
data_sync,116,2114199,,,,,,
marker_write,116,39500,,,,,,
marker_sync,116,1916500,,,,,,
append,117,3589099,,,,,,
encode,117,4400,,,,,,
data_write,117,53100,,,,,,
data_sync,117,1993899,,,,,,
marker_write,117,41400,,,,,,
marker_sync,117,1494200,,,,,,
append,118,2975799,,,,,,
encode,118,4000,,,,,,
data_write,118,42300,,,,,,
data_sync,118,1501599,,,,,,
marker_write,118,35200,,,,,,
marker_sync,118,1391300,,,,,,
append,119,2920399,,,,,,
encode,119,2800,,,,,,
data_write,119,42400,,,,,,
data_sync,119,1364799,,,,,,
marker_write,119,34200,,,,,,
marker_sync,119,1474800,,,,,,
append,120,2916799,,,,,,
encode,120,2600,,,,,,
data_write,120,41600,,,,,,
data_sync,120,1433300,,,,,,
marker_write,120,34200,,,,,,
marker_sync,120,1403099,,,,,,
append,121,3163499,,,,,,
encode,121,3500,,,,,,
data_write,121,43700,,,,,,
data_sync,121,1613700,,,,,,
marker_write,121,36700,,,,,,
marker_sync,121,1463699,,,,,,
append,122,2892100,,,,,,
encode,122,3300,,,,,,
data_write,122,41400,,,,,,
data_sync,122,1433300,,,,,,
marker_write,122,33400,,,,,,
marker_sync,122,1379200,,,,,,
append,123,2835599,,,,,,
encode,123,3200,,,,,,
data_write,123,42100,,,,,,
data_sync,123,1370399,,,,,,
marker_write,123,34700,,,,,,
marker_sync,123,1383500,,,,,,
append,124,2751799,,,,,,
encode,124,2800,,,,,,
data_write,124,40400,,,,,,
data_sync,124,1343599,,,,,,
marker_write,124,33200,,,,,,
marker_sync,124,1330600,,,,,,
append,125,3083799,,,,,,
encode,125,2800,,,,,,
data_write,125,39400,,,,,,
data_sync,125,1453200,,,,,,
marker_write,125,38000,,,,,,
marker_sync,125,1548599,,,,,,
append,126,3128699,,,,,,
encode,126,3400,,,,,,
data_write,126,43500,,,,,,
data_sync,126,1531800,,,,,,
marker_write,126,18300,,,,,,
marker_sync,126,1529599,,,,,,
append,127,2831899,,,,,,
encode,127,3600,,,,,,
data_write,127,44000,,,,,,
data_sync,127,1379100,,,,,,
marker_write,127,35500,,,,,,
marker_sync,127,1367699,,,,,,
append,128,2858200,,,,,,
encode,128,2800,,,,,,
data_write,128,39800,,,,,,
data_sync,128,1380800,,,,,,
marker_write,128,35700,,,,,,
marker_sync,128,1397800,,,,,,
append,129,2870199,,,,,,
encode,129,2000,,,,,,
data_write,129,38200,,,,,,
data_sync,129,1422099,,,,,,
marker_write,129,30500,,,,,,
marker_sync,129,1375900,,,,,,
append,130,2892499,,,,,,
encode,130,2500,,,,,,
data_write,130,40300,,,,,,
data_sync,130,1378999,,,,,,
marker_write,130,32900,,,,,,
marker_sync,130,1436400,,,,,,
append,131,2803699,,,,,,
encode,131,2500,,,,,,
data_write,131,41600,,,,,,
data_sync,131,1378900,,,,,,
marker_write,131,31600,,,,,,
marker_sync,131,1347799,,,,,,
append,132,2859999,,,,,,
encode,132,2400,,,,,,
data_write,132,36600,,,,,,
data_sync,132,1379200,,,,,,
marker_write,132,32400,,,,,,
marker_sync,132,1408199,,,,,,
append,133,2990500,,,,,,
encode,133,3200,,,,,,
data_write,133,42300,,,,,,
data_sync,133,1458400,,,,,,
marker_write,133,34000,,,,,,
marker_sync,133,1450600,,,,,,
append,134,2829999,,,,,,
encode,134,3300,,,,,,
data_write,134,41500,,,,,,
data_sync,134,1372199,,,,,,
marker_write,134,32100,,,,,,
marker_sync,134,1379600,,,,,,
append,135,2866099,,,,,,
encode,135,2400,,,,,,
data_write,135,40900,,,,,,
data_sync,135,1390599,,,,,,
marker_write,135,45800,,,,,,
marker_sync,135,1384800,,,,,,
append,136,2963999,,,,,,
encode,136,3300,,,,,,
data_write,136,42100,,,,,,
data_sync,136,1478000,,,,,,
marker_write,136,36400,,,,,,
marker_sync,136,1402299,,,,,,
append,137,2885499,,,,,,
encode,137,3300,,,,,,
data_write,137,42500,,,,,,
data_sync,137,1404600,,,,,,
marker_write,137,35300,,,,,,
marker_sync,137,1398299,,,,,,
append,138,3046800,,,,,,
encode,138,2700,,,,,,
data_write,138,40800,,,,,,
data_sync,138,1520700,,,,,,
marker_write,138,43800,,,,,,
marker_sync,138,1436900,,,,,,
append,139,3175599,,,,,,
encode,139,3300,,,,,,
data_write,139,49100,,,,,,
data_sync,139,1623999,,,,,,
marker_write,139,36700,,,,,,
marker_sync,139,1460200,,,,,,
append,140,2862199,,,,,,
encode,140,3700,,,,,,
data_write,140,48800,,,,,,
data_sync,140,1414099,,,,,,
marker_write,140,35000,,,,,,
marker_sync,140,1358500,,,,,,
append,141,3241999,,,,,,
encode,141,3200,,,,,,
data_write,141,41100,,,,,,
data_sync,141,1548799,,,,,,
marker_write,141,38900,,,,,,
marker_sync,141,1607500,,,,,,
append,142,3233599,,,,,,
encode,142,3300,,,,,,
data_write,142,48300,,,,,,
data_sync,142,1632700,,,,,,
marker_write,142,36500,,,,,,
marker_sync,142,1511099,,,,,,
append,143,2889899,,,,,,
encode,143,3000,,,,,,
data_write,143,41100,,,,,,
data_sync,143,1395100,,,,,,
marker_write,143,32200,,,,,,
marker_sync,143,1416799,,,,,,
append,144,2943699,,,,,,
encode,144,3800,,,,,,
data_write,144,39500,,,,,,
data_sync,144,1453400,,,,,,
marker_write,144,33300,,,,,,
marker_sync,144,1412399,,,,,,
append,145,2978400,,,,,,
encode,145,2600,,,,,,
data_write,145,40000,,,,,,
data_sync,145,1449800,,,,,,
marker_write,145,33100,,,,,,
marker_sync,145,1451500,,,,,,
append,146,3011499,,,,,,
encode,146,2300,,,,,,
data_write,146,38300,,,,,,
data_sync,146,1409599,,,,,,
marker_write,146,33500,,,,,,
marker_sync,146,1525900,,,,,,
append,147,3103099,,,,,,
encode,147,3100,,,,,,
data_write,147,46100,,,,,,
data_sync,147,1480099,,,,,,
marker_write,147,35600,,,,,,
marker_sync,147,1536300,,,,,,
append,148,3243499,,,,,,
encode,148,3400,,,,,,
data_write,148,42700,,,,,,
data_sync,148,1586799,,,,,,
marker_write,148,34700,,,,,,
marker_sync,148,1573600,,,,,,
append,149,2936099,,,,,,
encode,149,3200,,,,,,
data_write,149,43500,,,,,,
data_sync,149,1452700,,,,,,
marker_write,149,35800,,,,,,
marker_sync,149,1399199,,,,,,
append,150,3015699,,,,,,
encode,150,2800,,,,,,
data_write,150,40400,,,,,,
data_sync,150,1527700,,,,,,
marker_write,150,34000,,,,,,
marker_sync,150,1409299,,,,,,
append,151,2993200,,,,,,
encode,151,3500,,,,,,
data_write,151,40500,,,,,,
data_sync,151,1440900,,,,,,
marker_write,151,36200,,,,,,
marker_sync,151,1469900,,,,,,
append,152,2998499,,,,,,
encode,152,2400,,,,,,
data_write,152,39300,,,,,,
data_sync,152,1487899,,,,,,
marker_write,152,39100,,,,,,
marker_sync,152,1427900,,,,,,
append,153,2850599,,,,,,
encode,153,3000,,,,,,
data_write,153,42200,,,,,,
data_sync,153,1394099,,,,,,
marker_write,153,33600,,,,,,
marker_sync,153,1376500,,,,,,
append,154,3348899,,,,,,
encode,154,2500,,,,,,
data_write,154,39500,,,,,,
data_sync,154,1440900,,,,,,
marker_write,154,32000,,,,,,
marker_sync,154,1832499,,,,,,
append,155,3029599,,,,,,
encode,155,3000,,,,,,
data_write,155,44200,,,,,,
data_sync,155,1477100,,,,,,
marker_write,155,33600,,,,,,
marker_sync,155,1470299,,,,,,
append,156,3070899,,,,,,
encode,156,2500,,,,,,
data_write,156,40000,,,,,,
data_sync,156,1471500,,,,,,
marker_write,156,31000,,,,,,
marker_sync,156,1524499,,,,,,
append,157,3153299,,,,,,
encode,157,3400,,,,,,
data_write,157,43200,,,,,,
data_sync,157,1582900,,,,,,
marker_write,157,35700,,,,,,
marker_sync,157,1486399,,,,,,
append,158,2939900,,,,,,
encode,158,3300,,,,,,
data_write,158,42300,,,,,,
data_sync,158,1419900,,,,,,
marker_write,158,34000,,,,,,
marker_sync,158,1439100,,,,,,
append,159,2852899,,,,,,
encode,159,2300,,,,,,
data_write,159,40400,,,,,,
data_sync,159,1386499,,,,,,
marker_write,159,32400,,,,,,
marker_sync,159,1390300,,,,,,
append,160,2874099,,,,,,
encode,160,2100,,,,,,
data_write,160,39600,,,,,,
data_sync,160,1388399,,,,,,
marker_write,160,32600,,,,,,
marker_sync,160,1408800,,,,,,
append,161,3357999,,,,,,
encode,161,3600,,,,,,
data_write,161,43000,,,,,,
data_sync,161,1468500,,,,,,
marker_write,161,46600,,,,,,
marker_sync,161,1790999,,,,,,
append,162,4225899,,,,,,
encode,162,8200,,,,,,
data_write,162,79300,,,,,,
data_sync,162,2108499,,,,,,
marker_write,162,77300,,,,,,
marker_sync,162,1949300,,,,,,
append,163,3876499,,,,,,
encode,163,5600,,,,,,
data_write,163,63100,,,,,,
data_sync,163,1852899,,,,,,
marker_write,163,50900,,,,,,
marker_sync,163,1900600,,,,,,
append,164,3493999,,,,,,
encode,164,5200,,,,,,
data_write,164,57000,,,,,,
data_sync,164,1756599,,,,,,
marker_write,164,52900,,,,,,
marker_sync,164,1618400,,,,,,
append,165,4127399,,,,,,
encode,165,5300,,,,,,
data_write,165,65600,,,,,,
data_sync,165,2069899,,,,,,
marker_write,165,50100,,,,,,
marker_sync,165,1933400,,,,,,
append,166,3603099,,,,,,
encode,166,5700,,,,,,
data_write,166,64900,,,,,,
data_sync,166,1709299,,,,,,
marker_write,166,54500,,,,,,
marker_sync,166,1765200,,,,,,
append,167,3123899,,,,,,
encode,167,3800,,,,,,
data_write,167,53500,,,,,,
data_sync,167,1582399,,,,,,
marker_write,167,34800,,,,,,
marker_sync,167,1446100,,,,,,
append,168,3047899,,,,,,
encode,168,5200,,,,,,
data_write,168,53700,,,,,,
data_sync,168,1473399,,,,,,
marker_write,168,41700,,,,,,
marker_sync,168,1471600,,,,,,
append,169,3561099,,,,,,
encode,169,5100,,,,,,
data_write,169,93300,,,,,,
data_sync,169,1680299,,,,,,
marker_write,169,43700,,,,,,
marker_sync,169,1735600,,,,,,
append,170,3174599,,,,,,
encode,170,5600,,,,,,
data_write,170,64300,,,,,,
data_sync,170,1574900,,,,,,
marker_write,170,38400,,,,,,
marker_sync,170,1489199,,,,,,
append,171,3086699,,,,,,
encode,171,3900,,,,,,
data_write,171,45800,,,,,,
data_sync,171,1583100,,,,,,
marker_write,171,38500,,,,,,
marker_sync,171,1413699,,,,,,
append,172,2777599,,,,,,
encode,172,2800,,,,,,
data_write,172,40100,,,,,,
data_sync,172,1347600,,,,,,
marker_write,172,34400,,,,,,
marker_sync,172,1350999,,,,,,
append,173,2761200,,,,,,
encode,173,2800,,,,,,
data_write,173,41400,,,,,,
data_sync,173,1362700,,,,,,
marker_write,173,33200,,,,,,
marker_sync,173,1319800,,,,,,
append,174,2778199,,,,,,
encode,174,2800,,,,,,
data_write,174,39300,,,,,,
data_sync,174,1362099,,,,,,
marker_write,174,33200,,,,,,
marker_sync,174,1339600,,,,,,
append,175,2820099,,,,,,
encode,175,2500,,,,,,
data_write,175,39500,,,,,,
data_sync,175,1368400,,,,,,
marker_write,175,33600,,,,,,
marker_sync,175,1374099,,,,,,
append,176,2975799,,,,,,
encode,176,2400,,,,,,
data_write,176,40900,,,,,,
data_sync,176,1441400,,,,,,
marker_write,176,36800,,,,,,
marker_sync,176,1452299,,,,,,
append,177,2957699,,,,,,
encode,177,3400,,,,,,
data_write,177,41800,,,,,,
data_sync,177,1482400,,,,,,
marker_write,177,35400,,,,,,
marker_sync,177,1392699,,,,,,
append,178,2852900,,,,,,
encode,178,2800,,,,,,
data_write,178,41800,,,,,,
data_sync,178,1349700,,,,,,
marker_write,178,30800,,,,,,
marker_sync,178,1426400,,,,,,
append,179,2751099,,,,,,
encode,179,3100,,,,,,
data_write,179,37000,,,,,,
data_sync,179,1330499,,,,,,
marker_write,179,33000,,,,,,
marker_sync,179,1345700,,,,,,
append,180,2749199,,,,,,
encode,180,2600,,,,,,
data_write,180,38800,,,,,,
data_sync,180,1349900,,,,,,
marker_write,180,33900,,,,,,
marker_sync,180,1322399,,,,,,
append,181,3212799,,,,,,
encode,181,3100,,,,,,
data_write,181,39500,,,,,,
data_sync,181,1588000,,,,,,
marker_write,181,35100,,,,,,
marker_sync,181,1544699,,,,,,
append,182,3174999,,,,,,
encode,182,3400,,,,,,
data_write,182,43000,,,,,,
data_sync,182,1580300,,,,,,
marker_write,182,34400,,,,,,
marker_sync,182,1511999,,,,,,
append,183,3040300,,,,,,
encode,183,3200,,,,,,
data_write,183,38600,,,,,,
data_sync,183,1377300,,,,,,
marker_write,183,36500,,,,,,
marker_sync,183,1582500,,,,,,
append,184,2811399,,,,,,
encode,184,3400,,,,,,
data_write,184,41200,,,,,,
data_sync,184,1389099,,,,,,
marker_write,184,32500,,,,,,
marker_sync,184,1343400,,,,,,
append,185,2771399,,,,,,
encode,185,3200,,,,,,
data_write,185,42500,,,,,,
data_sync,185,1344999,,,,,,
marker_write,185,49500,,,,,,
marker_sync,185,1329800,,,,,,
append,186,2827899,,,,,,
encode,186,3000,,,,,,
data_write,186,40200,,,,,,
data_sync,186,1323400,,,,,,
marker_write,186,33700,,,,,,
marker_sync,186,1425399,,,,,,
append,187,3132399,,,,,,
encode,187,3200,,,,,,
data_write,187,43600,,,,,,
data_sync,187,1519000,,,,,,
marker_write,187,45300,,,,,,
marker_sync,187,1519299,,,,,,
append,188,2841400,,,,,,
encode,188,3400,,,,,,
data_write,188,44200,,,,,,
data_sync,188,1395300,,,,,,
marker_write,188,34900,,,,,,
marker_sync,188,1362100,,,,,,
append,189,2846499,,,,,,
encode,189,2500,,,,,,
data_write,189,41400,,,,,,
data_sync,189,1403199,,,,,,
marker_write,189,31700,,,,,,
marker_sync,189,1366400,,,,,,
append,190,2916199,,,,,,
encode,190,2300,,,,,,
data_write,190,42300,,,,,,
data_sync,190,1339999,,,,,,
marker_write,190,31300,,,,,,
marker_sync,190,1498900,,,,,,
append,191,2866499,,,,,,
encode,191,3300,,,,,,
data_write,191,42900,,,,,,
data_sync,191,1419800,,,,,,
marker_write,191,35400,,,,,,
marker_sync,191,1363199,,,,,,
append,192,3319199,,,,,,
encode,192,2700,,,,,,
data_write,192,37900,,,,,,
data_sync,192,1506100,,,,,,
marker_write,192,34100,,,,,,
marker_sync,192,1735999,,,,,,
append,193,3078199,,,,,,
encode,193,2900,,,,,,
data_write,193,45000,,,,,,
data_sync,193,1482600,,,,,,
marker_write,193,31500,,,,,,
marker_sync,193,1514599,,,,,,
append,194,3221399,,,,,,
encode,194,3100,,,,,,
data_write,194,46700,,,,,,
data_sync,194,1712500,,,,,,
marker_write,194,34300,,,,,,
marker_sync,194,1423199,,,,,,
append,195,2990000,,,,,,
encode,195,2500,,,,,,
data_write,195,37600,,,,,,
data_sync,195,1460700,,,,,,
marker_write,195,32700,,,,,,
marker_sync,195,1454700,,,,,,
append,196,3014899,,,,,,
encode,196,2800,,,,,,
data_write,196,40400,,,,,,
data_sync,196,1489199,,,,,,
marker_write,196,31300,,,,,,
marker_sync,196,1450100,,,,,,
append,197,3386399,,,,,,
encode,197,2400,,,,,,
data_write,197,38800,,,,,,
data_sync,197,1481899,,,,,,
marker_write,197,36000,,,,,,
marker_sync,197,1825500,,,,,,
append,198,3149299,,,,,,
encode,198,3500,,,,,,
data_write,198,49600,,,,,,
data_sync,198,1657199,,,,,,
marker_write,198,37400,,,,,,
marker_sync,198,1399300,,,,,,
append,199,2866699,,,,,,
encode,199,3200,,,,,,
data_write,199,42100,,,,,,
data_sync,199,1369100,,,,,,
marker_write,199,33200,,,,,,
marker_sync,199,1417699,,,,,,
append,200,2791999,,,,,,
encode,200,3100,,,,,,
data_write,200,39100,,,,,,
data_sync,200,1365100,,,,,,
marker_write,200,34500,,,,,,
marker_sync,200,1348899,,,,,,
append,201,2782000,,,,,,
encode,201,2700,,,,,,
data_write,201,39900,,,,,,
data_sync,201,1350300,,,,,,
marker_write,201,32400,,,,,,
marker_sync,201,1355400,,,,,,
append,202,2920699,,,,,,
encode,202,2300,,,,,,
data_write,202,39700,,,,,,
data_sync,202,1340299,,,,,,
marker_write,202,33400,,,,,,
marker_sync,202,1502700,,,,,,
append,203,3372399,,,,,,
encode,203,3400,,,,,,
data_write,203,47600,,,,,,
data_sync,203,1711199,,,,,,
marker_write,203,40900,,,,,,
marker_sync,203,1566500,,,,,,
append,204,2971699,,,,,,
encode,204,3700,,,,,,
data_write,204,47000,,,,,,
data_sync,204,1493699,,,,,,
marker_write,204,38700,,,,,,
marker_sync,204,1386900,,,,,,
append,205,2994699,,,,,,
encode,205,3700,,,,,,
data_write,205,41200,,,,,,
data_sync,205,1393500,,,,,,
marker_write,205,39100,,,,,,
marker_sync,205,1515099,,,,,,
append,206,2959599,,,,,,
encode,206,3300,,,,,,
data_write,206,42900,,,,,,
data_sync,206,1407200,,,,,,
marker_write,206,68000,,,,,,
marker_sync,206,1436399,,,,,,
append,207,2871200,,,,,,
encode,207,3100,,,,,,
data_write,207,43300,,,,,,
data_sync,207,1371400,,,,,,
marker_write,207,32900,,,,,,
marker_sync,207,1417900,,,,,,
append,208,2868799,,,,,,
encode,208,3300,,,,,,
data_write,208,41500,,,,,,
data_sync,208,1415399,,,,,,
marker_write,208,35300,,,,,,
marker_sync,208,1371800,,,,,,
append,209,2831399,,,,,,
encode,209,3300,,,,,,
data_write,209,39300,,,,,,
data_sync,209,1413899,,,,,,
marker_write,209,36500,,,,,,
marker_sync,209,1337000,,,,,,
append,210,2791099,,,,,,
encode,210,3600,,,,,,
data_write,210,40200,,,,,,
data_sync,210,1350100,,,,,,
marker_write,210,34500,,,,,,
marker_sync,210,1361199,,,,,,
append,211,2871799,,,,,,
encode,211,2800,,,,,,
data_write,211,41700,,,,,,
data_sync,211,1399700,,,,,,
marker_write,211,32900,,,,,,
marker_sync,211,1392699,,,,,,
append,212,2859600,,,,,,
encode,212,2700,,,,,,
data_write,212,37400,,,,,,
data_sync,212,1400300,,,,,,
marker_write,212,30200,,,,,,
marker_sync,212,1387900,,,,,,
append,213,3262699,,,,,,
encode,213,2600,,,,,,
data_write,213,36100,,,,,,
data_sync,213,1426199,,,,,,
marker_write,213,46000,,,,,,
marker_sync,213,1748800,,,,,,
append,214,4082899,,,,,,
encode,214,5500,,,,,,
data_write,214,64400,,,,,,
data_sync,214,1831199,,,,,,
marker_write,214,53500,,,,,,
marker_sync,214,2124600,,,,,,
append,215,3081999,,,,,,
encode,215,4700,,,,,,
data_write,215,67200,,,,,,
data_sync,215,1541699,,,,,,
marker_write,215,35600,,,,,,
marker_sync,215,1430400,,,,,,
append,216,2875999,,,,,,
encode,216,4600,,,,,,
data_write,216,53000,,,,,,
data_sync,216,1396399,,,,,,
marker_write,216,33400,,,,,,
marker_sync,216,1386700,,,,,,
append,217,2904199,,,,,,
encode,217,3800,,,,,,
data_write,217,40200,,,,,,
data_sync,217,1404300,,,,,,
marker_write,217,34800,,,,,,
marker_sync,217,1419499,,,,,,
append,218,3379899,,,,,,
encode,218,3000,,,,,,
data_write,218,41800,,,,,,
data_sync,218,1593700,,,,,,
marker_write,218,40700,,,,,,
marker_sync,218,1697699,,,,,,
append,219,3336799,,,,,,
encode,219,4000,,,,,,
data_write,219,48700,,,,,,
data_sync,219,1694100,,,,,,
marker_write,219,38900,,,,,,
marker_sync,219,1548499,,,,,,
append,220,3382799,,,,,,
encode,220,4300,,,,,,
data_write,220,58500,,,,,,
data_sync,220,1491800,,,,,,
marker_write,220,34300,,,,,,
marker_sync,220,1790899,,,,,,
append,221,3047499,,,,,,
encode,221,3600,,,,,,
data_write,221,40000,,,,,,
data_sync,221,1434600,,,,,,
marker_write,221,31300,,,,,,
marker_sync,221,1535999,,,,,,
append,222,3195700,,,,,,
encode,222,4100,,,,,,
data_write,222,77200,,,,,,
data_sync,222,1594200,,,,,,
marker_write,222,35600,,,,,,
marker_sync,222,1482700,,,,,,
append,223,3475299,,,,,,
encode,223,3400,,,,,,
data_write,223,43000,,,,,,
data_sync,223,1708399,,,,,,
marker_write,223,37100,,,,,,
marker_sync,223,1681000,,,,,,
append,224,3362499,,,,,,
encode,224,4200,,,,,,
data_write,224,55900,,,,,,
data_sync,224,1642499,,,,,,
marker_write,224,40900,,,,,,
marker_sync,224,1615900,,,,,,
append,225,3236399,,,,,,
encode,225,4700,,,,,,
data_write,225,56100,,,,,,
data_sync,225,1547399,,,,,,
marker_write,225,36200,,,,,,
marker_sync,225,1590000,,,,,,
append,226,3187099,,,,,,
encode,226,4300,,,,,,
data_write,226,52000,,,,,,
data_sync,226,1569399,,,,,,
marker_write,226,33600,,,,,,
marker_sync,226,1526100,,,,,,
append,227,3210999,,,,,,
encode,227,3500,,,,,,
data_write,227,39700,,,,,,
data_sync,227,1511699,,,,,,
marker_write,227,31300,,,,,,
marker_sync,227,1622600,,,,,,
append,228,3456299,,,,,,
encode,228,3800,,,,,,
data_write,228,46700,,,,,,
data_sync,228,1640100,,,,,,
marker_write,228,37100,,,,,,
marker_sync,228,1726699,,,,,,
append,229,3266799,,,,,,
encode,229,3700,,,,,,
data_write,229,42600,,,,,,
data_sync,229,1652400,,,,,,
marker_write,229,32100,,,,,,
marker_sync,229,1533099,,,,,,
append,230,3245899,,,,,,
encode,230,3100,,,,,,
data_write,230,45000,,,,,,
data_sync,230,1580500,,,,,,
marker_write,230,47600,,,,,,
marker_sync,230,1567499,,,,,,
append,231,3297799,,,,,,
encode,231,4500,,,,,,
data_write,231,45700,,,,,,
data_sync,231,1564000,,,,,,
marker_write,231,39300,,,,,,
marker_sync,231,1640899,,,,,,
append,232,3769399,,,,,,
encode,232,5600,,,,,,
data_write,232,62200,,,,,,
data_sync,232,1837500,,,,,,
marker_write,232,51700,,,,,,
marker_sync,232,1807399,,,,,,
append,233,3720299,,,,,,
encode,233,6400,,,,,,
data_write,233,71000,,,,,,
data_sync,233,1965400,,,,,,
marker_write,233,38500,,,,,,
marker_sync,233,1636299,,,,,,
append,234,3191899,,,,,,
encode,234,4900,,,,,,
data_write,234,47200,,,,,,
data_sync,234,1537600,,,,,,
marker_write,234,35600,,,,,,
marker_sync,234,1563899,,,,,,
append,235,3364399,,,,,,
encode,235,4400,,,,,,
data_write,235,43100,,,,,,
data_sync,235,1627600,,,,,,
marker_write,235,44500,,,,,,
marker_sync,235,1642499,,,,,,
append,236,3242699,,,,,,
encode,236,3400,,,,,,
data_write,236,45400,,,,,,
data_sync,236,1586300,,,,,,
marker_write,236,35800,,,,,,
marker_sync,236,1569699,,,,,,
append,237,3728399,,,,,,
encode,237,5100,,,,,,
data_write,237,46700,,,,,,
data_sync,237,1600300,,,,,,
marker_write,237,41500,,,,,,
marker_sync,237,2031299,,,,,,
append,238,3652899,,,,,,
encode,238,4700,,,,,,
data_write,238,49200,,,,,,
data_sync,238,1777800,,,,,,
marker_write,238,41000,,,,,,
marker_sync,238,1777599,,,,,,
append,239,3294300,,,,,,
encode,239,4200,,,,,,
data_write,239,50100,,,,,,
data_sync,239,1542800,,,,,,
marker_write,239,40100,,,,,,
marker_sync,239,1654000,,,,,,
append,240,3127599,,,,,,
encode,240,4200,,,,,,
data_write,240,57099,,,,,,
data_sync,240,1475100,,,,,,
marker_write,240,38600,,,,,,
marker_sync,240,1550000,,,,,,
append,241,3076299,,,,,,
encode,241,4800,,,,,,
data_write,241,47200,,,,,,
data_sync,241,1502899,,,,,,
marker_write,241,47300,,,,,,
marker_sync,241,1472400,,,,,,
append,242,3391799,,,,,,
encode,242,3600,,,,,,
data_write,242,45000,,,,,,
data_sync,242,1600399,,,,,,
marker_write,242,49600,,,,,,
marker_sync,242,1690300,,,,,,
append,243,3801099,,,,,,
encode,243,5600,,,,,,
data_write,243,53500,,,,,,
data_sync,243,1886099,,,,,,
marker_write,243,67700,,,,,,
marker_sync,243,1785700,,,,,,
append,244,3413699,,,,,,
encode,244,4900,,,,,,
data_write,244,54800,,,,,,
data_sync,244,1626899,,,,,,
marker_write,244,52300,,,,,,
marker_sync,244,1671900,,,,,,
append,245,3350499,,,,,,
encode,245,4300,,,,,,
data_write,245,49400,,,,,,
data_sync,245,1557899,,,,,,
marker_write,245,38600,,,,,,
marker_sync,245,1697900,,,,,,
append,246,3400799,,,,,,
encode,246,5000,,,,,,
data_write,246,55200,,,,,,
data_sync,246,1672699,,,,,,
marker_write,246,40900,,,,,,
marker_sync,246,1625400,,,,,,
append,247,3199199,,,,,,
encode,247,4200,,,,,,
data_write,247,50500,,,,,,
data_sync,247,1638499,,,,,,
marker_write,247,44200,,,,,,
marker_sync,247,1459500,,,,,,
append,248,3430399,,,,,,
encode,248,3500,,,,,,
data_write,248,42300,,,,,,
data_sync,248,1609500,,,,,,
marker_write,248,49800,,,,,,
marker_sync,248,1722699,,,,,,
append,249,3381899,,,,,,
encode,249,5100,,,,,,
data_write,249,56200,,,,,,
data_sync,249,1624600,,,,,,
marker_write,249,34200,,,,,,
marker_sync,249,1659399,,,,,,
append,250,3621999,,,,,,
encode,250,4900,,,,,,
data_write,250,60400,,,,,,
data_sync,250,1951700,,,,,,
marker_write,250,39300,,,,,,
marker_sync,250,1563099,,,,,,
append,251,3316299,,,,,,
encode,251,4300,,,,,,
data_write,251,43600,,,,,,
data_sync,251,1582700,,,,,,
marker_write,251,42400,,,,,,
marker_sync,251,1640999,,,,,,
append,252,3455099,,,,,,
encode,252,5100,,,,,,
data_write,252,44500,,,,,,
data_sync,252,1702200,,,,,,
marker_write,252,42500,,,,,,
marker_sync,252,1657799,,,,,,
append,253,3515499,,,,,,
encode,253,4800,,,,,,
data_write,253,59400,,,,,,
data_sync,253,1841900,,,,,,
marker_write,253,48000,,,,,,
marker_sync,253,1557799,,,,,,
append,254,3301299,,,,,,
encode,254,3900,,,,,,
data_write,254,49500,,,,,,
data_sync,254,1574700,,,,,,
marker_write,254,41800,,,,,,
marker_sync,254,1628799,,,,,,
append,255,3742099,,,,,,
encode,255,3900,,,,,,
data_write,255,47500,,,,,,
data_sync,255,1914600,,,,,,
marker_write,255,49500,,,,,,
marker_sync,255,1722699,,,,,,
append,256,3776399,,,,,,
encode,256,6200,,,,,,
data_write,256,57800,,,,,,
data_sync,256,1827000,,,,,,
marker_write,256,48000,,,,,,
marker_sync,256,1833699,,,,,,
append,257,3748899,,,,,,
encode,257,3700,,,,,,
data_write,257,59200,,,,,,
data_sync,257,1822500,,,,,,
marker_write,257,56300,,,,,,
marker_sync,257,1803599,,,,,,
append,258,3650399,,,,,,
encode,258,6400,,,,,,
data_write,258,57200,,,,,,
data_sync,258,1743300,,,,,,
marker_write,258,46300,,,,,,
marker_sync,258,1793099,,,,,,
append,259,3353699,,,,,,
encode,259,5800,,,,,,
data_write,259,70700,,,,,,
data_sync,259,1687800,,,,,,
marker_write,259,44100,,,,,,
marker_sync,259,1541599,,,,,,
append,260,3287399,,,,,,
encode,260,4200,,,,,,
data_write,260,51900,,,,,,
data_sync,260,1556900,,,,,,
marker_write,260,43200,,,,,,
marker_sync,260,1627799,,,,,,
append,261,3206099,,,,,,
encode,261,3800,,,,,,
data_write,261,47100,,,,,,
data_sync,261,1596000,,,,,,
marker_write,261,38100,,,,,,
marker_sync,261,1518999,,,,,,
append,262,2972300,,,,,,
encode,262,3900,,,,,,
data_write,262,44700,,,,,,
data_sync,262,1454100,,,,,,
marker_write,262,35200,,,,,,
marker_sync,262,1433000,,,,,,
append,263,3122599,,,,,,
encode,263,3500,,,,,,
data_write,263,40500,,,,,,
data_sync,263,1550899,,,,,,
marker_write,263,36000,,,,,,
marker_sync,263,1489900,,,,,,
append,264,3101499,,,,,,
encode,264,4000,,,,,,
data_write,264,44200,,,,,,
data_sync,264,1554999,,,,,,
marker_write,264,36600,,,,,,
marker_sync,264,1459800,,,,,,
append,265,3079299,,,,,,
encode,265,3100,,,,,,
data_write,265,44800,,,,,,
data_sync,265,1458099,,,,,,
marker_write,265,50100,,,,,,
marker_sync,265,1520900,,,,,,
append,266,3009099,,,,,,
encode,266,3900,,,,,,
data_write,266,48400,,,,,,
data_sync,266,1454800,,,,,,
marker_write,266,37400,,,,,,
marker_sync,266,1462699,,,,,,
append,267,2800999,,,,,,
encode,267,4300,,,,,,
data_write,267,46300,,,,,,
data_sync,267,1374800,,,,,,
marker_write,267,35600,,,,,,
marker_sync,267,1338099,,,,,,
append,268,2842400,,,,,,
encode,268,3600,,,,,,
data_write,268,41600,,,,,,
data_sync,268,1422300,,,,,,
marker_write,268,35400,,,,,,
marker_sync,268,1337800,,,,,,
append,269,2921399,,,,,,
encode,269,3100,,,,,,
data_write,269,64100,,,,,,
data_sync,269,1335499,,,,,,
marker_write,269,35600,,,,,,
marker_sync,269,1481400,,,,,,
append,270,3300999,,,,,,
encode,270,4000,,,,,,
data_write,270,44800,,,,,,
data_sync,270,1555499,,,,,,
marker_write,270,50700,,,,,,
marker_sync,270,1641900,,,,,,
append,271,3515299,,,,,,
encode,271,4300,,,,,,
data_write,271,69300,,,,,,
data_sync,271,1747799,,,,,,
marker_write,271,45600,,,,,,
marker_sync,271,1646200,,,,,,
append,272,3199599,,,,,,
encode,272,4500,,,,,,
data_write,272,53900,,,,,,
data_sync,272,1582899,,,,,,
marker_write,272,38900,,,,,,
marker_sync,272,1517100,,,,,,
append,273,3113599,,,,,,
encode,273,3900,,,,,,
data_write,273,40200,,,,,,
data_sync,273,1517600,,,,,,
marker_write,273,36200,,,,,,
marker_sync,273,1514199,,,,,,
append,274,3021999,,,,,,
encode,274,2800,,,,,,
data_write,274,42300,,,,,,
data_sync,274,1451100,,,,,,
marker_write,274,32300,,,,,,
marker_sync,274,1491399,,,,,,
append,275,3184799,,,,,,
encode,275,4100,,,,,,
data_write,275,50800,,,,,,
data_sync,275,1527700,,,,,,
marker_write,275,36100,,,,,,
marker_sync,275,1564199,,,,,,
append,276,3185000,,,,,,
encode,276,3900,,,,,,
data_write,276,46400,,,,,,
data_sync,276,1630300,,,,,,
marker_write,276,34400,,,,,,
marker_sync,276,1468700,,,,,,
append,277,3729199,,,,,,
encode,277,2800,,,,,,
data_write,277,49400,,,,,,
data_sync,277,1947899,,,,,,
marker_write,277,37900,,,,,,
marker_sync,277,1689300,,,,,,
append,278,3202099,,,,,,
encode,278,3800,,,,,,
data_write,278,43300,,,,,,
data_sync,278,1559599,,,,,,
marker_write,278,39500,,,,,,
marker_sync,278,1553100,,,,,,
append,279,3064299,,,,,,
encode,279,3300,,,,,,
data_write,279,42400,,,,,,
data_sync,279,1489099,,,,,,
marker_write,279,39200,,,,,,
marker_sync,279,1487800,,,,,,
append,280,3067099,,,,,,
encode,280,5200,,,,,,
data_write,280,52300,,,,,,
data_sync,280,1470199,,,,,,
marker_write,280,36400,,,,,,
marker_sync,280,1501100,,,,,,
append,281,2985899,,,,,,
encode,281,3900,,,,,,
data_write,281,44000,,,,,,
data_sync,281,1487000,,,,,,
marker_write,281,34299,,,,,,
marker_sync,281,1415500,,,,,,
append,282,2964799,,,,,,
encode,282,2800,,,,,,
data_write,282,41200,,,,,,
data_sync,282,1435400,,,,,,
marker_write,282,35400,,,,,,
marker_sync,282,1448599,,,,,,
append,283,2913099,,,,,,
encode,283,2400,,,,,,
data_write,283,42000,,,,,,
data_sync,283,1402700,,,,,,
marker_write,283,32400,,,,,,
marker_sync,283,1432199,,,,,,
append,284,2913700,,,,,,
encode,284,2500,,,,,,
data_write,284,41600,,,,,,
data_sync,284,1417500,,,,,,
marker_write,284,31100,,,,,,
marker_sync,284,1420000,,,,,,
append,285,3221299,,,,,,
encode,285,2800,,,,,,
data_write,285,37400,,,,,,
data_sync,285,1604599,,,,,,
marker_write,285,36700,,,,,,
marker_sync,285,1537200,,,,,,
append,286,3153499,,,,,,
encode,286,3800,,,,,,
data_write,286,42700,,,,,,
data_sync,286,1601699,,,,,,
marker_write,286,36600,,,,,,
marker_sync,286,1466100,,,,,,
append,287,2990599,,,,,,
encode,287,3200,,,,,,
data_write,287,44600,,,,,,
data_sync,287,1440799,,,,,,
marker_write,287,34900,,,,,,
marker_sync,287,1465300,,,,,,
append,288,2884499,,,,,,
encode,288,2800,,,,,,
data_write,288,42400,,,,,,
data_sync,288,1409000,,,,,,
marker_write,288,33000,,,,,,
marker_sync,288,1395999,,,,,,
append,289,2877599,,,,,,
encode,289,2600,,,,,,
data_write,289,57200,,,,,,
data_sync,289,1395100,,,,,,
marker_write,289,33000,,,,,,
marker_sync,289,1388399,,,,,,
append,290,3074200,,,,,,
encode,290,2700,,,,,,
data_write,290,36900,,,,,,
data_sync,290,1440200,,,,,,
marker_write,290,44000,,,,,,
marker_sync,290,1548700,,,,,,
append,291,3360699,,,,,,
encode,291,3000,,,,,,
data_write,291,41400,,,,,,
data_sync,291,1697699,,,,,,
marker_write,291,43900,,,,,,
marker_sync,291,1572600,,,,,,
append,292,3202299,,,,,,
encode,292,4200,,,,,,
data_write,292,53000,,,,,,
data_sync,292,1513099,,,,,,
marker_write,292,34300,,,,,,
marker_sync,292,1594500,,,,,,
append,293,3040899,,,,,,
encode,293,3600,,,,,,
data_write,293,52300,,,,,,
data_sync,293,1510599,,,,,,
marker_write,293,37300,,,,,,
marker_sync,293,1434600,,,,,,
append,294,3039299,,,,,,
encode,294,4000,,,,,,
data_write,294,44300,,,,,,
data_sync,294,1517499,,,,,,
marker_write,294,45300,,,,,,
marker_sync,294,1425500,,,,,,
append,295,3008899,,,,,,
encode,295,4000,,,,,,
data_write,295,41800,,,,,,
data_sync,295,1497200,,,,,,
marker_write,295,36700,,,,,,
marker_sync,295,1427999,,,,,,
append,296,3707599,,,,,,
encode,296,3300,,,,,,
data_write,296,41900,,,,,,
data_sync,296,1746100,,,,,,
marker_write,296,50900,,,,,,
marker_sync,296,1861699,,,,,,
append,297,3684699,,,,,,
encode,297,4000,,,,,,
data_write,297,55200,,,,,,
data_sync,297,1721200,,,,,,
marker_write,297,52500,,,,,,
marker_sync,297,1847999,,,,,,
append,298,3407599,,,,,,
encode,298,5800,,,,,,
data_write,298,59900,,,,,,
data_sync,298,1704700,,,,,,
marker_write,298,52600,,,,,,
marker_sync,298,1581999,,,,,,
append,299,3362399,,,,,,
encode,299,5500,,,,,,
data_write,299,62800,,,,,,
data_sync,299,1794900,,,,,,
marker_write,299,38900,,,,,,
marker_sync,299,1457999,,,,,,
append,300,3053199,,,,,,
encode,300,3600,,,,,,
data_write,300,43000,,,,,,
data_sync,300,1469400,,,,,,
marker_write,300,36600,,,,,,
marker_sync,300,1498499,,,,,,
append,301,3043500,,,,,,
encode,301,4000,,,,,,
data_write,301,44700,,,,,,
data_sync,301,1472600,,,,,,
marker_write,301,48400,,,,,,
marker_sync,301,1471300,,,,,,
append,302,2942799,,,,,,
encode,302,4000,,,,,,
data_write,302,41300,,,,,,
data_sync,302,1401399,,,,,,
marker_write,302,38300,,,,,,
marker_sync,302,1455800,,,,,,
append,303,2796299,,,,,,
encode,303,4300,,,,,,
data_write,303,41200,,,,,,
data_sync,303,1365499,,,,,,
marker_write,303,31400,,,,,,
marker_sync,303,1352700,,,,,,
append,304,2881799,,,,,,
encode,304,2900,,,,,,
data_write,304,36000,,,,,,
data_sync,304,1419000,,,,,,
marker_write,304,31600,,,,,,
marker_sync,304,1390699,,,,,,
append,305,3015499,,,,,,
encode,305,2400,,,,,,
data_write,305,46700,,,,,,
data_sync,305,1525500,,,,,,
marker_write,305,35900,,,,,,
marker_sync,305,1403499,,,,,,
append,306,2969100,,,,,,
encode,306,3000,,,,,,
data_write,306,43600,,,,,,
data_sync,306,1464300,,,,,,
marker_write,306,34700,,,,,,
marker_sync,306,1421200,,,,,,
append,307,2971799,,,,,,
encode,307,4800,,,,,,
data_write,307,50500,,,,,,
data_sync,307,1481699,,,,,,
marker_write,307,33100,,,,,,
marker_sync,307,1400200,,,,,,
append,308,3068499,,,,,,
encode,308,3300,,,,,,
data_write,308,36800,,,,,,
data_sync,308,1577199,,,,,,
marker_write,308,33600,,,,,,
marker_sync,308,1416300,,,,,,
append,309,2943999,,,,,,
encode,309,2900,,,,,,
data_write,309,37800,,,,,,
data_sync,309,1395999,,,,,,
marker_write,309,30600,,,,,,
marker_sync,309,1475300,,,,,,
append,310,2912499,,,,,,
encode,310,2600,,,,,,
data_write,310,39000,,,,,,
data_sync,310,1425600,,,,,,
marker_write,310,31800,,,,,,
marker_sync,310,1412399,,,,,,
append,311,3085599,,,,,,
encode,311,3000,,,,,,
data_write,311,38100,,,,,,
data_sync,311,1408700,,,,,,
marker_write,311,31700,,,,,,
marker_sync,311,1602099,,,,,,
append,312,3226599,,,,,,
encode,312,4400,,,,,,
data_write,312,52600,,,,,,
data_sync,312,1591000,,,,,,
marker_write,312,44000,,,,,,
marker_sync,312,1532399,,,,,,
append,313,3186200,,,,,,
encode,313,3300,,,,,,
data_write,313,42400,,,,,,
data_sync,313,1568400,,,,,,
marker_write,313,36100,,,,,,
marker_sync,313,1534000,,,,,,
append,314,3226599,,,,,,
encode,314,3700,,,,,,
data_write,314,42900,,,,,,
data_sync,314,1574899,,,,,,
marker_write,314,36300,,,,,,
marker_sync,314,1566500,,,,,,
append,315,3142299,,,,,,
encode,315,4000,,,,,,
data_write,315,42000,,,,,,
data_sync,315,1519299,,,,,,
marker_write,315,34600,,,,,,
marker_sync,315,1540700,,,,,,
append,316,3256799,,,,,,
encode,316,3400,,,,,,
data_write,316,43700,,,,,,
data_sync,316,1589699,,,,,,
marker_write,316,37300,,,,,,
marker_sync,316,1580800,,,,,,
append,317,3119199,,,,,,
encode,317,3200,,,,,,
data_write,317,42600,,,,,,
data_sync,317,1485499,,,,,,
marker_write,317,33000,,,,,,
marker_sync,317,1552900,,,,,,
append,318,3160699,,,,,,
encode,318,3800,,,,,,
data_write,318,43600,,,,,,
data_sync,318,1546700,,,,,,
marker_write,318,34700,,,,,,
marker_sync,318,1529499,,,,,,
append,319,3352599,,,,,,
encode,319,5200,,,,,,
data_write,319,45100,,,,,,
data_sync,319,1524000,,,,,,
marker_write,319,35800,,,,,,
marker_sync,319,1740599,,,,,,
append,320,3187999,,,,,,
encode,320,4000,,,,,,
data_write,320,53200,,,,,,
data_sync,320,1640700,,,,,,
marker_write,320,34000,,,,,,
marker_sync,320,1453899,,,,,,
append,321,3581199,,,,,,
encode,321,3200,,,,,,
data_write,321,54600,,,,,,
data_sync,321,1518900,,,,,,
marker_write,321,45600,,,,,,
marker_sync,321,1955799,,,,,,
append,322,3123699,,,,,,
encode,322,4600,,,,,,
data_write,322,54100,,,,,,
data_sync,322,1640500,,,,,,
marker_write,322,35700,,,,,,
marker_sync,322,1386499,,,,,,
append,323,2872600,,,,,,
encode,323,3800,,,,,,
data_write,323,46000,,,,,,
data_sync,323,1395600,,,,,,
marker_write,323,34100,,,,,,
marker_sync,323,1391200,,,,,,
append,324,2821099,,,,,,
encode,324,3200,,,,,,
data_write,324,44500,,,,,,
data_sync,324,1366499,,,,,,
marker_write,324,35000,,,,,,
marker_sync,324,1370000,,,,,,
append,325,2748099,,,,,,
encode,325,3000,,,,,,
data_write,325,45900,,,,,,
data_sync,325,1343299,,,,,,
marker_write,325,36500,,,,,,
marker_sync,325,1318100,,,,,,
append,326,2898899,,,,,,
encode,326,2800,,,,,,
data_write,326,44700,,,,,,
data_sync,326,1343000,,,,,,
marker_write,326,42300,,,,,,
marker_sync,326,1463799,,,,,,
append,327,3189199,,,,,,
encode,327,3500,,,,,,
data_write,327,46300,,,,,,
data_sync,327,1511300,,,,,,
marker_write,327,45600,,,,,,
marker_sync,327,1579699,,,,,,
append,328,3222800,,,,,,
encode,328,4600,,,,,,
data_write,328,56200,,,,,,
data_sync,328,1724300,,,,,,
marker_write,328,51700,,,,,,
marker_sync,328,1382900,,,,,,
append,329,2819399,,,,,,
encode,329,4500,,,,,,
data_write,329,45400,,,,,,
data_sync,329,1369499,,,,,,
marker_write,329,35000,,,,,,
marker_sync,329,1362900,,,,,,
append,330,3082099,,,,,,
encode,330,3500,,,,,,
data_write,330,44300,,,,,,
data_sync,330,1596299,,,,,,
marker_write,330,47800,,,,,,
marker_sync,330,1388400,,,,,,
append,331,3035599,,,,,,
encode,331,3700,,,,,,
data_write,331,44700,,,,,,
data_sync,331,1374099,,,,,,
marker_write,331,43200,,,,,,
marker_sync,331,1567300,,,,,,
append,332,3426699,,,,,,
encode,332,4700,,,,,,
data_write,332,59300,,,,,,
data_sync,332,1726600,,,,,,
marker_write,332,43700,,,,,,
marker_sync,332,1589799,,,,,,
append,333,3100299,,,,,,
encode,333,3900,,,,,,
data_write,333,61800,,,,,,
data_sync,333,1527200,,,,,,
marker_write,333,41000,,,,,,
marker_sync,333,1464399,,,,,,
append,334,2883699,,,,,,
encode,334,3900,,,,,,
data_write,334,45900,,,,,,
data_sync,334,1387600,,,,,,
marker_write,334,42300,,,,,,
marker_sync,334,1401899,,,,,,
append,335,2998300,,,,,,
encode,335,3300,,,,,,
data_write,335,42400,,,,,,
data_sync,335,1500500,,,,,,
marker_write,335,34200,,,,,,
marker_sync,335,1416200,,,,,,
append,336,3109199,,,,,,
encode,336,2800,,,,,,
data_write,336,42000,,,,,,
data_sync,336,1374899,,,,,,
marker_write,336,35800,,,,,,
marker_sync,336,1651600,,,,,,
append,337,3652999,,,,,,
encode,337,4100,,,,,,
data_write,337,57500,,,,,,
data_sync,337,1899599,,,,,,
marker_write,337,46600,,,,,,
marker_sync,337,1641700,,,,,,
append,338,3048399,,,,,,
encode,338,4500,,,,,,
data_write,338,54900,,,,,,
data_sync,338,1582799,,,,,,
marker_write,338,41300,,,,,,
marker_sync,338,1362900,,,,,,
append,339,3130599,,,,,,
encode,339,3900,,,,,,
data_write,339,68100,,,,,,
data_sync,339,1544099,,,,,,
marker_write,339,37900,,,,,,
marker_sync,339,1474400,,,,,,
append,340,2839699,,,,,,
encode,340,4000,,,,,,
data_write,340,47600,,,,,,
data_sync,340,1404100,,,,,,
marker_write,340,37100,,,,,,
marker_sync,340,1344699,,,,,,
append,341,2951899,,,,,,
encode,341,3700,,,,,,
data_write,341,46300,,,,,,
data_sync,341,1357000,,,,,,
marker_write,341,35900,,,,,,
marker_sync,341,1506299,,,,,,
append,342,3268299,,,,,,
encode,342,5200,,,,,,
data_write,342,60600,,,,,,
data_sync,342,1575200,,,,,,
marker_write,342,47900,,,,,,
marker_sync,342,1576599,,,,,,
append,343,3044500,,,,,,
encode,343,5000,,,,,,
data_write,343,50500,,,,,,
data_sync,343,1539500,,,,,,
marker_write,343,43100,,,,,,
marker_sync,343,1403600,,,,,,
append,344,3036699,,,,,,
encode,344,5900,,,,,,
data_write,344,57300,,,,,,
data_sync,344,1434299,,,,,,
marker_write,344,46400,,,,,,
marker_sync,344,1489900,,,,,,
append,345,2976799,,,,,,
encode,345,5500,,,,,,
data_write,345,55100,,,,,,
data_sync,345,1463399,,,,,,
marker_write,345,42200,,,,,,
marker_sync,345,1408600,,,,,,
append,346,3008699,,,,,,
encode,346,3200,,,,,,
data_write,346,43200,,,,,,
data_sync,346,1323200,,,,,,
marker_write,346,35800,,,,,,
marker_sync,346,1601499,,,,,,
append,347,3058599,,,,,,
encode,347,3500,,,,,,
data_write,347,49500,,,,,,
data_sync,347,1474400,,,,,,
marker_write,347,39700,,,,,,
marker_sync,347,1487999,,,,,,
append,348,2926399,,,,,,
encode,348,5500,,,,,,
data_write,348,54100,,,,,,
data_sync,348,1436000,,,,,,
marker_write,348,39300,,,,,,
marker_sync,348,1388899,,,,,,
append,349,2865100,,,,,,
encode,349,3200,,,,,,
data_write,349,48100,,,,,,
data_sync,349,1359500,,,,,,
marker_write,349,38700,,,,,,
marker_sync,349,1413800,,,,,,
append,350,2970499,,,,,,
encode,350,3200,,,,,,
data_write,350,43000,,,,,,
data_sync,350,1539199,,,,,,
marker_write,350,37100,,,,,,
marker_sync,350,1346000,,,,,,
append,351,2743099,,,,,,
encode,351,3700,,,,,,
data_write,351,45600,,,,,,
data_sync,351,1330899,,,,,,
marker_write,351,37700,,,,,,
marker_sync,351,1323600,,,,,,
append,352,3009299,,,,,,
encode,352,2800,,,,,,
data_write,352,44100,,,,,,
data_sync,352,1322800,,,,,,
marker_write,352,34700,,,,,,
marker_sync,352,1602599,,,,,,
append,353,3234399,,,,,,
encode,353,3800,,,,,,
data_write,353,59300,,,,,,
data_sync,353,1668000,,,,,,
marker_write,353,47200,,,,,,
marker_sync,353,1453899,,,,,,
append,354,2933699,,,,,,
encode,354,3400,,,,,,
data_write,354,43200,,,,,,
data_sync,354,1452400,,,,,,
marker_write,354,40100,,,,,,
marker_sync,354,1392199,,,,,,
append,355,3151100,,,,,,
encode,355,3200,,,,,,
data_write,355,72200,,,,,,
data_sync,355,1505800,,,,,,
marker_write,355,38300,,,,,,
marker_sync,355,1528700,,,,,,
append,356,3151399,,,,,,
encode,356,4800,,,,,,
data_write,356,64800,,,,,,
data_sync,356,1541899,,,,,,
marker_write,356,37900,,,,,,
marker_sync,356,1499200,,,,,,
append,357,3126099,,,,,,
encode,357,4400,,,,,,
data_write,357,54200,,,,,,
data_sync,357,1495499,,,,,,
marker_write,357,37600,,,,,,
marker_sync,357,1531500,,,,,,
append,358,3416999,,,,,,
encode,358,3900,,,,,,
data_write,358,53300,,,,,,
data_sync,358,1636599,,,,,,
marker_write,358,48000,,,,,,
marker_sync,358,1672300,,,,,,
append,359,3286399,,,,,,
encode,359,5100,,,,,,
data_write,359,58500,,,,,,
data_sync,359,1549299,,,,,,
marker_write,359,56800,,,,,,
marker_sync,359,1614200,,,,,,
append,360,3950799,,,,,,
encode,360,5300,,,,,,
data_write,360,70800,,,,,,
data_sync,360,1836299,,,,,,
marker_write,360,67700,,,,,,
marker_sync,360,1967300,,,,,,
append,361,3552299,,,,,,
encode,361,5800,,,,,,
data_write,361,65600,,,,,,
data_sync,361,1713999,,,,,,
marker_write,361,51500,,,,,,
marker_sync,361,1712600,,,,,,
append,362,3136599,,,,,,
encode,362,4500,,,,,,
data_write,362,46800,,,,,,
data_sync,362,1511799,,,,,,
marker_write,362,41200,,,,,,
marker_sync,362,1529500,,,,,,
append,363,3332499,,,,,,
encode,363,3100,,,,,,
data_write,363,46400,,,,,,
data_sync,363,1647300,,,,,,
marker_write,363,42100,,,,,,
marker_sync,363,1591099,,,,,,
append,364,2918999,,,,,,
encode,364,3200,,,,,,
data_write,364,46800,,,,,,
data_sync,364,1408000,,,,,,
marker_write,364,33200,,,,,,
marker_sync,364,1425099,,,,,,
append,365,2837600,,,,,,
encode,365,3400,,,,,,
data_write,365,46800,,,,,,
data_sync,365,1344700,,,,,,
marker_write,365,38000,,,,,,
marker_sync,365,1402400,,,,,,
append,366,3228399,,,,,,
encode,366,4700,,,,,,
data_write,366,56899,,,,,,
data_sync,366,1572900,,,,,,
marker_write,366,39800,,,,,,
marker_sync,366,1551500,,,,,,
append,367,3613799,,,,,,
encode,367,3700,,,,,,
data_write,367,45800,,,,,,
data_sync,367,1602699,,,,,,
marker_write,367,65000,,,,,,
marker_sync,367,1892600,,,,,,
append,368,3630299,,,,,,
encode,368,8700,,,,,,
data_write,368,74300,,,,,,
data_sync,368,1742499,,,,,,
marker_write,368,55000,,,,,,
marker_sync,368,1746400,,,,,,
append,369,3159499,,,,,,
encode,369,5400,,,,,,
data_write,369,58500,,,,,,
data_sync,369,1505999,,,,,,
marker_write,369,49900,,,,,,
marker_sync,369,1537000,,,,,,
append,370,3184099,,,,,,
encode,370,3800,,,,,,
data_write,370,50800,,,,,,
data_sync,370,1599999,,,,,,
marker_write,370,41800,,,,,,
marker_sync,370,1485500,,,,,,
append,371,3003999,,,,,,
encode,371,4000,,,,,,
data_write,371,45500,,,,,,
data_sync,371,1487899,,,,,,
marker_write,371,42100,,,,,,
marker_sync,371,1422600,,,,,,
append,372,3358499,,,,,,
encode,372,4500,,,,,,
data_write,372,54000,,,,,,
data_sync,372,1639400,,,,,,
marker_write,372,50300,,,,,,
marker_sync,372,1607499,,,,,,
append,373,3465899,,,,,,
encode,373,5300,,,,,,
data_write,373,85700,,,,,,
data_sync,373,1575000,,,,,,
marker_write,373,38200,,,,,,
marker_sync,373,1759599,,,,,,
append,374,3325199,,,,,,
encode,374,4700,,,,,,
data_write,374,56500,,,,,,
data_sync,374,1483300,,,,,,
marker_write,374,47900,,,,,,
marker_sync,374,1730399,,,,,,
append,375,3349599,,,,,,
encode,375,4500,,,,,,
data_write,375,52100,,,,,,
data_sync,375,1733000,,,,,,
marker_write,375,49700,,,,,,
marker_sync,375,1507199,,,,,,
append,376,3189199,,,,,,
encode,376,5200,,,,,,
data_write,376,53700,,,,,,
data_sync,376,1460700,,,,,,
marker_write,376,47100,,,,,,
marker_sync,376,1619399,,,,,,
append,377,3180299,,,,,,
encode,377,4100,,,,,,
data_write,377,54000,,,,,,
data_sync,377,1652700,,,,,,
marker_write,377,39200,,,,,,
marker_sync,377,1428399,,,,,,
append,378,3189500,,,,,,
encode,378,3300,,,,,,
data_write,378,45900,,,,,,
data_sync,378,1564200,,,,,,
marker_write,378,40200,,,,,,
marker_sync,378,1533600,,,,,,
append,379,2892799,,,,,,
encode,379,3500,,,,,,
data_write,379,42100,,,,,,
data_sync,379,1458299,,,,,,
marker_write,379,36100,,,,,,
marker_sync,379,1351500,,,,,,
append,380,2707199,,,,,,
encode,380,3500,,,,,,
data_write,380,39300,,,,,,
data_sync,380,1318999,,,,,,
marker_write,380,32000,,,,,,
marker_sync,380,1312400,,,,,,
append,381,2814399,,,,,,
encode,381,2000,,,,,,
data_write,381,38200,,,,,,
data_sync,381,1342800,,,,,,
marker_write,381,52500,,,,,,
marker_sync,381,1375999,,,,,,
append,382,2853099,,,,,,
encode,382,3500,,,,,,
data_write,382,42600,,,,,,
data_sync,382,1335000,,,,,,
marker_write,382,38200,,,,,,
marker_sync,382,1431499,,,,,,
append,383,2854100,,,,,,
encode,383,3800,,,,,,
data_write,383,48100,,,,,,
data_sync,383,1419400,,,,,,
marker_write,383,35400,,,,,,
marker_sync,383,1345600,,,,,,
append,384,2671499,,,,,,
encode,384,3000,,,,,,
data_write,384,43100,,,,,,
data_sync,384,1300699,,,,,,
marker_write,384,32400,,,,,,
marker_sync,384,1291000,,,,,,
append,385,2863499,,,,,,
encode,385,2700,,,,,,
data_write,385,38600,,,,,,
data_sync,385,1456999,,,,,,
marker_write,385,34100,,,,,,
marker_sync,385,1329700,,,,,,
append,386,2828899,,,,,,
encode,386,3000,,,,,,
data_write,386,46000,,,,,,
data_sync,386,1323200,,,,,,
marker_write,386,36700,,,,,,
marker_sync,386,1417599,,,,,,
append,387,2972699,,,,,,
encode,387,4000,,,,,,
data_write,387,57900,,,,,,
data_sync,387,1413300,,,,,,
marker_write,387,46800,,,,,,
marker_sync,387,1448099,,,,,,
append,388,3060100,,,,,,
encode,388,3000,,,,,,
data_write,388,51100,,,,,,
data_sync,388,1572700,,,,,,
marker_write,388,36300,,,,,,
marker_sync,388,1394700,,,,,,
append,389,2909799,,,,,,
encode,389,3300,,,,,,
data_write,389,41800,,,,,,
data_sync,389,1390499,,,,,,
marker_write,389,34600,,,,,,
marker_sync,389,1438000,,,,,,
append,390,2940999,,,,,,
encode,390,3500,,,,,,
data_write,390,45700,,,,,,
data_sync,390,1411099,,,,,,
marker_write,390,34400,,,,,,
marker_sync,390,1443900,,,,,,
append,391,2894799,,,,,,
encode,391,4500,,,,,,
data_write,391,53600,,,,,,
data_sync,391,1408300,,,,,,
marker_write,391,34300,,,,,,
marker_sync,391,1392399,,,,,,
append,392,3025399,,,,,,
encode,392,4200,,,,,,
data_write,392,44000,,,,,,
data_sync,392,1393900,,,,,,
marker_write,392,34700,,,,,,
marker_sync,392,1546299,,,,,,
append,393,3278499,,,,,,
encode,393,4500,,,,,,
data_write,393,59700,,,,,,
data_sync,393,1592600,,,,,,
marker_write,393,37900,,,,,,
marker_sync,393,1580399,,,,,,
append,394,2889300,,,,,,
encode,394,3500,,,,,,
data_write,394,49100,,,,,,
data_sync,394,1437000,,,,,,
marker_write,394,39300,,,,,,
marker_sync,394,1358700,,,,,,
append,395,2788299,,,,,,
encode,395,3200,,,,,,
data_write,395,45300,,,,,,
data_sync,395,1348299,,,,,,
marker_write,395,35100,,,,,,
marker_sync,395,1355000,,,,,,
append,396,2927799,,,,,,
encode,396,3900,,,,,,
data_write,396,21800,,,,,,
data_sync,396,1369499,,,,,,
marker_write,396,35900,,,,,,
marker_sync,396,1494700,,,,,,
append,397,2944799,,,,,,
encode,397,3100,,,,,,
data_write,397,45700,,,,,,
data_sync,397,1419100,,,,,,
marker_write,397,38900,,,,,,
marker_sync,397,1436299,,,,,,
append,398,2888199,,,,,,
encode,398,3300,,,,,,
data_write,398,45100,,,,,,
data_sync,398,1371600,,,,,,
marker_write,398,32300,,,,,,
marker_sync,398,1434399,,,,,,
append,399,2753400,,,,,,
encode,399,3200,,,,,,
data_write,399,46800,,,,,,
data_sync,399,1341300,,,,,,
marker_write,399,36000,,,,,,
marker_sync,399,1324600,,,,,,
append,400,2843099,,,,,,
encode,400,2700,,,,,,
data_write,400,42600,,,,,,
data_sync,400,1418899,,,,,,
marker_write,400,50000,,,,,,
marker_sync,400,1327200,,,,,,
append,401,2750299,,,,,,
encode,401,2800,,,,,,
data_write,401,44400,,,,,,
data_sync,401,1294600,,,,,,
marker_write,401,34299,,,,,,
marker_sync,401,1372000,,,,,,
append,402,2803199,,,,,,
encode,402,4400,,,,,,
data_write,402,59700,,,,,,
data_sync,402,1387100,,,,,,
marker_write,402,35300,,,,,,
marker_sync,402,1314699,,,,,,
append,403,3149299,,,,,,
encode,403,2700,,,,,,
data_write,403,40700,,,,,,
data_sync,403,1392000,,,,,,
marker_write,403,45000,,,,,,
marker_sync,403,1666799,,,,,,
append,404,3197900,,,,,,
encode,404,3700,,,,,,
data_write,404,52600,,,,,,
data_sync,404,1545100,,,,,,
marker_write,404,39000,,,,,,
marker_sync,404,1554500,,,,,,
append,405,3058399,,,,,,
encode,405,4700,,,,,,
data_write,405,61100,,,,,,
data_sync,405,1469399,,,,,,
marker_write,405,50700,,,,,,
marker_sync,405,1469900,,,,,,
append,406,2845399,,,,,,
encode,406,4300,,,,,,
data_write,406,58600,,,,,,
data_sync,406,1342799,,,,,,
marker_write,406,39500,,,,,,
marker_sync,406,1398100,,,,,,
append,407,3037499,,,,,,
encode,407,3700,,,,,,
data_write,407,62300,,,,,,
data_sync,407,1427500,,,,,,
marker_write,407,38499,,,,,,
marker_sync,407,1503300,,,,,,
append,408,3166099,,,,,,
encode,408,4500,,,,,,
data_write,408,56700,,,,,,
data_sync,408,1420000,,,,,,
marker_write,408,37200,,,,,,
marker_sync,408,1646099,,,,,,
append,409,3188599,,,,,,
encode,409,3500,,,,,,
data_write,409,47300,,,,,,
data_sync,409,1678000,,,,,,
marker_write,409,37400,,,,,,
marker_sync,409,1420299,,,,,,
append,410,2767800,,,,,,
encode,410,3900,,,,,,
data_write,410,46600,,,,,,
data_sync,410,1346400,,,,,,
marker_write,410,35800,,,,,,
marker_sync,410,1333100,,,,,,
append,411,2740599,,,,,,
encode,411,3000,,,,,,
data_write,411,42400,,,,,,
data_sync,411,1338199,,,,,,
marker_write,411,38500,,,,,,
marker_sync,411,1316700,,,,,,
append,412,2936899,,,,,,
encode,412,2500,,,,,,
data_write,412,41500,,,,,,
data_sync,412,1401599,,,,,,
marker_write,412,45700,,,,,,
marker_sync,412,1443600,,,,,,
append,413,2990499,,,,,,
encode,413,3400,,,,,,
data_write,413,42700,,,,,,
data_sync,413,1420100,,,,,,
marker_write,413,39300,,,,,,
marker_sync,413,1483299,,,,,,
append,414,3106099,,,,,,
encode,414,4600,,,,,,
data_write,414,57300,,,,,,
data_sync,414,1556900,,,,,,
marker_write,414,39400,,,,,,
marker_sync,414,1445899,,,,,,
append,415,3114899,,,,,,
encode,415,4200,,,,,,
data_write,415,46300,,,,,,
data_sync,415,1503200,,,,,,
marker_write,415,45300,,,,,,
marker_sync,415,1513199,,,,,,
append,416,3120200,,,,,,
encode,416,5400,,,,,,
data_write,416,73300,,,,,,
data_sync,416,1574600,,,,,,
marker_write,416,36000,,,,,,
marker_sync,416,1429000,,,,,,
append,417,3031999,,,,,,
encode,417,4300,,,,,,
data_write,417,49700,,,,,,
data_sync,417,1411899,,,,,,
marker_write,417,46000,,,,,,
marker_sync,417,1517000,,,,,,
append,418,5172898,,,,,,
encode,418,5900,,,,,,
data_write,418,56400,,,,,,
data_sync,418,3221499,,,,,,
marker_write,418,60700,,,,,,
marker_sync,418,1825199,,,,,,
append,419,3336499,,,,,,
encode,419,5400,,,,,,
data_write,419,59200,,,,,,
data_sync,419,1603100,,,,,,
marker_write,419,39300,,,,,,
marker_sync,419,1626899,,,,,,
append,420,3339399,,,,,,
encode,420,5400,,,,,,
data_write,420,60200,,,,,,
data_sync,420,1697200,,,,,,
marker_write,420,48100,,,,,,
marker_sync,420,1524999,,,,,,
append,421,3374599,,,,,,
encode,421,4400,,,,,,
data_write,421,52300,,,,,,
data_sync,421,1523600,,,,,,
marker_write,421,44200,,,,,,
marker_sync,421,1746899,,,,,,
append,422,3608499,,,,,,
encode,422,5700,,,,,,
data_write,422,67600,,,,,,
data_sync,422,1751400,,,,,,
marker_write,422,50600,,,,,,
marker_sync,422,1730399,,,,,,
append,423,3500099,,,,,,
encode,423,5600,,,,,,
data_write,423,57400,,,,,,
data_sync,423,1925400,,,,,,
marker_write,423,47500,,,,,,
marker_sync,423,1461599,,,,,,
append,424,3201800,,,,,,
encode,424,4600,,,,,,
data_write,424,48300,,,,,,
data_sync,424,1566800,,,,,,
marker_write,424,47500,,,,,,
marker_sync,424,1532000,,,,,,
append,425,3155199,,,,,,
encode,425,4100,,,,,,
data_write,425,58500,,,,,,
data_sync,425,1538699,,,,,,
marker_write,425,46900,,,,,,
marker_sync,425,1503800,,,,,,
append,426,3115599,,,,,,
encode,426,5700,,,,,,
data_write,426,60000,,,,,,
data_sync,426,1461999,,,,,,
marker_write,426,40500,,,,,,
marker_sync,426,1544900,,,,,,
append,427,3232699,,,,,,
encode,427,5200,,,,,,
data_write,427,55800,,,,,,
data_sync,427,1552099,,,,,,
marker_write,427,40400,,,,,,
marker_sync,427,1576800,,,,,,
append,428,3263799,,,,,,
encode,428,5300,,,,,,
data_write,428,53000,,,,,,
data_sync,428,1651799,,,,,,
marker_write,428,40200,,,,,,
marker_sync,428,1511600,,,,,,
append,429,3316899,,,,,,
encode,429,4600,,,,,,
data_write,429,47900,,,,,,
data_sync,429,1536100,,,,,,
marker_write,429,46200,,,,,,
marker_sync,429,1679399,,,,,,
append,430,3417299,,,,,,
encode,430,3900,,,,,,
data_write,430,48600,,,,,,
data_sync,430,1727900,,,,,,
marker_write,430,42000,,,,,,
marker_sync,430,1591499,,,,,,
append,431,3685099,,,,,,
encode,431,5700,,,,,,
data_write,431,61100,,,,,,
data_sync,431,1701000,,,,,,
marker_write,431,54900,,,,,,
marker_sync,431,1858899,,,,,,
append,432,3747099,,,,,,
encode,432,6000,,,,,,
data_write,432,67100,,,,,,
data_sync,432,1758700,,,,,,
marker_write,432,63600,,,,,,
marker_sync,432,1847999,,,,,,
append,433,3342099,,,,,,
encode,433,6400,,,,,,
data_write,433,68100,,,,,,
data_sync,433,1618300,,,,,,
marker_write,433,53900,,,,,,
marker_sync,433,1592299,,,,,,
append,434,3262899,,,,,,
encode,434,3900,,,,,,
data_write,434,54400,,,,,,
data_sync,434,1565100,,,,,,
marker_write,434,47100,,,,,,
marker_sync,434,1589299,,,,,,
append,435,3398199,,,,,,
encode,435,5800,,,,,,
data_write,435,59900,,,,,,
data_sync,435,1655600,,,,,,
marker_write,435,44400,,,,,,
marker_sync,435,1629699,,,,,,
append,436,3713099,,,,,,
encode,436,5200,,,,,,
data_write,436,63300,,,,,,
data_sync,436,1645600,,,,,,
marker_write,436,86800,,,,,,
marker_sync,436,1908599,,,,,,
append,437,4683399,,,,,,
encode,437,5000,,,,,,
data_write,437,56600,,,,,,
data_sync,437,1883100,,,,,,
marker_write,437,59100,,,,,,
marker_sync,437,2674099,,,,,,
append,438,4339799,,,,,,
encode,438,13000,,,,,,
data_write,438,231700,,,,,,
data_sync,438,2492499,,,,,,
marker_write,438,51400,,,,,,
marker_sync,438,1547800,,,,,,
append,439,3591399,,,,,,
encode,439,6100,,,,,,
data_write,439,60600,,,,,,
data_sync,439,1951899,,,,,,
marker_write,439,57500,,,,,,
marker_sync,439,1513200,,,,,,
append,440,3453799,,,,,,
encode,440,5100,,,,,,
data_write,440,55300,,,,,,
data_sync,440,1846899,,,,,,
marker_write,440,47200,,,,,,
marker_sync,440,1496900,,,,,,
append,441,3247499,,,,,,
encode,441,4100,,,,,,
data_write,441,49600,,,,,,
data_sync,441,1536799,,,,,,
marker_write,441,53200,,,,,,
marker_sync,441,1600200,,,,,,
append,442,3102399,,,,,,
encode,442,5600,,,,,,
data_write,442,61100,,,,,,
data_sync,442,1591399,,,,,,
marker_write,442,41600,,,,,,
marker_sync,442,1400300,,,,,,
append,443,3471099,,,,,,
encode,443,4700,,,,,,
data_write,443,57100,,,,,,
data_sync,443,1841299,,,,,,
marker_write,443,39700,,,,,,
marker_sync,443,1525000,,,,,,
append,444,3321899,,,,,,
encode,444,5400,,,,,,
data_write,444,59400,,,,,,
data_sync,444,1595100,,,,,,
marker_write,444,51200,,,,,,
marker_sync,444,1607799,,,,,,
append,445,4001999,,,,,,
encode,445,5500,,,,,,
data_write,445,57300,,,,,,
data_sync,445,2008800,,,,,,
marker_write,445,47500,,,,,,
marker_sync,445,1879999,,,,,,
append,446,3932699,,,,,,
encode,446,6100,,,,,,
data_write,446,64900,,,,,,
data_sync,446,1900599,,,,,,
marker_write,446,55900,,,,,,
marker_sync,446,1902600,,,,,,
append,447,3183899,,,,,,
encode,447,4700,,,,,,
data_write,447,49600,,,,,,
data_sync,447,1582999,,,,,,
marker_write,447,35700,,,,,,
marker_sync,447,1508800,,,,,,
append,448,3463499,,,,,,
encode,448,3700,,,,,,
data_write,448,60000,,,,,,
data_sync,448,1563100,,,,,,
marker_write,448,37600,,,,,,
marker_sync,448,1796999,,,,,,
append,449,3368099,,,,,,
encode,449,3500,,,,,,
data_write,449,54300,,,,,,
data_sync,449,1740300,,,,,,
marker_write,449,42800,,,,,,
marker_sync,449,1524699,,,,,,
append,450,3344399,,,,,,
encode,450,4600,,,,,,
data_write,450,44000,,,,,,
data_sync,450,1609300,,,,,,
marker_write,450,47000,,,,,,
marker_sync,450,1636399,,,,,,
append,451,3284599,,,,,,
encode,451,5800,,,,,,
data_write,451,56100,,,,,,
data_sync,451,1582500,,,,,,
marker_write,451,39100,,,,,,
marker_sync,451,1598599,,,,,,
append,452,3332599,,,,,,
encode,452,4600,,,,,,
data_write,452,45200,,,,,,
data_sync,452,1593900,,,,,,
marker_write,452,34900,,,,,,
marker_sync,452,1652199,,,,,,
append,453,3301599,,,,,,
encode,453,3500,,,,,,
data_write,453,44900,,,,,,
data_sync,453,1590200,,,,,,
marker_write,453,37500,,,,,,
marker_sync,453,1622299,,,,,,
append,454,3328400,,,,,,
encode,454,4800,,,,,,
data_write,454,57600,,,,,,
data_sync,454,1629500,,,,,,
marker_write,454,39200,,,,,,
marker_sync,454,1594900,,,,,,
append,455,3829398,,,,,,
encode,455,5000,,,,,,
data_write,455,54599,,,,,,
data_sync,455,1785200,,,,,,
marker_write,455,56100,,,,,,
marker_sync,455,1924499,,,,,,
append,456,7445098,,,,,,
encode,456,5800,,,,,,
data_write,456,62600,,,,,,
data_sync,456,5610499,,,,,,
marker_write,456,49600,,,,,,
marker_sync,456,1713599,,,,,,
append,457,3612999,,,,,,
encode,457,4900,,,,,,
data_write,457,65800,,,,,,
data_sync,457,1916400,,,,,,
marker_write,457,52700,,,,,,
marker_sync,457,1570399,,,,,,
append,458,3343299,,,,,,
encode,458,4800,,,,,,
data_write,458,62000,,,,,,
data_sync,458,1581900,,,,,,
marker_write,458,53100,,,,,,
marker_sync,458,1638099,,,,,,
append,459,3298400,,,,,,
encode,459,4400,,,,,,
data_write,459,62600,,,,,,
data_sync,459,1578900,,,,,,
marker_write,459,54500,,,,,,
marker_sync,459,1594800,,,,,,
append,460,3261999,,,,,,
encode,460,5500,,,,,,
data_write,460,62700,,,,,,
data_sync,460,1477599,,,,,,
marker_write,460,45300,,,,,,
marker_sync,460,1668200,,,,,,
append,461,2987599,,,,,,
encode,461,4200,,,,,,
data_write,461,51000,,,,,,
data_sync,461,1457399,,,,,,
marker_write,461,45000,,,,,,
marker_sync,461,1427200,,,,,,
append,462,2944399,,,,,,
encode,462,4100,,,,,,
data_write,462,51300,,,,,,
data_sync,462,1451199,,,,,,
marker_write,462,40600,,,,,,
marker_sync,462,1394300,,,,,,
append,463,3140099,,,,,,
encode,463,3400,,,,,,
data_write,463,49600,,,,,,
data_sync,463,1446100,,,,,,
marker_write,463,61100,,,,,,
marker_sync,463,1576999,,,,,,
append,464,3022899,,,,,,
encode,464,5200,,,,,,
data_write,464,54500,,,,,,
data_sync,464,1464500,,,,,,
marker_write,464,40900,,,,,,
marker_sync,464,1454899,,,,,,
append,465,3553599,,,,,,
encode,465,10100,,,,,,
data_write,465,68400,,,,,,
data_sync,465,1727000,,,,,,
marker_write,465,70500,,,,,,
marker_sync,465,1674299,,,,,,
append,466,3337699,,,,,,
encode,466,6500,,,,,,
data_write,466,73500,,,,,,
data_sync,466,1563700,,,,,,
marker_write,466,52600,,,,,,
marker_sync,466,1638699,,,,,,
append,467,3492599,,,,,,
encode,467,4800,,,,,,
data_write,467,52900,,,,,,
data_sync,467,1762600,,,,,,
marker_write,467,54300,,,,,,
marker_sync,467,1615299,,,,,,
append,468,3568799,,,,,,
encode,468,4900,,,,,,
data_write,468,69600,,,,,,
data_sync,468,1761300,,,,,,
marker_write,468,53500,,,,,,
marker_sync,468,1676699,,,,,,
append,469,3138199,,,,,,
encode,469,5100,,,,,,
data_write,469,68600,,,,,,
data_sync,469,1447400,,,,,,
marker_write,469,41300,,,,,,
marker_sync,469,1573499,,,,,,
append,470,3147400,,,,,,
encode,470,5300,,,,,,
data_write,470,67500,,,,,,
data_sync,470,1489600,,,,,,
marker_write,470,40400,,,,,,
marker_sync,470,1541800,,,,,,
append,471,3830699,,,,,,
encode,471,5200,,,,,,
data_write,471,67800,,,,,,
data_sync,471,2022999,,,,,,
marker_write,471,51900,,,,,,
marker_sync,471,1679400,,,,,,
append,472,3287099,,,,,,
encode,472,4200,,,,,,
data_write,472,58400,,,,,,
data_sync,472,1573299,,,,,,
marker_write,472,77600,,,,,,
marker_sync,472,1571000,,,,,,
append,473,3233599,,,,,,
encode,473,4600,,,,,,
data_write,473,52100,,,,,,
data_sync,473,1538899,,,,,,
marker_write,473,62400,,,,,,
marker_sync,473,1572800,,,,,,
append,474,3230299,,,,,,
encode,474,5300,,,,,,
data_write,474,69800,,,,,,
data_sync,474,1540299,,,,,,
marker_write,474,48800,,,,,,
marker_sync,474,1563300,,,,,,
append,475,3273499,,,,,,
encode,475,5200,,,,,,
data_write,475,69300,,,,,,
data_sync,475,1499999,,,,,,
marker_write,475,50000,,,,,,
marker_sync,475,1646200,,,,,,
append,476,3228999,,,,,,
encode,476,4500,,,,,,
data_write,476,53300,,,,,,
data_sync,476,1457300,,,,,,
marker_write,476,42299,,,,,,
marker_sync,476,1668300,,,,,,
append,477,3611799,,,,,,
encode,477,8200,,,,,,
data_write,477,84800,,,,,,
data_sync,477,1710200,,,,,,
marker_write,477,53300,,,,,,
marker_sync,477,1751999,,,,,,
append,478,3582499,,,,,,
encode,478,6500,,,,,,
data_write,478,62800,,,,,,
data_sync,478,1846499,,,,,,
marker_write,478,45400,,,,,,
marker_sync,478,1618300,,,,,,
append,479,3495499,,,,,,
encode,479,5300,,,,,,
data_write,479,56000,,,,,,
data_sync,479,1658700,,,,,,
marker_write,479,47400,,,,,,
marker_sync,479,1724799,,,,,,
append,480,3837099,,,,,,
encode,480,6500,,,,,,
data_write,480,53500,,,,,,
data_sync,480,1863800,,,,,,
marker_write,480,56699,,,,,,
marker_sync,480,1853000,,,,,,
append,481,3800599,,,,,,
encode,481,5000,,,,,,
data_write,481,72300,,,,,,
data_sync,481,1781499,,,,,,
marker_write,481,53900,,,,,,
marker_sync,481,1883500,,,,,,
append,482,3338999,,,,,,
encode,482,5800,,,,,,
data_write,482,69500,,,,,,
data_sync,482,1708799,,,,,,
marker_write,482,50300,,,,,,
marker_sync,482,1501800,,,,,,
append,483,3665599,,,,,,
encode,483,4500,,,,,,
data_write,483,55500,,,,,,
data_sync,483,1792999,,,,,,
marker_write,483,55800,,,,,,
marker_sync,483,1752800,,,,,,
append,484,3590699,,,,,,
encode,484,5800,,,,,,
data_write,484,76000,,,,,,
data_sync,484,1616200,,,,,,
marker_write,484,53599,,,,,,
marker_sync,484,1835500,,,,,,
append,485,3439099,,,,,,
encode,485,5300,,,,,,
data_write,485,51500,,,,,,
data_sync,485,1681999,,,,,,
marker_write,485,54300,,,,,,
marker_sync,485,1642700,,,,,,
append,486,3889999,,,,,,
encode,486,5900,,,,,,
data_write,486,64800,,,,,,
data_sync,486,1795699,,,,,,
marker_write,486,63000,,,,,,
marker_sync,486,1957500,,,,,,
append,487,3174999,,,,,,
encode,487,5500,,,,,,
data_write,487,68600,,,,,,
data_sync,487,1580799,,,,,,
marker_write,487,44100,,,,,,
marker_sync,487,1473300,,,,,,
append,488,3419299,,,,,,
encode,488,5100,,,,,,
data_write,488,67800,,,,,,
data_sync,488,1691000,,,,,,
marker_write,488,52200,,,,,,
marker_sync,488,1600499,,,,,,
append,489,3743099,,,,,,
encode,489,5400,,,,,,
data_write,489,70300,,,,,,
data_sync,489,1930500,,,,,,
marker_write,489,54800,,,,,,
marker_sync,489,1679199,,,,,,
append,490,3180999,,,,,,
encode,490,4000,,,,,,
data_write,490,56200,,,,,,
data_sync,490,1560200,,,,,,
marker_write,490,53400,,,,,,
marker_sync,490,1504299,,,,,,
append,491,3571599,,,,,,
encode,491,5600,,,,,,
data_write,491,64800,,,,,,
data_sync,491,1827900,,,,,,
marker_write,491,59100,,,,,,
marker_sync,491,1611499,,,,,,
append,492,3488499,,,,,,
encode,492,4800,,,,,,
data_write,492,65000,,,,,,
data_sync,492,1605600,,,,,,
marker_write,492,48300,,,,,,
marker_sync,492,1761799,,,,,,
append,493,3414399,,,,,,
encode,493,5700,,,,,,
data_write,493,64500,,,,,,
data_sync,493,1641800,,,,,,
marker_write,493,54900,,,,,,
marker_sync,493,1643599,,,,,,
append,494,3429599,,,,,,
encode,494,4800,,,,,,
data_write,494,62000,,,,,,
data_sync,494,1618500,,,,,,
marker_write,494,52600,,,,,,
marker_sync,494,1688699,,,,,,
append,495,3125299,,,,,,
encode,495,5300,,,,,,
data_write,495,56000,,,,,,
data_sync,495,1504000,,,,,,
marker_write,495,45100,,,,,,
marker_sync,495,1512799,,,,,,
append,496,3294500,,,,,,
encode,496,4200,,,,,,
data_write,496,59100,,,,,,
data_sync,496,1507100,,,,,,
marker_write,496,50400,,,,,,
marker_sync,496,1671000,,,,,,
append,497,3834098,,,,,,
encode,497,5900,,,,,,
data_write,497,73899,,,,,,
data_sync,497,1730100,,,,,,
marker_write,497,58900,,,,,,
marker_sync,497,1961099,,,,,,
append,498,4003699,,,,,,
encode,498,7100,,,,,,
data_write,498,96500,,,,,,
data_sync,498,1881300,,,,,,
marker_write,498,69200,,,,,,
marker_sync,498,1944899,,,,,,
append,499,3600199,,,,,,
encode,499,6100,,,,,,
data_write,499,92800,,,,,,
data_sync,499,1900300,,,,,,
marker_write,499,72600,,,,,,
marker_sync,499,1525599,,,,,,
append,500,3317299,,,,,,
encode,500,5100,,,,,,
data_write,500,65600,,,,,,
data_sync,500,1597600,,,,,,
marker_write,500,52500,,,,,,
marker_sync,500,1592999,,,,,,
append,501,4024899,,,,,,
encode,501,5100,,,,,,
data_write,501,69800,,,,,,
data_sync,501,1790700,,,,,,
marker_write,501,61800,,,,,,
marker_sync,501,2093599,,,,,,
append,502,3385599,,,,,,
encode,502,5300,,,,,,
data_write,502,88800,,,,,,
data_sync,502,1657600,,,,,,
marker_write,502,53100,,,,,,
marker_sync,502,1577499,,,,,,
append,503,3325299,,,,,,
encode,503,5300,,,,,,
data_write,503,72900,,,,,,
data_sync,503,1606800,,,,,,
marker_write,503,47000,,,,,,
marker_sync,503,1590499,,,,,,
append,504,3582499,,,,,,
encode,504,5200,,,,,,
data_write,504,72300,,,,,,
data_sync,504,1742200,,,,,,
marker_write,504,63300,,,,,,
marker_sync,504,1694999,,,,,,
append,505,3487899,,,,,,
encode,505,6000,,,,,,
data_write,505,65600,,,,,,
data_sync,505,1654700,,,,,,
marker_write,505,50200,,,,,,
marker_sync,505,1708299,,,,,,
append,506,3108900,,,,,,
encode,506,4200,,,,,,
data_write,506,58100,,,,,,
data_sync,506,1536000,,,,,,
marker_write,506,42300,,,,,,
marker_sync,506,1465500,,,,,,
append,507,3387699,,,,,,
encode,507,4000,,,,,,
data_write,507,48300,,,,,,
data_sync,507,1738599,,,,,,
marker_write,507,51900,,,,,,
marker_sync,507,1541600,,,,,,
append,508,3465299,,,,,,
encode,508,4800,,,,,,
data_write,508,62700,,,,,,
data_sync,508,1545999,,,,,,
marker_write,508,58700,,,,,,
marker_sync,508,1790000,,,,,,
append,509,3617499,,,,,,
encode,509,5400,,,,,,
data_write,509,73700,,,,,,
data_sync,509,1747799,,,,,,
marker_write,509,58600,,,,,,
marker_sync,509,1728200,,,,,,
append,510,3992999,,,,,,
encode,510,5600,,,,,,
data_write,510,68200,,,,,,
data_sync,510,1957199,,,,,,
marker_write,510,57000,,,,,,
marker_sync,510,1900800,,,,,,
append,511,3365299,,,,,,
encode,511,8800,,,,,,
data_write,511,102200,,,,,,
data_sync,511,1663599,,,,,,
marker_write,511,42100,,,,,,
marker_sync,511,1546400,,,,,,
append,512,3243399,,,,,,
encode,512,4400,,,,,,
data_write,512,54400,,,,,,
data_sync,512,1523899,,,,,,
marker_write,512,39100,,,,,,
marker_sync,512,1618900,,,,,,
append,513,3704299,,,,,,
encode,513,4200,,,,,,
data_write,513,74300,,,,,,
data_sync,513,1792699,,,,,,
marker_write,513,63500,,,,,,
marker_sync,513,1766700,,,,,,
append,514,3446099,,,,,,
encode,514,5500,,,,,,
data_write,514,71600,,,,,,
data_sync,514,1649999,,,,,,
marker_write,514,55400,,,,,,
marker_sync,514,1660600,,,,,,
append,515,3553099,,,,,,
encode,515,7800,,,,,,
data_write,515,63100,,,,,,
data_sync,515,1736699,,,,,,
marker_write,515,55200,,,,,,
marker_sync,515,1687000,,,,,,
append,516,3304899,,,,,,
encode,516,5200,,,,,,
data_write,516,68400,,,,,,
data_sync,516,1607499,,,,,,
marker_write,516,49800,,,,,,
marker_sync,516,1571600,,,,,,
append,517,3712899,,,,,,
encode,517,5000,,,,,,
data_write,517,62600,,,,,,
data_sync,517,1678999,,,,,,
marker_write,517,61300,,,,,,
marker_sync,517,1901900,,,,,,
append,518,3698999,,,,,,
encode,518,5400,,,,,,
data_write,518,68700,,,,,,
data_sync,518,1769499,,,,,,
marker_write,518,51200,,,,,,
marker_sync,518,1801400,,,,,,
append,519,4068799,,,,,,
encode,519,4700,,,,,,
data_write,519,62700,,,,,,
data_sync,519,1993799,,,,,,
marker_write,519,53700,,,,,,
marker_sync,519,1951200,,,,,,
append,520,3609599,,,,,,
encode,520,5400,,,,,,
data_write,520,64700,,,,,,
data_sync,520,1728699,,,,,,
marker_write,520,55300,,,,,,
marker_sync,520,1751100,,,,,,
append,521,3620299,,,,,,
encode,521,4400,,,,,,
data_write,521,65200,,,,,,
data_sync,521,1741799,,,,,,
marker_write,521,46300,,,,,,
marker_sync,521,1759600,,,,,,
append,522,3451199,,,,,,
encode,522,4800,,,,,,
data_write,522,56000,,,,,,
data_sync,522,1662199,,,,,,
marker_write,522,57200,,,,,,
marker_sync,522,1667600,,,,,,
append,523,3514399,,,,,,
encode,523,5000,,,,,,
data_write,523,63300,,,,,,
data_sync,523,1738299,,,,,,
marker_write,523,52500,,,,,,
marker_sync,523,1652500,,,,,,
append,524,3582599,,,,,,
encode,524,4800,,,,,,
data_write,524,71800,,,,,,
data_sync,524,1705399,,,,,,
marker_write,524,63500,,,,,,
marker_sync,524,1734100,,,,,,
append,525,3744899,,,,,,
encode,525,5000,,,,,,
data_write,525,55900,,,,,,
data_sync,525,1904999,,,,,,
marker_write,525,57900,,,,,,
marker_sync,525,1717400,,,,,,
append,526,4058499,,,,,,
encode,526,6400,,,,,,
data_write,526,82300,,,,,,
data_sync,526,1888899,,,,,,
marker_write,526,43000,,,,,,
marker_sync,526,2034800,,,,,,
append,527,4016498,,,,,,
encode,527,5000,,,,,,
data_write,527,66899,,,,,,
data_sync,527,2037200,,,,,,
marker_write,527,59200,,,,,,
marker_sync,527,1844999,,,,,,
append,528,4013699,,,,,,
encode,528,5200,,,,,,
data_write,528,76000,,,,,,
data_sync,528,1861200,,,,,,
marker_write,528,64300,,,,,,
marker_sync,528,2003099,,,,,,
append,529,3644599,,,,,,
encode,529,5200,,,,,,
data_write,529,74400,,,,,,
data_sync,529,1775000,,,,,,
marker_write,529,49500,,,,,,
marker_sync,529,1737699,,,,,,
append,530,3533699,,,,,,
encode,530,5100,,,,,,
data_write,530,64100,,,,,,
data_sync,530,1678900,,,,,,
marker_write,530,53500,,,,,,
marker_sync,530,1729199,,,,,,
append,531,3731099,,,,,,
encode,531,5100,,,,,,
data_write,531,63900,,,,,,
data_sync,531,1700600,,,,,,
marker_write,531,57400,,,,,,
marker_sync,531,1900099,,,,,,
append,532,3604399,,,,,,
encode,532,5900,,,,,,
data_write,532,70700,,,,,,
data_sync,532,1777600,,,,,,
marker_write,532,53800,,,,,,
marker_sync,532,1693599,,,,,,
append,533,3694299,,,,,,
encode,533,4600,,,,,,
data_write,533,67500,,,,,,
data_sync,533,1825700,,,,,,
marker_write,533,63200,,,,,,
marker_sync,533,1730999,,,,,,
append,534,3723499,,,,,,
encode,534,4000,,,,,,
data_write,534,53600,,,,,,
data_sync,534,1716500,,,,,,
marker_write,534,46700,,,,,,
marker_sync,534,1900099,,,,,,
append,535,3606199,,,,,,
encode,535,5100,,,,,,
data_write,535,67000,,,,,,
data_sync,535,1771100,,,,,,
marker_write,535,48500,,,,,,
marker_sync,535,1711599,,,,,,
append,536,3649399,,,,,,
encode,536,8700,,,,,,
data_write,536,69300,,,,,,
data_sync,536,1748700,,,,,,
marker_write,536,65700,,,,,,
marker_sync,536,1753499,,,,,,
append,537,4106199,,,,,,
encode,537,8000,,,,,,
data_write,537,71500,,,,,,
data_sync,537,2081100,,,,,,
marker_write,537,54500,,,,,,
marker_sync,537,1888299,,,,,,
append,538,3609499,,,,,,
encode,538,4300,,,,,,
data_write,538,79100,,,,,,
data_sync,538,1672300,,,,,,
marker_write,538,57999,,,,,,
marker_sync,538,1792100,,,,,,
append,539,3615999,,,,,,
encode,539,4100,,,,,,
data_write,539,65500,,,,,,
data_sync,539,1783599,,,,,,
marker_write,539,43200,,,,,,
marker_sync,539,1717800,,,,,,
append,540,3509299,,,,,,
encode,540,4000,,,,,,
data_write,540,51200,,,,,,
data_sync,540,1720299,,,,,,
marker_write,540,43000,,,,,,
marker_sync,540,1688400,,,,,,
append,541,3554699,,,,,,
encode,541,4000,,,,,,
data_write,541,54200,,,,,,
data_sync,541,1711000,,,,,,
marker_write,541,44900,,,,,,
marker_sync,541,1738699,,,,,,
append,542,3946599,,,,,,
encode,542,4500,,,,,,
data_write,542,51700,,,,,,
data_sync,542,2012599,,,,,,
marker_write,542,58000,,,,,,
marker_sync,542,1816600,,,,,,
append,543,3531599,,,,,,
encode,543,5400,,,,,,
data_write,543,72300,,,,,,
data_sync,543,1729399,,,,,,
marker_write,543,28000,,,,,,
marker_sync,543,1693900,,,,,,
append,544,3605499,,,,,,
encode,544,4900,,,,,,
data_write,544,56500,,,,,,
data_sync,544,1705399,,,,,,
marker_write,544,55100,,,,,,
marker_sync,544,1780100,,,,,,
append,545,3854499,,,,,,
encode,545,5700,,,,,,
data_write,545,66600,,,,,,
data_sync,545,1887799,,,,,,
marker_write,545,54300,,,,,,
marker_sync,545,1837600,,,,,,
append,546,3705199,,,,,,
encode,546,4900,,,,,,
data_write,546,53700,,,,,,
data_sync,546,1657199,,,,,,
marker_write,546,59400,,,,,,
marker_sync,546,1927500,,,,,,
append,547,3920599,,,,,,
encode,547,5100,,,,,,
data_write,547,57000,,,,,,
data_sync,547,1940599,,,,,,
marker_write,547,64800,,,,,,
marker_sync,547,1849700,,,,,,
append,548,3381899,,,,,,
encode,548,5800,,,,,,
data_write,548,65700,,,,,,
data_sync,548,1683399,,,,,,
marker_write,548,47400,,,,,,
marker_sync,548,1577300,,,,,,
append,549,3370899,,,,,,
encode,549,3700,,,,,,
data_write,549,52000,,,,,,
data_sync,549,1649599,,,,,,
marker_write,549,45900,,,,,,
marker_sync,549,1616900,,,,,,
append,550,3494499,,,,,,
encode,550,3800,,,,,,
data_write,550,54600,,,,,,
data_sync,550,1735999,,,,,,
marker_write,550,62800,,,,,,
marker_sync,550,1634300,,,,,,
append,551,3727899,,,,,,
encode,551,5400,,,,,,
data_write,551,64000,,,,,,
data_sync,551,1824599,,,,,,
marker_write,551,48400,,,,,,
marker_sync,551,1782100,,,,,,
append,552,3535999,,,,,,
encode,552,4100,,,,,,
data_write,552,59300,,,,,,
data_sync,552,1769199,,,,,,
marker_write,552,63000,,,,,,
marker_sync,552,1637600,,,,,,
append,553,3371899,,,,,,
encode,553,3900,,,,,,
data_write,553,52800,,,,,,
data_sync,553,1622799,,,,,,
marker_write,553,51500,,,,,,
marker_sync,553,1638500,,,,,,
append,554,3651299,,,,,,
encode,554,3800,,,,,,
data_write,554,66000,,,,,,
data_sync,554,1685099,,,,,,
marker_write,554,42300,,,,,,
marker_sync,554,1851500,,,,,,
append,555,3517099,,,,,,
encode,555,5500,,,,,,
data_write,555,70800,,,,,,
data_sync,555,1693699,,,,,,
marker_write,555,46300,,,,,,
marker_sync,555,1698000,,,,,,
append,556,3680199,,,,,,
encode,556,4800,,,,,,
data_write,556,70700,,,,,,
data_sync,556,1823199,,,,,,
marker_write,556,63600,,,,,,
marker_sync,556,1715000,,,,,,
append,557,3825799,,,,,,
encode,557,5700,,,,,,
data_write,557,71700,,,,,,
data_sync,557,1737799,,,,,,
marker_write,557,65200,,,,,,
marker_sync,557,1940700,,,,,,
append,558,5380398,,,,,,
encode,558,6800,,,,,,
data_write,558,72000,,,,,,
data_sync,558,1934399,,,,,,
marker_write,558,70400,,,,,,
marker_sync,558,3291899,,,,,,
append,559,3866099,,,,,,
encode,559,5800,,,,,,
data_write,559,76300,,,,,,
data_sync,559,1746800,,,,,,
marker_write,559,57500,,,,,,
marker_sync,559,1974199,,,,,,
append,560,3673199,,,,,,
encode,560,5200,,,,,,
data_write,560,71900,,,,,,
data_sync,560,1902100,,,,,,
marker_write,560,48000,,,,,,
marker_sync,560,1642999,,,,,,
append,561,3490599,,,,,,
encode,561,5700,,,,,,
data_write,561,53100,,,,,,
data_sync,561,1652100,,,,,,
marker_write,561,56200,,,,,,
marker_sync,561,1719799,,,,,,
append,562,3440699,,,,,,
encode,562,5600,,,,,,
data_write,562,69500,,,,,,
data_sync,562,1665100,,,,,,
marker_write,562,51400,,,,,,
marker_sync,562,1646499,,,,,,
append,563,3804199,,,,,,
encode,563,4700,,,,,,
data_write,563,60100,,,,,,
data_sync,563,1716800,,,,,,
marker_write,563,53300,,,,,,
marker_sync,563,1966299,,,,,,
append,564,3657299,,,,,,
encode,564,4600,,,,,,
data_write,564,67200,,,,,,
data_sync,564,1821700,,,,,,
marker_write,564,49900,,,,,,
marker_sync,564,1711499,,,,,,
append,565,3503499,,,,,,
encode,565,4000,,,,,,
data_write,565,59300,,,,,,
data_sync,565,1666900,,,,,,
marker_write,565,40800,,,,,,
marker_sync,565,1730199,,,,,,
append,566,3387199,,,,,,
encode,566,3900,,,,,,
data_write,566,50400,,,,,,
data_sync,566,1600300,,,,,,
marker_write,566,38800,,,,,,
marker_sync,566,1691699,,,,,,
append,567,3261799,,,,,,
encode,567,4800,,,,,,
data_write,567,49300,,,,,,
data_sync,567,1580400,,,,,,
marker_write,567,55400,,,,,,
marker_sync,567,1569599,,,,,,
append,568,3535299,,,,,,
encode,568,4400,,,,,,
data_write,568,47500,,,,,,
data_sync,568,1591200,,,,,,
marker_write,568,53600,,,,,,
marker_sync,568,1835299,,,,,,
append,569,3773099,,,,,,
encode,569,5100,,,,,,
data_write,569,64000,,,,,,
data_sync,569,1731500,,,,,,
marker_write,569,62100,,,,,,
marker_sync,569,1907399,,,,,,
append,570,3824799,,,,,,
encode,570,5900,,,,,,
data_write,570,64000,,,,,,
data_sync,570,1815300,,,,,,
marker_write,570,55100,,,,,,
marker_sync,570,1881099,,,,,,
append,571,3946099,,,,,,
encode,571,5700,,,,,,
data_write,571,80500,,,,,,
data_sync,571,1947900,,,,,,
marker_write,571,63300,,,,,,
marker_sync,571,1845899,,,,,,
append,572,3619899,,,,,,
encode,572,4600,,,,,,
data_write,572,61300,,,,,,
data_sync,572,1726900,,,,,,
marker_write,572,55100,,,,,,
marker_sync,572,1768599,,,,,,
append,573,3602699,,,,,,
encode,573,5100,,,,,,
data_write,573,73300,,,,,,
data_sync,573,1689900,,,,,,
marker_write,573,49100,,,,,,
marker_sync,573,1782099,,,,,,
append,574,3595299,,,,,,
encode,574,5800,,,,,,
data_write,574,32700,,,,,,
data_sync,574,1785100,,,,,,
marker_write,574,51200,,,,,,
marker_sync,574,1717599,,,,,,
append,575,4016599,,,,,,
encode,575,5900,,,,,,
data_write,575,53100,,,,,,
data_sync,575,1999900,,,,,,
marker_write,575,55200,,,,,,
marker_sync,575,1898699,,,,,,
append,576,4330599,,,,,,
encode,576,5100,,,,,,
data_write,576,75100,,,,,,
data_sync,576,2086899,,,,,,
marker_write,576,66500,,,,,,
marker_sync,576,2093000,,,,,,
append,577,4193999,,,,,,
encode,577,7000,,,,,,
data_write,577,104300,,,,,,
data_sync,577,2051099,,,,,,
marker_write,577,63800,,,,,,
marker_sync,577,1964400,,,,,,
append,578,3826399,,,,,,
encode,578,6000,,,,,,
data_write,578,79000,,,,,,
data_sync,578,1970199,,,,,,
marker_write,578,65200,,,,,,
marker_sync,578,1702700,,,,,,
append,579,3656099,,,,,,
encode,579,5700,,,,,,
data_write,579,64300,,,,,,
data_sync,579,1820999,,,,,,
marker_write,579,59000,,,,,,
marker_sync,579,1702900,,,,,,
append,580,3630699,,,,,,
encode,580,5500,,,,,,
data_write,580,77400,,,,,,
data_sync,580,1691499,,,,,,
marker_write,580,64100,,,,,,
marker_sync,580,1788500,,,,,,
append,581,3523999,,,,,,
encode,581,5400,,,,,,
data_write,581,72400,,,,,,
data_sync,581,1727399,,,,,,
marker_write,581,59300,,,,,,
marker_sync,581,1655300,,,,,,
append,582,3917599,,,,,,
encode,582,4600,,,,,,
data_write,582,67500,,,,,,
data_sync,582,1825399,,,,,,
marker_write,582,57300,,,,,,
marker_sync,582,1959400,,,,,,
append,583,3629799,,,,,,
encode,583,5600,,,,,,
data_write,583,71600,,,,,,
data_sync,583,1771099,,,,,,
marker_write,583,60800,,,,,,
marker_sync,583,1718000,,,,,,
append,584,3614299,,,,,,
encode,584,5700,,,,,,
data_write,584,60500,,,,,,
data_sync,584,1767299,,,,,,
marker_write,584,59600,,,,,,
marker_sync,584,1718000,,,,,,
append,585,4004198,,,,,,
encode,585,5100,,,,,,
data_write,585,58500,,,,,,
data_sync,585,1933799,,,,,,
marker_write,585,58200,,,,,,
marker_sync,585,1944799,,,,,,
append,586,3869699,,,,,,
encode,586,5300,,,,,,
data_write,586,80900,,,,,,
data_sync,586,1804000,,,,,,
marker_write,586,58400,,,,,,
marker_sync,586,1918599,,,,,,
append,587,4284399,,,,,,
encode,587,4200,,,,,,
data_write,587,68600,,,,,,
data_sync,587,2085100,,,,,,
marker_write,587,67500,,,,,,
marker_sync,587,2055799,,,,,,
append,588,4063599,,,,,,
encode,588,4600,,,,,,
data_write,588,64900,,,,,,
data_sync,588,1901800,,,,,,
marker_write,588,62000,,,,,,
marker_sync,588,2026299,,,,,,
append,589,3918199,,,,,,
encode,589,5600,,,,,,
data_write,589,68400,,,,,,
data_sync,589,1971899,,,,,,
marker_write,589,65700,,,,,,
marker_sync,589,1803700,,,,,,
append,590,3625999,,,,,,
encode,590,6000,,,,,,
data_write,590,72400,,,,,,
data_sync,590,1779199,,,,,,
marker_write,590,48700,,,,,,
marker_sync,590,1716700,,,,,,
append,591,3685499,,,,,,
encode,591,5500,,,,,,
data_write,591,59000,,,,,,
data_sync,591,1821899,,,,,,
marker_write,591,47900,,,,,,
marker_sync,591,1748800,,,,,,
append,592,3491499,,,,,,
encode,592,5700,,,,,,
data_write,592,60800,,,,,,
data_sync,592,1740299,,,,,,
marker_write,592,47300,,,,,,
marker_sync,592,1634500,,,,,,
append,593,3537399,,,,,,
encode,593,4600,,,,,,
data_write,593,59300,,,,,,
data_sync,593,1708299,,,,,,
marker_write,593,49600,,,,,,
marker_sync,593,1712500,,,,,,
append,594,3510499,,,,,,
encode,594,4500,,,,,,
data_write,594,51600,,,,,,
data_sync,594,1752499,,,,,,
marker_write,594,42000,,,,,,
marker_sync,594,1657100,,,,,,
append,595,3255599,,,,,,
encode,595,4400,,,,,,
data_write,595,58900,,,,,,
data_sync,595,1589700,,,,,,
marker_write,595,39799,,,,,,
marker_sync,595,1560900,,,,,,
append,596,3496299,,,,,,
encode,596,4100,,,,,,
data_write,596,45800,,,,,,
data_sync,596,1707000,,,,,,
marker_write,596,62800,,,,,,
marker_sync,596,1673099,,,,,,
append,597,3614899,,,,,,
encode,597,5900,,,,,,
data_write,597,69600,,,,,,
data_sync,597,1674400,,,,,,
marker_write,597,63600,,,,,,
marker_sync,597,1796399,,,,,,
append,598,3753599,,,,,,
encode,598,5200,,,,,,
data_write,598,72700,,,,,,
data_sync,598,1882800,,,,,,
marker_write,598,49800,,,,,,
marker_sync,598,1740699,,,,,,
append,599,3485299,,,,,,
encode,599,6500,,,,,,
data_write,599,60400,,,,,,
data_sync,599,1692500,,,,,,
marker_write,599,54700,,,,,,
marker_sync,599,1667599,,,,,,
append,600,3898999,,,,,,
encode,600,5600,,,,,,
data_write,600,73000,,,,,,
data_sync,600,1819000,,,,,,
marker_write,600,53900,,,,,,
marker_sync,600,1943899,,,,,,
append,601,3832299,,,,,,
encode,601,6800,,,,,,
data_write,601,76500,,,,,,
data_sync,601,1860499,,,,,,
marker_write,601,66800,,,,,,
marker_sync,601,1817900,,,,,,
append,602,3293899,,,,,,
encode,602,5900,,,,,,
data_write,602,66800,,,,,,
data_sync,602,1587899,,,,,,
marker_write,602,41800,,,,,,
marker_sync,602,1587800,,,,,,
append,603,3232299,,,,,,
encode,603,5000,,,,,,
data_write,603,59000,,,,,,
data_sync,603,1593600,,,,,,
marker_write,603,42000,,,,,,
marker_sync,603,1529099,,,,,,
append,604,3184299,,,,,,
encode,604,5600,,,,,,
data_write,604,57100,,,,,,
data_sync,604,1553600,,,,,,
marker_write,604,40800,,,,,,
marker_sync,604,1524099,,,,,,
append,605,3267699,,,,,,
encode,605,5000,,,,,,
data_write,605,46200,,,,,,
data_sync,605,1558300,,,,,,
marker_write,605,49900,,,,,,
marker_sync,605,1605699,,,,,,
append,606,3471799,,,,,,
encode,606,5500,,,,,,
data_write,606,61600,,,,,,
data_sync,606,1613400,,,,,,
marker_write,606,50500,,,,,,
marker_sync,606,1736899,,,,,,
append,607,3603099,,,,,,
encode,607,5400,,,,,,
data_write,607,66300,,,,,,
data_sync,607,1711700,,,,,,
marker_write,607,55900,,,,,,
marker_sync,607,1760599,,,,,,
append,608,3879299,,,,,,
encode,608,6500,,,,,,
data_write,608,72300,,,,,,
data_sync,608,1815100,,,,,,
marker_write,608,70900,,,,,,
marker_sync,608,1911499,,,,,,
append,609,3646299,,,,,,
encode,609,5400,,,,,,
data_write,609,87300,,,,,,
data_sync,609,1799500,,,,,,
marker_write,609,59100,,,,,,
marker_sync,609,1692099,,,,,,
append,610,3989499,,,,,,
encode,610,5300,,,,,,
data_write,610,63900,,,,,,
data_sync,610,1951900,,,,,,
marker_write,610,49100,,,,,,
marker_sync,610,1915899,,,,,,
append,611,3835499,,,,,,
encode,611,4400,,,,,,
data_write,611,58900,,,,,,
data_sync,611,1802900,,,,,,
marker_write,611,70400,,,,,,
marker_sync,611,1895999,,,,,,
append,612,4116699,,,,,,
encode,612,6100,,,,,,
data_write,612,71700,,,,,,
data_sync,612,1934399,,,,,,
marker_write,612,69400,,,,,,
marker_sync,612,2030900,,,,,,
append,613,4123699,,,,,,
encode,613,5900,,,,,,
data_write,613,70800,,,,,,
data_sync,613,2036099,,,,,,
marker_write,613,62600,,,,,,
marker_sync,613,1945100,,,,,,
append,614,4089999,,,,,,
encode,614,5100,,,,,,
data_write,614,60400,,,,,,
data_sync,614,1871699,,,,,,
marker_write,614,59400,,,,,,
marker_sync,614,2088800,,,,,,
append,615,4406798,,,,,,
encode,615,7600,,,,,,
data_write,615,87000,,,,,,
data_sync,615,2210199,,,,,,
marker_write,615,64800,,,,,,
marker_sync,615,2032099,,,,,,
append,616,4380399,,,,,,
encode,616,8100,,,,,,
data_write,616,93500,,,,,,
data_sync,616,1975000,,,,,,
marker_write,616,61700,,,,,,
marker_sync,616,2234699,,,,,,
append,617,4099199,,,,,,
encode,617,6800,,,,,,
data_write,617,76700,,,,,,
data_sync,617,1922200,,,,,,
marker_write,617,69000,,,,,,
marker_sync,617,2020499,,,,,,
append,618,4274299,,,,,,
encode,618,6000,,,,,,
data_write,618,72800,,,,,,
data_sync,618,2169199,,,,,,
marker_write,618,60500,,,,,,
marker_sync,618,1962800,,,,,,
append,619,3984099,,,,,,
encode,619,6600,,,,,,
data_write,619,70200,,,,,,
data_sync,619,2051799,,,,,,
marker_write,619,59000,,,,,,
marker_sync,619,1793000,,,,,,
append,620,3515199,,,,,,
encode,620,5800,,,,,,
data_write,620,82100,,,,,,
data_sync,620,1724899,,,,,,
marker_write,620,46500,,,,,,
marker_sync,620,1653400,,,,,,
append,621,3160999,,,,,,
encode,621,4800,,,,,,
data_write,621,50200,,,,,,
data_sync,621,1522699,,,,,,
marker_write,621,41100,,,,,,
marker_sync,621,1540000,,,,,,
append,622,3266699,,,,,,
encode,622,4900,,,,,,
data_write,622,53200,,,,,,
data_sync,622,1507399,,,,,,
marker_write,622,45300,,,,,,
marker_sync,622,1653400,,,,,,
append,623,3317999,,,,,,
encode,623,4200,,,,,,
data_write,623,51700,,,,,,
data_sync,623,1614000,,,,,,
marker_write,623,44299,,,,,,
marker_sync,623,1601500,,,,,,
append,624,3401999,,,,,,
encode,624,4600,,,,,,
data_write,624,47100,,,,,,
data_sync,624,1601600,,,,,,
marker_write,624,47400,,,,,,
marker_sync,624,1698599,,,,,,
append,625,3369499,,,,,,
encode,625,4900,,,,,,
data_write,625,53200,,,,,,
data_sync,625,1598400,,,,,,
marker_write,625,60900,,,,,,
marker_sync,625,1648599,,,,,,
append,626,3619799,,,,,,
encode,626,5400,,,,,,
data_write,626,69000,,,,,,
data_sync,626,1751100,,,,,,
marker_write,626,51400,,,,,,
marker_sync,626,1739899,,,,,,
append,627,3639199,,,,,,
encode,627,4800,,,,,,
data_write,627,60800,,,,,,
data_sync,627,1729300,,,,,,
marker_write,627,49200,,,,,,
marker_sync,627,1791699,,,,,,
append,628,3372799,,,,,,
encode,628,4300,,,,,,
data_write,628,62800,,,,,,
data_sync,628,1634000,,,,,,
marker_write,628,40900,,,,,,
marker_sync,628,1627699,,,,,,
append,629,3554199,,,,,,
encode,629,5000,,,,,,
data_write,629,57300,,,,,,
data_sync,629,1721500,,,,,,
marker_write,629,45400,,,,,,
marker_sync,629,1721299,,,,,,
append,630,3513899,,,,,,
encode,630,5300,,,,,,
data_write,630,61200,,,,,,
data_sync,630,1760800,,,,,,
marker_write,630,43300,,,,,,
marker_sync,630,1641099,,,,,,
append,631,3616999,,,,,,
encode,631,5000,,,,,,
data_write,631,57200,,,,,,
data_sync,631,1755400,,,,,,
marker_write,631,49900,,,,,,
marker_sync,631,1747299,,,,,,
append,632,3485099,,,,,,
encode,632,4500,,,,,,
data_write,632,55500,,,,,,
data_sync,632,1796200,,,,,,
marker_write,632,45600,,,,,,
marker_sync,632,1581199,,,,,,
append,633,3313099,,,,,,
encode,633,4500,,,,,,
data_write,633,48000,,,,,,
data_sync,633,1600800,,,,,,
marker_write,633,39500,,,,,,
marker_sync,633,1617099,,,,,,
append,634,3488299,,,,,,
encode,634,4600,,,,,,
data_write,634,60600,,,,,,
data_sync,634,1748200,,,,,,
marker_write,634,46600,,,,,,
marker_sync,634,1626199,,,,,,
append,635,3582999,,,,,,
encode,635,4200,,,,,,
data_write,635,54600,,,,,,
data_sync,635,1723000,,,,,,
marker_write,635,59300,,,,,,
marker_sync,635,1739199,,,,,,
append,636,3244899,,,,,,
encode,636,4700,,,,,,
data_write,636,51100,,,,,,
data_sync,636,1647700,,,,,,
marker_write,636,42700,,,,,,
marker_sync,636,1496099,,,,,,
append,637,3249100,,,,,,
encode,637,4700,,,,,,
data_write,637,59800,,,,,,
data_sync,637,1645600,,,,,,
marker_write,637,40800,,,,,,
marker_sync,637,1495600,,,,,,
append,638,3145999,,,,,,
encode,638,4600,,,,,,
data_write,638,48400,,,,,,
data_sync,638,1511499,,,,,,
marker_write,638,40700,,,,,,
marker_sync,638,1538600,,,,,,
append,639,3070699,,,,,,
encode,639,4300,,,,,,
data_write,639,46600,,,,,,
data_sync,639,1512099,,,,,,
marker_write,639,38900,,,,,,
marker_sync,639,1466500,,,,,,
append,640,3170899,,,,,,
encode,640,3500,,,,,,
data_write,640,44700,,,,,,
data_sync,640,1499799,,,,,,
marker_write,640,38100,,,,,,
marker_sync,640,1582900,,,,,,
append,641,3709699,,,,,,
encode,641,3700,,,,,,
data_write,641,52400,,,,,,
data_sync,641,1814599,,,,,,
marker_write,641,44600,,,,,,
marker_sync,641,1791400,,,,,,
append,642,3546199,,,,,,
encode,642,5700,,,,,,
data_write,642,63400,,,,,,
data_sync,642,1766799,,,,,,
marker_write,642,41200,,,,,,
marker_sync,642,1666700,,,,,,
append,643,3520899,,,,,,
encode,643,4200,,,,,,
data_write,643,54000,,,,,,
data_sync,643,1653999,,,,,,
marker_write,643,53700,,,,,,
marker_sync,643,1751400,,,,,,
append,644,3407499,,,,,,
encode,644,4700,,,,,,
data_write,644,59400,,,,,,
data_sync,644,1668599,,,,,,
marker_write,644,39900,,,,,,
marker_sync,644,1632300,,,,,,
append,645,3402399,,,,,,
encode,645,4700,,,,,,
data_write,645,55600,,,,,,
data_sync,645,1700199,,,,,,
marker_write,645,50900,,,,,,
marker_sync,645,1586700,,,,,,
append,646,3284199,,,,,,
encode,646,4100,,,,,,
data_write,646,52500,,,,,,
data_sync,646,1564800,,,,,,
marker_write,646,39800,,,,,,
marker_sync,646,1621399,,,,,,
append,647,3605499,,,,,,
encode,647,5500,,,,,,
data_write,647,46300,,,,,,
data_sync,647,1678300,,,,,,
marker_write,647,48100,,,,,,
marker_sync,647,1787899,,,,,,
append,648,3855699,,,,,,
encode,648,4700,,,,,,
data_write,648,52900,,,,,,
data_sync,648,1912500,,,,,,
marker_write,648,54200,,,,,,
marker_sync,648,1829199,,,,,,
append,649,3518899,,,,,,
encode,649,4700,,,,,,
data_write,649,49100,,,,,,
data_sync,649,1583500,,,,,,
marker_write,649,52200,,,,,,
marker_sync,649,1826799,,,,,,
append,650,3305699,,,,,,
encode,650,5300,,,,,,
data_write,650,111200,,,,,,
data_sync,650,1648200,,,,,,
marker_write,650,38700,,,,,,
marker_sync,650,1500499,,,,,,
append,651,3194699,,,,,,
encode,651,4300,,,,,,
data_write,651,46500,,,,,,
data_sync,651,1542300,,,,,,
marker_write,651,38700,,,,,,
marker_sync,651,1560999,,,,,,
append,652,3250999,,,,,,
encode,652,4900,,,,,,
data_write,652,63100,,,,,,
data_sync,652,1562500,,,,,,
marker_write,652,38500,,,,,,
marker_sync,652,1580199,,,,,,
append,653,3361699,,,,,,
encode,653,3700,,,,,,
data_write,653,49500,,,,,,
data_sync,653,1558200,,,,,,
marker_write,653,46600,,,,,,
marker_sync,653,1701199,,,,,,
append,654,3691799,,,,,,
encode,654,5100,,,,,,
data_write,654,58400,,,,,,
data_sync,654,1700100,,,,,,
marker_write,654,52600,,,,,,
marker_sync,654,1872799,,,,,,
append,655,3825899,,,,,,
encode,655,6000,,,,,,
data_write,655,59600,,,,,,
data_sync,655,1848600,,,,,,
marker_write,655,49800,,,,,,
marker_sync,655,1859099,,,,,,
append,656,4070199,,,,,,
encode,656,7000,,,,,,
data_write,656,68400,,,,,,
data_sync,656,1876300,,,,,,
marker_write,656,50000,,,,,,
marker_sync,656,2065199,,,,,,
append,657,3484199,,,,,,
encode,657,4600,,,,,,
data_write,657,61400,,,,,,
data_sync,657,1794500,,,,,,
marker_write,657,55300,,,,,,
marker_sync,657,1566299,,,,,,
append,658,3240999,,,,,,
encode,658,3800,,,,,,
data_write,658,49500,,,,,,
data_sync,658,1526000,,,,,,
marker_write,658,37800,,,,,,
marker_sync,658,1620799,,,,,,
append,659,3586299,,,,,,
encode,659,4400,,,,,,
data_write,659,50400,,,,,,
data_sync,659,1775100,,,,,,
marker_write,659,45100,,,,,,
marker_sync,659,1707299,,,,,,
append,660,3537699,,,,,,
encode,660,5900,,,,,,
data_write,660,69000,,,,,,
data_sync,660,1765100,,,,,,
marker_write,660,51500,,,,,,
marker_sync,660,1642799,,,,,,
append,661,3555799,,,,,,
encode,661,5500,,,,,,
data_write,661,49600,,,,,,
data_sync,661,1796700,,,,,,
marker_write,661,47100,,,,,,
marker_sync,661,1654999,,,,,,
append,662,3516699,,,,,,
encode,662,4700,,,,,,
data_write,662,51100,,,,,,
data_sync,662,1721900,,,,,,
marker_write,662,46300,,,,,,
marker_sync,662,1690699,,,,,,
append,663,3716699,,,,,,
encode,663,3900,,,,,,
data_write,663,50400,,,,,,
data_sync,663,1789500,,,,,,
marker_write,663,47200,,,,,,
marker_sync,663,1822799,,,,,,
append,664,3702799,,,,,,
encode,664,4300,,,,,,
data_write,664,50600,,,,,,
data_sync,664,1765100,,,,,,
marker_write,664,49000,,,,,,
marker_sync,664,1831099,,,,,,
append,665,3722499,,,,,,
encode,665,4500,,,,,,
data_write,665,64300,,,,,,
data_sync,665,1795000,,,,,,
marker_write,665,51900,,,,,,
marker_sync,665,1804399,,,,,,
append,666,3797899,,,,,,
encode,666,4300,,,,,,
data_write,666,67000,,,,,,
data_sync,666,1871900,,,,,,
marker_write,666,51900,,,,,,
marker_sync,666,1799799,,,,,,
append,667,3457999,,,,,,
encode,667,4700,,,,,,
data_write,667,53300,,,,,,
data_sync,667,1681900,,,,,,
marker_write,667,44900,,,,,,
marker_sync,667,1670799,,,,,,
append,668,3202099,,,,,,
encode,668,3700,,,,,,
data_write,668,46000,,,,,,
data_sync,668,1535100,,,,,,
marker_write,668,35500,,,,,,
marker_sync,668,1580299,,,,,,
append,669,3164299,,,,,,
encode,669,3300,,,,,,
data_write,669,42600,,,,,,
data_sync,669,1534700,,,,,,
marker_write,669,35100,,,,,,
marker_sync,669,1546699,,,,,,
append,670,3713099,,,,,,
encode,670,4900,,,,,,
data_write,670,56600,,,,,,
data_sync,670,1697000,,,,,,
marker_write,670,44400,,,,,,
marker_sync,670,1906799,,,,,,
append,671,3494799,,,,,,
encode,671,4300,,,,,,
data_write,671,53200,,,,,,
data_sync,671,1692200,,,,,,
marker_write,671,51100,,,,,,
marker_sync,671,1691099,,,,,,
append,672,3421500,,,,,,
encode,672,4400,,,,,,
data_write,672,51200,,,,,,
data_sync,672,1704400,,,,,,
marker_write,672,48300,,,,,,
marker_sync,672,1610700,,,,,,
append,673,3204399,,,,,,
encode,673,4000,,,,,,
data_write,673,46700,,,,,,
data_sync,673,1588699,,,,,,
marker_write,673,39900,,,,,,
marker_sync,673,1522800,,,,,,
append,674,3096999,,,,,,
encode,674,4400,,,,,,
data_write,674,45700,,,,,,
data_sync,674,1499199,,,,,,
marker_write,674,39400,,,,,,
marker_sync,674,1505900,,,,,,
append,675,3145699,,,,,,
encode,675,3900,,,,,,
data_write,675,47100,,,,,,
data_sync,675,1488999,,,,,,
marker_write,675,37400,,,,,,
marker_sync,675,1564900,,,,,,
append,676,3428599,,,,,,
encode,676,5300,,,,,,
data_write,676,77500,,,,,,
data_sync,676,1608799,,,,,,
marker_write,676,50500,,,,,,
marker_sync,676,1682400,,,,,,
append,677,4002799,,,,,,
encode,677,7900,,,,,,
data_write,677,71800,,,,,,
data_sync,677,1818699,,,,,,
marker_write,677,63200,,,,,,
marker_sync,677,2036500,,,,,,
append,678,3656899,,,,,,
encode,678,6900,,,,,,
data_write,678,80700,,,,,,
data_sync,678,1870399,,,,,,
marker_write,678,49000,,,,,,
marker_sync,678,1647200,,,,,,
append,679,3190599,,,,,,
encode,679,5100,,,,,,
data_write,679,60900,,,,,,
data_sync,679,1585299,,,,,,
marker_write,679,40800,,,,,,
marker_sync,679,1496300,,,,,,
append,680,3228399,,,,,,
encode,680,3500,,,,,,
data_write,680,49400,,,,,,
data_sync,680,1550599,,,,,,
marker_write,680,48500,,,,,,
marker_sync,680,1573800,,,,,,
append,681,3300999,,,,,,
encode,681,3900,,,,,,
data_write,681,53300,,,,,,
data_sync,681,1518500,,,,,,
marker_write,681,38100,,,,,,
marker_sync,681,1683499,,,,,,
append,682,3365299,,,,,,
encode,682,5300,,,,,,
data_write,682,69000,,,,,,
data_sync,682,1659200,,,,,,
marker_write,682,53600,,,,,,
marker_sync,682,1575699,,,,,,
append,683,3359699,,,,,,
encode,683,4500,,,,,,
data_write,683,60200,,,,,,
data_sync,683,1659100,,,,,,
marker_write,683,66200,,,,,,
marker_sync,683,1567599,,,,,,
append,684,3295499,,,,,,
encode,684,4200,,,,,,
data_write,684,54300,,,,,,
data_sync,684,1666800,,,,,,
marker_write,684,54700,,,,,,
marker_sync,684,1511399,,,,,,
append,685,3140199,,,,,,
encode,685,5500,,,,,,
data_write,685,60300,,,,,,
data_sync,685,1526800,,,,,,
marker_write,685,49600,,,,,,
marker_sync,685,1494899,,,,,,
append,686,3115100,,,,,,
encode,686,5600,,,,,,
data_write,686,48800,,,,,,
data_sync,686,1429200,,,,,,
marker_write,686,42900,,,,,,
marker_sync,686,1585700,,,,,,
append,687,4010398,,,,,,
encode,687,5500,,,,,,
data_write,687,63600,,,,,,
data_sync,687,1781499,,,,,,
marker_write,687,51200,,,,,,
marker_sync,687,2105799,,,,,,
append,688,3774999,,,,,,
encode,688,5200,,,,,,
data_write,688,77000,,,,,,
data_sync,688,1792200,,,,,,
marker_write,688,49200,,,,,,
marker_sync,688,1848199,,,,,,
append,689,3135900,,,,,,
encode,689,8100,,,,,,
data_write,689,75500,,,,,,
data_sync,689,1543800,,,,,,
marker_write,689,52300,,,,,,
marker_sync,689,1452800,,,,,,
append,690,3423399,,,,,,
encode,690,25300,,,,,,
data_write,690,51600,,,,,,
data_sync,690,1676199,,,,,,
marker_write,690,55200,,,,,,
marker_sync,690,1611800,,,,,,
append,691,4110098,,,,,,
encode,691,5400,,,,,,
data_write,691,69400,,,,,,
data_sync,691,2171499,,,,,,
marker_write,691,56700,,,,,,
marker_sync,691,1803199,,,,,,
append,692,3450299,,,,,,
encode,692,6000,,,,,,
data_write,692,73400,,,,,,
data_sync,692,1703100,,,,,,
marker_write,692,61500,,,,,,
marker_sync,692,1602899,,,,,,
append,693,3552699,,,,,,
encode,693,5500,,,,,,
data_write,693,70100,,,,,,
data_sync,693,1680200,,,,,,
marker_write,693,49300,,,,,,
marker_sync,693,1743999,,,,,,
append,694,3302000,,,,,,
encode,694,5800,,,,,,
data_write,694,60300,,,,,,
data_sync,694,1574500,,,,,,
marker_write,694,48800,,,,,,
marker_sync,694,1609500,,,,,,
append,695,3468999,,,,,,
encode,695,5700,,,,,,
data_write,695,69700,,,,,,
data_sync,695,1638499,,,,,,
marker_write,695,43700,,,,,,
marker_sync,695,1708600,,,,,,
append,696,3429999,,,,,,
encode,696,3900,,,,,,
data_write,696,55400,,,,,,
data_sync,696,1713699,,,,,,
marker_write,696,54000,,,,,,
marker_sync,696,1599800,,,,,,
append,697,3184199,,,,,,
encode,697,3700,,,,,,
data_write,697,49800,,,,,,
data_sync,697,1552299,,,,,,
marker_write,697,53600,,,,,,
marker_sync,697,1521600,,,,,,
append,698,3257599,,,,,,
encode,698,5000,,,,,,
data_write,698,104500,,,,,,
data_sync,698,1536299,,,,,,
marker_write,698,51300,,,,,,
marker_sync,698,1558000,,,,,,
append,699,3254999,,,,,,
encode,699,5500,,,,,,
data_write,699,61400,,,,,,
data_sync,699,1593599,,,,,,
marker_write,699,43400,,,,,,
marker_sync,699,1548400,,,,,,
append,700,3624599,,,,,,
encode,700,5500,,,,,,
data_write,700,58300,,,,,,
data_sync,700,1691799,,,,,,
marker_write,700,57400,,,,,,
marker_sync,700,1808600,,,,,,
append,701,3166799,,,,,,
encode,701,5700,,,,,,
data_write,701,73700,,,,,,
data_sync,701,1540899,,,,,,
marker_write,701,43500,,,,,,
marker_sync,701,1500700,,,,,,
append,702,3890999,,,,,,
encode,702,5400,,,,,,
data_write,702,63500,,,,,,
data_sync,702,1968399,,,,,,
marker_write,702,59500,,,,,,
marker_sync,702,1791500,,,,,,
append,703,3097599,,,,,,
encode,703,5400,,,,,,
data_write,703,71300,,,,,,
data_sync,703,1445200,,,,,,
marker_write,703,50500,,,,,,
marker_sync,703,1522699,,,,,,
append,704,3146699,,,,,,
encode,704,5700,,,,,,
data_write,704,54000,,,,,,
data_sync,704,1465900,,,,,,
marker_write,704,43900,,,,,,
marker_sync,704,1574699,,,,,,
append,705,3500899,,,,,,
encode,705,4200,,,,,,
data_write,705,65400,,,,,,
data_sync,705,1692100,,,,,,
marker_write,705,56900,,,,,,
marker_sync,705,1677999,,,,,,
append,706,3462399,,,,,,
encode,706,5700,,,,,,
data_write,706,66900,,,,,,
data_sync,706,1696400,,,,,,
marker_write,706,54300,,,,,,
marker_sync,706,1635599,,,,,,
append,707,3404899,,,,,,
encode,707,6100,,,,,,
data_write,707,77600,,,,,,
data_sync,707,1612300,,,,,,
marker_write,707,54100,,,,,,
marker_sync,707,1651399,,,,,,
append,708,3548799,,,,,,
encode,708,4700,,,,,,
data_write,708,69900,,,,,,
data_sync,708,1704700,,,,,,
marker_write,708,54600,,,,,,
marker_sync,708,1712099,,,,,,
append,709,3294299,,,,,,
encode,709,5700,,,,,,
data_write,709,68600,,,,,,
data_sync,709,1627000,,,,,,
marker_write,709,60400,,,,,,
marker_sync,709,1529599,,,,,,
append,710,3226900,,,,,,
encode,710,5500,,,,,,
data_write,710,62100,,,,,,
data_sync,710,1564100,,,,,,
marker_write,710,50000,,,,,,
marker_sync,710,1542500,,,,,,
append,711,3589999,,,,,,
encode,711,4200,,,,,,
data_write,711,53600,,,,,,
data_sync,711,1692899,,,,,,
marker_write,711,61000,,,,,,
marker_sync,711,1775100,,,,,,
append,712,3996798,,,,,,
encode,712,5500,,,,,,
data_write,712,61400,,,,,,
data_sync,712,1827699,,,,,,
marker_write,712,54500,,,,,,
marker_sync,712,2043999,,,,,,
append,713,3757399,,,,,,
encode,713,5200,,,,,,
data_write,713,64400,,,,,,
data_sync,713,1919500,,,,,,
marker_write,713,50900,,,,,,
marker_sync,713,1713699,,,,,,
append,714,3790799,,,,,,
encode,714,5400,,,,,,
data_write,714,58800,,,,,,
data_sync,714,1991300,,,,,,
marker_write,714,59300,,,,,,
marker_sync,714,1673199,,,,,,
append,715,3128699,,,,,,
encode,715,3800,,,,,,
data_write,715,53000,,,,,,
data_sync,715,1564200,,,,,,
marker_write,715,39000,,,,,,
marker_sync,715,1466799,,,,,,
append,716,3122500,,,,,,
encode,716,4000,,,,,,
data_write,716,49200,,,,,,
data_sync,716,1465100,,,,,,
marker_write,716,44400,,,,,,
marker_sync,716,1556900,,,,,,
append,717,3177599,,,,,,
encode,717,6000,,,,,,
data_write,717,63400,,,,,,
data_sync,717,1479699,,,,,,
marker_write,717,50900,,,,,,
marker_sync,717,1574500,,,,,,
append,718,3487399,,,,,,
encode,718,5000,,,,,,
data_write,718,69300,,,,,,
data_sync,718,1642599,,,,,,
marker_write,718,59400,,,,,,
marker_sync,718,1708200,,,,,,
append,719,3293299,,,,,,
encode,719,4600,,,,,,
data_write,719,54700,,,,,,
data_sync,719,1650999,,,,,,
marker_write,719,56900,,,,,,
marker_sync,719,1522300,,,,,,
append,720,3419899,,,,,,
encode,720,5200,,,,,,
data_write,720,69600,,,,,,
data_sync,720,1661399,,,,,,
marker_write,720,50300,,,,,,
marker_sync,720,1629400,,,,,,
append,721,3265699,,,,,,
encode,721,5600,,,,,,
data_write,721,68200,,,,,,
data_sync,721,1570199,,,,,,
marker_write,721,57300,,,,,,
marker_sync,721,1561900,,,,,,
append,722,3297699,,,,,,
encode,722,4800,,,,,,
data_write,722,68600,,,,,,
data_sync,722,1573400,,,,,,
marker_write,722,51999,,,,,,
marker_sync,722,1595600,,,,,,
append,723,3855499,,,,,,
encode,723,6000,,,,,,
data_write,723,75700,,,,,,
data_sync,723,1720400,,,,,,
marker_write,723,57000,,,,,,
marker_sync,723,1992999,,,,,,
append,724,3914999,,,,,,
encode,724,6200,,,,,,
data_write,724,64300,,,,,,
data_sync,724,1936399,,,,,,
marker_write,724,43100,,,,,,
marker_sync,724,1861500,,,,,,
append,725,3233399,,,,,,
encode,725,4500,,,,,,
data_write,725,58600,,,,,,
data_sync,725,1608499,,,,,,
marker_write,725,43100,,,,,,
marker_sync,725,1515200,,,,,,
append,726,3659499,,,,,,
encode,726,5300,,,,,,
data_write,726,61100,,,,,,
data_sync,726,1893499,,,,,,
marker_write,726,54600,,,,,,
marker_sync,726,1641700,,,,,,
append,727,3304999,,,,,,
encode,727,5600,,,,,,
data_write,727,59900,,,,,,
data_sync,727,1609699,,,,,,
marker_write,727,45400,,,,,,
marker_sync,727,1581200,,,,,,
append,728,3145199,,,,,,
encode,728,5300,,,,,,
data_write,728,66100,,,,,,
data_sync,728,1558600,,,,,,
marker_write,728,47100,,,,,,
marker_sync,728,1465799,,,,,,
append,729,3281599,,,,,,
encode,729,4800,,,,,,
data_write,729,51200,,,,,,
data_sync,729,1578200,,,,,,
marker_write,729,48100,,,,,,
marker_sync,729,1594499,,,,,,
append,730,3204399,,,,,,
encode,730,5700,,,,,,
data_write,730,70500,,,,,,
data_sync,730,1556000,,,,,,
marker_write,730,43200,,,,,,
marker_sync,730,1526399,,,,,,
append,731,2994700,,,,,,
encode,731,4600,,,,,,
data_write,731,51100,,,,,,
data_sync,731,1487400,,,,,,
marker_write,731,41900,,,,,,
marker_sync,731,1407700,,,,,,
append,732,3269599,,,,,,
encode,732,4500,,,,,,
data_write,732,55600,,,,,,
data_sync,732,1496099,,,,,,
marker_write,732,42400,,,,,,
marker_sync,732,1668500,,,,,,
append,733,3552499,,,,,,
encode,733,5500,,,,,,
data_write,733,64900,,,,,,
data_sync,733,1852199,,,,,,
marker_write,733,59900,,,,,,
marker_sync,733,1567100,,,,,,
append,734,3253699,,,,,,
encode,734,6700,,,,,,
data_write,734,56400,,,,,,
data_sync,734,1590799,,,,,,
marker_write,734,45300,,,,,,
marker_sync,734,1551200,,,,,,
append,735,3128299,,,,,,
encode,735,4900,,,,,,
data_write,735,66800,,,,,,
data_sync,735,1488899,,,,,,
marker_write,735,47400,,,,,,
marker_sync,735,1517500,,,,,,
append,736,3504399,,,,,,
encode,736,4600,,,,,,
data_write,736,77300,,,,,,
data_sync,736,1528699,,,,,,
marker_write,736,41300,,,,,,
marker_sync,736,1848800,,,,,,
append,737,3551499,,,,,,
encode,737,5200,,,,,,
data_write,737,60700,,,,,,
data_sync,737,1756099,,,,,,
marker_write,737,60600,,,,,,
marker_sync,737,1665400,,,,,,
append,738,3290699,,,,,,
encode,738,5100,,,,,,
data_write,738,57300,,,,,,
data_sync,738,1630199,,,,,,
marker_write,738,48200,,,,,,
marker_sync,738,1546900,,,,,,
append,739,3354699,,,,,,
encode,739,5700,,,,,,
data_write,739,50100,,,,,,
data_sync,739,1558700,,,,,,
marker_write,739,56600,,,,,,
marker_sync,739,1680999,,,,,,
append,740,4184399,,,,,,
encode,740,5100,,,,,,
data_write,740,67800,,,,,,
data_sync,740,1659600,,,,,,
marker_write,740,58100,,,,,,
marker_sync,740,2389499,,,,,,
append,741,3917799,,,,,,
encode,741,8000,,,,,,
data_write,741,119400,,,,,,
data_sync,741,2004399,,,,,,
marker_write,741,64000,,,,,,
marker_sync,741,1717000,,,,,,
append,742,3447999,,,,,,
encode,742,7300,,,,,,
data_write,742,83300,,,,,,
data_sync,742,1721499,,,,,,
marker_write,742,51400,,,,,,
marker_sync,742,1581100,,,,,,
append,743,3669899,,,,,,
encode,743,5300,,,,,,
data_write,743,76000,,,,,,
data_sync,743,1639299,,,,,,
marker_write,743,95500,,,,,,
marker_sync,743,1849900,,,,,,
append,744,4544999,,,,,,
encode,744,5200,,,,,,
data_write,744,75500,,,,,,
data_sync,744,1713399,,,,,,
marker_write,744,44000,,,,,,
marker_sync,744,2704100,,,,,,
append,745,3388399,,,,,,
encode,745,4100,,,,,,
data_write,745,59900,,,,,,
data_sync,745,1584199,,,,,,
marker_write,745,40300,,,,,,
marker_sync,745,1696800,,,,,,
append,746,3185899,,,,,,
encode,746,4000,,,,,,
data_write,746,57600,,,,,,
data_sync,746,1545399,,,,,,
marker_write,746,41600,,,,,,
marker_sync,746,1534900,,,,,,
append,747,3021699,,,,,,
encode,747,3500,,,,,,
data_write,747,49600,,,,,,
data_sync,747,1427899,,,,,,
marker_write,747,39800,,,,,,
marker_sync,747,1498600,,,,,,
append,748,3321699,,,,,,
encode,748,3800,,,,,,
data_write,748,60400,,,,,,
data_sync,748,1706699,,,,,,
marker_write,748,49500,,,,,,
marker_sync,748,1498600,,,,,,
append,749,3245599,,,,,,
encode,749,5300,,,,,,
data_write,749,62800,,,,,,
data_sync,749,1546899,,,,,,
marker_write,749,51000,,,,,,
marker_sync,749,1576800,,,,,,
append,750,3285099,,,,,,
encode,750,5400,,,,,,
data_write,750,64000,,,,,,
data_sync,750,1524500,,,,,,
marker_write,750,65100,,,,,,
marker_sync,750,1622199,,,,,,
append,751,3363599,,,,,,
encode,751,5800,,,,,,
data_write,751,67300,,,,,,
data_sync,751,1627700,,,,,,
marker_write,751,59200,,,,,,
marker_sync,751,1600699,,,,,,
append,752,3209099,,,,,,
encode,752,5200,,,,,,
data_write,752,69600,,,,,,
data_sync,752,1521500,,,,,,
marker_write,752,50100,,,,,,
marker_sync,752,1558499,,,,,,
append,753,3212399,,,,,,
encode,753,5400,,,,,,
data_write,753,66200,,,,,,
data_sync,753,1461000,,,,,,
marker_write,753,49200,,,,,,
marker_sync,753,1627799,,,,,,
append,754,3246399,,,,,,
encode,754,5700,,,,,,
data_write,754,63800,,,,,,
data_sync,754,1600000,,,,,,
marker_write,754,47900,,,,,,
marker_sync,754,1526199,,,,,,
append,755,3549600,,,,,,
encode,755,5500,,,,,,
data_write,755,62200,,,,,,
data_sync,755,1762500,,,,,,
marker_write,755,49300,,,,,,
marker_sync,755,1666500,,,,,,
append,756,3509899,,,,,,
encode,756,4000,,,,,,
data_write,756,59499,,,,,,
data_sync,756,1685700,,,,,,
marker_write,756,52500,,,,,,
marker_sync,756,1705800,,,,,,
append,757,3416799,,,,,,
encode,757,5500,,,,,,
data_write,757,68000,,,,,,
data_sync,757,1657299,,,,,,
marker_write,757,58400,,,,,,
marker_sync,757,1624500,,,,,,
append,758,3403599,,,,,,
encode,758,4900,,,,,,
data_write,758,58400,,,,,,
data_sync,758,1630999,,,,,,
marker_write,758,56900,,,,,,
marker_sync,758,1648500,,,,,,
append,759,3325099,,,,,,
encode,759,5200,,,,,,
data_write,759,64800,,,,,,
data_sync,759,1546699,,,,,,
marker_write,759,50500,,,,,,
marker_sync,759,1654000,,,,,,
append,760,3331999,,,,,,
encode,760,4700,,,,,,
data_write,760,63300,,,,,,
data_sync,760,1665799,,,,,,
marker_write,760,56300,,,,,,
marker_sync,760,1539000,,,,,,
append,761,3328499,,,,,,
encode,761,4100,,,,,,
data_write,761,53300,,,,,,
data_sync,761,1605799,,,,,,
marker_write,761,61200,,,,,,
marker_sync,761,1601800,,,,,,
append,762,3189199,,,,,,
encode,762,4900,,,,,,
data_write,762,56600,,,,,,
data_sync,762,1563699,,,,,,
marker_write,762,46600,,,,,,
marker_sync,762,1514700,,,,,,
append,763,3385799,,,,,,
encode,763,4200,,,,,,
data_write,763,64900,,,,,,
data_sync,763,1573000,,,,,,
marker_write,763,64299,,,,,,
marker_sync,763,1676300,,,,,,
append,764,3461999,,,,,,
encode,764,5400,,,,,,
data_write,764,65700,,,,,,
data_sync,764,1609800,,,,,,
marker_write,764,46700,,,,,,
marker_sync,764,1731499,,,,,,
append,765,3291899,,,,,,
encode,765,5200,,,,,,
data_write,765,67000,,,,,,
data_sync,765,1563900,,,,,,
marker_write,765,51000,,,,,,
marker_sync,765,1602599,,,,,,
append,766,3194499,,,,,,
encode,766,6500,,,,,,
data_write,766,74200,,,,,,
data_sync,766,1536700,,,,,,
marker_write,766,42500,,,,,,
marker_sync,766,1532099,,,,,,
append,767,3195199,,,,,,
encode,767,3800,,,,,,
data_write,767,54600,,,,,,
data_sync,767,1507100,,,,,,
marker_write,767,54800,,,,,,
marker_sync,767,1571399,,,,,,
append,768,3661099,,,,,,
encode,768,5200,,,,,,
data_write,768,64700,,,,,,
data_sync,768,1906800,,,,,,
marker_write,768,46200,,,,,,
marker_sync,768,1635099,,,,,,
append,769,3594999,,,,,,
encode,769,3700,,,,,,
data_write,769,59500,,,,,,
data_sync,769,1730400,,,,,,
marker_write,769,53100,,,,,,
marker_sync,769,1745299,,,,,,
append,770,3346699,,,,,,
encode,770,3600,,,,,,
data_write,770,51100,,,,,,
data_sync,770,1634100,,,,,,
marker_write,770,44500,,,,,,
marker_sync,770,1610699,,,,,,
append,771,3551199,,,,,,
encode,771,4800,,,,,,
data_write,771,60600,,,,,,
data_sync,771,1673500,,,,,,
marker_write,771,51200,,,,,,
marker_sync,771,1758399,,,,,,
append,772,3526199,,,,,,
encode,772,4100,,,,,,
data_write,772,52700,,,,,,
data_sync,772,1694000,,,,,,
marker_write,772,62300,,,,,,
marker_sync,772,1710399,,,,,,
append,773,3925799,,,,,,
encode,773,6200,,,,,,
data_write,773,61000,,,,,,
data_sync,773,1914300,,,,,,
marker_write,773,62200,,,,,,
marker_sync,773,1878199,,,,,,
append,774,4235499,,,,,,
encode,774,5100,,,,,,
data_write,774,61400,,,,,,
data_sync,774,1885900,,,,,,
marker_write,774,60300,,,,,,
marker_sync,774,2218799,,,,,,
append,775,3572999,,,,,,
encode,775,5900,,,,,,
data_write,775,69600,,,,,,
data_sync,775,1702100,,,,,,
marker_write,775,63600,,,,,,
marker_sync,775,1727799,,,,,,
append,776,3342899,,,,,,
encode,776,4700,,,,,,
data_write,776,53800,,,,,,
data_sync,776,1602200,,,,,,
marker_write,776,52000,,,,,,
marker_sync,776,1626499,,,,,,
append,777,3424899,,,,,,
encode,777,4400,,,,,,
data_write,777,64500,,,,,,
data_sync,777,1684300,,,,,,
marker_write,777,45300,,,,,,
marker_sync,777,1624299,,,,,,
append,778,3351899,,,,,,
encode,778,4300,,,,,,
data_write,778,53700,,,,,,
data_sync,778,1665100,,,,,,
marker_write,778,46500,,,,,,
marker_sync,778,1579099,,,,,,
append,779,3514199,,,,,,
encode,779,5900,,,,,,
data_write,779,65000,,,,,,
data_sync,779,1765200,,,,,,
marker_write,779,104100,,,,,,
marker_sync,779,1570699,,,,,,
append,780,3165399,,,,,,
encode,780,5400,,,,,,
data_write,780,51900,,,,,,
data_sync,780,1503500,,,,,,
marker_write,780,43600,,,,,,
marker_sync,780,1557399,,,,,,
append,781,3448600,,,,,,
encode,781,5000,,,,,,
data_write,781,69600,,,,,,
data_sync,781,1687600,,,,,,
marker_write,781,53600,,,,,,
marker_sync,781,1629900,,,,,,
append,782,3625599,,,,,,
encode,782,5700,,,,,,
data_write,782,69400,,,,,,
data_sync,782,1691099,,,,,,
marker_write,782,31800,,,,,,
marker_sync,782,1823800,,,,,,
append,783,3573399,,,,,,
encode,783,5200,,,,,,
data_write,783,77900,,,,,,
data_sync,783,1764999,,,,,,
marker_write,783,48400,,,,,,
marker_sync,783,1673800,,,,,,
append,784,3874298,,,,,,
encode,784,6000,,,,,,
data_write,784,68900,,,,,,
data_sync,784,1835199,,,,,,
marker_write,784,54800,,,,,,
marker_sync,784,1906399,,,,,,
append,785,3441699,,,,,,
encode,785,8000,,,,,,
data_write,785,74900,,,,,,
data_sync,785,1730400,,,,,,
marker_write,785,60200,,,,,,
marker_sync,785,1564799,,,,,,
append,786,3296500,,,,,,
encode,786,5500,,,,,,
data_write,786,60000,,,,,,
data_sync,786,1615000,,,,,,
marker_write,786,50000,,,,,,
marker_sync,786,1562000,,,,,,
append,787,3540099,,,,,,
encode,787,4200,,,,,,
data_write,787,57400,,,,,,
data_sync,787,1819499,,,,,,
marker_write,787,111200,,,,,,
marker_sync,787,1544700,,,,,,
append,788,3446799,,,,,,
encode,788,4300,,,,,,
data_write,788,55900,,,,,,
data_sync,788,1678099,,,,,,
marker_write,788,63200,,,,,,
marker_sync,788,1642000,,,,,,
append,789,3620299,,,,,,
encode,789,6200,,,,,,
data_write,789,72400,,,,,,
data_sync,789,1739999,,,,,,
marker_write,789,49100,,,,,,
marker_sync,789,1749700,,,,,,
append,790,3224399,,,,,,
encode,790,5000,,,,,,
data_write,790,55400,,,,,,
data_sync,790,1534099,,,,,,
marker_write,790,53700,,,,,,
marker_sync,790,1573400,,,,,,
append,791,3460899,,,,,,
encode,791,5100,,,,,,
data_write,791,109800,,,,,,
data_sync,791,1581399,,,,,,
marker_write,791,53200,,,,,,
marker_sync,791,1708000,,,,,,
append,792,3745099,,,,,,
encode,792,6200,,,,,,
data_write,792,85000,,,,,,
data_sync,792,1956299,,,,,,
marker_write,792,59300,,,,,,
marker_sync,792,1635600,,,,,,
append,793,3512799,,,,,,
encode,793,5500,,,,,,
data_write,793,67000,,,,,,
data_sync,793,1712099,,,,,,
marker_write,793,49100,,,,,,
marker_sync,793,1675500,,,,,,
append,794,3665799,,,,,,
encode,794,4500,,,,,,
data_write,794,67500,,,,,,
data_sync,794,1747899,,,,,,
marker_write,794,53800,,,,,,
marker_sync,794,1789100,,,,,,
append,795,3361299,,,,,,
encode,795,5700,,,,,,
data_write,795,77600,,,,,,
data_sync,795,1681999,,,,,,
marker_write,795,42300,,,,,,
marker_sync,795,1550200,,,,,,
append,796,3467899,,,,,,
encode,796,5800,,,,,,
data_write,796,68000,,,,,,
data_sync,796,1675499,,,,,,
marker_write,796,48900,,,,,,
marker_sync,796,1666700,,,,,,
append,797,3329099,,,,,,
encode,797,5000,,,,,,
data_write,797,71100,,,,,,
data_sync,797,1582999,,,,,,
marker_write,797,52200,,,,,,
marker_sync,797,1615500,,,,,,
append,798,3279799,,,,,,
encode,798,4700,,,,,,
data_write,798,59500,,,,,,
data_sync,798,1621799,,,,,,
marker_write,798,53500,,,,,,
marker_sync,798,1537400,,,,,,
append,799,3566499,,,,,,
encode,799,4300,,,,,,
data_write,799,64300,,,,,,
data_sync,799,1667100,,,,,,
marker_write,799,50299,,,,,,
marker_sync,799,1777800,,,,,,
append,800,3614699,,,,,,
encode,800,5400,,,,,,
data_write,800,73100,,,,,,
data_sync,800,1718899,,,,,,
marker_write,800,49900,,,,,,
marker_sync,800,1764800,,,,,,
append,801,3529899,,,,,,
encode,801,5300,,,,,,
data_write,801,72600,,,,,,
data_sync,801,1744799,,,,,,
marker_write,801,58300,,,,,,
marker_sync,801,1645300,,,,,,
append,802,3771399,,,,,,
encode,802,4900,,,,,,
data_write,802,56000,,,,,,
data_sync,802,1704100,,,,,,
marker_write,802,41900,,,,,,
marker_sync,802,1961399,,,,,,
append,803,8790298,,,,,,
encode,803,5800,,,,,,
data_write,803,87900,,,,,,
data_sync,803,6792898,,,,,,
marker_write,803,63800,,,,,,
marker_sync,803,1836800,,,,,,
append,804,3463699,,,,,,
encode,804,5400,,,,,,
data_write,804,68399,,,,,,
data_sync,804,1628300,,,,,,
marker_write,804,49800,,,,,,
marker_sync,804,1709000,,,,,,
append,805,3572999,,,,,,
encode,805,5300,,,,,,
data_write,805,59400,,,,,,
data_sync,805,1649899,,,,,,
marker_write,805,57500,,,,,,
marker_sync,805,1796400,,,,,,
append,806,3365199,,,,,,
encode,806,5500,,,,,,
data_write,806,69600,,,,,,
data_sync,806,1646399,,,,,,
marker_write,806,62400,,,,,,
marker_sync,806,1577600,,,,,,
append,807,3207999,,,,,,
encode,807,4800,,,,,,
data_write,807,64100,,,,,,
data_sync,807,1551099,,,,,,
marker_write,807,50400,,,,,,
marker_sync,807,1534600,,,,,,
append,808,3189399,,,,,,
encode,808,4700,,,,,,
data_write,808,57300,,,,,,
data_sync,808,1519899,,,,,,
marker_write,808,60400,,,,,,
marker_sync,808,1544500,,,,,,
append,809,3242899,,,,,,
encode,809,5000,,,,,,
data_write,809,58200,,,,,,
data_sync,809,1515699,,,,,,
marker_write,809,51500,,,,,,
marker_sync,809,1609000,,,,,,
append,810,3264099,,,,,,
encode,810,5700,,,,,,
data_write,810,66500,,,,,,
data_sync,810,1601299,,,,,,
marker_write,810,50500,,,,,,
marker_sync,810,1536700,,,,,,
append,811,3288799,,,,,,
encode,811,6400,,,,,,
data_write,811,54100,,,,,,
data_sync,811,1598800,,,,,,
marker_write,811,22900,,,,,,
marker_sync,811,1604099,,,,,,
append,812,3230299,,,,,,
encode,812,4700,,,,,,
data_write,812,51100,,,,,,
data_sync,812,1607200,,,,,,
marker_write,812,42800,,,,,,
marker_sync,812,1522399,,,,,,
append,813,3966499,,,,,,
encode,813,4000,,,,,,
data_write,813,48000,,,,,,
data_sync,813,2115900,,,,,,
marker_write,813,67000,,,,,,
marker_sync,813,1727899,,,,,,
append,814,3600299,,,,,,
encode,814,4400,,,,,,
data_write,814,62700,,,,,,
data_sync,814,1822100,,,,,,
marker_write,814,44000,,,,,,
marker_sync,814,1664099,,,,,,
append,815,3314199,,,,,,
encode,815,4700,,,,,,
data_write,815,61200,,,,,,
data_sync,815,1615800,,,,,,
marker_write,815,45100,,,,,,
marker_sync,815,1585199,,,,,,
append,816,3376799,,,,,,
encode,816,4100,,,,,,
data_write,816,48000,,,,,,
data_sync,816,1670900,,,,,,
marker_write,816,40500,,,,,,
marker_sync,816,1611099,,,,,,
append,817,3587499,,,,,,
encode,817,3800,,,,,,
data_write,817,51100,,,,,,
data_sync,817,1702700,,,,,,
marker_write,817,60400,,,,,,
marker_sync,817,1765999,,,,,,
append,818,3581799,,,,,,
encode,818,6000,,,,,,
data_write,818,75700,,,,,,
data_sync,818,1809100,,,,,,
marker_write,818,49500,,,,,,
marker_sync,818,1638899,,,,,,
append,819,3419299,,,,,,
encode,819,3800,,,,,,
data_write,819,60200,,,,,,
data_sync,819,1673300,,,,,,
marker_write,819,54600,,,,,,
marker_sync,819,1625099,,,,,,
append,820,3422499,,,,,,
encode,820,3900,,,,,,
data_write,820,55300,,,,,,
data_sync,820,1637000,,,,,,
marker_write,820,41900,,,,,,
marker_sync,820,1682199,,,,,,
append,821,3331499,,,,,,
encode,821,4700,,,,,,
data_write,821,57000,,,,,,
data_sync,821,1583300,,,,,,
marker_write,821,38900,,,,,,
marker_sync,821,1644899,,,,,,
append,822,3415899,,,,,,
encode,822,4500,,,,,,
data_write,822,61200,,,,,,
data_sync,822,1678800,,,,,,
marker_write,822,55200,,,,,,
marker_sync,822,1614199,,,,,,
append,823,3250800,,,,,,
encode,823,4200,,,,,,
data_write,823,58000,,,,,,
data_sync,823,1603300,,,,,,
marker_write,823,40800,,,,,,
marker_sync,823,1542800,,,,,,
append,824,3285699,,,,,,
encode,824,3500,,,,,,
data_write,824,55200,,,,,,
data_sync,824,1626499,,,,,,
marker_write,824,50800,,,,,,
marker_sync,824,1547700,,,,,,
append,825,3502799,,,,,,
encode,825,4200,,,,,,
data_write,825,49600,,,,,,
data_sync,825,1632899,,,,,,
marker_write,825,48100,,,,,,
marker_sync,825,1765800,,,,,,
append,826,3408199,,,,,,
encode,826,3600,,,,,,
data_write,826,58800,,,,,,
data_sync,826,1537599,,,,,,
marker_write,826,41300,,,,,,
marker_sync,826,1764100,,,,,,
append,827,3932899,,,,,,
encode,827,5400,,,,,,
data_write,827,64800,,,,,,
data_sync,827,1945499,,,,,,
marker_write,827,57900,,,,,,
marker_sync,827,1856500,,,,,,
append,828,3629899,,,,,,
encode,828,4400,,,,,,
data_write,828,54000,,,,,,
data_sync,828,1733299,,,,,,
marker_write,828,52300,,,,,,
marker_sync,828,1782100,,,,,,
append,829,3351599,,,,,,
encode,829,6200,,,,,,
data_write,829,65300,,,,,,
data_sync,829,1616999,,,,,,
marker_write,829,50300,,,,,,
marker_sync,829,1610600,,,,,,
append,830,3296499,,,,,,
encode,830,4600,,,,,,
data_write,830,56600,,,,,,
data_sync,830,1631299,,,,,,
marker_write,830,44200,,,,,,
marker_sync,830,1557100,,,,,,
append,831,4209799,,,,,,
encode,831,7500,,,,,,
data_write,831,80100,,,,,,
data_sync,831,2043199,,,,,,
marker_write,831,65900,,,,,,
marker_sync,831,2010500,,,,,,
append,832,3693299,,,,,,
encode,832,5200,,,,,,
data_write,832,58600,,,,,,
data_sync,832,1828799,,,,,,
marker_write,832,54000,,,,,,
marker_sync,832,1743700,,,,,,
append,833,3691099,,,,,,
encode,833,3800,,,,,,
data_write,833,63100,,,,,,
data_sync,833,1817599,,,,,,
marker_write,833,47200,,,,,,
marker_sync,833,1756700,,,,,,
append,834,3509099,,,,,,
encode,834,5500,,,,,,
data_write,834,64100,,,,,,
data_sync,834,1705399,,,,,,
marker_write,834,52100,,,,,,
marker_sync,834,1679300,,,,,,
append,835,3716499,,,,,,
encode,835,4400,,,,,,
data_write,835,65500,,,,,,
data_sync,835,1768999,,,,,,
marker_write,835,57900,,,,,,
marker_sync,835,1815800,,,,,,
append,836,3758198,,,,,,
encode,836,4800,,,,,,
data_write,836,68200,,,,,,
data_sync,836,1783899,,,,,,
marker_write,836,60700,,,,,,
marker_sync,836,1836699,,,,,,
append,837,3781099,,,,,,
encode,837,5800,,,,,,
data_write,837,74500,,,,,,
data_sync,837,1864600,,,,,,
marker_write,837,60800,,,,,,
marker_sync,837,1772099,,,,,,
append,838,3656299,,,,,,
encode,838,5100,,,,,,
data_write,838,70700,,,,,,
data_sync,838,1678800,,,,,,
marker_write,838,60600,,,,,,
marker_sync,838,1838399,,,,,,
append,839,3893499,,,,,,
encode,839,4600,,,,,,
data_write,839,60500,,,,,,
data_sync,839,2013200,,,,,,
marker_write,839,61800,,,,,,
marker_sync,839,1750599,,,,,,
append,840,3375999,,,,,,
encode,840,4600,,,,,,
data_write,840,58200,,,,,,
data_sync,840,1628500,,,,,,
marker_write,840,43100,,,,,,
marker_sync,840,1639199,,,,,,
append,841,3373999,,,,,,
encode,841,4400,,,,,,
data_write,841,49900,,,,,,
data_sync,841,1640600,,,,,,
marker_write,841,40400,,,,,,
marker_sync,841,1636199,,,,,,
append,842,3362600,,,,,,
encode,842,3900,,,,,,
data_write,842,58600,,,,,,
data_sync,842,1590600,,,,,,
marker_write,842,50300,,,,,,
marker_sync,842,1657100,,,,,,
append,843,3277199,,,,,,
encode,843,4300,,,,,,
data_write,843,51699,,,,,,
data_sync,843,1620900,,,,,,
marker_write,843,39500,,,,,,
marker_sync,843,1557600,,,,,,
append,844,3939899,,,,,,
encode,844,5700,,,,,,
data_write,844,63100,,,,,,
data_sync,844,1842499,,,,,,
marker_write,844,58800,,,,,,
marker_sync,844,1966400,,,,,,
append,845,3737498,,,,,,
encode,845,4699,,,,,,
data_write,845,63500,,,,,,
data_sync,845,1790100,,,,,,
marker_write,845,55500,,,,,,
marker_sync,845,1821099,,,,,,
append,846,3482999,,,,,,
encode,846,4700,,,,,,
data_write,846,58600,,,,,,
data_sync,846,1627100,,,,,,
marker_write,846,53200,,,,,,
marker_sync,846,1736999,,,,,,
append,847,3394300,,,,,,
encode,847,5000,,,,,,
data_write,847,60300,,,,,,
data_sync,847,1744800,,,,,,
marker_write,847,44300,,,,,,
marker_sync,847,1537500,,,,,,
append,848,3721399,,,,,,
encode,848,5600,,,,,,
data_write,848,65100,,,,,,
data_sync,848,1735999,,,,,,
marker_write,848,64300,,,,,,
marker_sync,848,1846400,,,,,,
append,849,3407699,,,,,,
encode,849,5000,,,,,,
data_write,849,71799,,,,,,
data_sync,849,1719100,,,,,,
marker_write,849,50200,,,,,,
marker_sync,849,1559000,,,,,,
append,850,3142899,,,,,,
encode,850,5200,,,,,,
data_write,850,55500,,,,,,
data_sync,850,1528899,,,,,,
marker_write,850,52000,,,,,,
marker_sync,850,1498800,,,,,,
append,851,3145399,,,,,,
encode,851,4500,,,,,,
data_write,851,55700,,,,,,
data_sync,851,1511499,,,,,,
marker_write,851,46600,,,,,,
marker_sync,851,1524400,,,,,,
append,852,3256199,,,,,,
encode,852,4800,,,,,,
data_write,852,58000,,,,,,
data_sync,852,1548499,,,,,,
marker_write,852,49700,,,,,,
marker_sync,852,1592700,,,,,,
append,853,3318199,,,,,,
encode,853,5600,,,,,,
data_write,853,55300,,,,,,
data_sync,853,1628799,,,,,,
marker_write,853,51400,,,,,,
marker_sync,853,1574400,,,,,,
append,854,3544599,,,,,,
encode,854,7000,,,,,,
data_write,854,61900,,,,,,
data_sync,854,1690999,,,,,,
marker_write,854,60800,,,,,,
marker_sync,854,1720700,,,,,,
append,855,3439199,,,,,,
encode,855,6100,,,,,,
data_write,855,68400,,,,,,
data_sync,855,1702900,,,,,,
marker_write,855,48699,,,,,,
marker_sync,855,1610700,,,,,,
append,856,3009099,,,,,,
encode,856,4300,,,,,,
data_write,856,54200,,,,,,
data_sync,856,1435100,,,,,,
marker_write,856,43000,,,,,,
marker_sync,856,1470299,,,,,,
append,857,3436899,,,,,,
encode,857,4600,,,,,,
data_write,857,58700,,,,,,
data_sync,857,1606100,,,,,,
marker_write,857,46900,,,,,,
marker_sync,857,1717399,,,,,,
append,858,3556299,,,,,,
encode,858,5700,,,,,,
data_write,858,84900,,,,,,
data_sync,858,1592900,,,,,,
marker_write,858,67800,,,,,,
marker_sync,858,1802099,,,,,,
append,859,3394999,,,,,,
encode,859,4800,,,,,,
data_write,859,59000,,,,,,
data_sync,859,1682100,,,,,,
marker_write,859,43500,,,,,,
marker_sync,859,1603399,,,,,,
append,860,3401199,,,,,,
encode,860,4900,,,,,,
data_write,860,51100,,,,,,
data_sync,860,1636200,,,,,,
marker_write,860,41200,,,,,,
marker_sync,860,1665099,,,,,,
append,861,3573199,,,,,,
encode,861,12000,,,,,,
data_write,861,90300,,,,,,
data_sync,861,1742200,,,,,,
marker_write,861,47800,,,,,,
marker_sync,861,1677999,,,,,,
append,862,4346999,,,,,,
encode,862,3900,,,,,,
data_write,862,49700,,,,,,
data_sync,862,2328900,,,,,,
marker_write,862,55600,,,,,,
marker_sync,862,1905099,,,,,,
append,863,3940299,,,,,,
encode,863,6500,,,,,,
data_write,863,79800,,,,,,
data_sync,863,1855400,,,,,,
marker_write,863,68500,,,,,,
marker_sync,863,1924599,,,,,,
append,864,3672299,,,,,,
encode,864,9000,,,,,,
data_write,864,88400,,,,,,
data_sync,864,1810200,,,,,,
marker_write,864,63800,,,,,,
marker_sync,864,1696999,,,,,,
append,865,3395299,,,,,,
encode,865,5100,,,,,,
data_write,865,67900,,,,,,
data_sync,865,1649700,,,,,,
marker_write,865,54700,,,,,,
marker_sync,865,1614899,,,,,,
append,866,3337099,,,,,,
encode,866,5300,,,,,,
data_write,866,59800,,,,,,
data_sync,866,1616400,,,,,,
marker_write,866,57400,,,,,,
marker_sync,866,1595499,,,,,,
append,867,3587099,,,,,,
encode,867,5600,,,,,,
data_write,867,66400,,,,,,
data_sync,867,1842200,,,,,,
marker_write,867,58300,,,,,,
marker_sync,867,1610899,,,,,,
append,868,3334299,,,,,,
encode,868,5500,,,,,,
data_write,868,63600,,,,,,
data_sync,868,1613300,,,,,,
marker_write,868,55600,,,,,,
marker_sync,868,1593699,,,,,,
append,869,3298299,,,,,,
encode,869,5400,,,,,,
data_write,869,62400,,,,,,
data_sync,869,1589500,,,,,,
marker_write,869,57100,,,,,,
marker_sync,869,1581399,,,,,,
append,870,3221299,,,,,,
encode,870,5500,,,,,,
data_write,870,59900,,,,,,
data_sync,870,1566700,,,,,,
marker_write,870,49500,,,,,,
marker_sync,870,1534599,,,,,,
append,871,3300200,,,,,,
encode,871,5600,,,,,,
data_write,871,68400,,,,,,
data_sync,871,1584100,,,,,,
marker_write,871,54800,,,,,,
marker_sync,871,1583500,,,,,,
append,872,3206899,,,,,,
encode,872,6000,,,,,,
data_write,872,64899,,,,,,
data_sync,872,1517300,,,,,,
marker_write,872,48300,,,,,,
marker_sync,872,1567200,,,,,,
append,873,3211499,,,,,,
encode,873,4700,,,,,,
data_write,873,64400,,,,,,
data_sync,873,1566899,,,,,,
marker_write,873,53600,,,,,,
marker_sync,873,1519500,,,,,,
append,874,3336199,,,,,,
encode,874,4600,,,,,,
data_write,874,59200,,,,,,
data_sync,874,1545499,,,,,,
marker_write,874,54600,,,,,,
marker_sync,874,1669500,,,,,,
append,875,3575799,,,,,,
encode,875,4900,,,,,,
data_write,875,70900,,,,,,
data_sync,875,1688499,,,,,,
marker_write,875,50200,,,,,,
marker_sync,875,1758500,,,,,,
append,876,3438799,,,,,,
encode,876,7000,,,,,,
data_write,876,97700,,,,,,
data_sync,876,1655699,,,,,,
marker_write,876,55500,,,,,,
marker_sync,876,1620000,,,,,,
append,877,3223599,,,,,,
encode,877,4500,,,,,,
data_write,877,53500,,,,,,
data_sync,877,1545999,,,,,,
marker_write,877,53300,,,,,,
marker_sync,877,1563800,,,,,,
append,878,3489999,,,,,,
encode,878,4300,,,,,,
data_write,878,49300,,,,,,
data_sync,878,1815999,,,,,,
marker_write,878,38900,,,,,,
marker_sync,878,1579200,,,,,,
append,879,3299399,,,,,,
encode,879,3700,,,,,,
data_write,879,46200,,,,,,
data_sync,879,1593600,,,,,,
marker_write,879,51599,,,,,,
marker_sync,879,1601600,,,,,,
append,880,3473999,,,,,,
encode,880,4300,,,,,,
data_write,880,65700,,,,,,
data_sync,880,1701500,,,,,,
marker_write,880,48700,,,,,,
marker_sync,880,1651099,,,,,,
append,881,3429799,,,,,,
encode,881,4800,,,,,,
data_write,881,52500,,,,,,
data_sync,881,1662100,,,,,,
marker_write,881,58500,,,,,,
marker_sync,881,1648699,,,,,,
append,882,3289599,,,,,,
encode,882,5600,,,,,,
data_write,882,78500,,,,,,
data_sync,882,1570800,,,,,,
marker_write,882,41000,,,,,,
marker_sync,882,1591299,,,,,,
append,883,3205399,,,,,,
encode,883,5500,,,,,,
data_write,883,62200,,,,,,
data_sync,883,1505300,,,,,,
marker_write,883,39600,,,,,,
marker_sync,883,1590899,,,,,,
append,884,3273199,,,,,,
encode,884,3400,,,,,,
data_write,884,53800,,,,,,
data_sync,884,1591300,,,,,,
marker_write,884,38000,,,,,,
marker_sync,884,1584199,,,,,,
append,885,3881899,,,,,,
encode,885,6600,,,,,,
data_write,885,63100,,,,,,
data_sync,885,1865400,,,,,,
marker_write,885,51000,,,,,,
marker_sync,885,1892399,,,,,,
append,886,4015899,,,,,,
encode,886,5700,,,,,,
data_write,886,121000,,,,,,
data_sync,886,2025500,,,,,,
marker_write,886,68200,,,,,,
marker_sync,886,1791799,,,,,,
append,887,3547999,,,,,,
encode,887,4500,,,,,,
data_write,887,67300,,,,,,
data_sync,887,1775500,,,,,,
marker_write,887,47400,,,,,,
marker_sync,887,1650799,,,,,,
append,888,3350999,,,,,,
encode,888,4400,,,,,,
data_write,888,55300,,,,,,
data_sync,888,1635500,,,,,,
marker_write,888,45400,,,,,,
marker_sync,888,1608299,,,,,,
append,889,3547599,,,,,,
encode,889,4200,,,,,,
data_write,889,53800,,,,,,
data_sync,889,1728500,,,,,,
marker_write,889,65900,,,,,,
marker_sync,889,1692299,,,,,,
append,890,3602799,,,,,,
encode,890,5700,,,,,,
data_write,890,68000,,,,,,
data_sync,890,1710800,,,,,,
marker_write,890,53500,,,,,,
marker_sync,890,1761799,,,,,,
append,891,3531199,,,,,,
encode,891,4900,,,,,,
data_write,891,61800,,,,,,
data_sync,891,1666800,,,,,,
marker_write,891,58800,,,,,,
marker_sync,891,1735399,,,,,,
append,892,3235899,,,,,,
encode,892,5400,,,,,,
data_write,892,63900,,,,,,
data_sync,892,1545200,,,,,,
marker_write,892,49600,,,,,,
marker_sync,892,1569299,,,,,,
append,893,3352499,,,,,,
encode,893,4300,,,,,,
data_write,893,49100,,,,,,
data_sync,893,1574800,,,,,,
marker_write,893,39700,,,,,,
marker_sync,893,1681399,,,,,,
append,894,3557599,,,,,,
encode,894,5800,,,,,,
data_write,894,69100,,,,,,
data_sync,894,1737100,,,,,,
marker_write,894,64600,,,,,,
marker_sync,894,1677899,,,,,,
append,895,3441500,,,,,,
encode,895,5800,,,,,,
data_write,895,65600,,,,,,
data_sync,895,1660400,,,,,,
marker_write,895,53900,,,,,,
marker_sync,895,1652700,,,,,,
append,896,3254699,,,,,,
encode,896,7500,,,,,,
data_write,896,68500,,,,,,
data_sync,896,1590399,,,,,,
marker_write,896,46100,,,,,,
marker_sync,896,1539400,,,,,,
append,897,3212499,,,,,,
encode,897,4400,,,,,,
data_write,897,63000,,,,,,
data_sync,897,1483499,,,,,,
marker_write,897,50400,,,,,,
marker_sync,897,1608200,,,,,,
append,898,3423199,,,,,,
encode,898,6200,,,,,,
data_write,898,63400,,,,,,
data_sync,898,1555799,,,,,,
marker_write,898,56100,,,,,,
marker_sync,898,1738300,,,,,,
append,899,3226599,,,,,,
encode,899,4400,,,,,,
data_write,899,54400,,,,,,
data_sync,899,1585499,,,,,,
marker_write,899,44000,,,,,,
marker_sync,899,1535400,,,,,,
append,900,3215799,,,,,,
encode,900,3800,,,,,,
data_write,900,90100,,,,,,
data_sync,900,1537199,,,,,,
marker_write,900,42500,,,,,,
marker_sync,900,1539700,,,,,,
append,901,3191099,,,,,,
encode,901,3700,,,,,,
data_write,901,54000,,,,,,
data_sync,901,1542200,,,,,,
marker_write,901,41800,,,,,,
marker_sync,901,1546999,,,,,,
append,902,3560899,,,,,,
encode,902,4400,,,,,,
data_write,902,49700,,,,,,
data_sync,902,1922800,,,,,,
marker_write,902,55600,,,,,,
marker_sync,902,1526099,,,,,,
append,903,3636899,,,,,,
encode,903,4400,,,,,,
data_write,903,55100,,,,,,
data_sync,903,1621600,,,,,,
marker_write,903,61800,,,,,,
marker_sync,903,1890099,,,,,,
append,904,4054299,,,,,,
encode,904,6200,,,,,,
data_write,904,70200,,,,,,
data_sync,904,2030300,,,,,,
marker_write,904,70999,,,,,,
marker_sync,904,1873200,,,,,,
append,905,3602899,,,,,,
encode,905,6400,,,,,,
data_write,905,82500,,,,,,
data_sync,905,1745799,,,,,,
marker_write,905,60900,,,,,,
marker_sync,905,1701400,,,,,,
append,906,3167799,,,,,,
encode,906,9800,,,,,,
data_write,906,83000,,,,,,
data_sync,906,1552500,,,,,,
marker_write,906,49599,,,,,,
marker_sync,906,1469500,,,,,,
append,907,3078899,,,,,,
encode,907,4400,,,,,,
data_write,907,58700,,,,,,
data_sync,907,1469700,,,,,,
marker_write,907,46500,,,,,,
marker_sync,907,1496899,,,,,,
append,908,3151999,,,,,,
encode,908,4600,,,,,,
data_write,908,54700,,,,,,
data_sync,908,1615700,,,,,,
marker_write,908,43800,,,,,,
marker_sync,908,1430599,,,,,,
append,909,3035700,,,,,,
encode,909,4900,,,,,,
data_write,909,55100,,,,,,
data_sync,909,1449400,,,,,,
marker_write,909,50400,,,,,,
marker_sync,909,1472400,,,,,,
append,910,3504899,,,,,,
encode,910,4900,,,,,,
data_write,910,60299,,,,,,
data_sync,910,1603200,,,,,,
marker_write,910,53500,,,,,,
marker_sync,910,1778800,,,,,,
append,911,3006999,,,,,,
encode,911,5500,,,,,,
data_write,911,68700,,,,,,
data_sync,911,1460799,,,,,,
marker_write,911,51500,,,,,,
marker_sync,911,1418000,,,,,,
append,912,2997699,,,,,,
encode,912,5300,,,,,,
data_write,912,57700,,,,,,
data_sync,912,1451299,,,,,,
marker_write,912,49200,,,,,,
marker_sync,912,1431500,,,,,,
append,913,3322699,,,,,,
encode,913,5700,,,,,,
data_write,913,66900,,,,,,
data_sync,913,1689399,,,,,,
marker_write,913,47800,,,,,,
marker_sync,913,1509500,,,,,,
append,914,3283399,,,,,,
encode,914,3700,,,,,,
data_write,914,66100,,,,,,
data_sync,914,1684599,,,,,,
marker_write,914,44100,,,,,,
marker_sync,914,1482700,,,,,,
append,915,3068699,,,,,,
encode,915,3900,,,,,,
data_write,915,52300,,,,,,
data_sync,915,1477300,,,,,,
marker_write,915,43300,,,,,,
marker_sync,915,1489799,,,,,,
append,916,3080399,,,,,,
encode,916,5100,,,,,,
data_write,916,63900,,,,,,
data_sync,916,1471500,,,,,,
marker_write,916,48600,,,,,,
marker_sync,916,1488999,,,,,,
append,917,4153099,,,,,,
encode,917,4900,,,,,,
data_write,917,55100,,,,,,
data_sync,917,2070200,,,,,,
marker_write,917,53700,,,,,,
marker_sync,917,1964999,,,,,,
append,918,3135199,,,,,,
encode,918,5700,,,,,,
data_write,918,70300,,,,,,
data_sync,918,1592800,,,,,,
marker_write,918,42800,,,,,,
marker_sync,918,1421199,,,,,,
append,919,3046799,,,,,,
encode,919,4300,,,,,,
data_write,919,50700,,,,,,
data_sync,919,1471200,,,,,,
marker_write,919,50200,,,,,,
marker_sync,919,1467699,,,,,,
append,920,3303900,,,,,,
encode,920,4000,,,,,,
data_write,920,52000,,,,,,
data_sync,920,1515000,,,,,,
marker_write,920,52000,,,,,,
marker_sync,920,1678300,,,,,,
append,921,3312399,,,,,,
encode,921,5600,,,,,,
data_write,921,61499,,,,,,
data_sync,921,1586100,,,,,,
marker_write,921,51100,,,,,,
marker_sync,921,1605700,,,,,,
append,922,3421099,,,,,,
encode,922,5500,,,,,,
data_write,922,64800,,,,,,
data_sync,922,1624399,,,,,,
marker_write,922,44300,,,,,,
marker_sync,922,1679200,,,,,,
append,923,3799899,,,,,,
encode,923,5500,,,,,,
data_write,923,62700,,,,,,
data_sync,923,1876599,,,,,,
marker_write,923,64900,,,,,,
marker_sync,923,1786200,,,,,,
append,924,3479099,,,,,,
encode,924,5500,,,,,,
data_write,924,64700,,,,,,
data_sync,924,1677999,,,,,,
marker_write,924,58800,,,,,,
marker_sync,924,1668700,,,,,,
append,925,3448099,,,,,,
encode,925,4900,,,,,,
data_write,925,71400,,,,,,
data_sync,925,1594099,,,,,,
marker_write,925,52100,,,,,,
marker_sync,925,1722700,,,,,,
append,926,3552699,,,,,,
encode,926,5500,,,,,,
data_write,926,64400,,,,,,
data_sync,926,1691099,,,,,,
marker_write,926,54100,,,,,,
marker_sync,926,1734100,,,,,,
append,927,3818399,,,,,,
encode,927,5800,,,,,,
data_write,927,71700,,,,,,
data_sync,927,2022399,,,,,,
marker_write,927,71700,,,,,,
marker_sync,927,1642100,,,,,,
append,928,3625499,,,,,,
encode,928,7100,,,,,,
data_write,928,87100,,,,,,
data_sync,928,1610699,,,,,,
marker_write,928,64700,,,,,,
marker_sync,928,1852800,,,,,,
append,929,3227899,,,,,,
encode,929,5500,,,,,,
data_write,929,66500,,,,,,
data_sync,929,1589299,,,,,,
marker_write,929,53100,,,,,,
marker_sync,929,1510200,,,,,,
append,930,3290699,,,,,,
encode,930,4200,,,,,,
data_write,930,86400,,,,,,
data_sync,930,1537999,,,,,,
marker_write,930,45200,,,,,,
marker_sync,930,1614600,,,,,,
append,931,3443199,,,,,,
encode,931,3900,,,,,,
data_write,931,51500,,,,,,
data_sync,931,1603099,,,,,,
marker_write,931,60100,,,,,,
marker_sync,931,1721300,,,,,,
append,932,3659799,,,,,,
encode,932,5200,,,,,,
data_write,932,59300,,,,,,
data_sync,932,1834199,,,,,,
marker_write,932,81300,,,,,,
marker_sync,932,1677000,,,,,,
append,933,3414299,,,,,,
encode,933,5000,,,,,,
data_write,933,53200,,,,,,
data_sync,933,1636099,,,,,,
marker_write,933,41000,,,,,,
marker_sync,933,1676400,,,,,,
append,934,3375999,,,,,,
encode,934,4000,,,,,,
data_write,934,49300,,,,,,
data_sync,934,1657899,,,,,,
marker_write,934,44000,,,,,,
marker_sync,934,1618800,,,,,,
append,935,3651999,,,,,,
encode,935,3600,,,,,,
data_write,935,49800,,,,,,
data_sync,935,1745899,,,,,,
marker_write,935,75100,,,,,,
marker_sync,935,1773700,,,,,,
append,936,3275899,,,,,,
encode,936,5700,,,,,,
data_write,936,72000,,,,,,
data_sync,936,1582799,,,,,,
marker_write,936,45000,,,,,,
marker_sync,936,1567700,,,,,,
append,937,3322799,,,,,,
encode,937,5700,,,,,,
data_write,937,66100,,,,,,
data_sync,937,1536400,,,,,,
marker_write,937,42400,,,,,,
marker_sync,937,1669599,,,,,,
append,938,3306099,,,,,,
encode,938,5500,,,,,,
data_write,938,64200,,,,,,
data_sync,938,1612400,,,,,,
marker_write,938,43400,,,,,,
marker_sync,938,1578499,,,,,,
append,939,3249799,,,,,,
encode,939,3900,,,,,,
data_write,939,53900,,,,,,
data_sync,939,1540100,,,,,,
marker_write,939,52900,,,,,,
marker_sync,939,1594299,,,,,,
append,940,3583499,,,,,,
encode,940,3800,,,,,,
data_write,940,49500,,,,,,
data_sync,940,1704000,,,,,,
marker_write,940,52000,,,,,,
marker_sync,940,1770399,,,,,,
append,941,3950099,,,,,,
encode,941,6000,,,,,,
data_write,941,68300,,,,,,
data_sync,941,1801700,,,,,,
marker_write,941,96700,,,,,,
marker_sync,941,1974399,,,,,,
append,942,3739399,,,,,,
encode,942,5500,,,,,,
data_write,942,67000,,,,,,
data_sync,942,1788600,,,,,,
marker_write,942,59500,,,,,,
marker_sync,942,1815899,,,,,,
append,943,3409599,,,,,,
encode,943,4900,,,,,,
data_write,943,64600,,,,,,
data_sync,943,1690000,,,,,,
marker_write,943,57800,,,,,,
marker_sync,943,1590099,,,,,,
append,944,3349799,,,,,,
encode,944,4700,,,,,,
data_write,944,49200,,,,,,
data_sync,944,1561700,,,,,,
marker_write,944,47500,,,,,,
marker_sync,944,1683899,,,,,,
append,945,3278899,,,,,,
encode,945,7400,,,,,,
data_write,945,61700,,,,,,
data_sync,945,1631700,,,,,,
marker_write,945,44000,,,,,,
marker_sync,945,1531799,,,,,,
append,946,3274599,,,,,,
encode,946,5000,,,,,,
data_write,946,50000,,,,,,
data_sync,946,1570600,,,,,,
marker_write,946,50100,,,,,,
marker_sync,946,1596199,,,,,,
append,947,3377699,,,,,,
encode,947,5000,,,,,,
data_write,947,61000,,,,,,
data_sync,947,1658100,,,,,,
marker_write,947,48400,,,,,,
marker_sync,947,1602099,,,,,,
append,948,3438099,,,,,,
encode,948,6000,,,,,,
data_write,948,61000,,,,,,
data_sync,948,1818900,,,,,,
marker_write,948,49200,,,,,,
marker_sync,948,1497199,,,,,,
append,949,3187300,,,,,,
encode,949,4800,,,,,,
data_write,949,49300,,,,,,
data_sync,949,1428900,,,,,,
marker_write,949,45400,,,,,,
marker_sync,949,1656000,,,,,,
append,950,3287599,,,,,,
encode,950,6300,,,,,,
data_write,950,78900,,,,,,
data_sync,950,1625399,,,,,,
marker_write,950,50400,,,,,,
marker_sync,950,1522200,,,,,,
append,951,3063299,,,,,,
encode,951,5000,,,,,,
data_write,951,54900,,,,,,
data_sync,951,1482999,,,,,,
marker_write,951,45600,,,,,,
marker_sync,951,1472500,,,,,,
append,952,3229199,,,,,,
encode,952,4500,,,,,,
data_write,952,54000,,,,,,
data_sync,952,1510399,,,,,,
marker_write,952,52000,,,,,,
marker_sync,952,1605700,,,,,,
append,953,3601099,,,,,,
encode,953,4400,,,,,,
data_write,953,49500,,,,,,
data_sync,953,1773199,,,,,,
marker_write,953,49700,,,,,,
marker_sync,953,1721700,,,,,,
append,954,3714199,,,,,,
encode,954,5500,,,,,,
data_write,954,58600,,,,,,
data_sync,954,1921399,,,,,,
marker_write,954,66200,,,,,,
marker_sync,954,1659300,,,,,,
append,955,3230199,,,,,,
encode,955,5200,,,,,,
data_write,955,58100,,,,,,
data_sync,955,1626399,,,,,,
marker_write,955,40800,,,,,,
marker_sync,955,1497000,,,,,,
append,956,3141999,,,,,,
encode,956,3500,,,,,,
data_write,956,46600,,,,,,
data_sync,956,1451000,,,,,,
marker_write,956,41300,,,,,,
marker_sync,956,1597399,,,,,,
append,957,3018099,,,,,,
encode,957,4600,,,,,,
data_write,957,57400,,,,,,
data_sync,957,1466400,,,,,,
marker_write,957,41400,,,,,,
marker_sync,957,1446099,,,,,,
append,958,2978299,,,,,,
encode,958,4800,,,,,,
data_write,958,56000,,,,,,
data_sync,958,1443100,,,,,,
marker_write,958,40000,,,,,,
marker_sync,958,1431699,,,,,,
append,959,3487899,,,,,,
encode,959,4400,,,,,,
data_write,959,61900,,,,,,
data_sync,959,1572300,,,,,,
marker_write,959,55200,,,,,,
marker_sync,959,1789999,,,,,,
append,960,3904099,,,,,,
encode,960,6300,,,,,,
data_write,960,65200,,,,,,
data_sync,960,1921100,,,,,,
marker_write,960,64000,,,,,,
marker_sync,960,1844599,,,,,,
append,961,3250799,,,,,,
encode,961,2900,,,,,,
data_write,961,67000,,,,,,
data_sync,961,1597900,,,,,,
marker_write,961,42400,,,,,,
marker_sync,961,1537999,,,,,,
append,962,3129300,,,,,,
encode,962,5300,,,,,,
data_write,962,70500,,,,,,
data_sync,962,1514100,,,,,,
marker_write,962,48800,,,,,,
marker_sync,962,1488500,,,,,,
append,963,3061899,,,,,,
encode,963,4400,,,,,,
data_write,963,57400,,,,,,
data_sync,963,1508999,,,,,,
marker_write,963,42600,,,,,,
marker_sync,963,1445400,,,,,,
append,964,3176799,,,,,,
encode,964,6200,,,,,,
data_write,964,63000,,,,,,
data_sync,964,1573299,,,,,,
marker_write,964,44000,,,,,,
marker_sync,964,1487900,,,,,,
append,965,3087499,,,,,,
encode,965,5500,,,,,,
data_write,965,63500,,,,,,
data_sync,965,1517899,,,,,,
marker_write,965,43300,,,,,,
marker_sync,965,1455200,,,,,,
append,966,2968299,,,,,,
encode,966,4200,,,,,,
data_write,966,56800,,,,,,
data_sync,966,1433500,,,,,,
marker_write,966,37000,,,,,,
marker_sync,966,1435299,,,,,,
append,967,3267199,,,,,,
encode,967,3600,,,,,,
data_write,967,45500,,,,,,
data_sync,967,1468700,,,,,,
marker_write,967,45000,,,,,,
marker_sync,967,1701299,,,,,,
append,968,3595399,,,,,,
encode,968,5000,,,,,,
data_write,968,69500,,,,,,
data_sync,968,1678200,,,,,,
marker_write,968,48800,,,,,,
marker_sync,968,1789799,,,,,,
append,969,3781699,,,,,,
encode,969,5100,,,,,,
data_write,969,81700,,,,,,
data_sync,969,1883700,,,,,,
marker_write,969,49000,,,,,,
marker_sync,969,1759199,,,,,,
append,970,3441099,,,,,,
encode,970,6000,,,,,,
data_write,970,111200,,,,,,
data_sync,970,1715400,,,,,,
marker_write,970,56200,,,,,,
marker_sync,970,1548899,,,,,,
append,971,3195799,,,,,,
encode,971,5400,,,,,,
data_write,971,69100,,,,,,
data_sync,971,1553900,,,,,,
marker_write,971,41500,,,,,,
marker_sync,971,1523599,,,,,,
append,972,3150300,,,,,,
encode,972,4100,,,,,,
data_write,972,56500,,,,,,
data_sync,972,1513600,,,,,,
marker_write,972,47000,,,,,,
marker_sync,972,1526900,,,,,,
append,973,3173099,,,,,,
encode,973,3700,,,,,,
data_write,973,53100,,,,,,
data_sync,973,1498299,,,,,,
marker_write,973,63100,,,,,,
marker_sync,973,1551900,,,,,,
append,974,3316799,,,,,,
encode,974,4100,,,,,,
data_write,974,50200,,,,,,
data_sync,974,1628999,,,,,,
marker_write,974,42300,,,,,,
marker_sync,974,1584000,,,,,,
append,975,3472599,,,,,,
encode,975,8700,,,,,,
data_write,975,87700,,,,,,
data_sync,975,1741399,,,,,,
marker_write,975,59700,,,,,,
marker_sync,975,1572200,,,,,,
append,976,3245599,,,,,,
encode,976,5900,,,,,,
data_write,976,64700,,,,,,
data_sync,976,1588899,,,,,,
marker_write,976,48000,,,,,,
marker_sync,976,1535200,,,,,,
append,977,3578299,,,,,,
encode,977,3800,,,,,,
data_write,977,51400,,,,,,
data_sync,977,1664899,,,,,,
marker_write,977,41800,,,,,,
marker_sync,977,1814100,,,,,,
append,978,4052699,,,,,,
encode,978,5100,,,,,,
data_write,978,59900,,,,,,
data_sync,978,1963399,,,,,,
marker_write,978,61800,,,,,,
marker_sync,978,1958500,,,,,,
append,979,4265299,,,,,,
encode,979,5900,,,,,,
data_write,979,70500,,,,,,
data_sync,979,1944299,,,,,,
marker_write,979,59300,,,,,,
marker_sync,979,2182500,,,,,,
append,980,3544599,,,,,,
encode,980,4500,,,,,,
data_write,980,58400,,,,,,
data_sync,980,1693299,,,,,,
marker_write,980,45100,,,,,,
marker_sync,980,1740000,,,,,,
append,981,3727799,,,,,,
encode,981,5900,,,,,,
data_write,981,74800,,,,,,
data_sync,981,1848699,,,,,,
marker_write,981,45500,,,,,,
marker_sync,981,1750800,,,,,,
append,982,3815798,,,,,,
encode,982,4600,,,,,,
data_write,982,49599,,,,,,
data_sync,982,1870700,,,,,,
marker_write,982,55600,,,,,,
marker_sync,982,1832299,,,,,,
append,983,3761099,,,,,,
encode,983,4400,,,,,,
data_write,983,56800,,,,,,
data_sync,983,1913200,,,,,,
marker_write,983,53500,,,,,,
marker_sync,983,1730699,,,,,,
append,984,3554099,,,,,,
encode,984,4800,,,,,,
data_write,984,49500,,,,,,
data_sync,984,1735100,,,,,,
marker_write,984,48300,,,,,,
marker_sync,984,1713799,,,,,,
append,985,3759899,,,,,,
encode,985,5000,,,,,,
data_write,985,67800,,,,,,
data_sync,985,1764500,,,,,,
marker_write,985,58600,,,,,,
marker_sync,985,1861299,,,,,,
append,986,3902399,,,,,,
encode,986,6300,,,,,,
data_write,986,67400,,,,,,
data_sync,986,1867100,,,,,,
marker_write,986,59400,,,,,,
marker_sync,986,1896399,,,,,,
append,987,3857099,,,,,,
encode,987,5100,,,,,,
data_write,987,77900,,,,,,
data_sync,987,1834400,,,,,,
marker_write,987,45500,,,,,,
marker_sync,987,1891499,,,,,,
append,988,3822499,,,,,,
encode,988,4200,,,,,,
data_write,988,54400,,,,,,
data_sync,988,1714300,,,,,,
marker_write,988,56300,,,,,,
marker_sync,988,1990199,,,,,,
append,989,4050299,,,,,,
encode,989,5100,,,,,,
data_write,989,59200,,,,,,
data_sync,989,1880000,,,,,,
marker_write,989,61100,,,,,,
marker_sync,989,2040599,,,,,,
append,990,4267399,,,,,,
encode,990,6300,,,,,,
data_write,990,71500,,,,,,
data_sync,990,2178699,,,,,,
marker_write,990,66700,,,,,,
marker_sync,990,1940900,,,,,,
append,991,3687899,,,,,,
encode,991,5300,,,,,,
data_write,991,71600,,,,,,
data_sync,991,1815299,,,,,,
marker_write,991,46000,,,,,,
marker_sync,991,1746800,,,,,,
append,992,3372899,,,,,,
encode,992,4600,,,,,,
data_write,992,49000,,,,,,
data_sync,992,1571799,,,,,,
marker_write,992,56600,,,,,,
marker_sync,992,1688100,,,,,,
append,993,3657299,,,,,,
encode,993,5700,,,,,,
data_write,993,112200,,,,,,
data_sync,993,1774099,,,,,,
marker_write,993,55100,,,,,,
marker_sync,993,1707300,,,,,,
append,994,3490999,,,,,,
encode,994,4500,,,,,,
data_write,994,54400,,,,,,
data_sync,994,1737399,,,,,,
marker_write,994,54400,,,,,,
marker_sync,994,1637100,,,,,,
append,995,3627199,,,,,,
encode,995,5100,,,,,,
data_write,995,68200,,,,,,
data_sync,995,1836799,,,,,,
marker_write,995,56200,,,,,,
marker_sync,995,1658100,,,,,,
append,996,3636299,,,,,,
encode,996,5600,,,,,,
data_write,996,70700,,,,,,
data_sync,996,1776499,,,,,,
marker_write,996,52000,,,,,,
marker_sync,996,1729000,,,,,,
append,997,3700099,,,,,,
encode,997,5100,,,,,,
data_write,997,75900,,,,,,
data_sync,997,1875699,,,,,,
marker_write,997,56100,,,,,,
marker_sync,997,1684200,,,,,,
append,998,3493599,,,,,,
encode,998,4500,,,,,,
data_write,998,68400,,,,,,
data_sync,998,1622499,,,,,,
marker_write,998,42300,,,,,,
marker_sync,998,1753600,,,,,,
append,999,4081699,,,,,,
encode,999,4400,,,,,,
data_write,999,51900,,,,,,
data_sync,999,1824999,,,,,,
marker_write,999,63500,,,,,,
marker_sync,999,2130000,,,,,,
append,1000,4327999,,,,,,
encode,1000,6400,,,,,,
data_write,1000,79400,,,,,,
data_sync,1000,2044799,,,,,,
marker_write,1000,61200,,,,,,
marker_sync,1000,2132900,,,,,,
append,1001,3794698,,,,,,
encode,1001,4400,,,,,,
data_write,1001,72299,,,,,,
data_sync,1001,1815800,,,,,,
marker_write,1001,54700,,,,,,
marker_sync,1001,1843699,,,,,,
append,1002,3822399,,,,,,
encode,1002,4600,,,,,,
data_write,1002,56200,,,,,,
data_sync,1002,1824000,,,,,,
marker_write,1002,52100,,,,,,
marker_sync,1002,1882099,,,,,,
append,1003,4070299,,,,,,
encode,1003,6000,,,,,,
data_write,1003,72000,,,,,,
data_sync,1003,2111900,,,,,,
marker_write,1003,60100,,,,,,
marker_sync,1003,1817499,,,,,,
append,1004,3689199,,,,,,
encode,1004,5000,,,,,,
data_write,1004,65100,,,,,,
data_sync,1004,1772500,,,,,,
marker_write,1004,47400,,,,,,
marker_sync,1004,1796099,,,,,,
append,1005,3789299,,,,,,
encode,1005,5300,,,,,,
data_write,1005,66500,,,,,,
data_sync,1005,1707700,,,,,,
marker_write,1005,50300,,,,,,
marker_sync,1005,1956599,,,,,,
append,1006,3680699,,,,,,
encode,1006,5600,,,,,,
data_write,1006,62600,,,,,,
data_sync,1006,1762900,,,,,,
marker_write,1006,56100,,,,,,
marker_sync,1006,1790999,,,,,,
append,1007,4071199,,,,,,
encode,1007,5300,,,,,,
data_write,1007,62200,,,,,,
data_sync,1007,1970800,,,,,,
marker_write,1007,50600,,,,,,
marker_sync,1007,1978699,,,,,,
append,1008,3891799,,,,,,
encode,1008,5800,,,,,,
data_write,1008,78300,,,,,,
data_sync,1008,1835899,,,,,,
marker_write,1008,61400,,,,,,
marker_sync,1008,1906900,,,,,,
append,1009,3528299,,,,,,
encode,1009,5700,,,,,,
data_write,1009,72000,,,,,,
data_sync,1009,1693999,,,,,,
marker_write,1009,55200,,,,,,
marker_sync,1009,1698400,,,,,,
append,1010,3713999,,,,,,
encode,1010,5100,,,,,,
data_write,1010,58300,,,,,,
data_sync,1010,1718099,,,,,,
marker_write,1010,52700,,,,,,
marker_sync,1010,1877000,,,,,,
append,1011,3890599,,,,,,
encode,1011,5900,,,,,,
data_write,1011,65600,,,,,,
data_sync,1011,1963099,,,,,,
marker_write,1011,55600,,,,,,
marker_sync,1011,1796500,,,,,,
append,1012,4424199,,,,,,
encode,1012,4700,,,,,,
data_write,1012,91700,,,,,,
data_sync,1012,2411999,,,,,,
marker_write,1012,63200,,,,,,
marker_sync,1012,1849200,,,,,,
append,1013,3887199,,,,,,
encode,1013,6100,,,,,,
data_write,1013,54200,,,,,,
data_sync,1013,1877599,,,,,,
marker_write,1013,64400,,,,,,
marker_sync,1013,1881700,,,,,,
append,1014,4089798,,,,,,
encode,1014,4600,,,,,,
data_write,1014,66400,,,,,,
data_sync,1014,1974499,,,,,,
marker_write,1014,70800,,,,,,
marker_sync,1014,1970199,,,,,,
append,1015,4784499,,,,,,
encode,1015,5600,,,,,,
data_write,1015,68700,,,,,,
data_sync,1015,1850900,,,,,,
marker_write,1015,54200,,,,,,
marker_sync,1015,2801299,,,,,,
append,1016,4464199,,,,,,
encode,1016,4800,,,,,,
data_write,1016,58800,,,,,,
data_sync,1016,2257399,,,,,,
marker_write,1016,96100,,,,,,
marker_sync,1016,2044200,,,,,,
append,1017,3843399,,,,,,
encode,1017,5900,,,,,,
data_write,1017,51800,,,,,,
data_sync,1017,1651499,,,,,,
marker_write,1017,56000,,,,,,
marker_sync,1017,2074600,,,,,,
append,1018,3853499,,,,,,
encode,1018,6300,,,,,,
data_write,1018,81500,,,,,,
data_sync,1018,1738399,,,,,,
marker_write,1018,50600,,,,,,
marker_sync,1018,1973800,,,,,,
append,1019,3494599,,,,,,
encode,1019,5400,,,,,,
data_write,1019,66500,,,,,,
data_sync,1019,1698299,,,,,,
marker_write,1019,56600,,,,,,
marker_sync,1019,1662400,,,,,,
append,1020,3814999,,,,,,
encode,1020,5400,,,,,,
data_write,1020,62400,,,,,,
data_sync,1020,1805199,,,,,,
marker_write,1020,58600,,,,,,
marker_sync,1020,1878900,,,,,,
append,1021,3541599,,,,,,
encode,1021,6200,,,,,,
data_write,1021,71500,,,,,,
data_sync,1021,1766699,,,,,,
marker_write,1021,52800,,,,,,
marker_sync,1021,1640900,,,,,,
append,1022,3251099,,,,,,
encode,1022,4900,,,,,,
data_write,1022,60400,,,,,,
data_sync,1022,1520899,,,,,,
marker_write,1022,44000,,,,,,
marker_sync,1022,1617700,,,,,,
append,1023,3642299,,,,,,
encode,1023,5700,,,,,,
data_write,1023,61800,,,,,,
data_sync,1023,1716299,,,,,,
marker_write,1023,62900,,,,,,
marker_sync,1023,1792500,,,,,,
append,1024,3997799,,,,,,
encode,1024,5400,,,,,,
data_write,1024,66000,,,,,,
data_sync,1024,1931399,,,,,,
marker_write,1024,54100,,,,,,
marker_sync,1024,1937800,,,,,,
append,1025,3999798,,,,,,
encode,1025,4400,,,,,,
data_write,1025,69500,,,,,,
data_sync,1025,1971099,,,,,,
marker_write,1025,60100,,,,,,
marker_sync,1025,1888599,,,,,,
append,1026,3719199,,,,,,
encode,1026,10000,,,,,,
data_write,1026,96600,,,,,,
data_sync,1026,1789100,,,,,,
marker_write,1026,42900,,,,,,
marker_sync,1026,1776899,,,,,,
append,1027,3957099,,,,,,
encode,1027,5900,,,,,,
data_write,1027,62700,,,,,,
data_sync,1027,1854700,,,,,,
marker_write,1027,55500,,,,,,
marker_sync,1027,1974999,,,,,,
append,1028,3792699,,,,,,
encode,1028,5300,,,,,,
data_write,1028,66000,,,,,,
data_sync,1028,1884400,,,,,,
marker_write,1028,43400,,,,,,
marker_sync,1028,1790299,,,,,,
append,1029,3850999,,,,,,
encode,1029,5800,,,,,,
data_write,1029,68000,,,,,,
data_sync,1029,1750000,,,,,,
marker_write,1029,52500,,,,,,
marker_sync,1029,1971999,,,,,,
append,1030,3637499,,,,,,
encode,1030,4700,,,,,,
data_write,1030,67500,,,,,,
data_sync,1030,1736600,,,,,,
marker_write,1030,54400,,,,,,
marker_sync,1030,1771499,,,,,,
append,1031,4003299,,,,,,
encode,1031,5500,,,,,,
data_write,1031,57400,,,,,,
data_sync,1031,1764900,,,,,,
marker_write,1031,58200,,,,,,
marker_sync,1031,2114499,,,,,,
append,1032,3605899,,,,,,
encode,1032,4800,,,,,,
data_write,1032,78900,,,,,,
data_sync,1032,1758400,,,,,,
marker_write,1032,47200,,,,,,
marker_sync,1032,1712099,,,,,,
append,1033,3467099,,,,,,
encode,1033,5000,,,,,,
data_write,1033,74100,,,,,,
data_sync,1033,1634800,,,,,,
marker_write,1033,45600,,,,,,
marker_sync,1033,1704199,,,,,,
append,1034,3321699,,,,,,
encode,1034,4100,,,,,,
data_write,1034,58900,,,,,,
data_sync,1034,1640800,,,,,,
marker_write,1034,57700,,,,,,
marker_sync,1034,1556899,,,,,,
append,1035,3410199,,,,,,
encode,1035,5800,,,,,,
data_write,1035,80700,,,,,,
data_sync,1035,1595500,,,,,,
marker_write,1035,50600,,,,,,
marker_sync,1035,1674699,,,,,,
append,1036,3549999,,,,,,
encode,1036,4900,,,,,,
data_write,1036,65100,,,,,,
data_sync,1036,1722500,,,,,,
marker_write,1036,64200,,,,,,
marker_sync,1036,1688999,,,,,,
append,1037,3375799,,,,,,
encode,1037,5500,,,,,,
data_write,1037,63000,,,,,,
data_sync,1037,1635100,,,,,,
marker_write,1037,43500,,,,,,
marker_sync,1037,1626499,,,,,,
append,1038,3478499,,,,,,
encode,1038,4400,,,,,,
data_write,1038,65900,,,,,,
data_sync,1038,1700800,,,,,,
marker_write,1038,48300,,,,,,
marker_sync,1038,1655599,,,,,,
append,1039,3230599,,,,,,
encode,1039,4000,,,,,,
data_write,1039,60000,,,,,,
data_sync,1039,1529300,,,,,,
marker_write,1039,57100,,,,,,
marker_sync,1039,1577799,,,,,,
append,1040,3755199,,,,,,
encode,1040,5500,,,,,,
data_write,1040,58600,,,,,,
data_sync,1040,1691900,,,,,,
marker_write,1040,55200,,,,,,
marker_sync,1040,1941099,,,,,,
append,1041,3922999,,,,,,
encode,1041,5600,,,,,,
data_write,1041,74200,,,,,,
data_sync,1041,1926900,,,,,,
marker_write,1041,45300,,,,,,
marker_sync,1041,1865799,,,,,,
append,1042,3846099,,,,,,
encode,1042,5600,,,,,,
data_write,1042,74500,,,,,,
data_sync,1042,1937400,,,,,,
marker_write,1042,66200,,,,,,
marker_sync,1042,1759499,,,,,,
append,1043,3683699,,,,,,
encode,1043,4700,,,,,,
data_write,1043,59500,,,,,,
data_sync,1043,1851700,,,,,,
marker_write,1043,49400,,,,,,
marker_sync,1043,1716299,,,,,,
append,1044,3448399,,,,,,
encode,1044,4200,,,,,,
data_write,1044,59500,,,,,,
data_sync,1044,1624200,,,,,,
marker_write,1044,45400,,,,,,
marker_sync,1044,1711699,,,,,,
append,1045,3903199,,,,,,
encode,1045,4900,,,,,,
data_write,1045,60900,,,,,,
data_sync,1045,1742500,,,,,,
marker_write,1045,53300,,,,,,
marker_sync,1045,2037699,,,,,,
append,1046,3711699,,,,,,
encode,1046,7800,,,,,,
data_write,1046,83400,,,,,,
data_sync,1046,1732700,,,,,,
marker_write,1046,56400,,,,,,
marker_sync,1046,1823799,,,,,,
append,1047,4350599,,,,,,
encode,1047,16100,,,,,,
data_write,1047,102100,,,,,,
data_sync,1047,2207000,,,,,,
marker_write,1047,62999,,,,,,
marker_sync,1047,1957700,,,,,,
append,1048,5457598,,,,,,
encode,1048,11300,,,,,,
data_write,1048,83900,,,,,,
data_sync,1048,2971799,,,,,,
marker_write,1048,61500,,,,,,
marker_sync,1048,2323099,,,,,,
append,1049,3534899,,,,,,
encode,1049,5500,,,,,,
data_write,1049,40000,,,,,,
data_sync,1049,1757400,,,,,,
marker_write,1049,60100,,,,,,
marker_sync,1049,1666999,,,,,,
append,1050,3817399,,,,,,
encode,1050,6100,,,,,,
data_write,1050,76900,,,,,,
data_sync,1050,1863100,,,,,,
marker_write,1050,56400,,,,,,
marker_sync,1050,1811699,,,,,,
append,1051,3671299,,,,,,
encode,1051,5500,,,,,,
data_write,1051,61400,,,,,,
data_sync,1051,1691800,,,,,,
marker_write,1051,50800,,,,,,
marker_sync,1051,1858499,,,,,,
append,1052,3734199,,,,,,
encode,1052,4800,,,,,,
data_write,1052,72000,,,,,,
data_sync,1052,1844100,,,,,,
marker_write,1052,86300,,,,,,
marker_sync,1052,1724399,,,,,,
append,1053,3791199,,,,,,
encode,1053,4600,,,,,,
data_write,1053,56400,,,,,,
data_sync,1053,1790900,,,,,,
marker_write,1053,58400,,,,,,
marker_sync,1053,1878299,,,,,,
append,1054,3733399,,,,,,
encode,1054,5200,,,,,,
data_write,1054,64300,,,,,,
data_sync,1054,1839200,,,,,,
marker_write,1054,61200,,,,,,
marker_sync,1054,1760199,,,,,,
append,1055,3740599,,,,,,
encode,1055,5700,,,,,,
data_write,1055,79000,,,,,,
data_sync,1055,1852300,,,,,,
marker_write,1055,75500,,,,,,
marker_sync,1055,1725099,,,,,,
append,1056,3508299,,,,,,
encode,1056,4500,,,,,,
data_write,1056,57600,,,,,,
data_sync,1056,1748100,,,,,,
marker_write,1056,55800,,,,,,
marker_sync,1056,1639699,,,,,,
append,1057,3378799,,,,,,
encode,1057,5500,,,,,,
data_write,1057,72600,,,,,,
data_sync,1057,1656000,,,,,,
marker_write,1057,56300,,,,,,
marker_sync,1057,1585599,,,,,,
append,1058,3364299,,,,,,
encode,1058,4800,,,,,,
data_write,1058,63300,,,,,,
data_sync,1058,1627600,,,,,,
marker_write,1058,59300,,,,,,
marker_sync,1058,1606399,,,,,,
append,1059,3597099,,,,,,
encode,1059,5500,,,,,,
data_write,1059,75800,,,,,,
data_sync,1059,1715400,,,,,,
marker_write,1059,55800,,,,,,
marker_sync,1059,1741199,,,,,,
append,1060,3372599,,,,,,
encode,1060,5000,,,,,,
data_write,1060,71100,,,,,,
data_sync,1060,1684900,,,,,,
marker_write,1060,46300,,,,,,
marker_sync,1060,1562399,,,,,,
append,1061,3433299,,,,,,
encode,1061,6600,,,,,,
data_write,1061,48900,,,,,,
data_sync,1061,1616900,,,,,,
marker_write,1061,58400,,,,,,
marker_sync,1061,1699099,,,,,,
append,1062,3446299,,,,,,
encode,1062,5000,,,,,,
data_write,1062,66400,,,,,,
data_sync,1062,1695100,,,,,,
marker_write,1062,54800,,,,,,
marker_sync,1062,1622099,,,,,,
append,1063,3408900,,,,,,
encode,1063,6500,,,,,,
data_write,1063,52800,,,,,,
data_sync,1063,1596500,,,,,,
marker_write,1063,41100,,,,,,
marker_sync,1063,1709400,,,,,,
append,1064,3473999,,,,,,
encode,1064,3900,,,,,,
data_write,1064,57900,,,,,,
data_sync,1064,1743699,,,,,,
marker_write,1064,50800,,,,,,
marker_sync,1064,1613600,,,,,,
append,1065,3527099,,,,,,
encode,1065,4100,,,,,,
data_write,1065,63600,,,,,,
data_sync,1065,1524799,,,,,,
marker_write,1065,50500,,,,,,
marker_sync,1065,1881400,,,,,,
append,1066,4239698,,,,,,
encode,1066,5600,,,,,,
data_write,1066,69500,,,,,,
data_sync,1066,2307499,,,,,,
marker_write,1066,62200,,,,,,
marker_sync,1066,1791699,,,,,,
append,1067,3564399,,,,,,
encode,1067,5700,,,,,,
data_write,1067,69100,,,,,,
data_sync,1067,1742100,,,,,,
marker_write,1067,59200,,,,,,
marker_sync,1067,1685399,,,,,,
append,1068,4068699,,,,,,
encode,1068,4600,,,,,,
data_write,1068,55000,,,,,,
data_sync,1068,2025400,,,,,,
marker_write,1068,57900,,,,,,
marker_sync,1068,1922799,,,,,,
append,1069,4801299,,,,,,
encode,1069,5800,,,,,,
data_write,1069,75400,,,,,,
data_sync,1069,1921200,,,,,,
marker_write,1069,59300,,,,,,
marker_sync,1069,2735699,,,,,,
append,1070,3793099,,,,,,
encode,1070,5200,,,,,,
data_write,1070,82800,,,,,,
data_sync,1070,1890599,,,,,,
marker_write,1070,51800,,,,,,
marker_sync,1070,1759800,,,,,,
append,1071,4021299,,,,,,
encode,1071,6400,,,,,,
data_write,1071,65700,,,,,,
data_sync,1071,2002799,,,,,,
marker_write,1071,63400,,,,,,
marker_sync,1071,1879900,,,,,,
append,1072,3984399,,,,,,
encode,1072,5100,,,,,,
data_write,1072,62900,,,,,,
data_sync,1072,2161499,,,,,,
marker_write,1072,60600,,,,,,
marker_sync,1072,1690200,,,,,,
append,1073,3784799,,,,,,
encode,1073,5500,,,,,,
data_write,1073,76300,,,,,,
data_sync,1073,1790199,,,,,,
marker_write,1073,53900,,,,,,
marker_sync,1073,1856000,,,,,,
append,1074,3964298,,,,,,
encode,1074,6100,,,,,,
data_write,1074,76600,,,,,,
data_sync,1074,1957699,,,,,,
marker_write,1074,89600,,,,,,
marker_sync,1074,1830999,,,,,,
append,1075,3683399,,,,,,
encode,1075,6100,,,,,,
data_write,1075,63500,,,,,,
data_sync,1075,1750800,,,,,,
marker_write,1075,56000,,,,,,
marker_sync,1075,1803599,,,,,,
append,1076,3921399,,,,,,
encode,1076,4800,,,,,,
data_write,1076,67800,,,,,,
data_sync,1076,1704500,,,,,,
marker_write,1076,69900,,,,,,
marker_sync,1076,2070999,,,,,,
append,1077,4043599,,,,,,
encode,1077,6900,,,,,,
data_write,1077,83800,,,,,,
data_sync,1077,1953400,,,,,,
marker_write,1077,50900,,,,,,
marker_sync,1077,1944999,,,,,,
append,1078,3895999,,,,,,
encode,1078,7400,,,,,,
data_write,1078,81800,,,,,,
data_sync,1078,1903100,,,,,,
marker_write,1078,55300,,,,,,
marker_sync,1078,1845799,,,,,,
append,1079,3971199,,,,,,
encode,1079,5900,,,,,,
data_write,1079,62000,,,,,,
data_sync,1079,1838800,,,,,,
marker_write,1079,70700,,,,,,
marker_sync,1079,1990599,,,,,,
append,1080,3794599,,,,,,
encode,1080,4700,,,,,,
data_write,1080,69300,,,,,,
data_sync,1080,1795200,,,,,,
marker_write,1080,51400,,,,,,
marker_sync,1080,1870799,,,,,,
append,1081,3924899,,,,,,
encode,1081,6000,,,,,,
data_write,1081,68800,,,,,,
data_sync,1081,1855299,,,,,,
marker_write,1081,57500,,,,,,
marker_sync,1081,1933400,,,,,,
append,1082,4094299,,,,,,
encode,1082,6000,,,,,,
data_write,1082,70800,,,,,,
data_sync,1082,1958899,,,,,,
marker_write,1082,58800,,,,,,
marker_sync,1082,1996600,,,,,,
append,1083,4227599,,,,,,
encode,1083,5700,,,,,,
data_write,1083,62500,,,,,,
data_sync,1083,2124499,,,,,,
marker_write,1083,103400,,,,,,
marker_sync,1083,1928400,,,,,,
append,1084,3770999,,,,,,
encode,1084,6000,,,,,,
data_write,1084,69000,,,,,,
data_sync,1084,1770299,,,,,,
marker_write,1084,48200,,,,,,
marker_sync,1084,1874300,,,,,,
append,1085,3990798,,,,,,
encode,1085,5800,,,,,,
data_write,1085,66400,,,,,,
data_sync,1085,1940799,,,,,,
marker_write,1085,47000,,,,,,
marker_sync,1085,1927899,,,,,,
append,1086,3805899,,,,,,
encode,1086,5400,,,,,,
data_write,1086,64000,,,,,,
data_sync,1086,1801000,,,,,,
marker_write,1086,64900,,,,,,
marker_sync,1086,1867599,,,,,,
append,1087,3808699,,,,,,
encode,1087,6000,,,,,,
data_write,1087,67800,,,,,,
data_sync,1087,1879100,,,,,,
marker_write,1087,51700,,,,,,
marker_sync,1087,1801299,,,,,,
append,1088,3303799,,,,,,
encode,1088,4700,,,,,,
data_write,1088,58200,,,,,,
data_sync,1088,1564500,,,,,,
marker_write,1088,43000,,,,,,
marker_sync,1088,1631499,,,,,,
append,1089,3285299,,,,,,
encode,1089,3200,,,,,,
data_write,1089,56400,,,,,,
data_sync,1089,1620000,,,,,,
marker_write,1089,50900,,,,,,
marker_sync,1089,1551199,,,,,,
append,1090,3551399,,,,,,
encode,1090,3700,,,,,,
data_write,1090,78500,,,,,,
data_sync,1090,1706300,,,,,,
marker_write,1090,57900,,,,,,
marker_sync,1090,1700399,,,,,,
append,1091,3661499,,,,,,
encode,1091,5800,,,,,,
data_write,1091,60600,,,,,,
data_sync,1091,1787100,,,,,,
marker_write,1091,53300,,,,,,
marker_sync,1091,1751199,,,,,,
append,1092,3746499,,,,,,
encode,1092,5800,,,,,,
data_write,1092,98300,,,,,,
data_sync,1092,1916300,,,,,,
marker_write,1092,51900,,,,,,
marker_sync,1092,1671099,,,,,,
append,1093,3648499,,,,,,
encode,1093,4900,,,,,,
data_write,1093,61300,,,,,,
data_sync,1093,1760700,,,,,,
marker_write,1093,60900,,,,,,
marker_sync,1093,1757699,,,,,,
append,1094,3713299,,,,,,
encode,1094,5500,,,,,,
data_write,1094,68000,,,,,,
data_sync,1094,1853300,,,,,,
marker_write,1094,60100,,,,,,
marker_sync,1094,1722699,,,,,,
append,1095,3417599,,,,,,
encode,1095,5300,,,,,,
data_write,1095,57100,,,,,,
data_sync,1095,1613200,,,,,,
marker_write,1095,65200,,,,,,
marker_sync,1095,1674299,,,,,,
append,1096,3072500,,,,,,
encode,1096,5500,,,,,,
data_write,1096,53900,,,,,,
data_sync,1096,1496600,,,,,,
marker_write,1096,42000,,,,,,
marker_sync,1096,1472500,,,,,,
append,1097,3101999,,,,,,
encode,1097,3700,,,,,,
data_write,1097,53000,,,,,,
data_sync,1097,1517899,,,,,,
marker_write,1097,54200,,,,,,
marker_sync,1097,1469500,,,,,,
append,1098,3383099,,,,,,
encode,1098,5600,,,,,,
data_write,1098,64200,,,,,,
data_sync,1098,1583399,,,,,,
marker_write,1098,47500,,,,,,
marker_sync,1098,1679100,,,,,,
append,1099,3334199,,,,,,
encode,1099,5500,,,,,,
data_write,1099,69400,,,,,,
data_sync,1099,1635799,,,,,,
marker_write,1099,48000,,,,,,
marker_sync,1099,1572900,,,,,,
append,1100,3238999,,,,,,
encode,1100,5300,,,,,,
data_write,1100,69300,,,,,,
data_sync,1100,1564099,,,,,,
marker_write,1100,59800,,,,,,
marker_sync,1100,1536800,,,,,,
append,1101,3536299,,,,,,
encode,1101,6200,,,,,,
data_write,1101,74100,,,,,,
data_sync,1101,1790099,,,,,,
marker_write,1101,69300,,,,,,
marker_sync,1101,1593900,,,,,,
append,1102,2955699,,,,,,
encode,1102,5000,,,,,,
data_write,1102,58500,,,,,,
data_sync,1102,1435700,,,,,,
marker_write,1102,39700,,,,,,
marker_sync,1102,1413799,,,,,,
append,1103,3266999,,,,,,
encode,1103,5000,,,,,,
data_write,1103,50200,,,,,,
data_sync,1103,1619600,,,,,,
marker_write,1103,42100,,,,,,
marker_sync,1103,1547199,,,,,,
append,1104,3447999,,,,,,
encode,1104,5700,,,,,,
data_write,1104,67700,,,,,,
data_sync,1104,1673600,,,,,,
marker_write,1104,63800,,,,,,
marker_sync,1104,1633199,,,,,,
append,1105,3869299,,,,,,
encode,1105,6000,,,,,,
data_write,1105,72900,,,,,,
data_sync,1105,1662900,,,,,,
marker_write,1105,49500,,,,,,
marker_sync,1105,2072699,,,,,,
append,1106,3998699,,,,,,
encode,1106,8100,,,,,,
data_write,1106,93100,,,,,,
data_sync,1106,1974300,,,,,,
marker_write,1106,126800,,,,,,
marker_sync,1106,1793099,,,,,,
append,1107,3856299,,,,,,
encode,1107,5300,,,,,,
data_write,1107,73400,,,,,,
data_sync,1107,1899100,,,,,,
marker_write,1107,57500,,,,,,
marker_sync,1107,1817599,,,,,,
append,1108,3563099,,,,,,
encode,1108,5900,,,,,,
data_write,1108,74000,,,,,,
data_sync,1108,1788399,,,,,,
marker_write,1108,46200,,,,,,
marker_sync,1108,1646100,,,,,,
append,1109,3391199,,,,,,
encode,1109,4600,,,,,,
data_write,1109,55100,,,,,,
data_sync,1109,1651800,,,,,,
marker_write,1109,52700,,,,,,
marker_sync,1109,1623999,,,,,,
append,1110,3386499,,,,,,
encode,1110,4600,,,,,,
data_write,1110,50600,,,,,,
data_sync,1110,1647600,,,,,,
marker_write,1110,37100,,,,,,
marker_sync,1110,1644299,,,,,,
append,1111,3156899,,,,,,
encode,1111,3600,,,,,,
data_write,1111,47400,,,,,,
data_sync,1111,1540200,,,,,,
marker_write,1111,38700,,,,,,
marker_sync,1111,1524999,,,,,,
append,1112,3534599,,,,,,
encode,1112,4200,,,,,,
data_write,1112,47500,,,,,,
data_sync,1112,1602800,,,,,,
marker_write,1112,57100,,,,,,
marker_sync,1112,1819999,,,,,,
append,1113,3498199,,,,,,
encode,1113,4500,,,,,,
data_write,1113,53400,,,,,,
data_sync,1113,1662300,,,,,,
marker_write,1113,51100,,,,,,
marker_sync,1113,1722899,,,,,,
append,1114,3225199,,,,,,
encode,1114,5000,,,,,,
data_write,1114,52800,,,,,,
data_sync,1114,1575500,,,,,,
marker_write,1114,37600,,,,,,
marker_sync,1114,1551599,,,,,,
append,1115,3238199,,,,,,
encode,1115,3700,,,,,,
data_write,1115,46600,,,,,,
data_sync,1115,1599300,,,,,,
marker_write,1115,41300,,,,,,
marker_sync,1115,1544199,,,,,,
append,1116,3234900,,,,,,
encode,1116,3600,,,,,,
data_write,1116,45100,,,,,,
data_sync,1116,1535600,,,,,,
marker_write,1116,39300,,,,,,
marker_sync,1116,1608400,,,,,,
append,1117,3302099,,,,,,
encode,1117,5400,,,,,,
data_write,1117,63800,,,,,,
data_sync,1117,1633199,,,,,,
marker_write,1117,41800,,,,,,
marker_sync,1117,1555100,,,,,,
append,1118,3505299,,,,,,
encode,1118,4500,,,,,,
data_write,1118,46600,,,,,,
data_sync,1118,1639799,,,,,,
marker_write,1118,56600,,,,,,
marker_sync,1118,1755200,,,,,,
append,1119,3399299,,,,,,
encode,1119,4700,,,,,,
data_write,1119,55100,,,,,,
data_sync,1119,1614699,,,,,,
marker_write,1119,52300,,,,,,
marker_sync,1119,1669900,,,,,,
append,1120,3239799,,,,,,
encode,1120,4700,,,,,,
data_write,1120,47400,,,,,,
data_sync,1120,1579399,,,,,,
marker_write,1120,37900,,,,,,
marker_sync,1120,1568100,,,,,,
append,1121,3485099,,,,,,
encode,1121,3800,,,,,,
data_write,1121,45300,,,,,,
data_sync,1121,1520999,,,,,,
marker_write,1121,45700,,,,,,
marker_sync,1121,1864600,,,,,,
append,1122,6880198,,,,,,
encode,1122,11200,,,,,,
data_write,1122,76300,,,,,,
data_sync,1122,2205899,,,,,,
marker_write,1122,46000,,,,,,
marker_sync,1122,4536599,,,,,,
append,1123,13732396,,,,,,
encode,1123,6700,,,,,,
data_write,1123,68800,,,,,,
data_sync,1123,5275798,,,,,,
marker_write,1123,45700,,,,,,
marker_sync,1123,8331998,,,,,,
append,1124,20043995,,,,,,
encode,1124,4600,,,,,,
data_write,1124,55000,,,,,,
data_sync,1124,12935097,,,,,,
marker_write,1124,50800,,,,,,
marker_sync,1124,6994798,,,,,,
append,1125,3782499,,,,,,
encode,1125,5300,,,,,,
data_write,1125,80800,,,,,,
data_sync,1125,1899499,,,,,,
marker_write,1125,47400,,,,,,
marker_sync,1125,1745900,,,,,,
append,1126,4171798,,,,,,
encode,1126,5900,,,,,,
data_write,1126,69999,,,,,,
data_sync,1126,1975700,,,,,,
marker_write,1126,63600,,,,,,
marker_sync,1126,2053399,,,,,,
append,1127,15411796,,,,,,
encode,1127,5800,,,,,,
data_write,1127,74800,,,,,,
data_sync,1127,12440097,,,,,,
marker_write,1127,71400,,,,,,
marker_sync,1127,2815499,,,,,,
append,1128,6328398,,,,,,
encode,1128,5900,,,,,,
data_write,1128,632300,,,,,,
data_sync,1128,3394099,,,,,,
marker_write,1128,66400,,,,,,
marker_sync,1128,2225599,,,,,,
append,1129,7552598,,,,,,
encode,1129,5600,,,,,,
data_write,1129,69600,,,,,,
data_sync,1129,5269399,,,,,,
marker_write,1129,73300,,,,,,
marker_sync,1129,2130799,,,,,,
append,1130,6574998,,,,,,
encode,1130,6100,,,,,,
data_write,1130,72500,,,,,,
data_sync,1130,2907499,,,,,,
marker_write,1130,62900,,,,,,
marker_sync,1130,3522999,,,,,,
append,1131,4602499,,,,,,
encode,1131,5600,,,,,,
data_write,1131,70700,,,,,,
data_sync,1131,2003200,,,,,,
marker_write,1131,54400,,,,,,
marker_sync,1131,2465399,,,,,,
append,1132,5592198,,,,,,
encode,1132,6000,,,,,,
data_write,1132,71300,,,,,,
data_sync,1132,2001399,,,,,,
marker_write,1132,52400,,,,,,
marker_sync,1132,3456799,,,,,,
append,1133,5282299,,,,,,
encode,1133,5700,,,,,,
data_write,1133,73700,,,,,,
data_sync,1133,2739200,,,,,,
marker_write,1133,61200,,,,,,
marker_sync,1133,2399099,,,,,,
append,1134,4392599,,,,,,
encode,1134,5500,,,,,,
data_write,1134,72100,,,,,,
data_sync,1134,2331099,,,,,,
marker_write,1134,59200,,,,,,
marker_sync,1134,1921400,,,,,,
append,1135,3630899,,,,,,
encode,1135,4800,,,,,,
data_write,1135,67300,,,,,,
data_sync,1135,1903999,,,,,,
marker_write,1135,44800,,,,,,
marker_sync,1135,1606900,,,,,,
append,1136,3902299,,,,,,
encode,1136,4600,,,,,,
data_write,1136,48700,,,,,,
data_sync,1136,1826999,,,,,,
marker_write,1136,66300,,,,,,
marker_sync,1136,1952400,,,,,,
append,1137,5568098,,,,,,
encode,1137,5700,,,,,,
data_write,1137,73600,,,,,,
data_sync,1137,3310399,,,,,,
marker_write,1137,67800,,,,,,
marker_sync,1137,2107599,,,,,,
append,1138,3921999,,,,,,
encode,1138,6100,,,,,,
data_write,1138,72400,,,,,,
data_sync,1138,1999300,,,,,,
marker_write,1138,56200,,,,,,
marker_sync,1138,1785299,,,,,,
append,1139,3467399,,,,,,
encode,1139,4800,,,,,,
data_write,1139,56900,,,,,,
data_sync,1139,1718100,,,,,,
marker_write,1139,43000,,,,,,
marker_sync,1139,1641599,,,,,,
append,1140,3392799,,,,,,
encode,1140,5500,,,,,,
data_write,1140,61400,,,,,,
data_sync,1140,1680600,,,,,,
marker_write,1140,41800,,,,,,
marker_sync,1140,1601099,,,,,,
append,1141,3334999,,,,,,
encode,1141,4700,,,,,,
data_write,1141,50500,,,,,,
data_sync,1141,1520400,,,,,,
marker_write,1141,48200,,,,,,
marker_sync,1141,1709299,,,,,,
append,1142,3212699,,,,,,
encode,1142,4100,,,,,,
data_write,1142,52500,,,,,,
data_sync,1142,1568400,,,,,,
marker_write,1142,42300,,,,,,
marker_sync,1142,1542699,,,,,,
append,1143,3539199,,,,,,
encode,1143,3700,,,,,,
data_write,1143,44800,,,,,,
data_sync,1143,1657400,,,,,,
marker_write,1143,38000,,,,,,
marker_sync,1143,1792099,,,,,,
append,1144,3179599,,,,,,
encode,1144,3900,,,,,,
data_write,1144,53500,,,,,,
data_sync,1144,1571500,,,,,,
marker_write,1144,40100,,,,,,
marker_sync,1144,1508299,,,,,,
append,1145,3064900,,,,,,
encode,1145,3900,,,,,,
data_write,1145,51200,,,,,,
data_sync,1145,1505200,,,,,,
marker_write,1145,40000,,,,,,
marker_sync,1145,1462300,,,,,,
append,1146,3007099,,,,,,
encode,1146,3500,,,,,,
data_write,1146,45800,,,,,,
data_sync,1146,1475499,,,,,,
marker_write,1146,34900,,,,,,
marker_sync,1146,1445700,,,,,,
append,1147,3255599,,,,,,
encode,1147,3000,,,,,,
data_write,1147,39200,,,,,,
data_sync,1147,1486199,,,,,,
marker_write,1147,40900,,,,,,
marker_sync,1147,1684000,,,,,,
append,1148,3356499,,,,,,
encode,1148,5400,,,,,,
data_write,1148,60200,,,,,,
data_sync,1148,1670399,,,,,,
marker_write,1148,41200,,,,,,
marker_sync,1148,1577000,,,,,,
append,1149,4121999,,,,,,
encode,1149,3400,,,,,,
data_write,1149,47000,,,,,,
data_sync,1149,1661099,,,,,,
marker_write,1149,63500,,,,,,
marker_sync,1149,2343300,,,,,,
append,1150,4457199,,,,,,
encode,1150,5900,,,,,,
data_write,1150,76700,,,,,,
data_sync,1150,2088899,,,,,,
marker_write,1150,60300,,,,,,
marker_sync,1150,2220900,,,,,,
append,1151,4258098,,,,,,
encode,1151,6800,,,,,,
data_write,1151,86000,,,,,,
data_sync,1151,2111999,,,,,,
marker_write,1151,69600,,,,,,
marker_sync,1151,1979799,,,,,,
append,1152,3587899,,,,,,
encode,1152,5600,,,,,,
data_write,1152,72300,,,,,,
data_sync,1152,1815000,,,,,,
marker_write,1152,44200,,,,,,
marker_sync,1152,1648099,,,,,,
append,1153,3913999,,,,,,
encode,1153,2800,,,,,,
data_write,1153,51500,,,,,,
data_sync,1153,1890400,,,,,,
marker_write,1153,67800,,,,,,
marker_sync,1153,1897399,,,,,,
append,1154,3490999,,,,,,
encode,1154,6100,,,,,,
data_write,1154,68300,,,,,,
data_sync,1154,1717300,,,,,,
marker_write,1154,55600,,,,,,
marker_sync,1154,1641099,,,,,,
append,1155,3241499,,,,,,
encode,1155,5500,,,,,,
data_write,1155,63900,,,,,,
data_sync,1155,1609200,,,,,,
marker_write,1155,41200,,,,,,
marker_sync,1155,1519199,,,,,,
append,1156,3107900,,,,,,
encode,1156,4300,,,,,,
data_write,1156,46700,,,,,,
data_sync,1156,1534000,,,,,,
marker_write,1156,39300,,,,,,
marker_sync,1156,1481700,,,,,,
append,1157,3112099,,,,,,
encode,1157,3300,,,,,,
data_write,1157,42700,,,,,,
data_sync,1157,1542899,,,,,,
marker_write,1157,35800,,,,,,
marker_sync,1157,1484700,,,,,,
append,1158,3882299,,,,,,
encode,1158,4000,,,,,,
data_write,1158,40700,,,,,,
data_sync,1158,2012899,,,,,,
marker_write,1158,63500,,,,,,
marker_sync,1158,1757400,,,,,,
append,1159,3282699,,,,,,
encode,1159,6000,,,,,,
data_write,1159,77700,,,,,,
data_sync,1159,1597499,,,,,,
marker_write,1159,39900,,,,,,
marker_sync,1159,1559300,,,,,,
append,1160,3061999,,,,,,
encode,1160,3600,,,,,,
data_write,1160,44100,,,,,,
data_sync,1160,1473499,,,,,,
marker_write,1160,32800,,,,,,
marker_sync,1160,1506300,,,,,,
append,1161,3024299,,,,,,
encode,1161,3500,,,,,,
data_write,1161,43700,,,,,,
data_sync,1161,1493899,,,,,,
marker_write,1161,34100,,,,,,
marker_sync,1161,1447300,,,,,,
append,1162,3217599,,,,,,
encode,1162,2500,,,,,,
data_write,1162,38500,,,,,,
data_sync,1162,1517000,,,,,,
marker_write,1162,38500,,,,,,
marker_sync,1162,1618199,,,,,,
append,1163,3886899,,,,,,
encode,1163,4000,,,,,,
data_write,1163,56100,,,,,,
data_sync,1163,1991399,,,,,,
marker_write,1163,57600,,,,,,
marker_sync,1163,1775300,,,,,,
append,1164,3183899,,,,,,
encode,1164,4400,,,,,,
data_write,1164,51900,,,,,,
data_sync,1164,1582200,,,,,,
marker_write,1164,41000,,,,,,
marker_sync,1164,1502099,,,,,,
append,1165,3159099,,,,,,
encode,1165,4200,,,,,,
data_write,1165,46700,,,,,,
data_sync,1165,1553900,,,,,,
marker_write,1165,40600,,,,,,
marker_sync,1165,1510899,,,,,,
append,1166,3211799,,,,,,
encode,1166,5000,,,,,,
data_write,1166,58100,,,,,,
data_sync,1166,1564500,,,,,,
marker_write,1166,39400,,,,,,
marker_sync,1166,1542399,,,,,,
append,1167,3266499,,,,,,
encode,1167,3800,,,,,,
data_write,1167,51000,,,,,,
data_sync,1167,1545900,,,,,,
marker_write,1167,39100,,,,,,
marker_sync,1167,1622999,,,,,,
append,1168,3486099,,,,,,
encode,1168,5600,,,,,,
data_write,1168,61500,,,,,,
data_sync,1168,1794900,,,,,,
marker_write,1168,64700,,,,,,
marker_sync,1168,1556199,,,,,,
append,1169,3037500,,,,,,
encode,1169,4700,,,,,,
data_write,1169,53500,,,,,,
data_sync,1169,1456000,,,,,,
marker_write,1169,34700,,,,,,
marker_sync,1169,1486900,,,,,,
append,1170,2999099,,,,,,
encode,1170,3300,,,,,,
data_write,1170,48700,,,,,,
data_sync,1170,1471799,,,,,,
marker_write,1170,35700,,,,,,
marker_sync,1170,1437900,,,,,,
append,1171,2962899,,,,,,
encode,1171,2900,,,,,,
data_write,1171,43300,,,,,,
data_sync,1171,1431599,,,,,,
marker_write,1171,35200,,,,,,
marker_sync,1171,1448800,,,,,,
append,1172,3181199,,,,,,
encode,1172,2500,,,,,,
data_write,1172,42900,,,,,,
data_sync,1172,1436200,,,,,,
marker_write,1172,38300,,,,,,
marker_sync,1172,1657599,,,,,,
append,1173,3566699,,,,,,
encode,1173,5500,,,,,,
data_write,1173,57900,,,,,,
data_sync,1173,1765500,,,,,,
marker_write,1173,47300,,,,,,
marker_sync,1173,1687099,,,,,,
append,1174,3439499,,,,,,
encode,1174,4800,,,,,,
data_write,1174,57800,,,,,,
data_sync,1174,1571400,,,,,,
marker_write,1174,39600,,,,,,
marker_sync,1174,1762699,,,,,,
append,1175,3172399,,,,,,
encode,1175,4600,,,,,,
data_write,1175,50300,,,,,,
data_sync,1175,1516600,,,,,,
marker_write,1175,37700,,,,,,
marker_sync,1175,1560899,,,,,,
append,1176,3158699,,,,,,
encode,1176,3800,,,,,,
data_write,1176,47700,,,,,,
data_sync,1176,1555200,,,,,,
marker_write,1176,37000,,,,,,
marker_sync,1176,1512799,,,,,,
append,1177,3247899,,,,,,
encode,1177,3200,,,,,,
data_write,1177,41200,,,,,,
data_sync,1177,1558800,,,,,,
marker_write,1177,50000,,,,,,
marker_sync,1177,1592299,,,,,,
append,1178,3392799,,,,,,
encode,1178,4200,,,,,,
data_write,1178,49100,,,,,,
data_sync,1178,1658800,,,,,,
marker_write,1178,39800,,,,,,
marker_sync,1178,1638099,,,,,,
append,1179,3084200,,,,,,
encode,1179,3700,,,,,,
data_write,1179,45700,,,,,,
data_sync,1179,1484700,,,,,,
marker_write,1179,37500,,,,,,
marker_sync,1179,1509400,,,,,,
append,1180,3026199,,,,,,
encode,1180,3600,,,,,,
data_write,1180,46800,,,,,,
data_sync,1180,1468799,,,,,,
marker_write,1180,35700,,,,,,
marker_sync,1180,1469400,,,,,,
append,1181,2987599,,,,,,
encode,1181,3500,,,,,,
data_write,1181,44400,,,,,,
data_sync,1181,1459199,,,,,,
marker_write,1181,36300,,,,,,
marker_sync,1181,1442600,,,,,,
append,1182,3394999,,,,,,
encode,1182,3300,,,,,,
data_write,1182,42300,,,,,,
data_sync,1182,1585100,,,,,,
marker_write,1182,46299,,,,,,
marker_sync,1182,1714700,,,,,,
append,1183,3092799,,,,,,
encode,1183,4500,,,,,,
data_write,1183,51100,,,,,,
data_sync,1183,1512500,,,,,,
marker_write,1183,39300,,,,,,
marker_sync,1183,1483099,,,,,,
append,1184,3024999,,,,,,
encode,1184,4100,,,,,,
data_write,1184,48800,,,,,,
data_sync,1184,1441800,,,,,,
marker_write,1184,36900,,,,,,
marker_sync,1184,1491299,,,,,,
append,1185,2920800,,,,,,
encode,1185,3000,,,,,,
data_write,1185,44600,,,,,,
data_sync,1185,1424100,,,,,,
marker_write,1185,33900,,,,,,
marker_sync,1185,1412600,,,,,,
append,1186,3131399,,,,,,
encode,1186,4100,,,,,,
data_write,1186,49399,,,,,,
data_sync,1186,1581400,,,,,,
marker_write,1186,38300,,,,,,
marker_sync,1186,1456500,,,,,,
append,1187,3153099,,,,,,
encode,1187,4100,,,,,,
data_write,1187,45500,,,,,,
data_sync,1187,1483499,,,,,,
marker_write,1187,38300,,,,,,
marker_sync,1187,1579300,,,,,,
append,1188,3288499,,,,,,
encode,1188,5200,,,,,,
data_write,1188,61900,,,,,,
data_sync,1188,1609299,,,,,,
marker_write,1188,44800,,,,,,
marker_sync,1188,1565200,,,,,,
append,1189,3185899,,,,,,
encode,1189,3800,,,,,,
data_write,1189,202100,,,,,,
data_sync,1189,1465699,,,,,,
marker_write,1189,36500,,,,,,
marker_sync,1189,1476000,,,,,,
append,1190,2923699,,,,,,
encode,1190,3400,,,,,,
data_write,1190,43600,,,,,,
data_sync,1190,1422200,,,,,,
marker_write,1190,35500,,,,,,
marker_sync,1190,1417899,,,,,,
append,1191,3009099,,,,,,
encode,1191,2400,,,,,,
data_write,1191,48700,,,,,,
data_sync,1191,1525200,,,,,,
marker_write,1191,36900,,,,,,
marker_sync,1191,1394099,,,,,,
append,1192,2978299,,,,,,
encode,1192,3400,,,,,,
data_write,1192,42100,,,,,,
data_sync,1192,1391500,,,,,,
marker_write,1192,35800,,,,,,
marker_sync,1192,1503299,,,,,,
append,1193,3076700,,,,,,
encode,1193,3900,,,,,,
data_write,1193,49200,,,,,,
data_sync,1193,1527900,,,,,,
marker_write,1193,38700,,,,,,
marker_sync,1193,1455100,,,,,,
append,1194,3022099,,,,,,
encode,1194,3200,,,,,,
data_write,1194,46000,,,,,,
data_sync,1194,1392799,,,,,,
marker_write,1194,35900,,,,,,
marker_sync,1194,1542500,,,,,,
append,1195,3166299,,,,,,
encode,1195,3800,,,,,,
data_write,1195,45600,,,,,,
data_sync,1195,1514499,,,,,,
marker_write,1195,38700,,,,,,
marker_sync,1195,1561100,,,,,,
append,1196,2984599,,,,,,
encode,1196,3600,,,,,,
data_write,1196,46700,,,,,,
data_sync,1196,1479399,,,,,,
marker_write,1196,34100,,,,,,
marker_sync,1196,1419700,,,,,,
append,1197,2871899,,,,,,
encode,1197,3000,,,,,,
data_write,1197,39500,,,,,,
data_sync,1197,1381500,,,,,,
marker_write,1197,32700,,,,,,
marker_sync,1197,1413999,,,,,,
append,1198,3363699,,,,,,
encode,1198,3600,,,,,,
data_write,1198,47100,,,,,,
data_sync,1198,1710100,,,,,,
marker_write,1198,38600,,,,,,
marker_sync,1198,1562399,,,,,,
append,1199,3195099,,,,,,
encode,1199,3200,,,,,,
data_write,1199,42500,,,,,,
data_sync,1199,1520100,,,,,,
marker_write,1199,34800,,,,,,
marker_sync,1199,1592199,,,,,,
append,1200,3468399,,,,,,
encode,1200,4400,,,,,,
data_write,1200,59200,,,,,,
data_sync,1200,1654100,,,,,,
marker_write,1200,40500,,,,,,
marker_sync,1200,1706799,,,,,,
append,1201,3220400,,,,,,
encode,1201,3700,,,,,,
data_write,1201,44700,,,,,,
data_sync,1201,1571500,,,,,,
marker_write,1201,35200,,,,,,
marker_sync,1201,1563300,,,,,,
append,1202,3146599,,,,,,
encode,1202,3900,,,,,,
data_write,1202,40800,,,,,,
data_sync,1202,1517999,,,,,,
marker_write,1202,33800,,,,,,
marker_sync,1202,1548700,,,,,,
append,1203,3218899,,,,,,
encode,1203,3600,,,,,,
data_write,1203,43800,,,,,,
data_sync,1203,1538099,,,,,,
marker_write,1203,38000,,,,,,
marker_sync,1203,1592900,,,,,,
append,1204,3089099,,,,,,
encode,1204,3700,,,,,,
data_write,1204,46400,,,,,,
data_sync,1204,1506199,,,,,,
marker_write,1204,34800,,,,,,
marker_sync,1204,1496300,,,,,,
append,1205,3089999,,,,,,
encode,1205,3900,,,,,,
data_write,1205,41200,,,,,,
data_sync,1205,1514400,,,,,,
marker_write,1205,36100,,,,,,
marker_sync,1205,1492499,,,,,,
append,1206,3109899,,,,,,
encode,1206,3700,,,,,,
data_write,1206,38200,,,,,,
data_sync,1206,1496000,,,,,,
marker_write,1206,36000,,,,,,
marker_sync,1206,1534099,,,,,,
append,1207,3113099,,,,,,
encode,1207,3300,,,,,,
data_write,1207,42900,,,,,,
data_sync,1207,1470900,,,,,,
marker_write,1207,37600,,,,,,
marker_sync,1207,1555499,,,,,,
append,1208,3388899,,,,,,
encode,1208,5200,,,,,,
data_write,1208,61300,,,,,,
data_sync,1208,1662700,,,,,,
marker_write,1208,39900,,,,,,
marker_sync,1208,1617599,,,,,,
append,1209,3212000,,,,,,
encode,1209,4400,,,,,,
data_write,1209,53100,,,,,,
data_sync,1209,1504700,,,,,,
marker_write,1209,77200,,,,,,
marker_sync,1209,1569100,,,,,,
append,1210,3330899,,,,,,
encode,1210,4200,,,,,,
data_write,1210,54500,,,,,,
data_sync,1210,1632799,,,,,,
marker_write,1210,47900,,,,,,
marker_sync,1210,1589000,,,,,,
append,1211,3183299,,,,,,
encode,1211,4200,,,,,,
data_write,1211,47100,,,,,,
data_sync,1211,1555099,,,,,,
marker_write,1211,45200,,,,,,
marker_sync,1211,1529100,,,,,,
append,1212,3155999,,,,,,
encode,1212,4800,,,,,,
data_write,1212,54600,,,,,,
data_sync,1212,1455999,,,,,,
marker_write,1212,37600,,,,,,
marker_sync,1212,1600900,,,,,,
append,1213,3749799,,,,,,
encode,1213,4500,,,,,,
data_write,1213,48200,,,,,,
data_sync,1213,1922499,,,,,,
marker_write,1213,42500,,,,,,
marker_sync,1213,1729300,,,,,,
append,1214,3145399,,,,,,
encode,1214,3700,,,,,,
data_write,1214,46500,,,,,,
data_sync,1214,1636799,,,,,,
marker_write,1214,39300,,,,,,
marker_sync,1214,1416100,,,,,,
append,1215,3164799,,,,,,
encode,1215,3400,,,,,,
data_write,1215,44000,,,,,,
data_sync,1215,1606399,,,,,,
marker_write,1215,47700,,,,,,
marker_sync,1215,1460900,,,,,,
append,1216,3728299,,,,,,
encode,1216,4100,,,,,,
data_write,1216,51500,,,,,,
data_sync,1216,1717900,,,,,,
marker_write,1216,56900,,,,,,
marker_sync,1216,1893699,,,,,,
append,1217,3965699,,,,,,
encode,1217,4200,,,,,,
data_write,1217,69600,,,,,,
data_sync,1217,2051299,,,,,,
marker_write,1217,93300,,,,,,
marker_sync,1217,1743900,,,,,,
append,1218,3650599,,,,,,
encode,1218,5000,,,,,,
data_write,1218,68400,,,,,,
data_sync,1218,1962299,,,,,,
marker_write,1218,35800,,,,,,
marker_sync,1218,1576200,,,,,,
append,1219,3170599,,,,,,
encode,1219,3600,,,,,,
data_write,1219,43400,,,,,,
data_sync,1219,1503599,,,,,,
marker_write,1219,37100,,,,,,
marker_sync,1219,1580300,,,,,,
append,1220,3467899,,,,,,
encode,1220,4000,,,,,,
data_write,1220,51700,,,,,,
data_sync,1220,1781799,,,,,,
marker_write,1220,42400,,,,,,
marker_sync,1220,1584800,,,,,,
append,1221,3276099,,,,,,
encode,1221,5700,,,,,,
data_write,1221,47700,,,,,,
data_sync,1221,1544000,,,,,,
marker_write,1221,38600,,,,,,
marker_sync,1221,1636699,,,,,,
append,1222,3129399,,,,,,
encode,1222,3900,,,,,,
data_write,1222,46500,,,,,,
data_sync,1222,1538000,,,,,,
marker_write,1222,40500,,,,,,
marker_sync,1222,1497599,,,,,,
append,1223,3029499,,,,,,
encode,1223,3700,,,,,,
data_write,1223,47500,,,,,,
data_sync,1223,1509200,,,,,,
marker_write,1223,34100,,,,,,
marker_sync,1223,1432399,,,,,,
append,1224,2962000,,,,,,
encode,1224,3700,,,,,,
data_write,1224,48900,,,,,,
data_sync,1224,1460000,,,,,,
marker_write,1224,37900,,,,,,
marker_sync,1224,1409300,,,,,,
append,1225,3130499,,,,,,
encode,1225,3900,,,,,,
data_write,1225,40300,,,,,,
data_sync,1225,1526099,,,,,,
marker_write,1225,35200,,,,,,
marker_sync,1225,1522900,,,,,,
append,1226,2954299,,,,,,
encode,1226,4300,,,,,,
data_write,1226,45800,,,,,,
data_sync,1226,1468199,,,,,,
marker_write,1226,36000,,,,,,
marker_sync,1226,1397600,,,,,,
append,1227,3079399,,,,,,
encode,1227,3100,,,,,,
data_write,1227,39900,,,,,,
data_sync,1227,1517099,,,,,,
marker_write,1227,33900,,,,,,
marker_sync,1227,1483700,,,,,,
append,1228,3067799,,,,,,
encode,1228,3500,,,,,,
data_write,1228,38500,,,,,,
data_sync,1228,1486800,,,,,,
marker_write,1228,33200,,,,,,
marker_sync,1228,1504199,,,,,,
append,1229,3128399,,,,,,
encode,1229,3400,,,,,,
data_write,1229,43600,,,,,,
data_sync,1229,1554300,,,,,,
marker_write,1229,33500,,,,,,
marker_sync,1229,1492199,,,,,,
append,1230,3142199,,,,,,
encode,1230,3100,,,,,,
data_write,1230,42100,,,,,,
data_sync,1230,1501400,,,,,,
marker_write,1230,30600,,,,,,
marker_sync,1230,1562999,,,,,,
append,1231,3119400,,,,,,
encode,1231,3600,,,,,,
data_write,1231,43800,,,,,,
data_sync,1231,1576700,,,,,,
marker_write,1231,37200,,,,,,
marker_sync,1231,1456400,,,,,,
append,1232,3310499,,,,,,
encode,1232,3200,,,,,,
data_write,1232,38100,,,,,,
data_sync,1232,1560099,,,,,,
marker_write,1232,46200,,,,,,
marker_sync,1232,1660500,,,,,,
append,1233,3509899,,,,,,
encode,1233,5400,,,,,,
data_write,1233,60400,,,,,,
data_sync,1233,1656499,,,,,,
marker_write,1233,36700,,,,,,
marker_sync,1233,1747900,,,,,,
append,1234,3110699,,,,,,
encode,1234,4400,,,,,,
data_write,1234,52000,,,,,,
data_sync,1234,1550999,,,,,,
marker_write,1234,33400,,,,,,
marker_sync,1234,1468000,,,,,,
append,1235,3175999,,,,,,
encode,1235,3300,,,,,,
data_write,1235,44300,,,,,,
data_sync,1235,1542099,,,,,,
marker_write,1235,33000,,,,,,
marker_sync,1235,1550900,,,,,,
append,1236,3151199,,,,,,
encode,1236,3700,,,,,,
data_write,1236,45600,,,,,,
data_sync,1236,1558899,,,,,,
marker_write,1236,32200,,,,,,
marker_sync,1236,1509400,,,,,,
append,1237,3161599,,,,,,
encode,1237,2800,,,,,,
data_write,1237,37500,,,,,,
data_sync,1237,1578500,,,,,,
marker_write,1237,39000,,,,,,
marker_sync,1237,1502099,,,,,,
append,1238,3158799,,,,,,
encode,1238,3900,,,,,,
data_write,1238,40100,,,,,,
data_sync,1238,1503900,,,,,,
marker_write,1238,46300,,,,,,
marker_sync,1238,1562299,,,,,,
append,1239,3074399,,,,,,
encode,1239,3300,,,,,,
data_write,1239,44600,,,,,,
data_sync,1239,1527900,,,,,,
marker_write,1239,38200,,,,,,
marker_sync,1239,1457299,,,,,,
append,1240,3132400,,,,,,
encode,1240,4300,,,,,,
data_write,1240,52600,,,,,,
data_sync,1240,1589600,,,,,,
marker_write,1240,39700,,,,,,
marker_sync,1240,1444500,,,,,,
append,1241,3117799,,,,,,
encode,1241,3500,,,,,,
data_write,1241,42500,,,,,,
data_sync,1241,1598299,,,,,,
marker_write,1241,39700,,,,,,
marker_sync,1241,1432100,,,,,,
append,1242,2962399,,,,,,
encode,1242,3700,,,,,,
data_write,1242,44500,,,,,,
data_sync,1242,1485599,,,,,,
marker_write,1242,36800,,,,,,
marker_sync,1242,1390300,,,,,,
append,1243,3110699,,,,,,
encode,1243,3200,,,,,,
data_write,1243,43700,,,,,,
data_sync,1243,1387699,,,,,,
marker_write,1243,34000,,,,,,
marker_sync,1243,1640400,,,,,,
append,1244,2961799,,,,,,
encode,1244,3000,,,,,,
data_write,1244,41400,,,,,,
data_sync,1244,1426000,,,,,,
marker_write,1244,37000,,,,,,
marker_sync,1244,1452799,,,,,,
append,1245,2990499,,,,,,
encode,1245,3100,,,,,,
data_write,1245,44000,,,,,,
data_sync,1245,1405400,,,,,,
marker_write,1245,32600,,,,,,
marker_sync,1245,1503299,,,,,,
append,1246,3237899,,,,,,
encode,1246,3500,,,,,,
data_write,1246,53700,,,,,,
data_sync,1246,1558000,,,,,,
marker_write,1246,35000,,,,,,
marker_sync,1246,1585599,,,,,,
append,1247,2947000,,,,,,
encode,1247,3200,,,,,,
data_write,1247,45300,,,,,,
data_sync,1247,1384900,,,,,,
marker_write,1247,35000,,,,,,
marker_sync,1247,1476700,,,,,,
append,1248,3108299,,,,,,
encode,1248,4100,,,,,,
data_write,1248,50700,,,,,,
data_sync,1248,1493699,,,,,,
marker_write,1248,37000,,,,,,
marker_sync,1248,1520900,,,,,,
append,1249,3104599,,,,,,
encode,1249,3500,,,,,,
data_write,1249,50900,,,,,,
data_sync,1249,1530499,,,,,,
marker_write,1249,42300,,,,,,
marker_sync,1249,1474700,,,,,,
append,1250,3205799,,,,,,
encode,1250,4300,,,,,,
data_write,1250,48000,,,,,,
data_sync,1250,1599699,,,,,,
marker_write,1250,44800,,,,,,
marker_sync,1250,1506200,,,,,,
append,1251,3100899,,,,,,
encode,1251,3500,,,,,,
data_write,1251,50000,,,,,,
data_sync,1251,1483500,,,,,,
marker_write,1251,39400,,,,,,
marker_sync,1251,1520999,,,,,,
append,1252,3730499,,,,,,
encode,1252,6200,,,,,,
data_write,1252,74800,,,,,,
data_sync,1252,1705600,,,,,,
marker_write,1252,41700,,,,,,
marker_sync,1252,1898399,,,,,,
append,1253,3623499,,,,,,
encode,1253,5300,,,,,,
data_write,1253,61700,,,,,,
data_sync,1253,1692600,,,,,,
marker_write,1253,47900,,,,,,
marker_sync,1253,1812599,,,,,,
append,1254,3082799,,,,,,
encode,1254,4100,,,,,,
data_write,1254,51400,,,,,,
data_sync,1254,1520800,,,,,,
marker_write,1254,47100,,,,,,
marker_sync,1254,1457199,,,,,,
append,1255,2982899,,,,,,
encode,1255,3800,,,,,,
data_write,1255,51100,,,,,,
data_sync,1255,1394800,,,,,,
marker_write,1255,39300,,,,,,
marker_sync,1255,1490299,,,,,,
append,1256,2932600,,,,,,
encode,1256,4800,,,,,,
data_write,1256,56500,,,,,,
data_sync,1256,1442100,,,,,,
marker_write,1256,39300,,,,,,
marker_sync,1256,1386600,,,,,,
append,1257,3347899,,,,,,
encode,1257,5100,,,,,,
data_write,1257,57700,,,,,,
data_sync,1257,1534399,,,,,,
marker_write,1257,45600,,,,,,
marker_sync,1257,1702700,,,,,,
append,1258,3362899,,,,,,
encode,1258,3800,,,,,,
data_write,1258,53700,,,,,,
data_sync,1258,1712299,,,,,,
marker_write,1258,45800,,,,,,
marker_sync,1258,1544600,,,,,,
append,1259,2997299,,,,,,
encode,1259,4400,,,,,,
data_write,1259,50100,,,,,,
data_sync,1259,1481699,,,,,,
marker_write,1259,38800,,,,,,
marker_sync,1259,1420300,,,,,,
append,1260,3054799,,,,,,
encode,1260,3600,,,,,,
data_write,1260,61900,,,,,,
data_sync,1260,1486899,,,,,,
marker_write,1260,36800,,,,,,
marker_sync,1260,1463800,,,,,,
append,1261,3036199,,,,,,
encode,1261,3700,,,,,,
data_write,1261,46400,,,,,,
data_sync,1261,1513800,,,,,,
marker_write,1261,36200,,,,,,
marker_sync,1261,1434499,,,,,,
append,1262,3366099,,,,,,
encode,1262,3600,,,,,,
data_write,1262,41100,,,,,,
data_sync,1262,1563600,,,,,,
marker_write,1262,38800,,,,,,
marker_sync,1262,1716499,,,,,,
append,1263,3126199,,,,,,
encode,1263,4800,,,,,,
data_write,1263,49000,,,,,,
data_sync,1263,1520600,,,,,,
marker_write,1263,39700,,,,,,
marker_sync,1263,1510299,,,,,,
append,1264,3229599,,,,,,
encode,1264,3400,,,,,,
data_write,1264,46700,,,,,,
data_sync,1264,1636000,,,,,,
marker_write,1264,42600,,,,,,
marker_sync,1264,1498499,,,,,,
append,1265,2950000,,,,,,
encode,1265,4200,,,,,,
data_write,1265,46800,,,,,,
data_sync,1265,1343600,,,,,,
marker_write,1265,36600,,,,,,
marker_sync,1265,1516600,,,,,,
append,1266,2920799,,,,,,
encode,1266,4000,,,,,,
data_write,1266,43500,,,,,,
data_sync,1266,1436399,,,,,,
marker_write,1266,39400,,,,,,
marker_sync,1266,1395100,,,,,,
append,1267,2965399,,,,,,
encode,1267,4300,,,,,,
data_write,1267,44700,,,,,,
data_sync,1267,1401199,,,,,,
marker_write,1267,30100,,,,,,
marker_sync,1267,1483200,,,,,,
append,1268,2893999,,,,,,
encode,1268,4200,,,,,,
data_write,1268,51000,,,,,,
data_sync,1268,1418800,,,,,,
marker_write,1268,41500,,,,,,
marker_sync,1268,1375799,,,,,,
append,1269,2986899,,,,,,
encode,1269,5300,,,,,,
data_write,1269,53400,,,,,,
data_sync,1269,1474600,,,,,,
marker_write,1269,41700,,,,,,
marker_sync,1269,1409699,,,,,,
append,1270,3247699,,,,,,
encode,1270,4200,,,,,,
data_write,1270,54400,,,,,,
data_sync,1270,1470200,,,,,,
marker_write,1270,54400,,,,,,
marker_sync,1270,1661899,,,,,,
append,1271,3201400,,,,,,
encode,1271,4700,,,,,,
data_write,1271,61700,,,,,,
data_sync,1271,1583000,,,,,,
marker_write,1271,54800,,,,,,
marker_sync,1271,1494600,,,,,,
append,1272,3087299,,,,,,
encode,1272,4100,,,,,,
data_write,1272,53500,,,,,,
data_sync,1272,1618399,,,,,,
marker_write,1272,45200,,,,,,
marker_sync,1272,1363400,,,,,,
append,1273,3187899,,,,,,
encode,1273,3900,,,,,,
data_write,1273,50700,,,,,,
data_sync,1273,1736099,,,,,,
marker_write,1273,40400,,,,,,
marker_sync,1273,1355000,,,,,,
append,1274,2874899,,,,,,
encode,1274,3600,,,,,,
data_write,1274,84200,,,,,,
data_sync,1274,1457499,,,,,,
marker_write,1274,33700,,,,,,
marker_sync,1274,1294200,,,,,,
append,1275,2774499,,,,,,
encode,1275,3300,,,,,,
data_write,1275,37100,,,,,,
data_sync,1275,1371700,,,,,,
marker_write,1275,30100,,,,,,
marker_sync,1275,1331199,,,,,,
append,1276,2788299,,,,,,
encode,1276,2400,,,,,,
data_write,1276,37400,,,,,,
data_sync,1276,1369300,,,,,,
marker_write,1276,34400,,,,,,
marker_sync,1276,1343499,,,,,,
append,1277,2818300,,,,,,
encode,1277,2600,,,,,,
data_write,1277,37300,,,,,,
data_sync,1277,1363300,,,,,,
marker_write,1277,29300,,,,,,
marker_sync,1277,1384400,,,,,,
append,1278,3462099,,,,,,
encode,1278,3300,,,,,,
data_write,1278,43900,,,,,,
data_sync,1278,1610999,,,,,,
marker_write,1278,46700,,,,,,
marker_sync,1278,1754900,,,,,,
append,1279,3006999,,,,,,
encode,1279,4300,,,,,,
data_write,1279,58400,,,,,,
data_sync,1279,1483799,,,,,,
marker_write,1279,40600,,,,,,
marker_sync,1279,1417000,,,,,,
append,1280,3065399,,,,,,
encode,1280,3600,,,,,,
data_write,1280,46900,,,,,,
data_sync,1280,1478399,,,,,,
marker_write,1280,25000,,,,,,
marker_sync,1280,1509000,,,,,,
append,1281,3000299,,,,,,
encode,1281,2500,,,,,,
data_write,1281,45000,,,,,,
data_sync,1281,1462900,,,,,,
marker_write,1281,33900,,,,,,
marker_sync,1281,1453299,,,,,,
append,1282,3023299,,,,,,
encode,1282,4600,,,,,,
data_write,1282,50100,,,,,,
data_sync,1282,1481400,,,,,,
marker_write,1282,45100,,,,,,
marker_sync,1282,1440099,,,,,,
append,1283,3232699,,,,,,
encode,1283,3700,,,,,,
data_write,1283,46200,,,,,,
data_sync,1283,1414500,,,,,,
marker_write,1283,32200,,,,,,
marker_sync,1283,1733399,,,,,,
append,1284,3297200,,,,,,
encode,1284,4300,,,,,,
data_write,1284,62800,,,,,,
data_sync,1284,1652300,,,,,,
marker_write,1284,53400,,,,,,
marker_sync,1284,1520000,,,,,,
append,1285,3669299,,,,,,
encode,1285,5500,,,,,,
data_write,1285,64600,,,,,,
data_sync,1285,1717699,,,,,,
marker_write,1285,57400,,,,,,
marker_sync,1285,1819000,,,,,,
append,1286,3422599,,,,,,
encode,1286,6100,,,,,,
data_write,1286,61400,,,,,,
data_sync,1286,1661799,,,,,,
marker_write,1286,57400,,,,,,
marker_sync,1286,1633100,,,,,,
append,1287,3257899,,,,,,
encode,1287,5800,,,,,,
data_write,1287,50000,,,,,,
data_sync,1287,1644799,,,,,,
marker_write,1287,42800,,,,,,
marker_sync,1287,1511500,,,,,,
append,1288,3654499,,,,,,
encode,1288,3600,,,,,,
data_write,1288,43400,,,,,,
data_sync,1288,1604699,,,,,,
marker_write,1288,44200,,,,,,
marker_sync,1288,1955100,,,,,,
append,1289,3376599,,,,,,
encode,1289,4400,,,,,,
data_write,1289,53400,,,,,,
data_sync,1289,1685499,,,,,,
marker_write,1289,37600,,,,,,
marker_sync,1289,1593000,,,,,,
append,1290,3562799,,,,,,
encode,1290,3700,,,,,,
data_write,1290,52000,,,,,,
data_sync,1290,1728199,,,,,,
marker_write,1290,44100,,,,,,
marker_sync,1290,1732200,,,,,,
append,1291,3064299,,,,,,
encode,1291,4300,,,,,,
data_write,1291,47900,,,,,,
data_sync,1291,1492499,,,,,,
marker_write,1291,36300,,,,,,
marker_sync,1291,1480300,,,,,,
append,1292,3012699,,,,,,
encode,1292,4300,,,,,,
data_write,1292,57800,,,,,,
data_sync,1292,1437199,,,,,,
marker_write,1292,36900,,,,,,
marker_sync,1292,1474300,,,,,,
append,1293,4192599,,,,,,
encode,1293,3400,,,,,,
data_write,1293,46800,,,,,,
data_sync,1293,2471299,,,,,,
marker_write,1293,51700,,,,,,
marker_sync,1293,1616500,,,,,,
append,1294,4121999,,,,,,
encode,1294,5400,,,,,,
data_write,1294,59600,,,,,,
data_sync,1294,2095299,,,,,,
marker_write,1294,43400,,,,,,
marker_sync,1294,1916700,,,,,,
append,1295,3029699,,,,,,
encode,1295,3900,,,,,,
data_write,1295,72200,,,,,,
data_sync,1295,1509199,,,,,,
marker_write,1295,35700,,,,,,
marker_sync,1295,1406200,,,,,,
append,1296,3015599,,,,,,
encode,1296,3600,,,,,,
data_write,1296,44100,,,,,,
data_sync,1296,1473899,,,,,,
marker_write,1296,34100,,,,,,
marker_sync,1296,1458400,,,,,,
append,1297,3039999,,,,,,
encode,1297,3100,,,,,,
data_write,1297,38400,,,,,,
data_sync,1297,1431700,,,,,,
marker_write,1297,37300,,,,,,
marker_sync,1297,1526499,,,,,,
append,1298,3364599,,,,,,
encode,1298,4900,,,,,,
data_write,1298,51400,,,,,,
data_sync,1298,1493500,,,,,,
marker_write,1298,38400,,,,,,
marker_sync,1298,1774299,,,,,,
append,1299,2919999,,,,,,
encode,1299,3500,,,,,,
data_write,1299,47600,,,,,,
data_sync,1299,1466500,,,,,,
marker_write,1299,35800,,,,,,
marker_sync,1299,1364899,,,,,,
append,1300,2830900,,,,,,
encode,1300,2800,,,,,,
data_write,1300,41900,,,,,,
data_sync,1300,1403600,,,,,,
marker_write,1300,34800,,,,,,
marker_sync,1300,1346500,,,,,,
append,1301,2973099,,,,,,
encode,1301,2900,,,,,,
data_write,1301,83100,,,,,,
data_sync,1301,1455599,,,,,,
marker_write,1301,33600,,,,,,
marker_sync,1301,1396100,,,,,,
append,1302,3157299,,,,,,
encode,1302,3000,,,,,,
data_write,1302,41700,,,,,,
data_sync,1302,1498599,,,,,,
marker_write,1302,36100,,,,,,
marker_sync,1302,1576000,,,,,,
append,1303,2996599,,,,,,
encode,1303,3900,,,,,,
data_write,1303,48900,,,,,,
data_sync,1303,1480600,,,,,,
marker_write,1303,38100,,,,,,
marker_sync,1303,1423199,,,,,,
append,1304,2958499,,,,,,
encode,1304,3400,,,,,,
data_write,1304,44000,,,,,,
data_sync,1304,1421700,,,,,,
marker_write,1304,37300,,,,,,
marker_sync,1304,1450399,,,,,,
append,1305,2995999,,,,,,
encode,1305,3200,,,,,,
data_write,1305,44400,,,,,,
data_sync,1305,1460700,,,,,,
marker_write,1305,36300,,,,,,
marker_sync,1305,1449699,,,,,,
append,1306,2908700,,,,,,
encode,1306,3200,,,,,,
data_write,1306,42400,,,,,,
data_sync,1306,1392300,,,,,,
marker_write,1306,34300,,,,,,
marker_sync,1306,1434900,,,,,,
append,1307,2944899,,,,,,
encode,1307,3000,,,,,,
data_write,1307,40400,,,,,,
data_sync,1307,1414799,,,,,,
marker_write,1307,42400,,,,,,
marker_sync,1307,1441900,,,,,,
append,1308,3035699,,,,,,
encode,1308,3200,,,,,,
data_write,1308,44300,,,,,,
data_sync,1308,1533099,,,,,,
marker_write,1308,36300,,,,,,
marker_sync,1308,1416500,,,,,,
append,1309,3164299,,,,,,
encode,1309,3200,,,,,,
data_write,1309,44500,,,,,,
data_sync,1309,1419200,,,,,,
marker_write,1309,35100,,,,,,
marker_sync,1309,1660099,,,,,,
append,1310,3003999,,,,,,
encode,1310,4300,,,,,,
data_write,1310,48900,,,,,,
data_sync,1310,1482500,,,,,,
marker_write,1310,34800,,,,,,
marker_sync,1310,1431699,,,,,,
append,1311,2855099,,,,,,
encode,1311,3200,,,,,,
data_write,1311,40000,,,,,,
data_sync,1311,1398600,,,,,,
marker_write,1311,32000,,,,,,
marker_sync,1311,1379399,,,,,,
append,1312,3082100,,,,,,
encode,1312,2800,,,,,,
data_write,1312,38200,,,,,,
data_sync,1312,1392000,,,,,,
marker_write,1312,31900,,,,,,
marker_sync,1312,1614700,,,,,,
append,1313,3553999,,,,,,
encode,1313,5100,,,,,,
data_write,1313,60300,,,,,,
data_sync,1313,1755099,,,,,,
marker_write,1313,44300,,,,,,
marker_sync,1313,1686400,,,,,,
append,1314,2966299,,,,,,
encode,1314,3900,,,,,,
data_write,1314,42800,,,,,,
data_sync,1314,1505699,,,,,,
marker_write,1314,35400,,,,,,
marker_sync,1314,1376500,,,,,,
append,1315,2795099,,,,,,
encode,1315,3000,,,,,,
data_write,1315,41800,,,,,,
data_sync,1315,1356499,,,,,,
marker_write,1315,33900,,,,,,
marker_sync,1315,1358500,,,,,,
append,1316,3091599,,,,,,
encode,1316,3100,,,,,,
data_write,1316,38700,,,,,,
data_sync,1316,1441800,,,,,,
marker_write,1316,36100,,,,,,
marker_sync,1316,1570099,,,,,,
append,1317,2972399,,,,,,
encode,1317,3400,,,,,,
data_write,1317,43700,,,,,,
data_sync,1317,1479700,,,,,,
marker_write,1317,34800,,,,,,
marker_sync,1317,1407899,,,,,,
append,1318,3223499,,,,,,
encode,1318,3300,,,,,,
data_write,1318,47200,,,,,,
data_sync,1318,1644600,,,,,,
marker_write,1318,37100,,,,,,
marker_sync,1318,1488499,,,,,,
append,1319,2750500,,,,,,
encode,1319,3500,,,,,,
data_write,1319,43600,,,,,,
data_sync,1319,1342000,,,,,,
marker_write,1319,34000,,,,,,
marker_sync,1319,1326000,,,,,,
append,1320,2944399,,,,,,
encode,1320,3400,,,,,,
data_write,1320,40500,,,,,,
data_sync,1320,1479599,,,,,,
marker_write,1320,35100,,,,,,
marker_sync,1320,1384200,,,,,,
append,1321,2952999,,,,,,
encode,1321,4600,,,,,,
data_write,1321,44600,,,,,,
data_sync,1321,1399999,,,,,,
marker_write,1321,20300,,,,,,
marker_sync,1321,1481900,,,,,,
append,1322,2812599,,,,,,
encode,1322,2700,,,,,,
data_write,1322,40300,,,,,,
data_sync,1322,1397200,,,,,,
marker_write,1322,30100,,,,,,
marker_sync,1322,1340799,,,,,,
append,1323,2956999,,,,,,
encode,1323,3000,,,,,,
data_write,1323,42200,,,,,,
data_sync,1323,1394500,,,,,,
marker_write,1323,36500,,,,,,
marker_sync,1323,1479199,,,,,,
append,1324,2983200,,,,,,
encode,1324,2700,,,,,,
data_write,1324,40000,,,,,,
data_sync,1324,1486800,,,,,,
marker_write,1324,33600,,,,,,
marker_sync,1324,1418600,,,,,,
append,1325,2941099,,,,,,
encode,1325,3500,,,,,,
data_write,1325,40800,,,,,,
data_sync,1325,1426599,,,,,,
marker_write,1325,29400,,,,,,
marker_sync,1325,1439400,,,,,,
append,1326,3021699,,,,,,
encode,1326,2900,,,,,,
data_write,1326,37700,,,,,,
data_sync,1326,1453199,,,,,,
marker_write,1326,33700,,,,,,
marker_sync,1326,1492600,,,,,,
append,1327,3000799,,,,,,
encode,1327,2700,,,,,,
data_write,1327,42200,,,,,,
data_sync,1327,1471100,,,,,,
marker_write,1327,36899,,,,,,
marker_sync,1327,1446400,,,,,,
append,1328,3496399,,,,,,
encode,1328,2800,,,,,,
data_write,1328,38500,,,,,,
data_sync,1328,1508300,,,,,,
marker_write,1328,33500,,,,,,
marker_sync,1328,1911299,,,,,,
append,1329,3434599,,,,,,
encode,1329,4300,,,,,,
data_write,1329,57200,,,,,,
data_sync,1329,1796400,,,,,,
marker_write,1329,39200,,,,,,
marker_sync,1329,1535299,,,,,,
append,1330,3072999,,,,,,
encode,1330,4900,,,,,,
data_write,1330,55400,,,,,,
data_sync,1330,1484000,,,,,,
marker_write,1330,45600,,,,,,
marker_sync,1330,1479899,,,,,,
append,1331,3181599,,,,,,
encode,1331,4800,,,,,,
data_write,1331,52900,,,,,,
data_sync,1331,1522200,,,,,,
marker_write,1331,35200,,,,,,
marker_sync,1331,1564299,,,,,,
append,1332,3089900,,,,,,
encode,1332,4100,,,,,,
data_write,1332,53800,,,,,,
data_sync,1332,1505400,,,,,,
marker_write,1332,36800,,,,,,
marker_sync,1332,1487800,,,,,,
append,1333,3460499,,,,,,
encode,1333,3000,,,,,,
data_write,1333,41400,,,,,,
data_sync,1333,1557399,,,,,,
marker_write,1333,42100,,,,,,
marker_sync,1333,1814800,,,,,,
append,1334,3080999,,,,,,
encode,1334,3100,,,,,,
data_write,1334,48000,,,,,,
data_sync,1334,1510299,,,,,,
marker_write,1334,42900,,,,,,
marker_sync,1334,1474400,,,,,,
append,1335,3056599,,,,,,
encode,1335,3000,,,,,,
data_write,1335,43900,,,,,,
data_sync,1335,1497299,,,,,,
marker_write,1335,39900,,,,,,
marker_sync,1335,1470600,,,,,,
append,1336,3020599,,,,,,
encode,1336,3800,,,,,,
data_write,1336,46800,,,,,,
data_sync,1336,1443999,,,,,,
marker_write,1336,36500,,,,,,
marker_sync,1336,1487700,,,,,,
append,1337,3120799,,,,,,
encode,1337,4200,,,,,,
data_write,1337,53200,,,,,,
data_sync,1337,1541200,,,,,,
marker_write,1337,40500,,,,,,
marker_sync,1337,1479799,,,,,,
append,1338,3396899,,,,,,
encode,1338,3800,,,,,,
data_write,1338,43200,,,,,,
data_sync,1338,1545300,,,,,,
marker_write,1338,37200,,,,,,
marker_sync,1338,1765099,,,,,,
append,1339,3193199,,,,,,
encode,1339,4200,,,,,,
data_write,1339,44600,,,,,,
data_sync,1339,1565100,,,,,,
marker_write,1339,36400,,,,,,
marker_sync,1339,1540999,,,,,,
append,1340,3042600,,,,,,
encode,1340,3400,,,,,,
data_write,1340,43300,,,,,,
data_sync,1340,1499400,,,,,,
marker_write,1340,35900,,,,,,
marker_sync,1340,1459200,,,,,,
append,1341,3045599,,,,,,
encode,1341,3099,,,,,,
data_write,1341,42600,,,,,,
data_sync,1341,1474400,,,,,,
marker_write,1341,35000,,,,,,
marker_sync,1341,1488300,,,,,,
append,1342,3192899,,,,,,
encode,1342,3100,,,,,,
data_write,1342,42500,,,,,,
data_sync,1342,1573099,,,,,,
marker_write,1342,38200,,,,,,
marker_sync,1342,1534000,,,,,,
append,1343,3241299,,,,,,
encode,1343,4700,,,,,,
data_write,1343,50300,,,,,,
data_sync,1343,1555799,,,,,,
marker_write,1343,47300,,,,,,
marker_sync,1343,1581000,,,,,,
append,1344,3362099,,,,,,
encode,1344,4300,,,,,,
data_write,1344,45000,,,,,,
data_sync,1344,1514199,,,,,,
marker_write,1344,31400,,,,,,
marker_sync,1344,1764600,,,,,,
append,1345,3202599,,,,,,
encode,1345,3900,,,,,,
data_write,1345,57700,,,,,,
data_sync,1345,1585599,,,,,,
marker_write,1345,34200,,,,,,
marker_sync,1345,1519300,,,,,,
append,1346,3166199,,,,,,
encode,1346,4100,,,,,,
data_write,1346,55400,,,,,,
data_sync,1346,1499800,,,,,,
marker_write,1346,33100,,,,,,
marker_sync,1346,1571699,,,,,,
append,1347,3842699,,,,,,
encode,1347,3900,,,,,,
data_write,1347,40000,,,,,,
data_sync,1347,1879000,,,,,,
marker_write,1347,48000,,,,,,
marker_sync,1347,1868499,,,,,,
append,1348,4144699,,,,,,
encode,1348,5400,,,,,,
data_write,1348,85200,,,,,,
data_sync,1348,1792200,,,,,,
marker_write,1348,46200,,,,,,
marker_sync,1348,2209299,,,,,,
append,1349,3891699,,,,,,
encode,1349,8200,,,,,,
data_write,1349,100800,,,,,,
data_sync,1349,1955399,,,,,,
marker_write,1349,65200,,,,,,
marker_sync,1349,1758200,,,,,,
append,1350,3498699,,,,,,
encode,1350,7000,,,,,,
data_write,1350,67300,,,,,,
data_sync,1350,1691499,,,,,,
marker_write,1350,46100,,,,,,
marker_sync,1350,1684600,,,,,,
append,1351,3159499,,,,,,
encode,1351,4000,,,,,,
data_write,1351,45900,,,,,,
data_sync,1351,1598599,,,,,,
marker_write,1351,38600,,,,,,
marker_sync,1351,1470000,,,,,,
append,1352,3366199,,,,,,
encode,1352,5000,,,,,,
data_write,1352,50800,,,,,,
data_sync,1352,1640000,,,,,,
marker_write,1352,49700,,,,,,
marker_sync,1352,1618699,,,,,,
append,1353,3248399,,,,,,
encode,1353,4600,,,,,,
data_write,1353,54200,,,,,,
data_sync,1353,1470200,,,,,,
marker_write,1353,37400,,,,,,
marker_sync,1353,1679999,,,,,,
append,1354,3042499,,,,,,
encode,1354,4700,,,,,,
data_write,1354,57100,,,,,,
data_sync,1354,1478800,,,,,,
marker_write,1354,37600,,,,,,
marker_sync,1354,1462099,,,,,,
append,1355,3180599,,,,,,
encode,1355,4400,,,,,,
data_write,1355,52400,,,,,,
data_sync,1355,1457800,,,,,,
marker_write,1355,35500,,,,,,
marker_sync,1355,1627599,,,,,,
append,1356,3103200,,,,,,
encode,1356,4000,,,,,,
data_write,1356,58600,,,,,,
data_sync,1356,1551800,,,,,,
marker_write,1356,42600,,,,,,
marker_sync,1356,1444100,,,,,,
append,1357,3738299,,,,,,
encode,1357,3300,,,,,,
data_write,1357,80600,,,,,,
data_sync,1357,1790899,,,,,,
marker_write,1357,49400,,,,,,
marker_sync,1357,1810600,,,,,,
append,1358,3262599,,,,,,
encode,1358,4100,,,,,,
data_write,1358,55399,,,,,,
data_sync,1358,1543900,,,,,,
marker_write,1358,62700,,,,,,
marker_sync,1358,1593500,,,,,,
append,1359,3264599,,,,,,
encode,1359,4300,,,,,,
data_write,1359,57500,,,,,,
data_sync,1359,1588499,,,,,,
marker_write,1359,49500,,,,,,
marker_sync,1359,1562900,,,,,,
append,1360,3390999,,,,,,
encode,1360,3700,,,,,,
data_write,1360,52300,,,,,,
data_sync,1360,1677699,,,,,,
marker_write,1360,48300,,,,,,
marker_sync,1360,1605500,,,,,,
append,1361,3096599,,,,,,
encode,1361,4700,,,,,,
data_write,1361,47100,,,,,,
data_sync,1361,1486799,,,,,,
marker_write,1361,33800,,,,,,
marker_sync,1361,1520400,,,,,,
append,1362,3621699,,,,,,
encode,1362,5300,,,,,,
data_write,1362,56600,,,,,,
data_sync,1362,1764199,,,,,,
marker_write,1362,52300,,,,,,
marker_sync,1362,1739900,,,,,,
append,1363,3242399,,,,,,
encode,1363,3700,,,,,,
data_write,1363,46200,,,,,,
data_sync,1363,1650599,,,,,,
marker_write,1363,37200,,,,,,
marker_sync,1363,1502600,,,,,,
append,1364,3155999,,,,,,
encode,1364,3100,,,,,,
data_write,1364,43000,,,,,,
data_sync,1364,1530000,,,,,,
marker_write,1364,32900,,,,,,
marker_sync,1364,1544699,,,,,,
append,1365,3165199,,,,,,
encode,1365,5200,,,,,,
data_write,1365,53300,,,,,,
data_sync,1365,1534600,,,,,,
marker_write,1365,35600,,,,,,
marker_sync,1365,1534999,,,,,,
append,1366,3495799,,,,,,
encode,1366,3100,,,,,,
data_write,1366,42000,,,,,,
data_sync,1366,1639100,,,,,,
marker_write,1366,35700,,,,,,
marker_sync,1366,1773699,,,,,,
append,1367,3772299,,,,,,
encode,1367,3800,,,,,,
data_write,1367,45600,,,,,,
data_sync,1367,1931400,,,,,,
marker_write,1367,51200,,,,,,
marker_sync,1367,1736999,,,,,,
append,1368,3274999,,,,,,
encode,1368,5200,,,,,,
data_write,1368,52100,,,,,,
data_sync,1368,1681400,,,,,,
marker_write,1368,38800,,,,,,
marker_sync,1368,1494999,,,,,,
append,1369,3470799,,,,,,
encode,1369,4000,,,,,,
data_write,1369,44400,,,,,,
data_sync,1369,1575500,,,,,,
marker_write,1369,52600,,,,,,
marker_sync,1369,1791699,,,,,,
append,1370,3002699,,,,,,
encode,1370,5100,,,,,,
data_write,1370,60800,,,,,,
data_sync,1370,1510200,,,,,,
marker_write,1370,45000,,,,,,
marker_sync,1370,1379499,,,,,,
append,1371,3163100,,,,,,
encode,1371,4500,,,,,,
data_write,1371,50600,,,,,,
data_sync,1371,1449000,,,,,,
marker_write,1371,48200,,,,,,
marker_sync,1371,1607900,,,,,,
append,1372,2930899,,,,,,
encode,1372,3900,,,,,,
data_write,1372,47500,,,,,,
data_sync,1372,1492099,,,,,,
marker_write,1372,37200,,,,,,
marker_sync,1372,1347300,,,,,,
append,1373,2763499,,,,,,
encode,1373,3600,,,,,,
data_write,1373,46500,,,,,,
data_sync,1373,1348699,,,,,,
marker_write,1373,36200,,,,,,
marker_sync,1373,1326900,,,,,,
append,1374,2709199,,,,,,
encode,1374,2800,,,,,,
data_write,1374,45000,,,,,,
data_sync,1374,1307100,,,,,,
marker_write,1374,35400,,,,,,
marker_sync,1374,1317199,,,,,,
append,1375,2855099,,,,,,
encode,1375,3700,,,,,,
data_write,1375,45400,,,,,,
data_sync,1375,1420800,,,,,,
marker_write,1375,37400,,,,,,
marker_sync,1375,1345999,,,,,,
append,1376,2858300,,,,,,
encode,1376,3000,,,,,,
data_write,1376,41800,,,,,,
data_sync,1376,1330100,,,,,,
marker_write,1376,36600,,,,,,
marker_sync,1376,1444100,,,,,,
append,1377,3090199,,,,,,
encode,1377,5200,,,,,,
data_write,1377,55600,,,,,,
data_sync,1377,1504999,,,,,,
marker_write,1377,50800,,,,,,
marker_sync,1377,1470500,,,,,,
append,1378,8835197,,,,,,
encode,1378,3900,,,,,,
data_write,1378,48100,,,,,,
data_sync,1378,7000198,,,,,,
marker_write,1378,61600,,,,,,
marker_sync,1378,1717699,,,,,,
append,1379,3522599,,,,,,
encode,1379,5800,,,,,,
data_write,1379,59000,,,,,,
data_sync,1379,1665400,,,,,,
marker_write,1379,70700,,,,,,
marker_sync,1379,1718199,,,,,,
append,1380,3454599,,,,,,
encode,1380,6000,,,,,,
data_write,1380,63400,,,,,,
data_sync,1380,1719400,,,,,,
marker_write,1380,51500,,,,,,
marker_sync,1380,1611399,,,,,,
append,1381,3715699,,,,,,
encode,1381,4900,,,,,,
data_write,1381,56000,,,,,,
data_sync,1381,1908000,,,,,,
marker_write,1381,57800,,,,,,
marker_sync,1381,1685699,,,,,,
append,1382,3368599,,,,,,
encode,1382,5900,,,,,,
data_write,1382,63600,,,,,,
data_sync,1382,1637700,,,,,,
marker_write,1382,44300,,,,,,
marker_sync,1382,1613399,,,,,,
append,1383,3346100,,,,,,
encode,1383,5600,,,,,,
data_write,1383,58600,,,,,,
data_sync,1383,1621400,,,,,,
marker_write,1383,45600,,,,,,
marker_sync,1383,1612100,,,,,,
append,1384,3669598,,,,,,
encode,1384,5400,,,,,,
data_write,1384,67299,,,,,,
data_sync,1384,1745000,,,,,,
marker_write,1384,55700,,,,,,
marker_sync,1384,1793299,,,,,,
append,1385,3894699,,,,,,
encode,1385,5300,,,,,,
data_write,1385,61500,,,,,,
data_sync,1385,1724000,,,,,,
marker_write,1385,52400,,,,,,
marker_sync,1385,2048499,,,,,,
append,1386,4052499,,,,,,
encode,1386,6400,,,,,,
data_write,1386,63400,,,,,,
data_sync,1386,2097400,,,,,,
marker_write,1386,57200,,,,,,
marker_sync,1386,1824499,,,,,,
append,1387,3752799,,,,,,
encode,1387,4700,,,,,,
data_write,1387,65400,,,,,,
data_sync,1387,1887600,,,,,,
marker_write,1387,56300,,,,,,
marker_sync,1387,1735599,,,,,,
append,1388,3531499,,,,,,
encode,1388,5800,,,,,,
data_write,1388,61400,,,,,,
data_sync,1388,1661000,,,,,,
marker_write,1388,54100,,,,,,
marker_sync,1388,1745399,,,,,,
append,1389,3616399,,,,,,
encode,1389,4700,,,,,,
data_write,1389,59000,,,,,,
data_sync,1389,1801300,,,,,,
marker_write,1389,49500,,,,,,
marker_sync,1389,1697899,,,,,,
append,1390,3725399,,,,,,
encode,1390,4100,,,,,,
data_write,1390,52500,,,,,,
data_sync,1390,1798400,,,,,,
marker_write,1390,46300,,,,,,
marker_sync,1390,1820399,,,,,,
append,1391,3663999,,,,,,
encode,1391,4200,,,,,,
data_write,1391,53000,,,,,,
data_sync,1391,1758800,,,,,,
marker_write,1391,42500,,,,,,
marker_sync,1391,1802799,,,,,,
append,1392,3785199,,,,,,
encode,1392,5400,,,,,,
data_write,1392,59700,,,,,,
data_sync,1392,1912400,,,,,,
marker_write,1392,54100,,,,,,
marker_sync,1392,1750199,,,,,,
append,1393,3505299,,,,,,
encode,1393,5500,,,,,,
data_write,1393,64800,,,,,,
data_sync,1393,1648000,,,,,,
marker_write,1393,50900,,,,,,
marker_sync,1393,1732699,,,,,,
append,1394,3522599,,,,,,
encode,1394,4900,,,,,,
data_write,1394,60700,,,,,,
data_sync,1394,1712200,,,,,,
marker_write,1394,50400,,,,,,
marker_sync,1394,1690599,,,,,,
append,1395,3448099,,,,,,
encode,1395,5400,,,,,,
data_write,1395,61400,,,,,,
data_sync,1395,1676600,,,,,,
marker_write,1395,47600,,,,,,
marker_sync,1395,1654599,,,,,,
append,1396,3317499,,,,,,
encode,1396,4800,,,,,,
data_write,1396,55600,,,,,,
data_sync,1396,1600000,,,,,,
marker_write,1396,48900,,,,,,
marker_sync,1396,1604699,,,,,,
append,1397,3677699,,,,,,
encode,1397,5300,,,,,,
data_write,1397,60300,,,,,,
data_sync,1397,1806700,,,,,,
marker_write,1397,44700,,,,,,
marker_sync,1397,1757299,,,,,,
append,1398,3372999,,,,,,
encode,1398,5000,,,,,,
data_write,1398,52500,,,,,,
data_sync,1398,1656700,,,,,,
marker_write,1398,45300,,,,,,
marker_sync,1398,1610699,,,,,,
append,1399,3595499,,,,,,
encode,1399,5800,,,,,,
data_write,1399,63200,,,,,,
data_sync,1399,1752900,,,,,,
marker_write,1399,48100,,,,,,
marker_sync,1399,1722599,,,,,,
append,1400,3196499,,,,,,
encode,1400,4000,,,,,,
data_write,1400,54800,,,,,,
data_sync,1400,1517500,,,,,,
marker_write,1400,74200,,,,,,
marker_sync,1400,1542599,,,,,,
append,1401,3555799,,,,,,
encode,1401,6100,,,,,,
data_write,1401,62300,,,,,,
data_sync,1401,1680300,,,,,,
marker_write,1401,47100,,,,,,
marker_sync,1401,1757099,,,,,,
append,1402,3784599,,,,,,
encode,1402,5500,,,,,,
data_write,1402,59100,,,,,,
data_sync,1402,1850500,,,,,,
marker_write,1402,58900,,,,,,
marker_sync,1402,1807299,,,,,,
append,1403,3740699,,,,,,
encode,1403,5900,,,,,,
data_write,1403,63300,,,,,,
data_sync,1403,1678900,,,,,,
marker_write,1403,49300,,,,,,
marker_sync,1403,1940099,,,,,,
append,1404,3221299,,,,,,
encode,1404,5200,,,,,,
data_write,1404,65200,,,,,,
data_sync,1404,1656300,,,,,,
marker_write,1404,41900,,,,,,
marker_sync,1404,1450499,,,,,,
append,1405,4041499,,,,,,
encode,1405,3400,,,,,,
data_write,1405,42100,,,,,,
data_sync,1405,1778500,,,,,,
marker_write,1405,84300,,,,,,
marker_sync,1405,2130199,,,,,,
append,1406,3339699,,,,,,
encode,1406,4600,,,,,,
data_write,1406,62800,,,,,,
data_sync,1406,1651100,,,,,,
marker_write,1406,52800,,,,,,
marker_sync,1406,1565699,,,,,,
append,1407,3313199,,,,,,
encode,1407,4500,,,,,,
data_write,1407,49900,,,,,,
data_sync,1407,1635400,,,,,,
marker_write,1407,52500,,,,,,
marker_sync,1407,1568799,,,,,,
append,1408,3183000,,,,,,
encode,1408,29500,,,,,,
data_write,1408,46600,,,,,,
data_sync,1408,1537700,,,,,,
marker_write,1408,56000,,,,,,
marker_sync,1408,1510700,,,,,,
append,1409,3444099,,,,,,
encode,1409,3500,,,,,,
data_write,1409,60700,,,,,,
data_sync,1409,1676199,,,,,,
marker_write,1409,57500,,,,,,
marker_sync,1409,1643000,,,,,,
append,1410,3551099,,,,,,
encode,1410,4100,,,,,,
data_write,1410,58300,,,,,,
data_sync,1410,1638099,,,,,,
marker_write,1410,60600,,,,,,
marker_sync,1410,1785100,,,,,,
append,1411,3859299,,,,,,
encode,1411,7200,,,,,,
data_write,1411,78600,,,,,,
data_sync,1411,1959299,,,,,,
marker_write,1411,77900,,,,,,
marker_sync,1411,1731200,,,,,,
append,1412,3175899,,,,,,
encode,1412,6800,,,,,,
data_write,1412,90200,,,,,,
data_sync,1412,1647999,,,,,,
marker_write,1412,42900,,,,,,
marker_sync,1412,1384700,,,,,,
append,1413,2829399,,,,,,
encode,1413,4000,,,,,,
data_write,1413,43200,,,,,,
data_sync,1413,1416599,,,,,,
marker_write,1413,33900,,,,,,
marker_sync,1413,1330200,,,,,,
append,1414,2826399,,,,,,
encode,1414,3900,,,,,,
data_write,1414,41100,,,,,,
data_sync,1414,1382600,,,,,,
marker_write,1414,37699,,,,,,
marker_sync,1414,1358600,,,,,,
append,1415,3007799,,,,,,
encode,1415,3900,,,,,,
data_write,1415,49800,,,,,,
data_sync,1415,1357300,,,,,,
marker_write,1415,40400,,,,,,
marker_sync,1415,1554099,,,,,,
append,1416,2988799,,,,,,
encode,1416,5600,,,,,,
data_write,1416,60100,,,,,,
data_sync,1416,1474400,,,,,,
marker_write,1416,50900,,,,,,
marker_sync,1416,1394499,,,,,,
append,1417,2885600,,,,,,
encode,1417,4800,,,,,,
data_write,1417,55100,,,,,,
data_sync,1417,1381000,,,,,,
marker_write,1417,48300,,,,,,
marker_sync,1417,1393700,,,,,,
append,1418,3124899,,,,,,
encode,1418,3500,,,,,,
data_write,1418,49000,,,,,,
data_sync,1418,1518199,,,,,,
marker_write,1418,49900,,,,,,
marker_sync,1418,1501700,,,,,,
append,1419,3091899,,,,,,
encode,1419,3800,,,,,,
data_write,1419,47600,,,,,,
data_sync,1419,1452399,,,,,,
marker_write,1419,34800,,,,,,
marker_sync,1419,1551200,,,,,,
append,1420,3167099,,,,,,
encode,1420,4800,,,,,,
data_write,1420,56400,,,,,,
data_sync,1420,1526699,,,,,,
marker_write,1420,38600,,,,,,
marker_sync,1420,1538600,,,,,,
append,1421,3058999,,,,,,
encode,1421,3600,,,,,,
data_write,1421,48500,,,,,,
data_sync,1421,1473600,,,,,,
marker_write,1421,46100,,,,,,
marker_sync,1421,1484899,,,,,,
append,1422,2845599,,,,,,
encode,1422,4200,,,,,,
data_write,1422,52300,,,,,,
data_sync,1422,1370700,,,,,,
marker_write,1422,37600,,,,,,
marker_sync,1422,1378099,,,,,,
append,1423,3456499,,,,,,
encode,1423,5300,,,,,,
data_write,1423,62800,,,,,,
data_sync,1423,1642400,,,,,,
marker_write,1423,61300,,,,,,
marker_sync,1423,1681399,,,,,,
append,1424,3227900,,,,,,
encode,1424,5800,,,,,,
data_write,1424,67500,,,,,,
data_sync,1424,1561600,,,,,,
marker_write,1424,48000,,,,,,
marker_sync,1424,1542000,,,,,,
append,1425,3702798,,,,,,
encode,1425,5300,,,,,,
data_write,1425,58000,,,,,,
data_sync,1425,1927199,,,,,,
marker_write,1425,60800,,,,,,
marker_sync,1425,1647999,,,,,,
append,1426,2988900,,,,,,
encode,1426,5600,,,,,,
data_write,1426,60600,,,,,,
data_sync,1426,1482800,,,,,,
marker_write,1426,39900,,,,,,
marker_sync,1426,1396700,,,,,,
append,1427,3336799,,,,,,
encode,1427,3600,,,,,,
data_write,1427,43700,,,,,,
data_sync,1427,1590499,,,,,,
marker_write,1427,47900,,,,,,
marker_sync,1427,1648600,,,,,,
append,1428,2925199,,,,,,
encode,1428,5000,,,,,,
data_write,1428,54000,,,,,,
data_sync,1428,1351799,,,,,,
marker_write,1428,42600,,,,,,
marker_sync,1428,1469100,,,,,,
append,1429,2789199,,,,,,
encode,1429,4500,,,,,,
data_write,1429,55200,,,,,,
data_sync,1429,1368900,,,,,,
marker_write,1429,37200,,,,,,
marker_sync,1429,1321399,,,,,,
append,1430,3206899,,,,,,
encode,1430,3700,,,,,,
data_write,1430,44400,,,,,,
data_sync,1430,1567600,,,,,,
marker_write,1430,37000,,,,,,
marker_sync,1430,1551399,,,,,,
append,1431,3037399,,,,,,
encode,1431,4300,,,,,,
data_write,1431,52200,,,,,,
data_sync,1431,1484300,,,,,,
marker_write,1431,42200,,,,,,
marker_sync,1431,1451699,,,,,,
append,1432,2881000,,,,,,
encode,1432,4100,,,,,,
data_write,1432,52600,,,,,,
data_sync,1432,1426900,,,,,,
marker_write,1432,39900,,,,,,
marker_sync,1432,1355900,,,,,,
append,1433,2726799,,,,,,
encode,1433,3400,,,,,,
data_write,1433,46700,,,,,,
data_sync,1433,1331599,,,,,,
marker_write,1433,34900,,,,,,
marker_sync,1433,1308700,,,,,,
append,1434,2851199,,,,,,
encode,1434,2600,,,,,,
data_write,1434,74000,,,,,,
data_sync,1434,1381899,,,,,,
marker_write,1434,40800,,,,,,
marker_sync,1434,1350100,,,,,,
append,1435,2784299,,,,,,
encode,1435,3400,,,,,,
data_write,1435,39800,,,,,,
data_sync,1435,1338300,,,,,,
marker_write,1435,35600,,,,,,
marker_sync,1435,1365799,,,,,,
append,1436,3170699,,,,,,
encode,1436,2500,,,,,,
data_write,1436,40700,,,,,,
data_sync,1436,1532500,,,,,,
marker_write,1436,41200,,,,,,
marker_sync,1436,1551599,,,,,,
append,1437,3060200,,,,,,
encode,1437,3500,,,,,,
data_write,1437,53100,,,,,,
data_sync,1437,1500400,,,,,,
marker_write,1437,41900,,,,,,
marker_sync,1437,1459500,,,,,,
append,1438,2884599,,,,,,
encode,1438,3600,,,,,,
data_write,1438,40700,,,,,,
data_sync,1438,1393299,,,,,,
marker_write,1438,32200,,,,,,
marker_sync,1438,1412800,,,,,,
append,1439,2966199,,,,,,
encode,1439,3500,,,,,,
data_write,1439,47100,,,,,,
data_sync,1439,1491599,,,,,,
marker_write,1439,53500,,,,,,
marker_sync,1439,1368200,,,,,,
append,1440,2978399,,,,,,
encode,1440,3200,,,,,,
data_write,1440,56400,,,,,,
data_sync,1440,1471499,,,,,,
marker_write,1440,36000,,,,,,
marker_sync,1440,1409800,,,,,,
append,1441,3165099,,,,,,
encode,1441,3300,,,,,,
data_write,1441,42900,,,,,,
data_sync,1441,1463000,,,,,,
marker_write,1441,52100,,,,,,
marker_sync,1441,1600699,,,,,,
append,1442,2956299,,,,,,
encode,1442,3400,,,,,,
data_write,1442,48500,,,,,,
data_sync,1442,1460100,,,,,,
marker_write,1442,39000,,,,,,
marker_sync,1442,1402799,,,,,,
append,1443,2861000,,,,,,
encode,1443,3700,,,,,,
data_write,1443,40800,,,,,,
data_sync,1443,1392200,,,,,,
marker_write,1443,31300,,,,,,
marker_sync,1443,1391600,,,,,,
append,1444,3168399,,,,,,
encode,1444,2400,,,,,,
data_write,1444,40200,,,,,,
data_sync,1444,1468299,,,,,,
marker_write,1444,41200,,,,,,
marker_sync,1444,1614700,,,,,,
append,1445,2858199,,,,,,
encode,1445,3400,,,,,,
data_write,1445,48300,,,,,,
data_sync,1445,1420599,,,,,,
marker_write,1445,43100,,,,,,
marker_sync,1445,1340800,,,,,,
append,1446,3029099,,,,,,
encode,1446,3800,,,,,,
data_write,1446,45000,,,,,,
data_sync,1446,1468599,,,,,,
marker_write,1446,46500,,,,,,
marker_sync,1446,1463300,,,,,,
append,1447,2979999,,,,,,
encode,1447,3600,,,,,,
data_write,1447,43400,,,,,,
data_sync,1447,1441400,,,,,,
marker_write,1447,50300,,,,,,
marker_sync,1447,1439499,,,,,,
append,1448,2851999,,,,,,
encode,1448,3000,,,,,,
data_write,1448,45900,,,,,,
data_sync,1448,1372800,,,,,,
marker_write,1448,32500,,,,,,
marker_sync,1448,1395599,,,,,,
append,1449,2801000,,,,,,
encode,1449,3800,,,,,,
data_write,1449,56600,,,,,,
data_sync,1449,1368900,,,,,,
marker_write,1449,33700,,,,,,
marker_sync,1449,1336000,,,,,,
append,1450,2798699,,,,,,
encode,1450,2700,,,,,,
data_write,1450,40300,,,,,,
data_sync,1450,1348099,,,,,,
marker_write,1450,42900,,,,,,
marker_sync,1450,1362900,,,,,,
append,1451,3320599,,,,,,
encode,1451,3200,,,,,,
data_write,1451,40900,,,,,,
data_sync,1451,1524199,,,,,,
marker_write,1451,49500,,,,,,
marker_sync,1451,1700600,,,,,,
append,1452,3034999,,,,,,
encode,1452,4000,,,,,,
data_write,1452,52600,,,,,,
data_sync,1452,1473600,,,,,,
marker_write,1452,42500,,,,,,
marker_sync,1452,1460399,,,,,,
append,1453,2884199,,,,,,
encode,1453,3500,,,,,,
data_write,1453,46100,,,,,,
data_sync,1453,1416900,,,,,,
marker_write,1453,37300,,,,,,
marker_sync,1453,1378699,,,,,,
append,1454,2931800,,,,,,
encode,1454,2900,,,,,,
data_write,1454,44600,,,,,,
data_sync,1454,1406600,,,,,,
marker_write,1454,34600,,,,,,
marker_sync,1454,1441900,,,,,,
append,1455,2884899,,,,,,
encode,1455,2699,,,,,,
data_write,1455,39700,,,,,,
data_sync,1455,1418200,,,,,,
marker_write,1455,39000,,,,,,
marker_sync,1455,1383400,,,,,,
append,1456,2965299,,,,,,
encode,1456,4000,,,,,,
data_write,1456,42900,,,,,,
data_sync,1456,1436899,,,,,,
marker_write,1456,33800,,,,,,
marker_sync,1456,1446100,,,,,,
append,1457,3203299,,,,,,
encode,1457,2700,,,,,,
data_write,1457,42500,,,,,,
data_sync,1457,1562599,,,,,,
marker_write,1457,33000,,,,,,
marker_sync,1457,1560600,,,,,,
append,1458,2871399,,,,,,
encode,1458,26800,,,,,,
data_write,1458,48400,,,,,,
data_sync,1458,1416400,,,,,,
marker_write,1458,42000,,,,,,
marker_sync,1458,1336299,,,,,,
append,1459,2639799,,,,,,
encode,1459,3600,,,,,,
data_write,1459,43200,,,,,,
data_sync,1459,1277700,,,,,,
marker_write,1459,37400,,,,,,
marker_sync,1459,1276799,,,,,,
append,1460,2649700,,,,,,
encode,1460,2400,,,,,,
data_write,1460,43200,,,,,,
data_sync,1460,1294200,,,,,,
marker_write,1460,34300,,,,,,
marker_sync,1460,1274600,,,,,,
append,1461,2733699,,,,,,
encode,1461,2300,,,,,,
data_write,1461,43100,,,,,,
data_sync,1461,1336799,,,,,,
marker_write,1461,36200,,,,,,
marker_sync,1461,1313600,,,,,,
append,1462,2792699,,,,,,
encode,1462,3400,,,,,,
data_write,1462,40300,,,,,,
data_sync,1462,1258200,,,,,,
marker_write,1462,31300,,,,,,
marker_sync,1462,1457799,,,,,,
append,1463,2814399,,,,,,
encode,1463,3700,,,,,,
data_write,1463,49100,,,,,,
data_sync,1463,1400600,,,,,,
marker_write,1463,38900,,,,,,
marker_sync,1463,1319899,,,,,,
append,1464,2938300,,,,,,
encode,1464,3100,,,,,,
data_write,1464,40900,,,,,,
data_sync,1464,1460800,,,,,,
marker_write,1464,39800,,,,,,
marker_sync,1464,1391500,,,,,,
append,1465,2739499,,,,,,
encode,1465,3500,,,,,,
data_write,1465,39400,,,,,,
data_sync,1465,1331299,,,,,,
marker_write,1465,31800,,,,,,
marker_sync,1465,1332300,,,,,,
append,1466,2775399,,,,,,
encode,1466,2600,,,,,,
data_write,1466,37300,,,,,,
data_sync,1466,1304699,,,,,,
marker_write,1466,29300,,,,,,
marker_sync,1466,1400000,,,,,,
append,1467,2796899,,,,,,
encode,1467,3500,,,,,,
data_write,1467,53700,,,,,,
data_sync,1467,1386200,,,,,,
marker_write,1467,32700,,,,,,
marker_sync,1467,1319099,,,,,,
append,1468,3175199,,,,,,
encode,1468,2400,,,,,,
data_write,1468,102900,,,,,,
data_sync,1468,1484500,,,,,,
marker_write,1468,37100,,,,,,
marker_sync,1468,1546699,,,,,,
append,1469,2858600,,,,,,
encode,1469,4000,,,,,,
data_write,1469,42800,,,,,,
data_sync,1469,1398900,,,,,,
marker_write,1469,41900,,,,,,
marker_sync,1469,1368900,,,,,,
append,1470,2743299,,,,,,
encode,1470,3400,,,,,,
data_write,1470,48800,,,,,,
data_sync,1470,1366999,,,,,,
marker_write,1470,36400,,,,,,
marker_sync,1470,1286000,,,,,,
append,1471,2677699,,,,,,
encode,1471,3600,,,,,,
data_write,1471,39100,,,,,,
data_sync,1471,1277999,,,,,,
marker_write,1471,33600,,,,,,
marker_sync,1471,1321900,,,,,,
append,1472,2823499,,,,,,
encode,1472,3400,,,,,,
data_write,1472,41900,,,,,,
data_sync,1472,1339500,,,,,,
marker_write,1472,62000,,,,,,
marker_sync,1472,1374999,,,,,,
append,1473,2914799,,,,,,
encode,1473,2600,,,,,,
data_write,1473,47700,,,,,,
data_sync,1473,1310100,,,,,,
marker_write,1473,39500,,,,,,
marker_sync,1473,1512699,,,,,,
append,1474,2838100,,,,,,
encode,1474,3100,,,,,,
data_write,1474,45500,,,,,,
data_sync,1474,1455500,,,,,,
marker_write,1474,41500,,,,,,
marker_sync,1474,1290600,,,,,,
append,1475,3012499,,,,,,
encode,1475,3500,,,,,,
data_write,1475,46200,,,,,,
data_sync,1475,1423899,,,,,,
marker_write,1475,38900,,,,,,
marker_sync,1475,1497800,,,,,,
append,1476,3130099,,,,,,
encode,1476,3900,,,,,,
data_write,1476,41300,,,,,,
data_sync,1476,1518199,,,,,,
marker_write,1476,44500,,,,,,
marker_sync,1476,1520200,,,,,,
append,1477,2977399,,,,,,
encode,1477,3900,,,,,,
data_write,1477,46200,,,,,,
data_sync,1477,1465900,,,,,,
marker_write,1477,35500,,,,,,
marker_sync,1477,1423199,,,,,,
append,1478,3114799,,,,,,
encode,1478,3000,,,,,,
data_write,1478,50600,,,,,,
data_sync,1478,1426700,,,,,,
marker_write,1478,46200,,,,,,
marker_sync,1478,1585599,,,,,,
append,1479,3620799,,,,,,
encode,1479,4200,,,,,,
data_write,1479,60300,,,,,,
data_sync,1479,1818400,,,,,,
marker_write,1479,54700,,,,,,
marker_sync,1479,1679899,,,,,,
append,1480,3371399,,,,,,
encode,1480,5400,,,,,,
data_write,1480,65700,,,,,,
data_sync,1480,1625300,,,,,,
marker_write,1480,49300,,,,,,
marker_sync,1480,1623599,,,,,,
append,1481,3380399,,,,,,
encode,1481,3600,,,,,,
data_write,1481,49200,,,,,,
data_sync,1481,1779300,,,,,,
marker_write,1481,41000,,,,,,
marker_sync,1481,1505099,,,,,,
append,1482,3148200,,,,,,
encode,1482,3600,,,,,,
data_write,1482,44500,,,,,,
data_sync,1482,1461300,,,,,,
marker_write,1482,40700,,,,,,
marker_sync,1482,1595700,,,,,,
append,1483,3986498,,,,,,
encode,1483,5500,,,,,,
data_write,1483,62099,,,,,,
data_sync,1483,1908700,,,,,,
marker_write,1483,66600,,,,,,
marker_sync,1483,1938699,,,,,,
append,1484,3586299,,,,,,
encode,1484,6600,,,,,,
data_write,1484,86900,,,,,,
data_sync,1484,1834400,,,,,,
marker_write,1484,49400,,,,,,
marker_sync,1484,1606699,,,,,,
append,1485,3092100,,,,,,
encode,1485,4500,,,,,,
data_write,1485,47800,,,,,,
data_sync,1485,1530000,,,,,,
marker_write,1485,37700,,,,,,
marker_sync,1485,1469700,,,,,,
append,1486,3368999,,,,,,
encode,1486,3100,,,,,,
data_write,1486,43500,,,,,,
data_sync,1486,1690199,,,,,,
marker_write,1486,37600,,,,,,
marker_sync,1486,1592700,,,,,,
append,1487,3203499,,,,,,
encode,1487,3700,,,,,,
data_write,1487,44400,,,,,,
data_sync,1487,1661599,,,,,,
marker_write,1487,36200,,,,,,
marker_sync,1487,1454200,,,,,,
append,1488,3905599,,,,,,
encode,1488,4600,,,,,,
data_write,1488,49500,,,,,,
data_sync,1488,1726599,,,,,,
marker_write,1488,64800,,,,,,
marker_sync,1488,2057200,,,,,,
append,1489,3610799,,,,,,
encode,1489,4800,,,,,,
data_write,1489,65900,,,,,,
data_sync,1489,1800299,,,,,,
marker_write,1489,54100,,,,,,
marker_sync,1489,1682500,,,,,,
append,1490,3181799,,,,,,
encode,1490,4200,,,,,,
data_write,1490,44100,,,,,,
data_sync,1490,1544799,,,,,,
marker_write,1490,34200,,,,,,
marker_sync,1490,1551100,,,,,,
append,1491,3165599,,,,,,
encode,1491,4100,,,,,,
data_write,1491,53300,,,,,,
data_sync,1491,1551599,,,,,,
marker_write,1491,36400,,,,,,
marker_sync,1491,1518100,,,,,,
append,1492,3393599,,,,,,
encode,1492,4200,,,,,,
data_write,1492,56500,,,,,,
data_sync,1492,1633699,,,,,,
marker_write,1492,38000,,,,,,
marker_sync,1492,1659500,,,,,,
append,1493,3280999,,,,,,
encode,1493,3600,,,,,,
data_write,1493,43000,,,,,,
data_sync,1493,1654399,,,,,,
marker_write,1493,34000,,,,,,
marker_sync,1493,1543700,,,,,,
append,1494,2932799,,,,,,
encode,1494,4300,,,,,,
data_write,1494,47200,,,,,,
data_sync,1494,1433500,,,,,,
marker_write,1494,35100,,,,,,
marker_sync,1494,1409699,,,,,,
append,1495,3062899,,,,,,
encode,1495,3100,,,,,,
data_write,1495,48100,,,,,,
data_sync,1495,1520600,,,,,,
marker_write,1495,32900,,,,,,
marker_sync,1495,1456499,,,,,,
append,1496,3159199,,,,,,
encode,1496,3200,,,,,,
data_write,1496,39600,,,,,,
data_sync,1496,1466600,,,,,,
marker_write,1496,47000,,,,,,
marker_sync,1496,1599999,,,,,,
append,1497,3476399,,,,,,
encode,1497,3600,,,,,,
data_write,1497,46700,,,,,,
data_sync,1497,1812800,,,,,,
marker_write,1497,44000,,,,,,
marker_sync,1497,1566499,,,,,,
append,1498,3050300,,,,,,
encode,1498,4000,,,,,,
data_write,1498,47100,,,,,,
data_sync,1498,1520400,,,,,,
marker_write,1498,37100,,,,,,
marker_sync,1498,1439400,,,,,,
append,1499,3017899,,,,,,
encode,1499,3500,,,,,,
data_write,1499,43900,,,,,,
data_sync,1499,1450299,,,,,,
marker_write,1499,35400,,,,,,
marker_sync,1499,1483500,,,,,,
append,1500,2932899,,,,,,
encode,1500,3600,,,,,,
data_write,1500,43300,,,,,,
data_sync,1500,1438099,,,,,,
marker_write,1500,35000,,,,,,
marker_sync,1500,1411700,,,,,,
append,1501,3175999,,,,,,
encode,1501,2900,,,,,,
data_write,1501,40600,,,,,,
data_sync,1501,1446100,,,,,,
marker_write,1501,46800,,,,,,
marker_sync,1501,1637399,,,,,,
append,1502,3210199,,,,,,
encode,1502,3800,,,,,,
data_write,1502,51400,,,,,,
data_sync,1502,1589600,,,,,,
marker_write,1502,50700,,,,,,
marker_sync,1502,1512499,,,,,,
append,1503,2975099,,,,,,
encode,1503,3700,,,,,,
data_write,1503,46600,,,,,,
data_sync,1503,1464700,,,,,,
marker_write,1503,35600,,,,,,
marker_sync,1503,1422799,,,,,,
append,1504,3005000,,,,,,
encode,1504,3200,,,,,,
data_write,1504,44700,,,,,,
data_sync,1504,1411000,,,,,,
marker_write,1504,36600,,,,,,
marker_sync,1504,1508100,,,,,,
append,1505,3101999,,,,,,
encode,1505,3000,,,,,,
data_write,1505,43100,,,,,,
data_sync,1505,1572799,,,,,,
marker_write,1505,34300,,,,,,
marker_sync,1505,1446900,,,,,,
append,1506,3021399,,,,,,
encode,1506,2900,,,,,,
data_write,1506,44800,,,,,,
data_sync,1506,1469099,,,,,,
marker_write,1506,48800,,,,,,
marker_sync,1506,1453400,,,,,,
append,1507,3023299,,,,,,
encode,1507,2900,,,,,,
data_write,1507,42400,,,,,,
data_sync,1507,1451899,,,,,,
marker_write,1507,37000,,,,,,
marker_sync,1507,1487300,,,,,,
append,1508,3431899,,,,,,
encode,1508,4200,,,,,,
data_write,1508,48600,,,,,,
data_sync,1508,1697900,,,,,,
marker_write,1508,41199,,,,,,
marker_sync,1508,1638000,,,,,,
append,1509,3357699,,,,,,
encode,1509,3900,,,,,,
data_write,1509,47600,,,,,,
data_sync,1509,1566700,,,,,,
marker_write,1509,56400,,,,,,
marker_sync,1509,1679499,,,,,,
append,1510,3297699,,,,,,
encode,1510,4000,,,,,,
data_write,1510,51500,,,,,,
data_sync,1510,1579000,,,,,,
marker_write,1510,39500,,,,,,
marker_sync,1510,1621199,,,,,,
append,1511,3292399,,,,,,
encode,1511,4900,,,,,,
data_write,1511,60400,,,,,,
data_sync,1511,1505900,,,,,,
marker_write,1511,38900,,,,,,
marker_sync,1511,1679399,,,,,,
append,1512,3669599,,,,,,
encode,1512,5300,,,,,,
data_write,1512,55000,,,,,,
data_sync,1512,1762000,,,,,,
marker_write,1512,50200,,,,,,
marker_sync,1512,1793199,,,,,,
append,1513,3734099,,,,,,
encode,1513,5300,,,,,,
data_write,1513,69700,,,,,,
data_sync,1513,1844100,,,,,,
marker_write,1513,59300,,,,,,
marker_sync,1513,1752499,,,,,,
append,1514,3374599,,,,,,
encode,1514,6800,,,,,,
data_write,1514,66900,,,,,,
data_sync,1514,1738100,,,,,,
marker_write,1514,52100,,,,,,
marker_sync,1514,1508099,,,,,,
append,1515,3185699,,,,,,
encode,1515,4400,,,,,,
data_write,1515,44900,,,,,,
data_sync,1515,1476100,,,,,,
marker_write,1515,34100,,,,,,
marker_sync,1515,1624399,,,,,,
append,1516,3388799,,,,,,
encode,1516,4000,,,,,,
data_write,1516,45200,,,,,,
data_sync,1516,1531600,,,,,,
marker_write,1516,37800,,,,,,
marker_sync,1516,1766999,,,,,,
append,1517,3398299,,,,,,
encode,1517,5300,,,,,,
data_write,1517,61600,,,,,,
data_sync,1517,1623000,,,,,,
marker_write,1517,37700,,,,,,
marker_sync,1517,1667899,,,,,,
append,1518,3424100,,,,,,
encode,1518,4300,,,,,,
data_write,1518,57400,,,,,,
data_sync,1518,1654700,,,,,,
marker_write,1518,45100,,,,,,
marker_sync,1518,1660600,,,,,,
append,1519,2828299,,,,,,
encode,1519,3500,,,,,,
data_write,1519,46900,,,,,,
data_sync,1519,1394299,,,,,,
marker_write,1519,33600,,,,,,
marker_sync,1519,1347600,,,,,,
append,1520,2807799,,,,,,
encode,1520,2800,,,,,,
data_write,1520,39200,,,,,,
data_sync,1520,1369299,,,,,,
marker_write,1520,33200,,,,,,
marker_sync,1520,1361600,,,,,,
append,1521,2924799,,,,,,
encode,1521,3600,,,,,,
data_write,1521,55400,,,,,,
data_sync,1521,1433500,,,,,,
marker_write,1521,36900,,,,,,
marker_sync,1521,1392699,,,,,,
append,1522,3425699,,,,,,
encode,1522,5400,,,,,,
data_write,1522,29300,,,,,,
data_sync,1522,1715900,,,,,,
marker_write,1522,56700,,,,,,
marker_sync,1522,1615699,,,,,,
append,1523,3193699,,,,,,
encode,1523,5200,,,,,,
data_write,1523,64400,,,,,,
data_sync,1523,1687400,,,,,,
marker_write,1523,36800,,,,,,
marker_sync,1523,1397699,,,,,,
append,1524,2932199,,,,,,
encode,1524,3800,,,,,,
data_write,1524,41300,,,,,,
data_sync,1524,1363900,,,,,,
marker_write,1524,38000,,,,,,
marker_sync,1524,1483599,,,,,,
append,1525,2988900,,,,,,
encode,1525,3200,,,,,,
data_write,1525,40200,,,,,,
data_sync,1525,1428200,,,,,,
marker_write,1525,51900,,,,,,
marker_sync,1525,1462800,,,,,,
append,1526,2919399,,,,,,
encode,1526,2900,,,,,,
data_write,1526,43000,,,,,,
data_sync,1526,1419299,,,,,,
marker_write,1526,33500,,,,,,
marker_sync,1526,1419200,,,,,,
append,1527,3244299,,,,,,
encode,1527,2800,,,,,,
data_write,1527,39900,,,,,,
data_sync,1527,1477399,,,,,,
marker_write,1527,47900,,,,,,
marker_sync,1527,1673200,,,,,,
append,1528,3661599,,,,,,
encode,1528,5100,,,,,,
data_write,1528,54700,,,,,,
data_sync,1528,1675999,,,,,,
marker_write,1528,48600,,,,,,
marker_sync,1528,1874300,,,,,,
append,1529,3444199,,,,,,
encode,1529,5000,,,,,,
data_write,1529,56100,,,,,,
data_sync,1529,1790399,,,,,,
marker_write,1529,45500,,,,,,
marker_sync,1529,1544700,,,,,,
append,1530,3163899,,,,,,
encode,1530,5100,,,,,,
data_write,1530,54000,,,,,,
data_sync,1530,1488600,,,,,,
marker_write,1530,46200,,,,,,
marker_sync,1530,1567399,,,,,,
append,1531,3261399,,,,,,
encode,1531,4300,,,,,,
data_write,1531,52900,,,,,,
data_sync,1531,1628200,,,,,,
marker_write,1531,40800,,,,,,
marker_sync,1531,1532699,,,,,,
append,1532,3391099,,,,,,
encode,1532,3500,,,,,,
data_write,1532,45100,,,,,,
data_sync,1532,1661900,,,,,,
marker_write,1532,41400,,,,,,
marker_sync,1532,1636299,,,,,,
append,1533,2934999,,,,,,
encode,1533,3300,,,,,,
data_write,1533,43000,,,,,,
data_sync,1533,1417600,,,,,,
marker_write,1533,32200,,,,,,
marker_sync,1533,1436399,,,,,,
append,1534,3103000,,,,,,
encode,1534,3400,,,,,,
data_write,1534,50100,,,,,,
data_sync,1534,1524500,,,,,,
marker_write,1534,37800,,,,,,
marker_sync,1534,1485500,,,,,,
append,1535,3007099,,,,,,
encode,1535,3500,,,,,,
data_write,1535,42700,,,,,,
data_sync,1535,1437299,,,,,,
marker_write,1535,38300,,,,,,
marker_sync,1535,1483900,,,,,,
append,1536,2983199,,,,,,
encode,1536,2700,,,,,,
data_write,1536,42300,,,,,,
data_sync,1536,1452499,,,,,,
marker_write,1536,40800,,,,,,
marker_sync,1536,1442800,,,,,,
append,1537,3411099,,,,,,
encode,1537,2100,,,,,,
data_write,1537,42100,,,,,,
data_sync,1537,1762299,,,,,,
marker_write,1537,36800,,,,,,
marker_sync,1537,1566200,,,,,,
append,1538,2927999,,,,,,
encode,1538,4000,,,,,,
data_write,1538,45500,,,,,,
data_sync,1538,1374900,,,,,,
marker_write,1538,36400,,,,,,
marker_sync,1538,1465599,,,,,,
append,1539,2966799,,,,,,
encode,1539,2600,,,,,,
data_write,1539,41100,,,,,,
data_sync,1539,1441100,,,,,,
marker_write,1539,36800,,,,,,
marker_sync,1539,1443099,,,,,,
append,1540,3019199,,,,,,
encode,1540,2900,,,,,,
data_write,1540,41700,,,,,,
data_sync,1540,1471000,,,,,,
marker_write,1540,34100,,,,,,
marker_sync,1540,1468299,,,,,,
append,1541,3130900,,,,,,
encode,1541,2800,,,,,,
data_write,1541,41500,,,,,,
data_sync,1541,1600300,,,,,,
marker_write,1541,40100,,,,,,
marker_sync,1541,1443200,,,,,,
append,1542,3721399,,,,,,
encode,1542,4200,,,,,,
data_write,1542,58000,,,,,,
data_sync,1542,1708899,,,,,,
marker_write,1542,51300,,,,,,
marker_sync,1542,1895400,,,,,,
append,1543,3862098,,,,,,
encode,1543,5200,,,,,,
data_write,1543,55700,,,,,,
data_sync,1543,1991099,,,,,,
marker_write,1543,49100,,,,,,
marker_sync,1543,1757199,,,,,,
append,1544,3530399,,,,,,
encode,1544,4800,,,,,,
data_write,1544,61400,,,,,,
data_sync,1544,1720900,,,,,,
marker_write,1544,52400,,,,,,
marker_sync,1544,1686699,,,,,,
append,1545,3305100,,,,,,
encode,1545,4900,,,,,,
data_write,1545,58400,,,,,,
data_sync,1545,1608700,,,,,,
marker_write,1545,72300,,,,,,
marker_sync,1545,1558100,,,,,,
append,1546,3264399,,,,,,
encode,1546,5400,,,,,,
data_write,1546,58400,,,,,,
data_sync,1546,1537299,,,,,,
marker_write,1546,51400,,,,,,
marker_sync,1546,1608500,,,,,,
append,1547,3531499,,,,,,
encode,1547,5000,,,,,,
data_write,1547,57300,,,,,,
data_sync,1547,1647199,,,,,,
marker_write,1547,50700,,,,,,
marker_sync,1547,1767600,,,,,,
append,1548,3566599,,,,,,
encode,1548,5500,,,,,,
data_write,1548,58600,,,,,,
data_sync,1548,1816399,,,,,,
marker_write,1548,47400,,,,,,
marker_sync,1548,1635900,,,,,,
append,1549,3769499,,,,,,
encode,1549,4700,,,,,,
data_write,1549,68500,,,,,,
data_sync,1549,1830799,,,,,,
marker_write,1549,67400,,,,,,
marker_sync,1549,1793800,,,,,,
append,1550,3421699,,,,,,
encode,1550,5700,,,,,,
data_write,1550,78600,,,,,,
data_sync,1550,1724499,,,,,,
marker_write,1550,50000,,,,,,
marker_sync,1550,1559600,,,,,,
append,1551,3701499,,,,,,
encode,1551,6700,,,,,,
data_write,1551,69100,,,,,,
data_sync,1551,1942099,,,,,,
marker_write,1551,51800,,,,,,
marker_sync,1551,1628500,,,,,,
append,1552,3357999,,,,,,
encode,1552,5800,,,,,,
data_write,1552,61300,,,,,,
data_sync,1552,1558299,,,,,,
marker_write,1552,39800,,,,,,
marker_sync,1552,1690200,,,,,,
append,1553,3357999,,,,,,
encode,1553,4100,,,,,,
data_write,1553,46900,,,,,,
data_sync,1553,1548999,,,,,,
marker_write,1553,43200,,,,,,
marker_sync,1553,1712300,,,,,,
append,1554,3491699,,,,,,
encode,1554,4500,,,,,,
data_write,1554,51200,,,,,,
data_sync,1554,1554699,,,,,,
marker_write,1554,43500,,,,,,
marker_sync,1554,1834500,,,,,,
append,1555,3250299,,,,,,
encode,1555,4100,,,,,,
data_write,1555,54600,,,,,,
data_sync,1555,1595199,,,,,,
marker_write,1555,37700,,,,,,
marker_sync,1555,1555800,,,,,,
append,1556,3209299,,,,,,
encode,1556,4500,,,,,,
data_write,1556,47300,,,,,,
data_sync,1556,1535199,,,,,,
marker_write,1556,34700,,,,,,
marker_sync,1556,1585800,,,,,,
append,1557,3240699,,,,,,
encode,1557,3600,,,,,,
data_write,1557,40600,,,,,,
data_sync,1557,1573100,,,,,,
marker_write,1557,45700,,,,,,
marker_sync,1557,1574299,,,,,,
append,1558,3161399,,,,,,
encode,1558,5400,,,,,,
data_write,1558,67800,,,,,,
data_sync,1558,1509400,,,,,,
marker_write,1558,35900,,,,,,
marker_sync,1558,1540399,,,,,,
append,1559,3298099,,,,,,
encode,1559,4600,,,,,,
data_write,1559,53300,,,,,,
data_sync,1559,1614000,,,,,,
marker_write,1559,44400,,,,,,
marker_sync,1559,1578599,,,,,,
append,1560,3396099,,,,,,
encode,1560,4300,,,,,,
data_write,1560,68200,,,,,,
data_sync,1560,1570900,,,,,,
marker_write,1560,41000,,,,,,
marker_sync,1560,1707799,,,,,,
append,1561,3561499,,,,,,
encode,1561,5100,,,,,,
data_write,1561,71600,,,,,,
data_sync,1561,1749700,,,,,,
marker_write,1561,55900,,,,,,
marker_sync,1561,1675999,,,,,,
append,1562,3479499,,,,,,
encode,1562,4000,,,,,,
data_write,1562,49000,,,,,,
data_sync,1562,1686100,,,,,,
marker_write,1562,46400,,,,,,
marker_sync,1562,1690699,,,,,,
append,1563,5235299,,,,,,
encode,1563,4500,,,,,,
data_write,1563,63200,,,,,,
data_sync,1563,1501300,,,,,,
marker_write,1563,37000,,,,,,
marker_sync,1563,3626499,,,,,,
append,1564,3188399,,,,,,
encode,1564,4100,,,,,,
data_write,1564,52100,,,,,,
data_sync,1564,1482600,,,,,,
marker_write,1564,37900,,,,,,
marker_sync,1564,1608799,,,,,,
append,1565,3460099,,,,,,
encode,1565,5300,,,,,,
data_write,1565,97000,,,,,,
data_sync,1565,1799900,,,,,,
marker_write,1565,41400,,,,,,
marker_sync,1565,1513499,,,,,,
append,1566,3179899,,,,,,
encode,1566,4300,,,,,,
data_write,1566,46100,,,,,,
data_sync,1566,1551700,,,,,,
marker_write,1566,37100,,,,,,
marker_sync,1566,1538999,,,,,,
append,1567,3120399,,,,,,
encode,1567,3400,,,,,,
data_write,1567,48900,,,,,,
data_sync,1567,1531600,,,,,,
marker_write,1567,37800,,,,,,
marker_sync,1567,1496999,,,,,,
append,1568,3034600,,,,,,
encode,1568,4100,,,,,,
data_write,1568,44600,,,,,,
data_sync,1568,1490300,,,,,,
marker_write,1568,33700,,,,,,
marker_sync,1568,1460100,,,,,,
append,1569,3233799,,,,,,
encode,1569,2900,,,,,,
data_write,1569,42899,,,,,,
data_sync,1569,1518300,,,,,,
marker_write,1569,50200,,,,,,
marker_sync,1569,1617100,,,,,,
append,1570,3140099,,,,,,
encode,1570,5000,,,,,,
data_write,1570,56400,,,,,,
data_sync,1570,1520199,,,,,,
marker_write,1570,37400,,,,,,
marker_sync,1570,1519300,,,,,,
append,1571,3093499,,,,,,
encode,1571,3300,,,,,,
data_write,1571,45900,,,,,,
data_sync,1571,1494499,,,,,,
marker_write,1571,44400,,,,,,
marker_sync,1571,1503700,,,,,,
append,1572,3260199,,,,,,
encode,1572,2900,,,,,,
data_write,1572,44200,,,,,,
data_sync,1572,1599699,,,,,,
marker_write,1572,37400,,,,,,
marker_sync,1572,1574100,,,,,,
append,1573,3109699,,,,,,
encode,1573,4000,,,,,,
data_write,1573,43500,,,,,,
data_sync,1573,1490200,,,,,,
marker_write,1573,35300,,,,,,
marker_sync,1573,1534399,,,,,,
append,1574,3185899,,,,,,
encode,1574,2900,,,,,,
data_write,1574,43900,,,,,,
data_sync,1574,1498300,,,,,,
marker_write,1574,35500,,,,,,
marker_sync,1574,1602499,,,,,,
append,1575,3063299,,,,,,
encode,1575,4300,,,,,,
data_write,1575,60500,,,,,,
data_sync,1575,1532600,,,,,,
marker_write,1575,37500,,,,,,
marker_sync,1575,1426399,,,,,,
append,1576,2911800,,,,,,
encode,1576,3700,,,,,,
data_write,1576,40900,,,,,,
data_sync,1576,1422700,,,,,,
marker_write,1576,38100,,,,,,
marker_sync,1576,1404500,,,,,,
append,1577,2933499,,,,,,
encode,1577,3500,,,,,,
data_write,1577,43900,,,,,,
data_sync,1577,1399599,,,,,,
marker_write,1577,35800,,,,,,
marker_sync,1577,1449000,,,,,,
append,1578,2985499,,,,,,
encode,1578,3600,,,,,,
data_write,1578,51800,,,,,,
data_sync,1578,1507099,,,,,,
marker_write,1578,32100,,,,,,
marker_sync,1578,1389100,,,,,,
append,1579,3097499,,,,,,
encode,1579,2300,,,,,,
data_write,1579,39900,,,,,,
data_sync,1579,1524999,,,,,,
marker_write,1579,36800,,,,,,
marker_sync,1579,1491500,,,,,,
append,1580,3147599,,,,,,
encode,1580,3800,,,,,,
data_write,1580,48700,,,,,,
data_sync,1580,1510300,,,,,,
marker_write,1580,47800,,,,,,
marker_sync,1580,1534499,,,,,,
append,1581,3698699,,,,,,
encode,1581,3800,,,,,,
data_write,1581,55500,,,,,,
data_sync,1581,1801700,,,,,,
marker_write,1581,57900,,,,,,
marker_sync,1581,1776899,,,,,,
append,1582,3653399,,,,,,
encode,1582,4800,,,,,,
data_write,1582,56500,,,,,,
data_sync,1582,1688800,,,,,,
marker_write,1582,48100,,,,,,
marker_sync,1582,1852199,,,,,,
append,1583,3180699,,,,,,
encode,1583,5700,,,,,,
data_write,1583,63300,,,,,,
data_sync,1583,1551100,,,,,,
marker_write,1583,37900,,,,,,
marker_sync,1583,1520799,,,,,,
append,1584,3108499,,,,,,
encode,1584,3700,,,,,,
data_write,1584,54700,,,,,,
data_sync,1584,1498100,,,,,,
marker_write,1584,53900,,,,,,
marker_sync,1584,1495499,,,,,,
append,1585,2973700,,,,,,
encode,1585,3800,,,,,,
data_write,1585,47000,,,,,,
data_sync,1585,1445900,,,,,,
marker_write,1585,40700,,,,,,
marker_sync,1585,1434600,,,,,,
append,1586,2986199,,,,,,
encode,1586,3600,,,,,,
data_write,1586,45500,,,,,,
data_sync,1586,1461499,,,,,,
marker_write,1586,54300,,,,,,
marker_sync,1586,1419600,,,,,,
append,1587,2917499,,,,,,
encode,1587,3400,,,,,,
data_write,1587,46400,,,,,,
data_sync,1587,1397499,,,,,,
marker_write,1587,36400,,,,,,
marker_sync,1587,1431900,,,,,,
append,1588,3043999,,,,,,
encode,1588,3700,,,,,,
data_write,1588,46200,,,,,,
data_sync,1588,1537399,,,,,,
marker_write,1588,37800,,,,,,
marker_sync,1588,1417500,,,,,,
append,1589,3264999,,,,,,
encode,1589,3500,,,,,,
data_write,1589,47900,,,,,,
data_sync,1589,1501300,,,,,,
marker_write,1589,46400,,,,,,
marker_sync,1589,1663199,,,,,,
append,1590,3358599,,,,,,
encode,1590,4600,,,,,,
data_write,1590,65400,,,,,,
data_sync,1590,1699400,,,,,,
marker_write,1590,50800,,,,,,
marker_sync,1590,1536099,,,,,,
append,1591,2911499,,,,,,
encode,1591,4000,,,,,,
data_write,1591,46100,,,,,,
data_sync,1591,1408300,,,,,,
marker_write,1591,36400,,,,,,
marker_sync,1591,1415199,,,,,,
append,1592,2888600,,,,,,
encode,1592,3600,,,,,,
data_write,1592,44000,,,,,,
data_sync,1592,1407700,,,,,,
marker_write,1592,34600,,,,,,
marker_sync,1592,1395800,,,,,,
append,1593,3250299,,,,,,
encode,1593,4700,,,,,,
data_write,1593,60400,,,,,,
data_sync,1593,1558999,,,,,,
marker_write,1593,40600,,,,,,
marker_sync,1593,1582200,,,,,,
append,1594,3281299,,,,,,
encode,1594,4500,,,,,,
data_write,1594,65800,,,,,,
data_sync,1594,1436399,,,,,,
marker_write,1594,52300,,,,,,
marker_sync,1594,1719700,,,,,,
append,1595,3577199,,,,,,
encode,1595,4400,,,,,,
data_write,1595,57600,,,,,,
data_sync,1595,1937199,,,,,,
marker_write,1595,43200,,,,,,
marker_sync,1595,1532400,,,,,,
append,1596,3076399,,,,,,
encode,1596,4200,,,,,,
data_write,1596,44900,,,,,,
data_sync,1596,1460699,,,,,,
marker_write,1596,36600,,,,,,
marker_sync,1596,1528200,,,,,,
append,1597,3104299,,,,,,
encode,1597,4500,,,,,,
data_write,1597,69700,,,,,,
data_sync,1597,1462700,,,,,,
marker_write,1597,35099,,,,,,
marker_sync,1597,1530500,,,,,,
append,1598,3418199,,,,,,
encode,1598,3300,,,,,,
data_write,1598,42800,,,,,,
data_sync,1598,1770900,,,,,,
marker_write,1598,43900,,,,,,
marker_sync,1598,1555099,,,,,,
append,1599,3885499,,,,,,
encode,1599,3800,,,,,,
data_write,1599,53900,,,,,,
data_sync,1599,2001900,,,,,,
marker_write,1599,55200,,,,,,
marker_sync,1599,1768099,,,,,,
append,1600,3570899,,,,,,
encode,1600,4300,,,,,,
data_write,1600,47900,,,,,,
data_sync,1600,1721000,,,,,,
marker_write,1600,41300,,,,,,
marker_sync,1600,1754399,,,,,,
append,1601,3137499,,,,,,
encode,1601,2500,,,,,,
data_write,1601,48800,,,,,,
data_sync,1601,1547100,,,,,,
marker_write,1601,39700,,,,,,
marker_sync,1601,1497399,,,,,,
append,1602,3057299,,,,,,
encode,1602,3400,,,,,,
data_write,1602,45600,,,,,,
data_sync,1602,1501000,,,,,,
marker_write,1602,36300,,,,,,
marker_sync,1602,1469099,,,,,,
append,1603,3071799,,,,,,
encode,1603,3400,,,,,,
data_write,1603,42800,,,,,,
data_sync,1603,1448600,,,,,,
marker_write,1603,36200,,,,,,
marker_sync,1603,1537899,,,,,,
append,1604,3537499,,,,,,
encode,1604,3900,,,,,,
data_write,1604,52200,,,,,,
data_sync,1604,1604700,,,,,,
marker_write,1604,52500,,,,,,
marker_sync,1604,1819999,,,,,,
append,1605,4005199,,,,,,
encode,1605,5500,,,,,,
data_write,1605,65000,,,,,,
data_sync,1605,1912100,,,,,,
marker_write,1605,55500,,,,,,
marker_sync,1605,1963199,,,,,,
append,1606,4040799,,,,,,
encode,1606,5100,,,,,,
data_write,1606,84700,,,,,,
data_sync,1606,1978100,,,,,,
marker_write,1606,47100,,,,,,
marker_sync,1606,1922899,,,,,,
append,1607,3955399,,,,,,
encode,1607,5000,,,,,,
data_write,1607,63600,,,,,,
data_sync,1607,1831100,,,,,,
marker_write,1607,50800,,,,,,
marker_sync,1607,2001599,,,,,,
append,1608,4097799,,,,,,
encode,1608,5600,,,,,,
data_write,1608,70200,,,,,,
data_sync,1608,2186800,,,,,,
marker_write,1608,53799,,,,,,
marker_sync,1608,1778800,,,,,,
append,1609,3719099,,,,,,
encode,1609,4900,,,,,,
data_write,1609,54000,,,,,,
data_sync,1609,1975799,,,,,,
marker_write,1609,41500,,,,,,
marker_sync,1609,1640800,,,,,,
append,1610,3510199,,,,,,
encode,1610,4300,,,,,,
data_write,1610,55500,,,,,,
data_sync,1610,1613199,,,,,,
marker_write,1610,51200,,,,,,
marker_sync,1610,1782400,,,,,,
append,1611,3917499,,,,,,
encode,1611,5700,,,,,,
data_write,1611,63900,,,,,,
data_sync,1611,1948299,,,,,,
marker_write,1611,61600,,,,,,
marker_sync,1611,1835100,,,,,,
append,1612,4068799,,,,,,
encode,1612,6000,,,,,,
data_write,1612,63200,,,,,,
data_sync,1612,1950999,,,,,,
marker_write,1612,55600,,,,,,
marker_sync,1612,1989200,,,,,,
append,1613,3962599,,,,,,
encode,1613,4600,,,,,,
data_write,1613,59400,,,,,,
data_sync,1613,1789199,,,,,,
marker_write,1613,72700,,,,,,
marker_sync,1613,2031600,,,,,,
append,1614,4002899,,,,,,
encode,1614,8200,,,,,,
data_write,1614,97300,,,,,,
data_sync,1614,2066999,,,,,,
marker_write,1614,58300,,,,,,
marker_sync,1614,1768400,,,,,,
append,1615,3659999,,,,,,
encode,1615,5500,,,,,,
data_write,1615,74800,,,,,,
data_sync,1615,1906699,,,,,,
marker_write,1615,44800,,,,,,
marker_sync,1615,1626200,,,,,,
append,1616,3678198,,,,,,
encode,1616,3800,,,,,,
data_write,1616,47800,,,,,,
data_sync,1616,1667999,,,,,,
marker_write,1616,36200,,,,,,
marker_sync,1616,1919299,,,,,,
append,1617,3651699,,,,,,
encode,1617,5000,,,,,,
data_write,1617,60100,,,,,,
data_sync,1617,1751800,,,,,,
marker_write,1617,41700,,,,,,
marker_sync,1617,1790599,,,,,,
append,1618,3211900,,,,,,
encode,1618,4600,,,,,,
data_write,1618,53400,,,,,,
data_sync,1618,1535800,,,,,,
marker_write,1618,39800,,,,,,
marker_sync,1618,1576100,,,,,,
append,1619,3225899,,,,,,
encode,1619,3500,,,,,,
data_write,1619,45400,,,,,,
data_sync,1619,1558899,,,,,,
marker_write,1619,39900,,,,,,
marker_sync,1619,1576200,,,,,,
append,1620,3201899,,,,,,
encode,1620,2900,,,,,,
data_write,1620,43400,,,,,,
data_sync,1620,1512299,,,,,,
marker_write,1620,38700,,,,,,
marker_sync,1620,1602900,,,,,,
append,1621,3549699,,,,,,
encode,1621,3400,,,,,,
data_write,1621,40500,,,,,,
data_sync,1621,1661799,,,,,,
marker_write,1621,46100,,,,,,
marker_sync,1621,1795600,,,,,,
append,1622,3728299,,,,,,
encode,1622,5300,,,,,,
data_write,1622,62400,,,,,,
data_sync,1622,1851099,,,,,,
marker_write,1622,48700,,,,,,
marker_sync,1622,1757900,,,,,,
append,1623,3214699,,,,,,
encode,1623,4200,,,,,,
data_write,1623,57300,,,,,,
data_sync,1623,1618599,,,,,,
marker_write,1623,40200,,,,,,
marker_sync,1623,1492300,,,,,,
append,1624,3017099,,,,,,
encode,1624,3400,,,,,,
data_write,1624,44000,,,,,,
data_sync,1624,1435999,,,,,,
marker_write,1624,46500,,,,,,
marker_sync,1624,1485500,,,,,,
append,1625,2986299,,,,,,
encode,1625,3800,,,,,,
data_write,1625,45600,,,,,,
data_sync,1625,1454400,,,,,,
marker_write,1625,34300,,,,,,
marker_sync,1625,1446099,,,,,,
append,1626,3489199,,,,,,
encode,1626,2800,,,,,,
data_write,1626,43100,,,,,,
data_sync,1626,1675200,,,,,,
marker_write,1626,41400,,,,,,
marker_sync,1626,1723799,,,,,,
append,1627,3434199,,,,,,
encode,1627,4800,,,,,,
data_write,1627,101600,,,,,,
data_sync,1627,1706500,,,,,,
marker_write,1627,41600,,,,,,
marker_sync,1627,1577699,,,,,,
append,1628,3117899,,,,,,
encode,1628,4000,,,,,,
data_write,1628,44800,,,,,,
data_sync,1628,1502800,,,,,,
marker_write,1628,36400,,,,,,
marker_sync,1628,1528399,,,,,,
append,1629,3257800,,,,,,
encode,1629,3000,,,,,,
data_write,1629,42500,,,,,,
data_sync,1629,1602400,,,,,,
marker_write,1629,40200,,,,,,
marker_sync,1629,1567900,,,,,,
append,1630,3211899,,,,,,
encode,1630,4000,,,,,,
data_write,1630,45599,,,,,,
data_sync,1630,1535300,,,,,,
marker_write,1630,35700,,,,,,
marker_sync,1630,1589300,,,,,,
append,1631,3759799,,,,,,
encode,1631,3400,,,,,,
data_write,1631,54200,,,,,,
data_sync,1631,1767699,,,,,,
marker_write,1631,38700,,,,,,
marker_sync,1631,1893300,,,,,,
append,1632,3070999,,,,,,
encode,1632,4500,,,,,,
data_write,1632,49700,,,,,,
data_sync,1632,1477499,,,,,,
marker_write,1632,36100,,,,,,
marker_sync,1632,1500900,,,,,,
append,1633,3663599,,,,,,
encode,1633,4000,,,,,,
data_write,1633,56800,,,,,,
data_sync,1633,1810999,,,,,,
marker_write,1633,41400,,,,,,
marker_sync,1633,1748600,,,,,,
append,1634,3301099,,,,,,
encode,1634,3500,,,,,,
data_write,1634,48200,,,,,,
data_sync,1634,1661999,,,,,,
marker_write,1634,48900,,,,,,
marker_sync,1634,1536500,,,,,,
append,1635,3381399,,,,,,
encode,1635,4200,,,,,,
data_write,1635,48100,,,,,,
data_sync,1635,1542199,,,,,,
marker_write,1635,40000,,,,,,
marker_sync,1635,1745100,,,,,,
append,1636,3683599,,,,,,
encode,1636,3700,,,,,,
data_write,1636,52000,,,,,,
data_sync,1636,1718299,,,,,,
marker_write,1636,62900,,,,,,
marker_sync,1636,1844300,,,,,,
append,1637,3336099,,,,,,
encode,1637,5200,,,,,,
data_write,1637,60400,,,,,,
data_sync,1637,1591299,,,,,,
marker_write,1637,41000,,,,,,
marker_sync,1637,1636100,,,,,,
append,1638,3313499,,,,,,
encode,1638,3500,,,,,,
data_write,1638,55700,,,,,,
data_sync,1638,1617199,,,,,,
marker_write,1638,38500,,,,,,
marker_sync,1638,1596800,,,,,,
append,1639,3306999,,,,,,
encode,1639,3600,,,,,,
data_write,1639,54600,,,,,,
data_sync,1639,1592899,,,,,,
marker_write,1639,37600,,,,,,
marker_sync,1639,1616300,,,,,,
append,1640,3404099,,,,,,
encode,1640,4200,,,,,,
data_write,1640,46700,,,,,,
data_sync,1640,1655000,,,,,,
marker_write,1640,51500,,,,,,
marker_sync,1640,1644299,,,,,,
append,1641,3104599,,,,,,
encode,1641,4800,,,,,,
data_write,1641,57000,,,,,,
data_sync,1641,1532600,,,,,,
marker_write,1641,48100,,,,,,
marker_sync,1641,1459499,,,,,,
append,1642,3398599,,,,,,
encode,1642,5400,,,,,,
data_write,1642,66200,,,,,,
data_sync,1642,1449000,,,,,,
marker_write,1642,49900,,,,,,
marker_sync,1642,1825499,,,,,,
append,1643,3512099,,,,,,
encode,1643,4700,,,,,,
data_write,1643,51500,,,,,,
data_sync,1643,1741700,,,,,,
marker_write,1643,49400,,,,,,
marker_sync,1643,1661799,,,,,,
append,1644,3506699,,,,,,
encode,1644,4600,,,,,,
data_write,1644,51500,,,,,,
data_sync,1644,1668100,,,,,,
marker_write,1644,50400,,,,,,
marker_sync,1644,1728999,,,,,,
append,1645,3602499,,,,,,
encode,1645,5800,,,,,,
data_write,1645,57000,,,,,,
data_sync,1645,1845300,,,,,,
marker_write,1645,49800,,,,,,
marker_sync,1645,1641399,,,,,,
append,1646,3500299,,,,,,
encode,1646,4900,,,,,,
data_write,1646,52100,,,,,,
data_sync,1646,1726400,,,,,,
marker_write,1646,53400,,,,,,
marker_sync,1646,1660299,,,,,,
append,1647,15746796,,,,,,
encode,1647,4200,,,,,,
data_write,1647,50600,,,,,,
data_sync,1647,1808800,,,,,,
marker_write,1647,25700,,,,,,
marker_sync,1647,13854396,,,,,,
append,1648,3696399,,,,,,
encode,1648,5300,,,,,,
data_write,1648,46000,,,,,,
data_sync,1648,1755199,,,,,,
marker_write,1648,30500,,,,,,
marker_sync,1648,1855200,,,,,,
append,1649,4096199,,,,,,
encode,1649,5900,,,,,,
data_write,1649,64400,,,,,,
data_sync,1649,2275099,,,,,,
marker_write,1649,54100,,,,,,
marker_sync,1649,1693500,,,,,,
append,1650,3947799,,,,,,
encode,1650,6000,,,,,,
data_write,1650,33800,,,,,,
data_sync,1650,2062299,,,,,,
marker_write,1650,36200,,,,,,
marker_sync,1650,1805700,,,,,,
append,1651,4021999,,,,,,
encode,1651,5700,,,,,,
data_write,1651,57900,,,,,,
data_sync,1651,1928199,,,,,,
marker_write,1651,46600,,,,,,
marker_sync,1651,1980400,,,,,,
append,1652,3542499,,,,,,
encode,1652,5400,,,,,,
data_write,1652,67700,,,,,,
data_sync,1652,1768099,,,,,,
marker_write,1652,58800,,,,,,
marker_sync,1652,1639000,,,,,,
append,1653,3544999,,,,,,
encode,1653,4800,,,,,,
data_write,1653,51700,,,,,,
data_sync,1653,1714499,,,,,,
marker_write,1653,58200,,,,,,
marker_sync,1653,1713300,,,,,,
append,1654,3503899,,,,,,
encode,1654,6000,,,,,,
data_write,1654,60800,,,,,,
data_sync,1654,1757299,,,,,,
marker_write,1654,43100,,,,,,
marker_sync,1654,1632600,,,,,,
append,1655,3385799,,,,,,
encode,1655,5700,,,,,,
data_write,1655,65100,,,,,,
data_sync,1655,1610499,,,,,,
marker_write,1655,42400,,,,,,
marker_sync,1655,1658900,,,,,,
append,1656,3796599,,,,,,
encode,1656,4600,,,,,,
data_write,1656,53600,,,,,,
data_sync,1656,1775999,,,,,,
marker_write,1656,44800,,,,,,
marker_sync,1656,1915400,,,,,,
append,1657,4680898,,,,,,
encode,1657,4800,,,,,,
data_write,1657,52300,,,,,,
data_sync,1657,1768799,,,,,,
marker_write,1657,41700,,,,,,
marker_sync,1657,2811099,,,,,,
append,1658,3599999,,,,,,
encode,1658,4500,,,,,,
data_write,1658,53100,,,,,,
data_sync,1658,1662800,,,,,,
marker_write,1658,49000,,,,,,
marker_sync,1658,1827199,,,,,,
append,1659,3523999,,,,,,
encode,1659,5400,,,,,,
data_write,1659,68200,,,,,,
data_sync,1659,1689500,,,,,,
marker_write,1659,48700,,,,,,
marker_sync,1659,1709199,,,,,,
append,1660,3780199,,,,,,
encode,1660,4900,,,,,,
data_write,1660,66200,,,,,,
data_sync,1660,1718100,,,,,,
marker_write,1660,40200,,,,,,
marker_sync,1660,1947599,,,,,,
append,1661,3922299,,,,,,
encode,1661,5700,,,,,,
data_write,1661,69300,,,,,,
data_sync,1661,1956900,,,,,,
marker_write,1661,51900,,,,,,
marker_sync,1661,1834799,,,,,,
append,1662,3581399,,,,,,
encode,1662,4900,,,,,,
data_write,1662,55800,,,,,,
data_sync,1662,1740200,,,,,,
marker_write,1662,48800,,,,,,
marker_sync,1662,1728699,,,,,,
append,1663,3481699,,,,,,
encode,1663,4300,,,,,,
data_write,1663,50900,,,,,,
data_sync,1663,1727600,,,,,,
marker_write,1663,41500,,,,,,
marker_sync,1663,1655299,,,,,,
append,1664,3370599,,,,,,
encode,1664,4000,,,,,,
data_write,1664,48000,,,,,,
data_sync,1664,1611900,,,,,,
marker_write,1664,41100,,,,,,
marker_sync,1664,1662599,,,,,,
append,1665,3427899,,,,,,
encode,1665,3800,,,,,,
data_write,1665,55500,,,,,,
data_sync,1665,1686800,,,,,,
marker_write,1665,53800,,,,,,
marker_sync,1665,1624799,,,,,,
append,1666,3362499,,,,,,
encode,1666,4600,,,,,,
data_write,1666,59000,,,,,,
data_sync,1666,1629500,,,,,,
marker_write,1666,47200,,,,,,
marker_sync,1666,1619699,,,,,,
append,1667,3660499,,,,,,
encode,1667,5000,,,,,,
data_write,1667,61700,,,,,,
data_sync,1667,1606000,,,,,,
marker_write,1667,50200,,,,,,
marker_sync,1667,1934599,,,,,,
append,1668,3751499,,,,,,
encode,1668,5100,,,,,,
data_write,1668,58600,,,,,,
data_sync,1668,1894600,,,,,,
marker_write,1668,49900,,,,,,
marker_sync,1668,1740199,,,,,,
append,1669,3447299,,,,,,
encode,1669,5300,,,,,,
data_write,1669,63400,,,,,,
data_sync,1669,1671300,,,,,,
marker_write,1669,46100,,,,,,
marker_sync,1669,1657899,,,,,,
append,1670,3339799,,,,,,
encode,1670,4900,,,,,,
data_write,1670,57000,,,,,,
data_sync,1670,1659900,,,,,,
marker_write,1670,50800,,,,,,
marker_sync,1670,1563999,,,,,,
append,1671,3458899,,,,,,
encode,1671,4600,,,,,,
data_write,1671,54200,,,,,,
data_sync,1671,1753000,,,,,,
marker_write,1671,50200,,,,,,
marker_sync,1671,1592399,,,,,,
append,1672,3360200,,,,,,
encode,1672,7700,,,,,,
data_write,1672,71100,,,,,,
data_sync,1672,1742900,,,,,,
marker_write,1672,52300,,,,,,
marker_sync,1672,1482500,,,,,,
append,1673,3180399,,,,,,
encode,1673,5500,,,,,,
data_write,1673,53700,,,,,,
data_sync,1673,1590999,,,,,,
marker_write,1673,46800,,,,,,
marker_sync,1673,1480100,,,,,,
append,1674,2893599,,,,,,
encode,1674,4400,,,,,,
data_write,1674,49700,,,,,,
data_sync,1674,1378099,,,,,,
marker_write,1674,40900,,,,,,
marker_sync,1674,1418400,,,,,,
append,1675,3213399,,,,,,
encode,1675,4200,,,,,,
data_write,1675,54600,,,,,,
data_sync,1675,1547399,,,,,,
marker_write,1675,44000,,,,,,
marker_sync,1675,1560900,,,,,,
append,1676,3161699,,,,,,
encode,1676,4800,,,,,,
data_write,1676,53600,,,,,,
data_sync,1676,1484700,,,,,,
marker_write,1676,51700,,,,,,
marker_sync,1676,1563499,,,,,,
append,1677,3479099,,,,,,
encode,1677,6000,,,,,,
data_write,1677,62000,,,,,,
data_sync,1677,1735000,,,,,,
marker_write,1677,54900,,,,,,
marker_sync,1677,1617599,,,,,,
append,1678,3574199,,,,,,
encode,1678,5300,,,,,,
data_write,1678,55700,,,,,,
data_sync,1678,1670200,,,,,,
marker_write,1678,58100,,,,,,
marker_sync,1678,1782199,,,,,,
append,1679,3485799,,,,,,
encode,1679,4800,,,,,,
data_write,1679,62100,,,,,,
data_sync,1679,1692000,,,,,,
marker_write,1679,52400,,,,,,
marker_sync,1679,1671699,,,,,,
append,1680,3230899,,,,,,
encode,1680,4600,,,,,,
data_write,1680,54100,,,,,,
data_sync,1680,1581200,,,,,,
marker_write,1680,48500,,,,,,
marker_sync,1680,1539099,,,,,,
append,1681,3173899,,,,,,
encode,1681,5600,,,,,,
data_write,1681,66200,,,,,,
data_sync,1681,1405800,,,,,,
marker_write,1681,42000,,,,,,
marker_sync,1681,1650599,,,,,,
append,1682,3279999,,,,,,
encode,1682,5500,,,,,,
data_write,1682,69600,,,,,,
data_sync,1682,1603200,,,,,,
marker_write,1682,52600,,,,,,
marker_sync,1682,1545699,,,,,,
append,1683,3528399,,,,,,
encode,1683,4400,,,,,,
data_write,1683,54600,,,,,,
data_sync,1683,1706700,,,,,,
marker_write,1683,27300,,,,,,
marker_sync,1683,1731699,,,,,,
append,1684,3836199,,,,,,
encode,1684,5900,,,,,,
data_write,1684,79000,,,,,,
data_sync,1684,1976800,,,,,,
marker_write,1684,33600,,,,,,
marker_sync,1684,1736599,,,,,,
append,1685,3629899,,,,,,
encode,1685,5700,,,,,,
data_write,1685,63800,,,,,,
data_sync,1685,1787100,,,,,,
marker_write,1685,50300,,,,,,
marker_sync,1685,1718899,,,,,,
append,1686,3744399,,,,,,
encode,1686,5900,,,,,,
data_write,1686,74000,,,,,,
data_sync,1686,1739200,,,,,,
marker_write,1686,51100,,,,,,
marker_sync,1686,1870599,,,,,,
append,1687,3866899,,,,,,
encode,1687,5700,,,,,,
data_write,1687,63000,,,,,,
data_sync,1687,1927000,,,,,,
marker_write,1687,60500,,,,,,
marker_sync,1687,1806899,,,,,,
append,1688,3851099,,,,,,
encode,1688,6400,,,,,,
data_write,1688,66000,,,,,,
data_sync,1688,1890100,,,,,,
marker_write,1688,48800,,,,,,
marker_sync,1688,1836499,,,,,,
append,1689,3666199,,,,,,
encode,1689,4800,,,,,,
data_write,1689,64200,,,,,,
data_sync,1689,1890000,,,,,,
marker_write,1689,57000,,,,,,
marker_sync,1689,1647499,,,,,,
append,1690,3444999,,,,,,
encode,1690,4700,,,,,,
data_write,1690,50200,,,,,,
data_sync,1690,1597200,,,,,,
marker_write,1690,54100,,,,,,
marker_sync,1690,1736099,,,,,,
append,1691,3613499,,,,,,
encode,1691,5900,,,,,,
data_write,1691,61500,,,,,,
data_sync,1691,1723500,,,,,,
marker_write,1691,45800,,,,,,
marker_sync,1691,1774399,,,,,,
append,1692,3591299,,,,,,
encode,1692,5900,,,,,,
data_write,1692,60800,,,,,,
data_sync,1692,1710600,,,,,,
marker_write,1692,51800,,,,,,
marker_sync,1692,1758899,,,,,,
append,1693,3383699,,,,,,
encode,1693,4700,,,,,,
data_write,1693,59400,,,,,,
data_sync,1693,1641500,,,,,,
marker_write,1693,43300,,,,,,
marker_sync,1693,1632199,,,,,,
append,1694,3613199,,,,,,
encode,1694,4600,,,,,,
data_write,1694,51800,,,,,,
data_sync,1694,1710700,,,,,,
marker_write,1694,43600,,,,,,
marker_sync,1694,1799299,,,,,,
append,1695,4172699,,,,,,
encode,1695,4200,,,,,,
data_write,1695,58000,,,,,,
data_sync,1695,2112200,,,,,,
marker_write,1695,59500,,,,,,
marker_sync,1695,1935399,,,,,,
append,1696,3636399,,,,,,
encode,1696,5400,,,,,,
data_write,1696,68400,,,,,,
data_sync,1696,1822400,,,,,,
marker_write,1696,54300,,,,,,
marker_sync,1696,1682299,,,,,,
append,1697,3474999,,,,,,
encode,1697,4000,,,,,,
data_write,1697,52100,,,,,,
data_sync,1697,1695900,,,,,,
marker_write,1697,40200,,,,,,
marker_sync,1697,1680499,,,,,,
append,1698,3595999,,,,,,
encode,1698,3500,,,,,,
data_write,1698,48900,,,,,,
data_sync,1698,1738800,,,,,,
marker_write,1698,40700,,,,,,
marker_sync,1698,1761699,,,,,,
append,1699,3754299,,,,,,
encode,1699,5300,,,,,,
data_write,1699,66200,,,,,,
data_sync,1699,1903000,,,,,,
marker_write,1699,57500,,,,,,
marker_sync,1699,1719199,,,,,,
append,1700,3329399,,,,,,
encode,1700,5800,,,,,,
data_write,1700,63500,,,,,,
data_sync,1700,1632700,,,,,,
marker_write,1700,47200,,,,,,
marker_sync,1700,1577499,,,,,,
append,1701,3165399,,,,,,
encode,1701,3600,,,,,,
data_write,1701,50200,,,,,,
data_sync,1701,1503800,,,,,,
marker_write,1701,36000,,,,,,
marker_sync,1701,1569899,,,,,,
append,1702,3146299,,,,,,
encode,1702,4000,,,,,,
data_write,1702,48700,,,,,,
data_sync,1702,1534900,,,,,,
marker_write,1702,37800,,,,,,
marker_sync,1702,1518899,,,,,,
append,1703,3521699,,,,,,
encode,1703,4200,,,,,,
data_write,1703,55700,,,,,,
data_sync,1703,1504500,,,,,,
marker_write,1703,37400,,,,,,
marker_sync,1703,1916299,,,,,,
append,1704,4002399,,,,,,
encode,1704,6200,,,,,,
data_write,1704,82900,,,,,,
data_sync,1704,1978300,,,,,,
marker_write,1704,58400,,,,,,
marker_sync,1704,1873599,,,,,,
append,1705,3277399,,,,,,
encode,1705,5300,,,,,,
data_write,1705,61100,,,,,,
data_sync,1705,1621500,,,,,,
marker_write,1705,49400,,,,,,
marker_sync,1705,1538099,,,,,,
append,1706,3167900,,,,,,
encode,1706,4000,,,,,,
data_write,1706,50800,,,,,,
data_sync,1706,1486900,,,,,,
marker_write,1706,41400,,,,,,
marker_sync,1706,1583000,,,,,,
append,1707,3551499,,,,,,
encode,1707,3900,,,,,,
data_write,1707,50300,,,,,,
data_sync,1707,1703399,,,,,,
marker_write,1707,43100,,,,,,
marker_sync,1707,1748300,,,,,,
append,1708,3898998,,,,,,
encode,1708,5100,,,,,,
data_write,1708,59100,,,,,,
data_sync,1708,2022699,,,,,,
marker_write,1708,58200,,,,,,
marker_sync,1708,1751699,,,,,,
append,1709,3172800,,,,,,
encode,1709,4200,,,,,,
data_write,1709,50500,,,,,,
data_sync,1709,1532800,,,,,,
marker_write,1709,38400,,,,,,
marker_sync,1709,1544700,,,,,,
append,1710,3117099,,,,,,
encode,1710,3200,,,,,,
data_write,1710,46800,,,,,,
data_sync,1710,1524299,,,,,,
marker_write,1710,39100,,,,,,
marker_sync,1710,1502100,,,,,,
append,1711,3053899,,,,,,
encode,1711,3000,,,,,,
data_write,1711,46000,,,,,,
data_sync,1711,1490399,,,,,,
marker_write,1711,35900,,,,,,
marker_sync,1711,1476600,,,,,,
append,1712,3129899,,,,,,
encode,1712,3800,,,,,,
data_write,1712,42400,,,,,,
data_sync,1712,1507599,,,,,,
marker_write,1712,37200,,,,,,
marker_sync,1712,1536300,,,,,,
append,1713,3649699,,,,,,
encode,1713,4400,,,,,,
data_write,1713,75100,,,,,,
data_sync,1713,1828099,,,,,,
marker_write,1713,48000,,,,,,
marker_sync,1713,1691200,,,,,,
append,1714,3313299,,,,,,
encode,1714,5600,,,,,,
data_write,1714,56800,,,,,,
data_sync,1714,1585000,,,,,,
marker_write,1714,45299,,,,,,
marker_sync,1714,1617200,,,,,,
append,1715,3366699,,,,,,
encode,1715,4700,,,,,,
data_write,1715,58900,,,,,,
data_sync,1715,1646500,,,,,,
marker_write,1715,44300,,,,,,
marker_sync,1715,1609899,,,,,,
append,1716,3504999,,,,,,
encode,1716,4700,,,,,,
data_write,1716,84500,,,,,,
data_sync,1716,1672900,,,,,,
marker_write,1716,55000,,,,,,
marker_sync,1716,1685499,,,,,,
append,1717,3516099,,,,,,
encode,1717,4700,,,,,,
data_write,1717,57200,,,,,,
data_sync,1717,1622100,,,,,,
marker_write,1717,44300,,,,,,
marker_sync,1717,1784999,,,,,,
append,1718,3946299,,,,,,
encode,1718,5200,,,,,,
data_write,1718,60700,,,,,,
data_sync,1718,1912800,,,,,,
marker_write,1718,59800,,,,,,
marker_sync,1718,1904699,,,,,,
append,1719,3866599,,,,,,
encode,1719,5900,,,,,,
data_write,1719,61900,,,,,,
data_sync,1719,1877800,,,,,,
marker_write,1719,53899,,,,,,
marker_sync,1719,1863900,,,,,,
append,1720,3263801,,,,,,
encode,1720,4800,,,,,,
data_write,1720,64000,,,,,,
data_sync,1720,1692500,,,,,,
marker_write,1720,40900,,,,,,
marker_sync,1720,1459301,,,,,,
append,1721,3253800,,,,,,
encode,1721,4400,,,,,,
data_write,1721,44100,,,,,,
data_sync,1721,1487400,,,,,,
marker_write,1721,54700,,,,,,
marker_sync,1721,1659100,,,,,,
append,1722,8616000,,,,,,
encode,1722,6300,,,,,,
data_write,1722,74900,,,,,,
data_sync,1722,1969000,,,,,,
marker_write,1722,46500,,,,,,
marker_sync,1722,6515800,,,,,,
append,1723,3456600,,,,,,
encode,1723,5600,,,,,,
data_write,1723,76200,,,,,,
data_sync,1723,1764500,,,,,,
marker_write,1723,44800,,,,,,
marker_sync,1723,1562200,,,,,,
append,1724,3291100,,,,,,
encode,1724,4300,,,,,,
data_write,1724,50000,,,,,,
data_sync,1724,1620900,,,,,,
marker_write,1724,42500,,,,,,
marker_sync,1724,1570500,,,,,,
append,1725,3214100,,,,,,
encode,1725,4800,,,,,,
data_write,1725,64000,,,,,,
data_sync,1725,1601400,,,,,,
marker_write,1725,49300,,,,,,
marker_sync,1725,1491600,,,,,,
append,1726,3055000,,,,,,
encode,1726,5400,,,,,,
data_write,1726,56300,,,,,,
data_sync,1726,1430900,,,,,,
marker_write,1726,45900,,,,,,
marker_sync,1726,1513300,,,,,,
append,1727,3175100,,,,,,
encode,1727,4200,,,,,,
data_write,1727,57700,,,,,,
data_sync,1727,1525400,,,,,,
marker_write,1727,47300,,,,,,
marker_sync,1727,1538000,,,,,,
append,1728,3211800,,,,,,
encode,1728,4400,,,,,,
data_write,1728,58300,,,,,,
data_sync,1728,1582800,,,,,,
marker_write,1728,51100,,,,,,
marker_sync,1728,1512400,,,,,,
append,1729,2832000,,,,,,
encode,1729,3400,,,,,,
data_write,1729,55000,,,,,,
data_sync,1729,1380600,,,,,,
marker_write,1729,42000,,,,,,
marker_sync,1729,1349000,,,,,,
append,1730,3207100,,,,,,
encode,1730,3100,,,,,,
data_write,1730,44900,,,,,,
data_sync,1730,1550200,,,,,,
marker_write,1730,45000,,,,,,
marker_sync,1730,1561500,,,,,,
append,1731,3121900,,,,,,
encode,1731,5200,,,,,,
data_write,1731,58800,,,,,,
data_sync,1731,1423900,,,,,,
marker_write,1731,39000,,,,,,
marker_sync,1731,1592700,,,,,,
append,1732,3234700,,,,,,
encode,1732,4900,,,,,,
data_write,1732,58700,,,,,,
data_sync,1732,1568500,,,,,,
marker_write,1732,43700,,,,,,
marker_sync,1732,1555800,,,,,,
append,1733,4088200,,,,,,
encode,1733,5000,,,,,,
data_write,1733,64600,,,,,,
data_sync,1733,1902900,,,,,,
marker_write,1733,66100,,,,,,
marker_sync,1733,2044500,,,,,,
append,1734,3538000,,,,,,
encode,1734,7800,,,,,,
data_write,1734,79800,,,,,,
data_sync,1734,1813700,,,,,,
marker_write,1734,51800,,,,,,
marker_sync,1734,1582100,,,,,,
append,1735,3203200,,,,,,
encode,1735,5300,,,,,,
data_write,1735,62200,,,,,,
data_sync,1735,1558100,,,,,,
marker_write,1735,49400,,,,,,
marker_sync,1735,1525000,,,,,,
append,1736,3196700,,,,,,
encode,1736,5100,,,,,,
data_write,1736,68000,,,,,,
data_sync,1736,1482200,,,,,,
marker_write,1736,46100,,,,,,
marker_sync,1736,1593000,,,,,,
append,1737,3083500,,,,,,
encode,1737,4400,,,,,,
data_write,1737,50800,,,,,,
data_sync,1737,1502400,,,,,,
marker_write,1737,43000,,,,,,
marker_sync,1737,1480600,,,,,,
append,1738,3146000,,,,,,
encode,1738,5000,,,,,,
data_write,1738,57600,,,,,,
data_sync,1738,1527000,,,,,,
marker_write,1738,45400,,,,,,
marker_sync,1738,1508700,,,,,,
append,1739,3263500,,,,,,
encode,1739,4700,,,,,,
data_write,1739,62100,,,,,,
data_sync,1739,1489100,,,,,,
marker_write,1739,44000,,,,,,
marker_sync,1739,1661400,,,,,,
append,1740,3117400,,,,,,
encode,1740,4200,,,,,,
data_write,1740,53300,,,,,,
data_sync,1740,1537100,,,,,,
marker_write,1740,42300,,,,,,
marker_sync,1740,1478400,,,,,,
append,1741,2907800,,,,,,
encode,1741,4000,,,,,,
data_write,1741,50200,,,,,,
data_sync,1741,1423300,,,,,,
marker_write,1741,40600,,,,,,
marker_sync,1741,1388000,,,,,,
append,1742,2912801,,,,,,
encode,1742,3700,,,,,,
data_write,1742,50700,,,,,,
data_sync,1742,1450101,,,,,,
marker_write,1742,40700,,,,,,
marker_sync,1742,1365500,,,,,,
append,1743,2763600,,,,,,
encode,1743,3800,,,,,,
data_write,1743,40400,,,,,,
data_sync,1743,1337000,,,,,,
marker_write,1743,32600,,,,,,
marker_sync,1743,1348000,,,,,,
append,1744,3126500,,,,,,
encode,1744,3700,,,,,,
data_write,1744,54600,,,,,,
data_sync,1744,1529500,,,,,,
marker_write,1744,42400,,,,,,
marker_sync,1744,1493200,,,,,,
append,1745,3376600,,,,,,
encode,1745,4000,,,,,,
data_write,1745,49500,,,,,,
data_sync,1745,1581900,,,,,,
marker_write,1745,44800,,,,,,
marker_sync,1745,1694100,,,,,,
append,1746,3023900,,,,,,
encode,1746,4100,,,,,,
data_write,1746,48500,,,,,,
data_sync,1746,1523100,,,,,,
marker_write,1746,33500,,,,,,
marker_sync,1746,1412500,,,,,,
append,1747,2970700,,,,,,
encode,1747,2700,,,,,,
data_write,1747,40900,,,,,,
data_sync,1747,1485300,,,,,,
marker_write,1747,40800,,,,,,
marker_sync,1747,1398800,,,,,,
append,1748,2856200,,,,,,
encode,1748,3800,,,,,,
data_write,1748,48700,,,,,,
data_sync,1748,1393600,,,,,,
marker_write,1748,38600,,,,,,
marker_sync,1748,1369800,,,,,,
append,1749,2840500,,,,,,
encode,1749,3600,,,,,,
data_write,1749,44000,,,,,,
data_sync,1749,1373900,,,,,,
marker_write,1749,35100,,,,,,
marker_sync,1749,1382600,,,,,,
append,1750,3050600,,,,,,
encode,1750,2700,,,,,,
data_write,1750,43900,,,,,,
data_sync,1750,1565900,,,,,,
marker_write,1750,40900,,,,,,
marker_sync,1750,1395100,,,,,,
append,1751,2840000,,,,,,
encode,1751,3300,,,,,,
data_write,1751,40800,,,,,,
data_sync,1751,1350000,,,,,,
marker_write,1751,32600,,,,,,
marker_sync,1751,1412300,,,,,,
append,1752,2755400,,,,,,
encode,1752,2800,,,,,,
data_write,1752,39600,,,,,,
data_sync,1752,1341700,,,,,,
marker_write,1752,31600,,,,,,
marker_sync,1752,1338400,,,,,,
append,1753,3084600,,,,,,
encode,1753,2100,,,,,,
data_write,1753,39100,,,,,,
data_sync,1753,1533100,,,,,,
marker_write,1753,45300,,,,,,
marker_sync,1753,1463100,,,,,,
append,1754,2819800,,,,,,
encode,1754,3500,,,,,,
data_write,1754,49400,,,,,,
data_sync,1754,1357100,,,,,,
marker_write,1754,39400,,,,,,
marker_sync,1754,1368300,,,,,,
append,1755,2912800,,,,,,
encode,1755,3600,,,,,,
data_write,1755,46700,,,,,,
data_sync,1755,1412900,,,,,,
marker_write,1755,49700,,,,,,
marker_sync,1755,1398000,,,,,,
append,1756,2836900,,,,,,
encode,1756,3900,,,,,,
data_write,1756,47500,,,,,,
data_sync,1756,1387900,,,,,,
marker_write,1756,38100,,,,,,
marker_sync,1756,1357500,,,,,,
append,1757,2877400,,,,,,
encode,1757,2700,,,,,,
data_write,1757,44200,,,,,,
data_sync,1757,1428300,,,,,,
marker_write,1757,38400,,,,,,
marker_sync,1757,1362100,,,,,,
append,1758,2858200,,,,,,
encode,1758,2800,,,,,,
data_write,1758,47300,,,,,,
data_sync,1758,1348300,,,,,,
marker_write,1758,37400,,,,,,
marker_sync,1758,1420800,,,,,,
append,1759,2902700,,,,,,
encode,1759,2700,,,,,,
data_write,1759,48400,,,,,,
data_sync,1759,1391700,,,,,,
marker_write,1759,37900,,,,,,
marker_sync,1759,1419600,,,,,,
append,1760,2873800,,,,,,
encode,1760,3100,,,,,,
data_write,1760,47400,,,,,,
data_sync,1760,1386500,,,,,,
marker_write,1760,36600,,,,,,
marker_sync,1760,1398500,,,,,,
append,1761,3128300,,,,,,
encode,1761,3000,,,,,,
data_write,1761,46800,,,,,,
data_sync,1761,1538400,,,,,,
marker_write,1761,48100,,,,,,
marker_sync,1761,1489500,,,,,,
append,1762,3076200,,,,,,
encode,1762,4100,,,,,,
data_write,1762,55300,,,,,,
data_sync,1762,1452700,,,,,,
marker_write,1762,46200,,,,,,
marker_sync,1762,1514800,,,,,,
append,1763,2981800,,,,,,
encode,1763,3900,,,,,,
data_write,1763,60100,,,,,,
data_sync,1763,1443700,,,,,,
marker_write,1763,47000,,,,,,
marker_sync,1763,1424300,,,,,,
append,1764,3046800,,,,,,
encode,1764,3800,,,,,,
data_write,1764,54500,,,,,,
data_sync,1764,1487500,,,,,,
marker_write,1764,38900,,,,,,
marker_sync,1764,1460000,,,,,,
append,1765,3028500,,,,,,
encode,1765,4200,,,,,,
data_write,1765,51800,,,,,,
data_sync,1765,1469400,,,,,,
marker_write,1765,47800,,,,,,
marker_sync,1765,1453200,,,,,,
append,1766,3193200,,,,,,
encode,1766,4400,,,,,,
data_write,1766,55900,,,,,,
data_sync,1766,1506100,,,,,,
marker_write,1766,50100,,,,,,
marker_sync,1766,1574500,,,,,,
append,1767,3277001,,,,,,
encode,1767,3800,,,,,,
data_write,1767,48200,,,,,,
data_sync,1767,1537101,,,,,,
marker_write,1767,36800,,,,,,
marker_sync,1767,1649300,,,,,,
append,1768,3282900,,,,,,
encode,1768,3200,,,,,,
data_write,1768,45400,,,,,,
data_sync,1768,1544400,,,,,,
marker_write,1768,38000,,,,,,
marker_sync,1768,1649900,,,,,,
append,1769,3270800,,,,,,
encode,1769,5200,,,,,,
data_write,1769,51600,,,,,,
data_sync,1769,1564700,,,,,,
marker_write,1769,38500,,,,,,
marker_sync,1769,1608500,,,,,,
append,1770,3481800,,,,,,
encode,1770,5100,,,,,,
data_write,1770,60100,,,,,,
data_sync,1770,1674300,,,,,,
marker_write,1770,48900,,,,,,
marker_sync,1770,1690500,,,,,,
append,1771,6178800,,,,,,
encode,1771,5300,,,,,,
data_write,1771,57000,,,,,,
data_sync,1771,4057000,,,,,,
marker_write,1771,52300,,,,,,
marker_sync,1771,2004400,,,,,,
append,1772,4568700,,,,,,
encode,1772,4600,,,,,,
data_write,1772,76600,,,,,,
data_sync,1772,2714200,,,,,,
marker_write,1772,43700,,,,,,
marker_sync,1772,1727200,,,,,,
append,1773,3381500,,,,,,
encode,1773,4200,,,,,,
data_write,1773,46800,,,,,,
data_sync,1773,1711600,,,,,,
marker_write,1773,42200,,,,,,
marker_sync,1773,1573700,,,,,,
append,1774,3368000,,,,,,
encode,1774,4000,,,,,,
data_write,1774,50300,,,,,,
data_sync,1774,1613000,,,,,,
marker_write,1774,41200,,,,,,
marker_sync,1774,1656900,,,,,,
append,1775,3177200,,,,,,
encode,1775,5100,,,,,,
data_write,1775,60300,,,,,,
data_sync,1775,1559800,,,,,,
marker_write,1775,40400,,,,,,
marker_sync,1775,1509300,,,,,,
append,1776,3012900,,,,,,
encode,1776,3500,,,,,,
data_write,1776,48100,,,,,,
data_sync,1776,1476200,,,,,,
marker_write,1776,37900,,,,,,
marker_sync,1776,1445500,,,,,,
append,1777,2970300,,,,,,
encode,1777,3000,,,,,,
data_write,1777,42700,,,,,,
data_sync,1777,1422500,,,,,,
marker_write,1777,33400,,,,,,
marker_sync,1777,1467300,,,,,,
append,1778,2994100,,,,,,
encode,1778,2800,,,,,,
data_write,1778,42700,,,,,,
data_sync,1778,1424400,,,,,,
marker_write,1778,33200,,,,,,
marker_sync,1778,1489200,,,,,,
append,1779,3345400,,,,,,
encode,1779,4000,,,,,,
data_write,1779,55100,,,,,,
data_sync,1779,1593800,,,,,,
marker_write,1779,59000,,,,,,
marker_sync,1779,1630900,,,,,,
append,1780,3400000,,,,,,
encode,1780,4900,,,,,,
data_write,1780,51900,,,,,,
data_sync,1780,1762600,,,,,,
marker_write,1780,53400,,,,,,
marker_sync,1780,1524900,,,,,,
append,1781,3089200,,,,,,
encode,1781,4300,,,,,,
data_write,1781,44600,,,,,,
data_sync,1781,1515400,,,,,,
marker_write,1781,36200,,,,,,
marker_sync,1781,1485700,,,,,,
append,1782,3090300,,,,,,
encode,1782,4300,,,,,,
data_write,1782,60900,,,,,,
data_sync,1782,1487400,,,,,,
marker_write,1782,38400,,,,,,
marker_sync,1782,1496500,,,,,,
append,1783,3400900,,,,,,
encode,1783,4400,,,,,,
data_write,1783,58000,,,,,,
data_sync,1783,1530200,,,,,,
marker_write,1783,39300,,,,,,
marker_sync,1783,1766900,,,,,,
append,1784,3244800,,,,,,
encode,1784,4800,,,,,,
data_write,1784,57200,,,,,,
data_sync,1784,1621200,,,,,,
marker_write,1784,45300,,,,,,
marker_sync,1784,1513900,,,,,,
append,1785,4666700,,,,,,
encode,1785,5600,,,,,,
data_write,1785,51000,,,,,,
data_sync,1785,2617600,,,,,,
marker_write,1785,56200,,,,,,
marker_sync,1785,1933600,,,,,,
append,1786,3368300,,,,,,
encode,1786,5800,,,,,,
data_write,1786,65800,,,,,,
data_sync,1786,1677800,,,,,,
marker_write,1786,47100,,,,,,
marker_sync,1786,1569000,,,,,,
append,1787,3068700,,,,,,
encode,1787,4400,,,,,,
data_write,1787,52300,,,,,,
data_sync,1787,1511300,,,,,,
marker_write,1787,37900,,,,,,
marker_sync,1787,1460000,,,,,,
append,1788,3447501,,,,,,
encode,1788,3500,,,,,,
data_write,1788,44100,,,,,,
data_sync,1788,1562601,,,,,,
marker_write,1788,46100,,,,,,
marker_sync,1788,1788100,,,,,,
append,1789,3154300,,,,,,
encode,1789,5100,,,,,,
data_write,1789,61400,,,,,,
data_sync,1789,1599200,,,,,,
marker_write,1789,41500,,,,,,
marker_sync,1789,1445300,,,,,,
append,1790,3103900,,,,,,
encode,1790,3800,,,,,,
data_write,1790,43400,,,,,,
data_sync,1790,1479800,,,,,,
marker_write,1790,32300,,,,,,
marker_sync,1790,1542800,,,,,,
append,1791,3116300,,,,,,
encode,1791,3300,,,,,,
data_write,1791,45300,,,,,,
data_sync,1791,1485300,,,,,,
marker_write,1791,44900,,,,,,
marker_sync,1791,1535000,,,,,,
append,1792,3018000,,,,,,
encode,1792,3800,,,,,,
data_write,1792,60300,,,,,,
data_sync,1792,1498400,,,,,,
marker_write,1792,33700,,,,,,
marker_sync,1792,1419400,,,,,,
append,1793,3374800,,,,,,
encode,1793,2400,,,,,,
data_write,1793,43800,,,,,,
data_sync,1793,1650600,,,,,,
marker_write,1793,49400,,,,,,
marker_sync,1793,1625700,,,,,,
append,1794,3358800,,,,,,
encode,1794,5200,,,,,,
data_write,1794,54300,,,,,,
data_sync,1794,1557700,,,,,,
marker_write,1794,46500,,,,,,
marker_sync,1794,1693000,,,,,,
append,1795,3174900,,,,,,
encode,1795,4400,,,,,,
data_write,1795,56500,,,,,,
data_sync,1795,1511100,,,,,,
marker_write,1795,37400,,,,,,
marker_sync,1795,1563300,,,,,,
append,1796,3129800,,,,,,
encode,1796,4100,,,,,,
data_write,1796,43200,,,,,,
data_sync,1796,1508200,,,,,,
marker_write,1796,31700,,,,,,
marker_sync,1796,1541300,,,,,,
append,1797,3113500,,,,,,
encode,1797,3500,,,,,,
data_write,1797,43600,,,,,,
data_sync,1797,1516300,,,,,,
marker_write,1797,33000,,,,,,
marker_sync,1797,1514900,,,,,,
append,1798,3789300,,,,,,
encode,1798,2600,,,,,,
data_write,1798,38600,,,,,,
data_sync,1798,1756700,,,,,,
marker_write,1798,49600,,,,,,
marker_sync,1798,1937600,,,,,,
append,1799,3863400,,,,,,
encode,1799,6000,,,,,,
data_write,1799,71100,,,,,,
data_sync,1799,1850200,,,,,,
marker_write,1799,65600,,,,,,
marker_sync,1799,1867000,,,,,,
append,1800,4104000,,,,,,
encode,1800,5900,,,,,,
data_write,1800,66700,,,,,,
data_sync,1800,1838500,,,,,,
marker_write,1800,69000,,,,,,
marker_sync,1800,2119700,,,,,,
append,1801,3610500,,,,,,
encode,1801,5700,,,,,,
data_write,1801,75800,,,,,,
data_sync,1801,1793700,,,,,,
marker_write,1801,56100,,,,,,
marker_sync,1801,1676400,,,,,,
append,1802,3069100,,,,,,
encode,1802,4200,,,,,,
data_write,1802,48400,,,,,,
data_sync,1802,1467200,,,,,,
marker_write,1802,36500,,,,,,
marker_sync,1802,1509600,,,,,,
append,1803,3413400,,,,,,
encode,1803,4300,,,,,,
data_write,1803,53500,,,,,,
data_sync,1803,1513300,,,,,,
marker_write,1803,49800,,,,,,
marker_sync,1803,1789500,,,,,,
append,1804,3476000,,,,,,
encode,1804,3700,,,,,,
data_write,1804,51500,,,,,,
data_sync,1804,1575500,,,,,,
marker_write,1804,47400,,,,,,
marker_sync,1804,1795300,,,,,,
append,1805,3198900,,,,,,
encode,1805,4700,,,,,,
data_write,1805,50600,,,,,,
data_sync,1805,1589000,,,,,,
marker_write,1805,51700,,,,,,
marker_sync,1805,1500500,,,,,,
append,1806,3059800,,,,,,
encode,1806,3500,,,,,,
data_write,1806,47400,,,,,,
data_sync,1806,1485000,,,,,,
marker_write,1806,45300,,,,,,
marker_sync,1806,1476600,,,,,,
append,1807,3292500,,,,,,
encode,1807,3200,,,,,,
data_write,1807,42800,,,,,,
data_sync,1807,1418700,,,,,,
marker_write,1807,44900,,,,,,
marker_sync,1807,1780800,,,,,,
append,1808,3566000,,,,,,
encode,1808,4300,,,,,,
data_write,1808,52500,,,,,,
data_sync,1808,1703100,,,,,,
marker_write,1808,38300,,,,,,
marker_sync,1808,1765500,,,,,,
append,1809,3121500,,,,,,
encode,1809,4900,,,,,,
data_write,1809,60100,,,,,,
data_sync,1809,1564200,,,,,,
marker_write,1809,40100,,,,,,
marker_sync,1809,1450200,,,,,,
append,1810,2856301,,,,,,
encode,1810,3800,,,,,,
data_write,1810,43000,,,,,,
data_sync,1810,1371201,,,,,,
marker_write,1810,33000,,,,,,
marker_sync,1810,1403800,,,,,,
append,1811,2911500,,,,,,
encode,1811,2800,,,,,,
data_write,1811,38500,,,,,,
data_sync,1811,1461000,,,,,,
marker_write,1811,37500,,,,,,
marker_sync,1811,1370000,,,,,,
append,1812,3117800,,,,,,
encode,1812,3500,,,,,,
data_write,1812,43900,,,,,,
data_sync,1812,1390100,,,,,,
marker_write,1812,35500,,,,,,
marker_sync,1812,1643000,,,,,,
append,1813,8826600,,,,,,
encode,1813,4400,,,,,,
data_write,1813,50500,,,,,,
data_sync,1813,7234300,,,,,,
marker_write,1813,55900,,,,,,
marker_sync,1813,1479200,,,,,,
append,1814,3033900,,,,,,
encode,1814,4600,,,,,,
data_write,1814,47200,,,,,,
data_sync,1814,1444100,,,,,,
marker_write,1814,36800,,,,,,
marker_sync,1814,1498600,,,,,,
append,1815,3081600,,,,,,
encode,1815,3200,,,,,,
data_write,1815,43600,,,,,,
data_sync,1815,1493000,,,,,,
marker_write,1815,38000,,,,,,
marker_sync,1815,1501300,,,,,,
append,1816,3266300,,,,,,
encode,1816,3700,,,,,,
data_write,1816,54300,,,,,,
data_sync,1816,1611800,,,,,,
marker_write,1816,40400,,,,,,
marker_sync,1816,1553600,,,,,,
append,1817,3085800,,,,,,
encode,1817,3900,,,,,,
data_write,1817,42600,,,,,,
data_sync,1817,1512400,,,,,,
marker_write,1817,37500,,,,,,
marker_sync,1817,1487500,,,,,,
append,1818,3147000,,,,,,
encode,1818,4100,,,,,,
data_write,1818,46100,,,,,,
data_sync,1818,1523000,,,,,,
marker_write,1818,47300,,,,,,
marker_sync,1818,1523700,,,,,,
append,1819,3230200,,,,,,
encode,1819,4200,,,,,,
data_write,1819,55100,,,,,,
data_sync,1819,1527100,,,,,,
marker_write,1819,45800,,,,,,
marker_sync,1819,1595400,,,,,,
append,1820,3361700,,,,,,
encode,1820,5600,,,,,,
data_write,1820,56000,,,,,,
data_sync,1820,1510200,,,,,,
marker_write,1820,43700,,,,,,
marker_sync,1820,1743500,,,,,,
append,1821,3837000,,,,,,
encode,1821,5800,,,,,,
data_write,1821,60300,,,,,,
data_sync,1821,1865600,,,,,,
marker_write,1821,53700,,,,,,
marker_sync,1821,1848400,,,,,,
append,1822,3981100,,,,,,
encode,1822,5300,,,,,,
data_write,1822,59900,,,,,,
data_sync,1822,2068800,,,,,,
marker_write,1822,51900,,,,,,
marker_sync,1822,1792700,,,,,,
append,1823,3712100,,,,,,
encode,1823,5400,,,,,,
data_write,1823,56300,,,,,,
data_sync,1823,1934100,,,,,,
marker_write,1823,52500,,,,,,
marker_sync,1823,1661300,,,,,,
append,1824,3256800,,,,,,
encode,1824,5600,,,,,,
data_write,1824,58900,,,,,,
data_sync,1824,1558900,,,,,,
marker_write,1824,47900,,,,,,
marker_sync,1824,1583200,,,,,,
append,1825,3485800,,,,,,
encode,1825,4300,,,,,,
data_write,1825,56400,,,,,,
data_sync,1825,1736400,,,,,,
marker_write,1825,50100,,,,,,
marker_sync,1825,1635900,,,,,,
append,1826,3237700,,,,,,
encode,1826,5000,,,,,,
data_write,1826,55200,,,,,,
data_sync,1826,1589000,,,,,,
marker_write,1826,47800,,,,,,
marker_sync,1826,1537500,,,,,,
append,1827,3315700,,,,,,
encode,1827,3700,,,,,,
data_write,1827,57200,,,,,,
data_sync,1827,1632600,,,,,,
marker_write,1827,43100,,,,,,
marker_sync,1827,1576600,,,,,,
append,1828,3558900,,,,,,
encode,1828,4300,,,,,,
data_write,1828,47000,,,,,,
data_sync,1828,1619100,,,,,,
marker_write,1828,40700,,,,,,
marker_sync,1828,1845400,,,,,,
append,1829,3473400,,,,,,
encode,1829,4500,,,,,,
data_write,1829,60000,,,,,,
data_sync,1829,1652500,,,,,,
marker_write,1829,39400,,,,,,
marker_sync,1829,1713800,,,,,,
append,1830,3823801,,,,,,
encode,1830,5300,,,,,,
data_write,1830,64500,,,,,,
data_sync,1830,1977400,,,,,,
marker_write,1830,53200,,,,,,
marker_sync,1830,1720301,,,,,,
append,1831,3245700,,,,,,
encode,1831,4100,,,,,,
data_write,1831,51000,,,,,,
data_sync,1831,1560800,,,,,,
marker_write,1831,51900,,,,,,
marker_sync,1831,1575300,,,,,,
append,1832,3139200,,,,,,
encode,1832,4900,,,,,,
data_write,1832,52500,,,,,,
data_sync,1832,1564200,,,,,,
marker_write,1832,40600,,,,,,
marker_sync,1832,1474500,,,,,,
append,1833,3049600,,,,,,
encode,1833,4700,,,,,,
data_write,1833,57200,,,,,,
data_sync,1833,1464500,,,,,,
marker_write,1833,37900,,,,,,
marker_sync,1833,1483700,,,,,,
append,1834,3184600,,,,,,
encode,1834,3700,,,,,,
data_write,1834,44900,,,,,,
data_sync,1834,1443800,,,,,,
marker_write,1834,35700,,,,,,
marker_sync,1834,1654500,,,,,,
append,1835,3577500,,,,,,
encode,1835,4400,,,,,,
data_write,1835,61500,,,,,,
data_sync,1835,1803900,,,,,,
marker_write,1835,51300,,,,,,
marker_sync,1835,1653600,,,,,,
append,1836,3109100,,,,,,
encode,1836,4300,,,,,,
data_write,1836,53900,,,,,,
data_sync,1836,1537300,,,,,,
marker_write,1836,41300,,,,,,
marker_sync,1836,1469800,,,,,,
append,1837,3470400,,,,,,
encode,1837,3200,,,,,,
data_write,1837,45700,,,,,,
data_sync,1837,1749000,,,,,,
marker_write,1837,48500,,,,,,
marker_sync,1837,1621200,,,,,,
append,1838,3315000,,,,,,
encode,1838,3800,,,,,,
data_write,1838,51500,,,,,,
data_sync,1838,1637500,,,,,,
marker_write,1838,46700,,,,,,
marker_sync,1838,1573000,,,,,,
append,1839,3356200,,,,,,
encode,1839,3200,,,,,,
data_write,1839,46600,,,,,,
data_sync,1839,1564600,,,,,,
marker_write,1839,47200,,,,,,
marker_sync,1839,1691900,,,,,,
append,1840,3262600,,,,,,
encode,1840,4300,,,,,,
data_write,1840,53400,,,,,,
data_sync,1840,1547900,,,,,,
marker_write,1840,40800,,,,,,
marker_sync,1840,1614300,,,,,,
append,1841,3197100,,,,,,
encode,1841,3100,,,,,,
data_write,1841,46400,,,,,,
data_sync,1841,1558500,,,,,,
marker_write,1841,35300,,,,,,
marker_sync,1841,1552300,,,,,,
append,1842,3294200,,,,,,
encode,1842,3000,,,,,,
data_write,1842,44800,,,,,,
data_sync,1842,1590900,,,,,,
marker_write,1842,39500,,,,,,
marker_sync,1842,1614400,,,,,,
append,1843,3454500,,,,,,
encode,1843,3200,,,,,,
data_write,1843,47800,,,,,,
data_sync,1843,1695400,,,,,,
marker_write,1843,40500,,,,,,
marker_sync,1843,1665500,,,,,,
append,1844,3802100,,,,,,
encode,1844,4200,,,,,,
data_write,1844,52200,,,,,,
data_sync,1844,1918300,,,,,,
marker_write,1844,56900,,,,,,
marker_sync,1844,1768100,,,,,,
append,1845,3457300,,,,,,
encode,1845,5000,,,,,,
data_write,1845,48200,,,,,,
data_sync,1845,1658500,,,,,,
marker_write,1845,50100,,,,,,
marker_sync,1845,1692500,,,,,,
append,1846,3137500,,,,,,
encode,1846,3800,,,,,,
data_write,1846,49700,,,,,,
data_sync,1846,1515100,,,,,,
marker_write,1846,37200,,,,,,
marker_sync,1846,1529300,,,,,,
append,1847,3205100,,,,,,
encode,1847,4000,,,,,,
data_write,1847,59100,,,,,,
data_sync,1847,1571000,,,,,,
marker_write,1847,40500,,,,,,
marker_sync,1847,1528900,,,,,,
append,1848,3318800,,,,,,
encode,1848,3900,,,,,,
data_write,1848,46400,,,,,,
data_sync,1848,1552300,,,,,,
marker_write,1848,40500,,,,,,
marker_sync,1848,1673800,,,,,,
append,1849,3380500,,,,,,
encode,1849,4400,,,,,,
data_write,1849,74500,,,,,,
data_sync,1849,1755400,,,,,,
marker_write,1849,42800,,,,,,
marker_sync,1849,1501300,,,,,,
append,1850,3056200,,,,,,
encode,1850,4300,,,,,,
data_write,1850,49900,,,,,,
data_sync,1850,1484900,,,,,,
marker_write,1850,37800,,,,,,
marker_sync,1850,1477000,,,,,,
append,1851,2976000,,,,,,
encode,1851,3500,,,,,,
data_write,1851,46500,,,,,,
data_sync,1851,1413200,,,,,,
marker_write,1851,36900,,,,,,
marker_sync,1851,1474300,,,,,,
append,1852,3021100,,,,,,
encode,1852,3400,,,,,,
data_write,1852,46300,,,,,,
data_sync,1852,1468500,,,,,,
marker_write,1852,40100,,,,,,
marker_sync,1852,1461300,,,,,,
append,1853,3140801,,,,,,
encode,1853,4000,,,,,,
data_write,1853,46600,,,,,,
data_sync,1853,1471201,,,,,,
marker_write,1853,39900,,,,,,
marker_sync,1853,1576400,,,,,,
append,1854,3181900,,,,,,
encode,1854,4700,,,,,,
data_write,1854,55700,,,,,,
data_sync,1854,1592800,,,,,,
marker_write,1854,34800,,,,,,
marker_sync,1854,1490100,,,,,,
append,1855,3150400,,,,,,
encode,1855,5000,,,,,,
data_write,1855,70200,,,,,,
data_sync,1855,1579800,,,,,,
marker_write,1855,38600,,,,,,
marker_sync,1855,1454600,,,,,,
append,1856,3197000,,,,,,
encode,1856,3700,,,,,,
data_write,1856,47300,,,,,,
data_sync,1856,1432700,,,,,,
marker_write,1856,37500,,,,,,
marker_sync,1856,1673600,,,,,,
append,1857,3560200,,,,,,
encode,1857,3900,,,,,,
data_write,1857,55000,,,,,,
data_sync,1857,1786400,,,,,,
marker_write,1857,45200,,,,,,
marker_sync,1857,1667800,,,,,,
append,1858,3125300,,,,,,
encode,1858,4200,,,,,,
data_write,1858,45900,,,,,,
data_sync,1858,1521800,,,,,,
marker_write,1858,37200,,,,,,
marker_sync,1858,1513700,,,,,,
append,1859,2980200,,,,,,
encode,1859,3600,,,,,,
data_write,1859,53000,,,,,,
data_sync,1859,1471800,,,,,,
marker_write,1859,38300,,,,,,
marker_sync,1859,1411600,,,,,,
append,1860,3047000,,,,,,
encode,1860,3400,,,,,,
data_write,1860,40800,,,,,,
data_sync,1860,1412900,,,,,,
marker_write,1860,34100,,,,,,
marker_sync,1860,1554400,,,,,,
append,1861,2925500,,,,,,
encode,1861,2900,,,,,,
data_write,1861,41000,,,,,,
data_sync,1861,1399400,,,,,,
marker_write,1861,31100,,,,,,
marker_sync,1861,1449000,,,,,,
append,1862,3025500,,,,,,
encode,1862,3000,,,,,,
data_write,1862,44300,,,,,,
data_sync,1862,1476000,,,,,,
marker_write,1862,33400,,,,,,
marker_sync,1862,1467300,,,,,,
append,1863,3432200,,,,,,
encode,1863,3600,,,,,,
data_write,1863,44900,,,,,,
data_sync,1863,1533000,,,,,,
marker_write,1863,38300,,,,,,
marker_sync,1863,1808900,,,,,,
append,1864,4177300,,,,,,
encode,1864,5700,,,,,,
data_write,1864,66200,,,,,,
data_sync,1864,2163000,,,,,,
marker_write,1864,69200,,,,,,
marker_sync,1864,1868100,,,,,,
append,1865,3717000,,,,,,
encode,1865,8200,,,,,,
data_write,1865,84400,,,,,,
data_sync,1865,1996500,,,,,,
marker_write,1865,50800,,,,,,
marker_sync,1865,1573700,,,,,,
append,1866,2959500,,,,,,
encode,1866,3800,,,,,,
data_write,1866,48800,,,,,,
data_sync,1866,1482600,,,,,,
marker_write,1866,36600,,,,,,
marker_sync,1866,1385400,,,,,,
append,1867,3209300,,,,,,
encode,1867,3200,,,,,,
data_write,1867,44600,,,,,,
data_sync,1867,1442400,,,,,,
marker_write,1867,37200,,,,,,
marker_sync,1867,1679200,,,,,,
append,1868,3376000,,,,,,
encode,1868,3700,,,,,,
data_write,1868,50000,,,,,,
data_sync,1868,1662300,,,,,,
marker_write,1868,37200,,,,,,
marker_sync,1868,1620800,,,,,,
append,1869,2938200,,,,,,
encode,1869,4400,,,,,,
data_write,1869,48600,,,,,,
data_sync,1869,1432500,,,,,,
marker_write,1869,38300,,,,,,
marker_sync,1869,1411600,,,,,,
append,1870,2920700,,,,,,
encode,1870,3500,,,,,,
data_write,1870,42800,,,,,,
data_sync,1870,1421300,,,,,,
marker_write,1870,36800,,,,,,
marker_sync,1870,1414800,,,,,,
append,1871,3375600,,,,,,
encode,1871,2700,,,,,,
data_write,1871,41400,,,,,,
data_sync,1871,1465100,,,,,,
marker_write,1871,47800,,,,,,
marker_sync,1871,1816300,,,,,,
append,1872,3404200,,,,,,
encode,1872,4700,,,,,,
data_write,1872,58500,,,,,,
data_sync,1872,1726700,,,,,,
marker_write,1872,47400,,,,,,
marker_sync,1872,1563200,,,,,,
append,1873,3692400,,,,,,
encode,1873,5800,,,,,,
data_write,1873,61700,,,,,,
data_sync,1873,1932800,,,,,,
marker_write,1873,56500,,,,,,
marker_sync,1873,1633200,,,,,,
append,1874,2928100,,,,,,
encode,1874,4700,,,,,,
data_write,1874,51600,,,,,,
data_sync,1874,1425600,,,,,,
marker_write,1874,39200,,,,,,
marker_sync,1874,1405300,,,,,,
append,1875,2936800,,,,,,
encode,1875,3500,,,,,,
data_write,1875,44100,,,,,,
data_sync,1875,1409000,,,,,,
marker_write,1875,38300,,,,,,
marker_sync,1875,1440500,,,,,,
append,1876,3261401,,,,,,
encode,1876,2900,,,,,,
data_write,1876,43300,,,,,,
data_sync,1876,1717901,,,,,,
marker_write,1876,37500,,,,,,
marker_sync,1876,1458200,,,,,,
append,1877,2876800,,,,,,
encode,1877,3600,,,,,,
data_write,1877,46100,,,,,,
data_sync,1877,1393600,,,,,,
marker_write,1877,34900,,,,,,
marker_sync,1877,1397100,,,,,,
append,1878,2996200,,,,,,
encode,1878,2800,,,,,,
data_write,1878,43400,,,,,,
data_sync,1878,1494200,,,,,,
marker_write,1878,39900,,,,,,
marker_sync,1878,1413400,,,,,,
append,1879,3260300,,,,,,
encode,1879,3700,,,,,,
data_write,1879,80500,,,,,,
data_sync,1879,1619600,,,,,,
marker_write,1879,39200,,,,,,
marker_sync,1879,1515500,,,,,,
append,1880,2966400,,,,,,
encode,1880,3900,,,,,,
data_write,1880,44500,,,,,,
data_sync,1880,1459800,,,,,,
marker_write,1880,35300,,,,,,
marker_sync,1880,1421300,,,,,,
append,1881,2901700,,,,,,
encode,1881,3600,,,,,,
data_write,1881,63600,,,,,,
data_sync,1881,1377200,,,,,,
marker_write,1881,35200,,,,,,
marker_sync,1881,1420600,,,,,,
append,1882,2968000,,,,,,
encode,1882,3300,,,,,,
data_write,1882,42700,,,,,,
data_sync,1882,1371100,,,,,,
marker_write,1882,38400,,,,,,
marker_sync,1882,1510900,,,,,,
append,1883,3213800,,,,,,
encode,1883,3800,,,,,,
data_write,1883,45100,,,,,,
data_sync,1883,1456500,,,,,,
marker_write,1883,46800,,,,,,
marker_sync,1883,1659600,,,,,,
append,1884,3235000,,,,,,
encode,1884,4500,,,,,,
data_write,1884,59300,,,,,,
data_sync,1884,1573000,,,,,,
marker_write,1884,41800,,,,,,
marker_sync,1884,1554300,,,,,,
append,1885,3095200,,,,,,
encode,1885,4200,,,,,,
data_write,1885,47900,,,,,,
data_sync,1885,1559500,,,,,,
marker_write,1885,39700,,,,,,
marker_sync,1885,1442200,,,,,,
append,1886,2991300,,,,,,
encode,1886,3500,,,,,,
data_write,1886,45700,,,,,,
data_sync,1886,1389100,,,,,,
marker_write,1886,35700,,,,,,
marker_sync,1886,1515600,,,,,,
append,1887,2886700,,,,,,
encode,1887,3400,,,,,,
data_write,1887,42700,,,,,,
data_sync,1887,1408100,,,,,,
marker_write,1887,35300,,,,,,
marker_sync,1887,1395700,,,,,,
append,1888,3222000,,,,,,
encode,1888,2800,,,,,,
data_write,1888,42900,,,,,,
data_sync,1888,1416100,,,,,,
marker_write,1888,35500,,,,,,
marker_sync,1888,1722100,,,,,,
append,1889,3180000,,,,,,
encode,1889,4400,,,,,,
data_write,1889,62800,,,,,,
data_sync,1889,1581100,,,,,,
marker_write,1889,39300,,,,,,
marker_sync,1889,1489900,,,,,,
append,1890,2945600,,,,,,
encode,1890,4400,,,,,,
data_write,1890,44700,,,,,,
data_sync,1890,1447100,,,,,,
marker_write,1890,36200,,,,,,
marker_sync,1890,1411700,,,,,,
append,1891,2863500,,,,,,
encode,1891,3100,,,,,,
data_write,1891,42600,,,,,,
data_sync,1891,1403300,,,,,,
marker_write,1891,33700,,,,,,
marker_sync,1891,1379500,,,,,,
append,1892,2885500,,,,,,
encode,1892,3300,,,,,,
data_write,1892,42800,,,,,,
data_sync,1892,1389800,,,,,,
marker_write,1892,34200,,,,,,
marker_sync,1892,1414200,,,,,,
append,1893,2984800,,,,,,
encode,1893,2500,,,,,,
data_write,1893,41100,,,,,,
data_sync,1893,1360600,,,,,,
marker_write,1893,50000,,,,,,
marker_sync,1893,1528500,,,,,,
append,1894,3276300,,,,,,
encode,1894,3700,,,,,,
data_write,1894,50200,,,,,,
data_sync,1894,1546300,,,,,,
marker_write,1894,40100,,,,,,
marker_sync,1894,1633400,,,,,,
append,1895,3024000,,,,,,
encode,1895,4200,,,,,,
data_write,1895,49000,,,,,,
data_sync,1895,1465500,,,,,,
marker_write,1895,36300,,,,,,
marker_sync,1895,1467200,,,,,,
append,1896,2987700,,,,,,
encode,1896,3300,,,,,,
data_write,1896,43500,,,,,,
data_sync,1896,1451400,,,,,,
marker_write,1896,36700,,,,,,
marker_sync,1896,1451400,,,,,,
append,1897,2979900,,,,,,
encode,1897,2800,,,,,,
data_write,1897,43100,,,,,,
data_sync,1897,1446500,,,,,,
marker_write,1897,37100,,,,,,
marker_sync,1897,1448300,,,,,,
append,1898,3025600,,,,,,
encode,1898,2900,,,,,,
data_write,1898,43700,,,,,,
data_sync,1898,1440600,,,,,,
marker_write,1898,36200,,,,,,
marker_sync,1898,1499800,,,,,,
append,1899,3266500,,,,,,
encode,1899,4600,,,,,,
data_write,1899,57000,,,,,,
data_sync,1899,1671700,,,,,,
marker_write,1899,37300,,,,,,
marker_sync,1899,1493400,,,,,,
append,1900,2934901,,,,,,
encode,1900,4400,,,,,,
data_write,1900,55100,,,,,,
data_sync,1900,1446601,,,,,,
marker_write,1900,38500,,,,,,
marker_sync,1900,1387600,,,,,,
append,1901,2907500,,,,,,
encode,1901,3100,,,,,,
data_write,1901,41500,,,,,,
data_sync,1901,1421400,,,,,,
marker_write,1901,35400,,,,,,
marker_sync,1901,1404500,,,,,,
append,1902,2858600,,,,,,
encode,1902,3300,,,,,,
data_write,1902,39200,,,,,,
data_sync,1902,1370700,,,,,,
marker_write,1902,33300,,,,,,
marker_sync,1902,1410900,,,,,,
append,1903,2963000,,,,,,
encode,1903,2800,,,,,,
data_write,1903,41100,,,,,,
data_sync,1903,1455700,,,,,,
marker_write,1903,34800,,,,,,
marker_sync,1903,1427400,,,,,,
append,1904,3298900,,,,,,
encode,1904,2300,,,,,,
data_write,1904,40500,,,,,,
data_sync,1904,1600800,,,,,,
marker_write,1904,47700,,,,,,
marker_sync,1904,1605000,,,,,,
append,1905,5748400,,,,,,
encode,1905,3500,,,,,,
data_write,1905,49700,,,,,,
data_sync,1905,1792300,,,,,,
marker_write,1905,73700,,,,,,
marker_sync,1905,3827000,,,,,,
append,1906,3753000,,,,,,
encode,1906,5200,,,,,,
data_write,1906,52300,,,,,,
data_sync,1906,1943100,,,,,,
marker_write,1906,38900,,,,,,
marker_sync,1906,1710400,,,,,,
append,1907,4144600,,,,,,
encode,1907,4200,,,,,,
data_write,1907,52800,,,,,,
data_sync,1907,2166600,,,,,,
marker_write,1907,38300,,,,,,
marker_sync,1907,1880500,,,,,,
append,1908,3526100,,,,,,
encode,1908,5400,,,,,,
data_write,1908,56000,,,,,,
data_sync,1908,1703400,,,,,,
marker_write,1908,49100,,,,,,
marker_sync,1908,1709100,,,,,,
append,1909,3683100,,,,,,
encode,1909,4700,,,,,,
data_write,1909,57300,,,,,,
data_sync,1909,1920500,,,,,,
marker_write,1909,45700,,,,,,
marker_sync,1909,1652300,,,,,,
append,1910,3153800,,,,,,
encode,1910,4700,,,,,,
data_write,1910,81600,,,,,,
data_sync,1910,1648500,,,,,,
marker_write,1910,39200,,,,,,
marker_sync,1910,1377800,,,,,,
append,1911,2893200,,,,,,
encode,1911,3900,,,,,,
data_write,1911,44700,,,,,,
data_sync,1911,1415400,,,,,,
marker_write,1911,33400,,,,,,
marker_sync,1911,1394200,,,,,,
append,1912,3079800,,,,,,
encode,1912,2500,,,,,,
data_write,1912,43700,,,,,,
data_sync,1912,1364700,,,,,,
marker_write,1912,34900,,,,,,
marker_sync,1912,1631700,,,,,,
append,1913,3087200,,,,,,
encode,1913,4400,,,,,,
data_write,1913,53400,,,,,,
data_sync,1913,1510500,,,,,,
marker_write,1913,36700,,,,,,
marker_sync,1913,1480600,,,,,,
append,1914,2999300,,,,,,
encode,1914,3100,,,,,,
data_write,1914,44600,,,,,,
data_sync,1914,1453200,,,,,,
marker_write,1914,35000,,,,,,
marker_sync,1914,1461800,,,,,,
append,1915,2917900,,,,,,
encode,1915,3200,,,,,,
data_write,1915,43400,,,,,,
data_sync,1915,1444500,,,,,,
marker_write,1915,34100,,,,,,
marker_sync,1915,1391100,,,,,,
append,1916,2848200,,,,,,
encode,1916,2800,,,,,,
data_write,1916,41500,,,,,,
data_sync,1916,1372800,,,,,,
marker_write,1916,33800,,,,,,
marker_sync,1916,1396300,,,,,,
append,1917,3113600,,,,,,
encode,1917,2500,,,,,,
data_write,1917,43500,,,,,,
data_sync,1917,1379600,,,,,,
marker_write,1917,34400,,,,,,
marker_sync,1917,1652400,,,,,,
append,1918,3524600,,,,,,
encode,1918,3000,,,,,,
data_write,1918,51700,,,,,,
data_sync,1918,1761500,,,,,,
marker_write,1918,50000,,,,,,
marker_sync,1918,1655800,,,,,,
append,1919,3546500,,,,,,
encode,1919,5000,,,,,,
data_write,1919,55800,,,,,,
data_sync,1919,1611900,,,,,,
marker_write,1919,44700,,,,,,
marker_sync,1919,1826400,,,,,,
append,1920,3172300,,,,,,
encode,1920,3500,,,,,,
data_write,1920,50800,,,,,,
data_sync,1920,1616100,,,,,,
marker_write,1920,43100,,,,,,
marker_sync,1920,1456100,,,,,,
append,1921,3141900,,,,,,
encode,1921,4200,,,,,,
data_write,1921,50100,,,,,,
data_sync,1921,1539700,,,,,,
marker_write,1921,46100,,,,,,
marker_sync,1921,1499200,,,,,,
append,1922,3059401,,,,,,
encode,1922,4100,,,,,,
data_write,1922,52500,,,,,,
data_sync,1922,1452100,,,,,,
marker_write,1922,37800,,,,,,
marker_sync,1922,1510801,,,,,,
append,1923,2980700,,,,,,
encode,1923,4000,,,,,,
data_write,1923,50000,,,,,,
data_sync,1923,1456800,,,,,,
marker_write,1923,38400,,,,,,
marker_sync,1923,1429900,,,,,,
append,1924,3140900,,,,,,
encode,1924,3400,,,,,,
data_write,1924,48400,,,,,,
data_sync,1924,1474800,,,,,,
marker_write,1924,35900,,,,,,
marker_sync,1924,1577100,,,,,,
append,1925,3406500,,,,,,
encode,1925,2800,,,,,,
data_write,1925,41300,,,,,,
data_sync,1925,1554700,,,,,,
marker_write,1925,33900,,,,,,
marker_sync,1925,1772000,,,,,,
append,1926,3137200,,,,,,
encode,1926,3700,,,,,,
data_write,1926,50800,,,,,,
data_sync,1926,1570100,,,,,,
marker_write,1926,37400,,,,,,
marker_sync,1926,1473800,,,,,,
append,1927,3092900,,,,,,
encode,1927,3700,,,,,,
data_write,1927,48800,,,,,,
data_sync,1927,1422900,,,,,,
marker_write,1927,35000,,,,,,
marker_sync,1927,1580700,,,,,,
append,1928,3347300,,,,,,
encode,1928,4100,,,,,,
data_write,1928,54100,,,,,,
data_sync,1928,1632300,,,,,,
marker_write,1928,39900,,,,,,
marker_sync,1928,1614800,,,,,,
append,1929,3256900,,,,,,
encode,1929,3400,,,,,,
data_write,1929,47800,,,,,,
data_sync,1929,1617300,,,,,,
marker_write,1929,40100,,,,,,
marker_sync,1929,1546300,,,,,,
append,1930,3256000,,,,,,
encode,1930,3600,,,,,,
data_write,1930,45000,,,,,,
data_sync,1930,1658600,,,,,,
marker_write,1930,36700,,,,,,
marker_sync,1930,1510000,,,,,,
append,1931,3298400,,,,,,
encode,1931,4700,,,,,,
data_write,1931,51200,,,,,,
data_sync,1931,1536500,,,,,,
marker_write,1931,44800,,,,,,
marker_sync,1931,1656300,,,,,,
append,1932,3374000,,,,,,
encode,1932,8200,,,,,,
data_write,1932,80900,,,,,,
data_sync,1932,1572600,,,,,,
marker_write,1932,53900,,,,,,
marker_sync,1932,1654300,,,,,,
append,1933,3017200,,,,,,
encode,1933,6800,,,,,,
data_write,1933,59700,,,,,,
data_sync,1933,1514600,,,,,,
marker_write,1933,38100,,,,,,
marker_sync,1933,1396200,,,,,,
append,1934,2984700,,,,,,
encode,1934,3600,,,,,,
data_write,1934,39300,,,,,,
data_sync,1934,1497000,,,,,,
marker_write,1934,34800,,,,,,
marker_sync,1934,1408400,,,,,,
append,1935,3122900,,,,,,
encode,1935,3000,,,,,,
data_write,1935,40700,,,,,,
data_sync,1935,1377700,,,,,,
marker_write,1935,35600,,,,,,
marker_sync,1935,1664300,,,,,,
append,1936,3116100,,,,,,
encode,1936,3400,,,,,,
data_write,1936,46000,,,,,,
data_sync,1936,1512300,,,,,,
marker_write,1936,37500,,,,,,
marker_sync,1936,1514200,,,,,,
append,1937,3400600,,,,,,
encode,1937,4600,,,,,,
data_write,1937,54300,,,,,,
data_sync,1937,1758300,,,,,,
marker_write,1937,41500,,,,,,
marker_sync,1937,1538700,,,,,,
append,1938,3197300,,,,,,
encode,1938,4000,,,,,,
data_write,1938,65200,,,,,,
data_sync,1938,1649400,,,,,,
marker_write,1938,40300,,,,,,
marker_sync,1938,1436100,,,,,,
append,1939,3030600,,,,,,
encode,1939,4000,,,,,,
data_write,1939,48000,,,,,,
data_sync,1939,1482100,,,,,,
marker_write,1939,43500,,,,,,
marker_sync,1939,1451300,,,,,,
append,1940,3093400,,,,,,
encode,1940,4400,,,,,,
data_write,1940,48600,,,,,,
data_sync,1940,1491500,,,,,,
marker_write,1940,35400,,,,,,
marker_sync,1940,1511000,,,,,,
append,1941,3057000,,,,,,
encode,1941,3800,,,,,,
data_write,1941,59800,,,,,,
data_sync,1941,1493600,,,,,,
marker_write,1941,47100,,,,,,
marker_sync,1941,1450600,,,,,,
append,1942,3203900,,,,,,
encode,1942,4000,,,,,,
data_write,1942,51100,,,,,,
data_sync,1942,1464000,,,,,,
marker_write,1942,39200,,,,,,
marker_sync,1942,1643200,,,,,,
append,1943,3273000,,,,,,
encode,1943,3200,,,,,,
data_write,1943,43500,,,,,,
data_sync,1943,1606800,,,,,,
marker_write,1943,36300,,,,,,
marker_sync,1943,1581400,,,,,,
append,1944,3028100,,,,,,
encode,1944,2800,,,,,,
data_write,1944,40600,,,,,,
data_sync,1944,1486300,,,,,,
marker_write,1944,32400,,,,,,
marker_sync,1944,1464800,,,,,,
append,1945,3027901,,,,,,
encode,1945,2400,,,,,,
data_write,1945,38800,,,,,,
data_sync,1945,1458700,,,,,,
marker_write,1945,31600,,,,,,
marker_sync,1945,1494701,,,,,,
append,1946,3069300,,,,,,
encode,1946,2700,,,,,,
data_write,1946,46700,,,,,,
data_sync,1946,1491400,,,,,,
marker_write,1946,33500,,,,,,
marker_sync,1946,1493500,,,,,,
append,1947,3166400,,,,,,
encode,1947,2600,,,,,,
data_write,1947,39400,,,,,,
data_sync,1947,1478100,,,,,,
marker_write,1947,34900,,,,,,
marker_sync,1947,1609600,,,,,,
append,1948,3278900,,,,,,
encode,1948,4500,,,,,,
data_write,1948,56600,,,,,,
data_sync,1948,1642000,,,,,,
marker_write,1948,35600,,,,,,
marker_sync,1948,1538100,,,,,,
append,1949,3363900,,,,,,
encode,1949,4300,,,,,,
data_write,1949,49600,,,,,,
data_sync,1949,1619800,,,,,,
marker_write,1949,42700,,,,,,
marker_sync,1949,1645500,,,,,,
append,1950,3081700,,,,,,
encode,1950,3200,,,,,,
data_write,1950,43800,,,,,,
data_sync,1950,1573500,,,,,,
marker_write,1950,35100,,,,,,
marker_sync,1950,1424300,,,,,,
append,1951,3013200,,,,,,
encode,1951,2900,,,,,,
data_write,1951,40800,,,,,,
data_sync,1951,1405500,,,,,,
marker_write,1951,33900,,,,,,
marker_sync,1951,1528200,,,,,,
append,1952,3000100,,,,,,
encode,1952,3000,,,,,,
data_write,1952,43300,,,,,,
data_sync,1952,1406400,,,,,,
marker_write,1952,34100,,,,,,
marker_sync,1952,1511300,,,,,,
append,1953,2928600,,,,,,
encode,1953,2900,,,,,,
data_write,1953,44000,,,,,,
data_sync,1953,1458800,,,,,,
marker_write,1953,37100,,,,,,
marker_sync,1953,1384400,,,,,,
append,1954,2901800,,,,,,
encode,1954,2800,,,,,,
data_write,1954,41700,,,,,,
data_sync,1954,1374900,,,,,,
marker_write,1954,34000,,,,,,
marker_sync,1954,1446900,,,,,,
append,1955,2985900,,,,,,
encode,1955,2600,,,,,,
data_write,1955,43600,,,,,,
data_sync,1955,1386200,,,,,,
marker_write,1955,33700,,,,,,
marker_sync,1955,1518000,,,,,,
append,1956,3033500,,,,,,
encode,1956,3000,,,,,,
data_write,1956,48700,,,,,,
data_sync,1956,1481100,,,,,,
marker_write,1956,34500,,,,,,
marker_sync,1956,1465000,,,,,,
append,1957,3130000,,,,,,
encode,1957,3600,,,,,,
data_write,1957,41300,,,,,,
data_sync,1957,1544700,,,,,,
marker_write,1957,43000,,,,,,
marker_sync,1957,1495300,,,,,,
append,1958,3345400,,,,,,
encode,1958,4800,,,,,,
data_write,1958,50900,,,,,,
data_sync,1958,1731100,,,,,,
marker_write,1958,37200,,,,,,
marker_sync,1958,1518800,,,,,,
append,1959,3202500,,,,,,
encode,1959,3400,,,,,,
data_write,1959,44900,,,,,,
data_sync,1959,1570200,,,,,,
marker_write,1959,35400,,,,,,
marker_sync,1959,1547200,,,,,,
append,1960,3018900,,,,,,
encode,1960,3000,,,,,,
data_write,1960,41800,,,,,,
data_sync,1960,1472300,,,,,,
marker_write,1960,35800,,,,,,
marker_sync,1960,1464600,,,,,,
append,1961,3108400,,,,,,
encode,1961,2500,,,,,,
data_write,1961,41100,,,,,,
data_sync,1961,1522900,,,,,,
marker_write,1961,37000,,,,,,
marker_sync,1961,1503800,,,,,,
append,1962,3109000,,,,,,
encode,1962,2500,,,,,,
data_write,1962,41600,,,,,,
data_sync,1962,1504300,,,,,,
marker_write,1962,35500,,,,,,
marker_sync,1962,1523400,,,,,,
append,1963,3097000,,,,,,
encode,1963,2700,,,,,,
data_write,1963,43200,,,,,,
data_sync,1963,1516000,,,,,,
marker_write,1963,37800,,,,,,
marker_sync,1963,1494700,,,,,,
append,1964,2974800,,,,,,
encode,1964,3000,,,,,,
data_write,1964,41000,,,,,,
data_sync,1964,1436600,,,,,,
marker_write,1964,35200,,,,,,
marker_sync,1964,1457400,,,,,,
append,1965,3109800,,,,,,
encode,1965,2900,,,,,,
data_write,1965,41300,,,,,,
data_sync,1965,1483000,,,,,,
marker_write,1965,41100,,,,,,
marker_sync,1965,1539900,,,,,,
append,1966,3026100,,,,,,
encode,1966,3000,,,,,,
data_write,1966,40000,,,,,,
data_sync,1966,1503500,,,,,,
marker_write,1966,36200,,,,,,
marker_sync,1966,1441900,,,,,,
append,1967,6459600,,,,,,
encode,1967,3000,,,,,,
data_write,1967,43800,,,,,,
data_sync,1967,1524200,,,,,,
marker_write,1967,33900,,,,,,
marker_sync,1967,4852000,,,,,,
append,1968,3260401,,,,,,
encode,1968,5200,,,,,,
data_write,1968,62900,,,,,,
data_sync,1968,1561000,,,,,,
marker_write,1968,43000,,,,,,
marker_sync,1968,1585401,,,,,,
append,1969,3343600,,,,,,
encode,1969,3900,,,,,,
data_write,1969,52700,,,,,,
data_sync,1969,1648300,,,,,,
marker_write,1969,48800,,,,,,
marker_sync,1969,1587400,,,,,,
append,1970,3035000,,,,,,
encode,1970,4800,,,,,,
data_write,1970,52000,,,,,,
data_sync,1970,1506700,,,,,,
marker_write,1970,36200,,,,,,
marker_sync,1970,1433500,,,,,,
append,1971,2855200,,,,,,
encode,1971,3100,,,,,,
data_write,1971,42800,,,,,,
data_sync,1971,1381200,,,,,,
marker_write,1971,32000,,,,,,
marker_sync,1971,1393600,,,,,,
append,1972,3159700,,,,,,
encode,1972,3500,,,,,,
data_write,1972,53100,,,,,,
data_sync,1972,1547500,,,,,,
marker_write,1972,40500,,,,,,
marker_sync,1972,1513100,,,,,,
append,1973,2934200,,,,,,
encode,1973,3600,,,,,,
data_write,1973,43600,,,,,,
data_sync,1973,1455700,,,,,,
marker_write,1973,30600,,,,,,
marker_sync,1973,1399500,,,,,,
append,1974,2943400,,,,,,
encode,1974,2100,,,,,,
data_write,1974,38700,,,,,,
data_sync,1974,1424200,,,,,,
marker_write,1974,33000,,,,,,
marker_sync,1974,1443400,,,,,,
append,1975,3178300,,,,,,
encode,1975,3100,,,,,,
data_write,1975,42800,,,,,,
data_sync,1975,1485100,,,,,,
marker_write,1975,35600,,,,,,
marker_sync,1975,1609900,,,,,,
append,1976,3047400,,,,,,
encode,1976,2900,,,,,,
data_write,1976,40600,,,,,,
data_sync,1976,1403600,,,,,,
marker_write,1976,30300,,,,,,
marker_sync,1976,1568500,,,,,,
append,1977,3273000,,,,,,
encode,1977,3300,,,,,,
data_write,1977,43000,,,,,,
data_sync,1977,1728900,,,,,,
marker_write,1977,42000,,,,,,
marker_sync,1977,1453300,,,,,,
append,1978,3112400,,,,,,
encode,1978,3800,,,,,,
data_write,1978,38700,,,,,,
data_sync,1978,1621400,,,,,,
marker_write,1978,34500,,,,,,
marker_sync,1978,1412400,,,,,,
append,1979,2996900,,,,,,
encode,1979,2900,,,,,,
data_write,1979,39300,,,,,,
data_sync,1979,1391700,,,,,,
marker_write,1979,36700,,,,,,
marker_sync,1979,1524900,,,,,,
append,1980,2881100,,,,,,
encode,1980,2700,,,,,,
data_write,1980,42300,,,,,,
data_sync,1980,1398900,,,,,,
marker_write,1980,30600,,,,,,
marker_sync,1980,1404800,,,,,,
append,1981,2905000,,,,,,
encode,1981,3300,,,,,,
data_write,1981,43700,,,,,,
data_sync,1981,1432200,,,,,,
marker_write,1981,37000,,,,,,
marker_sync,1981,1387200,,,,,,
append,1982,3042700,,,,,,
encode,1982,3300,,,,,,
data_write,1982,43300,,,,,,
data_sync,1982,1366800,,,,,,
marker_write,1982,34600,,,,,,
marker_sync,1982,1592600,,,,,,
append,1983,3230300,,,,,,
encode,1983,4300,,,,,,
data_write,1983,58500,,,,,,
data_sync,1983,1632900,,,,,,
marker_write,1983,36600,,,,,,
marker_sync,1983,1496000,,,,,,
append,1984,3053700,,,,,,
encode,1984,3300,,,,,,
data_write,1984,43600,,,,,,
data_sync,1984,1441000,,,,,,
marker_write,1984,36100,,,,,,
marker_sync,1984,1527500,,,,,,
append,1985,2967900,,,,,,
encode,1985,4200,,,,,,
data_write,1985,51100,,,,,,
data_sync,1985,1443800,,,,,,
marker_write,1985,42900,,,,,,
marker_sync,1985,1423800,,,,,,
append,1986,2948000,,,,,,
encode,1986,3700,,,,,,
data_write,1986,55700,,,,,,
data_sync,1986,1440200,,,,,,
marker_write,1986,42200,,,,,,
marker_sync,1986,1404800,,,,,,
append,1987,3325500,,,,,,
encode,1987,3000,,,,,,
data_write,1987,48700,,,,,,
data_sync,1987,1453600,,,,,,
marker_write,1987,36500,,,,,,
marker_sync,1987,1782100,,,,,,
append,1988,3202000,,,,,,
encode,1988,3800,,,,,,
data_write,1988,45900,,,,,,
data_sync,1988,1560000,,,,,,
marker_write,1988,35800,,,,,,
marker_sync,1988,1554300,,,,,,
append,1989,3084400,,,,,,
encode,1989,3400,,,,,,
data_write,1989,45200,,,,,,
data_sync,1989,1508800,,,,,,
marker_write,1989,34900,,,,,,
marker_sync,1989,1490500,,,,,,
append,1990,2966200,,,,,,
encode,1990,3700,,,,,,
data_write,1990,50200,,,,,,
data_sync,1990,1445200,,,,,,
marker_write,1990,32600,,,,,,
marker_sync,1990,1432900,,,,,,
append,1991,3181900,,,,,,
encode,1991,3600,,,,,,
data_write,1991,49600,,,,,,
data_sync,1991,1518400,,,,,,
marker_write,1991,36700,,,,,,
marker_sync,1991,1571800,,,,,,
append,1992,3170001,,,,,,
encode,1992,3000,,,,,,
data_write,1992,48100,,,,,,
data_sync,1992,1565800,,,,,,
marker_write,1992,36500,,,,,,
marker_sync,1992,1514501,,,,,,
append,1993,3627700,,,,,,
encode,1993,4000,,,,,,
data_write,1993,66100,,,,,,
data_sync,1993,1586900,,,,,,
marker_write,1993,42300,,,,,,
marker_sync,1993,1926600,,,,,,
append,1994,3213300,,,,,,
encode,1994,3900,,,,,,
data_write,1994,54500,,,,,,
data_sync,1994,1551800,,,,,,
marker_write,1994,43800,,,,,,
marker_sync,1994,1557700,,,,,,
append,1995,3044500,,,,,,
encode,1995,3800,,,,,,
data_write,1995,52400,,,,,,
data_sync,1995,1505700,,,,,,
marker_write,1995,36900,,,,,,
marker_sync,1995,1443500,,,,,,
append,1996,2980500,,,,,,
encode,1996,3500,,,,,,
data_write,1996,41700,,,,,,
data_sync,1996,1465800,,,,,,
marker_write,1996,43300,,,,,,
marker_sync,1996,1424700,,,,,,
append,1997,3346800,,,,,,
encode,1997,2500,,,,,,
data_write,1997,40800,,,,,,
data_sync,1997,1633000,,,,,,
marker_write,1997,44100,,,,,,
marker_sync,1997,1623900,,,,,,
append,1998,3369700,,,,,,
encode,1998,3900,,,,,,
data_write,1998,53200,,,,,,
data_sync,1998,1633300,,,,,,
marker_write,1998,44700,,,,,,
marker_sync,1998,1631900,,,,,,
append,1999,3356100,,,,,,
encode,1999,4500,,,,,,
data_write,1999,55400,,,,,,
data_sync,1999,1531800,,,,,,
marker_write,1999,42500,,,,,,
marker_sync,1999,1718900,,,,,,
append,2000,3801500,,,,,,
encode,2000,4000,,,,,,
data_write,2000,53900,,,,,,
data_sync,2000,1808200,,,,,,
marker_write,2000,48600,,,,,,
marker_sync,2000,1884100,,,,,,
ingest,,6764998786,2000,28,296000,2396,,
