phase,event_index,elapsed_ns,events,full_rejections,file_bytes,peak_rss_kib,alloc_calls,alloc_requested_bytes
append,1,3538400,,,,,,
encode,1,8300,,,,,,
data_write,1,68600,,,,,,
data_sync,1,1842700,,,,,,
marker_write,1,42500,,,,,,
marker_sync,1,1574600,,,,,,
append,2,2985900,,,,,,
encode,2,3300,,,,,,
data_write,2,44600,,,,,,
data_sync,2,1441200,,,,,,
marker_write,2,33100,,,,,,
marker_sync,2,1462500,,,,,,
append,3,2929000,,,,,,
encode,3,2600,,,,,,
data_write,3,42000,,,,,,
data_sync,3,1448100,,,,,,
marker_write,3,35400,,,,,,
marker_sync,3,1400000,,,,,,
append,4,2908201,,,,,,
encode,4,2300,,,,,,
data_write,4,39501,,,,,,
data_sync,4,1393700,,,,,,
marker_write,4,15500,,,,,,
marker_sync,4,1456300,,,,,,
append,5,3352200,,,,,,
encode,5,2000,,,,,,
data_write,5,39800,,,,,,
data_sync,5,1542300,,,,,,
marker_write,5,37900,,,,,,
marker_sync,5,1728100,,,,,,
append,6,3416400,,,,,,
encode,6,4400,,,,,,
data_write,6,51900,,,,,,
data_sync,6,1693700,,,,,,
marker_write,6,49100,,,,,,
marker_sync,6,1615400,,,,,,
append,7,3574000,,,,,,
encode,7,4100,,,,,,
data_write,7,55700,,,,,,
data_sync,7,1871200,,,,,,
marker_write,7,42800,,,,,,
marker_sync,7,1598500,,,,,,
append,8,3190600,,,,,,
encode,8,4200,,,,,,
data_write,8,58900,,,,,,
data_sync,8,1603300,,,,,,
marker_write,8,36000,,,,,,
marker_sync,8,1486700,,,,,,
append,9,3178900,,,,,,
encode,9,3000,,,,,,
data_write,9,40100,,,,,,
data_sync,9,1516300,,,,,,
marker_write,9,43900,,,,,,
marker_sync,9,1574100,,,,,,
append,10,3586400,,,,,,
encode,10,3300,,,,,,
data_write,10,53900,,,,,,
data_sync,10,1785400,,,,,,
marker_write,10,23400,,,,,,
marker_sync,10,1718600,,,,,,
append,11,3241400,,,,,,
encode,11,3300,,,,,,
data_write,11,47600,,,,,,
data_sync,11,1612000,,,,,,
marker_write,11,38700,,,,,,
marker_sync,11,1538300,,,,,,
append,12,3191900,,,,,,
encode,12,2900,,,,,,
data_write,12,43200,,,,,,
data_sync,12,1457700,,,,,,
marker_write,12,35400,,,,,,
marker_sync,12,1651200,,,,,,
append,13,3353100,,,,,,
encode,13,3200,,,,,,
data_write,13,48400,,,,,,
data_sync,13,1703000,,,,,,
marker_write,13,36700,,,,,,
marker_sync,13,1560400,,,,,,
append,14,3037700,,,,,,
encode,14,2600,,,,,,
data_write,14,43100,,,,,,
data_sync,14,1486900,,,,,,
marker_write,14,35400,,,,,,
marker_sync,14,1468400,,,,,,
append,15,3044500,,,,,,
encode,15,2700,,,,,,
data_write,15,43600,,,,,,
data_sync,15,1523600,,,,,,
marker_write,15,35600,,,,,,
marker_sync,15,1437800,,,,,,
append,16,3064000,,,,,,
encode,16,2700,,,,,,
data_write,16,40500,,,,,,
data_sync,16,1456200,,,,,,
marker_write,16,36100,,,,,,
marker_sync,16,1527400,,,,,,
append,17,3540100,,,,,,
encode,17,2100,,,,,,
data_write,17,41500,,,,,,
data_sync,17,1593700,,,,,,
marker_write,17,52200,,,,,,
marker_sync,17,1847800,,,,,,
append,18,3645500,,,,,,
encode,18,5400,,,,,,
data_write,18,55800,,,,,,
data_sync,18,1871500,,,,,,
marker_write,18,42100,,,,,,
marker_sync,18,1668300,,,,,,
append,19,3194800,,,,,,
encode,19,4400,,,,,,
data_write,19,48800,,,,,,
data_sync,19,1548900,,,,,,
marker_write,19,36500,,,,,,
marker_sync,19,1554500,,,,,,
append,20,3222900,,,,,,
encode,20,3100,,,,,,
data_write,20,39000,,,,,,
data_sync,20,1673300,,,,,,
marker_write,20,35900,,,,,,
marker_sync,20,1469800,,,,,,
append,21,2902400,,,,,,
encode,21,2900,,,,,,
data_write,21,38900,,,,,,
data_sync,21,1404500,,,,,,
marker_write,21,29200,,,,,,
marker_sync,21,1425400,,,,,,
append,22,2820300,,,,,,
encode,22,2400,,,,,,
data_write,22,40100,,,,,,
data_sync,22,1355100,,,,,,
marker_write,22,30500,,,,,,
marker_sync,22,1390900,,,,,,
append,23,2924600,,,,,,
encode,23,2800,,,,,,
data_write,23,44700,,,,,,
data_sync,23,1416000,,,,,,
marker_write,23,34000,,,,,,
marker_sync,23,1425800,,,,,,
append,24,3285600,,,,,,
encode,24,2000,,,,,,
data_write,24,40900,,,,,,
data_sync,24,1584100,,,,,,
marker_write,24,62100,,,,,,
marker_sync,24,1594700,,,,,,
append,25,2968400,,,,,,
encode,25,3300,,,,,,
data_write,25,49200,,,,,,
data_sync,25,1412600,,,,,,
marker_write,25,33500,,,,,,
marker_sync,25,1468300,,,,,,
append,26,3002400,,,,,,
encode,26,3200,,,,,,
data_write,26,44500,,,,,,
data_sync,26,1442700,,,,,,
marker_write,26,34900,,,,,,
marker_sync,26,1475900,,,,,,
append,27,2899401,,,,,,
encode,27,2200,,,,,,
data_write,27,42300,,,,,,
data_sync,27,1422701,,,,,,
marker_write,27,33900,,,,,,
marker_sync,27,1397000,,,,,,
append,28,3084400,,,,,,
encode,28,2900,,,,,,
data_write,28,46300,,,,,,
data_sync,28,1514000,,,,,,
marker_write,28,34500,,,,,,
marker_sync,28,1485300,,,,,,
append,29,3119000,,,,,,
encode,29,2800,,,,,,
data_write,29,42800,,,,,,
data_sync,29,1575000,,,,,,
marker_write,29,44400,,,,,,
marker_sync,29,1452500,,,,,,
append,30,3558900,,,,,,
encode,30,3200,,,,,,
data_write,30,40500,,,,,,
data_sync,30,1701500,,,,,,
marker_write,30,40000,,,,,,
marker_sync,30,1771900,,,,,,
append,31,3557100,,,,,,
encode,31,3400,,,,,,
data_write,31,47000,,,,,,
data_sync,31,1782000,,,,,,
marker_write,31,46600,,,,,,
marker_sync,31,1676300,,,,,,
append,32,3208800,,,,,,
encode,32,3900,,,,,,
data_write,32,50700,,,,,,
data_sync,32,1566700,,,,,,
marker_write,32,39700,,,,,,
marker_sync,32,1545800,,,,,,
append,33,3183000,,,,,,
encode,33,3100,,,,,,
data_write,33,39700,,,,,,
data_sync,33,1491900,,,,,,
marker_write,33,46600,,,,,,
marker_sync,33,1600200,,,,,,
append,34,3363500,,,,,,
encode,34,4100,,,,,,
data_write,34,54700,,,,,,
data_sync,34,1575700,,,,,,
marker_write,34,35000,,,,,,
marker_sync,34,1692500,,,,,,
append,35,3144600,,,,,,
encode,35,3100,,,,,,
data_write,35,45000,,,,,,
data_sync,35,1518500,,,,,,
marker_write,35,34600,,,,,,
marker_sync,35,1542200,,,,,,
append,36,3110700,,,,,,
encode,36,2400,,,,,,
data_write,36,40100,,,,,,
data_sync,36,1499800,,,,,,
marker_write,36,32300,,,,,,
marker_sync,36,1534900,,,,,,
append,37,3022700,,,,,,
encode,37,2700,,,,,,
data_write,37,39000,,,,,,
data_sync,37,1481300,,,,,,
marker_write,37,31900,,,,,,
marker_sync,37,1466800,,,,,,
append,38,3143200,,,,,,
encode,38,2600,,,,,,
data_write,38,38400,,,,,,
data_sync,38,1536000,,,,,,
marker_write,38,32000,,,,,,
marker_sync,38,1533300,,,,,,
append,39,3256900,,,,,,
encode,39,2000,,,,,,
data_write,39,38700,,,,,,
data_sync,39,1570800,,,,,,
marker_write,39,32700,,,,,,
marker_sync,39,1610900,,,,,,
append,40,3155000,,,,,,
encode,40,3500,,,,,,
data_write,40,48400,,,,,,
data_sync,40,1534800,,,,,,
marker_write,40,33300,,,,,,
marker_sync,40,1533800,,,,,,
append,41,3253400,,,,,,
encode,41,2600,,,,,,
data_write,41,39900,,,,,,
data_sync,41,1660600,,,,,,
marker_write,41,30900,,,,,,
marker_sync,41,1518100,,,,,,
append,42,2916200,,,,,,
encode,42,2600,,,,,,
data_write,42,47100,,,,,,
data_sync,42,1420000,,,,,,
marker_write,42,35000,,,,,,
marker_sync,42,1410100,,,,,,
append,43,3046600,,,,,,
encode,43,2400,,,,,,
data_write,43,42000,,,,,,
data_sync,43,1508900,,,,,,
marker_write,43,34400,,,,,,
marker_sync,43,1457700,,,,,,
append,44,3171200,,,,,,
encode,44,2500,,,,,,
data_write,44,42600,,,,,,
data_sync,44,1463700,,,,,,
marker_write,44,39700,,,,,,
marker_sync,44,1621100,,,,,,
append,45,3102600,,,,,,
encode,45,4300,,,,,,
data_write,45,56200,,,,,,
data_sync,45,1465200,,,,,,
marker_write,45,35000,,,,,,
marker_sync,45,1539800,,,,,,
append,46,3064500,,,,,,
encode,46,2900,,,,,,
data_write,46,43700,,,,,,
data_sync,46,1478000,,,,,,
marker_write,46,31700,,,,,,
marker_sync,46,1506600,,,,,,
append,47,3088000,,,,,,
encode,47,3500,,,,,,
data_write,47,43700,,,,,,
data_sync,47,1510400,,,,,,
marker_write,47,37100,,,,,,
marker_sync,47,1492100,,,,,,
append,48,3119500,,,,,,
encode,48,2700,,,,,,
data_write,48,38900,,,,,,
data_sync,48,1486700,,,,,,
marker_write,48,36000,,,,,,
marker_sync,48,1553300,,,,,,
append,49,3271500,,,,,,
encode,49,4100,,,,,,
data_write,49,48000,,,,,,
data_sync,49,1539600,,,,,,
marker_write,49,34300,,,,,,
marker_sync,49,1643300,,,,,,
append,50,3258701,,,,,,
encode,50,3900,,,,,,
data_write,50,59200,,,,,,
data_sync,50,1631201,,,,,,
marker_write,50,35100,,,,,,
marker_sync,50,1527700,,,,,,
append,51,3228400,,,,,,
encode,51,2400,,,,,,
data_write,51,43400,,,,,,
data_sync,51,1640500,,,,,,
marker_write,51,32900,,,,,,
marker_sync,51,1507800,,,,,,
append,52,3133000,,,,,,
encode,52,2400,,,,,,
data_write,52,40500,,,,,,
data_sync,52,1552500,,,,,,
marker_write,52,32700,,,,,,
marker_sync,52,1503400,,,,,,
append,53,3241600,,,,,,
encode,53,2400,,,,,,
data_write,53,40200,,,,,,
data_sync,53,1576300,,,,,,
marker_write,53,33100,,,,,,
marker_sync,53,1588100,,,,,,
append,54,3293700,,,,,,
encode,54,3300,,,,,,
data_write,54,49500,,,,,,
data_sync,54,1500000,,,,,,
marker_write,54,32900,,,,,,
marker_sync,54,1705700,,,,,,
append,55,3567100,,,,,,
encode,55,3300,,,,,,
data_write,55,50700,,,,,,
data_sync,55,1734900,,,,,,
marker_write,55,41700,,,,,,
marker_sync,55,1734300,,,,,,
append,56,4218700,,,,,,
encode,56,4500,,,,,,
data_write,56,67300,,,,,,
data_sync,56,2078300,,,,,,
marker_write,56,49900,,,,,,
marker_sync,56,2015500,,,,,,
append,57,3650400,,,,,,
encode,57,6500,,,,,,
data_write,57,75100,,,,,,
data_sync,57,1913400,,,,,,
marker_write,57,49400,,,,,,
marker_sync,57,1603700,,,,,,
append,58,3716700,,,,,,
encode,58,3600,,,,,,
data_write,58,46100,,,,,,
data_sync,58,1997900,,,,,,
marker_write,58,34700,,,,,,
marker_sync,58,1632300,,,,,,
append,59,3457700,,,,,,
encode,59,5300,,,,,,
data_write,59,53500,,,,,,
data_sync,59,1714000,,,,,,
marker_write,59,47400,,,,,,
marker_sync,59,1635300,,,,,,
append,60,3660900,,,,,,
encode,60,5100,,,,,,
data_write,60,57100,,,,,,
data_sync,60,1861100,,,,,,
marker_write,60,47100,,,,,,
marker_sync,60,1687500,,,,,,
append,61,3107800,,,,,,
encode,61,3500,,,,,,
data_write,61,50500,,,,,,
data_sync,61,1528300,,,,,,
marker_write,61,37300,,,,,,
marker_sync,61,1486700,,,,,,
append,62,3045100,,,,,,
encode,62,2800,,,,,,
data_write,62,44900,,,,,,
data_sync,62,1483200,,,,,,
marker_write,62,34900,,,,,,
marker_sync,62,1478000,,,,,,
append,63,3006500,,,,,,
encode,63,3100,,,,,,
data_write,63,42000,,,,,,
data_sync,63,1403200,,,,,,
marker_write,63,32800,,,,,,
marker_sync,63,1523800,,,,,,
append,64,3119200,,,,,,
encode,64,3600,,,,,,
data_write,64,53200,,,,,,
data_sync,64,1485400,,,,,,
marker_write,64,48700,,,,,,
marker_sync,64,1526400,,,,,,
append,65,3066800,,,,,,
encode,65,3400,,,,,,
data_write,65,54900,,,,,,
data_sync,65,1501000,,,,,,
marker_write,65,37100,,,,,,
marker_sync,65,1468900,,,,,,
append,66,3070300,,,,,,
encode,66,3100,,,,,,
data_write,66,41500,,,,,,
data_sync,66,1529700,,,,,,
marker_write,66,34500,,,,,,
marker_sync,66,1459900,,,,,,
append,67,3040500,,,,,,
encode,67,2700,,,,,,
data_write,67,42800,,,,,,
data_sync,67,1468400,,,,,,
marker_write,67,34500,,,,,,
marker_sync,67,1490500,,,,,,
append,68,3013000,,,,,,
encode,68,3100,,,,,,
data_write,68,53700,,,,,,
data_sync,68,1454700,,,,,,
marker_write,68,34700,,,,,,
marker_sync,68,1465200,,,,,,
append,69,3002800,,,,,,
encode,69,2900,,,,,,
data_write,69,51600,,,,,,
data_sync,69,1473900,,,,,,
marker_write,69,36500,,,,,,
marker_sync,69,1436400,,,,,,
append,70,3054100,,,,,,
encode,70,2700,,,,,,
data_write,70,41100,,,,,,
data_sync,70,1488700,,,,,,
marker_write,70,46600,,,,,,
marker_sync,70,1473500,,,,,,
append,71,3033600,,,,,,
encode,71,2900,,,,,,
data_write,71,44100,,,,,,
data_sync,71,1451800,,,,,,
marker_write,71,34200,,,,,,
marker_sync,71,1499500,,,,,,
append,72,2960800,,,,,,
encode,72,2900,,,,,,
data_write,72,53600,,,,,,
data_sync,72,1449700,,,,,,
marker_write,72,35500,,,,,,
marker_sync,72,1417400,,,,,,
append,73,3003301,,,,,,
encode,73,2800,,,,,,
data_write,73,43400,,,,,,
data_sync,73,1469901,,,,,,
marker_write,73,35600,,,,,,
marker_sync,73,1449900,,,,,,
append,74,3506100,,,,,,
encode,74,3400,,,,,,
data_write,74,44100,,,,,,
data_sync,74,1700400,,,,,,
marker_write,74,45100,,,,,,
marker_sync,74,1710600,,,,,,
append,75,3721900,,,,,,
encode,75,4200,,,,,,
data_write,75,51100,,,,,,
data_sync,75,1711500,,,,,,
marker_write,75,45400,,,,,,
marker_sync,75,1907700,,,,,,
append,76,3154000,,,,,,
encode,76,4800,,,,,,
data_write,76,47600,,,,,,
data_sync,76,1533800,,,,,,
marker_write,76,47100,,,,,,
marker_sync,76,1518700,,,,,,
append,77,3130600,,,,,,
encode,77,3500,,,,,,
data_write,77,44400,,,,,,
data_sync,77,1484700,,,,,,
marker_write,77,33500,,,,,,
marker_sync,77,1562900,,,,,,
append,78,3070700,,,,,,
encode,78,3300,,,,,,
data_write,78,54100,,,,,,
data_sync,78,1502200,,,,,,
marker_write,78,32800,,,,,,
marker_sync,78,1476800,,,,,,
append,79,3881300,,,,,,
encode,79,3000,,,,,,
data_write,79,53800,,,,,,
data_sync,79,1976700,,,,,,
marker_write,79,55500,,,,,,
marker_sync,79,1790100,,,,,,
append,80,3508600,,,,,,
encode,80,4100,,,,,,
data_write,80,49800,,,,,,
data_sync,80,1842700,,,,,,
marker_write,80,46700,,,,,,
marker_sync,80,1562400,,,,,,
append,81,3258200,,,,,,
encode,81,3200,,,,,,
data_write,81,42900,,,,,,
data_sync,81,1617400,,,,,,
marker_write,81,41100,,,,,,
marker_sync,81,1551500,,,,,,
append,82,3172300,,,,,,
encode,82,3800,,,,,,
data_write,82,43100,,,,,,
data_sync,82,1555400,,,,,,
marker_write,82,40500,,,,,,
marker_sync,82,1527400,,,,,,
append,83,3719200,,,,,,
encode,83,4000,,,,,,
data_write,83,52200,,,,,,
data_sync,83,1545700,,,,,,
marker_write,83,42700,,,,,,
marker_sync,83,2072100,,,,,,
append,84,3435600,,,,,,
encode,84,4300,,,,,,
data_write,84,61400,,,,,,
data_sync,84,1743800,,,,,,
marker_write,84,39000,,,,,,
marker_sync,84,1585000,,,,,,
append,85,3201200,,,,,,
encode,85,3300,,,,,,
data_write,85,40600,,,,,,
data_sync,85,1579400,,,,,,
marker_write,85,45300,,,,,,
marker_sync,85,1530600,,,,,,
append,86,3277600,,,,,,
encode,86,3000,,,,,,
data_write,86,42300,,,,,,
data_sync,86,1530100,,,,,,
marker_write,86,34000,,,,,,
marker_sync,86,1666800,,,,,,
append,87,3446800,,,,,,
encode,87,4000,,,,,,
data_write,87,54500,,,,,,
data_sync,87,1805600,,,,,,
marker_write,87,45800,,,,,,
marker_sync,87,1535200,,,,,,
append,88,3131800,,,,,,
encode,88,4300,,,,,,
data_write,88,53300,,,,,,
data_sync,88,1556800,,,,,,
marker_write,88,43000,,,,,,
marker_sync,88,1472500,,,,,,
append,89,3071600,,,,,,
encode,89,4200,,,,,,
data_write,89,53400,,,,,,
data_sync,89,1488900,,,,,,
marker_write,89,46100,,,,,,
marker_sync,89,1476500,,,,,,
append,90,3504300,,,,,,
encode,90,4300,,,,,,
data_write,90,48800,,,,,,
data_sync,90,1903700,,,,,,
marker_write,90,39600,,,,,,
marker_sync,90,1506000,,,,,,
append,91,3044800,,,,,,
encode,91,4500,,,,,,
data_write,91,47500,,,,,,
data_sync,91,1475100,,,,,,
marker_write,91,35300,,,,,,
marker_sync,91,1480800,,,,,,
append,92,3034800,,,,,,
encode,92,3400,,,,,,
data_write,92,40900,,,,,,
data_sync,92,1488400,,,,,,
marker_write,92,38500,,,,,,
marker_sync,92,1461300,,,,,,
append,93,3418900,,,,,,
encode,93,3600,,,,,,
data_write,93,46700,,,,,,
data_sync,93,1742300,,,,,,
marker_write,93,36500,,,,,,
marker_sync,93,1588100,,,,,,
append,94,3347500,,,,,,
encode,94,3800,,,,,,
data_write,94,44400,,,,,,
data_sync,94,1504800,,,,,,
marker_write,94,44800,,,,,,
marker_sync,94,1747400,,,,,,
append,95,3343101,,,,,,
encode,95,5000,,,,,,
data_write,95,55400,,,,,,
data_sync,95,1686401,,,,,,
marker_write,95,41200,,,,,,
marker_sync,95,1552600,,,,,,
append,96,3057800,,,,,,
encode,96,4800,,,,,,
data_write,96,54300,,,,,,
data_sync,96,1489800,,,,,,
marker_write,96,36300,,,,,,
marker_sync,96,1470800,,,,,,
append,97,3070200,,,,,,
encode,97,3100,,,,,,
data_write,97,41100,,,,,,
data_sync,97,1494800,,,,,,
marker_write,97,34700,,,,,,
marker_sync,97,1495000,,,,,,
append,98,3332100,,,,,,
encode,98,3200,,,,,,
data_write,98,47600,,,,,,
data_sync,98,1671100,,,,,,
marker_write,98,39900,,,,,,
marker_sync,98,1568400,,,,,,
append,99,3144900,,,,,,
encode,99,3400,,,,,,
data_write,99,46200,,,,,,
data_sync,99,1516100,,,,,,
marker_write,99,33900,,,,,,
marker_sync,99,1542800,,,,,,
append,100,3112900,,,,,,
encode,100,3800,,,,,,
data_write,100,57300,,,,,,
data_sync,100,1478200,,,,,,
marker_write,100,35100,,,,,,
marker_sync,100,1536400,,,,,,
append,101,3203900,,,,,,
encode,101,4200,,,,,,
data_write,101,57100,,,,,,
data_sync,101,1608600,,,,,,
marker_write,101,37900,,,,,,
marker_sync,101,1494000,,,,,,
append,102,3113800,,,,,,
encode,102,4300,,,,,,
data_write,102,55300,,,,,,
data_sync,102,1476400,,,,,,
marker_write,102,46400,,,,,,
marker_sync,102,1529400,,,,,,
append,103,3529600,,,,,,
encode,103,4600,,,,,,
data_write,103,57500,,,,,,
data_sync,103,1649300,,,,,,
marker_write,103,42600,,,,,,
marker_sync,103,1773500,,,,,,
append,104,3291300,,,,,,
encode,104,3800,,,,,,
data_write,104,44500,,,,,,
data_sync,104,1596800,,,,,,
marker_write,104,36100,,,,,,
marker_sync,104,1608200,,,,,,
append,105,3225000,,,,,,
encode,105,3700,,,,,,
data_write,105,43800,,,,,,
data_sync,105,1565600,,,,,,
marker_write,105,34100,,,,,,
marker_sync,105,1576000,,,,,,
append,106,3189700,,,,,,
encode,106,3700,,,,,,
data_write,106,45000,,,,,,
data_sync,106,1563600,,,,,,
marker_write,106,33500,,,,,,
marker_sync,106,1542700,,,,,,
append,107,3090900,,,,,,
encode,107,2500,,,,,,
data_write,107,39800,,,,,,
data_sync,107,1576500,,,,,,
marker_write,107,40400,,,,,,
marker_sync,107,1430000,,,,,,
append,108,3320300,,,,,,
encode,108,4700,,,,,,
data_write,108,50200,,,,,,
data_sync,108,1559900,,,,,,
marker_write,108,43500,,,,,,
marker_sync,108,1659800,,,,,,
append,109,2897500,,,,,,
encode,109,3900,,,,,,
data_write,109,42900,,,,,,
data_sync,109,1427800,,,,,,
marker_write,109,30800,,,,,,
marker_sync,109,1389900,,,,,,
append,110,2725300,,,,,,
encode,110,3900,,,,,,
data_write,110,46900,,,,,,
data_sync,110,1325700,,,,,,
marker_write,110,35900,,,,,,
marker_sync,110,1311200,,,,,,
append,111,3157800,,,,,,
encode,111,2500,,,,,,
data_write,111,92600,,,,,,
data_sync,111,1597000,,,,,,
marker_write,111,37300,,,,,,
marker_sync,111,1426200,,,,,,
append,112,2978400,,,,,,
encode,112,4000,,,,,,
data_write,112,47500,,,,,,
data_sync,112,1491300,,,,,,
marker_write,112,34000,,,,,,
marker_sync,112,1399200,,,,,,
append,113,2992300,,,,,,
encode,113,2700,,,,,,
data_write,113,41200,,,,,,
data_sync,113,1373200,,,,,,
marker_write,113,34800,,,,,,
marker_sync,113,1538600,,,,,,
append,114,3076400,,,,,,
encode,114,4600,,,,,,
data_write,114,60500,,,,,,
data_sync,114,1453300,,,,,,
marker_write,114,38000,,,,,,
marker_sync,114,1517600,,,,,,
append,115,2975600,,,,,,
encode,115,4200,,,,,,
data_write,115,44000,,,,,,
data_sync,115,1419300,,,,,,
marker_write,115,36700,,,,,,
marker_sync,115,1469500,,,,,,
append,116,3148200,,,,,,
encode,116,4000,,,,,,
data_write,116,52100,,,,,,
data_sync,116,1499600,,,,,,
marker_write,116,44300,,,,,,
marker_sync,116,1545500,,,,,,
append,117,2996400,,,,,,
encode,117,3700,,,,,,
data_write,117,42500,,,,,,
data_sync,117,1435000,,,,,,
marker_write,117,48200,,,,,,
marker_sync,117,1464700,,,,,,
append,118,3581301,,,,,,
encode,118,4400,,,,,,
data_write,118,55500,,,,,,
data_sync,118,1751900,,,,,,
marker_write,118,41900,,,,,,
marker_sync,118,1724801,,,,,,
append,119,3306200,,,,,,
encode,119,5300,,,,,,
data_write,119,62000,,,,,,
data_sync,119,1687200,,,,,,
marker_write,119,42400,,,,,,
marker_sync,119,1506800,,,,,,
append,120,3277600,,,,,,
encode,120,5200,,,,,,
data_write,120,56300,,,,,,
data_sync,120,1529200,,,,,,
marker_write,120,47600,,,,,,
marker_sync,120,1636600,,,,,,
append,121,3108600,,,,,,
encode,121,4600,,,,,,
data_write,121,56700,,,,,,
data_sync,121,1543000,,,,,,
marker_write,121,34300,,,,,,
marker_sync,121,1467700,,,,,,
append,122,3296200,,,,,,
encode,122,5200,,,,,,
data_write,122,60500,,,,,,
data_sync,122,1635600,,,,,,
marker_write,122,38300,,,,,,
marker_sync,122,1554200,,,,,,
append,123,3469500,,,,,,
encode,123,5400,,,,,,
data_write,123,57600,,,,,,
data_sync,123,1702000,,,,,,
marker_write,123,51200,,,,,,
marker_sync,123,1650400,,,,,,
append,124,3501200,,,,,,
encode,124,6400,,,,,,
data_write,124,68100,,,,,,
data_sync,124,1576100,,,,,,
marker_write,124,57600,,,,,,
marker_sync,124,1789800,,,,,,
append,125,3193700,,,,,,
encode,125,5400,,,,,,
data_write,125,51800,,,,,,
data_sync,125,1575100,,,,,,
marker_write,125,39900,,,,,,
marker_sync,125,1519300,,,,,,
append,126,3012400,,,,,,
encode,126,4400,,,,,,
data_write,126,44800,,,,,,
data_sync,126,1465800,,,,,,
marker_write,126,34200,,,,,,
marker_sync,126,1461600,,,,,,
append,127,3063200,,,,,,
encode,127,2800,,,,,,
data_write,127,41900,,,,,,
data_sync,127,1500400,,,,,,
marker_write,127,35500,,,,,,
marker_sync,127,1480900,,,,,,
append,128,3286800,,,,,,
encode,128,3500,,,,,,
data_write,128,45500,,,,,,
data_sync,128,1460200,,,,,,
marker_write,128,35200,,,,,,
marker_sync,128,1740700,,,,,,
append,129,3067400,,,,,,
encode,129,3600,,,,,,
data_write,129,53100,,,,,,
data_sync,129,1525100,,,,,,
marker_write,129,38900,,,,,,
marker_sync,129,1445000,,,,,,
append,130,2843500,,,,,,
encode,130,3900,,,,,,
data_write,130,41700,,,,,,
data_sync,130,1395000,,,,,,
marker_write,130,31700,,,,,,
marker_sync,130,1369700,,,,,,
append,131,2848300,,,,,,
encode,131,2000,,,,,,
data_write,131,38000,,,,,,
data_sync,131,1398200,,,,,,
marker_write,131,34600,,,,,,
marker_sync,131,1374000,,,,,,
append,132,2954600,,,,,,
encode,132,2700,,,,,,
data_write,132,39800,,,,,,
data_sync,132,1408900,,,,,,
marker_write,132,34900,,,,,,
marker_sync,132,1466900,,,,,,
append,133,2896800,,,,,,
encode,133,3700,,,,,,
data_write,133,43900,,,,,,
data_sync,133,1396000,,,,,,
marker_write,133,33600,,,,,,
marker_sync,133,1418200,,,,,,
append,134,3087300,,,,,,
encode,134,3700,,,,,,
data_write,134,53400,,,,,,
data_sync,134,1490100,,,,,,
marker_write,134,46900,,,,,,
marker_sync,134,1490900,,,,,,
append,135,3049000,,,,,,
encode,135,3100,,,,,,
data_write,135,44800,,,,,,
data_sync,135,1494200,,,,,,
marker_write,135,47800,,,,,,
marker_sync,135,1457100,,,,,,
append,136,2904300,,,,,,
encode,136,3300,,,,,,
data_write,136,47800,,,,,,
data_sync,136,1398900,,,,,,
marker_write,136,44000,,,,,,
marker_sync,136,1408400,,,,,,
append,137,2942900,,,,,,
encode,137,4100,,,,,,
data_write,137,55400,,,,,,
data_sync,137,1426100,,,,,,
marker_write,137,37600,,,,,,
marker_sync,137,1417100,,,,,,
append,138,2973300,,,,,,
encode,138,4000,,,,,,
data_write,138,56500,,,,,,
data_sync,138,1489900,,,,,,
marker_write,138,48000,,,,,,
marker_sync,138,1373200,,,,,,
append,139,3271100,,,,,,
encode,139,3500,,,,,,
data_write,139,50900,,,,,,
data_sync,139,1644400,,,,,,
marker_write,139,52100,,,,,,
marker_sync,139,1517900,,,,,,
append,140,3215500,,,,,,
encode,140,4700,,,,,,
data_write,140,54600,,,,,,
data_sync,140,1525300,,,,,,
marker_write,140,44000,,,,,,
marker_sync,140,1584700,,,,,,
append,141,3411400,,,,,,
encode,141,4200,,,,,,
data_write,141,48000,,,,,,
data_sync,141,1627900,,,,,,
marker_write,141,52700,,,,,,
marker_sync,141,1676600,,,,,,
append,142,3254301,,,,,,
encode,142,4100,,,,,,
data_write,142,47200,,,,,,
data_sync,142,1621101,,,,,,
marker_write,142,38100,,,,,,
marker_sync,142,1542100,,,,,,
append,143,3099200,,,,,,
encode,143,4800,,,,,,
data_write,143,47200,,,,,,
data_sync,143,1555400,,,,,,
marker_write,143,53700,,,,,,
marker_sync,143,1436400,,,,,,
append,144,3197200,,,,,,
encode,144,3700,,,,,,
data_write,144,42900,,,,,,
data_sync,144,1564400,,,,,,
marker_write,144,36300,,,,,,
marker_sync,144,1547500,,,,,,
append,145,3006100,,,,,,
encode,145,3900,,,,,,
data_write,145,56800,,,,,,
data_sync,145,1447100,,,,,,
marker_write,145,34000,,,,,,
marker_sync,145,1462800,,,,,,
append,146,3327200,,,,,,
encode,146,3200,,,,,,
data_write,146,43100,,,,,,
data_sync,146,1558800,,,,,,
marker_write,146,36500,,,,,,
marker_sync,146,1683800,,,,,,
append,147,3182000,,,,,,
encode,147,3400,,,,,,
data_write,147,43600,,,,,,
data_sync,147,1616100,,,,,,
marker_write,147,37600,,,,,,
marker_sync,147,1478900,,,,,,
append,148,3016100,,,,,,
encode,148,3100,,,,,,
data_write,148,45700,,,,,,
data_sync,148,1462100,,,,,,
marker_write,148,37000,,,,,,
marker_sync,148,1466600,,,,,,
append,149,2936500,,,,,,
encode,149,3100,,,,,,
data_write,149,45000,,,,,,
data_sync,149,1449800,,,,,,
marker_write,149,34200,,,,,,
marker_sync,149,1402900,,,,,,
append,150,2961800,,,,,,
encode,150,3200,,,,,,
data_write,150,43100,,,,,,
data_sync,150,1448900,,,,,,
marker_write,150,37200,,,,,,
marker_sync,150,1427600,,,,,,
append,151,2885600,,,,,,
encode,151,2900,,,,,,
data_write,151,43000,,,,,,
data_sync,151,1401000,,,,,,
marker_write,151,32600,,,,,,
marker_sync,151,1404900,,,,,,
append,152,2934300,,,,,,
encode,152,3100,,,,,,
data_write,152,42700,,,,,,
data_sync,152,1433500,,,,,,
marker_write,152,35000,,,,,,
marker_sync,152,1418500,,,,,,
append,153,3005600,,,,,,
encode,153,3700,,,,,,
data_write,153,41600,,,,,,
data_sync,153,1465800,,,,,,
marker_write,153,37100,,,,,,
marker_sync,153,1455800,,,,,,
append,154,3329800,,,,,,
encode,154,3600,,,,,,
data_write,154,41400,,,,,,
data_sync,154,1495800,,,,,,
marker_write,154,44800,,,,,,
marker_sync,154,1741600,,,,,,
append,155,3254400,,,,,,
encode,155,4000,,,,,,
data_write,155,53200,,,,,,
data_sync,155,1671000,,,,,,
marker_write,155,37000,,,,,,
marker_sync,155,1486600,,,,,,
append,156,3178100,,,,,,
encode,156,4200,,,,,,
data_write,156,45200,,,,,,
data_sync,156,1546300,,,,,,
marker_write,156,46600,,,,,,
marker_sync,156,1533200,,,,,,
append,157,2993800,,,,,,
encode,157,3800,,,,,,
data_write,157,44000,,,,,,
data_sync,157,1438300,,,,,,
marker_write,157,46600,,,,,,
marker_sync,157,1459100,,,,,,
append,158,3085400,,,,,,
encode,158,3700,,,,,,
data_write,158,43300,,,,,,
data_sync,158,1400400,,,,,,
marker_write,158,34600,,,,,,
marker_sync,158,1601200,,,,,,
append,159,3745200,,,,,,
encode,159,4900,,,,,,
data_write,159,53000,,,,,,
data_sync,159,1752200,,,,,,
marker_write,159,42700,,,,,,
marker_sync,159,1890100,,,,,,
append,160,3230200,,,,,,
encode,160,4600,,,,,,
data_write,160,45900,,,,,,
data_sync,160,1678900,,,,,,
marker_write,160,37200,,,,,,
marker_sync,160,1462100,,,,,,
append,161,2976700,,,,,,
encode,161,2900,,,,,,
data_write,161,39000,,,,,,
data_sync,161,1494400,,,,,,
marker_write,161,36900,,,,,,
marker_sync,161,1401700,,,,,,
append,162,2922300,,,,,,
encode,162,4000,,,,,,
data_write,162,40200,,,,,,
data_sync,162,1418600,,,,,,
marker_write,162,33400,,,,,,
marker_sync,162,1425000,,,,,,
append,163,2904300,,,,,,
encode,163,2600,,,,,,
data_write,163,38400,,,,,,
data_sync,163,1379500,,,,,,
marker_write,163,32300,,,,,,
marker_sync,163,1450100,,,,,,
append,164,3298700,,,,,,
encode,164,2300,,,,,,
data_write,164,40200,,,,,,
data_sync,164,1452500,,,,,,
marker_write,164,37500,,,,,,
marker_sync,164,1764100,,,,,,
append,165,3497601,,,,,,
encode,165,5100,,,,,,
data_write,165,55300,,,,,,
data_sync,165,1792100,,,,,,
marker_write,165,39700,,,,,,
marker_sync,165,1603401,,,,,,
append,166,3404700,,,,,,
encode,166,4600,,,,,,
data_write,166,48800,,,,,,
data_sync,166,1605200,,,,,,
marker_write,166,38400,,,,,,
marker_sync,166,1705500,,,,,,
append,167,3641200,,,,,,
encode,167,4200,,,,,,
data_write,167,59100,,,,,,
data_sync,167,1961100,,,,,,
marker_write,167,39100,,,,,,
marker_sync,167,1575500,,,,,,
append,168,3004400,,,,,,
encode,168,4600,,,,,,
data_write,168,52000,,,,,,
data_sync,168,1465900,,,,,,
marker_write,168,41200,,,,,,
marker_sync,168,1438600,,,,,,
append,169,3646400,,,,,,
encode,169,3600,,,,,,
data_write,169,41000,,,,,,
data_sync,169,1719900,,,,,,
marker_write,169,43200,,,,,,
marker_sync,169,1836900,,,,,,
append,170,3340000,,,,,,
encode,170,4200,,,,,,
data_write,170,47300,,,,,,
data_sync,170,1637000,,,,,,
marker_write,170,34700,,,,,,
marker_sync,170,1614800,,,,,,
append,171,2920600,,,,,,
encode,171,3000,,,,,,
data_write,171,46000,,,,,,
data_sync,171,1444000,,,,,,
marker_write,171,34900,,,,,,
marker_sync,171,1391200,,,,,,
append,172,2934700,,,,,,
encode,172,3400,,,,,,
data_write,172,83300,,,,,,
data_sync,172,1438800,,,,,,
marker_write,172,31400,,,,,,
marker_sync,172,1376500,,,,,,
append,173,2942600,,,,,,
encode,173,2900,,,,,,
data_write,173,38600,,,,,,
data_sync,173,1404500,,,,,,
marker_write,173,36900,,,,,,
marker_sync,173,1458300,,,,,,
append,174,4209400,,,,,,
encode,174,3700,,,,,,
data_write,174,42400,,,,,,
data_sync,174,1608100,,,,,,
marker_write,174,39000,,,,,,
marker_sync,174,2513600,,,,,,
append,175,3883800,,,,,,
encode,175,4600,,,,,,
data_write,175,52100,,,,,,
data_sync,175,1985400,,,,,,
marker_write,175,44700,,,,,,
marker_sync,175,1794500,,,,,,
append,176,3262500,,,,,,
encode,176,4300,,,,,,
data_write,176,51700,,,,,,
data_sync,176,1607200,,,,,,
marker_write,176,39100,,,,,,
marker_sync,176,1558000,,,,,,
append,177,2970700,,,,,,
encode,177,3700,,,,,,
data_write,177,41900,,,,,,
data_sync,177,1451900,,,,,,
marker_write,177,35200,,,,,,
marker_sync,177,1436500,,,,,,
append,178,3129400,,,,,,
encode,178,2900,,,,,,
data_write,178,41700,,,,,,
data_sync,178,1422800,,,,,,
marker_write,178,43500,,,,,,
marker_sync,178,1616700,,,,,,
append,179,3450000,,,,,,
encode,179,4100,,,,,,
data_write,179,47400,,,,,,
data_sync,179,1720400,,,,,,
marker_write,179,39100,,,,,,
marker_sync,179,1636800,,,,,,
append,180,3215200,,,,,,
encode,180,5000,,,,,,
data_write,180,53700,,,,,,
data_sync,180,1589800,,,,,,
marker_write,180,40500,,,,,,
marker_sync,180,1524800,,,,,,
append,181,2967200,,,,,,
encode,181,3300,,,,,,
data_write,181,43600,,,,,,
data_sync,181,1455300,,,,,,
marker_write,181,37100,,,,,,
marker_sync,181,1426400,,,,,,
append,182,2836400,,,,,,
encode,182,3500,,,,,,
data_write,182,42800,,,,,,
data_sync,182,1385500,,,,,,
marker_write,182,34300,,,,,,
marker_sync,182,1369200,,,,,,
append,183,3236100,,,,,,
encode,183,2300,,,,,,
data_write,183,41200,,,,,,
data_sync,183,1485400,,,,,,
marker_write,183,44500,,,,,,
marker_sync,183,1660900,,,,,,
append,184,3534400,,,,,,
encode,184,4200,,,,,,
data_write,184,78400,,,,,,
data_sync,184,1691200,,,,,,
marker_write,184,41600,,,,,,
marker_sync,184,1716900,,,,,,
append,185,3329400,,,,,,
encode,185,4600,,,,,,
data_write,185,56200,,,,,,
data_sync,185,1660200,,,,,,
marker_write,185,38500,,,,,,
marker_sync,185,1567900,,,,,,
append,186,3745900,,,,,,
encode,186,5100,,,,,,
data_write,186,53800,,,,,,
data_sync,186,2020100,,,,,,
marker_write,186,64200,,,,,,
marker_sync,186,1600600,,,,,,
append,187,3201200,,,,,,
encode,187,4000,,,,,,
data_write,187,42400,,,,,,
data_sync,187,1509400,,,,,,
marker_write,187,34900,,,,,,
marker_sync,187,1608400,,,,,,
append,188,3513201,,,,,,
encode,188,5600,,,,,,
data_write,188,48400,,,,,,
data_sync,188,1680201,,,,,,
marker_write,188,42300,,,,,,
marker_sync,188,1734700,,,,,,
append,189,3280200,,,,,,
encode,189,3600,,,,,,
data_write,189,47500,,,,,,
data_sync,189,1677000,,,,,,
marker_write,189,35600,,,,,,
marker_sync,189,1514500,,,,,,
append,190,3224600,,,,,,
encode,190,4300,,,,,,
data_write,190,44800,,,,,,
data_sync,190,1519000,,,,,,
marker_write,190,35900,,,,,,
marker_sync,190,1618200,,,,,,
append,191,3474800,,,,,,
encode,191,4500,,,,,,
data_write,191,50000,,,,,,
data_sync,191,1700100,,,,,,
marker_write,191,45600,,,,,,
marker_sync,191,1671300,,,,,,
append,192,3452200,,,,,,
encode,192,7000,,,,,,
data_write,192,73100,,,,,,
data_sync,192,1675800,,,,,,
marker_write,192,56300,,,,,,
marker_sync,192,1637600,,,,,,
append,193,3151800,,,,,,
encode,193,3200,,,,,,
data_write,193,44100,,,,,,
data_sync,193,1624600,,,,,,
marker_write,193,38400,,,,,,
marker_sync,193,1439900,,,,,,
append,194,3141500,,,,,,
encode,194,3900,,,,,,
data_write,194,52200,,,,,,
data_sync,194,1554200,,,,,,
marker_write,194,34600,,,,,,
marker_sync,194,1495200,,,,,,
append,195,3072500,,,,,,
encode,195,3700,,,,,,
data_write,195,45900,,,,,,
data_sync,195,1456500,,,,,,
marker_write,195,33500,,,,,,
marker_sync,195,1531000,,,,,,
append,196,3031000,,,,,,
encode,196,3500,,,,,,
data_write,196,42000,,,,,,
data_sync,196,1512100,,,,,,
marker_write,196,36600,,,,,,
marker_sync,196,1434800,,,,,,
append,197,3063400,,,,,,
encode,197,3000,,,,,,
data_write,197,38200,,,,,,
data_sync,197,1451100,,,,,,
marker_write,197,29000,,,,,,
marker_sync,197,1540200,,,,,,
append,198,3219000,,,,,,
encode,198,3100,,,,,,
data_write,198,45800,,,,,,
data_sync,198,1581400,,,,,,
marker_write,198,36500,,,,,,
marker_sync,198,1549900,,,,,,
append,199,3152900,,,,,,
encode,199,5000,,,,,,
data_write,199,54200,,,,,,
data_sync,199,1506800,,,,,,
marker_write,199,42800,,,,,,
marker_sync,199,1542200,,,,,,
append,200,3200600,,,,,,
encode,200,4600,,,,,,
data_write,200,49600,,,,,,
data_sync,200,1640900,,,,,,
marker_write,200,45200,,,,,,
marker_sync,200,1458300,,,,,,
append,201,3128900,,,,,,
encode,201,3500,,,,,,
data_write,201,42500,,,,,,
data_sync,201,1573300,,,,,,
marker_write,201,48500,,,,,,
marker_sync,201,1459200,,,,,,
append,202,2821100,,,,,,
encode,202,2600,,,,,,
data_write,202,40700,,,,,,
data_sync,202,1357900,,,,,,
marker_write,202,33300,,,,,,
marker_sync,202,1384800,,,,,,
append,203,2915400,,,,,,
encode,203,4500,,,,,,
data_write,203,50800,,,,,,
data_sync,203,1368400,,,,,,
marker_write,203,37800,,,,,,
marker_sync,203,1451500,,,,,,
append,204,2913100,,,,,,
encode,204,3200,,,,,,
data_write,204,43300,,,,,,
data_sync,204,1415200,,,,,,
marker_write,204,37600,,,,,,
marker_sync,204,1412000,,,,,,
append,205,2868700,,,,,,
encode,205,2900,,,,,,
data_write,205,41600,,,,,,
data_sync,205,1367300,,,,,,
marker_write,205,39400,,,,,,
marker_sync,205,1415900,,,,,,
append,206,3212700,,,,,,
encode,206,3800,,,,,,
data_write,206,45900,,,,,,
data_sync,206,1574400,,,,,,
marker_write,206,37000,,,,,,
marker_sync,206,1549000,,,,,,
append,207,2928000,,,,,,
encode,207,3900,,,,,,
data_write,207,55400,,,,,,
data_sync,207,1442900,,,,,,
marker_write,207,36800,,,,,,
marker_sync,207,1387100,,,,,,
append,208,3819000,,,,,,
encode,208,3100,,,,,,
data_write,208,43000,,,,,,
data_sync,208,1832600,,,,,,
marker_write,208,46200,,,,,,
marker_sync,208,1892200,,,,,,
append,209,2881900,,,,,,
encode,209,4600,,,,,,
data_write,209,51400,,,,,,
data_sync,209,1412300,,,,,,
marker_write,209,41200,,,,,,
marker_sync,209,1370500,,,,,,
append,210,2916300,,,,,,
encode,210,3700,,,,,,
data_write,210,43300,,,,,,
data_sync,210,1370200,,,,,,
marker_write,210,38200,,,,,,
marker_sync,210,1459300,,,,,,
append,211,2843101,,,,,,
encode,211,3400,,,,,,
data_write,211,50800,,,,,,
data_sync,211,1379200,,,,,,
marker_write,211,35300,,,,,,
marker_sync,211,1372801,,,,,,
append,212,2850700,,,,,,
encode,212,3700,,,,,,
data_write,212,41900,,,,,,
data_sync,212,1343100,,,,,,
marker_write,212,35300,,,,,,
marker_sync,212,1425100,,,,,,
append,213,4019200,,,,,,
encode,213,3400,,,,,,
data_write,213,46000,,,,,,
data_sync,213,1742000,,,,,,
marker_write,213,39800,,,,,,
marker_sync,213,2186000,,,,,,
append,214,3738000,,,,,,
encode,214,6600,,,,,,
data_write,214,60800,,,,,,
data_sync,214,1837300,,,,,,
marker_write,214,41400,,,,,,
marker_sync,214,1790000,,,,,,
append,215,3304100,,,,,,
encode,215,3900,,,,,,
data_write,215,184000,,,,,,
data_sync,215,1642600,,,,,,
marker_write,215,41600,,,,,,
marker_sync,215,1429300,,,,,,
append,216,2971200,,,,,,
encode,216,4100,,,,,,
data_write,216,56400,,,,,,
data_sync,216,1442300,,,,,,
marker_write,216,43800,,,,,,
marker_sync,216,1423100,,,,,,
append,217,3042500,,,,,,
encode,217,3200,,,,,,
data_write,217,44600,,,,,,
data_sync,217,1487700,,,,,,
marker_write,217,35700,,,,,,
marker_sync,217,1469800,,,,,,
append,218,3367400,,,,,,
encode,218,4300,,,,,,
data_write,218,43900,,,,,,
data_sync,218,1678100,,,,,,
marker_write,218,37200,,,,,,
marker_sync,218,1602200,,,,,,
append,219,3168600,,,,,,
encode,219,3200,,,,,,
data_write,219,45300,,,,,,
data_sync,219,1576000,,,,,,
marker_write,219,35400,,,,,,
marker_sync,219,1506900,,,,,,
append,220,3092600,,,,,,
encode,220,3200,,,,,,
data_write,220,43700,,,,,,
data_sync,220,1576000,,,,,,
marker_write,220,36900,,,,,,
marker_sync,220,1431300,,,,,,
append,221,2900800,,,,,,
encode,221,3200,,,,,,
data_write,221,42200,,,,,,
data_sync,221,1406900,,,,,,
marker_write,221,37300,,,,,,
marker_sync,221,1409300,,,,,,
append,222,3142400,,,,,,
encode,222,3600,,,,,,
data_write,222,50400,,,,,,
data_sync,222,1529700,,,,,,
marker_write,222,42300,,,,,,
marker_sync,222,1514400,,,,,,
append,223,3739000,,,,,,
encode,223,4000,,,,,,
data_write,223,54500,,,,,,
data_sync,223,1873500,,,,,,
marker_write,223,50000,,,,,,
marker_sync,223,1753800,,,,,,
append,224,3180800,,,,,,
encode,224,3900,,,,,,
data_write,224,55000,,,,,,
data_sync,224,1628500,,,,,,
marker_write,224,45900,,,,,,
marker_sync,224,1445400,,,,,,
append,225,3038700,,,,,,
encode,225,3500,,,,,,
data_write,225,43600,,,,,,
data_sync,225,1463100,,,,,,
marker_write,225,47900,,,,,,
marker_sync,225,1479000,,,,,,
append,226,3221100,,,,,,
encode,226,3100,,,,,,
data_write,226,46900,,,,,,
data_sync,226,1491900,,,,,,
marker_write,226,35100,,,,,,
marker_sync,226,1641700,,,,,,
append,227,3431100,,,,,,
encode,227,4300,,,,,,
data_write,227,47100,,,,,,
data_sync,227,1763900,,,,,,
marker_write,227,46500,,,,,,
marker_sync,227,1567600,,,,,,
append,228,2880500,,,,,,
encode,228,4500,,,,,,
data_write,228,56500,,,,,,
data_sync,228,1380300,,,,,,
marker_write,228,37500,,,,,,
marker_sync,228,1399600,,,,,,
append,229,2976300,,,,,,
encode,229,3400,,,,,,
data_write,229,41700,,,,,,
data_sync,229,1452100,,,,,,
marker_write,229,33600,,,,,,
marker_sync,229,1443700,,,,,,
append,230,2963700,,,,,,
encode,230,3000,,,,,,
data_write,230,44500,,,,,,
data_sync,230,1447900,,,,,,
marker_write,230,33300,,,,,,
marker_sync,230,1433700,,,,,,
append,231,3051900,,,,,,
encode,231,2500,,,,,,
data_write,231,43700,,,,,,
data_sync,231,1421800,,,,,,
marker_write,231,36200,,,,,,
marker_sync,231,1546100,,,,,,
append,232,3361000,,,,,,
encode,232,3100,,,,,,
data_write,232,49300,,,,,,
data_sync,232,1625000,,,,,,
marker_write,232,37400,,,,,,
marker_sync,232,1644300,,,,,,
append,233,3417800,,,,,,
encode,233,5200,,,,,,
data_write,233,60700,,,,,,
data_sync,233,1857000,,,,,,
marker_write,233,38800,,,,,,
marker_sync,233,1454100,,,,,,
append,234,2929801,,,,,,
encode,234,3600,,,,,,
data_write,234,47600,,,,,,
data_sync,234,1449800,,,,,,
marker_write,234,35000,,,,,,
marker_sync,234,1392201,,,,,,
append,235,2844300,,,,,,
encode,235,3200,,,,,,
data_write,235,40200,,,,,,
data_sync,235,1387500,,,,,,
marker_write,235,33200,,,,,,
marker_sync,235,1379400,,,,,,
append,236,2970800,,,,,,
encode,236,2200,,,,,,
data_write,236,39700,,,,,,
data_sync,236,1477200,,,,,,
marker_write,236,41100,,,,,,
marker_sync,236,1409000,,,,,,
append,237,2949300,,,,,,
encode,237,2500,,,,,,
data_write,237,43200,,,,,,
data_sync,237,1413600,,,,,,
marker_write,237,44800,,,,,,
marker_sync,237,1443700,,,,,,
append,238,3411000,,,,,,
encode,238,4000,,,,,,
data_write,238,52400,,,,,,
data_sync,238,1760100,,,,,,
marker_write,238,42300,,,,,,
marker_sync,238,1550400,,,,,,
append,239,3327700,,,,,,
encode,239,3900,,,,,,
data_write,239,47800,,,,,,
data_sync,239,1704300,,,,,,
marker_write,239,38800,,,,,,
marker_sync,239,1531100,,,,,,
append,240,3054100,,,,,,
encode,240,4800,,,,,,
data_write,240,46400,,,,,,
data_sync,240,1456100,,,,,,
marker_write,240,42100,,,,,,
marker_sync,240,1503100,,,,,,
append,241,2868800,,,,,,
encode,241,2800,,,,,,
data_write,241,49100,,,,,,
data_sync,241,1355200,,,,,,
marker_write,241,37500,,,,,,
marker_sync,241,1422800,,,,,,
append,242,2959600,,,,,,
encode,242,3100,,,,,,
data_write,242,43500,,,,,,
data_sync,242,1376600,,,,,,
marker_write,242,36600,,,,,,
marker_sync,242,1497900,,,,,,
append,243,3506400,,,,,,
encode,243,4300,,,,,,
data_write,243,54900,,,,,,
data_sync,243,1488400,,,,,,
marker_write,243,40400,,,,,,
marker_sync,243,1916300,,,,,,
append,244,3159800,,,,,,
encode,244,4000,,,,,,
data_write,244,52900,,,,,,
data_sync,244,1574000,,,,,,
marker_write,244,46400,,,,,,
marker_sync,244,1480400,,,,,,
append,245,2877800,,,,,,
encode,245,4400,,,,,,
data_write,245,51600,,,,,,
data_sync,245,1404900,,,,,,
marker_write,245,38400,,,,,,
marker_sync,245,1376900,,,,,,
append,246,2905200,,,,,,
encode,246,3100,,,,,,
data_write,246,41300,,,,,,
data_sync,246,1381300,,,,,,
marker_write,246,46000,,,,,,
marker_sync,246,1431300,,,,,,
append,247,2798900,,,,,,
encode,247,3600,,,,,,
data_write,247,48700,,,,,,
data_sync,247,1361800,,,,,,
marker_write,247,37600,,,,,,
marker_sync,247,1345300,,,,,,
append,248,3441700,,,,,,
encode,248,3700,,,,,,
data_write,248,53000,,,,,,
data_sync,248,1669600,,,,,,
marker_write,248,44700,,,,,,
marker_sync,248,1668400,,,,,,
append,249,3102300,,,,,,
encode,249,4900,,,,,,
data_write,249,51800,,,,,,
data_sync,249,1572800,,,,,,
marker_write,249,40800,,,,,,
marker_sync,249,1430200,,,,,,
append,250,3396100,,,,,,
encode,250,3700,,,,,,
data_write,250,49200,,,,,,
data_sync,250,1916600,,,,,,
marker_write,250,35800,,,,,,
marker_sync,250,1389200,,,,,,
append,251,2805500,,,,,,
encode,251,3000,,,,,,
data_write,251,40800,,,,,,
data_sync,251,1380100,,,,,,
marker_write,251,32700,,,,,,
marker_sync,251,1347600,,,,,,
append,252,2952300,,,,,,
encode,252,2200,,,,,,
data_write,252,39000,,,,,,
data_sync,252,1337200,,,,,,
marker_write,252,32100,,,,,,
marker_sync,252,1540100,,,,,,
append,253,3469100,,,,,,
encode,253,3600,,,,,,
data_write,253,50500,,,,,,
data_sync,253,1698900,,,,,,
marker_write,253,48000,,,,,,
marker_sync,253,1665800,,,,,,
append,254,2773500,,,,,,
encode,254,4000,,,,,,
data_write,254,51300,,,,,,
data_sync,254,1350000,,,,,,
marker_write,254,36300,,,,,,
marker_sync,254,1330300,,,,,,
append,255,2756300,,,,,,
encode,255,2800,,,,,,
data_write,255,44900,,,,,,
data_sync,255,1342700,,,,,,
marker_write,255,35200,,,,,,
marker_sync,255,1328700,,,,,,
append,256,2897900,,,,,,
encode,256,3100,,,,,,
data_write,256,44500,,,,,,
data_sync,256,1336500,,,,,,
marker_write,256,35800,,,,,,
marker_sync,256,1475000,,,,,,
append,257,3491100,,,,,,
encode,257,3100,,,,,,
data_write,257,50300,,,,,,
data_sync,257,1714400,,,,,,
marker_write,257,49900,,,,,,
marker_sync,257,1671000,,,,,,
append,258,3760201,,,,,,
encode,258,5700,,,,,,
data_write,258,51700,,,,,,
data_sync,258,1738500,,,,,,
marker_write,258,46600,,,,,,
marker_sync,258,1914701,,,,,,
append,259,4039100,,,,,,
encode,259,5800,,,,,,
data_write,259,163100,,,,,,
data_sync,259,1988800,,,,,,
marker_write,259,50000,,,,,,
marker_sync,259,1829000,,,,,,
append,260,4163400,,,,,,
encode,260,5500,,,,,,
data_write,260,65100,,,,,,
data_sync,260,2246000,,,,,,
marker_write,260,87500,,,,,,
marker_sync,260,1755100,,,,,,
append,261,3912900,,,,,,
encode,261,5000,,,,,,
data_write,261,56800,,,,,,
data_sync,261,1969100,,,,,,
marker_write,261,49600,,,,,,
marker_sync,261,1829600,,,,,,
append,262,3751600,,,,,,
encode,262,3800,,,,,,
data_write,262,46800,,,,,,
data_sync,262,1703100,,,,,,
marker_write,262,46100,,,,,,
marker_sync,262,1948800,,,,,,
append,263,3435800,,,,,,
encode,263,5600,,,,,,
data_write,263,69400,,,,,,
data_sync,263,1720800,,,,,,
marker_write,263,50700,,,,,,
marker_sync,263,1586900,,,,,,
append,264,3144700,,,,,,
encode,264,4700,,,,,,
data_write,264,51300,,,,,,
data_sync,264,1543500,,,,,,
marker_write,264,40700,,,,,,
marker_sync,264,1502600,,,,,,
append,265,3163900,,,,,,
encode,265,4100,,,,,,
data_write,265,44300,,,,,,
data_sync,265,1595700,,,,,,
marker_write,265,40000,,,,,,
marker_sync,265,1478100,,,,,,
append,266,3072300,,,,,,
encode,266,4000,,,,,,
data_write,266,44700,,,,,,
data_sync,266,1488300,,,,,,
marker_write,266,35900,,,,,,
marker_sync,266,1497400,,,,,,
append,267,3639300,,,,,,
encode,267,3600,,,,,,
data_write,267,45500,,,,,,
data_sync,267,1601000,,,,,,
marker_write,267,54600,,,,,,
marker_sync,267,1931500,,,,,,
append,268,3442700,,,,,,
encode,268,6500,,,,,,
data_write,268,58900,,,,,,
data_sync,268,1747800,,,,,,
marker_write,268,37700,,,,,,
marker_sync,268,1589200,,,,,,
append,269,3303600,,,,,,
encode,269,3500,,,,,,
data_write,269,45100,,,,,,
data_sync,269,1650500,,,,,,
marker_write,269,35000,,,,,,
marker_sync,269,1567100,,,,,,
append,270,3266200,,,,,,
encode,270,4400,,,,,,
data_write,270,51000,,,,,,
data_sync,270,1641700,,,,,,
marker_write,270,36700,,,,,,
marker_sync,270,1530300,,,,,,
append,271,3380500,,,,,,
encode,271,3100,,,,,,
data_write,271,41300,,,,,,
data_sync,271,1619800,,,,,,
marker_write,271,48800,,,,,,
marker_sync,271,1665200,,,,,,
append,272,3546800,,,,,,
encode,272,4200,,,,,,
data_write,272,57300,,,,,,
data_sync,272,1714700,,,,,,
marker_write,272,66800,,,,,,
marker_sync,272,1701000,,,,,,
append,273,3627100,,,,,,
encode,273,5600,,,,,,
data_write,273,61700,,,,,,
data_sync,273,1748500,,,,,,
marker_write,273,40100,,,,,,
marker_sync,273,1768800,,,,,,
append,274,3313600,,,,,,
encode,274,3800,,,,,,
data_write,274,45000,,,,,,
data_sync,274,1595800,,,,,,
marker_write,274,35900,,,,,,
marker_sync,274,1631300,,,,,,
append,275,3341400,,,,,,
encode,275,3300,,,,,,
data_write,275,42100,,,,,,
data_sync,275,1597800,,,,,,
marker_write,275,36700,,,,,,
marker_sync,275,1631000,,,,,,
append,276,3767300,,,,,,
encode,276,4700,,,,,,
data_write,276,45000,,,,,,
data_sync,276,1694800,,,,,,
marker_write,276,40900,,,,,,
marker_sync,276,1979900,,,,,,
append,277,3593500,,,,,,
encode,277,4200,,,,,,
data_write,277,83700,,,,,,
data_sync,277,1868500,,,,,,
marker_write,277,38300,,,,,,
marker_sync,277,1596500,,,,,,
append,278,3170900,,,,,,
encode,278,3800,,,,,,
data_write,278,47300,,,,,,
data_sync,278,1553200,,,,,,
marker_write,278,36600,,,,,,
marker_sync,278,1527900,,,,,,
append,279,3252301,,,,,,
encode,279,3200,,,,,,
data_write,279,43500,,,,,,
data_sync,279,1572900,,,,,,
marker_write,279,37200,,,,,,
marker_sync,279,1593701,,,,,,
append,280,3137200,,,,,,
encode,280,3500,,,,,,
data_write,280,43600,,,,,,
data_sync,280,1531800,,,,,,
marker_write,280,37200,,,,,,
marker_sync,280,1519100,,,,,,
append,281,3698100,,,,,,
encode,281,4100,,,,,,
data_write,281,53600,,,,,,
data_sync,281,1904600,,,,,,
marker_write,281,97600,,,,,,
marker_sync,281,1635000,,,,,,
append,282,3522400,,,,,,
encode,282,3400,,,,,,
data_write,282,49700,,,,,,
data_sync,282,1565000,,,,,,
marker_write,282,36400,,,,,,
marker_sync,282,1865900,,,,,,
append,283,3070800,,,,,,
encode,283,3900,,,,,,
data_write,283,46900,,,,,,
data_sync,283,1500900,,,,,,
marker_write,283,34900,,,,,,
marker_sync,283,1482400,,,,,,
append,284,3058000,,,,,,
encode,284,3500,,,,,,
data_write,284,43900,,,,,,
data_sync,284,1492300,,,,,,
marker_write,284,38200,,,,,,
marker_sync,284,1478100,,,,,,
append,285,3419900,,,,,,
encode,285,4400,,,,,,
data_write,285,55100,,,,,,
data_sync,285,1507000,,,,,,
marker_write,285,49900,,,,,,
marker_sync,285,1800800,,,,,,
append,286,3401500,,,,,,
encode,286,5400,,,,,,
data_write,286,58000,,,,,,
data_sync,286,1691500,,,,,,
marker_write,286,40200,,,,,,
marker_sync,286,1603800,,,,,,
append,287,3185100,,,,,,
encode,287,3700,,,,,,
data_write,287,44500,,,,,,
data_sync,287,1514700,,,,,,
marker_write,287,35200,,,,,,
marker_sync,287,1584700,,,,,,
append,288,3146500,,,,,,
encode,288,4200,,,,,,
data_write,288,47700,,,,,,
data_sync,288,1510400,,,,,,
marker_write,288,41400,,,,,,
marker_sync,288,1540000,,,,,,
append,289,3227900,,,,,,
encode,289,3600,,,,,,
data_write,289,47200,,,,,,
data_sync,289,1583200,,,,,,
marker_write,289,36400,,,,,,
marker_sync,289,1555600,,,,,,
append,290,3319900,,,,,,
encode,290,4200,,,,,,
data_write,290,45100,,,,,,
data_sync,290,1500800,,,,,,
marker_write,290,47500,,,,,,
marker_sync,290,1720300,,,,,,
append,291,3373100,,,,,,
encode,291,3800,,,,,,
data_write,291,50700,,,,,,
data_sync,291,1716300,,,,,,
marker_write,291,46100,,,,,,
marker_sync,291,1553400,,,,,,
append,292,3407500,,,,,,
encode,292,4500,,,,,,
data_write,292,52600,,,,,,
data_sync,292,1536700,,,,,,
marker_write,292,47000,,,,,,
marker_sync,292,1764200,,,,,,
append,293,3150700,,,,,,
encode,293,5700,,,,,,
data_write,293,56000,,,,,,
data_sync,293,1524400,,,,,,
marker_write,293,43300,,,,,,
marker_sync,293,1518500,,,,,,
append,294,3294100,,,,,,
encode,294,4400,,,,,,
data_write,294,71500,,,,,,
data_sync,294,1631900,,,,,,
marker_write,294,51800,,,,,,
marker_sync,294,1529700,,,,,,
append,295,3824400,,,,,,
encode,295,4500,,,,,,
data_write,295,60000,,,,,,
data_sync,295,1784800,,,,,,
marker_write,295,54100,,,,,,
marker_sync,295,1917600,,,,,,
append,296,4207300,,,,,,
encode,296,5800,,,,,,
data_write,296,66100,,,,,,
data_sync,296,2056600,,,,,,
marker_write,296,50800,,,,,,
marker_sync,296,2025100,,,,,,
append,297,3402400,,,,,,
encode,297,4600,,,,,,
data_write,297,53400,,,,,,
data_sync,297,1686200,,,,,,
marker_write,297,47500,,,,,,
marker_sync,297,1608100,,,,,,
append,298,3201400,,,,,,
encode,298,5100,,,,,,
data_write,298,45900,,,,,,
data_sync,298,1576600,,,,,,
marker_write,298,46400,,,,,,
marker_sync,298,1525000,,,,,,
append,299,3640100,,,,,,
encode,299,4000,,,,,,
data_write,299,45000,,,,,,
data_sync,299,1740400,,,,,,
marker_write,299,50100,,,,,,
marker_sync,299,1798500,,,,,,
append,300,3363700,,,,,,
encode,300,5400,,,,,,
data_write,300,54300,,,,,,
data_sync,300,1650400,,,,,,
marker_write,300,39300,,,,,,
marker_sync,300,1611600,,,,,,
append,301,3232801,,,,,,
encode,301,5600,,,,,,
data_write,301,61700,,,,,,
data_sync,301,1605600,,,,,,
marker_write,301,41800,,,,,,
marker_sync,301,1515801,,,,,,
append,302,3225600,,,,,,
encode,302,3900,,,,,,
data_write,302,44900,,,,,,
data_sync,302,1556800,,,,,,
marker_write,302,42900,,,,,,
marker_sync,302,1574200,,,,,,
append,303,3254600,,,,,,
encode,303,4500,,,,,,
data_write,303,49500,,,,,,
data_sync,303,1582600,,,,,,
marker_write,303,39300,,,,,,
marker_sync,303,1576300,,,,,,
append,304,3475200,,,,,,
encode,304,4500,,,,,,
data_write,304,48400,,,,,,
data_sync,304,1716400,,,,,,
marker_write,304,43900,,,,,,
marker_sync,304,1659700,,,,,,
append,305,3676600,,,,,,
encode,305,4800,,,,,,
data_write,305,61300,,,,,,
data_sync,305,1759900,,,,,,
marker_write,305,40900,,,,,,
marker_sync,305,1807300,,,,,,
append,306,3550000,,,,,,
encode,306,5900,,,,,,
data_write,306,58400,,,,,,
data_sync,306,1733600,,,,,,
marker_write,306,43800,,,,,,
marker_sync,306,1706000,,,,,,
append,307,3590200,,,,,,
encode,307,4000,,,,,,
data_write,307,48800,,,,,,
data_sync,307,1742200,,,,,,
marker_write,307,42700,,,,,,
marker_sync,307,1749500,,,,,,
append,308,3650200,,,,,,
encode,308,4900,,,,,,
data_write,308,50700,,,,,,
data_sync,308,1709800,,,,,,
marker_write,308,41800,,,,,,
marker_sync,308,1840600,,,,,,
append,309,3551600,,,,,,
encode,309,4100,,,,,,
data_write,309,50600,,,,,,
data_sync,309,1740100,,,,,,
marker_write,309,42900,,,,,,
marker_sync,309,1711500,,,,,,
append,310,3473500,,,,,,
encode,310,4200,,,,,,
data_write,310,49000,,,,,,
data_sync,310,1741600,,,,,,
marker_write,310,42600,,,,,,
marker_sync,310,1633800,,,,,,
append,311,3565200,,,,,,
encode,311,4800,,,,,,
data_write,311,58900,,,,,,
data_sync,311,1768700,,,,,,
marker_write,311,41700,,,,,,
marker_sync,311,1688100,,,,,,
append,312,3593900,,,,,,
encode,312,5800,,,,,,
data_write,312,61600,,,,,,
data_sync,312,1689500,,,,,,
marker_write,312,51200,,,,,,
marker_sync,312,1783200,,,,,,
append,313,4602100,,,,,,
encode,313,4800,,,,,,
data_write,313,57500,,,,,,
data_sync,313,1882400,,,,,,
marker_write,313,54000,,,,,,
marker_sync,313,2601000,,,,,,
append,314,7210400,,,,,,
encode,314,4000,,,,,,
data_write,314,48700,,,,,,
data_sync,314,3762500,,,,,,
marker_write,314,43100,,,,,,
marker_sync,314,3348400,,,,,,
append,315,3672900,,,,,,
encode,315,5500,,,,,,
data_write,315,62700,,,,,,
data_sync,315,1765600,,,,,,
marker_write,315,47800,,,,,,
marker_sync,315,1788100,,,,,,
append,316,3925100,,,,,,
encode,316,6400,,,,,,
data_write,316,70800,,,,,,
data_sync,316,1824700,,,,,,
marker_write,316,48400,,,,,,
marker_sync,316,1970900,,,,,,
append,317,3720200,,,,,,
encode,317,4400,,,,,,
data_write,317,55300,,,,,,
data_sync,317,1750800,,,,,,
marker_write,317,54600,,,,,,
marker_sync,317,1852600,,,,,,
append,318,3574000,,,,,,
encode,318,5200,,,,,,
data_write,318,58400,,,,,,
data_sync,318,1795300,,,,,,
marker_write,318,50000,,,,,,
marker_sync,318,1661800,,,,,,
append,319,4181400,,,,,,
encode,319,4000,,,,,,
data_write,319,50100,,,,,,
data_sync,319,1798800,,,,,,
marker_write,319,55700,,,,,,
marker_sync,319,2269400,,,,,,
append,320,4091901,,,,,,
encode,320,5900,,,,,,
data_write,320,61800,,,,,,
data_sync,320,2183200,,,,,,
marker_write,320,48100,,,,,,
marker_sync,320,1789801,,,,,,
append,321,3896400,,,,,,
encode,321,4100,,,,,,
data_write,321,60400,,,,,,
data_sync,321,1673800,,,,,,
marker_write,321,47000,,,,,,
marker_sync,321,2107400,,,,,,
append,322,3537700,,,,,,
encode,322,6900,,,,,,
data_write,322,70400,,,,,,
data_sync,322,1803500,,,,,,
marker_write,322,50700,,,,,,
marker_sync,322,1603100,,,,,,
append,323,3322400,,,,,,
encode,323,4700,,,,,,
data_write,323,55600,,,,,,
data_sync,323,1537900,,,,,,
marker_write,323,39000,,,,,,
marker_sync,323,1682400,,,,,,
append,324,4160700,,,,,,
encode,324,5700,,,,,,
data_write,324,58800,,,,,,
data_sync,324,2009800,,,,,,
marker_write,324,51000,,,,,,
marker_sync,324,2032100,,,,,,
append,325,3451500,,,,,,
encode,325,4400,,,,,,
data_write,325,54800,,,,,,
data_sync,325,1782900,,,,,,
marker_write,325,48400,,,,,,
marker_sync,325,1558700,,,,,,
append,326,3319200,,,,,,
encode,326,3700,,,,,,
data_write,326,46400,,,,,,
data_sync,326,1619300,,,,,,
marker_write,326,36700,,,,,,
marker_sync,326,1610600,,,,,,
append,327,3163100,,,,,,
encode,327,4000,,,,,,
data_write,327,56300,,,,,,
data_sync,327,1510900,,,,,,
marker_write,327,47300,,,,,,
marker_sync,327,1542600,,,,,,
append,328,3184200,,,,,,
encode,328,3600,,,,,,
data_write,328,45000,,,,,,
data_sync,328,1543400,,,,,,
marker_write,328,45800,,,,,,
marker_sync,328,1544800,,,,,,
append,329,3425300,,,,,,
encode,329,3200,,,,,,
data_write,329,45400,,,,,,
data_sync,329,1636300,,,,,,
marker_write,329,41900,,,,,,
marker_sync,329,1697000,,,,,,
append,330,3479200,,,,,,
encode,330,3400,,,,,,
data_write,330,43200,,,,,,
data_sync,330,1595100,,,,,,
marker_write,330,43300,,,,,,
marker_sync,330,1791600,,,,,,
append,331,3272000,,,,,,
encode,331,5000,,,,,,
data_write,331,60800,,,,,,
data_sync,331,1633500,,,,,,
marker_write,331,43400,,,,,,
marker_sync,331,1527100,,,,,,
append,332,3241800,,,,,,
encode,332,3300,,,,,,
data_write,332,85800,,,,,,
data_sync,332,1578300,,,,,,
marker_write,332,44100,,,,,,
marker_sync,332,1528100,,,,,,
append,333,3720200,,,,,,
encode,333,3300,,,,,,
data_write,333,52000,,,,,,
data_sync,333,1712000,,,,,,
marker_write,333,35300,,,,,,
marker_sync,333,1915200,,,,,,
append,334,3663800,,,,,,
encode,334,5200,,,,,,
data_write,334,60600,,,,,,
data_sync,334,1912300,,,,,,
marker_write,334,43900,,,,,,
marker_sync,334,1639400,,,,,,
append,335,3311900,,,,,,
encode,335,3600,,,,,,
data_write,335,47300,,,,,,
data_sync,335,1585600,,,,,,
marker_write,335,44200,,,,,,
marker_sync,335,1628700,,,,,,
append,336,3448800,,,,,,
encode,336,4000,,,,,,
data_write,336,59800,,,,,,
data_sync,336,1678100,,,,,,
marker_write,336,49500,,,,,,
marker_sync,336,1655500,,,,,,
append,337,3354100,,,,,,
encode,337,3700,,,,,,
data_write,337,50800,,,,,,
data_sync,337,1592300,,,,,,
marker_write,337,36600,,,,,,
marker_sync,337,1668500,,,,,,
append,338,3638200,,,,,,
encode,338,5000,,,,,,
data_write,338,53400,,,,,,
data_sync,338,1888300,,,,,,
marker_write,338,40200,,,,,,
marker_sync,338,1649500,,,,,,
append,339,3114300,,,,,,
encode,339,4500,,,,,,
data_write,339,47200,,,,,,
data_sync,339,1533900,,,,,,
marker_write,339,33100,,,,,,
marker_sync,339,1494200,,,,,,
append,340,3954900,,,,,,
encode,340,2900,,,,,,
data_write,340,44000,,,,,,
data_sync,340,1578100,,,,,,
marker_write,340,36400,,,,,,
marker_sync,340,2292000,,,,,,
append,341,3232800,,,,,,
encode,341,3700,,,,,,
data_write,341,43700,,,,,,
data_sync,341,1581700,,,,,,
marker_write,341,42900,,,,,,
marker_sync,341,1558400,,,,,,
append,342,3253001,,,,,,
encode,342,4400,,,,,,
data_write,342,49600,,,,,,
data_sync,342,1555201,,,,,,
marker_write,342,40900,,,,,,
marker_sync,342,1600700,,,,,,
append,343,3263700,,,,,,
encode,343,3800,,,,,,
data_write,343,46500,,,,,,
data_sync,343,1543400,,,,,,
marker_write,343,47800,,,,,,
marker_sync,343,1620100,,,,,,
append,344,3134600,,,,,,
encode,344,5300,,,,,,
data_write,344,58400,,,,,,
data_sync,344,1516100,,,,,,
marker_write,344,38400,,,,,,
marker_sync,344,1514200,,,,,,
append,345,3195600,,,,,,
encode,345,4700,,,,,,
data_write,345,56900,,,,,,
data_sync,345,1564600,,,,,,
marker_write,345,39300,,,,,,
marker_sync,345,1527900,,,,,,
append,346,3106900,,,,,,
encode,346,4700,,,,,,
data_write,346,54400,,,,,,
data_sync,346,1536900,,,,,,
marker_write,346,45800,,,,,,
marker_sync,346,1462900,,,,,,
append,347,3223400,,,,,,
encode,347,3900,,,,,,
data_write,347,45800,,,,,,
data_sync,347,1562400,,,,,,
marker_write,347,39100,,,,,,
marker_sync,347,1569800,,,,,,
append,348,3488700,,,,,,
encode,348,5500,,,,,,
data_write,348,51100,,,,,,
data_sync,348,1634300,,,,,,
marker_write,348,39800,,,,,,
marker_sync,348,1755800,,,,,,
append,349,3465400,,,,,,
encode,349,4800,,,,,,
data_write,349,51500,,,,,,
data_sync,349,1671300,,,,,,
marker_write,349,39900,,,,,,
marker_sync,349,1693300,,,,,,
append,350,3445100,,,,,,
encode,350,4900,,,,,,
data_write,350,62200,,,,,,
data_sync,350,1658900,,,,,,
marker_write,350,50700,,,,,,
marker_sync,350,1665700,,,,,,
append,351,3355500,,,,,,
encode,351,5300,,,,,,
data_write,351,57200,,,,,,
data_sync,351,1610500,,,,,,
marker_write,351,40600,,,,,,
marker_sync,351,1639100,,,,,,
append,352,4132300,,,,,,
encode,352,4300,,,,,,
data_write,352,47400,,,,,,
data_sync,352,2031000,,,,,,
marker_write,352,57800,,,,,,
marker_sync,352,1988200,,,,,,
append,353,3847300,,,,,,
encode,353,5400,,,,,,
data_write,353,66200,,,,,,
data_sync,353,1916600,,,,,,
marker_write,353,58300,,,,,,
marker_sync,353,1798000,,,,,,
append,354,3441400,,,,,,
encode,354,5000,,,,,,
data_write,354,62300,,,,,,
data_sync,354,1687600,,,,,,
marker_write,354,50800,,,,,,
marker_sync,354,1632600,,,,,,
append,355,3467600,,,,,,
encode,355,6000,,,,,,
data_write,355,63900,,,,,,
data_sync,355,1756600,,,,,,
marker_write,355,52300,,,,,,
marker_sync,355,1586100,,,,,,
append,356,3128500,,,,,,
encode,356,4700,,,,,,
data_write,356,51700,,,,,,
data_sync,356,1525700,,,,,,
marker_write,356,43300,,,,,,
marker_sync,356,1501100,,,,,,
append,357,3231700,,,,,,
encode,357,4300,,,,,,
data_write,357,47200,,,,,,
data_sync,357,1658300,,,,,,
marker_write,357,37300,,,,,,
marker_sync,357,1482700,,,,,,
append,358,3162800,,,,,,
encode,358,4000,,,,,,
data_write,358,47900,,,,,,
data_sync,358,1503600,,,,,,
marker_write,358,58900,,,,,,
marker_sync,358,1546200,,,,,,
append,359,3359500,,,,,,
encode,359,4800,,,,,,
data_write,359,50000,,,,,,
data_sync,359,1524700,,,,,,
marker_write,359,46800,,,,,,
marker_sync,359,1730800,,,,,,
append,360,3579200,,,,,,
encode,360,5100,,,,,,
data_write,360,66100,,,,,,
data_sync,360,1797300,,,,,,
marker_write,360,56600,,,,,,
marker_sync,360,1651600,,,,,,
append,361,3931700,,,,,,
encode,361,6000,,,,,,
data_write,361,67700,,,,,,
data_sync,361,1847500,,,,,,
marker_write,361,59300,,,,,,
marker_sync,361,1948500,,,,,,
append,362,3921300,,,,,,
encode,362,5800,,,,,,
data_write,362,60900,,,,,,
data_sync,362,1876200,,,,,,
marker_write,362,53300,,,,,,
marker_sync,362,1922100,,,,,,
append,363,3992501,,,,,,
encode,363,5200,,,,,,
data_write,363,60700,,,,,,
data_sync,363,2012101,,,,,,
marker_write,363,56700,,,,,,
marker_sync,363,1854700,,,,,,
append,364,3830900,,,,,,
encode,364,5600,,,,,,
data_write,364,69700,,,,,,
data_sync,364,1825700,,,,,,
marker_write,364,49100,,,,,,
marker_sync,364,1877900,,,,,,
append,365,3996500,,,,,,
encode,365,5600,,,,,,
data_write,365,64700,,,,,,
data_sync,365,1978600,,,,,,
marker_write,365,60300,,,,,,
marker_sync,365,1883700,,,,,,
append,366,3876100,,,,,,
encode,366,5200,,,,,,
data_write,366,63000,,,,,,
data_sync,366,1975900,,,,,,
marker_write,366,55200,,,,,,
marker_sync,366,1774100,,,,,,
append,367,3803900,,,,,,
encode,367,6800,,,,,,
data_write,367,53500,,,,,,
data_sync,367,1991000,,,,,,
marker_write,367,44900,,,,,,
marker_sync,367,1705300,,,,,,
append,368,3441400,,,,,,
encode,368,4500,,,,,,
data_write,368,49200,,,,,,
data_sync,368,1635000,,,,,,
marker_write,368,50700,,,,,,
marker_sync,368,1699800,,,,,,
append,369,4167000,,,,,,
encode,369,3700,,,,,,
data_write,369,49900,,,,,,
data_sync,369,1850300,,,,,,
marker_write,369,61500,,,,,,
marker_sync,369,2198600,,,,,,
append,370,3690700,,,,,,
encode,370,5600,,,,,,
data_write,370,61700,,,,,,
data_sync,370,1877800,,,,,,
marker_write,370,45100,,,,,,
marker_sync,370,1697900,,,,,,
append,371,3891900,,,,,,
encode,371,4800,,,,,,
data_write,371,52700,,,,,,
data_sync,371,1908700,,,,,,
marker_write,371,67300,,,,,,
marker_sync,371,1855300,,,,,,
append,372,3506600,,,,,,
encode,372,4300,,,,,,
data_write,372,54800,,,,,,
data_sync,372,1701100,,,,,,
marker_write,372,42500,,,,,,
marker_sync,372,1701500,,,,,,
append,373,3966900,,,,,,
encode,373,4600,,,,,,
data_write,373,52800,,,,,,
data_sync,373,1865700,,,,,,
marker_write,373,57800,,,,,,
marker_sync,373,1983100,,,,,,
append,374,3599700,,,,,,
encode,374,5900,,,,,,
data_write,374,76300,,,,,,
data_sync,374,1766200,,,,,,
marker_write,374,49700,,,,,,
marker_sync,374,1698400,,,,,,
append,375,3897800,,,,,,
encode,375,6000,,,,,,
data_write,375,62700,,,,,,
data_sync,375,1889900,,,,,,
marker_write,375,56600,,,,,,
marker_sync,375,1879100,,,,,,
append,376,4098700,,,,,,
encode,376,5600,,,,,,
data_write,376,75700,,,,,,
data_sync,376,1968100,,,,,,
marker_write,376,51800,,,,,,
marker_sync,376,1994600,,,,,,
append,377,4128400,,,,,,
encode,377,5700,,,,,,
data_write,377,62500,,,,,,
data_sync,377,1932100,,,,,,
marker_write,377,56300,,,,,,
marker_sync,377,2068900,,,,,,
append,378,3655800,,,,,,
encode,378,4900,,,,,,
data_write,378,60200,,,,,,
data_sync,378,1791500,,,,,,
marker_write,378,46800,,,,,,
marker_sync,378,1749900,,,,,,
append,379,3548800,,,,,,
encode,379,4800,,,,,,
data_write,379,54500,,,,,,
data_sync,379,1734900,,,,,,
marker_write,379,44200,,,,,,
marker_sync,379,1708000,,,,,,
append,380,4486000,,,,,,
encode,380,4100,,,,,,
data_write,380,95200,,,,,,
data_sync,380,2331300,,,,,,
marker_write,380,64200,,,,,,
marker_sync,380,1987900,,,,,,
append,381,5000200,,,,,,
encode,381,5900,,,,,,
data_write,381,70700,,,,,,
data_sync,381,2371100,,,,,,
marker_write,381,71800,,,,,,
marker_sync,381,2476700,,,,,,
append,382,4280801,,,,,,
encode,382,9000,,,,,,
data_write,382,97300,,,,,,
data_sync,382,2222501,,,,,,
marker_write,382,62400,,,,,,
marker_sync,382,1885000,,,,,,
append,383,3631000,,,,,,
encode,383,5900,,,,,,
data_write,383,70900,,,,,,
data_sync,383,1737300,,,,,,
marker_write,383,78700,,,,,,
marker_sync,383,1734900,,,,,,
append,384,3804900,,,,,,
encode,384,6000,,,,,,
data_write,384,68800,,,,,,
data_sync,384,1908700,,,,,,
marker_write,384,66200,,,,,,
marker_sync,384,1752100,,,,,,
append,385,3758100,,,,,,
encode,385,4100,,,,,,
data_write,385,60800,,,,,,
data_sync,385,1703200,,,,,,
marker_write,385,57700,,,,,,
marker_sync,385,1928200,,,,,,
append,386,3991000,,,,,,
encode,386,5500,,,,,,
data_write,386,76800,,,,,,
data_sync,386,1965700,,,,,,
marker_write,386,62200,,,,,,
marker_sync,386,1876900,,,,,,
append,387,3764400,,,,,,
encode,387,5900,,,,,,
data_write,387,71200,,,,,,
data_sync,387,1809800,,,,,,
marker_write,387,60800,,,,,,
marker_sync,387,1813800,,,,,,
append,388,3657400,,,,,,
encode,388,5300,,,,,,
data_write,388,77600,,,,,,
data_sync,388,1927400,,,,,,
marker_write,388,55900,,,,,,
marker_sync,388,1588100,,,,,,
append,389,3395300,,,,,,
encode,389,5200,,,,,,
data_write,389,66700,,,,,,
data_sync,389,1657400,,,,,,
marker_write,389,59600,,,,,,
marker_sync,389,1603600,,,,,,
append,390,3162700,,,,,,
encode,390,4800,,,,,,
data_write,390,56400,,,,,,
data_sync,390,1539300,,,,,,
marker_write,390,44500,,,,,,
marker_sync,390,1514700,,,,,,
append,391,3246900,,,,,,
encode,391,4000,,,,,,
data_write,391,55400,,,,,,
data_sync,391,1572800,,,,,,
marker_write,391,47700,,,,,,
marker_sync,391,1564600,,,,,,
append,392,3206400,,,,,,
encode,392,5600,,,,,,
data_write,392,67300,,,,,,
data_sync,392,1495100,,,,,,
marker_write,392,53300,,,,,,
marker_sync,392,1582500,,,,,,
append,393,3414800,,,,,,
encode,393,4000,,,,,,
data_write,393,54900,,,,,,
data_sync,393,1738100,,,,,,
marker_write,393,49400,,,,,,
marker_sync,393,1565200,,,,,,
append,394,4047900,,,,,,
encode,394,5600,,,,,,
data_write,394,63900,,,,,,
data_sync,394,1868800,,,,,,
marker_write,394,60200,,,,,,
marker_sync,394,2046300,,,,,,
append,395,3807600,,,,,,
encode,395,6200,,,,,,
data_write,395,70700,,,,,,
data_sync,395,1879300,,,,,,
marker_write,395,59600,,,,,,
marker_sync,395,1788500,,,,,,
append,396,3456900,,,,,,
encode,396,4200,,,,,,
data_write,396,58400,,,,,,
data_sync,396,1670400,,,,,,
marker_write,396,60500,,,,,,
marker_sync,396,1660400,,,,,,
append,397,7065900,,,,,,
encode,397,5400,,,,,,
data_write,397,61800,,,,,,
data_sync,397,4791900,,,,,,
marker_write,397,68600,,,,,,
marker_sync,397,2135200,,,,,,
append,398,3703000,,,,,,
encode,398,5800,,,,,,
data_write,398,75700,,,,,,
data_sync,398,1841500,,,,,,
marker_write,398,60100,,,,,,
marker_sync,398,1717300,,,,,,
append,399,4033100,,,,,,
encode,399,5300,,,,,,
data_write,399,67200,,,,,,
data_sync,399,1842600,,,,,,
marker_write,399,57900,,,,,,
marker_sync,399,2057000,,,,,,
append,400,3786100,,,,,,
encode,400,6000,,,,,,
data_write,400,75100,,,,,,
data_sync,400,1888600,,,,,,
marker_write,400,60900,,,,,,
marker_sync,400,1752100,,,,,,
append,401,3949801,,,,,,
encode,401,5600,,,,,,
data_write,401,69200,,,,,,
data_sync,401,1838101,,,,,,
marker_write,401,63900,,,,,,
marker_sync,401,1970100,,,,,,
append,402,3916300,,,,,,
encode,402,5400,,,,,,
data_write,402,74200,,,,,,
data_sync,402,1864500,,,,,,
marker_write,402,64100,,,,,,
marker_sync,402,1904600,,,,,,
append,403,4052600,,,,,,
encode,403,6200,,,,,,
data_write,403,77800,,,,,,
data_sync,403,1894100,,,,,,
marker_write,403,62400,,,,,,
marker_sync,403,2008700,,,,,,
append,404,4203900,,,,,,
encode,404,6100,,,,,,
data_write,404,68500,,,,,,
data_sync,404,2014800,,,,,,
marker_write,404,110900,,,,,,
marker_sync,404,2000300,,,,,,
append,405,4085100,,,,,,
encode,405,6400,,,,,,
data_write,405,73900,,,,,,
data_sync,405,1965200,,,,,,
marker_write,405,58200,,,,,,
marker_sync,405,1978000,,,,,,
append,406,7089000,,,,,,
encode,406,6300,,,,,,
data_write,406,76000,,,,,,
data_sync,406,5041600,,,,,,
marker_write,406,65400,,,,,,
marker_sync,406,1896300,,,,,,
append,407,3662600,,,,,,
encode,407,6100,,,,,,
data_write,407,65200,,,,,,
data_sync,407,1769000,,,,,,
marker_write,407,61900,,,,,,
marker_sync,407,1757400,,,,,,
append,408,4021900,,,,,,
encode,408,5900,,,,,,
data_write,408,67800,,,,,,
data_sync,408,1810900,,,,,,
marker_write,408,57900,,,,,,
marker_sync,408,2075300,,,,,,
append,409,3904700,,,,,,
encode,409,6000,,,,,,
data_write,409,72400,,,,,,
data_sync,409,1978200,,,,,,
marker_write,409,62700,,,,,,
marker_sync,409,1781400,,,,,,
append,410,8498900,,,,,,
encode,410,6100,,,,,,
data_write,410,69300,,,,,,
data_sync,410,6367100,,,,,,
marker_write,410,39000,,,,,,
marker_sync,410,2013600,,,,,,
append,411,3646100,,,,,,
encode,411,6200,,,,,,
data_write,411,45400,,,,,,
data_sync,411,1743000,,,,,,
marker_write,411,33100,,,,,,
marker_sync,411,1814600,,,,,,
append,412,3839500,,,,,,
encode,412,6300,,,,,,
data_write,412,45100,,,,,,
data_sync,412,1981200,,,,,,
marker_write,412,39100,,,,,,
marker_sync,412,1764700,,,,,,
append,413,3663800,,,,,,
encode,413,5500,,,,,,
data_write,413,45500,,,,,,
data_sync,413,1764700,,,,,,
marker_write,413,48500,,,,,,
marker_sync,413,1795500,,,,,,
append,414,3632900,,,,,,
encode,414,6500,,,,,,
data_write,414,46100,,,,,,
data_sync,414,1774300,,,,,,
marker_write,414,39900,,,,,,
marker_sync,414,1763100,,,,,,
append,415,3915500,,,,,,
encode,415,6500,,,,,,
data_write,415,46000,,,,,,
data_sync,415,1839900,,,,,,
marker_write,415,40100,,,,,,
marker_sync,415,1979800,,,,,,
append,416,3886700,,,,,,
encode,416,6800,,,,,,
data_write,416,56900,,,,,,
data_sync,416,2009500,,,,,,
marker_write,416,56800,,,,,,
marker_sync,416,1753600,,,,,,
append,417,3585500,,,,,,
encode,417,6600,,,,,,
data_write,417,47400,,,,,,
data_sync,417,1778700,,,,,,
marker_write,417,36200,,,,,,
marker_sync,417,1713900,,,,,,
append,418,3157901,,,,,,
encode,418,5500,,,,,,
data_write,418,31700,,,,,,
data_sync,418,1543000,,,,,,
marker_write,418,61200,,,,,,
marker_sync,418,1512801,,,,,,
append,419,3524200,,,,,,
encode,419,4800,,,,,,
data_write,419,63000,,,,,,
data_sync,419,1623900,,,,,,
marker_write,419,59400,,,,,,
marker_sync,419,1769700,,,,,,
append,420,3538400,,,,,,
encode,420,6500,,,,,,
data_write,420,46000,,,,,,
data_sync,420,1809900,,,,,,
marker_write,420,38100,,,,,,
marker_sync,420,1634800,,,,,,
append,421,3802700,,,,,,
encode,421,6200,,,,,,
data_write,421,216400,,,,,,
data_sync,421,1783100,,,,,,
marker_write,421,123900,,,,,,
marker_sync,421,1670100,,,,,,
append,422,3585700,,,,,,
encode,422,5300,,,,,,
data_write,422,179300,,,,,,
data_sync,422,1658400,,,,,,
marker_write,422,109700,,,,,,
marker_sync,422,1630600,,,,,,
append,423,3781100,,,,,,
encode,423,4500,,,,,,
data_write,423,180400,,,,,,
data_sync,423,1609200,,,,,,
marker_write,423,108400,,,,,,
marker_sync,423,1874500,,,,,,
append,424,4295900,,,,,,
encode,424,5400,,,,,,
data_write,424,181400,,,,,,
data_sync,424,2057800,,,,,,
marker_write,424,38300,,,,,,
marker_sync,424,2009400,,,,,,
append,425,3790500,,,,,,
encode,425,5800,,,,,,
data_write,425,40500,,,,,,
data_sync,425,1899200,,,,,,
marker_write,425,34500,,,,,,
marker_sync,425,1807900,,,,,,
append,426,3388800,,,,,,
encode,426,5100,,,,,,
data_write,426,34700,,,,,,
data_sync,426,1564500,,,,,,
marker_write,426,24700,,,,,,
marker_sync,426,1756800,,,,,,
append,427,3482000,,,,,,
encode,427,5800,,,,,,
data_write,427,42500,,,,,,
data_sync,427,1670600,,,,,,
marker_write,427,30000,,,,,,
marker_sync,427,1730000,,,,,,
append,428,3718600,,,,,,
encode,428,6000,,,,,,
data_write,428,79900,,,,,,
data_sync,428,1910500,,,,,,
marker_write,428,52200,,,,,,
marker_sync,428,1666700,,,,,,
append,429,3808200,,,,,,
encode,429,5400,,,,,,
data_write,429,58100,,,,,,
data_sync,429,1816600,,,,,,
marker_write,429,62000,,,,,,
marker_sync,429,1862900,,,,,,
append,430,3889400,,,,,,
encode,430,5800,,,,,,
data_write,430,78400,,,,,,
data_sync,430,1854000,,,,,,
marker_write,430,66600,,,,,,
marker_sync,430,1881500,,,,,,
append,431,3344400,,,,,,
encode,431,6600,,,,,,
data_write,431,69600,,,,,,
data_sync,431,1656000,,,,,,
marker_write,431,63500,,,,,,
marker_sync,431,1545400,,,,,,
append,432,3494800,,,,,,
encode,432,4800,,,,,,
data_write,432,59000,,,,,,
data_sync,432,1635500,,,,,,
marker_write,432,44300,,,,,,
marker_sync,432,1748200,,,,,,
append,433,3599200,,,,,,
encode,433,6100,,,,,,
data_write,433,65900,,,,,,
data_sync,433,1738000,,,,,,
marker_write,433,59700,,,,,,
marker_sync,433,1726800,,,,,,
append,434,3478800,,,,,,
encode,434,6100,,,,,,
data_write,434,69600,,,,,,
data_sync,434,1590700,,,,,,
marker_write,434,58600,,,,,,
marker_sync,434,1751200,,,,,,
append,435,3625500,,,,,,
encode,435,5300,,,,,,
data_write,435,69100,,,,,,
data_sync,435,1848400,,,,,,
marker_write,435,57300,,,,,,
marker_sync,435,1642200,,,,,,
append,436,4028800,,,,,,
encode,436,5800,,,,,,
data_write,436,73100,,,,,,
data_sync,436,1616800,,,,,,
marker_write,436,63300,,,,,,
marker_sync,436,2265200,,,,,,
append,437,4886400,,,,,,
encode,437,8900,,,,,,
data_write,437,92800,,,,,,
data_sync,437,2531800,,,,,,
marker_write,437,67200,,,,,,
marker_sync,437,2181900,,,,,,
append,438,4405801,,,,,,
encode,438,7200,,,,,,
data_write,438,84500,,,,,,
data_sync,438,2181501,,,,,,
marker_write,438,63600,,,,,,
marker_sync,438,2065300,,,,,,
append,439,4236700,,,,,,
encode,439,6100,,,,,,
data_write,439,84500,,,,,,
data_sync,439,1981000,,,,,,
marker_write,439,65600,,,,,,
marker_sync,439,2096200,,,,,,
append,440,3848700,,,,,,
encode,440,4400,,,,,,
data_write,440,65000,,,,,,
data_sync,440,1890200,,,,,,
marker_write,440,68500,,,,,,
marker_sync,440,1816800,,,,,,
append,441,3435300,,,,,,
encode,441,6400,,,,,,
data_write,441,76900,,,,,,
data_sync,441,1655100,,,,,,
marker_write,441,50600,,,,,,
marker_sync,441,1642800,,,,,,
append,442,3461600,,,,,,
encode,442,4800,,,,,,
data_write,442,56600,,,,,,
data_sync,442,1702200,,,,,,
marker_write,442,59500,,,,,,
marker_sync,442,1635300,,,,,,
append,443,4172200,,,,,,
encode,443,5000,,,,,,
data_write,443,78100,,,,,,
data_sync,443,2506300,,,,,,
marker_write,443,50100,,,,,,
marker_sync,443,1529600,,,,,,
append,444,3311300,,,,,,
encode,444,4700,,,,,,
data_write,444,52900,,,,,,
data_sync,444,1440800,,,,,,
marker_write,444,41500,,,,,,
marker_sync,444,1768900,,,,,,
append,445,3724700,,,,,,
encode,445,5500,,,,,,
data_write,445,69000,,,,,,
data_sync,445,1922900,,,,,,
marker_write,445,64600,,,,,,
marker_sync,445,1658800,,,,,,
append,446,3267500,,,,,,
encode,446,6200,,,,,,
data_write,446,72500,,,,,,
data_sync,446,1529200,,,,,,
marker_write,446,62400,,,,,,
marker_sync,446,1594500,,,,,,
append,447,3848800,,,,,,
encode,447,6000,,,,,,
data_write,447,68100,,,,,,
data_sync,447,1839200,,,,,,
marker_write,447,61600,,,,,,
marker_sync,447,1870500,,,,,,
append,448,3922100,,,,,,
encode,448,6200,,,,,,
data_write,448,71500,,,,,,
data_sync,448,1939500,,,,,,
marker_write,448,61300,,,,,,
marker_sync,448,1840500,,,,,,
append,449,3845800,,,,,,
encode,449,4000,,,,,,
data_write,449,75900,,,,,,
data_sync,449,1797500,,,,,,
marker_write,449,62500,,,,,,
marker_sync,449,1902000,,,,,,
append,450,3802300,,,,,,
encode,450,6100,,,,,,
data_write,450,76500,,,,,,
data_sync,450,1833900,,,,,,
marker_write,450,61700,,,,,,
marker_sync,450,1821200,,,,,,
append,451,3563500,,,,,,
encode,451,5900,,,,,,
data_write,451,76000,,,,,,
data_sync,451,1718900,,,,,,
marker_write,451,58300,,,,,,
marker_sync,451,1701300,,,,,,
append,452,3402500,,,,,,
encode,452,4300,,,,,,
data_write,452,61800,,,,,,
data_sync,452,1719400,,,,,,
marker_write,452,61300,,,,,,
marker_sync,452,1552500,,,,,,
append,453,3328100,,,,,,
encode,453,6100,,,,,,
data_write,453,67900,,,,,,
data_sync,453,1711600,,,,,,
marker_write,453,59400,,,,,,
marker_sync,453,1480200,,,,,,
append,454,3385100,,,,,,
encode,454,4800,,,,,,
data_write,454,54700,,,,,,
data_sync,454,1445600,,,,,,
marker_write,454,57900,,,,,,
marker_sync,454,1819000,,,,,,
append,455,3603900,,,,,,
encode,455,5300,,,,,,
data_write,455,67600,,,,,,
data_sync,455,1761300,,,,,,
marker_write,455,49000,,,,,,
marker_sync,455,1718200,,,,,,
append,456,3769000,,,,,,
encode,456,4400,,,,,,
data_write,456,55800,,,,,,
data_sync,456,1722100,,,,,,
marker_write,456,56200,,,,,,
marker_sync,456,1927400,,,,,,
append,457,4456800,,,,,,
encode,457,7600,,,,,,
data_write,457,68400,,,,,,
data_sync,457,2086700,,,,,,
marker_write,457,67500,,,,,,
marker_sync,457,2223300,,,,,,
append,458,4191701,,,,,,
encode,458,4600,,,,,,
data_write,458,66000,,,,,,
data_sync,458,1980301,,,,,,
marker_write,458,71100,,,,,,
marker_sync,458,2065800,,,,,,
append,459,3689800,,,,,,
encode,459,5700,,,,,,
data_write,459,74900,,,,,,
data_sync,459,1824400,,,,,,
marker_write,459,61100,,,,,,
marker_sync,459,1720500,,,,,,
append,460,3994600,,,,,,
encode,460,8500,,,,,,
data_write,460,73100,,,,,,
data_sync,460,1845800,,,,,,
marker_write,460,64900,,,,,,
marker_sync,460,1999300,,,,,,
append,461,3893600,,,,,,
encode,461,5800,,,,,,
data_write,461,65700,,,,,,
data_sync,461,1899400,,,,,,
marker_write,461,59900,,,,,,
marker_sync,461,1859400,,,,,,
append,462,4385700,,,,,,
encode,462,6000,,,,,,
data_write,462,77100,,,,,,
data_sync,462,1877400,,,,,,
marker_write,462,60800,,,,,,
marker_sync,462,2360000,,,,,,
append,463,3589400,,,,,,
encode,463,6300,,,,,,
data_write,463,71600,,,,,,
data_sync,463,1799300,,,,,,
marker_write,463,61600,,,,,,
marker_sync,463,1646800,,,,,,
append,464,3272700,,,,,,
encode,464,5500,,,,,,
data_write,464,74200,,,,,,
data_sync,464,1580200,,,,,,
marker_write,464,56900,,,,,,
marker_sync,464,1553100,,,,,,
append,465,3831400,,,,,,
encode,465,5500,,,,,,
data_write,465,69100,,,,,,
data_sync,465,1918700,,,,,,
marker_write,465,68300,,,,,,
marker_sync,465,1766100,,,,,,
append,466,3478300,,,,,,
encode,466,6200,,,,,,
data_write,466,97100,,,,,,
data_sync,466,1655500,,,,,,
marker_write,466,57700,,,,,,
marker_sync,466,1658900,,,,,,
append,467,3657500,,,,,,
encode,467,5200,,,,,,
data_write,467,65000,,,,,,
data_sync,467,1684400,,,,,,
marker_write,467,58000,,,,,,
marker_sync,467,1842400,,,,,,
append,468,3433700,,,,,,
encode,468,4900,,,,,,
data_write,468,67600,,,,,,
data_sync,468,1714600,,,,,,
marker_write,468,49900,,,,,,
marker_sync,468,1593600,,,,,,
append,469,3596700,,,,,,
encode,469,4800,,,,,,
data_write,469,54200,,,,,,
data_sync,469,1721200,,,,,,
marker_write,469,55700,,,,,,
marker_sync,469,1758200,,,,,,
append,470,3900800,,,,,,
encode,470,5300,,,,,,
data_write,470,67700,,,,,,
data_sync,470,1943100,,,,,,
marker_write,470,60100,,,,,,
marker_sync,470,1821900,,,,,,
append,471,3521900,,,,,,
encode,471,5600,,,,,,
data_write,471,76300,,,,,,
data_sync,471,1825300,,,,,,
marker_write,471,57400,,,,,,
marker_sync,471,1554500,,,,,,
append,472,3310700,,,,,,
encode,472,5100,,,,,,
data_write,472,67400,,,,,,
data_sync,472,1591000,,,,,,
marker_write,472,59300,,,,,,
marker_sync,472,1584700,,,,,,
append,473,3205200,,,,,,
encode,473,5000,,,,,,
data_write,473,68800,,,,,,
data_sync,473,1493200,,,,,,
marker_write,473,57600,,,,,,
marker_sync,473,1577300,,,,,,
append,474,4053100,,,,,,
encode,474,5700,,,,,,
data_write,474,70600,,,,,,
data_sync,474,1849300,,,,,,
marker_write,474,64700,,,,,,
marker_sync,474,2059600,,,,,,
append,475,3499300,,,,,,
encode,475,6400,,,,,,
data_write,475,77000,,,,,,
data_sync,475,1690200,,,,,,
marker_write,475,61100,,,,,,
marker_sync,475,1661600,,,,,,
append,476,3277800,,,,,,
encode,476,6000,,,,,,
data_write,476,70400,,,,,,
data_sync,476,1607000,,,,,,
marker_write,476,59800,,,,,,
marker_sync,476,1531600,,,,,,
append,477,3208400,,,,,,
encode,477,5600,,,,,,
data_write,477,71500,,,,,,
data_sync,477,1551400,,,,,,
marker_write,477,57100,,,,,,
marker_sync,477,1519900,,,,,,
append,478,3380501,,,,,,
encode,478,5300,,,,,,
data_write,478,67200,,,,,,
data_sync,478,1517201,,,,,,
marker_write,478,72600,,,,,,
marker_sync,478,1715700,,,,,,
append,479,3373200,,,,,,
encode,479,4700,,,,,,
data_write,479,59800,,,,,,
data_sync,479,1605600,,,,,,
marker_write,479,43400,,,,,,
marker_sync,479,1657100,,,,,,
append,480,3200700,,,,,,
encode,480,4700,,,,,,
data_write,480,61100,,,,,,
data_sync,480,1561500,,,,,,
marker_write,480,44200,,,,,,
marker_sync,480,1527300,,,,,,
append,481,3151100,,,,,,
encode,481,4200,,,,,,
data_write,481,51800,,,,,,
data_sync,481,1548400,,,,,,
marker_write,481,43100,,,,,,
marker_sync,481,1500800,,,,,,
append,482,3339400,,,,,,
encode,482,3300,,,,,,
data_write,482,50200,,,,,,
data_sync,482,1634300,,,,,,
marker_write,482,52400,,,,,,
marker_sync,482,1596800,,,,,,
append,483,3628600,,,,,,
encode,483,4500,,,,,,
data_write,483,52600,,,,,,
data_sync,483,1768600,,,,,,
marker_write,483,70000,,,,,,
marker_sync,483,1730100,,,,,,
append,484,3376200,,,,,,
encode,484,5000,,,,,,
data_write,484,57500,,,,,,
data_sync,484,1627600,,,,,,
marker_write,484,44000,,,,,,
marker_sync,484,1640000,,,,,,
append,485,3354400,,,,,,
encode,485,4100,,,,,,
data_write,485,54700,,,,,,
data_sync,485,1620800,,,,,,
marker_write,485,41500,,,,,,
marker_sync,485,1630800,,,,,,
append,486,3019700,,,,,,
encode,486,5000,,,,,,
data_write,486,54300,,,,,,
data_sync,486,1471200,,,,,,
marker_write,486,40000,,,,,,
marker_sync,486,1446800,,,,,,
append,487,3412600,,,,,,
encode,487,4700,,,,,,
data_write,487,54000,,,,,,
data_sync,487,1668300,,,,,,
marker_write,487,46800,,,,,,
marker_sync,487,1636300,,,,,,
append,488,3593200,,,,,,
encode,488,4800,,,,,,
data_write,488,59100,,,,,,
data_sync,488,1747200,,,,,,
marker_write,488,66900,,,,,,
marker_sync,488,1712300,,,,,,
append,489,3307200,,,,,,
encode,489,5100,,,,,,
data_write,489,61400,,,,,,
data_sync,489,1536200,,,,,,
marker_write,489,58800,,,,,,
marker_sync,489,1643100,,,,,,
append,490,4043500,,,,,,
encode,490,4900,,,,,,
data_write,490,51400,,,,,,
data_sync,490,1984000,,,,,,
marker_write,490,54100,,,,,,
marker_sync,490,1945500,,,,,,
append,491,3502400,,,,,,
encode,491,5100,,,,,,
data_write,491,58300,,,,,,
data_sync,491,1601500,,,,,,
marker_write,491,47500,,,,,,
marker_sync,491,1787300,,,,,,
append,492,3666900,,,,,,
encode,492,4900,,,,,,
data_write,492,55000,,,,,,
data_sync,492,1716400,,,,,,
marker_write,492,49400,,,,,,
marker_sync,492,1838100,,,,,,
append,493,3789900,,,,,,
encode,493,5200,,,,,,
data_write,493,63100,,,,,,
data_sync,493,2005500,,,,,,
marker_write,493,47800,,,,,,
marker_sync,493,1665800,,,,,,
append,494,3498900,,,,,,
encode,494,4200,,,,,,
data_write,494,48700,,,,,,
data_sync,494,1705200,,,,,,
marker_write,494,42800,,,,,,
marker_sync,494,1695700,,,,,,
append,495,3681200,,,,,,
encode,495,4100,,,,,,
data_write,495,49700,,,,,,
data_sync,495,1775900,,,,,,
marker_write,495,55500,,,,,,
marker_sync,495,1792500,,,,,,
append,496,3851500,,,,,,
encode,496,6900,,,,,,
data_write,496,79700,,,,,,
data_sync,496,1757000,,,,,,
marker_write,496,58400,,,,,,
marker_sync,496,1945200,,,,,,
append,497,4013300,,,,,,
encode,497,5900,,,,,,
data_write,497,69300,,,,,,
data_sync,497,1768000,,,,,,
marker_write,497,50600,,,,,,
marker_sync,497,2117400,,,,,,
append,498,4025500,,,,,,
encode,498,4600,,,,,,
data_write,498,61600,,,,,,
data_sync,498,2180100,,,,,,
marker_write,498,55400,,,,,,
marker_sync,498,1721300,,,,,,
append,499,3226901,,,,,,
encode,499,5300,,,,,,
data_write,499,67600,,,,,,
data_sync,499,1617401,,,,,,
marker_write,499,39100,,,,,,
marker_sync,499,1495300,,,,,,
append,500,3176800,,,,,,
encode,500,4100,,,,,,
data_write,500,57700,,,,,,
data_sync,500,1505300,,,,,,
marker_write,500,45400,,,,,,
marker_sync,500,1562100,,,,,,
append,501,9010100,,,,,,
encode,501,3500,,,,,,
data_write,501,49700,,,,,,
data_sync,501,1541800,,,,,,
marker_write,501,52100,,,,,,
marker_sync,501,7357500,,,,,,
append,502,3439200,,,,,,
encode,502,6300,,,,,,
data_write,502,69400,,,,,,
data_sync,502,1692000,,,,,,
marker_write,502,26100,,,,,,
marker_sync,502,1643200,,,,,,
append,503,8581500,,,,,,
encode,503,5300,,,,,,
data_write,503,39200,,,,,,
data_sync,503,1623700,,,,,,
marker_write,503,145600,,,,,,
marker_sync,503,6764800,,,,,,
append,504,7235500,,,,,,
encode,504,5700,,,,,,
data_write,504,47700,,,,,,
data_sync,504,5583000,,,,,,
marker_write,504,36200,,,,,,
marker_sync,504,1560100,,,,,,
append,505,8764100,,,,,,
encode,505,5800,,,,,,
data_write,505,29100,,,,,,
data_sync,505,4729200,,,,,,
marker_write,505,35500,,,,,,
marker_sync,505,3961300,,,,,,
append,506,7999800,,,,,,
encode,506,5900,,,,,,
data_write,506,50300,,,,,,
data_sync,506,3936400,,,,,,
marker_write,506,45200,,,,,,
marker_sync,506,3958800,,,,,,
append,507,7995400,,,,,,
encode,507,5700,,,,,,
data_write,507,50900,,,,,,
data_sync,507,3953200,,,,,,
marker_write,507,35000,,,,,,
marker_sync,507,3947200,,,,,,
append,508,24006101,,,,,,
encode,508,6100,,,,,,
data_write,508,48000,,,,,,
data_sync,508,19945401,,,,,,
marker_write,508,36600,,,,,,
marker_sync,508,3966100,,,,,,
append,509,14127600,,,,,,
encode,509,6300,,,,,,
data_write,509,46000,,,,,,
data_sync,509,8036600,,,,,,
marker_write,509,57100,,,,,,
marker_sync,509,5977300,,,,,,
append,510,5863400,,,,,,
encode,510,6900,,,,,,
data_write,510,42700,,,,,,
data_sync,510,1933100,,,,,,
marker_write,510,34200,,,,,,
marker_sync,510,3843000,,,,,,
append,511,8007500,,,,,,
encode,511,6000,,,,,,
data_write,511,44800,,,,,,
data_sync,511,4253900,,,,,,
marker_write,511,29100,,,,,,
marker_sync,511,3670200,,,,,,
append,512,8024600,,,,,,
encode,512,6200,,,,,,
data_write,512,42300,,,,,,
data_sync,512,3946500,,,,,,
marker_write,512,39100,,,,,,
marker_sync,512,3987000,,,,,,
append,513,7941600,,,,,,
encode,513,3900,,,,,,
data_write,513,47800,,,,,,
data_sync,513,4831600,,,,,,
marker_write,513,35700,,,,,,
marker_sync,513,3018400,,,,,,
append,514,7994400,,,,,,
encode,514,6700,,,,,,
data_write,514,184100,,,,,,
data_sync,514,3810500,,,,,,
marker_write,514,142600,,,,,,
marker_sync,514,3846700,,,,,,
append,515,15998701,,,,,,
encode,515,6500,,,,,,
data_write,515,4032000,,,,,,
data_sync,515,7951700,,,,,,
marker_write,515,42400,,,,,,
marker_sync,515,3962501,,,,,,
append,516,7993100,,,,,,
encode,516,6300,,,,,,
data_write,516,49700,,,,,,
data_sync,516,3923300,,,,,,
marker_write,516,47400,,,,,,
marker_sync,516,3963100,,,,,,
append,517,11996800,,,,,,
encode,517,5700,,,,,,
data_write,517,52900,,,,,,
data_sync,517,3949700,,,,,,
marker_write,517,41200,,,,,,
marker_sync,517,7943100,,,,,,
append,518,7678300,,,,,,
encode,518,6100,,,,,,
data_write,518,55400,,,,,,
data_sync,518,5617000,,,,,,
marker_write,518,38100,,,,,,
marker_sync,518,1958200,,,,,,
append,519,8379000,,,,,,
encode,519,6200,,,,,,
data_write,519,42800,,,,,,
data_sync,519,4063700,,,,,,
marker_write,519,31800,,,,,,
marker_sync,519,4230200,,,,,,
append,520,11773400,,,,,,
encode,520,7000,,,,,,
data_write,520,43300,,,,,,
data_sync,520,2605100,,,,,,
marker_write,520,37500,,,,,,
marker_sync,520,9076300,,,,,,
append,521,12370000,,,,,,
encode,521,6300,,,,,,
data_write,521,43200,,,,,,
data_sync,521,8146600,,,,,,
marker_write,521,41400,,,,,,
marker_sync,521,4128900,,,,,,
append,522,11785001,,,,,,
encode,522,6100,,,,,,
data_write,522,43900,,,,,,
data_sync,522,7740200,,,,,,
marker_write,522,30900,,,,,,
marker_sync,522,3959601,,,,,,
append,523,8000500,,,,,,
encode,523,6500,,,,,,
data_write,523,43500,,,,,,
data_sync,523,3957200,,,,,,
marker_write,523,37400,,,,,,
marker_sync,523,3952300,,,,,,
append,524,6817400,,,,,,
encode,524,6700,,,,,,
data_write,524,36700,,,,,,
data_sync,524,3949100,,,,,,
marker_write,524,25700,,,,,,
marker_sync,524,2793300,,,,,,
append,525,3843600,,,,,,
encode,525,5900,,,,,,
data_write,525,50600,,,,,,
data_sync,525,1859100,,,,,,
marker_write,525,29800,,,,,,
marker_sync,525,1894500,,,,,,
append,526,17843100,,,,,,
encode,526,6300,,,,,,
data_write,526,40600,,,,,,
data_sync,526,7311900,,,,,,
marker_write,526,44200,,,,,,
marker_sync,526,10436200,,,,,,
append,527,3942400,,,,,,
encode,527,6400,,,,,,
data_write,527,49900,,,,,,
data_sync,527,1765600,,,,,,
marker_write,527,40000,,,,,,
marker_sync,527,2077200,,,,,,
append,528,7573100,,,,,,
encode,528,6300,,,,,,
data_write,528,41900,,,,,,
data_sync,528,2475900,,,,,,
marker_write,528,42100,,,,,,
marker_sync,528,5002800,,,,,,
append,529,8001500,,,,,,
encode,529,5600,,,,,,
data_write,529,44800,,,,,,
data_sync,529,4217600,,,,,,
marker_write,529,40900,,,,,,
marker_sync,529,3689800,,,,,,
append,530,7969800,,,,,,
encode,530,5800,,,,,,
data_write,530,45600,,,,,,
data_sync,530,3923400,,,,,,
marker_write,530,43500,,,,,,
marker_sync,530,3948200,,,,,,
append,531,12003701,,,,,,
encode,531,5800,,,,,,
data_write,531,44100,,,,,,
data_sync,531,7446900,,,,,,
marker_write,531,43900,,,,,,
marker_sync,531,4458801,,,,,,
append,532,8582600,,,,,,
encode,532,6100,,,,,,
data_write,532,47800,,,,,,
data_sync,532,3943700,,,,,,
marker_write,532,40900,,,,,,
marker_sync,532,4539900,,,,,,
append,533,3948000,,,,,,
encode,533,5500,,,,,,
data_write,533,47600,,,,,,
data_sync,533,1976800,,,,,,
marker_write,533,35100,,,,,,
marker_sync,533,1879000,,,,,,
append,534,11440300,,,,,,
encode,534,6600,,,,,,
data_write,534,45500,,,,,,
data_sync,534,1771100,,,,,,
marker_write,534,38400,,,,,,
marker_sync,534,9575200,,,,,,
append,535,6623500,,,,,,
encode,535,8800,,,,,,
data_write,535,65700,,,,,,
data_sync,535,4762100,,,,,,
marker_write,535,67900,,,,,,
marker_sync,535,1715500,,,,,,
append,536,9399200,,,,,,
encode,536,6200,,,,,,
data_write,536,45500,,,,,,
data_sync,536,5382500,,,,,,
marker_write,536,61100,,,,,,
marker_sync,536,3899600,,,,,,
append,537,8001400,,,,,,
encode,537,6000,,,,,,
data_write,537,52500,,,,,,
data_sync,537,3937400,,,,,,
marker_write,537,58300,,,,,,
marker_sync,537,3943800,,,,,,
append,538,7996900,,,,,,
encode,538,5900,,,,,,
data_write,538,49800,,,,,,
data_sync,538,3946900,,,,,,
marker_write,538,47900,,,,,,
marker_sync,538,3940100,,,,,,
append,539,7999000,,,,,,
encode,539,6400,,,,,,
data_write,539,49700,,,,,,
data_sync,539,4105800,,,,,,
marker_write,539,39700,,,,,,
marker_sync,539,3794300,,,,,,
append,540,10132901,,,,,,
encode,540,6200,,,,,,
data_write,540,52500,,,,,,
data_sync,540,7943501,,,,,,
marker_write,540,45300,,,,,,
marker_sync,540,2081500,,,,,,
append,541,17862200,,,,,,
encode,541,6300,,,,,,
data_write,541,49700,,,,,,
data_sync,541,16047000,,,,,,
marker_write,541,43300,,,,,,
marker_sync,541,1712400,,,,,,
append,542,4147900,,,,,,
encode,542,6500,,,,,,
data_write,542,39100,,,,,,
data_sync,542,1605500,,,,,,
marker_write,542,23400,,,,,,
marker_sync,542,2469900,,,,,,
append,543,9320500,,,,,,
encode,543,6100,,,,,,
data_write,543,41200,,,,,,
data_sync,543,3799900,,,,,,
marker_write,543,64800,,,,,,
marker_sync,543,5405000,,,,,,
append,544,6983000,,,,,,
encode,544,6800,,,,,,
data_write,544,53600,,,,,,
data_sync,544,1832100,,,,,,
marker_write,544,42100,,,,,,
marker_sync,544,5044600,,,,,,
append,545,22650900,,,,,,
encode,545,7100,,,,,,
data_write,545,43400,,,,,,
data_sync,545,5426300,,,,,,
marker_write,545,53000,,,,,,
marker_sync,545,17117000,,,,,,
append,546,17540501,,,,,,
encode,546,6300,,,,,,
data_write,546,43800,,,,,,
data_sync,546,8535500,,,,,,
marker_write,546,78500,,,,,,
marker_sync,546,8872101,,,,,,
append,547,37426100,,,,,,
encode,547,6800,,,,,,
data_write,547,47200,,,,,,
data_sync,547,10046300,,,,,,
marker_write,547,38600,,,,,,
marker_sync,547,27283400,,,,,,
append,548,50923001,,,,,,
encode,548,5600,,,,,,
data_write,548,39900,,,,,,
data_sync,548,17404100,,,,,,
marker_write,548,43900,,,,,,
marker_sync,548,33425701,,,,,,
append,549,40149800,,,,,,
encode,549,6400,,,,,,
data_write,549,78700,,,,,,
data_sync,549,16080000,,,,,,
marker_write,549,29100,,,,,,
marker_sync,549,23952300,,,,,,
append,550,9625600,,,,,,
encode,550,5800,,,,,,
data_write,550,76200,,,,,,
data_sync,550,7247400,,,,,,
marker_write,550,75200,,,,,,
marker_sync,550,2217500,,,,,,
append,551,3977401,,,,,,
encode,551,5800,,,,,,
data_write,551,67500,,,,,,
data_sync,551,1916800,,,,,,
marker_write,551,55600,,,,,,
marker_sync,551,1928201,,,,,,
append,552,3932300,,,,,,
encode,552,5400,,,,,,
data_write,552,60200,,,,,,
data_sync,552,1908000,,,,,,
marker_write,552,63900,,,,,,
marker_sync,552,1891900,,,,,,
append,553,3786600,,,,,,
encode,553,5500,,,,,,
data_write,553,64400,,,,,,
data_sync,553,1960600,,,,,,
marker_write,553,57400,,,,,,
marker_sync,553,1696000,,,,,,
append,554,3332500,,,,,,
encode,554,4900,,,,,,
data_write,554,65500,,,,,,
data_sync,554,1697700,,,,,,
marker_write,554,41400,,,,,,
marker_sync,554,1520900,,,,,,
append,555,3121900,,,,,,
encode,555,4900,,,,,,
data_write,555,50500,,,,,,
data_sync,555,1468800,,,,,,
marker_write,555,38000,,,,,,
marker_sync,555,1556900,,,,,,
append,556,3202100,,,,,,
encode,556,5400,,,,,,
data_write,556,70500,,,,,,
data_sync,556,1539700,,,,,,
marker_write,556,45400,,,,,,
marker_sync,556,1538300,,,,,,
append,557,3676300,,,,,,
encode,557,5800,,,,,,
data_write,557,66600,,,,,,
data_sync,557,1765500,,,,,,
marker_write,557,54300,,,,,,
marker_sync,557,1781700,,,,,,
append,558,3948700,,,,,,
encode,558,5400,,,,,,
data_write,558,64600,,,,,,
data_sync,558,1896600,,,,,,
marker_write,558,60200,,,,,,
marker_sync,558,1918900,,,,,,
append,559,3921200,,,,,,
encode,559,4300,,,,,,
data_write,559,68200,,,,,,
data_sync,559,1667900,,,,,,
marker_write,559,52000,,,,,,
marker_sync,559,2123900,,,,,,
append,560,3991400,,,,,,
encode,560,7700,,,,,,
data_write,560,89800,,,,,,
data_sync,560,1994900,,,,,,
marker_write,560,63100,,,,,,
marker_sync,560,1831900,,,,,,
append,561,3705200,,,,,,
encode,561,6400,,,,,,
data_write,561,79400,,,,,,
data_sync,561,1713500,,,,,,
marker_write,561,54600,,,,,,
marker_sync,561,1848600,,,,,,
append,562,3569900,,,,,,
encode,562,5100,,,,,,
data_write,562,70000,,,,,,
data_sync,562,1744600,,,,,,
marker_write,562,61800,,,,,,
marker_sync,562,1685800,,,,,,
append,563,3390900,,,,,,
encode,563,5700,,,,,,
data_write,563,73200,,,,,,
data_sync,563,1719700,,,,,,
marker_write,563,46400,,,,,,
marker_sync,563,1543200,,,,,,
append,564,3307600,,,,,,
encode,564,4000,,,,,,
data_write,564,49100,,,,,,
data_sync,564,1465200,,,,,,
marker_write,564,38500,,,,,,
marker_sync,564,1748200,,,,,,
append,565,3225100,,,,,,
encode,565,5600,,,,,,
data_write,565,71300,,,,,,
data_sync,565,1582200,,,,,,
marker_write,565,41900,,,,,,
marker_sync,565,1522400,,,,,,
append,566,3086300,,,,,,
encode,566,4000,,,,,,
data_write,566,47500,,,,,,
data_sync,566,1496800,,,,,,
marker_write,566,38300,,,,,,
marker_sync,566,1497300,,,,,,
append,567,3774500,,,,,,
encode,567,4300,,,,,,
data_write,567,49500,,,,,,
data_sync,567,2057300,,,,,,
marker_write,567,61900,,,,,,
marker_sync,567,1598700,,,,,,
append,568,3165700,,,,,,
encode,568,4100,,,,,,
data_write,568,53900,,,,,,
data_sync,568,1544100,,,,,,
marker_write,568,46500,,,,,,
marker_sync,568,1515000,,,,,,
append,569,3124800,,,,,,
encode,569,4900,,,,,,
data_write,569,54500,,,,,,
data_sync,569,1542600,,,,,,
marker_write,569,42400,,,,,,
marker_sync,569,1477900,,,,,,
append,570,3630000,,,,,,
encode,570,3700,,,,,,
data_write,570,52300,,,,,,
data_sync,570,1739700,,,,,,
marker_write,570,48000,,,,,,
marker_sync,570,1783700,,,,,,
append,571,3609300,,,,,,
encode,571,4800,,,,,,
data_write,571,69300,,,,,,
data_sync,571,1654000,,,,,,
marker_write,571,46500,,,,,,
marker_sync,571,1831600,,,,,,
append,572,3438601,,,,,,
encode,572,6400,,,,,,
data_write,572,71800,,,,,,
data_sync,572,1677000,,,,,,
marker_write,572,59400,,,,,,
marker_sync,572,1621601,,,,,,
append,573,2988100,,,,,,
encode,573,4800,,,,,,
data_write,573,51200,,,,,,
data_sync,573,1468700,,,,,,
marker_write,573,44000,,,,,,
marker_sync,573,1417400,,,,,,
append,574,3256100,,,,,,
encode,574,5000,,,,,,
data_write,574,52400,,,,,,
data_sync,574,1455400,,,,,,
marker_write,574,45600,,,,,,
marker_sync,574,1695500,,,,,,
append,575,3545200,,,,,,
encode,575,4600,,,,,,
data_write,575,52500,,,,,,
data_sync,575,1741700,,,,,,
marker_write,575,55000,,,,,,
marker_sync,575,1688900,,,,,,
append,576,4250500,,,,,,
encode,576,4800,,,,,,
data_write,576,54200,,,,,,
data_sync,576,1899300,,,,,,
marker_write,576,53100,,,,,,
marker_sync,576,2236100,,,,,,
append,577,3893200,,,,,,
encode,577,4400,,,,,,
data_write,577,84700,,,,,,
data_sync,577,1930800,,,,,,
marker_write,577,66300,,,,,,
marker_sync,577,1803700,,,,,,
append,578,3677900,,,,,,
encode,578,6100,,,,,,
data_write,578,69100,,,,,,
data_sync,578,1781000,,,,,,
marker_write,578,53200,,,,,,
marker_sync,578,1765200,,,,,,
append,579,3482200,,,,,,
encode,579,6100,,,,,,
data_write,579,66500,,,,,,
data_sync,579,1746900,,,,,,
marker_write,579,52200,,,,,,
marker_sync,579,1607900,,,,,,
append,580,3567700,,,,,,
encode,580,4100,,,,,,
data_write,580,57100,,,,,,
data_sync,580,1730900,,,,,,
marker_write,580,56000,,,,,,
marker_sync,580,1716300,,,,,,
append,581,3726600,,,,,,
encode,581,5900,,,,,,
data_write,581,76800,,,,,,
data_sync,581,2062500,,,,,,
marker_write,581,42300,,,,,,
marker_sync,581,1536600,,,,,,
append,582,3329200,,,,,,
encode,582,5900,,,,,,
data_write,582,67700,,,,,,
data_sync,582,1624600,,,,,,
marker_write,582,73300,,,,,,
marker_sync,582,1555400,,,,,,
append,583,3146700,,,,,,
encode,583,4700,,,,,,
data_write,583,61100,,,,,,
data_sync,583,1532600,,,,,,
marker_write,583,39300,,,,,,
marker_sync,583,1506600,,,,,,
append,584,3289200,,,,,,
encode,584,3900,,,,,,
data_write,584,46100,,,,,,
data_sync,584,1649200,,,,,,
marker_write,584,43000,,,,,,
marker_sync,584,1544200,,,,,,
append,585,3949800,,,,,,
encode,585,5600,,,,,,
data_write,585,63900,,,,,,
data_sync,585,2019100,,,,,,
marker_write,585,66300,,,,,,
marker_sync,585,1789400,,,,,,
append,586,4338000,,,,,,
encode,586,6500,,,,,,
data_write,586,66200,,,,,,
data_sync,586,2231600,,,,,,
marker_write,586,61400,,,,,,
marker_sync,586,1969100,,,,,,
append,587,3606000,,,,,,
encode,587,4800,,,,,,
data_write,587,54800,,,,,,
data_sync,587,1745900,,,,,,
marker_write,587,54300,,,,,,
marker_sync,587,1743500,,,,,,
append,588,3463900,,,,,,
encode,588,6100,,,,,,
data_write,588,56900,,,,,,
data_sync,588,1740600,,,,,,
marker_write,588,47400,,,,,,
marker_sync,588,1610600,,,,,,
append,589,3633100,,,,,,
encode,589,3800,,,,,,
data_write,589,50000,,,,,,
data_sync,589,1718300,,,,,,
marker_write,589,45200,,,,,,
marker_sync,589,1812600,,,,,,
append,590,3633400,,,,,,
encode,590,5800,,,,,,
data_write,590,69200,,,,,,
data_sync,590,1642200,,,,,,
marker_write,590,46000,,,,,,
marker_sync,590,1866100,,,,,,
append,591,3717200,,,,,,
encode,591,6600,,,,,,
data_write,591,74900,,,,,,
data_sync,591,1829200,,,,,,
marker_write,591,55600,,,,,,
marker_sync,591,1748100,,,,,,
append,592,7325701,,,,,,
encode,592,5000,,,,,,
data_write,592,50400,,,,,,
data_sync,592,1625000,,,,,,
marker_write,592,36900,,,,,,
marker_sync,592,5605501,,,,,,
append,593,3428200,,,,,,
encode,593,5900,,,,,,
data_write,593,65000,,,,,,
data_sync,593,1645600,,,,,,
marker_write,593,49500,,,,,,
marker_sync,593,1659900,,,,,,
append,594,3459600,,,,,,
encode,594,4500,,,,,,
data_write,594,54300,,,,,,
data_sync,594,1742900,,,,,,
marker_write,594,45300,,,,,,
marker_sync,594,1610300,,,,,,
append,595,3197600,,,,,,
encode,595,5000,,,,,,
data_write,595,48000,,,,,,
data_sync,595,1560300,,,,,,
marker_write,595,40900,,,,,,
marker_sync,595,1541600,,,,,,
append,596,3209100,,,,,,
encode,596,3700,,,,,,
data_write,596,49500,,,,,,
data_sync,596,1507200,,,,,,
marker_write,596,38900,,,,,,
marker_sync,596,1607400,,,,,,
append,597,3675200,,,,,,
encode,597,5100,,,,,,
data_write,597,60500,,,,,,
data_sync,597,1732100,,,,,,
marker_write,597,43700,,,,,,
marker_sync,597,1830700,,,,,,
append,598,3976700,,,,,,
encode,598,5700,,,,,,
data_write,598,51400,,,,,,
data_sync,598,1876000,,,,,,
marker_write,598,44200,,,,,,
marker_sync,598,1996900,,,,,,
append,599,3654100,,,,,,
encode,599,4700,,,,,,
data_write,599,52600,,,,,,
data_sync,599,1829400,,,,,,
marker_write,599,40300,,,,,,
marker_sync,599,1725200,,,,,,
append,600,3336800,,,,,,
encode,600,3700,,,,,,
data_write,600,48300,,,,,,
data_sync,600,1586500,,,,,,
marker_write,600,37700,,,,,,
marker_sync,600,1658700,,,,,,
append,601,3689700,,,,,,
encode,601,4100,,,,,,
data_write,601,51700,,,,,,
data_sync,601,1745900,,,,,,
marker_write,601,40100,,,,,,
marker_sync,601,1845200,,,,,,
append,602,3647000,,,,,,
encode,602,4600,,,,,,
data_write,602,62500,,,,,,
data_sync,602,1733300,,,,,,
marker_write,602,46400,,,,,,
marker_sync,602,1797700,,,,,,
append,603,3267900,,,,,,
encode,603,3400,,,,,,
data_write,603,82900,,,,,,
data_sync,603,1603500,,,,,,
marker_write,603,38700,,,,,,
marker_sync,603,1537700,,,,,,
append,604,3373800,,,,,,
encode,604,4900,,,,,,
data_write,604,59500,,,,,,
data_sync,604,1691500,,,,,,
marker_write,604,40100,,,,,,
marker_sync,604,1575800,,,,,,
append,605,3337000,,,,,,
encode,605,4200,,,,,,
data_write,605,48700,,,,,,
data_sync,605,1622100,,,,,,
marker_write,605,42900,,,,,,
marker_sync,605,1616400,,,,,,
append,606,3436900,,,,,,
encode,606,3900,,,,,,
data_write,606,48800,,,,,,
data_sync,606,1554900,,,,,,
marker_write,606,47500,,,,,,
marker_sync,606,1779800,,,,,,
append,607,3317800,,,,,,
encode,607,3900,,,,,,
data_write,607,49900,,,,,,
data_sync,607,1572200,,,,,,
marker_write,607,40900,,,,,,
marker_sync,607,1649100,,,,,,
append,608,3796600,,,,,,
encode,608,3400,,,,,,
data_write,608,49500,,,,,,
data_sync,608,1828500,,,,,,
marker_write,608,42000,,,,,,
marker_sync,608,1871300,,,,,,
append,609,3417200,,,,,,
encode,609,4400,,,,,,
data_write,609,63200,,,,,,
data_sync,609,1708900,,,,,,
marker_write,609,37100,,,,,,
marker_sync,609,1601700,,,,,,
append,610,2872400,,,,,,
encode,610,3300,,,,,,
data_write,610,42200,,,,,,
data_sync,610,1396100,,,,,,
marker_write,610,37000,,,,,,
marker_sync,610,1392400,,,,,,
append,611,3031200,,,,,,
encode,611,2800,,,,,,
data_write,611,44100,,,,,,
data_sync,611,1516300,,,,,,
marker_write,611,39200,,,,,,
marker_sync,611,1427300,,,,,,
append,612,2929500,,,,,,
encode,612,3300,,,,,,
data_write,612,46200,,,,,,
data_sync,612,1405600,,,,,,
marker_write,612,36100,,,,,,
marker_sync,612,1436900,,,,,,
append,613,3122601,,,,,,
encode,613,3000,,,,,,
data_write,613,49900,,,,,,
data_sync,613,1552600,,,,,,
marker_write,613,39700,,,,,,
marker_sync,613,1476201,,,,,,
append,614,3010700,,,,,,
encode,614,3200,,,,,,
data_write,614,43800,,,,,,
data_sync,614,1457300,,,,,,
marker_write,614,38900,,,,,,
marker_sync,614,1465700,,,,,,
append,615,3326400,,,,,,
encode,615,4400,,,,,,
data_write,615,44700,,,,,,
data_sync,615,1610000,,,,,,
marker_write,615,49400,,,,,,
marker_sync,615,1616200,,,,,,
append,616,2915300,,,,,,
encode,616,4200,,,,,,
data_write,616,45800,,,,,,
data_sync,616,1437500,,,,,,
marker_write,616,40200,,,,,,
marker_sync,616,1385500,,,,,,
append,617,2830300,,,,,,
encode,617,4100,,,,,,
data_write,617,52800,,,,,,
data_sync,617,1369200,,,,,,
marker_write,617,40400,,,,,,
marker_sync,617,1362100,,,,,,
append,618,2894200,,,,,,
encode,618,3900,,,,,,
data_write,618,84000,,,,,,
data_sync,618,1389200,,,,,,
marker_write,618,39200,,,,,,
marker_sync,618,1376500,,,,,,
append,619,3060600,,,,,,
encode,619,3500,,,,,,
data_write,619,47000,,,,,,
data_sync,619,1462900,,,,,,
marker_write,619,47000,,,,,,
marker_sync,619,1498300,,,,,,
append,620,3174500,,,,,,
encode,620,4200,,,,,,
data_write,620,50400,,,,,,
data_sync,620,1468400,,,,,,
marker_write,620,48900,,,,,,
marker_sync,620,1600200,,,,,,
append,621,3358700,,,,,,
encode,621,5600,,,,,,
data_write,621,56900,,,,,,
data_sync,621,1530800,,,,,,
marker_write,621,42500,,,,,,
marker_sync,621,1719700,,,,,,
append,622,3706000,,,,,,
encode,622,5000,,,,,,
data_write,622,59200,,,,,,
data_sync,622,1714500,,,,,,
marker_write,622,50800,,,,,,
marker_sync,622,1873000,,,,,,
append,623,3531300,,,,,,
encode,623,5400,,,,,,
data_write,623,64500,,,,,,
data_sync,623,1833900,,,,,,
marker_write,623,57000,,,,,,
marker_sync,623,1567900,,,,,,
append,624,3023900,,,,,,
encode,624,3900,,,,,,
data_write,624,49300,,,,,,
data_sync,624,1453000,,,,,,
marker_write,624,50400,,,,,,
marker_sync,624,1464900,,,,,,
append,625,3456200,,,,,,
encode,625,4800,,,,,,
data_write,625,56100,,,,,,
data_sync,625,1709300,,,,,,
marker_write,625,55700,,,,,,
marker_sync,625,1627100,,,,,,
append,626,3498000,,,,,,
encode,626,4300,,,,,,
data_write,626,52400,,,,,,
data_sync,626,1691000,,,,,,
marker_write,626,58300,,,,,,
marker_sync,626,1689000,,,,,,
append,627,3218600,,,,,,
encode,627,4100,,,,,,
data_write,627,56100,,,,,,
data_sync,627,1552000,,,,,,
marker_write,627,37000,,,,,,
marker_sync,627,1567200,,,,,,
append,628,3343200,,,,,,
encode,628,3800,,,,,,
data_write,628,49700,,,,,,
data_sync,628,1625800,,,,,,
marker_write,628,42900,,,,,,
marker_sync,628,1619400,,,,,,
append,629,3142700,,,,,,
encode,629,3800,,,,,,
data_write,629,46700,,,,,,
data_sync,629,1551400,,,,,,
marker_write,629,36900,,,,,,
marker_sync,629,1502400,,,,,,
append,630,3658700,,,,,,
encode,630,3100,,,,,,
data_write,630,47700,,,,,,
data_sync,630,1716600,,,,,,
marker_write,630,53900,,,,,,
marker_sync,630,1834900,,,,,,
append,631,3024500,,,,,,
encode,631,4600,,,,,,
data_write,631,54300,,,,,,
data_sync,631,1514300,,,,,,
marker_write,631,39400,,,,,,
marker_sync,631,1410100,,,,,,
append,632,2855400,,,,,,
encode,632,3400,,,,,,
data_write,632,46000,,,,,,
data_sync,632,1371300,,,,,,
marker_write,632,37000,,,,,,
marker_sync,632,1395900,,,,,,
append,633,2787000,,,,,,
encode,633,3400,,,,,,
data_write,633,48000,,,,,,
data_sync,633,1348700,,,,,,
marker_write,633,35500,,,,,,
marker_sync,633,1349700,,,,,,
append,634,2976000,,,,,,
encode,634,3000,,,,,,
data_write,634,44700,,,,,,
data_sync,634,1414700,,,,,,
marker_write,634,52800,,,,,,
marker_sync,634,1459000,,,,,,
append,635,3029600,,,,,,
encode,635,3500,,,,,,
data_write,635,50600,,,,,,
data_sync,635,1414600,,,,,,
marker_write,635,36500,,,,,,
marker_sync,635,1522400,,,,,,
append,636,3115900,,,,,,
encode,636,5000,,,,,,
data_write,636,55300,,,,,,
data_sync,636,1560400,,,,,,
marker_write,636,39500,,,,,,
marker_sync,636,1453700,,,,,,
append,637,2963301,,,,,,
encode,637,4600,,,,,,
data_write,637,66301,,,,,,
data_sync,637,1457300,,,,,,
marker_write,637,37900,,,,,,
marker_sync,637,1395600,,,,,,
append,638,3135000,,,,,,
encode,638,3100,,,,,,
data_write,638,45200,,,,,,
data_sync,638,1627700,,,,,,
marker_write,638,39600,,,,,,
marker_sync,638,1417900,,,,,,
append,639,2887200,,,,,,
encode,639,3100,,,,,,
data_write,639,45700,,,,,,
data_sync,639,1391400,,,,,,
marker_write,639,43900,,,,,,
marker_sync,639,1401400,,,,,,
append,640,2989400,,,,,,
encode,640,3000,,,,,,
data_write,640,46000,,,,,,
data_sync,640,1414300,,,,,,
marker_write,640,46500,,,,,,
marker_sync,640,1478000,,,,,,
append,641,2988800,,,,,,
encode,641,3900,,,,,,
data_write,641,53500,,,,,,
data_sync,641,1446900,,,,,,
marker_write,641,49800,,,,,,
marker_sync,641,1432900,,,,,,
append,642,2870600,,,,,,
encode,642,4000,,,,,,
data_write,642,47700,,,,,,
data_sync,642,1408000,,,,,,
marker_write,642,37300,,,,,,
marker_sync,642,1372000,,,,,,
append,643,2869300,,,,,,
encode,643,3800,,,,,,
data_write,643,54400,,,,,,
data_sync,643,1381700,,,,,,
marker_write,643,37800,,,,,,
marker_sync,643,1390300,,,,,,
append,644,2882700,,,,,,
encode,644,2900,,,,,,
data_write,644,47100,,,,,,
data_sync,644,1393700,,,,,,
marker_write,644,38000,,,,,,
marker_sync,644,1399700,,,,,,
append,645,2861000,,,,,,
encode,645,2900,,,,,,
data_write,645,45600,,,,,,
data_sync,645,1398100,,,,,,
marker_write,645,37700,,,,,,
marker_sync,645,1375400,,,,,,
append,646,3353400,,,,,,
encode,646,3000,,,,,,
data_write,646,44700,,,,,,
data_sync,646,1695700,,,,,,
marker_write,646,42200,,,,,,
marker_sync,646,1566100,,,,,,
append,647,3013000,,,,,,
encode,647,4600,,,,,,
data_write,647,55500,,,,,,
data_sync,647,1498600,,,,,,
marker_write,647,38900,,,,,,
marker_sync,647,1413600,,,,,,
append,648,2866600,,,,,,
encode,648,3800,,,,,,
data_write,648,46400,,,,,,
data_sync,648,1392900,,,,,,
marker_write,648,36800,,,,,,
marker_sync,648,1385400,,,,,,
append,649,3001200,,,,,,
encode,649,2900,,,,,,
data_write,649,45400,,,,,,
data_sync,649,1477200,,,,,,
marker_write,649,40400,,,,,,
marker_sync,649,1433800,,,,,,
append,650,2970400,,,,,,
encode,650,3200,,,,,,
data_write,650,45700,,,,,,
data_sync,650,1460100,,,,,,
marker_write,650,47500,,,,,,
marker_sync,650,1412300,,,,,,
append,651,3008800,,,,,,
encode,651,3100,,,,,,
data_write,651,46400,,,,,,
data_sync,651,1381500,,,,,,
marker_write,651,36400,,,,,,
marker_sync,651,1539100,,,,,,
append,652,3071000,,,,,,
encode,652,3700,,,,,,
data_write,652,50800,,,,,,
data_sync,652,1497300,,,,,,
marker_write,652,37900,,,,,,
marker_sync,652,1479300,,,,,,
append,653,2922300,,,,,,
encode,653,3900,,,,,,
data_write,653,47100,,,,,,
data_sync,653,1426300,,,,,,
marker_write,653,38000,,,,,,
marker_sync,653,1405100,,,,,,
append,654,2870600,,,,,,
encode,654,2800,,,,,,
data_write,654,40800,,,,,,
data_sync,654,1404300,,,,,,
marker_write,654,38000,,,,,,
marker_sync,654,1383200,,,,,,
append,655,2849700,,,,,,
encode,655,2500,,,,,,
data_write,655,44400,,,,,,
data_sync,655,1383700,,,,,,
marker_write,655,36900,,,,,,
marker_sync,655,1380400,,,,,,
append,656,2875300,,,,,,
encode,656,2700,,,,,,
data_write,656,45200,,,,,,
data_sync,656,1367200,,,,,,
marker_write,656,35100,,,,,,
marker_sync,656,1423400,,,,,,
append,657,3305600,,,,,,
encode,657,3900,,,,,,
data_write,657,51700,,,,,,
data_sync,657,1694000,,,,,,
marker_write,657,41300,,,,,,
marker_sync,657,1512800,,,,,,
append,658,2989900,,,,,,
encode,658,3800,,,,,,
data_write,658,47800,,,,,,
data_sync,658,1460000,,,,,,
marker_write,658,47100,,,,,,
marker_sync,658,1429600,,,,,,
append,659,2920300,,,,,,
encode,659,2500,,,,,,
data_write,659,43500,,,,,,
data_sync,659,1409200,,,,,,
marker_write,659,36500,,,,,,
marker_sync,659,1427400,,,,,,
append,660,3006700,,,,,,
encode,660,2700,,,,,,
data_write,660,43600,,,,,,
data_sync,660,1439600,,,,,,
marker_write,660,33900,,,,,,
marker_sync,660,1485200,,,,,,
append,661,2925301,,,,,,
encode,661,3900,,,,,,
data_write,661,56000,,,,,,
data_sync,661,1429700,,,,,,
marker_write,661,33500,,,,,,
marker_sync,661,1400701,,,,,,
append,662,3164800,,,,,,
encode,662,2500,,,,,,
data_write,662,41000,,,,,,
data_sync,662,1517500,,,,,,
marker_write,662,38500,,,,,,
marker_sync,662,1563900,,,,,,
append,663,3109700,,,,,,
encode,663,3700,,,,,,
data_write,663,46000,,,,,,
data_sync,663,1501000,,,,,,
marker_write,663,65000,,,,,,
marker_sync,663,1492400,,,,,,
append,664,3019200,,,,,,
encode,664,3600,,,,,,
data_write,664,43800,,,,,,
data_sync,664,1470500,,,,,,
marker_write,664,37200,,,,,,
marker_sync,664,1462900,,,,,,
append,665,3008200,,,,,,
encode,665,3400,,,,,,
data_write,665,52600,,,,,,
data_sync,665,1522000,,,,,,
marker_write,665,38400,,,,,,
marker_sync,665,1390400,,,,,,
append,666,3004600,,,,,,
encode,666,2800,,,,,,
data_write,666,42700,,,,,,
data_sync,666,1502400,,,,,,
marker_write,666,36500,,,,,,
marker_sync,666,1418500,,,,,,
append,667,2889500,,,,,,
encode,667,3200,,,,,,
data_write,667,42300,,,,,,
data_sync,667,1419700,,,,,,
marker_write,667,40100,,,,,,
marker_sync,667,1382800,,,,,,
append,668,2968500,,,,,,
encode,668,2900,,,,,,
data_write,668,43800,,,,,,
data_sync,668,1415300,,,,,,
marker_write,668,37400,,,,,,
marker_sync,668,1468000,,,,,,
append,669,2801300,,,,,,
encode,669,2800,,,,,,
data_write,669,42600,,,,,,
data_sync,669,1356600,,,,,,
marker_write,669,33300,,,,,,
marker_sync,669,1364400,,,,,,
append,670,2806900,,,,,,
encode,670,2300,,,,,,
data_write,670,42100,,,,,,
data_sync,670,1371800,,,,,,
marker_write,670,34200,,,,,,
marker_sync,670,1355000,,,,,,
append,671,2786800,,,,,,
encode,671,2800,,,,,,
data_write,671,45800,,,,,,
data_sync,671,1320600,,,,,,
marker_write,671,35600,,,,,,
marker_sync,671,1380500,,,,,,
append,672,2715000,,,,,,
encode,672,2600,,,,,,
data_write,672,41300,,,,,,
data_sync,672,1291300,,,,,,
marker_write,672,34900,,,,,,
marker_sync,672,1343000,,,,,,
append,673,3242200,,,,,,
encode,673,3700,,,,,,
data_write,673,48200,,,,,,
data_sync,673,1631300,,,,,,
marker_write,673,46500,,,,,,
marker_sync,673,1510000,,,,,,
append,674,3298400,,,,,,
encode,674,3700,,,,,,
data_write,674,46600,,,,,,
data_sync,674,1618100,,,,,,
marker_write,674,37800,,,,,,
marker_sync,674,1590600,,,,,,
append,675,3250300,,,,,,
encode,675,4700,,,,,,
data_write,675,51700,,,,,,
data_sync,675,1608300,,,,,,
marker_write,675,50600,,,,,,
marker_sync,675,1532900,,,,,,
append,676,3271100,,,,,,
encode,676,3300,,,,,,
data_write,676,45000,,,,,,
data_sync,676,1502300,,,,,,
marker_write,676,48500,,,,,,
marker_sync,676,1670100,,,,,,
append,677,2866600,,,,,,
encode,677,4100,,,,,,
data_write,677,59800,,,,,,
data_sync,677,1391800,,,,,,
marker_write,677,39100,,,,,,
marker_sync,677,1369900,,,,,,
append,678,3768700,,,,,,
encode,678,3100,,,,,,
data_write,678,45300,,,,,,
data_sync,678,2059000,,,,,,
marker_write,678,58000,,,,,,
marker_sync,678,1601200,,,,,,
append,679,3699100,,,,,,
encode,679,4100,,,,,,
data_write,679,51700,,,,,,
data_sync,679,1749100,,,,,,
marker_write,679,29400,,,,,,
marker_sync,679,1862200,,,,,,
append,680,3565900,,,,,,
encode,680,5100,,,,,,
data_write,680,61600,,,,,,
data_sync,680,1628300,,,,,,
marker_write,680,46000,,,,,,
marker_sync,680,1822500,,,,,,
append,681,3064600,,,,,,
encode,681,3600,,,,,,
data_write,681,47000,,,,,,
data_sync,681,1492400,,,,,,
marker_write,681,48300,,,,,,
marker_sync,681,1471500,,,,,,
append,682,3297000,,,,,,
encode,682,3500,,,,,,
data_write,682,44200,,,,,,
data_sync,682,1493700,,,,,,
marker_write,682,41200,,,,,,
marker_sync,682,1711800,,,,,,
append,683,3137500,,,,,,
encode,683,6100,,,,,,
data_write,683,61800,,,,,,
data_sync,683,1535700,,,,,,
marker_write,683,51400,,,,,,
marker_sync,683,1480300,,,,,,
append,684,3240600,,,,,,
encode,684,5000,,,,,,
data_write,684,48000,,,,,,
data_sync,684,1690600,,,,,,
marker_write,684,37300,,,,,,
marker_sync,684,1458200,,,,,,
append,685,3130101,,,,,,
encode,685,3100,,,,,,
data_write,685,40000,,,,,,
data_sync,685,1454901,,,,,,
marker_write,685,36000,,,,,,
marker_sync,685,1594400,,,,,,
append,686,2989200,,,,,,
encode,686,3400,,,,,,
data_write,686,47400,,,,,,
data_sync,686,1454600,,,,,,
marker_write,686,35800,,,,,,
marker_sync,686,1446300,,,,,,
append,687,3154800,,,,,,
encode,687,3800,,,,,,
data_write,687,55000,,,,,,
data_sync,687,1530900,,,,,,
marker_write,687,42400,,,,,,
marker_sync,687,1521200,,,,,,
append,688,3036900,,,,,,
encode,688,3600,,,,,,
data_write,688,48300,,,,,,
data_sync,688,1479000,,,,,,
marker_write,688,39600,,,,,,
marker_sync,688,1464800,,,,,,
append,689,2992800,,,,,,
encode,689,3400,,,,,,
data_write,689,45800,,,,,,
data_sync,689,1482200,,,,,,
marker_write,689,40800,,,,,,
marker_sync,689,1418600,,,,,,
append,690,2999800,,,,,,
encode,690,4300,,,,,,
data_write,690,45200,,,,,,
data_sync,690,1410800,,,,,,
marker_write,690,47300,,,,,,
marker_sync,690,1488300,,,,,,
append,691,3626300,,,,,,
encode,691,7900,,,,,,
data_write,691,90900,,,,,,
data_sync,691,1725300,,,,,,
marker_write,691,60000,,,,,,
marker_sync,691,1739300,,,,,,
append,692,3603800,,,,,,
encode,692,6400,,,,,,
data_write,692,67200,,,,,,
data_sync,692,1702900,,,,,,
marker_write,692,63400,,,,,,
marker_sync,692,1761600,,,,,,
append,693,2926100,,,,,,
encode,693,4300,,,,,,
data_write,693,51600,,,,,,
data_sync,693,1441700,,,,,,
marker_write,693,37700,,,,,,
marker_sync,693,1388000,,,,,,
append,694,2950200,,,,,,
encode,694,3100,,,,,,
data_write,694,41200,,,,,,
data_sync,694,1375600,,,,,,
marker_write,694,37000,,,,,,
marker_sync,694,1491400,,,,,,
append,695,2934800,,,,,,
encode,695,3300,,,,,,
data_write,695,49300,,,,,,
data_sync,695,1423000,,,,,,
marker_write,695,35800,,,,,,
marker_sync,695,1421300,,,,,,
append,696,2900400,,,,,,
encode,696,3600,,,,,,
data_write,696,43000,,,,,,
data_sync,696,1409300,,,,,,
marker_write,696,38700,,,,,,
marker_sync,696,1404400,,,,,,
append,697,3014600,,,,,,
encode,697,3100,,,,,,
data_write,697,42100,,,,,,
data_sync,697,1370100,,,,,,
marker_write,697,44200,,,,,,
marker_sync,697,1553200,,,,,,
append,698,3268300,,,,,,
encode,698,4100,,,,,,
data_write,698,51100,,,,,,
data_sync,698,1573500,,,,,,
marker_write,698,44600,,,,,,
marker_sync,698,1592900,,,,,,
append,699,2869300,,,,,,
encode,699,4800,,,,,,
data_write,699,57200,,,,,,
data_sync,699,1391900,,,,,,
marker_write,699,44600,,,,,,
marker_sync,699,1369000,,,,,,
append,700,3043100,,,,,,
encode,700,3400,,,,,,
data_write,700,44400,,,,,,
data_sync,700,1559100,,,,,,
marker_write,700,38800,,,,,,
marker_sync,700,1395400,,,,,,
append,701,2818000,,,,,,
encode,701,4400,,,,,,
data_write,701,54900,,,,,,
data_sync,701,1356700,,,,,,
marker_write,701,42100,,,,,,
marker_sync,701,1358400,,,,,,
append,702,3032400,,,,,,
encode,702,3300,,,,,,
data_write,702,44400,,,,,,
data_sync,702,1403500,,,,,,
marker_write,702,43500,,,,,,
marker_sync,702,1536000,,,,,,
append,703,3167200,,,,,,
encode,703,4600,,,,,,
data_write,703,52900,,,,,,
data_sync,703,1644000,,,,,,
marker_write,703,45800,,,,,,
marker_sync,703,1418300,,,,,,
append,704,2929800,,,,,,
encode,704,3100,,,,,,
data_write,704,44700,,,,,,
data_sync,704,1411900,,,,,,
marker_write,704,43100,,,,,,
marker_sync,704,1425500,,,,,,
append,705,2967300,,,,,,
encode,705,2400,,,,,,
data_write,705,49800,,,,,,
data_sync,705,1420300,,,,,,
marker_write,705,36800,,,,,,
marker_sync,705,1456500,,,,,,
append,706,5376700,,,,,,
encode,706,3400,,,,,,
data_write,706,50900,,,,,,
data_sync,706,1637300,,,,,,
marker_write,706,43800,,,,,,
marker_sync,706,3638000,,,,,,
append,707,3765700,,,,,,
encode,707,4300,,,,,,
data_write,707,46600,,,,,,
data_sync,707,1776300,,,,,,
marker_write,707,47100,,,,,,
marker_sync,707,1888900,,,,,,
append,708,6248801,,,,,,
encode,708,5200,,,,,,
data_write,708,53600,,,,,,
data_sync,708,4201901,,,,,,
marker_write,708,52600,,,,,,
marker_sync,708,1932600,,,,,,
append,709,3957600,,,,,,
encode,709,5700,,,,,,
data_write,709,51700,,,,,,
data_sync,709,1907200,,,,,,
marker_write,709,45300,,,,,,
marker_sync,709,1945300,,,,,,
append,710,3774600,,,,,,
encode,710,5200,,,,,,
data_write,710,31700,,,,,,
data_sync,710,1731600,,,,,,
marker_write,710,25000,,,,,,
marker_sync,710,1977700,,,,,,
append,711,3705900,,,,,,
encode,711,5700,,,,,,
data_write,711,68700,,,,,,
data_sync,711,1822500,,,,,,
marker_write,711,29300,,,,,,
marker_sync,711,1777100,,,,,,
append,712,3621400,,,,,,
encode,712,5800,,,,,,
data_write,712,57200,,,,,,
data_sync,712,1720800,,,,,,
marker_write,712,48300,,,,,,
marker_sync,712,1786200,,,,,,
append,713,3907700,,,,,,
encode,713,4500,,,,,,
data_write,713,51100,,,,,,
data_sync,713,1881300,,,,,,
marker_write,713,48900,,,,,,
marker_sync,713,1919600,,,,,,
append,714,3361100,,,,,,
encode,714,5400,,,,,,
data_write,714,64100,,,,,,
data_sync,714,1658900,,,,,,
marker_write,714,40100,,,,,,
marker_sync,714,1589400,,,,,,
append,715,3334500,,,,,,
encode,715,5400,,,,,,
data_write,715,55600,,,,,,
data_sync,715,1601300,,,,,,
marker_write,715,50000,,,,,,
marker_sync,715,1619000,,,,,,
append,716,3507500,,,,,,
encode,716,5500,,,,,,
data_write,716,57700,,,,,,
data_sync,716,1603800,,,,,,
marker_write,716,59600,,,,,,
marker_sync,716,1778500,,,,,,
append,717,3113100,,,,,,
encode,717,4800,,,,,,
data_write,717,48400,,,,,,
data_sync,717,1606400,,,,,,
marker_write,717,49800,,,,,,
marker_sync,717,1400600,,,,,,
append,718,3226000,,,,,,
encode,718,3600,,,,,,
data_write,718,48400,,,,,,
data_sync,718,1600000,,,,,,
marker_write,718,42200,,,,,,
marker_sync,718,1528900,,,,,,
append,719,3550200,,,,,,
encode,719,5500,,,,,,
data_write,719,57900,,,,,,
data_sync,719,1539100,,,,,,
marker_write,719,44800,,,,,,
marker_sync,719,1900600,,,,,,
append,720,3272600,,,,,,
encode,720,4200,,,,,,
data_write,720,62100,,,,,,
data_sync,720,1617000,,,,,,
marker_write,720,42500,,,,,,
marker_sync,720,1544200,,,,,,
append,721,3882800,,,,,,
encode,721,3000,,,,,,
data_write,721,52500,,,,,,
data_sync,721,1665400,,,,,,
marker_write,721,42900,,,,,,
marker_sync,721,2115700,,,,,,
append,722,3483700,,,,,,
encode,722,3900,,,,,,
data_write,722,49200,,,,,,
data_sync,722,1677000,,,,,,
marker_write,722,51700,,,,,,
marker_sync,722,1699100,,,,,,
append,723,3271900,,,,,,
encode,723,5600,,,,,,
data_write,723,57800,,,,,,
data_sync,723,1578400,,,,,,
marker_write,723,45700,,,,,,
marker_sync,723,1581800,,,,,,
append,724,3679800,,,,,,
encode,724,79000,,,,,,
data_write,724,52100,,,,,,
data_sync,724,1802200,,,,,,
marker_write,724,55200,,,,,,
marker_sync,724,1688200,,,,,,
append,725,3262500,,,,,,
encode,725,5100,,,,,,
data_write,725,49800,,,,,,
data_sync,725,1638200,,,,,,
marker_write,725,42700,,,,,,
marker_sync,725,1524200,,,,,,
append,726,3299200,,,,,,
encode,726,5600,,,,,,
data_write,726,60000,,,,,,
data_sync,726,1596300,,,,,,
marker_write,726,48200,,,,,,
marker_sync,726,1585900,,,,,,
append,727,3296300,,,,,,
encode,727,5600,,,,,,
data_write,727,54400,,,,,,
data_sync,727,1555900,,,,,,
marker_write,727,49900,,,,,,
marker_sync,727,1628100,,,,,,
append,728,3569301,,,,,,
encode,728,6100,,,,,,
data_write,728,63800,,,,,,
data_sync,728,1713300,,,,,,
marker_write,728,45100,,,,,,
marker_sync,728,1738101,,,,,,
append,729,3119400,,,,,,
encode,729,6000,,,,,,
data_write,729,59400,,,,,,
data_sync,729,1567500,,,,,,
marker_write,729,42400,,,,,,
marker_sync,729,1440800,,,,,,
append,730,3226400,,,,,,
encode,730,4300,,,,,,
data_write,730,51300,,,,,,
data_sync,730,1447200,,,,,,
marker_write,730,42400,,,,,,
marker_sync,730,1678600,,,,,,
append,731,3681400,,,,,,
encode,731,4600,,,,,,
data_write,731,53500,,,,,,
data_sync,731,1690200,,,,,,
marker_write,731,44800,,,,,,
marker_sync,731,1885700,,,,,,
append,732,3314600,,,,,,
encode,732,4600,,,,,,
data_write,732,50500,,,,,,
data_sync,732,1638300,,,,,,
marker_write,732,40100,,,,,,
marker_sync,732,1578800,,,,,,
append,733,3370100,,,,,,
encode,733,4500,,,,,,
data_write,733,47500,,,,,,
data_sync,733,1650900,,,,,,
marker_write,733,42600,,,,,,
marker_sync,733,1621700,,,,,,
append,734,3454900,,,,,,
encode,734,4200,,,,,,
data_write,734,49100,,,,,,
data_sync,734,1705500,,,,,,
marker_write,734,42900,,,,,,
marker_sync,734,1651100,,,,,,
append,735,3090100,,,,,,
encode,735,4000,,,,,,
data_write,735,47300,,,,,,
data_sync,735,1502600,,,,,,
marker_write,735,47200,,,,,,
marker_sync,735,1486700,,,,,,
append,736,3106300,,,,,,
encode,736,5100,,,,,,
data_write,736,62600,,,,,,
data_sync,736,1485900,,,,,,
marker_write,736,45300,,,,,,
marker_sync,736,1504800,,,,,,
append,737,3220300,,,,,,
encode,737,5500,,,,,,
data_write,737,55100,,,,,,
data_sync,737,1492500,,,,,,
marker_write,737,41000,,,,,,
marker_sync,737,1623400,,,,,,
append,738,3678100,,,,,,
encode,738,4800,,,,,,
data_write,738,56600,,,,,,
data_sync,738,1862400,,,,,,
marker_write,738,46900,,,,,,
marker_sync,738,1705000,,,,,,
append,739,3448100,,,,,,
encode,739,4200,,,,,,
data_write,739,52800,,,,,,
data_sync,739,1727900,,,,,,
marker_write,739,47500,,,,,,
marker_sync,739,1613300,,,,,,
append,740,3548400,,,,,,
encode,740,4600,,,,,,
data_write,740,51000,,,,,,
data_sync,740,1795200,,,,,,
marker_write,740,47100,,,,,,
marker_sync,740,1648200,,,,,,
append,741,3154300,,,,,,
encode,741,3800,,,,,,
data_write,741,46400,,,,,,
data_sync,741,1523100,,,,,,
marker_write,741,38300,,,,,,
marker_sync,741,1541000,,,,,,
append,742,3164200,,,,,,
encode,742,3600,,,,,,
data_write,742,44200,,,,,,
data_sync,742,1521000,,,,,,
marker_write,742,36500,,,,,,
marker_sync,742,1556800,,,,,,
append,743,3622800,,,,,,
encode,743,4800,,,,,,
data_write,743,50000,,,,,,
data_sync,743,1805800,,,,,,
marker_write,743,51000,,,,,,
marker_sync,743,1708800,,,,,,
append,744,3324200,,,,,,
encode,744,5700,,,,,,
data_write,744,62100,,,,,,
data_sync,744,1639400,,,,,,
marker_write,744,42300,,,,,,
marker_sync,744,1572400,,,,,,
append,745,3259800,,,,,,
encode,745,5400,,,,,,
data_write,745,57100,,,,,,
data_sync,745,1575400,,,,,,
marker_write,745,48500,,,,,,
marker_sync,745,1571200,,,,,,
append,746,3351300,,,,,,
encode,746,4500,,,,,,
data_write,746,46800,,,,,,
data_sync,746,1549400,,,,,,
marker_write,746,48700,,,,,,
marker_sync,746,1699000,,,,,,
append,747,3484000,,,,,,
encode,747,4000,,,,,,
data_write,747,50200,,,,,,
data_sync,747,1699000,,,,,,
marker_write,747,42000,,,,,,
marker_sync,747,1686500,,,,,,
append,748,3567000,,,,,,
encode,748,4600,,,,,,
data_write,748,58800,,,,,,
data_sync,748,1862000,,,,,,
marker_write,748,52800,,,,,,
marker_sync,748,1585800,,,,,,
append,749,3410400,,,,,,
encode,749,5700,,,,,,
data_write,749,59500,,,,,,
data_sync,749,1681400,,,,,,
marker_write,749,42400,,,,,,
marker_sync,749,1618300,,,,,,
append,750,3364501,,,,,,
encode,750,4100,,,,,,
data_write,750,49100,,,,,,
data_sync,750,1640400,,,,,,
marker_write,750,43800,,,,,,
marker_sync,750,1624801,,,,,,
append,751,3498900,,,,,,
encode,751,4600,,,,,,
data_write,751,50500,,,,,,
data_sync,751,1784800,,,,,,
marker_write,751,40700,,,,,,
marker_sync,751,1615300,,,,,,
append,752,3702800,,,,,,
encode,752,3800,,,,,,
data_write,752,45400,,,,,,
data_sync,752,1779600,,,,,,
marker_write,752,63600,,,,,,
marker_sync,752,1806600,,,,,,
append,753,3562300,,,,,,
encode,753,5900,,,,,,
data_write,753,62000,,,,,,
data_sync,753,1652600,,,,,,
marker_write,753,55000,,,,,,
marker_sync,753,1784100,,,,,,
append,754,4272900,,,,,,
encode,754,6300,,,,,,
data_write,754,67200,,,,,,
data_sync,754,1994400,,,,,,
marker_write,754,111000,,,,,,
marker_sync,754,2089400,,,,,,
append,755,3863400,,,,,,
encode,755,6500,,,,,,
data_write,755,80300,,,,,,
data_sync,755,1910100,,,,,,
marker_write,755,50000,,,,,,
marker_sync,755,1812900,,,,,,
append,756,3744400,,,,,,
encode,756,5700,,,,,,
data_write,756,62800,,,,,,
data_sync,756,1868800,,,,,,
marker_write,756,67100,,,,,,
marker_sync,756,1737600,,,,,,
append,757,3602500,,,,,,
encode,757,5600,,,,,,
data_write,757,62100,,,,,,
data_sync,757,1777000,,,,,,
marker_write,757,48500,,,,,,
marker_sync,757,1705400,,,,,,
append,758,3502600,,,,,,
encode,758,5100,,,,,,
data_write,758,66600,,,,,,
data_sync,758,1642600,,,,,,
marker_write,758,44700,,,,,,
marker_sync,758,1740600,,,,,,
append,759,3413400,,,,,,
encode,759,4700,,,,,,
data_write,759,51500,,,,,,
data_sync,759,1668100,,,,,,
marker_write,759,43300,,,,,,
marker_sync,759,1643500,,,,,,
append,760,3512800,,,,,,
encode,760,5500,,,,,,
data_write,760,64900,,,,,,
data_sync,760,1649200,,,,,,
marker_write,760,61000,,,,,,
marker_sync,760,1729100,,,,,,
append,761,3753900,,,,,,
encode,761,5100,,,,,,
data_write,761,57800,,,,,,
data_sync,761,1831700,,,,,,
marker_write,761,59100,,,,,,
marker_sync,761,1797400,,,,,,
append,762,3634800,,,,,,
encode,762,4600,,,,,,
data_write,762,55200,,,,,,
data_sync,762,1797800,,,,,,
marker_write,762,47300,,,,,,
marker_sync,762,1726600,,,,,,
append,763,3418600,,,,,,
encode,763,4100,,,,,,
data_write,763,49900,,,,,,
data_sync,763,1657600,,,,,,
marker_write,763,40500,,,,,,
marker_sync,763,1663600,,,,,,
append,764,3654800,,,,,,
encode,764,4100,,,,,,
data_write,764,44900,,,,,,
data_sync,764,1685100,,,,,,
marker_write,764,41000,,,,,,
marker_sync,764,1876500,,,,,,
append,765,3799500,,,,,,
encode,765,5600,,,,,,
data_write,765,69900,,,,,,
data_sync,765,1825100,,,,,,
marker_write,765,60000,,,,,,
marker_sync,765,1835700,,,,,,
append,766,3458400,,,,,,
encode,766,5400,,,,,,
data_write,766,49300,,,,,,
data_sync,766,1713700,,,,,,
marker_write,766,49600,,,,,,
marker_sync,766,1637700,,,,,,
append,767,3374900,,,,,,
encode,767,4000,,,,,,
data_write,767,52800,,,,,,
data_sync,767,1632500,,,,,,
marker_write,767,41600,,,,,,
marker_sync,767,1641800,,,,,,
append,768,3276800,,,,,,
encode,768,4400,,,,,,
data_write,768,48600,,,,,,
data_sync,768,1493800,,,,,,
marker_write,768,40700,,,,,,
marker_sync,768,1687000,,,,,,
append,769,3546400,,,,,,
encode,769,2800,,,,,,
data_write,769,47900,,,,,,
data_sync,769,1632800,,,,,,
marker_write,769,57400,,,,,,
marker_sync,769,1802200,,,,,,
append,770,3643500,,,,,,
encode,770,4700,,,,,,
data_write,770,70000,,,,,,
data_sync,770,1776600,,,,,,
marker_write,770,53900,,,,,,
marker_sync,770,1735900,,,,,,
append,771,3545301,,,,,,
encode,771,5400,,,,,,
data_write,771,59700,,,,,,
data_sync,771,1730901,,,,,,
marker_write,771,57700,,,,,,
marker_sync,771,1689000,,,,,,
append,772,3340800,,,,,,
encode,772,5000,,,,,,
data_write,772,58700,,,,,,
data_sync,772,1620000,,,,,,
marker_write,772,45200,,,,,,
marker_sync,772,1609300,,,,,,
append,773,3334200,,,,,,
encode,773,4400,,,,,,
data_write,773,47800,,,,,,
data_sync,773,1556600,,,,,,
marker_write,773,39300,,,,,,
marker_sync,773,1683600,,,,,,
append,774,3450500,,,,,,
encode,774,5100,,,,,,
data_write,774,54200,,,,,,
data_sync,774,1685300,,,,,,
marker_write,774,46800,,,,,,
marker_sync,774,1656800,,,,,,
append,775,3341500,,,,,,
encode,775,4500,,,,,,
data_write,775,49200,,,,,,
data_sync,775,1540400,,,,,,
marker_write,775,48700,,,,,,
marker_sync,775,1696900,,,,,,
append,776,3607500,,,,,,
encode,776,3800,,,,,,
data_write,776,46100,,,,,,
data_sync,776,1700700,,,,,,
marker_write,776,51100,,,,,,
marker_sync,776,1803300,,,,,,
append,777,4102800,,,,,,
encode,777,5000,,,,,,
data_write,777,61000,,,,,,
data_sync,777,1857600,,,,,,
marker_write,777,60000,,,,,,
marker_sync,777,2114400,,,,,,
append,778,3893200,,,,,,
encode,778,5500,,,,,,
data_write,778,72600,,,,,,
data_sync,778,2022800,,,,,,
marker_write,778,57900,,,,,,
marker_sync,778,1731700,,,,,,
append,779,3442900,,,,,,
encode,779,4800,,,,,,
data_write,779,55500,,,,,,
data_sync,779,1612100,,,,,,
marker_write,779,47900,,,,,,
marker_sync,779,1720300,,,,,,
append,780,9477200,,,,,,
encode,780,4800,,,,,,
data_write,780,53400,,,,,,
data_sync,780,1749000,,,,,,
marker_write,780,49000,,,,,,
marker_sync,780,7618200,,,,,,
append,781,3376900,,,,,,
encode,781,5300,,,,,,
data_write,781,57600,,,,,,
data_sync,781,1712000,,,,,,
marker_write,781,47400,,,,,,
marker_sync,781,1551500,,,,,,
append,782,3072400,,,,,,
encode,782,5900,,,,,,
data_write,782,58400,,,,,,
data_sync,782,1456200,,,,,,
marker_write,782,51100,,,,,,
marker_sync,782,1498400,,,,,,
append,783,3221500,,,,,,
encode,783,4900,,,,,,
data_write,783,56800,,,,,,
data_sync,783,1553900,,,,,,
marker_write,783,48400,,,,,,
marker_sync,783,1554600,,,,,,
append,784,3252000,,,,,,
encode,784,5100,,,,,,
data_write,784,56800,,,,,,
data_sync,784,1589700,,,,,,
marker_write,784,43400,,,,,,
marker_sync,784,1553700,,,,,,
append,785,3343100,,,,,,
encode,785,4000,,,,,,
data_write,785,49400,,,,,,
data_sync,785,1553000,,,,,,
marker_write,785,48900,,,,,,
marker_sync,785,1683800,,,,,,
append,786,3623600,,,,,,
encode,786,5600,,,,,,
data_write,786,60500,,,,,,
data_sync,786,1750600,,,,,,
marker_write,786,53000,,,,,,
marker_sync,786,1749900,,,,,,
append,787,3857800,,,,,,
encode,787,6000,,,,,,
data_write,787,60900,,,,,,
data_sync,787,1797100,,,,,,
marker_write,787,53800,,,,,,
marker_sync,787,1936500,,,,,,
append,788,3698500,,,,,,
encode,788,6000,,,,,,
data_write,788,98200,,,,,,
data_sync,788,1735000,,,,,,
marker_write,788,47000,,,,,,
marker_sync,788,1809500,,,,,,
append,789,3468100,,,,,,
encode,789,5500,,,,,,
data_write,789,68600,,,,,,
data_sync,789,1696100,,,,,,
marker_write,789,45300,,,,,,
marker_sync,789,1649400,,,,,,
append,790,3749801,,,,,,
encode,790,6100,,,,,,
data_write,790,69000,,,,,,
data_sync,790,1946000,,,,,,
marker_write,790,53601,,,,,,
marker_sync,790,1672200,,,,,,
append,791,3700700,,,,,,
encode,791,6100,,,,,,
data_write,791,69200,,,,,,
data_sync,791,1801400,,,,,,
marker_write,791,46000,,,,,,
marker_sync,791,1774600,,,,,,
append,792,3483000,,,,,,
encode,792,4600,,,,,,
data_write,792,51900,,,,,,
data_sync,792,1709400,,,,,,
marker_write,792,53000,,,,,,
marker_sync,792,1661300,,,,,,
append,793,3522500,,,,,,
encode,793,5800,,,,,,
data_write,793,63900,,,,,,
data_sync,793,1741300,,,,,,
marker_write,793,52400,,,,,,
marker_sync,793,1655900,,,,,,
append,794,3314300,,,,,,
encode,794,5400,,,,,,
data_write,794,50500,,,,,,
data_sync,794,1614900,,,,,,
marker_write,794,43300,,,,,,
marker_sync,794,1597100,,,,,,
append,795,3297900,,,,,,
encode,795,3900,,,,,,
data_write,795,48700,,,,,,
data_sync,795,1629600,,,,,,
marker_write,795,40900,,,,,,
marker_sync,795,1572500,,,,,,
append,796,3391500,,,,,,
encode,796,5400,,,,,,
data_write,796,61400,,,,,,
data_sync,796,1665600,,,,,,
marker_write,796,47300,,,,,,
marker_sync,796,1609000,,,,,,
append,797,3319800,,,,,,
encode,797,5400,,,,,,
data_write,797,65000,,,,,,
data_sync,797,1577300,,,,,,
marker_write,797,43700,,,,,,
marker_sync,797,1624900,,,,,,
append,798,3445800,,,,,,
encode,798,5300,,,,,,
data_write,798,59300,,,,,,
data_sync,798,1783500,,,,,,
marker_write,798,47200,,,,,,
marker_sync,798,1548100,,,,,,
append,799,3244900,,,,,,
encode,799,5400,,,,,,
data_write,799,61500,,,,,,
data_sync,799,1646700,,,,,,
marker_write,799,43200,,,,,,
marker_sync,799,1484700,,,,,,
append,800,3206700,,,,,,
encode,800,3900,,,,,,
data_write,800,49100,,,,,,
data_sync,800,1460800,,,,,,
marker_write,800,42400,,,,,,
marker_sync,800,1647400,,,,,,
append,801,3199700,,,,,,
encode,801,4800,,,,,,
data_write,801,53600,,,,,,
data_sync,801,1582900,,,,,,
marker_write,801,49500,,,,,,
marker_sync,801,1506200,,,,,,
append,802,3419600,,,,,,
encode,802,4700,,,,,,
data_write,802,49100,,,,,,
data_sync,802,1639500,,,,,,
marker_write,802,41500,,,,,,
marker_sync,802,1682600,,,,,,
append,803,3830600,,,,,,
encode,803,4200,,,,,,
data_write,803,59500,,,,,,
data_sync,803,1791000,,,,,,
marker_write,803,53700,,,,,,
marker_sync,803,1919200,,,,,,
append,804,3374300,,,,,,
encode,804,6100,,,,,,
data_write,804,61800,,,,,,
data_sync,804,1645500,,,,,,
marker_write,804,51500,,,,,,
marker_sync,804,1606900,,,,,,
append,805,3204700,,,,,,
encode,805,4500,,,,,,
data_write,805,49200,,,,,,
data_sync,805,1574800,,,,,,
marker_write,805,51900,,,,,,
marker_sync,805,1521400,,,,,,
append,806,3111200,,,,,,
encode,806,5300,,,,,,
data_write,806,50600,,,,,,
data_sync,806,1509000,,,,,,
marker_write,806,44400,,,,,,
marker_sync,806,1499400,,,,,,
append,807,3321000,,,,,,
encode,807,5400,,,,,,
data_write,807,57900,,,,,,
data_sync,807,1575600,,,,,,
marker_write,807,57500,,,,,,
marker_sync,807,1621100,,,,,,
append,808,3540200,,,,,,
encode,808,6100,,,,,,
data_write,808,65200,,,,,,
data_sync,808,1629600,,,,,,
marker_write,808,50900,,,,,,
marker_sync,808,1785700,,,,,,
append,809,4230700,,,,,,
encode,809,6500,,,,,,
data_write,809,65000,,,,,,
data_sync,809,2013300,,,,,,
marker_write,809,54800,,,,,,
marker_sync,809,2087600,,,,,,
append,810,4116100,,,,,,
encode,810,4500,,,,,,
data_write,810,59600,,,,,,
data_sync,810,2044400,,,,,,
marker_write,810,50900,,,,,,
marker_sync,810,1953500,,,,,,
append,811,4317601,,,,,,
encode,811,6000,,,,,,
data_write,811,64700,,,,,,
data_sync,811,2463400,,,,,,
marker_write,811,51300,,,,,,
marker_sync,811,1729601,,,,,,
append,812,4004000,,,,,,
encode,812,5000,,,,,,
data_write,812,60500,,,,,,
data_sync,812,1778700,,,,,,
marker_write,812,51600,,,,,,
marker_sync,812,2104400,,,,,,
append,813,4120300,,,,,,
encode,813,5800,,,,,,
data_write,813,75700,,,,,,
data_sync,813,1929900,,,,,,
marker_write,813,61600,,,,,,
marker_sync,813,2042000,,,,,,
append,814,4383700,,,,,,
encode,814,8700,,,,,,
data_write,814,116300,,,,,,
data_sync,814,2053800,,,,,,
marker_write,814,122700,,,,,,
marker_sync,814,2078700,,,,,,
append,815,3531500,,,,,,
encode,815,7800,,,,,,
data_write,815,85100,,,,,,
data_sync,815,1869500,,,,,,
marker_write,815,53400,,,,,,
marker_sync,815,1513200,,,,,,
append,816,3222100,,,,,,
encode,816,5000,,,,,,
data_write,816,52200,,,,,,
data_sync,816,1412600,,,,,,
marker_write,816,48300,,,,,,
marker_sync,816,1701500,,,,,,
append,817,3495200,,,,,,
encode,817,5700,,,,,,
data_write,817,69700,,,,,,
data_sync,817,1737700,,,,,,
marker_write,817,58000,,,,,,
marker_sync,817,1620600,,,,,,
append,818,3629500,,,,,,
encode,818,6100,,,,,,
data_write,818,64100,,,,,,
data_sync,818,1776200,,,,,,
marker_write,818,58000,,,,,,
marker_sync,818,1722600,,,,,,
append,819,3038600,,,,,,
encode,819,4200,,,,,,
data_write,819,57900,,,,,,
data_sync,819,1489100,,,,,,
marker_write,819,43100,,,,,,
marker_sync,819,1442400,,,,,,
append,820,3011300,,,,,,
encode,820,3700,,,,,,
data_write,820,49400,,,,,,
data_sync,820,1452800,,,,,,
marker_write,820,55000,,,,,,
marker_sync,820,1448000,,,,,,
append,821,3391900,,,,,,
encode,821,4600,,,,,,
data_write,821,53300,,,,,,
data_sync,821,1457500,,,,,,
marker_write,821,48100,,,,,,
marker_sync,821,1825700,,,,,,
append,822,3078300,,,,,,
encode,822,4000,,,,,,
data_write,822,57100,,,,,,
data_sync,822,1507000,,,,,,
marker_write,822,42300,,,,,,
marker_sync,822,1465400,,,,,,
append,823,3023400,,,,,,
encode,823,5400,,,,,,
data_write,823,58900,,,,,,
data_sync,823,1450100,,,,,,
marker_write,823,44900,,,,,,
marker_sync,823,1461700,,,,,,
append,824,3142100,,,,,,
encode,824,4700,,,,,,
data_write,824,52800,,,,,,
data_sync,824,1500100,,,,,,
marker_write,824,42100,,,,,,
marker_sync,824,1539900,,,,,,
append,825,3424300,,,,,,
encode,825,5100,,,,,,
data_write,825,57900,,,,,,
data_sync,825,1519900,,,,,,
marker_write,825,44200,,,,,,
marker_sync,825,1794000,,,,,,
append,826,3619200,,,,,,
encode,826,5000,,,,,,
data_write,826,54700,,,,,,
data_sync,826,1765300,,,,,,
marker_write,826,56300,,,,,,
marker_sync,826,1735100,,,,,,
append,827,3634900,,,,,,
encode,827,5700,,,,,,
data_write,827,69800,,,,,,
data_sync,827,1755500,,,,,,
marker_write,827,53600,,,,,,
marker_sync,827,1747200,,,,,,
append,828,3353300,,,,,,
encode,828,5300,,,,,,
data_write,828,62300,,,,,,
data_sync,828,1678200,,,,,,
marker_write,828,44900,,,,,,
marker_sync,828,1560300,,,,,,
append,829,3292000,,,,,,
encode,829,5600,,,,,,
data_write,829,59700,,,,,,
data_sync,829,1558600,,,,,,
marker_write,829,57600,,,,,,
marker_sync,829,1607400,,,,,,
append,830,3926100,,,,,,
encode,830,5500,,,,,,
data_write,830,68200,,,,,,
data_sync,830,1765300,,,,,,
marker_write,830,44100,,,,,,
marker_sync,830,2039600,,,,,,
append,831,3632900,,,,,,
encode,831,5300,,,,,,
data_write,831,71000,,,,,,
data_sync,831,1865700,,,,,,
marker_write,831,44400,,,,,,
marker_sync,831,1643400,,,,,,
append,832,3081501,,,,,,
encode,832,4200,,,,,,
data_write,832,50300,,,,,,
data_sync,832,1534100,,,,,,
marker_write,832,40400,,,,,,
marker_sync,832,1450401,,,,,,
append,833,3010300,,,,,,
encode,833,2500,,,,,,
data_write,833,48000,,,,,,
data_sync,833,1447300,,,,,,
marker_write,833,41000,,,,,,
marker_sync,833,1469800,,,,,,
append,834,3144600,,,,,,
encode,834,3700,,,,,,
data_write,834,45800,,,,,,
data_sync,834,1431500,,,,,,
marker_write,834,40700,,,,,,
marker_sync,834,1621000,,,,,,
append,835,3558600,,,,,,
encode,835,4000,,,,,,
data_write,835,52300,,,,,,
data_sync,835,1675000,,,,,,
marker_write,835,56500,,,,,,
marker_sync,835,1768000,,,,,,
append,836,3492800,,,,,,
encode,836,5400,,,,,,
data_write,836,56100,,,,,,
data_sync,836,1611100,,,,,,
marker_write,836,62800,,,,,,
marker_sync,836,1754400,,,,,,
append,837,3341400,,,,,,
encode,837,4800,,,,,,
data_write,837,55800,,,,,,
data_sync,837,1681900,,,,,,
marker_write,837,43500,,,,,,
marker_sync,837,1553500,,,,,,
append,838,3206200,,,,,,
encode,838,3900,,,,,,
data_write,838,47400,,,,,,
data_sync,838,1561500,,,,,,
marker_write,838,52800,,,,,,
marker_sync,838,1537300,,,,,,
append,839,3197800,,,,,,
encode,839,5100,,,,,,
data_write,839,60500,,,,,,
data_sync,839,1564400,,,,,,
marker_write,839,44100,,,,,,
marker_sync,839,1521500,,,,,,
append,840,3274700,,,,,,
encode,840,4800,,,,,,
data_write,840,58600,,,,,,
data_sync,840,1618900,,,,,,
marker_write,840,52500,,,,,,
marker_sync,840,1537500,,,,,,
append,841,3250800,,,,,,
encode,841,5300,,,,,,
data_write,841,61300,,,,,,
data_sync,841,1602500,,,,,,
marker_write,841,45800,,,,,,
marker_sync,841,1533500,,,,,,
append,842,3230200,,,,,,
encode,842,4000,,,,,,
data_write,842,47200,,,,,,
data_sync,842,1615900,,,,,,
marker_write,842,47700,,,,,,
marker_sync,842,1513300,,,,,,
append,843,3132600,,,,,,
encode,843,3900,,,,,,
data_write,843,47100,,,,,,
data_sync,843,1490500,,,,,,
marker_write,843,56000,,,,,,
marker_sync,843,1533100,,,,,,
append,844,3185900,,,,,,
encode,844,3800,,,,,,
data_write,844,47900,,,,,,
data_sync,844,1542000,,,,,,
marker_write,844,55600,,,,,,
marker_sync,844,1534300,,,,,,
append,845,3684100,,,,,,
encode,845,4800,,,,,,
data_write,845,58500,,,,,,
data_sync,845,1761100,,,,,,
marker_write,845,46300,,,,,,
marker_sync,845,1810500,,,,,,
append,846,3515600,,,,,,
encode,846,5800,,,,,,
data_write,846,64500,,,,,,
data_sync,846,1721300,,,,,,
marker_write,846,46600,,,,,,
marker_sync,846,1674800,,,,,,
append,847,3420800,,,,,,
encode,847,4800,,,,,,
data_write,847,63800,,,,,,
data_sync,847,1727000,,,,,,
marker_write,847,49000,,,,,,
marker_sync,847,1573700,,,,,,
append,848,3176800,,,,,,
encode,848,5100,,,,,,
data_write,848,30800,,,,,,
data_sync,848,1618500,,,,,,
marker_write,848,40900,,,,,,
marker_sync,848,1479000,,,,,,
append,849,3056400,,,,,,
encode,849,3500,,,,,,
data_write,849,45500,,,,,,
data_sync,849,1499700,,,,,,
marker_write,849,39600,,,,,,
marker_sync,849,1465700,,,,,,
append,850,3154500,,,,,,
encode,850,4300,,,,,,
data_write,850,58500,,,,,,
data_sync,850,1502600,,,,,,
marker_write,850,40400,,,,,,
marker_sync,850,1546300,,,,,,
append,851,3170700,,,,,,
encode,851,4600,,,,,,
data_write,851,53100,,,,,,
data_sync,851,1511100,,,,,,
marker_write,851,41200,,,,,,
marker_sync,851,1558700,,,,,,
append,852,3196000,,,,,,
encode,852,4500,,,,,,
data_write,852,52500,,,,,,
data_sync,852,1582700,,,,,,
marker_write,852,42600,,,,,,
marker_sync,852,1511200,,,,,,
append,853,3139100,,,,,,
encode,853,4300,,,,,,
data_write,853,61300,,,,,,
data_sync,853,1547000,,,,,,
marker_write,853,44000,,,,,,
marker_sync,853,1480300,,,,,,
append,854,3195800,,,,,,
encode,854,4100,,,,,,
data_write,854,59300,,,,,,
data_sync,854,1562800,,,,,,
marker_write,854,47100,,,,,,
marker_sync,854,1520000,,,,,,
append,855,3177201,,,,,,
encode,855,5200,,,,,,
data_write,855,61200,,,,,,
data_sync,855,1518601,,,,,,
marker_write,855,41400,,,,,,
marker_sync,855,1548100,,,,,,
append,856,3122700,,,,,,
encode,856,3900,,,,,,
data_write,856,50500,,,,,,
data_sync,856,1427600,,,,,,
marker_write,856,50000,,,,,,
marker_sync,856,1588600,,,,,,
append,857,3044600,,,,,,
encode,857,5000,,,,,,
data_write,857,56800,,,,,,
data_sync,857,1496100,,,,,,
marker_write,857,40700,,,,,,
marker_sync,857,1444200,,,,,,
append,858,2985600,,,,,,
encode,858,3800,,,,,,
data_write,858,50300,,,,,,
data_sync,858,1414400,,,,,,
marker_write,858,47600,,,,,,
marker_sync,858,1468000,,,,,,
append,859,2894300,,,,,,
encode,859,2800,,,,,,
data_write,859,44400,,,,,,
data_sync,859,1399000,,,,,,
marker_write,859,36100,,,,,,
marker_sync,859,1409600,,,,,,
append,860,3177200,,,,,,
encode,860,4100,,,,,,
data_write,860,60900,,,,,,
data_sync,860,1527100,,,,,,
marker_write,860,43900,,,,,,
marker_sync,860,1539200,,,,,,
append,861,3057100,,,,,,
encode,861,3900,,,,,,
data_write,861,51600,,,,,,
data_sync,861,1490500,,,,,,
marker_write,861,42000,,,,,,
marker_sync,861,1467100,,,,,,
append,862,3145500,,,,,,
encode,862,3600,,,,,,
data_write,862,46900,,,,,,
data_sync,862,1539500,,,,,,
marker_write,862,42800,,,,,,
marker_sync,862,1510600,,,,,,
append,863,3190500,,,,,,
encode,863,3600,,,,,,
data_write,863,47300,,,,,,
data_sync,863,1585900,,,,,,
marker_write,863,43100,,,,,,
marker_sync,863,1508300,,,,,,
append,864,3043800,,,,,,
encode,864,5000,,,,,,
data_write,864,60800,,,,,,
data_sync,864,1441300,,,,,,
marker_write,864,40500,,,,,,
marker_sync,864,1493600,,,,,,
append,865,3267200,,,,,,
encode,865,5300,,,,,,
data_write,865,62300,,,,,,
data_sync,865,1609000,,,,,,
marker_write,865,40400,,,,,,
marker_sync,865,1547900,,,,,,
append,866,3104100,,,,,,
encode,866,4600,,,,,,
data_write,866,54900,,,,,,
data_sync,866,1534900,,,,,,
marker_write,866,52000,,,,,,
marker_sync,866,1455900,,,,,,
append,867,3108900,,,,,,
encode,867,3600,,,,,,
data_write,867,46600,,,,,,
data_sync,867,1444600,,,,,,
marker_write,867,48300,,,,,,
marker_sync,867,1562700,,,,,,
append,868,3085000,,,,,,
encode,868,4500,,,,,,
data_write,868,53700,,,,,,
data_sync,868,1548200,,,,,,
marker_write,868,40000,,,,,,
marker_sync,868,1436300,,,,,,
append,869,2908800,,,,,,
encode,869,4900,,,,,,
data_write,869,40600,,,,,,
data_sync,869,1412300,,,,,,
marker_write,869,42100,,,,,,
marker_sync,869,1406300,,,,,,
append,870,3310600,,,,,,
encode,870,4000,,,,,,
data_write,870,48900,,,,,,
data_sync,870,1652900,,,,,,
marker_write,870,52400,,,,,,
marker_sync,870,1549500,,,,,,
append,871,3363100,,,,,,
encode,871,4400,,,,,,
data_write,871,50000,,,,,,
data_sync,871,1659800,,,,,,
marker_write,871,42400,,,,,,
marker_sync,871,1604000,,,,,,
append,872,3292100,,,,,,
encode,872,4500,,,,,,
data_write,872,46600,,,,,,
data_sync,872,1600400,,,,,,
marker_write,872,49700,,,,,,
marker_sync,872,1588600,,,,,,
append,873,3233400,,,,,,
encode,873,3700,,,,,,
data_write,873,53600,,,,,,
data_sync,873,1568000,,,,,,
marker_write,873,43200,,,,,,
marker_sync,873,1562300,,,,,,
append,874,3132800,,,,,,
encode,874,5300,,,,,,
data_write,874,56200,,,,,,
data_sync,874,1474100,,,,,,
marker_write,874,44800,,,,,,
marker_sync,874,1550600,,,,,,
append,875,3015400,,,,,,
encode,875,3500,,,,,,
data_write,875,42700,,,,,,
data_sync,875,1459800,,,,,,
marker_write,875,35900,,,,,,
marker_sync,875,1471500,,,,,,
append,876,2990700,,,,,,
encode,876,3900,,,,,,
data_write,876,55200,,,,,,
data_sync,876,1432900,,,,,,
marker_write,876,43600,,,,,,
marker_sync,876,1453200,,,,,,
append,877,2867000,,,,,,
encode,877,4200,,,,,,
data_write,877,58100,,,,,,
data_sync,877,1386400,,,,,,
marker_write,877,44100,,,,,,
marker_sync,877,1372500,,,,,,
append,878,2911300,,,,,,
encode,878,3300,,,,,,
data_write,878,45600,,,,,,
data_sync,878,1377900,,,,,,
marker_write,878,49000,,,,,,
marker_sync,878,1432800,,,,,,
append,879,3111501,,,,,,
encode,879,4300,,,,,,
data_write,879,52600,,,,,,
data_sync,879,1463401,,,,,,
marker_write,879,51100,,,,,,
marker_sync,879,1537200,,,,,,
append,880,3742400,,,,,,
encode,880,7900,,,,,,
data_write,880,61800,,,,,,
data_sync,880,1853400,,,,,,
marker_write,880,59500,,,,,,
marker_sync,880,1756700,,,,,,
append,881,3175300,,,,,,
encode,881,6000,,,,,,
data_write,881,67400,,,,,,
data_sync,881,1609600,,,,,,
marker_write,881,42900,,,,,,
marker_sync,881,1447200,,,,,,
append,882,3068400,,,,,,
encode,882,4400,,,,,,
data_write,882,46800,,,,,,
data_sync,882,1444500,,,,,,
marker_write,882,44400,,,,,,
marker_sync,882,1525500,,,,,,
append,883,3165200,,,,,,
encode,883,4200,,,,,,
data_write,883,47700,,,,,,
data_sync,883,1570000,,,,,,
marker_write,883,40800,,,,,,
marker_sync,883,1499100,,,,,,
append,884,3315100,,,,,,
encode,884,4100,,,,,,
data_write,884,54200,,,,,,
data_sync,884,1516400,,,,,,
marker_write,884,54000,,,,,,
marker_sync,884,1684000,,,,,,
append,885,3311200,,,,,,
encode,885,4800,,,,,,
data_write,885,55700,,,,,,
data_sync,885,1587000,,,,,,
marker_write,885,46100,,,,,,
marker_sync,885,1615300,,,,,,
append,886,3108000,,,,,,
encode,886,4800,,,,,,
data_write,886,61200,,,,,,
data_sync,886,1617100,,,,,,
marker_write,886,36800,,,,,,
marker_sync,886,1385900,,,,,,
append,887,2872800,,,,,,
encode,887,3400,,,,,,
data_write,887,39800,,,,,,
data_sync,887,1423300,,,,,,
marker_write,887,41800,,,,,,
marker_sync,887,1362300,,,,,,
append,888,3094300,,,,,,
encode,888,3100,,,,,,
data_write,888,46100,,,,,,
data_sync,888,1492300,,,,,,
marker_write,888,49700,,,,,,
marker_sync,888,1500600,,,,,,
append,889,2923000,,,,,,
encode,889,4400,,,,,,
data_write,889,50000,,,,,,
data_sync,889,1435800,,,,,,
marker_write,889,24500,,,,,,
marker_sync,889,1405900,,,,,,
append,890,2964000,,,,,,
encode,890,3700,,,,,,
data_write,890,46300,,,,,,
data_sync,890,1409600,,,,,,
marker_write,890,40000,,,,,,
marker_sync,890,1462100,,,,,,
append,891,2791300,,,,,,
encode,891,4100,,,,,,
data_write,891,46200,,,,,,
data_sync,891,1343700,,,,,,
marker_write,891,36800,,,,,,
marker_sync,891,1358900,,,,,,
append,892,2717200,,,,,,
encode,892,3000,,,,,,
data_write,892,41400,,,,,,
data_sync,892,1323200,,,,,,
marker_write,892,33300,,,,,,
marker_sync,892,1315200,,,,,,
append,893,2982300,,,,,,
encode,893,2800,,,,,,
data_write,893,40400,,,,,,
data_sync,893,1384300,,,,,,
marker_write,893,38400,,,,,,
marker_sync,893,1514500,,,,,,
append,894,3206000,,,,,,
encode,894,4000,,,,,,
data_write,894,44400,,,,,,
data_sync,894,1507900,,,,,,
marker_write,894,44800,,,,,,
marker_sync,894,1602900,,,,,,
append,895,3133300,,,,,,
encode,895,4900,,,,,,
data_write,895,53100,,,,,,
data_sync,895,1451200,,,,,,
marker_write,895,39900,,,,,,
marker_sync,895,1582200,,,,,,
append,896,3226000,,,,,,
encode,896,4700,,,,,,
data_write,896,52200,,,,,,
data_sync,896,1504700,,,,,,
marker_write,896,50000,,,,,,
marker_sync,896,1612300,,,,,,
append,897,3182700,,,,,,
encode,897,2800,,,,,,
data_write,897,47900,,,,,,
data_sync,897,1469700,,,,,,
marker_write,897,40800,,,,,,
marker_sync,897,1619900,,,,,,
append,898,3199800,,,,,,
encode,898,3400,,,,,,
data_write,898,45000,,,,,,
data_sync,898,1587700,,,,,,
marker_write,898,36900,,,,,,
marker_sync,898,1525400,,,,,,
append,899,3600300,,,,,,
encode,899,3100,,,,,,
data_write,899,43300,,,,,,
data_sync,899,1563600,,,,,,
marker_write,899,35300,,,,,,
marker_sync,899,1952700,,,,,,
append,900,3421300,,,,,,
encode,900,4900,,,,,,
data_write,900,54300,,,,,,
data_sync,900,1645300,,,,,,
marker_write,900,57900,,,,,,
marker_sync,900,1655500,,,,,,
append,901,3031700,,,,,,
encode,901,6500,,,,,,
data_write,901,60900,,,,,,
data_sync,901,1491600,,,,,,
marker_write,901,40800,,,,,,
marker_sync,901,1429700,,,,,,
append,902,11130901,,,,,,
encode,902,3700,,,,,,
data_write,902,46700,,,,,,
data_sync,902,1593200,,,,,,
marker_write,902,42900,,,,,,
marker_sync,902,9441701,,,,,,
append,903,4021300,,,,,,
encode,903,5000,,,,,,
data_write,903,58400,,,,,,
data_sync,903,2015600,,,,,,
marker_write,903,54300,,,,,,
marker_sync,903,1884900,,,,,,
append,904,4293600,,,,,,
encode,904,5800,,,,,,
data_write,904,29800,,,,,,
data_sync,904,2334200,,,,,,
marker_write,904,56200,,,,,,
marker_sync,904,1864900,,,,,,
append,905,10093100,,,,,,
encode,905,5700,,,,,,
data_write,905,62900,,,,,,
data_sync,905,8274300,,,,,,
marker_write,905,64700,,,,,,
marker_sync,905,1682200,,,,,,
append,906,3100400,,,,,,
encode,906,4200,,,,,,
data_write,906,54200,,,,,,
data_sync,906,1572400,,,,,,
marker_write,906,48100,,,,,,
marker_sync,906,1419600,,,,,,
append,907,2936600,,,,,,
encode,907,4500,,,,,,
data_write,907,52800,,,,,,
data_sync,907,1374700,,,,,,
marker_write,907,37500,,,,,,
marker_sync,907,1465200,,,,,,
append,908,3037300,,,,,,
encode,908,4700,,,,,,
data_write,908,49500,,,,,,
data_sync,908,1525700,,,,,,
marker_write,908,41400,,,,,,
marker_sync,908,1414000,,,,,,
append,909,2854700,,,,,,
encode,909,3800,,,,,,
data_write,909,47500,,,,,,
data_sync,909,1374700,,,,,,
marker_write,909,37000,,,,,,
marker_sync,909,1390000,,,,,,
append,910,3431300,,,,,,
encode,910,3900,,,,,,
data_write,910,64100,,,,,,
data_sync,910,1731900,,,,,,
marker_write,910,42900,,,,,,
marker_sync,910,1585700,,,,,,
append,911,3251100,,,,,,
encode,911,3900,,,,,,
data_write,911,46200,,,,,,
data_sync,911,1573200,,,,,,
marker_write,911,46300,,,,,,
marker_sync,911,1579300,,,,,,
append,912,3067200,,,,,,
encode,912,3800,,,,,,
data_write,912,44200,,,,,,
data_sync,912,1500200,,,,,,
marker_write,912,36000,,,,,,
marker_sync,912,1481600,,,,,,
append,913,2966100,,,,,,
encode,913,3100,,,,,,
data_write,913,42400,,,,,,
data_sync,913,1465300,,,,,,
marker_write,913,35100,,,,,,
marker_sync,913,1419100,,,,,,
append,914,3173100,,,,,,
encode,914,3100,,,,,,
data_write,914,48800,,,,,,
data_sync,914,1582100,,,,,,
marker_write,914,36400,,,,,,
marker_sync,914,1501100,,,,,,
append,915,3006100,,,,,,
encode,915,4500,,,,,,
data_write,915,47800,,,,,,
data_sync,915,1475800,,,,,,
marker_write,915,38500,,,,,,
marker_sync,915,1438100,,,,,,
append,916,3377900,,,,,,
encode,916,2900,,,,,,
data_write,916,42700,,,,,,
data_sync,916,1750400,,,,,,
marker_write,916,36700,,,,,,
marker_sync,916,1543600,,,,,,
append,917,2941700,,,,,,
encode,917,3300,,,,,,
data_write,917,41900,,,,,,
data_sync,917,1457500,,,,,,
marker_write,917,35000,,,,,,
marker_sync,917,1402600,,,,,,
append,918,2899400,,,,,,
encode,918,2800,,,,,,
data_write,918,40500,,,,,,
data_sync,918,1438100,,,,,,
marker_write,918,32500,,,,,,
marker_sync,918,1384100,,,,,,
append,919,2883400,,,,,,
encode,919,2300,,,,,,
data_write,919,38200,,,,,,
data_sync,919,1366500,,,,,,
marker_write,919,32300,,,,,,
marker_sync,919,1442800,,,,,,
append,920,3180400,,,,,,
encode,920,2300,,,,,,
data_write,920,40700,,,,,,
data_sync,920,1596800,,,,,,
marker_write,920,35900,,,,,,
marker_sync,920,1503300,,,,,,
append,921,3038301,,,,,,
encode,921,2900,,,,,,
data_write,921,42200,,,,,,
data_sync,921,1507201,,,,,,
marker_write,921,22800,,,,,,
marker_sync,921,1460500,,,,,,
append,922,3488500,,,,,,
encode,922,5300,,,,,,
data_write,922,59500,,,,,,
data_sync,922,1685100,,,,,,
marker_write,922,60500,,,,,,
marker_sync,922,1675600,,,,,,
append,923,3293400,,,,,,
encode,923,5800,,,,,,
data_write,923,68200,,,,,,
data_sync,923,1606300,,,,,,
marker_write,923,51700,,,,,,
marker_sync,923,1558900,,,,,,
append,924,3195000,,,,,,
encode,924,5200,,,,,,
data_write,924,62300,,,,,,
data_sync,924,1456000,,,,,,
marker_write,924,64000,,,,,,
marker_sync,924,1605000,,,,,,
append,925,2974400,,,,,,
encode,925,4200,,,,,,
data_write,925,47000,,,,,,
data_sync,925,1428200,,,,,,
marker_write,925,47300,,,,,,
marker_sync,925,1445800,,,,,,
append,926,3195100,,,,,,
encode,926,3300,,,,,,
data_write,926,46000,,,,,,
data_sync,926,1670700,,,,,,
marker_write,926,39100,,,,,,
marker_sync,926,1434400,,,,,,
append,927,2951800,,,,,,
encode,927,4100,,,,,,
data_write,927,53000,,,,,,
data_sync,927,1455600,,,,,,
marker_write,927,48300,,,,,,
marker_sync,927,1389100,,,,,,
append,928,2929000,,,,,,
encode,928,3000,,,,,,
data_write,928,43000,,,,,,
data_sync,928,1432800,,,,,,
marker_write,928,34900,,,,,,
marker_sync,928,1413900,,,,,,
append,929,3102600,,,,,,
encode,929,2500,,,,,,
data_write,929,39800,,,,,,
data_sync,929,1529700,,,,,,
marker_write,929,36800,,,,,,
marker_sync,929,1491700,,,,,,
append,930,3026700,,,,,,
encode,930,3100,,,,,,
data_write,930,44000,,,,,,
data_sync,930,1496600,,,,,,
marker_write,930,37100,,,,,,
marker_sync,930,1444400,,,,,,
append,931,3104800,,,,,,
encode,931,3400,,,,,,
data_write,931,43900,,,,,,
data_sync,931,1496500,,,,,,
marker_write,931,34700,,,,,,
marker_sync,931,1524700,,,,,,
append,932,3058100,,,,,,
encode,932,3500,,,,,,
data_write,932,46000,,,,,,
data_sync,932,1544300,,,,,,
marker_write,932,38600,,,,,,
marker_sync,932,1424000,,,,,,
append,933,2957500,,,,,,
encode,933,4800,,,,,,
data_write,933,54600,,,,,,
data_sync,933,1394800,,,,,,
marker_write,933,36200,,,,,,
marker_sync,933,1465600,,,,,,
append,934,2909100,,,,,,
encode,934,3000,,,,,,
data_write,934,43200,,,,,,
data_sync,934,1413600,,,,,,
marker_write,934,35100,,,,,,
marker_sync,934,1412200,,,,,,
append,935,3243900,,,,,,
encode,935,2900,,,,,,
data_write,935,42000,,,,,,
data_sync,935,1594400,,,,,,
marker_write,935,48800,,,,,,
marker_sync,935,1553700,,,,,,
append,936,3232600,,,,,,
encode,936,4000,,,,,,
data_write,936,46700,,,,,,
data_sync,936,1598000,,,,,,
marker_write,936,49400,,,,,,
marker_sync,936,1532000,,,,,,
append,937,3159000,,,,,,
encode,937,5800,,,,,,
data_write,937,57500,,,,,,
data_sync,937,1569800,,,,,,
marker_write,937,63500,,,,,,
marker_sync,937,1460000,,,,,,
append,938,2973900,,,,,,
encode,938,4900,,,,,,
data_write,938,58600,,,,,,
data_sync,938,1437600,,,,,,
marker_write,938,38900,,,,,,
marker_sync,938,1432000,,,,,,
append,939,2847900,,,,,,
encode,939,4200,,,,,,
data_write,939,50400,,,,,,
data_sync,939,1370800,,,,,,
marker_write,939,37100,,,,,,
marker_sync,939,1383600,,,,,,
append,940,3132100,,,,,,
encode,940,3100,,,,,,
data_write,940,43100,,,,,,
data_sync,940,1402500,,,,,,
marker_write,940,41300,,,,,,
marker_sync,940,1640000,,,,,,
append,941,3226500,,,,,,
encode,941,3700,,,,,,
data_write,941,48100,,,,,,
data_sync,941,1675000,,,,,,
marker_write,941,43600,,,,,,
marker_sync,941,1454500,,,,,,
append,942,2857000,,,,,,
encode,942,2900,,,,,,
data_write,942,46000,,,,,,
data_sync,942,1350700,,,,,,
marker_write,942,36800,,,,,,
marker_sync,942,1418500,,,,,,
append,943,2946800,,,,,,
encode,943,3700,,,,,,
data_write,943,50100,,,,,,
data_sync,943,1405200,,,,,,
marker_write,943,64700,,,,,,
marker_sync,943,1421000,,,,,,
append,944,3337100,,,,,,
encode,944,5300,,,,,,
data_write,944,52900,,,,,,
data_sync,944,1512700,,,,,,
marker_write,944,75900,,,,,,
marker_sync,944,1685600,,,,,,
append,945,3170201,,,,,,
encode,945,8200,,,,,,
data_write,945,94000,,,,,,
data_sync,945,1552201,,,,,,
marker_write,945,45100,,,,,,
marker_sync,945,1468200,,,,,,
append,946,3122600,,,,,,
encode,946,3500,,,,,,
data_write,946,50300,,,,,,
data_sync,946,1452400,,,,,,
marker_write,946,40100,,,,,,
marker_sync,946,1573900,,,,,,
append,947,3179900,,,,,,
encode,947,4300,,,,,,
data_write,947,55100,,,,,,
data_sync,947,1594400,,,,,,
marker_write,947,49700,,,,,,
marker_sync,947,1450100,,,,,,
append,948,2985100,,,,,,
encode,948,4500,,,,,,
data_write,948,47300,,,,,,
data_sync,948,1470000,,,,,,
marker_write,948,51200,,,,,,
marker_sync,948,1409500,,,,,,
append,949,2908400,,,,,,
encode,949,4500,,,,,,
data_write,949,54400,,,,,,
data_sync,949,1445900,,,,,,
marker_write,949,41000,,,,,,
marker_sync,949,1360400,,,,,,
append,950,2801700,,,,,,
encode,950,4300,,,,,,
data_write,950,45000,,,,,,
data_sync,950,1322100,,,,,,
marker_write,950,34400,,,,,,
marker_sync,950,1394200,,,,,,
append,951,2811100,,,,,,
encode,951,4200,,,,,,
data_write,951,53900,,,,,,
data_sync,951,1359600,,,,,,
marker_write,951,34300,,,,,,
marker_sync,951,1356900,,,,,,
append,952,2777100,,,,,,
encode,952,3200,,,,,,
data_write,952,56400,,,,,,
data_sync,952,1340800,,,,,,
marker_write,952,36500,,,,,,
marker_sync,952,1336600,,,,,,
append,953,2963400,,,,,,
encode,953,3100,,,,,,
data_write,953,41800,,,,,,
data_sync,953,1416000,,,,,,
marker_write,953,40200,,,,,,
marker_sync,953,1460500,,,,,,
append,954,3021800,,,,,,
encode,954,3800,,,,,,
data_write,954,47500,,,,,,
data_sync,954,1477600,,,,,,
marker_write,954,47000,,,,,,
marker_sync,954,1444200,,,,,,
append,955,2950800,,,,,,
encode,955,4200,,,,,,
data_write,955,45600,,,,,,
data_sync,955,1498200,,,,,,
marker_write,955,49200,,,,,,
marker_sync,955,1352200,,,,,,
append,956,3009400,,,,,,
encode,956,3700,,,,,,
data_write,956,42000,,,,,,
data_sync,956,1453000,,,,,,
marker_write,956,54300,,,,,,
marker_sync,956,1454400,,,,,,
append,957,3086700,,,,,,
encode,957,4100,,,,,,
data_write,957,57300,,,,,,
data_sync,957,1440600,,,,,,
marker_write,957,20200,,,,,,
marker_sync,957,1562000,,,,,,
append,958,2928900,,,,,,
encode,958,3900,,,,,,
data_write,958,53700,,,,,,
data_sync,958,1441700,,,,,,
marker_write,958,40800,,,,,,
marker_sync,958,1387100,,,,,,
append,959,2934900,,,,,,
encode,959,3900,,,,,,
data_write,959,46700,,,,,,
data_sync,959,1390000,,,,,,
marker_write,959,50100,,,,,,
marker_sync,959,1441900,,,,,,
append,960,3534000,,,,,,
encode,960,4400,,,,,,
data_write,960,49600,,,,,,
data_sync,960,1696400,,,,,,
marker_write,960,46400,,,,,,
marker_sync,960,1734400,,,,,,
append,961,3459200,,,,,,
encode,961,3700,,,,,,
data_write,961,53700,,,,,,
data_sync,961,1712100,,,,,,
marker_write,961,53300,,,,,,
marker_sync,961,1633100,,,,,,
append,962,3136400,,,,,,
encode,962,5000,,,,,,
data_write,962,60900,,,,,,
data_sync,962,1536800,,,,,,
marker_write,962,44700,,,,,,
marker_sync,962,1486600,,,,,,
append,963,3412100,,,,,,
encode,963,4800,,,,,,
data_write,963,55300,,,,,,
data_sync,963,1506200,,,,,,
marker_write,963,36800,,,,,,
marker_sync,963,1807000,,,,,,
append,964,3548100,,,,,,
encode,964,4600,,,,,,
data_write,964,54500,,,,,,
data_sync,964,1769300,,,,,,
marker_write,964,52200,,,,,,
marker_sync,964,1664500,,,,,,
append,965,4092600,,,,,,
encode,965,3800,,,,,,
data_write,965,45200,,,,,,
data_sync,965,2238600,,,,,,
marker_write,965,41800,,,,,,
marker_sync,965,1759900,,,,,,
append,966,3484800,,,,,,
encode,966,4800,,,,,,
data_write,966,60800,,,,,,
data_sync,966,1602500,,,,,,
marker_write,966,50400,,,,,,
marker_sync,966,1763500,,,,,,
append,967,3255300,,,,,,
encode,967,5200,,,,,,
data_write,967,59900,,,,,,
data_sync,967,1533700,,,,,,
marker_write,967,75600,,,,,,
marker_sync,967,1578200,,,,,,
append,968,3132401,,,,,,
encode,968,4400,,,,,,
data_write,968,51300,,,,,,
data_sync,968,1566100,,,,,,
marker_write,968,40301,,,,,,
marker_sync,968,1468200,,,,,,
append,969,3159900,,,,,,
encode,969,4100,,,,,,
data_write,969,50900,,,,,,
data_sync,969,1546200,,,,,,
marker_write,969,37800,,,,,,
marker_sync,969,1519300,,,,,,
append,970,3194600,,,,,,
encode,970,3800,,,,,,
data_write,970,44100,,,,,,
data_sync,970,1558000,,,,,,
marker_write,970,47600,,,,,,
marker_sync,970,1539000,,,,,,
append,971,2980000,,,,,,
encode,971,3800,,,,,,
data_write,971,44700,,,,,,
data_sync,971,1463300,,,,,,
marker_write,971,37100,,,,,,
marker_sync,971,1429800,,,,,,
append,972,3005800,,,,,,
encode,972,2600,,,,,,
data_write,972,40700,,,,,,
data_sync,972,1446100,,,,,,
marker_write,972,35800,,,,,,
marker_sync,972,1478900,,,,,,
append,973,3031900,,,,,,
encode,973,3600,,,,,,
data_write,973,52100,,,,,,
data_sync,973,1500600,,,,,,
marker_write,973,36900,,,,,,
marker_sync,973,1437200,,,,,,
append,974,2923700,,,,,,
encode,974,4200,,,,,,
data_write,974,43500,,,,,,
data_sync,974,1400300,,,,,,
marker_write,974,35000,,,,,,
marker_sync,974,1439400,,,,,,
append,975,3037100,,,,,,
encode,975,3000,,,,,,
data_write,975,43100,,,,,,
data_sync,975,1401400,,,,,,
marker_write,975,35200,,,,,,
marker_sync,975,1551600,,,,,,
append,976,3533500,,,,,,
encode,976,4500,,,,,,
data_write,976,63400,,,,,,
data_sync,976,1610100,,,,,,
marker_write,976,47700,,,,,,
marker_sync,976,1805600,,,,,,
append,977,3080200,,,,,,
encode,977,3800,,,,,,
data_write,977,53500,,,,,,
data_sync,977,1497700,,,,,,
marker_write,977,43400,,,,,,
marker_sync,977,1480100,,,,,,
append,978,3166600,,,,,,
encode,978,2900,,,,,,
data_write,978,53000,,,,,,
data_sync,978,1527800,,,,,,
marker_write,978,36700,,,,,,
marker_sync,978,1544800,,,,,,
append,979,3213200,,,,,,
encode,979,3800,,,,,,
data_write,979,52600,,,,,,
data_sync,979,1642100,,,,,,
marker_write,979,46900,,,,,,
marker_sync,979,1465900,,,,,,
append,980,3136500,,,,,,
encode,980,4200,,,,,,
data_write,980,46500,,,,,,
data_sync,980,1417800,,,,,,
marker_write,980,39500,,,,,,
marker_sync,980,1626300,,,,,,
append,981,9700200,,,,,,
encode,981,5200,,,,,,
data_write,981,49200,,,,,,
data_sync,981,6348100,,,,,,
marker_write,981,50300,,,,,,
marker_sync,981,3245100,,,,,,
append,982,5360800,,,,,,
encode,982,5100,,,,,,
data_write,982,80000,,,,,,
data_sync,982,3482300,,,,,,
marker_write,982,55700,,,,,,
marker_sync,982,1735100,,,,,,
append,983,3501500,,,,,,
encode,983,5000,,,,,,
data_write,983,62800,,,,,,
data_sync,983,1787200,,,,,,
marker_write,983,47000,,,,,,
marker_sync,983,1596100,,,,,,
append,984,3156100,,,,,,
encode,984,4100,,,,,,
data_write,984,54400,,,,,,
data_sync,984,1598300,,,,,,
marker_write,984,45000,,,,,,
marker_sync,984,1452000,,,,,,
append,985,2897100,,,,,,
encode,985,4500,,,,,,
data_write,985,49000,,,,,,
data_sync,985,1388900,,,,,,
marker_write,985,38400,,,,,,
marker_sync,985,1415000,,,,,,
append,986,2882100,,,,,,
encode,986,2600,,,,,,
data_write,986,45600,,,,,,
data_sync,986,1444300,,,,,,
marker_write,986,35600,,,,,,
marker_sync,986,1352700,,,,,,
append,987,2987800,,,,,,
encode,987,2700,,,,,,
data_write,987,44000,,,,,,
data_sync,987,1403400,,,,,,
marker_write,987,36700,,,,,,
marker_sync,987,1499200,,,,,,
append,988,3142800,,,,,,
encode,988,4500,,,,,,
data_write,988,52000,,,,,,
data_sync,988,1627300,,,,,,
marker_write,988,41500,,,,,,
marker_sync,988,1415200,,,,,,
append,989,2851801,,,,,,
encode,989,3500,,,,,,
data_write,989,46600,,,,,,
data_sync,989,1358001,,,,,,
marker_write,989,31700,,,,,,
marker_sync,989,1410300,,,,,,
append,990,3002400,,,,,,
encode,990,3100,,,,,,
data_write,990,48200,,,,,,
data_sync,990,1511300,,,,,,
marker_write,990,42100,,,,,,
marker_sync,990,1395100,,,,,,
append,991,2898300,,,,,,
encode,991,3500,,,,,,
data_write,991,44100,,,,,,
data_sync,991,1449600,,,,,,
marker_write,991,38100,,,,,,
marker_sync,991,1361800,,,,,,
append,992,2805600,,,,,,
encode,992,2600,,,,,,
data_write,992,46200,,,,,,
data_sync,992,1351700,,,,,,
marker_write,992,32600,,,,,,
marker_sync,992,1370800,,,,,,
append,993,3083700,,,,,,
encode,993,3500,,,,,,
data_write,993,49700,,,,,,
data_sync,993,1570900,,,,,,
marker_write,993,38200,,,,,,
marker_sync,993,1419700,,,,,,
append,994,2872000,,,,,,
encode,994,3400,,,,,,
data_write,994,53000,,,,,,
data_sync,994,1391100,,,,,,
marker_write,994,36700,,,,,,
marker_sync,994,1386000,,,,,,
append,995,2970100,,,,,,
encode,995,3000,,,,,,
data_write,995,43100,,,,,,
data_sync,995,1472400,,,,,,
marker_write,995,42800,,,,,,
marker_sync,995,1407300,,,,,,
append,996,2957200,,,,,,
encode,996,3400,,,,,,
data_write,996,45200,,,,,,
data_sync,996,1410300,,,,,,
marker_write,996,36300,,,,,,
marker_sync,996,1460300,,,,,,
append,997,3041400,,,,,,
encode,997,3700,,,,,,
data_write,997,61900,,,,,,
data_sync,997,1488200,,,,,,
marker_write,997,39300,,,,,,
marker_sync,997,1445900,,,,,,
append,998,3266000,,,,,,
encode,998,3200,,,,,,
data_write,998,48400,,,,,,
data_sync,998,1519400,,,,,,
marker_write,998,42500,,,,,,
marker_sync,998,1650500,,,,,,
append,999,2899200,,,,,,
encode,999,4000,,,,,,
data_write,999,47400,,,,,,
data_sync,999,1414500,,,,,,
marker_write,999,38000,,,,,,
marker_sync,999,1393500,,,,,,
append,1000,2910200,,,,,,
encode,1000,3100,,,,,,
data_write,1000,45000,,,,,,
data_sync,1000,1382200,,,,,,
marker_write,1000,40200,,,,,,
marker_sync,1000,1438300,,,,,,
append,1001,2778200,,,,,,
encode,1001,2700,,,,,,
data_write,1001,40600,,,,,,
data_sync,1001,1351800,,,,,,
marker_write,1001,31900,,,,,,
marker_sync,1001,1350100,,,,,,
append,1002,2895500,,,,,,
encode,1002,2100,,,,,,
data_write,1002,15600,,,,,,
data_sync,1002,1322900,,,,,,
marker_write,1002,31800,,,,,,
marker_sync,1002,1521900,,,,,,
append,1003,2865600,,,,,,
encode,1003,2700,,,,,,
data_write,1003,44700,,,,,,
data_sync,1003,1375500,,,,,,
marker_write,1003,33700,,,,,,
marker_sync,1003,1407100,,,,,,
append,1004,2948300,,,,,,
encode,1004,2800,,,,,,
data_write,1004,50400,,,,,,
data_sync,1004,1409000,,,,,,
marker_write,1004,37000,,,,,,
marker_sync,1004,1447400,,,,,,
append,1005,2851800,,,,,,
encode,1005,3100,,,,,,
data_write,1005,46900,,,,,,
data_sync,1005,1429700,,,,,,
marker_write,1005,35600,,,,,,
marker_sync,1005,1334700,,,,,,
append,1006,2779100,,,,,,
encode,1006,2800,,,,,,
data_write,1006,40100,,,,,,
data_sync,1006,1387800,,,,,,
marker_write,1006,35100,,,,,,
marker_sync,1006,1311500,,,,,,
append,1007,2737600,,,,,,
encode,1007,3000,,,,,,
data_write,1007,40400,,,,,,
data_sync,1007,1323900,,,,,,
marker_write,1007,31900,,,,,,
marker_sync,1007,1337300,,,,,,
append,1008,2678200,,,,,,
encode,1008,2500,,,,,,
data_write,1008,41600,,,,,,
data_sync,1008,1301100,,,,,,
marker_write,1008,29800,,,,,,
marker_sync,1008,1302100,,,,,,
append,1009,3314200,,,,,,
encode,1009,2100,,,,,,
data_write,1009,36400,,,,,,
data_sync,1009,1663500,,,,,,
marker_write,1009,47900,,,,,,
marker_sync,1009,1562000,,,,,,
append,1010,3104200,,,,,,
encode,1010,4400,,,,,,
data_write,1010,51100,,,,,,
data_sync,1010,1619300,,,,,,
marker_write,1010,39200,,,,,,
marker_sync,1010,1388000,,,,,,
append,1011,3120200,,,,,,
encode,1011,4900,,,,,,
data_write,1011,55700,,,,,,
data_sync,1011,1428500,,,,,,
marker_write,1011,45600,,,,,,
marker_sync,1011,1582400,,,,,,
append,1012,3298100,,,,,,
encode,1012,5900,,,,,,
data_write,1012,61400,,,,,,
data_sync,1012,1597700,,,,,,
marker_write,1012,55600,,,,,,
marker_sync,1012,1574300,,,,,,
append,1013,2958200,,,,,,
encode,1013,8100,,,,,,
data_write,1013,62800,,,,,,
data_sync,1013,1510700,,,,,,
marker_write,1013,37400,,,,,,
marker_sync,1013,1337300,,,,,,
append,1014,3041201,,,,,,
encode,1014,3100,,,,,,
data_write,1014,42600,,,,,,
data_sync,1014,1454301,,,,,,
marker_write,1014,45800,,,,,,
marker_sync,1014,1493600,,,,,,
append,1015,3037300,,,,,,
encode,1015,4100,,,,,,
data_write,1015,44900,,,,,,
data_sync,1015,1406000,,,,,,
marker_write,1015,38500,,,,,,
marker_sync,1015,1541800,,,,,,
append,1016,3214100,,,,,,
encode,1016,3200,,,,,,
data_write,1016,44600,,,,,,
data_sync,1016,1563100,,,,,,
marker_write,1016,36300,,,,,,
marker_sync,1016,1565200,,,,,,
append,1017,3142300,,,,,,
encode,1017,3800,,,,,,
data_write,1017,45900,,,,,,
data_sync,1017,1584000,,,,,,
marker_write,1017,35100,,,,,,
marker_sync,1017,1471500,,,,,,
append,1018,2969300,,,,,,
encode,1018,4700,,,,,,
data_write,1018,56300,,,,,,
data_sync,1018,1415900,,,,,,
marker_write,1018,38100,,,,,,
marker_sync,1018,1452200,,,,,,
append,1019,3489400,,,,,,
encode,1019,3600,,,,,,
data_write,1019,45700,,,,,,
data_sync,1019,1618000,,,,,,
marker_write,1019,46400,,,,,,
marker_sync,1019,1773500,,,,,,
append,1020,2951600,,,,,,
encode,1020,4900,,,,,,
data_write,1020,54700,,,,,,
data_sync,1020,1468800,,,,,,
marker_write,1020,42100,,,,,,
marker_sync,1020,1379100,,,,,,
append,1021,3127400,,,,,,
encode,1021,4900,,,,,,
data_write,1021,53100,,,,,,
data_sync,1021,1615200,,,,,,
marker_write,1021,43600,,,,,,
marker_sync,1021,1408000,,,,,,
append,1022,2921000,,,,,,
encode,1022,4200,,,,,,
data_write,1022,50000,,,,,,
data_sync,1022,1458300,,,,,,
marker_write,1022,43500,,,,,,
marker_sync,1022,1362900,,,,,,
append,1023,2780800,,,,,,
encode,1023,4100,,,,,,
data_write,1023,50500,,,,,,
data_sync,1023,1325100,,,,,,
marker_write,1023,42800,,,,,,
marker_sync,1023,1356800,,,,,,
append,1024,3072400,,,,,,
encode,1024,3600,,,,,,
data_write,1024,51600,,,,,,
data_sync,1024,1327300,,,,,,
marker_write,1024,40900,,,,,,
marker_sync,1024,1646900,,,,,,
append,1025,3220200,,,,,,
encode,1025,3200,,,,,,
data_write,1025,62500,,,,,,
data_sync,1025,1701400,,,,,,
marker_write,1025,40200,,,,,,
marker_sync,1025,1410900,,,,,,
append,1026,2994400,,,,,,
encode,1026,5000,,,,,,
data_write,1026,53900,,,,,,
data_sync,1026,1338800,,,,,,
marker_write,1026,44000,,,,,,
marker_sync,1026,1549500,,,,,,
append,1027,2989900,,,,,,
encode,1027,3600,,,,,,
data_write,1027,51100,,,,,,
data_sync,1027,1499600,,,,,,
marker_write,1027,44600,,,,,,
marker_sync,1027,1388800,,,,,,
append,1028,2845200,,,,,,
encode,1028,3300,,,,,,
data_write,1028,49900,,,,,,
data_sync,1028,1377800,,,,,,
marker_write,1028,34100,,,,,,
marker_sync,1028,1378600,,,,,,
append,1029,2849500,,,,,,
encode,1029,2700,,,,,,
data_write,1029,43100,,,,,,
data_sync,1029,1355500,,,,,,
marker_write,1029,31000,,,,,,
marker_sync,1029,1414900,,,,,,
append,1030,3345200,,,,,,
encode,1030,4200,,,,,,
data_write,1030,48400,,,,,,
data_sync,1030,1613400,,,,,,
marker_write,1030,36500,,,,,,
marker_sync,1030,1641100,,,,,,
append,1031,3054500,,,,,,
encode,1031,3800,,,,,,
data_write,1031,44700,,,,,,
data_sync,1031,1524200,,,,,,
marker_write,1031,47400,,,,,,
marker_sync,1031,1432300,,,,,,
append,1032,3173300,,,,,,
encode,1032,4400,,,,,,
data_write,1032,53800,,,,,,
data_sync,1032,1552900,,,,,,
marker_write,1032,38800,,,,,,
marker_sync,1032,1521300,,,,,,
append,1033,2784100,,,,,,
encode,1033,3900,,,,,,
data_write,1033,48700,,,,,,
data_sync,1033,1354100,,,,,,
marker_write,1033,38000,,,,,,
marker_sync,1033,1337900,,,,,,
append,1034,2650400,,,,,,
encode,1034,2900,,,,,,
data_write,1034,43300,,,,,,
data_sync,1034,1284200,,,,,,
marker_write,1034,36300,,,,,,
marker_sync,1034,1282600,,,,,,
append,1035,3083600,,,,,,
encode,1035,2400,,,,,,
data_write,1035,41300,,,,,,
data_sync,1035,1512600,,,,,,
marker_write,1035,45000,,,,,,
marker_sync,1035,1480000,,,,,,
append,1036,2776300,,,,,,
encode,1036,3700,,,,,,
data_write,1036,44700,,,,,,
data_sync,1036,1333300,,,,,,
marker_write,1036,35600,,,,,,
marker_sync,1036,1357300,,,,,,
append,1037,2744600,,,,,,
encode,1037,3900,,,,,,
data_write,1037,42700,,,,,,
data_sync,1037,1327300,,,,,,
marker_write,1037,31200,,,,,,
marker_sync,1037,1337500,,,,,,
append,1038,2739500,,,,,,
encode,1038,4400,,,,,,
data_write,1038,45200,,,,,,
data_sync,1038,1340600,,,,,,
marker_write,1038,35400,,,,,,
marker_sync,1038,1312200,,,,,,
append,1039,2932001,,,,,,
encode,1039,3700,,,,,,
data_write,1039,45100,,,,,,
data_sync,1039,1324701,,,,,,
marker_write,1039,40100,,,,,,
marker_sync,1039,1516800,,,,,,
append,1040,3632100,,,,,,
encode,1040,3300,,,,,,
data_write,1040,48200,,,,,,
data_sync,1040,1535900,,,,,,
marker_write,1040,45900,,,,,,
marker_sync,1040,1996700,,,,,,
append,1041,3319800,,,,,,
encode,1041,6500,,,,,,
data_write,1041,64800,,,,,,
data_sync,1041,1612700,,,,,,
marker_write,1041,36300,,,,,,
marker_sync,1041,1597900,,,,,,
append,1042,3167200,,,,,,
encode,1042,4400,,,,,,
data_write,1042,53300,,,,,,
data_sync,1042,1583700,,,,,,
marker_write,1042,36300,,,,,,
marker_sync,1042,1487700,,,,,,
append,1043,3222400,,,,,,
encode,1043,3600,,,,,,
data_write,1043,41800,,,,,,
data_sync,1043,1576300,,,,,,
marker_write,1043,46000,,,,,,
marker_sync,1043,1552900,,,,,,
append,1044,3152800,,,,,,
encode,1044,3500,,,,,,
data_write,1044,41400,,,,,,
data_sync,1044,1540500,,,,,,
marker_write,1044,36500,,,,,,
marker_sync,1044,1528700,,,,,,
append,1045,3814100,,,,,,
encode,1045,3400,,,,,,
data_write,1045,44700,,,,,,
data_sync,1045,1762100,,,,,,
marker_write,1045,47700,,,,,,
marker_sync,1045,1953900,,,,,,
append,1046,3446400,,,,,,
encode,1046,5000,,,,,,
data_write,1046,62900,,,,,,
data_sync,1046,1677200,,,,,,
marker_write,1046,46700,,,,,,
marker_sync,1046,1652700,,,,,,
append,1047,3447900,,,,,,
encode,1047,4800,,,,,,
data_write,1047,57500,,,,,,
data_sync,1047,1653400,,,,,,
marker_write,1047,47700,,,,,,
marker_sync,1047,1682300,,,,,,
append,1048,3564100,,,,,,
encode,1048,5100,,,,,,
data_write,1048,54600,,,,,,
data_sync,1048,1696000,,,,,,
marker_write,1048,44100,,,,,,
marker_sync,1048,1762100,,,,,,
append,1049,3313000,,,,,,
encode,1049,4500,,,,,,
data_write,1049,54000,,,,,,
data_sync,1049,1540200,,,,,,
marker_write,1049,44100,,,,,,
marker_sync,1049,1668200,,,,,,
append,1050,3100400,,,,,,
encode,1050,3300,,,,,,
data_write,1050,44700,,,,,,
data_sync,1050,1568600,,,,,,
marker_write,1050,37600,,,,,,
marker_sync,1050,1444300,,,,,,
append,1051,2967000,,,,,,
encode,1051,3100,,,,,,
data_write,1051,41000,,,,,,
data_sync,1051,1440400,,,,,,
marker_write,1051,33400,,,,,,
marker_sync,1051,1447300,,,,,,
append,1052,3017700,,,,,,
encode,1052,3400,,,,,,
data_write,1052,52100,,,,,,
data_sync,1052,1494800,,,,,,
marker_write,1052,33900,,,,,,
marker_sync,1052,1431900,,,,,,
append,1053,3174300,,,,,,
encode,1053,2800,,,,,,
data_write,1053,45500,,,,,,
data_sync,1053,1584200,,,,,,
marker_write,1053,38900,,,,,,
marker_sync,1053,1501000,,,,,,
append,1054,3175100,,,,,,
encode,1054,4200,,,,,,
data_write,1054,45900,,,,,,
data_sync,1054,1506200,,,,,,
marker_write,1054,35700,,,,,,
marker_sync,1054,1581100,,,,,,
append,1055,3332900,,,,,,
encode,1055,4800,,,,,,
data_write,1055,53600,,,,,,
data_sync,1055,1726600,,,,,,
marker_write,1055,41300,,,,,,
marker_sync,1055,1504600,,,,,,
append,1056,3083000,,,,,,
encode,1056,4800,,,,,,
data_write,1056,56800,,,,,,
data_sync,1056,1529700,,,,,,
marker_write,1056,38200,,,,,,
marker_sync,1056,1451300,,,,,,
append,1057,3030600,,,,,,
encode,1057,3400,,,,,,
data_write,1057,51500,,,,,,
data_sync,1057,1439000,,,,,,
marker_write,1057,36000,,,,,,
marker_sync,1057,1499000,,,,,,
append,1058,3232500,,,,,,
encode,1058,3200,,,,,,
data_write,1058,60200,,,,,,
data_sync,1058,1517700,,,,,,
marker_write,1058,33500,,,,,,
marker_sync,1058,1616400,,,,,,
append,1059,3162900,,,,,,
encode,1059,3500,,,,,,
data_write,1059,41800,,,,,,
data_sync,1059,1477300,,,,,,
marker_write,1059,36300,,,,,,
marker_sync,1059,1601900,,,,,,
append,1060,3342200,,,,,,
encode,1060,4200,,,,,,
data_write,1060,71600,,,,,,
data_sync,1060,1660200,,,,,,
marker_write,1060,45800,,,,,,
marker_sync,1060,1558100,,,,,,
append,1061,3516901,,,,,,
encode,1061,4500,,,,,,
data_write,1061,56900,,,,,,
data_sync,1061,1798900,,,,,,
marker_write,1061,42900,,,,,,
marker_sync,1061,1611601,,,,,,
append,1062,3045500,,,,,,
encode,1062,3400,,,,,,
data_write,1062,45900,,,,,,
data_sync,1062,1429500,,,,,,
marker_write,1062,34500,,,,,,
marker_sync,1062,1530700,,,,,,
append,1063,3363000,,,,,,
encode,1063,4200,,,,,,
data_write,1063,53300,,,,,,
data_sync,1063,1545800,,,,,,
marker_write,1063,36200,,,,,,
marker_sync,1063,1722200,,,,,,
append,1064,3307500,,,,,,
encode,1064,3100,,,,,,
data_write,1064,42700,,,,,,
data_sync,1064,1557800,,,,,,
marker_write,1064,44600,,,,,,
marker_sync,1064,1657500,,,,,,
append,1065,3317300,,,,,,
encode,1065,4000,,,,,,
data_write,1065,51500,,,,,,
data_sync,1065,1686500,,,,,,
marker_write,1065,42600,,,,,,
marker_sync,1065,1530700,,,,,,
append,1066,3211600,,,,,,
encode,1066,3600,,,,,,
data_write,1066,44400,,,,,,
data_sync,1066,1582800,,,,,,
marker_write,1066,39300,,,,,,
marker_sync,1066,1539500,,,,,,
append,1067,3189100,,,,,,
encode,1067,3200,,,,,,
data_write,1067,44500,,,,,,
data_sync,1067,1569000,,,,,,
marker_write,1067,35100,,,,,,
marker_sync,1067,1535000,,,,,,
append,1068,3307000,,,,,,
encode,1068,3800,,,,,,
data_write,1068,58600,,,,,,
data_sync,1068,1498100,,,,,,
marker_write,1068,38200,,,,,,
marker_sync,1068,1706300,,,,,,
append,1069,3486400,,,,,,
encode,1069,4100,,,,,,
data_write,1069,48500,,,,,,
data_sync,1069,1648200,,,,,,
marker_write,1069,65400,,,,,,
marker_sync,1069,1717600,,,,,,
append,1070,3391900,,,,,,
encode,1070,5200,,,,,,
data_write,1070,68500,,,,,,
data_sync,1070,1714400,,,,,,
marker_write,1070,48000,,,,,,
marker_sync,1070,1552500,,,,,,
append,1071,3273700,,,,,,
encode,1071,5900,,,,,,
data_write,1071,58500,,,,,,
data_sync,1071,1595200,,,,,,
marker_write,1071,49800,,,,,,
marker_sync,1071,1562000,,,,,,
append,1072,3258300,,,,,,
encode,1072,4400,,,,,,
data_write,1072,46800,,,,,,
data_sync,1072,1586900,,,,,,
marker_write,1072,44800,,,,,,
marker_sync,1072,1572800,,,,,,
append,1073,3370000,,,,,,
encode,1073,3600,,,,,,
data_write,1073,47200,,,,,,
data_sync,1073,1549900,,,,,,
marker_write,1073,38600,,,,,,
marker_sync,1073,1727700,,,,,,
append,1074,4152100,,,,,,
encode,1074,5000,,,,,,
data_write,1074,64500,,,,,,
data_sync,1074,2011000,,,,,,
marker_write,1074,53300,,,,,,
marker_sync,1074,2014900,,,,,,
append,1075,3813900,,,,,,
encode,1075,4200,,,,,,
data_write,1075,62000,,,,,,
data_sync,1075,1836800,,,,,,
marker_write,1075,58200,,,,,,
marker_sync,1075,1849800,,,,,,
append,1076,3856600,,,,,,
encode,1076,5600,,,,,,
data_write,1076,72900,,,,,,
data_sync,1076,1866900,,,,,,
marker_write,1076,54800,,,,,,
marker_sync,1076,1853800,,,,,,
append,1077,3517700,,,,,,
encode,1077,3800,,,,,,
data_write,1077,52800,,,,,,
data_sync,1077,1718800,,,,,,
marker_write,1077,42100,,,,,,
marker_sync,1077,1698200,,,,,,
append,1078,3274400,,,,,,
encode,1078,4300,,,,,,
data_write,1078,43600,,,,,,
data_sync,1078,1577000,,,,,,
marker_write,1078,42100,,,,,,
marker_sync,1078,1604800,,,,,,
append,1079,4236200,,,,,,
encode,1079,4600,,,,,,
data_write,1079,72700,,,,,,
data_sync,1079,2030100,,,,,,
marker_write,1079,64200,,,,,,
marker_sync,1079,2060200,,,,,,
append,1080,4399400,,,,,,
encode,1080,7800,,,,,,
data_write,1080,104800,,,,,,
data_sync,1080,2032600,,,,,,
marker_write,1080,66400,,,,,,
marker_sync,1080,2184400,,,,,,
append,1081,3583100,,,,,,
encode,1081,5900,,,,,,
data_write,1081,69300,,,,,,
data_sync,1081,1892900,,,,,,
marker_write,1081,42800,,,,,,
marker_sync,1081,1569600,,,,,,
append,1082,3164201,,,,,,
encode,1082,4300,,,,,,
data_write,1082,47200,,,,,,
data_sync,1082,1539800,,,,,,
marker_write,1082,39500,,,,,,
marker_sync,1082,1531101,,,,,,
append,1083,3150700,,,,,,
encode,1083,4000,,,,,,
data_write,1083,46600,,,,,,
data_sync,1083,1506600,,,,,,
marker_write,1083,36800,,,,,,
marker_sync,1083,1554800,,,,,,
append,1084,3045200,,,,,,
encode,1084,3500,,,,,,
data_write,1084,46200,,,,,,
data_sync,1084,1493300,,,,,,
marker_write,1084,47700,,,,,,
marker_sync,1084,1452600,,,,,,
append,1085,2950400,,,,,,
encode,1085,3100,,,,,,
data_write,1085,44200,,,,,,
data_sync,1085,1419200,,,,,,
marker_write,1085,35700,,,,,,
marker_sync,1085,1446600,,,,,,
append,1086,3001200,,,,,,
encode,1086,2700,,,,,,
data_write,1086,43300,,,,,,
data_sync,1086,1480700,,,,,,
marker_write,1086,38500,,,,,,
marker_sync,1086,1434200,,,,,,
append,1087,3427700,,,,,,
encode,1087,3200,,,,,,
data_write,1087,42100,,,,,,
data_sync,1087,1604900,,,,,,
marker_write,1087,37800,,,,,,
marker_sync,1087,1738000,,,,,,
append,1088,3543000,,,,,,
encode,1088,4600,,,,,,
data_write,1088,60800,,,,,,
data_sync,1088,1727300,,,,,,
marker_write,1088,51400,,,,,,
marker_sync,1088,1697000,,,,,,
append,1089,3442800,,,,,,
encode,1089,3000,,,,,,
data_write,1089,54000,,,,,,
data_sync,1089,1734800,,,,,,
marker_write,1089,39500,,,,,,
marker_sync,1089,1609200,,,,,,
append,1090,3379400,,,,,,
encode,1090,4000,,,,,,
data_write,1090,56300,,,,,,
data_sync,1090,1635500,,,,,,
marker_write,1090,45000,,,,,,
marker_sync,1090,1636200,,,,,,
append,1091,3291800,,,,,,
encode,1091,4300,,,,,,
data_write,1091,45800,,,,,,
data_sync,1091,1548500,,,,,,
marker_write,1091,37800,,,,,,
marker_sync,1091,1653500,,,,,,
append,1092,3799900,,,,,,
encode,1092,5300,,,,,,
data_write,1092,56900,,,,,,
data_sync,1092,1917000,,,,,,
marker_write,1092,54500,,,,,,
marker_sync,1092,1763100,,,,,,
append,1093,3626800,,,,,,
encode,1093,3900,,,,,,
data_write,1093,54900,,,,,,
data_sync,1093,1783700,,,,,,
marker_write,1093,50700,,,,,,
marker_sync,1093,1731000,,,,,,
append,1094,3670500,,,,,,
encode,1094,5600,,,,,,
data_write,1094,59500,,,,,,
data_sync,1094,1863800,,,,,,
marker_write,1094,42400,,,,,,
marker_sync,1094,1696500,,,,,,
append,1095,3615700,,,,,,
encode,1095,4300,,,,,,
data_write,1095,53300,,,,,,
data_sync,1095,1863200,,,,,,
marker_write,1095,45500,,,,,,
marker_sync,1095,1646800,,,,,,
append,1096,3145800,,,,,,
encode,1096,3800,,,,,,
data_write,1096,48100,,,,,,
data_sync,1096,1529600,,,,,,
marker_write,1096,39200,,,,,,
marker_sync,1096,1523000,,,,,,
append,1097,3252900,,,,,,
encode,1097,4100,,,,,,
data_write,1097,45400,,,,,,
data_sync,1097,1633400,,,,,,
marker_write,1097,39500,,,,,,
marker_sync,1097,1528800,,,,,,
append,1098,3419500,,,,,,
encode,1098,3300,,,,,,
data_write,1098,47400,,,,,,
data_sync,1098,1707700,,,,,,
marker_write,1098,42900,,,,,,
marker_sync,1098,1616100,,,,,,
append,1099,3121900,,,,,,
encode,1099,4000,,,,,,
data_write,1099,49900,,,,,,
data_sync,1099,1542800,,,,,,
marker_write,1099,41300,,,,,,
marker_sync,1099,1480900,,,,,,
append,1100,3106000,,,,,,
encode,1100,3900,,,,,,
data_write,1100,47500,,,,,,
data_sync,1100,1506000,,,,,,
marker_write,1100,36800,,,,,,
marker_sync,1100,1509200,,,,,,
append,1101,3031000,,,,,,
encode,1101,3700,,,,,,
data_write,1101,47200,,,,,,
data_sync,1101,1496500,,,,,,
marker_write,1101,37300,,,,,,
marker_sync,1101,1444600,,,,,,
append,1102,3003400,,,,,,
encode,1102,3000,,,,,,
data_write,1102,45300,,,,,,
data_sync,1102,1426500,,,,,,
marker_write,1102,36600,,,,,,
marker_sync,1102,1489900,,,,,,
append,1103,2932400,,,,,,
encode,1103,3100,,,,,,
data_write,1103,45800,,,,,,
data_sync,1103,1416000,,,,,,
marker_write,1103,37400,,,,,,
marker_sync,1103,1428800,,,,,,
append,1104,2873000,,,,,,
encode,1104,2900,,,,,,
data_write,1104,43800,,,,,,
data_sync,1104,1398500,,,,,,
marker_write,1104,35400,,,,,,
marker_sync,1104,1390900,,,,,,
append,1105,3034101,,,,,,
encode,1105,2600,,,,,,
data_write,1105,43100,,,,,,
data_sync,1105,1439101,,,,,,
marker_write,1105,35500,,,,,,
marker_sync,1105,1512100,,,,,,
append,1106,3162600,,,,,,
encode,1106,3700,,,,,,
data_write,1106,64800,,,,,,
data_sync,1106,1512600,,,,,,
marker_write,1106,35700,,,,,,
marker_sync,1106,1544100,,,,,,
append,1107,2875700,,,,,,
encode,1107,3500,,,,,,
data_write,1107,42500,,,,,,
data_sync,1107,1405600,,,,,,
marker_write,1107,33600,,,,,,
marker_sync,1107,1388900,,,,,,
append,1108,3022400,,,,,,
encode,1108,2800,,,,,,
data_write,1108,46300,,,,,,
data_sync,1108,1536200,,,,,,
marker_write,1108,39400,,,,,,
marker_sync,1108,1395900,,,,,,
append,1109,2919600,,,,,,
encode,1109,3500,,,,,,
data_write,1109,45200,,,,,,
data_sync,1109,1425000,,,,,,
marker_write,1109,35600,,,,,,
marker_sync,1109,1408600,,,,,,
append,1110,2887800,,,,,,
encode,1110,3400,,,,,,
data_write,1110,41200,,,,,,
data_sync,1110,1389100,,,,,,
marker_write,1110,33700,,,,,,
marker_sync,1110,1418800,,,,,,
append,1111,2936200,,,,,,
encode,1111,2800,,,,,,
data_write,1111,45400,,,,,,
data_sync,1111,1379500,,,,,,
marker_write,1111,35700,,,,,,
marker_sync,1111,1470900,,,,,,
append,1112,3296000,,,,,,
encode,1112,4600,,,,,,
data_write,1112,47500,,,,,,
data_sync,1112,1640200,,,,,,
marker_write,1112,39000,,,,,,
marker_sync,1112,1563100,,,,,,
append,1113,3008500,,,,,,
encode,1113,3300,,,,,,
data_write,1113,46000,,,,,,
data_sync,1113,1421300,,,,,,
marker_write,1113,33400,,,,,,
marker_sync,1113,1502700,,,,,,
append,1114,3083300,,,,,,
encode,1114,3500,,,,,,
data_write,1114,48700,,,,,,
data_sync,1114,1558600,,,,,,
marker_write,1114,50100,,,,,,
marker_sync,1114,1420900,,,,,,
append,1115,3312300,,,,,,
encode,1115,4600,,,,,,
data_write,1115,51800,,,,,,
data_sync,1115,1682600,,,,,,
marker_write,1115,40400,,,,,,
marker_sync,1115,1531100,,,,,,
append,1116,3417100,,,,,,
encode,1116,3900,,,,,,
data_write,1116,51900,,,,,,
data_sync,1116,1514200,,,,,,
marker_write,1116,35900,,,,,,
marker_sync,1116,1809200,,,,,,
append,1117,3036200,,,,,,
encode,1117,3700,,,,,,
data_write,1117,46700,,,,,,
data_sync,1117,1450700,,,,,,
marker_write,1117,34800,,,,,,
marker_sync,1117,1498700,,,,,,
append,1118,3100300,,,,,,
encode,1118,3500,,,,,,
data_write,1118,42700,,,,,,
data_sync,1118,1509200,,,,,,
marker_write,1118,34300,,,,,,
marker_sync,1118,1508900,,,,,,
append,1119,3084700,,,,,,
encode,1119,3500,,,,,,
data_write,1119,48200,,,,,,
data_sync,1119,1527100,,,,,,
marker_write,1119,37500,,,,,,
marker_sync,1119,1466600,,,,,,
append,1120,3161200,,,,,,
encode,1120,3800,,,,,,
data_write,1120,42900,,,,,,
data_sync,1120,1507400,,,,,,
marker_write,1120,40600,,,,,,
marker_sync,1120,1564500,,,,,,
append,1121,3545400,,,,,,
encode,1121,4900,,,,,,
data_write,1121,49300,,,,,,
data_sync,1121,1708900,,,,,,
marker_write,1121,37100,,,,,,
marker_sync,1121,1743300,,,,,,
append,1122,3419500,,,,,,
encode,1122,4500,,,,,,
data_write,1122,56200,,,,,,
data_sync,1122,1669800,,,,,,
marker_write,1122,53600,,,,,,
marker_sync,1122,1632800,,,,,,
append,1123,3099300,,,,,,
encode,1123,5200,,,,,,
data_write,1123,55000,,,,,,
data_sync,1123,1560700,,,,,,
marker_write,1123,40100,,,,,,
marker_sync,1123,1436000,,,,,,
append,1124,2891300,,,,,,
encode,1124,4100,,,,,,
data_write,1124,46200,,,,,,
data_sync,1124,1443500,,,,,,
marker_write,1124,35600,,,,,,
marker_sync,1124,1359800,,,,,,
append,1125,2985900,,,,,,
encode,1125,3100,,,,,,
data_write,1125,43500,,,,,,
data_sync,1125,1350200,,,,,,
marker_write,1125,34400,,,,,,
marker_sync,1125,1553000,,,,,,
append,1126,3138900,,,,,,
encode,1126,4100,,,,,,
data_write,1126,44100,,,,,,
data_sync,1126,1545500,,,,,,
marker_write,1126,36700,,,,,,
marker_sync,1126,1506200,,,,,,
append,1127,3279100,,,,,,
encode,1127,4100,,,,,,
data_write,1127,51300,,,,,,
data_sync,1127,1669100,,,,,,
marker_write,1127,39700,,,,,,
marker_sync,1127,1512800,,,,,,
append,1128,3123700,,,,,,
encode,1128,4200,,,,,,
data_write,1128,42900,,,,,,
data_sync,1128,1479000,,,,,,
marker_write,1128,33500,,,,,,
marker_sync,1128,1562400,,,,,,
append,1129,3089501,,,,,,
encode,1129,2800,,,,,,
data_write,1129,41700,,,,,,
data_sync,1129,1489101,,,,,,
marker_write,1129,39700,,,,,,
marker_sync,1129,1514300,,,,,,
append,1130,3051000,,,,,,
encode,1130,4000,,,,,,
data_write,1130,46900,,,,,,
data_sync,1130,1492700,,,,,,
marker_write,1130,35300,,,,,,
marker_sync,1130,1470100,,,,,,
append,1131,3068200,,,,,,
encode,1131,3100,,,,,,
data_write,1131,48000,,,,,,
data_sync,1131,1480000,,,,,,
marker_write,1131,35700,,,,,,
marker_sync,1131,1500000,,,,,,
append,1132,3590300,,,,,,
encode,1132,2900,,,,,,
data_write,1132,41100,,,,,,
data_sync,1132,1768100,,,,,,
marker_write,1132,48900,,,,,,
marker_sync,1132,1726900,,,,,,
append,1133,3411800,,,,,,
encode,1133,4800,,,,,,
data_write,1133,56600,,,,,,
data_sync,1133,1687900,,,,,,
marker_write,1133,38900,,,,,,
marker_sync,1133,1621700,,,,,,
append,1134,3166900,,,,,,
encode,1134,3600,,,,,,
data_write,1134,43500,,,,,,
data_sync,1134,1589900,,,,,,
marker_write,1134,38400,,,,,,
marker_sync,1134,1489400,,,,,,
append,1135,3074400,,,,,,
encode,1135,4300,,,,,,
data_write,1135,56200,,,,,,
data_sync,1135,1563300,,,,,,
marker_write,1135,38600,,,,,,
marker_sync,1135,1409700,,,,,,
append,1136,3182700,,,,,,
encode,1136,4100,,,,,,
data_write,1136,46500,,,,,,
data_sync,1136,1472700,,,,,,
marker_write,1136,36500,,,,,,
marker_sync,1136,1619800,,,,,,
append,1137,3374600,,,,,,
encode,1137,4400,,,,,,
data_write,1137,59100,,,,,,
data_sync,1137,1641900,,,,,,
marker_write,1137,37500,,,,,,
marker_sync,1137,1629700,,,,,,
append,1138,3333700,,,,,,
encode,1138,4000,,,,,,
data_write,1138,41600,,,,,,
data_sync,1138,1652600,,,,,,
marker_write,1138,33000,,,,,,
marker_sync,1138,1600500,,,,,,
append,1139,3656600,,,,,,
encode,1139,5000,,,,,,
data_write,1139,57700,,,,,,
data_sync,1139,1940600,,,,,,
marker_write,1139,39100,,,,,,
marker_sync,1139,1612000,,,,,,
append,1140,3181200,,,,,,
encode,1140,4000,,,,,,
data_write,1140,46400,,,,,,
data_sync,1140,1592100,,,,,,
marker_write,1140,35100,,,,,,
marker_sync,1140,1500800,,,,,,
append,1141,3478500,,,,,,
encode,1141,3900,,,,,,
data_write,1141,43600,,,,,,
data_sync,1141,1597400,,,,,,
marker_write,1141,87000,,,,,,
marker_sync,1141,1743900,,,,,,
append,1142,3383900,,,,,,
encode,1142,4400,,,,,,
data_write,1142,51500,,,,,,
data_sync,1142,1541000,,,,,,
marker_write,1142,37000,,,,,,
marker_sync,1142,1747800,,,,,,
append,1143,3337400,,,,,,
encode,1143,4200,,,,,,
data_write,1143,59200,,,,,,
data_sync,1143,1757100,,,,,,
marker_write,1143,36200,,,,,,
marker_sync,1143,1478800,,,,,,
append,1144,3062900,,,,,,
encode,1144,4000,,,,,,
data_write,1144,43100,,,,,,
data_sync,1144,1472600,,,,,,
marker_write,1144,36500,,,,,,
marker_sync,1144,1504300,,,,,,
append,1145,3092900,,,,,,
encode,1145,4400,,,,,,
data_write,1145,48500,,,,,,
data_sync,1145,1482500,,,,,,
marker_write,1145,60800,,,,,,
marker_sync,1145,1494300,,,,,,
append,1146,3556700,,,,,,
encode,1146,4100,,,,,,
data_write,1146,57900,,,,,,
data_sync,1146,1742400,,,,,,
marker_write,1146,64200,,,,,,
marker_sync,1146,1684800,,,,,,
append,1147,3298500,,,,,,
encode,1147,6500,,,,,,
data_write,1147,68800,,,,,,
data_sync,1147,1501200,,,,,,
marker_write,1147,61400,,,,,,
marker_sync,1147,1657500,,,,,,
append,1148,3242600,,,,,,
encode,1148,4000,,,,,,
data_write,1148,57400,,,,,,
data_sync,1148,1599800,,,,,,
marker_write,1148,42600,,,,,,
marker_sync,1148,1536600,,,,,,
append,1149,2676800,,,,,,
encode,1149,3700,,,,,,
data_write,1149,48500,,,,,,
data_sync,1149,1284200,,,,,,
marker_write,1149,36600,,,,,,
marker_sync,1149,1301700,,,,,,
append,1150,3083000,,,,,,
encode,1150,4400,,,,,,
data_write,1150,53300,,,,,,
data_sync,1150,1401900,,,,,,
marker_write,1150,39700,,,,,,
marker_sync,1150,1581500,,,,,,
append,1151,3423001,,,,,,
encode,1151,5400,,,,,,
data_write,1151,49400,,,,,,
data_sync,1151,1502200,,,,,,
marker_write,1151,57500,,,,,,
marker_sync,1151,1806101,,,,,,
append,1152,3298200,,,,,,
encode,1152,5000,,,,,,
data_write,1152,54900,,,,,,
data_sync,1152,1664600,,,,,,
marker_write,1152,39300,,,,,,
marker_sync,1152,1532200,,,,,,
append,1153,3094500,,,,,,
encode,1153,2600,,,,,,
data_write,1153,42100,,,,,,
data_sync,1153,1526800,,,,,,
marker_write,1153,34800,,,,,,
marker_sync,1153,1486000,,,,,,
append,1154,2914900,,,,,,
encode,1154,4500,,,,,,
data_write,1154,48900,,,,,,
data_sync,1154,1420800,,,,,,
marker_write,1154,35100,,,,,,
marker_sync,1154,1403700,,,,,,
append,1155,3079400,,,,,,
encode,1155,3600,,,,,,
data_write,1155,47300,,,,,,
data_sync,1155,1569100,,,,,,
marker_write,1155,40100,,,,,,
marker_sync,1155,1417600,,,,,,
append,1156,3235800,,,,,,
encode,1156,3100,,,,,,
data_write,1156,43000,,,,,,
data_sync,1156,1445700,,,,,,
marker_write,1156,39000,,,,,,
marker_sync,1156,1703200,,,,,,
append,1157,3140600,,,,,,
encode,1157,4100,,,,,,
data_write,1157,51000,,,,,,
data_sync,1157,1553600,,,,,,
marker_write,1157,37100,,,,,,
marker_sync,1157,1492700,,,,,,
append,1158,3033400,,,,,,
encode,1158,3700,,,,,,
data_write,1158,43300,,,,,,
data_sync,1158,1494400,,,,,,
marker_write,1158,41900,,,,,,
marker_sync,1158,1448400,,,,,,
append,1159,3127100,,,,,,
encode,1159,3600,,,,,,
data_write,1159,52900,,,,,,
data_sync,1159,1520500,,,,,,
marker_write,1159,43100,,,,,,
marker_sync,1159,1505300,,,,,,
append,1160,3081300,,,,,,
encode,1160,4400,,,,,,
data_write,1160,55200,,,,,,
data_sync,1160,1461400,,,,,,
marker_write,1160,37100,,,,,,
marker_sync,1160,1521400,,,,,,
append,1161,3891800,,,,,,
encode,1161,4500,,,,,,
data_write,1161,55000,,,,,,
data_sync,1161,1632700,,,,,,
marker_write,1161,48600,,,,,,
marker_sync,1161,2148200,,,,,,
append,1162,3818600,,,,,,
encode,1162,3900,,,,,,
data_write,1162,50800,,,,,,
data_sync,1162,1920700,,,,,,
marker_write,1162,45300,,,,,,
marker_sync,1162,1795600,,,,,,
append,1163,3727000,,,,,,
encode,1163,3700,,,,,,
data_write,1163,66400,,,,,,
data_sync,1163,1987800,,,,,,
marker_write,1163,43700,,,,,,
marker_sync,1163,1622900,,,,,,
append,1164,3059600,,,,,,
encode,1164,3200,,,,,,
data_write,1164,45100,,,,,,
data_sync,1164,1477500,,,,,,
marker_write,1164,38000,,,,,,
marker_sync,1164,1493400,,,,,,
append,1165,3304900,,,,,,
encode,1165,3300,,,,,,
data_write,1165,46300,,,,,,
data_sync,1165,1673900,,,,,,
marker_write,1165,51400,,,,,,
marker_sync,1165,1527100,,,,,,
append,1166,3174800,,,,,,
encode,1166,3800,,,,,,
data_write,1166,50000,,,,,,
data_sync,1166,1545900,,,,,,
marker_write,1166,39900,,,,,,
marker_sync,1166,1533600,,,,,,
append,1167,3026600,,,,,,
encode,1167,3800,,,,,,
data_write,1167,49000,,,,,,
data_sync,1167,1481100,,,,,,
marker_write,1167,36100,,,,,,
marker_sync,1167,1455200,,,,,,
append,1168,2940200,,,,,,
encode,1168,3000,,,,,,
data_write,1168,42700,,,,,,
data_sync,1168,1425100,,,,,,
marker_write,1168,36900,,,,,,
marker_sync,1168,1430800,,,,,,
append,1169,2962500,,,,,,
encode,1169,3100,,,,,,
data_write,1169,43200,,,,,,
data_sync,1169,1446700,,,,,,
marker_write,1169,36100,,,,,,
marker_sync,1169,1432100,,,,,,
append,1170,3113100,,,,,,
encode,1170,2800,,,,,,
data_write,1170,43000,,,,,,
data_sync,1170,1424600,,,,,,
marker_write,1170,35300,,,,,,
marker_sync,1170,1604900,,,,,,
append,1171,3828200,,,,,,
encode,1171,5200,,,,,,
data_write,1171,62700,,,,,,
data_sync,1171,1906000,,,,,,
marker_write,1171,40700,,,,,,
marker_sync,1171,1811800,,,,,,
append,1172,3111900,,,,,,
encode,1172,3500,,,,,,
data_write,1172,45700,,,,,,
data_sync,1172,1527600,,,,,,
marker_write,1172,37900,,,,,,
marker_sync,1172,1495400,,,,,,
append,1173,3142100,,,,,,
encode,1173,3700,,,,,,
data_write,1173,44400,,,,,,
data_sync,1173,1509800,,,,,,
marker_write,1173,34400,,,,,,
marker_sync,1173,1547600,,,,,,
append,1174,3434201,,,,,,
encode,1174,4200,,,,,,
data_write,1174,53800,,,,,,
data_sync,1174,1724900,,,,,,
marker_write,1174,36000,,,,,,
marker_sync,1174,1613701,,,,,,
append,1175,3920200,,,,,,
encode,1175,3300,,,,,,
data_write,1175,44000,,,,,,
data_sync,1175,1702900,,,,,,
marker_write,1175,46800,,,,,,
marker_sync,1175,2120800,,,,,,
append,1176,3403300,,,,,,
encode,1176,5300,,,,,,
data_write,1176,63200,,,,,,
data_sync,1176,1726000,,,,,,
marker_write,1176,38200,,,,,,
marker_sync,1176,1568300,,,,,,
append,1177,3190200,,,,,,
encode,1177,3900,,,,,,
data_write,1177,44500,,,,,,
data_sync,1177,1550700,,,,,,
marker_write,1177,45700,,,,,,
marker_sync,1177,1543800,,,,,,
append,1178,3168300,,,,,,
encode,1178,2700,,,,,,
data_write,1178,40900,,,,,,
data_sync,1178,1522500,,,,,,
marker_write,1178,34500,,,,,,
marker_sync,1178,1566300,,,,,,
append,1179,3207000,,,,,,
encode,1179,2900,,,,,,
data_write,1179,41600,,,,,,
data_sync,1179,1526600,,,,,,
marker_write,1179,33100,,,,,,
marker_sync,1179,1600500,,,,,,
append,1180,3426200,,,,,,
encode,1180,4800,,,,,,
data_write,1180,60500,,,,,,
data_sync,1180,1667900,,,,,,
marker_write,1180,39600,,,,,,
marker_sync,1180,1651000,,,,,,
append,1181,3401300,,,,,,
encode,1181,4000,,,,,,
data_write,1181,52500,,,,,,
data_sync,1181,1688100,,,,,,
marker_write,1181,37200,,,,,,
marker_sync,1181,1617300,,,,,,
append,1182,3578400,,,,,,
encode,1182,3900,,,,,,
data_write,1182,48300,,,,,,
data_sync,1182,1739900,,,,,,
marker_write,1182,38500,,,,,,
marker_sync,1182,1746000,,,,,,
append,1183,3581800,,,,,,
encode,1183,4000,,,,,,
data_write,1183,42700,,,,,,
data_sync,1183,1778600,,,,,,
marker_write,1183,35900,,,,,,
marker_sync,1183,1717700,,,,,,
append,1184,3151000,,,,,,
encode,1184,3600,,,,,,
data_write,1184,45900,,,,,,
data_sync,1184,1517600,,,,,,
marker_write,1184,39200,,,,,,
marker_sync,1184,1542500,,,,,,
append,1185,3312400,,,,,,
encode,1185,4900,,,,,,
data_write,1185,55000,,,,,,
data_sync,1185,1616300,,,,,,
marker_write,1185,39600,,,,,,
marker_sync,1185,1593700,,,,,,
append,1186,3193000,,,,,,
encode,1186,4700,,,,,,
data_write,1186,55500,,,,,,
data_sync,1186,1547500,,,,,,
marker_write,1186,37800,,,,,,
marker_sync,1186,1545100,,,,,,
append,1187,3101000,,,,,,
encode,1187,3700,,,,,,
data_write,1187,43400,,,,,,
data_sync,1187,1503500,,,,,,
marker_write,1187,34500,,,,,,
marker_sync,1187,1513700,,,,,,
append,1188,3296800,,,,,,
encode,1188,4600,,,,,,
data_write,1188,53900,,,,,,
data_sync,1188,1614500,,,,,,
marker_write,1188,39200,,,,,,
marker_sync,1188,1582300,,,,,,
append,1189,3120500,,,,,,
encode,1189,4600,,,,,,
data_write,1189,53400,,,,,,
data_sync,1189,1486300,,,,,,
marker_write,1189,49600,,,,,,
marker_sync,1189,1524800,,,,,,
append,1190,3353300,,,,,,
encode,1190,3900,,,,,,
data_write,1190,41100,,,,,,
data_sync,1190,1503900,,,,,,
marker_write,1190,32000,,,,,,
marker_sync,1190,1770300,,,,,,
append,1191,3304800,,,,,,
encode,1191,4100,,,,,,
data_write,1191,72000,,,,,,
data_sync,1191,1695300,,,,,,
marker_write,1191,36300,,,,,,
marker_sync,1191,1495300,,,,,,
append,1192,3462600,,,,,,
encode,1192,3700,,,,,,
data_write,1192,60600,,,,,,
data_sync,1192,1737300,,,,,,
marker_write,1192,34700,,,,,,
marker_sync,1192,1624700,,,,,,
append,1193,3145900,,,,,,
encode,1193,4000,,,,,,
data_write,1193,39000,,,,,,
data_sync,1193,1442400,,,,,,
marker_write,1193,34000,,,,,,
marker_sync,1193,1625200,,,,,,
append,1194,3073800,,,,,,
encode,1194,2500,,,,,,
data_write,1194,40200,,,,,,
data_sync,1194,1428700,,,,,,
marker_write,1194,36800,,,,,,
marker_sync,1194,1563900,,,,,,
append,1195,3123100,,,,,,
encode,1195,3400,,,,,,
data_write,1195,45300,,,,,,
data_sync,1195,1467900,,,,,,
marker_write,1195,34700,,,,,,
marker_sync,1195,1569800,,,,,,
append,1196,3009701,,,,,,
encode,1196,4200,,,,,,
data_write,1196,47300,,,,,,
data_sync,1196,1491700,,,,,,
marker_write,1196,35400,,,,,,
marker_sync,1196,1429401,,,,,,
append,1197,2927800,,,,,,
encode,1197,3600,,,,,,
data_write,1197,46700,,,,,,
data_sync,1197,1413300,,,,,,
marker_write,1197,34500,,,,,,
marker_sync,1197,1428300,,,,,,
append,1198,2980800,,,,,,
encode,1198,2900,,,,,,
data_write,1198,43200,,,,,,
data_sync,1198,1455300,,,,,,
marker_write,1198,33400,,,,,,
marker_sync,1198,1444600,,,,,,
append,1199,3114700,,,,,,
encode,1199,2600,,,,,,
data_write,1199,40400,,,,,,
data_sync,1199,1411500,,,,,,
marker_write,1199,33500,,,,,,
marker_sync,1199,1624900,,,,,,
append,1200,3331500,,,,,,
encode,1200,3500,,,,,,
data_write,1200,43600,,,,,,
data_sync,1200,1624300,,,,,,
marker_write,1200,48600,,,,,,
marker_sync,1200,1608800,,,,,,
append,1201,3220800,,,,,,
encode,1201,4400,,,,,,
data_write,1201,48100,,,,,,
data_sync,1201,1564400,,,,,,
marker_write,1201,41200,,,,,,
marker_sync,1201,1560700,,,,,,
append,1202,2972300,,,,,,
encode,1202,4100,,,,,,
data_write,1202,46400,,,,,,
data_sync,1202,1467100,,,,,,
marker_write,1202,39900,,,,,,
marker_sync,1202,1412900,,,,,,
append,1203,2887000,,,,,,
encode,1203,3200,,,,,,
data_write,1203,42800,,,,,,
data_sync,1203,1385800,,,,,,
marker_write,1203,41800,,,,,,
marker_sync,1203,1411700,,,,,,
append,1204,3108800,,,,,,
encode,1204,4600,,,,,,
data_write,1204,64000,,,,,,
data_sync,1204,1476400,,,,,,
marker_write,1204,35400,,,,,,
marker_sync,1204,1525600,,,,,,
append,1205,3176600,,,,,,
encode,1205,5400,,,,,,
data_write,1205,73700,,,,,,
data_sync,1205,1453400,,,,,,
marker_write,1205,42200,,,,,,
marker_sync,1205,1599700,,,,,,
append,1206,3335100,,,,,,
encode,1206,5400,,,,,,
data_write,1206,54700,,,,,,
data_sync,1206,1712300,,,,,,
marker_write,1206,44600,,,,,,
marker_sync,1206,1515900,,,,,,
append,1207,3011400,,,,,,
encode,1207,4200,,,,,,
data_write,1207,48900,,,,,,
data_sync,1207,1436100,,,,,,
marker_write,1207,36900,,,,,,
marker_sync,1207,1483200,,,,,,
append,1208,3066900,,,,,,
encode,1208,4300,,,,,,
data_write,1208,43800,,,,,,
data_sync,1208,1472800,,,,,,
marker_write,1208,40400,,,,,,
marker_sync,1208,1503000,,,,,,
append,1209,3046000,,,,,,
encode,1209,4900,,,,,,
data_write,1209,53600,,,,,,
data_sync,1209,1483300,,,,,,
marker_write,1209,36200,,,,,,
marker_sync,1209,1465700,,,,,,
append,1210,3159500,,,,,,
encode,1210,4900,,,,,,
data_write,1210,53400,,,,,,
data_sync,1210,1611000,,,,,,
marker_write,1210,44400,,,,,,
marker_sync,1210,1443700,,,,,,
append,1211,2886100,,,,,,
encode,1211,4100,,,,,,
data_write,1211,47800,,,,,,
data_sync,1211,1421000,,,,,,
marker_write,1211,37000,,,,,,
marker_sync,1211,1374600,,,,,,
append,1212,3041200,,,,,,
encode,1212,3300,,,,,,
data_write,1212,49000,,,,,,
data_sync,1212,1423300,,,,,,
marker_write,1212,51200,,,,,,
marker_sync,1212,1511900,,,,,,
append,1213,3433600,,,,,,
encode,1213,5300,,,,,,
data_write,1213,62400,,,,,,
data_sync,1213,1561800,,,,,,
marker_write,1213,52700,,,,,,
marker_sync,1213,1748100,,,,,,
append,1214,3622800,,,,,,
encode,1214,7100,,,,,,
data_write,1214,69600,,,,,,
data_sync,1214,1777300,,,,,,
marker_write,1214,51200,,,,,,
marker_sync,1214,1714800,,,,,,
append,1215,3231800,,,,,,
encode,1215,6200,,,,,,
data_write,1215,68600,,,,,,
data_sync,1215,1673000,,,,,,
marker_write,1215,47600,,,,,,
marker_sync,1215,1434400,,,,,,
append,1216,2940700,,,,,,
encode,1216,4500,,,,,,
data_write,1216,49100,,,,,,
data_sync,1216,1438200,,,,,,
marker_write,1216,37200,,,,,,
marker_sync,1216,1409500,,,,,,
append,1217,3359000,,,,,,
encode,1217,3700,,,,,,
data_write,1217,59700,,,,,,
data_sync,1217,1709700,,,,,,
marker_write,1217,43200,,,,,,
marker_sync,1217,1541000,,,,,,
append,1218,3164300,,,,,,
encode,1218,3600,,,,,,
data_write,1218,54500,,,,,,
data_sync,1218,1674200,,,,,,
marker_write,1218,41100,,,,,,
marker_sync,1218,1388600,,,,,,
append,1219,2781400,,,,,,
encode,1219,3500,,,,,,
data_write,1219,45600,,,,,,
data_sync,1219,1317100,,,,,,
marker_write,1219,36200,,,,,,
marker_sync,1219,1377200,,,,,,
append,1220,2730201,,,,,,
encode,1220,3800,,,,,,
data_write,1220,47300,,,,,,
data_sync,1220,1310700,,,,,,
marker_write,1220,38500,,,,,,
marker_sync,1220,1328301,,,,,,
append,1221,2957800,,,,,,
encode,1221,3200,,,,,,
data_write,1221,43900,,,,,,
data_sync,1221,1319200,,,,,,
marker_write,1221,58000,,,,,,
marker_sync,1221,1531600,,,,,,
append,1222,3022700,,,,,,
encode,1222,3800,,,,,,
data_write,1222,47500,,,,,,
data_sync,1222,1429100,,,,,,
marker_write,1222,40600,,,,,,
marker_sync,1222,1499800,,,,,,
append,1223,2900400,,,,,,
encode,1223,4400,,,,,,
data_write,1223,48500,,,,,,
data_sync,1223,1433300,,,,,,
marker_write,1223,40200,,,,,,
marker_sync,1223,1372300,,,,,,
append,1224,2820700,,,,,,
encode,1224,3400,,,,,,
data_write,1224,45400,,,,,,
data_sync,1224,1348700,,,,,,
marker_write,1224,36400,,,,,,
marker_sync,1224,1385000,,,,,,
append,1225,3090300,,,,,,
encode,1225,4600,,,,,,
data_write,1225,52400,,,,,,
data_sync,1225,1500100,,,,,,
marker_write,1225,53500,,,,,,
marker_sync,1225,1477700,,,,,,
append,1226,2857800,,,,,,
encode,1226,4600,,,,,,
data_write,1226,50300,,,,,,
data_sync,1226,1397300,,,,,,
marker_write,1226,38600,,,,,,
marker_sync,1226,1365200,,,,,,
append,1227,2782400,,,,,,
encode,1227,3700,,,,,,
data_write,1227,44800,,,,,,
data_sync,1227,1352900,,,,,,
marker_write,1227,37100,,,,,,
marker_sync,1227,1342700,,,,,,
append,1228,2821800,,,,,,
encode,1228,2600,,,,,,
data_write,1228,43700,,,,,,
data_sync,1228,1369500,,,,,,
marker_write,1228,37100,,,,,,
marker_sync,1228,1366800,,,,,,
append,1229,2843900,,,,,,
encode,1229,3900,,,,,,
data_write,1229,48600,,,,,,
data_sync,1229,1381200,,,,,,
marker_write,1229,37600,,,,,,
marker_sync,1229,1370800,,,,,,
append,1230,2968900,,,,,,
encode,1230,3100,,,,,,
data_write,1230,43900,,,,,,
data_sync,1230,1332200,,,,,,
marker_write,1230,35900,,,,,,
marker_sync,1230,1552200,,,,,,
append,1231,3145700,,,,,,
encode,1231,3300,,,,,,
data_write,1231,46800,,,,,,
data_sync,1231,1625400,,,,,,
marker_write,1231,34300,,,,,,
marker_sync,1231,1434100,,,,,,
append,1232,3068300,,,,,,
encode,1232,3700,,,,,,
data_write,1232,53200,,,,,,
data_sync,1232,1443000,,,,,,
marker_write,1232,39800,,,,,,
marker_sync,1232,1526800,,,,,,
append,1233,2967600,,,,,,
encode,1233,3000,,,,,,
data_write,1233,41500,,,,,,
data_sync,1233,1418900,,,,,,
marker_write,1233,37600,,,,,,
marker_sync,1233,1465100,,,,,,
append,1234,3085900,,,,,,
encode,1234,3900,,,,,,
data_write,1234,53200,,,,,,
data_sync,1234,1501500,,,,,,
marker_write,1234,40800,,,,,,
marker_sync,1234,1483200,,,,,,
append,1235,3381600,,,,,,
encode,1235,5400,,,,,,
data_write,1235,67200,,,,,,
data_sync,1235,1608800,,,,,,
marker_write,1235,45700,,,,,,
marker_sync,1235,1651400,,,,,,
append,1236,3398900,,,,,,
encode,1236,4500,,,,,,
data_write,1236,67900,,,,,,
data_sync,1236,1725900,,,,,,
marker_write,1236,48600,,,,,,
marker_sync,1236,1548100,,,,,,
append,1237,3078900,,,,,,
encode,1237,5300,,,,,,
data_write,1237,66900,,,,,,
data_sync,1237,1547200,,,,,,
marker_write,1237,40000,,,,,,
marker_sync,1237,1417000,,,,,,
append,1238,2917800,,,,,,
encode,1238,4400,,,,,,
data_write,1238,42900,,,,,,
data_sync,1238,1448800,,,,,,
marker_write,1238,35900,,,,,,
marker_sync,1238,1384300,,,,,,
append,1239,2985400,,,,,,
encode,1239,3200,,,,,,
data_write,1239,42200,,,,,,
data_sync,1239,1485000,,,,,,
marker_write,1239,39900,,,,,,
marker_sync,1239,1412600,,,,,,
append,1240,2896900,,,,,,
encode,1240,3800,,,,,,
data_write,1240,44900,,,,,,
data_sync,1240,1411400,,,,,,
marker_write,1240,35300,,,,,,
marker_sync,1240,1399800,,,,,,
append,1241,3068800,,,,,,
encode,1241,3300,,,,,,
data_write,1241,42900,,,,,,
data_sync,1241,1506900,,,,,,
marker_write,1241,37700,,,,,,
marker_sync,1241,1476400,,,,,,
append,1242,3367300,,,,,,
encode,1242,3200,,,,,,
data_write,1242,42100,,,,,,
data_sync,1242,1540200,,,,,,
marker_write,1242,40900,,,,,,
marker_sync,1242,1739000,,,,,,
append,1243,2719300,,,,,,
encode,1243,4000,,,,,,
data_write,1243,44600,,,,,,
data_sync,1243,1314100,,,,,,
marker_write,1243,39200,,,,,,
marker_sync,1243,1314900,,,,,,
append,1244,2812100,,,,,,
encode,1244,2900,,,,,,
data_write,1244,45200,,,,,,
data_sync,1244,1353200,,,,,,
marker_write,1244,36800,,,,,,
marker_sync,1244,1372300,,,,,,
append,1245,2734001,,,,,,
encode,1245,4400,,,,,,
data_write,1245,51300,,,,,,
data_sync,1245,1338701,,,,,,
marker_write,1245,42100,,,,,,
marker_sync,1245,1296100,,,,,,
append,1246,3314700,,,,,,
encode,1246,3000,,,,,,
data_write,1246,51600,,,,,,
data_sync,1246,1420000,,,,,,
marker_write,1246,38200,,,,,,
marker_sync,1246,1799600,,,,,,
append,1247,3257500,,,,,,
encode,1247,5000,,,,,,
data_write,1247,63200,,,,,,
data_sync,1247,1605800,,,,,,
marker_write,1247,53300,,,,,,
marker_sync,1247,1527700,,,,,,
append,1248,3203100,,,,,,
encode,1248,4200,,,,,,
data_write,1248,44600,,,,,,
data_sync,1248,1575600,,,,,,
marker_write,1248,38600,,,,,,
marker_sync,1248,1538000,,,,,,
append,1249,3169500,,,,,,
encode,1249,4400,,,,,,
data_write,1249,54800,,,,,,
data_sync,1249,1532800,,,,,,
marker_write,1249,47500,,,,,,
marker_sync,1249,1527200,,,,,,
append,1250,3316500,,,,,,
encode,1250,4500,,,,,,
data_write,1250,48500,,,,,,
data_sync,1250,1575600,,,,,,
marker_write,1250,51200,,,,,,
marker_sync,1250,1634800,,,,,,
append,1251,3168100,,,,,,
encode,1251,4600,,,,,,
data_write,1251,53100,,,,,,
data_sync,1251,1493500,,,,,,
marker_write,1251,42800,,,,,,
marker_sync,1251,1572100,,,,,,
append,1252,2984400,,,,,,
encode,1252,4400,,,,,,
data_write,1252,46900,,,,,,
data_sync,1252,1459000,,,,,,
marker_write,1252,36300,,,,,,
marker_sync,1252,1436800,,,,,,
append,1253,2921700,,,,,,
encode,1253,2300,,,,,,
data_write,1253,42400,,,,,,
data_sync,1253,1501000,,,,,,
marker_write,1253,35200,,,,,,
marker_sync,1253,1338900,,,,,,
append,1254,2756100,,,,,,
encode,1254,3900,,,,,,
data_write,1254,46300,,,,,,
data_sync,1254,1322800,,,,,,
marker_write,1254,38700,,,,,,
marker_sync,1254,1343100,,,,,,
append,1255,2864800,,,,,,
encode,1255,2700,,,,,,
data_write,1255,41800,,,,,,
data_sync,1255,1381400,,,,,,
marker_write,1255,36500,,,,,,
marker_sync,1255,1400600,,,,,,
append,1256,2852000,,,,,,
encode,1256,3800,,,,,,
data_write,1256,45800,,,,,,
data_sync,1256,1375700,,,,,,
marker_write,1256,34700,,,,,,
marker_sync,1256,1390100,,,,,,
append,1257,2817200,,,,,,
encode,1257,2700,,,,,,
data_write,1257,42800,,,,,,
data_sync,1257,1386300,,,,,,
marker_write,1257,34100,,,,,,
marker_sync,1257,1349700,,,,,,
append,1258,3017300,,,,,,
encode,1258,3300,,,,,,
data_write,1258,49700,,,,,,
data_sync,1258,1505900,,,,,,
marker_write,1258,39600,,,,,,
marker_sync,1258,1417200,,,,,,
append,1259,2820300,,,,,,
encode,1259,3500,,,,,,
data_write,1259,43200,,,,,,
data_sync,1259,1370100,,,,,,
marker_write,1259,36700,,,,,,
marker_sync,1259,1364900,,,,,,
append,1260,2774800,,,,,,
encode,1260,2900,,,,,,
data_write,1260,44800,,,,,,
data_sync,1260,1340300,,,,,,
marker_write,1260,34100,,,,,,
marker_sync,1260,1351500,,,,,,
append,1261,3007400,,,,,,
encode,1261,3100,,,,,,
data_write,1261,38400,,,,,,
data_sync,1261,1402200,,,,,,
marker_write,1261,9700,,,,,,
marker_sync,1261,1552600,,,,,,
append,1262,3274700,,,,,,
encode,1262,2800,,,,,,
data_write,1262,44000,,,,,,
data_sync,1262,1613900,,,,,,
marker_write,1262,38700,,,,,,
marker_sync,1262,1572900,,,,,,
append,1263,3108400,,,,,,
encode,1263,3500,,,,,,
data_write,1263,49100,,,,,,
data_sync,1263,1632400,,,,,,
marker_write,1263,35600,,,,,,
marker_sync,1263,1386300,,,,,,
append,1264,2893100,,,,,,
encode,1264,2700,,,,,,
data_write,1264,69500,,,,,,
data_sync,1264,1350500,,,,,,
marker_write,1264,34500,,,,,,
marker_sync,1264,1434400,,,,,,
append,1265,2803700,,,,,,
encode,1265,3100,,,,,,
data_write,1265,46100,,,,,,
data_sync,1265,1394400,,,,,,
marker_write,1265,34800,,,,,,
marker_sync,1265,1324000,,,,,,
append,1266,2791100,,,,,,
encode,1266,2700,,,,,,
data_write,1266,43100,,,,,,
data_sync,1266,1365400,,,,,,
marker_write,1266,35900,,,,,,
marker_sync,1266,1342200,,,,,,
append,1267,3118300,,,,,,
encode,1267,2600,,,,,,
data_write,1267,45100,,,,,,
data_sync,1267,1366000,,,,,,
marker_write,1267,38000,,,,,,
marker_sync,1267,1664500,,,,,,
append,1268,3886000,,,,,,
encode,1268,5300,,,,,,
data_write,1268,65700,,,,,,
data_sync,1268,1936400,,,,,,
marker_write,1268,52300,,,,,,
marker_sync,1268,1823000,,,,,,
append,1269,3350001,,,,,,
encode,1269,5200,,,,,,
data_write,1269,58000,,,,,,
data_sync,1269,1645600,,,,,,
marker_write,1269,39700,,,,,,
marker_sync,1269,1598901,,,,,,
append,1270,3117500,,,,,,
encode,1270,3700,,,,,,
data_write,1270,49300,,,,,,
data_sync,1270,1537400,,,,,,
marker_write,1270,36700,,,,,,
marker_sync,1270,1488400,,,,,,
append,1271,3306000,,,,,,
encode,1271,4100,,,,,,
data_write,1271,45300,,,,,,
data_sync,1271,1485500,,,,,,
marker_write,1271,35300,,,,,,
marker_sync,1271,1734200,,,,,,
append,1272,3377400,,,,,,
encode,1272,3100,,,,,,
data_write,1272,43100,,,,,,
data_sync,1272,1669900,,,,,,
marker_write,1272,42800,,,,,,
marker_sync,1272,1615900,,,,,,
append,1273,3831000,,,,,,
encode,1273,4500,,,,,,
data_write,1273,46600,,,,,,
data_sync,1273,1926200,,,,,,
marker_write,1273,49400,,,,,,
marker_sync,1273,1801300,,,,,,
append,1274,3286900,,,,,,
encode,1274,4500,,,,,,
data_write,1274,65700,,,,,,
data_sync,1274,1621400,,,,,,
marker_write,1274,39000,,,,,,
marker_sync,1274,1553500,,,,,,
append,1275,3123500,,,,,,
encode,1275,3600,,,,,,
data_write,1275,45500,,,,,,
data_sync,1275,1555400,,,,,,
marker_write,1275,39100,,,,,,
marker_sync,1275,1478200,,,,,,
append,1276,3548500,,,,,,
encode,1276,2800,,,,,,
data_write,1276,45500,,,,,,
data_sync,1276,1685000,,,,,,
marker_write,1276,36500,,,,,,
marker_sync,1276,1776300,,,,,,
append,1277,3312500,,,,,,
encode,1277,3700,,,,,,
data_write,1277,54100,,,,,,
data_sync,1277,1653600,,,,,,
marker_write,1277,39700,,,,,,
marker_sync,1277,1559100,,,,,,
append,1278,3080000,,,,,,
encode,1278,3400,,,,,,
data_write,1278,46300,,,,,,
data_sync,1278,1487100,,,,,,
marker_write,1278,33900,,,,,,
marker_sync,1278,1507900,,,,,,
append,1279,3013700,,,,,,
encode,1279,3100,,,,,,
data_write,1279,39600,,,,,,
data_sync,1279,1484600,,,,,,
marker_write,1279,34200,,,,,,
marker_sync,1279,1450600,,,,,,
append,1280,2988500,,,,,,
encode,1280,2800,,,,,,
data_write,1280,39900,,,,,,
data_sync,1280,1454400,,,,,,
marker_write,1280,33200,,,,,,
marker_sync,1280,1457200,,,,,,
append,1281,3023800,,,,,,
encode,1281,2100,,,,,,
data_write,1281,41000,,,,,,
data_sync,1281,1484100,,,,,,
marker_write,1281,33200,,,,,,
marker_sync,1281,1462300,,,,,,
append,1282,3445800,,,,,,
encode,1282,2400,,,,,,
data_write,1282,38300,,,,,,
data_sync,1282,1703100,,,,,,
marker_write,1282,34000,,,,,,
marker_sync,1282,1665900,,,,,,
append,1283,3838700,,,,,,
encode,1283,4000,,,,,,
data_write,1283,42200,,,,,,
data_sync,1283,1752400,,,,,,
marker_write,1283,44100,,,,,,
marker_sync,1283,1993200,,,,,,
append,1284,3935600,,,,,,
encode,1284,5900,,,,,,
data_write,1284,71100,,,,,,
data_sync,1284,1926600,,,,,,
marker_write,1284,58600,,,,,,
marker_sync,1284,1869900,,,,,,
append,1285,3479500,,,,,,
encode,1285,5100,,,,,,
data_write,1285,60500,,,,,,
data_sync,1285,1673400,,,,,,
marker_write,1285,38500,,,,,,
marker_sync,1285,1699800,,,,,,
append,1286,3416900,,,,,,
encode,1286,4200,,,,,,
data_write,1286,56100,,,,,,
data_sync,1286,1607100,,,,,,
marker_write,1286,42300,,,,,,
marker_sync,1286,1705200,,,,,,
append,1287,3351700,,,,,,
encode,1287,5000,,,,,,
data_write,1287,90800,,,,,,
data_sync,1287,1609200,,,,,,
marker_write,1287,38200,,,,,,
marker_sync,1287,1606400,,,,,,
append,1288,3125600,,,,,,
encode,1288,3900,,,,,,
data_write,1288,46100,,,,,,
data_sync,1288,1502800,,,,,,
marker_write,1288,45500,,,,,,
marker_sync,1288,1525400,,,,,,
append,1289,3201200,,,,,,
encode,1289,3100,,,,,,
data_write,1289,42400,,,,,,
data_sync,1289,1533300,,,,,,
marker_write,1289,44400,,,,,,
marker_sync,1289,1576200,,,,,,
append,1290,3155600,,,,,,
encode,1290,4000,,,,,,
data_write,1290,44500,,,,,,
data_sync,1290,1515600,,,,,,
marker_write,1290,34000,,,,,,
marker_sync,1290,1555700,,,,,,
append,1291,3437401,,,,,,
encode,1291,3300,,,,,,
data_write,1291,43500,,,,,,
data_sync,1291,1558200,,,,,,
marker_write,1291,47300,,,,,,
marker_sync,1291,1783001,,,,,,
append,1292,4120700,,,,,,
encode,1292,5000,,,,,,
data_write,1292,55300,,,,,,
data_sync,1292,2275100,,,,,,
marker_write,1292,46500,,,,,,
marker_sync,1292,1736800,,,,,,
append,1293,3390800,,,,,,
encode,1293,4200,,,,,,
data_write,1293,42400,,,,,,
data_sync,1293,1642400,,,,,,
marker_write,1293,36500,,,,,,
marker_sync,1293,1663100,,,,,,
append,1294,3061200,,,,,,
encode,1294,3800,,,,,,
data_write,1294,43000,,,,,,
data_sync,1294,1537500,,,,,,
marker_write,1294,34800,,,,,,
marker_sync,1294,1440300,,,,,,
append,1295,3210600,,,,,,
encode,1295,3200,,,,,,
data_write,1295,38200,,,,,,
data_sync,1295,1476300,,,,,,
marker_write,1295,41700,,,,,,
marker_sync,1295,1648100,,,,,,
append,1296,5337200,,,,,,
encode,1296,3600,,,,,,
data_write,1296,46900,,,,,,
data_sync,1296,1610700,,,,,,
marker_write,1296,36600,,,,,,
marker_sync,1296,3636800,,,,,,
append,1297,4089800,,,,,,
encode,1297,4000,,,,,,
data_write,1297,52100,,,,,,
data_sync,1297,1808700,,,,,,
marker_write,1297,631200,,,,,,
marker_sync,1297,1591000,,,,,,
append,1298,3521500,,,,,,
encode,1298,5000,,,,,,
data_write,1298,59800,,,,,,
data_sync,1298,1831800,,,,,,
marker_write,1298,48800,,,,,,
marker_sync,1298,1573500,,,,,,
append,1299,3223100,,,,,,
encode,1299,3900,,,,,,
data_write,1299,44600,,,,,,
data_sync,1299,1583500,,,,,,
marker_write,1299,44900,,,,,,
marker_sync,1299,1544000,,,,,,
append,1300,3650100,,,,,,
encode,1300,4600,,,,,,
data_write,1300,52900,,,,,,
data_sync,1300,1760200,,,,,,
marker_write,1300,42400,,,,,,
marker_sync,1300,1787700,,,,,,
append,1301,3521900,,,,,,
encode,1301,5000,,,,,,
data_write,1301,69100,,,,,,
data_sync,1301,1822000,,,,,,
marker_write,1301,38900,,,,,,
marker_sync,1301,1584200,,,,,,
append,1302,3101900,,,,,,
encode,1302,3600,,,,,,
data_write,1302,43900,,,,,,
data_sync,1302,1528700,,,,,,
marker_write,1302,38300,,,,,,
marker_sync,1302,1485500,,,,,,
append,1303,3104500,,,,,,
encode,1303,4300,,,,,,
data_write,1303,56800,,,,,,
data_sync,1303,1567000,,,,,,
marker_write,1303,37400,,,,,,
marker_sync,1303,1437200,,,,,,
append,1304,3194100,,,,,,
encode,1304,2900,,,,,,
data_write,1304,43300,,,,,,
data_sync,1304,1556300,,,,,,
marker_write,1304,33800,,,,,,
marker_sync,1304,1556000,,,,,,
append,1305,3451600,,,,,,
encode,1305,5800,,,,,,
data_write,1305,61200,,,,,,
data_sync,1305,1724100,,,,,,
marker_write,1305,42400,,,,,,
marker_sync,1305,1615900,,,,,,
append,1306,3183900,,,,,,
encode,1306,4900,,,,,,
data_write,1306,48300,,,,,,
data_sync,1306,1545500,,,,,,
marker_write,1306,40700,,,,,,
marker_sync,1306,1542800,,,,,,
append,1307,3135600,,,,,,
encode,1307,3500,,,,,,
data_write,1307,44100,,,,,,
data_sync,1307,1551400,,,,,,
marker_write,1307,36800,,,,,,
marker_sync,1307,1497900,,,,,,
append,1308,3138500,,,,,,
encode,1308,3100,,,,,,
data_write,1308,42100,,,,,,
data_sync,1308,1560500,,,,,,
marker_write,1308,39600,,,,,,
marker_sync,1308,1490900,,,,,,
append,1309,3585200,,,,,,
encode,1309,3300,,,,,,
data_write,1309,44600,,,,,,
data_sync,1309,1786200,,,,,,
marker_write,1309,52300,,,,,,
marker_sync,1309,1696200,,,,,,
append,1310,3333900,,,,,,
encode,1310,5200,,,,,,
data_write,1310,58500,,,,,,
data_sync,1310,1579600,,,,,,
marker_write,1310,50100,,,,,,
marker_sync,1310,1637500,,,,,,
append,1311,3273100,,,,,,
encode,1311,5800,,,,,,
data_write,1311,50300,,,,,,
data_sync,1311,1614200,,,,,,
marker_write,1311,45500,,,,,,
marker_sync,1311,1555300,,,,,,
append,1312,3204200,,,,,,
encode,1312,4300,,,,,,
data_write,1312,45300,,,,,,
data_sync,1312,1530300,,,,,,
marker_write,1312,38800,,,,,,
marker_sync,1312,1583300,,,,,,
append,1313,3225201,,,,,,
encode,1313,4000,,,,,,
data_write,1313,52800,,,,,,
data_sync,1313,1516301,,,,,,
marker_write,1313,35500,,,,,,
marker_sync,1313,1613700,,,,,,
append,1314,3436100,,,,,,
encode,1314,4000,,,,,,
data_write,1314,57500,,,,,,
data_sync,1314,1589100,,,,,,
marker_write,1314,37600,,,,,,
marker_sync,1314,1745500,,,,,,
append,1315,3703200,,,,,,
encode,1315,5300,,,,,,
data_write,1315,59400,,,,,,
data_sync,1315,1874800,,,,,,
marker_write,1315,47500,,,,,,
marker_sync,1315,1714300,,,,,,
append,1316,3250000,,,,,,
encode,1316,5000,,,,,,
data_write,1316,59200,,,,,,
data_sync,1316,1666700,,,,,,
marker_write,1316,48200,,,,,,
marker_sync,1316,1468300,,,,,,
append,1317,2999900,,,,,,
encode,1317,4500,,,,,,
data_write,1317,46100,,,,,,
data_sync,1317,1467500,,,,,,
marker_write,1317,45000,,,,,,
marker_sync,1317,1434500,,,,,,
append,1318,3019900,,,,,,
encode,1318,4300,,,,,,
data_write,1318,55000,,,,,,
data_sync,1318,1453400,,,,,,
marker_write,1318,37900,,,,,,
marker_sync,1318,1466800,,,,,,
append,1319,3231900,,,,,,
encode,1319,3700,,,,,,
data_write,1319,53100,,,,,,
data_sync,1319,1574100,,,,,,
marker_write,1319,39700,,,,,,
marker_sync,1319,1558800,,,,,,
append,1320,3271600,,,,,,
encode,1320,3400,,,,,,
data_write,1320,51600,,,,,,
data_sync,1320,1590900,,,,,,
marker_write,1320,34500,,,,,,
marker_sync,1320,1588700,,,,,,
append,1321,3008700,,,,,,
encode,1321,3400,,,,,,
data_write,1321,44500,,,,,,
data_sync,1321,1516700,,,,,,
marker_write,1321,35600,,,,,,
marker_sync,1321,1406800,,,,,,
append,1322,2907600,,,,,,
encode,1322,3700,,,,,,
data_write,1322,39300,,,,,,
data_sync,1322,1387500,,,,,,
marker_write,1322,31000,,,,,,
marker_sync,1322,1443500,,,,,,
append,1323,2936600,,,,,,
encode,1323,3100,,,,,,
data_write,1323,44800,,,,,,
data_sync,1323,1413200,,,,,,
marker_write,1323,35300,,,,,,
marker_sync,1323,1438400,,,,,,
append,1324,3177500,,,,,,
encode,1324,3300,,,,,,
data_write,1324,43600,,,,,,
data_sync,1324,1459000,,,,,,
marker_write,1324,37900,,,,,,
marker_sync,1324,1632100,,,,,,
append,1325,3086500,,,,,,
encode,1325,4900,,,,,,
data_write,1325,47000,,,,,,
data_sync,1325,1610200,,,,,,
marker_write,1325,40500,,,,,,
marker_sync,1325,1381900,,,,,,
append,1326,2909800,,,,,,
encode,1326,4000,,,,,,
data_write,1326,42900,,,,,,
data_sync,1326,1369800,,,,,,
marker_write,1326,34700,,,,,,
marker_sync,1326,1456500,,,,,,
append,1327,2928000,,,,,,
encode,1327,3900,,,,,,
data_write,1327,46100,,,,,,
data_sync,1327,1468700,,,,,,
marker_write,1327,36400,,,,,,
marker_sync,1327,1371400,,,,,,
append,1328,2903800,,,,,,
encode,1328,3200,,,,,,
data_write,1328,43500,,,,,,
data_sync,1328,1406500,,,,,,
marker_write,1328,35600,,,,,,
marker_sync,1328,1413400,,,,,,
append,1329,3453600,,,,,,
encode,1329,3400,,,,,,
data_write,1329,52400,,,,,,
data_sync,1329,1612500,,,,,,
marker_write,1329,48900,,,,,,
marker_sync,1329,1734100,,,,,,
append,1330,3496600,,,,,,
encode,1330,5100,,,,,,
data_write,1330,57900,,,,,,
data_sync,1330,1722200,,,,,,
marker_write,1330,48800,,,,,,
marker_sync,1330,1660100,,,,,,
append,1331,3772400,,,,,,
encode,1331,4600,,,,,,
data_write,1331,55800,,,,,,
data_sync,1331,1753000,,,,,,
marker_write,1331,41700,,,,,,
marker_sync,1331,1914800,,,,,,
append,1332,3454700,,,,,,
encode,1332,4400,,,,,,
data_write,1332,60400,,,,,,
data_sync,1332,1746400,,,,,,
marker_write,1332,38600,,,,,,
marker_sync,1332,1602200,,,,,,
append,1333,3587500,,,,,,
encode,1333,5100,,,,,,
data_write,1333,55200,,,,,,
data_sync,1333,1573600,,,,,,
marker_write,1333,34700,,,,,,
marker_sync,1333,1916300,,,,,,
append,1334,4120100,,,,,,
encode,1334,5300,,,,,,
data_write,1334,55700,,,,,,
data_sync,1334,2096400,,,,,,
marker_write,1334,55400,,,,,,
marker_sync,1334,1904700,,,,,,
append,1335,3132101,,,,,,
encode,1335,5700,,,,,,
data_write,1335,58000,,,,,,
data_sync,1335,1528200,,,,,,
marker_write,1335,45000,,,,,,
marker_sync,1335,1493001,,,,,,
append,1336,3072200,,,,,,
encode,1336,4300,,,,,,
data_write,1336,53100,,,,,,
data_sync,1336,1443300,,,,,,
marker_write,1336,37600,,,,,,
marker_sync,1336,1531000,,,,,,
append,1337,3080800,,,,,,
encode,1337,3700,,,,,,
data_write,1337,46700,,,,,,
data_sync,1337,1499500,,,,,,
marker_write,1337,38100,,,,,,
marker_sync,1337,1490500,,,,,,
append,1338,3217400,,,,,,
encode,1338,3600,,,,,,
data_write,1338,44700,,,,,,
data_sync,1338,1482600,,,,,,
marker_write,1338,39400,,,,,,
marker_sync,1338,1645200,,,,,,
append,1339,3274700,,,,,,
encode,1339,4200,,,,,,
data_write,1339,48200,,,,,,
data_sync,1339,1598500,,,,,,
marker_write,1339,47700,,,,,,
marker_sync,1339,1573800,,,,,,
append,1340,3300700,,,,,,
encode,1340,3600,,,,,,
data_write,1340,44500,,,,,,
data_sync,1340,1636300,,,,,,
marker_write,1340,38800,,,,,,
marker_sync,1340,1575500,,,,,,
append,1341,3556900,,,,,,
encode,1341,4400,,,,,,
data_write,1341,55300,,,,,,
data_sync,1341,1711900,,,,,,
marker_write,1341,44900,,,,,,
marker_sync,1341,1737600,,,,,,
append,1342,3284100,,,,,,
encode,1342,4800,,,,,,
data_write,1342,50000,,,,,,
data_sync,1342,1626400,,,,,,
marker_write,1342,37300,,,,,,
marker_sync,1342,1563400,,,,,,
append,1343,3307200,,,,,,
encode,1343,3700,,,,,,
data_write,1343,44300,,,,,,
data_sync,1343,1634100,,,,,,
marker_write,1343,40700,,,,,,
marker_sync,1343,1582000,,,,,,
append,1344,3340500,,,,,,
encode,1344,3700,,,,,,
data_write,1344,48500,,,,,,
data_sync,1344,1627800,,,,,,
marker_write,1344,88000,,,,,,
marker_sync,1344,1569900,,,,,,
append,1345,3159600,,,,,,
encode,1345,3500,,,,,,
data_write,1345,51000,,,,,,
data_sync,1345,1504000,,,,,,
marker_write,1345,41400,,,,,,
marker_sync,1345,1557400,,,,,,
append,1346,3523700,,,,,,
encode,1346,5300,,,,,,
data_write,1346,56200,,,,,,
data_sync,1346,1726100,,,,,,
marker_write,1346,55300,,,,,,
marker_sync,1346,1678100,,,,,,
append,1347,3516000,,,,,,
encode,1347,5100,,,,,,
data_write,1347,65100,,,,,,
data_sync,1347,1663100,,,,,,
marker_write,1347,56000,,,,,,
marker_sync,1347,1723700,,,,,,
append,1348,4105800,,,,,,
encode,1348,5400,,,,,,
data_write,1348,65300,,,,,,
data_sync,1348,1739000,,,,,,
marker_write,1348,76300,,,,,,
marker_sync,1348,2215300,,,,,,
append,1349,4129800,,,,,,
encode,1349,6700,,,,,,
data_write,1349,104900,,,,,,
data_sync,1349,2079400,,,,,,
marker_write,1349,67900,,,,,,
marker_sync,1349,1866700,,,,,,
append,1350,3743800,,,,,,
encode,1350,5800,,,,,,
data_write,1350,77300,,,,,,
data_sync,1350,1822100,,,,,,
marker_write,1350,52300,,,,,,
marker_sync,1350,1783800,,,,,,
append,1351,3686700,,,,,,
encode,1351,5400,,,,,,
data_write,1351,64100,,,,,,
data_sync,1351,1808600,,,,,,
marker_write,1351,54400,,,,,,
marker_sync,1351,1751700,,,,,,
append,1352,3702700,,,,,,
encode,1352,5600,,,,,,
data_write,1352,66700,,,,,,
data_sync,1352,1789400,,,,,,
marker_write,1352,58800,,,,,,
marker_sync,1352,1779600,,,,,,
append,1353,3589700,,,,,,
encode,1353,5200,,,,,,
data_write,1353,61500,,,,,,
data_sync,1353,1702100,,,,,,
marker_write,1353,47900,,,,,,
marker_sync,1353,1770500,,,,,,
append,1354,3653700,,,,,,
encode,1354,5300,,,,,,
data_write,1354,63800,,,,,,
data_sync,1354,1801000,,,,,,
marker_write,1354,52100,,,,,,
marker_sync,1354,1728800,,,,,,
append,1355,3667600,,,,,,
encode,1355,5200,,,,,,
data_write,1355,63300,,,,,,
data_sync,1355,1771900,,,,,,
marker_write,1355,53600,,,,,,
marker_sync,1355,1770500,,,,,,
append,1356,3870001,,,,,,
encode,1356,5200,,,,,,
data_write,1356,175600,,,,,,
data_sync,1356,1815000,,,,,,
marker_write,1356,60800,,,,,,
marker_sync,1356,1810801,,,,,,
append,1357,3838900,,,,,,
encode,1357,5500,,,,,,
data_write,1357,75100,,,,,,
data_sync,1357,1884000,,,,,,
marker_write,1357,81300,,,,,,
marker_sync,1357,1789200,,,,,,
append,1358,3736600,,,,,,
encode,1358,5800,,,,,,
data_write,1358,74600,,,,,,
data_sync,1358,1768000,,,,,,
marker_write,1358,58700,,,,,,
marker_sync,1358,1826600,,,,,,
append,1359,4045800,,,,,,
encode,1359,6000,,,,,,
data_write,1359,68600,,,,,,
data_sync,1359,2007600,,,,,,
marker_write,1359,49300,,,,,,
marker_sync,1359,1911500,,,,,,
append,1360,3614700,,,,,,
encode,1360,6100,,,,,,
data_write,1360,70600,,,,,,
data_sync,1360,1697200,,,,,,
marker_write,1360,52600,,,,,,
marker_sync,1360,1785400,,,,,,
append,1361,3647500,,,,,,
encode,1361,5300,,,,,,
data_write,1361,67700,,,,,,
data_sync,1361,1714600,,,,,,
marker_write,1361,61200,,,,,,
marker_sync,1361,1795700,,,,,,
append,1362,3718300,,,,,,
encode,1362,6300,,,,,,
data_write,1362,72000,,,,,,
data_sync,1362,1782300,,,,,,
marker_write,1362,54000,,,,,,
marker_sync,1362,1800800,,,,,,
append,1363,3755400,,,,,,
encode,1363,5400,,,,,,
data_write,1363,60000,,,,,,
data_sync,1363,1814700,,,,,,
marker_write,1363,62800,,,,,,
marker_sync,1363,1809700,,,,,,
append,1364,3874500,,,,,,
encode,1364,5400,,,,,,
data_write,1364,69800,,,,,,
data_sync,1364,1795600,,,,,,
marker_write,1364,55800,,,,,,
marker_sync,1364,1944900,,,,,,
append,1365,3351700,,,,,,
encode,1365,5500,,,,,,
data_write,1365,63200,,,,,,
data_sync,1365,1654900,,,,,,
marker_write,1365,45100,,,,,,
marker_sync,1365,1579200,,,,,,
append,1366,3458300,,,,,,
encode,1366,5600,,,,,,
data_write,1366,61600,,,,,,
data_sync,1366,1660700,,,,,,
marker_write,1366,53000,,,,,,
marker_sync,1366,1674000,,,,,,
append,1367,3633900,,,,,,
encode,1367,6300,,,,,,
data_write,1367,72600,,,,,,
data_sync,1367,1856700,,,,,,
marker_write,1367,54200,,,,,,
marker_sync,1367,1641600,,,,,,
append,1368,3610400,,,,,,
encode,1368,5500,,,,,,
data_write,1368,60400,,,,,,
data_sync,1368,1726500,,,,,,
marker_write,1368,52200,,,,,,
marker_sync,1368,1762400,,,,,,
append,1369,5135200,,,,,,
encode,1369,6100,,,,,,
data_write,1369,75500,,,,,,
data_sync,1369,1948700,,,,,,
marker_write,1369,67700,,,,,,
marker_sync,1369,3033300,,,,,,
append,1370,4182000,,,,,,
encode,1370,6200,,,,,,
data_write,1370,72700,,,,,,
data_sync,1370,1984600,,,,,,
marker_write,1370,63400,,,,,,
marker_sync,1370,2051400,,,,,,
append,1371,3588200,,,,,,
encode,1371,4400,,,,,,
data_write,1371,57700,,,,,,
data_sync,1371,1836300,,,,,,
marker_write,1371,62500,,,,,,
marker_sync,1371,1623700,,,,,,
append,1372,3639300,,,,,,
encode,1372,4200,,,,,,
data_write,1372,58100,,,,,,
data_sync,1372,1686300,,,,,,
marker_write,1372,63900,,,,,,
marker_sync,1372,1824200,,,,,,
append,1373,3824400,,,,,,
encode,1373,5200,,,,,,
data_write,1373,62000,,,,,,
data_sync,1373,1873500,,,,,,
marker_write,1373,64500,,,,,,
marker_sync,1373,1816200,,,,,,
append,1374,3822400,,,,,,
encode,1374,5800,,,,,,
data_write,1374,75400,,,,,,
data_sync,1374,1803000,,,,,,
marker_write,1374,59200,,,,,,
marker_sync,1374,1875400,,,,,,
append,1375,3739700,,,,,,
encode,1375,6200,,,,,,
data_write,1375,72200,,,,,,
data_sync,1375,1789500,,,,,,
marker_write,1375,59500,,,,,,
marker_sync,1375,1809100,,,,,,
append,1376,3749401,,,,,,
encode,1376,6500,,,,,,
data_write,1376,65700,,,,,,
data_sync,1376,1768101,,,,,,
marker_write,1376,53400,,,,,,
marker_sync,1376,1852900,,,,,,
append,1377,4074700,,,,,,
encode,1377,5400,,,,,,
data_write,1377,72700,,,,,,
data_sync,1377,2087400,,,,,,
marker_write,1377,68700,,,,,,
marker_sync,1377,1837400,,,,,,
append,1378,3298500,,,,,,
encode,1378,6400,,,,,,
data_write,1378,72100,,,,,,
data_sync,1378,1551800,,,,,,
marker_write,1378,46200,,,,,,
marker_sync,1378,1619200,,,,,,
append,1379,3360000,,,,,,
encode,1379,6000,,,,,,
data_write,1379,70100,,,,,,
data_sync,1379,1575500,,,,,,
marker_write,1379,44300,,,,,,
marker_sync,1379,1660500,,,,,,
append,1380,3400200,,,,,,
encode,1380,5300,,,,,,
data_write,1380,65900,,,,,,
data_sync,1380,1634800,,,,,,
marker_write,1380,57600,,,,,,
marker_sync,1380,1634100,,,,,,
append,1381,3396100,,,,,,
encode,1381,4600,,,,,,
data_write,1381,50400,,,,,,
data_sync,1381,1655600,,,,,,
marker_write,1381,54300,,,,,,
marker_sync,1381,1628400,,,,,,
append,1382,3731100,,,,,,
encode,1382,5200,,,,,,
data_write,1382,50200,,,,,,
data_sync,1382,1772500,,,,,,
marker_write,1382,56300,,,,,,
marker_sync,1382,1843900,,,,,,
append,1383,3768400,,,,,,
encode,1383,6000,,,,,,
data_write,1383,68100,,,,,,
data_sync,1383,1754100,,,,,,
marker_write,1383,49600,,,,,,
marker_sync,1383,1887300,,,,,,
append,1384,4254200,,,,,,
encode,1384,5300,,,,,,
data_write,1384,79900,,,,,,
data_sync,1384,2170400,,,,,,
marker_write,1384,61100,,,,,,
marker_sync,1384,1933200,,,,,,
append,1385,4409300,,,,,,
encode,1385,5800,,,,,,
data_write,1385,78900,,,,,,
data_sync,1385,2084500,,,,,,
marker_write,1385,64000,,,,,,
marker_sync,1385,2171700,,,,,,
append,1386,3717000,,,,,,
encode,1386,6800,,,,,,
data_write,1386,79300,,,,,,
data_sync,1386,1687800,,,,,,
marker_write,1386,51300,,,,,,
marker_sync,1386,1888900,,,,,,
append,1387,3324800,,,,,,
encode,1387,5000,,,,,,
data_write,1387,58400,,,,,,
data_sync,1387,1662700,,,,,,
marker_write,1387,59400,,,,,,
marker_sync,1387,1536500,,,,,,
append,1388,3310800,,,,,,
encode,1388,5900,,,,,,
data_write,1388,54300,,,,,,
data_sync,1388,1569700,,,,,,
marker_write,1388,57200,,,,,,
marker_sync,1388,1620300,,,,,,
append,1389,3616700,,,,,,
encode,1389,6900,,,,,,
data_write,1389,79000,,,,,,
data_sync,1389,1609900,,,,,,
marker_write,1389,57700,,,,,,
marker_sync,1389,1859800,,,,,,
append,1390,3793700,,,,,,
encode,1390,5200,,,,,,
data_write,1390,70600,,,,,,
data_sync,1390,1834800,,,,,,
marker_write,1390,59100,,,,,,
marker_sync,1390,1820700,,,,,,
append,1391,3705500,,,,,,
encode,1391,5800,,,,,,
data_write,1391,69200,,,,,,
data_sync,1391,1877000,,,,,,
marker_write,1391,53100,,,,,,
marker_sync,1391,1697000,,,,,,
append,1392,3570300,,,,,,
encode,1392,6100,,,,,,
data_write,1392,66300,,,,,,
data_sync,1392,1617400,,,,,,
marker_write,1392,53600,,,,,,
marker_sync,1392,1823600,,,,,,
append,1393,3406000,,,,,,
encode,1393,4900,,,,,,
data_write,1393,65700,,,,,,
data_sync,1393,1627500,,,,,,
marker_write,1393,48500,,,,,,
marker_sync,1393,1656700,,,,,,
append,1394,3750900,,,,,,
encode,1394,4600,,,,,,
data_write,1394,51900,,,,,,
data_sync,1394,1881300,,,,,,
marker_write,1394,65700,,,,,,
marker_sync,1394,1744200,,,,,,
append,1395,4072400,,,,,,
encode,1395,5200,,,,,,
data_write,1395,67500,,,,,,
data_sync,1395,1895800,,,,,,
marker_write,1395,57800,,,,,,
marker_sync,1395,2043200,,,,,,
append,1396,4000601,,,,,,
encode,1396,5900,,,,,,
data_write,1396,91600,,,,,,
data_sync,1396,1781601,,,,,,
marker_write,1396,71900,,,,,,
marker_sync,1396,2046600,,,,,,
append,1397,3646200,,,,,,
encode,1397,6200,,,,,,
data_write,1397,90900,,,,,,
data_sync,1397,1770700,,,,,,
marker_write,1397,59400,,,,,,
marker_sync,1397,1716200,,,,,,
append,1398,3777100,,,,,,
encode,1398,5400,,,,,,
data_write,1398,70600,,,,,,
data_sync,1398,1893300,,,,,,
marker_write,1398,63100,,,,,,
marker_sync,1398,1740800,,,,,,
append,1399,3498900,,,,,,
encode,1399,6100,,,,,,
data_write,1399,65500,,,,,,
data_sync,1399,1788000,,,,,,
marker_write,1399,59000,,,,,,
marker_sync,1399,1577600,,,,,,
append,1400,3143600,,,,,,
encode,1400,5500,,,,,,
data_write,1400,65200,,,,,,
data_sync,1400,1549800,,,,,,
marker_write,1400,43900,,,,,,
marker_sync,1400,1476700,,,,,,
append,1401,3206800,,,,,,
encode,1401,3800,,,,,,
data_write,1401,48900,,,,,,
data_sync,1401,1569800,,,,,,
marker_write,1401,44500,,,,,,
marker_sync,1401,1536700,,,,,,
append,1402,3182900,,,,,,
encode,1402,4000,,,,,,
data_write,1402,53300,,,,,,
data_sync,1402,1424100,,,,,,
marker_write,1402,48600,,,,,,
marker_sync,1402,1650300,,,,,,
append,1403,2991200,,,,,,
encode,1403,5700,,,,,,
data_write,1403,67200,,,,,,
data_sync,1403,1457500,,,,,,
marker_write,1403,44800,,,,,,
marker_sync,1403,1413600,,,,,,
append,1404,3107500,,,,,,
encode,1404,4800,,,,,,
data_write,1404,66200,,,,,,
data_sync,1404,1428000,,,,,,
marker_write,1404,45900,,,,,,
marker_sync,1404,1560000,,,,,,
append,1405,3242000,,,,,,
encode,1405,4500,,,,,,
data_write,1405,53300,,,,,,
data_sync,1405,1458900,,,,,,
marker_write,1405,21900,,,,,,
marker_sync,1405,1700900,,,,,,
append,1406,3415200,,,,,,
encode,1406,4900,,,,,,
data_write,1406,55100,,,,,,
data_sync,1406,1630300,,,,,,
marker_write,1406,43300,,,,,,
marker_sync,1406,1678800,,,,,,
append,1407,3910300,,,,,,
encode,1407,6000,,,,,,
data_write,1407,65700,,,,,,
data_sync,1407,1839400,,,,,,
marker_write,1407,71400,,,,,,
marker_sync,1407,1922500,,,,,,
append,1408,3470300,,,,,,
encode,1408,8300,,,,,,
data_write,1408,92100,,,,,,
data_sync,1408,1719500,,,,,,
marker_write,1408,52900,,,,,,
marker_sync,1408,1595300,,,,,,
append,1409,3112700,,,,,,
encode,1409,3700,,,,,,
data_write,1409,57300,,,,,,
data_sync,1409,1531800,,,,,,
marker_write,1409,47400,,,,,,
marker_sync,1409,1469400,,,,,,
append,1410,3202600,,,,,,
encode,1410,3100,,,,,,
data_write,1410,49000,,,,,,
data_sync,1410,1551300,,,,,,
marker_write,1410,55000,,,,,,
marker_sync,1410,1542000,,,,,,
append,1411,3683700,,,,,,
encode,1411,5000,,,,,,
data_write,1411,63200,,,,,,
data_sync,1411,1833800,,,,,,
marker_write,1411,60100,,,,,,
marker_sync,1411,1718400,,,,,,
append,1412,3710700,,,,,,
encode,1412,5400,,,,,,
data_write,1412,73800,,,,,,
data_sync,1412,1873500,,,,,,
marker_write,1412,58800,,,,,,
marker_sync,1412,1696500,,,,,,
append,1413,3468600,,,,,,
encode,1413,5700,,,,,,
data_write,1413,60700,,,,,,
data_sync,1413,1686600,,,,,,
marker_write,1413,49300,,,,,,
marker_sync,1413,1663800,,,,,,
append,1414,3074100,,,,,,
encode,1414,4900,,,,,,
data_write,1414,62900,,,,,,
data_sync,1414,1489500,,,,,,
marker_write,1414,44400,,,,,,
marker_sync,1414,1470000,,,,,,
append,1415,3113300,,,,,,
encode,1415,5200,,,,,,
data_write,1415,55100,,,,,,
data_sync,1415,1542000,,,,,,
marker_write,1415,40900,,,,,,
marker_sync,1415,1468500,,,,,,
append,1416,3301400,,,,,,
encode,1416,4500,,,,,,
data_write,1416,84000,,,,,,
data_sync,1416,1512900,,,,,,
marker_write,1416,52900,,,,,,
marker_sync,1416,1645000,,,,,,
append,1417,12353001,,,,,,
encode,1417,4600,,,,,,
data_write,1417,58500,,,,,,
data_sync,1417,1540000,,,,,,
marker_write,1417,43000,,,,,,
marker_sync,1417,10703701,,,,,,
append,1418,3580500,,,,,,
encode,1418,8000,,,,,,
data_write,1418,65300,,,,,,
data_sync,1418,1944700,,,,,,
marker_write,1418,37000,,,,,,
marker_sync,1418,1520300,,,,,,
append,1419,6566000,,,,,,
encode,1419,5800,,,,,,
data_write,1419,59500,,,,,,
data_sync,1419,4792600,,,,,,
marker_write,1419,33000,,,,,,
marker_sync,1419,1671000,,,,,,
append,1420,10254100,,,,,,
encode,1420,5900,,,,,,
data_write,1420,36500,,,,,,
data_sync,1420,2266500,,,,,,
marker_write,1420,32500,,,,,,
marker_sync,1420,7909300,,,,,,
append,1421,8048500,,,,,,
encode,1421,6200,,,,,,
data_write,1421,42100,,,,,,
data_sync,1421,3987900,,,,,,
marker_write,1421,35000,,,,,,
marker_sync,1421,3974200,,,,,,
append,1422,7997800,,,,,,
encode,1422,6000,,,,,,
data_write,1422,45400,,,,,,
data_sync,1422,3969200,,,,,,
marker_write,1422,37000,,,,,,
marker_sync,1422,3937100,,,,,,
append,1423,7984300,,,,,,
encode,1423,6100,,,,,,
data_write,1423,44700,,,,,,
data_sync,1423,3924600,,,,,,
marker_write,1423,67200,,,,,,
marker_sync,1423,3938600,,,,,,
append,1424,9575300,,,,,,
encode,1424,6300,,,,,,
data_write,1424,46100,,,,,,
data_sync,1424,3937400,,,,,,
marker_write,1424,34600,,,,,,
marker_sync,1424,5547400,,,,,,
append,1425,6417100,,,,,,
encode,1425,6200,,,,,,
data_write,1425,36600,,,,,,
data_sync,1425,1971500,,,,,,
marker_write,1425,39600,,,,,,
marker_sync,1425,4359500,,,,,,
append,1426,8011601,,,,,,
encode,1426,5300,,,,,,
data_write,1426,41300,,,,,,
data_sync,1426,3946200,,,,,,
marker_write,1426,32600,,,,,,
marker_sync,1426,3983101,,,,,,
append,1427,7993200,,,,,,
encode,1427,5600,,,,,,
data_write,1427,40300,,,,,,
data_sync,1427,3939200,,,,,,
marker_write,1427,30100,,,,,,
marker_sync,1427,3973800,,,,,,
append,1428,7998500,,,,,,
encode,1428,6000,,,,,,
data_write,1428,51800,,,,,,
data_sync,1428,3926800,,,,,,
marker_write,1428,42900,,,,,,
marker_sync,1428,3967100,,,,,,
append,1429,3960800,,,,,,
encode,1429,5400,,,,,,
data_write,1429,37900,,,,,,
data_sync,1429,1869700,,,,,,
marker_write,1429,146800,,,,,,
marker_sync,1429,1897200,,,,,,
append,1430,4047400,,,,,,
encode,1430,6300,,,,,,
data_write,1430,188900,,,,,,
data_sync,1430,1846000,,,,,,
marker_write,1430,126700,,,,,,
marker_sync,1430,1876200,,,,,,
append,1431,4082000,,,,,,
encode,1431,5900,,,,,,
data_write,1431,161000,,,,,,
data_sync,1431,1915100,,,,,,
marker_write,1431,113700,,,,,,
marker_sync,1431,1882400,,,,,,
append,1432,7874000,,,,,,
encode,1432,5700,,,,,,
data_write,1432,170200,,,,,,
data_sync,1432,1968500,,,,,,
marker_write,1432,173100,,,,,,
marker_sync,1432,5551900,,,,,,
append,1433,6059900,,,,,,
encode,1433,7300,,,,,,
data_write,1433,56900,,,,,,
data_sync,1433,3965900,,,,,,
marker_write,1433,32400,,,,,,
marker_sync,1433,1993500,,,,,,
append,1434,9979400,,,,,,
encode,1434,6400,,,,,,
data_write,1434,39800,,,,,,
data_sync,1434,1636900,,,,,,
marker_write,1434,27800,,,,,,
marker_sync,1434,8265200,,,,,,
append,1435,3789500,,,,,,
encode,1435,6300,,,,,,
data_write,1435,220700,,,,,,
data_sync,1435,1785400,,,,,,
marker_write,1435,126400,,,,,,
marker_sync,1435,1647800,,,,,,
append,1436,12180200,,,,,,
encode,1436,5400,,,,,,
data_write,1436,180300,,,,,,
data_sync,1436,7992900,,,,,,
marker_write,1436,142900,,,,,,
marker_sync,1436,3855100,,,,,,
append,1437,8021001,,,,,,
encode,1437,6000,,,,,,
data_write,1437,172700,,,,,,
data_sync,1437,3142101,,,,,,
marker_write,1437,132700,,,,,,
marker_sync,1437,4564200,,,,,,
append,1438,10488600,,,,,,
encode,1438,6300,,,,,,
data_write,1438,202200,,,,,,
data_sync,1438,3769100,,,,,,
marker_write,1438,142500,,,,,,
marker_sync,1438,6364800,,,,,,
append,1439,9497400,,,,,,
encode,1439,5600,,,,,,
data_write,1439,44000,,,,,,
data_sync,1439,1740900,,,,,,
marker_write,1439,26300,,,,,,
marker_sync,1439,7676100,,,,,,
append,1440,6109300,,,,,,
encode,1440,6600,,,,,,
data_write,1440,40400,,,,,,
data_sync,1440,4017800,,,,,,
marker_write,1440,64800,,,,,,
marker_sync,1440,1976500,,,,,,
append,1441,3817400,,,,,,
encode,1441,6400,,,,,,
data_write,1441,37500,,,,,,
data_sync,1441,1747200,,,,,,
marker_write,1441,75500,,,,,,
marker_sync,1441,1947900,,,,,,
append,1442,4265600,,,,,,
encode,1442,6900,,,,,,
data_write,1442,72700,,,,,,
data_sync,1442,2064900,,,,,,
marker_write,1442,66700,,,,,,
marker_sync,1442,2050600,,,,,,
append,1443,3859000,,,,,,
encode,1443,6000,,,,,,
data_write,1443,83100,,,,,,
data_sync,1443,1887200,,,,,,
marker_write,1443,59800,,,,,,
marker_sync,1443,1819700,,,,,,
append,1444,3586600,,,,,,
encode,1444,6400,,,,,,
data_write,1444,71700,,,,,,
data_sync,1444,1722900,,,,,,
marker_write,1444,52500,,,,,,
marker_sync,1444,1729900,,,,,,
append,1445,3726700,,,,,,
encode,1445,5100,,,,,,
data_write,1445,57600,,,,,,
data_sync,1445,1887700,,,,,,
marker_write,1445,59700,,,,,,
marker_sync,1445,1714400,,,,,,
append,1446,3339700,,,,,,
encode,1446,5600,,,,,,
data_write,1446,74100,,,,,,
data_sync,1446,1534100,,,,,,
marker_write,1446,46500,,,,,,
marker_sync,1446,1676400,,,,,,
append,1447,3576800,,,,,,
encode,1447,5900,,,,,,
data_write,1447,69400,,,,,,
data_sync,1447,1787100,,,,,,
marker_write,1447,55800,,,,,,
marker_sync,1447,1656200,,,,,,
append,1448,3052900,,,,,,
encode,1448,4700,,,,,,
data_write,1448,52500,,,,,,
data_sync,1448,1476700,,,,,,
marker_write,1448,52000,,,,,,
marker_sync,1448,1464800,,,,,,
append,1449,3016000,,,,,,
encode,1449,5000,,,,,,
data_write,1449,62100,,,,,,
data_sync,1449,1461400,,,,,,
marker_write,1449,50800,,,,,,
marker_sync,1449,1434400,,,,,,
append,1450,3190600,,,,,,
encode,1450,3800,,,,,,
data_write,1450,51400,,,,,,
data_sync,1450,1437600,,,,,,
marker_write,1450,39500,,,,,,
marker_sync,1450,1656500,,,,,,
append,1451,3203900,,,,,,
encode,1451,3800,,,,,,
data_write,1451,53100,,,,,,
data_sync,1451,1556200,,,,,,
marker_write,1451,43300,,,,,,
marker_sync,1451,1544900,,,,,,
append,1452,3070500,,,,,,
encode,1452,5800,,,,,,
data_write,1452,66400,,,,,,
data_sync,1452,1480400,,,,,,
marker_write,1452,43000,,,,,,
marker_sync,1452,1472800,,,,,,
append,1453,3064601,,,,,,
encode,1453,4100,,,,,,
data_write,1453,49200,,,,,,
data_sync,1453,1478201,,,,,,
marker_write,1453,45600,,,,,,
marker_sync,1453,1485800,,,,,,
append,1454,3286900,,,,,,
encode,1454,3200,,,,,,
data_write,1454,48000,,,,,,
data_sync,1454,1553000,,,,,,
marker_write,1454,55100,,,,,,
marker_sync,1454,1625200,,,,,,
append,1455,3142500,,,,,,
encode,1455,3300,,,,,,
data_write,1455,50600,,,,,,
data_sync,1455,1520000,,,,,,
marker_write,1455,48800,,,,,,
marker_sync,1455,1517700,,,,,,
append,1456,3214300,,,,,,
encode,1456,5500,,,,,,
data_write,1456,54700,,,,,,
data_sync,1456,1514000,,,,,,
marker_write,1456,44300,,,,,,
marker_sync,1456,1593600,,,,,,
append,1457,2956600,,,,,,
encode,1457,4300,,,,,,
data_write,1457,47700,,,,,,
data_sync,1457,1505900,,,,,,
marker_write,1457,39700,,,,,,
marker_sync,1457,1357500,,,,,,
append,1458,3071800,,,,,,
encode,1458,3200,,,,,,
data_write,1458,43400,,,,,,
data_sync,1458,1601400,,,,,,
marker_write,1458,37700,,,,,,
marker_sync,1458,1384600,,,,,,
append,1459,3003200,,,,,,
encode,1459,3000,,,,,,
data_write,1459,40000,,,,,,
data_sync,1459,1444400,,,,,,
marker_write,1459,51200,,,,,,
marker_sync,1459,1461800,,,,,,
append,1460,3155600,,,,,,
encode,1460,4500,,,,,,
data_write,1460,53700,,,,,,
data_sync,1460,1494700,,,,,,
marker_write,1460,47700,,,,,,
marker_sync,1460,1553000,,,,,,
append,1461,3080800,,,,,,
encode,1461,4900,,,,,,
data_write,1461,51600,,,,,,
data_sync,1461,1481600,,,,,,
marker_write,1461,45700,,,,,,
marker_sync,1461,1495400,,,,,,
append,1462,3094000,,,,,,
encode,1462,4400,,,,,,
data_write,1462,57200,,,,,,
data_sync,1462,1514300,,,,,,
marker_write,1462,53100,,,,,,
marker_sync,1462,1463100,,,,,,
append,1463,3179200,,,,,,
encode,1463,3400,,,,,,
data_write,1463,51000,,,,,,
data_sync,1463,1516200,,,,,,
marker_write,1463,42300,,,,,,
marker_sync,1463,1564400,,,,,,
append,1464,3086200,,,,,,
encode,1464,3400,,,,,,
data_write,1464,49500,,,,,,
data_sync,1464,1474800,,,,,,
marker_write,1464,51400,,,,,,
marker_sync,1464,1505100,,,,,,
append,1465,3067700,,,,,,
encode,1465,3900,,,,,,
data_write,1465,47100,,,,,,
data_sync,1465,1482200,,,,,,
marker_write,1465,53400,,,,,,
marker_sync,1465,1479300,,,,,,
append,1466,3105900,,,,,,
encode,1466,3800,,,,,,
data_write,1466,56100,,,,,,
data_sync,1466,1491200,,,,,,
marker_write,1466,47300,,,,,,
marker_sync,1466,1505600,,,,,,
append,1467,3330900,,,,,,
encode,1467,3000,,,,,,
data_write,1467,66400,,,,,,
data_sync,1467,1724400,,,,,,
marker_write,1467,52700,,,,,,
marker_sync,1467,1481800,,,,,,
append,1468,2927900,,,,,,
encode,1468,3400,,,,,,
data_write,1468,52200,,,,,,
data_sync,1468,1415600,,,,,,
marker_write,1468,42000,,,,,,
marker_sync,1468,1413100,,,,,,
append,1469,3086000,,,,,,
encode,1469,2800,,,,,,
data_write,1469,48000,,,,,,
data_sync,1469,1486800,,,,,,
marker_write,1469,39600,,,,,,
marker_sync,1469,1507000,,,,,,
append,1470,3215400,,,,,,
encode,1470,3700,,,,,,
data_write,1470,51400,,,,,,
data_sync,1470,1609600,,,,,,
marker_write,1470,44100,,,,,,
marker_sync,1470,1504700,,,,,,
append,1471,3034800,,,,,,
encode,1471,4400,,,,,,
data_write,1471,75500,,,,,,
data_sync,1471,1457400,,,,,,
marker_write,1471,38700,,,,,,
marker_sync,1471,1456500,,,,,,
append,1472,3118000,,,,,,
encode,1472,3000,,,,,,
data_write,1472,46900,,,,,,
data_sync,1472,1542000,,,,,,
marker_write,1472,38800,,,,,,
marker_sync,1472,1485000,,,,,,
append,1473,3009700,,,,,,
encode,1473,3000,,,,,,
data_write,1473,54200,,,,,,
data_sync,1473,1437300,,,,,,
marker_write,1473,36700,,,,,,
marker_sync,1473,1476800,,,,,,
append,1474,2799900,,,,,,
encode,1474,3000,,,,,,
data_write,1474,48200,,,,,,
data_sync,1474,1359300,,,,,,
marker_write,1474,36900,,,,,,
marker_sync,1474,1351300,,,,,,
append,1475,3176000,,,,,,
encode,1475,2800,,,,,,
data_write,1475,76800,,,,,,
data_sync,1475,1406700,,,,,,
marker_write,1475,37400,,,,,,
marker_sync,1475,1650500,,,,,,
append,1476,3237000,,,,,,
encode,1476,3700,,,,,,
data_write,1476,46100,,,,,,
data_sync,1476,1542300,,,,,,
marker_write,1476,40500,,,,,,
marker_sync,1476,1601500,,,,,,
append,1477,3190501,,,,,,
encode,1477,5900,,,,,,
data_write,1477,49900,,,,,,
data_sync,1477,1536001,,,,,,
marker_write,1477,51900,,,,,,
marker_sync,1477,1542900,,,,,,
append,1478,10472800,,,,,,
encode,1478,6700,,,,,,
data_write,1478,74300,,,,,,
data_sync,1478,3688200,,,,,,
marker_write,1478,60400,,,,,,
marker_sync,1478,6640000,,,,,,
append,1479,6826300,,,,,,
encode,1479,5600,,,,,,
data_write,1479,72800,,,,,,
data_sync,1479,4833700,,,,,,
marker_write,1479,60200,,,,,,
marker_sync,1479,1850800,,,,,,
append,1480,3503800,,,,,,
encode,1480,6800,,,,,,
data_write,1480,63900,,,,,,
data_sync,1480,1748800,,,,,,
marker_write,1480,44700,,,,,,
marker_sync,1480,1636700,,,,,,
append,1481,3488600,,,,,,
encode,1481,5400,,,,,,
data_write,1481,57900,,,,,,
data_sync,1481,1785200,,,,,,
marker_write,1481,42500,,,,,,
marker_sync,1481,1595100,,,,,,
append,1482,3334800,,,,,,
encode,1482,4000,,,,,,
data_write,1482,52500,,,,,,
data_sync,1482,1536300,,,,,,
marker_write,1482,58100,,,,,,
marker_sync,1482,1681100,,,,,,
append,1483,3720200,,,,,,
encode,1483,5700,,,,,,
data_write,1483,64000,,,,,,
data_sync,1483,1732200,,,,,,
marker_write,1483,44200,,,,,,
marker_sync,1483,1871800,,,,,,
append,1484,3361500,,,,,,
encode,1484,4200,,,,,,
data_write,1484,49400,,,,,,
data_sync,1484,1627800,,,,,,
marker_write,1484,40000,,,,,,
marker_sync,1484,1637300,,,,,,
append,1485,3405000,,,,,,
encode,1485,5100,,,,,,
data_write,1485,59000,,,,,,
data_sync,1485,1691700,,,,,,
marker_write,1485,49600,,,,,,
marker_sync,1485,1597100,,,,,,
append,1486,3436600,,,,,,
encode,1486,5000,,,,,,
data_write,1486,57000,,,,,,
data_sync,1486,1732500,,,,,,
marker_write,1486,52200,,,,,,
marker_sync,1486,1587900,,,,,,
append,1487,3428900,,,,,,
encode,1487,5000,,,,,,
data_write,1487,74800,,,,,,
data_sync,1487,1765800,,,,,,
marker_write,1487,40700,,,,,,
marker_sync,1487,1540500,,,,,,
append,1488,3419800,,,,,,
encode,1488,4400,,,,,,
data_write,1488,52300,,,,,,
data_sync,1488,1684100,,,,,,
marker_write,1488,40000,,,,,,
marker_sync,1488,1637300,,,,,,
append,1489,3310000,,,,,,
encode,1489,4300,,,,,,
data_write,1489,51600,,,,,,
data_sync,1489,1598200,,,,,,
marker_write,1489,37500,,,,,,
marker_sync,1489,1616400,,,,,,
append,1490,3374100,,,,,,
encode,1490,4200,,,,,,
data_write,1490,54100,,,,,,
data_sync,1490,1648300,,,,,,
marker_write,1490,36200,,,,,,
marker_sync,1490,1629600,,,,,,
append,1491,3290500,,,,,,
encode,1491,3100,,,,,,
data_write,1491,42800,,,,,,
data_sync,1491,1609000,,,,,,
marker_write,1491,38100,,,,,,
marker_sync,1491,1595600,,,,,,
append,1492,3434400,,,,,,
encode,1492,2800,,,,,,
data_write,1492,57200,,,,,,
data_sync,1492,1684300,,,,,,
marker_write,1492,52800,,,,,,
marker_sync,1492,1634900,,,,,,
append,1493,3300800,,,,,,
encode,1493,4100,,,,,,
data_write,1493,49100,,,,,,
data_sync,1493,1614000,,,,,,
marker_write,1493,46400,,,,,,
marker_sync,1493,1585400,,,,,,
append,1494,3468300,,,,,,
encode,1494,3800,,,,,,
data_write,1494,43200,,,,,,
data_sync,1494,1542400,,,,,,
marker_write,1494,37300,,,,,,
marker_sync,1494,1839200,,,,,,
append,1495,3817801,,,,,,
encode,1495,4400,,,,,,
data_write,1495,68600,,,,,,
data_sync,1495,2043200,,,,,,
marker_write,1495,46100,,,,,,
marker_sync,1495,1653301,,,,,,
append,1496,3375100,,,,,,
encode,1496,4500,,,,,,
data_write,1496,49600,,,,,,
data_sync,1496,1604200,,,,,,
marker_write,1496,38900,,,,,,
marker_sync,1496,1675000,,,,,,
append,1497,3390000,,,,,,
encode,1497,5700,,,,,,
data_write,1497,61000,,,,,,
data_sync,1497,1784800,,,,,,
marker_write,1497,42900,,,,,,
marker_sync,1497,1492800,,,,,,
append,1498,3523900,,,,,,
encode,1498,3900,,,,,,
data_write,1498,46000,,,,,,
data_sync,1498,1543000,,,,,,
marker_write,1498,41700,,,,,,
marker_sync,1498,1886500,,,,,,
append,1499,3465600,,,,,,
encode,1499,4600,,,,,,
data_write,1499,58900,,,,,,
data_sync,1499,1805900,,,,,,
marker_write,1499,47500,,,,,,
marker_sync,1499,1546200,,,,,,
append,1500,3288000,,,,,,
encode,1500,4000,,,,,,
data_write,1500,47100,,,,,,
data_sync,1500,1640000,,,,,,
marker_write,1500,37200,,,,,,
marker_sync,1500,1557400,,,,,,
append,1501,3192800,,,,,,
encode,1501,4000,,,,,,
data_write,1501,57800,,,,,,
data_sync,1501,1503300,,,,,,
marker_write,1501,37800,,,,,,
marker_sync,1501,1587400,,,,,,
append,1502,3325200,,,,,,
encode,1502,4000,,,,,,
data_write,1502,55800,,,,,,
data_sync,1502,1602600,,,,,,
marker_write,1502,43300,,,,,,
marker_sync,1502,1616900,,,,,,
append,1503,3342700,,,,,,
encode,1503,5500,,,,,,
data_write,1503,65900,,,,,,
data_sync,1503,1646300,,,,,,
marker_write,1503,49500,,,,,,
marker_sync,1503,1572000,,,,,,
append,1504,3290100,,,,,,
encode,1504,5300,,,,,,
data_write,1504,65900,,,,,,
data_sync,1504,1544400,,,,,,
marker_write,1504,42800,,,,,,
marker_sync,1504,1629000,,,,,,
append,1505,3337300,,,,,,
encode,1505,4300,,,,,,
data_write,1505,53700,,,,,,
data_sync,1505,1582900,,,,,,
marker_write,1505,55300,,,,,,
marker_sync,1505,1638500,,,,,,
append,1506,3471400,,,,,,
encode,1506,3600,,,,,,
data_write,1506,50700,,,,,,
data_sync,1506,1518000,,,,,,
marker_write,1506,45300,,,,,,
marker_sync,1506,1851500,,,,,,
append,1507,3306800,,,,,,
encode,1507,3700,,,,,,
data_write,1507,53000,,,,,,
data_sync,1507,1651800,,,,,,
marker_write,1507,37100,,,,,,
marker_sync,1507,1559100,,,,,,
append,1508,3494200,,,,,,
encode,1508,4300,,,,,,
data_write,1508,47500,,,,,,
data_sync,1508,1626400,,,,,,
marker_write,1508,66900,,,,,,
marker_sync,1508,1746400,,,,,,
append,1509,3688100,,,,,,
encode,1509,5500,,,,,,
data_write,1509,67000,,,,,,
data_sync,1509,1846500,,,,,,
marker_write,1509,53700,,,,,,
marker_sync,1509,1713200,,,,,,
append,1510,3332200,,,,,,
encode,1510,5400,,,,,,
data_write,1510,54200,,,,,,
data_sync,1510,1627900,,,,,,
marker_write,1510,46500,,,,,,
marker_sync,1510,1596200,,,,,,
append,1511,3761400,,,,,,
encode,1511,4200,,,,,,
data_write,1511,57600,,,,,,
data_sync,1511,1718000,,,,,,
marker_write,1511,46300,,,,,,
marker_sync,1511,1932700,,,,,,
append,1512,3771200,,,,,,
encode,1512,5100,,,,,,
data_write,1512,71400,,,,,,
data_sync,1512,1998700,,,,,,
marker_write,1512,55300,,,,,,
marker_sync,1512,1638300,,,,,,
append,1513,3056400,,,,,,
encode,1513,4100,,,,,,
data_write,1513,47800,,,,,,
data_sync,1513,1489900,,,,,,
marker_write,1513,33300,,,,,,
marker_sync,1513,1479600,,,,,,
append,1514,3224500,,,,,,
encode,1514,3500,,,,,,
data_write,1514,43500,,,,,,
data_sync,1514,1537300,,,,,,
marker_write,1514,47900,,,,,,
marker_sync,1514,1590200,,,,,,
append,1515,3110200,,,,,,
encode,1515,4500,,,,,,
data_write,1515,49500,,,,,,
data_sync,1515,1484700,,,,,,
marker_write,1515,36300,,,,,,
marker_sync,1515,1533500,,,,,,
append,1516,3204800,,,,,,
encode,1516,4200,,,,,,
data_write,1516,49800,,,,,,
data_sync,1516,1554200,,,,,,
marker_write,1516,44200,,,,,,
marker_sync,1516,1550200,,,,,,
append,1517,3191301,,,,,,
encode,1517,4600,,,,,,
data_write,1517,49600,,,,,,
data_sync,1517,1477101,,,,,,
marker_write,1517,36800,,,,,,
marker_sync,1517,1621500,,,,,,
append,1518,2983300,,,,,,
encode,1518,3400,,,,,,
data_write,1518,47200,,,,,,
data_sync,1518,1463000,,,,,,
marker_write,1518,35500,,,,,,
marker_sync,1518,1432700,,,,,,
append,1519,3171200,,,,,,
encode,1519,3200,,,,,,
data_write,1519,44000,,,,,,
data_sync,1519,1461800,,,,,,
marker_write,1519,39000,,,,,,
marker_sync,1519,1621100,,,,,,
append,1520,3306700,,,,,,
encode,1520,4200,,,,,,
data_write,1520,51800,,,,,,
data_sync,1520,1610000,,,,,,
marker_write,1520,66500,,,,,,
marker_sync,1520,1572000,,,,,,
append,1521,3544300,,,,,,
encode,1521,3300,,,,,,
data_write,1521,52500,,,,,,
data_sync,1521,1688700,,,,,,
marker_write,1521,43400,,,,,,
marker_sync,1521,1753700,,,,,,
append,1522,3604100,,,,,,
encode,1522,5700,,,,,,
data_write,1522,64300,,,,,,
data_sync,1522,1760900,,,,,,
marker_write,1522,67100,,,,,,
marker_sync,1522,1703700,,,,,,
append,1523,3434700,,,,,,
encode,1523,4800,,,,,,
data_write,1523,75900,,,,,,
data_sync,1523,1714600,,,,,,
marker_write,1523,41000,,,,,,
marker_sync,1523,1596500,,,,,,
append,1524,3125400,,,,,,
encode,1524,4700,,,,,,
data_write,1524,57200,,,,,,
data_sync,1524,1508300,,,,,,
marker_write,1524,41000,,,,,,
marker_sync,1524,1510900,,,,,,
append,1525,3432200,,,,,,
encode,1525,3800,,,,,,
data_write,1525,47800,,,,,,
data_sync,1525,1537000,,,,,,
marker_write,1525,36800,,,,,,
marker_sync,1525,1804700,,,,,,
append,1526,3782100,,,,,,
encode,1526,5300,,,,,,
data_write,1526,64500,,,,,,
data_sync,1526,1822400,,,,,,
marker_write,1526,49900,,,,,,
marker_sync,1526,1837700,,,,,,
append,1527,4128300,,,,,,
encode,1527,4700,,,,,,
data_write,1527,59800,,,,,,
data_sync,1527,1744300,,,,,,
marker_write,1527,41600,,,,,,
marker_sync,1527,2275600,,,,,,
append,1528,3442300,,,,,,
encode,1528,5600,,,,,,
data_write,1528,59700,,,,,,
data_sync,1528,1679800,,,,,,
marker_write,1528,41300,,,,,,
marker_sync,1528,1653600,,,,,,
append,1529,3497700,,,,,,
encode,1529,5400,,,,,,
data_write,1529,62600,,,,,,
data_sync,1529,1733200,,,,,,
marker_write,1529,43300,,,,,,
marker_sync,1529,1650500,,,,,,
append,1530,3187900,,,,,,
encode,1530,5600,,,,,,
data_write,1530,69000,,,,,,
data_sync,1530,1592700,,,,,,
marker_write,1530,47700,,,,,,
marker_sync,1530,1470200,,,,,,
append,1531,3269100,,,,,,
encode,1531,4500,,,,,,
data_write,1531,55500,,,,,,
data_sync,1531,1689700,,,,,,
marker_write,1531,50500,,,,,,
marker_sync,1531,1466100,,,,,,
append,1532,5995500,,,,,,
encode,1532,6300,,,,,,
data_write,1532,65800,,,,,,
data_sync,1532,1736600,,,,,,
marker_write,1532,49500,,,,,,
marker_sync,1532,4134700,,,,,,
append,1533,3191300,,,,,,
encode,1533,5500,,,,,,
data_write,1533,53300,,,,,,
data_sync,1533,1588700,,,,,,
marker_write,1533,38400,,,,,,
marker_sync,1533,1502400,,,,,,
append,1534,3462300,,,,,,
encode,1534,5200,,,,,,
data_write,1534,54700,,,,,,
data_sync,1534,1564700,,,,,,
marker_write,1534,52000,,,,,,
marker_sync,1534,1783200,,,,,,
append,1535,3075800,,,,,,
encode,1535,4800,,,,,,
data_write,1535,50700,,,,,,
data_sync,1535,1473200,,,,,,
marker_write,1535,40000,,,,,,
marker_sync,1535,1504700,,,,,,
append,1536,3340700,,,,,,
encode,1536,4000,,,,,,
data_write,1536,51100,,,,,,
data_sync,1536,1712500,,,,,,
marker_write,1536,40300,,,,,,
marker_sync,1536,1530400,,,,,,
append,1537,9516601,,,,,,
encode,1537,4200,,,,,,
data_write,1537,60500,,,,,,
data_sync,1537,1795000,,,,,,
marker_write,1537,42600,,,,,,
marker_sync,1537,7611801,,,,,,
append,1538,3328100,,,,,,
encode,1538,6100,,,,,,
data_write,1538,68000,,,,,,
data_sync,1538,1556700,,,,,,
marker_write,1538,38500,,,,,,
marker_sync,1538,1656300,,,,,,
append,1539,2941400,,,,,,
encode,1539,4500,,,,,,
data_write,1539,62400,,,,,,
data_sync,1539,1437500,,,,,,
marker_write,1539,39000,,,,,,
marker_sync,1539,1395300,,,,,,
append,1540,3011400,,,,,,
encode,1540,4600,,,,,,
data_write,1540,46900,,,,,,
data_sync,1540,1496600,,,,,,
marker_write,1540,40900,,,,,,
marker_sync,1540,1420600,,,,,,
append,1541,2981100,,,,,,
encode,1541,3300,,,,,,
data_write,1541,45300,,,,,,
data_sync,1541,1421000,,,,,,
marker_write,1541,37700,,,,,,
marker_sync,1541,1471700,,,,,,
append,1542,3292900,,,,,,
encode,1542,3800,,,,,,
data_write,1542,52600,,,,,,
data_sync,1542,1640400,,,,,,
marker_write,1542,49400,,,,,,
marker_sync,1542,1543900,,,,,,
append,1543,3160300,,,,,,
encode,1543,4500,,,,,,
data_write,1543,52300,,,,,,
data_sync,1543,1527400,,,,,,
marker_write,1543,45700,,,,,,
marker_sync,1543,1527800,,,,,,
append,1544,3100800,,,,,,
encode,1544,5200,,,,,,
data_write,1544,55900,,,,,,
data_sync,1544,1591700,,,,,,
marker_write,1544,40900,,,,,,
marker_sync,1544,1405400,,,,,,
append,1545,2887100,,,,,,
encode,1545,4400,,,,,,
data_write,1545,45600,,,,,,
data_sync,1545,1393100,,,,,,
marker_write,1545,59300,,,,,,
marker_sync,1545,1383200,,,,,,
append,1546,2816100,,,,,,
encode,1546,2800,,,,,,
data_write,1546,41600,,,,,,
data_sync,1546,1378800,,,,,,
marker_write,1546,33000,,,,,,
marker_sync,1546,1357900,,,,,,
append,1547,3330900,,,,,,
encode,1547,3900,,,,,,
data_write,1547,56700,,,,,,
data_sync,1547,1647500,,,,,,
marker_write,1547,49400,,,,,,
marker_sync,1547,1571500,,,,,,
append,1548,3044700,,,,,,
encode,1548,5000,,,,,,
data_write,1548,50700,,,,,,
data_sync,1548,1522600,,,,,,
marker_write,1548,41300,,,,,,
marker_sync,1548,1423200,,,,,,
append,1549,2950800,,,,,,
encode,1549,4100,,,,,,
data_write,1549,44600,,,,,,
data_sync,1549,1398100,,,,,,
marker_write,1549,34400,,,,,,
marker_sync,1549,1468000,,,,,,
append,1550,2971000,,,,,,
encode,1550,3700,,,,,,
data_write,1550,54500,,,,,,
data_sync,1550,1450600,,,,,,
marker_write,1550,36300,,,,,,
marker_sync,1550,1424400,,,,,,
append,1551,2919600,,,,,,
encode,1551,3600,,,,,,
data_write,1551,41600,,,,,,
data_sync,1551,1446900,,,,,,
marker_write,1551,38200,,,,,,
marker_sync,1551,1387600,,,,,,
append,1552,2911900,,,,,,
encode,1552,4700,,,,,,
data_write,1552,55400,,,,,,
data_sync,1552,1430000,,,,,,
marker_write,1552,41500,,,,,,
marker_sync,1552,1378500,,,,,,
append,1553,3223300,,,,,,
encode,1553,4900,,,,,,
data_write,1553,49400,,,,,,
data_sync,1553,1757300,,,,,,
marker_write,1553,36200,,,,,,
marker_sync,1553,1373600,,,,,,
append,1554,2904300,,,,,,
encode,1554,4600,,,,,,
data_write,1554,52000,,,,,,
data_sync,1554,1410800,,,,,,
marker_write,1554,36700,,,,,,
marker_sync,1554,1398500,,,,,,
append,1555,2942100,,,,,,
encode,1555,3500,,,,,,
data_write,1555,43300,,,,,,
data_sync,1555,1442900,,,,,,
marker_write,1555,48900,,,,,,
marker_sync,1555,1401800,,,,,,
append,1556,3120500,,,,,,
encode,1556,3700,,,,,,
data_write,1556,43200,,,,,,
data_sync,1556,1647100,,,,,,
marker_write,1556,46200,,,,,,
marker_sync,1556,1378700,,,,,,
append,1557,4282400,,,,,,
encode,1557,2900,,,,,,
data_write,1557,43200,,,,,,
data_sync,1557,1453700,,,,,,
marker_write,1557,47300,,,,,,
marker_sync,1557,2733000,,,,,,
append,1558,5362500,,,,,,
encode,1558,4900,,,,,,
data_write,1558,60700,,,,,,
data_sync,1558,2828900,,,,,,
marker_write,1558,50700,,,,,,
marker_sync,1558,2414700,,,,,,
append,1559,3744301,,,,,,
encode,1559,4300,,,,,,
data_write,1559,52300,,,,,,
data_sync,1559,1812601,,,,,,
marker_write,1559,56500,,,,,,
marker_sync,1559,1815800,,,,,,
append,1560,3450700,,,,,,
encode,1560,5700,,,,,,
data_write,1560,79200,,,,,,
data_sync,1560,1820500,,,,,,
marker_write,1560,47700,,,,,,
marker_sync,1560,1495200,,,,,,
append,1561,3357900,,,,,,
encode,1561,5400,,,,,,
data_write,1561,56500,,,,,,
data_sync,1561,1662500,,,,,,
marker_write,1561,50400,,,,,,
marker_sync,1561,1580300,,,,,,
append,1562,3170000,,,,,,
encode,1562,4400,,,,,,
data_write,1562,45800,,,,,,
data_sync,1562,1488700,,,,,,
marker_write,1562,32600,,,,,,
marker_sync,1562,1596700,,,,,,
append,1563,3021500,,,,,,
encode,1563,3500,,,,,,
data_write,1563,40300,,,,,,
data_sync,1563,1499800,,,,,,
marker_write,1563,35500,,,,,,
marker_sync,1563,1439700,,,,,,
append,1564,3315700,,,,,,
encode,1564,4200,,,,,,
data_write,1564,49000,,,,,,
data_sync,1564,1671800,,,,,,
marker_write,1564,47300,,,,,,
marker_sync,1564,1541100,,,,,,
append,1565,3448200,,,,,,
encode,1565,6000,,,,,,
data_write,1565,63100,,,,,,
data_sync,1565,1614800,,,,,,
marker_write,1565,41400,,,,,,
marker_sync,1565,1719700,,,,,,
append,1566,4193300,,,,,,
encode,1566,7000,,,,,,
data_write,1566,82200,,,,,,
data_sync,1566,2065000,,,,,,
marker_write,1566,69900,,,,,,
marker_sync,1566,1963700,,,,,,
append,1567,3437800,,,,,,
encode,1567,10300,,,,,,
data_write,1567,113700,,,,,,
data_sync,1567,1670600,,,,,,
marker_write,1567,58600,,,,,,
marker_sync,1567,1581700,,,,,,
append,1568,3007900,,,,,,
encode,1568,5300,,,,,,
data_write,1568,52300,,,,,,
data_sync,1568,1485600,,,,,,
marker_write,1568,41300,,,,,,
marker_sync,1568,1421000,,,,,,
append,1569,3481600,,,,,,
encode,1569,4400,,,,,,
data_write,1569,46300,,,,,,
data_sync,1569,1639400,,,,,,
marker_write,1569,42300,,,,,,
marker_sync,1569,1746500,,,,,,
append,1570,3523200,,,,,,
encode,1570,5600,,,,,,
data_write,1570,60500,,,,,,
data_sync,1570,1618400,,,,,,
marker_write,1570,59500,,,,,,
marker_sync,1570,1776800,,,,,,
append,1571,3395200,,,,,,
encode,1571,5000,,,,,,
data_write,1571,63100,,,,,,
data_sync,1571,1706400,,,,,,
marker_write,1571,52000,,,,,,
marker_sync,1571,1566200,,,,,,
append,1572,3457300,,,,,,
encode,1572,5100,,,,,,
data_write,1572,57000,,,,,,
data_sync,1572,1478600,,,,,,
marker_write,1572,47900,,,,,,
marker_sync,1572,1865800,,,,,,
append,1573,3320000,,,,,,
encode,1573,5200,,,,,,
data_write,1573,55700,,,,,,
data_sync,1573,1624400,,,,,,
marker_write,1573,45300,,,,,,
marker_sync,1573,1586900,,,,,,
append,1574,3191800,,,,,,
encode,1574,4800,,,,,,
data_write,1574,56600,,,,,,
data_sync,1574,1586700,,,,,,
marker_write,1574,46800,,,,,,
marker_sync,1574,1494500,,,,,,
append,1575,2855400,,,,,,
encode,1575,4000,,,,,,
data_write,1575,48700,,,,,,
data_sync,1575,1395400,,,,,,
marker_write,1575,36600,,,,,,
marker_sync,1575,1369300,,,,,,
append,1576,2959000,,,,,,
encode,1576,2900,,,,,,
data_write,1576,44200,,,,,,
data_sync,1576,1460600,,,,,,
marker_write,1576,36300,,,,,,
marker_sync,1576,1412600,,,,,,
append,1577,3029500,,,,,,
encode,1577,3400,,,,,,
data_write,1577,44600,,,,,,
data_sync,1577,1428900,,,,,,
marker_write,1577,37700,,,,,,
marker_sync,1577,1512900,,,,,,
append,1578,3116800,,,,,,
encode,1578,3700,,,,,,
data_write,1578,51000,,,,,,
data_sync,1578,1619800,,,,,,
marker_write,1578,35700,,,,,,
marker_sync,1578,1404800,,,,,,
append,1579,3065800,,,,,,
encode,1579,3800,,,,,,
data_write,1579,42000,,,,,,
data_sync,1579,1490200,,,,,,
marker_write,1579,38500,,,,,,
marker_sync,1579,1489200,,,,,,
append,1580,2988800,,,,,,
encode,1580,3700,,,,,,
data_write,1580,46400,,,,,,
data_sync,1580,1445600,,,,,,
marker_write,1580,44600,,,,,,
marker_sync,1580,1446100,,,,,,
append,1581,2918700,,,,,,
encode,1581,3100,,,,,,
data_write,1581,43400,,,,,,
data_sync,1581,1416600,,,,,,
marker_write,1581,34100,,,,,,
marker_sync,1581,1418400,,,,,,
append,1582,2940001,,,,,,
encode,1582,4400,,,,,,
data_write,1582,49900,,,,,,
data_sync,1582,1442701,,,,,,
marker_write,1582,37800,,,,,,
marker_sync,1582,1403400,,,,,,
append,1583,2999300,,,,,,
encode,1583,4000,,,,,,
data_write,1583,43000,,,,,,
data_sync,1583,1458500,,,,,,
marker_write,1583,34600,,,,,,
marker_sync,1583,1457800,,,,,,
append,1584,3006600,,,,,,
encode,1584,2900,,,,,,
data_write,1584,43200,,,,,,
data_sync,1584,1470600,,,,,,
marker_write,1584,34900,,,,,,
marker_sync,1584,1453700,,,,,,
append,1585,3322300,,,,,,
encode,1585,2600,,,,,,
data_write,1585,42300,,,,,,
data_sync,1585,1679900,,,,,,
marker_write,1585,53200,,,,,,
marker_sync,1585,1542200,,,,,,
append,1586,3057800,,,,,,
encode,1586,4700,,,,,,
data_write,1586,82000,,,,,,
data_sync,1586,1479000,,,,,,
marker_write,1586,35200,,,,,,
marker_sync,1586,1454600,,,,,,
append,1587,3109000,,,,,,
encode,1587,2900,,,,,,
data_write,1587,42100,,,,,,
data_sync,1587,1479500,,,,,,
marker_write,1587,35200,,,,,,
marker_sync,1587,1547100,,,,,,
append,1588,3047900,,,,,,
encode,1588,4200,,,,,,
data_write,1588,50100,,,,,,
data_sync,1588,1483900,,,,,,
marker_write,1588,33700,,,,,,
marker_sync,1588,1473900,,,,,,
append,1589,3009400,,,,,,
encode,1589,3000,,,,,,
data_write,1589,42600,,,,,,
data_sync,1589,1433900,,,,,,
marker_write,1589,34500,,,,,,
marker_sync,1589,1493400,,,,,,
append,1590,3495300,,,,,,
encode,1590,2700,,,,,,
data_write,1590,43400,,,,,,
data_sync,1590,1721400,,,,,,
marker_write,1590,52200,,,,,,
marker_sync,1590,1672500,,,,,,
append,1591,3044500,,,,,,
encode,1591,5200,,,,,,
data_write,1591,65800,,,,,,
data_sync,1591,1496800,,,,,,
marker_write,1591,50800,,,,,,
marker_sync,1591,1423200,,,,,,
append,1592,2974300,,,,,,
encode,1592,4500,,,,,,
data_write,1592,60700,,,,,,
data_sync,1592,1422100,,,,,,
marker_write,1592,49600,,,,,,
marker_sync,1592,1434800,,,,,,
append,1593,2888600,,,,,,
encode,1593,4100,,,,,,
data_write,1593,48100,,,,,,
data_sync,1593,1384900,,,,,,
marker_write,1593,35000,,,,,,
marker_sync,1593,1414600,,,,,,
append,1594,2983000,,,,,,
encode,1594,3400,,,,,,
data_write,1594,45300,,,,,,
data_sync,1594,1462500,,,,,,
marker_write,1594,35500,,,,,,
marker_sync,1594,1434800,,,,,,
append,1595,3428900,,,,,,
encode,1595,2700,,,,,,
data_write,1595,40800,,,,,,
data_sync,1595,1505500,,,,,,
marker_write,1595,48500,,,,,,
marker_sync,1595,1829100,,,,,,
append,1596,3340100,,,,,,
encode,1596,4100,,,,,,
data_write,1596,51100,,,,,,
data_sync,1596,1660500,,,,,,
marker_write,1596,51100,,,,,,
marker_sync,1596,1571100,,,,,,
append,1597,3336100,,,,,,
encode,1597,3900,,,,,,
data_write,1597,48600,,,,,,
data_sync,1597,1669600,,,,,,
marker_write,1597,37800,,,,,,
marker_sync,1597,1574200,,,,,,
append,1598,3236200,,,,,,
encode,1598,4200,,,,,,
data_write,1598,47700,,,,,,
data_sync,1598,1553600,,,,,,
marker_write,1598,47000,,,,,,
marker_sync,1598,1580900,,,,,,
append,1599,3331000,,,,,,
encode,1599,3700,,,,,,
data_write,1599,51500,,,,,,
data_sync,1599,1630800,,,,,,
marker_write,1599,48700,,,,,,
marker_sync,1599,1593800,,,,,,
append,1600,3715200,,,,,,
encode,1600,4200,,,,,,
data_write,1600,47900,,,,,,
data_sync,1600,1729200,,,,,,
marker_write,1600,51100,,,,,,
marker_sync,1600,1880500,,,,,,
append,1601,3912800,,,,,,
encode,1601,3600,,,,,,
data_write,1601,90500,,,,,,
data_sync,1601,1883700,,,,,,
marker_write,1601,53300,,,,,,
marker_sync,1601,1878100,,,,,,
append,1602,3524400,,,,,,
encode,1602,4000,,,,,,
data_write,1602,50200,,,,,,
data_sync,1602,1796400,,,,,,
marker_write,1602,51400,,,,,,
marker_sync,1602,1619800,,,,,,
append,1603,3228700,,,,,,
encode,1603,5200,,,,,,
data_write,1603,57600,,,,,,
data_sync,1603,1625900,,,,,,
marker_write,1603,45900,,,,,,
marker_sync,1603,1491200,,,,,,
append,1604,3208001,,,,,,
encode,1604,4500,,,,,,
data_write,1604,57600,,,,,,
data_sync,1604,1535500,,,,,,
marker_write,1604,43400,,,,,,
marker_sync,1604,1564201,,,,,,
append,1605,3279300,,,,,,
encode,1605,4400,,,,,,
data_write,1605,57700,,,,,,
data_sync,1605,1510600,,,,,,
marker_write,1605,44400,,,,,,
marker_sync,1605,1658600,,,,,,
append,1606,3494200,,,,,,
encode,1606,5600,,,,,,
data_write,1606,74400,,,,,,
data_sync,1606,1785900,,,,,,
marker_write,1606,44200,,,,,,
marker_sync,1606,1581600,,,,,,
append,1607,3302300,,,,,,
encode,1607,4500,,,,,,
data_write,1607,56500,,,,,,
data_sync,1607,1584500,,,,,,
marker_write,1607,40400,,,,,,
marker_sync,1607,1613900,,,,,,
append,1608,3456800,,,,,,
encode,1608,4500,,,,,,
data_write,1608,74800,,,,,,
data_sync,1608,1680300,,,,,,
marker_write,1608,51800,,,,,,
marker_sync,1608,1643000,,,,,,
append,1609,3605800,,,,,,
encode,1609,4400,,,,,,
data_write,1609,53300,,,,,,
data_sync,1609,1675800,,,,,,
marker_write,1609,55400,,,,,,
marker_sync,1609,1814300,,,,,,
append,1610,4054400,,,,,,
encode,1610,5600,,,,,,
data_write,1610,62100,,,,,,
data_sync,1610,2123900,,,,,,
marker_write,1610,60800,,,,,,
marker_sync,1610,1799500,,,,,,
append,1611,3790800,,,,,,
encode,1611,5700,,,,,,
data_write,1611,67100,,,,,,
data_sync,1611,1874400,,,,,,
marker_write,1611,47000,,,,,,
marker_sync,1611,1793900,,,,,,
append,1612,3792100,,,,,,
encode,1612,4000,,,,,,
data_write,1612,54600,,,,,,
data_sync,1612,1822700,,,,,,
marker_write,1612,52800,,,,,,
marker_sync,1612,1855900,,,,,,
append,1613,3547700,,,,,,
encode,1613,4400,,,,,,
data_write,1613,54200,,,,,,
data_sync,1613,1775000,,,,,,
marker_write,1613,55100,,,,,,
marker_sync,1613,1656200,,,,,,
append,1614,3269800,,,,,,
encode,1614,3800,,,,,,
data_write,1614,50400,,,,,,
data_sync,1614,1538600,,,,,,
marker_write,1614,38700,,,,,,
marker_sync,1614,1635700,,,,,,
append,1615,3218600,,,,,,
encode,1615,5900,,,,,,
data_write,1615,63700,,,,,,
data_sync,1615,1560300,,,,,,
marker_write,1615,40000,,,,,,
marker_sync,1615,1546000,,,,,,
append,1616,3144600,,,,,,
encode,1616,3500,,,,,,
data_write,1616,49100,,,,,,
data_sync,1616,1522400,,,,,,
marker_write,1616,48600,,,,,,
marker_sync,1616,1519100,,,,,,
append,1617,3134700,,,,,,
encode,1617,3300,,,,,,
data_write,1617,48200,,,,,,
data_sync,1617,1525400,,,,,,
marker_write,1617,39000,,,,,,
marker_sync,1617,1516800,,,,,,
append,1618,3788400,,,,,,
encode,1618,4400,,,,,,
data_write,1618,46300,,,,,,
data_sync,1618,1805400,,,,,,
marker_write,1618,43000,,,,,,
marker_sync,1618,1887100,,,,,,
append,1619,3781900,,,,,,
encode,1619,5800,,,,,,
data_write,1619,63000,,,,,,
data_sync,1619,1728900,,,,,,
marker_write,1619,41000,,,,,,
marker_sync,1619,1941000,,,,,,
append,1620,3554300,,,,,,
encode,1620,3800,,,,,,
data_write,1620,51500,,,,,,
data_sync,1620,1741300,,,,,,
marker_write,1620,45700,,,,,,
marker_sync,1620,1709500,,,,,,
append,1621,3358500,,,,,,
encode,1621,4000,,,,,,
data_write,1621,48400,,,,,,
data_sync,1621,1718400,,,,,,
marker_write,1621,43100,,,,,,
marker_sync,1621,1542000,,,,,,
append,1622,3501400,,,,,,
encode,1622,5200,,,,,,
data_write,1622,57200,,,,,,
data_sync,1622,1549500,,,,,,
marker_write,1622,114900,,,,,,
marker_sync,1622,1772300,,,,,,
append,1623,3742500,,,,,,
encode,1623,5400,,,,,,
data_write,1623,66800,,,,,,
data_sync,1623,1703800,,,,,,
marker_write,1623,44900,,,,,,
marker_sync,1623,1919100,,,,,,
append,1624,3679600,,,,,,
encode,1624,5200,,,,,,
data_write,1624,66300,,,,,,
data_sync,1624,1886500,,,,,,
marker_write,1624,52900,,,,,,
marker_sync,1624,1665100,,,,,,
append,1625,3013800,,,,,,
encode,1625,4100,,,,,,
data_write,1625,56000,,,,,,
data_sync,1625,1480500,,,,,,
marker_write,1625,38300,,,,,,
marker_sync,1625,1433500,,,,,,
append,1626,3222401,,,,,,
encode,1626,3200,,,,,,
data_write,1626,44900,,,,,,
data_sync,1626,1551901,,,,,,
marker_write,1626,53300,,,,,,
marker_sync,1626,1565900,,,,,,
append,1627,3357200,,,,,,
encode,1627,4900,,,,,,
data_write,1627,60100,,,,,,
data_sync,1627,1653600,,,,,,
marker_write,1627,58200,,,,,,
marker_sync,1627,1577200,,,,,,
append,1628,3142800,,,,,,
encode,1628,4200,,,,,,
data_write,1628,55200,,,,,,
data_sync,1628,1539900,,,,,,
marker_write,1628,49000,,,,,,
marker_sync,1628,1492100,,,,,,
append,1629,3059000,,,,,,
encode,1629,5900,,,,,,
data_write,1629,63300,,,,,,
data_sync,1629,1459300,,,,,,
marker_write,1629,42700,,,,,,
marker_sync,1629,1485400,,,,,,
append,1630,3311600,,,,,,
encode,1630,5200,,,,,,
data_write,1630,61800,,,,,,
data_sync,1630,1603400,,,,,,
marker_write,1630,56900,,,,,,
marker_sync,1630,1581500,,,,,,
append,1631,4342200,,,,,,
encode,1631,5500,,,,,,
data_write,1631,62900,,,,,,
data_sync,1631,1961000,,,,,,
marker_write,1631,70300,,,,,,
marker_sync,1631,2238300,,,,,,
append,1632,3799500,,,,,,
encode,1632,7900,,,,,,
data_write,1632,108400,,,,,,
data_sync,1632,1946200,,,,,,
marker_write,1632,67700,,,,,,
marker_sync,1632,1664800,,,,,,
append,1633,3488400,,,,,,
encode,1633,4400,,,,,,
data_write,1633,67500,,,,,,
data_sync,1633,1735500,,,,,,
marker_write,1633,40600,,,,,,
marker_sync,1633,1637800,,,,,,
append,1634,3108600,,,,,,
encode,1634,3800,,,,,,
data_write,1634,45500,,,,,,
data_sync,1634,1552800,,,,,,
marker_write,1634,44100,,,,,,
marker_sync,1634,1460100,,,,,,
append,1635,3011500,,,,,,
encode,1635,3100,,,,,,
data_write,1635,42500,,,,,,
data_sync,1635,1444700,,,,,,
marker_write,1635,42300,,,,,,
marker_sync,1635,1476900,,,,,,
append,1636,3415400,,,,,,
encode,1636,3000,,,,,,
data_write,1636,46000,,,,,,
data_sync,1636,1471900,,,,,,
marker_write,1636,48300,,,,,,
marker_sync,1636,1843700,,,,,,
append,1637,3312500,,,,,,
encode,1637,6800,,,,,,
data_write,1637,93200,,,,,,
data_sync,1637,1624900,,,,,,
marker_write,1637,45400,,,,,,
marker_sync,1637,1539900,,,,,,
append,1638,3095400,,,,,,
encode,1638,4800,,,,,,
data_write,1638,97900,,,,,,
data_sync,1638,1492300,,,,,,
marker_write,1638,42500,,,,,,
marker_sync,1638,1455600,,,,,,
append,1639,3543100,,,,,,
encode,1639,4200,,,,,,
data_write,1639,45800,,,,,,
data_sync,1639,1619900,,,,,,
marker_write,1639,51400,,,,,,
marker_sync,1639,1819100,,,,,,
append,1640,3346800,,,,,,
encode,1640,4000,,,,,,
data_write,1640,48800,,,,,,
data_sync,1640,1625600,,,,,,
marker_write,1640,40800,,,,,,
marker_sync,1640,1624900,,,,,,
append,1641,3608800,,,,,,
encode,1641,6600,,,,,,
data_write,1641,66500,,,,,,
data_sync,1641,1792100,,,,,,
marker_write,1641,58500,,,,,,
marker_sync,1641,1682600,,,,,,
append,1642,3219700,,,,,,
encode,1642,6100,,,,,,
data_write,1642,62500,,,,,,
data_sync,1642,1564300,,,,,,
marker_write,1642,45200,,,,,,
marker_sync,1642,1538900,,,,,,
append,1643,3245400,,,,,,
encode,1643,4000,,,,,,
data_write,1643,53700,,,,,,
data_sync,1643,1533100,,,,,,
marker_write,1643,47800,,,,,,
marker_sync,1643,1604400,,,,,,
append,1644,3303100,,,,,,
encode,1644,5100,,,,,,
data_write,1644,55900,,,,,,
data_sync,1644,1612700,,,,,,
marker_write,1644,48900,,,,,,
marker_sync,1644,1577900,,,,,,
append,1645,3440700,,,,,,
encode,1645,3700,,,,,,
data_write,1645,49300,,,,,,
data_sync,1645,1578600,,,,,,
marker_write,1645,45200,,,,,,
marker_sync,1645,1761700,,,,,,
append,1646,4019700,,,,,,
encode,1646,5200,,,,,,
data_write,1646,57000,,,,,,
data_sync,1646,1977100,,,,,,
marker_write,1646,55500,,,,,,
marker_sync,1646,1921700,,,,,,
append,1647,4097401,,,,,,
encode,1647,5500,,,,,,
data_write,1647,70500,,,,,,
data_sync,1647,1982500,,,,,,
marker_write,1647,61600,,,,,,
marker_sync,1647,1974201,,,,,,
append,1648,3544100,,,,,,
encode,1648,4200,,,,,,
data_write,1648,61400,,,,,,
data_sync,1648,1675600,,,,,,
marker_write,1648,44600,,,,,,
marker_sync,1648,1755600,,,,,,
append,1649,3182500,,,,,,
encode,1649,4700,,,,,,
data_write,1649,48500,,,,,,
data_sync,1649,1516800,,,,,,
marker_write,1649,44900,,,,,,
marker_sync,1649,1564900,,,,,,
append,1650,3199900,,,,,,
encode,1650,5000,,,,,,
data_write,1650,63900,,,,,,
data_sync,1650,1595300,,,,,,
marker_write,1650,42300,,,,,,
marker_sync,1650,1490800,,,,,,
append,1651,2927000,,,,,,
encode,1651,3800,,,,,,
data_write,1651,43500,,,,,,
data_sync,1651,1427200,,,,,,
marker_write,1651,40100,,,,,,
marker_sync,1651,1410900,,,,,,
append,1652,2968700,,,,,,
encode,1652,3400,,,,,,
data_write,1652,46200,,,,,,
data_sync,1652,1474500,,,,,,
marker_write,1652,37100,,,,,,
marker_sync,1652,1405900,,,,,,
append,1653,2961100,,,,,,
encode,1653,3100,,,,,,
data_write,1653,43400,,,,,,
data_sync,1653,1447000,,,,,,
marker_write,1653,36400,,,,,,
marker_sync,1653,1429700,,,,,,
append,1654,3219400,,,,,,
encode,1654,3000,,,,,,
data_write,1654,45000,,,,,,
data_sync,1654,1532400,,,,,,
marker_write,1654,37000,,,,,,
marker_sync,1654,1600100,,,,,,
append,1655,3387700,,,,,,
encode,1655,5200,,,,,,
data_write,1655,61300,,,,,,
data_sync,1655,1697100,,,,,,
marker_write,1655,45400,,,,,,
marker_sync,1655,1576100,,,,,,
append,1656,3155400,,,,,,
encode,1656,5600,,,,,,
data_write,1656,64300,,,,,,
data_sync,1656,1512800,,,,,,
marker_write,1656,39700,,,,,,
marker_sync,1656,1530600,,,,,,
append,1657,3183100,,,,,,
encode,1657,4600,,,,,,
data_write,1657,49200,,,,,,
data_sync,1657,1560000,,,,,,
marker_write,1657,50300,,,,,,
marker_sync,1657,1516700,,,,,,
append,1658,3025700,,,,,,
encode,1658,3600,,,,,,
data_write,1658,46800,,,,,,
data_sync,1658,1458900,,,,,,
marker_write,1658,39200,,,,,,
marker_sync,1658,1475400,,,,,,
append,1659,3234600,,,,,,
encode,1659,4300,,,,,,
data_write,1659,48800,,,,,,
data_sync,1659,1468100,,,,,,
marker_write,1659,49200,,,,,,
marker_sync,1659,1661400,,,,,,
append,1660,3678600,,,,,,
encode,1660,6100,,,,,,
data_write,1660,64700,,,,,,
data_sync,1660,1788200,,,,,,
marker_write,1660,51300,,,,,,
marker_sync,1660,1765500,,,,,,
append,1661,3272800,,,,,,
encode,1661,3800,,,,,,
data_write,1661,59800,,,,,,
data_sync,1661,1660100,,,,,,
marker_write,1661,36900,,,,,,
marker_sync,1661,1510300,,,,,,
append,1662,3346100,,,,,,
encode,1662,3400,,,,,,
data_write,1662,44900,,,,,,
data_sync,1662,1617600,,,,,,
marker_write,1662,41600,,,,,,
marker_sync,1662,1636200,,,,,,
append,1663,3110100,,,,,,
encode,1663,4100,,,,,,
data_write,1663,46800,,,,,,
data_sync,1663,1522600,,,,,,
marker_write,1663,41700,,,,,,
marker_sync,1663,1492500,,,,,,
append,1664,3207100,,,,,,
encode,1664,3600,,,,,,
data_write,1664,46200,,,,,,
data_sync,1664,1525400,,,,,,
marker_write,1664,56300,,,,,,
marker_sync,1664,1573100,,,,,,
append,1665,3052400,,,,,,
encode,1665,2500,,,,,,
data_write,1665,48700,,,,,,
data_sync,1665,1479100,,,,,,
marker_write,1665,36500,,,,,,
marker_sync,1665,1484200,,,,,,
append,1666,3008800,,,,,,
encode,1666,3400,,,,,,
data_write,1666,44500,,,,,,
data_sync,1666,1477800,,,,,,
marker_write,1666,35400,,,,,,
marker_sync,1666,1446200,,,,,,
append,1667,3057000,,,,,,
encode,1667,3000,,,,,,
data_write,1667,42100,,,,,,
data_sync,1667,1474700,,,,,,
marker_write,1667,35100,,,,,,
marker_sync,1667,1500100,,,,,,
append,1668,3156000,,,,,,
encode,1668,4600,,,,,,
data_write,1668,49800,,,,,,
data_sync,1668,1554300,,,,,,
marker_write,1668,38300,,,,,,
marker_sync,1668,1507300,,,,,,
append,1669,3318000,,,,,,
encode,1669,3600,,,,,,
data_write,1669,49600,,,,,,
data_sync,1669,1502000,,,,,,
marker_write,1669,40800,,,,,,
marker_sync,1669,1719700,,,,,,
append,1670,3279901,,,,,,
encode,1670,4400,,,,,,
data_write,1670,63800,,,,,,
data_sync,1670,1603100,,,,,,
marker_write,1670,39800,,,,,,
marker_sync,1670,1566601,,,,,,
append,1671,3179400,,,,,,
encode,1671,3400,,,,,,
data_write,1671,45700,,,,,,
data_sync,1671,1527500,,,,,,
marker_write,1671,37900,,,,,,
marker_sync,1671,1562900,,,,,,
append,1672,3100100,,,,,,
encode,1672,3000,,,,,,
data_write,1672,41500,,,,,,
data_sync,1672,1546500,,,,,,
marker_write,1672,35900,,,,,,
marker_sync,1672,1471600,,,,,,
append,1673,3193600,,,,,,
encode,1673,2200,,,,,,
data_write,1673,42100,,,,,,
data_sync,1673,1538700,,,,,,
marker_write,1673,33600,,,,,,
marker_sync,1673,1575600,,,,,,
append,1674,3651200,,,,,,
encode,1674,3200,,,,,,
data_write,1674,41500,,,,,,
data_sync,1674,1665500,,,,,,
marker_write,1674,47300,,,,,,
marker_sync,1674,1890500,,,,,,
append,1675,3148800,,,,,,
encode,1675,5400,,,,,,
data_write,1675,59500,,,,,,
data_sync,1675,1556400,,,,,,
marker_write,1675,40600,,,,,,
marker_sync,1675,1485100,,,,,,
append,1676,3011800,,,,,,
encode,1676,3800,,,,,,
data_write,1676,45900,,,,,,
data_sync,1676,1494900,,,,,,
marker_write,1676,36400,,,,,,
marker_sync,1676,1429200,,,,,,
append,1677,2907200,,,,,,
encode,1677,3200,,,,,,
data_write,1677,44400,,,,,,
data_sync,1677,1437100,,,,,,
marker_write,1677,37900,,,,,,
marker_sync,1677,1382300,,,,,,
append,1678,2961300,,,,,,
encode,1678,3900,,,,,,
data_write,1678,42400,,,,,,
data_sync,1678,1469500,,,,,,
marker_write,1678,38400,,,,,,
marker_sync,1678,1405400,,,,,,
append,1679,3036000,,,,,,
encode,1679,3400,,,,,,
data_write,1679,44500,,,,,,
data_sync,1679,1455500,,,,,,
marker_write,1679,52800,,,,,,
marker_sync,1679,1478100,,,,,,
append,1680,3097000,,,,,,
encode,1680,3900,,,,,,
data_write,1680,47300,,,,,,
data_sync,1680,1471700,,,,,,
marker_write,1680,39300,,,,,,
marker_sync,1680,1532600,,,,,,
append,1681,3125200,,,,,,
encode,1681,4900,,,,,,
data_write,1681,50600,,,,,,
data_sync,1681,1551100,,,,,,
marker_write,1681,39400,,,,,,
marker_sync,1681,1476700,,,,,,
append,1682,2936900,,,,,,
encode,1682,3900,,,,,,
data_write,1682,45200,,,,,,
data_sync,1682,1437600,,,,,,
marker_write,1682,36500,,,,,,
marker_sync,1682,1411900,,,,,,
append,1683,2942500,,,,,,
encode,1683,4100,,,,,,
data_write,1683,43400,,,,,,
data_sync,1683,1406900,,,,,,
marker_write,1683,35200,,,,,,
marker_sync,1683,1451400,,,,,,
append,1684,3112900,,,,,,
encode,1684,4000,,,,,,
data_write,1684,44100,,,,,,
data_sync,1684,1400200,,,,,,
marker_write,1684,36900,,,,,,
marker_sync,1684,1625700,,,,,,
append,1685,3433400,,,,,,
encode,1685,5300,,,,,,
data_write,1685,51500,,,,,,
data_sync,1685,1508000,,,,,,
marker_write,1685,40500,,,,,,
marker_sync,1685,1825300,,,,,,
append,1686,3186600,,,,,,
encode,1686,3800,,,,,,
data_write,1686,51600,,,,,,
data_sync,1686,1548400,,,,,,
marker_write,1686,59800,,,,,,
marker_sync,1686,1521100,,,,,,
append,1687,3135400,,,,,,
encode,1687,3300,,,,,,
data_write,1687,46600,,,,,,
data_sync,1687,1508300,,,,,,
marker_write,1687,44000,,,,,,
marker_sync,1687,1531300,,,,,,
append,1688,3356900,,,,,,
encode,1688,3800,,,,,,
data_write,1688,44400,,,,,,
data_sync,1688,1631100,,,,,,
marker_write,1688,43700,,,,,,
marker_sync,1688,1631800,,,,,,
append,1689,3655300,,,,,,
encode,1689,4300,,,,,,
data_write,1689,57300,,,,,,
data_sync,1689,1783800,,,,,,
marker_write,1689,53900,,,,,,
marker_sync,1689,1753400,,,,,,
append,1690,3490600,,,,,,
encode,1690,3900,,,,,,
data_write,1690,53000,,,,,,
data_sync,1690,1669600,,,,,,
marker_write,1690,44500,,,,,,
marker_sync,1690,1717000,,,,,,
append,1691,3526100,,,,,,
encode,1691,4800,,,,,,
data_write,1691,53300,,,,,,
data_sync,1691,1764800,,,,,,
marker_write,1691,43300,,,,,,
marker_sync,1691,1657400,,,,,,
append,1692,3309900,,,,,,
encode,1692,5600,,,,,,
data_write,1692,59700,,,,,,
data_sync,1692,1602200,,,,,,
marker_write,1692,43500,,,,,,
marker_sync,1692,1596700,,,,,,
append,1693,3392601,,,,,,
encode,1693,5300,,,,,,
data_write,1693,58000,,,,,,
data_sync,1693,1636900,,,,,,
marker_write,1693,47000,,,,,,
marker_sync,1693,1643001,,,,,,
append,1694,3908400,,,,,,
encode,1694,5900,,,,,,
data_write,1694,60000,,,,,,
data_sync,1694,1974400,,,,,,
marker_write,1694,58900,,,,,,
marker_sync,1694,1805900,,,,,,
append,1695,3329800,,,,,,
encode,1695,4100,,,,,,
data_write,1695,53800,,,,,,
data_sync,1695,1573000,,,,,,
marker_write,1695,59700,,,,,,
marker_sync,1695,1636400,,,,,,
append,1696,3666500,,,,,,
encode,1696,5700,,,,,,
data_write,1696,65900,,,,,,
data_sync,1696,1640100,,,,,,
marker_write,1696,59700,,,,,,
marker_sync,1696,1889900,,,,,,
append,1697,4251100,,,,,,
encode,1697,9600,,,,,,
data_write,1697,111300,,,,,,
data_sync,1697,2046000,,,,,,
marker_write,1697,63400,,,,,,
marker_sync,1697,2017400,,,,,,
append,1698,4025400,,,,,,
encode,1698,4600,,,,,,
data_write,1698,60900,,,,,,
data_sync,1698,2047700,,,,,,
marker_write,1698,54200,,,,,,
marker_sync,1698,1854800,,,,,,
append,1699,3855600,,,,,,
encode,1699,5100,,,,,,
data_write,1699,57400,,,,,,
data_sync,1699,1838200,,,,,,
marker_write,1699,48000,,,,,,
marker_sync,1699,1903600,,,,,,
append,1700,4117500,,,,,,
encode,1700,5400,,,,,,
data_write,1700,62800,,,,,,
data_sync,1700,1978600,,,,,,
marker_write,1700,45200,,,,,,
marker_sync,1700,2022500,,,,,,
append,1701,3362400,,,,,,
encode,1701,3800,,,,,,
data_write,1701,54100,,,,,,
data_sync,1701,1639400,,,,,,
marker_write,1701,41700,,,,,,
marker_sync,1701,1620600,,,,,,
append,1702,3714900,,,,,,
encode,1702,4400,,,,,,
data_write,1702,47800,,,,,,
data_sync,1702,1682000,,,,,,
marker_write,1702,56500,,,,,,
marker_sync,1702,1921800,,,,,,
append,1703,3601300,,,,,,
encode,1703,5300,,,,,,
data_write,1703,63300,,,,,,
data_sync,1703,1852600,,,,,,
marker_write,1703,45000,,,,,,
marker_sync,1703,1632700,,,,,,
append,1704,3341800,,,,,,
encode,1704,5200,,,,,,
data_write,1704,56600,,,,,,
data_sync,1704,1646800,,,,,,
marker_write,1704,40700,,,,,,
marker_sync,1704,1589900,,,,,,
append,1705,3313700,,,,,,
encode,1705,4500,,,,,,
data_write,1705,49300,,,,,,
data_sync,1705,1618500,,,,,,
marker_write,1705,40100,,,,,,
marker_sync,1705,1598800,,,,,,
append,1706,3392200,,,,,,
encode,1706,3600,,,,,,
data_write,1706,45800,,,,,,
data_sync,1706,1636900,,,,,,
marker_write,1706,49200,,,,,,
marker_sync,1706,1654400,,,,,,
append,1707,3171400,,,,,,
encode,1707,4000,,,,,,
data_write,1707,50100,,,,,,
data_sync,1707,1534500,,,,,,
marker_write,1707,37300,,,,,,
marker_sync,1707,1543400,,,,,,
append,1708,3213800,,,,,,
encode,1708,4300,,,,,,
data_write,1708,51200,,,,,,
data_sync,1708,1570300,,,,,,
marker_write,1708,38200,,,,,,
marker_sync,1708,1547800,,,,,,
append,1709,3324400,,,,,,
encode,1709,3900,,,,,,
data_write,1709,46700,,,,,,
data_sync,1709,1623900,,,,,,
marker_write,1709,43600,,,,,,
marker_sync,1709,1603800,,,,,,
append,1710,3271900,,,,,,
encode,1710,4900,,,,,,
data_write,1710,70900,,,,,,
data_sync,1710,1613900,,,,,,
marker_write,1710,38400,,,,,,
marker_sync,1710,1542000,,,,,,
append,1711,3647700,,,,,,
encode,1711,3700,,,,,,
data_write,1711,42400,,,,,,
data_sync,1711,1583200,,,,,,
marker_write,1711,35100,,,,,,
marker_sync,1711,1981200,,,,,,
append,1712,3665700,,,,,,
encode,1712,5100,,,,,,
data_write,1712,63100,,,,,,
data_sync,1712,1725600,,,,,,
marker_write,1712,41000,,,,,,
marker_sync,1712,1828200,,,,,,
append,1713,3396800,,,,,,
encode,1713,4900,,,,,,
data_write,1713,58300,,,,,,
data_sync,1713,1755300,,,,,,
marker_write,1713,52300,,,,,,
marker_sync,1713,1522800,,,,,,
append,1714,3212601,,,,,,
encode,1714,3800,,,,,,
data_write,1714,46700,,,,,,
data_sync,1714,1554001,,,,,,
marker_write,1714,41200,,,,,,
marker_sync,1714,1564400,,,,,,
append,1715,3129800,,,,,,
encode,1715,5400,,,,,,
data_write,1715,64700,,,,,,
data_sync,1715,1515600,,,,,,
marker_write,1715,39200,,,,,,
marker_sync,1715,1502500,,,,,,
append,1716,3923100,,,,,,
encode,1716,5000,,,,,,
data_write,1716,61100,,,,,,
data_sync,1716,1739600,,,,,,
marker_write,1716,65800,,,,,,
marker_sync,1716,2049100,,,,,,
append,1717,3243300,,,,,,
encode,1717,4000,,,,,,
data_write,1717,59700,,,,,,
data_sync,1717,1598900,,,,,,
marker_write,1717,40000,,,,,,
marker_sync,1717,1538200,,,,,,
append,1718,3235800,,,,,,
encode,1718,4400,,,,,,
data_write,1718,49200,,,,,,
data_sync,1718,1587400,,,,,,
marker_write,1718,40600,,,,,,
marker_sync,1718,1552100,,,,,,
append,1719,3399800,,,,,,
encode,1719,4400,,,,,,
data_write,1719,46200,,,,,,
data_sync,1719,1619200,,,,,,
marker_write,1719,57000,,,,,,
marker_sync,1719,1669600,,,,,,
append,1720,3751800,,,,,,
encode,1720,5200,,,,,,
data_write,1720,63000,,,,,,
data_sync,1720,1757800,,,,,,
marker_write,1720,48300,,,,,,
marker_sync,1720,1874900,,,,,,
append,1721,3288000,,,,,,
encode,1721,5500,,,,,,
data_write,1721,68100,,,,,,
data_sync,1721,1555700,,,,,,
marker_write,1721,50200,,,,,,
marker_sync,1721,1606100,,,,,,
append,1722,3035000,,,,,,
encode,1722,3900,,,,,,
data_write,1722,47700,,,,,,
data_sync,1722,1464000,,,,,,
marker_write,1722,38900,,,,,,
marker_sync,1722,1477900,,,,,,
append,1723,3029900,,,,,,
encode,1723,4100,,,,,,
data_write,1723,50600,,,,,,
data_sync,1723,1486000,,,,,,
marker_write,1723,38900,,,,,,
marker_sync,1723,1448200,,,,,,
append,1724,3595700,,,,,,
encode,1724,3500,,,,,,
data_write,1724,49100,,,,,,
data_sync,1724,1850100,,,,,,
marker_write,1724,42900,,,,,,
marker_sync,1724,1647700,,,,,,
append,1725,3731500,,,,,,
encode,1725,3800,,,,,,
data_write,1725,50600,,,,,,
data_sync,1725,1832500,,,,,,
marker_write,1725,50700,,,,,,
marker_sync,1725,1791000,,,,,,
append,1726,3612200,,,,,,
encode,1726,4100,,,,,,
data_write,1726,56000,,,,,,
data_sync,1726,1783600,,,,,,
marker_write,1726,54000,,,,,,
marker_sync,1726,1712000,,,,,,
append,1727,3504400,,,,,,
encode,1727,5400,,,,,,
data_write,1727,56200,,,,,,
data_sync,1727,1767400,,,,,,
marker_write,1727,56800,,,,,,
marker_sync,1727,1615900,,,,,,
append,1728,3236600,,,,,,
encode,1728,5500,,,,,,
data_write,1728,59600,,,,,,
data_sync,1728,1521300,,,,,,
marker_write,1728,39800,,,,,,
marker_sync,1728,1607500,,,,,,
append,1729,3401100,,,,,,
encode,1729,3100,,,,,,
data_write,1729,54600,,,,,,
data_sync,1729,1556800,,,,,,
marker_write,1729,41100,,,,,,
marker_sync,1729,1743000,,,,,,
append,1730,3305200,,,,,,
encode,1730,3800,,,,,,
data_write,1730,69300,,,,,,
data_sync,1730,1651200,,,,,,
marker_write,1730,43700,,,,,,
marker_sync,1730,1535100,,,,,,
append,1731,3290200,,,,,,
encode,1731,4000,,,,,,
data_write,1731,49100,,,,,,
data_sync,1731,1579400,,,,,,
marker_write,1731,36600,,,,,,
marker_sync,1731,1619200,,,,,,
append,1732,3144800,,,,,,
encode,1732,4200,,,,,,
data_write,1732,48600,,,,,,
data_sync,1732,1584000,,,,,,
marker_write,1732,36700,,,,,,
marker_sync,1732,1469600,,,,,,
append,1733,3314300,,,,,,
encode,1733,3500,,,,,,
data_write,1733,41100,,,,,,
data_sync,1733,1514900,,,,,,
marker_write,1733,37000,,,,,,
marker_sync,1733,1715600,,,,,,
append,1734,3798500,,,,,,
encode,1734,4400,,,,,,
data_write,1734,53400,,,,,,
data_sync,1734,1882100,,,,,,
marker_write,1734,44500,,,,,,
marker_sync,1734,1811300,,,,,,
append,1735,3732900,,,,,,
encode,1735,5500,,,,,,
data_write,1735,54800,,,,,,
data_sync,1735,1830300,,,,,,
marker_write,1735,49100,,,,,,
marker_sync,1735,1790500,,,,,,
append,1736,3343501,,,,,,
encode,1736,5500,,,,,,
data_write,1736,61800,,,,,,
data_sync,1736,1654001,,,,,,
marker_write,1736,42600,,,,,,
marker_sync,1736,1577200,,,,,,
append,1737,3250900,,,,,,
encode,1737,4400,,,,,,
data_write,1737,49200,,,,,,
data_sync,1737,1595200,,,,,,
marker_write,1737,50300,,,,,,
marker_sync,1737,1549100,,,,,,
append,1738,3458900,,,,,,
encode,1738,4400,,,,,,
data_write,1738,60800,,,,,,
data_sync,1738,1619300,,,,,,
marker_write,1738,40300,,,,,,
marker_sync,1738,1730900,,,,,,
append,1739,4045700,,,,,,
encode,1739,5200,,,,,,
data_write,1739,64700,,,,,,
data_sync,1739,2101100,,,,,,
marker_write,1739,51100,,,,,,
marker_sync,1739,1820500,,,,,,
append,1740,4050800,,,,,,
encode,1740,4600,,,,,,
data_write,1740,54800,,,,,,
data_sync,1740,2001500,,,,,,
marker_write,1740,48000,,,,,,
marker_sync,1740,1939500,,,,,,
append,1741,3848700,,,,,,
encode,1741,5700,,,,,,
data_write,1741,55700,,,,,,
data_sync,1741,1985900,,,,,,
marker_write,1741,51600,,,,,,
marker_sync,1741,1746900,,,,,,
append,1742,3448800,,,,,,
encode,1742,4900,,,,,,
data_write,1742,48400,,,,,,
data_sync,1742,1649600,,,,,,
marker_write,1742,42400,,,,,,
marker_sync,1742,1700100,,,,,,
append,1743,3692600,,,,,,
encode,1743,5300,,,,,,
data_write,1743,57000,,,,,,
data_sync,1743,1952800,,,,,,
marker_write,1743,45700,,,,,,
marker_sync,1743,1629100,,,,,,
append,1744,3578300,,,,,,
encode,1744,4000,,,,,,
data_write,1744,59500,,,,,,
data_sync,1744,1779000,,,,,,
marker_write,1744,38600,,,,,,
marker_sync,1744,1694300,,,,,,
append,1745,3243600,,,,,,
encode,1745,5600,,,,,,
data_write,1745,62300,,,,,,
data_sync,1745,1541700,,,,,,
marker_write,1745,38200,,,,,,
marker_sync,1745,1593300,,,,,,
append,1746,3184900,,,,,,
encode,1746,5100,,,,,,
data_write,1746,59600,,,,,,
data_sync,1746,1550800,,,,,,
marker_write,1746,40100,,,,,,
marker_sync,1746,1527300,,,,,,
append,1747,3192500,,,,,,
encode,1747,4900,,,,,,
data_write,1747,49500,,,,,,
data_sync,1747,1470400,,,,,,
marker_write,1747,38500,,,,,,
marker_sync,1747,1626700,,,,,,
append,1748,3189800,,,,,,
encode,1748,5600,,,,,,
data_write,1748,60300,,,,,,
data_sync,1748,1563400,,,,,,
marker_write,1748,41400,,,,,,
marker_sync,1748,1516200,,,,,,
append,1749,3141600,,,,,,
encode,1749,4100,,,,,,
data_write,1749,51200,,,,,,
data_sync,1749,1541500,,,,,,
marker_write,1749,41200,,,,,,
marker_sync,1749,1501100,,,,,,
append,1750,3032800,,,,,,
encode,1750,4200,,,,,,
data_write,1750,46500,,,,,,
data_sync,1750,1448800,,,,,,
marker_write,1750,33200,,,,,,
marker_sync,1750,1497600,,,,,,
append,1751,3316000,,,,,,
encode,1751,3600,,,,,,
data_write,1751,47700,,,,,,
data_sync,1751,1642500,,,,,,
marker_write,1751,55000,,,,,,
marker_sync,1751,1564900,,,,,,
append,1752,3403800,,,,,,
encode,1752,4200,,,,,,
data_write,1752,52100,,,,,,
data_sync,1752,1644200,,,,,,
marker_write,1752,41600,,,,,,
marker_sync,1752,1659000,,,,,,
append,1753,3435500,,,,,,
encode,1753,4400,,,,,,
data_write,1753,51800,,,,,,
data_sync,1753,1700500,,,,,,
marker_write,1753,48000,,,,,,
marker_sync,1753,1628600,,,,,,
append,1754,3399700,,,,,,
encode,1754,4700,,,,,,
data_write,1754,50800,,,,,,
data_sync,1754,1648400,,,,,,
marker_write,1754,40200,,,,,,
marker_sync,1754,1652600,,,,,,
append,1755,3294100,,,,,,
encode,1755,3800,,,,,,
data_write,1755,53300,,,,,,
data_sync,1755,1619200,,,,,,
marker_write,1755,40300,,,,,,
marker_sync,1755,1575100,,,,,,
append,1756,3501000,,,,,,
encode,1756,3900,,,,,,
data_write,1756,49000,,,,,,
data_sync,1756,1611000,,,,,,
marker_write,1756,42700,,,,,,
marker_sync,1756,1792300,,,,,,
append,1757,4030901,,,,,,
encode,1757,4200,,,,,,
data_write,1757,49100,,,,,,
data_sync,1757,1900900,,,,,,
marker_write,1757,61501,,,,,,
marker_sync,1757,2012200,,,,,,
append,1758,3835400,,,,,,
encode,1758,5800,,,,,,
data_write,1758,70700,,,,,,
data_sync,1758,1894800,,,,,,
marker_write,1758,52800,,,,,,
marker_sync,1758,1808500,,,,,,
append,1759,4169700,,,,,,
encode,1759,5300,,,,,,
data_write,1759,64600,,,,,,
data_sync,1759,2130300,,,,,,
marker_write,1759,66300,,,,,,
marker_sync,1759,1898900,,,,,,
append,1760,3557700,,,,,,
encode,1760,9200,,,,,,
data_write,1760,101800,,,,,,
data_sync,1760,1675600,,,,,,
marker_write,1760,49400,,,,,,
marker_sync,1760,1719100,,,,,,
append,1761,4001200,,,,,,
encode,1761,4600,,,,,,
data_write,1761,47900,,,,,,
data_sync,1761,2078900,,,,,,
marker_write,1761,62900,,,,,,
marker_sync,1761,1804400,,,,,,
append,1762,3484500,,,,,,
encode,1762,4200,,,,,,
data_write,1762,55300,,,,,,
data_sync,1762,1788300,,,,,,
marker_write,1762,48300,,,,,,
marker_sync,1762,1585800,,,,,,
append,1763,3216400,,,,,,
encode,1763,5100,,,,,,
data_write,1763,49800,,,,,,
data_sync,1763,1594100,,,,,,
marker_write,1763,41400,,,,,,
marker_sync,1763,1524200,,,,,,
append,1764,3234200,,,,,,
encode,1764,3600,,,,,,
data_write,1764,45300,,,,,,
data_sync,1764,1539400,,,,,,
marker_write,1764,36200,,,,,,
marker_sync,1764,1607700,,,,,,
append,1765,3368000,,,,,,
encode,1765,3200,,,,,,
data_write,1765,44300,,,,,,
data_sync,1765,1571100,,,,,,
marker_write,1765,38900,,,,,,
marker_sync,1765,1707300,,,,,,
append,1766,3348700,,,,,,
encode,1766,5700,,,,,,
data_write,1766,69200,,,,,,
data_sync,1766,1639800,,,,,,
marker_write,1766,39400,,,,,,
marker_sync,1766,1592400,,,,,,
append,1767,3276000,,,,,,
encode,1767,4300,,,,,,
data_write,1767,46400,,,,,,
data_sync,1767,1580200,,,,,,
marker_write,1767,38900,,,,,,
marker_sync,1767,1603200,,,,,,
append,1768,3150900,,,,,,
encode,1768,4700,,,,,,
data_write,1768,57700,,,,,,
data_sync,1768,1506400,,,,,,
marker_write,1768,36700,,,,,,
marker_sync,1768,1543200,,,,,,
append,1769,3657200,,,,,,
encode,1769,4000,,,,,,
data_write,1769,45100,,,,,,
data_sync,1769,1886800,,,,,,
marker_write,1769,53500,,,,,,
marker_sync,1769,1664600,,,,,,
append,1770,3565200,,,,,,
encode,1770,3700,,,,,,
data_write,1770,53200,,,,,,
data_sync,1770,1662400,,,,,,
marker_write,1770,38100,,,,,,
marker_sync,1770,1805800,,,,,,
append,1771,3405000,,,,,,
encode,1771,4100,,,,,,
data_write,1771,51100,,,,,,
data_sync,1771,1697800,,,,,,
marker_write,1771,59400,,,,,,
marker_sync,1771,1590100,,,,,,
append,1772,3997300,,,,,,
encode,1772,4200,,,,,,
data_write,1772,57700,,,,,,
data_sync,1772,2266900,,,,,,
marker_write,1772,54500,,,,,,
marker_sync,1772,1611000,,,,,,
append,1773,3460100,,,,,,
encode,1773,5500,,,,,,
data_write,1773,69600,,,,,,
data_sync,1773,1742700,,,,,,
marker_write,1773,53300,,,,,,
marker_sync,1773,1585700,,,,,,
append,1774,3444400,,,,,,
encode,1774,5500,,,,,,
data_write,1774,68100,,,,,,
data_sync,1774,1635600,,,,,,
marker_write,1774,48400,,,,,,
marker_sync,1774,1683800,,,,,,
append,1775,3407000,,,,,,
encode,1775,5400,,,,,,
data_write,1775,67700,,,,,,
data_sync,1775,1719300,,,,,,
marker_write,1775,47400,,,,,,
marker_sync,1775,1564800,,,,,,
append,1776,3024500,,,,,,
encode,1776,4400,,,,,,
data_write,1776,52000,,,,,,
data_sync,1776,1454200,,,,,,
marker_write,1776,39900,,,,,,
marker_sync,1776,1471800,,,,,,
append,1777,3555600,,,,,,
encode,1777,4300,,,,,,
data_write,1777,48300,,,,,,
data_sync,1777,1639100,,,,,,
marker_write,1777,38000,,,,,,
marker_sync,1777,1822400,,,,,,
append,1778,3119101,,,,,,
encode,1778,4900,,,,,,
data_write,1778,52300,,,,,,
data_sync,1778,1547700,,,,,,
marker_write,1778,54401,,,,,,
marker_sync,1778,1457600,,,,,,
append,1779,2964200,,,,,,
encode,1779,4400,,,,,,
data_write,1779,49300,,,,,,
data_sync,1779,1384700,,,,,,
marker_write,1779,37500,,,,,,
marker_sync,1779,1486300,,,,,,
append,1780,3082100,,,,,,
encode,1780,4400,,,,,,
data_write,1780,50600,,,,,,
data_sync,1780,1488400,,,,,,
marker_write,1780,40800,,,,,,
marker_sync,1780,1495600,,,,,,
append,1781,3165400,,,,,,
encode,1781,5300,,,,,,
data_write,1781,61300,,,,,,
data_sync,1781,1520600,,,,,,
marker_write,1781,55400,,,,,,
marker_sync,1781,1520400,,,,,,
append,1782,3060200,,,,,,
encode,1782,3900,,,,,,
data_write,1782,53100,,,,,,
data_sync,1782,1552300,,,,,,
marker_write,1782,43000,,,,,,
marker_sync,1782,1405600,,,,,,
append,1783,2899100,,,,,,
encode,1783,4200,,,,,,
data_write,1783,50200,,,,,,
data_sync,1783,1407300,,,,,,
marker_write,1783,43100,,,,,,
marker_sync,1783,1391800,,,,,,
append,1784,3106000,,,,,,
encode,1784,3900,,,,,,
data_write,1784,47900,,,,,,
data_sync,1784,1370800,,,,,,
marker_write,1784,38900,,,,,,
marker_sync,1784,1642000,,,,,,
append,1785,3435000,,,,,,
encode,1785,5600,,,,,,
data_write,1785,64200,,,,,,
data_sync,1785,1777200,,,,,,
marker_write,1785,44500,,,,,,
marker_sync,1785,1540800,,,,,,
append,1786,3242800,,,,,,
encode,1786,5700,,,,,,
data_write,1786,52400,,,,,,
data_sync,1786,1547100,,,,,,
marker_write,1786,39700,,,,,,
marker_sync,1786,1595700,,,,,,
append,1787,3262200,,,,,,
encode,1787,3900,,,,,,
data_write,1787,45700,,,,,,
data_sync,1787,1561300,,,,,,
marker_write,1787,50400,,,,,,
marker_sync,1787,1598100,,,,,,
append,1788,3155800,,,,,,
encode,1788,4700,,,,,,
data_write,1788,57200,,,,,,
data_sync,1788,1577500,,,,,,
marker_write,1788,47000,,,,,,
marker_sync,1788,1467400,,,,,,
append,1789,3369200,,,,,,
encode,1789,3700,,,,,,
data_write,1789,50600,,,,,,
data_sync,1789,1524900,,,,,,
marker_write,1789,53300,,,,,,
marker_sync,1789,1734200,,,,,,
append,1790,3646000,,,,,,
encode,1790,5900,,,,,,
data_write,1790,68600,,,,,,
data_sync,1790,1706000,,,,,,
marker_write,1790,55400,,,,,,
marker_sync,1790,1807500,,,,,,
append,1791,3538100,,,,,,
encode,1791,5500,,,,,,
data_write,1791,61700,,,,,,
data_sync,1791,1834600,,,,,,
marker_write,1791,50400,,,,,,
marker_sync,1791,1583400,,,,,,
append,1792,3291900,,,,,,
encode,1792,5600,,,,,,
data_write,1792,60700,,,,,,
data_sync,1792,1613600,,,,,,
marker_write,1792,52200,,,,,,
marker_sync,1792,1556700,,,,,,
append,1793,7459500,,,,,,
encode,1793,4000,,,,,,
data_write,1793,62300,,,,,,
data_sync,1793,5244200,,,,,,
marker_write,1793,65200,,,,,,
marker_sync,1793,2080100,,,,,,
append,1794,3749800,,,,,,
encode,1794,4000,,,,,,
data_write,1794,63300,,,,,,
data_sync,1794,1868600,,,,,,
marker_write,1794,58200,,,,,,
marker_sync,1794,1752800,,,,,,
append,1795,3446300,,,,,,
encode,1795,5500,,,,,,
data_write,1795,63500,,,,,,
data_sync,1795,1736700,,,,,,
marker_write,1795,54400,,,,,,
marker_sync,1795,1583400,,,,,,
append,1796,3517300,,,,,,
encode,1796,4900,,,,,,
data_write,1796,66000,,,,,,
data_sync,1796,1582400,,,,,,
marker_write,1796,58600,,,,,,
marker_sync,1796,1802600,,,,,,
append,1797,3489300,,,,,,
encode,1797,5600,,,,,,
data_write,1797,71300,,,,,,
data_sync,1797,1745900,,,,,,
marker_write,1797,59500,,,,,,
marker_sync,1797,1604100,,,,,,
append,1798,3362400,,,,,,
encode,1798,5800,,,,,,
data_write,1798,67400,,,,,,
data_sync,1798,1632800,,,,,,
marker_write,1798,59100,,,,,,
marker_sync,1798,1593900,,,,,,
append,1799,3583401,,,,,,
encode,1799,6000,,,,,,
data_write,1799,65800,,,,,,
data_sync,1799,1729400,,,,,,
marker_write,1799,66500,,,,,,
marker_sync,1799,1712101,,,,,,
append,1800,3360400,,,,,,
encode,1800,5300,,,,,,
data_write,1800,66000,,,,,,
data_sync,1800,1589600,,,,,,
marker_write,1800,58200,,,,,,
marker_sync,1800,1638400,,,,,,
append,1801,3402900,,,,,,
encode,1801,5600,,,,,,
data_write,1801,67700,,,,,,
data_sync,1801,1606800,,,,,,
marker_write,1801,55300,,,,,,
marker_sync,1801,1664400,,,,,,
append,1802,3545000,,,,,,
encode,1802,6200,,,,,,
data_write,1802,74300,,,,,,
data_sync,1802,1772000,,,,,,
marker_write,1802,60400,,,,,,
marker_sync,1802,1629500,,,,,,
append,1803,3885400,,,,,,
encode,1803,6200,,,,,,
data_write,1803,69000,,,,,,
data_sync,1803,1805400,,,,,,
marker_write,1803,61000,,,,,,
marker_sync,1803,1940700,,,,,,
append,1804,3747900,,,,,,
encode,1804,5900,,,,,,
data_write,1804,85500,,,,,,
data_sync,1804,2071900,,,,,,
marker_write,1804,61000,,,,,,
marker_sync,1804,1520700,,,,,,
append,1805,3176200,,,,,,
encode,1805,4100,,,,,,
data_write,1805,52900,,,,,,
data_sync,1805,1458500,,,,,,
marker_write,1805,86200,,,,,,
marker_sync,1805,1571800,,,,,,
append,1806,3758400,,,,,,
encode,1806,4300,,,,,,
data_write,1806,59100,,,,,,
data_sync,1806,1769700,,,,,,
marker_write,1806,67300,,,,,,
marker_sync,1806,1854600,,,,,,
append,1807,3920800,,,,,,
encode,1807,5700,,,,,,
data_write,1807,75500,,,,,,
data_sync,1807,1912000,,,,,,
marker_write,1807,66800,,,,,,
marker_sync,1807,1857700,,,,,,
append,1808,3735300,,,,,,
encode,1808,4700,,,,,,
data_write,1808,63800,,,,,,
data_sync,1808,1850100,,,,,,
marker_write,1808,57400,,,,,,
marker_sync,1808,1756100,,,,,,
append,1809,3556000,,,,,,
encode,1809,5900,,,,,,
data_write,1809,64000,,,,,,
data_sync,1809,1698700,,,,,,
marker_write,1809,56700,,,,,,
marker_sync,1809,1727100,,,,,,
append,1810,3894900,,,,,,
encode,1810,5900,,,,,,
data_write,1810,75000,,,,,,
data_sync,1810,1989100,,,,,,
marker_write,1810,61100,,,,,,
marker_sync,1810,1760800,,,,,,
append,1811,3181500,,,,,,
encode,1811,5700,,,,,,
data_write,1811,70000,,,,,,
data_sync,1811,1558600,,,,,,
marker_write,1811,48700,,,,,,
marker_sync,1811,1495900,,,,,,
append,1812,3131400,,,,,,
encode,1812,4700,,,,,,
data_write,1812,50400,,,,,,
data_sync,1812,1506300,,,,,,
marker_write,1812,40000,,,,,,
marker_sync,1812,1527800,,,,,,
append,1813,3106400,,,,,,
encode,1813,4100,,,,,,
data_write,1813,49800,,,,,,
data_sync,1813,1492300,,,,,,
marker_write,1813,42600,,,,,,
marker_sync,1813,1514800,,,,,,
append,1814,3818100,,,,,,
encode,1814,5500,,,,,,
data_write,1814,72200,,,,,,
data_sync,1814,1790100,,,,,,
marker_write,1814,59800,,,,,,
marker_sync,1814,1887800,,,,,,
append,1815,3466000,,,,,,
encode,1815,5800,,,,,,
data_write,1815,61900,,,,,,
data_sync,1815,1816600,,,,,,
marker_write,1815,46700,,,,,,
marker_sync,1815,1531600,,,,,,
append,1816,3191100,,,,,,
encode,1816,4100,,,,,,
data_write,1816,56000,,,,,,
data_sync,1816,1554700,,,,,,
marker_write,1816,52900,,,,,,
marker_sync,1816,1520300,,,,,,
append,1817,3255900,,,,,,
encode,1817,4500,,,,,,
data_write,1817,64500,,,,,,
data_sync,1817,1531900,,,,,,
marker_write,1817,46000,,,,,,
marker_sync,1817,1605100,,,,,,
append,1818,3257900,,,,,,
encode,1818,5400,,,,,,
data_write,1818,65700,,,,,,
data_sync,1818,1585600,,,,,,
marker_write,1818,59500,,,,,,
marker_sync,1818,1539000,,,,,,
append,1819,3466000,,,,,,
encode,1819,4500,,,,,,
data_write,1819,56500,,,,,,
data_sync,1819,1510400,,,,,,
marker_write,1819,56700,,,,,,
marker_sync,1819,1835300,,,,,,
append,1820,3617701,,,,,,
encode,1820,6300,,,,,,
data_write,1820,75800,,,,,,
data_sync,1820,1773000,,,,,,
marker_write,1820,57500,,,,,,
marker_sync,1820,1702101,,,,,,
append,1821,3959200,,,,,,
encode,1821,5200,,,,,,
data_write,1821,77900,,,,,,
data_sync,1821,1769300,,,,,,
marker_write,1821,63500,,,,,,
marker_sync,1821,2039500,,,,,,
append,1822,4214500,,,,,,
encode,1822,6400,,,,,,
data_write,1822,87500,,,,,,
data_sync,1822,2034900,,,,,,
marker_write,1822,83600,,,,,,
marker_sync,1822,1998400,,,,,,
append,1823,3920200,,,,,,
encode,1823,6600,,,,,,
data_write,1823,77600,,,,,,
data_sync,1823,1788200,,,,,,
marker_write,1823,53900,,,,,,
marker_sync,1823,1990700,,,,,,
append,1824,3924700,,,,,,
encode,1824,6100,,,,,,
data_write,1824,104300,,,,,,
data_sync,1824,1959900,,,,,,
marker_write,1824,70500,,,,,,
marker_sync,1824,1781000,,,,,,
append,1825,3459300,,,,,,
encode,1825,6200,,,,,,
data_write,1825,80900,,,,,,
data_sync,1825,1669400,,,,,,
marker_write,1825,54300,,,,,,
marker_sync,1825,1644900,,,,,,
append,1826,3297700,,,,,,
encode,1826,5200,,,,,,
data_write,1826,66200,,,,,,
data_sync,1826,1576500,,,,,,
marker_write,1826,50000,,,,,,
marker_sync,1826,1597700,,,,,,
append,1827,3310200,,,,,,
encode,1827,5100,,,,,,
data_write,1827,68900,,,,,,
data_sync,1827,1647100,,,,,,
marker_write,1827,50200,,,,,,
marker_sync,1827,1536100,,,,,,
append,1828,3758700,,,,,,
encode,1828,5300,,,,,,
data_write,1828,68200,,,,,,
data_sync,1828,1732800,,,,,,
marker_write,1828,58800,,,,,,
marker_sync,1828,1890500,,,,,,
append,1829,3971200,,,,,,
encode,1829,5800,,,,,,
data_write,1829,77500,,,,,,
data_sync,1829,1984300,,,,,,
marker_write,1829,58600,,,,,,
marker_sync,1829,1840900,,,,,,
append,1830,4015100,,,,,,
encode,1830,5700,,,,,,
data_write,1830,80000,,,,,,
data_sync,1830,1942300,,,,,,
marker_write,1830,56800,,,,,,
marker_sync,1830,1927200,,,,,,
append,1831,3719000,,,,,,
encode,1831,4700,,,,,,
data_write,1831,58700,,,,,,
data_sync,1831,1810300,,,,,,
marker_write,1831,57500,,,,,,
marker_sync,1831,1785000,,,,,,
append,1832,3459700,,,,,,
encode,1832,5500,,,,,,
data_write,1832,59000,,,,,,
data_sync,1832,1733400,,,,,,
marker_write,1832,49200,,,,,,
marker_sync,1832,1610400,,,,,,
append,1833,3545800,,,,,,
encode,1833,5000,,,,,,
data_write,1833,52300,,,,,,
data_sync,1833,1759200,,,,,,
marker_write,1833,43100,,,,,,
marker_sync,1833,1684100,,,,,,
append,1834,3369900,,,,,,
encode,1834,4800,,,,,,
data_write,1834,49000,,,,,,
data_sync,1834,1601100,,,,,,
marker_write,1834,38400,,,,,,
marker_sync,1834,1674400,,,,,,
append,1835,3331900,,,,,,
encode,1835,4500,,,,,,
data_write,1835,49900,,,,,,
data_sync,1835,1637500,,,,,,
marker_write,1835,37100,,,,,,
marker_sync,1835,1600400,,,,,,
append,1836,3465300,,,,,,
encode,1836,3400,,,,,,
data_write,1836,44900,,,,,,
data_sync,1836,1581100,,,,,,
marker_write,1836,39500,,,,,,
marker_sync,1836,1794500,,,,,,
append,1837,3486400,,,,,,
encode,1837,4900,,,,,,
data_write,1837,50600,,,,,,
data_sync,1837,1713400,,,,,,
marker_write,1837,55700,,,,,,
marker_sync,1837,1659300,,,,,,
append,1838,3434900,,,,,,
encode,1838,5600,,,,,,
data_write,1838,61800,,,,,,
data_sync,1838,1714900,,,,,,
marker_write,1838,50400,,,,,,
marker_sync,1838,1599800,,,,,,
append,1839,3608300,,,,,,
encode,1839,5400,,,,,,
data_write,1839,64800,,,,,,
data_sync,1839,1700200,,,,,,
marker_write,1839,56400,,,,,,
marker_sync,1839,1778900,,,,,,
append,1840,3541800,,,,,,
encode,1840,5800,,,,,,
data_write,1840,77500,,,,,,
data_sync,1840,1759800,,,,,,
marker_write,1840,58000,,,,,,
marker_sync,1840,1637600,,,,,,
append,1841,3538701,,,,,,
encode,1841,5100,,,,,,
data_write,1841,63001,,,,,,
data_sync,1841,1667700,,,,,,
marker_write,1841,49400,,,,,,
marker_sync,1841,1750900,,,,,,
append,1842,3856600,,,,,,
encode,1842,6000,,,,,,
data_write,1842,66300,,,,,,
data_sync,1842,1828600,,,,,,
marker_write,1842,55700,,,,,,
marker_sync,1842,1896800,,,,,,
append,1843,3695200,,,,,,
encode,1843,5400,,,,,,
data_write,1843,73000,,,,,,
data_sync,1843,1797200,,,,,,
marker_write,1843,58900,,,,,,
marker_sync,1843,1757800,,,,,,
append,1844,3541000,,,,,,
encode,1844,5800,,,,,,
data_write,1844,63800,,,,,,
data_sync,1844,1722300,,,,,,
marker_write,1844,56700,,,,,,
marker_sync,1844,1689400,,,,,,
append,1845,3633100,,,,,,
encode,1845,6800,,,,,,
data_write,1845,78800,,,,,,
data_sync,1845,1636900,,,,,,
marker_write,1845,60800,,,,,,
marker_sync,1845,1846700,,,,,,
append,1846,3797300,,,,,,
encode,1846,6000,,,,,,
data_write,1846,75500,,,,,,
data_sync,1846,1846500,,,,,,
marker_write,1846,50300,,,,,,
marker_sync,1846,1816200,,,,,,
append,1847,3707900,,,,,,
encode,1847,4400,,,,,,
data_write,1847,58000,,,,,,
data_sync,1847,1830900,,,,,,
marker_write,1847,66100,,,,,,
marker_sync,1847,1745700,,,,,,
append,1848,3498700,,,,,,
encode,1848,5600,,,,,,
data_write,1848,70900,,,,,,
data_sync,1848,1766400,,,,,,
marker_write,1848,48300,,,,,,
marker_sync,1848,1604300,,,,,,
append,1849,3308000,,,,,,
encode,1849,5000,,,,,,
data_write,1849,62300,,,,,,
data_sync,1849,1614500,,,,,,
marker_write,1849,46600,,,,,,
marker_sync,1849,1577200,,,,,,
append,1850,4195000,,,,,,
encode,1850,5100,,,,,,
data_write,1850,53700,,,,,,
data_sync,1850,1907300,,,,,,
marker_write,1850,59200,,,,,,
marker_sync,1850,2166900,,,,,,
append,1851,3519700,,,,,,
encode,1851,5500,,,,,,
data_write,1851,66500,,,,,,
data_sync,1851,1642500,,,,,,
marker_write,1851,57900,,,,,,
marker_sync,1851,1744600,,,,,,
append,1852,3587500,,,,,,
encode,1852,6000,,,,,,
data_write,1852,70400,,,,,,
data_sync,1852,1768300,,,,,,
marker_write,1852,53600,,,,,,
marker_sync,1852,1686100,,,,,,
append,1853,3600900,,,,,,
encode,1853,5900,,,,,,
data_write,1853,68900,,,,,,
data_sync,1853,1710900,,,,,,
marker_write,1853,52700,,,,,,
marker_sync,1853,1760100,,,,,,
append,1854,4596900,,,,,,
encode,1854,5500,,,,,,
data_write,1854,62300,,,,,,
data_sync,1854,1774200,,,,,,
marker_write,1854,57000,,,,,,
marker_sync,1854,2694700,,,,,,
append,1855,7222100,,,,,,
encode,1855,5300,,,,,,
data_write,1855,76700,,,,,,
data_sync,1855,5244000,,,,,,
marker_write,1855,59400,,,,,,
marker_sync,1855,1834200,,,,,,
append,1856,3446300,,,,,,
encode,1856,4700,,,,,,
data_write,1856,57000,,,,,,
data_sync,1856,1635400,,,,,,
marker_write,1856,42800,,,,,,
marker_sync,1856,1703400,,,,,,
append,1857,4127300,,,,,,
encode,1857,4700,,,,,,
data_write,1857,64000,,,,,,
data_sync,1857,1632200,,,,,,
marker_write,1857,55700,,,,,,
marker_sync,1857,2368000,,,,,,
append,1858,3734700,,,,,,
encode,1858,6000,,,,,,
data_write,1858,66100,,,,,,
data_sync,1858,1778300,,,,,,
marker_write,1858,50400,,,,,,
marker_sync,1858,1831400,,,,,,
append,1859,3819201,,,,,,
encode,1859,6100,,,,,,
data_write,1859,67200,,,,,,
data_sync,1859,1807100,,,,,,
marker_write,1859,54000,,,,,,
marker_sync,1859,1882101,,,,,,
append,1860,3396800,,,,,,
encode,1860,5700,,,,,,
data_write,1860,71100,,,,,,
data_sync,1860,1635100,,,,,,
marker_write,1860,54000,,,,,,
marker_sync,1860,1628000,,,,,,
append,1861,3709900,,,,,,
encode,1861,6200,,,,,,
data_write,1861,66400,,,,,,
data_sync,1861,1678900,,,,,,
marker_write,1861,61200,,,,,,
marker_sync,1861,1894000,,,,,,
append,1862,3903300,,,,,,
encode,1862,6100,,,,,,
data_write,1862,72200,,,,,,
data_sync,1862,1871400,,,,,,
marker_write,1862,60100,,,,,,
marker_sync,1862,1890200,,,,,,
append,1863,4209400,,,,,,
encode,1863,6200,,,,,,
data_write,1863,119600,,,,,,
data_sync,1863,2036400,,,,,,
marker_write,1863,62700,,,,,,
marker_sync,1863,1981300,,,,,,
append,1864,3903000,,,,,,
encode,1864,7000,,,,,,
data_write,1864,70500,,,,,,
data_sync,1864,1929600,,,,,,
marker_write,1864,62500,,,,,,
marker_sync,1864,1829500,,,,,,
append,1865,3834000,,,,,,
encode,1865,5900,,,,,,
data_write,1865,68100,,,,,,
data_sync,1865,1842400,,,,,,
marker_write,1865,63300,,,,,,
marker_sync,1865,1851200,,,,,,
append,1866,3607800,,,,,,
encode,1866,7600,,,,,,
data_write,1866,105400,,,,,,
data_sync,1866,1755800,,,,,,
marker_write,1866,58800,,,,,,
marker_sync,1866,1677000,,,,,,
append,1867,3436700,,,,,,
encode,1867,5800,,,,,,
data_write,1867,60100,,,,,,
data_sync,1867,1672200,,,,,,
marker_write,1867,61000,,,,,,
marker_sync,1867,1634600,,,,,,
append,1868,3839700,,,,,,
encode,1868,5900,,,,,,
data_write,1868,77600,,,,,,
data_sync,1868,1742100,,,,,,
marker_write,1868,66000,,,,,,
marker_sync,1868,1944700,,,,,,
append,1869,3718200,,,,,,
encode,1869,5900,,,,,,
data_write,1869,73600,,,,,,
data_sync,1869,1833300,,,,,,
marker_write,1869,55800,,,,,,
marker_sync,1869,1746700,,,,,,
append,1870,3654200,,,,,,
encode,1870,6000,,,,,,
data_write,1870,59700,,,,,,
data_sync,1870,1921400,,,,,,
marker_write,1870,61300,,,,,,
marker_sync,1870,1602400,,,,,,
append,1871,3159200,,,,,,
encode,1871,5700,,,,,,
data_write,1871,59100,,,,,,
data_sync,1871,1550700,,,,,,
marker_write,1871,49900,,,,,,
marker_sync,1871,1490100,,,,,,
append,1872,3573900,,,,,,
encode,1872,5000,,,,,,
data_write,1872,65200,,,,,,
data_sync,1872,1649100,,,,,,
marker_write,1872,61400,,,,,,
marker_sync,1872,1790400,,,,,,
append,1873,3695000,,,,,,
encode,1873,5600,,,,,,
data_write,1873,67200,,,,,,
data_sync,1873,1969900,,,,,,
marker_write,1873,60200,,,,,,
marker_sync,1873,1589300,,,,,,
append,1874,3310500,,,,,,
encode,1874,5300,,,,,,
data_write,1874,62400,,,,,,
data_sync,1874,1581700,,,,,,
marker_write,1874,49400,,,,,,
marker_sync,1874,1608200,,,,,,
append,1875,3760300,,,,,,
encode,1875,5000,,,,,,
data_write,1875,86200,,,,,,
data_sync,1875,1865800,,,,,,
marker_write,1875,79300,,,,,,
marker_sync,1875,1721300,,,,,,
append,1876,3683200,,,,,,
encode,1876,5800,,,,,,
data_write,1876,65700,,,,,,
data_sync,1876,1895300,,,,,,
marker_write,1876,49600,,,,,,
marker_sync,1876,1664200,,,,,,
append,1877,3423700,,,,,,
encode,1877,5300,,,,,,
data_write,1877,65500,,,,,,
data_sync,1877,1587600,,,,,,
marker_write,1877,52900,,,,,,
marker_sync,1877,1709500,,,,,,
append,1878,3725700,,,,,,
encode,1878,6200,,,,,,
data_write,1878,73200,,,,,,
data_sync,1878,1835400,,,,,,
marker_write,1878,57300,,,,,,
marker_sync,1878,1750400,,,,,,
append,1879,3899201,,,,,,
encode,1879,6500,,,,,,
data_write,1879,65700,,,,,,
data_sync,1879,1830800,,,,,,
marker_write,1879,50500,,,,,,
marker_sync,1879,1942601,,,,,,
append,1880,4254100,,,,,,
encode,1880,6800,,,,,,
data_write,1880,75500,,,,,,
data_sync,1880,2153100,,,,,,
marker_write,1880,90500,,,,,,
marker_sync,1880,1924900,,,,,,
append,1881,3213500,,,,,,
encode,1881,4800,,,,,,
data_write,1881,62000,,,,,,
data_sync,1881,1627100,,,,,,
marker_write,1881,48000,,,,,,
marker_sync,1881,1469300,,,,,,
append,1882,3803200,,,,,,
encode,1882,4400,,,,,,
data_write,1882,50100,,,,,,
data_sync,1882,1712800,,,,,,
marker_write,1882,75100,,,,,,
marker_sync,1882,1957600,,,,,,
append,1883,4076000,,,,,,
encode,1883,6900,,,,,,
data_write,1883,68700,,,,,,
data_sync,1883,1927100,,,,,,
marker_write,1883,57900,,,,,,
marker_sync,1883,2012500,,,,,,
append,1884,3937000,,,,,,
encode,1884,5900,,,,,,
data_write,1884,72900,,,,,,
data_sync,1884,1920400,,,,,,
marker_write,1884,55500,,,,,,
marker_sync,1884,1878900,,,,,,
append,1885,3934200,,,,,,
encode,1885,5900,,,,,,
data_write,1885,72400,,,,,,
data_sync,1885,1854500,,,,,,
marker_write,1885,57700,,,,,,
marker_sync,1885,1940500,,,,,,
append,1886,3609300,,,,,,
encode,1886,6100,,,,,,
data_write,1886,70500,,,,,,
data_sync,1886,1606700,,,,,,
marker_write,1886,59300,,,,,,
marker_sync,1886,1863900,,,,,,
append,1887,3752600,,,,,,
encode,1887,5800,,,,,,
data_write,1887,67500,,,,,,
data_sync,1887,1875700,,,,,,
marker_write,1887,57300,,,,,,
marker_sync,1887,1742900,,,,,,
append,1888,3972100,,,,,,
encode,1888,4900,,,,,,
data_write,1888,64900,,,,,,
data_sync,1888,1897600,,,,,,
marker_write,1888,50400,,,,,,
marker_sync,1888,1951600,,,,,,
append,1889,3787100,,,,,,
encode,1889,5800,,,,,,
data_write,1889,63600,,,,,,
data_sync,1889,1901400,,,,,,
marker_write,1889,49800,,,,,,
marker_sync,1889,1764000,,,,,,
append,1890,3373500,,,,,,
encode,1890,6100,,,,,,
data_write,1890,69600,,,,,,
data_sync,1890,1535600,,,,,,
marker_write,1890,46700,,,,,,
marker_sync,1890,1712500,,,,,,
append,1891,3656200,,,,,,
encode,1891,5800,,,,,,
data_write,1891,67600,,,,,,
data_sync,1891,1728900,,,,,,
marker_write,1891,66100,,,,,,
marker_sync,1891,1784700,,,,,,
append,1892,3611500,,,,,,
encode,1892,4900,,,,,,
data_write,1892,59700,,,,,,
data_sync,1892,1763100,,,,,,
marker_write,1892,47200,,,,,,
marker_sync,1892,1733600,,,,,,
append,1893,3609300,,,,,,
encode,1893,6000,,,,,,
data_write,1893,65700,,,,,,
data_sync,1893,1749000,,,,,,
marker_write,1893,49300,,,,,,
marker_sync,1893,1736600,,,,,,
append,1894,3805100,,,,,,
encode,1894,4600,,,,,,
data_write,1894,59900,,,,,,
data_sync,1894,1770800,,,,,,
marker_write,1894,58400,,,,,,
marker_sync,1894,1907800,,,,,,
append,1895,3959300,,,,,,
encode,1895,5800,,,,,,
data_write,1895,64700,,,,,,
data_sync,1895,1950000,,,,,,
marker_write,1895,52500,,,,,,
marker_sync,1895,1882900,,,,,,
append,1896,3524600,,,,,,
encode,1896,4600,,,,,,
data_write,1896,66900,,,,,,
data_sync,1896,1801800,,,,,,
marker_write,1896,42400,,,,,,
marker_sync,1896,1606200,,,,,,
append,1897,3693500,,,,,,
encode,1897,5900,,,,,,
data_write,1897,49000,,,,,,
data_sync,1897,1656300,,,,,,
marker_write,1897,50400,,,,,,
marker_sync,1897,1929400,,,,,,
append,1898,3841600,,,,,,
encode,1898,4200,,,,,,
data_write,1898,54000,,,,,,
data_sync,1898,1586200,,,,,,
marker_write,1898,49700,,,,,,
marker_sync,1898,2143900,,,,,,
append,1899,3373701,,,,,,
encode,1899,5900,,,,,,
data_write,1899,75900,,,,,,
data_sync,1899,1648200,,,,,,
marker_write,1899,46200,,,,,,
marker_sync,1899,1594801,,,,,,
append,1900,3345000,,,,,,
encode,1900,7000,,,,,,
data_write,1900,61100,,,,,,
data_sync,1900,1666000,,,,,,
marker_write,1900,57100,,,,,,
marker_sync,1900,1551400,,,,,,
append,1901,3138200,,,,,,
encode,1901,4900,,,,,,
data_write,1901,51600,,,,,,
data_sync,1901,1505100,,,,,,
marker_write,1901,42800,,,,,,
marker_sync,1901,1531600,,,,,,
append,1902,3300700,,,,,,
encode,1902,5400,,,,,,
data_write,1902,65800,,,,,,
data_sync,1902,1635800,,,,,,
marker_write,1902,50700,,,,,,
marker_sync,1902,1540500,,,,,,
append,1903,3479300,,,,,,
encode,1903,5600,,,,,,
data_write,1903,92700,,,,,,
data_sync,1903,1685600,,,,,,
marker_write,1903,54700,,,,,,
marker_sync,1903,1638000,,,,,,
append,1904,3414100,,,,,,
encode,1904,6600,,,,,,
data_write,1904,61800,,,,,,
data_sync,1904,1635700,,,,,,
marker_write,1904,57500,,,,,,
marker_sync,1904,1650000,,,,,,
append,1905,3840600,,,,,,
encode,1905,5900,,,,,,
data_write,1905,66800,,,,,,
data_sync,1905,1809600,,,,,,
marker_write,1905,57200,,,,,,
marker_sync,1905,1897200,,,,,,
append,1906,3768000,,,,,,
encode,1906,6000,,,,,,
data_write,1906,71600,,,,,,
data_sync,1906,1840800,,,,,,
marker_write,1906,56800,,,,,,
marker_sync,1906,1790000,,,,,,
append,1907,3586400,,,,,,
encode,1907,5700,,,,,,
data_write,1907,70800,,,,,,
data_sync,1907,1664600,,,,,,
marker_write,1907,56900,,,,,,
marker_sync,1907,1784800,,,,,,
append,1908,3416000,,,,,,
encode,1908,6800,,,,,,
data_write,1908,63600,,,,,,
data_sync,1908,1681200,,,,,,
marker_write,1908,47800,,,,,,
marker_sync,1908,1614000,,,,,,
append,1909,3278400,,,,,,
encode,1909,5600,,,,,,
data_write,1909,62100,,,,,,
data_sync,1909,1603100,,,,,,
marker_write,1909,45900,,,,,,
marker_sync,1909,1559400,,,,,,
append,1910,3383100,,,,,,
encode,1910,4500,,,,,,
data_write,1910,63000,,,,,,
data_sync,1910,1782000,,,,,,
marker_write,1910,41900,,,,,,
marker_sync,1910,1489500,,,,,,
append,1911,3336300,,,,,,
encode,1911,4600,,,,,,
data_write,1911,48000,,,,,,
data_sync,1911,1571400,,,,,,
marker_write,1911,54200,,,,,,
marker_sync,1911,1655200,,,,,,
append,1912,3133800,,,,,,
encode,1912,5500,,,,,,
data_write,1912,61600,,,,,,
data_sync,1912,1550600,,,,,,
marker_write,1912,49000,,,,,,
marker_sync,1912,1464900,,,,,,
append,1913,3170400,,,,,,
encode,1913,4400,,,,,,
data_write,1913,48300,,,,,,
data_sync,1913,1508200,,,,,,
marker_write,1913,49700,,,,,,
marker_sync,1913,1557100,,,,,,
append,1914,3472300,,,,,,
encode,1914,5300,,,,,,
data_write,1914,62800,,,,,,
data_sync,1914,1691800,,,,,,
marker_write,1914,54100,,,,,,
marker_sync,1914,1655600,,,,,,
append,1915,3272000,,,,,,
encode,1915,5500,,,,,,
data_write,1915,62700,,,,,,
data_sync,1915,1605200,,,,,,
marker_write,1915,42700,,,,,,
marker_sync,1915,1553600,,,,,,
append,1916,3262900,,,,,,
encode,1916,4600,,,,,,
data_write,1916,48700,,,,,,
data_sync,1916,1603100,,,,,,
marker_write,1916,42900,,,,,,
marker_sync,1916,1561200,,,,,,
append,1917,3072400,,,,,,
encode,1917,5300,,,,,,
data_write,1917,63300,,,,,,
data_sync,1917,1472000,,,,,,
marker_write,1917,43300,,,,,,
marker_sync,1917,1485700,,,,,,
append,1918,3146900,,,,,,
encode,1918,4300,,,,,,
data_write,1918,61200,,,,,,
data_sync,1918,1440600,,,,,,
marker_write,1918,49700,,,,,,
marker_sync,1918,1588100,,,,,,
append,1919,3619400,,,,,,
encode,1919,4600,,,,,,
data_write,1919,68700,,,,,,
data_sync,1919,1726400,,,,,,
marker_write,1919,58600,,,,,,
marker_sync,1919,1758700,,,,,,
append,1920,3386300,,,,,,
encode,1920,5800,,,,,,
data_write,1920,68700,,,,,,
data_sync,1920,1664900,,,,,,
marker_write,1920,54300,,,,,,
marker_sync,1920,1590000,,,,,,
append,1921,2923601,,,,,,
encode,1921,4500,,,,,,
data_write,1921,54100,,,,,,
data_sync,1921,1439900,,,,,,
marker_write,1921,45900,,,,,,
marker_sync,1921,1375901,,,,,,
append,1922,2908600,,,,,,
encode,1922,4400,,,,,,
data_write,1922,49200,,,,,,
data_sync,1922,1430300,,,,,,
marker_write,1922,40100,,,,,,
marker_sync,1922,1382600,,,,,,
append,1923,2872200,,,,,,
encode,1923,3200,,,,,,
data_write,1923,48300,,,,,,
data_sync,1923,1399500,,,,,,
marker_write,1923,42400,,,,,,
marker_sync,1923,1377200,,,,,,
append,1924,3337800,,,,,,
encode,1924,3000,,,,,,
data_write,1924,46500,,,,,,
data_sync,1924,1614100,,,,,,
marker_write,1924,48600,,,,,,
marker_sync,1924,1623600,,,,,,
append,1925,3593600,,,,,,
encode,1925,4800,,,,,,
data_write,1925,55300,,,,,,
data_sync,1925,1851300,,,,,,
marker_write,1925,57600,,,,,,
marker_sync,1925,1622300,,,,,,
append,1926,3088200,,,,,,
encode,1926,4900,,,,,,
data_write,1926,51900,,,,,,
data_sync,1926,1534400,,,,,,
marker_write,1926,40300,,,,,,
marker_sync,1926,1455000,,,,,,
append,1927,2966300,,,,,,
encode,1927,3200,,,,,,
data_write,1927,48200,,,,,,
data_sync,1927,1430700,,,,,,
marker_write,1927,42400,,,,,,
marker_sync,1927,1440200,,,,,,
append,1928,2960400,,,,,,
encode,1928,3300,,,,,,
data_write,1928,48300,,,,,,
data_sync,1928,1417800,,,,,,
marker_write,1928,38000,,,,,,
marker_sync,1928,1451500,,,,,,
append,1929,3448100,,,,,,
encode,1929,2700,,,,,,
data_write,1929,45600,,,,,,
data_sync,1929,1660000,,,,,,
marker_write,1929,47000,,,,,,
marker_sync,1929,1690200,,,,,,
append,1930,3266400,,,,,,
encode,1930,5800,,,,,,
data_write,1930,63900,,,,,,
data_sync,1930,1579100,,,,,,
marker_write,1930,48200,,,,,,
marker_sync,1930,1567300,,,,,,
append,1931,3299200,,,,,,
encode,1931,4200,,,,,,
data_write,1931,48500,,,,,,
data_sync,1931,1565400,,,,,,
marker_write,1931,48300,,,,,,
marker_sync,1931,1630500,,,,,,
append,1932,3294000,,,,,,
encode,1932,3900,,,,,,
data_write,1932,54500,,,,,,
data_sync,1932,1595400,,,,,,
marker_write,1932,46500,,,,,,
marker_sync,1932,1591400,,,,,,
append,1933,3653700,,,,,,
encode,1933,3700,,,,,,
data_write,1933,47200,,,,,,
data_sync,1933,1668100,,,,,,
marker_write,1933,65700,,,,,,
marker_sync,1933,1866000,,,,,,
append,1934,3614900,,,,,,
encode,1934,6500,,,,,,
data_write,1934,71600,,,,,,
data_sync,1934,1715400,,,,,,
marker_write,1934,57400,,,,,,
marker_sync,1934,1761000,,,,,,
append,1935,3400300,,,,,,
encode,1935,5500,,,,,,
data_write,1935,57100,,,,,,
data_sync,1935,1714700,,,,,,
marker_write,1935,43600,,,,,,
marker_sync,1935,1577000,,,,,,
append,1936,3051500,,,,,,
encode,1936,4400,,,,,,
data_write,1936,51600,,,,,,
data_sync,1936,1481700,,,,,,
marker_write,1936,36300,,,,,,
marker_sync,1936,1475700,,,,,,
append,1937,2947200,,,,,,
encode,1937,4100,,,,,,
data_write,1937,43800,,,,,,
data_sync,1937,1446400,,,,,,
marker_write,1937,33100,,,,,,
marker_sync,1937,1418000,,,,,,
append,1938,3129900,,,,,,
encode,1938,2300,,,,,,
data_write,1938,48800,,,,,,
data_sync,1938,1538000,,,,,,
marker_write,1938,35100,,,,,,
marker_sync,1938,1503100,,,,,,
append,1939,3159900,,,,,,
encode,1939,3500,,,,,,
data_write,1939,47600,,,,,,
data_sync,1939,1477100,,,,,,
marker_write,1939,31900,,,,,,
marker_sync,1939,1598200,,,,,,
append,1940,3467600,,,,,,
encode,1940,3400,,,,,,
data_write,1940,47200,,,,,,
data_sync,1940,1632700,,,,,,
marker_write,1940,44700,,,,,,
marker_sync,1940,1737200,,,,,,
append,1941,3335300,,,,,,
encode,1941,5400,,,,,,
data_write,1941,59600,,,,,,
data_sync,1941,1620100,,,,,,
marker_write,1941,49300,,,,,,
marker_sync,1941,1596100,,,,,,
append,1942,3472900,,,,,,
encode,1942,8300,,,,,,
data_write,1942,97500,,,,,,
data_sync,1942,1659300,,,,,,
marker_write,1942,69000,,,,,,
marker_sync,1942,1635800,,,,,,
append,1943,3330100,,,,,,
encode,1943,6100,,,,,,
data_write,1943,71600,,,,,,
data_sync,1943,1574700,,,,,,
marker_write,1943,44000,,,,,,
marker_sync,1943,1631400,,,,,,
append,1944,3301300,,,,,,
encode,1944,4700,,,,,,
data_write,1944,54100,,,,,,
data_sync,1944,1605900,,,,,,
marker_write,1944,39200,,,,,,
marker_sync,1944,1595100,,,,,,
append,1945,3240100,,,,,,
encode,1945,4000,,,,,,
data_write,1945,40500,,,,,,
data_sync,1945,1535300,,,,,,
marker_write,1945,46500,,,,,,
marker_sync,1945,1611900,,,,,,
append,1946,3351800,,,,,,
encode,1946,3300,,,,,,
data_write,1946,45300,,,,,,
data_sync,1946,1643500,,,,,,
marker_write,1946,50200,,,,,,
marker_sync,1946,1607600,,,,,,
append,1947,3047400,,,,,,
encode,1947,4700,,,,,,
data_write,1947,71900,,,,,,
data_sync,1947,1483800,,,,,,
marker_write,1947,42800,,,,,,
marker_sync,1947,1442300,,,,,,
append,1948,4023700,,,,,,
encode,1948,3400,,,,,,
data_write,1948,44300,,,,,,
data_sync,1948,1820900,,,,,,
marker_write,1948,54900,,,,,,
marker_sync,1948,2096000,,,,,,
append,1949,3649900,,,,,,
encode,1949,5400,,,,,,
data_write,1949,74200,,,,,,
data_sync,1949,1816900,,,,,,
marker_write,1949,55800,,,,,,
marker_sync,1949,1694600,,,,,,
append,1950,3741800,,,,,,
encode,1950,4600,,,,,,
data_write,1950,55900,,,,,,
data_sync,1950,2082400,,,,,,
marker_write,1950,59600,,,,,,
marker_sync,1950,1536500,,,,,,
append,1951,3086100,,,,,,
encode,1951,5300,,,,,,
data_write,1951,64600,,,,,,
data_sync,1951,1526000,,,,,,
marker_write,1951,48800,,,,,,
marker_sync,1951,1439100,,,,,,
append,1952,3161400,,,,,,
encode,1952,3800,,,,,,
data_write,1952,49200,,,,,,
data_sync,1952,1465900,,,,,,
marker_write,1952,47700,,,,,,
marker_sync,1952,1591800,,,,,,
append,1953,3039800,,,,,,
encode,1953,5600,,,,,,
data_write,1953,55400,,,,,,
data_sync,1953,1492200,,,,,,
marker_write,1953,38300,,,,,,
marker_sync,1953,1446200,,,,,,
append,1954,3138600,,,,,,
encode,1954,4100,,,,,,
data_write,1954,44600,,,,,,
data_sync,1954,1449900,,,,,,
marker_write,1954,37000,,,,,,
marker_sync,1954,1600100,,,,,,
append,1955,3422100,,,,,,
encode,1955,5800,,,,,,
data_write,1955,61000,,,,,,
data_sync,1955,1731300,,,,,,
marker_write,1955,54000,,,,,,
marker_sync,1955,1566800,,,,,,
append,1956,4112700,,,,,,
encode,1956,5200,,,,,,
data_write,1956,59500,,,,,,
data_sync,1956,1824600,,,,,,
marker_write,1956,48800,,,,,,
marker_sync,1956,2172000,,,,,,
append,1957,3347400,,,,,,
encode,1957,5500,,,,,,
data_write,1957,59400,,,,,,
data_sync,1957,1660600,,,,,,
marker_write,1957,42200,,,,,,
marker_sync,1957,1577800,,,,,,
append,1958,3271700,,,,,,
encode,1958,4800,,,,,,
data_write,1958,49700,,,,,,
data_sync,1958,1594700,,,,,,
marker_write,1958,62300,,,,,,
marker_sync,1958,1558500,,,,,,
append,1959,3199800,,,,,,
encode,1959,3900,,,,,,
data_write,1959,46300,,,,,,
data_sync,1959,1534700,,,,,,
marker_write,1959,35200,,,,,,
marker_sync,1959,1578300,,,,,,
append,1960,3158000,,,,,,
encode,1960,2800,,,,,,
data_write,1960,42900,,,,,,
data_sync,1960,1565400,,,,,,
marker_write,1960,35500,,,,,,
marker_sync,1960,1510000,,,,,,
append,1961,3160300,,,,,,
encode,1961,3100,,,,,,
data_write,1961,73000,,,,,,
data_sync,1961,1505400,,,,,,
marker_write,1961,35100,,,,,,
marker_sync,1961,1542000,,,,,,
append,1962,3450200,,,,,,
encode,1962,4400,,,,,,
data_write,1962,52800,,,,,,
data_sync,1962,1700000,,,,,,
marker_write,1962,44800,,,,,,
marker_sync,1962,1646000,,,,,,
append,1963,3377400,,,,,,
encode,1963,4800,,,,,,
data_write,1963,56500,,,,,,
data_sync,1963,1624200,,,,,,
marker_write,1963,41900,,,,,,
marker_sync,1963,1647900,,,,,,
append,1964,3318300,,,,,,
encode,1964,5500,,,,,,
data_write,1964,53600,,,,,,
data_sync,1964,1581500,,,,,,
marker_write,1964,41000,,,,,,
marker_sync,1964,1634900,,,,,,
append,1965,3720800,,,,,,
encode,1965,3500,,,,,,
data_write,1965,51400,,,,,,
data_sync,1965,1654100,,,,,,
marker_write,1965,58700,,,,,,
marker_sync,1965,1950500,,,,,,
append,1966,3840600,,,,,,
encode,1966,4900,,,,,,
data_write,1966,54900,,,,,,
data_sync,1966,1791900,,,,,,
marker_write,1966,47100,,,,,,
marker_sync,1966,1939300,,,,,,
append,1967,3563700,,,,,,
encode,1967,4200,,,,,,
data_write,1967,51900,,,,,,
data_sync,1967,1770300,,,,,,
marker_write,1967,43700,,,,,,
marker_sync,1967,1691400,,,,,,
append,1968,3486700,,,,,,
encode,1968,4300,,,,,,
data_write,1968,55500,,,,,,
data_sync,1968,1640300,,,,,,
marker_write,1968,38100,,,,,,
marker_sync,1968,1746000,,,,,,
append,1969,3369200,,,,,,
encode,1969,3600,,,,,,
data_write,1969,53200,,,,,,
data_sync,1969,1674900,,,,,,
marker_write,1969,41500,,,,,,
marker_sync,1969,1593800,,,,,,
append,1970,3581300,,,,,,
encode,1970,3900,,,,,,
data_write,1970,45200,,,,,,
data_sync,1970,1762900,,,,,,
marker_write,1970,56700,,,,,,
marker_sync,1970,1710200,,,,,,
append,1971,3676300,,,,,,
encode,1971,5800,,,,,,
data_write,1971,59700,,,,,,
data_sync,1971,1909800,,,,,,
marker_write,1971,49900,,,,,,
marker_sync,1971,1648700,,,,,,
append,1972,3205500,,,,,,
encode,1972,3900,,,,,,
data_write,1972,47600,,,,,,
data_sync,1972,1553900,,,,,,
marker_write,1972,40600,,,,,,
marker_sync,1972,1557100,,,,,,
append,1973,3276800,,,,,,
encode,1973,4500,,,,,,
data_write,1973,55400,,,,,,
data_sync,1973,1548500,,,,,,
marker_write,1973,44900,,,,,,
marker_sync,1973,1621400,,,,,,
append,1974,3336300,,,,,,
encode,1974,4500,,,,,,
data_write,1974,55300,,,,,,
data_sync,1974,1573200,,,,,,
marker_write,1974,37300,,,,,,
marker_sync,1974,1663400,,,,,,
append,1975,3582600,,,,,,
encode,1975,4500,,,,,,
data_write,1975,55400,,,,,,
data_sync,1975,1610000,,,,,,
marker_write,1975,37200,,,,,,
marker_sync,1975,1872900,,,,,,
append,1976,3984000,,,,,,
encode,1976,5100,,,,,,
data_write,1976,62800,,,,,,
data_sync,1976,1962400,,,,,,
marker_write,1976,56600,,,,,,
marker_sync,1976,1893600,,,,,,
append,1977,3710500,,,,,,
encode,1977,3900,,,,,,
data_write,1977,57600,,,,,,
data_sync,1977,1926100,,,,,,
marker_write,1977,44200,,,,,,
marker_sync,1977,1675900,,,,,,
append,1978,3200300,,,,,,
encode,1978,3700,,,,,,
data_write,1978,47100,,,,,,
data_sync,1978,1600400,,,,,,
marker_write,1978,45100,,,,,,
marker_sync,1978,1501000,,,,,,
append,1979,3286600,,,,,,
encode,1979,4400,,,,,,
data_write,1979,50900,,,,,,
data_sync,1979,1590400,,,,,,
marker_write,1979,46700,,,,,,
marker_sync,1979,1590900,,,,,,
append,1980,3156800,,,,,,
encode,1980,4100,,,,,,
data_write,1980,54400,,,,,,
data_sync,1980,1530300,,,,,,
marker_write,1980,39000,,,,,,
marker_sync,1980,1527000,,,,,,
append,1981,3302400,,,,,,
encode,1981,3400,,,,,,
data_write,1981,44700,,,,,,
data_sync,1981,1568800,,,,,,
marker_write,1981,35700,,,,,,
marker_sync,1981,1647500,,,,,,
append,1982,3192700,,,,,,
encode,1982,3300,,,,,,
data_write,1982,48500,,,,,,
data_sync,1982,1586600,,,,,,
marker_write,1982,40000,,,,,,
marker_sync,1982,1512200,,,,,,
append,1983,3151800,,,,,,
encode,1983,4800,,,,,,
data_write,1983,52700,,,,,,
data_sync,1983,1585900,,,,,,
marker_write,1983,37900,,,,,,
marker_sync,1983,1467600,,,,,,
append,1984,3558000,,,,,,
encode,1984,3800,,,,,,
data_write,1984,57800,,,,,,
data_sync,1984,1519600,,,,,,
marker_write,1984,43400,,,,,,
marker_sync,1984,1931400,,,,,,
append,1985,30017600,,,,,,
encode,1985,3700,,,,,,
data_write,1985,52300,,,,,,
data_sync,1985,7651400,,,,,,
marker_write,1985,49200,,,,,,
marker_sync,1985,22258300,,,,,,
append,1986,8364500,,,,,,
encode,1986,5200,,,,,,
data_write,1986,54700,,,,,,
data_sync,1986,4434200,,,,,,
marker_write,1986,41600,,,,,,
marker_sync,1986,3826300,,,,,,
append,1987,19324400,,,,,,
encode,1987,4500,,,,,,
data_write,1987,45900,,,,,,
data_sync,1987,10557400,,,,,,
marker_write,1987,52300,,,,,,
marker_sync,1987,8661600,,,,,,
append,1988,3235600,,,,,,
encode,1988,5200,,,,,,
data_write,1988,52300,,,,,,
data_sync,1988,1598800,,,,,,
marker_write,1988,41900,,,,,,
marker_sync,1988,1535200,,,,,,
append,1989,3550700,,,,,,
encode,1989,4400,,,,,,
data_write,1989,48000,,,,,,
data_sync,1989,1508200,,,,,,
marker_write,1989,51300,,,,,,
marker_sync,1989,1935900,,,,,,
append,1990,3823100,,,,,,
encode,1990,4500,,,,,,
data_write,1990,57500,,,,,,
data_sync,1990,1796000,,,,,,
marker_write,1990,56100,,,,,,
marker_sync,1990,1905800,,,,,,
append,1991,3879900,,,,,,
encode,1991,5100,,,,,,
data_write,1991,68100,,,,,,
data_sync,1991,1899900,,,,,,
marker_write,1991,63900,,,,,,
marker_sync,1991,1840200,,,,,,
append,1992,4138300,,,,,,
encode,1992,4400,,,,,,
data_write,1992,64500,,,,,,
data_sync,1992,1928500,,,,,,
marker_write,1992,71800,,,,,,
marker_sync,1992,2066400,,,,,,
append,1993,3320200,,,,,,
encode,1993,4400,,,,,,
data_write,1993,60900,,,,,,
data_sync,1993,1677000,,,,,,
marker_write,1993,46200,,,,,,
marker_sync,1993,1529700,,,,,,
append,1994,3462700,,,,,,
encode,1994,3000,,,,,,
data_write,1994,45900,,,,,,
data_sync,1994,1543600,,,,,,
marker_write,1994,38200,,,,,,
marker_sync,1994,1829800,,,,,,
append,1995,3180400,,,,,,
encode,1995,4200,,,,,,
data_write,1995,50600,,,,,,
data_sync,1995,1542200,,,,,,
marker_write,1995,38000,,,,,,
marker_sync,1995,1543500,,,,,,
append,1996,3091500,,,,,,
encode,1996,3800,,,,,,
data_write,1996,46700,,,,,,
data_sync,1996,1505900,,,,,,
marker_write,1996,32100,,,,,,
marker_sync,1996,1501000,,,,,,
append,1997,3173900,,,,,,
encode,1997,3400,,,,,,
data_write,1997,44700,,,,,,
data_sync,1997,1535700,,,,,,
marker_write,1997,39600,,,,,,
marker_sync,1997,1548800,,,,,,
append,1998,3249300,,,,,,
encode,1998,3000,,,,,,
data_write,1998,39600,,,,,,
data_sync,1998,1586400,,,,,,
marker_write,1998,44700,,,,,,
marker_sync,1998,1573900,,,,,,
append,1999,3285500,,,,,,
encode,1999,2900,,,,,,
data_write,1999,44100,,,,,,
data_sync,1999,1555800,,,,,,
marker_write,1999,34000,,,,,,
marker_sync,1999,1646700,,,,,,
append,2000,3247400,,,,,,
encode,2000,2800,,,,,,
data_write,2000,44500,,,,,,
data_sync,2000,1580300,,,,,,
marker_write,2000,31100,,,,,,
marker_sync,2000,1586800,,,,,,
ingest,,7343791496,2000,28,296000,2584,,
