phase,event_index,elapsed_ns,events,full_rejections,file_bytes,peak_rss_kib,alloc_calls,alloc_requested_bytes
append,1,3114300,,,,,,
encode,1,7200,,,,,,
data_write,1,52700,,,,,,
data_sync,1,1569300,,,,,,
marker_write,1,38200,,,,,,
marker_sync,1,1445400,,,,,,
append,2,3342900,,,,,,
encode,2,3400,,,,,,
data_write,2,39900,,,,,,
data_sync,2,1552600,,,,,,
marker_write,2,44300,,,,,,
marker_sync,2,1701100,,,,,,
append,3,3293700,,,,,,
encode,3,2900,,,,,,
data_write,3,46100,,,,,,
data_sync,3,1567500,,,,,,
marker_write,3,40900,,,,,,
marker_sync,3,1634500,,,,,,
append,4,2974100,,,,,,
encode,4,4000,,,,,,
data_write,4,79500,,,,,,
data_sync,4,1445700,,,,,,
marker_write,4,36600,,,,,,
marker_sync,4,1406900,,,,,,
append,5,3015800,,,,,,
encode,5,2600,,,,,,
data_write,5,41000,,,,,,
data_sync,5,1490900,,,,,,
marker_write,5,34300,,,,,,
marker_sync,5,1445700,,,,,,
append,6,2878499,,,,,,
encode,6,2900,,,,,,
data_write,6,43600,,,,,,
data_sync,6,1377299,,,,,,
marker_write,6,34600,,,,,,
marker_sync,6,1418700,,,,,,
append,7,3539800,,,,,,
encode,7,3200,,,,,,
data_write,7,42800,,,,,,
data_sync,7,1838000,,,,,,
marker_write,7,38100,,,,,,
marker_sync,7,1615800,,,,,,
append,8,2886900,,,,,,
encode,8,4600,,,,,,
data_write,8,53700,,,,,,
data_sync,8,1404200,,,,,,
marker_write,8,36400,,,,,,
marker_sync,8,1385900,,,,,,
append,9,3273000,,,,,,
encode,9,4900,,,,,,
data_write,9,53000,,,,,,
data_sync,9,1506200,,,,,,
marker_write,9,34600,,,,,,
marker_sync,9,1672400,,,,,,
append,10,3219400,,,,,,
encode,10,3800,,,,,,
data_write,10,45800,,,,,,
data_sync,10,1645100,,,,,,
marker_write,10,39400,,,,,,
marker_sync,10,1483600,,,,,,
append,11,3521699,,,,,,
encode,11,3600,,,,,,
data_write,11,49300,,,,,,
data_sync,11,1765300,,,,,,
marker_write,11,47300,,,,,,
marker_sync,11,1653599,,,,,,
append,12,3624900,,,,,,
encode,12,4400,,,,,,
data_write,12,51900,,,,,,
data_sync,12,1782800,,,,,,
marker_write,12,40000,,,,,,
marker_sync,12,1743800,,,,,,
append,13,3095800,,,,,,
encode,13,3400,,,,,,
data_write,13,47700,,,,,,
data_sync,13,1500000,,,,,,
marker_write,13,33000,,,,,,
marker_sync,13,1509900,,,,,,
append,14,3049200,,,,,,
encode,14,4000,,,,,,
data_write,14,41100,,,,,,
data_sync,14,1450100,,,,,,
marker_write,14,31100,,,,,,
marker_sync,14,1521600,,,,,,
append,15,3359300,,,,,,
encode,15,3300,,,,,,
data_write,15,40800,,,,,,
data_sync,15,1537300,,,,,,
marker_write,15,38800,,,,,,
marker_sync,15,1737500,,,,,,
append,16,3275399,,,,,,
encode,16,3900,,,,,,
data_write,16,46100,,,,,,
data_sync,16,1631100,,,,,,
marker_write,16,36900,,,,,,
marker_sync,16,1555899,,,,,,
append,17,4089600,,,,,,
encode,17,3000,,,,,,
data_write,17,40900,,,,,,
data_sync,17,1937400,,,,,,
marker_write,17,54800,,,,,,
marker_sync,17,2050300,,,,,,
append,18,3563900,,,,,,
encode,18,5200,,,,,,
data_write,18,57700,,,,,,
data_sync,18,1780700,,,,,,
marker_write,18,41900,,,,,,
marker_sync,18,1676300,,,,,,
append,19,3231100,,,,,,
encode,19,5100,,,,,,
data_write,19,45300,,,,,,
data_sync,19,1609200,,,,,,
marker_write,19,40600,,,,,,
marker_sync,19,1529200,,,,,,
append,20,3192300,,,,,,
encode,20,3400,,,,,,
data_write,20,52300,,,,,,
data_sync,20,1540500,,,,,,
marker_write,20,36300,,,,,,
marker_sync,20,1558300,,,,,,
append,21,3457799,,,,,,
encode,21,3400,,,,,,
data_write,21,44600,,,,,,
data_sync,21,1535200,,,,,,
marker_write,21,41000,,,,,,
marker_sync,21,1831499,,,,,,
append,22,3650700,,,,,,
encode,22,4400,,,,,,
data_write,22,48100,,,,,,
data_sync,22,1830600,,,,,,
marker_write,22,44200,,,,,,
marker_sync,22,1721100,,,,,,
append,23,3462300,,,,,,
encode,23,5100,,,,,,
data_write,23,56200,,,,,,
data_sync,23,1699300,,,,,,
marker_write,23,50700,,,,,,
marker_sync,23,1647800,,,,,,
append,24,3692400,,,,,,
encode,24,4400,,,,,,
data_write,24,58500,,,,,,
data_sync,24,1744700,,,,,,
marker_write,24,20400,,,,,,
marker_sync,24,1862400,,,,,,
append,25,3256700,,,,,,
encode,25,3700,,,,,,
data_write,25,49600,,,,,,
data_sync,25,1564600,,,,,,
marker_write,25,35800,,,,,,
marker_sync,25,1600700,,,,,,
append,26,3483999,,,,,,
encode,26,4200,,,,,,
data_write,26,54600,,,,,,
data_sync,26,1703200,,,,,,
marker_write,26,46400,,,,,,
marker_sync,26,1673799,,,,,,
append,27,3109700,,,,,,
encode,27,4000,,,,,,
data_write,27,44900,,,,,,
data_sync,27,1499700,,,,,,
marker_write,27,36200,,,,,,
marker_sync,27,1523300,,,,,,
append,28,3140200,,,,,,
encode,28,3600,,,,,,
data_write,28,51300,,,,,,
data_sync,28,1567500,,,,,,
marker_write,28,36100,,,,,,
marker_sync,28,1480200,,,,,,
append,29,3087200,,,,,,
encode,29,2500,,,,,,
data_write,29,43600,,,,,,
data_sync,29,1512900,,,,,,
marker_write,29,35600,,,,,,
marker_sync,29,1491500,,,,,,
append,30,3189100,,,,,,
encode,30,2900,,,,,,
data_write,30,42800,,,,,,
data_sync,30,1465800,,,,,,
marker_write,30,38900,,,,,,
marker_sync,30,1636500,,,,,,
append,31,3290899,,,,,,
encode,31,4400,,,,,,
data_write,31,54000,,,,,,
data_sync,31,1605700,,,,,,
marker_write,31,34000,,,,,,
marker_sync,31,1591299,,,,,,
append,32,3113300,,,,,,
encode,32,3700,,,,,,
data_write,32,44500,,,,,,
data_sync,32,1526200,,,,,,
marker_write,32,45000,,,,,,
marker_sync,32,1492500,,,,,,
append,33,3077900,,,,,,
encode,33,3200,,,,,,
data_write,33,44500,,,,,,
data_sync,33,1512800,,,,,,
marker_write,33,35900,,,,,,
marker_sync,33,1479800,,,,,,
append,34,7237300,,,,,,
encode,34,4800,,,,,,
data_write,34,55300,,,,,,
data_sync,34,5375600,,,,,,
marker_write,34,44400,,,,,,
marker_sync,34,1755000,,,,,,
append,35,3046500,,,,,,
encode,35,5300,,,,,,
data_write,35,53800,,,,,,
data_sync,35,1540500,,,,,,
marker_write,35,36600,,,,,,
marker_sync,35,1408500,,,,,,
append,36,2772899,,,,,,
encode,36,3900,,,,,,
data_write,36,47100,,,,,,
data_sync,36,1359499,,,,,,
marker_write,36,34700,,,,,,
marker_sync,36,1325800,,,,,,
append,37,3394600,,,,,,
encode,37,3000,,,,,,
data_write,37,42800,,,,,,
data_sync,37,1419300,,,,,,
marker_write,37,48400,,,,,,
marker_sync,37,1879200,,,,,,
append,38,3067000,,,,,,
encode,38,3300,,,,,,
data_write,38,46700,,,,,,
data_sync,38,1540600,,,,,,
marker_write,38,38100,,,,,,
marker_sync,38,1436600,,,,,,
append,39,2820700,,,,,,
encode,39,3100,,,,,,
data_write,39,43700,,,,,,
data_sync,39,1346600,,,,,,
marker_write,39,36000,,,,,,
marker_sync,39,1389500,,,,,,
append,40,2888600,,,,,,
encode,40,2900,,,,,,
data_write,40,45300,,,,,,
data_sync,40,1439300,,,,,,
marker_write,40,37000,,,,,,
marker_sync,40,1362900,,,,,,
append,41,2770900,,,,,,
encode,41,4300,,,,,,
data_write,41,42700,,,,,,
data_sync,41,1359100,,,,,,
marker_write,41,34600,,,,,,
marker_sync,41,1329000,,,,,,
append,42,2756699,,,,,,
encode,42,2500,,,,,,
data_write,42,40500,,,,,,
data_sync,42,1297899,,,,,,
marker_write,42,32500,,,,,,
marker_sync,42,1382200,,,,,,
append,43,2733300,,,,,,
encode,43,1900,,,,,,
data_write,43,39200,,,,,,
data_sync,43,1321900,,,,,,
marker_write,43,32600,,,,,,
marker_sync,43,1335900,,,,,,
append,44,3157200,,,,,,
encode,44,2500,,,,,,
data_write,44,38100,,,,,,
data_sync,44,1364500,,,,,,
marker_write,44,32800,,,,,,
marker_sync,44,1718200,,,,,,
append,45,3557900,,,,,,
encode,45,2700,,,,,,
data_write,45,46200,,,,,,
data_sync,45,1792200,,,,,,
marker_write,45,32900,,,,,,
marker_sync,45,1682100,,,,,,
append,46,2817400,,,,,,
encode,46,2900,,,,,,
data_write,46,42000,,,,,,
data_sync,46,1428700,,,,,,
marker_write,46,30000,,,,,,
marker_sync,46,1312600,,,,,,
append,47,2671099,,,,,,
encode,47,2200,,,,,,
data_write,47,35400,,,,,,
data_sync,47,1290800,,,,,,
marker_write,47,36800,,,,,,
marker_sync,47,1304599,,,,,,
append,48,2659400,,,,,,
encode,48,2700,,,,,,
data_write,48,44400,,,,,,
data_sync,48,1294500,,,,,,
marker_write,48,34000,,,,,,
marker_sync,48,1282600,,,,,,
append,49,2641600,,,,,,
encode,49,2300,,,,,,
data_write,49,42400,,,,,,
data_sync,49,1281100,,,,,,
marker_write,49,33700,,,,,,
marker_sync,49,1281000,,,,,,
append,50,2814200,,,,,,
encode,50,1900,,,,,,
data_write,50,37500,,,,,,
data_sync,50,1304400,,,,,,
marker_write,50,36000,,,,,,
marker_sync,50,1433100,,,,,,
append,51,2843600,,,,,,
encode,51,2600,,,,,,
data_write,51,43600,,,,,,
data_sync,51,1355100,,,,,,
marker_write,51,37500,,,,,,
marker_sync,51,1403400,,,,,,
append,52,3082300,,,,,,
encode,52,3400,,,,,,
data_write,52,43500,,,,,,
data_sync,52,1479500,,,,,,
marker_write,52,42900,,,,,,
marker_sync,52,1511300,,,,,,
append,53,3188899,,,,,,
encode,53,3800,,,,,,
data_write,53,48700,,,,,,
data_sync,53,1467200,,,,,,
marker_write,53,77000,,,,,,
marker_sync,53,1588599,,,,,,
append,54,3163600,,,,,,
encode,54,7300,,,,,,
data_write,54,79100,,,,,,
data_sync,54,1580400,,,,,,
marker_write,54,47500,,,,,,
marker_sync,54,1447400,,,,,,
append,55,3241900,,,,,,
encode,55,4100,,,,,,
data_write,55,44300,,,,,,
data_sync,55,1399800,,,,,,
marker_write,55,37600,,,,,,
marker_sync,55,1754000,,,,,,
append,56,3227300,,,,,,
encode,56,3300,,,,,,
data_write,56,53500,,,,,,
data_sync,56,1696700,,,,,,
marker_write,56,35800,,,,,,
marker_sync,56,1436300,,,,,,
append,57,2881500,,,,,,
encode,57,3600,,,,,,
data_write,57,48400,,,,,,
data_sync,57,1447900,,,,,,
marker_write,57,37800,,,,,,
marker_sync,57,1342500,,,,,,
append,58,2788900,,,,,,
encode,58,3100,,,,,,
data_write,58,43300,,,,,,
data_sync,58,1329700,,,,,,
marker_write,58,38300,,,,,,
marker_sync,58,1372500,,,,,,
append,59,2741399,,,,,,
encode,59,3200,,,,,,
data_write,59,41500,,,,,,
data_sync,59,1333899,,,,,,
marker_write,59,35300,,,,,,
marker_sync,59,1326300,,,,,,
append,60,2737200,,,,,,
encode,60,2400,,,,,,
data_write,60,42200,,,,,,
data_sync,60,1345800,,,,,,
marker_write,60,31900,,,,,,
marker_sync,60,1313600,,,,,,
append,61,2922400,,,,,,
encode,61,2100,,,,,,
data_write,61,38900,,,,,,
data_sync,61,1498700,,,,,,
marker_write,61,37000,,,,,,
marker_sync,61,1344500,,,,,,
append,62,3085600,,,,,,
encode,62,2700,,,,,,
data_write,62,37700,,,,,,
data_sync,62,1360800,,,,,,
marker_write,62,36500,,,,,,
marker_sync,62,1646400,,,,,,
append,63,2804600,,,,,,
encode,63,3700,,,,,,
data_write,63,49600,,,,,,
data_sync,63,1393000,,,,,,
marker_write,63,37000,,,,,,
marker_sync,63,1319700,,,,,,
append,64,2754600,,,,,,
encode,64,2700,,,,,,
data_write,64,43500,,,,,,
data_sync,64,1327200,,,,,,
marker_write,64,34700,,,,,,
marker_sync,64,1344600,,,,,,
append,65,2747599,,,,,,
encode,65,2500,,,,,,
data_write,65,42800,,,,,,
data_sync,65,1324600,,,,,,
marker_write,65,34500,,,,,,
marker_sync,65,1341899,,,,,,
append,66,2967000,,,,,,
encode,66,3400,,,,,,
data_write,66,42100,,,,,,
data_sync,66,1286500,,,,,,
marker_write,66,34500,,,,,,
marker_sync,66,1599200,,,,,,
append,67,2997100,,,,,,
encode,67,3900,,,,,,
data_write,67,48000,,,,,,
data_sync,67,1510600,,,,,,
marker_write,67,38500,,,,,,
marker_sync,67,1394600,,,,,,
append,68,2899200,,,,,,
encode,68,3200,,,,,,
data_write,68,41100,,,,,,
data_sync,68,1353400,,,,,,
marker_write,68,34200,,,,,,
marker_sync,68,1464500,,,,,,
append,69,3290300,,,,,,
encode,69,4000,,,,,,
data_write,69,59300,,,,,,
data_sync,69,1500000,,,,,,
marker_write,69,136700,,,,,,
marker_sync,69,1588500,,,,,,
append,70,2980700,,,,,,
encode,70,3800,,,,,,
data_write,70,43700,,,,,,
data_sync,70,1556500,,,,,,
marker_write,70,38400,,,,,,
marker_sync,70,1336900,,,,,,
append,71,2775699,,,,,,
encode,71,2700,,,,,,
data_write,71,42400,,,,,,
data_sync,71,1340799,,,,,,
marker_write,71,35400,,,,,,
marker_sync,71,1351700,,,,,,
append,72,2866500,,,,,,
encode,72,3500,,,,,,
data_write,72,52400,,,,,,
data_sync,72,1391000,,,,,,
marker_write,72,34700,,,,,,
marker_sync,72,1382900,,,,,,
append,73,2642900,,,,,,
encode,73,3100,,,,,,
data_write,73,43200,,,,,,
data_sync,73,1302600,,,,,,
marker_write,73,30100,,,,,,
marker_sync,73,1261600,,,,,,
append,74,2676000,,,,,,
encode,74,2800,,,,,,
data_write,74,41000,,,,,,
data_sync,74,1272900,,,,,,
marker_write,74,31900,,,,,,
marker_sync,74,1326000,,,,,,
append,75,2623900,,,,,,
encode,75,2800,,,,,,
data_write,75,41900,,,,,,
data_sync,75,1283800,,,,,,
marker_write,75,33000,,,,,,
marker_sync,75,1260900,,,,,,
append,76,2625200,,,,,,
encode,76,2800,,,,,,
data_write,76,39500,,,,,,
data_sync,76,1271300,,,,,,
marker_write,76,35800,,,,,,
marker_sync,76,1274700,,,,,,
append,77,3073899,,,,,,
encode,77,3000,,,,,,
data_write,77,38200,,,,,,
data_sync,77,1447400,,,,,,
marker_write,77,34500,,,,,,
marker_sync,77,1548899,,,,,,
append,78,2850700,,,,,,
encode,78,3900,,,,,,
data_write,78,44200,,,,,,
data_sync,78,1439800,,,,,,
marker_write,78,37200,,,,,,
marker_sync,78,1324000,,,,,,
append,79,2658700,,,,,,
encode,79,3400,,,,,,
data_write,79,39800,,,,,,
data_sync,79,1289900,,,,,,
marker_write,79,34700,,,,,,
marker_sync,79,1289600,,,,,,
append,80,2692600,,,,,,
encode,80,2500,,,,,,
data_write,80,41200,,,,,,
data_sync,80,1266200,,,,,,
marker_write,80,33800,,,,,,
marker_sync,80,1347300,,,,,,
append,81,2645600,,,,,,
encode,81,3700,,,,,,
data_write,81,39900,,,,,,
data_sync,81,1296200,,,,,,
marker_write,81,33400,,,,,,
marker_sync,81,1270700,,,,,,
append,82,2868800,,,,,,
encode,82,2400,,,,,,
data_write,82,36300,,,,,,
data_sync,82,1390900,,,,,,
marker_write,82,34300,,,,,,
marker_sync,82,1404000,,,,,,
append,83,2890399,,,,,,
encode,83,2600,,,,,,
data_write,83,39600,,,,,,
data_sync,83,1383900,,,,,,
marker_write,83,40800,,,,,,
marker_sync,83,1421999,,,,,,
append,84,3367400,,,,,,
encode,84,3400,,,,,,
data_write,84,65400,,,,,,
data_sync,84,1404300,,,,,,
marker_write,84,32200,,,,,,
marker_sync,84,1860100,,,,,,
append,85,2732600,,,,,,
encode,85,3600,,,,,,
data_write,85,49400,,,,,,
data_sync,85,1347800,,,,,,
marker_write,85,35100,,,,,,
marker_sync,85,1294800,,,,,,
append,86,2945400,,,,,,
encode,86,2700,,,,,,
data_write,86,40500,,,,,,
data_sync,86,1519100,,,,,,
marker_write,86,35800,,,,,,
marker_sync,86,1345500,,,,,,
append,87,2702200,,,,,,
encode,87,2500,,,,,,
data_write,87,40300,,,,,,
data_sync,87,1316900,,,,,,
marker_write,87,28600,,,,,,
marker_sync,87,1312800,,,,,,
append,88,2719000,,,,,,
encode,88,2500,,,,,,
data_write,88,35400,,,,,,
data_sync,88,1319200,,,,,,
marker_write,88,33300,,,,,,
marker_sync,88,1326300,,,,,,
append,89,2964499,,,,,,
encode,89,4000,,,,,,
data_write,89,47300,,,,,,
data_sync,89,1414500,,,,,,
marker_write,89,45000,,,,,,
marker_sync,89,1451999,,,,,,
append,90,2853600,,,,,,
encode,90,3600,,,,,,
data_write,90,51800,,,,,,
data_sync,90,1387900,,,,,,
marker_write,90,36600,,,,,,
marker_sync,90,1372000,,,,,,
append,91,2752200,,,,,,
encode,91,4400,,,,,,
data_write,91,50700,,,,,,
data_sync,91,1363000,,,,,,
marker_write,91,36300,,,,,,
marker_sync,91,1295700,,,,,,
append,92,2783200,,,,,,
encode,92,2900,,,,,,
data_write,92,42500,,,,,,
data_sync,92,1333100,,,,,,
marker_write,92,34100,,,,,,
marker_sync,92,1369100,,,,,,
append,93,2862500,,,,,,
encode,93,3400,,,,,,
data_write,93,43400,,,,,,
data_sync,93,1359700,,,,,,
marker_write,93,34900,,,,,,
marker_sync,93,1419400,,,,,,
append,94,3095700,,,,,,
encode,94,3600,,,,,,
data_write,94,39300,,,,,,
data_sync,94,1401200,,,,,,
marker_write,94,40200,,,,,,
marker_sync,94,1608600,,,,,,
append,95,3194599,,,,,,
encode,95,4000,,,,,,
data_write,95,57200,,,,,,
data_sync,95,1627600,,,,,,
marker_write,95,40099,,,,,,
marker_sync,95,1463800,,,,,,
append,96,2920300,,,,,,
encode,96,3500,,,,,,
data_write,96,41000,,,,,,
data_sync,96,1455500,,,,,,
marker_write,96,32400,,,,,,
marker_sync,96,1386300,,,,,,
append,97,2872600,,,,,,
encode,97,3100,,,,,,
data_write,97,40000,,,,,,
data_sync,97,1401600,,,,,,
marker_write,97,31600,,,,,,
marker_sync,97,1394800,,,,,,
append,98,2799700,,,,,,
encode,98,4300,,,,,,
data_write,98,50400,,,,,,
data_sync,98,1349700,,,,,,
marker_write,98,32000,,,,,,
marker_sync,98,1362200,,,,,,
append,99,2863000,,,,,,
encode,99,2700,,,,,,
data_write,99,36800,,,,,,
data_sync,99,1410600,,,,,,
marker_write,99,32300,,,,,,
marker_sync,99,1378700,,,,,,
append,100,3122100,,,,,,
encode,100,4100,,,,,,
data_write,100,53100,,,,,,
data_sync,100,1506900,,,,,,
marker_write,100,74900,,,,,,
marker_sync,100,1481000,,,,,,
append,101,2860499,,,,,,
encode,101,4000,,,,,,
data_write,101,57100,,,,,,
data_sync,101,1408199,,,,,,
marker_write,101,45100,,,,,,
marker_sync,101,1344400,,,,,,
append,102,2988700,,,,,,
encode,102,3800,,,,,,
data_write,102,41300,,,,,,
data_sync,102,1435800,,,,,,
marker_write,102,38600,,,,,,
marker_sync,102,1467600,,,,,,
append,103,2878000,,,,,,
encode,103,3600,,,,,,
data_write,103,40000,,,,,,
data_sync,103,1363700,,,,,,
marker_write,103,34900,,,,,,
marker_sync,103,1433900,,,,,,
append,104,2688300,,,,,,
encode,104,3100,,,,,,
data_write,104,43000,,,,,,
data_sync,104,1294100,,,,,,
marker_write,104,29500,,,,,,
marker_sync,104,1317300,,,,,,
append,105,3100600,,,,,,
encode,105,3400,,,,,,
data_write,105,43100,,,,,,
data_sync,105,1487100,,,,,,
marker_write,105,44600,,,,,,
marker_sync,105,1520200,,,,,,
append,106,2852500,,,,,,
encode,106,5000,,,,,,
data_write,106,47600,,,,,,
data_sync,106,1427400,,,,,,
marker_write,106,29900,,,,,,
marker_sync,106,1340400,,,,,,
append,107,2730699,,,,,,
encode,107,4700,,,,,,
data_write,107,51100,,,,,,
data_sync,107,1335399,,,,,,
marker_write,107,42500,,,,,,
marker_sync,107,1295100,,,,,,
append,108,2688300,,,,,,
encode,108,3000,,,,,,
data_write,108,42100,,,,,,
data_sync,108,1307000,,,,,,
marker_write,108,32900,,,,,,
marker_sync,108,1302200,,,,,,
append,109,2701300,,,,,,
encode,109,2400,,,,,,
data_write,109,39400,,,,,,
data_sync,109,1278000,,,,,,
marker_write,109,32000,,,,,,
marker_sync,109,1348000,,,,,,
append,110,2684700,,,,,,
encode,110,2600,,,,,,
data_write,110,40100,,,,,,
data_sync,110,1304200,,,,,,
marker_write,110,33600,,,,,,
marker_sync,110,1302100,,,,,,
append,111,3164500,,,,,,
encode,111,4600,,,,,,
data_write,111,58600,,,,,,
data_sync,111,1655100,,,,,,
marker_write,111,41900,,,,,,
marker_sync,111,1402200,,,,,,
append,112,2770400,,,,,,
encode,112,4700,,,,,,
data_write,112,50900,,,,,,
data_sync,112,1392500,,,,,,
marker_write,112,33900,,,,,,
marker_sync,112,1286700,,,,,,
append,113,2881699,,,,,,
encode,113,3600,,,,,,
data_write,113,41000,,,,,,
data_sync,113,1382799,,,,,,
marker_write,113,34200,,,,,,
marker_sync,113,1419100,,,,,,
append,114,2699700,,,,,,
encode,114,3200,,,,,,
data_write,114,42000,,,,,,
data_sync,114,1296600,,,,,,
marker_write,114,34200,,,,,,
marker_sync,114,1322600,,,,,,
append,115,2686500,,,,,,
encode,115,3000,,,,,,
data_write,115,39700,,,,,,
data_sync,115,1309700,,,,,,
marker_write,115,35300,,,,,,
marker_sync,115,1297100,,,,,,
append,116,2914900,,,,,,
encode,116,2700,,,,,,
data_write,116,41500,,,,,,
data_sync,116,1446800,,,,,,
marker_write,116,42400,,,,,,
marker_sync,116,1379600,,,,,,
append,117,2812100,,,,,,
encode,117,3800,,,,,,
data_write,117,45300,,,,,,
data_sync,117,1352200,,,,,,
marker_write,117,36500,,,,,,
marker_sync,117,1372800,,,,,,
append,118,3127900,,,,,,
encode,118,3800,,,,,,
data_write,118,42200,,,,,,
data_sync,118,1511900,,,,,,
marker_write,118,34100,,,,,,
marker_sync,118,1534700,,,,,,
append,119,3016399,,,,,,
encode,119,3100,,,,,,
data_write,119,40500,,,,,,
data_sync,119,1411999,,,,,,
marker_write,119,32900,,,,,,
marker_sync,119,1526300,,,,,,
append,120,2800100,,,,,,
encode,120,2900,,,,,,
data_write,120,42000,,,,,,
data_sync,120,1420100,,,,,,
marker_write,120,38700,,,,,,
marker_sync,120,1295100,,,,,,
append,121,2831100,,,,,,
encode,121,3600,,,,,,
data_write,121,39800,,,,,,
data_sync,121,1362400,,,,,,
marker_write,121,55700,,,,,,
marker_sync,121,1367500,,,,,,
append,122,2760500,,,,,,
encode,122,4800,,,,,,
data_write,122,56500,,,,,,
data_sync,122,1332800,,,,,,
marker_write,122,43400,,,,,,
marker_sync,122,1321000,,,,,,
append,123,2688900,,,,,,
encode,123,3200,,,,,,
data_write,123,42600,,,,,,
data_sync,123,1303300,,,,,,
marker_write,123,33800,,,,,,
marker_sync,123,1304700,,,,,,
append,124,2713800,,,,,,
encode,124,3500,,,,,,
data_write,124,40300,,,,,,
data_sync,124,1275300,,,,,,
marker_write,124,32800,,,,,,
marker_sync,124,1360700,,,,,,
append,125,2601699,,,,,,
encode,125,2900,,,,,,
data_write,125,36800,,,,,,
data_sync,125,1267300,,,,,,
marker_write,125,34100,,,,,,
marker_sync,125,1259099,,,,,,
append,126,2636700,,,,,,
encode,126,2300,,,,,,
data_write,126,38300,,,,,,
data_sync,126,1281700,,,,,,
marker_write,126,32300,,,,,,
marker_sync,126,1280900,,,,,,
append,127,2960100,,,,,,
encode,127,2400,,,,,,
data_write,127,38200,,,,,,
data_sync,127,1460000,,,,,,
marker_write,127,36500,,,,,,
marker_sync,127,1420600,,,,,,
append,128,3326500,,,,,,
encode,128,5600,,,,,,
data_write,128,63700,,,,,,
data_sync,128,1656700,,,,,,
marker_write,128,50300,,,,,,
marker_sync,128,1546500,,,,,,
append,129,2902800,,,,,,
encode,129,4200,,,,,,
data_write,129,58000,,,,,,
data_sync,129,1472400,,,,,,
marker_write,129,45700,,,,,,
marker_sync,129,1319400,,,,,,
append,130,2677900,,,,,,
encode,130,6200,,,,,,
data_write,130,49200,,,,,,
data_sync,130,1260700,,,,,,
marker_write,130,38000,,,,,,
marker_sync,130,1321800,,,,,,
append,131,2782799,,,,,,
encode,131,3300,,,,,,
data_write,131,41100,,,,,,
data_sync,131,1370700,,,,,,
marker_write,131,32300,,,,,,
marker_sync,131,1333899,,,,,,
append,132,2807200,,,,,,
encode,132,2900,,,,,,
data_write,132,41300,,,,,,
data_sync,132,1316900,,,,,,
marker_write,132,32200,,,,,,
marker_sync,132,1412200,,,,,,
append,133,2893600,,,,,,
encode,133,3100,,,,,,
data_write,133,44000,,,,,,
data_sync,133,1433900,,,,,,
marker_write,133,36300,,,,,,
marker_sync,133,1374600,,,,,,
append,134,3003700,,,,,,
encode,134,3100,,,,,,
data_write,134,40200,,,,,,
data_sync,134,1514600,,,,,,
marker_write,134,36200,,,,,,
marker_sync,134,1407600,,,,,,
append,135,2861700,,,,,,
encode,135,3000,,,,,,
data_write,135,41800,,,,,,
data_sync,135,1392900,,,,,,
marker_write,135,31900,,,,,,
marker_sync,135,1390800,,,,,,
append,136,2850700,,,,,,
encode,136,2700,,,,,,
data_write,136,39900,,,,,,
data_sync,136,1385000,,,,,,
marker_write,136,31400,,,,,,
marker_sync,136,1390600,,,,,,
append,137,2835099,,,,,,
encode,137,2300,,,,,,
data_write,137,39000,,,,,,
data_sync,137,1378400,,,,,,
marker_write,137,30600,,,,,,
marker_sync,137,1383899,,,,,,
append,138,3100500,,,,,,
encode,138,2200,,,,,,
data_write,138,38800,,,,,,
data_sync,138,1376100,,,,,,
marker_write,138,30200,,,,,,
marker_sync,138,1651700,,,,,,
append,139,3143300,,,,,,
encode,139,3700,,,,,,
data_write,139,57300,,,,,,
data_sync,139,1630200,,,,,,
marker_write,139,36000,,,,,,
marker_sync,139,1414900,,,,,,
append,140,2916300,,,,,,
encode,140,3100,,,,,,
data_write,140,41300,,,,,,
data_sync,140,1388600,,,,,,
marker_write,140,32900,,,,,,
marker_sync,140,1449100,,,,,,
append,141,2831400,,,,,,
encode,141,3100,,,,,,
data_write,141,38600,,,,,,
data_sync,141,1392000,,,,,,
marker_write,141,32500,,,,,,
marker_sync,141,1364300,,,,,,
append,142,2835800,,,,,,
encode,142,2900,,,,,,
data_write,142,39800,,,,,,
data_sync,142,1355500,,,,,,
marker_write,142,32500,,,,,,
marker_sync,142,1403900,,,,,,
append,143,2860199,,,,,,
encode,143,2300,,,,,,
data_write,143,37900,,,,,,
data_sync,143,1378999,,,,,,
marker_write,143,32700,,,,,,
marker_sync,143,1407100,,,,,,
append,144,2732000,,,,,,
encode,144,2600,,,,,,
data_write,144,40600,,,,,,
data_sync,144,1284400,,,,,,
marker_write,144,32500,,,,,,
marker_sync,144,1370800,,,,,,
append,145,2599000,,,,,,
encode,145,2800,,,,,,
data_write,145,38900,,,,,,
data_sync,145,1276300,,,,,,
marker_write,145,31200,,,,,,
marker_sync,145,1248600,,,,,,
append,146,2625500,,,,,,
encode,146,3000,,,,,,
data_write,146,40200,,,,,,
data_sync,146,1250500,,,,,,
marker_write,146,32300,,,,,,
marker_sync,146,1298400,,,,,,
append,147,2541000,,,,,,
encode,147,2200,,,,,,
data_write,147,37800,,,,,,
data_sync,147,1242200,,,,,,
marker_write,147,32500,,,,,,
marker_sync,147,1225300,,,,,,
append,148,2510100,,,,,,
encode,148,2400,,,,,,
data_write,148,39000,,,,,,
data_sync,148,1224600,,,,,,
marker_write,148,31200,,,,,,
marker_sync,148,1212000,,,,,,
append,149,2790699,,,,,,
encode,149,2700,,,,,,
data_write,149,36900,,,,,,
data_sync,149,1230200,,,,,,
marker_write,149,30400,,,,,,
marker_sync,149,1488699,,,,,,
append,150,3146900,,,,,,
encode,150,2700,,,,,,
data_write,150,44800,,,,,,
data_sync,150,1521100,,,,,,
marker_write,150,39500,,,,,,
marker_sync,150,1537400,,,,,,
append,151,2782000,,,,,,
encode,151,3400,,,,,,
data_write,151,44200,,,,,,
data_sync,151,1353400,,,,,,
marker_write,151,36600,,,,,,
marker_sync,151,1342500,,,,,,
append,152,2735000,,,,,,
encode,152,3200,,,,,,
data_write,152,43300,,,,,,
data_sync,152,1318500,,,,,,
marker_write,152,33800,,,,,,
marker_sync,152,1334500,,,,,,
append,153,2676200,,,,,,
encode,153,3200,,,,,,
data_write,153,40700,,,,,,
data_sync,153,1304400,,,,,,
marker_write,153,32700,,,,,,
marker_sync,153,1294000,,,,,,
append,154,2701000,,,,,,
encode,154,2300,,,,,,
data_write,154,37700,,,,,,
data_sync,154,1320400,,,,,,
marker_write,154,34900,,,,,,
marker_sync,154,1304500,,,,,,
append,155,2731400,,,,,,
encode,155,2300,,,,,,
data_write,155,38800,,,,,,
data_sync,155,1298100,,,,,,
marker_write,155,34100,,,,,,
marker_sync,155,1356700,,,,,,
append,156,2740099,,,,,,
encode,156,2800,,,,,,
data_write,156,40100,,,,,,
data_sync,156,1298899,,,,,,
marker_write,156,32500,,,,,,
marker_sync,156,1364500,,,,,,
append,157,2711800,,,,,,
encode,157,2800,,,,,,
data_write,157,44000,,,,,,
data_sync,157,1336800,,,,,,
marker_write,157,33800,,,,,,
marker_sync,157,1293100,,,,,,
append,158,2674600,,,,,,
encode,158,2600,,,,,,
data_write,158,41000,,,,,,
data_sync,158,1287500,,,,,,
marker_write,158,33600,,,,,,
marker_sync,158,1308900,,,,,,
append,159,2666500,,,,,,
encode,159,2800,,,,,,
data_write,159,39800,,,,,,
data_sync,159,1295100,,,,,,
marker_write,159,34300,,,,,,
marker_sync,159,1293200,,,,,,
append,160,2679000,,,,,,
encode,160,2500,,,,,,
data_write,160,40300,,,,,,
data_sync,160,1320900,,,,,,
marker_write,160,36200,,,,,,
marker_sync,160,1277900,,,,,,
append,161,2891300,,,,,,
encode,161,3100,,,,,,
data_write,161,41200,,,,,,
data_sync,161,1291900,,,,,,
marker_write,161,38400,,,,,,
marker_sync,161,1515100,,,,,,
append,162,3488499,,,,,,
encode,162,3100,,,,,,
data_write,162,46800,,,,,,
data_sync,162,1630899,,,,,,
marker_write,162,52600,,,,,,
marker_sync,162,1752600,,,,,,
append,163,3732900,,,,,,
encode,163,5000,,,,,,
data_write,163,63400,,,,,,
data_sync,163,1797000,,,,,,
marker_write,163,49800,,,,,,
marker_sync,163,1814700,,,,,,
append,164,3156400,,,,,,
encode,164,5700,,,,,,
data_write,164,59400,,,,,,
data_sync,164,1669300,,,,,,
marker_write,164,43800,,,,,,
marker_sync,164,1376100,,,,,,
append,165,2727700,,,,,,
encode,165,4300,,,,,,
data_write,165,44000,,,,,,
data_sync,165,1338500,,,,,,
marker_write,165,34300,,,,,,
marker_sync,165,1304600,,,,,,
append,166,2889800,,,,,,
encode,166,2600,,,,,,
data_write,166,39500,,,,,,
data_sync,166,1471700,,,,,,
marker_write,166,34300,,,,,,
marker_sync,166,1340200,,,,,,
append,167,3202599,,,,,,
encode,167,2800,,,,,,
data_write,167,42300,,,,,,
data_sync,167,1639800,,,,,,
marker_write,167,29200,,,,,,
marker_sync,167,1486899,,,,,,
append,168,2669000,,,,,,
encode,168,2900,,,,,,
data_write,168,43600,,,,,,
data_sync,168,1305100,,,,,,
marker_write,168,33600,,,,,,
marker_sync,168,1282500,,,,,,
append,169,2675300,,,,,,
encode,169,3100,,,,,,
data_write,169,35800,,,,,,
data_sync,169,1301400,,,,,,
marker_write,169,33000,,,,,,
marker_sync,169,1300600,,,,,,
append,170,2707300,,,,,,
encode,170,2400,,,,,,
data_write,170,42200,,,,,,
data_sync,170,1310900,,,,,,
marker_write,170,32400,,,,,,
marker_sync,170,1318100,,,,,,
append,171,2857000,,,,,,
encode,171,2400,,,,,,
data_write,171,41400,,,,,,
data_sync,171,1305600,,,,,,
marker_write,171,31000,,,,,,
marker_sync,171,1475300,,,,,,
append,172,2888000,,,,,,
encode,172,2600,,,,,,
data_write,172,42500,,,,,,
data_sync,172,1495600,,,,,,
marker_write,172,31800,,,,,,
marker_sync,172,1314400,,,,,,
append,173,2705199,,,,,,
encode,173,2600,,,,,,
data_write,173,42200,,,,,,
data_sync,173,1298600,,,,,,
marker_write,173,34000,,,,,,
marker_sync,173,1326499,,,,,,
append,174,2700800,,,,,,
encode,174,2600,,,,,,
data_write,174,38300,,,,,,
data_sync,174,1319000,,,,,,
marker_write,174,36600,,,,,,
marker_sync,174,1302600,,,,,,
append,175,2697000,,,,,,
encode,175,2500,,,,,,
data_write,175,39200,,,,,,
data_sync,175,1327700,,,,,,
marker_write,175,32700,,,,,,
marker_sync,175,1293600,,,,,,
append,176,2657300,,,,,,
encode,176,2400,,,,,,
data_write,176,35400,,,,,,
data_sync,176,1282500,,,,,,
marker_write,176,35500,,,,,,
marker_sync,176,1300300,,,,,,
append,177,2693800,,,,,,
encode,177,2500,,,,,,
data_write,177,37200,,,,,,
data_sync,177,1293100,,,,,,
marker_write,177,30000,,,,,,
marker_sync,177,1329800,,,,,,
append,178,2710600,,,,,,
encode,178,2700,,,,,,
data_write,178,42000,,,,,,
data_sync,178,1330400,,,,,,
marker_write,178,33800,,,,,,
marker_sync,178,1300400,,,,,,
append,179,2785100,,,,,,
encode,179,2500,,,,,,
data_write,179,38900,,,,,,
data_sync,179,1282300,,,,,,
marker_write,179,34100,,,,,,
marker_sync,179,1426000,,,,,,
append,180,2895399,,,,,,
encode,180,2900,,,,,,
data_write,180,40600,,,,,,
data_sync,180,1496499,,,,,,
marker_write,180,39500,,,,,,
marker_sync,180,1314500,,,,,,
append,181,2630000,,,,,,
encode,181,3800,,,,,,
data_write,181,41100,,,,,,
data_sync,181,1288000,,,,,,
marker_write,181,34300,,,,,,
marker_sync,181,1261000,,,,,,
append,182,2615000,,,,,,
encode,182,3000,,,,,,
data_write,182,35100,,,,,,
data_sync,182,1272200,,,,,,
marker_write,182,33500,,,,,,
marker_sync,182,1270100,,,,,,
append,183,2856700,,,,,,
encode,183,3100,,,,,,
data_write,183,39800,,,,,,
data_sync,183,1320400,,,,,,
marker_write,183,37300,,,,,,
marker_sync,183,1454100,,,,,,
append,184,3011700,,,,,,
encode,184,5000,,,,,,
data_write,184,57100,,,,,,
data_sync,184,1463800,,,,,,
marker_write,184,40300,,,,,,
marker_sync,184,1443600,,,,,,
append,185,2784100,,,,,,
encode,185,4100,,,,,,
data_write,185,55300,,,,,,
data_sync,185,1402900,,,,,,
marker_write,185,37600,,,,,,
marker_sync,185,1282300,,,,,,
append,186,2789899,,,,,,
encode,186,3200,,,,,,
data_write,186,41300,,,,,,
data_sync,186,1362599,,,,,,
marker_write,186,36400,,,,,,
marker_sync,186,1344800,,,,,,
append,187,2601200,,,,,,
encode,187,3300,,,,,,
data_write,187,39700,,,,,,
data_sync,187,1273600,,,,,,
marker_write,187,34700,,,,,,
marker_sync,187,1248400,,,,,,
append,188,2629700,,,,,,
encode,188,3000,,,,,,
data_write,188,41100,,,,,,
data_sync,188,1275100,,,,,,
marker_write,188,33300,,,,,,
marker_sync,188,1276300,,,,,,
append,189,2870100,,,,,,
encode,189,3000,,,,,,
data_write,189,39900,,,,,,
data_sync,189,1371800,,,,,,
marker_write,189,31100,,,,,,
marker_sync,189,1423300,,,,,,
append,190,2726300,,,,,,
encode,190,2700,,,,,,
data_write,190,38700,,,,,,
data_sync,190,1346200,,,,,,
marker_write,190,36900,,,,,,
marker_sync,190,1300600,,,,,,
append,191,2747900,,,,,,
encode,191,2800,,,,,,
data_write,191,39200,,,,,,
data_sync,191,1358200,,,,,,
marker_write,191,30700,,,,,,
marker_sync,191,1315800,,,,,,
append,192,2797199,,,,,,
encode,192,3200,,,,,,
data_write,192,40000,,,,,,
data_sync,192,1338900,,,,,,
marker_write,192,32300,,,,,,
marker_sync,192,1381199,,,,,,
append,193,2815700,,,,,,
encode,193,2700,,,,,,
data_write,193,43800,,,,,,
data_sync,193,1364300,,,,,,
marker_write,193,35900,,,,,,
marker_sync,193,1367500,,,,,,
append,194,2895300,,,,,,
encode,194,3000,,,,,,
data_write,194,47400,,,,,,
data_sync,194,1383600,,,,,,
marker_write,194,34900,,,,,,
marker_sync,194,1424900,,,,,,
append,195,3161900,,,,,,
encode,195,3100,,,,,,
data_write,195,38900,,,,,,
data_sync,195,1542500,,,,,,
marker_write,195,30100,,,,,,
marker_sync,195,1546100,,,,,,
append,196,2862500,,,,,,
encode,196,3400,,,,,,
data_write,196,40900,,,,,,
data_sync,196,1419000,,,,,,
marker_write,196,29200,,,,,,
marker_sync,196,1368800,,,,,,
append,197,2780200,,,,,,
encode,197,2700,,,,,,
data_write,197,40900,,,,,,
data_sync,197,1368400,,,,,,
marker_write,197,33800,,,,,,
marker_sync,197,1332700,,,,,,
append,198,2845299,,,,,,
encode,198,3900,,,,,,
data_write,198,47300,,,,,,
data_sync,198,1368300,,,,,,
marker_write,198,34299,,,,,,
marker_sync,198,1389000,,,,,,
append,199,3373100,,,,,,
encode,199,4700,,,,,,
data_write,199,42200,,,,,,
data_sync,199,1607900,,,,,,
marker_write,199,37900,,,,,,
marker_sync,199,1678100,,,,,,
append,200,2970900,,,,,,
encode,200,3200,,,,,,
data_write,200,43000,,,,,,
data_sync,200,1432100,,,,,,
marker_write,200,38400,,,,,,
marker_sync,200,1452300,,,,,,
append,201,2838000,,,,,,
encode,201,3600,,,,,,
data_write,201,43400,,,,,,
data_sync,201,1382800,,,,,,
marker_write,201,35400,,,,,,
marker_sync,201,1371400,,,,,,
append,202,2794800,,,,,,
encode,202,2800,,,,,,
data_write,202,41600,,,,,,
data_sync,202,1379200,,,,,,
marker_write,202,32800,,,,,,
marker_sync,202,1337200,,,,,,
append,203,2890500,,,,,,
encode,203,2400,,,,,,
data_write,203,40900,,,,,,
data_sync,203,1340500,,,,,,
marker_write,203,34700,,,,,,
marker_sync,203,1470200,,,,,,
append,204,3282499,,,,,,
encode,204,2900,,,,,,
data_write,204,45200,,,,,,
data_sync,204,1443899,,,,,,
marker_write,204,35300,,,,,,
marker_sync,204,1752100,,,,,,
append,205,3952000,,,,,,
encode,205,5400,,,,,,
data_write,205,58100,,,,,,
data_sync,205,1847800,,,,,,
marker_write,205,64800,,,,,,
marker_sync,205,1973000,,,,,,
append,206,3247600,,,,,,
encode,206,5900,,,,,,
data_write,206,69900,,,,,,
data_sync,206,1637800,,,,,,
marker_write,206,36900,,,,,,
marker_sync,206,1495100,,,,,,
append,207,3053700,,,,,,
encode,207,3500,,,,,,
data_write,207,44000,,,,,,
data_sync,207,1514200,,,,,,
marker_write,207,33300,,,,,,
marker_sync,207,1457200,,,,,,
append,208,3308700,,,,,,
encode,208,3200,,,,,,
data_write,208,38300,,,,,,
data_sync,208,1495000,,,,,,
marker_write,208,33400,,,,,,
marker_sync,208,1736800,,,,,,
append,209,3197299,,,,,,
encode,209,3400,,,,,,
data_write,209,42400,,,,,,
data_sync,209,1465299,,,,,,
marker_write,209,35400,,,,,,
marker_sync,209,1649000,,,,,,
append,210,3154100,,,,,,
encode,210,5000,,,,,,
data_write,210,60400,,,,,,
data_sync,210,1622500,,,,,,
marker_write,210,37900,,,,,,
marker_sync,210,1426200,,,,,,
append,211,2987400,,,,,,
encode,211,4200,,,,,,
data_write,211,59300,,,,,,
data_sync,211,1484300,,,,,,
marker_write,211,72800,,,,,,
marker_sync,211,1364800,,,,,,
append,212,2920500,,,,,,
encode,212,4000,,,,,,
data_write,212,41600,,,,,,
data_sync,212,1441800,,,,,,
marker_write,212,34300,,,,,,
marker_sync,212,1396700,,,,,,
append,213,2807400,,,,,,
encode,213,3900,,,,,,
data_write,213,53900,,,,,,
data_sync,213,1351200,,,,,,
marker_write,213,34600,,,,,,
marker_sync,213,1361900,,,,,,
append,214,2820700,,,,,,
encode,214,3800,,,,,,
data_write,214,44600,,,,,,
data_sync,214,1388800,,,,,,
marker_write,214,35400,,,,,,
marker_sync,214,1346200,,,,,,
append,215,2926099,,,,,,
encode,215,2800,,,,,,
data_write,215,38700,,,,,,
data_sync,215,1418699,,,,,,
marker_write,215,34800,,,,,,
marker_sync,215,1428500,,,,,,
append,216,2961000,,,,,,
encode,216,4000,,,,,,
data_write,216,53100,,,,,,
data_sync,216,1418400,,,,,,
marker_write,216,36800,,,,,,
marker_sync,216,1446900,,,,,,
append,217,2903800,,,,,,
encode,217,3000,,,,,,
data_write,217,41300,,,,,,
data_sync,217,1418200,,,,,,
marker_write,217,31100,,,,,,
marker_sync,217,1408700,,,,,,
append,218,2768800,,,,,,
encode,218,2500,,,,,,
data_write,218,39100,,,,,,
data_sync,218,1360000,,,,,,
marker_write,218,30700,,,,,,
marker_sync,218,1335700,,,,,,
append,219,2789700,,,,,,
encode,219,2300,,,,,,
data_write,219,36200,,,,,,
data_sync,219,1365500,,,,,,
marker_write,219,32800,,,,,,
marker_sync,219,1351300,,,,,,
append,220,2905400,,,,,,
encode,220,3600,,,,,,
data_write,220,47500,,,,,,
data_sync,220,1371500,,,,,,
marker_write,220,44900,,,,,,
marker_sync,220,1435700,,,,,,
append,221,3032099,,,,,,
encode,221,3900,,,,,,
data_write,221,51700,,,,,,
data_sync,221,1479499,,,,,,
marker_write,221,39500,,,,,,
marker_sync,221,1455900,,,,,,
append,222,3018800,,,,,,
encode,222,3200,,,,,,
data_write,222,48600,,,,,,
data_sync,222,1529700,,,,,,
marker_write,222,28400,,,,,,
marker_sync,222,1407600,,,,,,
append,223,2919900,,,,,,
encode,223,2300,,,,,,
data_write,223,35600,,,,,,
data_sync,223,1440300,,,,,,
marker_write,223,33200,,,,,,
marker_sync,223,1406800,,,,,,
append,224,2925300,,,,,,
encode,224,3000,,,,,,
data_write,224,35900,,,,,,
data_sync,224,1427100,,,,,,
marker_write,224,33700,,,,,,
marker_sync,224,1423800,,,,,,
append,225,2887100,,,,,,
encode,225,2900,,,,,,
data_write,225,36200,,,,,,
data_sync,225,1394700,,,,,,
marker_write,225,27300,,,,,,
marker_sync,225,1424800,,,,,,
append,226,3182599,,,,,,
encode,226,2600,,,,,,
data_write,226,41300,,,,,,
data_sync,226,1456800,,,,,,
marker_write,226,54200,,,,,,
marker_sync,226,1625599,,,,,,
append,227,3560800,,,,,,
encode,227,3900,,,,,,
data_write,227,48200,,,,,,
data_sync,227,1889500,,,,,,
marker_write,227,42800,,,,,,
marker_sync,227,1574200,,,,,,
append,228,3173000,,,,,,
encode,228,3800,,,,,,
data_write,228,42600,,,,,,
data_sync,228,1687300,,,,,,
marker_write,228,31900,,,,,,
marker_sync,228,1405900,,,,,,
append,229,2829500,,,,,,
encode,229,2500,,,,,,
data_write,229,37800,,,,,,
data_sync,229,1362400,,,,,,
marker_write,229,30600,,,,,,
marker_sync,229,1394900,,,,,,
append,230,2804700,,,,,,
encode,230,2600,,,,,,
data_write,230,39400,,,,,,
data_sync,230,1361600,,,,,,
marker_write,230,28900,,,,,,
marker_sync,230,1370100,,,,,,
append,231,3117300,,,,,,
encode,231,3200,,,,,,
data_write,231,46200,,,,,,
data_sync,231,1436300,,,,,,
marker_write,231,42900,,,,,,
marker_sync,231,1586900,,,,,,
append,232,3307599,,,,,,
encode,232,3200,,,,,,
data_write,232,46500,,,,,,
data_sync,232,1644199,,,,,,
marker_write,232,38100,,,,,,
marker_sync,232,1572900,,,,,,
append,233,3105900,,,,,,
encode,233,4300,,,,,,
data_write,233,57900,,,,,,
data_sync,233,1534800,,,,,,
marker_write,233,36500,,,,,,
marker_sync,233,1471000,,,,,,
append,234,2893500,,,,,,
encode,234,3100,,,,,,
data_write,234,40800,,,,,,
data_sync,234,1410500,,,,,,
marker_write,234,31300,,,,,,
marker_sync,234,1406300,,,,,,
append,235,2886100,,,,,,
encode,235,2500,,,,,,
data_write,235,39900,,,,,,
data_sync,235,1396200,,,,,,
marker_write,235,34700,,,,,,
marker_sync,235,1411000,,,,,,
append,236,3024000,,,,,,
encode,236,3800,,,,,,
data_write,236,42500,,,,,,
data_sync,236,1461900,,,,,,
marker_write,236,39000,,,,,,
marker_sync,236,1475100,,,,,,
append,237,3029500,,,,,,
encode,237,3800,,,,,,
data_write,237,41300,,,,,,
data_sync,237,1517900,,,,,,
marker_write,237,31300,,,,,,
marker_sync,237,1433100,,,,,,
append,238,2915499,,,,,,
encode,238,3200,,,,,,
data_write,238,43300,,,,,,
data_sync,238,1397799,,,,,,
marker_write,238,34900,,,,,,
marker_sync,238,1434800,,,,,,
append,239,3100300,,,,,,
encode,239,3400,,,,,,
data_write,239,41900,,,,,,
data_sync,239,1494700,,,,,,
marker_write,239,34900,,,,,,
marker_sync,239,1523300,,,,,,
append,240,2837700,,,,,,
encode,240,3400,,,,,,
data_write,240,40900,,,,,,
data_sync,240,1388500,,,,,,
marker_write,240,31800,,,,,,
marker_sync,240,1371600,,,,,,
append,241,2793300,,,,,,
encode,241,2800,,,,,,
data_write,241,37900,,,,,,
data_sync,241,1345000,,,,,,
marker_write,241,28800,,,,,,
marker_sync,241,1377100,,,,,,
append,242,3941400,,,,,,
encode,242,2800,,,,,,
data_write,242,42100,,,,,,
data_sync,242,1948000,,,,,,
marker_write,242,59200,,,,,,
marker_sync,242,1886800,,,,,,
append,243,3291199,,,,,,
encode,243,4400,,,,,,
data_write,243,41900,,,,,,
data_sync,243,1679500,,,,,,
marker_write,243,35300,,,,,,
marker_sync,243,1528199,,,,,,
append,244,3439300,,,,,,
encode,244,4300,,,,,,
data_write,244,48000,,,,,,
data_sync,244,1623000,,,,,,
marker_write,244,34700,,,,,,
marker_sync,244,1727100,,,,,,
append,245,3378600,,,,,,
encode,245,3900,,,,,,
data_write,245,42300,,,,,,
data_sync,245,1662500,,,,,,
marker_write,245,40500,,,,,,
marker_sync,245,1627000,,,,,,
append,246,3552200,,,,,,
encode,246,4900,,,,,,
data_write,246,50200,,,,,,
data_sync,246,1577900,,,,,,
marker_write,246,39600,,,,,,
marker_sync,246,1877300,,,,,,
append,247,3471600,,,,,,
encode,247,5700,,,,,,
data_write,247,61600,,,,,,
data_sync,247,1806600,,,,,,
marker_write,247,54600,,,,,,
marker_sync,247,1540200,,,,,,
append,248,3327499,,,,,,
encode,248,3800,,,,,,
data_write,248,46400,,,,,,
data_sync,248,1571100,,,,,,
marker_write,248,39600,,,,,,
marker_sync,248,1663499,,,,,,
append,249,3229700,,,,,,
encode,249,3800,,,,,,
data_write,249,48300,,,,,,
data_sync,249,1545800,,,,,,
marker_write,249,37400,,,,,,
marker_sync,249,1592000,,,,,,
append,250,3307900,,,,,,
encode,250,3500,,,,,,
data_write,250,51600,,,,,,
data_sync,250,1637400,,,,,,
marker_write,250,36400,,,,,,
marker_sync,250,1576900,,,,,,
append,251,3584200,,,,,,
encode,251,3900,,,,,,
data_write,251,44000,,,,,,
data_sync,251,1668300,,,,,,
marker_write,251,41700,,,,,,
marker_sync,251,1824300,,,,,,
append,252,3435000,,,,,,
encode,252,4500,,,,,,
data_write,252,47100,,,,,,
data_sync,252,1831800,,,,,,
marker_write,252,36500,,,,,,
marker_sync,252,1513300,,,,,,
append,253,3100999,,,,,,
encode,253,3500,,,,,,
data_write,253,41400,,,,,,
data_sync,253,1487400,,,,,,
marker_write,253,35400,,,,,,
marker_sync,253,1531799,,,,,,
append,254,2973900,,,,,,
encode,254,2900,,,,,,
data_write,254,41200,,,,,,
data_sync,254,1472500,,,,,,
marker_write,254,33300,,,,,,
marker_sync,254,1422700,,,,,,
append,255,2962100,,,,,,
encode,255,2500,,,,,,
data_write,255,38900,,,,,,
data_sync,255,1464700,,,,,,
marker_write,255,32400,,,,,,
marker_sync,255,1421600,,,,,,
append,256,3533400,,,,,,
encode,256,3700,,,,,,
data_write,256,73500,,,,,,
data_sync,256,1702600,,,,,,
marker_write,256,45700,,,,,,
marker_sync,256,1705900,,,,,,
append,257,3267900,,,,,,
encode,257,3300,,,,,,
data_write,257,47200,,,,,,
data_sync,257,1598400,,,,,,
marker_write,257,40800,,,,,,
marker_sync,257,1575500,,,,,,
append,258,3182000,,,,,,
encode,258,3700,,,,,,
data_write,258,49800,,,,,,
data_sync,258,1529900,,,,,,
marker_write,258,33800,,,,,,
marker_sync,258,1563100,,,,,,
append,259,3038999,,,,,,
encode,259,3400,,,,,,
data_write,259,42500,,,,,,
data_sync,259,1421299,,,,,,
marker_write,259,33900,,,,,,
marker_sync,259,1536600,,,,,,
append,260,2897600,,,,,,
encode,260,2600,,,,,,
data_write,260,39800,,,,,,
data_sync,260,1403500,,,,,,
marker_write,260,33600,,,,,,
marker_sync,260,1415800,,,,,,
append,261,3213300,,,,,,
encode,261,4600,,,,,,
data_write,261,59500,,,,,,
data_sync,261,1657900,,,,,,
marker_write,261,40000,,,,,,
marker_sync,261,1449600,,,,,,
append,262,3188400,,,,,,
encode,262,4300,,,,,,
data_write,262,42400,,,,,,
data_sync,262,1557900,,,,,,
marker_write,262,37800,,,,,,
marker_sync,262,1544500,,,,,,
append,263,8461599,,,,,,
encode,263,3000,,,,,,
data_write,263,39200,,,,,,
data_sync,263,6574799,,,,,,
marker_write,263,50000,,,,,,
marker_sync,263,1792000,,,,,,
append,264,3352400,,,,,,
encode,264,5200,,,,,,
data_write,264,55100,,,,,,
data_sync,264,1719200,,,,,,
marker_write,264,45300,,,,,,
marker_sync,264,1524700,,,,,,
append,265,3223500,,,,,,
encode,265,4000,,,,,,
data_write,265,44600,,,,,,
data_sync,265,1444700,,,,,,
marker_write,265,34700,,,,,,
marker_sync,265,1693400,,,,,,
append,266,3052100,,,,,,
encode,266,3600,,,,,,
data_write,266,42000,,,,,,
data_sync,266,1527500,,,,,,
marker_write,266,39200,,,,,,
marker_sync,266,1437700,,,,,,
append,267,3008500,,,,,,
encode,267,3500,,,,,,
data_write,267,43500,,,,,,
data_sync,267,1460600,,,,,,
marker_write,267,45300,,,,,,
marker_sync,267,1452400,,,,,,
append,268,3010899,,,,,,
encode,268,4100,,,,,,
data_write,268,55200,,,,,,
data_sync,268,1488399,,,,,,
marker_write,268,42700,,,,,,
marker_sync,268,1418300,,,,,,
append,269,3062400,,,,,,
encode,269,3100,,,,,,
data_write,269,44700,,,,,,
data_sync,269,1393700,,,,,,
marker_write,269,33500,,,,,,
marker_sync,269,1586000,,,,,,
append,270,3011900,,,,,,
encode,270,2600,,,,,,
data_write,270,38000,,,,,,
data_sync,270,1564200,,,,,,
marker_write,270,35800,,,,,,
marker_sync,270,1369900,,,,,,
append,271,2983500,,,,,,
encode,271,3200,,,,,,
data_write,271,45000,,,,,,
data_sync,271,1376600,,,,,,
marker_write,271,36800,,,,,,
marker_sync,271,1520500,,,,,,
append,272,3616500,,,,,,
encode,272,3700,,,,,,
data_write,272,45300,,,,,,
data_sync,272,1748100,,,,,,
marker_write,272,47800,,,,,,
marker_sync,272,1768000,,,,,,
append,273,3648099,,,,,,
encode,273,6600,,,,,,
data_write,273,79600,,,,,,
data_sync,273,1841600,,,,,,
marker_write,273,47600,,,,,,
marker_sync,273,1669999,,,,,,
append,274,3607200,,,,,,
encode,274,4300,,,,,,
data_write,274,41600,,,,,,
data_sync,274,1809300,,,,,,
marker_write,274,50500,,,,,,
marker_sync,274,1699300,,,,,,
append,275,2947000,,,,,,
encode,275,4100,,,,,,
data_write,275,46700,,,,,,
data_sync,275,1478800,,,,,,
marker_write,275,37200,,,,,,
marker_sync,275,1378700,,,,,,
append,276,3053600,,,,,,
encode,276,3000,,,,,,
data_write,276,42500,,,,,,
data_sync,276,1569600,,,,,,
marker_write,276,38600,,,,,,
marker_sync,276,1398100,,,,,,
append,277,3027600,,,,,,
encode,277,3300,,,,,,
data_write,277,49200,,,,,,
data_sync,277,1588800,,,,,,
marker_write,277,33100,,,,,,
marker_sync,277,1351800,,,,,,
append,278,2739600,,,,,,
encode,278,2900,,,,,,
data_write,278,36200,,,,,,
data_sync,278,1345600,,,,,,
marker_write,278,30700,,,,,,
marker_sync,278,1323100,,,,,,
append,279,2922499,,,,,,
encode,279,2600,,,,,,
data_write,279,36500,,,,,,
data_sync,279,1352199,,,,,,
marker_write,279,41000,,,,,,
marker_sync,279,1488500,,,,,,
append,280,2991100,,,,,,
encode,280,3900,,,,,,
data_write,280,55100,,,,,,
data_sync,280,1508300,,,,,,
marker_write,280,35900,,,,,,
marker_sync,280,1386500,,,,,,
append,281,2829300,,,,,,
encode,281,2900,,,,,,
data_write,281,38400,,,,,,
data_sync,281,1380700,,,,,,
marker_write,281,29000,,,,,,
marker_sync,281,1377200,,,,,,
append,282,3050500,,,,,,
encode,282,3400,,,,,,
data_write,282,40000,,,,,,
data_sync,282,1400200,,,,,,
marker_write,282,31700,,,,,,
marker_sync,282,1573300,,,,,,
append,283,2887000,,,,,,
encode,283,3600,,,,,,
data_write,283,45200,,,,,,
data_sync,283,1402100,,,,,,
marker_write,283,33400,,,,,,
marker_sync,283,1400900,,,,,,
append,284,2786600,,,,,,
encode,284,3200,,,,,,
data_write,284,37700,,,,,,
data_sync,284,1370500,,,,,,
marker_write,284,31500,,,,,,
marker_sync,284,1342800,,,,,,
append,285,3717599,,,,,,
encode,285,3100,,,,,,
data_write,285,37300,,,,,,
data_sync,285,1674299,,,,,,
marker_write,285,49300,,,,,,
marker_sync,285,1951300,,,,,,
append,286,3434000,,,,,,
encode,286,3800,,,,,,
data_write,286,44000,,,,,,
data_sync,286,1729300,,,,,,
marker_write,286,36700,,,,,,
marker_sync,286,1618600,,,,,,
append,287,3114200,,,,,,
encode,287,3900,,,,,,
data_write,287,46000,,,,,,
data_sync,287,1518600,,,,,,
marker_write,287,44200,,,,,,
marker_sync,287,1499000,,,,,,
append,288,2841400,,,,,,
encode,288,3700,,,,,,
data_write,288,41500,,,,,,
data_sync,288,1388600,,,,,,
marker_write,288,35300,,,,,,
marker_sync,288,1370400,,,,,,
append,289,2796200,,,,,,
encode,289,3600,,,,,,
data_write,289,39700,,,,,,
data_sync,289,1359200,,,,,,
marker_write,289,32500,,,,,,
marker_sync,289,1359600,,,,,,
append,290,3040799,,,,,,
encode,290,3500,,,,,,
data_write,290,47400,,,,,,
data_sync,290,1525800,,,,,,
marker_write,290,37400,,,,,,
marker_sync,290,1425199,,,,,,
append,291,2843100,,,,,,
encode,291,3100,,,,,,
data_write,291,41600,,,,,,
data_sync,291,1345000,,,,,,
marker_write,291,31900,,,,,,
marker_sync,291,1420100,,,,,,
append,292,2933100,,,,,,
encode,292,2900,,,,,,
data_write,292,39100,,,,,,
data_sync,292,1341400,,,,,,
marker_write,292,32000,,,,,,
marker_sync,292,1516400,,,,,,
append,293,2807900,,,,,,
encode,293,2600,,,,,,
data_write,293,41000,,,,,,
data_sync,293,1374200,,,,,,
marker_write,293,33800,,,,,,
marker_sync,293,1355400,,,,,,
append,294,2821300,,,,,,
encode,294,2800,,,,,,
data_write,294,41100,,,,,,
data_sync,294,1385800,,,,,,
marker_write,294,34100,,,,,,
marker_sync,294,1355900,,,,,,
append,295,2890300,,,,,,
encode,295,3300,,,,,,
data_write,295,40800,,,,,,
data_sync,295,1352200,,,,,,
marker_write,295,32800,,,,,,
marker_sync,295,1459200,,,,,,
append,296,2870199,,,,,,
encode,296,3000,,,,,,
data_write,296,43400,,,,,,
data_sync,296,1448000,,,,,,
marker_write,296,32199,,,,,,
marker_sync,296,1342200,,,,,,
append,297,2866300,,,,,,
encode,297,2900,,,,,,
data_write,297,37600,,,,,,
data_sync,297,1388500,,,,,,
marker_write,297,31500,,,,,,
marker_sync,297,1403400,,,,,,
append,298,3041100,,,,,,
encode,298,3400,,,,,,
data_write,298,47900,,,,,,
data_sync,298,1478500,,,,,,
marker_write,298,34000,,,,,,
marker_sync,298,1475500,,,,,,
append,299,2784200,,,,,,
encode,299,3200,,,,,,
data_write,299,43200,,,,,,
data_sync,299,1348500,,,,,,
marker_write,299,31000,,,,,,
marker_sync,299,1356500,,,,,,
append,300,2772600,,,,,,
encode,300,3400,,,,,,
data_write,300,38300,,,,,,
data_sync,300,1378300,,,,,,
marker_write,300,33000,,,,,,
marker_sync,300,1318000,,,,,,
append,301,2997500,,,,,,
encode,301,3100,,,,,,
data_write,301,39600,,,,,,
data_sync,301,1439400,,,,,,
marker_write,301,40000,,,,,,
marker_sync,301,1473200,,,,,,
append,302,3107899,,,,,,
encode,302,3600,,,,,,
data_write,302,52800,,,,,,
data_sync,302,1565099,,,,,,
marker_write,302,40800,,,,,,
marker_sync,302,1444000,,,,,,
append,303,2805700,,,,,,
encode,303,3400,,,,,,
data_write,303,42400,,,,,,
data_sync,303,1368600,,,,,,
marker_write,303,34200,,,,,,
marker_sync,303,1355600,,,,,,
append,304,2832900,,,,,,
encode,304,3400,,,,,,
data_write,304,39900,,,,,,
data_sync,304,1347400,,,,,,
marker_write,304,35400,,,,,,
marker_sync,304,1405500,,,,,,
append,305,3006100,,,,,,
encode,305,3300,,,,,,
data_write,305,48400,,,,,,
data_sync,305,1533900,,,,,,
marker_write,305,35000,,,,,,
marker_sync,305,1384300,,,,,,
append,306,2993800,,,,,,
encode,306,2600,,,,,,
data_write,306,42000,,,,,,
data_sync,306,1349700,,,,,,
marker_write,306,33600,,,,,,
marker_sync,306,1564000,,,,,,
append,307,3036400,,,,,,
encode,307,4900,,,,,,
data_write,307,51400,,,,,,
data_sync,307,1486200,,,,,,
marker_write,307,36900,,,,,,
marker_sync,307,1454800,,,,,,
append,308,3089999,,,,,,
encode,308,4800,,,,,,
data_write,308,91600,,,,,,
data_sync,308,1474499,,,,,,
marker_write,308,44700,,,,,,
marker_sync,308,1472900,,,,,,
append,309,3045900,,,,,,
encode,309,4100,,,,,,
data_write,309,50800,,,,,,
data_sync,309,1460700,,,,,,
marker_write,309,35100,,,,,,
marker_sync,309,1493500,,,,,,
append,310,3171100,,,,,,
encode,310,4600,,,,,,
data_write,310,53500,,,,,,
data_sync,310,1542600,,,,,,
marker_write,310,34900,,,,,,
marker_sync,310,1533300,,,,,,
append,311,3180500,,,,,,
encode,311,4500,,,,,,
data_write,311,52400,,,,,,
data_sync,311,1502100,,,,,,
marker_write,311,40600,,,,,,
marker_sync,311,1578700,,,,,,
append,312,3166800,,,,,,
encode,312,3900,,,,,,
data_write,312,46100,,,,,,
data_sync,312,1563500,,,,,,
marker_write,312,38500,,,,,,
marker_sync,312,1512900,,,,,,
append,313,3148999,,,,,,
encode,313,3900,,,,,,
data_write,313,42700,,,,,,
data_sync,313,1529600,,,,,,
marker_write,313,37000,,,,,,
marker_sync,313,1533599,,,,,,
append,314,3193600,,,,,,
encode,314,4400,,,,,,
data_write,314,56300,,,,,,
data_sync,314,1523000,,,,,,
marker_write,314,33300,,,,,,
marker_sync,314,1575200,,,,,,
append,315,3498300,,,,,,
encode,315,3000,,,,,,
data_write,315,45300,,,,,,
data_sync,315,1787400,,,,,,
marker_write,315,39000,,,,,,
marker_sync,315,1621600,,,,,,
append,316,2938300,,,,,,
encode,316,3600,,,,,,
data_write,316,46500,,,,,,
data_sync,316,1413000,,,,,,
marker_write,316,36000,,,,,,
marker_sync,316,1437200,,,,,,
append,317,3420800,,,,,,
encode,317,4400,,,,,,
data_write,317,53700,,,,,,
data_sync,317,1645300,,,,,,
marker_write,317,52700,,,,,,
marker_sync,317,1662500,,,,,,
append,318,3311099,,,,,,
encode,318,3800,,,,,,
data_write,318,48000,,,,,,
data_sync,318,1570500,,,,,,
marker_write,318,39500,,,,,,
marker_sync,318,1646799,,,,,,
append,319,3317200,,,,,,
encode,319,4400,,,,,,
data_write,319,61600,,,,,,
data_sync,319,1622100,,,,,,
marker_write,319,49700,,,,,,
marker_sync,319,1576900,,,,,,
append,320,3081000,,,,,,
encode,320,3700,,,,,,
data_write,320,48200,,,,,,
data_sync,320,1526600,,,,,,
marker_write,320,37900,,,,,,
marker_sync,320,1462900,,,,,,
append,321,3050700,,,,,,
encode,321,2900,,,,,,
data_write,321,40500,,,,,,
data_sync,321,1410400,,,,,,
marker_write,321,31200,,,,,,
marker_sync,321,1563300,,,,,,
append,322,3929900,,,,,,
encode,322,5100,,,,,,
data_write,322,65500,,,,,,
data_sync,322,2097600,,,,,,
marker_write,322,54800,,,,,,
marker_sync,322,1704100,,,,,,
append,323,3153200,,,,,,
encode,323,3900,,,,,,
data_write,323,50900,,,,,,
data_sync,323,1595700,,,,,,
marker_write,323,40300,,,,,,
marker_sync,323,1460300,,,,,,
append,324,3133999,,,,,,
encode,324,3100,,,,,,
data_write,324,42600,,,,,,
data_sync,324,1535999,,,,,,
marker_write,324,43800,,,,,,
marker_sync,324,1506400,,,,,,
append,325,4093800,,,,,,
encode,325,4700,,,,,,
data_write,325,49800,,,,,,
data_sync,325,1674400,,,,,,
marker_write,325,54300,,,,,,
marker_sync,325,2308300,,,,,,
append,326,3416400,,,,,,
encode,326,4600,,,,,,
data_write,326,50900,,,,,,
data_sync,326,1703000,,,,,,
marker_write,326,50000,,,,,,
marker_sync,326,1605400,,,,,,
append,327,2958000,,,,,,
encode,327,4000,,,,,,
data_write,327,49100,,,,,,
data_sync,327,1456900,,,,,,
marker_write,327,34100,,,,,,
marker_sync,327,1411700,,,,,,
append,328,2845500,,,,,,
encode,328,3100,,,,,,
data_write,328,41700,,,,,,
data_sync,328,1369000,,,,,,
marker_write,328,36000,,,,,,
marker_sync,328,1394000,,,,,,
append,329,2891999,,,,,,
encode,329,3000,,,,,,
data_write,329,37200,,,,,,
data_sync,329,1432299,,,,,,
marker_write,329,34000,,,,,,
marker_sync,329,1384100,,,,,,
append,330,2960100,,,,,,
encode,330,2600,,,,,,
data_write,330,36800,,,,,,
data_sync,330,1442600,,,,,,
marker_write,330,33100,,,,,,
marker_sync,330,1443800,,,,,,
append,331,2887900,,,,,,
encode,331,3200,,,,,,
data_write,331,42800,,,,,,
data_sync,331,1386300,,,,,,
marker_write,331,32300,,,,,,
marker_sync,331,1422100,,,,,,
append,332,2938900,,,,,,
encode,332,3600,,,,,,
data_write,332,45700,,,,,,
data_sync,332,1444400,,,,,,
marker_write,332,34700,,,,,,
marker_sync,332,1408600,,,,,,
append,333,3106200,,,,,,
encode,333,2800,,,,,,
data_write,333,47300,,,,,,
data_sync,333,1554800,,,,,,
marker_write,333,34700,,,,,,
marker_sync,333,1465200,,,,,,
append,334,3335900,,,,,,
encode,334,3200,,,,,,
data_write,334,42500,,,,,,
data_sync,334,1470700,,,,,,
marker_write,334,33400,,,,,,
marker_sync,334,1784700,,,,,,
append,335,3130999,,,,,,
encode,335,2900,,,,,,
data_write,335,46600,,,,,,
data_sync,335,1530199,,,,,,
marker_write,335,35500,,,,,,
marker_sync,335,1514300,,,,,,
append,336,3027700,,,,,,
encode,336,3200,,,,,,
data_write,336,47100,,,,,,
data_sync,336,1437900,,,,,,
marker_write,336,35100,,,,,,
marker_sync,336,1502600,,,,,,
append,337,3009700,,,,,,
encode,337,3300,,,,,,
data_write,337,42600,,,,,,
data_sync,337,1497000,,,,,,
marker_write,337,36500,,,,,,
marker_sync,337,1428800,,,,,,
append,338,2877100,,,,,,
encode,338,2900,,,,,,
data_write,338,41400,,,,,,
data_sync,338,1402400,,,,,,
marker_write,338,34800,,,,,,
marker_sync,338,1394300,,,,,,
append,339,2896500,,,,,,
encode,339,3200,,,,,,
data_write,339,39500,,,,,,
data_sync,339,1373100,,,,,,
marker_write,339,30100,,,,,,
marker_sync,339,1449000,,,,,,
append,340,2802299,,,,,,
encode,340,3200,,,,,,
data_write,340,43000,,,,,,
data_sync,340,1373900,,,,,,
marker_write,340,34400,,,,,,
marker_sync,340,1346299,,,,,,
append,341,2883300,,,,,,
encode,341,2800,,,,,,
data_write,341,38500,,,,,,
data_sync,341,1354100,,,,,,
marker_write,341,30100,,,,,,
marker_sync,341,1455800,,,,,,
append,342,3415600,,,,,,
encode,342,3100,,,,,,
data_write,342,43400,,,,,,
data_sync,342,1718000,,,,,,
marker_write,342,44400,,,,,,
marker_sync,342,1604200,,,,,,
append,343,4035300,,,,,,
encode,343,4500,,,,,,
data_write,343,51900,,,,,,
data_sync,343,1859400,,,,,,
marker_write,343,61400,,,,,,
marker_sync,343,2054500,,,,,,
append,344,3231600,,,,,,
encode,344,5900,,,,,,
data_write,344,77400,,,,,,
data_sync,344,1592300,,,,,,
marker_write,344,41400,,,,,,
marker_sync,344,1511600,,,,,,
append,345,3060500,,,,,,
encode,345,3100,,,,,,
data_write,345,41000,,,,,,
data_sync,345,1464900,,,,,,
marker_write,345,36800,,,,,,
marker_sync,345,1512900,,,,,,
append,346,3283199,,,,,,
encode,346,2900,,,,,,
data_write,346,40900,,,,,,
data_sync,346,1487999,,,,,,
marker_write,346,31800,,,,,,
marker_sync,346,1717500,,,,,,
append,347,3477900,,,,,,
encode,347,4100,,,,,,
data_write,347,71300,,,,,,
data_sync,347,1696600,,,,,,
marker_write,347,40100,,,,,,
marker_sync,347,1664000,,,,,,
append,348,3307000,,,,,,
encode,348,3500,,,,,,
data_write,348,50200,,,,,,
data_sync,348,1672600,,,,,,
marker_write,348,35200,,,,,,
marker_sync,348,1543600,,,,,,
append,349,3269300,,,,,,
encode,349,3700,,,,,,
data_write,349,45200,,,,,,
data_sync,349,1574500,,,,,,
marker_write,349,45100,,,,,,
marker_sync,349,1598700,,,,,,
append,350,3246800,,,,,,
encode,350,4100,,,,,,
data_write,350,43700,,,,,,
data_sync,350,1527900,,,,,,
marker_write,350,35200,,,,,,
marker_sync,350,1634300,,,,,,
append,351,3573599,,,,,,
encode,351,2800,,,,,,
data_write,351,39400,,,,,,
data_sync,351,1639799,,,,,,
marker_write,351,33400,,,,,,
marker_sync,351,1855100,,,,,,
append,352,3133000,,,,,,
encode,352,3800,,,,,,
data_write,352,56100,,,,,,
data_sync,352,1578500,,,,,,
marker_write,352,35900,,,,,,
marker_sync,352,1456900,,,,,,
append,353,2845200,,,,,,
encode,353,2900,,,,,,
data_write,353,51300,,,,,,
data_sync,353,1406900,,,,,,
marker_write,353,33000,,,,,,
marker_sync,353,1349900,,,,,,
append,354,2754100,,,,,,
encode,354,2500,,,,,,
data_write,354,35800,,,,,,
data_sync,354,1343000,,,,,,
marker_write,354,27900,,,,,,
marker_sync,354,1344100,,,,,,
append,355,2798400,,,,,,
encode,355,1700,,,,,,
data_write,355,34800,,,,,,
data_sync,355,1390700,,,,,,
marker_write,355,28300,,,,,,
marker_sync,355,1341500,,,,,,
append,356,3203899,,,,,,
encode,356,2600,,,,,,
data_write,356,38700,,,,,,
data_sync,356,1439000,,,,,,
marker_write,356,32800,,,,,,
marker_sync,356,1688599,,,,,,
append,357,3204400,,,,,,
encode,357,5100,,,,,,
data_write,357,62300,,,,,,
data_sync,357,1670900,,,,,,
marker_write,357,48800,,,,,,
marker_sync,357,1414300,,,,,,
append,358,2912300,,,,,,
encode,358,5000,,,,,,
data_write,358,52600,,,,,,
data_sync,358,1424000,,,,,,
marker_write,358,37000,,,,,,
marker_sync,358,1392000,,,,,,
append,359,2878100,,,,,,
encode,359,3900,,,,,,
data_write,359,41300,,,,,,
data_sync,359,1405200,,,,,,
marker_write,359,33700,,,,,,
marker_sync,359,1392800,,,,,,
append,360,2934500,,,,,,
encode,360,2500,,,,,,
data_write,360,47600,,,,,,
data_sync,360,1449700,,,,,,
marker_write,360,34300,,,,,,
marker_sync,360,1399200,,,,,,
append,361,3189400,,,,,,
encode,361,2600,,,,,,
data_write,361,41000,,,,,,
data_sync,361,1523900,,,,,,
marker_write,361,34000,,,,,,
marker_sync,361,1586100,,,,,,
append,362,3036799,,,,,,
encode,362,4000,,,,,,
data_write,362,48300,,,,,,
data_sync,362,1522900,,,,,,
marker_write,362,35900,,,,,,
marker_sync,362,1423899,,,,,,
append,363,2816900,,,,,,
encode,363,3900,,,,,,
data_write,363,40400,,,,,,
data_sync,363,1372900,,,,,,
marker_write,363,30800,,,,,,
marker_sync,363,1367700,,,,,,
append,364,2805100,,,,,,
encode,364,2600,,,,,,
data_write,364,40800,,,,,,
data_sync,364,1375100,,,,,,
marker_write,364,31700,,,,,,
marker_sync,364,1353700,,,,,,
append,365,2789100,,,,,,
encode,365,2600,,,,,,
data_write,365,35600,,,,,,
data_sync,365,1365200,,,,,,
marker_write,365,34400,,,,,,
marker_sync,365,1350400,,,,,,
append,366,2830200,,,,,,
encode,366,2200,,,,,,
data_write,366,37100,,,,,,
data_sync,366,1355600,,,,,,
marker_write,366,33300,,,,,,
marker_sync,366,1400700,,,,,,
append,367,2880000,,,,,,
encode,367,2300,,,,,,
data_write,367,41200,,,,,,
data_sync,367,1357400,,,,,,
marker_write,367,32300,,,,,,
marker_sync,367,1444800,,,,,,
append,368,2958899,,,,,,
encode,368,2600,,,,,,
data_write,368,41800,,,,,,
data_sync,368,1443900,,,,,,
marker_write,368,34400,,,,,,
marker_sync,368,1434899,,,,,,
append,369,2891500,,,,,,
encode,369,2700,,,,,,
data_write,369,41300,,,,,,
data_sync,369,1415200,,,,,,
marker_write,369,32600,,,,,,
marker_sync,369,1398800,,,,,,
append,370,2860200,,,,,,
encode,370,2300,,,,,,
data_write,370,64400,,,,,,
data_sync,370,1378000,,,,,,
marker_write,370,28000,,,,,,
marker_sync,370,1386300,,,,,,
append,371,2969400,,,,,,
encode,371,2100,,,,,,
data_write,371,40200,,,,,,
data_sync,371,1435900,,,,,,
marker_write,371,33200,,,,,,
marker_sync,371,1456500,,,,,,
append,372,2929000,,,,,,
encode,372,3000,,,,,,
data_write,372,37800,,,,,,
data_sync,372,1413100,,,,,,
marker_write,372,33300,,,,,,
marker_sync,372,1440500,,,,,,
append,373,3260500,,,,,,
encode,373,2800,,,,,,
data_write,373,39100,,,,,,
data_sync,373,1447200,,,,,,
marker_write,373,54700,,,,,,
marker_sync,373,1715100,,,,,,
append,374,2960499,,,,,,
encode,374,2600,,,,,,
data_write,374,40500,,,,,,
data_sync,374,1434499,,,,,,
marker_write,374,32300,,,,,,
marker_sync,374,1448900,,,,,,
append,375,2778900,,,,,,
encode,375,3500,,,,,,
data_write,375,44600,,,,,,
data_sync,375,1368500,,,,,,
marker_write,375,34500,,,,,,
marker_sync,375,1326500,,,,,,
append,376,2742000,,,,,,
encode,376,2900,,,,,,
data_write,376,38700,,,,,,
data_sync,376,1328000,,,,,,
marker_write,376,33400,,,,,,
marker_sync,376,1337800,,,,,,
append,377,2744600,,,,,,
encode,377,2100,,,,,,
data_write,377,37300,,,,,,
data_sync,377,1329400,,,,,,
marker_write,377,30900,,,,,,
marker_sync,377,1343700,,,,,,
append,378,2868000,,,,,,
encode,378,2300,,,,,,
data_write,378,40400,,,,,,
data_sync,378,1348600,,,,,,
marker_write,378,33100,,,,,,
marker_sync,378,1442500,,,,,,
append,379,3316700,,,,,,
encode,379,2700,,,,,,
data_write,379,46200,,,,,,
data_sync,379,1543200,,,,,,
marker_write,379,46900,,,,,,
marker_sync,379,1674800,,,,,,
append,380,3089899,,,,,,
encode,380,3500,,,,,,
data_write,380,47400,,,,,,
data_sync,380,1524199,,,,,,
marker_write,380,36400,,,,,,
marker_sync,380,1476900,,,,,,
append,381,2867100,,,,,,
encode,381,3000,,,,,,
data_write,381,50400,,,,,,
data_sync,381,1379100,,,,,,
marker_write,381,34100,,,,,,
marker_sync,381,1399200,,,,,,
append,382,2737000,,,,,,
encode,382,2600,,,,,,
data_write,382,40300,,,,,,
data_sync,382,1344300,,,,,,
marker_write,382,31600,,,,,,
marker_sync,382,1317000,,,,,,
append,383,2751300,,,,,,
encode,383,2300,,,,,,
data_write,383,37400,,,,,,
data_sync,383,1328900,,,,,,
marker_write,383,32100,,,,,,
marker_sync,383,1349300,,,,,,
append,384,2784900,,,,,,
encode,384,2900,,,,,,
data_write,384,40600,,,,,,
data_sync,384,1385800,,,,,,
marker_write,384,30500,,,,,,
marker_sync,384,1324100,,,,,,
append,385,2793700,,,,,,
encode,385,2000,,,,,,
data_write,385,35500,,,,,,
data_sync,385,1308800,,,,,,
marker_write,385,29300,,,,,,
marker_sync,385,1416600,,,,,,
append,386,2796899,,,,,,
encode,386,2700,,,,,,
data_write,386,43400,,,,,,
data_sync,386,1329799,,,,,,
marker_write,386,33700,,,,,,
marker_sync,386,1385600,,,,,,
append,387,2861900,,,,,,
encode,387,2700,,,,,,
data_write,387,45100,,,,,,
data_sync,387,1421200,,,,,,
marker_write,387,33300,,,,,,
marker_sync,387,1358100,,,,,,
append,388,2892600,,,,,,
encode,388,3100,,,,,,
data_write,388,44400,,,,,,
data_sync,388,1434600,,,,,,
marker_write,388,30200,,,,,,
marker_sync,388,1378800,,,,,,
append,389,2859700,,,,,,
encode,389,2600,,,,,,
data_write,389,40500,,,,,,
data_sync,389,1334000,,,,,,
marker_write,389,32800,,,,,,
marker_sync,389,1448400,,,,,,
append,390,3104200,,,,,,
encode,390,2800,,,,,,
data_write,390,38300,,,,,,
data_sync,390,1452100,,,,,,
marker_write,390,30900,,,,,,
marker_sync,390,1578800,,,,,,
append,391,3044700,,,,,,
encode,391,2400,,,,,,
data_write,391,36700,,,,,,
data_sync,391,1468900,,,,,,
marker_write,391,33400,,,,,,
marker_sync,391,1501500,,,,,,
append,392,3112799,,,,,,
encode,392,3000,,,,,,
data_write,392,40500,,,,,,
data_sync,392,1476699,,,,,,
marker_write,392,35700,,,,,,
marker_sync,392,1555100,,,,,,
append,393,3169800,,,,,,
encode,393,3200,,,,,,
data_write,393,41300,,,,,,
data_sync,393,1704100,,,,,,
marker_write,393,32200,,,,,,
marker_sync,393,1386800,,,,,,
append,394,2989400,,,,,,
encode,394,2700,,,,,,
data_write,394,41500,,,,,,
data_sync,394,1485900,,,,,,
marker_write,394,33400,,,,,,
marker_sync,394,1423400,,,,,,
append,395,3326800,,,,,,
encode,395,3300,,,,,,
data_write,395,43700,,,,,,
data_sync,395,1705400,,,,,,
marker_write,395,31900,,,,,,
marker_sync,395,1540700,,,,,,
append,396,2812300,,,,,,
encode,396,2800,,,,,,
data_write,396,40700,,,,,,
data_sync,396,1341300,,,,,,
marker_write,396,31500,,,,,,
marker_sync,396,1394300,,,,,,
append,397,2813899,,,,,,
encode,397,3200,,,,,,
data_write,397,39900,,,,,,
data_sync,397,1401900,,,,,,
marker_write,397,32000,,,,,,
marker_sync,397,1335899,,,,,,
append,398,2740700,,,,,,
encode,398,2400,,,,,,
data_write,398,67800,,,,,,
data_sync,398,1327100,,,,,,
marker_write,398,31100,,,,,,
marker_sync,398,1311000,,,,,,
append,399,2698900,,,,,,
encode,399,2000,,,,,,
data_write,399,37500,,,,,,
data_sync,399,1321000,,,,,,
marker_write,399,30900,,,,,,
marker_sync,399,1306400,,,,,,
append,400,2669200,,,,,,
encode,400,2200,,,,,,
data_write,400,35900,,,,,,
data_sync,400,1299300,,,,,,
marker_write,400,29500,,,,,,
marker_sync,400,1300800,,,,,,
append,401,2686100,,,,,,
encode,401,2600,,,,,,
data_write,401,40200,,,,,,
data_sync,401,1374300,,,,,,
marker_write,401,32900,,,,,,
marker_sync,401,1235100,,,,,,
append,402,2591800,,,,,,
encode,402,2900,,,,,,
data_write,402,37900,,,,,,
data_sync,402,1239600,,,,,,
marker_write,402,31200,,,,,,
marker_sync,402,1278500,,,,,,
append,403,2707600,,,,,,
encode,403,3600,,,,,,
data_write,403,42000,,,,,,
data_sync,403,1260100,,,,,,
marker_write,403,34500,,,,,,
marker_sync,403,1365600,,,,,,
append,404,2570599,,,,,,
encode,404,2700,,,,,,
data_write,404,40700,,,,,,
data_sync,404,1252899,,,,,,
marker_write,404,31300,,,,,,
marker_sync,404,1241800,,,,,,
append,405,2678600,,,,,,
encode,405,2300,,,,,,
data_write,405,41200,,,,,,
data_sync,405,1229200,,,,,,
marker_write,405,31200,,,,,,
marker_sync,405,1373400,,,,,,
append,406,2987100,,,,,,
encode,406,2300,,,,,,
data_write,406,40600,,,,,,
data_sync,406,1332800,,,,,,
marker_write,406,33100,,,,,,
marker_sync,406,1576300,,,,,,
append,407,3212500,,,,,,
encode,407,2800,,,,,,
data_write,407,40600,,,,,,
data_sync,407,1572000,,,,,,
marker_write,407,33100,,,,,,
marker_sync,407,1562500,,,,,,
append,408,3034800,,,,,,
encode,408,3100,,,,,,
data_write,408,37700,,,,,,
data_sync,408,1494800,,,,,,
marker_write,408,33700,,,,,,
marker_sync,408,1463600,,,,,,
append,409,2980700,,,,,,
encode,409,2700,,,,,,
data_write,409,39600,,,,,,
data_sync,409,1317600,,,,,,
marker_write,409,30200,,,,,,
marker_sync,409,1589000,,,,,,
append,410,2950999,,,,,,
encode,410,3200,,,,,,
data_write,410,44600,,,,,,
data_sync,410,1454199,,,,,,
marker_write,410,32300,,,,,,
marker_sync,410,1415200,,,,,,
append,411,2931600,,,,,,
encode,411,2900,,,,,,
data_write,411,38200,,,,,,
data_sync,411,1434900,,,,,,
marker_write,411,32100,,,,,,
marker_sync,411,1422000,,,,,,
append,412,2888300,,,,,,
encode,412,3100,,,,,,
data_write,412,40100,,,,,,
data_sync,412,1390400,,,,,,
marker_write,412,31600,,,,,,
marker_sync,412,1421600,,,,,,
append,413,2858600,,,,,,
encode,413,3000,,,,,,
data_write,413,37700,,,,,,
data_sync,413,1369500,,,,,,
marker_write,413,32100,,,,,,
marker_sync,413,1415200,,,,,,
append,414,3127100,,,,,,
encode,414,2400,,,,,,
data_write,414,38400,,,,,,
data_sync,414,1380600,,,,,,
marker_write,414,40900,,,,,,
marker_sync,414,1663000,,,,,,
append,415,3210599,,,,,,
encode,415,3700,,,,,,
data_write,415,42800,,,,,,
data_sync,415,1461800,,,,,,
marker_write,415,45800,,,,,,
marker_sync,415,1653699,,,,,,
append,416,3426900,,,,,,
encode,416,5300,,,,,,
data_write,416,76900,,,,,,
data_sync,416,1789000,,,,,,
marker_write,416,47200,,,,,,
marker_sync,416,1505100,,,,,,
append,417,3362800,,,,,,
encode,417,6800,,,,,,
data_write,417,62000,,,,,,
data_sync,417,1598600,,,,,,
marker_write,417,38200,,,,,,
marker_sync,417,1655000,,,,,,
append,418,2967200,,,,,,
encode,418,4300,,,,,,
data_write,418,42200,,,,,,
data_sync,418,1420700,,,,,,
marker_write,418,30400,,,,,,
marker_sync,418,1467900,,,,,,
append,419,3038100,,,,,,
encode,419,3200,,,,,,
data_write,419,40800,,,,,,
data_sync,419,1417700,,,,,,
marker_write,419,33200,,,,,,
marker_sync,419,1541400,,,,,,
append,420,3217500,,,,,,
encode,420,3000,,,,,,
data_write,420,39900,,,,,,
data_sync,420,1720300,,,,,,
marker_write,420,38600,,,,,,
marker_sync,420,1413600,,,,,,
append,421,2857399,,,,,,
encode,421,3400,,,,,,
data_write,421,42600,,,,,,
data_sync,421,1369099,,,,,,
marker_write,421,32300,,,,,,
marker_sync,421,1407700,,,,,,
append,422,3434000,,,,,,
encode,422,4000,,,,,,
data_write,422,60400,,,,,,
data_sync,422,1742300,,,,,,
marker_write,422,44800,,,,,,
marker_sync,422,1580700,,,,,,
append,423,3025300,,,,,,
encode,423,3300,,,,,,
data_write,423,43700,,,,,,
data_sync,423,1523800,,,,,,
marker_write,423,37100,,,,,,
marker_sync,423,1415700,,,,,,
append,424,2777700,,,,,,
encode,424,3700,,,,,,
data_write,424,40100,,,,,,
data_sync,424,1360200,,,,,,
marker_write,424,30900,,,,,,
marker_sync,424,1341500,,,,,,
append,425,3060700,,,,,,
encode,425,2900,,,,,,
data_write,425,35000,,,,,,
data_sync,425,1530200,,,,,,
marker_write,425,37400,,,,,,
marker_sync,425,1453600,,,,,,
append,426,7713799,,,,,,
encode,426,3500,,,,,,
data_write,426,39800,,,,,,
data_sync,426,6098699,,,,,,
marker_write,426,41500,,,,,,
marker_sync,426,1528100,,,,,,
append,427,3007700,,,,,,
encode,427,3800,,,,,,
data_write,427,48200,,,,,,
data_sync,427,1477200,,,,,,
marker_write,427,36800,,,,,,
marker_sync,427,1439800,,,,,,
append,428,2726600,,,,,,
encode,428,4000,,,,,,
data_write,428,38400,,,,,,
data_sync,428,1313500,,,,,,
marker_write,428,29600,,,,,,
marker_sync,428,1339200,,,,,,
append,429,2834400,,,,,,
encode,429,2700,,,,,,
data_write,429,37700,,,,,,
data_sync,429,1433300,,,,,,
marker_write,429,33300,,,,,,
marker_sync,429,1326100,,,,,,
append,430,2842400,,,,,,
encode,430,2800,,,,,,
data_write,430,37800,,,,,,
data_sync,430,1395100,,,,,,
marker_write,430,37700,,,,,,
marker_sync,430,1367400,,,,,,
append,431,2939099,,,,,,
encode,431,3900,,,,,,
data_write,431,41200,,,,,,
data_sync,431,1400199,,,,,,
marker_write,431,39300,,,,,,
marker_sync,431,1452100,,,,,,
append,432,2765300,,,,,,
encode,432,3300,,,,,,
data_write,432,43400,,,,,,
data_sync,432,1339600,,,,,,
marker_write,432,33700,,,,,,
marker_sync,432,1344200,,,,,,
append,433,2807100,,,,,,
encode,433,2400,,,,,,
data_write,433,42200,,,,,,
data_sync,433,1378200,,,,,,
marker_write,433,43000,,,,,,
marker_sync,433,1339700,,,,,,
append,434,2761800,,,,,,
encode,434,2700,,,,,,
data_write,434,40800,,,,,,
data_sync,434,1330100,,,,,,
marker_write,434,32000,,,,,,
marker_sync,434,1354700,,,,,,
append,435,3113000,,,,,,
encode,435,3900,,,,,,
data_write,435,54000,,,,,,
data_sync,435,1611600,,,,,,
marker_write,435,37000,,,,,,
marker_sync,435,1404300,,,,,,
append,436,3350900,,,,,,
encode,436,3900,,,,,,
data_write,436,51000,,,,,,
data_sync,436,1424000,,,,,,
marker_write,436,33200,,,,,,
marker_sync,436,1835800,,,,,,
append,437,3247699,,,,,,
encode,437,3499,,,,,,
data_write,437,48200,,,,,,
data_sync,437,1662100,,,,,,
marker_write,437,37900,,,,,,
marker_sync,437,1493900,,,,,,
append,438,2888800,,,,,,
encode,438,3400,,,,,,
data_write,438,43000,,,,,,
data_sync,438,1434000,,,,,,
marker_write,438,33300,,,,,,
marker_sync,438,1373900,,,,,,
append,439,2985400,,,,,,
encode,439,2500,,,,,,
data_write,439,41500,,,,,,
data_sync,439,1361300,,,,,,
marker_write,439,34400,,,,,,
marker_sync,439,1544400,,,,,,
append,440,2850100,,,,,,
encode,440,2900,,,,,,
data_write,440,39200,,,,,,
data_sync,440,1400100,,,,,,
marker_write,440,34600,,,,,,
marker_sync,440,1371900,,,,,,
append,441,2937000,,,,,,
encode,441,3100,,,,,,
data_write,441,38200,,,,,,
data_sync,441,1362000,,,,,,
marker_write,441,30900,,,,,,
marker_sync,441,1501000,,,,,,
append,442,3455099,,,,,,
encode,442,3100,,,,,,
data_write,442,45400,,,,,,
data_sync,442,1613900,,,,,,
marker_write,442,46200,,,,,,
marker_sync,442,1744499,,,,,,
append,443,3452600,,,,,,
encode,443,3500,,,,,,
data_write,443,93300,,,,,,
data_sync,443,1922900,,,,,,
marker_write,443,64300,,,,,,
marker_sync,443,1366900,,,,,,
append,444,3021300,,,,,,
encode,444,3700,,,,,,
data_write,444,40100,,,,,,
data_sync,444,1430500,,,,,,
marker_write,444,43800,,,,,,
marker_sync,444,1501400,,,,,,
append,445,2864300,,,,,,
encode,445,3700,,,,,,
data_write,445,37300,,,,,,
data_sync,445,1397600,,,,,,
marker_write,445,30600,,,,,,
marker_sync,445,1393500,,,,,,
append,446,3113800,,,,,,
encode,446,3400,,,,,,
data_write,446,38500,,,,,,
data_sync,446,1427000,,,,,,
marker_write,446,37400,,,,,,
marker_sync,446,1604700,,,,,,
append,447,3175200,,,,,,
encode,447,5000,,,,,,
data_write,447,53600,,,,,,
data_sync,447,1575400,,,,,,
marker_write,447,39600,,,,,,
marker_sync,447,1499400,,,,,,
append,448,3123599,,,,,,
encode,448,3200,,,,,,
data_write,448,41400,,,,,,
data_sync,448,1522099,,,,,,
marker_write,448,32600,,,,,,
marker_sync,448,1523000,,,,,,
append,449,3042300,,,,,,
encode,449,1600,,,,,,
data_write,449,37800,,,,,,
data_sync,449,1448400,,,,,,
marker_write,449,31800,,,,,,
marker_sync,449,1520600,,,,,,
append,450,3068600,,,,,,
encode,450,2800,,,,,,
data_write,450,42400,,,,,,
data_sync,450,1491100,,,,,,
marker_write,450,32000,,,,,,
marker_sync,450,1498900,,,,,,
append,451,3464300,,,,,,
encode,451,2900,,,,,,
data_write,451,37500,,,,,,
data_sync,451,1704400,,,,,,
marker_write,451,44400,,,,,,
marker_sync,451,1673000,,,,,,
append,452,3795800,,,,,,
encode,452,4200,,,,,,
data_write,452,45100,,,,,,
data_sync,452,1805400,,,,,,
marker_write,452,46700,,,,,,
marker_sync,452,1891900,,,,,,
append,453,3286699,,,,,,
encode,453,4500,,,,,,
data_write,453,51300,,,,,,
data_sync,453,1598499,,,,,,
marker_write,453,40100,,,,,,
marker_sync,453,1590300,,,,,,
append,454,3085900,,,,,,
encode,454,4300,,,,,,
data_write,454,45600,,,,,,
data_sync,454,1487900,,,,,,
marker_write,454,36600,,,,,,
marker_sync,454,1509300,,,,,,
append,455,3054700,,,,,,
encode,455,3200,,,,,,
data_write,455,43400,,,,,,
data_sync,455,1470900,,,,,,
marker_write,455,33900,,,,,,
marker_sync,455,1501400,,,,,,
append,456,3295800,,,,,,
encode,456,3200,,,,,,
data_write,456,38500,,,,,,
data_sync,456,1526700,,,,,,
marker_write,456,48900,,,,,,
marker_sync,456,1676700,,,,,,
append,457,3022600,,,,,,
encode,457,3700,,,,,,
data_write,457,41300,,,,,,
data_sync,457,1506000,,,,,,
marker_write,457,33400,,,,,,
marker_sync,457,1436500,,,,,,
append,458,2901299,,,,,,
encode,458,3300,,,,,,
data_write,458,41800,,,,,,
data_sync,458,1400300,,,,,,
marker_write,458,32100,,,,,,
marker_sync,458,1422299,,,,,,
append,459,2984500,,,,,,
encode,459,2900,,,,,,
data_write,459,40300,,,,,,
data_sync,459,1491400,,,,,,
marker_write,459,31700,,,,,,
marker_sync,459,1416800,,,,,,
append,460,3034200,,,,,,
encode,460,3200,,,,,,
data_write,460,41200,,,,,,
data_sync,460,1464700,,,,,,
marker_write,460,33200,,,,,,
marker_sync,460,1490500,,,,,,
append,461,3358200,,,,,,
encode,461,4100,,,,,,
data_write,461,41500,,,,,,
data_sync,461,1465300,,,,,,
marker_write,461,34600,,,,,,
marker_sync,461,1811000,,,,,,
append,462,3262400,,,,,,
encode,462,3700,,,,,,
data_write,462,48400,,,,,,
data_sync,462,1575100,,,,,,
marker_write,462,34500,,,,,,
marker_sync,462,1598600,,,,,,
append,463,3227400,,,,,,
encode,463,4700,,,,,,
data_write,463,54000,,,,,,
data_sync,463,1526200,,,,,,
marker_write,463,40200,,,,,,
marker_sync,463,1600800,,,,,,
append,464,2938199,,,,,,
encode,464,3700,,,,,,
data_write,464,42700,,,,,,
data_sync,464,1451699,,,,,,
marker_write,464,32700,,,,,,
marker_sync,464,1405800,,,,,,
append,465,3035900,,,,,,
encode,465,2900,,,,,,
data_write,465,38800,,,,,,
data_sync,465,1426500,,,,,,
marker_write,465,35200,,,,,,
marker_sync,465,1530600,,,,,,
append,466,2920600,,,,,,
encode,466,2900,,,,,,
data_write,466,41100,,,,,,
data_sync,466,1413200,,,,,,
marker_write,466,31800,,,,,,
marker_sync,466,1429900,,,,,,
append,467,3094500,,,,,,
encode,467,4100,,,,,,
data_write,467,52000,,,,,,
data_sync,467,1510800,,,,,,
marker_write,467,34600,,,,,,
marker_sync,467,1491500,,,,,,
append,468,3025000,,,,,,
encode,468,3600,,,,,,
data_write,468,38600,,,,,,
data_sync,468,1493600,,,,,,
marker_write,468,32600,,,,,,
marker_sync,468,1454900,,,,,,
append,469,2920500,,,,,,
encode,469,3000,,,,,,
data_write,469,42700,,,,,,
data_sync,469,1425700,,,,,,
marker_write,469,32000,,,,,,
marker_sync,469,1415900,,,,,,
append,470,2913999,,,,,,
encode,470,2300,,,,,,
data_write,470,39800,,,,,,
data_sync,470,1394799,,,,,,
marker_write,470,57000,,,,,,
marker_sync,470,1418900,,,,,,
append,471,8132200,,,,,,
encode,471,2600,,,,,,
data_write,471,45500,,,,,,
data_sync,471,1757400,,,,,,
marker_write,471,30400,,,,,,
marker_sync,471,6294400,,,,,,
append,472,3116600,,,,,,
encode,472,4000,,,,,,
data_write,472,51900,,,,,,
data_sync,472,1554600,,,,,,
marker_write,472,34200,,,,,,
marker_sync,472,1470300,,,,,,
append,473,2940000,,,,,,
encode,473,2800,,,,,,
data_write,473,40800,,,,,,
data_sync,473,1444200,,,,,,
marker_write,473,34200,,,,,,
marker_sync,473,1416200,,,,,,
append,474,3215699,,,,,,
encode,474,3500,,,,,,
data_write,474,39200,,,,,,
data_sync,474,1469199,,,,,,
marker_write,474,42000,,,,,,
marker_sync,474,1660100,,,,,,
append,475,3369400,,,,,,
encode,475,3800,,,,,,
data_write,475,41900,,,,,,
data_sync,475,1744500,,,,,,
marker_write,475,36000,,,,,,
marker_sync,475,1540900,,,,,,
append,476,3039500,,,,,,
encode,476,3400,,,,,,
data_write,476,45400,,,,,,
data_sync,476,1487500,,,,,,
marker_write,476,39600,,,,,,
marker_sync,476,1462000,,,,,,
append,477,2842700,,,,,,
encode,477,3600,,,,,,
data_write,477,41000,,,,,,
data_sync,477,1384100,,,,,,
marker_write,477,34700,,,,,,
marker_sync,477,1377600,,,,,,
append,478,2768100,,,,,,
encode,478,3400,,,,,,
data_write,478,40700,,,,,,
data_sync,478,1357200,,,,,,
marker_write,478,33400,,,,,,
marker_sync,478,1332300,,,,,,
append,479,2999699,,,,,,
encode,479,2800,,,,,,
data_write,479,38700,,,,,,
data_sync,479,1541900,,,,,,
marker_write,479,32300,,,,,,
marker_sync,479,1382499,,,,,,
append,480,2828700,,,,,,
encode,480,3400,,,,,,
data_write,480,41200,,,,,,
data_sync,480,1359200,,,,,,
marker_write,480,33900,,,,,,
marker_sync,480,1389700,,,,,,
append,481,2999900,,,,,,
encode,481,3700,,,,,,
data_write,481,47900,,,,,,
data_sync,481,1400800,,,,,,
marker_write,481,32100,,,,,,
marker_sync,481,1513700,,,,,,
append,482,3039200,,,,,,
encode,482,3800,,,,,,
data_write,482,41400,,,,,,
data_sync,482,1447800,,,,,,
marker_write,482,44200,,,,,,
marker_sync,482,1500200,,,,,,
append,483,3652400,,,,,,
encode,483,3800,,,,,,
data_write,483,46800,,,,,,
data_sync,483,1754800,,,,,,
marker_write,483,68400,,,,,,
marker_sync,483,1776100,,,,,,
append,484,3327900,,,,,,
encode,484,4700,,,,,,
data_write,484,62900,,,,,,
data_sync,484,1574000,,,,,,
marker_write,484,49800,,,,,,
marker_sync,484,1634200,,,,,,
append,485,2956799,,,,,,
encode,485,4200,,,,,,
data_write,485,46200,,,,,,
data_sync,485,1414199,,,,,,
marker_write,485,30600,,,,,,
marker_sync,485,1459900,,,,,,
append,486,3080500,,,,,,
encode,486,3300,,,,,,
data_write,486,40400,,,,,,
data_sync,486,1496100,,,,,,
marker_write,486,41200,,,,,,
marker_sync,486,1497500,,,,,,
append,487,3570700,,,,,,
encode,487,5200,,,,,,
data_write,487,53000,,,,,,
data_sync,487,1728400,,,,,,
marker_write,487,58400,,,,,,
marker_sync,487,1722900,,,,,,
append,488,3639400,,,,,,
encode,488,5600,,,,,,
data_write,488,46800,,,,,,
data_sync,488,1650900,,,,,,
marker_write,488,55100,,,,,,
marker_sync,488,1878300,,,,,,
append,489,3074000,,,,,,
encode,489,4700,,,,,,
data_write,489,53600,,,,,,
data_sync,489,1513300,,,,,,
marker_write,489,36100,,,,,,
marker_sync,489,1464500,,,,,,
append,490,3038599,,,,,,
encode,490,3500,,,,,,
data_write,490,43200,,,,,,
data_sync,490,1408399,,,,,,
marker_write,490,32900,,,,,,
marker_sync,490,1548700,,,,,,
append,491,3028400,,,,,,
encode,491,3900,,,,,,
data_write,491,47600,,,,,,
data_sync,491,1542300,,,,,,
marker_write,491,35900,,,,,,
marker_sync,491,1396900,,,,,,
append,492,2880100,,,,,,
encode,492,3400,,,,,,
data_write,492,40700,,,,,,
data_sync,492,1430600,,,,,,
marker_write,492,37800,,,,,,
marker_sync,492,1366100,,,,,,
append,493,2846100,,,,,,
encode,493,3600,,,,,,
data_write,493,42700,,,,,,
data_sync,493,1382000,,,,,,
marker_write,493,34500,,,,,,
marker_sync,493,1381800,,,,,,
append,494,2747800,,,,,,
encode,494,3200,,,,,,
data_write,494,37700,,,,,,
data_sync,494,1333100,,,,,,
marker_write,494,29100,,,,,,
marker_sync,494,1343600,,,,,,
append,495,2770300,,,,,,
encode,495,2600,,,,,,
data_write,495,38800,,,,,,
data_sync,495,1316000,,,,,,
marker_write,495,31900,,,,,,
marker_sync,495,1379400,,,,,,
append,496,3491899,,,,,,
encode,496,3200,,,,,,
data_write,496,48900,,,,,,
data_sync,496,1719399,,,,,,
marker_write,496,46700,,,,,,
marker_sync,496,1671500,,,,,,
append,497,3352500,,,,,,
encode,497,3800,,,,,,
data_write,497,46000,,,,,,
data_sync,497,1647500,,,,,,
marker_write,497,39400,,,,,,
marker_sync,497,1613600,,,,,,
append,498,3262400,,,,,,
encode,498,3300,,,,,,
data_write,498,45400,,,,,,
data_sync,498,1595000,,,,,,
marker_write,498,35900,,,,,,
marker_sync,498,1580500,,,,,,
append,499,3370000,,,,,,
encode,499,3400,,,,,,
data_write,499,53100,,,,,,
data_sync,499,1740700,,,,,,
marker_write,499,37000,,,,,,
marker_sync,499,1533900,,,,,,
append,500,3090400,,,,,,
encode,500,4300,,,,,,
data_write,500,46400,,,,,,
data_sync,500,1459400,,,,,,
marker_write,500,34300,,,,,,
marker_sync,500,1544300,,,,,,
append,501,2975399,,,,,,
encode,501,3700,,,,,,
data_write,501,59300,,,,,,
data_sync,501,1512200,,,,,,
marker_write,501,33800,,,,,,
marker_sync,501,1364799,,,,,,
append,502,2861100,,,,,,
encode,502,3500,,,,,,
data_write,502,36700,,,,,,
data_sync,502,1355000,,,,,,
marker_write,502,32000,,,,,,
marker_sync,502,1432100,,,,,,
append,503,2954600,,,,,,
encode,503,3000,,,,,,
data_write,503,40800,,,,,,
data_sync,503,1476000,,,,,,
marker_write,503,36800,,,,,,
marker_sync,503,1396100,,,,,,
append,504,2755300,,,,,,
encode,504,3700,,,,,,
data_write,504,40800,,,,,,
data_sync,504,1369100,,,,,,
marker_write,504,29900,,,,,,
marker_sync,504,1310600,,,,,,
append,505,2798900,,,,,,
encode,505,2300,,,,,,
data_write,505,35000,,,,,,
data_sync,505,1363700,,,,,,
marker_write,505,30400,,,,,,
marker_sync,505,1365400,,,,,,
append,506,3201600,,,,,,
encode,506,4700,,,,,,
data_write,506,49700,,,,,,
data_sync,506,1551600,,,,,,
marker_write,506,44400,,,,,,
marker_sync,506,1549200,,,,,,
append,507,3180399,,,,,,
encode,507,4500,,,,,,
data_write,507,54400,,,,,,
data_sync,507,1539499,,,,,,
marker_write,507,42400,,,,,,
marker_sync,507,1537200,,,,,,
append,508,2957300,,,,,,
encode,508,3200,,,,,,
data_write,508,43200,,,,,,
data_sync,508,1420000,,,,,,
marker_write,508,30500,,,,,,
marker_sync,508,1458600,,,,,,
append,509,3021800,,,,,,
encode,509,2900,,,,,,
data_write,509,40600,,,,,,
data_sync,509,1443500,,,,,,
marker_write,509,32600,,,,,,
marker_sync,509,1500500,,,,,,
append,510,2933400,,,,,,
encode,510,2800,,,,,,
data_write,510,38500,,,,,,
data_sync,510,1451000,,,,,,
marker_write,510,31300,,,,,,
marker_sync,510,1408500,,,,,,
append,511,3191200,,,,,,
encode,511,2100,,,,,,
data_write,511,37200,,,,,,
data_sync,511,1504600,,,,,,
marker_write,511,37500,,,,,,
marker_sync,511,1608400,,,,,,
append,512,2813900,,,,,,
encode,512,3300,,,,,,
data_write,512,40300,,,,,,
data_sync,512,1367300,,,,,,
marker_write,512,34700,,,,,,
marker_sync,512,1366800,,,,,,
append,513,2839499,,,,,,
encode,513,2800,,,,,,
data_write,513,41400,,,,,,
data_sync,513,1395599,,,,,,
marker_write,513,34800,,,,,,
marker_sync,513,1363500,,,,,,
append,514,3141300,,,,,,
encode,514,2700,,,,,,
data_write,514,41700,,,,,,
data_sync,514,1486600,,,,,,
marker_write,514,47800,,,,,,
marker_sync,514,1560800,,,,,,
append,515,2855600,,,,,,
encode,515,3700,,,,,,
data_write,515,45900,,,,,,
data_sync,515,1387400,,,,,,
marker_write,515,34600,,,,,,
marker_sync,515,1382300,,,,,,
append,516,2925000,,,,,,
encode,516,3100,,,,,,
data_write,516,39200,,,,,,
data_sync,516,1430800,,,,,,
marker_write,516,36100,,,,,,
marker_sync,516,1413400,,,,,,
append,517,2981900,,,,,,
encode,517,3100,,,,,,
data_write,517,43900,,,,,,
data_sync,517,1387000,,,,,,
marker_write,517,33800,,,,,,
marker_sync,517,1512500,,,,,,
append,518,2999299,,,,,,
encode,518,2800,,,,,,
data_write,518,39300,,,,,,
data_sync,518,1393200,,,,,,
marker_write,518,31800,,,,,,
marker_sync,518,1530199,,,,,,
append,519,2917300,,,,,,
encode,519,3700,,,,,,
data_write,519,46200,,,,,,
data_sync,519,1414900,,,,,,
marker_write,519,33800,,,,,,
marker_sync,519,1417200,,,,,,
append,520,2992000,,,,,,
encode,520,3400,,,,,,
data_write,520,45100,,,,,,
data_sync,520,1524100,,,,,,
marker_write,520,32000,,,,,,
marker_sync,520,1386000,,,,,,
append,521,3182500,,,,,,
encode,521,3100,,,,,,
data_write,521,39800,,,,,,
data_sync,521,1384900,,,,,,
marker_write,521,32800,,,,,,
marker_sync,521,1720000,,,,,,
append,522,3364600,,,,,,
encode,522,4600,,,,,,
data_write,522,53000,,,,,,
data_sync,522,1672100,,,,,,
marker_write,522,44900,,,,,,
marker_sync,522,1587600,,,,,,
append,523,3175100,,,,,,
encode,523,4800,,,,,,
data_write,523,51900,,,,,,
data_sync,523,1505100,,,,,,
marker_write,523,39500,,,,,,
marker_sync,523,1570900,,,,,,
append,524,3306799,,,,,,
encode,524,4600,,,,,,
data_write,524,60200,,,,,,
data_sync,524,1685199,,,,,,
marker_write,524,38500,,,,,,
marker_sync,524,1516400,,,,,,
append,525,3129200,,,,,,
encode,525,3900,,,,,,
data_write,525,41100,,,,,,
data_sync,525,1629400,,,,,,
marker_write,525,38200,,,,,,
marker_sync,525,1414700,,,,,,
append,526,3213800,,,,,,
encode,526,4000,,,,,,
data_write,526,51700,,,,,,
data_sync,526,1555400,,,,,,
marker_write,526,40000,,,,,,
marker_sync,526,1560200,,,,,,
append,527,2941600,,,,,,
encode,527,3500,,,,,,
data_write,527,42800,,,,,,
data_sync,527,1439400,,,,,,
marker_write,527,35600,,,,,,
marker_sync,527,1418600,,,,,,
append,528,2909200,,,,,,
encode,528,3000,,,,,,
data_write,528,43400,,,,,,
data_sync,528,1401700,,,,,,
marker_write,528,33600,,,,,,
marker_sync,528,1426000,,,,,,
append,529,2833000,,,,,,
encode,529,3200,,,,,,
data_write,529,40300,,,,,,
data_sync,529,1368800,,,,,,
marker_write,529,30400,,,,,,
marker_sync,529,1389100,,,,,,
append,530,2973799,,,,,,
encode,530,2600,,,,,,
data_write,530,38500,,,,,,
data_sync,530,1391999,,,,,,
marker_write,530,32200,,,,,,
marker_sync,530,1507300,,,,,,
append,531,2842600,,,,,,
encode,531,3100,,,,,,
data_write,531,40200,,,,,,
data_sync,531,1364500,,,,,,
marker_write,531,30800,,,,,,
marker_sync,531,1402900,,,,,,
append,532,3032000,,,,,,
encode,532,2600,,,,,,
data_write,532,40600,,,,,,
data_sync,532,1507700,,,,,,
marker_write,532,35800,,,,,,
marker_sync,532,1444100,,,,,,
append,533,2878800,,,,,,
encode,533,3400,,,,,,
data_write,533,40000,,,,,,
data_sync,533,1421700,,,,,,
marker_write,533,35700,,,,,,
marker_sync,533,1376600,,,,,,
append,534,2936700,,,,,,
encode,534,3300,,,,,,
data_write,534,40900,,,,,,
data_sync,534,1435500,,,,,,
marker_write,534,42800,,,,,,
marker_sync,534,1412700,,,,,,
append,535,2764699,,,,,,
encode,535,3700,,,,,,
data_write,535,41400,,,,,,
data_sync,535,1353700,,,,,,
marker_write,535,34200,,,,,,
marker_sync,535,1329899,,,,,,
append,536,2874000,,,,,,
encode,536,2900,,,,,,
data_write,536,40000,,,,,,
data_sync,536,1391200,,,,,,
marker_write,536,38900,,,,,,
marker_sync,536,1399700,,,,,,
append,537,3070800,,,,,,
encode,537,3500,,,,,,
data_write,537,39800,,,,,,
data_sync,537,1507300,,,,,,
marker_write,537,36300,,,,,,
marker_sync,537,1482300,,,,,,
append,538,3002800,,,,,,
encode,538,3500,,,,,,
data_write,538,42700,,,,,,
data_sync,538,1481500,,,,,,
marker_write,538,31900,,,,,,
marker_sync,538,1441800,,,,,,
append,539,2938500,,,,,,
encode,539,2700,,,,,,
data_write,539,41500,,,,,,
data_sync,539,1396200,,,,,,
marker_write,539,34400,,,,,,
marker_sync,539,1462400,,,,,,
append,540,2876600,,,,,,
encode,540,2900,,,,,,
data_write,540,41300,,,,,,
data_sync,540,1410100,,,,,,
marker_write,540,33000,,,,,,
marker_sync,540,1388200,,,,,,
append,541,3021399,,,,,,
encode,541,3200,,,,,,
data_write,541,39400,,,,,,
data_sync,541,1452400,,,,,,
marker_write,541,32700,,,,,,
marker_sync,541,1492199,,,,,,
append,542,3357800,,,,,,
encode,542,3500,,,,,,
data_write,542,42700,,,,,,
data_sync,542,1610100,,,,,,
marker_write,542,35200,,,,,,
marker_sync,542,1664400,,,,,,
append,543,3223000,,,,,,
encode,543,3900,,,,,,
data_write,543,41600,,,,,,
data_sync,543,1603700,,,,,,
marker_write,543,33400,,,,,,
marker_sync,543,1539000,,,,,,
append,544,3029300,,,,,,
encode,544,3300,,,,,,
data_write,544,39700,,,,,,
data_sync,544,1495200,,,,,,
marker_write,544,31600,,,,,,
marker_sync,544,1458300,,,,,,
append,545,3168100,,,,,,
encode,545,3100,,,,,,
data_write,545,39700,,,,,,
data_sync,545,1521200,,,,,,
marker_write,545,34100,,,,,,
marker_sync,545,1568300,,,,,,
append,546,3371300,,,,,,
encode,546,3000,,,,,,
data_write,546,38200,,,,,,
data_sync,546,1817500,,,,,,
marker_write,546,34000,,,,,,
marker_sync,546,1477300,,,,,,
append,547,3138299,,,,,,
encode,547,3000,,,,,,
data_write,547,37700,,,,,,
data_sync,547,1471299,,,,,,
marker_write,547,39500,,,,,,
marker_sync,547,1583600,,,,,,
append,548,3346800,,,,,,
encode,548,5200,,,,,,
data_write,548,53300,,,,,,
data_sync,548,1557600,,,,,,
marker_write,548,44600,,,,,,
marker_sync,548,1683600,,,,,,
append,549,3292800,,,,,,
encode,549,4400,,,,,,
data_write,549,57700,,,,,,
data_sync,549,1575400,,,,,,
marker_write,549,40800,,,,,,
marker_sync,549,1612400,,,,,,
append,550,3000500,,,,,,
encode,550,3400,,,,,,
data_write,550,45900,,,,,,
data_sync,550,1505000,,,,,,
marker_write,550,38200,,,,,,
marker_sync,550,1406000,,,,,,
append,551,2901700,,,,,,
encode,551,4100,,,,,,
data_write,551,43500,,,,,,
data_sync,551,1432000,,,,,,
marker_write,551,34800,,,,,,
marker_sync,551,1385800,,,,,,
append,552,3055999,,,,,,
encode,552,2800,,,,,,
data_write,552,38300,,,,,,
data_sync,552,1379100,,,,,,
marker_write,552,32600,,,,,,
marker_sync,552,1600999,,,,,,
append,553,3308900,,,,,,
encode,553,4900,,,,,,
data_write,553,62200,,,,,,
data_sync,553,1511000,,,,,,
marker_write,553,46700,,,,,,
marker_sync,553,1680900,,,,,,
append,554,3587900,,,,,,
encode,554,6300,,,,,,
data_write,554,79700,,,,,,
data_sync,554,1882200,,,,,,
marker_write,554,44000,,,,,,
marker_sync,554,1572400,,,,,,
append,555,3122500,,,,,,
encode,555,5600,,,,,,
data_write,555,59400,,,,,,
data_sync,555,1572500,,,,,,
marker_write,555,39300,,,,,,
marker_sync,555,1443900,,,,,,
append,556,3394900,,,,,,
encode,556,4000,,,,,,
data_write,556,43700,,,,,,
data_sync,556,1743900,,,,,,
marker_write,556,50400,,,,,,
marker_sync,556,1550600,,,,,,
append,557,3077699,,,,,,
encode,557,5000,,,,,,
data_write,557,54100,,,,,,
data_sync,557,1496900,,,,,,
marker_write,557,39600,,,,,,
marker_sync,557,1479499,,,,,,
append,558,2911900,,,,,,
encode,558,4300,,,,,,
data_write,558,49900,,,,,,
data_sync,558,1403400,,,,,,
marker_write,558,39200,,,,,,
marker_sync,558,1413400,,,,,,
append,559,2818900,,,,,,
encode,559,3300,,,,,,
data_write,559,43900,,,,,,
data_sync,559,1383100,,,,,,
marker_write,559,34300,,,,,,
marker_sync,559,1352200,,,,,,
append,560,3051000,,,,,,
encode,560,3800,,,,,,
data_write,560,40300,,,,,,
data_sync,560,1437500,,,,,,
marker_write,560,36400,,,,,,
marker_sync,560,1531300,,,,,,
append,561,2777400,,,,,,
encode,561,2800,,,,,,
data_write,561,42200,,,,,,
data_sync,561,1356200,,,,,,
marker_write,561,33200,,,,,,
marker_sync,561,1341500,,,,,,
append,562,2924800,,,,,,
encode,562,2700,,,,,,
data_write,562,37100,,,,,,
data_sync,562,1316100,,,,,,
marker_write,562,33300,,,,,,
marker_sync,562,1533800,,,,,,
append,563,3207699,,,,,,
encode,563,3500,,,,,,
data_write,563,46700,,,,,,
data_sync,563,1582200,,,,,,
marker_write,563,46000,,,,,,
marker_sync,563,1527299,,,,,,
append,564,2768700,,,,,,
encode,564,3800,,,,,,
data_write,564,47100,,,,,,
data_sync,564,1371700,,,,,,
marker_write,564,37000,,,,,,
marker_sync,564,1307500,,,,,,
append,565,2760700,,,,,,
encode,565,2800,,,,,,
data_write,565,40700,,,,,,
data_sync,565,1356600,,,,,,
marker_write,565,38000,,,,,,
marker_sync,565,1320900,,,,,,
append,566,2702200,,,,,,
encode,566,2800,,,,,,
data_write,566,41500,,,,,,
data_sync,566,1326800,,,,,,
marker_write,566,35400,,,,,,
marker_sync,566,1293900,,,,,,
append,567,2674800,,,,,,
encode,567,2700,,,,,,
data_write,567,67300,,,,,,
data_sync,567,1295900,,,,,,
marker_write,567,32000,,,,,,
marker_sync,567,1274800,,,,,,
append,568,3259000,,,,,,
encode,568,2900,,,,,,
data_write,568,36000,,,,,,
data_sync,568,1466000,,,,,,
marker_write,568,43300,,,,,,
marker_sync,568,1708600,,,,,,
append,569,2753299,,,,,,
encode,569,3900,,,,,,
data_write,569,46500,,,,,,
data_sync,569,1389700,,,,,,
marker_write,569,40100,,,,,,
marker_sync,569,1271699,,,,,,
append,570,2611700,,,,,,
encode,570,3000,,,,,,
data_write,570,38900,,,,,,
data_sync,570,1264600,,,,,,
marker_write,570,28600,,,,,,
marker_sync,570,1275200,,,,,,
append,571,2596100,,,,,,
encode,571,1700,,,,,,
data_write,571,34800,,,,,,
data_sync,571,1271800,,,,,,
marker_write,571,29400,,,,,,
marker_sync,571,1257500,,,,,,
append,572,2572100,,,,,,
encode,572,1700,,,,,,
data_write,572,35100,,,,,,
data_sync,572,1255300,,,,,,
marker_write,572,29700,,,,,,
marker_sync,572,1249500,,,,,,
append,573,2650500,,,,,,
encode,573,2200,,,,,,
data_write,573,36000,,,,,,
data_sync,573,1214300,,,,,,
marker_write,573,28700,,,,,,
marker_sync,573,1368200,,,,,,
append,574,2781300,,,,,,
encode,574,2200,,,,,,
data_write,574,35700,,,,,,
data_sync,574,1438600,,,,,,
marker_write,574,36500,,,,,,
marker_sync,574,1266800,,,,,,
append,575,2802800,,,,,,
encode,575,3500,,,,,,
data_write,575,37100,,,,,,
data_sync,575,1375500,,,,,,
marker_write,575,34000,,,,,,
marker_sync,575,1351300,,,,,,
append,576,2630099,,,,,,
encode,576,4000,,,,,,
data_write,576,42400,,,,,,
data_sync,576,1274499,,,,,,
marker_write,576,32400,,,,,,
marker_sync,576,1275200,,,,,,
append,577,2571200,,,,,,
encode,577,2800,,,,,,
data_write,577,38400,,,,,,
data_sync,577,1248300,,,,,,
marker_write,577,30100,,,,,,
marker_sync,577,1250400,,,,,,
append,578,2634300,,,,,,
encode,578,2400,,,,,,
data_write,578,36300,,,,,,
data_sync,578,1277900,,,,,,
marker_write,578,29200,,,,,,
marker_sync,578,1286200,,,,,,
append,579,2648800,,,,,,
encode,579,3000,,,,,,
data_write,579,42000,,,,,,
data_sync,579,1259700,,,,,,
marker_write,579,33300,,,,,,
marker_sync,579,1309200,,,,,,
append,580,3158100,,,,,,
encode,580,3600,,,,,,
data_write,580,45600,,,,,,
data_sync,580,1642400,,,,,,
marker_write,580,40200,,,,,,
marker_sync,580,1423800,,,,,,
append,581,2852300,,,,,,
encode,581,3600,,,,,,
data_write,581,42900,,,,,,
data_sync,581,1448900,,,,,,
marker_write,581,32400,,,,,,
marker_sync,581,1322500,,,,,,
append,582,2751699,,,,,,
encode,582,4000,,,,,,
data_write,582,50800,,,,,,
data_sync,582,1328999,,,,,,
marker_write,582,36400,,,,,,
marker_sync,582,1329200,,,,,,
append,583,2726800,,,,,,
encode,583,3200,,,,,,
data_write,583,46100,,,,,,
data_sync,583,1378500,,,,,,
marker_write,583,34800,,,,,,
marker_sync,583,1262700,,,,,,
append,584,2604000,,,,,,
encode,584,3600,,,,,,
data_write,584,37400,,,,,,
data_sync,584,1251600,,,,,,
marker_write,584,29300,,,,,,
marker_sync,584,1281100,,,,,,
append,585,2859700,,,,,,
encode,585,2500,,,,,,
data_write,585,42200,,,,,,
data_sync,585,1300700,,,,,,
marker_write,585,34900,,,,,,
marker_sync,585,1476900,,,,,,
append,586,3197200,,,,,,
encode,586,5300,,,,,,
data_write,586,60000,,,,,,
data_sync,586,1568300,,,,,,
marker_write,586,52100,,,,,,
marker_sync,586,1509500,,,,,,
append,587,2896100,,,,,,
encode,587,3500,,,,,,
data_write,587,44200,,,,,,
data_sync,587,1452900,,,,,,
marker_write,587,36700,,,,,,
marker_sync,587,1357200,,,,,,
append,588,2824299,,,,,,
encode,588,3200,,,,,,
data_write,588,40200,,,,,,
data_sync,588,1338299,,,,,,
marker_write,588,31800,,,,,,
marker_sync,588,1409700,,,,,,
append,589,2922300,,,,,,
encode,589,2500,,,,,,
data_write,589,40000,,,,,,
data_sync,589,1435500,,,,,,
marker_write,589,44300,,,,,,
marker_sync,589,1397900,,,,,,
append,590,2913700,,,,,,
encode,590,4500,,,,,,
data_write,590,67300,,,,,,
data_sync,590,1373600,,,,,,
marker_write,590,42100,,,,,,
marker_sync,590,1423200,,,,,,
append,591,3129900,,,,,,
encode,591,4800,,,,,,
data_write,591,54400,,,,,,
data_sync,591,1634700,,,,,,
marker_write,591,45000,,,,,,
marker_sync,591,1387500,,,,,,
append,592,2875600,,,,,,
encode,592,4700,,,,,,
data_write,592,51200,,,,,,
data_sync,592,1364200,,,,,,
marker_write,592,43400,,,,,,
marker_sync,592,1410700,,,,,,
append,593,2829000,,,,,,
encode,593,3400,,,,,,
data_write,593,40800,,,,,,
data_sync,593,1410600,,,,,,
marker_write,593,31400,,,,,,
marker_sync,593,1341100,,,,,,
append,594,2756399,,,,,,
encode,594,2600,,,,,,
data_write,594,38200,,,,,,
data_sync,594,1331899,,,,,,
marker_write,594,34000,,,,,,
marker_sync,594,1348400,,,,,,
append,595,2907600,,,,,,
encode,595,2400,,,,,,
data_write,595,38800,,,,,,
data_sync,595,1312100,,,,,,
marker_write,595,32100,,,,,,
marker_sync,595,1520500,,,,,,
append,596,2840500,,,,,,
encode,596,2800,,,,,,
data_write,596,40200,,,,,,
data_sync,596,1363800,,,,,,
marker_write,596,33500,,,,,,
marker_sync,596,1398800,,,,,,
append,597,2773300,,,,,,
encode,597,3400,,,,,,
data_write,597,41000,,,,,,
data_sync,597,1360300,,,,,,
marker_write,597,31400,,,,,,
marker_sync,597,1336100,,,,,,
append,598,2920400,,,,,,
encode,598,2300,,,,,,
data_write,598,38700,,,,,,
data_sync,598,1422500,,,,,,
marker_write,598,30300,,,,,,
marker_sync,598,1425600,,,,,,
append,599,2844500,,,,,,
encode,599,2400,,,,,,
data_write,599,38400,,,,,,
data_sync,599,1350100,,,,,,
marker_write,599,31700,,,,,,
marker_sync,599,1420500,,,,,,
append,600,2790199,,,,,,
encode,600,3100,,,,,,
data_write,600,38600,,,,,,
data_sync,600,1348499,,,,,,
marker_write,600,34300,,,,,,
marker_sync,600,1364400,,,,,,
append,601,3068000,,,,,,
encode,601,2400,,,,,,
data_write,601,37800,,,,,,
data_sync,601,1531400,,,,,,
marker_write,601,31900,,,,,,
marker_sync,601,1463000,,,,,,
append,602,3311000,,,,,,
encode,602,3400,,,,,,
data_write,602,48900,,,,,,
data_sync,602,1668500,,,,,,
marker_write,602,39300,,,,,,
marker_sync,602,1549100,,,,,,
append,603,2964900,,,,,,
encode,603,3100,,,,,,
data_write,603,45600,,,,,,
data_sync,603,1443700,,,,,,
marker_write,603,33100,,,,,,
marker_sync,603,1437700,,,,,,
append,604,2711100,,,,,,
encode,604,3000,,,,,,
data_write,604,43900,,,,,,
data_sync,604,1319500,,,,,,
marker_write,604,35500,,,,,,
marker_sync,604,1307900,,,,,,
append,605,2709400,,,,,,
encode,605,3100,,,,,,
data_write,605,42600,,,,,,
data_sync,605,1332700,,,,,,
marker_write,605,33700,,,,,,
marker_sync,605,1295900,,,,,,
append,606,2653999,,,,,,
encode,606,2500,,,,,,
data_write,606,41200,,,,,,
data_sync,606,1274899,,,,,,
marker_write,606,32900,,,,,,
marker_sync,606,1300800,,,,,,
append,607,2873800,,,,,,
encode,607,2600,,,,,,
data_write,607,42400,,,,,,
data_sync,607,1283900,,,,,,
marker_write,607,29400,,,,,,
marker_sync,607,1514400,,,,,,
append,608,2738300,,,,,,
encode,608,2500,,,,,,
data_write,608,41100,,,,,,
data_sync,608,1393200,,,,,,
marker_write,608,29300,,,,,,
marker_sync,608,1271100,,,,,,
append,609,2869100,,,,,,
encode,609,1800,,,,,,
data_write,609,40900,,,,,,
data_sync,609,1456100,,,,,,
marker_write,609,43000,,,,,,
marker_sync,609,1325500,,,,,,
append,610,2940100,,,,,,
encode,610,3000,,,,,,
data_write,610,41300,,,,,,
data_sync,610,1308600,,,,,,
marker_write,610,39600,,,,,,
marker_sync,610,1545900,,,,,,
append,611,2893300,,,,,,
encode,611,2800,,,,,,
data_write,611,43600,,,,,,
data_sync,611,1520300,,,,,,
marker_write,611,35700,,,,,,
marker_sync,611,1288900,,,,,,
append,612,2668799,,,,,,
encode,612,3100,,,,,,
data_write,612,39700,,,,,,
data_sync,612,1312099,,,,,,
marker_write,612,32200,,,,,,
marker_sync,612,1280600,,,,,,
append,613,2729100,,,,,,
encode,613,2300,,,,,,
data_write,613,38200,,,,,,
data_sync,613,1320100,,,,,,
marker_write,613,35200,,,,,,
marker_sync,613,1332100,,,,,,
append,614,2769600,,,,,,
encode,614,2500,,,,,,
data_write,614,40600,,,,,,
data_sync,614,1294000,,,,,,
marker_write,614,33500,,,,,,
marker_sync,614,1397900,,,,,,
append,615,2773700,,,,,,
encode,615,3100,,,,,,
data_write,615,38800,,,,,,
data_sync,615,1407300,,,,,,
marker_write,615,37500,,,,,,
marker_sync,615,1285300,,,,,,
append,616,2697500,,,,,,
encode,616,2900,,,,,,
data_write,616,37000,,,,,,
data_sync,616,1294500,,,,,,
marker_write,616,38200,,,,,,
marker_sync,616,1322900,,,,,,
append,617,2660000,,,,,,
encode,617,3200,,,,,,
data_write,617,41100,,,,,,
data_sync,617,1294000,,,,,,
marker_write,617,34200,,,,,,
marker_sync,617,1286100,,,,,,
append,618,2662499,,,,,,
encode,618,2300,,,,,,
data_write,618,41500,,,,,,
data_sync,618,1298100,,,,,,
marker_write,618,33600,,,,,,
marker_sync,618,1285699,,,,,,
append,619,3193200,,,,,,
encode,619,3300,,,,,,
data_write,619,41600,,,,,,
data_sync,619,1419000,,,,,,
marker_write,619,36200,,,,,,
marker_sync,619,1691700,,,,,,
append,620,3033200,,,,,,
encode,620,3400,,,,,,
data_write,620,44600,,,,,,
data_sync,620,1339900,,,,,,
marker_write,620,32700,,,,,,
marker_sync,620,1611100,,,,,,
append,621,3060100,,,,,,
encode,621,2700,,,,,,
data_write,621,43300,,,,,,
data_sync,621,1637400,,,,,,
marker_write,621,37600,,,,,,
marker_sync,621,1337300,,,,,,
append,622,2885100,,,,,,
encode,622,3200,,,,,,
data_write,622,42200,,,,,,
data_sync,622,1525900,,,,,,
marker_write,622,36400,,,,,,
marker_sync,622,1276000,,,,,,
append,623,2585200,,,,,,
encode,623,3300,,,,,,
data_write,623,40100,,,,,,
data_sync,623,1262000,,,,,,
marker_write,623,34500,,,,,,
marker_sync,623,1243500,,,,,,
append,624,2631299,,,,,,
encode,624,2900,,,,,,
data_write,624,40300,,,,,,
data_sync,624,1303099,,,,,,
marker_write,624,31900,,,,,,
marker_sync,624,1251500,,,,,,
append,625,2667300,,,,,,
encode,625,3500,,,,,,
data_write,625,39600,,,,,,
data_sync,625,1353600,,,,,,
marker_write,625,33400,,,,,,
marker_sync,625,1235700,,,,,,
append,626,2627000,,,,,,
encode,626,2700,,,,,,
data_write,626,37700,,,,,,
data_sync,626,1238500,,,,,,
marker_write,626,30000,,,,,,
marker_sync,626,1316700,,,,,,
append,627,2609000,,,,,,
encode,627,2500,,,,,,
data_write,627,36600,,,,,,
data_sync,627,1267300,,,,,,
marker_write,627,29200,,,,,,
marker_sync,627,1272300,,,,,,
append,628,3090100,,,,,,
encode,628,1900,,,,,,
data_write,628,34200,,,,,,
data_sync,628,1427700,,,,,,
marker_write,628,46600,,,,,,
marker_sync,628,1577100,,,,,,
append,629,3247800,,,,,,
encode,629,3600,,,,,,
data_write,629,48700,,,,,,
data_sync,629,1499800,,,,,,
marker_write,629,44100,,,,,,
marker_sync,629,1647700,,,,,,
append,630,3689999,,,,,,
encode,630,6500,,,,,,
data_write,630,58700,,,,,,
data_sync,630,1749699,,,,,,
marker_write,630,60800,,,,,,
marker_sync,630,1810100,,,,,,
append,631,3318500,,,,,,
encode,631,5900,,,,,,
data_write,631,67900,,,,,,
data_sync,631,1668200,,,,,,
marker_write,631,40500,,,,,,
marker_sync,631,1533500,,,,,,
append,632,2917400,,,,,,
encode,632,3600,,,,,,
data_write,632,43700,,,,,,
data_sync,632,1418200,,,,,,
marker_write,632,32800,,,,,,
marker_sync,632,1417300,,,,,,
append,633,2948800,,,,,,
encode,633,2900,,,,,,
data_write,633,38100,,,,,,
data_sync,633,1425800,,,,,,
marker_write,633,44300,,,,,,
marker_sync,633,1436100,,,,,,
append,634,2967300,,,,,,
encode,634,2900,,,,,,
data_write,634,40200,,,,,,
data_sync,634,1412700,,,,,,
marker_write,634,32400,,,,,,
marker_sync,634,1477500,,,,,,
append,635,3418499,,,,,,
encode,635,5200,,,,,,
data_write,635,50100,,,,,,
data_sync,635,1828800,,,,,,
marker_write,635,32400,,,,,,
marker_sync,635,1500599,,,,,,
append,636,2896200,,,,,,
encode,636,3300,,,,,,
data_write,636,39500,,,,,,
data_sync,636,1434300,,,,,,
marker_write,636,30200,,,,,,
marker_sync,636,1387000,,,,,,
append,637,2939900,,,,,,
encode,637,3000,,,,,,
data_write,637,48600,,,,,,
data_sync,637,1448200,,,,,,
marker_write,637,31500,,,,,,
marker_sync,637,1407100,,,,,,
append,638,2835400,,,,,,
encode,638,2400,,,,,,
data_write,638,39600,,,,,,
data_sync,638,1387800,,,,,,
marker_write,638,31700,,,,,,
marker_sync,638,1372100,,,,,,
append,639,2916500,,,,,,
encode,639,3100,,,,,,
data_write,639,35200,,,,,,
data_sync,639,1442900,,,,,,
marker_write,639,35600,,,,,,
marker_sync,639,1397500,,,,,,
append,640,2974300,,,,,,
encode,640,2800,,,,,,
data_write,640,36600,,,,,,
data_sync,640,1480100,,,,,,
marker_write,640,33400,,,,,,
marker_sync,640,1419400,,,,,,
append,641,2882199,,,,,,
encode,641,2100,,,,,,
data_write,641,36800,,,,,,
data_sync,641,1413600,,,,,,
marker_write,641,33100,,,,,,
marker_sync,641,1395299,,,,,,
append,642,2905500,,,,,,
encode,642,3000,,,,,,
data_write,642,35400,,,,,,
data_sync,642,1438400,,,,,,
marker_write,642,33500,,,,,,
marker_sync,642,1393700,,,,,,
append,643,2876100,,,,,,
encode,643,3200,,,,,,
data_write,643,39100,,,,,,
data_sync,643,1381700,,,,,,
marker_write,643,31500,,,,,,
marker_sync,643,1419200,,,,,,
append,644,2940500,,,,,,
encode,644,2400,,,,,,
data_write,644,39400,,,,,,
data_sync,644,1414500,,,,,,
marker_write,644,31300,,,,,,
marker_sync,644,1451300,,,,,,
append,645,3311800,,,,,,
encode,645,2500,,,,,,
data_write,645,39300,,,,,,
data_sync,645,1507000,,,,,,
marker_write,645,31500,,,,,,
marker_sync,645,1729500,,,,,,
append,646,2969300,,,,,,
encode,646,3500,,,,,,
data_write,646,47800,,,,,,
data_sync,646,1561400,,,,,,
marker_write,646,31700,,,,,,
marker_sync,646,1323100,,,,,,
append,647,2639999,,,,,,
encode,647,3000,,,,,,
data_write,647,37800,,,,,,
data_sync,647,1291399,,,,,,
marker_write,647,30100,,,,,,
marker_sync,647,1275900,,,,,,
append,648,2599600,,,,,,
encode,648,2500,,,,,,
data_write,648,34600,,,,,,
data_sync,648,1263100,,,,,,
marker_write,648,34700,,,,,,
marker_sync,648,1263100,,,,,,
append,649,2634700,,,,,,
encode,649,3100,,,,,,
data_write,649,39500,,,,,,
data_sync,649,1270900,,,,,,
marker_write,649,31400,,,,,,
marker_sync,649,1288300,,,,,,
append,650,2694700,,,,,,
encode,650,2400,,,,,,
data_write,650,37400,,,,,,
data_sync,650,1279600,,,,,,
marker_write,650,29400,,,,,,
marker_sync,650,1344600,,,,,,
append,651,2809000,,,,,,
encode,651,2700,,,,,,
data_write,651,43200,,,,,,
data_sync,651,1318600,,,,,,
marker_write,651,40000,,,,,,
marker_sync,651,1401800,,,,,,
append,652,2790400,,,,,,
encode,652,3500,,,,,,
data_write,652,47800,,,,,,
data_sync,652,1409000,,,,,,
marker_write,652,34500,,,,,,
marker_sync,652,1294000,,,,,,
append,653,2652699,,,,,,
encode,653,2700,,,,,,
data_write,653,40700,,,,,,
data_sync,653,1290300,,,,,,
marker_write,653,33600,,,,,,
marker_sync,653,1283999,,,,,,
append,654,2585400,,,,,,
encode,654,2500,,,,,,
data_write,654,40300,,,,,,
data_sync,654,1276000,,,,,,
marker_write,654,32500,,,,,,
marker_sync,654,1232600,,,,,,
append,655,2606800,,,,,,
encode,655,2600,,,,,,
data_write,655,37100,,,,,,
data_sync,655,1261100,,,,,,
marker_write,655,34300,,,,,,
marker_sync,655,1270500,,,,,,
append,656,2761300,,,,,,
encode,656,2600,,,,,,
data_write,656,37500,,,,,,
data_sync,656,1271300,,,,,,
marker_write,656,34500,,,,,,
marker_sync,656,1413900,,,,,,
append,657,3191800,,,,,,
encode,657,2900,,,,,,
data_write,657,42700,,,,,,
data_sync,657,1468600,,,,,,
marker_write,657,53000,,,,,,
marker_sync,657,1621600,,,,,,
append,658,3212800,,,,,,
encode,658,5700,,,,,,
data_write,658,66700,,,,,,
data_sync,658,1613300,,,,,,
marker_write,658,49300,,,,,,
marker_sync,658,1474800,,,,,,
append,659,2863699,,,,,,
encode,659,5000,,,,,,
data_write,659,56100,,,,,,
data_sync,659,1404300,,,,,,
marker_write,659,37400,,,,,,
marker_sync,659,1358899,,,,,,
append,660,2830300,,,,,,
encode,660,4100,,,,,,
data_write,660,45700,,,,,,
data_sync,660,1390800,,,,,,
marker_write,660,36200,,,,,,
marker_sync,660,1351700,,,,,,
append,661,2735700,,,,,,
encode,661,3100,,,,,,
data_write,661,43000,,,,,,
data_sync,661,1341900,,,,,,
marker_write,661,33000,,,,,,
marker_sync,661,1312900,,,,,,
append,662,2779800,,,,,,
encode,662,2900,,,,,,
data_write,662,34800,,,,,,
data_sync,662,1334600,,,,,,
marker_write,662,44500,,,,,,
marker_sync,662,1361000,,,,,,
append,663,2738800,,,,,,
encode,663,3100,,,,,,
data_write,663,45400,,,,,,
data_sync,663,1336600,,,,,,
marker_write,663,34800,,,,,,
marker_sync,663,1316500,,,,,,
append,664,2684800,,,,,,
encode,664,3500,,,,,,
data_write,664,42500,,,,,,
data_sync,664,1312000,,,,,,
marker_write,664,34200,,,,,,
marker_sync,664,1291000,,,,,,
append,665,2828800,,,,,,
encode,665,2700,,,,,,
data_write,665,46300,,,,,,
data_sync,665,1445400,,,,,,
marker_write,665,33500,,,,,,
marker_sync,665,1299400,,,,,,
append,666,2737999,,,,,,
encode,666,2300,,,,,,
data_write,666,40600,,,,,,
data_sync,666,1293599,,,,,,
marker_write,666,32700,,,,,,
marker_sync,666,1367800,,,,,,
append,667,2670100,,,,,,
encode,667,2200,,,,,,
data_write,667,38800,,,,,,
data_sync,667,1294800,,,,,,
marker_write,667,32100,,,,,,
marker_sync,667,1301100,,,,,,
append,668,2823000,,,,,,
encode,668,2200,,,,,,
data_write,668,40400,,,,,,
data_sync,668,1311500,,,,,,
marker_write,668,32400,,,,,,
marker_sync,668,1435100,,,,,,
append,669,2739700,,,,,,
encode,669,2600,,,,,,
data_write,669,43800,,,,,,
data_sync,669,1319200,,,,,,
marker_write,669,32400,,,,,,
marker_sync,669,1340400,,,,,,
append,670,2666400,,,,,,
encode,670,2700,,,,,,
data_write,670,42600,,,,,,
data_sync,670,1298500,,,,,,
marker_write,670,29300,,,,,,
marker_sync,670,1292400,,,,,,
append,671,2811400,,,,,,
encode,671,2000,,,,,,
data_write,671,35400,,,,,,
data_sync,671,1324000,,,,,,
marker_write,671,32700,,,,,,
marker_sync,671,1416000,,,,,,
append,672,2758299,,,,,,
encode,672,2700,,,,,,
data_write,672,39800,,,,,,
data_sync,672,1351999,,,,,,
marker_write,672,34100,,,,,,
marker_sync,672,1328500,,,,,,
append,673,2841300,,,,,,
encode,673,3000,,,,,,
data_write,673,40400,,,,,,
data_sync,673,1315600,,,,,,
marker_write,673,33500,,,,,,
marker_sync,673,1447400,,,,,,
append,674,3084700,,,,,,
encode,674,2800,,,,,,
data_write,674,40400,,,,,,
data_sync,674,1420900,,,,,,
marker_write,674,34400,,,,,,
marker_sync,674,1584600,,,,,,
append,675,3221000,,,,,,
encode,675,4000,,,,,,
data_write,675,46200,,,,,,
data_sync,675,1603700,,,,,,
marker_write,675,31300,,,,,,
marker_sync,675,1534300,,,,,,
append,676,2722100,,,,,,
encode,676,2700,,,,,,
data_write,676,42600,,,,,,
data_sync,676,1331900,,,,,,
marker_write,676,33300,,,,,,
marker_sync,676,1310600,,,,,,
append,677,2695400,,,,,,
encode,677,2300,,,,,,
data_write,677,34700,,,,,,
data_sync,677,1308900,,,,,,
marker_write,677,28500,,,,,,
marker_sync,677,1319700,,,,,,
append,678,2699599,,,,,,
encode,678,2800,,,,,,
data_write,678,40600,,,,,,
data_sync,678,1292199,,,,,,
marker_write,678,29900,,,,,,
marker_sync,678,1333100,,,,,,
append,679,2756500,,,,,,
encode,679,2200,,,,,,
data_write,679,36400,,,,,,
data_sync,679,1328700,,,,,,
marker_write,679,29900,,,,,,
marker_sync,679,1358200,,,,,,
append,680,2796300,,,,,,
encode,680,2100,,,,,,
data_write,680,38800,,,,,,
data_sync,680,1437900,,,,,,
marker_write,680,29800,,,,,,
marker_sync,680,1286100,,,,,,
append,681,2562200,,,,,,
encode,681,2200,,,,,,
data_write,681,37800,,,,,,
data_sync,681,1245000,,,,,,
marker_write,681,33500,,,,,,
marker_sync,681,1242700,,,,,,
append,682,2542200,,,,,,
encode,682,2000,,,,,,
data_write,682,37900,,,,,,
data_sync,682,1235800,,,,,,
marker_write,682,32500,,,,,,
marker_sync,682,1233000,,,,,,
append,683,2541800,,,,,,
encode,683,1800,,,,,,
data_write,683,38400,,,,,,
data_sync,683,1239500,,,,,,
marker_write,683,27100,,,,,,
marker_sync,683,1233800,,,,,,
append,684,2462999,,,,,,
encode,684,1500,,,,,,
data_write,684,49300,,,,,,
data_sync,684,1197800,,,,,,
marker_write,684,27900,,,,,,
marker_sync,684,1185599,,,,,,
append,685,2581900,,,,,,
encode,685,2100,,,,,,
data_write,685,33300,,,,,,
data_sync,685,1188300,,,,,,
marker_write,685,26800,,,,,,
marker_sync,685,1330200,,,,,,
append,686,2872200,,,,,,
encode,686,3000,,,,,,
data_write,686,45400,,,,,,
data_sync,686,1414900,,,,,,
marker_write,686,33900,,,,,,
marker_sync,686,1373800,,,,,,
append,687,2716100,,,,,,
encode,687,3100,,,,,,
data_write,687,38000,,,,,,
data_sync,687,1326400,,,,,,
marker_write,687,33300,,,,,,
marker_sync,687,1313900,,,,,,
append,688,2738300,,,,,,
encode,688,3100,,,,,,
data_write,688,36500,,,,,,
data_sync,688,1309100,,,,,,
marker_write,688,28800,,,,,,
marker_sync,688,1359700,,,,,,
append,689,2689700,,,,,,
encode,689,2200,,,,,,
data_write,689,38200,,,,,,
data_sync,689,1324100,,,,,,
marker_write,689,28100,,,,,,
marker_sync,689,1295900,,,,,,
append,690,2690200,,,,,,
encode,690,2700,,,,,,
data_write,690,38500,,,,,,
data_sync,690,1314400,,,,,,
marker_write,690,30900,,,,,,
marker_sync,690,1302800,,,,,,
append,691,2909399,,,,,,
encode,691,2200,,,,,,
data_write,691,34900,,,,,,
data_sync,691,1368299,,,,,,
marker_write,691,31800,,,,,,
marker_sync,691,1470000,,,,,,
append,692,3183500,,,,,,
encode,692,4800,,,,,,
data_write,692,58400,,,,,,
data_sync,692,1462300,,,,,,
marker_write,692,61600,,,,,,
marker_sync,692,1594200,,,,,,
append,693,2960200,,,,,,
encode,693,4000,,,,,,
data_write,693,42400,,,,,,
data_sync,693,1528800,,,,,,
marker_write,693,33100,,,,,,
marker_sync,693,1350600,,,,,,
append,694,2714500,,,,,,
encode,694,3300,,,,,,
data_write,694,38500,,,,,,
data_sync,694,1325300,,,,,,
marker_write,694,33600,,,,,,
marker_sync,694,1312200,,,,,,
append,695,2682400,,,,,,
encode,695,2600,,,,,,
data_write,695,37400,,,,,,
data_sync,695,1302900,,,,,,
marker_write,695,31300,,,,,,
marker_sync,695,1307300,,,,,,
append,696,2744200,,,,,,
encode,696,2100,,,,,,
data_write,696,33800,,,,,,
data_sync,696,1301800,,,,,,
marker_write,696,31400,,,,,,
marker_sync,696,1373600,,,,,,
append,697,3501599,,,,,,
encode,697,2200,,,,,,
data_write,697,38000,,,,,,
data_sync,697,1776899,,,,,,
marker_write,697,54300,,,,,,
marker_sync,697,1628000,,,,,,
append,698,3077200,,,,,,
encode,698,4300,,,,,,
data_write,698,47100,,,,,,
data_sync,698,1538700,,,,,,
marker_write,698,48800,,,,,,
marker_sync,698,1436200,,,,,,
append,699,2686200,,,,,,
encode,699,4100,,,,,,
data_write,699,47200,,,,,,
data_sync,699,1301100,,,,,,
marker_write,699,30400,,,,,,
marker_sync,699,1301900,,,,,,
append,700,2656900,,,,,,
encode,700,2100,,,,,,
data_write,700,38500,,,,,,
data_sync,700,1280200,,,,,,
marker_write,700,29000,,,,,,
marker_sync,700,1305900,,,,,,
append,701,2634400,,,,,,
encode,701,1900,,,,,,
data_write,701,34800,,,,,,
data_sync,701,1283400,,,,,,
marker_write,701,32000,,,,,,
marker_sync,701,1280700,,,,,,
append,702,2685500,,,,,,
encode,702,2400,,,,,,
data_write,702,35800,,,,,,
data_sync,702,1289000,,,,,,
marker_write,702,33500,,,,,,
marker_sync,702,1323400,,,,,,
append,703,2875299,,,,,,
encode,703,2300,,,,,,
data_write,703,41700,,,,,,
data_sync,703,1443699,,,,,,
marker_write,703,35100,,,,,,
marker_sync,703,1351300,,,,,,
append,704,2762000,,,,,,
encode,704,3000,,,,,,
data_write,704,41700,,,,,,
data_sync,704,1387900,,,,,,
marker_write,704,31700,,,,,,
marker_sync,704,1296500,,,,,,
append,705,2925300,,,,,,
encode,705,2600,,,,,,
data_write,705,40400,,,,,,
data_sync,705,1360200,,,,,,
marker_write,705,32500,,,,,,
marker_sync,705,1485900,,,,,,
append,706,2980200,,,,,,
encode,706,7300,,,,,,
data_write,706,85400,,,,,,
data_sync,706,1401900,,,,,,
marker_write,706,49800,,,,,,
marker_sync,706,1433300,,,,,,
append,707,2795200,,,,,,
encode,707,3900,,,,,,
data_write,707,50300,,,,,,
data_sync,707,1360100,,,,,,
marker_write,707,33400,,,,,,
marker_sync,707,1345200,,,,,,
append,708,3033000,,,,,,
encode,708,3700,,,,,,
data_write,708,56000,,,,,,
data_sync,708,1454300,,,,,,
marker_write,708,36800,,,,,,
marker_sync,708,1479700,,,,,,
append,709,2890599,,,,,,
encode,709,4599,,,,,,
data_write,709,45000,,,,,,
data_sync,709,1416900,,,,,,
marker_write,709,41400,,,,,,
marker_sync,709,1380000,,,,,,
append,710,3123700,,,,,,
encode,710,3400,,,,,,
data_write,710,39100,,,,,,
data_sync,710,1655400,,,,,,
marker_write,710,36200,,,,,,
marker_sync,710,1387900,,,,,,
append,711,2896100,,,,,,
encode,711,2900,,,,,,
data_write,711,41300,,,,,,
data_sync,711,1413000,,,,,,
marker_write,711,42600,,,,,,
marker_sync,711,1394500,,,,,,
append,712,3236400,,,,,,
encode,712,4100,,,,,,
data_write,712,44900,,,,,,
data_sync,712,1392200,,,,,,
marker_write,712,44500,,,,,,
marker_sync,712,1748200,,,,,,
append,713,3472000,,,,,,
encode,713,4300,,,,,,
data_write,713,54400,,,,,,
data_sync,713,1738500,,,,,,
marker_write,713,73500,,,,,,
marker_sync,713,1598800,,,,,,
append,714,3252899,,,,,,
encode,714,4200,,,,,,
data_write,714,49500,,,,,,
data_sync,714,1614299,,,,,,
marker_write,714,34600,,,,,,
marker_sync,714,1547700,,,,,,
append,715,2963800,,,,,,
encode,715,2900,,,,,,
data_write,715,43300,,,,,,
data_sync,715,1414500,,,,,,
marker_write,715,45800,,,,,,
marker_sync,715,1454900,,,,,,
append,716,2959700,,,,,,
encode,716,3900,,,,,,
data_write,716,50100,,,,,,
data_sync,716,1426800,,,,,,
marker_write,716,43400,,,,,,
marker_sync,716,1433400,,,,,,
append,717,3206800,,,,,,
encode,717,3900,,,,,,
data_write,717,51000,,,,,,
data_sync,717,1634500,,,,,,
marker_write,717,41100,,,,,,
marker_sync,717,1473800,,,,,,
append,718,2967300,,,,,,
encode,718,4100,,,,,,
data_write,718,48600,,,,,,
data_sync,718,1466400,,,,,,
marker_write,718,37300,,,,,,
marker_sync,718,1409400,,,,,,
append,719,2904700,,,,,,
encode,719,3300,,,,,,
data_write,719,40900,,,,,,
data_sync,719,1391700,,,,,,
marker_write,719,34600,,,,,,
marker_sync,719,1432500,,,,,,
append,720,3091099,,,,,,
encode,720,4300,,,,,,
data_write,720,59900,,,,,,
data_sync,720,1555299,,,,,,
marker_write,720,41300,,,,,,
marker_sync,720,1428500,,,,,,
append,721,3008700,,,,,,
encode,721,4500,,,,,,
data_write,721,51400,,,,,,
data_sync,721,1448200,,,,,,
marker_write,721,42600,,,,,,
marker_sync,721,1459900,,,,,,
append,722,3129700,,,,,,
encode,722,3700,,,,,,
data_write,722,45300,,,,,,
data_sync,722,1515000,,,,,,
marker_write,722,34100,,,,,,
marker_sync,722,1529600,,,,,,
append,723,3317700,,,,,,
encode,723,4400,,,,,,
data_write,723,47800,,,,,,
data_sync,723,1581400,,,,,,
marker_write,723,44500,,,,,,
marker_sync,723,1637700,,,,,,
append,724,3221000,,,,,,
encode,724,3800,,,,,,
data_write,724,47700,,,,,,
data_sync,724,1574300,,,,,,
marker_write,724,39900,,,,,,
marker_sync,724,1552800,,,,,,
append,725,2991099,,,,,,
encode,725,3100,,,,,,
data_write,725,43900,,,,,,
data_sync,725,1466500,,,,,,
marker_write,725,34900,,,,,,
marker_sync,725,1441099,,,,,,
append,726,3335400,,,,,,
encode,726,4300,,,,,,
data_write,726,47100,,,,,,
data_sync,726,1619400,,,,,,
marker_write,726,33800,,,,,,
marker_sync,726,1629200,,,,,,
append,727,3206000,,,,,,
encode,727,3300,,,,,,
data_write,727,43400,,,,,,
data_sync,727,1567400,,,,,,
marker_write,727,36500,,,,,,
marker_sync,727,1553500,,,,,,
append,728,3004900,,,,,,
encode,728,2700,,,,,,
data_write,728,42700,,,,,,
data_sync,728,1480200,,,,,,
marker_write,728,39400,,,,,,
marker_sync,728,1438000,,,,,,
append,729,2975400,,,,,,
encode,729,3300,,,,,,
data_write,729,42400,,,,,,
data_sync,729,1449800,,,,,,
marker_write,729,36500,,,,,,
marker_sync,729,1441800,,,,,,
append,730,3168200,,,,,,
encode,730,2900,,,,,,
data_write,730,40700,,,,,,
data_sync,730,1543500,,,,,,
marker_write,730,44800,,,,,,
marker_sync,730,1534900,,,,,,
append,731,3178699,,,,,,
encode,731,3100,,,,,,
data_write,731,40900,,,,,,
data_sync,731,1549599,,,,,,
marker_write,731,42800,,,,,,
marker_sync,731,1541000,,,,,,
append,732,3111200,,,,,,
encode,732,2800,,,,,,
data_write,732,40900,,,,,,
data_sync,732,1549500,,,,,,
marker_write,732,42900,,,,,,
marker_sync,732,1473600,,,,,,
append,733,3195700,,,,,,
encode,733,2700,,,,,,
data_write,733,44500,,,,,,
data_sync,733,1550800,,,,,,
marker_write,733,40800,,,,,,
marker_sync,733,1555200,,,,,,
append,734,3273100,,,,,,
encode,734,4600,,,,,,
data_write,734,49800,,,,,,
data_sync,734,1522000,,,,,,
marker_write,734,38500,,,,,,
marker_sync,734,1656100,,,,,,
append,735,3105500,,,,,,
encode,735,4100,,,,,,
data_write,735,88300,,,,,,
data_sync,735,1501500,,,,,,
marker_write,735,40200,,,,,,
marker_sync,735,1469600,,,,,,
append,736,3347599,,,,,,
encode,736,3200,,,,,,
data_write,736,43900,,,,,,
data_sync,736,1398000,,,,,,
marker_write,736,123900,,,,,,
marker_sync,736,1775799,,,,,,
append,737,3367000,,,,,,
encode,737,3600,,,,,,
data_write,737,47700,,,,,,
data_sync,737,1486400,,,,,,
marker_write,737,83500,,,,,,
marker_sync,737,1743300,,,,,,
append,738,3742900,,,,,,
encode,738,4600,,,,,,
data_write,738,49300,,,,,,
data_sync,738,1865100,,,,,,
marker_write,738,42100,,,,,,
marker_sync,738,1779500,,,,,,
append,739,3121500,,,,,,
encode,739,5100,,,,,,
data_write,739,50600,,,,,,
data_sync,739,1530400,,,,,,
marker_write,739,36700,,,,,,
marker_sync,739,1496500,,,,,,
append,740,3071500,,,,,,
encode,740,3500,,,,,,
data_write,740,49100,,,,,,
data_sync,740,1474300,,,,,,
marker_write,740,41700,,,,,,
marker_sync,740,1500200,,,,,,
append,741,3216199,,,,,,
encode,741,3400,,,,,,
data_write,741,56200,,,,,,
data_sync,741,1476500,,,,,,
marker_write,741,35600,,,,,,
marker_sync,741,1641999,,,,,,
append,742,3022600,,,,,,
encode,742,3200,,,,,,
data_write,742,43300,,,,,,
data_sync,742,1509100,,,,,,
marker_write,742,34500,,,,,,
marker_sync,742,1431200,,,,,,
append,743,3332300,,,,,,
encode,743,2600,,,,,,
data_write,743,42300,,,,,,
data_sync,743,1627400,,,,,,
marker_write,743,33500,,,,,,
marker_sync,743,1624600,,,,,,
append,744,2916800,,,,,,
encode,744,3000,,,,,,
data_write,744,40000,,,,,,
data_sync,744,1428500,,,,,,
marker_write,744,33600,,,,,,
marker_sync,744,1410400,,,,,,
append,745,2906900,,,,,,
encode,745,2400,,,,,,
data_write,745,41600,,,,,,
data_sync,745,1416800,,,,,,
marker_write,745,34000,,,,,,
marker_sync,745,1411000,,,,,,
append,746,2906700,,,,,,
encode,746,2400,,,,,,
data_write,746,41400,,,,,,
data_sync,746,1409400,,,,,,
marker_write,746,33100,,,,,,
marker_sync,746,1419400,,,,,,
append,747,3056499,,,,,,
encode,747,2100,,,,,,
data_write,747,40700,,,,,,
data_sync,747,1467499,,,,,,
marker_write,747,34200,,,,,,
marker_sync,747,1510600,,,,,,
append,748,3175100,,,,,,
encode,748,2400,,,,,,
data_write,748,49600,,,,,,
data_sync,748,1490700,,,,,,
marker_write,748,41600,,,,,,
marker_sync,748,1588500,,,,,,
append,749,3056000,,,,,,
encode,749,3200,,,,,,
data_write,749,68300,,,,,,
data_sync,749,1488900,,,,,,
marker_write,749,42700,,,,,,
marker_sync,749,1450400,,,,,,
append,750,2913800,,,,,,
encode,750,5000,,,,,,
data_write,750,50200,,,,,,
data_sync,750,1369700,,,,,,
marker_write,750,36600,,,,,,
marker_sync,750,1450500,,,,,,
append,751,2779400,,,,,,
encode,751,3300,,,,,,
data_write,751,45400,,,,,,
data_sync,751,1360900,,,,,,
marker_write,751,35200,,,,,,
marker_sync,751,1333000,,,,,,
append,752,3058300,,,,,,
encode,752,2700,,,,,,
data_write,752,41600,,,,,,
data_sync,752,1462100,,,,,,
marker_write,752,34500,,,,,,
marker_sync,752,1516000,,,,,,
append,753,2821199,,,,,,
encode,753,2600,,,,,,
data_write,753,45300,,,,,,
data_sync,753,1390699,,,,,,
marker_write,753,34400,,,,,,
marker_sync,753,1346800,,,,,,
append,754,2909900,,,,,,
encode,754,3900,,,,,,
data_write,754,43500,,,,,,
data_sync,754,1460700,,,,,,
marker_write,754,37100,,,,,,
marker_sync,754,1362900,,,,,,
append,755,2781200,,,,,,
encode,755,3100,,,,,,
data_write,755,44000,,,,,,
data_sync,755,1344100,,,,,,
marker_write,755,36400,,,,,,
marker_sync,755,1352000,,,,,,
append,756,2806200,,,,,,
encode,756,3400,,,,,,
data_write,756,41500,,,,,,
data_sync,756,1378400,,,,,,
marker_write,756,35900,,,,,,
marker_sync,756,1345300,,,,,,
append,757,2942300,,,,,,
encode,757,2800,,,,,,
data_write,757,43700,,,,,,
data_sync,757,1397300,,,,,,
marker_write,757,36200,,,,,,
marker_sync,757,1460600,,,,,,
append,758,2986500,,,,,,
encode,758,2900,,,,,,
data_write,758,44100,,,,,,
data_sync,758,1374300,,,,,,
marker_write,758,35100,,,,,,
marker_sync,758,1528900,,,,,,
append,759,3233399,,,,,,
encode,759,3400,,,,,,
data_write,759,45100,,,,,,
data_sync,759,1436199,,,,,,
marker_write,759,43300,,,,,,
marker_sync,759,1703700,,,,,,
append,760,2951600,,,,,,
encode,760,3200,,,,,,
data_write,760,44100,,,,,,
data_sync,760,1453000,,,,,,
marker_write,760,32400,,,,,,
marker_sync,760,1417200,,,,,,
append,761,2955600,,,,,,
encode,761,2800,,,,,,
data_write,761,41000,,,,,,
data_sync,761,1453700,,,,,,
marker_write,761,34300,,,,,,
marker_sync,761,1422500,,,,,,
append,762,3026000,,,,,,
encode,762,2900,,,,,,
data_write,762,38300,,,,,,
data_sync,762,1407700,,,,,,
marker_write,762,33400,,,,,,
marker_sync,762,1542400,,,,,,
append,763,3125000,,,,,,
encode,763,2500,,,,,,
data_write,763,40900,,,,,,
data_sync,763,1502200,,,,,,
marker_write,763,36600,,,,,,
marker_sync,763,1541500,,,,,,
append,764,3133999,,,,,,
encode,764,3500,,,,,,
data_write,764,41000,,,,,,
data_sync,764,1512000,,,,,,
marker_write,764,43100,,,,,,
marker_sync,764,1531899,,,,,,
append,765,3163100,,,,,,
encode,765,4200,,,,,,
data_write,765,54900,,,,,,
data_sync,765,1582400,,,,,,
marker_write,765,34800,,,,,,
marker_sync,765,1485000,,,,,,
append,766,3212600,,,,,,
encode,766,3000,,,,,,
data_write,766,41300,,,,,,
data_sync,766,1493300,,,,,,
marker_write,766,43400,,,,,,
marker_sync,766,1629700,,,,,,
append,767,2976700,,,,,,
encode,767,4000,,,,,,
data_write,767,51900,,,,,,
data_sync,767,1432000,,,,,,
marker_write,767,36800,,,,,,
marker_sync,767,1450300,,,,,,
append,768,3231900,,,,,,
encode,768,3100,,,,,,
data_write,768,42700,,,,,,
data_sync,768,1604200,,,,,,
marker_write,768,30200,,,,,,
marker_sync,768,1550000,,,,,,
append,769,2980000,,,,,,
encode,769,2100,,,,,,
data_write,769,44100,,,,,,
data_sync,769,1411300,,,,,,
marker_write,769,35000,,,,,,
marker_sync,769,1486300,,,,,,
append,770,2763599,,,,,,
encode,770,2800,,,,,,
data_write,770,40500,,,,,,
data_sync,770,1352799,,,,,,
marker_write,770,35200,,,,,,
marker_sync,770,1331000,,,,,,
append,771,2702300,,,,,,
encode,771,2800,,,,,,
data_write,771,39400,,,,,,
data_sync,771,1308500,,,,,,
marker_write,771,29700,,,,,,
marker_sync,771,1320400,,,,,,
append,772,2580500,,,,,,
encode,772,1700,,,,,,
data_write,772,35100,,,,,,
data_sync,772,1268300,,,,,,
marker_write,772,29300,,,,,,
marker_sync,772,1244800,,,,,,
append,773,2872600,,,,,,
encode,773,3100,,,,,,
data_write,773,42200,,,,,,
data_sync,773,1386300,,,,,,
marker_write,773,34000,,,,,,
marker_sync,773,1405700,,,,,,
append,774,2820900,,,,,,
encode,774,2600,,,,,,
data_write,774,40400,,,,,,
data_sync,774,1394300,,,,,,
marker_write,774,33800,,,,,,
marker_sync,774,1348700,,,,,,
append,775,3256900,,,,,,
encode,775,2200,,,,,,
data_write,775,38900,,,,,,
data_sync,775,1445800,,,,,,
marker_write,775,56800,,,,,,
marker_sync,775,1711300,,,,,,
append,776,3334399,,,,,,
encode,776,5000,,,,,,
data_write,776,60800,,,,,,
data_sync,776,1537399,,,,,,
marker_write,776,46300,,,,,,
marker_sync,776,1681300,,,,,,
append,777,3535000,,,,,,
encode,777,7600,,,,,,
data_write,777,70900,,,,,,
data_sync,777,1738600,,,,,,
marker_write,777,65000,,,,,,
marker_sync,777,1649700,,,,,,
append,778,3114400,,,,,,
encode,778,5800,,,,,,
data_write,778,64000,,,,,,
data_sync,778,1556800,,,,,,
marker_write,778,41300,,,,,,
marker_sync,778,1444600,,,,,,
append,779,2979900,,,,,,
encode,779,3900,,,,,,
data_write,779,43900,,,,,,
data_sync,779,1454400,,,,,,
marker_write,779,36000,,,,,,
marker_sync,779,1440000,,,,,,
append,780,3229700,,,,,,
encode,780,2900,,,,,,
data_write,780,42100,,,,,,
data_sync,780,1614700,,,,,,
marker_write,780,48900,,,,,,
marker_sync,780,1519000,,,,,,
append,781,3157099,,,,,,
encode,781,4300,,,,,,
data_write,781,53300,,,,,,
data_sync,781,1501099,,,,,,
marker_write,781,37600,,,,,,
marker_sync,781,1558300,,,,,,
append,782,3103800,,,,,,
encode,782,4500,,,,,,
data_write,782,53800,,,,,,
data_sync,782,1446000,,,,,,
marker_write,782,33800,,,,,,
marker_sync,782,1562600,,,,,,
append,783,2884400,,,,,,
encode,783,3100,,,,,,
data_write,783,40600,,,,,,
data_sync,783,1407000,,,,,,
marker_write,783,48000,,,,,,
marker_sync,783,1384300,,,,,,
append,784,2886400,,,,,,
encode,784,2500,,,,,,
data_write,784,39700,,,,,,
data_sync,784,1368300,,,,,,
marker_write,784,29800,,,,,,
marker_sync,784,1444800,,,,,,
append,785,2964000,,,,,,
encode,785,2400,,,,,,
data_write,785,39700,,,,,,
data_sync,785,1442100,,,,,,
marker_write,785,39300,,,,,,
marker_sync,785,1439100,,,,,,
append,786,3014000,,,,,,
encode,786,2300,,,,,,
data_write,786,40200,,,,,,
data_sync,786,1486800,,,,,,
marker_write,786,35100,,,,,,
marker_sync,786,1447700,,,,,,
append,787,3142199,,,,,,
encode,787,2900,,,,,,
data_write,787,47200,,,,,,
data_sync,787,1569899,,,,,,
marker_write,787,34300,,,,,,
marker_sync,787,1486600,,,,,,
append,788,3367900,,,,,,
encode,788,2600,,,,,,
data_write,788,41600,,,,,,
data_sync,788,1648100,,,,,,
marker_write,788,36700,,,,,,
marker_sync,788,1637300,,,,,,
append,789,3249200,,,,,,
encode,789,2800,,,,,,
data_write,789,39800,,,,,,
data_sync,789,1667000,,,,,,
marker_write,789,33700,,,,,,
marker_sync,789,1504600,,,,,,
append,790,2999100,,,,,,
encode,790,2600,,,,,,
data_write,790,41000,,,,,,
data_sync,790,1424300,,,,,,
marker_write,790,47200,,,,,,
marker_sync,790,1481600,,,,,,
append,791,3595900,,,,,,
encode,791,4300,,,,,,
data_write,791,45300,,,,,,
data_sync,791,1770400,,,,,,
marker_write,791,39500,,,,,,
marker_sync,791,1734700,,,,,,
append,792,2996599,,,,,,
encode,792,3000,,,,,,
data_write,792,44000,,,,,,
data_sync,792,1485699,,,,,,
marker_write,792,33100,,,,,,
marker_sync,792,1428600,,,,,,
append,793,2900000,,,,,,
encode,793,2500,,,,,,
data_write,793,42200,,,,,,
data_sync,793,1398000,,,,,,
marker_write,793,36100,,,,,,
marker_sync,793,1419900,,,,,,
append,794,2869500,,,,,,
encode,794,2900,,,,,,
data_write,794,41000,,,,,,
data_sync,794,1395600,,,,,,
marker_write,794,33700,,,,,,
marker_sync,794,1395000,,,,,,
append,795,2925800,,,,,,
encode,795,2300,,,,,,
data_write,795,40300,,,,,,
data_sync,795,1417700,,,,,,
marker_write,795,33600,,,,,,
marker_sync,795,1430700,,,,,,
append,796,3002800,,,,,,
encode,796,2700,,,,,,
data_write,796,42800,,,,,,
data_sync,796,1425900,,,,,,
marker_write,796,35400,,,,,,
marker_sync,796,1494700,,,,,,
append,797,3050300,,,,,,
encode,797,2700,,,,,,
data_write,797,43400,,,,,,
data_sync,797,1472900,,,,,,
marker_write,797,34000,,,,,,
marker_sync,797,1495000,,,,,,
append,798,3271099,,,,,,
encode,798,4100,,,,,,
data_write,798,51800,,,,,,
data_sync,798,1698999,,,,,,
marker_write,798,41300,,,,,,
marker_sync,798,1472900,,,,,,
append,799,3062100,,,,,,
encode,799,4000,,,,,,
data_write,799,43200,,,,,,
data_sync,799,1500500,,,,,,
marker_write,799,40600,,,,,,
marker_sync,799,1471700,,,,,,
append,800,2982900,,,,,,
encode,800,3100,,,,,,
data_write,800,42900,,,,,,
data_sync,800,1438900,,,,,,
marker_write,800,41800,,,,,,
marker_sync,800,1454700,,,,,,
append,801,3007300,,,,,,
encode,801,3200,,,,,,
data_write,801,45400,,,,,,
data_sync,801,1453000,,,,,,
marker_write,801,34000,,,,,,
marker_sync,801,1469500,,,,,,
append,802,3052300,,,,,,
encode,802,4300,,,,,,
data_write,802,48300,,,,,,
data_sync,802,1535800,,,,,,
marker_write,802,44800,,,,,,
marker_sync,802,1417400,,,,,,
append,803,3070799,,,,,,
encode,803,3800,,,,,,
data_write,803,50600,,,,,,
data_sync,803,1534800,,,,,,
marker_write,803,38900,,,,,,
marker_sync,803,1440999,,,,,,
append,804,2997300,,,,,,
encode,804,3300,,,,,,
data_write,804,43500,,,,,,
data_sync,804,1464000,,,,,,
marker_write,804,43500,,,,,,
marker_sync,804,1440900,,,,,,
append,805,3085000,,,,,,
encode,805,3300,,,,,,
data_write,805,42700,,,,,,
data_sync,805,1453600,,,,,,
marker_write,805,35500,,,,,,
marker_sync,805,1548300,,,,,,
append,806,3119100,,,,,,
encode,806,3200,,,,,,
data_write,806,43700,,,,,,
data_sync,806,1563100,,,,,,
marker_write,806,33400,,,,,,
marker_sync,806,1473800,,,,,,
append,807,2998200,,,,,,
encode,807,4400,,,,,,
data_write,807,46900,,,,,,
data_sync,807,1416600,,,,,,
marker_write,807,34300,,,,,,
marker_sync,807,1494600,,,,,,
append,808,2993100,,,,,,
encode,808,2800,,,,,,
data_write,808,41600,,,,,,
data_sync,808,1466300,,,,,,
marker_write,808,32400,,,,,,
marker_sync,808,1448700,,,,,,
append,809,2989599,,,,,,
encode,809,2800,,,,,,
data_write,809,39000,,,,,,
data_sync,809,1458900,,,,,,
marker_write,809,32600,,,,,,
marker_sync,809,1455199,,,,,,
append,810,2942200,,,,,,
encode,810,3000,,,,,,
data_write,810,38700,,,,,,
data_sync,810,1431700,,,,,,
marker_write,810,32200,,,,,,
marker_sync,810,1434800,,,,,,
append,811,3106100,,,,,,
encode,811,4500,,,,,,
data_write,811,61200,,,,,,
data_sync,811,1537600,,,,,,
marker_write,811,35300,,,,,,
marker_sync,811,1466400,,,,,,
append,812,3091800,,,,,,
encode,812,3000,,,,,,
data_write,812,41800,,,,,,
data_sync,812,1530000,,,,,,
marker_write,812,34100,,,,,,
marker_sync,812,1481500,,,,,,
append,813,3273100,,,,,,
encode,813,4000,,,,,,
data_write,813,42000,,,,,,
data_sync,813,1697000,,,,,,
marker_write,813,34800,,,,,,
marker_sync,813,1493800,,,,,,
append,814,3022300,,,,,,
encode,814,3400,,,,,,
data_write,814,42000,,,,,,
data_sync,814,1447400,,,,,,
marker_write,814,33600,,,,,,
marker_sync,814,1494100,,,,,,
append,815,3069199,,,,,,
encode,815,3300,,,,,,
data_write,815,41300,,,,,,
data_sync,815,1528599,,,,,,
marker_write,815,37100,,,,,,
marker_sync,815,1456400,,,,,,
append,816,3448800,,,,,,
encode,816,3400,,,,,,
data_write,816,44000,,,,,,
data_sync,816,1707200,,,,,,
marker_write,816,49500,,,,,,
marker_sync,816,1642400,,,,,,
append,817,3351600,,,,,,
encode,817,4600,,,,,,
data_write,817,56700,,,,,,
data_sync,817,1718700,,,,,,
marker_write,817,41100,,,,,,
marker_sync,817,1527800,,,,,,
append,818,3086300,,,,,,
encode,818,3900,,,,,,
data_write,818,47500,,,,,,
data_sync,818,1533900,,,,,,
marker_write,818,35600,,,,,,
marker_sync,818,1463700,,,,,,
append,819,2886200,,,,,,
encode,819,3200,,,,,,
data_write,819,42400,,,,,,
data_sync,819,1403200,,,,,,
marker_write,819,33800,,,,,,
marker_sync,819,1402400,,,,,,
append,820,2949299,,,,,,
encode,820,2600,,,,,,
data_write,820,41000,,,,,,
data_sync,820,1421900,,,,,,
marker_write,820,33200,,,,,,
marker_sync,820,1448899,,,,,,
append,821,3148900,,,,,,
encode,821,2500,,,,,,
data_write,821,41700,,,,,,
data_sync,821,1493200,,,,,,
marker_write,821,45300,,,,,,
marker_sync,821,1564000,,,,,,
append,822,3026100,,,,,,
encode,822,3300,,,,,,
data_write,822,44500,,,,,,
data_sync,822,1459300,,,,,,
marker_write,822,36100,,,,,,
marker_sync,822,1481400,,,,,,
append,823,2937400,,,,,,
encode,823,3200,,,,,,
data_write,823,41400,,,,,,
data_sync,823,1415400,,,,,,
marker_write,823,33700,,,,,,
marker_sync,823,1441600,,,,,,
append,824,3315300,,,,,,
encode,824,2800,,,,,,
data_write,824,42300,,,,,,
data_sync,824,1540400,,,,,,
marker_write,824,35800,,,,,,
marker_sync,824,1692300,,,,,,
append,825,3537499,,,,,,
encode,825,4200,,,,,,
data_write,825,52500,,,,,,
data_sync,825,1872800,,,,,,
marker_write,825,44900,,,,,,
marker_sync,825,1560599,,,,,,
append,826,3541200,,,,,,
encode,826,5500,,,,,,
data_write,826,56600,,,,,,
data_sync,826,1921800,,,,,,
marker_write,826,38900,,,,,,
marker_sync,826,1516700,,,,,,
append,827,3093600,,,,,,
encode,827,3500,,,,,,
data_write,827,46000,,,,,,
data_sync,827,1500900,,,,,,
marker_write,827,42000,,,,,,
marker_sync,827,1499800,,,,,,
append,828,3011200,,,,,,
encode,828,3000,,,,,,
data_write,828,42100,,,,,,
data_sync,828,1428200,,,,,,
marker_write,828,35700,,,,,,
marker_sync,828,1500600,,,,,,
append,829,3176400,,,,,,
encode,829,3100,,,,,,
data_write,829,41900,,,,,,
data_sync,829,1619600,,,,,,
marker_write,829,32700,,,,,,
marker_sync,829,1477900,,,,,,
append,830,3153100,,,,,,
encode,830,2700,,,,,,
data_write,830,44500,,,,,,
data_sync,830,1609500,,,,,,
marker_write,830,34100,,,,,,
marker_sync,830,1461000,,,,,,
append,831,2989199,,,,,,
encode,831,2500,,,,,,
data_write,831,58100,,,,,,
data_sync,831,1496099,,,,,,
marker_write,831,34700,,,,,,
marker_sync,831,1396600,,,,,,
append,832,2990400,,,,,,
encode,832,2600,,,,,,
data_write,832,37200,,,,,,
data_sync,832,1406400,,,,,,
marker_write,832,33500,,,,,,
marker_sync,832,1509500,,,,,,
append,833,2860000,,,,,,
encode,833,1900,,,,,,
data_write,833,40900,,,,,,
data_sync,833,1416000,,,,,,
marker_write,833,29300,,,,,,
marker_sync,833,1370600,,,,,,
append,834,2889200,,,,,,
encode,834,2700,,,,,,
data_write,834,38500,,,,,,
data_sync,834,1402500,,,,,,
marker_write,834,35100,,,,,,
marker_sync,834,1409000,,,,,,
append,835,2926900,,,,,,
encode,835,2500,,,,,,
data_write,835,42800,,,,,,
data_sync,835,1445700,,,,,,
marker_write,835,32200,,,,,,
marker_sync,835,1402600,,,,,,
append,836,2962500,,,,,,
encode,836,2400,,,,,,
data_write,836,42300,,,,,,
data_sync,836,1429900,,,,,,
marker_write,836,31900,,,,,,
marker_sync,836,1454700,,,,,,
append,837,3040599,,,,,,
encode,837,3100,,,,,,
data_write,837,39700,,,,,,
data_sync,837,1505799,,,,,,
marker_write,837,32900,,,,,,
marker_sync,837,1457400,,,,,,
append,838,3618600,,,,,,
encode,838,2900,,,,,,
data_write,838,38500,,,,,,
data_sync,838,1514000,,,,,,
marker_write,838,41100,,,,,,
marker_sync,838,2020200,,,,,,
append,839,3106900,,,,,,
encode,839,2900,,,,,,
data_write,839,46300,,,,,,
data_sync,839,1520800,,,,,,
marker_write,839,40100,,,,,,
marker_sync,839,1495200,,,,,,
append,840,3308000,,,,,,
encode,840,2700,,,,,,
data_write,840,44800,,,,,,
data_sync,840,1569900,,,,,,
marker_write,840,42600,,,,,,
marker_sync,840,1645300,,,,,,
append,841,3209900,,,,,,
encode,841,3200,,,,,,
data_write,841,43000,,,,,,
data_sync,841,1712600,,,,,,
marker_write,841,37900,,,,,,
marker_sync,841,1410700,,,,,,
append,842,2826699,,,,,,
encode,842,3300,,,,,,
data_write,842,42200,,,,,,
data_sync,842,1371600,,,,,,
marker_write,842,30400,,,,,,
marker_sync,842,1377499,,,,,,
append,843,3077600,,,,,,
encode,843,2300,,,,,,
data_write,843,57200,,,,,,
data_sync,843,1555800,,,,,,
marker_write,843,32900,,,,,,
marker_sync,843,1427500,,,,,,
append,844,3027700,,,,,,
encode,844,3300,,,,,,
data_write,844,38100,,,,,,
data_sync,844,1470600,,,,,,
marker_write,844,33200,,,,,,
marker_sync,844,1480800,,,,,,
append,845,3166500,,,,,,
encode,845,3500,,,,,,
data_write,845,39000,,,,,,
data_sync,845,1598600,,,,,,
marker_write,845,37100,,,,,,
marker_sync,845,1486300,,,,,,
append,846,3943600,,,,,,
encode,846,4000,,,,,,
data_write,846,50600,,,,,,
data_sync,846,1822600,,,,,,
marker_write,846,52100,,,,,,
marker_sync,846,2009500,,,,,,
append,847,4035199,,,,,,
encode,847,9100,,,,,,
data_write,847,79200,,,,,,
data_sync,847,1952700,,,,,,
marker_write,847,57100,,,,,,
marker_sync,847,1933699,,,,,,
append,848,3529700,,,,,,
encode,848,5600,,,,,,
data_write,848,69400,,,,,,
data_sync,848,1826900,,,,,,
marker_write,848,37700,,,,,,
marker_sync,848,1587300,,,,,,
append,849,3444200,,,,,,
encode,849,3800,,,,,,
data_write,849,44300,,,,,,
data_sync,849,1575500,,,,,,
marker_write,849,43800,,,,,,
marker_sync,849,1775100,,,,,,
append,850,3572900,,,,,,
encode,850,3100,,,,,,
data_write,850,44100,,,,,,
data_sync,850,1603900,,,,,,
marker_write,850,41900,,,,,,
marker_sync,850,1877400,,,,,,
append,851,3332300,,,,,,
encode,851,5600,,,,,,
data_write,851,58400,,,,,,
data_sync,851,1637300,,,,,,
marker_write,851,41700,,,,,,
marker_sync,851,1586900,,,,,,
append,852,3725999,,,,,,
encode,852,4600,,,,,,
data_write,852,53600,,,,,,
data_sync,852,1836299,,,,,,
marker_write,852,44400,,,,,,
marker_sync,852,1785200,,,,,,
append,853,3381800,,,,,,
encode,853,4800,,,,,,
data_write,853,52700,,,,,,
data_sync,853,1698000,,,,,,
marker_write,853,47900,,,,,,
marker_sync,853,1575600,,,,,,
append,854,3434400,,,,,,
encode,854,4200,,,,,,
data_write,854,47300,,,,,,
data_sync,854,1502100,,,,,,
marker_write,854,46700,,,,,,
marker_sync,854,1831900,,,,,,
append,855,3221100,,,,,,
encode,855,4600,,,,,,
data_write,855,56400,,,,,,
data_sync,855,1587000,,,,,,
marker_write,855,49300,,,,,,
marker_sync,855,1521900,,,,,,
append,856,2943300,,,,,,
encode,856,5100,,,,,,
data_write,856,55900,,,,,,
data_sync,856,1420100,,,,,,
marker_write,856,36400,,,,,,
marker_sync,856,1423300,,,,,,
append,857,3134799,,,,,,
encode,857,4500,,,,,,
data_write,857,59000,,,,,,
data_sync,857,1493500,,,,,,
marker_write,857,44400,,,,,,
marker_sync,857,1531199,,,,,,
append,858,3301500,,,,,,
encode,858,4100,,,,,,
data_write,858,52000,,,,,,
data_sync,858,1569100,,,,,,
marker_write,858,43900,,,,,,
marker_sync,858,1629900,,,,,,
append,859,3172100,,,,,,
encode,859,3400,,,,,,
data_write,859,42900,,,,,,
data_sync,859,1483400,,,,,,
marker_write,859,36200,,,,,,
marker_sync,859,1604100,,,,,,
append,860,3345500,,,,,,
encode,860,4200,,,,,,
data_write,860,45800,,,,,,
data_sync,860,1699900,,,,,,
marker_write,860,36600,,,,,,
marker_sync,860,1557000,,,,,,
append,861,2915400,,,,,,
encode,861,3000,,,,,,
data_write,861,63600,,,,,,
data_sync,861,1413900,,,,,,
marker_write,861,31900,,,,,,
marker_sync,861,1401400,,,,,,
append,862,2929300,,,,,,
encode,862,3100,,,,,,
data_write,862,39700,,,,,,
data_sync,862,1418200,,,,,,
marker_write,862,33400,,,,,,
marker_sync,862,1433500,,,,,,
append,863,2991699,,,,,,
encode,863,2700,,,,,,
data_write,863,39000,,,,,,
data_sync,863,1501399,,,,,,
marker_write,863,31300,,,,,,
marker_sync,863,1415600,,,,,,
append,864,2911100,,,,,,
encode,864,2800,,,,,,
data_write,864,43800,,,,,,
data_sync,864,1399300,,,,,,
marker_write,864,33500,,,,,,
marker_sync,864,1429400,,,,,,
append,865,3407200,,,,,,
encode,865,2500,,,,,,
data_write,865,40100,,,,,,
data_sync,865,1666100,,,,,,
marker_write,865,46600,,,,,,
marker_sync,865,1649900,,,,,,
append,866,3010500,,,,,,
encode,866,3900,,,,,,
data_write,866,42800,,,,,,
data_sync,866,1458600,,,,,,
marker_write,866,34700,,,,,,
marker_sync,866,1469000,,,,,,
append,867,2930600,,,,,,
encode,867,2600,,,,,,
data_write,867,40800,,,,,,
data_sync,867,1432200,,,,,,
marker_write,867,33900,,,,,,
marker_sync,867,1419800,,,,,,
append,868,3166799,,,,,,
encode,868,3000,,,,,,
data_write,868,42900,,,,,,
data_sync,868,1417200,,,,,,
marker_write,868,33600,,,,,,
marker_sync,868,1668299,,,,,,
append,869,2995300,,,,,,
encode,869,2900,,,,,,
data_write,869,45800,,,,,,
data_sync,869,1461600,,,,,,
marker_write,869,32400,,,,,,
marker_sync,869,1450400,,,,,,
append,870,3396100,,,,,,
encode,870,2700,,,,,,
data_write,870,40700,,,,,,
data_sync,870,1624700,,,,,,
marker_write,870,49000,,,,,,
marker_sync,870,1676800,,,,,,
append,871,3059100,,,,,,
encode,871,3700,,,,,,
data_write,871,48400,,,,,,
data_sync,871,1538200,,,,,,
marker_write,871,36000,,,,,,
marker_sync,871,1431200,,,,,,
append,872,2880200,,,,,,
encode,872,3200,,,,,,
data_write,872,41800,,,,,,
data_sync,872,1401200,,,,,,
marker_write,872,34000,,,,,,
marker_sync,872,1398500,,,,,,
append,873,3103600,,,,,,
encode,873,3100,,,,,,
data_write,873,40000,,,,,,
data_sync,873,1488300,,,,,,
marker_write,873,37600,,,,,,
marker_sync,873,1532300,,,,,,
append,874,2920599,,,,,,
encode,874,2800,,,,,,
data_write,874,44200,,,,,,
data_sync,874,1432699,,,,,,
marker_write,874,32700,,,,,,
marker_sync,874,1406500,,,,,,
append,875,3295800,,,,,,
encode,875,2600,,,,,,
data_write,875,39300,,,,,,
data_sync,875,1458100,,,,,,
marker_write,875,38600,,,,,,
marker_sync,875,1755200,,,,,,
append,876,3187000,,,,,,
encode,876,4100,,,,,,
data_write,876,43300,,,,,,
data_sync,876,1561400,,,,,,
marker_write,876,36900,,,,,,
marker_sync,876,1539400,,,,,,
append,877,2962000,,,,,,
encode,877,3700,,,,,,
data_write,877,42000,,,,,,
data_sync,877,1437800,,,,,,
marker_write,877,34700,,,,,,
marker_sync,877,1441900,,,,,,
append,878,2887800,,,,,,
encode,878,2800,,,,,,
data_write,878,39900,,,,,,
data_sync,878,1427700,,,,,,
marker_write,878,31600,,,,,,
marker_sync,878,1384700,,,,,,
append,879,2856800,,,,,,
encode,879,2200,,,,,,
data_write,879,35800,,,,,,
data_sync,879,1416600,,,,,,
marker_write,879,34400,,,,,,
marker_sync,879,1366500,,,,,,
append,880,2907499,,,,,,
encode,880,2700,,,,,,
data_write,880,40200,,,,,,
data_sync,880,1343699,,,,,,
marker_write,880,42600,,,,,,
marker_sync,880,1477000,,,,,,
append,881,2894400,,,,,,
encode,881,2600,,,,,,
data_write,881,41400,,,,,,
data_sync,881,1386300,,,,,,
marker_write,881,29300,,,,,,
marker_sync,881,1433300,,,,,,
append,882,2907700,,,,,,
encode,882,3200,,,,,,
data_write,882,40800,,,,,,
data_sync,882,1417000,,,,,,
marker_write,882,32900,,,,,,
marker_sync,882,1412400,,,,,,
append,883,3088900,,,,,,
encode,883,2400,,,,,,
data_write,883,41300,,,,,,
data_sync,883,1477400,,,,,,
marker_write,883,35400,,,,,,
marker_sync,883,1531100,,,,,,
append,884,2849300,,,,,,
encode,884,3100,,,,,,
data_write,884,38200,,,,,,
data_sync,884,1385700,,,,,,
marker_write,884,32600,,,,,,
marker_sync,884,1388200,,,,,,
append,885,2789099,,,,,,
encode,885,2400,,,,,,
data_write,885,37000,,,,,,
data_sync,885,1340500,,,,,,
marker_write,885,27800,,,,,,
marker_sync,885,1379799,,,,,,
append,886,3892000,,,,,,
encode,886,2800,,,,,,
data_write,886,50500,,,,,,
data_sync,886,2145200,,,,,,
marker_write,886,46300,,,,,,
marker_sync,886,1645600,,,,,,
append,887,3069400,,,,,,
encode,887,2800,,,,,,
data_write,887,41000,,,,,,
data_sync,887,1526800,,,,,,
marker_write,887,35000,,,,,,
marker_sync,887,1462600,,,,,,
append,888,3176200,,,,,,
encode,888,3300,,,,,,
data_write,888,38200,,,,,,
data_sync,888,1529600,,,,,,
marker_write,888,36600,,,,,,
marker_sync,888,1566800,,,,,,
append,889,2999300,,,,,,
encode,889,3700,,,,,,
data_write,889,41100,,,,,,
data_sync,889,1485500,,,,,,
marker_write,889,30600,,,,,,
marker_sync,889,1436900,,,,,,
append,890,3120400,,,,,,
encode,890,3500,,,,,,
data_write,890,43500,,,,,,
data_sync,890,1493200,,,,,,
marker_write,890,33500,,,,,,
marker_sync,890,1544900,,,,,,
append,891,3326699,,,,,,
encode,891,3600,,,,,,
data_write,891,46800,,,,,,
data_sync,891,1790199,,,,,,
marker_write,891,36300,,,,,,
marker_sync,891,1447500,,,,,,
append,892,3104300,,,,,,
encode,892,3500,,,,,,
data_write,892,36600,,,,,,
data_sync,892,1518000,,,,,,
marker_write,892,34500,,,,,,
marker_sync,892,1509100,,,,,,
append,893,2993300,,,,,,
encode,893,3600,,,,,,
data_write,893,43100,,,,,,
data_sync,893,1448400,,,,,,
marker_write,893,33700,,,,,,
marker_sync,893,1462900,,,,,,
append,894,3001600,,,,,,
encode,894,3400,,,,,,
data_write,894,42700,,,,,,
data_sync,894,1449600,,,,,,
marker_write,894,31900,,,,,,
marker_sync,894,1472700,,,,,,
append,895,2988800,,,,,,
encode,895,2500,,,,,,
data_write,895,38500,,,,,,
data_sync,895,1478500,,,,,,
marker_write,895,30400,,,,,,
marker_sync,895,1437400,,,,,,
append,896,3491599,,,,,,
encode,896,2500,,,,,,
data_write,896,40400,,,,,,
data_sync,896,1699200,,,,,,
marker_write,896,40100,,,,,,
marker_sync,896,1707099,,,,,,
append,897,3204200,,,,,,
encode,897,2500,,,,,,
data_write,897,44200,,,,,,
data_sync,897,1570200,,,,,,
marker_write,897,36700,,,,,,
marker_sync,897,1548700,,,,,,
append,898,3188400,,,,,,
encode,898,4000,,,,,,
data_write,898,43200,,,,,,
data_sync,898,1546200,,,,,,
marker_write,898,22600,,,,,,
marker_sync,898,1569700,,,,,,
append,899,3099000,,,,,,
encode,899,3500,,,,,,
data_write,899,45700,,,,,,
data_sync,899,1538200,,,,,,
marker_write,899,34100,,,,,,
marker_sync,899,1475800,,,,,,
append,900,2892300,,,,,,
encode,900,3100,,,,,,
data_write,900,41100,,,,,,
data_sync,900,1392000,,,,,,
marker_write,900,33100,,,,,,
marker_sync,900,1421100,,,,,,
append,901,3112200,,,,,,
encode,901,3100,,,,,,
data_write,901,41900,,,,,,
data_sync,901,1532300,,,,,,
marker_write,901,39700,,,,,,
marker_sync,901,1493700,,,,,,
append,902,2871399,,,,,,
encode,902,3300,,,,,,
data_write,902,40700,,,,,,
data_sync,902,1413299,,,,,,
marker_write,902,32400,,,,,,
marker_sync,902,1380500,,,,,,
append,903,2955400,,,,,,
encode,903,3200,,,,,,
data_write,903,38000,,,,,,
data_sync,903,1462400,,,,,,
marker_write,903,33500,,,,,,
marker_sync,903,1416900,,,,,,
append,904,2845500,,,,,,
encode,904,2900,,,,,,
data_write,904,39600,,,,,,
data_sync,904,1395700,,,,,,
marker_write,904,32300,,,,,,
marker_sync,904,1373900,,,,,,
append,905,3008600,,,,,,
encode,905,3100,,,,,,
data_write,905,38600,,,,,,
data_sync,905,1411300,,,,,,
marker_write,905,31500,,,,,,
marker_sync,905,1522300,,,,,,
append,906,3041100,,,,,,
encode,906,2900,,,,,,
data_write,906,42900,,,,,,
data_sync,906,1501500,,,,,,
marker_write,906,68500,,,,,,
marker_sync,906,1423500,,,,,,
append,907,2871300,,,,,,
encode,907,2900,,,,,,
data_write,907,35900,,,,,,
data_sync,907,1398500,,,,,,
marker_write,907,34800,,,,,,
marker_sync,907,1397500,,,,,,
append,908,3093899,,,,,,
encode,908,2900,,,,,,
data_write,908,39900,,,,,,
data_sync,908,1396899,,,,,,
marker_write,908,32900,,,,,,
marker_sync,908,1619600,,,,,,
append,909,2936200,,,,,,
encode,909,2800,,,,,,
data_write,909,40400,,,,,,
data_sync,909,1419300,,,,,,
marker_write,909,34400,,,,,,
marker_sync,909,1437700,,,,,,
append,910,2920600,,,,,,
encode,910,2700,,,,,,
data_write,910,39600,,,,,,
data_sync,910,1419300,,,,,,
marker_write,910,33100,,,,,,
marker_sync,910,1424700,,,,,,
append,911,3135500,,,,,,
encode,911,3100,,,,,,
data_write,911,39600,,,,,,
data_sync,911,1410700,,,,,,
marker_write,911,37200,,,,,,
marker_sync,911,1643700,,,,,,
append,912,3058000,,,,,,
encode,912,2400,,,,,,
data_write,912,39600,,,,,,
data_sync,912,1530000,,,,,,
marker_write,912,32800,,,,,,
marker_sync,912,1451800,,,,,,
append,913,2877099,,,,,,
encode,913,2800,,,,,,
data_write,913,41100,,,,,,
data_sync,913,1421800,,,,,,
marker_write,913,34400,,,,,,
marker_sync,913,1375499,,,,,,
append,914,3043900,,,,,,
encode,914,2800,,,,,,
data_write,914,46800,,,,,,
data_sync,914,1477700,,,,,,
marker_write,914,35400,,,,,,
marker_sync,914,1479800,,,,,,
append,915,3291300,,,,,,
encode,915,3500,,,,,,
data_write,915,43200,,,,,,
data_sync,915,1496000,,,,,,
marker_write,915,38200,,,,,,
marker_sync,915,1707600,,,,,,
append,916,3578300,,,,,,
encode,916,5600,,,,,,
data_write,916,48900,,,,,,
data_sync,916,1709600,,,,,,
marker_write,916,44300,,,,,,
marker_sync,916,1767000,,,,,,
append,917,3062900,,,,,,
encode,917,5800,,,,,,
data_write,917,67300,,,,,,
data_sync,917,1527100,,,,,,
marker_write,917,37400,,,,,,
marker_sync,917,1423600,,,,,,
append,918,2878600,,,,,,
encode,918,3200,,,,,,
data_write,918,42300,,,,,,
data_sync,918,1399300,,,,,,
marker_write,918,33100,,,,,,
marker_sync,918,1399600,,,,,,
append,919,3164199,,,,,,
encode,919,3000,,,,,,
data_write,919,40500,,,,,,
data_sync,919,1367099,,,,,,
marker_write,919,33100,,,,,,
marker_sync,919,1718200,,,,,,
append,920,2930100,,,,,,
encode,920,3000,,,,,,
data_write,920,45200,,,,,,
data_sync,920,1425600,,,,,,
marker_write,920,33700,,,,,,
marker_sync,920,1420900,,,,,,
append,921,2954100,,,,,,
encode,921,3500,,,,,,
data_write,921,42200,,,,,,
data_sync,921,1371000,,,,,,
marker_write,921,34000,,,,,,
marker_sync,921,1501200,,,,,,
append,922,3304700,,,,,,
encode,922,4900,,,,,,
data_write,922,56100,,,,,,
data_sync,922,1599300,,,,,,
marker_write,922,45300,,,,,,
marker_sync,922,1597000,,,,,,
append,923,3363400,,,,,,
encode,923,4300,,,,,,
data_write,923,53000,,,,,,
data_sync,923,1512700,,,,,,
marker_write,923,44700,,,,,,
marker_sync,923,1746700,,,,,,
append,924,3266099,,,,,,
encode,924,4400,,,,,,
data_write,924,50800,,,,,,
data_sync,924,1644400,,,,,,
marker_write,924,34300,,,,,,
marker_sync,924,1529999,,,,,,
append,925,2980300,,,,,,
encode,925,3800,,,,,,
data_write,925,42800,,,,,,
data_sync,925,1486800,,,,,,
marker_write,925,34300,,,,,,
marker_sync,925,1410400,,,,,,
append,926,3044900,,,,,,
encode,926,2700,,,,,,
data_write,926,41000,,,,,,
data_sync,926,1407200,,,,,,
marker_write,926,33700,,,,,,
marker_sync,926,1558000,,,,,,
append,927,3602100,,,,,,
encode,927,3800,,,,,,
data_write,927,55000,,,,,,
data_sync,927,1768500,,,,,,
marker_write,927,39000,,,,,,
marker_sync,927,1733800,,,,,,
append,928,3249100,,,,,,
encode,928,4200,,,,,,
data_write,928,42800,,,,,,
data_sync,928,1563200,,,,,,
marker_write,928,39800,,,,,,
marker_sync,928,1596700,,,,,,
append,929,3199800,,,,,,
encode,929,4200,,,,,,
data_write,929,44900,,,,,,
data_sync,929,1706700,,,,,,
marker_write,929,38100,,,,,,
marker_sync,929,1404400,,,,,,
append,930,2882399,,,,,,
encode,930,2800,,,,,,
data_write,930,40500,,,,,,
data_sync,930,1394799,,,,,,
marker_write,930,32600,,,,,,
marker_sync,930,1410500,,,,,,
append,931,3014000,,,,,,
encode,931,3200,,,,,,
data_write,931,40400,,,,,,
data_sync,931,1379000,,,,,,
marker_write,931,32300,,,,,,
marker_sync,931,1557400,,,,,,
append,932,3245800,,,,,,
encode,932,3000,,,,,,
data_write,932,42000,,,,,,
data_sync,932,1621100,,,,,,
marker_write,932,36800,,,,,,
marker_sync,932,1540800,,,,,,
append,933,3107300,,,,,,
encode,933,4900,,,,,,
data_write,933,55200,,,,,,
data_sync,933,1550800,,,,,,
marker_write,933,37600,,,,,,
marker_sync,933,1457200,,,,,,
append,934,2925900,,,,,,
encode,934,3500,,,,,,
data_write,934,41500,,,,,,
data_sync,934,1392700,,,,,,
marker_write,934,32500,,,,,,
marker_sync,934,1454400,,,,,,
append,935,2927599,,,,,,
encode,935,2700,,,,,,
data_write,935,39700,,,,,,
data_sync,935,1374300,,,,,,
marker_write,935,31800,,,,,,
marker_sync,935,1477799,,,,,,
append,936,2906400,,,,,,
encode,936,2900,,,,,,
data_write,936,39200,,,,,,
data_sync,936,1384500,,,,,,
marker_write,936,32300,,,,,,
marker_sync,936,1445400,,,,,,
append,937,3108700,,,,,,
encode,937,2600,,,,,,
data_write,937,39000,,,,,,
data_sync,937,1472300,,,,,,
marker_write,937,31500,,,,,,
marker_sync,937,1561900,,,,,,
append,938,3104300,,,,,,
encode,938,2700,,,,,,
data_write,938,37000,,,,,,
data_sync,938,1612600,,,,,,
marker_write,938,36800,,,,,,
marker_sync,938,1413300,,,,,,
append,939,2861100,,,,,,
encode,939,2500,,,,,,
data_write,939,41500,,,,,,
data_sync,939,1405200,,,,,,
marker_write,939,33700,,,,,,
marker_sync,939,1376800,,,,,,
append,940,2834600,,,,,,
encode,940,3000,,,,,,
data_write,940,40400,,,,,,
data_sync,940,1385500,,,,,,
marker_write,940,33700,,,,,,
marker_sync,940,1370800,,,,,,
append,941,2994299,,,,,,
encode,941,3000,,,,,,
data_write,941,41400,,,,,,
data_sync,941,1409500,,,,,,
marker_write,941,40799,,,,,,
marker_sync,941,1497900,,,,,,
append,942,3161200,,,,,,
encode,942,3000,,,,,,
data_write,942,41500,,,,,,
data_sync,942,1616400,,,,,,
marker_write,942,35500,,,,,,
marker_sync,942,1463100,,,,,,
append,943,2890700,,,,,,
encode,943,3200,,,,,,
data_write,943,41600,,,,,,
data_sync,943,1442100,,,,,,
marker_write,943,33500,,,,,,
marker_sync,943,1368800,,,,,,
append,944,2853900,,,,,,
encode,944,3200,,,,,,
data_write,944,41000,,,,,,
data_sync,944,1393100,,,,,,
marker_write,944,32500,,,,,,
marker_sync,944,1383000,,,,,,
append,945,2851200,,,,,,
encode,945,2600,,,,,,
data_write,945,40600,,,,,,
data_sync,945,1378400,,,,,,
marker_write,945,32100,,,,,,
marker_sync,945,1396400,,,,,,
append,946,2906500,,,,,,
encode,946,2900,,,,,,
data_write,946,40700,,,,,,
data_sync,946,1400100,,,,,,
marker_write,946,33600,,,,,,
marker_sync,946,1427200,,,,,,
append,947,3233499,,,,,,
encode,947,2800,,,,,,
data_write,947,40700,,,,,,
data_sync,947,1399999,,,,,,
marker_write,947,35200,,,,,,
marker_sync,947,1753400,,,,,,
append,948,2863900,,,,,,
encode,948,2700,,,,,,
data_write,948,42500,,,,,,
data_sync,948,1415300,,,,,,
marker_write,948,32100,,,,,,
marker_sync,948,1370000,,,,,,
append,949,2936600,,,,,,
encode,949,2700,,,,,,
data_write,949,38200,,,,,,
data_sync,949,1418200,,,,,,
marker_write,949,34600,,,,,,
marker_sync,949,1441500,,,,,,
append,950,2874100,,,,,,
encode,950,2900,,,,,,
data_write,950,40400,,,,,,
data_sync,950,1398400,,,,,,
marker_write,950,34400,,,,,,
marker_sync,950,1396600,,,,,,
append,951,2893400,,,,,,
encode,951,3000,,,,,,
data_write,951,39600,,,,,,
data_sync,951,1416000,,,,,,
marker_write,951,33600,,,,,,
marker_sync,951,1400000,,,,,,
append,952,2953100,,,,,,
encode,952,2900,,,,,,
data_write,952,40400,,,,,,
data_sync,952,1420800,,,,,,
marker_write,952,35300,,,,,,
marker_sync,952,1452300,,,,,,
append,953,3355499,,,,,,
encode,953,3300,,,,,,
data_write,953,41400,,,,,,
data_sync,953,1497199,,,,,,
marker_write,953,38700,,,,,,
marker_sync,953,1773500,,,,,,
append,954,2858300,,,,,,
encode,954,3000,,,,,,
data_write,954,42000,,,,,,
data_sync,954,1412200,,,,,,
marker_write,954,35600,,,,,,
marker_sync,954,1363900,,,,,,
append,955,2761300,,,,,,
encode,955,2800,,,,,,
data_write,955,35300,,,,,,
data_sync,955,1350700,,,,,,
marker_write,955,28500,,,,,,
marker_sync,955,1343100,,,,,,
append,956,2798500,,,,,,
encode,956,1800,,,,,,
data_write,956,33600,,,,,,
data_sync,956,1377500,,,,,,
marker_write,956,29100,,,,,,
marker_sync,956,1355500,,,,,,
append,957,2924600,,,,,,
encode,957,1500,,,,,,
data_write,957,34100,,,,,,
data_sync,957,1426300,,,,,,
marker_write,957,37300,,,,,,
marker_sync,957,1424100,,,,,,
append,958,3263799,,,,,,
encode,958,2900,,,,,,
data_write,958,37700,,,,,,
data_sync,958,1547700,,,,,,
marker_write,958,12400,,,,,,
marker_sync,958,1661099,,,,,,
append,959,3043000,,,,,,
encode,959,3900,,,,,,
data_write,959,49300,,,,,,
data_sync,959,1548900,,,,,,
marker_write,959,37000,,,,,,
marker_sync,959,1402200,,,,,,
append,960,2771000,,,,,,
encode,960,3400,,,,,,
data_write,960,38700,,,,,,
data_sync,960,1347200,,,,,,
marker_write,960,32300,,,,,,
marker_sync,960,1348100,,,,,,
append,961,2776900,,,,,,
encode,961,1900,,,,,,
data_write,961,39300,,,,,,
data_sync,961,1355400,,,,,,
marker_write,961,30700,,,,,,
marker_sync,961,1348200,,,,,,
append,962,2811400,,,,,,
encode,962,2800,,,,,,
data_write,962,38900,,,,,,
data_sync,962,1383900,,,,,,
marker_write,962,33700,,,,,,
marker_sync,962,1350800,,,,,,
append,963,3002500,,,,,,
encode,963,3000,,,,,,
data_write,963,40400,,,,,,
data_sync,963,1383400,,,,,,
marker_write,963,32000,,,,,,
marker_sync,963,1540900,,,,,,
append,964,3304299,,,,,,
encode,964,5000,,,,,,
data_write,964,66000,,,,,,
data_sync,964,1590700,,,,,,
marker_write,964,40600,,,,,,
marker_sync,964,1599899,,,,,,
append,965,2883500,,,,,,
encode,965,3200,,,,,,
data_write,965,41500,,,,,,
data_sync,965,1398700,,,,,,
marker_write,965,32300,,,,,,
marker_sync,965,1406300,,,,,,
append,966,2853900,,,,,,
encode,966,2800,,,,,,
data_write,966,40000,,,,,,
data_sync,966,1416300,,,,,,
marker_write,966,32300,,,,,,
marker_sync,966,1361200,,,,,,
append,967,2897500,,,,,,
encode,967,2600,,,,,,
data_write,967,38400,,,,,,
data_sync,967,1414900,,,,,,
marker_write,967,33000,,,,,,
marker_sync,967,1407000,,,,,,
append,968,2831500,,,,,,
encode,968,2700,,,,,,
data_write,968,42400,,,,,,
data_sync,968,1367300,,,,,,
marker_write,968,33700,,,,,,
marker_sync,968,1384200,,,,,,
append,969,3466700,,,,,,
encode,969,2700,,,,,,
data_write,969,47500,,,,,,
data_sync,969,1587200,,,,,,
marker_write,969,42900,,,,,,
marker_sync,969,1784200,,,,,,
append,970,2938799,,,,,,
encode,970,3800,,,,,,
data_write,970,45200,,,,,,
data_sync,970,1501699,,,,,,
marker_write,970,41900,,,,,,
marker_sync,970,1344400,,,,,,
append,971,2856200,,,,,,
encode,971,2900,,,,,,
data_write,971,40000,,,,,,
data_sync,971,1387000,,,,,,
marker_write,971,32600,,,,,,
marker_sync,971,1392600,,,,,,
append,972,3165100,,,,,,
encode,972,2200,,,,,,
data_write,972,39200,,,,,,
data_sync,972,1450000,,,,,,
marker_write,972,36400,,,,,,
marker_sync,972,1635900,,,,,,
append,973,2969800,,,,,,
encode,973,3600,,,,,,
data_write,973,43000,,,,,,
data_sync,973,1434700,,,,,,
marker_write,973,35100,,,,,,
marker_sync,973,1451800,,,,,,
append,974,3265400,,,,,,
encode,974,2900,,,,,,
data_write,974,37600,,,,,,
data_sync,974,1447900,,,,,,
marker_write,974,32500,,,,,,
marker_sync,974,1742900,,,,,,
append,975,3133600,,,,,,
encode,975,3500,,,,,,
data_write,975,45100,,,,,,
data_sync,975,1600600,,,,,,
marker_write,975,34800,,,,,,
marker_sync,975,1448100,,,,,,
append,976,2942099,,,,,,
encode,976,2600,,,,,,
data_write,976,35400,,,,,,
data_sync,976,1411699,,,,,,
marker_write,976,30200,,,,,,
marker_sync,976,1460200,,,,,,
append,977,2915400,,,,,,
encode,977,2600,,,,,,
data_write,977,41200,,,,,,
data_sync,977,1398700,,,,,,
marker_write,977,33500,,,,,,
marker_sync,977,1438400,,,,,,
append,978,2957500,,,,,,
encode,978,2800,,,,,,
data_write,978,39600,,,,,,
data_sync,978,1371600,,,,,,
marker_write,978,31900,,,,,,
marker_sync,978,1510400,,,,,,
append,979,3261000,,,,,,
encode,979,2300,,,,,,
data_write,979,37100,,,,,,
data_sync,979,1561300,,,,,,
marker_write,979,38700,,,,,,
marker_sync,979,1619900,,,,,,
append,980,3018200,,,,,,
encode,980,2800,,,,,,
data_write,980,47200,,,,,,
data_sync,980,1527800,,,,,,
marker_write,980,34000,,,,,,
marker_sync,980,1405200,,,,,,
append,981,3026800,,,,,,
encode,981,3500,,,,,,
data_write,981,38800,,,,,,
data_sync,981,1464500,,,,,,
marker_write,981,30100,,,,,,
marker_sync,981,1488500,,,,,,
append,982,3018999,,,,,,
encode,982,3300,,,,,,
data_write,982,41400,,,,,,
data_sync,982,1461299,,,,,,
marker_write,982,31100,,,,,,
marker_sync,982,1480500,,,,,,
append,983,3028200,,,,,,
encode,983,2400,,,,,,
data_write,983,39000,,,,,,
data_sync,983,1488000,,,,,,
marker_write,983,33500,,,,,,
marker_sync,983,1463800,,,,,,
append,984,3148300,,,,,,
encode,984,2600,,,,,,
data_write,984,39800,,,,,,
data_sync,984,1503900,,,,,,
marker_write,984,31800,,,,,,
marker_sync,984,1568800,,,,,,
append,985,4017000,,,,,,
encode,985,2400,,,,,,
data_write,985,40900,,,,,,
data_sync,985,2146000,,,,,,
marker_write,985,40000,,,,,,
marker_sync,985,1785500,,,,,,
append,986,4168400,,,,,,
encode,986,4300,,,,,,
data_write,986,46200,,,,,,
data_sync,986,1745300,,,,,,
marker_write,986,56000,,,,,,
marker_sync,986,2312600,,,,,,
append,987,4322400,,,,,,
encode,987,6400,,,,,,
data_write,987,76300,,,,,,
data_sync,987,2215700,,,,,,
marker_write,987,51600,,,,,,
marker_sync,987,1968200,,,,,,
append,988,3545800,,,,,,
encode,988,7700,,,,,,
data_write,988,76200,,,,,,
data_sync,988,1828000,,,,,,
marker_write,988,42600,,,,,,
marker_sync,988,1588300,,,,,,
append,989,3172300,,,,,,
encode,989,5500,,,,,,
data_write,989,59900,,,,,,
data_sync,989,1516000,,,,,,
marker_write,989,41200,,,,,,
marker_sync,989,1548100,,,,,,
append,990,2995100,,,,,,
encode,990,4100,,,,,,
data_write,990,44100,,,,,,
data_sync,990,1449900,,,,,,
marker_write,990,36200,,,,,,
marker_sync,990,1458100,,,,,,
append,991,2773400,,,,,,
encode,991,3400,,,,,,
data_write,991,44000,,,,,,
data_sync,991,1361300,,,,,,
marker_write,991,37500,,,,,,
marker_sync,991,1325100,,,,,,
append,992,2727900,,,,,,
encode,992,4100,,,,,,
data_write,992,41300,,,,,,
data_sync,992,1305400,,,,,,
marker_write,992,34300,,,,,,
marker_sync,992,1341000,,,,,,
append,993,2746600,,,,,,
encode,993,2500,,,,,,
data_write,993,40500,,,,,,
data_sync,993,1297100,,,,,,
marker_write,993,29000,,,,,,
marker_sync,993,1375500,,,,,,
append,994,3304600,,,,,,
encode,994,4000,,,,,,
data_write,994,52400,,,,,,
data_sync,994,1662100,,,,,,
marker_write,994,55200,,,,,,
marker_sync,994,1527700,,,,,,
append,995,3078500,,,,,,
encode,995,5700,,,,,,
data_write,995,58500,,,,,,
data_sync,995,1536600,,,,,,
marker_write,995,44500,,,,,,
marker_sync,995,1430800,,,,,,
append,996,2831800,,,,,,
encode,996,4300,,,,,,
data_write,996,51400,,,,,,
data_sync,996,1365700,,,,,,
marker_write,996,40100,,,,,,
marker_sync,996,1368200,,,,,,
append,997,3013399,,,,,,
encode,997,3800,,,,,,
data_write,997,58100,,,,,,
data_sync,997,1546399,,,,,,
marker_write,997,35400,,,,,,
marker_sync,997,1367700,,,,,,
append,998,2962300,,,,,,
encode,998,3300,,,,,,
data_write,998,51600,,,,,,
data_sync,998,1437400,,,,,,
marker_write,998,38200,,,,,,
marker_sync,998,1429200,,,,,,
append,999,3247800,,,,,,
encode,999,3900,,,,,,
data_write,999,41000,,,,,,
data_sync,999,1573200,,,,,,
marker_write,999,48200,,,,,,
marker_sync,999,1578800,,,,,,
append,1000,2741300,,,,,,
encode,1000,5300,,,,,,
data_write,1000,49500,,,,,,
data_sync,1000,1313800,,,,,,
marker_write,1000,35700,,,,,,
marker_sync,1000,1334700,,,,,,
append,1001,2981200,,,,,,
encode,1001,3900,,,,,,
data_write,1001,53200,,,,,,
data_sync,1001,1460200,,,,,,
marker_write,1001,39300,,,,,,
marker_sync,1001,1422600,,,,,,
append,1002,2724500,,,,,,
encode,1002,4500,,,,,,
data_write,1002,51300,,,,,,
data_sync,1002,1329800,,,,,,
marker_write,1002,33700,,,,,,
marker_sync,1002,1302800,,,,,,
append,1003,2722700,,,,,,
encode,1003,3200,,,,,,
data_write,1003,38900,,,,,,
data_sync,1003,1318600,,,,,,
marker_write,1003,40000,,,,,,
marker_sync,1003,1319900,,,,,,
append,1004,2726500,,,,,,
encode,1004,2600,,,,,,
data_write,1004,37400,,,,,,
data_sync,1004,1266900,,,,,,
marker_write,1004,30100,,,,,,
marker_sync,1004,1387400,,,,,,
append,1005,3209500,,,,,,
encode,1005,4000,,,,,,
data_write,1005,53700,,,,,,
data_sync,1005,1562800,,,,,,
marker_write,1005,41900,,,,,,
marker_sync,1005,1545300,,,,,,
append,1006,2810700,,,,,,
encode,1006,4200,,,,,,
data_write,1006,96200,,,,,,
data_sync,1006,1368500,,,,,,
marker_write,1006,38400,,,,,,
marker_sync,1006,1300700,,,,,,
append,1007,2746300,,,,,,
encode,1007,4000,,,,,,
data_write,1007,44900,,,,,,
data_sync,1007,1356300,,,,,,
marker_write,1007,36100,,,,,,
marker_sync,1007,1303500,,,,,,
append,1008,2667600,,,,,,
encode,1008,3600,,,,,,
data_write,1008,41100,,,,,,
data_sync,1008,1290000,,,,,,
marker_write,1008,29900,,,,,,
marker_sync,1008,1301400,,,,,,
append,1009,2849100,,,,,,
encode,1009,3200,,,,,,
data_write,1009,39500,,,,,,
data_sync,1009,1383600,,,,,,
marker_write,1009,34500,,,,,,
marker_sync,1009,1386800,,,,,,
append,1010,3035700,,,,,,
encode,1010,3300,,,,,,
data_write,1010,41100,,,,,,
data_sync,1010,1425000,,,,,,
marker_write,1010,41200,,,,,,
marker_sync,1010,1523500,,,,,,
append,1011,3048400,,,,,,
encode,1011,3700,,,,,,
data_write,1011,43900,,,,,,
data_sync,1011,1514000,,,,,,
marker_write,1011,32900,,,,,,
marker_sync,1011,1451900,,,,,,
append,1012,3014100,,,,,,
encode,1012,2900,,,,,,
data_write,1012,39500,,,,,,
data_sync,1012,1440400,,,,,,
marker_write,1012,30600,,,,,,
marker_sync,1012,1499100,,,,,,
append,1013,2966899,,,,,,
encode,1013,3200,,,,,,
data_write,1013,41900,,,,,,
data_sync,1013,1470700,,,,,,
marker_write,1013,34100,,,,,,
marker_sync,1013,1415199,,,,,,
append,1014,2930100,,,,,,
encode,1014,3200,,,,,,
data_write,1014,43900,,,,,,
data_sync,1014,1456100,,,,,,
marker_write,1014,31800,,,,,,
marker_sync,1014,1393700,,,,,,
append,1015,3049000,,,,,,
encode,1015,3000,,,,,,
data_write,1015,41200,,,,,,
data_sync,1015,1432600,,,,,,
marker_write,1015,32100,,,,,,
marker_sync,1015,1538200,,,,,,
append,1016,3215300,,,,,,
encode,1016,3100,,,,,,
data_write,1016,44800,,,,,,
data_sync,1016,1456400,,,,,,
marker_write,1016,48200,,,,,,
marker_sync,1016,1660800,,,,,,
append,1017,3232400,,,,,,
encode,1017,5200,,,,,,
data_write,1017,47300,,,,,,
data_sync,1017,1581100,,,,,,
marker_write,1017,35800,,,,,,
marker_sync,1017,1560700,,,,,,
append,1018,2932500,,,,,,
encode,1018,3500,,,,,,
data_write,1018,59200,,,,,,
data_sync,1018,1503100,,,,,,
marker_write,1018,36100,,,,,,
marker_sync,1018,1328900,,,,,,
append,1019,2671600,,,,,,
encode,1019,3700,,,,,,
data_write,1019,39400,,,,,,
data_sync,1019,1289800,,,,,,
marker_write,1019,32400,,,,,,
marker_sync,1019,1305000,,,,,,
append,1020,2733500,,,,,,
encode,1020,2900,,,,,,
data_write,1020,41100,,,,,,
data_sync,1020,1298500,,,,,,
marker_write,1020,40100,,,,,,
marker_sync,1020,1348400,,,,,,
append,1021,3357500,,,,,,
encode,1021,4700,,,,,,
data_write,1021,71700,,,,,,
data_sync,1021,1601500,,,,,,
marker_write,1021,51800,,,,,,
marker_sync,1021,1625300,,,,,,
append,1022,3027600,,,,,,
encode,1022,5300,,,,,,
data_write,1022,56300,,,,,,
data_sync,1022,1483900,,,,,,
marker_write,1022,44600,,,,,,
marker_sync,1022,1435200,,,,,,
append,1023,2957200,,,,,,
encode,1023,3900,,,,,,
data_write,1023,45100,,,,,,
data_sync,1023,1426700,,,,,,
marker_write,1023,36600,,,,,,
marker_sync,1023,1443000,,,,,,
append,1024,2958100,,,,,,
encode,1024,3500,,,,,,
data_write,1024,67400,,,,,,
data_sync,1024,1442300,,,,,,
marker_write,1024,37800,,,,,,
marker_sync,1024,1405100,,,,,,
append,1025,3158300,,,,,,
encode,1025,2400,,,,,,
data_write,1025,48400,,,,,,
data_sync,1025,1487100,,,,,,
marker_write,1025,35000,,,,,,
marker_sync,1025,1583100,,,,,,
append,1026,3078800,,,,,,
encode,1026,5100,,,,,,
data_write,1026,52400,,,,,,
data_sync,1026,1498800,,,,,,
marker_write,1026,54600,,,,,,
marker_sync,1026,1465200,,,,,,
append,1027,3102400,,,,,,
encode,1027,5300,,,,,,
data_write,1027,52400,,,,,,
data_sync,1027,1419200,,,,,,
marker_write,1027,53000,,,,,,
marker_sync,1027,1569900,,,,,,
append,1028,3840300,,,,,,
encode,1028,4900,,,,,,
data_write,1028,68500,,,,,,
data_sync,1028,2021100,,,,,,
marker_write,1028,56800,,,,,,
marker_sync,1028,1686200,,,,,,
append,1029,3028599,,,,,,
encode,1029,4800,,,,,,
data_write,1029,55000,,,,,,
data_sync,1029,1545499,,,,,,
marker_write,1029,39400,,,,,,
marker_sync,1029,1381900,,,,,,
append,1030,2818900,,,,,,
encode,1030,3900,,,,,,
data_write,1030,40400,,,,,,
data_sync,1030,1385900,,,,,,
marker_write,1030,36100,,,,,,
marker_sync,1030,1350600,,,,,,
append,1031,2971500,,,,,,
encode,1031,4800,,,,,,
data_write,1031,52900,,,,,,
data_sync,1031,1408500,,,,,,
marker_write,1031,39200,,,,,,
marker_sync,1031,1463900,,,,,,
append,1032,2925100,,,,,,
encode,1032,3300,,,,,,
data_write,1032,45600,,,,,,
data_sync,1032,1366300,,,,,,
marker_write,1032,34800,,,,,,
marker_sync,1032,1472500,,,,,,
append,1033,2915400,,,,,,
encode,1033,3100,,,,,,
data_write,1033,40500,,,,,,
data_sync,1033,1414800,,,,,,
marker_write,1033,34600,,,,,,
marker_sync,1033,1420400,,,,,,
append,1034,2922900,,,,,,
encode,1034,4300,,,,,,
data_write,1034,42600,,,,,,
data_sync,1034,1383200,,,,,,
marker_write,1034,33100,,,,,,
marker_sync,1034,1458400,,,,,,
append,1035,2860100,,,,,,
encode,1035,3000,,,,,,
data_write,1035,42000,,,,,,
data_sync,1035,1397800,,,,,,
marker_write,1035,34900,,,,,,
marker_sync,1035,1381200,,,,,,
append,1036,2954700,,,,,,
encode,1036,3500,,,,,,
data_write,1036,39900,,,,,,
data_sync,1036,1380600,,,,,,
marker_write,1036,42600,,,,,,
marker_sync,1036,1485400,,,,,,
append,1037,2921300,,,,,,
encode,1037,4900,,,,,,
data_write,1037,60400,,,,,,
data_sync,1037,1415600,,,,,,
marker_write,1037,38500,,,,,,
marker_sync,1037,1399900,,,,,,
append,1038,2786900,,,,,,
encode,1038,4300,,,,,,
data_write,1038,46100,,,,,,
data_sync,1038,1351000,,,,,,
marker_write,1038,36000,,,,,,
marker_sync,1038,1347800,,,,,,
append,1039,2948200,,,,,,
encode,1039,3300,,,,,,
data_write,1039,41900,,,,,,
data_sync,1039,1488600,,,,,,
marker_write,1039,21500,,,,,,
marker_sync,1039,1391200,,,,,,
append,1040,2817200,,,,,,
encode,1040,3900,,,,,,
data_write,1040,41500,,,,,,
data_sync,1040,1372700,,,,,,
marker_write,1040,32000,,,,,,
marker_sync,1040,1365100,,,,,,
append,1041,2772300,,,,,,
encode,1041,3500,,,,,,
data_write,1041,41500,,,,,,
data_sync,1041,1351500,,,,,,
marker_write,1041,34800,,,,,,
marker_sync,1041,1339500,,,,,,
append,1042,2900600,,,,,,
encode,1042,3700,,,,,,
data_write,1042,47400,,,,,,
data_sync,1042,1455000,,,,,,
marker_write,1042,41000,,,,,,
marker_sync,1042,1351400,,,,,,
append,1043,2773900,,,,,,
encode,1043,3300,,,,,,
data_write,1043,42000,,,,,,
data_sync,1043,1322900,,,,,,
marker_write,1043,35300,,,,,,
marker_sync,1043,1368200,,,,,,
append,1044,2699500,,,,,,
encode,1044,3000,,,,,,
data_write,1044,43500,,,,,,
data_sync,1044,1298700,,,,,,
marker_write,1044,34800,,,,,,
marker_sync,1044,1318000,,,,,,
append,1045,2668800,,,,,,
encode,1045,3500,,,,,,
data_write,1045,42700,,,,,,
data_sync,1045,1295100,,,,,,
marker_write,1045,34400,,,,,,
marker_sync,1045,1291800,,,,,,
append,1046,2937799,,,,,,
encode,1046,4300,,,,,,
data_write,1046,41700,,,,,,
data_sync,1046,1420899,,,,,,
marker_write,1046,67600,,,,,,
marker_sync,1046,1400600,,,,,,
append,1047,2878100,,,,,,
encode,1047,3600,,,,,,
data_write,1047,42100,,,,,,
data_sync,1047,1320300,,,,,,
marker_write,1047,33300,,,,,,
marker_sync,1047,1476600,,,,,,
append,1048,3374200,,,,,,
encode,1048,4300,,,,,,
data_write,1048,56700,,,,,,
data_sync,1048,1689700,,,,,,
marker_write,1048,46100,,,,,,
marker_sync,1048,1574900,,,,,,
append,1049,3084200,,,,,,
encode,1049,5600,,,,,,
data_write,1049,52600,,,,,,
data_sync,1049,1503100,,,,,,
marker_write,1049,50600,,,,,,
marker_sync,1049,1470200,,,,,,
append,1050,3182400,,,,,,
encode,1050,3600,,,,,,
data_write,1050,51500,,,,,,
data_sync,1050,1521000,,,,,,
marker_write,1050,45800,,,,,,
marker_sync,1050,1557300,,,,,,
append,1051,2944500,,,,,,
encode,1051,3800,,,,,,
data_write,1051,48800,,,,,,
data_sync,1051,1388600,,,,,,
marker_write,1051,38000,,,,,,
marker_sync,1051,1463600,,,,,,
append,1052,2920400,,,,,,
encode,1052,4500,,,,,,
data_write,1052,63300,,,,,,
data_sync,1052,1418500,,,,,,
marker_write,1052,36200,,,,,,
marker_sync,1052,1395100,,,,,,
append,1053,2878300,,,,,,
encode,1053,4800,,,,,,
data_write,1053,54200,,,,,,
data_sync,1053,1437300,,,,,,
marker_write,1053,36900,,,,,,
marker_sync,1053,1343300,,,,,,
append,1054,2807600,,,,,,
encode,1054,3700,,,,,,
data_write,1054,41100,,,,,,
data_sync,1054,1317600,,,,,,
marker_write,1054,36200,,,,,,
marker_sync,1054,1406300,,,,,,
append,1055,2741300,,,,,,
encode,1055,3600,,,,,,
data_write,1055,54900,,,,,,
data_sync,1055,1313400,,,,,,
marker_write,1055,33700,,,,,,
marker_sync,1055,1334100,,,,,,
append,1056,2838900,,,,,,
encode,1056,3200,,,,,,
data_write,1056,39300,,,,,,
data_sync,1056,1415400,,,,,,
marker_write,1056,46900,,,,,,
marker_sync,1056,1332200,,,,,,
append,1057,2906000,,,,,,
encode,1057,3200,,,,,,
data_write,1057,44100,,,,,,
data_sync,1057,1364900,,,,,,
marker_write,1057,36500,,,,,,
marker_sync,1057,1455400,,,,,,
append,1058,3418800,,,,,,
encode,1058,5100,,,,,,
data_write,1058,59400,,,,,,
data_sync,1058,1481600,,,,,,
marker_write,1058,109300,,,,,,
marker_sync,1058,1760300,,,,,,
append,1059,4078000,,,,,,
encode,1059,5700,,,,,,
data_write,1059,63900,,,,,,
data_sync,1059,2019600,,,,,,
marker_write,1059,78800,,,,,,
marker_sync,1059,1906500,,,,,,
append,1060,3505300,,,,,,
encode,1060,6500,,,,,,
data_write,1060,71700,,,,,,
data_sync,1060,1783300,,,,,,
marker_write,1060,52500,,,,,,
marker_sync,1060,1588700,,,,,,
append,1061,2880699,,,,,,
encode,1061,4300,,,,,,
data_write,1061,49900,,,,,,
data_sync,1061,1439100,,,,,,
marker_write,1061,38300,,,,,,
marker_sync,1061,1347599,,,,,,
append,1062,3135200,,,,,,
encode,1062,3400,,,,,,
data_write,1062,45200,,,,,,
data_sync,1062,1466700,,,,,,
marker_write,1062,41200,,,,,,
marker_sync,1062,1576200,,,,,,
append,1063,3186200,,,,,,
encode,1063,5200,,,,,,
data_write,1063,58700,,,,,,
data_sync,1063,1521900,,,,,,
marker_write,1063,52900,,,,,,
marker_sync,1063,1545000,,,,,,
append,1064,3072500,,,,,,
encode,1064,4500,,,,,,
data_write,1064,48700,,,,,,
data_sync,1064,1579200,,,,,,
marker_write,1064,46000,,,,,,
marker_sync,1064,1392200,,,,,,
append,1065,2796800,,,,,,
encode,1065,3400,,,,,,
data_write,1065,47300,,,,,,
data_sync,1065,1372900,,,,,,
marker_write,1065,35600,,,,,,
marker_sync,1065,1336000,,,,,,
append,1066,2810200,,,,,,
encode,1066,3400,,,,,,
data_write,1066,41800,,,,,,
data_sync,1066,1335800,,,,,,
marker_write,1066,34900,,,,,,
marker_sync,1066,1392000,,,,,,
append,1067,2860500,,,,,,
encode,1067,4700,,,,,,
data_write,1067,55700,,,,,,
data_sync,1067,1398300,,,,,,
marker_write,1067,37800,,,,,,
marker_sync,1067,1361000,,,,,,
append,1068,3017900,,,,,,
encode,1068,3100,,,,,,
data_write,1068,46500,,,,,,
data_sync,1068,1423000,,,,,,
marker_write,1068,46500,,,,,,
marker_sync,1068,1496700,,,,,,
append,1069,2726800,,,,,,
encode,1069,4100,,,,,,
data_write,1069,50700,,,,,,
data_sync,1069,1335400,,,,,,
marker_write,1069,35400,,,,,,
marker_sync,1069,1299700,,,,,,
append,1070,2778500,,,,,,
encode,1070,3100,,,,,,
data_write,1070,41600,,,,,,
data_sync,1070,1344200,,,,,,
marker_write,1070,33500,,,,,,
marker_sync,1070,1354500,,,,,,
append,1071,2780100,,,,,,
encode,1071,3700,,,,,,
data_write,1071,52800,,,,,,
data_sync,1071,1338200,,,,,,
marker_write,1071,33100,,,,,,
marker_sync,1071,1350700,,,,,,
append,1072,2852000,,,,,,
encode,1072,3900,,,,,,
data_write,1072,56200,,,,,,
data_sync,1072,1404100,,,,,,
marker_write,1072,34100,,,,,,
marker_sync,1072,1351300,,,,,,
append,1073,2700700,,,,,,
encode,1073,3200,,,,,,
data_write,1073,50600,,,,,,
data_sync,1073,1318400,,,,,,
marker_write,1073,45700,,,,,,
marker_sync,1073,1280800,,,,,,
append,1074,3263300,,,,,,
encode,1074,3100,,,,,,
data_write,1074,41300,,,,,,
data_sync,1074,1569700,,,,,,
marker_write,1074,39800,,,,,,
marker_sync,1074,1606800,,,,,,
append,1075,2991700,,,,,,
encode,1075,3700,,,,,,
data_write,1075,46600,,,,,,
data_sync,1075,1463200,,,,,,
marker_write,1075,31400,,,,,,
marker_sync,1075,1445300,,,,,,
append,1076,2945300,,,,,,
encode,1076,3200,,,,,,
data_write,1076,40600,,,,,,
data_sync,1076,1431400,,,,,,
marker_write,1076,35700,,,,,,
marker_sync,1076,1432900,,,,,,
append,1077,3032200,,,,,,
encode,1077,3500,,,,,,
data_write,1077,38600,,,,,,
data_sync,1077,1473800,,,,,,
marker_write,1077,32900,,,,,,
marker_sync,1077,1481700,,,,,,
append,1078,2914599,,,,,,
encode,1078,3300,,,,,,
data_write,1078,43700,,,,,,
data_sync,1078,1438199,,,,,,
marker_write,1078,38900,,,,,,
marker_sync,1078,1388700,,,,,,
append,1079,3305800,,,,,,
encode,1079,3100,,,,,,
data_write,1079,41600,,,,,,
data_sync,1079,1456700,,,,,,
marker_write,1079,36500,,,,,,
marker_sync,1079,1765500,,,,,,
append,1080,3091300,,,,,,
encode,1080,4400,,,,,,
data_write,1080,65700,,,,,,
data_sync,1080,1532100,,,,,,
marker_write,1080,45300,,,,,,
marker_sync,1080,1441800,,,,,,
append,1081,2980200,,,,,,
encode,1081,4000,,,,,,
data_write,1081,42300,,,,,,
data_sync,1081,1379400,,,,,,
marker_write,1081,43200,,,,,,
marker_sync,1081,1509200,,,,,,
append,1082,2870400,,,,,,
encode,1082,3800,,,,,,
data_write,1082,53200,,,,,,
data_sync,1082,1402300,,,,,,
marker_write,1082,35500,,,,,,
marker_sync,1082,1373800,,,,,,
append,1083,2861000,,,,,,
encode,1083,3100,,,,,,
data_write,1083,40200,,,,,,
data_sync,1083,1364100,,,,,,
marker_write,1083,31400,,,,,,
marker_sync,1083,1420000,,,,,,
append,1084,2889100,,,,,,
encode,1084,2700,,,,,,
data_write,1084,40900,,,,,,
data_sync,1084,1359700,,,,,,
marker_write,1084,31200,,,,,,
marker_sync,1084,1451400,,,,,,
append,1085,2969900,,,,,,
encode,1085,4000,,,,,,
data_write,1085,56600,,,,,,
data_sync,1085,1453100,,,,,,
marker_write,1085,37000,,,,,,
marker_sync,1085,1417200,,,,,,
append,1086,2880500,,,,,,
encode,1086,3900,,,,,,
data_write,1086,44300,,,,,,
data_sync,1086,1431900,,,,,,
marker_write,1086,32900,,,,,,
marker_sync,1086,1366400,,,,,,
append,1087,2947300,,,,,,
encode,1087,3000,,,,,,
data_write,1087,37800,,,,,,
data_sync,1087,1397700,,,,,,
marker_write,1087,34700,,,,,,
marker_sync,1087,1472200,,,,,,
append,1088,2920000,,,,,,
encode,1088,3000,,,,,,
data_write,1088,45600,,,,,,
data_sync,1088,1457600,,,,,,
marker_write,1088,32800,,,,,,
marker_sync,1088,1379300,,,,,,
append,1089,3079300,,,,,,
encode,1089,2800,,,,,,
data_write,1089,38300,,,,,,
data_sync,1089,1566600,,,,,,
marker_write,1089,48100,,,,,,
marker_sync,1089,1420700,,,,,,
append,1090,3182200,,,,,,
encode,1090,3700,,,,,,
data_write,1090,56500,,,,,,
data_sync,1090,1528100,,,,,,
marker_write,1090,45900,,,,,,
marker_sync,1090,1545200,,,,,,
append,1091,3264600,,,,,,
encode,1091,4300,,,,,,
data_write,1091,58600,,,,,,
data_sync,1091,1594900,,,,,,
marker_write,1091,44800,,,,,,
marker_sync,1091,1558600,,,,,,
append,1092,3037800,,,,,,
encode,1092,4100,,,,,,
data_write,1092,52500,,,,,,
data_sync,1092,1473300,,,,,,
marker_write,1092,37100,,,,,,
marker_sync,1092,1469100,,,,,,
append,1093,2898900,,,,,,
encode,1093,3400,,,,,,
data_write,1093,41300,,,,,,
data_sync,1093,1390100,,,,,,
marker_write,1093,63400,,,,,,
marker_sync,1093,1398800,,,,,,
append,1094,2944599,,,,,,
encode,1094,3500,,,,,,
data_write,1094,41100,,,,,,
data_sync,1094,1372799,,,,,,
marker_write,1094,49800,,,,,,
marker_sync,1094,1475200,,,,,,
append,1095,3159300,,,,,,
encode,1095,3600,,,,,,
data_write,1095,51900,,,,,,
data_sync,1095,1520000,,,,,,
marker_write,1095,51800,,,,,,
marker_sync,1095,1530100,,,,,,
append,1096,3011100,,,,,,
encode,1096,3700,,,,,,
data_write,1096,47200,,,,,,
data_sync,1096,1470900,,,,,,
marker_write,1096,38500,,,,,,
marker_sync,1096,1448900,,,,,,
append,1097,2854500,,,,,,
encode,1097,4400,,,,,,
data_write,1097,41200,,,,,,
data_sync,1097,1332100,,,,,,
marker_write,1097,35700,,,,,,
marker_sync,1097,1439500,,,,,,
append,1098,2922900,,,,,,
encode,1098,3400,,,,,,
data_write,1098,40300,,,,,,
data_sync,1098,1439200,,,,,,
marker_write,1098,29600,,,,,,
marker_sync,1098,1409600,,,,,,
append,1099,2952600,,,,,,
encode,1099,2200,,,,,,
data_write,1099,35100,,,,,,
data_sync,1099,1431600,,,,,,
marker_write,1099,32200,,,,,,
marker_sync,1099,1450000,,,,,,
append,1100,2934300,,,,,,
encode,1100,2700,,,,,,
data_write,1100,38700,,,,,,
data_sync,1100,1439900,,,,,,
marker_write,1100,40900,,,,,,
marker_sync,1100,1409000,,,,,,
append,1101,2930600,,,,,,
encode,1101,5300,,,,,,
data_write,1101,56800,,,,,,
data_sync,1101,1453800,,,,,,
marker_write,1101,38300,,,,,,
marker_sync,1101,1374100,,,,,,
append,1102,2846300,,,,,,
encode,1102,4600,,,,,,
data_write,1102,55900,,,,,,
data_sync,1102,1352400,,,,,,
marker_write,1102,40000,,,,,,
marker_sync,1102,1391300,,,,,,
append,1103,2918200,,,,,,
encode,1103,4100,,,,,,
data_write,1103,41100,,,,,,
data_sync,1103,1311000,,,,,,
marker_write,1103,36300,,,,,,
marker_sync,1103,1524100,,,,,,
append,1104,2723400,,,,,,
encode,1104,4800,,,,,,
data_write,1104,53200,,,,,,
data_sync,1104,1327400,,,,,,
marker_write,1104,33000,,,,,,
marker_sync,1104,1303500,,,,,,
append,1105,2735900,,,,,,
encode,1105,3000,,,,,,
data_write,1105,39700,,,,,,
data_sync,1105,1329500,,,,,,
marker_write,1105,35600,,,,,,
marker_sync,1105,1326100,,,,,,
append,1106,3305700,,,,,,
encode,1106,4100,,,,,,
data_write,1106,46900,,,,,,
data_sync,1106,1563500,,,,,,
marker_write,1106,49300,,,,,,
marker_sync,1106,1639800,,,,,,
append,1107,3159400,,,,,,
encode,1107,5300,,,,,,
data_write,1107,62000,,,,,,
data_sync,1107,1498700,,,,,,
marker_write,1107,47900,,,,,,
marker_sync,1107,1542200,,,,,,
append,1108,3343600,,,,,,
encode,1108,5600,,,,,,
data_write,1108,90800,,,,,,
data_sync,1108,1710000,,,,,,
marker_write,1108,51100,,,,,,
marker_sync,1108,1484000,,,,,,
append,1109,2908700,,,,,,
encode,1109,5000,,,,,,
data_write,1109,57100,,,,,,
data_sync,1109,1342400,,,,,,
marker_write,1109,35100,,,,,,
marker_sync,1109,1467200,,,,,,
append,1110,2815799,,,,,,
encode,1110,3800,,,,,,
data_write,1110,52000,,,,,,
data_sync,1110,1328900,,,,,,
marker_write,1110,45000,,,,,,
marker_sync,1110,1383899,,,,,,
append,1111,2865900,,,,,,
encode,1111,3900,,,,,,
data_write,1111,56400,,,,,,
data_sync,1111,1470000,,,,,,
marker_write,1111,39500,,,,,,
marker_sync,1111,1293900,,,,,,
append,1112,2744000,,,,,,
encode,1112,3000,,,,,,
data_write,1112,38300,,,,,,
data_sync,1112,1317500,,,,,,
marker_write,1112,33300,,,,,,
marker_sync,1112,1350200,,,,,,
append,1113,6185400,,,,,,
encode,1113,3000,,,,,,
data_write,1113,48700,,,,,,
data_sync,1113,1435600,,,,,,
marker_write,1113,41300,,,,,,
marker_sync,1113,4653600,,,,,,
append,1114,3527200,,,,,,
encode,1114,5800,,,,,,
data_write,1114,63300,,,,,,
data_sync,1114,1658200,,,,,,
marker_write,1114,39800,,,,,,
marker_sync,1114,1756800,,,,,,
append,1115,3669400,,,,,,
encode,1115,5000,,,,,,
data_write,1115,61400,,,,,,
data_sync,1115,1588200,,,,,,
marker_write,1115,55300,,,,,,
marker_sync,1115,1956200,,,,,,
append,1116,3872700,,,,,,
encode,1116,5000,,,,,,
data_write,1116,60800,,,,,,
data_sync,1116,1905400,,,,,,
marker_write,1116,46800,,,,,,
marker_sync,1116,1852100,,,,,,
append,1117,3689300,,,,,,
encode,1117,5600,,,,,,
data_write,1117,62200,,,,,,
data_sync,1117,1944700,,,,,,
marker_write,1117,50600,,,,,,
marker_sync,1117,1623700,,,,,,
append,1118,3219400,,,,,,
encode,1118,4500,,,,,,
data_write,1118,48200,,,,,,
data_sync,1118,1617100,,,,,,
marker_write,1118,40800,,,,,,
marker_sync,1118,1507000,,,,,,
append,1119,3584600,,,,,,
encode,1119,3800,,,,,,
data_write,1119,45200,,,,,,
data_sync,1119,1645300,,,,,,
marker_write,1119,47700,,,,,,
marker_sync,1119,1839800,,,,,,
append,1120,3955400,,,,,,
encode,1120,5800,,,,,,
data_write,1120,69100,,,,,,
data_sync,1120,2072200,,,,,,
marker_write,1120,55500,,,,,,
marker_sync,1120,1748900,,,,,,
append,1121,3366600,,,,,,
encode,1121,5900,,,,,,
data_write,1121,68100,,,,,,
data_sync,1121,1610700,,,,,,
marker_write,1121,46100,,,,,,
marker_sync,1121,1633000,,,,,,
append,1122,3601500,,,,,,
encode,1122,4000,,,,,,
data_write,1122,52400,,,,,,
data_sync,1122,1665300,,,,,,
marker_write,1122,49600,,,,,,
marker_sync,1122,1828100,,,,,,
append,1123,3449999,,,,,,
encode,1123,5200,,,,,,
data_write,1123,57200,,,,,,
data_sync,1123,1625900,,,,,,
marker_write,1123,43800,,,,,,
marker_sync,1123,1715099,,,,,,
append,1124,3809900,,,,,,
encode,1124,5000,,,,,,
data_write,1124,75600,,,,,,
data_sync,1124,1804900,,,,,,
marker_write,1124,54200,,,,,,
marker_sync,1124,1867600,,,,,,
append,1125,3782200,,,,,,
encode,1125,5200,,,,,,
data_write,1125,58900,,,,,,
data_sync,1125,1850600,,,,,,
marker_write,1125,48600,,,,,,
marker_sync,1125,1816100,,,,,,
append,1126,3996500,,,,,,
encode,1126,5100,,,,,,
data_write,1126,60500,,,,,,
data_sync,1126,1917800,,,,,,
marker_write,1126,63500,,,,,,
marker_sync,1126,1946900,,,,,,
append,1127,4254700,,,,,,
encode,1127,6000,,,,,,
data_write,1127,65500,,,,,,
data_sync,1127,1994300,,,,,,
marker_write,1127,59600,,,,,,
marker_sync,1127,2125100,,,,,,
append,1128,3752000,,,,,,
encode,1128,6800,,,,,,
data_write,1128,73200,,,,,,
data_sync,1128,1816400,,,,,,
marker_write,1128,65600,,,,,,
marker_sync,1128,1786800,,,,,,
append,1129,3514700,,,,,,
encode,1129,7200,,,,,,
data_write,1129,72100,,,,,,
data_sync,1129,1728500,,,,,,
marker_write,1129,58200,,,,,,
marker_sync,1129,1646000,,,,,,
append,1130,3069400,,,,,,
encode,1130,4700,,,,,,
data_write,1130,55500,,,,,,
data_sync,1130,1494900,,,,,,
marker_write,1130,56800,,,,,,
marker_sync,1130,1454600,,,,,,
append,1131,3018900,,,,,,
encode,1131,4500,,,,,,
data_write,1131,54000,,,,,,
data_sync,1131,1449700,,,,,,
marker_write,1131,51400,,,,,,
marker_sync,1131,1456900,,,,,,
append,1132,3365300,,,,,,
encode,1132,5100,,,,,,
data_write,1132,58900,,,,,,
data_sync,1132,1588800,,,,,,
marker_write,1132,51500,,,,,,
marker_sync,1132,1657400,,,,,,
append,1133,3449900,,,,,,
encode,1133,5600,,,,,,
data_write,1133,59900,,,,,,
data_sync,1133,1607700,,,,,,
marker_write,1133,49400,,,,,,
marker_sync,1133,1724400,,,,,,
append,1134,4198000,,,,,,
encode,1134,5700,,,,,,
data_write,1134,71400,,,,,,
data_sync,1134,1879300,,,,,,
marker_write,1134,47900,,,,,,
marker_sync,1134,2191100,,,,,,
append,1135,3539900,,,,,,
encode,1135,3800,,,,,,
data_write,1135,61800,,,,,,
data_sync,1135,1784800,,,,,,
marker_write,1135,49900,,,,,,
marker_sync,1135,1637200,,,,,,
append,1136,3303500,,,,,,
encode,1136,3700,,,,,,
data_write,1136,49300,,,,,,
data_sync,1136,1559800,,,,,,
marker_write,1136,41800,,,,,,
marker_sync,1136,1646400,,,,,,
append,1137,3217599,,,,,,
encode,1137,5000,,,,,,
data_write,1137,57400,,,,,,
data_sync,1137,1624999,,,,,,
marker_write,1137,51200,,,,,,
marker_sync,1137,1477000,,,,,,
append,1138,3045100,,,,,,
encode,1138,3700,,,,,,
data_write,1138,48200,,,,,,
data_sync,1138,1463300,,,,,,
marker_write,1138,49800,,,,,,
marker_sync,1138,1477800,,,,,,
append,1139,3037200,,,,,,
encode,1139,3900,,,,,,
data_write,1139,47000,,,,,,
data_sync,1139,1456200,,,,,,
marker_write,1139,37100,,,,,,
marker_sync,1139,1490900,,,,,,
append,1140,3169100,,,,,,
encode,1140,4000,,,,,,
data_write,1140,60200,,,,,,
data_sync,1140,1424500,,,,,,
marker_write,1140,37700,,,,,,
marker_sync,1140,1640400,,,,,,
append,1141,3330600,,,,,,
encode,1141,4300,,,,,,
data_write,1141,58300,,,,,,
data_sync,1141,1543300,,,,,,
marker_write,1141,44000,,,,,,
marker_sync,1141,1678000,,,,,,
append,1142,3200100,,,,,,
encode,1142,5600,,,,,,
data_write,1142,69400,,,,,,
data_sync,1142,1582800,,,,,,
marker_write,1142,47500,,,,,,
marker_sync,1142,1492100,,,,,,
append,1143,3526800,,,,,,
encode,1143,5400,,,,,,
data_write,1143,74200,,,,,,
data_sync,1143,1756400,,,,,,
marker_write,1143,55900,,,,,,
marker_sync,1143,1631800,,,,,,
append,1144,3358100,,,,,,
encode,1144,4700,,,,,,
data_write,1144,62900,,,,,,
data_sync,1144,1624600,,,,,,
marker_write,1144,55800,,,,,,
marker_sync,1144,1604500,,,,,,
append,1145,3181400,,,,,,
encode,1145,5600,,,,,,
data_write,1145,61100,,,,,,
data_sync,1145,1545900,,,,,,
marker_write,1145,48600,,,,,,
marker_sync,1145,1517600,,,,,,
append,1146,3249700,,,,,,
encode,1146,4800,,,,,,
data_write,1146,62800,,,,,,
data_sync,1146,1489500,,,,,,
marker_write,1146,50400,,,,,,
marker_sync,1146,1638700,,,,,,
append,1147,4036900,,,,,,
encode,1147,3700,,,,,,
data_write,1147,55800,,,,,,
data_sync,1147,1899300,,,,,,
marker_write,1147,66200,,,,,,
marker_sync,1147,2008700,,,,,,
append,1148,3831600,,,,,,
encode,1148,4100,,,,,,
data_write,1148,57900,,,,,,
data_sync,1148,2003800,,,,,,
marker_write,1148,59100,,,,,,
marker_sync,1148,1703700,,,,,,
append,1149,3172900,,,,,,
encode,1149,5900,,,,,,
data_write,1149,64100,,,,,,
data_sync,1149,1557700,,,,,,
marker_write,1149,40500,,,,,,
marker_sync,1149,1501700,,,,,,
append,1150,3290600,,,,,,
encode,1150,5100,,,,,,
data_write,1150,60800,,,,,,
data_sync,1150,1498800,,,,,,
marker_write,1150,48700,,,,,,
marker_sync,1150,1674800,,,,,,
append,1151,3364399,,,,,,
encode,1151,4700,,,,,,
data_write,1151,52700,,,,,,
data_sync,1151,1713300,,,,,,
marker_write,1151,41900,,,,,,
marker_sync,1151,1549899,,,,,,
append,1152,2924300,,,,,,
encode,1152,4600,,,,,,
data_write,1152,48600,,,,,,
data_sync,1152,1386400,,,,,,
marker_write,1152,37300,,,,,,
marker_sync,1152,1444800,,,,,,
append,1153,2935400,,,,,,
encode,1153,2900,,,,,,
data_write,1153,48700,,,,,,
data_sync,1153,1430800,,,,,,
marker_write,1153,38200,,,,,,
marker_sync,1153,1413300,,,,,,
append,1154,2915100,,,,,,
encode,1154,3800,,,,,,
data_write,1154,45100,,,,,,
data_sync,1154,1461400,,,,,,
marker_write,1154,40000,,,,,,
marker_sync,1154,1362700,,,,,,
append,1155,3006900,,,,,,
encode,1155,2800,,,,,,
data_write,1155,44900,,,,,,
data_sync,1155,1449700,,,,,,
marker_write,1155,47300,,,,,,
marker_sync,1155,1458500,,,,,,
append,1156,3424300,,,,,,
encode,1156,4500,,,,,,
data_write,1156,52300,,,,,,
data_sync,1156,1599000,,,,,,
marker_write,1156,45500,,,,,,
marker_sync,1156,1720300,,,,,,
append,1157,3761600,,,,,,
encode,1157,5100,,,,,,
data_write,1157,58400,,,,,,
data_sync,1157,1820300,,,,,,
marker_write,1157,44800,,,,,,
marker_sync,1157,1830400,,,,,,
append,1158,3305900,,,,,,
encode,1158,5700,,,,,,
data_write,1158,58100,,,,,,
data_sync,1158,1590800,,,,,,
marker_write,1158,50700,,,,,,
marker_sync,1158,1597600,,,,,,
append,1159,3219300,,,,,,
encode,1159,3500,,,,,,
data_write,1159,48800,,,,,,
data_sync,1159,1551000,,,,,,
marker_write,1159,40300,,,,,,
marker_sync,1159,1573700,,,,,,
append,1160,3383300,,,,,,
encode,1160,3600,,,,,,
data_write,1160,44600,,,,,,
data_sync,1160,1536200,,,,,,
marker_write,1160,45600,,,,,,
marker_sync,1160,1750600,,,,,,
append,1161,3721600,,,,,,
encode,1161,6200,,,,,,
data_write,1161,68600,,,,,,
data_sync,1161,1772500,,,,,,
marker_write,1161,59900,,,,,,
marker_sync,1161,1811500,,,,,,
append,1162,3103700,,,,,,
encode,1162,5400,,,,,,
data_write,1162,66200,,,,,,
data_sync,1162,1531700,,,,,,
marker_write,1162,41500,,,,,,
marker_sync,1162,1455700,,,,,,
append,1163,3178500,,,,,,
encode,1163,4000,,,,,,
data_write,1163,57400,,,,,,
data_sync,1163,1616600,,,,,,
marker_write,1163,41000,,,,,,
marker_sync,1163,1456100,,,,,,
append,1164,3102100,,,,,,
encode,1164,5500,,,,,,
data_write,1164,62400,,,,,,
data_sync,1164,1529200,,,,,,
marker_write,1164,59300,,,,,,
marker_sync,1164,1443000,,,,,,
append,1165,3297700,,,,,,
encode,1165,4300,,,,,,
data_write,1165,48000,,,,,,
data_sync,1165,1503600,,,,,,
marker_write,1165,51800,,,,,,
marker_sync,1165,1687100,,,,,,
append,1166,3170599,,,,,,
encode,1166,7200,,,,,,
data_write,1166,66200,,,,,,
data_sync,1166,1527600,,,,,,
marker_write,1166,55400,,,,,,
marker_sync,1166,1511699,,,,,,
append,1167,3120200,,,,,,
encode,1167,5000,,,,,,
data_write,1167,70800,,,,,,
data_sync,1167,1498900,,,,,,
marker_write,1167,75000,,,,,,
marker_sync,1167,1467500,,,,,,
append,1168,3065800,,,,,,
encode,1168,3600,,,,,,
data_write,1168,47700,,,,,,
data_sync,1168,1457900,,,,,,
marker_write,1168,49800,,,,,,
marker_sync,1168,1504300,,,,,,
append,1169,3182800,,,,,,
encode,1169,3100,,,,,,
data_write,1169,47200,,,,,,
data_sync,1169,1487600,,,,,,
marker_write,1169,39000,,,,,,
marker_sync,1169,1603800,,,,,,
append,1170,3512700,,,,,,
encode,1170,4600,,,,,,
data_write,1170,69300,,,,,,
data_sync,1170,1635000,,,,,,
marker_write,1170,52700,,,,,,
marker_sync,1170,1748300,,,,,,
append,1171,3604500,,,,,,
encode,1171,4700,,,,,,
data_write,1171,65400,,,,,,
data_sync,1171,1800100,,,,,,
marker_write,1171,43700,,,,,,
marker_sync,1171,1687200,,,,,,
append,1172,3186500,,,,,,
encode,1172,3500,,,,,,
data_write,1172,47200,,,,,,
data_sync,1172,1518000,,,,,,
marker_write,1172,37100,,,,,,
marker_sync,1172,1579300,,,,,,
append,1173,3158500,,,,,,
encode,1173,3700,,,,,,
data_write,1173,42700,,,,,,
data_sync,1173,1497400,,,,,,
marker_write,1173,36600,,,,,,
marker_sync,1173,1575800,,,,,,
append,1174,3233600,,,,,,
encode,1174,3400,,,,,,
data_write,1174,47300,,,,,,
data_sync,1174,1502300,,,,,,
marker_write,1174,35700,,,,,,
marker_sync,1174,1641700,,,,,,
append,1175,3732600,,,,,,
encode,1175,5100,,,,,,
data_write,1175,66900,,,,,,
data_sync,1175,1645100,,,,,,
marker_write,1175,57200,,,,,,
marker_sync,1175,1954200,,,,,,
append,1176,3449500,,,,,,
encode,1176,6200,,,,,,
data_write,1176,62900,,,,,,
data_sync,1176,1752700,,,,,,
marker_write,1176,59800,,,,,,
marker_sync,1176,1564400,,,,,,
append,1177,3227400,,,,,,
encode,1177,3900,,,,,,
data_write,1177,51000,,,,,,
data_sync,1177,1620400,,,,,,
marker_write,1177,41100,,,,,,
marker_sync,1177,1508700,,,,,,
append,1178,3248000,,,,,,
encode,1178,4300,,,,,,
data_write,1178,49200,,,,,,
data_sync,1178,1551300,,,,,,
marker_write,1178,39600,,,,,,
marker_sync,1178,1601000,,,,,,
append,1179,3420800,,,,,,
encode,1179,4800,,,,,,
data_write,1179,62900,,,,,,
data_sync,1179,1567900,,,,,,
marker_write,1179,40400,,,,,,
marker_sync,1179,1742500,,,,,,
append,1180,4049400,,,,,,
encode,1180,4700,,,,,,
data_write,1180,47600,,,,,,
data_sync,1180,1807100,,,,,,
marker_write,1180,56100,,,,,,
marker_sync,1180,2131600,,,,,,
append,1181,3455199,,,,,,
encode,1181,4300,,,,,,
data_write,1181,55299,,,,,,
data_sync,1181,1756200,,,,,,
marker_write,1181,42000,,,,,,
marker_sync,1181,1594800,,,,,,
append,1182,3557900,,,,,,
encode,1182,5300,,,,,,
data_write,1182,66200,,,,,,
data_sync,1182,1738000,,,,,,
marker_write,1182,44900,,,,,,
marker_sync,1182,1701300,,,,,,
append,1183,3495300,,,,,,
encode,1183,3800,,,,,,
data_write,1183,47900,,,,,,
data_sync,1183,1727300,,,,,,
marker_write,1183,39700,,,,,,
marker_sync,1183,1674500,,,,,,
append,1184,3512900,,,,,,
encode,1184,4200,,,,,,
data_write,1184,46500,,,,,,
data_sync,1184,1699200,,,,,,
marker_write,1184,43700,,,,,,
marker_sync,1184,1716900,,,,,,
append,1185,3805300,,,,,,
encode,1185,4500,,,,,,
data_write,1185,50800,,,,,,
data_sync,1185,1613700,,,,,,
marker_write,1185,52500,,,,,,
marker_sync,1185,2081100,,,,,,
append,1186,3554200,,,,,,
encode,1186,4800,,,,,,
data_write,1186,55200,,,,,,
data_sync,1186,1760900,,,,,,
marker_write,1186,41300,,,,,,
marker_sync,1186,1689800,,,,,,
append,1187,3741100,,,,,,
encode,1187,3600,,,,,,
data_write,1187,47500,,,,,,
data_sync,1187,1712200,,,,,,
marker_write,1187,50400,,,,,,
marker_sync,1187,1924700,,,,,,
append,1188,3664400,,,,,,
encode,1188,5600,,,,,,
data_write,1188,64000,,,,,,
data_sync,1188,1747300,,,,,,
marker_write,1188,53200,,,,,,
marker_sync,1188,1792000,,,,,,
append,1189,3221900,,,,,,
encode,1189,4300,,,,,,
data_write,1189,55100,,,,,,
data_sync,1189,1580400,,,,,,
marker_write,1189,45000,,,,,,
marker_sync,1189,1533900,,,,,,
append,1190,4010900,,,,,,
encode,1190,5500,,,,,,
data_write,1190,61400,,,,,,
data_sync,1190,2009900,,,,,,
marker_write,1190,61900,,,,,,
marker_sync,1190,1869600,,,,,,
append,1191,4124300,,,,,,
encode,1191,5000,,,,,,
data_write,1191,64800,,,,,,
data_sync,1191,2070400,,,,,,
marker_write,1191,80200,,,,,,
marker_sync,1191,1899800,,,,,,
append,1192,3961200,,,,,,
encode,1192,6500,,,,,,
data_write,1192,97100,,,,,,
data_sync,1192,1921700,,,,,,
marker_write,1192,67600,,,,,,
marker_sync,1192,1864700,,,,,,
append,1193,3584600,,,,,,
encode,1193,5100,,,,,,
data_write,1193,59900,,,,,,
data_sync,1193,1798900,,,,,,
marker_write,1193,43400,,,,,,
marker_sync,1193,1674400,,,,,,
append,1194,3556599,,,,,,
encode,1194,3600,,,,,,
data_write,1194,48200,,,,,,
data_sync,1194,1670399,,,,,,
marker_write,1194,53500,,,,,,
marker_sync,1194,1777900,,,,,,
append,1195,3375200,,,,,,
encode,1195,5500,,,,,,
data_write,1195,69800,,,,,,
data_sync,1195,1663400,,,,,,
marker_write,1195,44400,,,,,,
marker_sync,1195,1589700,,,,,,
append,1196,3382600,,,,,,
encode,1196,4600,,,,,,
data_write,1196,65600,,,,,,
data_sync,1196,1599700,,,,,,
marker_write,1196,38100,,,,,,
marker_sync,1196,1671600,,,,,,
append,1197,3627800,,,,,,
encode,1197,3700,,,,,,
data_write,1197,50000,,,,,,
data_sync,1197,1877600,,,,,,
marker_write,1197,57000,,,,,,
marker_sync,1197,1637000,,,,,,
append,1198,3352200,,,,,,
encode,1198,3600,,,,,,
data_write,1198,47800,,,,,,
data_sync,1198,1620200,,,,,,
marker_write,1198,44300,,,,,,
marker_sync,1198,1633400,,,,,,
append,1199,3403400,,,,,,
encode,1199,3200,,,,,,
data_write,1199,46100,,,,,,
data_sync,1199,1652200,,,,,,
marker_write,1199,49600,,,,,,
marker_sync,1199,1649900,,,,,,
append,1200,3689400,,,,,,
encode,1200,4000,,,,,,
data_write,1200,51000,,,,,,
data_sync,1200,1802800,,,,,,
marker_write,1200,59300,,,,,,
marker_sync,1200,1769400,,,,,,
append,1201,3816800,,,,,,
encode,1201,4400,,,,,,
data_write,1201,54900,,,,,,
data_sync,1201,1700800,,,,,,
marker_write,1201,60700,,,,,,
marker_sync,1201,1992100,,,,,,
append,1202,4051600,,,,,,
encode,1202,5500,,,,,,
data_write,1202,74600,,,,,,
data_sync,1202,1952000,,,,,,
marker_write,1202,47600,,,,,,
marker_sync,1202,1968700,,,,,,
append,1203,4137400,,,,,,
encode,1203,5500,,,,,,
data_write,1203,74600,,,,,,
data_sync,1203,2011100,,,,,,
marker_write,1203,62700,,,,,,
marker_sync,1203,1980200,,,,,,
append,1204,3560700,,,,,,
encode,1204,6400,,,,,,
data_write,1204,66800,,,,,,
data_sync,1204,1682500,,,,,,
marker_write,1204,48900,,,,,,
marker_sync,1204,1753600,,,,,,
append,1205,3827400,,,,,,
encode,1205,5400,,,,,,
data_write,1205,61600,,,,,,
data_sync,1205,1800500,,,,,,
marker_write,1205,56000,,,,,,
marker_sync,1205,1901400,,,,,,
append,1206,3481200,,,,,,
encode,1206,5500,,,,,,
data_write,1206,64300,,,,,,
data_sync,1206,1705700,,,,,,
marker_write,1206,58200,,,,,,
marker_sync,1206,1644200,,,,,,
append,1207,3303499,,,,,,
encode,1207,5600,,,,,,
data_write,1207,61300,,,,,,
data_sync,1207,1588499,,,,,,
marker_write,1207,41700,,,,,,
marker_sync,1207,1604000,,,,,,
append,1208,3439500,,,,,,
encode,1208,4300,,,,,,
data_write,1208,46200,,,,,,
data_sync,1208,1691500,,,,,,
marker_write,1208,55400,,,,,,
marker_sync,1208,1638500,,,,,,
append,1209,3915600,,,,,,
encode,1209,5700,,,,,,
data_write,1209,64800,,,,,,
data_sync,1209,2009700,,,,,,
marker_write,1209,62000,,,,,,
marker_sync,1209,1770300,,,,,,
append,1210,3934900,,,,,,
encode,1210,5600,,,,,,
data_write,1210,57800,,,,,,
data_sync,1210,1963300,,,,,,
marker_write,1210,59500,,,,,,
marker_sync,1210,1846200,,,,,,
append,1211,3740400,,,,,,
encode,1211,5000,,,,,,
data_write,1211,50200,,,,,,
data_sync,1211,1819500,,,,,,
marker_write,1211,50900,,,,,,
marker_sync,1211,1811900,,,,,,
append,1212,3746500,,,,,,
encode,1212,5700,,,,,,
data_write,1212,51800,,,,,,
data_sync,1212,1710300,,,,,,
marker_write,1212,56400,,,,,,
marker_sync,1212,1918900,,,,,,
append,1213,3932200,,,,,,
encode,1213,5700,,,,,,
data_write,1213,39000,,,,,,
data_sync,1213,1795300,,,,,,
marker_write,1213,48500,,,,,,
marker_sync,1213,2041000,,,,,,
append,1214,4027900,,,,,,
encode,1214,6400,,,,,,
data_write,1214,67400,,,,,,
data_sync,1214,2146300,,,,,,
marker_write,1214,112200,,,,,,
marker_sync,1214,1691400,,,,,,
append,1215,3829600,,,,,,
encode,1215,6300,,,,,,
data_write,1215,90900,,,,,,
data_sync,1215,1876600,,,,,,
marker_write,1215,31800,,,,,,
marker_sync,1215,1820600,,,,,,
append,1216,4040800,,,,,,
encode,1216,5500,,,,,,
data_write,1216,99000,,,,,,
data_sync,1216,1764300,,,,,,
marker_write,1216,50600,,,,,,
marker_sync,1216,2117500,,,,,,
append,1217,3859700,,,,,,
encode,1217,4500,,,,,,
data_write,1217,62900,,,,,,
data_sync,1217,1887900,,,,,,
marker_write,1217,58000,,,,,,
marker_sync,1217,1843600,,,,,,
append,1218,4192900,,,,,,
encode,1218,5900,,,,,,
data_write,1218,79800,,,,,,
data_sync,1218,2165900,,,,,,
marker_write,1218,58500,,,,,,
marker_sync,1218,1879900,,,,,,
append,1219,4059399,,,,,,
encode,1219,5700,,,,,,
data_write,1219,62000,,,,,,
data_sync,1219,1852000,,,,,,
marker_write,1219,60800,,,,,,
marker_sync,1219,2075499,,,,,,
append,1220,4126300,,,,,,
encode,1220,5000,,,,,,
data_write,1220,86200,,,,,,
data_sync,1220,1923600,,,,,,
marker_write,1220,65700,,,,,,
marker_sync,1220,2041900,,,,,,
append,1221,3856900,,,,,,
encode,1221,7300,,,,,,
data_write,1221,72800,,,,,,
data_sync,1221,1861900,,,,,,
marker_write,1221,58600,,,,,,
marker_sync,1221,1853100,,,,,,
append,1222,3759300,,,,,,
encode,1222,4300,,,,,,
data_write,1222,60800,,,,,,
data_sync,1222,1906000,,,,,,
marker_write,1222,50700,,,,,,
marker_sync,1222,1734400,,,,,,
append,1223,3213600,,,,,,
encode,1223,5800,,,,,,
data_write,1223,67900,,,,,,
data_sync,1223,1534400,,,,,,
marker_write,1223,42700,,,,,,
marker_sync,1223,1560000,,,,,,
append,1224,4127900,,,,,,
encode,1224,4900,,,,,,
data_write,1224,58900,,,,,,
data_sync,1224,1882300,,,,,,
marker_write,1224,33100,,,,,,
marker_sync,1224,2145500,,,,,,
append,1225,4020400,,,,,,
encode,1225,6400,,,,,,
data_write,1225,66100,,,,,,
data_sync,1225,2146600,,,,,,
marker_write,1225,48700,,,,,,
marker_sync,1225,1749100,,,,,,
append,1226,3824400,,,,,,
encode,1226,5300,,,,,,
data_write,1226,75000,,,,,,
data_sync,1226,1777800,,,,,,
marker_write,1226,55400,,,,,,
marker_sync,1226,1907100,,,,,,
append,1227,3387900,,,,,,
encode,1227,5700,,,,,,
data_write,1227,74200,,,,,,
data_sync,1227,1594400,,,,,,
marker_write,1227,60600,,,,,,
marker_sync,1227,1649500,,,,,,
append,1228,3559500,,,,,,
encode,1228,4800,,,,,,
data_write,1228,58300,,,,,,
data_sync,1228,1758900,,,,,,
marker_write,1228,55000,,,,,,
marker_sync,1228,1679900,,,,,,
append,1229,3299300,,,,,,
encode,1229,4600,,,,,,
data_write,1229,51100,,,,,,
data_sync,1229,1592200,,,,,,
marker_write,1229,54500,,,,,,
marker_sync,1229,1594000,,,,,,
append,1230,4295400,,,,,,
encode,1230,4700,,,,,,
data_write,1230,52300,,,,,,
data_sync,1230,2304200,,,,,,
marker_write,1230,69400,,,,,,
marker_sync,1230,1860700,,,,,,
append,1231,7872499,,,,,,
encode,1231,5500,,,,,,
data_write,1231,69600,,,,,,
data_sync,1231,1777500,,,,,,
marker_write,1231,56800,,,,,,
marker_sync,1231,5958999,,,,,,
append,1232,4342900,,,,,,
encode,1232,6000,,,,,,
data_write,1232,76100,,,,,,
data_sync,1232,2280700,,,,,,
marker_write,1232,61800,,,,,,
marker_sync,1232,1914600,,,,,,
append,1233,8489800,,,,,,
encode,1233,6400,,,,,,
data_write,1233,74000,,,,,,
data_sync,1233,1989800,,,,,,
marker_write,1233,62200,,,,,,
marker_sync,1233,6353500,,,,,,
append,1234,3658100,,,,,,
encode,1234,5500,,,,,,
data_write,1234,78400,,,,,,
data_sync,1234,1848800,,,,,,
marker_write,1234,50900,,,,,,
marker_sync,1234,1671200,,,,,,
append,1235,3564900,,,,,,
encode,1235,4900,,,,,,
data_write,1235,56500,,,,,,
data_sync,1235,1647600,,,,,,
marker_write,1235,60800,,,,,,
marker_sync,1235,1790300,,,,,,
append,1236,3966300,,,,,,
encode,1236,6400,,,,,,
data_write,1236,63200,,,,,,
data_sync,1236,2008600,,,,,,
marker_write,1236,62800,,,,,,
marker_sync,1236,1822000,,,,,,
append,1237,3402800,,,,,,
encode,1237,5000,,,,,,
data_write,1237,61300,,,,,,
data_sync,1237,1693400,,,,,,
marker_write,1237,57600,,,,,,
marker_sync,1237,1581700,,,,,,
append,1238,3350000,,,,,,
encode,1238,5500,,,,,,
data_write,1238,66600,,,,,,
data_sync,1238,1638300,,,,,,
marker_write,1238,57100,,,,,,
marker_sync,1238,1579800,,,,,,
append,1239,3716900,,,,,,
encode,1239,3500,,,,,,
data_write,1239,51000,,,,,,
data_sync,1239,1594300,,,,,,
marker_write,1239,43400,,,,,,
marker_sync,1239,2021900,,,,,,
append,1240,3796200,,,,,,
encode,1240,5200,,,,,,
data_write,1240,64900,,,,,,
data_sync,1240,1769400,,,,,,
marker_write,1240,42600,,,,,,
marker_sync,1240,1910900,,,,,,
append,1241,3759600,,,,,,
encode,1241,5300,,,,,,
data_write,1241,70200,,,,,,
data_sync,1241,2017800,,,,,,
marker_write,1241,52200,,,,,,
marker_sync,1241,1611100,,,,,,
append,1242,3409700,,,,,,
encode,1242,4400,,,,,,
data_write,1242,49600,,,,,,
data_sync,1242,1607800,,,,,,
marker_write,1242,40300,,,,,,
marker_sync,1242,1703900,,,,,,
append,1243,3642699,,,,,,
encode,1243,5200,,,,,,
data_write,1243,67600,,,,,,
data_sync,1243,1794099,,,,,,
marker_write,1243,46700,,,,,,
marker_sync,1243,1726300,,,,,,
append,1244,3523500,,,,,,
encode,1244,5700,,,,,,
data_write,1244,106000,,,,,,
data_sync,1244,1700200,,,,,,
marker_write,1244,49000,,,,,,
marker_sync,1244,1658900,,,,,,
append,1245,4069600,,,,,,
encode,1245,4200,,,,,,
data_write,1245,54300,,,,,,
data_sync,1245,2004000,,,,,,
marker_write,1245,58700,,,,,,
marker_sync,1245,1945000,,,,,,
append,1246,3937100,,,,,,
encode,1246,5600,,,,,,
data_write,1246,87800,,,,,,
data_sync,1246,1967900,,,,,,
marker_write,1246,57200,,,,,,
marker_sync,1246,1814900,,,,,,
append,1247,3857800,,,,,,
encode,1247,5900,,,,,,
data_write,1247,68400,,,,,,
data_sync,1247,1866000,,,,,,
marker_write,1247,74000,,,,,,
marker_sync,1247,1839300,,,,,,
append,1248,3279300,,,,,,
encode,1248,6200,,,,,,
data_write,1248,80200,,,,,,
data_sync,1248,1599600,,,,,,
marker_write,1248,50100,,,,,,
marker_sync,1248,1540100,,,,,,
append,1249,3886000,,,,,,
encode,1249,7200,,,,,,
data_write,1249,65700,,,,,,
data_sync,1249,1899400,,,,,,
marker_write,1249,59100,,,,,,
marker_sync,1249,1850800,,,,,,
append,1250,3687500,,,,,,
encode,1250,5800,,,,,,
data_write,1250,74200,,,,,,
data_sync,1250,1763200,,,,,,
marker_write,1250,69200,,,,,,
marker_sync,1250,1771100,,,,,,
append,1251,5497100,,,,,,
encode,1251,5100,,,,,,
data_write,1251,63400,,,,,,
data_sync,1251,2328000,,,,,,
marker_write,1251,70900,,,,,,
marker_sync,1251,3026300,,,,,,
append,1252,6573400,,,,,,
encode,1252,4300,,,,,,
data_write,1252,59200,,,,,,
data_sync,1252,1793600,,,,,,
marker_write,1252,60900,,,,,,
marker_sync,1252,4651600,,,,,,
append,1253,4511000,,,,,,
encode,1253,6700,,,,,,
data_write,1253,87400,,,,,,
data_sync,1253,2414800,,,,,,
marker_write,1253,66900,,,,,,
marker_sync,1253,1931800,,,,,,
append,1254,4365499,,,,,,
encode,1254,5200,,,,,,
data_write,1254,111400,,,,,,
data_sync,1254,2154400,,,,,,
marker_write,1254,67000,,,,,,
marker_sync,1254,2024199,,,,,,
append,1255,3753400,,,,,,
encode,1255,4800,,,,,,
data_write,1255,51700,,,,,,
data_sync,1255,1813200,,,,,,
marker_write,1255,56600,,,,,,
marker_sync,1255,1825000,,,,,,
append,1256,3959000,,,,,,
encode,1256,3800,,,,,,
data_write,1256,52100,,,,,,
data_sync,1256,1830100,,,,,,
marker_write,1256,56500,,,,,,
marker_sync,1256,2012200,,,,,,
append,1257,4014800,,,,,,
encode,1257,6500,,,,,,
data_write,1257,66200,,,,,,
data_sync,1257,2066100,,,,,,
marker_write,1257,64300,,,,,,
marker_sync,1257,1808400,,,,,,
append,1258,3623600,,,,,,
encode,1258,5700,,,,,,
data_write,1258,73500,,,,,,
data_sync,1258,1763200,,,,,,
marker_write,1258,61600,,,,,,
marker_sync,1258,1684600,,,,,,
append,1259,3909000,,,,,,
encode,1259,6300,,,,,,
data_write,1259,66600,,,,,,
data_sync,1259,1900700,,,,,,
marker_write,1259,57600,,,,,,
marker_sync,1259,1874400,,,,,,
append,1260,3662100,,,,,,
encode,1260,5200,,,,,,
data_write,1260,67500,,,,,,
data_sync,1260,1878000,,,,,,
marker_write,1260,59300,,,,,,
marker_sync,1260,1649100,,,,,,
append,1261,3486600,,,,,,
encode,1261,3900,,,,,,
data_write,1261,52600,,,,,,
data_sync,1261,1611200,,,,,,
marker_write,1261,42100,,,,,,
marker_sync,1261,1774400,,,,,,
append,1262,3133600,,,,,,
encode,1262,3800,,,,,,
data_write,1262,52300,,,,,,
data_sync,1262,1527100,,,,,,
marker_write,1262,40800,,,,,,
marker_sync,1262,1507100,,,,,,
append,1263,4088500,,,,,,
encode,1263,3100,,,,,,
data_write,1263,48000,,,,,,
data_sync,1263,1851200,,,,,,
marker_write,1263,47100,,,,,,
marker_sync,1263,2135800,,,,,,
append,1264,3477200,,,,,,
encode,1264,5800,,,,,,
data_write,1264,34000,,,,,,
data_sync,1264,1605000,,,,,,
marker_write,1264,50700,,,,,,
marker_sync,1264,1778800,,,,,,
append,1265,3756300,,,,,,
encode,1265,5600,,,,,,
data_write,1265,69300,,,,,,
data_sync,1265,1865900,,,,,,
marker_write,1265,58100,,,,,,
marker_sync,1265,1754700,,,,,,
append,1266,3691000,,,,,,
encode,1266,5300,,,,,,
data_write,1266,62400,,,,,,
data_sync,1266,1719900,,,,,,
marker_write,1266,50300,,,,,,
marker_sync,1266,1849900,,,,,,
append,1267,3671799,,,,,,
encode,1267,5900,,,,,,
data_write,1267,60300,,,,,,
data_sync,1267,1760700,,,,,,
marker_write,1267,55200,,,,,,
marker_sync,1267,1786799,,,,,,
append,1268,3898100,,,,,,
encode,1268,6500,,,,,,
data_write,1268,67900,,,,,,
data_sync,1268,1918000,,,,,,
marker_write,1268,50700,,,,,,
marker_sync,1268,1852200,,,,,,
append,1269,3659200,,,,,,
encode,1269,5500,,,,,,
data_write,1269,56200,,,,,,
data_sync,1269,1790100,,,,,,
marker_write,1269,48500,,,,,,
marker_sync,1269,1756200,,,,,,
append,1270,3623800,,,,,,
encode,1270,5600,,,,,,
data_write,1270,59700,,,,,,
data_sync,1270,1713500,,,,,,
marker_write,1270,46600,,,,,,
marker_sync,1270,1794800,,,,,,
append,1271,3738200,,,,,,
encode,1271,5000,,,,,,
data_write,1271,59700,,,,,,
data_sync,1271,1912500,,,,,,
marker_write,1271,89200,,,,,,
marker_sync,1271,1669000,,,,,,
append,1272,3514600,,,,,,
encode,1272,5000,,,,,,
data_write,1272,67700,,,,,,
data_sync,1272,1795000,,,,,,
marker_write,1272,52900,,,,,,
marker_sync,1272,1591300,,,,,,
append,1273,3705600,,,,,,
encode,1273,3800,,,,,,
data_write,1273,51100,,,,,,
data_sync,1273,1763800,,,,,,
marker_write,1273,57700,,,,,,
marker_sync,1273,1825900,,,,,,
append,1274,3971200,,,,,,
encode,1274,5100,,,,,,
data_write,1274,75000,,,,,,
data_sync,1274,2195800,,,,,,
marker_write,1274,25400,,,,,,
marker_sync,1274,1666300,,,,,,
append,1275,3512500,,,,,,
encode,1275,5000,,,,,,
data_write,1275,59200,,,,,,
data_sync,1275,1875200,,,,,,
marker_write,1275,59700,,,,,,
marker_sync,1275,1509700,,,,,,
append,1276,4011800,,,,,,
encode,1276,5500,,,,,,
data_write,1276,86400,,,,,,
data_sync,1276,1513700,,,,,,
marker_write,1276,60100,,,,,,
marker_sync,1276,2342600,,,,,,
append,1277,4739100,,,,,,
encode,1277,5200,,,,,,
data_write,1277,72000,,,,,,
data_sync,1277,3014000,,,,,,
marker_write,1277,71800,,,,,,
marker_sync,1277,1572200,,,,,,
append,1278,4015200,,,,,,
encode,1278,4800,,,,,,
data_write,1278,58200,,,,,,
data_sync,1278,1830000,,,,,,
marker_write,1278,61900,,,,,,
marker_sync,1278,2056800,,,,,,
append,1279,4267300,,,,,,
encode,1279,6000,,,,,,
data_write,1279,76700,,,,,,
data_sync,1279,2105400,,,,,,
marker_write,1279,62000,,,,,,
marker_sync,1279,2013400,,,,,,
append,1280,4308999,,,,,,
encode,1280,5600,,,,,,
data_write,1280,76700,,,,,,
data_sync,1280,2032899,,,,,,
marker_write,1280,96500,,,,,,
marker_sync,1280,2093300,,,,,,
append,1281,7505900,,,,,,
encode,1281,5600,,,,,,
data_write,1281,160800,,,,,,
data_sync,1281,5157300,,,,,,
marker_write,1281,68600,,,,,,
marker_sync,1281,2109900,,,,,,
append,1282,3928000,,,,,,
encode,1282,6200,,,,,,
data_write,1282,79200,,,,,,
data_sync,1282,1914400,,,,,,
marker_write,1282,61400,,,,,,
marker_sync,1282,1862700,,,,,,
append,1283,3610200,,,,,,
encode,1283,5700,,,,,,
data_write,1283,74200,,,,,,
data_sync,1283,1745900,,,,,,
marker_write,1283,51400,,,,,,
marker_sync,1283,1729600,,,,,,
append,1284,4257100,,,,,,
encode,1284,6400,,,,,,
data_write,1284,81800,,,,,,
data_sync,1284,2000700,,,,,,
marker_write,1284,61900,,,,,,
marker_sync,1284,2102100,,,,,,
append,1285,3712600,,,,,,
encode,1285,5700,,,,,,
data_write,1285,73500,,,,,,
data_sync,1285,1913300,,,,,,
marker_write,1285,52100,,,,,,
marker_sync,1285,1665400,,,,,,
append,1286,3628700,,,,,,
encode,1286,4600,,,,,,
data_write,1286,53200,,,,,,
data_sync,1286,1833300,,,,,,
marker_write,1286,38400,,,,,,
marker_sync,1286,1696500,,,,,,
append,1287,3091000,,,,,,
encode,1287,4400,,,,,,
data_write,1287,54300,,,,,,
data_sync,1287,1513000,,,,,,
marker_write,1287,41600,,,,,,
marker_sync,1287,1475800,,,,,,
append,1288,3062400,,,,,,
encode,1288,3200,,,,,,
data_write,1288,46400,,,,,,
data_sync,1288,1495800,,,,,,
marker_write,1288,39800,,,,,,
marker_sync,1288,1474800,,,,,,
append,1289,3352600,,,,,,
encode,1289,4900,,,,,,
data_write,1289,60600,,,,,,
data_sync,1289,1598700,,,,,,
marker_write,1289,43600,,,,,,
marker_sync,1289,1642500,,,,,,
append,1290,3028700,,,,,,
encode,1290,3900,,,,,,
data_write,1290,48600,,,,,,
data_sync,1290,1511500,,,,,,
marker_write,1290,41300,,,,,,
marker_sync,1290,1421100,,,,,,
append,1291,2956100,,,,,,
encode,1291,3700,,,,,,
data_write,1291,47500,,,,,,
data_sync,1291,1425000,,,,,,
marker_write,1291,38000,,,,,,
marker_sync,1291,1440000,,,,,,
append,1292,3349499,,,,,,
encode,1292,3800,,,,,,
data_write,1292,47000,,,,,,
data_sync,1292,1699500,,,,,,
marker_write,1292,58100,,,,,,
marker_sync,1292,1538499,,,,,,
append,1293,4060600,,,,,,
encode,1293,4500,,,,,,
data_write,1293,54100,,,,,,
data_sync,1293,1797100,,,,,,
marker_write,1293,55200,,,,,,
marker_sync,1293,2146600,,,,,,
append,1294,3567600,,,,,,
encode,1294,5400,,,,,,
data_write,1294,68800,,,,,,
data_sync,1294,1712000,,,,,,
marker_write,1294,53800,,,,,,
marker_sync,1294,1724900,,,,,,
append,1295,3661600,,,,,,
encode,1295,4700,,,,,,
data_write,1295,64300,,,,,,
data_sync,1295,1772100,,,,,,
marker_write,1295,52500,,,,,,
marker_sync,1295,1764700,,,,,,
append,1296,3627400,,,,,,
encode,1296,5500,,,,,,
data_write,1296,62900,,,,,,
data_sync,1296,1687300,,,,,,
marker_write,1296,49700,,,,,,
marker_sync,1296,1784400,,,,,,
append,1297,3703500,,,,,,
encode,1297,5200,,,,,,
data_write,1297,63800,,,,,,
data_sync,1297,1727800,,,,,,
marker_write,1297,57200,,,,,,
marker_sync,1297,1845800,,,,,,
append,1298,3779500,,,,,,
encode,1298,5700,,,,,,
data_write,1298,68500,,,,,,
data_sync,1298,1829100,,,,,,
marker_write,1298,54200,,,,,,
marker_sync,1298,1818700,,,,,,
append,1299,3750500,,,,,,
encode,1299,4800,,,,,,
data_write,1299,67800,,,,,,
data_sync,1299,1872300,,,,,,
marker_write,1299,59200,,,,,,
marker_sync,1299,1743500,,,,,,
append,1300,3692300,,,,,,
encode,1300,5400,,,,,,
data_write,1300,63700,,,,,,
data_sync,1300,1687300,,,,,,
marker_write,1300,52200,,,,,,
marker_sync,1300,1880500,,,,,,
append,1301,4565400,,,,,,
encode,1301,5400,,,,,,
data_write,1301,80000,,,,,,
data_sync,1301,2469800,,,,,,
marker_write,1301,59700,,,,,,
marker_sync,1301,1947100,,,,,,
append,1302,4168700,,,,,,
encode,1302,5600,,,,,,
data_write,1302,62700,,,,,,
data_sync,1302,1948500,,,,,,
marker_write,1302,71400,,,,,,
marker_sync,1302,2075900,,,,,,
append,1303,4041100,,,,,,
encode,1303,7700,,,,,,
data_write,1303,78200,,,,,,
data_sync,1303,2090900,,,,,,
marker_write,1303,74500,,,,,,
marker_sync,1303,1786700,,,,,,
append,1304,6116599,,,,,,
encode,1304,5200,,,,,,
data_write,1304,59800,,,,,,
data_sync,1304,4031300,,,,,,
marker_write,1304,67600,,,,,,
marker_sync,1304,1948699,,,,,,
append,1305,3560000,,,,,,
encode,1305,5700,,,,,,
data_write,1305,76900,,,,,,
data_sync,1305,1667800,,,,,,
marker_write,1305,55300,,,,,,
marker_sync,1305,1750300,,,,,,
append,1306,3419400,,,,,,
encode,1306,6000,,,,,,
data_write,1306,65000,,,,,,
data_sync,1306,1704300,,,,,,
marker_write,1306,48300,,,,,,
marker_sync,1306,1591800,,,,,,
append,1307,3344000,,,,,,
encode,1307,8400,,,,,,
data_write,1307,69600,,,,,,
data_sync,1307,1621800,,,,,,
marker_write,1307,56300,,,,,,
marker_sync,1307,1584500,,,,,,
append,1308,3230900,,,,,,
encode,1308,6000,,,,,,
data_write,1308,56600,,,,,,
data_sync,1308,1568700,,,,,,
marker_write,1308,55000,,,,,,
marker_sync,1308,1541700,,,,,,
append,1309,3697100,,,,,,
encode,1309,5300,,,,,,
data_write,1309,65300,,,,,,
data_sync,1309,1778700,,,,,,
marker_write,1309,58700,,,,,,
marker_sync,1309,1785600,,,,,,
append,1310,3905100,,,,,,
encode,1310,5900,,,,,,
data_write,1310,82700,,,,,,
data_sync,1310,1961000,,,,,,
marker_write,1310,55800,,,,,,
marker_sync,1310,1796800,,,,,,
append,1311,3476100,,,,,,
encode,1311,4600,,,,,,
data_write,1311,59700,,,,,,
data_sync,1311,1721700,,,,,,
marker_write,1311,61000,,,,,,
marker_sync,1311,1625200,,,,,,
append,1312,3159600,,,,,,
encode,1312,5800,,,,,,
data_write,1312,67200,,,,,,
data_sync,1312,1546500,,,,,,
marker_write,1312,44700,,,,,,
marker_sync,1312,1492200,,,,,,
append,1313,3249400,,,,,,
encode,1313,4600,,,,,,
data_write,1313,65100,,,,,,
data_sync,1313,1638100,,,,,,
marker_write,1313,47000,,,,,,
marker_sync,1313,1491600,,,,,,
append,1314,3656400,,,,,,
encode,1314,5200,,,,,,
data_write,1314,60900,,,,,,
data_sync,1314,1885900,,,,,,
marker_write,1314,49200,,,,,,
marker_sync,1314,1652400,,,,,,
append,1315,3721700,,,,,,
encode,1315,5300,,,,,,
data_write,1315,69300,,,,,,
data_sync,1315,1865400,,,,,,
marker_write,1315,61400,,,,,,
marker_sync,1315,1716600,,,,,,
append,1316,3243600,,,,,,
encode,1316,5700,,,,,,
data_write,1316,71800,,,,,,
data_sync,1316,1612200,,,,,,
marker_write,1316,47300,,,,,,
marker_sync,1316,1503500,,,,,,
append,1317,3299100,,,,,,
encode,1317,4800,,,,,,
data_write,1317,53300,,,,,,
data_sync,1317,1528800,,,,,,
marker_write,1317,55000,,,,,,
marker_sync,1317,1654600,,,,,,
append,1318,3751199,,,,,,
encode,1318,4000,,,,,,
data_write,1318,54800,,,,,,
data_sync,1318,1795300,,,,,,
marker_write,1318,53500,,,,,,
marker_sync,1318,1840099,,,,,,
append,1319,3650200,,,,,,
encode,1319,5800,,,,,,
data_write,1319,67900,,,,,,
data_sync,1319,1717300,,,,,,
marker_write,1319,56400,,,,,,
marker_sync,1319,1799400,,,,,,
append,1320,3654500,,,,,,
encode,1320,5700,,,,,,
data_write,1320,73100,,,,,,
data_sync,1320,1743200,,,,,,
marker_write,1320,46700,,,,,,
marker_sync,1320,1782500,,,,,,
append,1321,3452200,,,,,,
encode,1321,5700,,,,,,
data_write,1321,70200,,,,,,
data_sync,1321,1673800,,,,,,
marker_write,1321,47900,,,,,,
marker_sync,1321,1652000,,,,,,
append,1322,3216100,,,,,,
encode,1322,5400,,,,,,
data_write,1322,63300,,,,,,
data_sync,1322,1534100,,,,,,
marker_write,1322,44900,,,,,,
marker_sync,1322,1565500,,,,,,
append,1323,4162100,,,,,,
encode,1323,5300,,,,,,
data_write,1323,65100,,,,,,
data_sync,1323,1819200,,,,,,
marker_write,1323,65900,,,,,,
marker_sync,1323,2202600,,,,,,
append,1324,3701800,,,,,,
encode,1324,5700,,,,,,
data_write,1324,82000,,,,,,
data_sync,1324,1930400,,,,,,
marker_write,1324,50500,,,,,,
marker_sync,1324,1629500,,,,,,
append,1325,3486700,,,,,,
encode,1325,5400,,,,,,
data_write,1325,63900,,,,,,
data_sync,1325,1686700,,,,,,
marker_write,1325,58500,,,,,,
marker_sync,1325,1669000,,,,,,
append,1326,3526900,,,,,,
encode,1326,5000,,,,,,
data_write,1326,107700,,,,,,
data_sync,1326,1704200,,,,,,
marker_write,1326,54300,,,,,,
marker_sync,1326,1652400,,,,,,
append,1327,4256300,,,,,,
encode,1327,6200,,,,,,
data_write,1327,79500,,,,,,
data_sync,1327,2101600,,,,,,
marker_write,1327,65000,,,,,,
marker_sync,1327,2000600,,,,,,
append,1328,3495800,,,,,,
encode,1328,5000,,,,,,
data_write,1328,68500,,,,,,
data_sync,1328,1696200,,,,,,
marker_write,1328,43800,,,,,,
marker_sync,1328,1678700,,,,,,
append,1329,8506800,,,,,,
encode,1329,4400,,,,,,
data_write,1329,61000,,,,,,
data_sync,1329,3487700,,,,,,
marker_write,1329,55900,,,,,,
marker_sync,1329,4894200,,,,,,
append,1330,15598099,,,,,,
encode,1330,6700,,,,,,
data_write,1330,65400,,,,,,
data_sync,1330,2586799,,,,,,
marker_write,1330,51800,,,,,,
marker_sync,1330,12883900,,,,,,
append,1331,81367099,,,,,,
encode,1331,5700,,,,,,
data_write,1331,153800,,,,,,
data_sync,1331,35116599,,,,,,
marker_write,1331,66500,,,,,,
marker_sync,1331,46020500,,,,,,
append,1332,48217099,,,,,,
encode,1332,5900,,,,,,
data_write,1332,97300,,,,,,
data_sync,1332,42233199,,,,,,
marker_write,1332,57700,,,,,,
marker_sync,1332,5819900,,,,,,
append,1333,3605099,,,,,,
encode,1333,5900,,,,,,
data_write,1333,71300,,,,,,
data_sync,1333,1737599,,,,,,
marker_write,1333,57500,,,,,,
marker_sync,1333,1730100,,,,,,
append,1334,3838500,,,,,,
encode,1334,6100,,,,,,
data_write,1334,62400,,,,,,
data_sync,1334,1816300,,,,,,
marker_write,1334,63300,,,,,,
marker_sync,1334,1886700,,,,,,
append,1335,9835100,,,,,,
encode,1335,6500,,,,,,
data_write,1335,78700,,,,,,
data_sync,1335,7610100,,,,,,
marker_write,1335,58500,,,,,,
marker_sync,1335,2077900,,,,,,
append,1336,3942100,,,,,,
encode,1336,6200,,,,,,
data_write,1336,75200,,,,,,
data_sync,1336,1952400,,,,,,
marker_write,1336,29100,,,,,,
marker_sync,1336,1875600,,,,,,
append,1337,3923000,,,,,,
encode,1337,6200,,,,,,
data_write,1337,72300,,,,,,
data_sync,1337,1945900,,,,,,
marker_write,1337,34000,,,,,,
marker_sync,1337,1861000,,,,,,
append,1338,4817600,,,,,,
encode,1338,6200,,,,,,
data_write,1338,70500,,,,,,
data_sync,1338,2261800,,,,,,
marker_write,1338,29900,,,,,,
marker_sync,1338,2445100,,,,,,
append,1339,3912800,,,,,,
encode,1339,7700,,,,,,
data_write,1339,45500,,,,,,
data_sync,1339,2013100,,,,,,
marker_write,1339,29800,,,,,,
marker_sync,1339,1812600,,,,,,
append,1340,4188300,,,,,,
encode,1340,6400,,,,,,
data_write,1340,219400,,,,,,
data_sync,1340,1813400,,,,,,
marker_write,1340,94300,,,,,,
marker_sync,1340,2051600,,,,,,
append,1341,3686800,,,,,,
encode,1341,5600,,,,,,
data_write,1341,67500,,,,,,
data_sync,1341,1791600,,,,,,
marker_write,1341,55300,,,,,,
marker_sync,1341,1763500,,,,,,
append,1342,3987300,,,,,,
encode,1342,5800,,,,,,
data_write,1342,72200,,,,,,
data_sync,1342,1902900,,,,,,
marker_write,1342,59200,,,,,,
marker_sync,1342,1944500,,,,,,
append,1343,4081499,,,,,,
encode,1343,4600,,,,,,
data_write,1343,58200,,,,,,
data_sync,1343,2044700,,,,,,
marker_write,1343,51400,,,,,,
marker_sync,1343,1919199,,,,,,
append,1344,4084000,,,,,,
encode,1344,5900,,,,,,
data_write,1344,70100,,,,,,
data_sync,1344,1919500,,,,,,
marker_write,1344,52200,,,,,,
marker_sync,1344,2032500,,,,,,
append,1345,4064100,,,,,,
encode,1345,4000,,,,,,
data_write,1345,80400,,,,,,
data_sync,1345,2041200,,,,,,
marker_write,1345,60800,,,,,,
marker_sync,1345,1874300,,,,,,
append,1346,3915800,,,,,,
encode,1346,5400,,,,,,
data_write,1346,61900,,,,,,
data_sync,1346,1987100,,,,,,
marker_write,1346,57100,,,,,,
marker_sync,1346,1800700,,,,,,
append,1347,3804100,,,,,,
encode,1347,4600,,,,,,
data_write,1347,68600,,,,,,
data_sync,1347,1886300,,,,,,
marker_write,1347,61000,,,,,,
marker_sync,1347,1780000,,,,,,
append,1348,3819200,,,,,,
encode,1348,5200,,,,,,
data_write,1348,58600,,,,,,
data_sync,1348,1880300,,,,,,
marker_write,1348,56400,,,,,,
marker_sync,1348,1814700,,,,,,
append,1349,3864300,,,,,,
encode,1349,5900,,,,,,
data_write,1349,59200,,,,,,
data_sync,1349,1916000,,,,,,
marker_write,1349,57800,,,,,,
marker_sync,1349,1822100,,,,,,
append,1350,3977100,,,,,,
encode,1350,4200,,,,,,
data_write,1350,61200,,,,,,
data_sync,1350,1798500,,,,,,
marker_write,1350,65800,,,,,,
marker_sync,1350,2044200,,,,,,
append,1351,4220400,,,,,,
encode,1351,5700,,,,,,
data_write,1351,73300,,,,,,
data_sync,1351,2119200,,,,,,
marker_write,1351,57200,,,,,,
marker_sync,1351,1961900,,,,,,
append,1352,3807200,,,,,,
encode,1352,5500,,,,,,
data_write,1352,57500,,,,,,
data_sync,1352,1885000,,,,,,
marker_write,1352,47700,,,,,,
marker_sync,1352,1808000,,,,,,
append,1353,3807800,,,,,,
encode,1353,5600,,,,,,
data_write,1353,69200,,,,,,
data_sync,1353,1818100,,,,,,
marker_write,1353,55600,,,,,,
marker_sync,1353,1855900,,,,,,
append,1354,4174800,,,,,,
encode,1354,5200,,,,,,
data_write,1354,61500,,,,,,
data_sync,1354,1987300,,,,,,
marker_write,1354,60000,,,,,,
marker_sync,1354,2056300,,,,,,
append,1355,4253500,,,,,,
encode,1355,6100,,,,,,
data_write,1355,76000,,,,,,
data_sync,1355,1907700,,,,,,
marker_write,1355,75000,,,,,,
marker_sync,1355,2185000,,,,,,
append,1356,3658799,,,,,,
encode,1356,4400,,,,,,
data_write,1356,70600,,,,,,
data_sync,1356,1690499,,,,,,
marker_write,1356,59500,,,,,,
marker_sync,1356,1830500,,,,,,
append,1357,3945400,,,,,,
encode,1357,6400,,,,,,
data_write,1357,76700,,,,,,
data_sync,1357,1994900,,,,,,
marker_write,1357,44800,,,,,,
marker_sync,1357,1819900,,,,,,
append,1358,4297800,,,,,,
encode,1358,4200,,,,,,
data_write,1358,56200,,,,,,
data_sync,1358,2008800,,,,,,
marker_write,1358,57000,,,,,,
marker_sync,1358,2168200,,,,,,
append,1359,3570800,,,,,,
encode,1359,6600,,,,,,
data_write,1359,68700,,,,,,
data_sync,1359,1748400,,,,,,
marker_write,1359,54900,,,,,,
marker_sync,1359,1689200,,,,,,
append,1360,3558200,,,,,,
encode,1360,5200,,,,,,
data_write,1360,55400,,,,,,
data_sync,1360,1691300,,,,,,
marker_write,1360,47800,,,,,,
marker_sync,1360,1755000,,,,,,
append,1361,4127700,,,,,,
encode,1361,5700,,,,,,
data_write,1361,62600,,,,,,
data_sync,1361,1938000,,,,,,
marker_write,1361,56000,,,,,,
marker_sync,1361,2062400,,,,,,
append,1362,3752500,,,,,,
encode,1362,5500,,,,,,
data_write,1362,69500,,,,,,
data_sync,1362,1727300,,,,,,
marker_write,1362,47100,,,,,,
marker_sync,1362,1899400,,,,,,
append,1363,4185400,,,,,,
encode,1363,5900,,,,,,
data_write,1363,67200,,,,,,
data_sync,1363,1962500,,,,,,
marker_write,1363,58100,,,,,,
marker_sync,1363,2088000,,,,,,
append,1364,3655100,,,,,,
encode,1364,5700,,,,,,
data_write,1364,75000,,,,,,
data_sync,1364,1747000,,,,,,
marker_write,1364,45700,,,,,,
marker_sync,1364,1778300,,,,,,
append,1365,3525400,,,,,,
encode,1365,5600,,,,,,
data_write,1365,65700,,,,,,
data_sync,1365,1683300,,,,,,
marker_write,1365,53400,,,,,,
marker_sync,1365,1714200,,,,,,
append,1366,3885900,,,,,,
encode,1366,4600,,,,,,
data_write,1366,49700,,,,,,
data_sync,1366,1744600,,,,,,
marker_write,1366,58600,,,,,,
marker_sync,1366,2025300,,,,,,
append,1367,4120900,,,,,,
encode,1367,3800,,,,,,
data_write,1367,63500,,,,,,
data_sync,1367,1966600,,,,,,
marker_write,1367,50400,,,,,,
marker_sync,1367,2033800,,,,,,
append,1368,4479799,,,,,,
encode,1368,5000,,,,,,
data_write,1368,66500,,,,,,
data_sync,1368,2174799,,,,,,
marker_write,1368,57700,,,,,,
marker_sync,1368,2172800,,,,,,
append,1369,4073400,,,,,,
encode,1369,4600,,,,,,
data_write,1369,61100,,,,,,
data_sync,1369,2002100,,,,,,
marker_write,1369,60200,,,,,,
marker_sync,1369,1942600,,,,,,
append,1370,4062700,,,,,,
encode,1370,5100,,,,,,
data_write,1370,65300,,,,,,
data_sync,1370,1872100,,,,,,
marker_write,1370,85600,,,,,,
marker_sync,1370,2031200,,,,,,
append,1371,4101700,,,,,,
encode,1371,5900,,,,,,
data_write,1371,69900,,,,,,
data_sync,1371,1982200,,,,,,
marker_write,1371,43800,,,,,,
marker_sync,1371,1996300,,,,,,
append,1372,3890300,,,,,,
encode,1372,5800,,,,,,
data_write,1372,71500,,,,,,
data_sync,1372,1794100,,,,,,
marker_write,1372,45700,,,,,,
marker_sync,1372,1969900,,,,,,
append,1373,4090200,,,,,,
encode,1373,4700,,,,,,
data_write,1373,150400,,,,,,
data_sync,1373,1890900,,,,,,
marker_write,1373,74700,,,,,,
marker_sync,1373,1965900,,,,,,
append,1374,4531200,,,,,,
encode,1374,6800,,,,,,
data_write,1374,83100,,,,,,
data_sync,1374,2200500,,,,,,
marker_write,1374,72200,,,,,,
marker_sync,1374,2164700,,,,,,
append,1375,4174900,,,,,,
encode,1375,6400,,,,,,
data_write,1375,70500,,,,,,
data_sync,1375,1970200,,,,,,
marker_write,1375,60700,,,,,,
marker_sync,1375,2063900,,,,,,
append,1376,4241300,,,,,,
encode,1376,6100,,,,,,
data_write,1376,81800,,,,,,
data_sync,1376,2100500,,,,,,
marker_write,1376,68900,,,,,,
marker_sync,1376,1980600,,,,,,
append,1377,4549500,,,,,,
encode,1377,5700,,,,,,
data_write,1377,69600,,,,,,
data_sync,1377,2150400,,,,,,
marker_write,1377,57600,,,,,,
marker_sync,1377,2259500,,,,,,
append,1378,4901000,,,,,,
encode,1378,8000,,,,,,
data_write,1378,80000,,,,,,
data_sync,1378,2946000,,,,,,
marker_write,1378,54000,,,,,,
marker_sync,1378,1808800,,,,,,
append,1379,4067699,,,,,,
encode,1379,5700,,,,,,
data_write,1379,113100,,,,,,
data_sync,1379,1911600,,,,,,
marker_write,1379,54700,,,,,,
marker_sync,1379,1979299,,,,,,
append,1380,3440000,,,,,,
encode,1380,7100,,,,,,
data_write,1380,59900,,,,,,
data_sync,1380,1730100,,,,,,
marker_write,1380,59800,,,,,,
marker_sync,1380,1579700,,,,,,
append,1381,3780000,,,,,,
encode,1381,6100,,,,,,
data_write,1381,63300,,,,,,
data_sync,1381,1905900,,,,,,
marker_write,1381,67400,,,,,,
marker_sync,1381,1734200,,,,,,
append,1382,3256400,,,,,,
encode,1382,4900,,,,,,
data_write,1382,58700,,,,,,
data_sync,1382,1523300,,,,,,
marker_write,1382,51100,,,,,,
marker_sync,1382,1615700,,,,,,
append,1383,3294000,,,,,,
encode,1383,5000,,,,,,
data_write,1383,63100,,,,,,
data_sync,1383,1650400,,,,,,
marker_write,1383,48200,,,,,,
marker_sync,1383,1524500,,,,,,
append,1384,3512700,,,,,,
encode,1384,5700,,,,,,
data_write,1384,65800,,,,,,
data_sync,1384,1823200,,,,,,
marker_write,1384,52300,,,,,,
marker_sync,1384,1562800,,,,,,
append,1385,2952400,,,,,,
encode,1385,4400,,,,,,
data_write,1385,53600,,,,,,
data_sync,1385,1433000,,,,,,
marker_write,1385,42100,,,,,,
marker_sync,1385,1417300,,,,,,
append,1386,3193000,,,,,,
encode,1386,3900,,,,,,
data_write,1386,45800,,,,,,
data_sync,1386,1448600,,,,,,
marker_write,1386,60800,,,,,,
marker_sync,1386,1631100,,,,,,
append,1387,3322700,,,,,,
encode,1387,4000,,,,,,
data_write,1387,54500,,,,,,
data_sync,1387,1644800,,,,,,
marker_write,1387,44500,,,,,,
marker_sync,1387,1572700,,,,,,
append,1388,3271600,,,,,,
encode,1388,4600,,,,,,
data_write,1388,49500,,,,,,
data_sync,1388,1624800,,,,,,
marker_write,1388,53400,,,,,,
marker_sync,1388,1536600,,,,,,
append,1389,3379900,,,,,,
encode,1389,5100,,,,,,
data_write,1389,57000,,,,,,
data_sync,1389,1641400,,,,,,
marker_write,1389,53000,,,,,,
marker_sync,1389,1621200,,,,,,
append,1390,3480100,,,,,,
encode,1390,5500,,,,,,
data_write,1390,57600,,,,,,
data_sync,1390,1615700,,,,,,
marker_write,1390,58500,,,,,,
marker_sync,1390,1739600,,,,,,
append,1391,3942300,,,,,,
encode,1391,4600,,,,,,
data_write,1391,57700,,,,,,
data_sync,1391,2042500,,,,,,
marker_write,1391,88400,,,,,,
marker_sync,1391,1745400,,,,,,
append,1392,3755900,,,,,,
encode,1392,5600,,,,,,
data_write,1392,74500,,,,,,
data_sync,1392,1751300,,,,,,
marker_write,1392,62100,,,,,,
marker_sync,1392,1859300,,,,,,
append,1393,3610199,,,,,,
encode,1393,5300,,,,,,
data_write,1393,70200,,,,,,
data_sync,1393,1574500,,,,,,
marker_write,1393,49000,,,,,,
marker_sync,1393,1908599,,,,,,
append,1394,3213700,,,,,,
encode,1394,4100,,,,,,
data_write,1394,56400,,,,,,
data_sync,1394,1575000,,,,,,
marker_write,1394,39400,,,,,,
marker_sync,1394,1537000,,,,,,
append,1395,3621100,,,,,,
encode,1395,3400,,,,,,
data_write,1395,45000,,,,,,
data_sync,1395,1731100,,,,,,
marker_write,1395,32500,,,,,,
marker_sync,1395,1806600,,,,,,
append,1396,3662700,,,,,,
encode,1396,4800,,,,,,
data_write,1396,64400,,,,,,
data_sync,1396,1721200,,,,,,
marker_write,1396,55200,,,,,,
marker_sync,1396,1813400,,,,,,
append,1397,3505800,,,,,,
encode,1397,6800,,,,,,
data_write,1397,72000,,,,,,
data_sync,1397,1818800,,,,,,
marker_write,1397,51600,,,,,,
marker_sync,1397,1553900,,,,,,
append,1398,3628600,,,,,,
encode,1398,4900,,,,,,
data_write,1398,51400,,,,,,
data_sync,1398,1497400,,,,,,
marker_write,1398,40900,,,,,,
marker_sync,1398,2031100,,,,,,
append,1399,3461100,,,,,,
encode,1399,4200,,,,,,
data_write,1399,63000,,,,,,
data_sync,1399,1703100,,,,,,
marker_write,1399,48200,,,,,,
marker_sync,1399,1638800,,,,,,
append,1400,3391200,,,,,,
encode,1400,6200,,,,,,
data_write,1400,64000,,,,,,
data_sync,1400,1638500,,,,,,
marker_write,1400,46100,,,,,,
marker_sync,1400,1633500,,,,,,
append,1401,3335200,,,,,,
encode,1401,3800,,,,,,
data_write,1401,50800,,,,,,
data_sync,1401,1587100,,,,,,
marker_write,1401,62800,,,,,,
marker_sync,1401,1626800,,,,,,
append,1402,3963200,,,,,,
encode,1402,4000,,,,,,
data_write,1402,90100,,,,,,
data_sync,1402,2041000,,,,,,
marker_write,1402,63800,,,,,,
marker_sync,1402,1760900,,,,,,
append,1403,4311100,,,,,,
encode,1403,6500,,,,,,
data_write,1403,70300,,,,,,
data_sync,1403,2338100,,,,,,
marker_write,1403,73300,,,,,,
marker_sync,1403,1819400,,,,,,
append,1404,3581600,,,,,,
encode,1404,6200,,,,,,
data_write,1404,72500,,,,,,
data_sync,1404,1829500,,,,,,
marker_write,1404,56400,,,,,,
marker_sync,1404,1614300,,,,,,
append,1405,3606400,,,,,,
encode,1405,3700,,,,,,
data_write,1405,71000,,,,,,
data_sync,1405,1668500,,,,,,
marker_write,1405,53200,,,,,,
marker_sync,1405,1807000,,,,,,
append,1406,3384400,,,,,,
encode,1406,5000,,,,,,
data_write,1406,68700,,,,,,
data_sync,1406,1635600,,,,,,
marker_write,1406,52000,,,,,,
marker_sync,1406,1620100,,,,,,
append,1407,3570299,,,,,,
encode,1407,5400,,,,,,
data_write,1407,66200,,,,,,
data_sync,1407,1745099,,,,,,
marker_write,1407,51600,,,,,,
marker_sync,1407,1699300,,,,,,
append,1408,3739700,,,,,,
encode,1408,4700,,,,,,
data_write,1408,69100,,,,,,
data_sync,1408,1670400,,,,,,
marker_write,1408,48500,,,,,,
marker_sync,1408,1944000,,,,,,
append,1409,3617300,,,,,,
encode,1409,5000,,,,,,
data_write,1409,65400,,,,,,
data_sync,1409,1804000,,,,,,
marker_write,1409,49400,,,,,,
marker_sync,1409,1690300,,,,,,
append,1410,3540100,,,,,,
encode,1410,4800,,,,,,
data_write,1410,61500,,,,,,
data_sync,1410,1769400,,,,,,
marker_write,1410,48700,,,,,,
marker_sync,1410,1652300,,,,,,
append,1411,3301800,,,,,,
encode,1411,4000,,,,,,
data_write,1411,54300,,,,,,
data_sync,1411,1569900,,,,,,
marker_write,1411,41400,,,,,,
marker_sync,1411,1628700,,,,,,
append,1412,3475300,,,,,,
encode,1412,5400,,,,,,
data_write,1412,75000,,,,,,
data_sync,1412,1665600,,,,,,
marker_write,1412,57500,,,,,,
marker_sync,1412,1667700,,,,,,
append,1413,3449000,,,,,,
encode,1413,5400,,,,,,
data_write,1413,71400,,,,,,
data_sync,1413,1629300,,,,,,
marker_write,1413,46200,,,,,,
marker_sync,1413,1693000,,,,,,
append,1414,3287300,,,,,,
encode,1414,4200,,,,,,
data_write,1414,56100,,,,,,
data_sync,1414,1655600,,,,,,
marker_write,1414,55000,,,,,,
marker_sync,1414,1513200,,,,,,
append,1415,3195700,,,,,,
encode,1415,3600,,,,,,
data_write,1415,54300,,,,,,
data_sync,1415,1540400,,,,,,
marker_write,1415,55300,,,,,,
marker_sync,1415,1539500,,,,,,
append,1416,3746500,,,,,,
encode,1416,4000,,,,,,
data_write,1416,49900,,,,,,
data_sync,1416,1827100,,,,,,
marker_write,1416,82200,,,,,,
marker_sync,1416,1780100,,,,,,
append,1417,3584200,,,,,,
encode,1417,5900,,,,,,
data_write,1417,74300,,,,,,
data_sync,1417,1720800,,,,,,
marker_write,1417,65100,,,,,,
marker_sync,1417,1715200,,,,,,
append,1418,3188800,,,,,,
encode,1418,5100,,,,,,
data_write,1418,63000,,,,,,
data_sync,1418,1522400,,,,,,
marker_write,1418,81400,,,,,,
marker_sync,1418,1513900,,,,,,
append,1419,3373200,,,,,,
encode,1419,5000,,,,,,
data_write,1419,70000,,,,,,
data_sync,1419,1524200,,,,,,
marker_write,1419,59700,,,,,,
marker_sync,1419,1711000,,,,,,
append,1420,3059700,,,,,,
encode,1420,4600,,,,,,
data_write,1420,56300,,,,,,
data_sync,1420,1519500,,,,,,
marker_write,1420,43200,,,,,,
marker_sync,1420,1433500,,,,,,
append,1421,3236899,,,,,,
encode,1421,3400,,,,,,
data_write,1421,49800,,,,,,
data_sync,1421,1566099,,,,,,
marker_write,1421,46000,,,,,,
marker_sync,1421,1568700,,,,,,
append,1422,3898900,,,,,,
encode,1422,4800,,,,,,
data_write,1422,69500,,,,,,
data_sync,1422,1835800,,,,,,
marker_write,1422,61800,,,,,,
marker_sync,1422,1922200,,,,,,
append,1423,3852900,,,,,,
encode,1423,6600,,,,,,
data_write,1423,87400,,,,,,
data_sync,1423,1794800,,,,,,
marker_write,1423,64000,,,,,,
marker_sync,1423,1897000,,,,,,
append,1424,3798100,,,,,,
encode,1424,6100,,,,,,
data_write,1424,82800,,,,,,
data_sync,1424,1945300,,,,,,
marker_write,1424,55300,,,,,,
marker_sync,1424,1705000,,,,,,
append,1425,3380800,,,,,,
encode,1425,5800,,,,,,
data_write,1425,70700,,,,,,
data_sync,1425,1574700,,,,,,
marker_write,1425,50700,,,,,,
marker_sync,1425,1675600,,,,,,
append,1426,3798900,,,,,,
encode,1426,6200,,,,,,
data_write,1426,65900,,,,,,
data_sync,1426,1802400,,,,,,
marker_write,1426,60100,,,,,,
marker_sync,1426,1861200,,,,,,
append,1427,3688800,,,,,,
encode,1427,5800,,,,,,
data_write,1427,68400,,,,,,
data_sync,1427,1828000,,,,,,
marker_write,1427,63000,,,,,,
marker_sync,1427,1720300,,,,,,
append,1428,3429700,,,,,,
encode,1428,5900,,,,,,
data_write,1428,78700,,,,,,
data_sync,1428,1632700,,,,,,
marker_write,1428,50000,,,,,,
marker_sync,1428,1658900,,,,,,
append,1429,3703900,,,,,,
encode,1429,5800,,,,,,
data_write,1429,75400,,,,,,
data_sync,1429,1729800,,,,,,
marker_write,1429,67600,,,,,,
marker_sync,1429,1822200,,,,,,
append,1430,3733800,,,,,,
encode,1430,5400,,,,,,
data_write,1430,62500,,,,,,
data_sync,1430,1765100,,,,,,
marker_write,1430,63600,,,,,,
marker_sync,1430,1833900,,,,,,
append,1431,3708100,,,,,,
encode,1431,6500,,,,,,
data_write,1431,82500,,,,,,
data_sync,1431,1910300,,,,,,
marker_write,1431,49700,,,,,,
marker_sync,1431,1655800,,,,,,
append,1432,3703100,,,,,,
encode,1432,5000,,,,,,
data_write,1432,56900,,,,,,
data_sync,1432,1723500,,,,,,
marker_write,1432,50500,,,,,,
marker_sync,1432,1864000,,,,,,
append,1433,3450900,,,,,,
encode,1433,4900,,,,,,
data_write,1433,62600,,,,,,
data_sync,1433,1813800,,,,,,
marker_write,1433,50500,,,,,,
marker_sync,1433,1516600,,,,,,
append,1434,3322399,,,,,,
encode,1434,5600,,,,,,
data_write,1434,54200,,,,,,
data_sync,1434,1608200,,,,,,
marker_write,1434,45000,,,,,,
marker_sync,1434,1606699,,,,,,
append,1435,3651600,,,,,,
encode,1435,4400,,,,,,
data_write,1435,50800,,,,,,
data_sync,1435,1690200,,,,,,
marker_write,1435,61400,,,,,,
marker_sync,1435,1841400,,,,,,
append,1436,3812300,,,,,,
encode,1436,5900,,,,,,
data_write,1436,68200,,,,,,
data_sync,1436,1779700,,,,,,
marker_write,1436,50000,,,,,,
marker_sync,1436,1905000,,,,,,
append,1437,4455500,,,,,,
encode,1437,6400,,,,,,
data_write,1437,77900,,,,,,
data_sync,1437,1952700,,,,,,
marker_write,1437,68200,,,,,,
marker_sync,1437,2321600,,,,,,
append,1438,4328700,,,,,,
encode,1438,8800,,,,,,
data_write,1438,96100,,,,,,
data_sync,1438,2009400,,,,,,
marker_write,1438,65800,,,,,,
marker_sync,1438,2145100,,,,,,
append,1439,5408000,,,,,,
encode,1439,6800,,,,,,
data_write,1439,91900,,,,,,
data_sync,1439,3142400,,,,,,
marker_write,1439,81500,,,,,,
marker_sync,1439,2081000,,,,,,
append,1440,3944900,,,,,,
encode,1440,6300,,,,,,
data_write,1440,80700,,,,,,
data_sync,1440,1995800,,,,,,
marker_write,1440,60700,,,,,,
marker_sync,1440,1798600,,,,,,
append,1441,3914000,,,,,,
encode,1441,5500,,,,,,
data_write,1441,68400,,,,,,
data_sync,1441,1886000,,,,,,
marker_write,1441,57100,,,,,,
marker_sync,1441,1893700,,,,,,
append,1442,3759600,,,,,,
encode,1442,5700,,,,,,
data_write,1442,71600,,,,,,
data_sync,1442,1918400,,,,,,
marker_write,1442,57500,,,,,,
marker_sync,1442,1703800,,,,,,
append,1443,3454000,,,,,,
encode,1443,5600,,,,,,
data_write,1443,67300,,,,,,
data_sync,1443,1601800,,,,,,
marker_write,1443,55400,,,,,,
marker_sync,1443,1720900,,,,,,
append,1444,3731000,,,,,,
encode,1444,6300,,,,,,
data_write,1444,67600,,,,,,
data_sync,1444,1924000,,,,,,
marker_write,1444,59200,,,,,,
marker_sync,1444,1671200,,,,,,
append,1445,3654600,,,,,,
encode,1445,5800,,,,,,
data_write,1445,65900,,,,,,
data_sync,1445,1824800,,,,,,
marker_write,1445,71100,,,,,,
marker_sync,1445,1684300,,,,,,
append,1446,3276599,,,,,,
encode,1446,4900,,,,,,
data_write,1446,53100,,,,,,
data_sync,1446,1576600,,,,,,
marker_write,1446,50800,,,,,,
marker_sync,1446,1588399,,,,,,
append,1447,3954000,,,,,,
encode,1447,5800,,,,,,
data_write,1447,56800,,,,,,
data_sync,1447,1923700,,,,,,
marker_write,1447,57900,,,,,,
marker_sync,1447,1906600,,,,,,
append,1448,3584900,,,,,,
encode,1448,5700,,,,,,
data_write,1448,64900,,,,,,
data_sync,1448,1729200,,,,,,
marker_write,1448,49100,,,,,,
marker_sync,1448,1733300,,,,,,
append,1449,3259600,,,,,,
encode,1449,4900,,,,,,
data_write,1449,53000,,,,,,
data_sync,1449,1663700,,,,,,
marker_write,1449,45000,,,,,,
marker_sync,1449,1489400,,,,,,
append,1450,3071700,,,,,,
encode,1450,6000,,,,,,
data_write,1450,52100,,,,,,
data_sync,1450,1509900,,,,,,
marker_write,1450,42800,,,,,,
marker_sync,1450,1459300,,,,,,
append,1451,3296000,,,,,,
encode,1451,3700,,,,,,
data_write,1451,46900,,,,,,
data_sync,1451,1529400,,,,,,
marker_write,1451,40900,,,,,,
marker_sync,1451,1671800,,,,,,
append,1452,3632500,,,,,,
encode,1452,4800,,,,,,
data_write,1452,54700,,,,,,
data_sync,1452,1884600,,,,,,
marker_write,1452,53500,,,,,,
marker_sync,1452,1632100,,,,,,
append,1453,3101800,,,,,,
encode,1453,4600,,,,,,
data_write,1453,49800,,,,,,
data_sync,1453,1478200,,,,,,
marker_write,1453,36700,,,,,,
marker_sync,1453,1530600,,,,,,
append,1454,3056900,,,,,,
encode,1454,3500,,,,,,
data_write,1454,48000,,,,,,
data_sync,1454,1510500,,,,,,
marker_write,1454,42400,,,,,,
marker_sync,1454,1450700,,,,,,
append,1455,2993600,,,,,,
encode,1455,3600,,,,,,
data_write,1455,45800,,,,,,
data_sync,1455,1435400,,,,,,
marker_write,1455,41600,,,,,,
marker_sync,1455,1465100,,,,,,
append,1456,9819200,,,,,,
encode,1456,4700,,,,,,
data_write,1456,48000,,,,,,
data_sync,1456,1600500,,,,,,
marker_write,1456,37100,,,,,,
marker_sync,1456,8124900,,,,,,
append,1457,3684800,,,,,,
encode,1457,5700,,,,,,
data_write,1457,76100,,,,,,
data_sync,1457,1818000,,,,,,
marker_write,1457,43100,,,,,,
marker_sync,1457,1737900,,,,,,
append,1458,3770400,,,,,,
encode,1458,5900,,,,,,
data_write,1458,66900,,,,,,
data_sync,1458,1771600,,,,,,
marker_write,1458,51000,,,,,,
marker_sync,1458,1872200,,,,,,
append,1459,3859299,,,,,,
encode,1459,5000,,,,,,
data_write,1459,63100,,,,,,
data_sync,1459,1867499,,,,,,
marker_write,1459,45500,,,,,,
marker_sync,1459,1874600,,,,,,
append,1460,4081300,,,,,,
encode,1460,6500,,,,,,
data_write,1460,70700,,,,,,
data_sync,1460,1980900,,,,,,
marker_write,1460,56900,,,,,,
marker_sync,1460,1962900,,,,,,
append,1461,4063800,,,,,,
encode,1461,6000,,,,,,
data_write,1461,67100,,,,,,
data_sync,1461,2023600,,,,,,
marker_write,1461,56900,,,,,,
marker_sync,1461,1906500,,,,,,
append,1462,3981200,,,,,,
encode,1462,5400,,,,,,
data_write,1462,66400,,,,,,
data_sync,1462,1951100,,,,,,
marker_write,1462,51900,,,,,,
marker_sync,1462,1902900,,,,,,
append,1463,4022700,,,,,,
encode,1463,5900,,,,,,
data_write,1463,69500,,,,,,
data_sync,1463,1994600,,,,,,
marker_write,1463,54200,,,,,,
marker_sync,1463,1895400,,,,,,
append,1464,3599400,,,,,,
encode,1464,6500,,,,,,
data_write,1464,75800,,,,,,
data_sync,1464,1768600,,,,,,
marker_write,1464,53200,,,,,,
marker_sync,1464,1692500,,,,,,
append,1465,3979300,,,,,,
encode,1465,4900,,,,,,
data_write,1465,50700,,,,,,
data_sync,1465,1690200,,,,,,
marker_write,1465,55700,,,,,,
marker_sync,1465,2174500,,,,,,
append,1466,6888500,,,,,,
encode,1466,7300,,,,,,
data_write,1466,55600,,,,,,
data_sync,1466,4735900,,,,,,
marker_write,1466,55000,,,,,,
marker_sync,1466,2032200,,,,,,
append,1467,3563100,,,,,,
encode,1467,5000,,,,,,
data_write,1467,67800,,,,,,
data_sync,1467,1779500,,,,,,
marker_write,1467,51800,,,,,,
marker_sync,1467,1656400,,,,,,
append,1468,3352300,,,,,,
encode,1468,5600,,,,,,
data_write,1468,62300,,,,,,
data_sync,1468,1690400,,,,,,
marker_write,1468,54100,,,,,,
marker_sync,1468,1536300,,,,,,
append,1469,3674000,,,,,,
encode,1469,4400,,,,,,
data_write,1469,54000,,,,,,
data_sync,1469,1655800,,,,,,
marker_write,1469,50200,,,,,,
marker_sync,1469,1906600,,,,,,
append,1470,4108599,,,,,,
encode,1470,4800,,,,,,
data_write,1470,66900,,,,,,
data_sync,1470,2162600,,,,,,
marker_write,1470,50100,,,,,,
marker_sync,1470,1820099,,,,,,
append,1471,3858100,,,,,,
encode,1471,6300,,,,,,
data_write,1471,75100,,,,,,
data_sync,1471,2016700,,,,,,
marker_write,1471,59900,,,,,,
marker_sync,1471,1697000,,,,,,
append,1472,3386200,,,,,,
encode,1472,5600,,,,,,
data_write,1472,67300,,,,,,
data_sync,1472,1675000,,,,,,
marker_write,1472,57100,,,,,,
marker_sync,1472,1578300,,,,,,
append,1473,3314700,,,,,,
encode,1473,3900,,,,,,
data_write,1473,61400,,,,,,
data_sync,1473,1584600,,,,,,
marker_write,1473,49700,,,,,,
marker_sync,1473,1612600,,,,,,
append,1474,3257400,,,,,,
encode,1474,5000,,,,,,
data_write,1474,68800,,,,,,
data_sync,1474,1586300,,,,,,
marker_write,1474,51500,,,,,,
marker_sync,1474,1542400,,,,,,
append,1475,3575200,,,,,,
encode,1475,5500,,,,,,
data_write,1475,63300,,,,,,
data_sync,1475,1803700,,,,,,
marker_write,1475,65300,,,,,,
marker_sync,1475,1633600,,,,,,
append,1476,3401900,,,,,,
encode,1476,5800,,,,,,
data_write,1476,66500,,,,,,
data_sync,1476,1683100,,,,,,
marker_write,1476,56100,,,,,,
marker_sync,1476,1587400,,,,,,
append,1477,3251600,,,,,,
encode,1477,4900,,,,,,
data_write,1477,52900,,,,,,
data_sync,1477,1609000,,,,,,
marker_write,1477,38500,,,,,,
marker_sync,1477,1544500,,,,,,
append,1478,3296800,,,,,,
encode,1478,3700,,,,,,
data_write,1478,47100,,,,,,
data_sync,1478,1515100,,,,,,
marker_write,1478,37500,,,,,,
marker_sync,1478,1691000,,,,,,
append,1479,3373800,,,,,,
encode,1479,3100,,,,,,
data_write,1479,46800,,,,,,
data_sync,1479,1541600,,,,,,
marker_write,1479,40000,,,,,,
marker_sync,1479,1738600,,,,,,
append,1480,3918100,,,,,,
encode,1480,7300,,,,,,
data_write,1480,80500,,,,,,
data_sync,1480,1924800,,,,,,
marker_write,1480,54700,,,,,,
marker_sync,1480,1847300,,,,,,
append,1481,3704000,,,,,,
encode,1481,5700,,,,,,
data_write,1481,64700,,,,,,
data_sync,1481,1840600,,,,,,
marker_write,1481,45700,,,,,,
marker_sync,1481,1743800,,,,,,
append,1482,3595700,,,,,,
encode,1482,5500,,,,,,
data_write,1482,61900,,,,,,
data_sync,1482,1775600,,,,,,
marker_write,1482,54800,,,,,,
marker_sync,1482,1695400,,,,,,
append,1483,3425200,,,,,,
encode,1483,4700,,,,,,
data_write,1483,54200,,,,,,
data_sync,1483,1778200,,,,,,
marker_write,1483,43300,,,,,,
marker_sync,1483,1542400,,,,,,
append,1484,3761099,,,,,,
encode,1484,5600,,,,,,
data_write,1484,62100,,,,,,
data_sync,1484,1812700,,,,,,
marker_write,1484,59900,,,,,,
marker_sync,1484,1817599,,,,,,
append,1485,3797000,,,,,,
encode,1485,4300,,,,,,
data_write,1485,54200,,,,,,
data_sync,1485,1895400,,,,,,
marker_write,1485,59300,,,,,,
marker_sync,1485,1780500,,,,,,
append,1486,3793300,,,,,,
encode,1486,5500,,,,,,
data_write,1486,63800,,,,,,
data_sync,1486,1854000,,,,,,
marker_write,1486,46900,,,,,,
marker_sync,1486,1820300,,,,,,
append,1487,3411200,,,,,,
encode,1487,4100,,,,,,
data_write,1487,51500,,,,,,
data_sync,1487,1680600,,,,,,
marker_write,1487,53300,,,,,,
marker_sync,1487,1619100,,,,,,
append,1488,3521200,,,,,,
encode,1488,5200,,,,,,
data_write,1488,62200,,,,,,
data_sync,1488,1537900,,,,,,
marker_write,1488,54100,,,,,,
marker_sync,1488,1858800,,,,,,
append,1489,3467400,,,,,,
encode,1489,5300,,,,,,
data_write,1489,86100,,,,,,
data_sync,1489,1664400,,,,,,
marker_write,1489,42000,,,,,,
marker_sync,1489,1666800,,,,,,
append,1490,3348100,,,,,,
encode,1490,4800,,,,,,
data_write,1490,64600,,,,,,
data_sync,1490,1622100,,,,,,
marker_write,1490,48700,,,,,,
marker_sync,1490,1605300,,,,,,
append,1491,3498800,,,,,,
encode,1491,5700,,,,,,
data_write,1491,60000,,,,,,
data_sync,1491,1800100,,,,,,
marker_write,1491,47400,,,,,,
marker_sync,1491,1583000,,,,,,
append,1492,3638300,,,,,,
encode,1492,3700,,,,,,
data_write,1492,52600,,,,,,
data_sync,1492,1759600,,,,,,
marker_write,1492,58400,,,,,,
marker_sync,1492,1761100,,,,,,
append,1493,3408800,,,,,,
encode,1493,5500,,,,,,
data_write,1493,70300,,,,,,
data_sync,1493,1696800,,,,,,
marker_write,1493,56000,,,,,,
marker_sync,1493,1576800,,,,,,
append,1494,4058400,,,,,,
encode,1494,5800,,,,,,
data_write,1494,67300,,,,,,
data_sync,1494,1764200,,,,,,
marker_write,1494,89800,,,,,,
marker_sync,1494,2125000,,,,,,
append,1495,4165500,,,,,,
encode,1495,8700,,,,,,
data_write,1495,116700,,,,,,
data_sync,1495,2178800,,,,,,
marker_write,1495,62300,,,,,,
marker_sync,1495,1795800,,,,,,
append,1496,3246000,,,,,,
encode,1496,4500,,,,,,
data_write,1496,59200,,,,,,
data_sync,1496,1585700,,,,,,
marker_write,1496,39500,,,,,,
marker_sync,1496,1555000,,,,,,
append,1497,3446700,,,,,,
encode,1497,3000,,,,,,
data_write,1497,44600,,,,,,
data_sync,1497,1709600,,,,,,
marker_write,1497,59800,,,,,,
marker_sync,1497,1627400,,,,,,
append,1498,3217499,,,,,,
encode,1498,3600,,,,,,
data_write,1498,49900,,,,,,
data_sync,1498,1567099,,,,,,
marker_write,1498,43600,,,,,,
marker_sync,1498,1551500,,,,,,
append,1499,3062700,,,,,,
encode,1499,3700,,,,,,
data_write,1499,48100,,,,,,
data_sync,1499,1494600,,,,,,
marker_write,1499,38400,,,,,,
marker_sync,1499,1476400,,,,,,
append,1500,3122700,,,,,,
encode,1500,3000,,,,,,
data_write,1500,76000,,,,,,
data_sync,1500,1529300,,,,,,
marker_write,1500,37300,,,,,,
marker_sync,1500,1475600,,,,,,
append,1501,3094600,,,,,,
encode,1501,3000,,,,,,
data_write,1501,41900,,,,,,
data_sync,1501,1535600,,,,,,
marker_write,1501,37000,,,,,,
marker_sync,1501,1475700,,,,,,
append,1502,3255300,,,,,,
encode,1502,3300,,,,,,
data_write,1502,40900,,,,,,
data_sync,1502,1554200,,,,,,
marker_write,1502,49900,,,,,,
marker_sync,1502,1604600,,,,,,
append,1503,3166900,,,,,,
encode,1503,5200,,,,,,
data_write,1503,62700,,,,,,
data_sync,1503,1486000,,,,,,
marker_write,1503,49800,,,,,,
marker_sync,1503,1561100,,,,,,
append,1504,3334700,,,,,,
encode,1504,3700,,,,,,
data_write,1504,50800,,,,,,
data_sync,1504,1573100,,,,,,
marker_write,1504,39100,,,,,,
marker_sync,1504,1665800,,,,,,
append,1505,3403300,,,,,,
encode,1505,3500,,,,,,
data_write,1505,48400,,,,,,
data_sync,1505,1654700,,,,,,
marker_write,1505,54000,,,,,,
marker_sync,1505,1640000,,,,,,
append,1506,3250300,,,,,,
encode,1506,4900,,,,,,
data_write,1506,60500,,,,,,
data_sync,1506,1583700,,,,,,
marker_write,1506,50100,,,,,,
marker_sync,1506,1548800,,,,,,
append,1507,3615900,,,,,,
encode,1507,3700,,,,,,
data_write,1507,49000,,,,,,
data_sync,1507,1761300,,,,,,
marker_write,1507,45000,,,,,,
marker_sync,1507,1754200,,,,,,
append,1508,3662700,,,,,,
encode,1508,5100,,,,,,
data_write,1508,62900,,,,,,
data_sync,1508,1675700,,,,,,
marker_write,1508,72500,,,,,,
marker_sync,1508,1843500,,,,,,
append,1509,3750500,,,,,,
encode,1509,5000,,,,,,
data_write,1509,69900,,,,,,
data_sync,1509,1820800,,,,,,
marker_write,1509,58700,,,,,,
marker_sync,1509,1792100,,,,,,
append,1510,4145100,,,,,,
encode,1510,6200,,,,,,
data_write,1510,77600,,,,,,
data_sync,1510,1842000,,,,,,
marker_write,1510,50400,,,,,,
marker_sync,1510,2165500,,,,,,
append,1511,4016800,,,,,,
encode,1511,5300,,,,,,
data_write,1511,73600,,,,,,
data_sync,1511,1889400,,,,,,
marker_write,1511,56400,,,,,,
marker_sync,1511,1988400,,,,,,
append,1512,3524699,,,,,,
encode,1512,6000,,,,,,
data_write,1512,77600,,,,,,
data_sync,1512,1681399,,,,,,
marker_write,1512,45100,,,,,,
marker_sync,1512,1711600,,,,,,
append,1513,3336800,,,,,,
encode,1513,5100,,,,,,
data_write,1513,62800,,,,,,
data_sync,1513,1632600,,,,,,
marker_write,1513,64900,,,,,,
marker_sync,1513,1568400,,,,,,
append,1514,3291800,,,,,,
encode,1514,3900,,,,,,
data_write,1514,50500,,,,,,
data_sync,1514,1531600,,,,,,
marker_write,1514,39100,,,,,,
marker_sync,1514,1664000,,,,,,
append,1515,3388000,,,,,,
encode,1515,4200,,,,,,
data_write,1515,84100,,,,,,
data_sync,1515,1666400,,,,,,
marker_write,1515,39000,,,,,,
marker_sync,1515,1592000,,,,,,
append,1516,3583500,,,,,,
encode,1516,3700,,,,,,
data_write,1516,50900,,,,,,
data_sync,1516,1776900,,,,,,
marker_write,1516,36600,,,,,,
marker_sync,1516,1712400,,,,,,
append,1517,3460100,,,,,,
encode,1517,5300,,,,,,
data_write,1517,69500,,,,,,
data_sync,1517,1732800,,,,,,
marker_write,1517,41900,,,,,,
marker_sync,1517,1608200,,,,,,
append,1518,3211300,,,,,,
encode,1518,4300,,,,,,
data_write,1518,51800,,,,,,
data_sync,1518,1532000,,,,,,
marker_write,1518,51400,,,,,,
marker_sync,1518,1569400,,,,,,
append,1519,3238600,,,,,,
encode,1519,3500,,,,,,
data_write,1519,48100,,,,,,
data_sync,1519,1607100,,,,,,
marker_write,1519,55700,,,,,,
marker_sync,1519,1522300,,,,,,
append,1520,3584200,,,,,,
encode,1520,4100,,,,,,
data_write,1520,52000,,,,,,
data_sync,1520,1569100,,,,,,
marker_write,1520,47800,,,,,,
marker_sync,1520,1905900,,,,,,
append,1521,4087400,,,,,,
encode,1521,6600,,,,,,
data_write,1521,71500,,,,,,
data_sync,1521,1998500,,,,,,
marker_write,1521,68700,,,,,,
marker_sync,1521,1939000,,,,,,
append,1522,4215200,,,,,,
encode,1522,5400,,,,,,
data_write,1522,59200,,,,,,
data_sync,1522,1913100,,,,,,
marker_write,1522,66100,,,,,,
marker_sync,1522,2167300,,,,,,
append,1523,3984200,,,,,,
encode,1523,6300,,,,,,
data_write,1523,100500,,,,,,
data_sync,1523,2071100,,,,,,
marker_write,1523,60000,,,,,,
marker_sync,1523,1741600,,,,,,
append,1524,3566000,,,,,,
encode,1524,6000,,,,,,
data_write,1524,57600,,,,,,
data_sync,1524,1691500,,,,,,
marker_write,1524,58600,,,,,,
marker_sync,1524,1748900,,,,,,
append,1525,4028399,,,,,,
encode,1525,5400,,,,,,
data_write,1525,86500,,,,,,
data_sync,1525,1829000,,,,,,
marker_write,1525,55500,,,,,,
marker_sync,1525,2048199,,,,,,
append,1526,3750600,,,,,,
encode,1526,6200,,,,,,
data_write,1526,77200,,,,,,
data_sync,1526,1793700,,,,,,
marker_write,1526,64800,,,,,,
marker_sync,1526,1805300,,,,,,
append,1527,4093800,,,,,,
encode,1527,5900,,,,,,
data_write,1527,70700,,,,,,
data_sync,1527,1980100,,,,,,
marker_write,1527,65000,,,,,,
marker_sync,1527,1969500,,,,,,
append,1528,3580600,,,,,,
encode,1528,5700,,,,,,
data_write,1528,59800,,,,,,
data_sync,1528,1683800,,,,,,
marker_write,1528,56100,,,,,,
marker_sync,1528,1771700,,,,,,
append,1529,3564600,,,,,,
encode,1529,5500,,,,,,
data_write,1529,71900,,,,,,
data_sync,1529,1736400,,,,,,
marker_write,1529,58600,,,,,,
marker_sync,1529,1689000,,,,,,
append,1530,3595600,,,,,,
encode,1530,5300,,,,,,
data_write,1530,68400,,,,,,
data_sync,1530,1801100,,,,,,
marker_write,1530,59800,,,,,,
marker_sync,1530,1658100,,,,,,
append,1531,3637200,,,,,,
encode,1531,5500,,,,,,
data_write,1531,61200,,,,,,
data_sync,1531,1780200,,,,,,
marker_write,1531,60400,,,,,,
marker_sync,1531,1726600,,,,,,
append,1532,2949300,,,,,,
encode,1532,4600,,,,,,
data_write,1532,57900,,,,,,
data_sync,1532,1457300,,,,,,
marker_write,1532,46400,,,,,,
marker_sync,1532,1380600,,,,,,
append,1533,3286600,,,,,,
encode,1533,3800,,,,,,
data_write,1533,55100,,,,,,
data_sync,1533,1570300,,,,,,
marker_write,1533,58600,,,,,,
marker_sync,1533,1595300,,,,,,
append,1534,3376200,,,,,,
encode,1534,5800,,,,,,
data_write,1534,63300,,,,,,
data_sync,1534,1602000,,,,,,
marker_write,1534,56900,,,,,,
marker_sync,1534,1643800,,,,,,
append,1535,3221300,,,,,,
encode,1535,5000,,,,,,
data_write,1535,57600,,,,,,
data_sync,1535,1625900,,,,,,
marker_write,1535,52900,,,,,,
marker_sync,1535,1477700,,,,,,
append,1536,3118700,,,,,,
encode,1536,3600,,,,,,
data_write,1536,48700,,,,,,
data_sync,1536,1467700,,,,,,
marker_write,1536,53100,,,,,,
marker_sync,1536,1543600,,,,,,
append,1537,3021300,,,,,,
encode,1537,3100,,,,,,
data_write,1537,49300,,,,,,
data_sync,1537,1481400,,,,,,
marker_write,1537,38400,,,,,,
marker_sync,1537,1447400,,,,,,
append,1538,3243700,,,,,,
encode,1538,4100,,,,,,
data_write,1538,48100,,,,,,
data_sync,1538,1560000,,,,,,
marker_write,1538,56700,,,,,,
marker_sync,1538,1571600,,,,,,
append,1539,3192899,,,,,,
encode,1539,4700,,,,,,
data_write,1539,62700,,,,,,
data_sync,1539,1549300,,,,,,
marker_write,1539,52800,,,,,,
marker_sync,1539,1519799,,,,,,
append,1540,3225800,,,,,,
encode,1540,4100,,,,,,
data_write,1540,105200,,,,,,
data_sync,1540,1565800,,,,,,
marker_write,1540,55700,,,,,,
marker_sync,1540,1492400,,,,,,
append,1541,3269100,,,,,,
encode,1541,5500,,,,,,
data_write,1541,62500,,,,,,
data_sync,1541,1467800,,,,,,
marker_write,1541,40800,,,,,,
marker_sync,1541,1690000,,,,,,
append,1542,3079100,,,,,,
encode,1542,3700,,,,,,
data_write,1542,47200,,,,,,
data_sync,1542,1517300,,,,,,
marker_write,1542,42100,,,,,,
marker_sync,1542,1466700,,,,,,
append,1543,3586600,,,,,,
encode,1543,3400,,,,,,
data_write,1543,41900,,,,,,
data_sync,1543,1649600,,,,,,
marker_write,1543,58000,,,,,,
marker_sync,1543,1830900,,,,,,
append,1544,3577900,,,,,,
encode,1544,5600,,,,,,
data_write,1544,69000,,,,,,
data_sync,1544,1746000,,,,,,
marker_write,1544,49700,,,,,,
marker_sync,1544,1705100,,,,,,
append,1545,3389400,,,,,,
encode,1545,3700,,,,,,
data_write,1545,53500,,,,,,
data_sync,1545,1629500,,,,,,
marker_write,1545,46400,,,,,,
marker_sync,1545,1653800,,,,,,
append,1546,3214900,,,,,,
encode,1546,4900,,,,,,
data_write,1546,61500,,,,,,
data_sync,1546,1546400,,,,,,
marker_write,1546,44900,,,,,,
marker_sync,1546,1554600,,,,,,
append,1547,3168100,,,,,,
encode,1547,3500,,,,,,
data_write,1547,49700,,,,,,
data_sync,1547,1596900,,,,,,
marker_write,1547,45700,,,,,,
marker_sync,1547,1469700,,,,,,
append,1548,3534300,,,,,,
encode,1548,3900,,,,,,
data_write,1548,46600,,,,,,
data_sync,1548,1750200,,,,,,
marker_write,1548,41000,,,,,,
marker_sync,1548,1690300,,,,,,
append,1549,3182900,,,,,,
encode,1549,5500,,,,,,
data_write,1549,63800,,,,,,
data_sync,1549,1574700,,,,,,
marker_write,1549,45200,,,,,,
marker_sync,1549,1491400,,,,,,
append,1550,3261500,,,,,,
encode,1550,4200,,,,,,
data_write,1550,58400,,,,,,
data_sync,1550,1668000,,,,,,
marker_write,1550,55500,,,,,,
marker_sync,1550,1471900,,,,,,
append,1551,2882400,,,,,,
encode,1551,5900,,,,,,
data_write,1551,61800,,,,,,
data_sync,1551,1383200,,,,,,
marker_write,1551,37400,,,,,,
marker_sync,1551,1391000,,,,,,
append,1552,3044200,,,,,,
encode,1552,5000,,,,,,
data_write,1552,57800,,,,,,
data_sync,1552,1456600,,,,,,
marker_write,1552,37200,,,,,,
marker_sync,1552,1484700,,,,,,
append,1553,2998300,,,,,,
encode,1553,5400,,,,,,
data_write,1553,60400,,,,,,
data_sync,1553,1448300,,,,,,
marker_write,1553,40700,,,,,,
marker_sync,1553,1441000,,,,,,
append,1554,2909899,,,,,,
encode,1554,3800,,,,,,
data_write,1554,47400,,,,,,
data_sync,1554,1410100,,,,,,
marker_write,1554,34700,,,,,,
marker_sync,1554,1412199,,,,,,
append,1555,2959400,,,,,,
encode,1555,3600,,,,,,
data_write,1555,45200,,,,,,
data_sync,1555,1420500,,,,,,
marker_write,1555,37600,,,,,,
marker_sync,1555,1450000,,,,,,
append,1556,3138000,,,,,,
encode,1556,5000,,,,,,
data_write,1556,62000,,,,,,
data_sync,1556,1506100,,,,,,
marker_write,1556,55400,,,,,,
marker_sync,1556,1506900,,,,,,
append,1557,3308000,,,,,,
encode,1557,4600,,,,,,
data_write,1557,55500,,,,,,
data_sync,1557,1503800,,,,,,
marker_write,1557,49900,,,,,,
marker_sync,1557,1690600,,,,,,
append,1558,4248200,,,,,,
encode,1558,6800,,,,,,
data_write,1558,70700,,,,,,
data_sync,1558,1980900,,,,,,
marker_write,1558,79500,,,,,,
marker_sync,1558,2106300,,,,,,
append,1559,4136700,,,,,,
encode,1559,5900,,,,,,
data_write,1559,75500,,,,,,
data_sync,1559,2070600,,,,,,
marker_write,1559,68600,,,,,,
marker_sync,1559,1910500,,,,,,
append,1560,4020300,,,,,,
encode,1560,7800,,,,,,
data_write,1560,80100,,,,,,
data_sync,1560,2049200,,,,,,
marker_write,1560,56100,,,,,,
marker_sync,1560,1823000,,,,,,
append,1561,3669900,,,,,,
encode,1561,5700,,,,,,
data_write,1561,66600,,,,,,
data_sync,1561,1839500,,,,,,
marker_write,1561,49200,,,,,,
marker_sync,1561,1706100,,,,,,
append,1562,8168300,,,,,,
encode,1562,6000,,,,,,
data_write,1562,76900,,,,,,
data_sync,1562,6345400,,,,,,
marker_write,1562,61400,,,,,,
marker_sync,1562,1675500,,,,,,
append,1563,3327700,,,,,,
encode,1563,5900,,,,,,
data_write,1563,61500,,,,,,
data_sync,1563,1537600,,,,,,
marker_write,1563,49200,,,,,,
marker_sync,1563,1670900,,,,,,
append,1564,3576200,,,,,,
encode,1564,5600,,,,,,
data_write,1564,64700,,,,,,
data_sync,1564,1720500,,,,,,
marker_write,1564,62400,,,,,,
marker_sync,1564,1720400,,,,,,
append,1565,3926900,,,,,,
encode,1565,5500,,,,,,
data_write,1565,64400,,,,,,
data_sync,1565,1986600,,,,,,
marker_write,1565,62200,,,,,,
marker_sync,1565,1805000,,,,,,
append,1566,3430199,,,,,,
encode,1566,4400,,,,,,
data_write,1566,54000,,,,,,
data_sync,1566,1666400,,,,,,
marker_write,1566,41300,,,,,,
marker_sync,1566,1661499,,,,,,
append,1567,3395400,,,,,,
encode,1567,4700,,,,,,
data_write,1567,59400,,,,,,
data_sync,1567,1600900,,,,,,
marker_write,1567,49100,,,,,,
marker_sync,1567,1678400,,,,,,
append,1568,3331200,,,,,,
encode,1568,5400,,,,,,
data_write,1568,64300,,,,,,
data_sync,1568,1594900,,,,,,
marker_write,1568,39500,,,,,,
marker_sync,1568,1622500,,,,,,
append,1569,3630500,,,,,,
encode,1569,5300,,,,,,
data_write,1569,49600,,,,,,
data_sync,1569,1775100,,,,,,
marker_write,1569,60600,,,,,,
marker_sync,1569,1736900,,,,,,
append,1570,3316600,,,,,,
encode,1570,5400,,,,,,
data_write,1570,62700,,,,,,
data_sync,1570,1625700,,,,,,
marker_write,1570,40500,,,,,,
marker_sync,1570,1579800,,,,,,
append,1571,3428000,,,,,,
encode,1571,3600,,,,,,
data_write,1571,46500,,,,,,
data_sync,1571,1623600,,,,,,
marker_write,1571,62100,,,,,,
marker_sync,1571,1688400,,,,,,
append,1572,3740900,,,,,,
encode,1572,5800,,,,,,
data_write,1572,78000,,,,,,
data_sync,1572,1846100,,,,,,
marker_write,1572,55300,,,,,,
marker_sync,1572,1752600,,,,,,
append,1573,3429700,,,,,,
encode,1573,6000,,,,,,
data_write,1573,69200,,,,,,
data_sync,1573,1696500,,,,,,
marker_write,1573,56800,,,,,,
marker_sync,1573,1598100,,,,,,
append,1574,3417600,,,,,,
encode,1574,5400,,,,,,
data_write,1574,56400,,,,,,
data_sync,1574,1639100,,,,,,
marker_write,1574,47700,,,,,,
marker_sync,1574,1665900,,,,,,
append,1575,3339500,,,,,,
encode,1575,5900,,,,,,
data_write,1575,97300,,,,,,
data_sync,1575,1595900,,,,,,
marker_write,1575,56100,,,,,,
marker_sync,1575,1581700,,,,,,
append,1576,3427900,,,,,,
encode,1576,5400,,,,,,
data_write,1576,63800,,,,,,
data_sync,1576,1587400,,,,,,
marker_write,1576,56300,,,,,,
marker_sync,1576,1710900,,,,,,
append,1577,3374200,,,,,,
encode,1577,4400,,,,,,
data_write,1577,56000,,,,,,
data_sync,1577,1674400,,,,,,
marker_write,1577,45100,,,,,,
marker_sync,1577,1591300,,,,,,
append,1578,3681400,,,,,,
encode,1578,5800,,,,,,
data_write,1578,79200,,,,,,
data_sync,1578,1744700,,,,,,
marker_write,1578,60600,,,,,,
marker_sync,1578,1787900,,,,,,
append,1579,3806600,,,,,,
encode,1579,6400,,,,,,
data_write,1579,76300,,,,,,
data_sync,1579,1908000,,,,,,
marker_write,1579,64000,,,,,,
marker_sync,1579,1748400,,,,,,
append,1580,3644399,,,,,,
encode,1580,4900,,,,,,
data_write,1580,60700,,,,,,
data_sync,1580,1563300,,,,,,
marker_write,1580,44200,,,,,,
marker_sync,1580,1966699,,,,,,
append,1581,3878500,,,,,,
encode,1581,7200,,,,,,
data_write,1581,75400,,,,,,
data_sync,1581,1688600,,,,,,
marker_write,1581,55600,,,,,,
marker_sync,1581,2045800,,,,,,
append,1582,4214600,,,,,,
encode,1582,7400,,,,,,
data_write,1582,86200,,,,,,
data_sync,1582,1927000,,,,,,
marker_write,1582,69600,,,,,,
marker_sync,1582,2120700,,,,,,
append,1583,6598400,,,,,,
encode,1583,5900,,,,,,
data_write,1583,89800,,,,,,
data_sync,1583,4140500,,,,,,
marker_write,1583,29700,,,,,,
marker_sync,1583,2328100,,,,,,
append,1584,4362100,,,,,,
encode,1584,6200,,,,,,
data_write,1584,111100,,,,,,
data_sync,1584,2283500,,,,,,
marker_write,1584,34700,,,,,,
marker_sync,1584,1923200,,,,,,
append,1585,3956100,,,,,,
encode,1585,4900,,,,,,
data_write,1585,57300,,,,,,
data_sync,1585,1864300,,,,,,
marker_write,1585,60800,,,,,,
marker_sync,1585,1965100,,,,,,
append,1586,4138300,,,,,,
encode,1586,5900,,,,,,
data_write,1586,77100,,,,,,
data_sync,1586,1935000,,,,,,
marker_write,1586,60800,,,,,,
marker_sync,1586,2055600,,,,,,
append,1587,3718500,,,,,,
encode,1587,6300,,,,,,
data_write,1587,72300,,,,,,
data_sync,1587,1789200,,,,,,
marker_write,1587,51800,,,,,,
marker_sync,1587,1795700,,,,,,
append,1588,3733600,,,,,,
encode,1588,6400,,,,,,
data_write,1588,61900,,,,,,
data_sync,1588,1829300,,,,,,
marker_write,1588,45700,,,,,,
marker_sync,1588,1786200,,,,,,
append,1589,3960800,,,,,,
encode,1589,6100,,,,,,
data_write,1589,61000,,,,,,
data_sync,1589,2111200,,,,,,
marker_write,1589,55000,,,,,,
marker_sync,1589,1724600,,,,,,
append,1590,3801400,,,,,,
encode,1590,6000,,,,,,
data_write,1590,59200,,,,,,
data_sync,1590,1904500,,,,,,
marker_write,1590,62200,,,,,,
marker_sync,1590,1766300,,,,,,
append,1591,3578400,,,,,,
encode,1591,5800,,,,,,
data_write,1591,56800,,,,,,
data_sync,1591,1880400,,,,,,
marker_write,1591,45800,,,,,,
marker_sync,1591,1586600,,,,,,
append,1592,3336099,,,,,,
encode,1592,5400,,,,,,
data_write,1592,67300,,,,,,
data_sync,1592,1587299,,,,,,
marker_write,1592,45000,,,,,,
marker_sync,1592,1628500,,,,,,
append,1593,3238700,,,,,,
encode,1593,4800,,,,,,
data_write,1593,59700,,,,,,
data_sync,1593,1583000,,,,,,
marker_write,1593,52800,,,,,,
marker_sync,1593,1536100,,,,,,
append,1594,3927100,,,,,,
encode,1594,4700,,,,,,
data_write,1594,61100,,,,,,
data_sync,1594,1673300,,,,,,
marker_write,1594,48400,,,,,,
marker_sync,1594,2136400,,,,,,
append,1595,3305400,,,,,,
encode,1595,6000,,,,,,
data_write,1595,70900,,,,,,
data_sync,1595,1617600,,,,,,
marker_write,1595,43100,,,,,,
marker_sync,1595,1564300,,,,,,
append,1596,3902300,,,,,,
encode,1596,5300,,,,,,
data_write,1596,64700,,,,,,
data_sync,1596,1739600,,,,,,
marker_write,1596,78200,,,,,,
marker_sync,1596,2011300,,,,,,
append,1597,4104400,,,,,,
encode,1597,7300,,,,,,
data_write,1597,51500,,,,,,
data_sync,1597,2013700,,,,,,
marker_write,1597,59500,,,,,,
marker_sync,1597,1968800,,,,,,
append,1598,4753300,,,,,,
encode,1598,6100,,,,,,
data_write,1598,70000,,,,,,
data_sync,1598,2435100,,,,,,
marker_write,1598,61500,,,,,,
marker_sync,1598,2177400,,,,,,
append,1599,3995400,,,,,,
encode,1599,6400,,,,,,
data_write,1599,69200,,,,,,
data_sync,1599,1936200,,,,,,
marker_write,1599,55900,,,,,,
marker_sync,1599,1923900,,,,,,
append,1600,3649100,,,,,,
encode,1600,5800,,,,,,
data_write,1600,76900,,,,,,
data_sync,1600,1800500,,,,,,
marker_write,1600,54900,,,,,,
marker_sync,1600,1707600,,,,,,
append,1601,3908200,,,,,,
encode,1601,3600,,,,,,
data_write,1601,67000,,,,,,
data_sync,1601,2034300,,,,,,
marker_write,1601,56200,,,,,,
marker_sync,1601,1744000,,,,,,
append,1602,3973400,,,,,,
encode,1602,5100,,,,,,
data_write,1602,56800,,,,,,
data_sync,1602,1839200,,,,,,
marker_write,1602,162400,,,,,,
marker_sync,1602,1905600,,,,,,
append,1603,4323500,,,,,,
encode,1603,6200,,,,,,
data_write,1603,66300,,,,,,
data_sync,1603,1800000,,,,,,
marker_write,1603,59600,,,,,,
marker_sync,1603,2388500,,,,,,
append,1604,3729999,,,,,,
encode,1604,5000,,,,,,
data_write,1604,70000,,,,,,
data_sync,1604,1974600,,,,,,
marker_write,1604,58300,,,,,,
marker_sync,1604,1617799,,,,,,
append,1605,3501700,,,,,,
encode,1605,6000,,,,,,
data_write,1605,69900,,,,,,
data_sync,1605,1699200,,,,,,
marker_write,1605,61500,,,,,,
marker_sync,1605,1661700,,,,,,
append,1606,3965400,,,,,,
encode,1606,4100,,,,,,
data_write,1606,63600,,,,,,
data_sync,1606,1916600,,,,,,
marker_write,1606,65400,,,,,,
marker_sync,1606,1912300,,,,,,
append,1607,4190300,,,,,,
encode,1607,6400,,,,,,
data_write,1607,74500,,,,,,
data_sync,1607,2103800,,,,,,
marker_write,1607,68100,,,,,,
marker_sync,1607,1932800,,,,,,
append,1608,3767100,,,,,,
encode,1608,6200,,,,,,
data_write,1608,75400,,,,,,
data_sync,1608,1895500,,,,,,
marker_write,1608,54700,,,,,,
marker_sync,1608,1730600,,,,,,
append,1609,3651200,,,,,,
encode,1609,4800,,,,,,
data_write,1609,63200,,,,,,
data_sync,1609,1841500,,,,,,
marker_write,1609,40100,,,,,,
marker_sync,1609,1697900,,,,,,
append,1610,3465800,,,,,,
encode,1610,5900,,,,,,
data_write,1610,65700,,,,,,
data_sync,1610,1544500,,,,,,
marker_write,1610,50000,,,,,,
marker_sync,1610,1796400,,,,,,
append,1611,3535500,,,,,,
encode,1611,5500,,,,,,
data_write,1611,60900,,,,,,
data_sync,1611,1712200,,,,,,
marker_write,1611,42900,,,,,,
marker_sync,1611,1710100,,,,,,
append,1612,3859300,,,,,,
encode,1612,6100,,,,,,
data_write,1612,58800,,,,,,
data_sync,1612,1827500,,,,,,
marker_write,1612,60100,,,,,,
marker_sync,1612,1903100,,,,,,
append,1613,3819700,,,,,,
encode,1613,5500,,,,,,
data_write,1613,68600,,,,,,
data_sync,1613,1685000,,,,,,
marker_write,1613,70200,,,,,,
marker_sync,1613,1985300,,,,,,
append,1614,4385400,,,,,,
encode,1614,7000,,,,,,
data_write,1614,86000,,,,,,
data_sync,1614,1866100,,,,,,
marker_write,1614,61500,,,,,,
marker_sync,1614,2361100,,,,,,
append,1615,3571600,,,,,,
encode,1615,4900,,,,,,
data_write,1615,80500,,,,,,
data_sync,1615,1802200,,,,,,
marker_write,1615,63500,,,,,,
marker_sync,1615,1618100,,,,,,
append,1616,3587000,,,,,,
encode,1616,4400,,,,,,
data_write,1616,62100,,,,,,
data_sync,1616,1807200,,,,,,
marker_write,1616,60000,,,,,,
marker_sync,1616,1646300,,,,,,
append,1617,3574799,,,,,,
encode,1617,5700,,,,,,
data_write,1617,72300,,,,,,
data_sync,1617,1668000,,,,,,
marker_write,1617,57800,,,,,,
marker_sync,1617,1767299,,,,,,
append,1618,3986500,,,,,,
encode,1618,6000,,,,,,
data_write,1618,73100,,,,,,
data_sync,1618,1885400,,,,,,
marker_write,1618,60400,,,,,,
marker_sync,1618,1958200,,,,,,
append,1619,3588900,,,,,,
encode,1619,6000,,,,,,
data_write,1619,70200,,,,,,
data_sync,1619,1737300,,,,,,
marker_write,1619,81600,,,,,,
marker_sync,1619,1690400,,,,,,
append,1620,3824700,,,,,,
encode,1620,5900,,,,,,
data_write,1620,72700,,,,,,
data_sync,1620,1714400,,,,,,
marker_write,1620,41500,,,,,,
marker_sync,1620,1987200,,,,,,
append,1621,3641500,,,,,,
encode,1621,6100,,,,,,
data_write,1621,73500,,,,,,
data_sync,1621,1717500,,,,,,
marker_write,1621,57500,,,,,,
marker_sync,1621,1783300,,,,,,
append,1622,3469100,,,,,,
encode,1622,5500,,,,,,
data_write,1622,55200,,,,,,
data_sync,1622,1672300,,,,,,
marker_write,1622,48400,,,,,,
marker_sync,1622,1685000,,,,,,
append,1623,3711600,,,,,,
encode,1623,4200,,,,,,
data_write,1623,57900,,,,,,
data_sync,1623,1721100,,,,,,
marker_write,1623,62500,,,,,,
marker_sync,1623,1862600,,,,,,
append,1624,3971200,,,,,,
encode,1624,6200,,,,,,
data_write,1624,71600,,,,,,
data_sync,1624,1959000,,,,,,
marker_write,1624,55900,,,,,,
marker_sync,1624,1875300,,,,,,
append,1625,3358600,,,,,,
encode,1625,4900,,,,,,
data_write,1625,62000,,,,,,
data_sync,1625,1694100,,,,,,
marker_write,1625,56200,,,,,,
marker_sync,1625,1538200,,,,,,
append,1626,3272900,,,,,,
encode,1626,3900,,,,,,
data_write,1626,52400,,,,,,
data_sync,1626,1495300,,,,,,
marker_write,1626,44300,,,,,,
marker_sync,1626,1674700,,,,,,
append,1627,3421100,,,,,,
encode,1627,4400,,,,,,
data_write,1627,52400,,,,,,
data_sync,1627,1587100,,,,,,
marker_write,1627,51400,,,,,,
marker_sync,1627,1723000,,,,,,
append,1628,3778400,,,,,,
encode,1628,5600,,,,,,
data_write,1628,67800,,,,,,
data_sync,1628,1731600,,,,,,
marker_write,1628,54200,,,,,,
marker_sync,1628,1915300,,,,,,
append,1629,4154000,,,,,,
encode,1629,8200,,,,,,
data_write,1629,72900,,,,,,
data_sync,1629,2034700,,,,,,
marker_write,1629,50300,,,,,,
marker_sync,1629,1984000,,,,,,
append,1630,3827899,,,,,,
encode,1630,6200,,,,,,
data_write,1630,73200,,,,,,
data_sync,1630,1962000,,,,,,
marker_write,1630,45200,,,,,,
marker_sync,1630,1738299,,,,,,
append,1631,3484100,,,,,,
encode,1631,5400,,,,,,
data_write,1631,64900,,,,,,
data_sync,1631,1609600,,,,,,
marker_write,1631,105800,,,,,,
marker_sync,1631,1695800,,,,,,
append,1632,3227600,,,,,,
encode,1632,4000,,,,,,
data_write,1632,55100,,,,,,
data_sync,1632,1547800,,,,,,
marker_write,1632,52100,,,,,,
marker_sync,1632,1564700,,,,,,
append,1633,3666200,,,,,,
encode,1633,4800,,,,,,
data_write,1633,89600,,,,,,
data_sync,1633,1756700,,,,,,
marker_write,1633,70500,,,,,,
marker_sync,1633,1739500,,,,,,
append,1634,4135400,,,,,,
encode,1634,4700,,,,,,
data_write,1634,49900,,,,,,
data_sync,1634,1678500,,,,,,
marker_write,1634,46900,,,,,,
marker_sync,1634,2352300,,,,,,
append,1635,3304000,,,,,,
encode,1635,4200,,,,,,
data_write,1635,54100,,,,,,
data_sync,1635,1586600,,,,,,
marker_write,1635,40000,,,,,,
marker_sync,1635,1615600,,,,,,
append,1636,3473400,,,,,,
encode,1636,5400,,,,,,
data_write,1636,58100,,,,,,
data_sync,1636,1658300,,,,,,
marker_write,1636,42600,,,,,,
marker_sync,1636,1706400,,,,,,
append,1637,3344300,,,,,,
encode,1637,3800,,,,,,
data_write,1637,50700,,,,,,
data_sync,1637,1636200,,,,,,
marker_write,1637,40600,,,,,,
marker_sync,1637,1610900,,,,,,
append,1638,3440500,,,,,,
encode,1638,3800,,,,,,
data_write,1638,49700,,,,,,
data_sync,1638,1753400,,,,,,
marker_write,1638,54600,,,,,,
marker_sync,1638,1575600,,,,,,
append,1639,3598100,,,,,,
encode,1639,5500,,,,,,
data_write,1639,59000,,,,,,
data_sync,1639,1726700,,,,,,
marker_write,1639,55000,,,,,,
marker_sync,1639,1746200,,,,,,
append,1640,3466800,,,,,,
encode,1640,4400,,,,,,
data_write,1640,73200,,,,,,
data_sync,1640,1573700,,,,,,
marker_write,1640,51500,,,,,,
marker_sync,1640,1761600,,,,,,
append,1641,3231800,,,,,,
encode,1641,4500,,,,,,
data_write,1641,57100,,,,,,
data_sync,1641,1558300,,,,,,
marker_write,1641,43100,,,,,,
marker_sync,1641,1564700,,,,,,
append,1642,3209800,,,,,,
encode,1642,5100,,,,,,
data_write,1642,65400,,,,,,
data_sync,1642,1604300,,,,,,
marker_write,1642,44200,,,,,,
marker_sync,1642,1487200,,,,,,
append,1643,3142400,,,,,,
encode,1643,5500,,,,,,
data_write,1643,67400,,,,,,
data_sync,1643,1541000,,,,,,
marker_write,1643,47300,,,,,,
marker_sync,1643,1478700,,,,,,
append,1644,3665699,,,,,,
encode,1644,4000,,,,,,
data_write,1644,46900,,,,,,
data_sync,1644,1681800,,,,,,
marker_write,1644,57900,,,,,,
marker_sync,1644,1871299,,,,,,
append,1645,4236400,,,,,,
encode,1645,4300,,,,,,
data_write,1645,56100,,,,,,
data_sync,1645,2089300,,,,,,
marker_write,1645,54800,,,,,,
marker_sync,1645,2028600,,,,,,
append,1646,4073900,,,,,,
encode,1646,6200,,,,,,
data_write,1646,72300,,,,,,
data_sync,1646,1954000,,,,,,
marker_write,1646,55500,,,,,,
marker_sync,1646,1981600,,,,,,
append,1647,3615100,,,,,,
encode,1647,5500,,,,,,
data_write,1647,73700,,,,,,
data_sync,1647,1763300,,,,,,
marker_write,1647,54000,,,,,,
marker_sync,1647,1715200,,,,,,
append,1648,3118000,,,,,,
encode,1648,4200,,,,,,
data_write,1648,57100,,,,,,
data_sync,1648,1504600,,,,,,
marker_write,1648,49700,,,,,,
marker_sync,1648,1499900,,,,,,
append,1649,3191800,,,,,,
encode,1649,4400,,,,,,
data_write,1649,53500,,,,,,
data_sync,1649,1443300,,,,,,
marker_write,1649,36900,,,,,,
marker_sync,1649,1651300,,,,,,
append,1650,3673600,,,,,,
encode,1650,5600,,,,,,
data_write,1650,59800,,,,,,
data_sync,1650,1762500,,,,,,
marker_write,1650,55600,,,,,,
marker_sync,1650,1786900,,,,,,
append,1651,3430100,,,,,,
encode,1651,5800,,,,,,
data_write,1651,61900,,,,,,
data_sync,1651,1739700,,,,,,
marker_write,1651,54100,,,,,,
marker_sync,1651,1565600,,,,,,
append,1652,3718900,,,,,,
encode,1652,5600,,,,,,
data_write,1652,56500,,,,,,
data_sync,1652,1548500,,,,,,
marker_write,1652,50600,,,,,,
marker_sync,1652,2054200,,,,,,
append,1653,3680200,,,,,,
encode,1653,6200,,,,,,
data_write,1653,68700,,,,,,
data_sync,1653,2006700,,,,,,
marker_write,1653,58800,,,,,,
marker_sync,1653,1536900,,,,,,
append,1654,3114100,,,,,,
encode,1654,4700,,,,,,
data_write,1654,55200,,,,,,
data_sync,1654,1572900,,,,,,
marker_write,1654,42600,,,,,,
marker_sync,1654,1436600,,,,,,
append,1655,2926600,,,,,,
encode,1655,4200,,,,,,
data_write,1655,47100,,,,,,
data_sync,1655,1438700,,,,,,
marker_write,1655,40000,,,,,,
marker_sync,1655,1394700,,,,,,
append,1656,3161300,,,,,,
encode,1656,3700,,,,,,
data_write,1656,48100,,,,,,
data_sync,1656,1399400,,,,,,
marker_write,1656,40500,,,,,,
marker_sync,1656,1666700,,,,,,
append,1657,3139100,,,,,,
encode,1657,5000,,,,,,
data_write,1657,48900,,,,,,
data_sync,1657,1566500,,,,,,
marker_write,1657,41100,,,,,,
marker_sync,1657,1475500,,,,,,
append,1658,3149399,,,,,,
encode,1658,4200,,,,,,
data_write,1658,44700,,,,,,
data_sync,1658,1459000,,,,,,
marker_write,1658,42800,,,,,,
marker_sync,1658,1596299,,,,,,
append,1659,3324400,,,,,,
encode,1659,3900,,,,,,
data_write,1659,50200,,,,,,
data_sync,1659,1685300,,,,,,
marker_write,1659,48900,,,,,,
marker_sync,1659,1532700,,,,,,
append,1660,3325000,,,,,,
encode,1660,6400,,,,,,
data_write,1660,69900,,,,,,
data_sync,1660,1510600,,,,,,
marker_write,1660,54800,,,,,,
marker_sync,1660,1680800,,,,,,
append,1661,3734300,,,,,,
encode,1661,5400,,,,,,
data_write,1661,75300,,,,,,
data_sync,1661,1859400,,,,,,
marker_write,1661,51100,,,,,,
marker_sync,1661,1738100,,,,,,
append,1662,3293900,,,,,,
encode,1662,6900,,,,,,
data_write,1662,79100,,,,,,
data_sync,1662,1624000,,,,,,
marker_write,1662,39400,,,,,,
marker_sync,1662,1542100,,,,,,
append,1663,3586500,,,,,,
encode,1663,4600,,,,,,
data_write,1663,62000,,,,,,
data_sync,1663,1558800,,,,,,
marker_write,1663,39800,,,,,,
marker_sync,1663,1918400,,,,,,
append,1664,3534800,,,,,,
encode,1664,5600,,,,,,
data_write,1664,65500,,,,,,
data_sync,1664,1756100,,,,,,
marker_write,1664,48200,,,,,,
marker_sync,1664,1656600,,,,,,
append,1665,3551300,,,,,,
encode,1665,4000,,,,,,
data_write,1665,60900,,,,,,
data_sync,1665,1649200,,,,,,
marker_write,1665,44300,,,,,,
marker_sync,1665,1790100,,,,,,
append,1666,3289500,,,,,,
encode,1666,5600,,,,,,
data_write,1666,76600,,,,,,
data_sync,1666,1567100,,,,,,
marker_write,1666,44600,,,,,,
marker_sync,1666,1592900,,,,,,
append,1667,3407900,,,,,,
encode,1667,4400,,,,,,
data_write,1667,56600,,,,,,
data_sync,1667,1682000,,,,,,
marker_write,1667,54500,,,,,,
marker_sync,1667,1607200,,,,,,
append,1668,3397300,,,,,,
encode,1668,4200,,,,,,
data_write,1668,53600,,,,,,
data_sync,1668,1656600,,,,,,
marker_write,1668,64300,,,,,,
marker_sync,1668,1615800,,,,,,
append,1669,3547600,,,,,,
encode,1669,5700,,,,,,
data_write,1669,71400,,,,,,
data_sync,1669,1581200,,,,,,
marker_write,1669,53000,,,,,,
marker_sync,1669,1833100,,,,,,
append,1670,3578500,,,,,,
encode,1670,5900,,,,,,
data_write,1670,59800,,,,,,
data_sync,1670,1686300,,,,,,
marker_write,1670,53300,,,,,,
marker_sync,1670,1769700,,,,,,
append,1671,3479400,,,,,,
encode,1671,5300,,,,,,
data_write,1671,66600,,,,,,
data_sync,1671,1702100,,,,,,
marker_write,1671,49100,,,,,,
marker_sync,1671,1653200,,,,,,
append,1672,3687199,,,,,,
encode,1672,5800,,,,,,
data_write,1672,68400,,,,,,
data_sync,1672,1817100,,,,,,
marker_write,1672,55300,,,,,,
marker_sync,1672,1737899,,,,,,
append,1673,3949900,,,,,,
encode,1673,5000,,,,,,
data_write,1673,66400,,,,,,
data_sync,1673,1935700,,,,,,
marker_write,1673,68500,,,,,,
marker_sync,1673,1870700,,,,,,
append,1674,3668700,,,,,,
encode,1674,5800,,,,,,
data_write,1674,68300,,,,,,
data_sync,1674,1905200,,,,,,
marker_write,1674,54300,,,,,,
marker_sync,1674,1631800,,,,,,
append,1675,3757400,,,,,,
encode,1675,6000,,,,,,
data_write,1675,70700,,,,,,
data_sync,1675,1776000,,,,,,
marker_write,1675,66200,,,,,,
marker_sync,1675,1834800,,,,,,
append,1676,3714300,,,,,,
encode,1676,5600,,,,,,
data_write,1676,76600,,,,,,
data_sync,1676,1808900,,,,,,
marker_write,1676,47100,,,,,,
marker_sync,1676,1773100,,,,,,
append,1677,3242700,,,,,,
encode,1677,5500,,,,,,
data_write,1677,60100,,,,,,
data_sync,1677,1606000,,,,,,
marker_write,1677,40800,,,,,,
marker_sync,1677,1528300,,,,,,
append,1678,3402500,,,,,,
encode,1678,3600,,,,,,
data_write,1678,47700,,,,,,
data_sync,1678,1493500,,,,,,
marker_write,1678,37600,,,,,,
marker_sync,1678,1818300,,,,,,
append,1679,3177600,,,,,,
encode,1679,3600,,,,,,
data_write,1679,50000,,,,,,
data_sync,1679,1640100,,,,,,
marker_write,1679,37500,,,,,,
marker_sync,1679,1444300,,,,,,
append,1680,2963300,,,,,,
encode,1680,3700,,,,,,
data_write,1680,49100,,,,,,
data_sync,1680,1442700,,,,,,
marker_write,1680,44900,,,,,,
marker_sync,1680,1421100,,,,,,
append,1681,3248800,,,,,,
encode,1681,2900,,,,,,
data_write,1681,47300,,,,,,
data_sync,1681,1650300,,,,,,
marker_write,1681,42700,,,,,,
marker_sync,1681,1503500,,,,,,
append,1682,3549100,,,,,,
encode,1682,5400,,,,,,
data_write,1682,59400,,,,,,
data_sync,1682,1694200,,,,,,
marker_write,1682,53700,,,,,,
marker_sync,1682,1733900,,,,,,
append,1683,3405100,,,,,,
encode,1683,4500,,,,,,
data_write,1683,57700,,,,,,
data_sync,1683,1701500,,,,,,
marker_write,1683,58000,,,,,,
marker_sync,1683,1581200,,,,,,
append,1684,3210900,,,,,,
encode,1684,5000,,,,,,
data_write,1684,58600,,,,,,
data_sync,1684,1524500,,,,,,
marker_write,1684,50800,,,,,,
marker_sync,1684,1569400,,,,,,
append,1685,3204700,,,,,,
encode,1685,4000,,,,,,
data_write,1685,48600,,,,,,
data_sync,1685,1571200,,,,,,
marker_write,1685,51000,,,,,,
marker_sync,1685,1526900,,,,,,
append,1686,3335299,,,,,,
encode,1686,5200,,,,,,
data_write,1686,56700,,,,,,
data_sync,1686,1544600,,,,,,
marker_write,1686,61900,,,,,,
marker_sync,1686,1663899,,,,,,
append,1687,3542600,,,,,,
encode,1687,7200,,,,,,
data_write,1687,76700,,,,,,
data_sync,1687,1741600,,,,,,
marker_write,1687,61800,,,,,,
marker_sync,1687,1651700,,,,,,
append,1688,3214600,,,,,,
encode,1688,4300,,,,,,
data_write,1688,57300,,,,,,
data_sync,1688,1587800,,,,,,
marker_write,1688,48200,,,,,,
marker_sync,1688,1514100,,,,,,
append,1689,3464500,,,,,,
encode,1689,3900,,,,,,
data_write,1689,57100,,,,,,
data_sync,1689,1761900,,,,,,
marker_write,1689,42200,,,,,,
marker_sync,1689,1597000,,,,,,
append,1690,3329000,,,,,,
encode,1690,3800,,,,,,
data_write,1690,45300,,,,,,
data_sync,1690,1612200,,,,,,
marker_write,1690,50900,,,,,,
marker_sync,1690,1613700,,,,,,
append,1691,3487400,,,,,,
encode,1691,3900,,,,,,
data_write,1691,52800,,,,,,
data_sync,1691,1614700,,,,,,
marker_write,1691,58500,,,,,,
marker_sync,1691,1755000,,,,,,
append,1692,3360800,,,,,,
encode,1692,4700,,,,,,
data_write,1692,50700,,,,,,
data_sync,1692,1609900,,,,,,
marker_write,1692,56000,,,,,,
marker_sync,1692,1636400,,,,,,
append,1693,3584200,,,,,,
encode,1693,4400,,,,,,
data_write,1693,69700,,,,,,
data_sync,1693,1742400,,,,,,
marker_write,1693,60100,,,,,,
marker_sync,1693,1702200,,,,,,
append,1694,3364400,,,,,,
encode,1694,7800,,,,,,
data_write,1694,65800,,,,,,
data_sync,1694,1626400,,,,,,
marker_write,1694,56800,,,,,,
marker_sync,1694,1604300,,,,,,
append,1695,3330000,,,,,,
encode,1695,6000,,,,,,
data_write,1695,67100,,,,,,
data_sync,1695,1670000,,,,,,
marker_write,1695,50800,,,,,,
marker_sync,1695,1533800,,,,,,
append,1696,3220900,,,,,,
encode,1696,4500,,,,,,
data_write,1696,48700,,,,,,
data_sync,1696,1611400,,,,,,
marker_write,1696,38500,,,,,,
marker_sync,1696,1516100,,,,,,
append,1697,3346100,,,,,,
encode,1697,3600,,,,,,
data_write,1697,45400,,,,,,
data_sync,1697,1560500,,,,,,
marker_write,1697,54300,,,,,,
marker_sync,1697,1679400,,,,,,
append,1698,3837800,,,,,,
encode,1698,5700,,,,,,
data_write,1698,73100,,,,,,
data_sync,1698,1857400,,,,,,
marker_write,1698,56600,,,,,,
marker_sync,1698,1841700,,,,,,
append,1699,3209700,,,,,,
encode,1699,5400,,,,,,
data_write,1699,65900,,,,,,
data_sync,1699,1650700,,,,,,
marker_write,1699,45800,,,,,,
marker_sync,1699,1439500,,,,,,
append,1700,3143499,,,,,,
encode,1700,4800,,,,,,
data_write,1700,53600,,,,,,
data_sync,1700,1492100,,,,,,
marker_write,1700,38700,,,,,,
marker_sync,1700,1551199,,,,,,
append,1701,6061600,,,,,,
encode,1701,4800,,,,,,
data_write,1701,62400,,,,,,
data_sync,1701,1755200,,,,,,
marker_write,1701,55000,,,,,,
marker_sync,1701,4181700,,,,,,
append,1702,3383800,,,,,,
encode,1702,4400,,,,,,
data_write,1702,56000,,,,,,
data_sync,1702,1671000,,,,,,
marker_write,1702,49300,,,,,,
marker_sync,1702,1601000,,,,,,
append,1703,3187100,,,,,,
encode,1703,3900,,,,,,
data_write,1703,45200,,,,,,
data_sync,1703,1578000,,,,,,
marker_write,1703,36200,,,,,,
marker_sync,1703,1522300,,,,,,
append,1704,3249200,,,,,,
encode,1704,3800,,,,,,
data_write,1704,40200,,,,,,
data_sync,1704,1520600,,,,,,
marker_write,1704,54700,,,,,,
marker_sync,1704,1627000,,,,,,
append,1705,3660200,,,,,,
encode,1705,5400,,,,,,
data_write,1705,60700,,,,,,
data_sync,1705,1811600,,,,,,
marker_write,1705,50900,,,,,,
marker_sync,1705,1729200,,,,,,
append,1706,3185900,,,,,,
encode,1706,4200,,,,,,
data_write,1706,47400,,,,,,
data_sync,1706,1534100,,,,,,
marker_write,1706,43700,,,,,,
marker_sync,1706,1554400,,,,,,
append,1707,3169000,,,,,,
encode,1707,5200,,,,,,
data_write,1707,58700,,,,,,
data_sync,1707,1512300,,,,,,
marker_write,1707,40100,,,,,,
marker_sync,1707,1550100,,,,,,
append,1708,3540100,,,,,,
encode,1708,5200,,,,,,
data_write,1708,61400,,,,,,
data_sync,1708,1637200,,,,,,
marker_write,1708,56100,,,,,,
marker_sync,1708,1777600,,,,,,
append,1709,3198000,,,,,,
encode,1709,6200,,,,,,
data_write,1709,59400,,,,,,
data_sync,1709,1595900,,,,,,
marker_write,1709,41700,,,,,,
marker_sync,1709,1491900,,,,,,
append,1710,3004800,,,,,,
encode,1710,4600,,,,,,
data_write,1710,57100,,,,,,
data_sync,1710,1506600,,,,,,
marker_write,1710,48500,,,,,,
marker_sync,1710,1385300,,,,,,
append,1711,3156300,,,,,,
encode,1711,5200,,,,,,
data_write,1711,61800,,,,,,
data_sync,1711,1415200,,,,,,
marker_write,1711,41000,,,,,,
marker_sync,1711,1630300,,,,,,
append,1712,3099500,,,,,,
encode,1712,5200,,,,,,
data_write,1712,64500,,,,,,
data_sync,1712,1493100,,,,,,
marker_write,1712,43000,,,,,,
marker_sync,1712,1490500,,,,,,
append,1713,2980600,,,,,,
encode,1713,3900,,,,,,
data_write,1713,50600,,,,,,
data_sync,1713,1469900,,,,,,
marker_write,1713,48000,,,,,,
marker_sync,1713,1405800,,,,,,
append,1714,3104799,,,,,,
encode,1714,4200,,,,,,
data_write,1714,45900,,,,,,
data_sync,1714,1533300,,,,,,
marker_write,1714,56400,,,,,,
marker_sync,1714,1462199,,,,,,
append,1715,3270900,,,,,,
encode,1715,5700,,,,,,
data_write,1715,60800,,,,,,
data_sync,1715,1582200,,,,,,
marker_write,1715,42000,,,,,,
marker_sync,1715,1578300,,,,,,
append,1716,3427200,,,,,,
encode,1716,4300,,,,,,
data_write,1716,45800,,,,,,
data_sync,1716,1505900,,,,,,
marker_write,1716,58000,,,,,,
marker_sync,1716,1809900,,,,,,
append,1717,3568900,,,,,,
encode,1717,6800,,,,,,
data_write,1717,76600,,,,,,
data_sync,1717,1808300,,,,,,
marker_write,1717,61300,,,,,,
marker_sync,1717,1612900,,,,,,
append,1718,3284000,,,,,,
encode,1718,6700,,,,,,
data_write,1718,65600,,,,,,
data_sync,1718,1615200,,,,,,
marker_write,1718,54700,,,,,,
marker_sync,1718,1539000,,,,,,
append,1719,3099900,,,,,,
encode,1719,5100,,,,,,
data_write,1719,50500,,,,,,
data_sync,1719,1465800,,,,,,
marker_write,1719,42400,,,,,,
marker_sync,1719,1533800,,,,,,
append,1720,2824900,,,,,,
encode,1720,4300,,,,,,
data_write,1720,51400,,,,,,
data_sync,1720,1396400,,,,,,
marker_write,1720,37600,,,,,,
marker_sync,1720,1333600,,,,,,
append,1721,2763300,,,,,,
encode,1721,3300,,,,,,
data_write,1721,41700,,,,,,
data_sync,1721,1324100,,,,,,
marker_write,1721,33300,,,,,,
marker_sync,1721,1359500,,,,,,
append,1722,2785400,,,,,,
encode,1722,3200,,,,,,
data_write,1722,42600,,,,,,
data_sync,1722,1311400,,,,,,
marker_write,1722,33200,,,,,,
marker_sync,1722,1393500,,,,,,
append,1723,2794700,,,,,,
encode,1723,4100,,,,,,
data_write,1723,49300,,,,,,
data_sync,1723,1356700,,,,,,
marker_write,1723,32700,,,,,,
marker_sync,1723,1350800,,,,,,
append,1724,2752100,,,,,,
encode,1724,2800,,,,,,
data_write,1724,42300,,,,,,
data_sync,1724,1328900,,,,,,
marker_write,1724,32800,,,,,,
marker_sync,1724,1343900,,,,,,
append,1725,3294500,,,,,,
encode,1725,2300,,,,,,
data_write,1725,59000,,,,,,
data_sync,1725,1421000,,,,,,
marker_write,1725,54800,,,,,,
marker_sync,1725,1755200,,,,,,
append,1726,3868500,,,,,,
encode,1726,4300,,,,,,
data_write,1726,55500,,,,,,
data_sync,1726,1873500,,,,,,
marker_write,1726,69700,,,,,,
marker_sync,1726,1861800,,,,,,
append,1727,3728300,,,,,,
encode,1727,5400,,,,,,
data_write,1727,65300,,,,,,
data_sync,1727,1811300,,,,,,
marker_write,1727,50600,,,,,,
marker_sync,1727,1792900,,,,,,
append,1728,3226100,,,,,,
encode,1728,5000,,,,,,
data_write,1728,55400,,,,,,
data_sync,1728,1598600,,,,,,
marker_write,1728,40600,,,,,,
marker_sync,1728,1524200,,,,,,
append,1729,3205500,,,,,,
encode,1729,3400,,,,,,
data_write,1729,47500,,,,,,
data_sync,1729,1475800,,,,,,
marker_write,1729,38900,,,,,,
marker_sync,1729,1636600,,,,,,
append,1730,3525899,,,,,,
encode,1730,4500,,,,,,
data_write,1730,62600,,,,,,
data_sync,1730,1782199,,,,,,
marker_write,1730,50500,,,,,,
marker_sync,1730,1623300,,,,,,
append,1731,3403200,,,,,,
encode,1731,4900,,,,,,
data_write,1731,68200,,,,,,
data_sync,1731,1717700,,,,,,
marker_write,1731,50800,,,,,,
marker_sync,1731,1558400,,,,,,
append,1732,3280500,,,,,,
encode,1732,5500,,,,,,
data_write,1732,56800,,,,,,
data_sync,1732,1552600,,,,,,
marker_write,1732,49500,,,,,,
marker_sync,1732,1613500,,,,,,
append,1733,3337800,,,,,,
encode,1733,4800,,,,,,
data_write,1733,64800,,,,,,
data_sync,1733,1587700,,,,,,
marker_write,1733,50300,,,,,,
marker_sync,1733,1627200,,,,,,
append,1734,3469800,,,,,,
encode,1734,5800,,,,,,
data_write,1734,64400,,,,,,
data_sync,1734,1663600,,,,,,
marker_write,1734,58200,,,,,,
marker_sync,1734,1674900,,,,,,
append,1735,3711300,,,,,,
encode,1735,4800,,,,,,
data_write,1735,68000,,,,,,
data_sync,1735,1733100,,,,,,
marker_write,1735,39800,,,,,,
marker_sync,1735,1861900,,,,,,
append,1736,4078900,,,,,,
encode,1736,5600,,,,,,
data_write,1736,69600,,,,,,
data_sync,1736,2003200,,,,,,
marker_write,1736,53100,,,,,,
marker_sync,1736,1943700,,,,,,
append,1737,3817700,,,,,,
encode,1737,5800,,,,,,
data_write,1737,63400,,,,,,
data_sync,1737,2023900,,,,,,
marker_write,1737,56800,,,,,,
marker_sync,1737,1664000,,,,,,
append,1738,3986100,,,,,,
encode,1738,5300,,,,,,
data_write,1738,56000,,,,,,
data_sync,1738,1703800,,,,,,
marker_write,1738,50600,,,,,,
marker_sync,1738,2166200,,,,,,
append,1739,4425700,,,,,,
encode,1739,5600,,,,,,
data_write,1739,66200,,,,,,
data_sync,1739,2268000,,,,,,
marker_write,1739,45000,,,,,,
marker_sync,1739,2036800,,,,,,
append,1740,4009100,,,,,,
encode,1740,7700,,,,,,
data_write,1740,35800,,,,,,
data_sync,1740,1929700,,,,,,
marker_write,1740,56900,,,,,,
marker_sync,1740,1975300,,,,,,
append,1741,3512900,,,,,,
encode,1741,4600,,,,,,
data_write,1741,57800,,,,,,
data_sync,1741,1784800,,,,,,
marker_write,1741,48600,,,,,,
marker_sync,1741,1613400,,,,,,
append,1742,3570900,,,,,,
encode,1742,5200,,,,,,
data_write,1742,63000,,,,,,
data_sync,1742,1721300,,,,,,
marker_write,1742,51300,,,,,,
marker_sync,1742,1727400,,,,,,
append,1743,3221999,,,,,,
encode,1743,4500,,,,,,
data_write,1743,50200,,,,,,
data_sync,1743,1618699,,,,,,
marker_write,1743,48700,,,,,,
marker_sync,1743,1497100,,,,,,
append,1744,3244800,,,,,,
encode,1744,4200,,,,,,
data_write,1744,68400,,,,,,
data_sync,1744,1534000,,,,,,
marker_write,1744,37400,,,,,,
marker_sync,1744,1598600,,,,,,
append,1745,3239500,,,,,,
encode,1745,5600,,,,,,
data_write,1745,56900,,,,,,
data_sync,1745,1555100,,,,,,
marker_write,1745,52200,,,,,,
marker_sync,1745,1566900,,,,,,
append,1746,3202300,,,,,,
encode,1746,5900,,,,,,
data_write,1746,65500,,,,,,
data_sync,1746,1457300,,,,,,
marker_write,1746,48600,,,,,,
marker_sync,1746,1622200,,,,,,
append,1747,3353300,,,,,,
encode,1747,5900,,,,,,
data_write,1747,64600,,,,,,
data_sync,1747,1556000,,,,,,
marker_write,1747,55000,,,,,,
marker_sync,1747,1668800,,,,,,
append,1748,3213900,,,,,,
encode,1748,5400,,,,,,
data_write,1748,66900,,,,,,
data_sync,1748,1565900,,,,,,
marker_write,1748,56500,,,,,,
marker_sync,1748,1516400,,,,,,
append,1749,3550100,,,,,,
encode,1749,5400,,,,,,
data_write,1749,67600,,,,,,
data_sync,1749,1674600,,,,,,
marker_write,1749,54800,,,,,,
marker_sync,1749,1744100,,,,,,
append,1750,3387300,,,,,,
encode,1750,6000,,,,,,
data_write,1750,68800,,,,,,
data_sync,1750,1626700,,,,,,
marker_write,1750,51200,,,,,,
marker_sync,1750,1631300,,,,,,
append,1751,3596800,,,,,,
encode,1751,6200,,,,,,
data_write,1751,63800,,,,,,
data_sync,1751,1617000,,,,,,
marker_write,1751,46800,,,,,,
marker_sync,1751,1860000,,,,,,
append,1752,7788100,,,,,,
encode,1752,4100,,,,,,
data_write,1752,53200,,,,,,
data_sync,1752,1911100,,,,,,
marker_write,1752,62700,,,,,,
marker_sync,1752,5752000,,,,,,
append,1753,3533500,,,,,,
encode,1753,5600,,,,,,
data_write,1753,66100,,,,,,
data_sync,1753,1747600,,,,,,
marker_write,1753,42600,,,,,,
marker_sync,1753,1669200,,,,,,
append,1754,3404200,,,,,,
encode,1754,5300,,,,,,
data_write,1754,60100,,,,,,
data_sync,1754,1775000,,,,,,
marker_write,1754,44800,,,,,,
marker_sync,1754,1516200,,,,,,
append,1755,3106200,,,,,,
encode,1755,5500,,,,,,
data_write,1755,66900,,,,,,
data_sync,1755,1499400,,,,,,
marker_write,1755,44400,,,,,,
marker_sync,1755,1487700,,,,,,
append,1756,3034899,,,,,,
encode,1756,3900,,,,,,
data_write,1756,51400,,,,,,
data_sync,1756,1439199,,,,,,
marker_write,1756,50300,,,,,,
marker_sync,1756,1487400,,,,,,
append,1757,3635200,,,,,,
encode,1757,6800,,,,,,
data_write,1757,76800,,,,,,
data_sync,1757,1525500,,,,,,
marker_write,1757,61500,,,,,,
marker_sync,1757,1960900,,,,,,
append,1758,3547000,,,,,,
encode,1758,5900,,,,,,
data_write,1758,69800,,,,,,
data_sync,1758,1776600,,,,,,
marker_write,1758,52100,,,,,,
marker_sync,1758,1639800,,,,,,
append,1759,3349900,,,,,,
encode,1759,5600,,,,,,
data_write,1759,55800,,,,,,
data_sync,1759,1601900,,,,,,
marker_write,1759,46600,,,,,,
marker_sync,1759,1637500,,,,,,
append,1760,3212000,,,,,,
encode,1760,5200,,,,,,
data_write,1760,57000,,,,,,
data_sync,1760,1574500,,,,,,
marker_write,1760,54500,,,,,,
marker_sync,1760,1517900,,,,,,
append,1761,6685300,,,,,,
encode,1761,4300,,,,,,
data_write,1761,49700,,,,,,
data_sync,1761,5012100,,,,,,
marker_write,1761,58000,,,,,,
marker_sync,1761,1557500,,,,,,
append,1762,3161600,,,,,,
encode,1762,5500,,,,,,
data_write,1762,61100,,,,,,
data_sync,1762,1471200,,,,,,
marker_write,1762,64000,,,,,,
marker_sync,1762,1556300,,,,,,
append,1763,3383300,,,,,,
encode,1763,3800,,,,,,
data_write,1763,47000,,,,,,
data_sync,1763,1648700,,,,,,
marker_write,1763,47500,,,,,,
marker_sync,1763,1633400,,,,,,
append,1764,3325700,,,,,,
encode,1764,6700,,,,,,
data_write,1764,78900,,,,,,
data_sync,1764,1689500,,,,,,
marker_write,1764,58600,,,,,,
marker_sync,1764,1489300,,,,,,
append,1765,3130000,,,,,,
encode,1765,5700,,,,,,
data_write,1765,68600,,,,,,
data_sync,1765,1548800,,,,,,
marker_write,1765,41200,,,,,,
marker_sync,1765,1462900,,,,,,
append,1766,2993900,,,,,,
encode,1766,5100,,,,,,
data_write,1766,61100,,,,,,
data_sync,1766,1439500,,,,,,
marker_write,1766,50600,,,,,,
marker_sync,1766,1434700,,,,,,
append,1767,3383100,,,,,,
encode,1767,4300,,,,,,
data_write,1767,59900,,,,,,
data_sync,1767,1563100,,,,,,
marker_write,1767,49500,,,,,,
marker_sync,1767,1703700,,,,,,
append,1768,3554900,,,,,,
encode,1768,4700,,,,,,
data_write,1768,49800,,,,,,
data_sync,1768,1745400,,,,,,
marker_write,1768,47000,,,,,,
marker_sync,1768,1705100,,,,,,
append,1769,4099099,,,,,,
encode,1769,5300,,,,,,
data_write,1769,60100,,,,,,
data_sync,1769,2039200,,,,,,
marker_write,1769,58900,,,,,,
marker_sync,1769,1932399,,,,,,
append,1770,3742600,,,,,,
encode,1770,5800,,,,,,
data_write,1770,73900,,,,,,
data_sync,1770,1733000,,,,,,
marker_write,1770,57300,,,,,,
marker_sync,1770,1867000,,,,,,
append,1771,4029200,,,,,,
encode,1771,8100,,,,,,
data_write,1771,92400,,,,,,
data_sync,1771,1990600,,,,,,
marker_write,1771,59600,,,,,,
marker_sync,1771,1875200,,,,,,
append,1772,4479900,,,,,,
encode,1772,5300,,,,,,
data_write,1772,87400,,,,,,
data_sync,1772,2539600,,,,,,
marker_write,1772,54700,,,,,,
marker_sync,1772,1788500,,,,,,
append,1773,4758100,,,,,,
encode,1773,5900,,,,,,
data_write,1773,77000,,,,,,
data_sync,1773,2046700,,,,,,
marker_write,1773,51800,,,,,,
marker_sync,1773,2570800,,,,,,
append,1774,4019100,,,,,,
encode,1774,5900,,,,,,
data_write,1774,69000,,,,,,
data_sync,1774,1924900,,,,,,
marker_write,1774,59500,,,,,,
marker_sync,1774,1956100,,,,,,
append,1775,3787900,,,,,,
encode,1775,5800,,,,,,
data_write,1775,69200,,,,,,
data_sync,1775,2009500,,,,,,
marker_write,1775,56900,,,,,,
marker_sync,1775,1642900,,,,,,
append,1776,4057900,,,,,,
encode,1776,4800,,,,,,
data_write,1776,65900,,,,,,
data_sync,1776,1880200,,,,,,
marker_write,1776,58100,,,,,,
marker_sync,1776,2044800,,,,,,
append,1777,3804900,,,,,,
encode,1777,6300,,,,,,
data_write,1777,61900,,,,,,
data_sync,1777,2075300,,,,,,
marker_write,1777,50300,,,,,,
marker_sync,1777,1608100,,,,,,
append,1778,3368900,,,,,,
encode,1778,4900,,,,,,
data_write,1778,55800,,,,,,
data_sync,1778,1642800,,,,,,
marker_write,1778,44600,,,,,,
marker_sync,1778,1618100,,,,,,
append,1779,3423800,,,,,,
encode,1779,4500,,,,,,
data_write,1779,48000,,,,,,
data_sync,1779,1657600,,,,,,
marker_write,1779,41700,,,,,,
marker_sync,1779,1669000,,,,,,
append,1780,3233700,,,,,,
encode,1780,5400,,,,,,
data_write,1780,65700,,,,,,
data_sync,1780,1577300,,,,,,
marker_write,1780,53900,,,,,,
marker_sync,1780,1527300,,,,,,
append,1781,3914400,,,,,,
encode,1781,5400,,,,,,
data_write,1781,68600,,,,,,
data_sync,1781,1862400,,,,,,
marker_write,1781,47800,,,,,,
marker_sync,1781,1923300,,,,,,
append,1782,3615299,,,,,,
encode,1782,5800,,,,,,
data_write,1782,67900,,,,,,
data_sync,1782,1842599,,,,,,
marker_write,1782,57400,,,,,,
marker_sync,1782,1638700,,,,,,
append,1783,3563800,,,,,,
encode,1783,4900,,,,,,
data_write,1783,51700,,,,,,
data_sync,1783,1600400,,,,,,
marker_write,1783,51300,,,,,,
marker_sync,1783,1852200,,,,,,
append,1784,3847300,,,,,,
encode,1784,5600,,,,,,
data_write,1784,68200,,,,,,
data_sync,1784,1835400,,,,,,
marker_write,1784,65000,,,,,,
marker_sync,1784,1869200,,,,,,
append,1785,3753900,,,,,,
encode,1785,5800,,,,,,
data_write,1785,67300,,,,,,
data_sync,1785,1807700,,,,,,
marker_write,1785,57800,,,,,,
marker_sync,1785,1811300,,,,,,
append,1786,3646900,,,,,,
encode,1786,5100,,,,,,
data_write,1786,74000,,,,,,
data_sync,1786,1806700,,,,,,
marker_write,1786,93400,,,,,,
marker_sync,1786,1664000,,,,,,
append,1787,3947500,,,,,,
encode,1787,6000,,,,,,
data_write,1787,71300,,,,,,
data_sync,1787,1600500,,,,,,
marker_write,1787,58300,,,,,,
marker_sync,1787,2205600,,,,,,
append,1788,3959600,,,,,,
encode,1788,7400,,,,,,
data_write,1788,86500,,,,,,
data_sync,1788,1972000,,,,,,
marker_write,1788,60500,,,,,,
marker_sync,1788,1830000,,,,,,
append,1789,3473900,,,,,,
encode,1789,5800,,,,,,
data_write,1789,75900,,,,,,
data_sync,1789,1749100,,,,,,
marker_write,1789,54300,,,,,,
marker_sync,1789,1586000,,,,,,
append,1790,4093300,,,,,,
encode,1790,5000,,,,,,
data_write,1790,61300,,,,,,
data_sync,1790,2124000,,,,,,
marker_write,1790,45700,,,,,,
marker_sync,1790,1854600,,,,,,
append,1791,3477200,,,,,,
encode,1791,4500,,,,,,
data_write,1791,57300,,,,,,
data_sync,1791,1665100,,,,,,
marker_write,1791,45800,,,,,,
marker_sync,1791,1701800,,,,,,
append,1792,3432400,,,,,,
encode,1792,4000,,,,,,
data_write,1792,51200,,,,,,
data_sync,1792,1632600,,,,,,
marker_write,1792,52800,,,,,,
marker_sync,1792,1688900,,,,,,
append,1793,8879199,,,,,,
encode,1793,4700,,,,,,
data_write,1793,59500,,,,,,
data_sync,1793,6894000,,,,,,
marker_write,1793,61100,,,,,,
marker_sync,1793,1857099,,,,,,
append,1794,3652800,,,,,,
encode,1794,4500,,,,,,
data_write,1794,54000,,,,,,
data_sync,1794,1666100,,,,,,
marker_write,1794,56200,,,,,,
marker_sync,1794,1869100,,,,,,
append,1795,5651200,,,,,,
encode,1795,4900,,,,,,
data_write,1795,52600,,,,,,
data_sync,1795,1967700,,,,,,
marker_write,1795,101100,,,,,,
marker_sync,1795,3521400,,,,,,
append,1796,3956700,,,,,,
encode,1796,6200,,,,,,
data_write,1796,79000,,,,,,
data_sync,1796,1952800,,,,,,
marker_write,1796,63400,,,,,,
marker_sync,1796,1852000,,,,,,
append,1797,3890400,,,,,,
encode,1797,8900,,,,,,
data_write,1797,97200,,,,,,
data_sync,1797,1804300,,,,,,
marker_write,1797,57000,,,,,,
marker_sync,1797,1919800,,,,,,
append,1798,3270400,,,,,,
encode,1798,4600,,,,,,
data_write,1798,51900,,,,,,
data_sync,1798,1558700,,,,,,
marker_write,1798,50800,,,,,,
marker_sync,1798,1601100,,,,,,
append,1799,3598200,,,,,,
encode,1799,5300,,,,,,
data_write,1799,53600,,,,,,
data_sync,1799,1612900,,,,,,
marker_write,1799,92200,,,,,,
marker_sync,1799,1831400,,,,,,
append,1800,3653100,,,,,,
encode,1800,4900,,,,,,
data_write,1800,67400,,,,,,
data_sync,1800,1630600,,,,,,
marker_write,1800,54000,,,,,,
marker_sync,1800,1893300,,,,,,
append,1801,3260200,,,,,,
encode,1801,5200,,,,,,
data_write,1801,66300,,,,,,
data_sync,1801,1582200,,,,,,
marker_write,1801,50100,,,,,,
marker_sync,1801,1553800,,,,,,
append,1802,3421800,,,,,,
encode,1802,5400,,,,,,
data_write,1802,60500,,,,,,
data_sync,1802,1551700,,,,,,
marker_write,1802,44700,,,,,,
marker_sync,1802,1757100,,,,,,
append,1803,3309900,,,,,,
encode,1803,7400,,,,,,
data_write,1803,64600,,,,,,
data_sync,1803,1556400,,,,,,
marker_write,1803,42600,,,,,,
marker_sync,1803,1636400,,,,,,
append,1804,3266400,,,,,,
encode,1804,5300,,,,,,
data_write,1804,66100,,,,,,
data_sync,1804,1630300,,,,,,
marker_write,1804,45100,,,,,,
marker_sync,1804,1516800,,,,,,
append,1805,3891300,,,,,,
encode,1805,5900,,,,,,
data_write,1805,67100,,,,,,
data_sync,1805,1837500,,,,,,
marker_write,1805,54400,,,,,,
marker_sync,1805,1923500,,,,,,
append,1806,3387999,,,,,,
encode,1806,6100,,,,,,
data_write,1806,76100,,,,,,
data_sync,1806,1750800,,,,,,
marker_write,1806,48000,,,,,,
marker_sync,1806,1503899,,,,,,
append,1807,3667600,,,,,,
encode,1807,4300,,,,,,
data_write,1807,49600,,,,,,
data_sync,1807,1703000,,,,,,
marker_write,1807,60400,,,,,,
marker_sync,1807,1846900,,,,,,
append,1808,3503900,,,,,,
encode,1808,6000,,,,,,
data_write,1808,91200,,,,,,
data_sync,1808,1810800,,,,,,
marker_write,1808,46300,,,,,,
marker_sync,1808,1546100,,,,,,
append,1809,3633900,,,,,,
encode,1809,5300,,,,,,
data_write,1809,62000,,,,,,
data_sync,1809,1551000,,,,,,
marker_write,1809,57800,,,,,,
marker_sync,1809,1954500,,,,,,
append,1810,8350000,,,,,,
encode,1810,6100,,,,,,
data_write,1810,68100,,,,,,
data_sync,1810,1791700,,,,,,
marker_write,1810,53800,,,,,,
marker_sync,1810,6427300,,,,,,
append,1811,3640500,,,,,,
encode,1811,4600,,,,,,
data_write,1811,53600,,,,,,
data_sync,1811,1789200,,,,,,
marker_write,1811,47600,,,,,,
marker_sync,1811,1742500,,,,,,
append,1812,3473200,,,,,,
encode,1812,5700,,,,,,
data_write,1812,64600,,,,,,
data_sync,1812,1652100,,,,,,
marker_write,1812,70600,,,,,,
marker_sync,1812,1676900,,,,,,
append,1813,3413500,,,,,,
encode,1813,5900,,,,,,
data_write,1813,63200,,,,,,
data_sync,1813,1603900,,,,,,
marker_write,1813,47200,,,,,,
marker_sync,1813,1690000,,,,,,
append,1814,3832800,,,,,,
encode,1814,4900,,,,,,
data_write,1814,60300,,,,,,
data_sync,1814,1900000,,,,,,
marker_write,1814,55200,,,,,,
marker_sync,1814,1809600,,,,,,
append,1815,3892800,,,,,,
encode,1815,5700,,,,,,
data_write,1815,65900,,,,,,
data_sync,1815,1935600,,,,,,
marker_write,1815,55900,,,,,,
marker_sync,1815,1826500,,,,,,
append,1816,7277600,,,,,,
encode,1816,7200,,,,,,
data_write,1816,76000,,,,,,
data_sync,1816,5254200,,,,,,
marker_write,1816,63400,,,,,,
marker_sync,1816,1873300,,,,,,
append,1817,3752599,,,,,,
encode,1817,8000,,,,,,
data_write,1817,71900,,,,,,
data_sync,1817,1868700,,,,,,
marker_write,1817,65100,,,,,,
marker_sync,1817,1735799,,,,,,
append,1818,3376400,,,,,,
encode,1818,6200,,,,,,
data_write,1818,53900,,,,,,
data_sync,1818,1627300,,,,,,
marker_write,1818,55600,,,,,,
marker_sync,1818,1629600,,,,,,
append,1819,3767100,,,,,,
encode,1819,5400,,,,,,
data_write,1819,68300,,,,,,
data_sync,1819,1737600,,,,,,
marker_write,1819,41000,,,,,,
marker_sync,1819,1911400,,,,,,
append,1820,7326100,,,,,,
encode,1820,6400,,,,,,
data_write,1820,64700,,,,,,
data_sync,1820,1871300,,,,,,
marker_write,1820,64800,,,,,,
marker_sync,1820,5316100,,,,,,
append,1821,3419100,,,,,,
encode,1821,5000,,,,,,
data_write,1821,58600,,,,,,
data_sync,1821,1738400,,,,,,
marker_write,1821,42700,,,,,,
marker_sync,1821,1571700,,,,,,
append,1822,3262400,,,,,,
encode,1822,5600,,,,,,
data_write,1822,67500,,,,,,
data_sync,1822,1645300,,,,,,
marker_write,1822,42700,,,,,,
marker_sync,1822,1498500,,,,,,
append,1823,3275200,,,,,,
encode,1823,4600,,,,,,
data_write,1823,49400,,,,,,
data_sync,1823,1486200,,,,,,
marker_write,1823,40600,,,,,,
marker_sync,1823,1691900,,,,,,
append,1824,3744700,,,,,,
encode,1824,5300,,,,,,
data_write,1824,72500,,,,,,
data_sync,1824,1835800,,,,,,
marker_write,1824,67100,,,,,,
marker_sync,1824,1760600,,,,,,
append,1825,3319300,,,,,,
encode,1825,5300,,,,,,
data_write,1825,68000,,,,,,
data_sync,1825,1659600,,,,,,
marker_write,1825,52900,,,,,,
marker_sync,1825,1530800,,,,,,
append,1826,3687000,,,,,,
encode,1826,5700,,,,,,
data_write,1826,62300,,,,,,
data_sync,1826,1578800,,,,,,
marker_write,1826,64100,,,,,,
marker_sync,1826,1973300,,,,,,
append,1827,3444900,,,,,,
encode,1827,6400,,,,,,
data_write,1827,81000,,,,,,
data_sync,1827,1915000,,,,,,
marker_write,1827,47400,,,,,,
marker_sync,1827,1391700,,,,,,
append,1828,3511500,,,,,,
encode,1828,4100,,,,,,
data_write,1828,51900,,,,,,
data_sync,1828,1793900,,,,,,
marker_write,1828,47300,,,,,,
marker_sync,1828,1608900,,,,,,
append,1829,3545200,,,,,,
encode,1829,6000,,,,,,
data_write,1829,73100,,,,,,
data_sync,1829,1708200,,,,,,
marker_write,1829,54200,,,,,,
marker_sync,1829,1700600,,,,,,
append,1830,3195699,,,,,,
encode,1830,4100,,,,,,
data_write,1830,47800,,,,,,
data_sync,1830,1548599,,,,,,
marker_write,1830,39000,,,,,,
marker_sync,1830,1554200,,,,,,
append,1831,3340000,,,,,,
encode,1831,4500,,,,,,
data_write,1831,48700,,,,,,
data_sync,1831,1660900,,,,,,
marker_write,1831,57000,,,,,,
marker_sync,1831,1565200,,,,,,
append,1832,4105100,,,,,,
encode,1832,8700,,,,,,
data_write,1832,59900,,,,,,
data_sync,1832,1938000,,,,,,
marker_write,1832,53900,,,,,,
marker_sync,1832,2041300,,,,,,
append,1833,3812400,,,,,,
encode,1833,5400,,,,,,
data_write,1833,69500,,,,,,
data_sync,1833,1958900,,,,,,
marker_write,1833,56900,,,,,,
marker_sync,1833,1717800,,,,,,
append,1834,3867800,,,,,,
encode,1834,5300,,,,,,
data_write,1834,60000,,,,,,
data_sync,1834,1813600,,,,,,
marker_write,1834,57700,,,,,,
marker_sync,1834,1927900,,,,,,
append,1835,3644100,,,,,,
encode,1835,6200,,,,,,
data_write,1835,81100,,,,,,
data_sync,1835,1799900,,,,,,
marker_write,1835,57700,,,,,,
marker_sync,1835,1696000,,,,,,
append,1836,8583800,,,,,,
encode,1836,5500,,,,,,
data_write,1836,37600,,,,,,
data_sync,1836,6749700,,,,,,
marker_write,1836,54500,,,,,,
marker_sync,1836,1732900,,,,,,
append,1837,3211800,,,,,,
encode,1837,5500,,,,,,
data_write,1837,69000,,,,,,
data_sync,1837,1532800,,,,,,
marker_write,1837,42000,,,,,,
marker_sync,1837,1560200,,,,,,
append,1838,3234300,,,,,,
encode,1838,4400,,,,,,
data_write,1838,49400,,,,,,
data_sync,1838,1549400,,,,,,
marker_write,1838,59700,,,,,,
marker_sync,1838,1569000,,,,,,
append,1839,3367600,,,,,,
encode,1839,5300,,,,,,
data_write,1839,80000,,,,,,
data_sync,1839,1553400,,,,,,
marker_write,1839,52900,,,,,,
marker_sync,1839,1671800,,,,,,
append,1840,4093600,,,,,,
encode,1840,5500,,,,,,
data_write,1840,67900,,,,,,
data_sync,1840,1936500,,,,,,
marker_write,1840,54600,,,,,,
marker_sync,1840,2023800,,,,,,
append,1841,3656600,,,,,,
encode,1841,7500,,,,,,
data_write,1841,85200,,,,,,
data_sync,1841,1809400,,,,,,
marker_write,1841,57500,,,,,,
marker_sync,1841,1694200,,,,,,
append,1842,3291499,,,,,,
encode,1842,5500,,,,,,
data_write,1842,61900,,,,,,
data_sync,1842,1538900,,,,,,
marker_write,1842,43600,,,,,,
marker_sync,1842,1637999,,,,,,
append,1843,3917200,,,,,,
encode,1843,5600,,,,,,
data_write,1843,60600,,,,,,
data_sync,1843,1913300,,,,,,
marker_write,1843,54200,,,,,,
marker_sync,1843,1880900,,,,,,
append,1844,4418300,,,,,,
encode,1844,5500,,,,,,
data_write,1844,50300,,,,,,
data_sync,1844,2141400,,,,,,
marker_write,1844,63500,,,,,,
marker_sync,1844,2154100,,,,,,
append,1845,3837800,,,,,,
encode,1845,31400,,,,,,
data_write,1845,37900,,,,,,
data_sync,1845,2090900,,,,,,
marker_write,1845,57300,,,,,,
marker_sync,1845,1617600,,,,,,
append,1846,3327400,,,,,,
encode,1846,4400,,,,,,
data_write,1846,51400,,,,,,
data_sync,1846,1591700,,,,,,
marker_write,1846,42200,,,,,,
marker_sync,1846,1634900,,,,,,
append,1847,3249200,,,,,,
encode,1847,5600,,,,,,
data_write,1847,60500,,,,,,
data_sync,1847,1585700,,,,,,
marker_write,1847,64900,,,,,,
marker_sync,1847,1527100,,,,,,
append,1848,3528500,,,,,,
encode,1848,5900,,,,,,
data_write,1848,65000,,,,,,
data_sync,1848,1663000,,,,,,
marker_write,1848,55400,,,,,,
marker_sync,1848,1736400,,,,,,
append,1849,3635500,,,,,,
encode,1849,5500,,,,,,
data_write,1849,58100,,,,,,
data_sync,1849,1830300,,,,,,
marker_write,1849,46000,,,,,,
marker_sync,1849,1693000,,,,,,
append,1850,3693600,,,,,,
encode,1850,5400,,,,,,
data_write,1850,63900,,,,,,
data_sync,1850,1629500,,,,,,
marker_write,1850,59300,,,,,,
marker_sync,1850,1931000,,,,,,
append,1851,3599400,,,,,,
encode,1851,6200,,,,,,
data_write,1851,84600,,,,,,
data_sync,1851,1684300,,,,,,
marker_write,1851,84100,,,,,,
marker_sync,1851,1736400,,,,,,
append,1852,3297900,,,,,,
encode,1852,7200,,,,,,
data_write,1852,82600,,,,,,
data_sync,1852,1622600,,,,,,
marker_write,1852,55100,,,,,,
marker_sync,1852,1527800,,,,,,
append,1853,3119900,,,,,,
encode,1853,4600,,,,,,
data_write,1853,56300,,,,,,
data_sync,1853,1521800,,,,,,
marker_write,1853,39600,,,,,,
marker_sync,1853,1495200,,,,,,
append,1854,3112000,,,,,,
encode,1854,7400,,,,,,
data_write,1854,72400,,,,,,
data_sync,1854,1503700,,,,,,
marker_write,1854,48800,,,,,,
marker_sync,1854,1477000,,,,,,
append,1855,3085700,,,,,,
encode,1855,4400,,,,,,
data_write,1855,57500,,,,,,
data_sync,1855,1504700,,,,,,
marker_write,1855,58700,,,,,,
marker_sync,1855,1458200,,,,,,
append,1856,3295199,,,,,,
encode,1856,4000,,,,,,
data_write,1856,49100,,,,,,
data_sync,1856,1521899,,,,,,
marker_write,1856,50000,,,,,,
marker_sync,1856,1667800,,,,,,
append,1857,3360300,,,,,,
encode,1857,5100,,,,,,
data_write,1857,61000,,,,,,
data_sync,1857,1642900,,,,,,
marker_write,1857,51800,,,,,,
marker_sync,1857,1596800,,,,,,
append,1858,8266400,,,,,,
encode,1858,6000,,,,,,
data_write,1858,91600,,,,,,
data_sync,1858,2043000,,,,,,
marker_write,1858,55300,,,,,,
marker_sync,1858,6067500,,,,,,
append,1859,3745500,,,,,,
encode,1859,5200,,,,,,
data_write,1859,66500,,,,,,
data_sync,1859,1947700,,,,,,
marker_write,1859,57400,,,,,,
marker_sync,1859,1665900,,,,,,
append,1860,3160500,,,,,,
encode,1860,4700,,,,,,
data_write,1860,54200,,,,,,
data_sync,1860,1551200,,,,,,
marker_write,1860,40700,,,,,,
marker_sync,1860,1507000,,,,,,
append,1861,3227400,,,,,,
encode,1861,5300,,,,,,
data_write,1861,60100,,,,,,
data_sync,1861,1613100,,,,,,
marker_write,1861,59300,,,,,,
marker_sync,1861,1486100,,,,,,
append,1862,3313400,,,,,,
encode,1862,4200,,,,,,
data_write,1862,50600,,,,,,
data_sync,1862,1436300,,,,,,
marker_write,1862,41200,,,,,,
marker_sync,1862,1778800,,,,,,
append,1863,3159600,,,,,,
encode,1863,4000,,,,,,
data_write,1863,49400,,,,,,
data_sync,1863,1493100,,,,,,
marker_write,1863,37600,,,,,,
marker_sync,1863,1572000,,,,,,
append,1864,3441600,,,,,,
encode,1864,5100,,,,,,
data_write,1864,59900,,,,,,
data_sync,1864,1632400,,,,,,
marker_write,1864,40100,,,,,,
marker_sync,1864,1701000,,,,,,
append,1865,3453300,,,,,,
encode,1865,4300,,,,,,
data_write,1865,56000,,,,,,
data_sync,1865,1568600,,,,,,
marker_write,1865,66800,,,,,,
marker_sync,1865,1753400,,,,,,
append,1866,3739700,,,,,,
encode,1866,5700,,,,,,
data_write,1866,77400,,,,,,
data_sync,1866,1884400,,,,,,
marker_write,1866,53900,,,,,,
marker_sync,1866,1714900,,,,,,
append,1867,3829300,,,,,,
encode,1867,6100,,,,,,
data_write,1867,68300,,,,,,
data_sync,1867,1881100,,,,,,
marker_write,1867,58700,,,,,,
marker_sync,1867,1811700,,,,,,
append,1868,9535899,,,,,,
encode,1868,7000,,,,,,
data_write,1868,65100,,,,,,
data_sync,1868,1742200,,,,,,
marker_write,1868,50900,,,,,,
marker_sync,1868,7667999,,,,,,
append,1869,4094400,,,,,,
encode,1869,5500,,,,,,
data_write,1869,63600,,,,,,
data_sync,1869,2144100,,,,,,
marker_write,1869,53400,,,,,,
marker_sync,1869,1824800,,,,,,
append,1870,4051400,,,,,,
encode,1870,6600,,,,,,
data_write,1870,71900,,,,,,
data_sync,1870,2069000,,,,,,
marker_write,1870,54400,,,,,,
marker_sync,1870,1846200,,,,,,
append,1871,3624000,,,,,,
encode,1871,5800,,,,,,
data_write,1871,58100,,,,,,
data_sync,1871,1779400,,,,,,
marker_write,1871,41600,,,,,,
marker_sync,1871,1736200,,,,,,
append,1872,3800000,,,,,,
encode,1872,5300,,,,,,
data_write,1872,61900,,,,,,
data_sync,1872,1734600,,,,,,
marker_write,1872,48400,,,,,,
marker_sync,1872,1945800,,,,,,
append,1873,4268200,,,,,,
encode,1873,6000,,,,,,
data_write,1873,66200,,,,,,
data_sync,1873,2017700,,,,,,
marker_write,1873,60200,,,,,,
marker_sync,1873,2114700,,,,,,
append,1874,4606900,,,,,,
encode,1874,5600,,,,,,
data_write,1874,69300,,,,,,
data_sync,1874,2340200,,,,,,
marker_write,1874,60600,,,,,,
marker_sync,1874,2125900,,,,,,
append,1875,4747300,,,,,,
encode,1875,4400,,,,,,
data_write,1875,72400,,,,,,
data_sync,1875,2089600,,,,,,
marker_write,1875,52400,,,,,,
marker_sync,1875,2525800,,,,,,
append,1876,3895900,,,,,,
encode,1876,4900,,,,,,
data_write,1876,55500,,,,,,
data_sync,1876,1899200,,,,,,
marker_write,1876,41600,,,,,,
marker_sync,1876,1890900,,,,,,
append,1877,3261500,,,,,,
encode,1877,6200,,,,,,
data_write,1877,85900,,,,,,
data_sync,1877,1579800,,,,,,
marker_write,1877,40800,,,,,,
marker_sync,1877,1546100,,,,,,
append,1878,3276900,,,,,,
encode,1878,4700,,,,,,
data_write,1878,46600,,,,,,
data_sync,1878,1491700,,,,,,
marker_write,1878,48000,,,,,,
marker_sync,1878,1683300,,,,,,
append,1879,3388299,,,,,,
encode,1879,5700,,,,,,
data_write,1879,66400,,,,,,
data_sync,1879,1644300,,,,,,
marker_write,1879,48500,,,,,,
marker_sync,1879,1620099,,,,,,
append,1880,3609800,,,,,,
encode,1880,5700,,,,,,
data_write,1880,69300,,,,,,
data_sync,1880,1679300,,,,,,
marker_write,1880,59000,,,,,,
marker_sync,1880,1793900,,,,,,
append,1881,3298100,,,,,,
encode,1881,4500,,,,,,
data_write,1881,47300,,,,,,
data_sync,1881,1553000,,,,,,
marker_write,1881,52300,,,,,,
marker_sync,1881,1637600,,,,,,
append,1882,3536600,,,,,,
encode,1882,4400,,,,,,
data_write,1882,51800,,,,,,
data_sync,1882,1707200,,,,,,
marker_write,1882,66500,,,,,,
marker_sync,1882,1703300,,,,,,
append,1883,3165800,,,,,,
encode,1883,5700,,,,,,
data_write,1883,61300,,,,,,
data_sync,1883,1542100,,,,,,
marker_write,1883,41400,,,,,,
marker_sync,1883,1512600,,,,,,
append,1884,3464600,,,,,,
encode,1884,4500,,,,,,
data_write,1884,48100,,,,,,
data_sync,1884,1682900,,,,,,
marker_write,1884,53500,,,,,,
marker_sync,1884,1673100,,,,,,
append,1885,3283000,,,,,,
encode,1885,4700,,,,,,
data_write,1885,52300,,,,,,
data_sync,1885,1568600,,,,,,
marker_write,1885,50300,,,,,,
marker_sync,1885,1604000,,,,,,
append,1886,3137100,,,,,,
encode,1886,5800,,,,,,
data_write,1886,66900,,,,,,
data_sync,1886,1499300,,,,,,
marker_write,1886,38300,,,,,,
marker_sync,1886,1524500,,,,,,
append,1887,3369100,,,,,,
encode,1887,4400,,,,,,
data_write,1887,49600,,,,,,
data_sync,1887,1557900,,,,,,
marker_write,1887,39800,,,,,,
marker_sync,1887,1714200,,,,,,
append,1888,3939000,,,,,,
encode,1888,5600,,,,,,
data_write,1888,66000,,,,,,
data_sync,1888,2012800,,,,,,
marker_write,1888,62400,,,,,,
marker_sync,1888,1788500,,,,,,
append,1889,3952100,,,,,,
encode,1889,5900,,,,,,
data_write,1889,63600,,,,,,
data_sync,1889,1868400,,,,,,
marker_write,1889,53600,,,,,,
marker_sync,1889,1957200,,,,,,
append,1890,4098700,,,,,,
encode,1890,7000,,,,,,
data_write,1890,66700,,,,,,
data_sync,1890,1898300,,,,,,
marker_write,1890,57700,,,,,,
marker_sync,1890,2062700,,,,,,
append,1891,3727100,,,,,,
encode,1891,7100,,,,,,
data_write,1891,90200,,,,,,
data_sync,1891,1897000,,,,,,
marker_write,1891,48000,,,,,,
marker_sync,1891,1681800,,,,,,
append,1892,3617400,,,,,,
encode,1892,5600,,,,,,
data_write,1892,71600,,,,,,
data_sync,1892,1653700,,,,,,
marker_write,1892,53800,,,,,,
marker_sync,1892,1829200,,,,,,
append,1893,3630699,,,,,,
encode,1893,9400,,,,,,
data_write,1893,77800,,,,,,
data_sync,1893,1747399,,,,,,
marker_write,1893,42600,,,,,,
marker_sync,1893,1750600,,,,,,
append,1894,3885000,,,,,,
encode,1894,9300,,,,,,
data_write,1894,61500,,,,,,
data_sync,1894,1956700,,,,,,
marker_write,1894,89200,,,,,,
marker_sync,1894,1765300,,,,,,
append,1895,3794000,,,,,,
encode,1895,6300,,,,,,
data_write,1895,59000,,,,,,
data_sync,1895,1798000,,,,,,
marker_write,1895,50700,,,,,,
marker_sync,1895,1876000,,,,,,
append,1896,3499000,,,,,,
encode,1896,5900,,,,,,
data_write,1896,69400,,,,,,
data_sync,1896,1749600,,,,,,
marker_write,1896,48800,,,,,,
marker_sync,1896,1620900,,,,,,
append,1897,3482800,,,,,,
encode,1897,5900,,,,,,
data_write,1897,65700,,,,,,
data_sync,1897,1750900,,,,,,
marker_write,1897,45100,,,,,,
marker_sync,1897,1612300,,,,,,
append,1898,3839300,,,,,,
encode,1898,4500,,,,,,
data_write,1898,50000,,,,,,
data_sync,1898,1947600,,,,,,
marker_write,1898,50600,,,,,,
marker_sync,1898,1783000,,,,,,
append,1899,3627100,,,,,,
encode,1899,6200,,,,,,
data_write,1899,65000,,,,,,
data_sync,1899,1876000,,,,,,
marker_write,1899,54300,,,,,,
marker_sync,1899,1622200,,,,,,
append,1900,3878800,,,,,,
encode,1900,5600,,,,,,
data_write,1900,51400,,,,,,
data_sync,1900,1931800,,,,,,
marker_write,1900,51300,,,,,,
marker_sync,1900,1834900,,,,,,
append,1901,3866500,,,,,,
encode,1901,5400,,,,,,
data_write,1901,87600,,,,,,
data_sync,1901,2075500,,,,,,
marker_write,1901,49200,,,,,,
marker_sync,1901,1645500,,,,,,
append,1902,4954400,,,,,,
encode,1902,4800,,,,,,
data_write,1902,58600,,,,,,
data_sync,1902,1672400,,,,,,
marker_write,1902,52100,,,,,,
marker_sync,1902,3162600,,,,,,
append,1903,8194300,,,,,,
encode,1903,7700,,,,,,
data_write,1903,86900,,,,,,
data_sync,1903,2039300,,,,,,
marker_write,1903,51900,,,,,,
marker_sync,1903,6004500,,,,,,
append,1904,3616399,,,,,,
encode,1904,4100,,,,,,
data_write,1904,51900,,,,,,
data_sync,1904,1713400,,,,,,
marker_write,1904,41100,,,,,,
marker_sync,1904,1802499,,,,,,
append,1905,3930800,,,,,,
encode,1905,5800,,,,,,
data_write,1905,64200,,,,,,
data_sync,1905,1841700,,,,,,
marker_write,1905,62600,,,,,,
marker_sync,1905,1952600,,,,,,
append,1906,3945700,,,,,,
encode,1906,7600,,,,,,
data_write,1906,71700,,,,,,
data_sync,1906,1871900,,,,,,
marker_write,1906,56900,,,,,,
marker_sync,1906,1932900,,,,,,
append,1907,3923100,,,,,,
encode,1907,8300,,,,,,
data_write,1907,68400,,,,,,
data_sync,1907,1855300,,,,,,
marker_write,1907,57700,,,,,,
marker_sync,1907,1928100,,,,,,
append,1908,3408100,,,,,,
encode,1908,7200,,,,,,
data_write,1908,85100,,,,,,
data_sync,1908,1619300,,,,,,
marker_write,1908,43400,,,,,,
marker_sync,1908,1650200,,,,,,
append,1909,3896300,,,,,,
encode,1909,5600,,,,,,
data_write,1909,65100,,,,,,
data_sync,1909,1879500,,,,,,
marker_write,1909,64000,,,,,,
marker_sync,1909,1878800,,,,,,
append,1910,3504100,,,,,,
encode,1910,5000,,,,,,
data_write,1910,69000,,,,,,
data_sync,1910,1820100,,,,,,
marker_write,1910,54300,,,,,,
marker_sync,1910,1552400,,,,,,
append,1911,3585400,,,,,,
encode,1911,5900,,,,,,
data_write,1911,97200,,,,,,
data_sync,1911,1788700,,,,,,
marker_write,1911,56700,,,,,,
marker_sync,1911,1633600,,,,,,
append,1912,3241600,,,,,,
encode,1912,6600,,,,,,
data_write,1912,62400,,,,,,
data_sync,1912,1633800,,,,,,
marker_write,1912,40100,,,,,,
marker_sync,1912,1495300,,,,,,
append,1913,3235400,,,,,,
encode,1913,5200,,,,,,
data_write,1913,57200,,,,,,
data_sync,1913,1603600,,,,,,
marker_write,1913,47800,,,,,,
marker_sync,1913,1519200,,,,,,
append,1914,3503900,,,,,,
encode,1914,5100,,,,,,
data_write,1914,53700,,,,,,
data_sync,1914,1656000,,,,,,
marker_write,1914,41800,,,,,,
marker_sync,1914,1743800,,,,,,
append,1915,3300600,,,,,,
encode,1915,3800,,,,,,
data_write,1915,49600,,,,,,
data_sync,1915,1604300,,,,,,
marker_write,1915,40200,,,,,,
marker_sync,1915,1600500,,,,,,
append,1916,3466700,,,,,,
encode,1916,4000,,,,,,
data_write,1916,50400,,,,,,
data_sync,1916,1561000,,,,,,
marker_write,1916,43400,,,,,,
marker_sync,1916,1804900,,,,,,
append,1917,4293200,,,,,,
encode,1917,7200,,,,,,
data_write,1917,67100,,,,,,
data_sync,1917,2036400,,,,,,
marker_write,1917,63300,,,,,,
marker_sync,1917,2115000,,,,,,
append,1918,4240199,,,,,,
encode,1918,5800,,,,,,
data_write,1918,74900,,,,,,
data_sync,1918,2113199,,,,,,
marker_write,1918,52900,,,,,,
marker_sync,1918,1990100,,,,,,
append,1919,3803100,,,,,,
encode,1919,6200,,,,,,
data_write,1919,61400,,,,,,
data_sync,1919,1843900,,,,,,
marker_write,1919,47000,,,,,,
marker_sync,1919,1841100,,,,,,
append,1920,7123500,,,,,,
encode,1920,6100,,,,,,
data_write,1920,63800,,,,,,
data_sync,1920,5083500,,,,,,
marker_write,1920,59800,,,,,,
marker_sync,1920,1907000,,,,,,
append,1921,3893400,,,,,,
encode,1921,5800,,,,,,
data_write,1921,31300,,,,,,
data_sync,1921,1897200,,,,,,
marker_write,1921,57500,,,,,,
marker_sync,1921,1898500,,,,,,
append,1922,3912500,,,,,,
encode,1922,6400,,,,,,
data_write,1922,71000,,,,,,
data_sync,1922,1823200,,,,,,
marker_write,1922,52400,,,,,,
marker_sync,1922,1956400,,,,,,
append,1923,3707100,,,,,,
encode,1923,5800,,,,,,
data_write,1923,57000,,,,,,
data_sync,1923,1797000,,,,,,
marker_write,1923,51100,,,,,,
marker_sync,1923,1793300,,,,,,
append,1924,4096400,,,,,,
encode,1924,6100,,,,,,
data_write,1924,71900,,,,,,
data_sync,1924,1928900,,,,,,
marker_write,1924,51600,,,,,,
marker_sync,1924,2034900,,,,,,
append,1925,3941800,,,,,,
encode,1925,5700,,,,,,
data_write,1925,64700,,,,,,
data_sync,1925,1872200,,,,,,
marker_write,1925,51400,,,,,,
marker_sync,1925,1944500,,,,,,
append,1926,3989600,,,,,,
encode,1926,6300,,,,,,
data_write,1926,59700,,,,,,
data_sync,1926,2022200,,,,,,
marker_write,1926,56400,,,,,,
marker_sync,1926,1841500,,,,,,
append,1927,3665200,,,,,,
encode,1927,9000,,,,,,
data_write,1927,45900,,,,,,
data_sync,1927,1807400,,,,,,
marker_write,1927,49500,,,,,,
marker_sync,1927,1750600,,,,,,
append,1928,3711400,,,,,,
encode,1928,5200,,,,,,
data_write,1928,54200,,,,,,
data_sync,1928,1839300,,,,,,
marker_write,1928,57600,,,,,,
marker_sync,1928,1750900,,,,,,
append,1929,3778199,,,,,,
encode,1929,5800,,,,,,
data_write,1929,68400,,,,,,
data_sync,1929,1819300,,,,,,
marker_write,1929,49800,,,,,,
marker_sync,1929,1831399,,,,,,
append,1930,4083000,,,,,,
encode,1930,5300,,,,,,
data_write,1930,55000,,,,,,
data_sync,1930,1918600,,,,,,
marker_write,1930,58300,,,,,,
marker_sync,1930,2042900,,,,,,
append,1931,3887800,,,,,,
encode,1931,6100,,,,,,
data_write,1931,66000,,,,,,
data_sync,1931,1880300,,,,,,
marker_write,1931,46300,,,,,,
marker_sync,1931,1885700,,,,,,
append,1932,3652500,,,,,,
encode,1932,6800,,,,,,
data_write,1932,61000,,,,,,
data_sync,1932,1801000,,,,,,
marker_write,1932,52800,,,,,,
marker_sync,1932,1727900,,,,,,
append,1933,3594100,,,,,,
encode,1933,4100,,,,,,
data_write,1933,58300,,,,,,
data_sync,1933,1651300,,,,,,
marker_write,1933,49400,,,,,,
marker_sync,1933,1827900,,,,,,
append,1934,3940900,,,,,,
encode,1934,6000,,,,,,
data_write,1934,73000,,,,,,
data_sync,1934,2005500,,,,,,
marker_write,1934,53700,,,,,,
marker_sync,1934,1798300,,,,,,
append,1935,3837700,,,,,,
encode,1935,5900,,,,,,
data_write,1935,68400,,,,,,
data_sync,1935,1830100,,,,,,
marker_write,1935,56600,,,,,,
marker_sync,1935,1872900,,,,,,
append,1936,3907200,,,,,,
encode,1936,6800,,,,,,
data_write,1936,73000,,,,,,
data_sync,1936,1833700,,,,,,
marker_write,1936,53100,,,,,,
marker_sync,1936,1937200,,,,,,
append,1937,5739600,,,,,,
encode,1937,5600,,,,,,
data_write,1937,37100,,,,,,
data_sync,1937,3382100,,,,,,
marker_write,1937,30300,,,,,,
marker_sync,1937,2280600,,,,,,
append,1938,10354000,,,,,,
encode,1938,6500,,,,,,
data_write,1938,71900,,,,,,
data_sync,1938,1873100,,,,,,
marker_write,1938,46400,,,,,,
marker_sync,1938,8352300,,,,,,
append,1939,7684999,,,,,,
encode,1939,6200,,,,,,
data_write,1939,60200,,,,,,
data_sync,1939,5706299,,,,,,
marker_write,1939,57000,,,,,,
marker_sync,1939,1851600,,,,,,
append,1940,3402100,,,,,,
encode,1940,4300,,,,,,
data_write,1940,49100,,,,,,
data_sync,1940,1660700,,,,,,
marker_write,1940,57400,,,,,,
marker_sync,1940,1625800,,,,,,
append,1941,3671700,,,,,,
encode,1941,4200,,,,,,
data_write,1941,67300,,,,,,
data_sync,1941,1637600,,,,,,
marker_write,1941,66600,,,,,,
marker_sync,1941,1892500,,,,,,
append,1942,3586800,,,,,,
encode,1942,5800,,,,,,
data_write,1942,70300,,,,,,
data_sync,1942,1809700,,,,,,
marker_write,1942,54900,,,,,,
marker_sync,1942,1642700,,,,,,
append,1943,3940300,,,,,,
encode,1943,5300,,,,,,
data_write,1943,53400,,,,,,
data_sync,1943,1969500,,,,,,
marker_write,1943,45400,,,,,,
marker_sync,1943,1863100,,,,,,
append,1944,3487000,,,,,,
encode,1944,8800,,,,,,
data_write,1944,68600,,,,,,
data_sync,1944,1686100,,,,,,
marker_write,1944,52100,,,,,,
marker_sync,1944,1668500,,,,,,
append,1945,3362000,,,,,,
encode,1945,6100,,,,,,
data_write,1945,63800,,,,,,
data_sync,1945,1611300,,,,,,
marker_write,1945,50700,,,,,,
marker_sync,1945,1626600,,,,,,
append,1946,3469600,,,,,,
encode,1946,5800,,,,,,
data_write,1946,57200,,,,,,
data_sync,1946,1663600,,,,,,
marker_write,1946,50000,,,,,,
marker_sync,1946,1690200,,,,,,
append,1947,4246100,,,,,,
encode,1947,5700,,,,,,
data_write,1947,64600,,,,,,
data_sync,1947,2083500,,,,,,
marker_write,1947,74100,,,,,,
marker_sync,1947,2014700,,,,,,
append,1948,4155300,,,,,,
encode,1948,5900,,,,,,
data_write,1948,69300,,,,,,
data_sync,1948,1993800,,,,,,
marker_write,1948,64800,,,,,,
marker_sync,1948,2018500,,,,,,
append,1949,3660000,,,,,,
encode,1949,5400,,,,,,
data_write,1949,58300,,,,,,
data_sync,1949,1763000,,,,,,
marker_write,1949,54200,,,,,,
marker_sync,1949,1776000,,,,,,
append,1950,3567000,,,,,,
encode,1950,6700,,,,,,
data_write,1950,69400,,,,,,
data_sync,1950,1753900,,,,,,
marker_write,1950,56400,,,,,,
marker_sync,1950,1677400,,,,,,
append,1951,3345200,,,,,,
encode,1951,6200,,,,,,
data_write,1951,70500,,,,,,
data_sync,1951,1554700,,,,,,
marker_write,1951,48500,,,,,,
marker_sync,1951,1662200,,,,,,
append,1952,3321299,,,,,,
encode,1952,4100,,,,,,
data_write,1952,48100,,,,,,
data_sync,1952,1579499,,,,,,
marker_write,1952,48800,,,,,,
marker_sync,1952,1637600,,,,,,
append,1953,3389800,,,,,,
encode,1953,5800,,,,,,
data_write,1953,64300,,,,,,
data_sync,1953,1691000,,,,,,
marker_write,1953,55600,,,,,,
marker_sync,1953,1570000,,,,,,
append,1954,3595700,,,,,,
encode,1954,4800,,,,,,
data_write,1954,51400,,,,,,
data_sync,1954,1752000,,,,,,
marker_write,1954,61800,,,,,,
marker_sync,1954,1722100,,,,,,
append,1955,3460600,,,,,,
encode,1955,5800,,,,,,
data_write,1955,67400,,,,,,
data_sync,1955,1659600,,,,,,
marker_write,1955,54900,,,,,,
marker_sync,1955,1669700,,,,,,
append,1956,3580200,,,,,,
encode,1956,6400,,,,,,
data_write,1956,73700,,,,,,
data_sync,1956,1809100,,,,,,
marker_write,1956,46100,,,,,,
marker_sync,1956,1641300,,,,,,
append,1957,3703100,,,,,,
encode,1957,6100,,,,,,
data_write,1957,79700,,,,,,
data_sync,1957,1838100,,,,,,
marker_write,1957,61100,,,,,,
marker_sync,1957,1714900,,,,,,
append,1958,3283400,,,,,,
encode,1958,5800,,,,,,
data_write,1958,57900,,,,,,
data_sync,1958,1583800,,,,,,
marker_write,1958,40800,,,,,,
marker_sync,1958,1592100,,,,,,
append,1959,3262900,,,,,,
encode,1959,7700,,,,,,
data_write,1959,61900,,,,,,
data_sync,1959,1529000,,,,,,
marker_write,1959,51700,,,,,,
marker_sync,1959,1609200,,,,,,
append,1960,3724300,,,,,,
encode,1960,6300,,,,,,
data_write,1960,113700,,,,,,
data_sync,1960,1818300,,,,,,
marker_write,1960,59400,,,,,,
marker_sync,1960,1722500,,,,,,
append,1961,3197600,,,,,,
encode,1961,6900,,,,,,
data_write,1961,70200,,,,,,
data_sync,1961,1589600,,,,,,
marker_write,1961,54500,,,,,,
marker_sync,1961,1473500,,,,,,
append,1962,2901900,,,,,,
encode,1962,4400,,,,,,
data_write,1962,47600,,,,,,
data_sync,1962,1409100,,,,,,
marker_write,1962,38600,,,,,,
marker_sync,1962,1400100,,,,,,
append,1963,2924700,,,,,,
encode,1963,3700,,,,,,
data_write,1963,40100,,,,,,
data_sync,1963,1388100,,,,,,
marker_write,1963,33000,,,,,,
marker_sync,1963,1457800,,,,,,
append,1964,2915300,,,,,,
encode,1964,4300,,,,,,
data_write,1964,56200,,,,,,
data_sync,1964,1406800,,,,,,
marker_write,1964,39300,,,,,,
marker_sync,1964,1406900,,,,,,
append,1965,3364300,,,,,,
encode,1965,3600,,,,,,
data_write,1965,53200,,,,,,
data_sync,1965,1599700,,,,,,
marker_write,1965,59100,,,,,,
marker_sync,1965,1646500,,,,,,
append,1966,3314699,,,,,,
encode,1966,3700,,,,,,
data_write,1966,49200,,,,,,
data_sync,1966,1582000,,,,,,
marker_write,1966,49700,,,,,,
marker_sync,1966,1627399,,,,,,
append,1967,3159200,,,,,,
encode,1967,5400,,,,,,
data_write,1967,60200,,,,,,
data_sync,1967,1538700,,,,,,
marker_write,1967,41000,,,,,,
marker_sync,1967,1510800,,,,,,
append,1968,3263800,,,,,,
encode,1968,4600,,,,,,
data_write,1968,58400,,,,,,
data_sync,1968,1639000,,,,,,
marker_write,1968,47400,,,,,,
marker_sync,1968,1511800,,,,,,
append,1969,2927700,,,,,,
encode,1969,3600,,,,,,
data_write,1969,47900,,,,,,
data_sync,1969,1455100,,,,,,
marker_write,1969,38700,,,,,,
marker_sync,1969,1379800,,,,,,
append,1970,2881800,,,,,,
encode,1970,3300,,,,,,
data_write,1970,46200,,,,,,
data_sync,1970,1431900,,,,,,
marker_write,1970,39400,,,,,,
marker_sync,1970,1359100,,,,,,
append,1971,3285200,,,,,,
encode,1971,3000,,,,,,
data_write,1971,44500,,,,,,
data_sync,1971,1522800,,,,,,
marker_write,1971,45100,,,,,,
marker_sync,1971,1666300,,,,,,
append,1972,3053200,,,,,,
encode,1972,4200,,,,,,
data_write,1972,53400,,,,,,
data_sync,1972,1475100,,,,,,
marker_write,1972,39800,,,,,,
marker_sync,1972,1477800,,,,,,
append,1973,3076800,,,,,,
encode,1973,3700,,,,,,
data_write,1973,49300,,,,,,
data_sync,1973,1596300,,,,,,
marker_write,1973,35900,,,,,,
marker_sync,1973,1388900,,,,,,
append,1974,3224800,,,,,,
encode,1974,4000,,,,,,
data_write,1974,41900,,,,,,
data_sync,1974,1433600,,,,,,
marker_write,1974,36100,,,,,,
marker_sync,1974,1707000,,,,,,
append,1975,3075000,,,,,,
encode,1975,4600,,,,,,
data_write,1975,51300,,,,,,
data_sync,1975,1500800,,,,,,
marker_write,1975,40700,,,,,,
marker_sync,1975,1475600,,,,,,
append,1976,3278800,,,,,,
encode,1976,4100,,,,,,
data_write,1976,47700,,,,,,
data_sync,1976,1577800,,,,,,
marker_write,1976,47300,,,,,,
marker_sync,1976,1599700,,,,,,
append,1977,3070900,,,,,,
encode,1977,4400,,,,,,
data_write,1977,51000,,,,,,
data_sync,1977,1502500,,,,,,
marker_write,1977,36700,,,,,,
marker_sync,1977,1474300,,,,,,
append,1978,2892700,,,,,,
encode,1978,2800,,,,,,
data_write,1978,41000,,,,,,
data_sync,1978,1402100,,,,,,
marker_write,1978,37200,,,,,,
marker_sync,1978,1407700,,,,,,
append,1979,2847700,,,,,,
encode,1979,4100,,,,,,
data_write,1979,45000,,,,,,
data_sync,1979,1368600,,,,,,
marker_write,1979,37300,,,,,,
marker_sync,1979,1390500,,,,,,
append,1980,3109700,,,,,,
encode,1980,3400,,,,,,
data_write,1980,41300,,,,,,
data_sync,1980,1527500,,,,,,
marker_write,1980,43300,,,,,,
marker_sync,1980,1492400,,,,,,
append,1981,2897000,,,,,,
encode,1981,4800,,,,,,
data_write,1981,46600,,,,,,
data_sync,1981,1391200,,,,,,
marker_write,1981,36700,,,,,,
marker_sync,1981,1415000,,,,,,
append,1982,3039499,,,,,,
encode,1982,4000,,,,,,
data_write,1982,42000,,,,,,
data_sync,1982,1508499,,,,,,
marker_write,1982,42500,,,,,,
marker_sync,1982,1440500,,,,,,
append,1983,2867600,,,,,,
encode,1983,4000,,,,,,
data_write,1983,45700,,,,,,
data_sync,1983,1407800,,,,,,
marker_write,1983,38800,,,,,,
marker_sync,1983,1369300,,,,,,
append,1984,3069500,,,,,,
encode,1984,4100,,,,,,
data_write,1984,45400,,,,,,
data_sync,1984,1402100,,,,,,
marker_write,1984,37400,,,,,,
marker_sync,1984,1577800,,,,,,
append,1985,3267900,,,,,,
encode,1985,3300,,,,,,
data_write,1985,48300,,,,,,
data_sync,1985,1411500,,,,,,
marker_write,1985,39500,,,,,,
marker_sync,1985,1763100,,,,,,
append,1986,3130600,,,,,,
encode,1986,4400,,,,,,
data_write,1986,52900,,,,,,
data_sync,1986,1523100,,,,,,
marker_write,1986,39700,,,,,,
marker_sync,1986,1508100,,,,,,
append,1987,2995300,,,,,,
encode,1987,4400,,,,,,
data_write,1987,50400,,,,,,
data_sync,1987,1538300,,,,,,
marker_write,1987,36500,,,,,,
marker_sync,1987,1364000,,,,,,
append,1988,2842000,,,,,,
encode,1988,3800,,,,,,
data_write,1988,43400,,,,,,
data_sync,1988,1317600,,,,,,
marker_write,1988,43700,,,,,,
marker_sync,1988,1431500,,,,,,
append,1989,2809800,,,,,,
encode,1989,3300,,,,,,
data_write,1989,42100,,,,,,
data_sync,1989,1384200,,,,,,
marker_write,1989,37400,,,,,,
marker_sync,1989,1341200,,,,,,
append,1990,2777400,,,,,,
encode,1990,3800,,,,,,
data_write,1990,60300,,,,,,
data_sync,1990,1330300,,,,,,
marker_write,1990,34600,,,,,,
marker_sync,1990,1346200,,,,,,
append,1991,2918900,,,,,,
encode,1991,3100,,,,,,
data_write,1991,46900,,,,,,
data_sync,1991,1482400,,,,,,
marker_write,1991,39300,,,,,,
marker_sync,1991,1345200,,,,,,
append,1992,2647800,,,,,,
encode,1992,3700,,,,,,
data_write,1992,42400,,,,,,
data_sync,1992,1288300,,,,,,
marker_write,1992,31400,,,,,,
marker_sync,1992,1280400,,,,,,
append,1993,2713100,,,,,,
encode,1993,2000,,,,,,
data_write,1993,45200,,,,,,
data_sync,1993,1348200,,,,,,
marker_write,1993,30600,,,,,,
marker_sync,1993,1285700,,,,,,
append,1994,2639300,,,,,,
encode,1994,2300,,,,,,
data_write,1994,36600,,,,,,
data_sync,1994,1283200,,,,,,
marker_write,1994,35600,,,,,,
marker_sync,1994,1280100,,,,,,
append,1995,2621200,,,,,,
encode,1995,2600,,,,,,
data_write,1995,38600,,,,,,
data_sync,1995,1269300,,,,,,
marker_write,1995,31000,,,,,,
marker_sync,1995,1278300,,,,,,
append,1996,2709000,,,,,,
encode,1996,2600,,,,,,
data_write,1996,44000,,,,,,
data_sync,1996,1269200,,,,,,
marker_write,1996,34000,,,,,,
marker_sync,1996,1357300,,,,,,
append,1997,3041600,,,,,,
encode,1997,3800,,,,,,
data_write,1997,63600,,,,,,
data_sync,1997,1552700,,,,,,
marker_write,1997,43700,,,,,,
marker_sync,1997,1376100,,,,,,
append,1998,2805400,,,,,,
encode,1998,3400,,,,,,
data_write,1998,43200,,,,,,
data_sync,1998,1383300,,,,,,
marker_write,1998,36800,,,,,,
marker_sync,1998,1337200,,,,,,
append,1999,2837399,,,,,,
encode,1999,2600,,,,,,
data_write,1999,40300,,,,,,
data_sync,1999,1354299,,,,,,
marker_write,1999,30700,,,,,,
marker_sync,1999,1408000,,,,,,
append,2000,2799800,,,,,,
encode,2000,2800,,,,,,
data_write,2000,42300,,,,,,
data_sync,2000,1348000,,,,,,
marker_write,2000,33200,,,,,,
marker_sync,2000,1371900,,,,,,
ingest,,6792735648,2000,28,296000,2524,,
