phase,event_index,elapsed_ns,events,full_rejections,file_bytes,peak_rss_kib,alloc_calls,alloc_requested_bytes
append,1,12000400,,,,,,
encode,1,13600,,,,,,
data_write,1,66500,,,,,,
data_sync,1,7917100,,,,,,
marker_write,1,42500,,,,,,
marker_sync,1,3956600,,,,,,
append,2,7967699,,,,,,
encode,2,9000,,,,,,
data_write,2,54600,,,,,,
data_sync,2,3890199,,,,,,
marker_write,2,41400,,,,,,
marker_sync,2,3969400,,,,,,
append,3,7987000,,,,,,
encode,3,5000,,,,,,
data_write,3,92000,,,,,,
data_sync,3,3898700,,,,,,
marker_write,3,93500,,,,,,
marker_sync,3,3894600,,,,,,
append,4,7504900,,,,,,
encode,4,5600,,,,,,
data_write,4,79900,,,,,,
data_sync,4,3918800,,,,,,
marker_write,4,72900,,,,,,
marker_sync,4,3424600,,,,,,
append,5,4147400,,,,,,
encode,5,6100,,,,,,
data_write,5,87300,,,,,,
data_sync,5,2086900,,,,,,
marker_write,5,69300,,,,,,
marker_sync,5,1895000,,,,,,
append,6,8354400,,,,,,
encode,6,4400,,,,,,
data_write,6,74300,,,,,,
data_sync,6,2534100,,,,,,
marker_write,6,78500,,,,,,
marker_sync,6,5660300,,,,,,
append,7,4176000,,,,,,
encode,7,6100,,,,,,
data_write,7,86000,,,,,,
data_sync,7,2164000,,,,,,
marker_write,7,36000,,,,,,
marker_sync,7,1881000,,,,,,
append,8,3960600,,,,,,
encode,8,8300,,,,,,
data_write,8,40400,,,,,,
data_sync,8,1963400,,,,,,
marker_write,8,34900,,,,,,
marker_sync,8,1910600,,,,,,
append,9,3980600,,,,,,
encode,9,6100,,,,,,
data_write,9,42600,,,,,,
data_sync,9,1986900,,,,,,
marker_write,9,34300,,,,,,
marker_sync,9,1908100,,,,,,
append,10,3727500,,,,,,
encode,10,7300,,,,,,
data_write,10,45500,,,,,,
data_sync,10,1801600,,,,,,
marker_write,10,38600,,,,,,
marker_sync,10,1831700,,,,,,
append,11,4063400,,,,,,
encode,11,6200,,,,,,
data_write,11,46800,,,,,,
data_sync,11,2007300,,,,,,
marker_write,11,144500,,,,,,
marker_sync,11,1855300,,,,,,
append,12,3575800,,,,,,
encode,12,5300,,,,,,
data_write,12,63300,,,,,,
data_sync,12,1822200,,,,,,
marker_write,12,34800,,,,,,
marker_sync,12,1646700,,,,,,
append,13,3667000,,,,,,
encode,13,5300,,,,,,
data_write,13,35000,,,,,,
data_sync,13,1812200,,,,,,
marker_write,13,59500,,,,,,
marker_sync,13,1751900,,,,,,
append,14,4038400,,,,,,
encode,14,6200,,,,,,
data_write,14,82200,,,,,,
data_sync,14,1926600,,,,,,
marker_write,14,68000,,,,,,
marker_sync,14,1952100,,,,,,
append,15,4249300,,,,,,
encode,15,6300,,,,,,
data_write,15,83000,,,,,,
data_sync,15,2112300,,,,,,
marker_write,15,70000,,,,,,
marker_sync,15,1975200,,,,,,
append,16,3998300,,,,,,
encode,16,6200,,,,,,
data_write,16,84900,,,,,,
data_sync,16,1957600,,,,,,
marker_write,16,63400,,,,,,
marker_sync,16,1883400,,,,,,
append,17,3947400,,,,,,
encode,17,5800,,,,,,
data_write,17,75700,,,,,,
data_sync,17,1933800,,,,,,
marker_write,17,68000,,,,,,
marker_sync,17,1861800,,,,,,
append,18,3871200,,,,,,
encode,18,4500,,,,,,
data_write,18,63200,,,,,,
data_sync,18,1902100,,,,,,
marker_write,18,65600,,,,,,
marker_sync,18,1831700,,,,,,
append,19,3679600,,,,,,
encode,19,5600,,,,,,
data_write,19,78400,,,,,,
data_sync,19,1737100,,,,,,
marker_write,19,58800,,,,,,
marker_sync,19,1796200,,,,,,
append,20,3374200,,,,,,
encode,20,5000,,,,,,
data_write,20,72900,,,,,,
data_sync,20,1667800,,,,,,
marker_write,20,54300,,,,,,
marker_sync,20,1571900,,,,,,
append,21,3655100,,,,,,
encode,21,5500,,,,,,
data_write,21,70300,,,,,,
data_sync,21,1582500,,,,,,
marker_write,21,59200,,,,,,
marker_sync,21,1934300,,,,,,
append,22,3995100,,,,,,
encode,22,4700,,,,,,
data_write,22,61000,,,,,,
data_sync,22,1917800,,,,,,
marker_write,22,73000,,,,,,
marker_sync,22,1935800,,,,,,
append,23,3573700,,,,,,
encode,23,4700,,,,,,
data_write,23,64100,,,,,,
data_sync,23,1705200,,,,,,
marker_write,23,58200,,,,,,
marker_sync,23,1738800,,,,,,
append,24,4017000,,,,,,
encode,24,6000,,,,,,
data_write,24,79600,,,,,,
data_sync,24,1894800,,,,,,
marker_write,24,58700,,,,,,
marker_sync,24,1973400,,,,,,
append,25,9621700,,,,,,
encode,25,5200,,,,,,
data_write,25,74400,,,,,,
data_sync,25,6316000,,,,,,
marker_write,25,60300,,,,,,
marker_sync,25,3162600,,,,,,
append,26,3494600,,,,,,
encode,26,7300,,,,,,
data_write,26,104500,,,,,,
data_sync,26,1712800,,,,,,
marker_write,26,35800,,,,,,
marker_sync,26,1631400,,,,,,
append,27,5321400,,,,,,
encode,27,5300,,,,,,
data_write,27,52400,,,,,,
data_sync,27,2741700,,,,,,
marker_write,27,44800,,,,,,
marker_sync,27,2471900,,,,,,
append,28,9766400,,,,,,
encode,28,5700,,,,,,
data_write,28,99100,,,,,,
data_sync,28,7834500,,,,,,
marker_write,28,52100,,,,,,
marker_sync,28,1772300,,,,,,
append,29,8339200,,,,,,
encode,29,5900,,,,,,
data_write,29,44100,,,,,,
data_sync,29,6121400,,,,,,
marker_write,29,42200,,,,,,
marker_sync,29,2122900,,,,,,
append,30,13854400,,,,,,
encode,30,6100,,,,,,
data_write,30,221600,,,,,,
data_sync,30,5612600,,,,,,
marker_write,30,43200,,,,,,
marker_sync,30,7967300,,,,,,
append,31,16006799,,,,,,
encode,31,6000,,,,,,
data_write,31,44500,,,,,,
data_sync,31,7953099,,,,,,
marker_write,31,40200,,,,,,
marker_sync,31,7960300,,,,,,
append,32,15967400,,,,,,
encode,32,5600,,,,,,
data_write,32,46500,,,,,,
data_sync,32,5565100,,,,,,
marker_write,32,40700,,,,,,
marker_sync,32,10306700,,,,,,
append,33,10100100,,,,,,
encode,33,7300,,,,,,
data_write,33,48200,,,,,,
data_sync,33,7945300,,,,,,
marker_write,33,42500,,,,,,
marker_sync,33,2052900,,,,,,
append,34,5937500,,,,,,
encode,34,6200,,,,,,
data_write,34,45300,,,,,,
data_sync,34,1677900,,,,,,
marker_write,34,30900,,,,,,
marker_sync,34,4174000,,,,,,
append,35,7992400,,,,,,
encode,35,5800,,,,,,
data_write,35,47700,,,,,,
data_sync,35,4341800,,,,,,
marker_write,35,39200,,,,,,
marker_sync,35,3554500,,,,,,
append,36,7625500,,,,,,
encode,36,5700,,,,,,
data_write,36,56600,,,,,,
data_sync,36,5759100,,,,,,
marker_write,36,43700,,,,,,
marker_sync,36,1756600,,,,,,
append,37,6243800,,,,,,
encode,37,6000,,,,,,
data_write,37,52400,,,,,,
data_sync,37,4304200,,,,,,
marker_write,37,41200,,,,,,
marker_sync,37,1837200,,,,,,
append,38,6125900,,,,,,
encode,38,5700,,,,,,
data_write,38,40600,,,,,,
data_sync,38,1637600,,,,,,
marker_write,38,33900,,,,,,
marker_sync,38,4405100,,,,,,
append,39,4390200,,,,,,
encode,39,5500,,,,,,
data_write,39,57100,,,,,,
data_sync,39,1861100,,,,,,
marker_write,39,31300,,,,,,
marker_sync,39,2431700,,,,,,
append,40,5769300,,,,,,
encode,40,5200,,,,,,
data_write,40,52900,,,,,,
data_sync,40,3545000,,,,,,
marker_write,40,155400,,,,,,
marker_sync,40,2008000,,,,,,
append,41,11836900,,,,,,
encode,41,6200,,,,,,
data_write,41,216600,,,,,,
data_sync,41,9583700,,,,,,
marker_write,41,43600,,,,,,
marker_sync,41,1983700,,,,,,
append,42,6000700,,,,,,
encode,42,6100,,,,,,
data_write,42,46800,,,,,,
data_sync,42,1678100,,,,,,
marker_write,42,37600,,,,,,
marker_sync,42,4229200,,,,,,
append,43,7995800,,,,,,
encode,43,6300,,,,,,
data_write,43,50700,,,,,,
data_sync,43,3937800,,,,,,
marker_write,43,39700,,,,,,
marker_sync,43,3958000,,,,,,
append,44,4533000,,,,,,
encode,44,6100,,,,,,
data_write,44,265200,,,,,,
data_sync,44,2228300,,,,,,
marker_write,44,155800,,,,,,
marker_sync,44,1874800,,,,,,
append,45,4145400,,,,,,
encode,45,5300,,,,,,
data_write,45,200500,,,,,,
data_sync,45,1879700,,,,,,
marker_write,45,150200,,,,,,
marker_sync,45,1906700,,,,,,
append,46,13047200,,,,,,
encode,46,6000,,,,,,
data_write,46,205100,,,,,,
data_sync,46,1980900,,,,,,
marker_write,46,149700,,,,,,
marker_sync,46,10701900,,,,,,
append,47,6271900,,,,,,
encode,47,5700,,,,,,
data_write,47,47300,,,,,,
data_sync,47,1650200,,,,,,
marker_write,47,33400,,,,,,
marker_sync,47,4531000,,,,,,
append,48,7353600,,,,,,
encode,48,5900,,,,,,
data_write,48,222100,,,,,,
data_sync,48,2132700,,,,,,
marker_write,48,150600,,,,,,
marker_sync,48,4839000,,,,,,
append,49,6805500,,,,,,
encode,49,6000,,,,,,
data_write,49,214400,,,,,,
data_sync,49,4392700,,,,,,
marker_write,49,47400,,,,,,
marker_sync,49,2142100,,,,,,
append,50,7827499,,,,,,
encode,50,5600,,,,,,
data_write,50,44900,,,,,,
data_sync,50,5808699,,,,,,
marker_write,50,43700,,,,,,
marker_sync,50,1921500,,,,,,
append,51,6026800,,,,,,
encode,51,5100,,,,,,
data_write,51,146300,,,,,,
data_sync,51,1714600,,,,,,
marker_write,51,36400,,,,,,
marker_sync,51,4120800,,,,,,
append,52,15975800,,,,,,
encode,52,6400,,,,,,
data_write,52,55300,,,,,,
data_sync,52,7935500,,,,,,
marker_write,52,54900,,,,,,
marker_sync,52,7920400,,,,,,
append,53,4082400,,,,,,
encode,53,6700,,,,,,
data_write,53,52400,,,,,,
data_sync,53,2119800,,,,,,
marker_write,53,39300,,,,,,
marker_sync,53,1861200,,,,,,
append,54,7913200,,,,,,
encode,54,6000,,,,,,
data_write,54,53200,,,,,,
data_sync,54,1750800,,,,,,
marker_write,54,57600,,,,,,
marker_sync,54,6042300,,,,,,
append,55,11965100,,,,,,
encode,55,6800,,,,,,
data_write,55,49700,,,,,,
data_sync,55,2243700,,,,,,
marker_write,55,44000,,,,,,
marker_sync,55,9616400,,,,,,
append,56,20032700,,,,,,
encode,56,7400,,,,,,
data_write,56,75600,,,,,,
data_sync,56,15906600,,,,,,
marker_write,56,54600,,,,,,
marker_sync,56,3984300,,,,,,
append,57,8690600,,,,,,
encode,57,7000,,,,,,
data_write,57,52700,,,,,,
data_sync,57,3927700,,,,,,
marker_write,57,42100,,,,,,
marker_sync,57,4657100,,,,,,
append,58,7298100,,,,,,
encode,58,5700,,,,,,
data_write,58,60500,,,,,,
data_sync,58,3224600,,,,,,
marker_write,58,84300,,,,,,
marker_sync,58,3919900,,,,,,
append,59,8008400,,,,,,
encode,59,6100,,,,,,
data_write,59,92200,,,,,,
data_sync,59,3895900,,,,,,
marker_write,59,41100,,,,,,
marker_sync,59,3970000,,,,,,
append,60,8014900,,,,,,
encode,60,5600,,,,,,
data_write,60,48400,,,,,,
data_sync,60,3924800,,,,,,
marker_write,60,40400,,,,,,
marker_sync,60,3992500,,,,,,
append,61,7968900,,,,,,
encode,61,6400,,,,,,
data_write,61,56400,,,,,,
data_sync,61,3903600,,,,,,
marker_write,61,46800,,,,,,
marker_sync,61,3952700,,,,,,
append,62,7998300,,,,,,
encode,62,5600,,,,,,
data_write,62,53400,,,,,,
data_sync,62,4005500,,,,,,
marker_write,62,42600,,,,,,
marker_sync,62,3887300,,,,,,
append,63,7996100,,,,,,
encode,63,6400,,,,,,
data_write,63,56700,,,,,,
data_sync,63,3974300,,,,,,
marker_write,63,48100,,,,,,
marker_sync,63,3907200,,,,,,
append,64,11973800,,,,,,
encode,64,5900,,,,,,
data_write,64,51600,,,,,,
data_sync,64,2123200,,,,,,
marker_write,64,46600,,,,,,
marker_sync,64,9743100,,,,,,
append,65,3841700,,,,,,
encode,65,4800,,,,,,
data_write,65,56000,,,,,,
data_sync,65,2002500,,,,,,
marker_write,65,46100,,,,,,
marker_sync,65,1729200,,,,,,
append,66,8131100,,,,,,
encode,66,7100,,,,,,
data_write,66,51700,,,,,,
data_sync,66,4071500,,,,,,
marker_write,66,56400,,,,,,
marker_sync,66,3940700,,,,,,
append,67,6545499,,,,,,
encode,67,6300,,,,,,
data_write,67,48100,,,,,,
data_sync,67,3945399,,,,,,
marker_write,67,50100,,,,,,
marker_sync,67,2492400,,,,,,
append,68,15513000,,,,,,
encode,68,6000,,,,,,
data_write,68,50000,,,,,,
data_sync,68,9368800,,,,,,
marker_write,68,50100,,,,,,
marker_sync,68,6033500,,,,,,
append,69,5933800,,,,,,
encode,69,6100,,,,,,
data_write,69,203700,,,,,,
data_sync,69,1757400,,,,,,
marker_write,69,40100,,,,,,
marker_sync,69,3922900,,,,,,
append,70,8000400,,,,,,
encode,70,23100,,,,,,
data_write,70,88700,,,,,,
data_sync,70,3891100,,,,,,
marker_write,70,41700,,,,,,
marker_sync,70,3952200,,,,,,
append,71,8025200,,,,,,
encode,71,5700,,,,,,
data_write,71,44600,,,,,,
data_sync,71,3955900,,,,,,
marker_write,71,46400,,,,,,
marker_sync,71,3968300,,,,,,
append,72,8000000,,,,,,
encode,72,7400,,,,,,
data_write,72,56000,,,,,,
data_sync,72,3910300,,,,,,
marker_write,72,39100,,,,,,
marker_sync,72,3983600,,,,,,
append,73,7997800,,,,,,
encode,73,6900,,,,,,
data_write,73,50300,,,,,,
data_sync,73,3943800,,,,,,
marker_write,73,46600,,,,,,
marker_sync,73,3918400,,,,,,
append,74,7978000,,,,,,
encode,74,8900,,,,,,
data_write,74,73300,,,,,,
data_sync,74,3897600,,,,,,
marker_write,74,80100,,,,,,
marker_sync,74,3914900,,,,,,
append,75,8742200,,,,,,
encode,75,7000,,,,,,
data_write,75,159800,,,,,,
data_sync,75,3832400,,,,,,
marker_write,75,68700,,,,,,
marker_sync,75,4669800,,,,,,
append,76,7898600,,,,,,
encode,76,6800,,,,,,
data_write,76,50200,,,,,,
data_sync,76,3803200,,,,,,
marker_write,76,60800,,,,,,
marker_sync,76,3972000,,,,,,
append,77,7357800,,,,,,
encode,77,11500,,,,,,
data_write,77,64500,,,,,,
data_sync,77,2613500,,,,,,
marker_write,77,49000,,,,,,
marker_sync,77,4615300,,,,,,
append,78,4049400,,,,,,
encode,78,5800,,,,,,
data_write,78,48600,,,,,,
data_sync,78,2036300,,,,,,
marker_write,78,32100,,,,,,
marker_sync,78,1923300,,,,,,
append,79,4632000,,,,,,
encode,79,6900,,,,,,
data_write,79,40900,,,,,,
data_sync,79,2004500,,,,,,
marker_write,79,30200,,,,,,
marker_sync,79,2546300,,,,,,
append,80,3821500,,,,,,
encode,80,6500,,,,,,
data_write,80,46900,,,,,,
data_sync,80,1903100,,,,,,
marker_write,80,38400,,,,,,
marker_sync,80,1823100,,,,,,
append,81,10891300,,,,,,
encode,81,6200,,,,,,
data_write,81,49500,,,,,,
data_sync,81,9075300,,,,,,
marker_write,81,44600,,,,,,
marker_sync,81,1711900,,,,,,
append,82,8592200,,,,,,
encode,82,6000,,,,,,
data_write,82,75400,,,,,,
data_sync,82,4509000,,,,,,
marker_write,82,42800,,,,,,
marker_sync,82,3955400,,,,,,
append,83,8011200,,,,,,
encode,83,6400,,,,,,
data_write,83,52000,,,,,,
data_sync,83,3945100,,,,,,
marker_write,83,47200,,,,,,
marker_sync,83,3957300,,,,,,
append,84,3849300,,,,,,
encode,84,5800,,,,,,
data_write,84,64000,,,,,,
data_sync,84,2027800,,,,,,
marker_write,84,44800,,,,,,
marker_sync,84,1703300,,,,,,
append,85,8145600,,,,,,
encode,85,6800,,,,,,
data_write,85,51300,,,,,,
data_sync,85,2456800,,,,,,
marker_write,85,44900,,,,,,
marker_sync,85,5582300,,,,,,
append,86,7990800,,,,,,
encode,86,5900,,,,,,
data_write,86,46600,,,,,,
data_sync,86,1809400,,,,,,
marker_write,86,38000,,,,,,
marker_sync,86,6086300,,,,,,
append,87,8004999,,,,,,
encode,87,6200,,,,,,
data_write,87,49800,,,,,,
data_sync,87,3944799,,,,,,
marker_write,87,44000,,,,,,
marker_sync,87,3955800,,,,,,
append,88,7819900,,,,,,
encode,88,6600,,,,,,
data_write,88,45200,,,,,,
data_sync,88,3969100,,,,,,
marker_write,88,48800,,,,,,
marker_sync,88,3745400,,,,,,
append,89,8325700,,,,,,
encode,89,7200,,,,,,
data_write,89,194400,,,,,,
data_sync,89,2724500,,,,,,
marker_write,89,31700,,,,,,
marker_sync,89,5364600,,,,,,
append,90,7847700,,,,,,
encode,90,6700,,,,,,
data_write,90,42800,,,,,,
data_sync,90,3795400,,,,,,
marker_write,90,40400,,,,,,
marker_sync,90,3959200,,,,,,
append,91,12001000,,,,,,
encode,91,6300,,,,,,
data_write,91,211900,,,,,,
data_sync,91,7765800,,,,,,
marker_write,91,40800,,,,,,
marker_sync,91,3972900,,,,,,
append,92,7991100,,,,,,
encode,92,7300,,,,,,
data_write,92,45000,,,,,,
data_sync,92,3947300,,,,,,
marker_write,92,40200,,,,,,
marker_sync,92,3947600,,,,,,
append,93,8000500,,,,,,
encode,93,6100,,,,,,
data_write,93,50500,,,,,,
data_sync,93,3982400,,,,,,
marker_write,93,37800,,,,,,
marker_sync,93,3920300,,,,,,
append,94,6226200,,,,,,
encode,94,6500,,,,,,
data_write,94,218400,,,,,,
data_sync,94,3770300,,,,,,
marker_write,94,184400,,,,,,
marker_sync,94,2042900,,,,,,
append,95,4528200,,,,,,
encode,95,7200,,,,,,
data_write,95,246700,,,,,,
data_sync,95,2166900,,,,,,
marker_write,95,147000,,,,,,
marker_sync,95,1956800,,,,,,
append,96,11162800,,,,,,
encode,96,6300,,,,,,
data_write,96,213200,,,,,,
data_sync,96,8989800,,,,,,
marker_write,96,46100,,,,,,
marker_sync,96,1904000,,,,,,
append,97,6091800,,,,,,
encode,97,5300,,,,,,
data_write,97,42900,,,,,,
data_sync,97,1593100,,,,,,
marker_write,97,34700,,,,,,
marker_sync,97,4412300,,,,,,
append,98,15958300,,,,,,
encode,98,6000,,,,,,
data_write,98,50500,,,,,,
data_sync,98,3928200,,,,,,
marker_write,98,161700,,,,,,
marker_sync,98,11808500,,,,,,
append,99,3646800,,,,,,
encode,99,7100,,,,,,
data_write,99,52200,,,,,,
data_sync,99,1900900,,,,,,
marker_write,99,35200,,,,,,
marker_sync,99,1648100,,,,,,
append,100,8382000,,,,,,
encode,100,9100,,,,,,
data_write,100,50700,,,,,,
data_sync,100,4313500,,,,,,
marker_write,100,44000,,,,,,
marker_sync,100,3960700,,,,,,
append,101,6561400,,,,,,
encode,101,6300,,,,,,
data_write,101,79300,,,,,,
data_sync,101,3895500,,,,,,
marker_write,101,184100,,,,,,
marker_sync,101,2392700,,,,,,
append,102,17429100,,,,,,
encode,102,5900,,,,,,
data_write,102,216800,,,,,,
data_sync,102,13183800,,,,,,
marker_write,102,49800,,,,,,
marker_sync,102,3969400,,,,,,
append,103,13521600,,,,,,
encode,103,8700,,,,,,
data_write,103,48800,,,,,,
data_sync,103,3941100,,,,,,
marker_write,103,42000,,,,,,
marker_sync,103,9477000,,,,,,
append,104,8354499,,,,,,
encode,104,7300,,,,,,
data_write,104,122100,,,,,,
data_sync,104,6339399,,,,,,
marker_write,104,49400,,,,,,
marker_sync,104,1832700,,,,,,
append,105,6138200,,,,,,
encode,105,6300,,,,,,
data_write,105,200700,,,,,,
data_sync,105,1629500,,,,,,
marker_write,105,126200,,,,,,
marker_sync,105,4172100,,,,,,
append,106,8226700,,,,,,
encode,106,8000,,,,,,
data_write,106,222000,,,,,,
data_sync,106,3729200,,,,,,
marker_write,106,161600,,,,,,
marker_sync,106,4102200,,,,,,
append,107,11750200,,,,,,
encode,107,6200,,,,,,
data_write,107,222900,,,,,,
data_sync,107,7513400,,,,,,
marker_write,107,45900,,,,,,
marker_sync,107,3957600,,,,,,
append,108,7993400,,,,,,
encode,108,6300,,,,,,
data_write,108,53300,,,,,,
data_sync,108,3929400,,,,,,
marker_write,108,41500,,,,,,
marker_sync,108,3960100,,,,,,
append,109,8000800,,,,,,
encode,109,8200,,,,,,
data_write,109,47000,,,,,,
data_sync,109,3946600,,,,,,
marker_write,109,39400,,,,,,
marker_sync,109,3956600,,,,,,
append,110,12004800,,,,,,
encode,110,6500,,,,,,
data_write,110,168000,,,,,,
data_sync,110,3815400,,,,,,
marker_write,110,153700,,,,,,
marker_sync,110,7857600,,,,,,
append,111,7989600,,,,,,
encode,111,6300,,,,,,
data_write,111,63700,,,,,,
data_sync,111,2636000,,,,,,
marker_write,111,46800,,,,,,
marker_sync,111,5232900,,,,,,
append,112,7996900,,,,,,
encode,112,7500,,,,,,
data_write,112,58800,,,,,,
data_sync,112,3945100,,,,,,
marker_write,112,50700,,,,,,
marker_sync,112,3931400,,,,,,
append,113,8013600,,,,,,
encode,113,6800,,,,,,
data_write,113,56600,,,,,,
data_sync,113,3531400,,,,,,
marker_write,113,47900,,,,,,
marker_sync,113,4367300,,,,,,
append,114,7986000,,,,,,
encode,114,6800,,,,,,
data_write,114,58000,,,,,,
data_sync,114,3946500,,,,,,
marker_write,114,44900,,,,,,
marker_sync,114,3926000,,,,,,
append,115,8003700,,,,,,
encode,115,6500,,,,,,
data_write,115,90000,,,,,,
data_sync,115,3895100,,,,,,
marker_write,115,40100,,,,,,
marker_sync,115,3968900,,,,,,
append,116,7997900,,,,,,
encode,116,6300,,,,,,
data_write,116,47100,,,,,,
data_sync,116,3936000,,,,,,
marker_write,116,39800,,,,,,
marker_sync,116,3965000,,,,,,
append,117,7991200,,,,,,
encode,117,7800,,,,,,
data_write,117,241600,,,,,,
data_sync,117,3741200,,,,,,
marker_write,117,35400,,,,,,
marker_sync,117,3961400,,,,,,
append,118,8021300,,,,,,
encode,118,6900,,,,,,
data_write,118,37000,,,,,,
data_sync,118,2197300,,,,,,
marker_write,118,36100,,,,,,
marker_sync,118,5740000,,,,,,
append,119,3803400,,,,,,
encode,119,8200,,,,,,
data_write,119,57400,,,,,,
data_sync,119,1943000,,,,,,
marker_write,119,49000,,,,,,
marker_sync,119,1743000,,,,,,
append,120,12180500,,,,,,
encode,120,7200,,,,,,
data_write,120,56000,,,,,,
data_sync,120,5860000,,,,,,
marker_write,120,40300,,,,,,
marker_sync,120,6213500,,,,,,
append,121,8184900,,,,,,
encode,121,7600,,,,,,
data_write,121,48500,,,,,,
data_sync,121,3934700,,,,,,
marker_write,121,37000,,,,,,
marker_sync,121,4154000,,,,,,
append,122,15784699,,,,,,
encode,122,7300,,,,,,
data_write,122,52000,,,,,,
data_sync,122,2622500,,,,,,
marker_write,122,31800,,,,,,
marker_sync,122,13067299,,,,,,
append,123,3791600,,,,,,
encode,123,7900,,,,,,
data_write,123,60600,,,,,,
data_sync,123,1961300,,,,,,
marker_write,123,34900,,,,,,
marker_sync,123,1723000,,,,,,
append,124,6394600,,,,,,
encode,124,7600,,,,,,
data_write,124,45200,,,,,,
data_sync,124,4175000,,,,,,
marker_write,124,52400,,,,,,
marker_sync,124,2110700,,,,,,
append,125,6844600,,,,,,
encode,125,7300,,,,,,
data_write,125,50200,,,,,,
data_sync,125,4692400,,,,,,
marker_write,125,36200,,,,,,
marker_sync,125,2055400,,,,,,
append,126,9053600,,,,,,
encode,126,6900,,,,,,
data_write,126,57000,,,,,,
data_sync,126,6914900,,,,,,
marker_write,126,72700,,,,,,
marker_sync,126,1998200,,,,,,
append,127,10467600,,,,,,
encode,127,6700,,,,,,
data_write,127,69600,,,,,,
data_sync,127,5829600,,,,,,
marker_write,127,58500,,,,,,
marker_sync,127,4499100,,,,,,
append,128,9623900,,,,,,
encode,128,6200,,,,,,
data_write,128,53700,,,,,,
data_sync,128,6656200,,,,,,
marker_write,128,56600,,,,,,
marker_sync,128,2846600,,,,,,
append,129,9756900,,,,,,
encode,129,4800,,,,,,
data_write,129,89500,,,,,,
data_sync,129,5665200,,,,,,
marker_write,129,40900,,,,,,
marker_sync,129,3952600,,,,,,
append,130,7997900,,,,,,
encode,130,6800,,,,,,
data_write,130,47900,,,,,,
data_sync,130,3939100,,,,,,
marker_write,130,29400,,,,,,
marker_sync,130,3971400,,,,,,
append,131,7568700,,,,,,
encode,131,6500,,,,,,
data_write,131,198900,,,,,,
data_sync,131,3794900,,,,,,
marker_write,131,38600,,,,,,
marker_sync,131,3522100,,,,,,
append,132,8428500,,,,,,
encode,132,7400,,,,,,
data_write,132,58100,,,,,,
data_sync,132,4372500,,,,,,
marker_write,132,39300,,,,,,
marker_sync,132,3948100,,,,,,
append,133,8014100,,,,,,
encode,133,8700,,,,,,
data_write,133,43400,,,,,,
data_sync,133,3944200,,,,,,
marker_write,133,36800,,,,,,
marker_sync,133,3977900,,,,,,
append,134,11965400,,,,,,
encode,134,6000,,,,,,
data_write,134,57100,,,,,,
data_sync,134,3957800,,,,,,
marker_write,134,33700,,,,,,
marker_sync,134,7906600,,,,,,
append,135,12024600,,,,,,
encode,135,7700,,,,,,
data_write,135,116500,,,,,,
data_sync,135,7075600,,,,,,
marker_write,135,42200,,,,,,
marker_sync,135,4779200,,,,,,
append,136,7993700,,,,,,
encode,136,6900,,,,,,
data_write,136,45300,,,,,,
data_sync,136,3936100,,,,,,
marker_write,136,43400,,,,,,
marker_sync,136,3958200,,,,,,
append,137,7141800,,,,,,
encode,137,6300,,,,,,
data_write,137,57900,,,,,,
data_sync,137,3932500,,,,,,
marker_write,137,36000,,,,,,
marker_sync,137,3106000,,,,,,
append,138,8854900,,,,,,
encode,138,6200,,,,,,
data_write,138,46100,,,,,,
data_sync,138,4843400,,,,,,
marker_write,138,41600,,,,,,
marker_sync,138,3913800,,,,,,
append,139,11999899,,,,,,
encode,139,6000,,,,,,
data_write,139,68600,,,,,,
data_sync,139,7933000,,,,,,
marker_write,139,46800,,,,,,
marker_sync,139,3941599,,,,,,
append,140,7998800,,,,,,
encode,140,5800,,,,,,
data_write,140,48900,,,,,,
data_sync,140,3938900,,,,,,
marker_write,140,33100,,,,,,
marker_sync,140,3968800,,,,,,
append,141,8029900,,,,,,
encode,141,6300,,,,,,
data_write,141,57700,,,,,,
data_sync,141,3930300,,,,,,
marker_write,141,40800,,,,,,
marker_sync,141,3990700,,,,,,
append,142,7973100,,,,,,
encode,142,7000,,,,,,
data_write,142,46500,,,,,,
data_sync,142,3902600,,,,,,
marker_write,142,36600,,,,,,
marker_sync,142,3977000,,,,,,
append,143,15990500,,,,,,
encode,143,6700,,,,,,
data_write,143,42300,,,,,,
data_sync,143,3977900,,,,,,
marker_write,143,75700,,,,,,
marker_sync,143,11884600,,,,,,
append,144,12355500,,,,,,
encode,144,6400,,,,,,
data_write,144,51600,,,,,,
data_sync,144,3939200,,,,,,
marker_write,144,36300,,,,,,
marker_sync,144,8319000,,,,,,
append,145,7639700,,,,,,
encode,145,6200,,,,,,
data_write,145,209300,,,,,,
data_sync,145,3460500,,,,,,
marker_write,145,47700,,,,,,
marker_sync,145,3912700,,,,,,
append,146,11977800,,,,,,
encode,146,7100,,,,,,
data_write,146,43700,,,,,,
data_sync,146,2007800,,,,,,
marker_write,146,39600,,,,,,
marker_sync,146,9876100,,,,,,
append,147,8018000,,,,,,
encode,147,7700,,,,,,
data_write,147,62600,,,,,,
data_sync,147,3953200,,,,,,
marker_write,147,49100,,,,,,
marker_sync,147,3941500,,,,,,
append,148,8003100,,,,,,
encode,148,7000,,,,,,
data_write,148,50500,,,,,,
data_sync,148,3945600,,,,,,
marker_write,148,40200,,,,,,
marker_sync,148,3956100,,,,,,
append,149,7989800,,,,,,
encode,149,6300,,,,,,
data_write,149,46500,,,,,,
data_sync,149,3938800,,,,,,
marker_write,149,32000,,,,,,
marker_sync,149,3962900,,,,,,
append,150,8019700,,,,,,
encode,150,6300,,,,,,
data_write,150,36500,,,,,,
data_sync,150,3964100,,,,,,
marker_write,150,39300,,,,,,
marker_sync,150,3970400,,,,,,
append,151,8007300,,,,,,
encode,151,7000,,,,,,
data_write,151,56800,,,,,,
data_sync,151,3973500,,,,,,
marker_write,151,38300,,,,,,
marker_sync,151,3927400,,,,,,
append,152,7972700,,,,,,
encode,152,9800,,,,,,
data_write,152,63500,,,,,,
data_sync,152,3912500,,,,,,
marker_write,152,40800,,,,,,
marker_sync,152,3942700,,,,,,
append,153,8017200,,,,,,
encode,153,5800,,,,,,
data_write,153,41400,,,,,,
data_sync,153,3965900,,,,,,
marker_write,153,43900,,,,,,
marker_sync,153,3954200,,,,,,
append,154,8040900,,,,,,
encode,154,5900,,,,,,
data_write,154,72200,,,,,,
data_sync,154,3935400,,,,,,
marker_write,154,47600,,,,,,
marker_sync,154,3976900,,,,,,
append,155,6865000,,,,,,
encode,155,7200,,,,,,
data_write,155,46300,,,,,,
data_sync,155,3881100,,,,,,
marker_write,155,49600,,,,,,
marker_sync,155,2876800,,,,,,
append,156,6957300,,,,,,
encode,156,6200,,,,,,
data_write,156,50700,,,,,,
data_sync,156,5044300,,,,,,
marker_write,156,44800,,,,,,
marker_sync,156,1807100,,,,,,
append,157,6108599,,,,,,
encode,157,6300,,,,,,
data_write,157,43200,,,,,,
data_sync,157,2071700,,,,,,
marker_write,157,72100,,,,,,
marker_sync,157,3912099,,,,,,
append,158,4499800,,,,,,
encode,158,6400,,,,,,
data_write,158,49800,,,,,,
data_sync,158,1968400,,,,,,
marker_write,158,40600,,,,,,
marker_sync,158,2431700,,,,,,
append,159,4620400,,,,,,
encode,159,6200,,,,,,
data_write,159,49500,,,,,,
data_sync,159,2243400,,,,,,
marker_write,159,39200,,,,,,
marker_sync,159,2279000,,,,,,
append,160,3823800,,,,,,
encode,160,6300,,,,,,
data_write,160,74400,,,,,,
data_sync,160,1852500,,,,,,
marker_write,160,43400,,,,,,
marker_sync,160,1844200,,,,,,
append,161,9062800,,,,,,
encode,161,6700,,,,,,
data_write,161,36400,,,,,,
data_sync,161,6977800,,,,,,
marker_write,161,45500,,,,,,
marker_sync,161,1993500,,,,,,
append,162,3734100,,,,,,
encode,162,6200,,,,,,
data_write,162,48100,,,,,,
data_sync,162,1779800,,,,,,
marker_write,162,55300,,,,,,
marker_sync,162,1842200,,,,,,
append,163,5204200,,,,,,
encode,163,5800,,,,,,
data_write,163,45200,,,,,,
data_sync,163,1752000,,,,,,
marker_write,163,62900,,,,,,
marker_sync,163,3335300,,,,,,
append,164,3609600,,,,,,
encode,164,6200,,,,,,
data_write,164,56900,,,,,,
data_sync,164,1762600,,,,,,
marker_write,164,36000,,,,,,
marker_sync,164,1744100,,,,,,
append,165,3852400,,,,,,
encode,165,5600,,,,,,
data_write,165,46200,,,,,,
data_sync,165,1967900,,,,,,
marker_write,165,57700,,,,,,
marker_sync,165,1771900,,,,,,
append,166,7177800,,,,,,
encode,166,6000,,,,,,
data_write,166,45900,,,,,,
data_sync,166,1785300,,,,,,
marker_write,166,34400,,,,,,
marker_sync,166,5303400,,,,,,
append,167,8664700,,,,,,
encode,167,6300,,,,,,
data_write,167,72700,,,,,,
data_sync,167,6322500,,,,,,
marker_write,167,44600,,,,,,
marker_sync,167,2215200,,,,,,
append,168,4383600,,,,,,
encode,168,6200,,,,,,
data_write,168,95900,,,,,,
data_sync,168,1792700,,,,,,
marker_write,168,441700,,,,,,
marker_sync,168,2044000,,,,,,
append,169,6385700,,,,,,
encode,169,6600,,,,,,
data_write,169,103700,,,,,,
data_sync,169,2594200,,,,,,
marker_write,169,1308800,,,,,,
marker_sync,169,2367900,,,,,,
append,170,3851000,,,,,,
encode,170,6400,,,,,,
data_write,170,50800,,,,,,
data_sync,170,1857700,,,,,,
marker_write,170,41400,,,,,,
marker_sync,170,1891400,,,,,,
append,171,5296300,,,,,,
encode,171,7900,,,,,,
data_write,171,43100,,,,,,
data_sync,171,1869100,,,,,,
marker_write,171,54200,,,,,,
marker_sync,171,3318400,,,,,,
append,172,3778300,,,,,,
encode,172,6400,,,,,,
data_write,172,88500,,,,,,
data_sync,172,1847500,,,,,,
marker_write,172,66300,,,,,,
marker_sync,172,1766000,,,,,,
append,173,5047100,,,,,,
encode,173,6700,,,,,,
data_write,173,586200,,,,,,
data_sync,173,2436900,,,,,,
marker_write,173,39700,,,,,,
marker_sync,173,1974500,,,,,,
append,174,3997000,,,,,,
encode,174,6700,,,,,,
data_write,174,47000,,,,,,
data_sync,174,1978500,,,,,,
marker_write,174,36100,,,,,,
marker_sync,174,1925000,,,,,,
append,175,7063500,,,,,,
encode,175,7100,,,,,,
data_write,175,43800,,,,,,
data_sync,175,1977400,,,,,,
marker_write,175,431300,,,,,,
marker_sync,175,4600600,,,,,,
append,176,4111900,,,,,,
encode,176,6400,,,,,,
data_write,176,111700,,,,,,
data_sync,176,2036900,,,,,,
marker_write,176,42300,,,,,,
marker_sync,176,1911300,,,,,,
append,177,3716400,,,,,,
encode,177,6000,,,,,,
data_write,177,44100,,,,,,
data_sync,177,1920900,,,,,,
marker_write,177,39700,,,,,,
marker_sync,177,1702600,,,,,,
append,178,4005300,,,,,,
encode,178,6600,,,,,,
data_write,178,41900,,,,,,
data_sync,178,2041900,,,,,,
marker_write,178,43200,,,,,,
marker_sync,178,1868800,,,,,,
append,179,4559800,,,,,,
encode,179,6200,,,,,,
data_write,179,44500,,,,,,
data_sync,179,2652300,,,,,,
marker_write,179,41700,,,,,,
marker_sync,179,1811800,,,,,,
append,180,3834200,,,,,,
encode,180,6100,,,,,,
data_write,180,46100,,,,,,
data_sync,180,1874900,,,,,,
marker_write,180,35600,,,,,,
marker_sync,180,1868000,,,,,,
append,181,3668700,,,,,,
encode,181,6100,,,,,,
data_write,181,38200,,,,,,
data_sync,181,1820100,,,,,,
marker_write,181,32700,,,,,,
marker_sync,181,1769000,,,,,,
append,182,4286400,,,,,,
encode,182,7400,,,,,,
data_write,182,41900,,,,,,
data_sync,182,1937200,,,,,,
marker_write,182,36700,,,,,,
marker_sync,182,2259600,,,,,,
append,183,3812700,,,,,,
encode,183,6500,,,,,,
data_write,183,56400,,,,,,
data_sync,183,1905400,,,,,,
marker_write,183,34300,,,,,,
marker_sync,183,1806400,,,,,,
append,184,3681300,,,,,,
encode,184,6000,,,,,,
data_write,184,60200,,,,,,
data_sync,184,1771200,,,,,,
marker_write,184,71000,,,,,,
marker_sync,184,1769800,,,,,,
append,185,3920200,,,,,,
encode,185,8600,,,,,,
data_write,185,50600,,,,,,
data_sync,185,1830100,,,,,,
marker_write,185,40600,,,,,,
marker_sync,185,1987300,,,,,,
append,186,4311700,,,,,,
encode,186,6500,,,,,,
data_write,186,48900,,,,,,
data_sync,186,2031300,,,,,,
marker_write,186,46400,,,,,,
marker_sync,186,2175500,,,,,,
append,187,4555700,,,,,,
encode,187,7600,,,,,,
data_write,187,50400,,,,,,
data_sync,187,2238300,,,,,,
marker_write,187,44600,,,,,,
marker_sync,187,2211200,,,,,,
append,188,4249200,,,,,,
encode,188,7000,,,,,,
data_write,188,90700,,,,,,
data_sync,188,2047700,,,,,,
marker_write,188,41200,,,,,,
marker_sync,188,2059200,,,,,,
append,189,4117599,,,,,,
encode,189,7000,,,,,,
data_write,189,56200,,,,,,
data_sync,189,2009000,,,,,,
marker_write,189,94900,,,,,,
marker_sync,189,1946799,,,,,,
append,190,4019400,,,,,,
encode,190,6700,,,,,,
data_write,190,75300,,,,,,
data_sync,190,1916300,,,,,,
marker_write,190,56600,,,,,,
marker_sync,190,1961900,,,,,,
append,191,4059900,,,,,,
encode,191,6100,,,,,,
data_write,191,100300,,,,,,
data_sync,191,2017500,,,,,,
marker_write,191,63300,,,,,,
marker_sync,191,1869500,,,,,,
append,192,3496000,,,,,,
encode,192,5700,,,,,,
data_write,192,67800,,,,,,
data_sync,192,1700600,,,,,,
marker_write,192,55900,,,,,,
marker_sync,192,1663500,,,,,,
append,193,3831800,,,,,,
encode,193,4500,,,,,,
data_write,193,69900,,,,,,
data_sync,193,1877800,,,,,,
marker_write,193,52600,,,,,,
marker_sync,193,1823500,,,,,,
append,194,4666900,,,,,,
encode,194,6100,,,,,,
data_write,194,86800,,,,,,
data_sync,194,2453900,,,,,,
marker_write,194,74800,,,,,,
marker_sync,194,2041700,,,,,,
append,195,3916300,,,,,,
encode,195,8400,,,,,,
data_write,195,83200,,,,,,
data_sync,195,1860600,,,,,,
marker_write,195,70600,,,,,,
marker_sync,195,1889700,,,,,,
append,196,3645500,,,,,,
encode,196,6600,,,,,,
data_write,196,79000,,,,,,
data_sync,196,1793100,,,,,,
marker_write,196,57100,,,,,,
marker_sync,196,1706700,,,,,,
append,197,3722100,,,,,,
encode,197,12900,,,,,,
data_write,197,81400,,,,,,
data_sync,197,1830300,,,,,,
marker_write,197,58000,,,,,,
marker_sync,197,1735900,,,,,,
append,198,4115300,,,,,,
encode,198,6100,,,,,,
data_write,198,75500,,,,,,
data_sync,198,1791000,,,,,,
marker_write,198,58600,,,,,,
marker_sync,198,2181300,,,,,,
append,199,11480800,,,,,,
encode,199,5800,,,,,,
data_write,199,70200,,,,,,
data_sync,199,9640600,,,,,,
marker_write,199,48300,,,,,,
marker_sync,199,1712500,,,,,,
append,200,3508300,,,,,,
encode,200,7900,,,,,,
data_write,200,74600,,,,,,
data_sync,200,1747200,,,,,,
marker_write,200,27200,,,,,,
marker_sync,200,1644700,,,,,,
append,201,6569800,,,,,,
encode,201,6400,,,,,,
data_write,201,46300,,,,,,
data_sync,201,1574700,,,,,,
marker_write,201,43700,,,,,,
marker_sync,201,4895300,,,,,,
append,202,7604900,,,,,,
encode,202,6100,,,,,,
data_write,202,55200,,,,,,
data_sync,202,3930000,,,,,,
marker_write,202,47100,,,,,,
marker_sync,202,3563400,,,,,,
append,203,10120400,,,,,,
encode,203,6900,,,,,,
data_write,203,57900,,,,,,
data_sync,203,4324500,,,,,,
marker_write,203,51200,,,,,,
marker_sync,203,5674800,,,,,,
append,204,6273900,,,,,,
encode,204,6900,,,,,,
data_write,204,62200,,,,,,
data_sync,204,1663700,,,,,,
marker_write,204,35800,,,,,,
marker_sync,204,4501100,,,,,,
append,205,8001500,,,,,,
encode,205,6000,,,,,,
data_write,205,48600,,,,,,
data_sync,205,3754100,,,,,,
marker_write,205,35600,,,,,,
marker_sync,205,4153700,,,,,,
append,206,6387800,,,,,,
encode,206,6500,,,,,,
data_write,206,46600,,,,,,
data_sync,206,3933200,,,,,,
marker_write,206,46800,,,,,,
marker_sync,206,2351600,,,,,,
append,207,11482100,,,,,,
encode,207,6100,,,,,,
data_write,207,50400,,,,,,
data_sync,207,9512100,,,,,,
marker_write,207,43300,,,,,,
marker_sync,207,1866700,,,,,,
append,208,6833800,,,,,,
encode,208,5700,,,,,,
data_write,208,56500,,,,,,
data_sync,208,1667600,,,,,,
marker_write,208,43400,,,,,,
marker_sync,208,5056100,,,,,,
append,209,6538900,,,,,,
encode,209,6300,,,,,,
data_write,209,63600,,,,,,
data_sync,209,4734300,,,,,,
marker_write,209,41400,,,,,,
marker_sync,209,1690200,,,,,,
append,210,8771900,,,,,,
encode,210,6100,,,,,,
data_write,210,44900,,,,,,
data_sync,210,4686100,,,,,,
marker_write,210,45600,,,,,,
marker_sync,210,3986400,,,,,,
append,211,8572200,,,,,,
encode,211,7400,,,,,,
data_write,211,52200,,,,,,
data_sync,211,1877600,,,,,,
marker_write,211,40100,,,,,,
marker_sync,211,6591800,,,,,,
append,212,7706700,,,,,,
encode,212,5600,,,,,,
data_write,212,47400,,,,,,
data_sync,212,3340300,,,,,,
marker_write,212,42300,,,,,,
marker_sync,212,4267500,,,,,,
append,213,3768300,,,,,,
encode,213,7400,,,,,,
data_write,213,57100,,,,,,
data_sync,213,2003200,,,,,,
marker_write,213,43400,,,,,,
marker_sync,213,1653600,,,,,,
append,214,6965299,,,,,,
encode,214,7300,,,,,,
data_write,214,45300,,,,,,
data_sync,214,3837900,,,,,,
marker_write,214,87200,,,,,,
marker_sync,214,2984199,,,,,,
append,215,9166900,,,,,,
encode,215,5700,,,,,,
data_write,215,54700,,,,,,
data_sync,215,6712900,,,,,,
marker_write,215,42600,,,,,,
marker_sync,215,2347500,,,,,,
append,216,9682000,,,,,,
encode,216,5800,,,,,,
data_write,216,48200,,,,,,
data_sync,216,7746700,,,,,,
marker_write,216,44300,,,,,,
marker_sync,216,1833900,,,,,,
append,217,6068300,,,,,,
encode,217,6700,,,,,,
data_write,217,41400,,,,,,
data_sync,217,1702100,,,,,,
marker_write,217,43100,,,,,,
marker_sync,217,4271800,,,,,,
append,218,4886800,,,,,,
encode,218,6600,,,,,,
data_write,218,50300,,,,,,
data_sync,218,2130100,,,,,,
marker_write,218,44800,,,,,,
marker_sync,218,2651500,,,,,,
append,219,13357800,,,,,,
encode,219,6600,,,,,,
data_write,219,58200,,,,,,
data_sync,219,2058500,,,,,,
marker_write,219,42500,,,,,,
marker_sync,219,11188700,,,,,,
append,220,3707400,,,,,,
encode,220,6500,,,,,,
data_write,220,50300,,,,,,
data_sync,220,1770700,,,,,,
marker_write,220,35700,,,,,,
marker_sync,220,1823600,,,,,,
append,221,4435500,,,,,,
encode,221,6200,,,,,,
data_write,221,58200,,,,,,
data_sync,221,1943800,,,,,,
marker_write,221,42200,,,,,,
marker_sync,221,2382000,,,,,,
append,222,21585800,,,,,,
encode,222,6700,,,,,,
data_write,222,58700,,,,,,
data_sync,222,5565600,,,,,,
marker_write,222,53800,,,,,,
marker_sync,222,15897100,,,,,,
append,223,16549400,,,,,,
encode,223,7100,,,,,,
data_write,223,86100,,,,,,
data_sync,223,7978000,,,,,,
marker_write,223,68300,,,,,,
marker_sync,223,8405600,,,,,,
append,224,7467700,,,,,,
encode,224,6300,,,,,,
data_write,224,58600,,,,,,
data_sync,224,3394900,,,,,,
marker_write,224,51100,,,,,,
marker_sync,224,3953800,,,,,,
append,225,8034400,,,,,,
encode,225,6100,,,,,,
data_write,225,55200,,,,,,
data_sync,225,3943500,,,,,,
marker_write,225,44400,,,,,,
marker_sync,225,3981800,,,,,,
append,226,7959100,,,,,,
encode,226,6700,,,,,,
data_write,226,55400,,,,,,
data_sync,226,3926900,,,,,,
marker_write,226,42000,,,,,,
marker_sync,226,3925000,,,,,,
append,227,11980700,,,,,,
encode,227,6500,,,,,,
data_write,227,39000,,,,,,
data_sync,227,2461500,,,,,,
marker_write,227,45300,,,,,,
marker_sync,227,9424600,,,,,,
append,228,3905100,,,,,,
encode,228,7200,,,,,,
data_write,228,65400,,,,,,
data_sync,228,1961100,,,,,,
marker_write,228,31100,,,,,,
marker_sync,228,1836500,,,,,,
append,229,8349100,,,,,,
encode,229,6600,,,,,,
data_write,229,75500,,,,,,
data_sync,229,4037700,,,,,,
marker_write,229,46300,,,,,,
marker_sync,229,4179800,,,,,,
append,230,7768500,,,,,,
encode,230,6500,,,,,,
data_write,230,53900,,,,,,
data_sync,230,4459100,,,,,,
marker_write,230,44900,,,,,,
marker_sync,230,3199500,,,,,,
append,231,8003199,,,,,,
encode,231,5900,,,,,,
data_write,231,53600,,,,,,
data_sync,231,3963700,,,,,,
marker_write,231,41900,,,,,,
marker_sync,231,3934299,,,,,,
append,232,7989800,,,,,,
encode,232,7300,,,,,,
data_write,232,53600,,,,,,
data_sync,232,3932400,,,,,,
marker_write,232,44400,,,,,,
marker_sync,232,3948300,,,,,,
append,233,8006700,,,,,,
encode,233,6100,,,,,,
data_write,233,55900,,,,,,
data_sync,233,3947300,,,,,,
marker_write,233,47100,,,,,,
marker_sync,233,3946100,,,,,,
append,234,8003600,,,,,,
encode,234,6400,,,,,,
data_write,234,56400,,,,,,
data_sync,234,3931900,,,,,,
marker_write,234,46400,,,,,,
marker_sync,234,3958400,,,,,,
append,235,7987600,,,,,,
encode,235,8300,,,,,,
data_write,235,56900,,,,,,
data_sync,235,3920900,,,,,,
marker_write,235,45000,,,,,,
marker_sync,235,3952600,,,,,,
append,236,8002500,,,,,,
encode,236,6600,,,,,,
data_write,236,40200,,,,,,
data_sync,236,3961300,,,,,,
marker_write,236,46200,,,,,,
marker_sync,236,3944900,,,,,,
append,237,13242700,,,,,,
encode,237,7500,,,,,,
data_write,237,51700,,,,,,
data_sync,237,3443400,,,,,,
marker_write,237,589100,,,,,,
marker_sync,237,9147900,,,,,,
append,238,6793100,,,,,,
encode,238,7400,,,,,,
data_write,238,35700,,,,,,
data_sync,238,1830400,,,,,,
marker_write,238,35200,,,,,,
marker_sync,238,4881100,,,,,,
append,239,5971300,,,,,,
encode,239,6300,,,,,,
data_write,239,52800,,,,,,
data_sync,239,3902400,,,,,,
marker_write,239,81000,,,,,,
marker_sync,239,1925300,,,,,,
append,240,9596800,,,,,,
encode,240,5600,,,,,,
data_write,240,79500,,,,,,
data_sync,240,5585300,,,,,,
marker_write,240,46000,,,,,,
marker_sync,240,3876000,,,,,,
append,241,8383700,,,,,,
encode,241,7700,,,,,,
data_write,241,43900,,,,,,
data_sync,241,4338900,,,,,,
marker_write,241,44200,,,,,,
marker_sync,241,3946000,,,,,,
append,242,7890600,,,,,,
encode,242,5800,,,,,,
data_write,242,47700,,,,,,
data_sync,242,3964600,,,,,,
marker_write,242,37000,,,,,,
marker_sync,242,3831500,,,,,,
append,243,12193800,,,,,,
encode,243,7200,,,,,,
data_write,243,73300,,,,,,
data_sync,243,4029000,,,,,,
marker_write,243,38700,,,,,,
marker_sync,243,8041900,,,,,,
append,244,7940700,,,,,,
encode,244,7500,,,,,,
data_write,244,52100,,,,,,
data_sync,244,4028600,,,,,,
marker_write,244,34700,,,,,,
marker_sync,244,3813700,,,,,,
append,245,16103100,,,,,,
encode,245,7500,,,,,,
data_write,245,47800,,,,,,
data_sync,245,3919500,,,,,,
marker_write,245,42800,,,,,,
marker_sync,245,12078900,,,,,,
append,246,11866000,,,,,,
encode,246,11800,,,,,,
data_write,246,144300,,,,,,
data_sync,246,7709900,,,,,,
marker_write,246,42400,,,,,,
marker_sync,246,3954300,,,,,,
append,247,10466200,,,,,,
encode,247,6600,,,,,,
data_write,247,250300,,,,,,
data_sync,247,7745100,,,,,,
marker_write,247,187300,,,,,,
marker_sync,247,2247300,,,,,,
append,248,4621099,,,,,,
encode,248,6600,,,,,,
data_write,248,221500,,,,,,
data_sync,248,2023200,,,,,,
marker_write,248,185500,,,,,,
marker_sync,248,2180199,,,,,,
append,249,5191100,,,,,,
encode,249,7200,,,,,,
data_write,249,230300,,,,,,
data_sync,249,2900800,,,,,,
marker_write,249,130200,,,,,,
marker_sync,249,1919200,,,,,,
append,250,4459600,,,,,,
encode,250,6600,,,,,,
data_write,250,162000,,,,,,
data_sync,250,2150600,,,,,,
marker_write,250,125100,,,,,,
marker_sync,250,2012100,,,,,,
append,251,4509200,,,,,,
encode,251,6300,,,,,,
data_write,251,122300,,,,,,
data_sync,251,2201800,,,,,,
marker_write,251,35400,,,,,,
marker_sync,251,2140300,,,,,,
append,252,3936100,,,,,,
encode,252,6900,,,,,,
data_write,252,41800,,,,,,
data_sync,252,1887600,,,,,,
marker_write,252,33200,,,,,,
marker_sync,252,1963400,,,,,,
append,253,6818400,,,,,,
encode,253,5400,,,,,,
data_write,253,40800,,,,,,
data_sync,253,1806300,,,,,,
marker_write,253,31100,,,,,,
marker_sync,253,4931300,,,,,,
append,254,3639800,,,,,,
encode,254,7000,,,,,,
data_write,254,46800,,,,,,
data_sync,254,1848400,,,,,,
marker_write,254,32800,,,,,,
marker_sync,254,1701100,,,,,,
append,255,10483700,,,,,,
encode,255,6000,,,,,,
data_write,255,36800,,,,,,
data_sync,255,8278500,,,,,,
marker_write,255,41400,,,,,,
marker_sync,255,2117000,,,,,,
append,256,9868800,,,,,,
encode,256,6200,,,,,,
data_write,256,47000,,,,,,
data_sync,256,5815100,,,,,,
marker_write,256,33900,,,,,,
marker_sync,256,3962500,,,,,,
append,257,15963400,,,,,,
encode,257,4200,,,,,,
data_write,257,44100,,,,,,
data_sync,257,7904700,,,,,,
marker_write,257,41000,,,,,,
marker_sync,257,7965400,,,,,,
append,258,15952000,,,,,,
encode,258,6400,,,,,,
data_write,258,41700,,,,,,
data_sync,258,7898200,,,,,,
marker_write,258,186300,,,,,,
marker_sync,258,7815200,,,,,,
append,259,11999200,,,,,,
encode,259,6100,,,,,,
data_write,259,49100,,,,,,
data_sync,259,3942600,,,,,,
marker_write,259,42800,,,,,,
marker_sync,259,7955500,,,,,,
append,260,4115300,,,,,,
encode,260,7200,,,,,,
data_write,260,196000,,,,,,
data_sync,260,2095500,,,,,,
marker_write,260,132500,,,,,,
marker_sync,260,1680800,,,,,,
append,261,15883700,,,,,,
encode,261,5800,,,,,,
data_write,261,184400,,,,,,
data_sync,261,3685900,,,,,,
marker_write,261,139800,,,,,,
marker_sync,261,11864000,,,,,,
append,262,4035200,,,,,,
encode,262,6200,,,,,,
data_write,262,49100,,,,,,
data_sync,262,2225800,,,,,,
marker_write,262,36300,,,,,,
marker_sync,262,1714900,,,,,,
append,263,7989100,,,,,,
encode,263,6400,,,,,,
data_write,263,39800,,,,,,
data_sync,263,3902000,,,,,,
marker_write,263,32200,,,,,,
marker_sync,263,4005200,,,,,,
append,264,11989600,,,,,,
encode,264,7700,,,,,,
data_write,264,203100,,,,,,
data_sync,264,3740000,,,,,,
marker_write,264,163200,,,,,,
marker_sync,264,7872600,,,,,,
append,265,8010300,,,,,,
encode,265,7000,,,,,,
data_write,265,50600,,,,,,
data_sync,265,3920400,,,,,,
marker_write,265,36500,,,,,,
marker_sync,265,3992100,,,,,,
append,266,7962799,,,,,,
encode,266,6400,,,,,,
data_write,266,53500,,,,,,
data_sync,266,3893700,,,,,,
marker_write,266,147700,,,,,,
marker_sync,266,3858099,,,,,,
append,267,11990000,,,,,,
encode,267,6100,,,,,,
data_write,267,207200,,,,,,
data_sync,267,3786800,,,,,,
marker_write,267,163900,,,,,,
marker_sync,267,7822600,,,,,,
append,268,8006900,,,,,,
encode,268,6800,,,,,,
data_write,268,38300,,,,,,
data_sync,268,3597600,,,,,,
marker_write,268,35700,,,,,,
marker_sync,268,4324600,,,,,,
append,269,7154200,,,,,,
encode,269,6100,,,,,,
data_write,269,41200,,,,,,
data_sync,269,3944800,,,,,,
marker_write,269,154700,,,,,,
marker_sync,269,3003900,,,,,,
append,270,23142900,,,,,,
encode,270,7600,,,,,,
data_write,270,195400,,,,,,
data_sync,270,8551900,,,,,,
marker_write,270,78700,,,,,,
marker_sync,270,14304500,,,,,,
append,271,18103300,,,,,,
encode,271,10800,,,,,,
data_write,271,64100,,,,,,
data_sync,271,7168800,,,,,,
marker_write,271,47000,,,,,,
marker_sync,271,10809100,,,,,,
append,272,8583700,,,,,,
encode,272,7000,,,,,,
data_write,272,54200,,,,,,
data_sync,272,4719400,,,,,,
marker_write,272,51100,,,,,,
marker_sync,272,3747900,,,,,,
append,273,15016500,,,,,,
encode,273,8000,,,,,,
data_write,273,56400,,,,,,
data_sync,273,9356700,,,,,,
marker_write,273,49300,,,,,,
marker_sync,273,5542300,,,,,,
append,274,20042100,,,,,,
encode,274,6200,,,,,,
data_write,274,87400,,,,,,
data_sync,274,3891500,,,,,,
marker_write,274,60600,,,,,,
marker_sync,274,15991600,,,,,,
append,275,33990000,,,,,,
encode,275,7200,,,,,,
data_write,275,78000,,,,,,
data_sync,275,11877800,,,,,,
marker_write,275,46300,,,,,,
marker_sync,275,21976300,,,,,,
append,276,15722899,,,,,,
encode,276,8300,,,,,,
data_write,276,84900,,,,,,
data_sync,276,13539899,,,,,,
marker_write,276,53300,,,,,,
marker_sync,276,2033300,,,,,,
append,277,14236500,,,,,,
encode,277,6200,,,,,,
data_write,277,50900,,,,,,
data_sync,277,9484500,,,,,,
marker_write,277,49000,,,,,,
marker_sync,277,4642100,,,,,,
append,278,7498000,,,,,,
encode,278,6700,,,,,,
data_write,278,98900,,,,,,
data_sync,278,5664800,,,,,,
marker_write,278,39200,,,,,,
marker_sync,278,1685500,,,,,,
append,279,16814800,,,,,,
encode,279,6100,,,,,,
data_write,279,188900,,,,,,
data_sync,279,8295000,,,,,,
marker_write,279,171500,,,,,,
marker_sync,279,8149600,,,,,,
append,280,7673500,,,,,,
encode,280,6900,,,,,,
data_write,280,58400,,,,,,
data_sync,280,3630100,,,,,,
marker_write,280,44100,,,,,,
marker_sync,280,3930600,,,,,,
append,281,11209400,,,,,,
encode,281,5700,,,,,,
data_write,281,43600,,,,,,
data_sync,281,3952400,,,,,,
marker_write,281,164200,,,,,,
marker_sync,281,7039200,,,,,,
append,282,8908300,,,,,,
encode,282,6300,,,,,,
data_write,282,238800,,,,,,
data_sync,282,4542900,,,,,,
marker_write,282,167300,,,,,,
marker_sync,282,3947400,,,,,,
append,283,23878200,,,,,,
encode,283,7300,,,,,,
data_write,283,58200,,,,,,
data_sync,283,18650600,,,,,,
marker_write,283,50200,,,,,,
marker_sync,283,5107900,,,,,,
append,284,3798100,,,,,,
encode,284,6400,,,,,,
data_write,284,87600,,,,,,
data_sync,284,1987800,,,,,,
marker_write,284,67200,,,,,,
marker_sync,284,1644400,,,,,,
append,285,8232400,,,,,,
encode,285,6200,,,,,,
data_write,285,74600,,,,,,
data_sync,285,4120900,,,,,,
marker_write,285,82600,,,,,,
marker_sync,285,3945000,,,,,,
append,286,7969700,,,,,,
encode,286,6600,,,,,,
data_write,286,87400,,,,,,
data_sync,286,3877000,,,,,,
marker_write,286,111600,,,,,,
marker_sync,286,3884100,,,,,,
append,287,6773300,,,,,,
encode,287,6200,,,,,,
data_write,287,86900,,,,,,
data_sync,287,3909900,,,,,,
marker_write,287,85000,,,,,,
marker_sync,287,2682100,,,,,,
append,288,3604400,,,,,,
encode,288,5500,,,,,,
data_write,288,92400,,,,,,
data_sync,288,1790000,,,,,,
marker_write,288,79400,,,,,,
marker_sync,288,1633900,,,,,,
append,289,9617300,,,,,,
encode,289,5900,,,,,,
data_write,289,76800,,,,,,
data_sync,289,6175600,,,,,,
marker_write,289,41400,,,,,,
marker_sync,289,3314200,,,,,,
append,290,8310700,,,,,,
encode,290,10900,,,,,,
data_write,290,38800,,,,,,
data_sync,290,3446900,,,,,,
marker_write,290,66500,,,,,,
marker_sync,290,4744200,,,,,,
append,291,8570099,,,,,,
encode,291,7200,,,,,,
data_write,291,51900,,,,,,
data_sync,291,1811400,,,,,,
marker_write,291,35200,,,,,,
marker_sync,291,6661299,,,,,,
append,292,3814600,,,,,,
encode,292,7100,,,,,,
data_write,292,46300,,,,,,
data_sync,292,1883900,,,,,,
marker_write,292,40900,,,,,,
marker_sync,292,1832800,,,,,,
append,293,11372900,,,,,,
encode,293,8800,,,,,,
data_write,293,54900,,,,,,
data_sync,293,7312700,,,,,,
marker_write,293,46900,,,,,,
marker_sync,293,3946200,,,,,,
append,294,18946900,,,,,,
encode,294,6200,,,,,,
data_write,294,54100,,,,,,
data_sync,294,10777500,,,,,,
marker_write,294,46900,,,,,,
marker_sync,294,8058200,,,,,,
append,295,5242200,,,,,,
encode,295,6000,,,,,,
data_write,295,48300,,,,,,
data_sync,295,3097600,,,,,,
marker_write,295,46900,,,,,,
marker_sync,295,2039400,,,,,,
append,296,4307600,,,,,,
encode,296,7300,,,,,,
data_write,296,38700,,,,,,
data_sync,296,2102600,,,,,,
marker_write,296,41400,,,,,,
marker_sync,296,2114500,,,,,,
append,297,4312700,,,,,,
encode,297,7200,,,,,,
data_write,297,53300,,,,,,
data_sync,297,2081700,,,,,,
marker_write,297,96200,,,,,,
marker_sync,297,2070800,,,,,,
append,298,19083700,,,,,,
encode,298,6200,,,,,,
data_write,298,42600,,,,,,
data_sync,298,7130500,,,,,,
marker_write,298,40800,,,,,,
marker_sync,298,11858700,,,,,,
append,299,15098100,,,,,,
encode,299,6200,,,,,,
data_write,299,51600,,,,,,
data_sync,299,7357800,,,,,,
marker_write,299,45400,,,,,,
marker_sync,299,7634100,,,,,,
append,300,12477800,,,,,,
encode,300,5900,,,,,,
data_write,300,4927900,,,,,,
data_sync,300,5486800,,,,,,
marker_write,300,40600,,,,,,
marker_sync,300,2012000,,,,,,
append,301,19635100,,,,,,
encode,301,7200,,,,,,
data_write,301,52700,,,,,,
data_sync,301,6589100,,,,,,
marker_write,301,41900,,,,,,
marker_sync,301,12940600,,,,,,
append,302,15614100,,,,,,
encode,302,6300,,,,,,
data_write,302,170600,,,,,,
data_sync,302,12600900,,,,,,
marker_write,302,44300,,,,,,
marker_sync,302,2788700,,,,,,
append,303,4143000,,,,,,
encode,303,6300,,,,,,
data_write,303,50900,,,,,,
data_sync,303,1954200,,,,,,
marker_write,303,33200,,,,,,
marker_sync,303,2094200,,,,,,
append,304,21746799,,,,,,
encode,304,6500,,,,,,
data_write,304,45100,,,,,,
data_sync,304,8863500,,,,,,
marker_write,304,4123200,,,,,,
marker_sync,304,8704299,,,,,,
append,305,7291100,,,,,,
encode,305,7400,,,,,,
data_write,305,63400,,,,,,
data_sync,305,5237900,,,,,,
marker_write,305,47400,,,,,,
marker_sync,305,1931100,,,,,,
append,306,8347000,,,,,,
encode,306,9300,,,,,,
data_write,306,56800,,,,,,
data_sync,306,1960000,,,,,,
marker_write,306,243400,,,,,,
marker_sync,306,6074100,,,,,,
append,307,12119800,,,,,,
encode,307,10100,,,,,,
data_write,307,3611100,,,,,,
data_sync,307,2182900,,,,,,
marker_write,307,37400,,,,,,
marker_sync,307,6274900,,,,,,
append,308,10839900,,,,,,
encode,308,5900,,,,,,
data_write,308,45900,,,,,,
data_sync,308,7562700,,,,,,
marker_write,308,43600,,,,,,
marker_sync,308,3177800,,,,,,
append,309,5566200,,,,,,
encode,309,6800,,,,,,
data_write,309,163200,,,,,,
data_sync,309,3112400,,,,,,
marker_write,309,166700,,,,,,
marker_sync,309,2111900,,,,,,
append,310,9733400,,,,,,
encode,310,7500,,,,,,
data_write,310,285900,,,,,,
data_sync,310,2324800,,,,,,
marker_write,310,4464900,,,,,,
marker_sync,310,2646200,,,,,,
append,311,4077700,,,,,,
encode,311,7100,,,,,,
data_write,311,46000,,,,,,
data_sync,311,1958800,,,,,,
marker_write,311,79300,,,,,,
marker_sync,311,1983500,,,,,,
append,312,4151000,,,,,,
encode,312,107600,,,,,,
data_write,312,91200,,,,,,
data_sync,312,1974900,,,,,,
marker_write,312,73100,,,,,,
marker_sync,312,1901400,,,,,,
append,313,5834400,,,,,,
encode,313,5000,,,,,,
data_write,313,66800,,,,,,
data_sync,313,3583900,,,,,,
marker_write,313,79300,,,,,,
marker_sync,313,2096400,,,,,,
append,314,4176300,,,,,,
encode,314,5400,,,,,,
data_write,314,74800,,,,,,
data_sync,314,2031600,,,,,,
marker_write,314,59400,,,,,,
marker_sync,314,2001200,,,,,,
append,315,4198600,,,,,,
encode,315,5800,,,,,,
data_write,315,86600,,,,,,
data_sync,315,1908400,,,,,,
marker_write,315,77000,,,,,,
marker_sync,315,2117800,,,,,,
append,316,6945800,,,,,,
encode,316,6600,,,,,,
data_write,316,81000,,,,,,
data_sync,316,2186700,,,,,,
marker_write,316,92500,,,,,,
marker_sync,316,4575500,,,,,,
append,317,4770400,,,,,,
encode,317,7100,,,,,,
data_write,317,90600,,,,,,
data_sync,317,2367900,,,,,,
marker_write,317,72900,,,,,,
marker_sync,317,2229000,,,,,,
append,318,4787900,,,,,,
encode,318,6600,,,,,,
data_write,318,80600,,,,,,
data_sync,318,2185700,,,,,,
marker_write,318,76900,,,,,,
marker_sync,318,2433800,,,,,,
append,319,5257200,,,,,,
encode,319,7100,,,,,,
data_write,319,89900,,,,,,
data_sync,319,2812700,,,,,,
marker_write,319,69600,,,,,,
marker_sync,319,2274900,,,,,,
append,320,4462100,,,,,,
encode,320,6100,,,,,,
data_write,320,83100,,,,,,
data_sync,320,2173600,,,,,,
marker_write,320,62000,,,,,,
marker_sync,320,2134800,,,,,,
append,321,4422000,,,,,,
encode,321,4300,,,,,,
data_write,321,79900,,,,,,
data_sync,321,2268000,,,,,,
marker_write,321,68000,,,,,,
marker_sync,321,1997700,,,,,,
append,322,4146900,,,,,,
encode,322,6400,,,,,,
data_write,322,92000,,,,,,
data_sync,322,2001000,,,,,,
marker_write,322,67700,,,,,,
marker_sync,322,1976400,,,,,,
append,323,4074800,,,,,,
encode,323,6400,,,,,,
data_write,323,127700,,,,,,
data_sync,323,2135400,,,,,,
marker_write,323,62000,,,,,,
marker_sync,323,1740100,,,,,,
append,324,3934300,,,,,,
encode,324,5900,,,,,,
data_write,324,73500,,,,,,
data_sync,324,1939200,,,,,,
marker_write,324,62200,,,,,,
marker_sync,324,1850500,,,,,,
append,325,4488700,,,,,,
encode,325,6500,,,,,,
data_write,325,142300,,,,,,
data_sync,325,2086700,,,,,,
marker_write,325,63000,,,,,,
marker_sync,325,2186900,,,,,,
append,326,4437100,,,,,,
encode,326,7000,,,,,,
data_write,326,83700,,,,,,
data_sync,326,2359800,,,,,,
marker_write,326,76900,,,,,,
marker_sync,326,1906800,,,,,,
append,327,4515200,,,,,,
encode,327,6200,,,,,,
data_write,327,80300,,,,,,
data_sync,327,2286600,,,,,,
marker_write,327,75900,,,,,,
marker_sync,327,2063300,,,,,,
append,328,3916500,,,,,,
encode,328,6800,,,,,,
data_write,328,76600,,,,,,
data_sync,328,1975000,,,,,,
marker_write,328,61300,,,,,,
marker_sync,328,1793900,,,,,,
append,329,5055800,,,,,,
encode,329,6600,,,,,,
data_write,329,72200,,,,,,
data_sync,329,1809900,,,,,,
marker_write,329,65000,,,,,,
marker_sync,329,3099000,,,,,,
append,330,5467700,,,,,,
encode,330,6900,,,,,,
data_write,330,70800,,,,,,
data_sync,330,2862300,,,,,,
marker_write,330,70100,,,,,,
marker_sync,330,2454700,,,,,,
append,331,4192300,,,,,,
encode,331,6500,,,,,,
data_write,331,82700,,,,,,
data_sync,331,2204500,,,,,,
marker_write,331,64200,,,,,,
marker_sync,331,1831800,,,,,,
append,332,4306399,,,,,,
encode,332,6800,,,,,,
data_write,332,94000,,,,,,
data_sync,332,2069899,,,,,,
marker_write,332,64000,,,,,,
marker_sync,332,2068900,,,,,,
append,333,4377900,,,,,,
encode,333,5900,,,,,,
data_write,333,78100,,,,,,
data_sync,333,2256100,,,,,,
marker_write,333,59700,,,,,,
marker_sync,333,1974600,,,,,,
append,334,4327600,,,,,,
encode,334,6900,,,,,,
data_write,334,77900,,,,,,
data_sync,334,2008400,,,,,,
marker_write,334,69200,,,,,,
marker_sync,334,2161700,,,,,,
append,335,4386700,,,,,,
encode,335,6300,,,,,,
data_write,335,84100,,,,,,
data_sync,335,2096900,,,,,,
marker_write,335,64900,,,,,,
marker_sync,335,2131300,,,,,,
append,336,4101500,,,,,,
encode,336,7700,,,,,,
data_write,336,73400,,,,,,
data_sync,336,1946200,,,,,,
marker_write,336,58700,,,,,,
marker_sync,336,2012000,,,,,,
append,337,4519200,,,,,,
encode,337,6500,,,,,,
data_write,337,64600,,,,,,
data_sync,337,2227900,,,,,,
marker_write,337,61100,,,,,,
marker_sync,337,2154900,,,,,,
append,338,4483200,,,,,,
encode,338,5900,,,,,,
data_write,338,37000,,,,,,
data_sync,338,2169000,,,,,,
marker_write,338,37500,,,,,,
marker_sync,338,2230900,,,,,,
append,339,4304900,,,,,,
encode,339,7100,,,,,,
data_write,339,75600,,,,,,
data_sync,339,2043000,,,,,,
marker_write,339,30700,,,,,,
marker_sync,339,2145500,,,,,,
append,340,4068600,,,,,,
encode,340,6100,,,,,,
data_write,340,32300,,,,,,
data_sync,340,2058600,,,,,,
marker_write,340,67300,,,,,,
marker_sync,340,1901400,,,,,,
append,341,4178700,,,,,,
encode,341,7100,,,,,,
data_write,341,89400,,,,,,
data_sync,341,2012800,,,,,,
marker_write,341,68300,,,,,,
marker_sync,341,1997900,,,,,,
append,342,3834700,,,,,,
encode,342,6500,,,,,,
data_write,342,73600,,,,,,
data_sync,342,1852000,,,,,,
marker_write,342,57000,,,,,,
marker_sync,342,1842100,,,,,,
append,343,4151200,,,,,,
encode,343,6600,,,,,,
data_write,343,78200,,,,,,
data_sync,343,1867400,,,,,,
marker_write,343,72900,,,,,,
marker_sync,343,2123100,,,,,,
append,344,4580300,,,,,,
encode,344,7100,,,,,,
data_write,344,77700,,,,,,
data_sync,344,2106900,,,,,,
marker_write,344,93000,,,,,,
marker_sync,344,2290500,,,,,,
append,345,4628100,,,,,,
encode,345,9500,,,,,,
data_write,345,95500,,,,,,
data_sync,345,2370000,,,,,,
marker_write,345,70200,,,,,,
marker_sync,345,2078500,,,,,,
append,346,3952300,,,,,,
encode,346,8700,,,,,,
data_write,346,75600,,,,,,
data_sync,346,2065900,,,,,,
marker_write,346,66600,,,,,,
marker_sync,346,1731500,,,,,,
append,347,4285200,,,,,,
encode,347,6500,,,,,,
data_write,347,68300,,,,,,
data_sync,347,2107300,,,,,,
marker_write,347,77700,,,,,,
marker_sync,347,2021100,,,,,,
append,348,3508500,,,,,,
encode,348,6400,,,,,,
data_write,348,82500,,,,,,
data_sync,348,1719500,,,,,,
marker_write,348,66900,,,,,,
marker_sync,348,1629800,,,,,,
append,349,3647100,,,,,,
encode,349,6500,,,,,,
data_write,349,80100,,,,,,
data_sync,349,1806200,,,,,,
marker_write,349,59000,,,,,,
marker_sync,349,1692400,,,,,,
append,350,4034900,,,,,,
encode,350,5100,,,,,,
data_write,350,64800,,,,,,
data_sync,350,1981900,,,,,,
marker_write,350,62100,,,,,,
marker_sync,350,1918200,,,,,,
append,351,4375000,,,,,,
encode,351,7900,,,,,,
data_write,351,64600,,,,,,
data_sync,351,2048300,,,,,,
marker_write,351,54200,,,,,,
marker_sync,351,2197000,,,,,,
append,352,4543900,,,,,,
encode,352,6600,,,,,,
data_write,352,72200,,,,,,
data_sync,352,1985100,,,,,,
marker_write,352,68400,,,,,,
marker_sync,352,2408300,,,,,,
append,353,4100300,,,,,,
encode,353,6400,,,,,,
data_write,353,81200,,,,,,
data_sync,353,1970400,,,,,,
marker_write,353,69200,,,,,,
marker_sync,353,1970100,,,,,,
append,354,4111800,,,,,,
encode,354,6300,,,,,,
data_write,354,71000,,,,,,
data_sync,354,1951800,,,,,,
marker_write,354,63800,,,,,,
marker_sync,354,2015700,,,,,,
append,355,4399000,,,,,,
encode,355,6300,,,,,,
data_write,355,79600,,,,,,
data_sync,355,1990100,,,,,,
marker_write,355,69800,,,,,,
marker_sync,355,2247800,,,,,,
append,356,3893400,,,,,,
encode,356,6400,,,,,,
data_write,356,69400,,,,,,
data_sync,356,1903100,,,,,,
marker_write,356,61000,,,,,,
marker_sync,356,1850300,,,,,,
append,357,3568100,,,,,,
encode,357,4800,,,,,,
data_write,357,56900,,,,,,
data_sync,357,1747100,,,,,,
marker_write,357,58800,,,,,,
marker_sync,357,1697300,,,,,,
append,358,3538100,,,,,,
encode,358,7300,,,,,,
data_write,358,73000,,,,,,
data_sync,358,1658000,,,,,,
marker_write,358,60400,,,,,,
marker_sync,358,1735000,,,,,,
append,359,4389100,,,,,,
encode,359,11400,,,,,,
data_write,359,150300,,,,,,
data_sync,359,2286100,,,,,,
marker_write,359,54100,,,,,,
marker_sync,359,1884400,,,,,,
append,360,4040800,,,,,,
encode,360,4400,,,,,,
data_write,360,60600,,,,,,
data_sync,360,2080500,,,,,,
marker_write,360,25000,,,,,,
marker_sync,360,1867600,,,,,,
append,361,3586400,,,,,,
encode,361,7300,,,,,,
data_write,361,79500,,,,,,
data_sync,361,1742800,,,,,,
marker_write,361,69200,,,,,,
marker_sync,361,1684800,,,,,,
append,362,3637800,,,,,,
encode,362,6700,,,,,,
data_write,362,72100,,,,,,
data_sync,362,1782200,,,,,,
marker_write,362,63800,,,,,,
marker_sync,362,1709800,,,,,,
append,363,4102700,,,,,,
encode,363,5700,,,,,,
data_write,363,54800,,,,,,
data_sync,363,1899100,,,,,,
marker_write,363,62600,,,,,,
marker_sync,363,2077300,,,,,,
append,364,4156200,,,,,,
encode,364,6800,,,,,,
data_write,364,82500,,,,,,
data_sync,364,2066500,,,,,,
marker_write,364,73600,,,,,,
marker_sync,364,1922800,,,,,,
append,365,3875400,,,,,,
encode,365,6200,,,,,,
data_write,365,78100,,,,,,
data_sync,365,1884900,,,,,,
marker_write,365,60600,,,,,,
marker_sync,365,1842300,,,,,,
append,366,3866400,,,,,,
encode,366,5600,,,,,,
data_write,366,68300,,,,,,
data_sync,366,1879400,,,,,,
marker_write,366,58500,,,,,,
marker_sync,366,1851100,,,,,,
append,367,3781800,,,,,,
encode,367,5300,,,,,,
data_write,367,60500,,,,,,
data_sync,367,1965400,,,,,,
marker_write,367,68500,,,,,,
marker_sync,367,1679500,,,,,,
append,368,3386400,,,,,,
encode,368,6100,,,,,,
data_write,368,78600,,,,,,
data_sync,368,1625400,,,,,,
marker_write,368,65600,,,,,,
marker_sync,368,1607100,,,,,,
append,369,3395600,,,,,,
encode,369,6200,,,,,,
data_write,369,77800,,,,,,
data_sync,369,1632800,,,,,,
marker_write,369,63100,,,,,,
marker_sync,369,1612200,,,,,,
append,370,3356299,,,,,,
encode,370,6300,,,,,,
data_write,370,76900,,,,,,
data_sync,370,1594199,,,,,,
marker_write,370,62700,,,,,,
marker_sync,370,1612500,,,,,,
append,371,3645700,,,,,,
encode,371,5300,,,,,,
data_write,371,81900,,,,,,
data_sync,371,1565800,,,,,,
marker_write,371,64300,,,,,,
marker_sync,371,1925000,,,,,,
append,372,3997100,,,,,,
encode,372,6400,,,,,,
data_write,372,85800,,,,,,
data_sync,372,2044500,,,,,,
marker_write,372,51200,,,,,,
marker_sync,372,1805800,,,,,,
append,373,3552100,,,,,,
encode,373,6100,,,,,,
data_write,373,72700,,,,,,
data_sync,373,1725900,,,,,,
marker_write,373,48200,,,,,,
marker_sync,373,1696700,,,,,,
append,374,3851900,,,,,,
encode,374,5500,,,,,,
data_write,374,57100,,,,,,
data_sync,374,1719600,,,,,,
marker_write,374,48000,,,,,,
marker_sync,374,2018900,,,,,,
append,375,4002500,,,,,,
encode,375,8400,,,,,,
data_write,375,80600,,,,,,
data_sync,375,1927700,,,,,,
marker_write,375,49500,,,,,,
marker_sync,375,1933200,,,,,,
append,376,3887800,,,,,,
encode,376,7000,,,,,,
data_write,376,69700,,,,,,
data_sync,376,2043200,,,,,,
marker_write,376,52200,,,,,,
marker_sync,376,1712500,,,,,,
append,377,3791200,,,,,,
encode,377,6700,,,,,,
data_write,377,66300,,,,,,
data_sync,377,1951900,,,,,,
marker_write,377,50200,,,,,,
marker_sync,377,1713300,,,,,,
append,378,3619200,,,,,,
encode,378,7100,,,,,,
data_write,378,67600,,,,,,
data_sync,378,1859900,,,,,,
marker_write,378,54600,,,,,,
marker_sync,378,1626600,,,,,,
append,379,3457300,,,,,,
encode,379,4400,,,,,,
data_write,379,58300,,,,,,
data_sync,379,1585600,,,,,,
marker_write,379,51300,,,,,,
marker_sync,379,1755200,,,,,,
append,380,3744800,,,,,,
encode,380,5000,,,,,,
data_write,380,62900,,,,,,
data_sync,380,1774600,,,,,,
marker_write,380,55900,,,,,,
marker_sync,380,1842800,,,,,,
append,381,4124100,,,,,,
encode,381,6400,,,,,,
data_write,381,71700,,,,,,
data_sync,381,1936600,,,,,,
marker_write,381,60000,,,,,,
marker_sync,381,2046400,,,,,,
append,382,3931300,,,,,,
encode,382,6000,,,,,,
data_write,382,69900,,,,,,
data_sync,382,1984800,,,,,,
marker_write,382,59400,,,,,,
marker_sync,382,1807300,,,,,,
append,383,3758500,,,,,,
encode,383,4500,,,,,,
data_write,383,60600,,,,,,
data_sync,383,1793700,,,,,,
marker_write,383,48500,,,,,,
marker_sync,383,1847300,,,,,,
append,384,4267100,,,,,,
encode,384,5600,,,,,,
data_write,384,68200,,,,,,
data_sync,384,2142200,,,,,,
marker_write,384,53800,,,,,,
marker_sync,384,1994100,,,,,,
append,385,4006200,,,,,,
encode,385,4400,,,,,,
data_write,385,78200,,,,,,
data_sync,385,1929300,,,,,,
marker_write,385,75500,,,,,,
marker_sync,385,1915000,,,,,,
append,386,3683500,,,,,,
encode,386,6100,,,,,,
data_write,386,63600,,,,,,
data_sync,386,1750700,,,,,,
marker_write,386,57800,,,,,,
marker_sync,386,1801300,,,,,,
append,387,3744500,,,,,,
encode,387,4600,,,,,,
data_write,387,58000,,,,,,
data_sync,387,1756900,,,,,,
marker_write,387,60500,,,,,,
marker_sync,387,1861300,,,,,,
append,388,4115600,,,,,,
encode,388,6300,,,,,,
data_write,388,75200,,,,,,
data_sync,388,2049700,,,,,,
marker_write,388,63200,,,,,,
marker_sync,388,1918100,,,,,,
append,389,3574800,,,,,,
encode,389,5200,,,,,,
data_write,389,62200,,,,,,
data_sync,389,1709200,,,,,,
marker_write,389,56400,,,,,,
marker_sync,389,1739100,,,,,,
append,390,3763100,,,,,,
encode,390,5500,,,,,,
data_write,390,69700,,,,,,
data_sync,390,1804300,,,,,,
marker_write,390,66400,,,,,,
marker_sync,390,1814400,,,,,,
append,391,3702100,,,,,,
encode,391,5900,,,,,,
data_write,391,62500,,,,,,
data_sync,391,1824800,,,,,,
marker_write,391,64700,,,,,,
marker_sync,391,1740900,,,,,,
append,392,3925500,,,,,,
encode,392,6000,,,,,,
data_write,392,66800,,,,,,
data_sync,392,1925200,,,,,,
marker_write,392,58300,,,,,,
marker_sync,392,1866000,,,,,,
append,393,3861600,,,,,,
encode,393,6000,,,,,,
data_write,393,65200,,,,,,
data_sync,393,1815600,,,,,,
marker_write,393,95800,,,,,,
marker_sync,393,1875900,,,,,,
append,394,3626900,,,,,,
encode,394,6300,,,,,,
data_write,394,67400,,,,,,
data_sync,394,1809000,,,,,,
marker_write,394,60700,,,,,,
marker_sync,394,1680000,,,,,,
append,395,3857300,,,,,,
encode,395,6100,,,,,,
data_write,395,70700,,,,,,
data_sync,395,1719700,,,,,,
marker_write,395,64100,,,,,,
marker_sync,395,1993300,,,,,,
append,396,3727400,,,,,,
encode,396,6100,,,,,,
data_write,396,68700,,,,,,
data_sync,396,1824800,,,,,,
marker_write,396,50100,,,,,,
marker_sync,396,1774700,,,,,,
append,397,3746200,,,,,,
encode,397,5900,,,,,,
data_write,397,68000,,,,,,
data_sync,397,1777900,,,,,,
marker_write,397,60500,,,,,,
marker_sync,397,1830700,,,,,,
append,398,4019700,,,,,,
encode,398,6600,,,,,,
data_write,398,71900,,,,,,
data_sync,398,1916700,,,,,,
marker_write,398,56600,,,,,,
marker_sync,398,1964800,,,,,,
append,399,8299600,,,,,,
encode,399,5900,,,,,,
data_write,399,75600,,,,,,
data_sync,399,1946400,,,,,,
marker_write,399,57800,,,,,,
marker_sync,399,6210700,,,,,,
append,400,4030200,,,,,,
encode,400,6400,,,,,,
data_write,400,77400,,,,,,
data_sync,400,2059000,,,,,,
marker_write,400,64200,,,,,,
marker_sync,400,1820100,,,,,,
append,401,4247300,,,,,,
encode,401,6400,,,,,,
data_write,401,80000,,,,,,
data_sync,401,2144800,,,,,,
marker_write,401,71400,,,,,,
marker_sync,401,1941400,,,,,,
append,402,3996600,,,,,,
encode,402,6800,,,,,,
data_write,402,72300,,,,,,
data_sync,402,1924600,,,,,,
marker_write,402,65000,,,,,,
marker_sync,402,1924600,,,,,,
append,403,4362300,,,,,,
encode,403,5800,,,,,,
data_write,403,112700,,,,,,
data_sync,403,2099400,,,,,,
marker_write,403,57900,,,,,,
marker_sync,403,2083700,,,,,,
append,404,4116200,,,,,,
encode,404,5800,,,,,,
data_write,404,71800,,,,,,
data_sync,404,1926300,,,,,,
marker_write,404,62800,,,,,,
marker_sync,404,2046600,,,,,,
append,405,4121800,,,,,,
encode,405,5900,,,,,,
data_write,405,71900,,,,,,
data_sync,405,1964500,,,,,,
marker_write,405,53700,,,,,,
marker_sync,405,2022000,,,,,,
append,406,4035100,,,,,,
encode,406,8600,,,,,,
data_write,406,76200,,,,,,
data_sync,406,1851000,,,,,,
marker_write,406,58800,,,,,,
marker_sync,406,2037500,,,,,,
append,407,4013500,,,,,,
encode,407,5700,,,,,,
data_write,407,76400,,,,,,
data_sync,407,2008300,,,,,,
marker_write,407,52900,,,,,,
marker_sync,407,1867100,,,,,,
append,408,3744299,,,,,,
encode,408,5300,,,,,,
data_write,408,59000,,,,,,
data_sync,408,1809300,,,,,,
marker_write,408,51000,,,,,,
marker_sync,408,1816599,,,,,,
append,409,3856000,,,,,,
encode,409,4400,,,,,,
data_write,409,55400,,,,,,
data_sync,409,1841600,,,,,,
marker_write,409,47000,,,,,,
marker_sync,409,1904600,,,,,,
append,410,3887800,,,,,,
encode,410,6300,,,,,,
data_write,410,71900,,,,,,
data_sync,410,1754200,,,,,,
marker_write,410,50500,,,,,,
marker_sync,410,2002100,,,,,,
append,411,4268600,,,,,,
encode,411,6200,,,,,,
data_write,411,69800,,,,,,
data_sync,411,2011800,,,,,,
marker_write,411,58500,,,,,,
marker_sync,411,2119300,,,,,,
append,412,4095400,,,,,,
encode,412,4400,,,,,,
data_write,412,61700,,,,,,
data_sync,412,2051500,,,,,,
marker_write,412,55200,,,,,,
marker_sync,412,1918900,,,,,,
append,413,3963300,,,,,,
encode,413,5900,,,,,,
data_write,413,65500,,,,,,
data_sync,413,1830300,,,,,,
marker_write,413,89000,,,,,,
marker_sync,413,1969700,,,,,,
append,414,4018700,,,,,,
encode,414,5400,,,,,,
data_write,414,73200,,,,,,
data_sync,414,1946500,,,,,,
marker_write,414,58400,,,,,,
marker_sync,414,1932300,,,,,,
append,415,3975200,,,,,,
encode,415,5700,,,,,,
data_write,415,71600,,,,,,
data_sync,415,1856500,,,,,,
marker_write,415,74800,,,,,,
marker_sync,415,1963900,,,,,,
append,416,4008500,,,,,,
encode,416,6300,,,,,,
data_write,416,82400,,,,,,
data_sync,416,2000400,,,,,,
marker_write,416,60700,,,,,,
marker_sync,416,1855700,,,,,,
append,417,4109500,,,,,,
encode,417,6200,,,,,,
data_write,417,71600,,,,,,
data_sync,417,2021400,,,,,,
marker_write,417,53600,,,,,,
marker_sync,417,1953700,,,,,,
append,418,4152700,,,,,,
encode,418,5500,,,,,,
data_write,418,74700,,,,,,
data_sync,418,1894100,,,,,,
marker_write,418,55400,,,,,,
marker_sync,418,2120200,,,,,,
append,419,4029100,,,,,,
encode,419,6100,,,,,,
data_write,419,60900,,,,,,
data_sync,419,2026900,,,,,,
marker_write,419,56500,,,,,,
marker_sync,419,1875600,,,,,,
append,420,3739600,,,,,,
encode,420,6800,,,,,,
data_write,420,59400,,,,,,
data_sync,420,1805700,,,,,,
marker_write,420,52600,,,,,,
marker_sync,420,1812100,,,,,,
append,421,3561800,,,,,,
encode,421,5800,,,,,,
data_write,421,68400,,,,,,
data_sync,421,1696900,,,,,,
marker_write,421,57400,,,,,,
marker_sync,421,1730800,,,,,,
append,422,3561800,,,,,,
encode,422,4700,,,,,,
data_write,422,57500,,,,,,
data_sync,422,1738200,,,,,,
marker_write,422,60100,,,,,,
marker_sync,422,1698200,,,,,,
append,423,3520800,,,,,,
encode,423,6200,,,,,,
data_write,423,65300,,,,,,
data_sync,423,1777900,,,,,,
marker_write,423,48900,,,,,,
marker_sync,423,1620200,,,,,,
append,424,3332700,,,,,,
encode,424,4800,,,,,,
data_write,424,53000,,,,,,
data_sync,424,1627600,,,,,,
marker_write,424,41800,,,,,,
marker_sync,424,1603000,,,,,,
append,425,3542800,,,,,,
encode,425,5300,,,,,,
data_write,425,57900,,,,,,
data_sync,425,1757700,,,,,,
marker_write,425,67900,,,,,,
marker_sync,425,1650800,,,,,,
append,426,3308500,,,,,,
encode,426,5200,,,,,,
data_write,426,67800,,,,,,
data_sync,426,1665000,,,,,,
marker_write,426,47500,,,,,,
marker_sync,426,1520200,,,,,,
append,427,3430200,,,,,,
encode,427,5300,,,,,,
data_write,427,66800,,,,,,
data_sync,427,1655200,,,,,,
marker_write,427,51700,,,,,,
marker_sync,427,1648500,,,,,,
append,428,3315600,,,,,,
encode,428,6100,,,,,,
data_write,428,66100,,,,,,
data_sync,428,1551500,,,,,,
marker_write,428,41600,,,,,,
marker_sync,428,1646400,,,,,,
append,429,3220300,,,,,,
encode,429,4600,,,,,,
data_write,429,55200,,,,,,
data_sync,429,1544900,,,,,,
marker_write,429,43100,,,,,,
marker_sync,429,1569900,,,,,,
append,430,3369900,,,,,,
encode,430,5600,,,,,,
data_write,430,67400,,,,,,
data_sync,430,1589000,,,,,,
marker_write,430,43500,,,,,,
marker_sync,430,1661500,,,,,,
append,431,4554100,,,,,,
encode,431,6100,,,,,,
data_write,431,59200,,,,,,
data_sync,431,1733800,,,,,,
marker_write,431,62000,,,,,,
marker_sync,431,2689300,,,,,,
append,432,3859500,,,,,,
encode,432,7200,,,,,,
data_write,432,73500,,,,,,
data_sync,432,1961900,,,,,,
marker_write,432,51200,,,,,,
marker_sync,432,1763200,,,,,,
append,433,3905600,,,,,,
encode,433,6000,,,,,,
data_write,433,66200,,,,,,
data_sync,433,1710800,,,,,,
marker_write,433,48300,,,,,,
marker_sync,433,2071600,,,,,,
append,434,3389900,,,,,,
encode,434,6100,,,,,,
data_write,434,69100,,,,,,
data_sync,434,1695700,,,,,,
marker_write,434,56100,,,,,,
marker_sync,434,1560300,,,,,,
append,435,3407600,,,,,,
encode,435,5500,,,,,,
data_write,435,134300,,,,,,
data_sync,435,1610700,,,,,,
marker_write,435,59500,,,,,,
marker_sync,435,1594300,,,,,,
append,436,3798000,,,,,,
encode,436,5400,,,,,,
data_write,436,59800,,,,,,
data_sync,436,1916700,,,,,,
marker_write,436,54100,,,,,,
marker_sync,436,1759500,,,,,,
append,437,3579500,,,,,,
encode,437,5800,,,,,,
data_write,437,29600,,,,,,
data_sync,437,1742000,,,,,,
marker_write,437,61800,,,,,,
marker_sync,437,1737500,,,,,,
append,438,4028800,,,,,,
encode,438,4700,,,,,,
data_write,438,56900,,,,,,
data_sync,438,1569400,,,,,,
marker_write,438,57200,,,,,,
marker_sync,438,2337700,,,,,,
append,439,3963600,,,,,,
encode,439,5700,,,,,,
data_write,439,31400,,,,,,
data_sync,439,2021600,,,,,,
marker_write,439,60300,,,,,,
marker_sync,439,1840300,,,,,,
append,440,4485700,,,,,,
encode,440,5800,,,,,,
data_write,440,71400,,,,,,
data_sync,440,2098500,,,,,,
marker_write,440,70400,,,,,,
marker_sync,440,2236800,,,,,,
append,441,6853200,,,,,,
encode,441,5800,,,,,,
data_write,441,59900,,,,,,
data_sync,441,4764900,,,,,,
marker_write,441,28500,,,,,,
marker_sync,441,1991200,,,,,,
append,442,3827100,,,,,,
encode,442,6000,,,,,,
data_write,442,71600,,,,,,
data_sync,442,1740500,,,,,,
marker_write,442,53700,,,,,,
marker_sync,442,1951400,,,,,,
append,443,6305000,,,,,,
encode,443,5200,,,,,,
data_write,443,79300,,,,,,
data_sync,443,3118600,,,,,,
marker_write,443,29300,,,,,,
marker_sync,443,3070500,,,,,,
append,444,3571600,,,,,,
encode,444,5200,,,,,,
data_write,444,49600,,,,,,
data_sync,444,1908900,,,,,,
marker_write,444,43700,,,,,,
marker_sync,444,1560500,,,,,,
append,445,8187400,,,,,,
encode,445,6000,,,,,,
data_write,445,76800,,,,,,
data_sync,445,5969900,,,,,,
marker_write,445,65900,,,,,,
marker_sync,445,2065200,,,,,,
append,446,3429400,,,,,,
encode,446,6800,,,,,,
data_write,446,105600,,,,,,
data_sync,446,1710600,,,,,,
marker_write,446,51400,,,,,,
marker_sync,446,1552600,,,,,,
append,447,3866099,,,,,,
encode,447,4700,,,,,,
data_write,447,55199,,,,,,
data_sync,447,1984600,,,,,,
marker_write,447,42500,,,,,,
marker_sync,447,1776800,,,,,,
append,448,3498500,,,,,,
encode,448,5300,,,,,,
data_write,448,62800,,,,,,
data_sync,448,1712100,,,,,,
marker_write,448,49700,,,,,,
marker_sync,448,1666000,,,,,,
append,449,3879700,,,,,,
encode,449,3700,,,,,,
data_write,449,71300,,,,,,
data_sync,449,1807900,,,,,,
marker_write,449,47700,,,,,,
marker_sync,449,1945900,,,,,,
append,450,3629700,,,,,,
encode,450,5600,,,,,,
data_write,450,62100,,,,,,
data_sync,450,1837800,,,,,,
marker_write,450,51000,,,,,,
marker_sync,450,1670600,,,,,,
append,451,3688100,,,,,,
encode,451,4300,,,,,,
data_write,451,56600,,,,,,
data_sync,451,1891000,,,,,,
marker_write,451,61000,,,,,,
marker_sync,451,1672600,,,,,,
append,452,3966600,,,,,,
encode,452,5800,,,,,,
data_write,452,64100,,,,,,
data_sync,452,1849700,,,,,,
marker_write,452,66400,,,,,,
marker_sync,452,1977400,,,,,,
append,453,4397400,,,,,,
encode,453,7000,,,,,,
data_write,453,70700,,,,,,
data_sync,453,2033300,,,,,,
marker_write,453,69700,,,,,,
marker_sync,453,2212300,,,,,,
append,454,4285100,,,,,,
encode,454,8000,,,,,,
data_write,454,90700,,,,,,
data_sync,454,2130800,,,,,,
marker_write,454,61100,,,,,,
marker_sync,454,1989100,,,,,,
append,455,3876400,,,,,,
encode,455,6000,,,,,,
data_write,455,73500,,,,,,
data_sync,455,1942300,,,,,,
marker_write,455,51200,,,,,,
marker_sync,455,1799500,,,,,,
append,456,3863200,,,,,,
encode,456,6300,,,,,,
data_write,456,76800,,,,,,
data_sync,456,1776700,,,,,,
marker_write,456,57800,,,,,,
marker_sync,456,1942200,,,,,,
append,457,3977900,,,,,,
encode,457,6000,,,,,,
data_write,457,86400,,,,,,
data_sync,457,2006400,,,,,,
marker_write,457,72400,,,,,,
marker_sync,457,1803200,,,,,,
append,458,7674800,,,,,,
encode,458,5800,,,,,,
data_write,458,69200,,,,,,
data_sync,458,5597800,,,,,,
marker_write,458,76500,,,,,,
marker_sync,458,1922400,,,,,,
append,459,3302400,,,,,,
encode,459,6100,,,,,,
data_write,459,80500,,,,,,
data_sync,459,1594500,,,,,,
marker_write,459,51500,,,,,,
marker_sync,459,1567100,,,,,,
append,460,3232600,,,,,,
encode,460,4700,,,,,,
data_write,460,55500,,,,,,
data_sync,460,1504700,,,,,,
marker_write,460,46500,,,,,,
marker_sync,460,1618700,,,,,,
append,461,3481600,,,,,,
encode,461,4500,,,,,,
data_write,461,59000,,,,,,
data_sync,461,1676500,,,,,,
marker_write,461,46400,,,,,,
marker_sync,461,1692600,,,,,,
append,462,3203000,,,,,,
encode,462,5300,,,,,,
data_write,462,63500,,,,,,
data_sync,462,1586200,,,,,,
marker_write,462,54500,,,,,,
marker_sync,462,1489900,,,,,,
append,463,3446300,,,,,,
encode,463,5100,,,,,,
data_write,463,59000,,,,,,
data_sync,463,1750900,,,,,,
marker_write,463,57300,,,,,,
marker_sync,463,1571700,,,,,,
append,464,3290700,,,,,,
encode,464,5600,,,,,,
data_write,464,62100,,,,,,
data_sync,464,1565500,,,,,,
marker_write,464,64400,,,,,,
marker_sync,464,1589800,,,,,,
append,465,3393200,,,,,,
encode,465,5100,,,,,,
data_write,465,63600,,,,,,
data_sync,465,1508000,,,,,,
marker_write,465,55500,,,,,,
marker_sync,465,1758100,,,,,,
append,466,3673200,,,,,,
encode,466,6000,,,,,,
data_write,466,68600,,,,,,
data_sync,466,1617400,,,,,,
marker_write,466,52600,,,,,,
marker_sync,466,1925900,,,,,,
append,467,3745300,,,,,,
encode,467,7000,,,,,,
data_write,467,73300,,,,,,
data_sync,467,1802600,,,,,,
marker_write,467,70000,,,,,,
marker_sync,467,1789300,,,,,,
append,468,3383800,,,,,,
encode,468,6200,,,,,,
data_write,468,72600,,,,,,
data_sync,468,1694400,,,,,,
marker_write,468,50800,,,,,,
marker_sync,468,1556200,,,,,,
append,469,3116100,,,,,,
encode,469,6100,,,,,,
data_write,469,66200,,,,,,
data_sync,469,1507500,,,,,,
marker_write,469,45300,,,,,,
marker_sync,469,1488600,,,,,,
append,470,3204600,,,,,,
encode,470,4600,,,,,,
data_write,470,55300,,,,,,
data_sync,470,1606200,,,,,,
marker_write,470,61200,,,,,,
marker_sync,470,1474800,,,,,,
append,471,3558400,,,,,,
encode,471,4600,,,,,,
data_write,471,66200,,,,,,
data_sync,471,1776400,,,,,,
marker_write,471,59500,,,,,,
marker_sync,471,1648900,,,,,,
append,472,3495600,,,,,,
encode,472,5200,,,,,,
data_write,472,60600,,,,,,
data_sync,472,1815000,,,,,,
marker_write,472,81500,,,,,,
marker_sync,472,1531000,,,,,,
append,473,3401800,,,,,,
encode,473,4200,,,,,,
data_write,473,54000,,,,,,
data_sync,473,1774100,,,,,,
marker_write,473,51200,,,,,,
marker_sync,473,1515300,,,,,,
append,474,3429300,,,,,,
encode,474,5300,,,,,,
data_write,474,55000,,,,,,
data_sync,474,1618100,,,,,,
marker_write,474,47600,,,,,,
marker_sync,474,1700600,,,,,,
append,475,3643600,,,,,,
encode,475,6900,,,,,,
data_write,475,66800,,,,,,
data_sync,475,1706900,,,,,,
marker_write,475,55100,,,,,,
marker_sync,475,1804400,,,,,,
append,476,3494200,,,,,,
encode,476,6700,,,,,,
data_write,476,64000,,,,,,
data_sync,476,1611000,,,,,,
marker_write,476,56100,,,,,,
marker_sync,476,1753700,,,,,,
append,477,3319700,,,,,,
encode,477,6000,,,,,,
data_write,477,59300,,,,,,
data_sync,477,1626100,,,,,,
marker_write,477,52300,,,,,,
marker_sync,477,1573200,,,,,,
append,478,3484200,,,,,,
encode,478,6100,,,,,,
data_write,478,70700,,,,,,
data_sync,478,1775800,,,,,,
marker_write,478,47000,,,,,,
marker_sync,478,1582000,,,,,,
append,479,3334900,,,,,,
encode,479,5000,,,,,,
data_write,479,62700,,,,,,
data_sync,479,1627600,,,,,,
marker_write,479,54400,,,,,,
marker_sync,479,1582100,,,,,,
append,480,3593300,,,,,,
encode,480,4600,,,,,,
data_write,480,49800,,,,,,
data_sync,480,1692600,,,,,,
marker_write,480,61200,,,,,,
marker_sync,480,1781800,,,,,,
append,481,3455100,,,,,,
encode,481,5500,,,,,,
data_write,481,67300,,,,,,
data_sync,481,1548200,,,,,,
marker_write,481,50500,,,,,,
marker_sync,481,1780900,,,,,,
append,482,3376300,,,,,,
encode,482,5900,,,,,,
data_write,482,68200,,,,,,
data_sync,482,1680200,,,,,,
marker_write,482,51300,,,,,,
marker_sync,482,1567600,,,,,,
append,483,3368000,,,,,,
encode,483,5300,,,,,,
data_write,483,65600,,,,,,
data_sync,483,1683800,,,,,,
marker_write,483,61500,,,,,,
marker_sync,483,1548700,,,,,,
append,484,3656100,,,,,,
encode,484,6300,,,,,,
data_write,484,73900,,,,,,
data_sync,484,1719000,,,,,,
marker_write,484,53700,,,,,,
marker_sync,484,1800300,,,,,,
append,485,3713300,,,,,,
encode,485,6000,,,,,,
data_write,485,82600,,,,,,
data_sync,485,1759900,,,,,,
marker_write,485,54000,,,,,,
marker_sync,485,1808000,,,,,,
append,486,3394600,,,,,,
encode,486,6000,,,,,,
data_write,486,79100,,,,,,
data_sync,486,1659900,,,,,,
marker_write,486,49700,,,,,,
marker_sync,486,1596900,,,,,,
append,487,3486000,,,,,,
encode,487,5900,,,,,,
data_write,487,64100,,,,,,
data_sync,487,1800900,,,,,,
marker_write,487,57700,,,,,,
marker_sync,487,1554800,,,,,,
append,488,3112100,,,,,,
encode,488,4900,,,,,,
data_write,488,56500,,,,,,
data_sync,488,1521800,,,,,,
marker_write,488,42400,,,,,,
marker_sync,488,1483900,,,,,,
append,489,3738299,,,,,,
encode,489,6200,,,,,,
data_write,489,62800,,,,,,
data_sync,489,1972099,,,,,,
marker_write,489,64800,,,,,,
marker_sync,489,1629300,,,,,,
append,490,3178000,,,,,,
encode,490,5300,,,,,,
data_write,490,75800,,,,,,
data_sync,490,1572500,,,,,,
marker_write,490,55600,,,,,,
marker_sync,490,1465700,,,,,,
append,491,3138800,,,,,,
encode,491,5600,,,,,,
data_write,491,58800,,,,,,
data_sync,491,1432600,,,,,,
marker_write,491,50800,,,,,,
marker_sync,491,1588500,,,,,,
append,492,3237700,,,,,,
encode,492,4300,,,,,,
data_write,492,58200,,,,,,
data_sync,492,1555400,,,,,,
marker_write,492,53300,,,,,,
marker_sync,492,1563500,,,,,,
append,493,3312200,,,,,,
encode,493,5400,,,,,,
data_write,493,70400,,,,,,
data_sync,493,1484400,,,,,,
marker_write,493,44400,,,,,,
marker_sync,493,1703900,,,,,,
append,494,3803300,,,,,,
encode,494,4400,,,,,,
data_write,494,54000,,,,,,
data_sync,494,1859300,,,,,,
marker_write,494,55600,,,,,,
marker_sync,494,1826600,,,,,,
append,495,3703400,,,,,,
encode,495,4500,,,,,,
data_write,495,64100,,,,,,
data_sync,495,1867600,,,,,,
marker_write,495,66000,,,,,,
marker_sync,495,1698000,,,,,,
append,496,3283500,,,,,,
encode,496,6200,,,,,,
data_write,496,71500,,,,,,
data_sync,496,1586300,,,,,,
marker_write,496,56500,,,,,,
marker_sync,496,1559700,,,,,,
append,497,3391100,,,,,,
encode,497,5500,,,,,,
data_write,497,62200,,,,,,
data_sync,497,1729500,,,,,,
marker_write,497,48100,,,,,,
marker_sync,497,1543700,,,,,,
append,498,3439200,,,,,,
encode,498,5200,,,,,,
data_write,498,53400,,,,,,
data_sync,498,1660900,,,,,,
marker_write,498,46000,,,,,,
marker_sync,498,1670700,,,,,,
append,499,3502000,,,,,,
encode,499,5400,,,,,,
data_write,499,77000,,,,,,
data_sync,499,1762500,,,,,,
marker_write,499,57900,,,,,,
marker_sync,499,1596400,,,,,,
append,500,3068300,,,,,,
encode,500,5000,,,,,,
data_write,500,58600,,,,,,
data_sync,500,1475300,,,,,,
marker_write,500,53200,,,,,,
marker_sync,500,1474100,,,,,,
append,501,3050100,,,,,,
encode,501,4200,,,,,,
data_write,501,53600,,,,,,
data_sync,501,1469000,,,,,,
marker_write,501,49800,,,,,,
marker_sync,501,1471200,,,,,,
append,502,2985500,,,,,,
encode,502,5200,,,,,,
data_write,502,53300,,,,,,
data_sync,502,1446100,,,,,,
marker_write,502,45400,,,,,,
marker_sync,502,1433100,,,,,,
append,503,3120000,,,,,,
encode,503,4100,,,,,,
data_write,503,47500,,,,,,
data_sync,503,1507600,,,,,,
marker_write,503,39700,,,,,,
marker_sync,503,1519300,,,,,,
append,504,3135100,,,,,,
encode,504,4600,,,,,,
data_write,504,51800,,,,,,
data_sync,504,1511300,,,,,,
marker_write,504,36900,,,,,,
marker_sync,504,1528800,,,,,,
append,505,3695500,,,,,,
encode,505,4000,,,,,,
data_write,505,48900,,,,,,
data_sync,505,1689900,,,,,,
marker_write,505,58000,,,,,,
marker_sync,505,1891700,,,,,,
append,506,3323500,,,,,,
encode,506,5600,,,,,,
data_write,506,76500,,,,,,
data_sync,506,1669100,,,,,,
marker_write,506,48000,,,,,,
marker_sync,506,1521200,,,,,,
append,507,3348500,,,,,,
encode,507,5700,,,,,,
data_write,507,61900,,,,,,
data_sync,507,1546500,,,,,,
marker_write,507,60300,,,,,,
marker_sync,507,1671200,,,,,,
append,508,3805700,,,,,,
encode,508,5700,,,,,,
data_write,508,76400,,,,,,
data_sync,508,1976500,,,,,,
marker_write,508,73100,,,,,,
marker_sync,508,1670100,,,,,,
append,509,3297900,,,,,,
encode,509,6300,,,,,,
data_write,509,69700,,,,,,
data_sync,509,1663800,,,,,,
marker_write,509,58400,,,,,,
marker_sync,509,1497100,,,,,,
append,510,3158300,,,,,,
encode,510,4200,,,,,,
data_write,510,56300,,,,,,
data_sync,510,1548600,,,,,,
marker_write,510,45600,,,,,,
marker_sync,510,1501700,,,,,,
append,511,3110600,,,,,,
encode,511,4500,,,,,,
data_write,511,57600,,,,,,
data_sync,511,1499300,,,,,,
marker_write,511,47800,,,,,,
marker_sync,511,1497600,,,,,,
append,512,3495900,,,,,,
encode,512,4100,,,,,,
data_write,512,55200,,,,,,
data_sync,512,1489500,,,,,,
marker_write,512,65900,,,,,,
marker_sync,512,1878000,,,,,,
append,513,4227800,,,,,,
encode,513,4800,,,,,,
data_write,513,84900,,,,,,
data_sync,513,2033600,,,,,,
marker_write,513,72500,,,,,,
marker_sync,513,2026100,,,,,,
append,514,4352300,,,,,,
encode,514,6300,,,,,,
data_write,514,129200,,,,,,
data_sync,514,2124300,,,,,,
marker_write,514,72000,,,,,,
marker_sync,514,2017200,,,,,,
append,515,4470000,,,,,,
encode,515,6400,,,,,,
data_write,515,90300,,,,,,
data_sync,515,2112500,,,,,,
marker_write,515,72000,,,,,,
marker_sync,515,2186100,,,,,,
append,516,3960200,,,,,,
encode,516,6100,,,,,,
data_write,516,76900,,,,,,
data_sync,516,2068800,,,,,,
marker_write,516,65100,,,,,,
marker_sync,516,1740400,,,,,,
append,517,3878900,,,,,,
encode,517,5600,,,,,,
data_write,517,73900,,,,,,
data_sync,517,1927600,,,,,,
marker_write,517,67900,,,,,,
marker_sync,517,1800900,,,,,,
append,518,3239900,,,,,,
encode,518,5600,,,,,,
data_write,518,85100,,,,,,
data_sync,518,1541000,,,,,,
marker_write,518,46800,,,,,,
marker_sync,518,1558900,,,,,,
append,519,3364300,,,,,,
encode,519,5900,,,,,,
data_write,519,80300,,,,,,
data_sync,519,1585200,,,,,,
marker_write,519,60100,,,,,,
marker_sync,519,1630000,,,,,,
append,520,3380000,,,,,,
encode,520,5300,,,,,,
data_write,520,66900,,,,,,
data_sync,520,1511200,,,,,,
marker_write,520,57600,,,,,,
marker_sync,520,1735500,,,,,,
append,521,4010000,,,,,,
encode,521,6300,,,,,,
data_write,521,85300,,,,,,
data_sync,521,1816800,,,,,,
marker_write,521,69400,,,,,,
marker_sync,521,2028800,,,,,,
append,522,3368000,,,,,,
encode,522,5900,,,,,,
data_write,522,77000,,,,,,
data_sync,522,1655800,,,,,,
marker_write,522,47900,,,,,,
marker_sync,522,1579200,,,,,,
append,523,3461200,,,,,,
encode,523,4600,,,,,,
data_write,523,56300,,,,,,
data_sync,523,1627000,,,,,,
marker_write,523,60500,,,,,,
marker_sync,523,1710200,,,,,,
append,524,4050500,,,,,,
encode,524,4500,,,,,,
data_write,524,56500,,,,,,
data_sync,524,1807100,,,,,,
marker_write,524,73200,,,,,,
marker_sync,524,2106100,,,,,,
append,525,3693200,,,,,,
encode,525,5500,,,,,,
data_write,525,56200,,,,,,
data_sync,525,1888200,,,,,,
marker_write,525,61900,,,,,,
marker_sync,525,1678500,,,,,,
append,526,4051900,,,,,,
encode,526,6500,,,,,,
data_write,526,90200,,,,,,
data_sync,526,2067600,,,,,,
marker_write,526,66500,,,,,,
marker_sync,526,1816400,,,,,,
append,527,3284900,,,,,,
encode,527,5800,,,,,,
data_write,527,47400,,,,,,
data_sync,527,1602200,,,,,,
marker_write,527,31000,,,,,,
marker_sync,527,1595100,,,,,,
append,528,3632200,,,,,,
encode,528,5900,,,,,,
data_write,528,40800,,,,,,
data_sync,528,1559400,,,,,,
marker_write,528,23600,,,,,,
marker_sync,528,1999600,,,,,,
append,529,5334300,,,,,,
encode,529,6400,,,,,,
data_write,529,33200,,,,,,
data_sync,529,3555300,,,,,,
marker_write,529,25200,,,,,,
marker_sync,529,1711700,,,,,,
append,530,3549000,,,,,,
encode,530,5500,,,,,,
data_write,530,33400,,,,,,
data_sync,530,1643100,,,,,,
marker_write,530,28000,,,,,,
marker_sync,530,1836300,,,,,,
append,531,3695400,,,,,,
encode,531,6300,,,,,,
data_write,531,30600,,,,,,
data_sync,531,1633900,,,,,,
marker_write,531,33500,,,,,,
marker_sync,531,1987600,,,,,,
append,532,3999699,,,,,,
encode,532,6900,,,,,,
data_write,532,70200,,,,,,
data_sync,532,1926099,,,,,,
marker_write,532,67800,,,,,,
marker_sync,532,1925900,,,,,,
append,533,3830800,,,,,,
encode,533,7000,,,,,,
data_write,533,79500,,,,,,
data_sync,533,1867200,,,,,,
marker_write,533,61500,,,,,,
marker_sync,533,1812400,,,,,,
append,534,3766800,,,,,,
encode,534,6000,,,,,,
data_write,534,64400,,,,,,
data_sync,534,1834700,,,,,,
marker_write,534,65700,,,,,,
marker_sync,534,1791600,,,,,,
append,535,4429100,,,,,,
encode,535,6700,,,,,,
data_write,535,38900,,,,,,
data_sync,535,2560800,,,,,,
marker_write,535,31700,,,,,,
marker_sync,535,1788700,,,,,,
append,536,3691200,,,,,,
encode,536,6400,,,,,,
data_write,536,41100,,,,,,
data_sync,536,1863100,,,,,,
marker_write,536,29500,,,,,,
marker_sync,536,1748600,,,,,,
append,537,4234600,,,,,,
encode,537,4500,,,,,,
data_write,537,62700,,,,,,
data_sync,537,2042300,,,,,,
marker_write,537,37400,,,,,,
marker_sync,537,2083900,,,,,,
append,538,3837900,,,,,,
encode,538,6900,,,,,,
data_write,538,169700,,,,,,
data_sync,538,1864700,,,,,,
marker_write,538,103400,,,,,,
marker_sync,538,1689600,,,,,,
append,539,11911100,,,,,,
encode,539,5700,,,,,,
data_write,539,28300,,,,,,
data_sync,539,9907100,,,,,,
marker_write,539,40200,,,,,,
marker_sync,539,1926200,,,,,,
append,540,6085600,,,,,,
encode,540,6600,,,,,,
data_write,540,40700,,,,,,
data_sync,540,1671000,,,,,,
marker_write,540,35400,,,,,,
marker_sync,540,4327900,,,,,,
append,541,7972600,,,,,,
encode,541,6100,,,,,,
data_write,541,188900,,,,,,
data_sync,541,3796200,,,,,,
marker_write,541,149100,,,,,,
marker_sync,541,3828800,,,,,,
append,542,11994700,,,,,,
encode,542,6400,,,,,,
data_write,542,186800,,,,,,
data_sync,542,7768600,,,,,,
marker_write,542,29100,,,,,,
marker_sync,542,4000600,,,,,,
append,543,5214200,,,,,,
encode,543,7300,,,,,,
data_write,543,47000,,,,,,
data_sync,543,1860800,,,,,,
marker_write,543,117300,,,,,,
marker_sync,543,3179000,,,,,,
append,544,10789200,,,,,,
encode,544,5600,,,,,,
data_write,544,229800,,,,,,
data_sync,544,6550300,,,,,,
marker_write,544,137800,,,,,,
marker_sync,544,3859500,,,,,,
append,545,12014900,,,,,,
encode,545,6300,,,,,,
data_write,545,181800,,,,,,
data_sync,545,7779000,,,,,,
marker_write,545,47000,,,,,,
marker_sync,545,3996300,,,,,,
append,546,11976900,,,,,,
encode,546,6200,,,,,,
data_write,546,45400,,,,,,
data_sync,546,3922500,,,,,,
marker_write,546,3983100,,,,,,
marker_sync,546,4016600,,,,,,
append,547,8000200,,,,,,
encode,547,6400,,,,,,
data_write,547,46000,,,,,,
data_sync,547,4139700,,,,,,
marker_write,547,45300,,,,,,
marker_sync,547,3759100,,,,,,
append,548,8001100,,,,,,
encode,548,7000,,,,,,
data_write,548,47100,,,,,,
data_sync,548,4355800,,,,,,
marker_write,548,41600,,,,,,
marker_sync,548,3546300,,,,,,
append,549,11999200,,,,,,
encode,549,8600,,,,,,
data_write,549,49500,,,,,,
data_sync,549,7943100,,,,,,
marker_write,549,43800,,,,,,
marker_sync,549,3951000,,,,,,
append,550,11974500,,,,,,
encode,550,6200,,,,,,
data_write,550,47500,,,,,,
data_sync,550,3127200,,,,,,
marker_write,550,36200,,,,,,
marker_sync,550,8753600,,,,,,
append,551,8029000,,,,,,
encode,551,6500,,,,,,
data_write,551,53600,,,,,,
data_sync,551,3140500,,,,,,
marker_write,551,147000,,,,,,
marker_sync,551,4676000,,,,,,
append,552,7990199,,,,,,
encode,552,9200,,,,,,
data_write,552,259200,,,,,,
data_sync,552,3709899,,,,,,
marker_write,552,132800,,,,,,
marker_sync,552,3875400,,,,,,
append,553,11555200,,,,,,
encode,553,5900,,,,,,
data_write,553,3994000,,,,,,
data_sync,553,3993300,,,,,,
marker_write,553,39100,,,,,,
marker_sync,553,3519100,,,,,,
append,554,8476100,,,,,,
encode,554,6500,,,,,,
data_write,554,57000,,,,,,
data_sync,554,4379600,,,,,,
marker_write,554,35800,,,,,,
marker_sync,554,3993000,,,,,,
append,555,11426200,,,,,,
encode,555,6300,,,,,,
data_write,555,178200,,,,,,
data_sync,555,3780400,,,,,,
marker_write,555,167800,,,,,,
marker_sync,555,7289400,,,,,,
append,556,8031200,,,,,,
encode,556,5900,,,,,,
data_write,556,57100,,,,,,
data_sync,556,6241500,,,,,,
marker_write,556,44300,,,,,,
marker_sync,556,1678800,,,,,,
append,557,10194900,,,,,,
encode,557,5800,,,,,,
data_write,557,43400,,,,,,
data_sync,557,4449900,,,,,,
marker_write,557,38500,,,,,,
marker_sync,557,5654200,,,,,,
append,558,6302900,,,,,,
encode,558,6300,,,,,,
data_write,558,52000,,,,,,
data_sync,558,1749600,,,,,,
marker_write,558,45500,,,,,,
marker_sync,558,4445900,,,,,,
append,559,3544800,,,,,,
encode,559,5600,,,,,,
data_write,559,48200,,,,,,
data_sync,559,1824900,,,,,,
marker_write,559,38500,,,,,,
marker_sync,559,1623900,,,,,,
append,560,8484200,,,,,,
encode,560,5700,,,,,,
data_write,560,43200,,,,,,
data_sync,560,4401600,,,,,,
marker_write,560,44900,,,,,,
marker_sync,560,3985000,,,,,,
append,561,7970800,,,,,,
encode,561,6900,,,,,,
data_write,561,54900,,,,,,
data_sync,561,3943800,,,,,,
marker_write,561,45500,,,,,,
marker_sync,561,3916600,,,,,,
append,562,6679900,,,,,,
encode,562,6300,,,,,,
data_write,562,48000,,,,,,
data_sync,562,3519000,,,,,,
marker_write,562,46700,,,,,,
marker_sync,562,3056500,,,,,,
append,563,7593800,,,,,,
encode,563,7400,,,,,,
data_write,563,48500,,,,,,
data_sync,563,5513200,,,,,,
marker_write,563,40300,,,,,,
marker_sync,563,1981300,,,,,,
append,564,5826200,,,,,,
encode,564,5400,,,,,,
data_write,564,48200,,,,,,
data_sync,564,1701200,,,,,,
marker_write,564,37200,,,,,,
marker_sync,564,4030800,,,,,,
append,565,7917700,,,,,,
encode,565,6100,,,,,,
data_write,565,45800,,,,,,
data_sync,565,3830800,,,,,,
marker_write,565,37800,,,,,,
marker_sync,565,3989400,,,,,,
append,566,11947700,,,,,,
encode,566,6400,,,,,,
data_write,566,58500,,,,,,
data_sync,566,3902000,,,,,,
marker_write,566,42000,,,,,,
marker_sync,566,7935300,,,,,,
append,567,8029700,,,,,,
encode,567,7000,,,,,,
data_write,567,65700,,,,,,
data_sync,567,3946200,,,,,,
marker_write,567,45800,,,,,,
marker_sync,567,3960700,,,,,,
append,568,7994600,,,,,,
encode,568,6400,,,,,,
data_write,568,49200,,,,,,
data_sync,568,3921500,,,,,,
marker_write,568,44100,,,,,,
marker_sync,568,3969900,,,,,,
append,569,11982900,,,,,,
encode,569,6100,,,,,,
data_write,569,63600,,,,,,
data_sync,569,3921500,,,,,,
marker_write,569,35200,,,,,,
marker_sync,569,7952800,,,,,,
append,570,8008799,,,,,,
encode,570,6400,,,,,,
data_write,570,61500,,,,,,
data_sync,570,3947600,,,,,,
marker_write,570,44400,,,,,,
marker_sync,570,3945499,,,,,,
append,571,8022200,,,,,,
encode,571,6200,,,,,,
data_write,571,56800,,,,,,
data_sync,571,3936500,,,,,,
marker_write,571,47000,,,,,,
marker_sync,571,3972000,,,,,,
append,572,11953700,,,,,,
encode,572,6600,,,,,,
data_write,572,57800,,,,,,
data_sync,572,3905200,,,,,,
marker_write,572,45500,,,,,,
marker_sync,572,7935000,,,,,,
append,573,7348200,,,,,,
encode,573,6500,,,,,,
data_write,573,64100,,,,,,
data_sync,573,3951200,,,,,,
marker_write,573,47100,,,,,,
marker_sync,573,3276100,,,,,,
append,574,8670200,,,,,,
encode,574,7400,,,,,,
data_write,574,60600,,,,,,
data_sync,574,4596900,,,,,,
marker_write,574,45800,,,,,,
marker_sync,574,3956400,,,,,,
append,575,19995900,,,,,,
encode,575,7000,,,,,,
data_write,575,58400,,,,,,
data_sync,575,3936600,,,,,,
marker_write,575,49200,,,,,,
marker_sync,575,15940000,,,,,,
append,576,12002900,,,,,,
encode,576,9500,,,,,,
data_write,576,122400,,,,,,
data_sync,576,7562000,,,,,,
marker_write,576,46900,,,,,,
marker_sync,576,4258400,,,,,,
append,577,11963400,,,,,,
encode,577,4700,,,,,,
data_write,577,54000,,,,,,
data_sync,577,7901600,,,,,,
marker_write,577,45300,,,,,,
marker_sync,577,3954500,,,,,,
append,578,8037700,,,,,,
encode,578,11100,,,,,,
data_write,578,55200,,,,,,
data_sync,578,3921600,,,,,,
marker_write,578,45300,,,,,,
marker_sync,578,4000900,,,,,,
append,579,7951200,,,,,,
encode,579,5800,,,,,,
data_write,579,47700,,,,,,
data_sync,579,3928100,,,,,,
marker_write,579,45300,,,,,,
marker_sync,579,3920600,,,,,,
append,580,16009300,,,,,,
encode,580,32500,,,,,,
data_write,580,47500,,,,,,
data_sync,580,7916700,,,,,,
marker_write,580,66800,,,,,,
marker_sync,580,7942300,,,,,,
append,581,7994300,,,,,,
encode,581,6600,,,,,,
data_write,581,61400,,,,,,
data_sync,581,3937400,,,,,,
marker_write,581,42200,,,,,,
marker_sync,581,3943300,,,,,,
append,582,12478900,,,,,,
encode,582,6400,,,,,,
data_write,582,64600,,,,,,
data_sync,582,4236400,,,,,,
marker_write,582,52100,,,,,,
marker_sync,582,8115900,,,,,,
append,583,11515200,,,,,,
encode,583,5900,,,,,,
data_write,583,63200,,,,,,
data_sync,583,9666800,,,,,,
marker_write,583,46600,,,,,,
marker_sync,583,1729400,,,,,,
append,584,8000999,,,,,,
encode,584,6500,,,,,,
data_write,584,38500,,,,,,
data_sync,584,4293600,,,,,,
marker_write,584,41500,,,,,,
marker_sync,584,3617699,,,,,,
append,585,10985500,,,,,,
encode,585,6400,,,,,,
data_write,585,51600,,,,,,
data_sync,585,3938300,,,,,,
marker_write,585,34900,,,,,,
marker_sync,585,6950900,,,,,,
append,586,5268100,,,,,,
encode,586,7400,,,,,,
data_write,586,104800,,,,,,
data_sync,586,3286000,,,,,,
marker_write,586,31500,,,,,,
marker_sync,586,1835400,,,,,,
append,587,4813200,,,,,,
encode,587,5800,,,,,,
data_write,587,43000,,,,,,
data_sync,587,1770000,,,,,,
marker_write,587,27200,,,,,,
marker_sync,587,2963700,,,,,,
append,588,14920600,,,,,,
encode,588,6600,,,,,,
data_write,588,28300,,,,,,
data_sync,588,10070000,,,,,,
marker_write,588,55400,,,,,,
marker_sync,588,4756500,,,,,,
append,589,8003000,,,,,,
encode,589,6700,,,,,,
data_write,589,43800,,,,,,
data_sync,589,3951300,,,,,,
marker_write,589,34100,,,,,,
marker_sync,589,3960600,,,,,,
append,590,7395300,,,,,,
encode,590,9200,,,,,,
data_write,590,42600,,,,,,
data_sync,590,3936200,,,,,,
marker_write,590,35400,,,,,,
marker_sync,590,3367100,,,,,,
append,591,8626300,,,,,,
encode,591,116200,,,,,,
data_write,591,37400,,,,,,
data_sync,591,4439900,,,,,,
marker_write,591,37500,,,,,,
marker_sync,591,3991700,,,,,,
append,592,6000100,,,,,,
encode,592,7400,,,,,,
data_write,592,41900,,,,,,
data_sync,592,3920000,,,,,,
marker_write,592,46800,,,,,,
marker_sync,592,1980500,,,,,,
append,593,5559000,,,,,,
encode,593,6400,,,,,,
data_write,593,76900,,,,,,
data_sync,593,2163100,,,,,,
marker_write,593,57500,,,,,,
marker_sync,593,3252100,,,,,,
append,594,8312700,,,,,,
encode,594,6700,,,,,,
data_write,594,47500,,,,,,
data_sync,594,4558500,,,,,,
marker_write,594,48500,,,,,,
marker_sync,594,3647700,,,,,,
append,595,3457700,,,,,,
encode,595,6100,,,,,,
data_write,595,69000,,,,,,
data_sync,595,1712900,,,,,,
marker_write,595,34200,,,,,,
marker_sync,595,1632600,,,,,,
append,596,19390400,,,,,,
encode,596,6200,,,,,,
data_write,596,40500,,,,,,
data_sync,596,4595100,,,,,,
marker_write,596,54700,,,,,,
marker_sync,596,14691100,,,,,,
append,597,14483800,,,,,,
encode,597,6400,,,,,,
data_write,597,51400,,,,,,
data_sync,597,9173700,,,,,,
marker_write,597,70200,,,,,,
marker_sync,597,5178200,,,,,,
append,598,6778600,,,,,,
encode,598,6600,,,,,,
data_write,598,72400,,,,,,
data_sync,598,4700400,,,,,,
marker_write,598,50100,,,,,,
marker_sync,598,1945200,,,,,,
append,599,6921000,,,,,,
encode,599,6500,,,,,,
data_write,599,46600,,,,,,
data_sync,599,3926200,,,,,,
marker_write,599,41300,,,,,,
marker_sync,599,2897100,,,,,,
append,600,7864000,,,,,,
encode,600,5800,,,,,,
data_write,600,38900,,,,,,
data_sync,600,5020100,,,,,,
marker_write,600,175700,,,,,,
marker_sync,600,2619300,,,,,,
append,601,9200100,,,,,,
encode,601,6800,,,,,,
data_write,601,225400,,,,,,
data_sync,601,4958000,,,,,,
marker_write,601,127500,,,,,,
marker_sync,601,3878700,,,,,,
append,602,12613899,,,,,,
encode,602,8600,,,,,,
data_write,602,242500,,,,,,
data_sync,602,8464699,,,,,,
marker_write,602,42900,,,,,,
marker_sync,602,3851100,,,,,,
append,603,7408500,,,,,,
encode,603,6600,,,,,,
data_write,603,46300,,,,,,
data_sync,603,3334200,,,,,,
marker_write,603,142800,,,,,,
marker_sync,603,3874300,,,,,,
append,604,11996800,,,,,,
encode,604,6200,,,,,,
data_write,604,235200,,,,,,
data_sync,604,7949900,,,,,,
marker_write,604,148700,,,,,,
marker_sync,604,3653000,,,,,,
append,605,11966500,,,,,,
encode,605,6500,,,,,,
data_write,605,172100,,,,,,
data_sync,605,7805500,,,,,,
marker_write,605,44500,,,,,,
marker_sync,605,3934500,,,,,,
append,606,8010800,,,,,,
encode,606,6600,,,,,,
data_write,606,187200,,,,,,
data_sync,606,2964200,,,,,,
marker_write,606,148200,,,,,,
marker_sync,606,4700800,,,,,,
append,607,7986100,,,,,,
encode,607,7400,,,,,,
data_write,607,212100,,,,,,
data_sync,607,3897100,,,,,,
marker_write,607,134200,,,,,,
marker_sync,607,3731800,,,,,,
append,608,19992500,,,,,,
encode,608,5900,,,,,,
data_write,608,235900,,,,,,
data_sync,608,8968800,,,,,,
marker_write,608,35900,,,,,,
marker_sync,608,10742500,,,,,,
append,609,7242400,,,,,,
encode,609,7000,,,,,,
data_write,609,75000,,,,,,
data_sync,609,5401200,,,,,,
marker_write,609,46800,,,,,,
marker_sync,609,1709300,,,,,,
append,610,8765800,,,,,,
encode,610,6100,,,,,,
data_write,610,48500,,,,,,
data_sync,610,4704700,,,,,,
marker_write,610,43800,,,,,,
marker_sync,610,3959400,,,,,,
append,611,15995500,,,,,,
encode,611,7700,,,,,,
data_write,611,57300,,,,,,
data_sync,611,12128900,,,,,,
marker_write,611,50200,,,,,,
marker_sync,611,3747900,,,,,,
append,612,12001800,,,,,,
encode,612,6200,,,,,,
data_write,612,54300,,,,,,
data_sync,612,3933200,,,,,,
marker_write,612,71700,,,,,,
marker_sync,612,7932700,,,,,,
append,613,12002700,,,,,,
encode,613,7500,,,,,,
data_write,613,62500,,,,,,
data_sync,613,3921400,,,,,,
marker_write,613,71700,,,,,,
marker_sync,613,7936200,,,,,,
append,614,9920800,,,,,,
encode,614,6000,,,,,,
data_write,614,58600,,,,,,
data_sync,614,6721100,,,,,,
marker_write,614,47000,,,,,,
marker_sync,614,3084800,,,,,,
append,615,16432799,,,,,,
encode,615,6800,,,,,,
data_write,615,55800,,,,,,
data_sync,615,14324900,,,,,,
marker_write,615,67500,,,,,,
marker_sync,615,1973299,,,,,,
append,616,12742000,,,,,,
encode,616,6900,,,,,,
data_write,616,50100,,,,,,
data_sync,616,5580300,,,,,,
marker_write,616,48700,,,,,,
marker_sync,616,7051400,,,,,,
append,617,8917400,,,,,,
encode,617,7100,,,,,,
data_write,617,88800,,,,,,
data_sync,617,4869200,,,,,,
marker_write,617,41100,,,,,,
marker_sync,617,3907400,,,,,,
append,618,7646600,,,,,,
encode,618,6600,,,,,,
data_write,618,48700,,,,,,
data_sync,618,4020100,,,,,,
marker_write,618,62300,,,,,,
marker_sync,618,3504900,,,,,,
append,619,8319100,,,,,,
encode,619,8900,,,,,,
data_write,619,96600,,,,,,
data_sync,619,5721300,,,,,,
marker_write,619,40200,,,,,,
marker_sync,619,2448000,,,,,,
append,620,12005400,,,,,,
encode,620,7400,,,,,,
data_write,620,45700,,,,,,
data_sync,620,3979700,,,,,,
marker_write,620,42300,,,,,,
marker_sync,620,7926400,,,,,,
append,621,7992700,,,,,,
encode,621,6600,,,,,,
data_write,621,52100,,,,,,
data_sync,621,3933200,,,,,,
marker_write,621,40200,,,,,,
marker_sync,621,3956900,,,,,,
append,622,12003600,,,,,,
encode,622,7700,,,,,,
data_write,622,42300,,,,,,
data_sync,622,3968300,,,,,,
marker_write,622,41700,,,,,,
marker_sync,622,7939800,,,,,,
append,623,8001600,,,,,,
encode,623,7400,,,,,,
data_write,623,46100,,,,,,
data_sync,623,3940700,,,,,,
marker_write,623,39200,,,,,,
marker_sync,623,3964100,,,,,,
append,624,7993300,,,,,,
encode,624,8200,,,,,,
data_write,624,46800,,,,,,
data_sync,624,3933100,,,,,,
marker_write,624,39200,,,,,,
marker_sync,624,3962200,,,,,,
append,625,8426100,,,,,,
encode,625,6600,,,,,,
data_write,625,219300,,,,,,
data_sync,625,3774800,,,,,,
marker_write,625,163900,,,,,,
marker_sync,625,4257500,,,,,,
append,626,7570300,,,,,,
encode,626,6800,,,,,,
data_write,626,337000,,,,,,
data_sync,626,3222500,,,,,,
marker_write,626,159200,,,,,,
marker_sync,626,3841200,,,,,,
append,627,12005300,,,,,,
encode,627,6200,,,,,,
data_write,627,263100,,,,,,
data_sync,627,3727400,,,,,,
marker_write,627,154400,,,,,,
marker_sync,627,7850100,,,,,,
append,628,8022500,,,,,,
encode,628,7500,,,,,,
data_write,628,52600,,,,,,
data_sync,628,3935300,,,,,,
marker_write,628,44600,,,,,,
marker_sync,628,3979100,,,,,,
append,629,7971000,,,,,,
encode,629,7500,,,,,,
data_write,629,222700,,,,,,
data_sync,629,3738100,,,,,,
marker_write,629,161900,,,,,,
marker_sync,629,3837600,,,,,,
append,630,12088700,,,,,,
encode,630,6200,,,,,,
data_write,630,274000,,,,,,
data_sync,630,3734000,,,,,,
marker_write,630,164300,,,,,,
marker_sync,630,7906100,,,,,,
append,631,7893000,,,,,,
encode,631,8500,,,,,,
data_write,631,49800,,,,,,
data_sync,631,3845100,,,,,,
marker_write,631,152400,,,,,,
marker_sync,631,3833600,,,,,,
append,632,8015399,,,,,,
encode,632,6600,,,,,,
data_write,632,44800,,,,,,
data_sync,632,3956399,,,,,,
marker_write,632,42900,,,,,,
marker_sync,632,3959900,,,,,,
append,633,8016800,,,,,,
encode,633,8200,,,,,,
data_write,633,50900,,,,,,
data_sync,633,3936000,,,,,,
marker_write,633,164300,,,,,,
marker_sync,633,3853900,,,,,,
append,634,11978800,,,,,,
encode,634,6300,,,,,,
data_write,634,226100,,,,,,
data_sync,634,7741100,,,,,,
marker_write,634,40200,,,,,,
marker_sync,634,3961100,,,,,,
append,635,11975400,,,,,,
encode,635,7200,,,,,,
data_write,635,49400,,,,,,
data_sync,635,3936000,,,,,,
marker_write,635,39300,,,,,,
marker_sync,635,7940200,,,,,,
append,636,8027200,,,,,,
encode,636,7600,,,,,,
data_write,636,56100,,,,,,
data_sync,636,3251900,,,,,,
marker_write,636,42500,,,,,,
marker_sync,636,4664700,,,,,,
append,637,12025600,,,,,,
encode,637,8500,,,,,,
data_write,637,229300,,,,,,
data_sync,637,7984000,,,,,,
marker_write,637,42000,,,,,,
marker_sync,637,3758300,,,,,,
append,638,11960500,,,,,,
encode,638,7800,,,,,,
data_write,638,164000,,,,,,
data_sync,638,3787300,,,,,,
marker_write,638,70900,,,,,,
marker_sync,638,7926600,,,,,,
append,639,12029800,,,,,,
encode,639,7200,,,,,,
data_write,639,47200,,,,,,
data_sync,639,3945500,,,,,,
marker_write,639,161100,,,,,,
marker_sync,639,7865000,,,,,,
append,640,15973100,,,,,,
encode,640,6400,,,,,,
data_write,640,48200,,,,,,
data_sync,640,11914200,,,,,,
marker_write,640,53200,,,,,,
marker_sync,640,3946400,,,,,,
append,641,8214500,,,,,,
encode,641,4200,,,,,,
data_write,641,51400,,,,,,
data_sync,641,3978800,,,,,,
marker_write,641,206400,,,,,,
marker_sync,641,3970700,,,,,,
append,642,11752300,,,,,,
encode,642,6100,,,,,,
data_write,642,231900,,,,,,
data_sync,642,3505600,,,,,,
marker_write,642,178300,,,,,,
marker_sync,642,7826100,,,,,,
append,643,7999400,,,,,,
encode,643,6600,,,,,,
data_write,643,214000,,,,,,
data_sync,643,1824000,,,,,,
marker_write,643,142300,,,,,,
marker_sync,643,5808800,,,,,,
append,644,11963900,,,,,,
encode,644,7500,,,,,,
data_write,644,220800,,,,,,
data_sync,644,5659500,,,,,,
marker_write,644,160000,,,,,,
marker_sync,644,5911900,,,,,,
append,645,14721700,,,,,,
encode,645,7600,,,,,,
data_write,645,90500,,,,,,
data_sync,645,7902100,,,,,,
marker_write,645,53900,,,,,,
marker_sync,645,6663800,,,,,,
append,646,21280699,,,,,,
encode,646,7000,,,,,,
data_write,646,57600,,,,,,
data_sync,646,9206899,,,,,,
marker_write,646,52900,,,,,,
marker_sync,646,11951800,,,,,,
append,647,10281200,,,,,,
encode,647,6900,,,,,,
data_write,647,63700,,,,,,
data_sync,647,7950400,,,,,,
marker_write,647,41800,,,,,,
marker_sync,647,2215400,,,,,,
append,648,14248500,,,,,,
encode,648,6100,,,,,,
data_write,648,35200,,,,,,
data_sync,648,9670300,,,,,,
marker_write,648,43600,,,,,,
marker_sync,648,4489400,,,,,,
append,649,12068800,,,,,,
encode,649,6400,,,,,,
data_write,649,52800,,,,,,
data_sync,649,3423600,,,,,,
marker_write,649,34500,,,,,,
marker_sync,649,8548200,,,,,,
append,650,7418000,,,,,,
encode,650,6200,,,,,,
data_write,650,57800,,,,,,
data_sync,650,3350900,,,,,,
marker_write,650,39900,,,,,,
marker_sync,650,3959600,,,,,,
append,651,12003100,,,,,,
encode,651,6800,,,,,,
data_write,651,46000,,,,,,
data_sync,651,3939700,,,,,,
marker_write,651,41500,,,,,,
marker_sync,651,7965300,,,,,,
append,652,7994900,,,,,,
encode,652,7100,,,,,,
data_write,652,46700,,,,,,
data_sync,652,3948600,,,,,,
marker_write,652,37100,,,,,,
marker_sync,652,3951100,,,,,,
append,653,4004800,,,,,,
encode,653,6900,,,,,,
data_write,653,46800,,,,,,
data_sync,653,1978400,,,,,,
marker_write,653,29400,,,,,,
marker_sync,653,1940100,,,,,,
append,654,13871800,,,,,,
encode,654,7400,,,,,,
data_write,654,46100,,,,,,
data_sync,654,11902900,,,,,,
marker_write,654,40800,,,,,,
marker_sync,654,1871700,,,,,,
append,655,5272300,,,,,,
encode,655,5400,,,,,,
data_write,655,32200,,,,,,
data_sync,655,2266700,,,,,,
marker_write,655,36400,,,,,,
marker_sync,655,2927600,,,,,,
append,656,7045500,,,,,,
encode,656,6500,,,,,,
data_write,656,45000,,,,,,
data_sync,656,4786500,,,,,,
marker_write,656,48800,,,,,,
marker_sync,656,2155400,,,,,,
append,657,7760800,,,,,,
encode,657,6400,,,,,,
data_write,657,51400,,,,,,
data_sync,657,5710000,,,,,,
marker_write,657,35200,,,,,,
marker_sync,657,1954000,,,,,,
append,658,6032900,,,,,,
encode,658,7600,,,,,,
data_write,658,49400,,,,,,
data_sync,658,1685500,,,,,,
marker_write,658,38300,,,,,,
marker_sync,658,4248300,,,,,,
append,659,3476400,,,,,,
encode,659,7400,,,,,,
data_write,659,48800,,,,,,
data_sync,659,1803300,,,,,,
marker_write,659,33900,,,,,,
marker_sync,659,1580300,,,,,,
append,660,6498200,,,,,,
encode,660,5600,,,,,,
data_write,660,39700,,,,,,
data_sync,660,4482000,,,,,,
marker_write,660,75000,,,,,,
marker_sync,660,1891400,,,,,,
append,661,6115700,,,,,,
encode,661,35100,,,,,,
data_write,661,58500,,,,,,
data_sync,661,1656600,,,,,,
marker_write,661,41400,,,,,,
marker_sync,661,4320500,,,,,,
append,662,21666799,,,,,,
encode,662,7200,,,,,,
data_write,662,52700,,,,,,
data_sync,662,15822299,,,,,,
marker_write,662,54300,,,,,,
marker_sync,662,5726400,,,,,,
append,663,13323500,,,,,,
encode,663,7800,,,,,,
data_write,663,95100,,,,,,
data_sync,663,5717200,,,,,,
marker_write,663,41700,,,,,,
marker_sync,663,7458500,,,,,,
append,664,8907800,,,,,,
encode,664,6800,,,,,,
data_write,664,37600,,,,,,
data_sync,664,4872800,,,,,,
marker_write,664,44200,,,,,,
marker_sync,664,3943100,,,,,,
append,665,3553500,,,,,,
encode,665,5800,,,,,,
data_write,665,54800,,,,,,
data_sync,665,1813100,,,,,,
marker_write,665,28200,,,,,,
marker_sync,665,1648100,,,,,,
append,666,8495800,,,,,,
encode,666,7700,,,,,,
data_write,666,34800,,,,,,
data_sync,666,4417100,,,,,,
marker_write,666,35500,,,,,,
marker_sync,666,3997100,,,,,,
append,667,7950900,,,,,,
encode,667,6600,,,,,,
data_write,667,50400,,,,,,
data_sync,667,3890100,,,,,,
marker_write,667,60400,,,,,,
marker_sync,667,3939800,,,,,,
append,668,8009300,,,,,,
encode,668,6700,,,,,,
data_write,668,44300,,,,,,
data_sync,668,3941300,,,,,,
marker_write,668,37100,,,,,,
marker_sync,668,3976900,,,,,,
append,669,7981000,,,,,,
encode,669,6500,,,,,,
data_write,669,41900,,,,,,
data_sync,669,3947800,,,,,,
marker_write,669,69700,,,,,,
marker_sync,669,3911200,,,,,,
append,670,6721400,,,,,,
encode,670,5700,,,,,,
data_write,670,53900,,,,,,
data_sync,670,3942900,,,,,,
marker_write,670,42400,,,,,,
marker_sync,670,2673300,,,,,,
append,671,9279600,,,,,,
encode,671,7000,,,,,,
data_write,671,39000,,,,,,
data_sync,671,5233600,,,,,,
marker_write,671,40000,,,,,,
marker_sync,671,3956000,,,,,,
append,672,11986200,,,,,,
encode,672,6700,,,,,,
data_write,672,39000,,,,,,
data_sync,672,9613200,,,,,,
marker_write,672,38500,,,,,,
marker_sync,672,2285600,,,,,,
append,673,8021800,,,,,,
encode,673,6700,,,,,,
data_write,673,42200,,,,,,
data_sync,673,3964100,,,,,,
marker_write,673,36700,,,,,,
marker_sync,673,3969000,,,,,,
append,674,11992000,,,,,,
encode,674,6800,,,,,,
data_write,674,77900,,,,,,
data_sync,674,3913100,,,,,,
marker_write,674,38000,,,,,,
marker_sync,674,7952400,,,,,,
append,675,5270700,,,,,,
encode,675,7800,,,,,,
data_write,675,55900,,,,,,
data_sync,675,1927900,,,,,,
marker_write,675,47600,,,,,,
marker_sync,675,3226900,,,,,,
append,676,4557500,,,,,,
encode,676,6300,,,,,,
data_write,676,85100,,,,,,
data_sync,676,2263300,,,,,,
marker_write,676,65400,,,,,,
marker_sync,676,2133300,,,,,,
append,677,4336300,,,,,,
encode,677,6600,,,,,,
data_write,677,89800,,,,,,
data_sync,677,2086400,,,,,,
marker_write,677,68800,,,,,,
marker_sync,677,2081400,,,,,,
append,678,23799699,,,,,,
encode,678,6500,,,,,,
data_write,678,79800,,,,,,
data_sync,678,13715800,,,,,,
marker_write,678,47100,,,,,,
marker_sync,678,9945999,,,,,,
append,679,11756800,,,,,,
encode,679,6600,,,,,,
data_write,679,58600,,,,,,
data_sync,679,3569300,,,,,,
marker_write,679,43300,,,,,,
marker_sync,679,8075400,,,,,,
append,680,6277200,,,,,,
encode,680,6500,,,,,,
data_write,680,52700,,,,,,
data_sync,680,1799100,,,,,,
marker_write,680,45300,,,,,,
marker_sync,680,4370700,,,,,,
append,681,7315500,,,,,,
encode,681,6200,,,,,,
data_write,681,56200,,,,,,
data_sync,681,3923200,,,,,,
marker_write,681,47600,,,,,,
marker_sync,681,3279400,,,,,,
append,682,8678500,,,,,,
encode,682,6100,,,,,,
data_write,682,60500,,,,,,
data_sync,682,4679400,,,,,,
marker_write,682,102900,,,,,,
marker_sync,682,3826200,,,,,,
append,683,19969700,,,,,,
encode,683,6800,,,,,,
data_write,683,58300,,,,,,
data_sync,683,3927100,,,,,,
marker_write,683,69400,,,,,,
marker_sync,683,15904300,,,,,,
append,684,12042200,,,,,,
encode,684,6200,,,,,,
data_write,684,58900,,,,,,
data_sync,684,3952800,,,,,,
marker_write,684,50100,,,,,,
marker_sync,684,7969900,,,,,,
append,685,6839500,,,,,,
encode,685,8500,,,,,,
data_write,685,60000,,,,,,
data_sync,685,3960100,,,,,,
marker_write,685,78700,,,,,,
marker_sync,685,2728700,,,,,,
append,686,6696300,,,,,,
encode,686,5900,,,,,,
data_write,686,46700,,,,,,
data_sync,686,2113400,,,,,,
marker_write,686,41000,,,,,,
marker_sync,686,4486000,,,,,,
append,687,7011000,,,,,,
encode,687,6700,,,,,,
data_write,687,60800,,,,,,
data_sync,687,4444100,,,,,,
marker_write,687,49500,,,,,,
marker_sync,687,2446500,,,,,,
append,688,11438500,,,,,,
encode,688,6500,,,,,,
data_write,688,44200,,,,,,
data_sync,688,6087200,,,,,,
marker_write,688,58400,,,,,,
marker_sync,688,5238300,,,,,,
append,689,12097500,,,,,,
encode,689,8000,,,,,,
data_write,689,62100,,,,,,
data_sync,689,3919900,,,,,,
marker_write,689,45500,,,,,,
marker_sync,689,8058700,,,,,,
append,690,15866300,,,,,,
encode,690,6300,,,,,,
data_write,690,100200,,,,,,
data_sync,690,3086800,,,,,,
marker_write,690,34600,,,,,,
marker_sync,690,12635100,,,,,,
append,691,8022900,,,,,,
encode,691,6800,,,,,,
data_write,691,90800,,,,,,
data_sync,691,3927900,,,,,,
marker_write,691,40700,,,,,,
marker_sync,691,3953000,,,,,,
append,692,8005100,,,,,,
encode,692,6400,,,,,,
data_write,692,45400,,,,,,
data_sync,692,3957200,,,,,,
marker_write,692,58400,,,,,,
marker_sync,692,3934100,,,,,,
append,693,8281800,,,,,,
encode,693,6200,,,,,,
data_write,693,45600,,,,,,
data_sync,693,3940500,,,,,,
marker_write,693,45700,,,,,,
marker_sync,693,4240400,,,,,,
append,694,7711799,,,,,,
encode,694,6400,,,,,,
data_write,694,55700,,,,,,
data_sync,694,3639999,,,,,,
marker_write,694,38000,,,,,,
marker_sync,694,3968800,,,,,,
append,695,7996200,,,,,,
encode,695,5900,,,,,,
data_write,695,46000,,,,,,
data_sync,695,3947200,,,,,,
marker_write,695,42400,,,,,,
marker_sync,695,3950200,,,,,,
append,696,8002600,,,,,,
encode,696,7200,,,,,,
data_write,696,67700,,,,,,
data_sync,696,3917000,,,,,,
marker_write,696,42700,,,,,,
marker_sync,696,3964700,,,,,,
append,697,11994100,,,,,,
encode,697,6700,,,,,,
data_write,697,50700,,,,,,
data_sync,697,7938600,,,,,,
marker_write,697,41300,,,,,,
marker_sync,697,3953400,,,,,,
append,698,6265900,,,,,,
encode,698,7000,,,,,,
data_write,698,48600,,,,,,
data_sync,698,3950500,,,,,,
marker_write,698,41800,,,,,,
marker_sync,698,2214400,,,,,,
append,699,3913300,,,,,,
encode,699,6900,,,,,,
data_write,699,55000,,,,,,
data_sync,699,1924400,,,,,,
marker_write,699,37100,,,,,,
marker_sync,699,1886900,,,,,,
append,700,4127300,,,,,,
encode,700,6500,,,,,,
data_write,700,48300,,,,,,
data_sync,700,1851400,,,,,,
marker_write,700,41800,,,,,,
marker_sync,700,2175100,,,,,,
append,701,7808300,,,,,,
encode,701,6300,,,,,,
data_write,701,57400,,,,,,
data_sync,701,5595300,,,,,,
marker_write,701,43700,,,,,,
marker_sync,701,2102200,,,,,,
append,702,3836100,,,,,,
encode,702,7000,,,,,,
data_write,702,47300,,,,,,
data_sync,702,1858900,,,,,,
marker_write,702,36300,,,,,,
marker_sync,702,1883600,,,,,,
append,703,4015400,,,,,,
encode,703,7000,,,,,,
data_write,703,43500,,,,,,
data_sync,703,1921900,,,,,,
marker_write,703,56000,,,,,,
marker_sync,703,1983900,,,,,,
append,704,12419700,,,,,,
encode,704,7000,,,,,,
data_write,704,39400,,,,,,
data_sync,704,9952600,,,,,,
marker_write,704,48100,,,,,,
marker_sync,704,2369500,,,,,,
append,705,3884400,,,,,,
encode,705,4100,,,,,,
data_write,705,46300,,,,,,
data_sync,705,1924800,,,,,,
marker_write,705,35700,,,,,,
marker_sync,705,1870500,,,,,,
append,706,3875500,,,,,,
encode,706,5500,,,,,,
data_write,706,39700,,,,,,
data_sync,706,1881900,,,,,,
marker_write,706,60100,,,,,,
marker_sync,706,1885200,,,,,,
append,707,3707500,,,,,,
encode,707,6100,,,,,,
data_write,707,43400,,,,,,
data_sync,707,1795500,,,,,,
marker_write,707,34800,,,,,,
marker_sync,707,1823700,,,,,,
append,708,3764500,,,,,,
encode,708,6300,,,,,,
data_write,708,43200,,,,,,
data_sync,708,1867600,,,,,,
marker_write,708,25500,,,,,,
marker_sync,708,1819200,,,,,,
append,709,3887900,,,,,,
encode,709,5700,,,,,,
data_write,709,35900,,,,,,
data_sync,709,1944800,,,,,,
marker_write,709,25300,,,,,,
marker_sync,709,1872700,,,,,,
append,710,3889900,,,,,,
encode,710,6400,,,,,,
data_write,710,41600,,,,,,
data_sync,710,1854900,,,,,,
marker_write,710,36300,,,,,,
marker_sync,710,1948200,,,,,,
append,711,4242200,,,,,,
encode,711,6200,,,,,,
data_write,711,70500,,,,,,
data_sync,711,1905500,,,,,,
marker_write,711,40100,,,,,,
marker_sync,711,2217000,,,,,,
append,712,3771500,,,,,,
encode,712,6200,,,,,,
data_write,712,43100,,,,,,
data_sync,712,1798000,,,,,,
marker_write,712,35000,,,,,,
marker_sync,712,1886300,,,,,,
append,713,3701900,,,,,,
encode,713,6000,,,,,,
data_write,713,45100,,,,,,
data_sync,713,1819700,,,,,,
marker_write,713,38300,,,,,,
marker_sync,713,1789700,,,,,,
append,714,3693400,,,,,,
encode,714,5700,,,,,,
data_write,714,46000,,,,,,
data_sync,714,1719900,,,,,,
marker_write,714,36400,,,,,,
marker_sync,714,1882600,,,,,,
append,715,4150700,,,,,,
encode,715,5900,,,,,,
data_write,715,45200,,,,,,
data_sync,715,1895300,,,,,,
marker_write,715,41200,,,,,,
marker_sync,715,2160300,,,,,,
append,716,3860900,,,,,,
encode,716,5400,,,,,,
data_write,716,48000,,,,,,
data_sync,716,1889700,,,,,,
marker_write,716,42500,,,,,,
marker_sync,716,1870900,,,,,,
append,717,3896000,,,,,,
encode,717,7800,,,,,,
data_write,717,62200,,,,,,
data_sync,717,1856100,,,,,,
marker_write,717,37800,,,,,,
marker_sync,717,1928600,,,,,,
append,718,4055000,,,,,,
encode,718,9200,,,,,,
data_write,718,87700,,,,,,
data_sync,718,1905300,,,,,,
marker_write,718,32700,,,,,,
marker_sync,718,2016700,,,,,,
append,719,4179600,,,,,,
encode,719,6500,,,,,,
data_write,719,80100,,,,,,
data_sync,719,2099500,,,,,,
marker_write,719,73300,,,,,,
marker_sync,719,1916800,,,,,,
append,720,4701100,,,,,,
encode,720,6900,,,,,,
data_write,720,97600,,,,,,
data_sync,720,2568900,,,,,,
marker_write,720,72200,,,,,,
marker_sync,720,1952400,,,,,,
append,721,3526400,,,,,,
encode,721,7000,,,,,,
data_write,721,80300,,,,,,
data_sync,721,1706700,,,,,,
marker_write,721,65000,,,,,,
marker_sync,721,1664400,,,,,,
append,722,3584300,,,,,,
encode,722,6700,,,,,,
data_write,722,73500,,,,,,
data_sync,722,1651800,,,,,,
marker_write,722,50300,,,,,,
marker_sync,722,1798600,,,,,,
append,723,4121300,,,,,,
encode,723,6500,,,,,,
data_write,723,79800,,,,,,
data_sync,723,1924900,,,,,,
marker_write,723,69100,,,,,,
marker_sync,723,2037600,,,,,,
append,724,4125900,,,,,,
encode,724,5600,,,,,,
data_write,724,81200,,,,,,
data_sync,724,2000300,,,,,,
marker_write,724,65100,,,,,,
marker_sync,724,1970000,,,,,,
append,725,4283499,,,,,,
encode,725,6200,,,,,,
data_write,725,79900,,,,,,
data_sync,725,2129799,,,,,,
marker_write,725,69100,,,,,,
marker_sync,725,1995700,,,,,,
append,726,4456600,,,,,,
encode,726,6600,,,,,,
data_write,726,80000,,,,,,
data_sync,726,2080700,,,,,,
marker_write,726,72600,,,,,,
marker_sync,726,2212800,,,,,,
append,727,3852200,,,,,,
encode,727,6300,,,,,,
data_write,727,82500,,,,,,
data_sync,727,1965100,,,,,,
marker_write,727,88400,,,,,,
marker_sync,727,1707000,,,,,,
append,728,3322200,,,,,,
encode,728,5600,,,,,,
data_write,728,60000,,,,,,
data_sync,728,1594000,,,,,,
marker_write,728,48700,,,,,,
marker_sync,728,1611600,,,,,,
append,729,3817000,,,,,,
encode,729,4700,,,,,,
data_write,729,59100,,,,,,
data_sync,729,1607900,,,,,,
marker_write,729,51100,,,,,,
marker_sync,729,2091200,,,,,,
append,730,4578500,,,,,,
encode,730,6300,,,,,,
data_write,730,82600,,,,,,
data_sync,730,2262400,,,,,,
marker_write,730,73900,,,,,,
marker_sync,730,2150000,,,,,,
append,731,4087100,,,,,,
encode,731,6600,,,,,,
data_write,731,82600,,,,,,
data_sync,731,1892500,,,,,,
marker_write,731,62100,,,,,,
marker_sync,731,2039600,,,,,,
append,732,4193600,,,,,,
encode,732,6800,,,,,,
data_write,732,79500,,,,,,
data_sync,732,1840300,,,,,,
marker_write,732,59500,,,,,,
marker_sync,732,2204700,,,,,,
append,733,4466700,,,,,,
encode,733,5700,,,,,,
data_write,733,83700,,,,,,
data_sync,733,2227500,,,,,,
marker_write,733,71000,,,,,,
marker_sync,733,2076100,,,,,,
append,734,4300400,,,,,,
encode,734,5600,,,,,,
data_write,734,76000,,,,,,
data_sync,734,2138200,,,,,,
marker_write,734,68900,,,,,,
marker_sync,734,2008000,,,,,,
append,735,4046400,,,,,,
encode,735,5700,,,,,,
data_write,735,78800,,,,,,
data_sync,735,1940600,,,,,,
marker_write,735,63700,,,,,,
marker_sync,735,1954900,,,,,,
append,736,3965200,,,,,,
encode,736,6100,,,,,,
data_write,736,81400,,,,,,
data_sync,736,2038900,,,,,,
marker_write,736,59600,,,,,,
marker_sync,736,1774900,,,,,,
append,737,3476500,,,,,,
encode,737,5000,,,,,,
data_write,737,63400,,,,,,
data_sync,737,1679400,,,,,,
marker_write,737,56700,,,,,,
marker_sync,737,1668300,,,,,,
append,738,3899000,,,,,,
encode,738,4500,,,,,,
data_write,738,62400,,,,,,
data_sync,738,1825400,,,,,,
marker_write,738,69000,,,,,,
marker_sync,738,1934700,,,,,,
append,739,4203400,,,,,,
encode,739,6400,,,,,,
data_write,739,79500,,,,,,
data_sync,739,1919300,,,,,,
marker_write,739,70800,,,,,,
marker_sync,739,2123700,,,,,,
append,740,13928399,,,,,,
encode,740,6700,,,,,,
data_write,740,110700,,,,,,
data_sync,740,5830900,,,,,,
marker_write,740,75200,,,,,,
marker_sync,740,7900899,,,,,,
append,741,3705200,,,,,,
encode,741,6200,,,,,,
data_write,741,54500,,,,,,
data_sync,741,1976300,,,,,,
marker_write,741,38700,,,,,,
marker_sync,741,1626400,,,,,,
append,742,8325400,,,,,,
encode,742,8200,,,,,,
data_write,742,44200,,,,,,
data_sync,742,4251300,,,,,,
marker_write,742,252700,,,,,,
marker_sync,742,3764500,,,,,,
append,743,8025000,,,,,,
encode,743,6200,,,,,,
data_write,743,61100,,,,,,
data_sync,743,3940800,,,,,,
marker_write,743,61000,,,,,,
marker_sync,743,3952500,,,,,,
append,744,5962800,,,,,,
encode,744,6800,,,,,,
data_write,744,70900,,,,,,
data_sync,744,3880200,,,,,,
marker_write,744,82900,,,,,,
marker_sync,744,1918700,,,,,,
append,745,13967400,,,,,,
encode,745,6700,,,,,,
data_write,745,72900,,,,,,
data_sync,745,5542600,,,,,,
marker_write,745,49500,,,,,,
marker_sync,745,8292700,,,,,,
append,746,11281100,,,,,,
encode,746,6200,,,,,,
data_write,746,70600,,,,,,
data_sync,746,7926400,,,,,,
marker_write,746,51800,,,,,,
marker_sync,746,3223400,,,,,,
append,747,8753000,,,,,,
encode,747,8300,,,,,,
data_write,747,63600,,,,,,
data_sync,747,4727000,,,,,,
marker_write,747,61100,,,,,,
marker_sync,747,3888900,,,,,,
append,748,7990299,,,,,,
encode,748,8400,,,,,,
data_write,748,78700,,,,,,
data_sync,748,3906500,,,,,,
marker_write,748,56300,,,,,,
marker_sync,748,3937199,,,,,,
append,749,8033900,,,,,,
encode,749,6400,,,,,,
data_write,749,60700,,,,,,
data_sync,749,3936500,,,,,,
marker_write,749,45200,,,,,,
marker_sync,749,3982400,,,,,,
append,750,7968800,,,,,,
encode,750,5800,,,,,,
data_write,750,58100,,,,,,
data_sync,750,3900400,,,,,,
marker_write,750,85900,,,,,,
marker_sync,750,3915200,,,,,,
append,751,7997300,,,,,,
encode,751,6800,,,,,,
data_write,751,96600,,,,,,
data_sync,751,3104500,,,,,,
marker_write,751,54300,,,,,,
marker_sync,751,4731800,,,,,,
append,752,7997000,,,,,,
encode,752,5900,,,,,,
data_write,752,64700,,,,,,
data_sync,752,3922500,,,,,,
marker_write,752,53700,,,,,,
marker_sync,752,3946700,,,,,,
append,753,11996200,,,,,,
encode,753,6300,,,,,,
data_write,753,69200,,,,,,
data_sync,753,3922200,,,,,,
marker_write,753,58100,,,,,,
marker_sync,753,7936900,,,,,,
append,754,8001600,,,,,,
encode,754,6500,,,,,,
data_write,754,75100,,,,,,
data_sync,754,3933500,,,,,,
marker_write,754,62500,,,,,,
marker_sync,754,3919600,,,,,,
append,755,12003700,,,,,,
encode,755,7400,,,,,,
data_write,755,66000,,,,,,
data_sync,755,7848500,,,,,,
marker_write,755,65700,,,,,,
marker_sync,755,4013000,,,,,,
append,756,9953199,,,,,,
encode,756,8600,,,,,,
data_write,756,64300,,,,,,
data_sync,756,3917099,,,,,,
marker_write,756,53800,,,,,,
marker_sync,756,5905800,,,,,,
append,757,10119200,,,,,,
encode,757,6500,,,,,,
data_write,757,57300,,,,,,
data_sync,757,5980200,,,,,,
marker_write,757,78300,,,,,,
marker_sync,757,3992800,,,,,,
append,758,11922100,,,,,,
encode,758,7700,,,,,,
data_write,758,66600,,,,,,
data_sync,758,8101600,,,,,,
marker_write,758,41300,,,,,,
marker_sync,758,3701700,,,,,,
append,759,9923400,,,,,,
encode,759,7000,,,,,,
data_write,759,56800,,,,,,
data_sync,759,7947900,,,,,,
marker_write,759,51600,,,,,,
marker_sync,759,1856700,,,,,,
append,760,11828400,,,,,,
encode,760,9000,,,,,,
data_write,760,53200,,,,,,
data_sync,760,6038200,,,,,,
marker_write,760,52800,,,,,,
marker_sync,760,5671600,,,,,,
append,761,6247000,,,,,,
encode,761,6800,,,,,,
data_write,761,54000,,,,,,
data_sync,761,2533000,,,,,,
marker_write,761,47100,,,,,,
marker_sync,761,3602400,,,,,,
append,762,16000799,,,,,,
encode,762,6100,,,,,,
data_write,762,89300,,,,,,
data_sync,762,7910800,,,,,,
marker_write,762,45900,,,,,,
marker_sync,762,7944999,,,,,,
append,763,11997600,,,,,,
encode,763,6100,,,,,,
data_write,763,62300,,,,,,
data_sync,763,8047700,,,,,,
marker_write,763,85000,,,,,,
marker_sync,763,3792900,,,,,,
append,764,7999200,,,,,,
encode,764,6800,,,,,,
data_write,764,54200,,,,,,
data_sync,764,3936900,,,,,,
marker_write,764,44600,,,,,,
marker_sync,764,3953600,,,,,,
append,765,7999600,,,,,,
encode,765,7600,,,,,,
data_write,765,54600,,,,,,
data_sync,765,3949300,,,,,,
marker_write,765,48400,,,,,,
marker_sync,765,3936400,,,,,,
append,766,6081700,,,,,,
encode,766,7500,,,,,,
data_write,766,59400,,,,,,
data_sync,766,3934300,,,,,,
marker_write,766,61700,,,,,,
marker_sync,766,2015600,,,,,,
append,767,5909000,,,,,,
encode,767,6500,,,,,,
data_write,767,55600,,,,,,
data_sync,767,1635000,,,,,,
marker_write,767,42100,,,,,,
marker_sync,767,4166600,,,,,,
append,768,9414600,,,,,,
encode,768,6700,,,,,,
data_write,768,51300,,,,,,
data_sync,768,3428900,,,,,,
marker_write,768,45800,,,,,,
marker_sync,768,5878100,,,,,,
append,769,6546900,,,,,,
encode,769,3700,,,,,,
data_write,769,44200,,,,,,
data_sync,769,2497700,,,,,,
marker_write,769,42900,,,,,,
marker_sync,769,3955600,,,,,,
append,770,8012900,,,,,,
encode,770,5200,,,,,,
data_write,770,49700,,,,,,
data_sync,770,3933900,,,,,,
marker_write,770,39900,,,,,,
marker_sync,770,3980800,,,,,,
append,771,7973399,,,,,,
encode,771,7900,,,,,,
data_write,771,48700,,,,,,
data_sync,771,3924899,,,,,,
marker_write,771,43700,,,,,,
marker_sync,771,3944500,,,,,,
append,772,8004300,,,,,,
encode,772,6000,,,,,,
data_write,772,47500,,,,,,
data_sync,772,3945400,,,,,,
marker_write,772,42400,,,,,,
marker_sync,772,3957100,,,,,,
append,773,12076200,,,,,,
encode,773,6200,,,,,,
data_write,773,47100,,,,,,
data_sync,773,7947900,,,,,,
marker_write,773,52500,,,,,,
marker_sync,773,4019400,,,,,,
append,774,7917300,,,,,,
encode,774,8600,,,,,,
data_write,774,43600,,,,,,
data_sync,774,3859300,,,,,,
marker_write,774,72900,,,,,,
marker_sync,774,3929400,,,,,,
append,775,11978500,,,,,,
encode,775,7300,,,,,,
data_write,775,76400,,,,,,
data_sync,775,3906200,,,,,,
marker_write,775,47200,,,,,,
marker_sync,775,7935200,,,,,,
append,776,8142800,,,,,,
encode,776,8400,,,,,,
data_write,776,58400,,,,,,
data_sync,776,4862700,,,,,,
marker_write,776,54300,,,,,,
marker_sync,776,3154000,,,,,,
append,777,12192000,,,,,,
encode,777,8200,,,,,,
data_write,777,52500,,,,,,
data_sync,777,7787300,,,,,,
marker_write,777,49700,,,,,,
marker_sync,777,4291000,,,,,,
append,778,7688499,,,,,,
encode,778,5700,,,,,,
data_write,778,49400,,,,,,
data_sync,778,3630199,,,,,,
marker_write,778,38300,,,,,,
marker_sync,778,3956800,,,,,,
append,779,7995700,,,,,,
encode,779,7300,,,,,,
data_write,779,60000,,,,,,
data_sync,779,3925900,,,,,,
marker_write,779,40700,,,,,,
marker_sync,779,3958200,,,,,,
append,780,8002200,,,,,,
encode,780,6700,,,,,,
data_write,780,59000,,,,,,
data_sync,780,3920200,,,,,,
marker_write,780,43400,,,,,,
marker_sync,780,3970000,,,,,,
append,781,7992100,,,,,,
encode,781,6500,,,,,,
data_write,781,53500,,,,,,
data_sync,781,4189300,,,,,,
marker_write,781,41800,,,,,,
marker_sync,781,3697300,,,,,,
append,782,8153100,,,,,,
encode,782,6300,,,,,,
data_write,782,43900,,,,,,
data_sync,782,3952600,,,,,,
marker_write,782,37800,,,,,,
marker_sync,782,4108900,,,,,,
append,783,7846800,,,,,,
encode,783,7600,,,,,,
data_write,783,107300,,,,,,
data_sync,783,3741400,,,,,,
marker_write,783,38800,,,,,,
marker_sync,783,3948500,,,,,,
append,784,7999600,,,,,,
encode,784,6200,,,,,,
data_write,784,43400,,,,,,
data_sync,784,3944300,,,,,,
marker_write,784,50000,,,,,,
marker_sync,784,3951900,,,,,,
append,785,7268700,,,,,,
encode,785,7300,,,,,,
data_write,785,52400,,,,,,
data_sync,785,5171500,,,,,,
marker_write,785,44000,,,,,,
marker_sync,785,1989900,,,,,,
append,786,8727800,,,,,,
encode,786,5600,,,,,,
data_write,786,36200,,,,,,
data_sync,786,4685100,,,,,,
marker_write,786,40300,,,,,,
marker_sync,786,3956200,,,,,,
append,787,11992599,,,,,,
encode,787,11600,,,,,,
data_write,787,43300,,,,,,
data_sync,787,3934499,,,,,,
marker_write,787,41500,,,,,,
marker_sync,787,7958500,,,,,,
append,788,7999900,,,,,,
encode,788,6500,,,,,,
data_write,788,51000,,,,,,
data_sync,788,3937200,,,,,,
marker_write,788,35500,,,,,,
marker_sync,788,3966700,,,,,,
append,789,8470400,,,,,,
encode,789,6000,,,,,,
data_write,789,48500,,,,,,
data_sync,789,6275700,,,,,,
marker_write,789,43000,,,,,,
marker_sync,789,2094200,,,,,,
append,790,15503500,,,,,,
encode,790,6500,,,,,,
data_write,790,42100,,,,,,
data_sync,790,3471200,,,,,,
marker_write,790,40000,,,,,,
marker_sync,790,11939900,,,,,,
append,791,8015500,,,,,,
encode,791,7400,,,,,,
data_write,791,56100,,,,,,
data_sync,791,3961200,,,,,,
marker_write,791,39900,,,,,,
marker_sync,791,3948000,,,,,,
append,792,8006100,,,,,,
encode,792,6100,,,,,,
data_write,792,42200,,,,,,
data_sync,792,4191700,,,,,,
marker_write,792,38400,,,,,,
marker_sync,792,3724300,,,,,,
append,793,11996899,,,,,,
encode,793,6900,,,,,,
data_write,793,46600,,,,,,
data_sync,793,7965100,,,,,,
marker_write,793,47700,,,,,,
marker_sync,793,3927499,,,,,,
append,794,7996600,,,,,,
encode,794,6700,,,,,,
data_write,794,43300,,,,,,
data_sync,794,3958100,,,,,,
marker_write,794,31700,,,,,,
marker_sync,794,3952600,,,,,,
append,795,8006500,,,,,,
encode,795,6400,,,,,,
data_write,795,50300,,,,,,
data_sync,795,3959700,,,,,,
marker_write,795,38300,,,,,,
marker_sync,795,3947900,,,,,,
append,796,12000600,,,,,,
encode,796,6300,,,,,,
data_write,796,36400,,,,,,
data_sync,796,7957700,,,,,,
marker_write,796,38100,,,,,,
marker_sync,796,3957700,,,,,,
append,797,7998200,,,,,,
encode,797,7600,,,,,,
data_write,797,51000,,,,,,
data_sync,797,3930000,,,,,,
marker_write,797,37900,,,,,,
marker_sync,797,3968200,,,,,,
append,798,8089700,,,,,,
encode,798,6200,,,,,,
data_write,798,38600,,,,,,
data_sync,798,3945200,,,,,,
marker_write,798,35600,,,,,,
marker_sync,798,4060600,,,,,,
append,799,7906400,,,,,,
encode,799,6700,,,,,,
data_write,799,41300,,,,,,
data_sync,799,3852100,,,,,,
marker_write,799,39400,,,,,,
marker_sync,799,3963700,,,,,,
append,800,8037800,,,,,,
encode,800,6500,,,,,,
data_write,800,50400,,,,,,
data_sync,800,3476500,,,,,,
marker_write,800,42300,,,,,,
marker_sync,800,4456400,,,,,,
append,801,11949999,,,,,,
encode,801,8400,,,,,,
data_write,801,89500,,,,,,
data_sync,801,7917399,,,,,,
marker_write,801,43600,,,,,,
marker_sync,801,3887400,,,,,,
append,802,8013400,,,,,,
encode,802,7700,,,,,,
data_write,802,41600,,,,,,
data_sync,802,3936300,,,,,,
marker_write,802,37300,,,,,,
marker_sync,802,3986100,,,,,,
append,803,16013700,,,,,,
encode,803,6400,,,,,,
data_write,803,52500,,,,,,
data_sync,803,7929000,,,,,,
marker_write,803,34300,,,,,,
marker_sync,803,7987600,,,,,,
append,804,7985900,,,,,,
encode,804,7900,,,,,,
data_write,804,48900,,,,,,
data_sync,804,2445000,,,,,,
marker_write,804,30700,,,,,,
marker_sync,804,5449300,,,,,,
append,805,7987900,,,,,,
encode,805,7300,,,,,,
data_write,805,82300,,,,,,
data_sync,805,3906000,,,,,,
marker_write,805,39300,,,,,,
marker_sync,805,3949300,,,,,,
append,806,11991800,,,,,,
encode,806,6200,,,,,,
data_write,806,42000,,,,,,
data_sync,806,7946400,,,,,,
marker_write,806,39000,,,,,,
marker_sync,806,3954600,,,,,,
append,807,6216300,,,,,,
encode,807,9600,,,,,,
data_write,807,47800,,,,,,
data_sync,807,3976000,,,,,,
marker_write,807,31800,,,,,,
marker_sync,807,2148100,,,,,,
append,808,4167600,,,,,,
encode,808,7000,,,,,,
data_write,808,38800,,,,,,
data_sync,808,2146500,,,,,,
marker_write,808,35000,,,,,,
marker_sync,808,1936000,,,,,,
append,809,17589199,,,,,,
encode,809,6400,,,,,,
data_write,809,32700,,,,,,
data_sync,809,5573699,,,,,,
marker_write,809,33400,,,,,,
marker_sync,809,11939300,,,,,,
append,810,3732600,,,,,,
encode,810,6600,,,,,,
data_write,810,49900,,,,,,
data_sync,810,1956000,,,,,,
marker_write,810,29700,,,,,,
marker_sync,810,1686400,,,,,,
append,811,8295900,,,,,,
encode,811,6800,,,,,,
data_write,811,32600,,,,,,
data_sync,811,4256700,,,,,,
marker_write,811,50900,,,,,,
marker_sync,811,3945500,,,,,,
append,812,8010100,,,,,,
encode,812,9600,,,,,,
data_write,812,41100,,,,,,
data_sync,812,3940400,,,,,,
marker_write,812,39800,,,,,,
marker_sync,812,3975600,,,,,,
append,813,7977700,,,,,,
encode,813,7400,,,,,,
data_write,813,47900,,,,,,
data_sync,813,3922800,,,,,,
marker_write,813,33300,,,,,,
marker_sync,813,3962200,,,,,,
append,814,8009400,,,,,,
encode,814,6400,,,,,,
data_write,814,46900,,,,,,
data_sync,814,3952100,,,,,,
marker_write,814,35700,,,,,,
marker_sync,814,3964700,,,,,,
append,815,7996800,,,,,,
encode,815,6300,,,,,,
data_write,815,53700,,,,,,
data_sync,815,5338900,,,,,,
marker_write,815,34300,,,,,,
marker_sync,815,2559400,,,,,,
append,816,7987900,,,,,,
encode,816,6900,,,,,,
data_write,816,36200,,,,,,
data_sync,816,3947600,,,,,,
marker_write,816,42800,,,,,,
marker_sync,816,3951300,,,,,,
append,817,8445999,,,,,,
encode,817,5900,,,,,,
data_write,817,33600,,,,,,
data_sync,817,3960899,,,,,,
marker_write,817,35200,,,,,,
marker_sync,817,4406900,,,,,,
append,818,7694200,,,,,,
encode,818,6800,,,,,,
data_write,818,48500,,,,,,
data_sync,818,3500300,,,,,,
marker_write,818,31400,,,,,,
marker_sync,818,4103800,,,,,,
append,819,19888400,,,,,,
encode,819,7900,,,,,,
data_write,819,38400,,,,,,
data_sync,819,3810400,,,,,,
marker_write,819,69300,,,,,,
marker_sync,819,15959100,,,,,,
append,820,14324600,,,,,,
encode,820,6000,,,,,,
data_write,820,58300,,,,,,
data_sync,820,6287400,,,,,,
marker_write,820,40900,,,,,,
marker_sync,820,7928300,,,,,,
append,821,13663700,,,,,,
encode,821,6900,,,,,,
data_write,821,44400,,,,,,
data_sync,821,5586300,,,,,,
marker_write,821,71200,,,,,,
marker_sync,821,7951100,,,,,,
append,822,23982299,,,,,,
encode,822,6700,,,,,,
data_write,822,54900,,,,,,
data_sync,822,17474899,,,,,,
marker_write,822,47600,,,,,,
marker_sync,822,6394900,,,,,,
append,823,8006700,,,,,,
encode,823,6300,,,,,,
data_write,823,50600,,,,,,
data_sync,823,3933700,,,,,,
marker_write,823,28700,,,,,,
marker_sync,823,3984100,,,,,,
append,824,4233600,,,,,,
encode,824,7700,,,,,,
data_write,824,41200,,,,,,
data_sync,824,2449300,,,,,,
marker_write,824,34600,,,,,,
marker_sync,824,1696900,,,,,,
append,825,15732700,,,,,,
encode,825,6600,,,,,,
data_write,825,38400,,,,,,
data_sync,825,3696300,,,,,,
marker_write,825,38400,,,,,,
marker_sync,825,11949100,,,,,,
append,826,7138300,,,,,,
encode,826,7200,,,,,,
data_write,826,60200,,,,,,
data_sync,826,5274000,,,,,,
marker_write,826,46700,,,,,,
marker_sync,826,1746600,,,,,,
append,827,12879600,,,,,,
encode,827,5900,,,,,,
data_write,827,48200,,,,,,
data_sync,827,4823500,,,,,,
marker_write,827,36100,,,,,,
marker_sync,827,7962300,,,,,,
append,828,7993599,,,,,,
encode,828,6000,,,,,,
data_write,828,42300,,,,,,
data_sync,828,3768900,,,,,,
marker_write,828,35400,,,,,,
marker_sync,828,4137899,,,,,,
append,829,7356300,,,,,,
encode,829,6600,,,,,,
data_write,829,33400,,,,,,
data_sync,829,3968900,,,,,,
marker_write,829,34100,,,,,,
marker_sync,829,3310400,,,,,,
append,830,12640400,,,,,,
encode,830,6400,,,,,,
data_write,830,47500,,,,,,
data_sync,830,8604400,,,,,,
marker_write,830,29600,,,,,,
marker_sync,830,3948700,,,,,,
append,831,7313500,,,,,,
encode,831,6700,,,,,,
data_write,831,60200,,,,,,
data_sync,831,3939400,,,,,,
marker_write,831,28700,,,,,,
marker_sync,831,3274600,,,,,,
append,832,12715000,,,,,,
encode,832,5800,,,,,,
data_write,832,40600,,,,,,
data_sync,832,4677600,,,,,,
marker_write,832,270800,,,,,,
marker_sync,832,7716600,,,,,,
append,833,7938300,,,,,,
encode,833,4700,,,,,,
data_write,833,47200,,,,,,
data_sync,833,4920800,,,,,,
marker_write,833,30500,,,,,,
marker_sync,833,2931900,,,,,,
append,834,7991100,,,,,,
encode,834,6300,,,,,,
data_write,834,47400,,,,,,
data_sync,834,3950600,,,,,,
marker_write,834,36500,,,,,,
marker_sync,834,3947000,,,,,,
append,835,8004700,,,,,,
encode,835,9900,,,,,,
data_write,835,36700,,,,,,
data_sync,835,3962600,,,,,,
marker_write,835,37400,,,,,,
marker_sync,835,3954500,,,,,,
append,836,7767699,,,,,,
encode,836,6600,,,,,,
data_write,836,38800,,,,,,
data_sync,836,5845899,,,,,,
marker_write,836,46300,,,,,,
marker_sync,836,1827000,,,,,,
append,837,6576000,,,,,,
encode,837,6300,,,,,,
data_write,837,46400,,,,,,
data_sync,837,4183000,,,,,,
marker_write,837,46700,,,,,,
marker_sync,837,2289900,,,,,,
append,838,4763400,,,,,,
encode,838,5800,,,,,,
data_write,838,35900,,,,,,
data_sync,838,1700300,,,,,,
marker_write,838,32100,,,,,,
marker_sync,838,2985200,,,,,,
append,839,8898300,,,,,,
encode,839,5500,,,,,,
data_write,839,39600,,,,,,
data_sync,839,4841800,,,,,,
marker_write,839,44700,,,,,,
marker_sync,839,3963500,,,,,,
append,840,7993200,,,,,,
encode,840,6300,,,,,,
data_write,840,92000,,,,,,
data_sync,840,3882200,,,,,,
marker_write,840,33500,,,,,,
marker_sync,840,3975500,,,,,,
append,841,7990600,,,,,,
encode,841,7600,,,,,,
data_write,841,43600,,,,,,
data_sync,841,3936300,,,,,,
marker_write,841,40300,,,,,,
marker_sync,841,3959000,,,,,,
append,842,8009400,,,,,,
encode,842,7600,,,,,,
data_write,842,50800,,,,,,
data_sync,842,3940100,,,,,,
marker_write,842,35000,,,,,,
marker_sync,842,3972000,,,,,,
append,843,16009700,,,,,,
encode,843,6400,,,,,,
data_write,843,53100,,,,,,
data_sync,843,3935900,,,,,,
marker_write,843,45900,,,,,,
marker_sync,843,11963700,,,,,,
append,844,12004699,,,,,,
encode,844,9100,,,,,,
data_write,844,55600,,,,,,
data_sync,844,7928399,,,,,,
marker_write,844,40800,,,,,,
marker_sync,844,3967500,,,,,,
append,845,7981100,,,,,,
encode,845,6400,,,,,,
data_write,845,48300,,,,,,
data_sync,845,3963300,,,,,,
marker_write,845,49000,,,,,,
marker_sync,845,3908300,,,,,,
append,846,39136400,,,,,,
encode,846,39000,,,,,,
data_write,846,46900,,,,,,
data_sync,846,7913200,,,,,,
marker_write,846,72300,,,,,,
marker_sync,846,31061900,,,,,,
append,847,36823699,,,,,,
encode,847,6400,,,,,,
data_write,847,80900,,,,,,
data_sync,847,24729199,,,,,,
marker_write,847,37300,,,,,,
marker_sync,847,11966200,,,,,,
append,848,19942800,,,,,,
encode,848,6400,,,,,,
data_write,848,53800,,,,,,
data_sync,848,3985600,,,,,,
marker_write,848,37200,,,,,,
marker_sync,848,15856800,,,,,,
append,849,8092400,,,,,,
encode,849,7000,,,,,,
data_write,849,92400,,,,,,
data_sync,849,3977800,,,,,,
marker_write,849,42900,,,,,,
marker_sync,849,3968500,,,,,,
append,850,7990900,,,,,,
encode,850,7000,,,,,,
data_write,850,44400,,,,,,
data_sync,850,3929600,,,,,,
marker_write,850,41700,,,,,,
marker_sync,850,3964100,,,,,,
append,851,7989600,,,,,,
encode,851,9400,,,,,,
data_write,851,40100,,,,,,
data_sync,851,3953900,,,,,,
marker_write,851,40700,,,,,,
marker_sync,851,3942100,,,,,,
append,852,8014799,,,,,,
encode,852,9500,,,,,,
data_write,852,54200,,,,,,
data_sync,852,3940799,,,,,,
marker_write,852,46900,,,,,,
marker_sync,852,3959400,,,,,,
append,853,7995200,,,,,,
encode,853,7100,,,,,,
data_write,853,43400,,,,,,
data_sync,853,3937000,,,,,,
marker_write,853,38900,,,,,,
marker_sync,853,3965500,,,,,,
append,854,7998500,,,,,,
encode,854,6700,,,,,,
data_write,854,45200,,,,,,
data_sync,854,3941600,,,,,,
marker_write,854,51900,,,,,,
marker_sync,854,3949300,,,,,,
append,855,7996600,,,,,,
encode,855,6600,,,,,,
data_write,855,56600,,,,,,
data_sync,855,3934400,,,,,,
marker_write,855,35300,,,,,,
marker_sync,855,3960700,,,,,,
append,856,11998400,,,,,,
encode,856,6900,,,,,,
data_write,856,54700,,,,,,
data_sync,856,3957500,,,,,,
marker_write,856,48600,,,,,,
marker_sync,856,7927700,,,,,,
append,857,8015200,,,,,,
encode,857,7500,,,,,,
data_write,857,40400,,,,,,
data_sync,857,3955400,,,,,,
marker_write,857,46000,,,,,,
marker_sync,857,3961500,,,,,,
append,858,6944700,,,,,,
encode,858,7200,,,,,,
data_write,858,44400,,,,,,
data_sync,858,4568600,,,,,,
marker_write,858,60200,,,,,,
marker_sync,858,2260500,,,,,,
append,859,9013400,,,,,,
encode,859,6500,,,,,,
data_write,859,42900,,,,,,
data_sync,859,2680300,,,,,,
marker_write,859,35200,,,,,,
marker_sync,859,6244700,,,,,,
append,860,12019599,,,,,,
encode,860,7300,,,,,,
data_write,860,44900,,,,,,
data_sync,860,3977500,,,,,,
marker_write,860,44900,,,,,,
marker_sync,860,7941499,,,,,,
append,861,15974800,,,,,,
encode,861,7500,,,,,,
data_write,861,90500,,,,,,
data_sync,861,3899300,,,,,,
marker_write,861,120100,,,,,,
marker_sync,861,11853700,,,,,,
append,862,8031000,,,,,,
encode,862,7400,,,,,,
data_write,862,60100,,,,,,
data_sync,862,3954400,,,,,,
marker_write,862,39600,,,,,,
marker_sync,862,3966400,,,,,,
append,863,7993400,,,,,,
encode,863,6200,,,,,,
data_write,863,43300,,,,,,
data_sync,863,3945500,,,,,,
marker_write,863,37800,,,,,,
marker_sync,863,3957500,,,,,,
append,864,13946600,,,,,,
encode,864,6500,,,,,,
data_write,864,50400,,,,,,
data_sync,864,11942800,,,,,,
marker_write,864,41700,,,,,,
marker_sync,864,1902000,,,,,,
append,865,6057000,,,,,,
encode,865,7100,,,,,,
data_write,865,37500,,,,,,
data_sync,865,1696200,,,,,,
marker_write,865,30000,,,,,,
marker_sync,865,4281900,,,,,,
append,866,7983500,,,,,,
encode,866,7700,,,,,,
data_write,866,54900,,,,,,
data_sync,866,3928500,,,,,,
marker_write,866,38500,,,,,,
marker_sync,866,3950300,,,,,,
append,867,12009399,,,,,,
encode,867,7000,,,,,,
data_write,867,57100,,,,,,
data_sync,867,7913399,,,,,,
marker_write,867,52200,,,,,,
marker_sync,867,3975600,,,,,,
append,868,7991500,,,,,,
encode,868,6800,,,,,,
data_write,868,52200,,,,,,
data_sync,868,3935200,,,,,,
marker_write,868,42000,,,,,,
marker_sync,868,3951000,,,,,,
append,869,8011500,,,,,,
encode,869,7000,,,,,,
data_write,869,44300,,,,,,
data_sync,869,3944900,,,,,,
marker_write,869,33900,,,,,,
marker_sync,869,3977700,,,,,,
append,870,11984300,,,,,,
encode,870,6900,,,,,,
data_write,870,53400,,,,,,
data_sync,870,5562100,,,,,,
marker_write,870,42300,,,,,,
marker_sync,870,6316500,,,,,,
append,871,5523900,,,,,,
encode,871,6500,,,,,,
data_write,871,46400,,,,,,
data_sync,871,3284600,,,,,,
marker_write,871,121700,,,,,,
marker_sync,871,2061100,,,,,,
append,872,10454700,,,,,,
encode,872,7300,,,,,,
data_write,872,46200,,,,,,
data_sync,872,6362700,,,,,,
marker_write,872,39500,,,,,,
marker_sync,872,3995800,,,,,,
append,873,6187400,,,,,,
encode,873,6800,,,,,,
data_write,873,37200,,,,,,
data_sync,873,3918400,,,,,,
marker_write,873,163700,,,,,,
marker_sync,873,2058100,,,,,,
append,874,19775099,,,,,,
encode,874,6100,,,,,,
data_write,874,205300,,,,,,
data_sync,874,17530799,,,,,,
marker_write,874,50200,,,,,,
marker_sync,874,1979700,,,,,,
append,875,13994800,,,,,,
encode,875,6500,,,,,,
data_write,875,42600,,,,,,
data_sync,875,1714100,,,,,,
marker_write,875,35700,,,,,,
marker_sync,875,12192400,,,,,,
append,876,8124700,,,,,,
encode,876,6700,,,,,,
data_write,876,49100,,,,,,
data_sync,876,3951200,,,,,,
marker_write,876,41700,,,,,,
marker_sync,876,4072300,,,,,,
append,877,7868300,,,,,,
encode,877,7200,,,,,,
data_write,877,46800,,,,,,
data_sync,877,3817700,,,,,,
marker_write,877,34100,,,,,,
marker_sync,877,3959100,,,,,,
append,878,10607700,,,,,,
encode,878,7000,,,,,,
data_write,878,49800,,,,,,
data_sync,878,3939300,,,,,,
marker_write,878,32800,,,,,,
marker_sync,878,6574300,,,,,,
append,879,9390400,,,,,,
encode,879,82400,,,,,,
data_write,879,144400,,,,,,
data_sync,879,2805800,,,,,,
marker_write,879,37200,,,,,,
marker_sync,879,6316900,,,,,,
append,880,16026099,,,,,,
encode,880,6400,,,,,,
data_write,880,49600,,,,,,
data_sync,880,7917900,,,,,,
marker_write,880,45700,,,,,,
marker_sync,880,8002599,,,,,,
append,881,19976400,,,,,,
encode,881,7700,,,,,,
data_write,881,51600,,,,,,
data_sync,881,11919300,,,,,,
marker_write,881,41600,,,,,,
marker_sync,881,7952600,,,,,,
append,882,28012500,,,,,,
encode,882,5800,,,,,,
data_write,882,48600,,,,,,
data_sync,882,12589600,,,,,,
marker_write,882,38400,,,,,,
marker_sync,882,15326300,,,,,,
append,883,13903300,,,,,,
encode,883,7400,,,,,,
data_write,883,44900,,,,,,
data_sync,883,6627000,,,,,,
marker_write,883,38900,,,,,,
marker_sync,883,7182300,,,,,,
append,884,38196499,,,,,,
encode,884,6000,,,,,,
data_write,884,49900,,,,,,
data_sync,884,27447199,,,,,,
marker_write,884,39600,,,,,,
marker_sync,884,10649600,,,,,,
append,885,7883800,,,,,,
encode,885,6300,,,,,,
data_write,885,51000,,,,,,
data_sync,885,3836100,,,,,,
marker_write,885,42200,,,,,,
marker_sync,885,3944800,,,,,,
append,886,15972800,,,,,,
encode,886,6600,,,,,,
data_write,886,60800,,,,,,
data_sync,886,7931800,,,,,,
marker_write,886,58700,,,,,,
marker_sync,886,7910500,,,,,,
append,887,8057900,,,,,,
encode,887,7600,,,,,,
data_write,887,67700,,,,,,
data_sync,887,3960200,,,,,,
marker_write,887,193400,,,,,,
marker_sync,887,3824500,,,,,,
append,888,7971199,,,,,,
encode,888,6800,,,,,,
data_write,888,58400,,,,,,
data_sync,888,4917399,,,,,,
marker_write,888,45600,,,,,,
marker_sync,888,2938900,,,,,,
append,889,11984000,,,,,,
encode,889,7900,,,,,,
data_write,889,62500,,,,,,
data_sync,889,8157900,,,,,,
marker_write,889,135200,,,,,,
marker_sync,889,3616900,,,,,,
append,890,6213600,,,,,,
encode,890,6500,,,,,,
data_write,890,50600,,,,,,
data_sync,890,3914400,,,,,,
marker_write,890,45200,,,,,,
marker_sync,890,2193500,,,,,,
append,891,15462700,,,,,,
encode,891,6700,,,,,,
data_write,891,52000,,,,,,
data_sync,891,9698700,,,,,,
marker_write,891,71200,,,,,,
marker_sync,891,5629900,,,,,,
append,892,10336800,,,,,,
encode,892,6200,,,,,,
data_write,892,47800,,,,,,
data_sync,892,6277300,,,,,,
marker_write,892,47800,,,,,,
marker_sync,892,3953700,,,,,,
append,893,5896300,,,,,,
encode,893,6600,,,,,,
data_write,893,49900,,,,,,
data_sync,893,3928900,,,,,,
marker_write,893,43100,,,,,,
marker_sync,893,1864700,,,,,,
append,894,4456500,,,,,,
encode,894,5700,,,,,,
data_write,894,41300,,,,,,
data_sync,894,2095300,,,,,,
marker_write,894,42200,,,,,,
marker_sync,894,2267700,,,,,,
append,895,9639299,,,,,,
encode,895,6900,,,,,,
data_write,895,57200,,,,,,
data_sync,895,5543600,,,,,,
marker_write,895,61700,,,,,,
marker_sync,895,3965899,,,,,,
append,896,12005700,,,,,,
encode,896,7900,,,,,,
data_write,896,91700,,,,,,
data_sync,896,7890400,,,,,,
marker_write,896,33500,,,,,,
marker_sync,896,3978100,,,,,,
append,897,11956500,,,,,,
encode,897,4700,,,,,,
data_write,897,53600,,,,,,
data_sync,897,3884400,,,,,,
marker_write,897,44700,,,,,,
marker_sync,897,7965100,,,,,,
append,898,7987400,,,,,,
encode,898,7700,,,,,,
data_write,898,59900,,,,,,
data_sync,898,3920200,,,,,,
marker_write,898,52300,,,,,,
marker_sync,898,3943400,,,,,,
append,899,8167700,,,,,,
encode,899,6300,,,,,,
data_write,899,57900,,,,,,
data_sync,899,3922400,,,,,,
marker_write,899,45200,,,,,,
marker_sync,899,4132000,,,,,,
append,900,7827600,,,,,,
encode,900,7000,,,,,,
data_write,900,92600,,,,,,
data_sync,900,3716800,,,,,,
marker_write,900,48800,,,,,,
marker_sync,900,3958800,,,,,,
append,901,8024600,,,,,,
encode,901,6600,,,,,,
data_write,901,308000,,,,,,
data_sync,901,3695200,,,,,,
marker_write,901,42600,,,,,,
marker_sync,901,3968600,,,,,,
append,902,7972900,,,,,,
encode,902,6400,,,,,,
data_write,902,57700,,,,,,
data_sync,902,3906500,,,,,,
marker_write,902,48600,,,,,,
marker_sync,902,3950500,,,,,,
append,903,16022399,,,,,,
encode,903,6000,,,,,,
data_write,903,50700,,,,,,
data_sync,903,7958799,,,,,,
marker_write,903,73100,,,,,,
marker_sync,903,7930600,,,,,,
append,904,8014700,,,,,,
encode,904,5700,,,,,,
data_write,904,75600,,,,,,
data_sync,904,4070200,,,,,,
marker_write,904,53400,,,,,,
marker_sync,904,3806400,,,,,,
append,905,9979200,,,,,,
encode,905,5900,,,,,,
data_write,905,59500,,,,,,
data_sync,905,7888600,,,,,,
marker_write,905,34700,,,,,,
marker_sync,905,1986100,,,,,,
append,906,3920100,,,,,,
encode,906,6200,,,,,,
data_write,906,51000,,,,,,
data_sync,906,2043700,,,,,,
marker_write,906,36000,,,,,,
marker_sync,906,1779600,,,,,,
append,907,10035000,,,,,,
encode,907,9500,,,,,,
data_write,907,37800,,,,,,
data_sync,907,1733700,,,,,,
marker_write,907,28500,,,,,,
marker_sync,907,8221600,,,,,,
append,908,4227200,,,,,,
encode,908,7100,,,,,,
data_write,908,68200,,,,,,
data_sync,908,2523700,,,,,,
marker_write,908,39900,,,,,,
marker_sync,908,1585000,,,,,,
append,909,7791000,,,,,,
encode,909,5500,,,,,,
data_write,909,47000,,,,,,
data_sync,909,3739200,,,,,,
marker_write,909,47600,,,,,,
marker_sync,909,3948600,,,,,,
append,910,3699100,,,,,,
encode,910,6700,,,,,,
data_write,910,52900,,,,,,
data_sync,910,1904100,,,,,,
marker_write,910,37300,,,,,,
marker_sync,910,1693700,,,,,,
append,911,3640000,,,,,,
encode,911,6300,,,,,,
data_write,911,38100,,,,,,
data_sync,911,1827100,,,,,,
marker_write,911,31200,,,,,,
marker_sync,911,1734100,,,,,,
append,912,12370899,,,,,,
encode,912,6600,,,,,,
data_write,912,39300,,,,,,
data_sync,912,10412599,,,,,,
marker_write,912,37200,,,,,,
marker_sync,912,1871500,,,,,,
append,913,8290300,,,,,,
encode,913,6900,,,,,,
data_write,913,49700,,,,,,
data_sync,913,4224900,,,,,,
marker_write,913,43600,,,,,,
marker_sync,913,3961600,,,,,,
append,914,16033100,,,,,,
encode,914,6100,,,,,,
data_write,914,76000,,,,,,
data_sync,914,7912900,,,,,,
marker_write,914,50500,,,,,,
marker_sync,914,7983500,,,,,,
append,915,8000600,,,,,,
encode,915,6700,,,,,,
data_write,915,59000,,,,,,
data_sync,915,3893200,,,,,,
marker_write,915,52900,,,,,,
marker_sync,915,3985600,,,,,,
append,916,11955200,,,,,,
encode,916,6500,,,,,,
data_write,916,59600,,,,,,
data_sync,916,8896700,,,,,,
marker_write,916,48700,,,,,,
marker_sync,916,2939500,,,,,,
append,917,8004700,,,,,,
encode,917,6400,,,,,,
data_write,917,60900,,,,,,
data_sync,917,3932200,,,,,,
marker_write,917,74100,,,,,,
marker_sync,917,3927200,,,,,,
append,918,7989900,,,,,,
encode,918,6700,,,,,,
data_write,918,60300,,,,,,
data_sync,918,3925200,,,,,,
marker_write,918,52700,,,,,,
marker_sync,918,3941200,,,,,,
append,919,8016699,,,,,,
encode,919,6800,,,,,,
data_write,919,54700,,,,,,
data_sync,919,3937599,,,,,,
marker_write,919,38000,,,,,,
marker_sync,919,3975600,,,,,,
append,920,7993000,,,,,,
encode,920,7700,,,,,,
data_write,920,50100,,,,,,
data_sync,920,3952000,,,,,,
marker_write,920,59900,,,,,,
marker_sync,920,3918800,,,,,,
append,921,7986700,,,,,,
encode,921,8500,,,,,,
data_write,921,65700,,,,,,
data_sync,921,3909100,,,,,,
marker_write,921,44200,,,,,,
marker_sync,921,3955600,,,,,,
append,922,8006700,,,,,,
encode,922,6600,,,,,,
data_write,922,60700,,,,,,
data_sync,922,3931100,,,,,,
marker_write,922,48600,,,,,,
marker_sync,922,3955600,,,,,,
append,923,11985700,,,,,,
encode,923,7400,,,,,,
data_write,923,56600,,,,,,
data_sync,923,3922000,,,,,,
marker_write,923,48200,,,,,,
marker_sync,923,7948200,,,,,,
append,924,8357800,,,,,,
encode,924,6200,,,,,,
data_write,924,82700,,,,,,
data_sync,924,3972400,,,,,,
marker_write,924,126600,,,,,,
marker_sync,924,4165400,,,,,,
append,925,5680000,,,,,,
encode,925,7200,,,,,,
data_write,925,60200,,,,,,
data_sync,925,3567000,,,,,,
marker_write,925,48900,,,,,,
marker_sync,925,1993400,,,,,,
append,926,3866500,,,,,,
encode,926,7100,,,,,,
data_write,926,56100,,,,,,
data_sync,926,1709200,,,,,,
marker_write,926,43700,,,,,,
marker_sync,926,2046100,,,,,,
append,927,10076799,,,,,,
encode,927,7500,,,,,,
data_write,927,48800,,,,,,
data_sync,927,2719600,,,,,,
marker_write,927,41500,,,,,,
marker_sync,927,7255299,,,,,,
append,928,11996100,,,,,,
encode,928,6100,,,,,,
data_write,928,66300,,,,,,
data_sync,928,4182900,,,,,,
marker_write,928,46800,,,,,,
marker_sync,928,7690500,,,,,,
append,929,12515000,,,,,,
encode,929,7000,,,,,,
data_write,929,63800,,,,,,
data_sync,929,7936600,,,,,,
marker_write,929,49300,,,,,,
marker_sync,929,4453900,,,,,,
append,930,9617100,,,,,,
encode,930,6700,,,,,,
data_write,930,55500,,,,,,
data_sync,930,7439200,,,,,,
marker_write,930,49800,,,,,,
marker_sync,930,2062200,,,,,,
append,931,3750400,,,,,,
encode,931,6600,,,,,,
data_write,931,54700,,,,,,
data_sync,931,1786000,,,,,,
marker_write,931,37100,,,,,,
marker_sync,931,1862800,,,,,,
append,932,14264900,,,,,,
encode,932,6600,,,,,,
data_write,932,50400,,,,,,
data_sync,932,10046300,,,,,,
marker_write,932,61200,,,,,,
marker_sync,932,4096900,,,,,,
append,933,8311300,,,,,,
encode,933,6300,,,,,,
data_write,933,55900,,,,,,
data_sync,933,3802100,,,,,,
marker_write,933,53000,,,,,,
marker_sync,933,4391000,,,,,,
append,934,7566300,,,,,,
encode,934,398300,,,,,,
data_write,934,64800,,,,,,
data_sync,934,3079900,,,,,,
marker_write,934,77300,,,,,,
marker_sync,934,3942300,,,,,,
append,935,8014599,,,,,,
encode,935,7700,,,,,,
data_write,935,58000,,,,,,
data_sync,935,3916899,,,,,,
marker_write,935,56600,,,,,,
marker_sync,935,3971800,,,,,,
append,936,8000500,,,,,,
encode,936,7600,,,,,,
data_write,936,61200,,,,,,
data_sync,936,3923600,,,,,,
marker_write,936,70000,,,,,,
marker_sync,936,3906200,,,,,,
append,937,7968000,,,,,,
encode,937,7100,,,,,,
data_write,937,62000,,,,,,
data_sync,937,3895100,,,,,,
marker_write,937,65800,,,,,,
marker_sync,937,3934400,,,,,,
append,938,7994700,,,,,,
encode,938,7300,,,,,,
data_write,938,54200,,,,,,
data_sync,938,3935000,,,,,,
marker_write,938,51200,,,,,,
marker_sync,938,3942500,,,,,,
append,939,8004700,,,,,,
encode,939,7800,,,,,,
data_write,939,56300,,,,,,
data_sync,939,3930800,,,,,,
marker_write,939,141600,,,,,,
marker_sync,939,3864100,,,,,,
append,940,11974700,,,,,,
encode,940,7200,,,,,,
data_write,940,62300,,,,,,
data_sync,940,3918100,,,,,,
marker_write,940,53900,,,,,,
marker_sync,940,7929100,,,,,,
append,941,12024700,,,,,,
encode,941,7200,,,,,,
data_write,941,94800,,,,,,
data_sync,941,4946000,,,,,,
marker_write,941,63100,,,,,,
marker_sync,941,6910600,,,,,,
append,942,7991099,,,,,,
encode,942,7300,,,,,,
data_write,942,48100,,,,,,
data_sync,942,3941600,,,,,,
marker_write,942,44600,,,,,,
marker_sync,942,3945599,,,,,,
append,943,5403000,,,,,,
encode,943,10700,,,,,,
data_write,943,62600,,,,,,
data_sync,943,1964600,,,,,,
marker_write,943,39800,,,,,,
marker_sync,943,3322400,,,,,,
append,944,10643900,,,,,,
encode,944,6600,,,,,,
data_write,944,34800,,,,,,
data_sync,944,5969900,,,,,,
marker_write,944,47700,,,,,,
marker_sync,944,4579600,,,,,,
append,945,21892200,,,,,,
encode,945,10900,,,,,,
data_write,945,109400,,,,,,
data_sync,945,11829400,,,,,,
marker_write,945,64900,,,,,,
marker_sync,945,9873900,,,,,,
append,946,7912600,,,,,,
encode,946,6200,,,,,,
data_write,946,56400,,,,,,
data_sync,946,3468400,,,,,,
marker_write,946,52100,,,,,,
marker_sync,946,4324900,,,,,,
append,947,8443400,,,,,,
encode,947,7100,,,,,,
data_write,947,56900,,,,,,
data_sync,947,6454400,,,,,,
marker_write,947,57400,,,,,,
marker_sync,947,1864300,,,,,,
append,948,7584200,,,,,,
encode,948,7500,,,,,,
data_write,948,51300,,,,,,
data_sync,948,1775400,,,,,,
marker_write,948,63400,,,,,,
marker_sync,948,5682500,,,,,,
append,949,7857899,,,,,,
encode,949,7000,,,,,,
data_write,949,46900,,,,,,
data_sync,949,1846600,,,,,,
marker_write,949,26600,,,,,,
marker_sync,949,5926699,,,,,,
append,950,7409500,,,,,,
encode,950,7700,,,,,,
data_write,950,62200,,,,,,
data_sync,950,1711500,,,,,,
marker_write,950,44100,,,,,,
marker_sync,950,5580700,,,,,,
append,951,10842600,,,,,,
encode,951,7800,,,,,,
data_write,951,57200,,,,,,
data_sync,951,6785200,,,,,,
marker_write,951,62800,,,,,,
marker_sync,951,3925600,,,,,,
append,952,8016000,,,,,,
encode,952,7000,,,,,,
data_write,952,62700,,,,,,
data_sync,952,3930200,,,,,,
marker_write,952,52700,,,,,,
marker_sync,952,3960000,,,,,,
append,953,13944000,,,,,,
encode,953,7200,,,,,,
data_write,953,58900,,,,,,
data_sync,953,7913400,,,,,,
marker_write,953,55300,,,,,,
marker_sync,953,5906000,,,,,,
append,954,3963100,,,,,,
encode,954,6900,,,,,,
data_write,954,44100,,,,,,
data_sync,954,1949100,,,,,,
marker_write,954,29800,,,,,,
marker_sync,954,1928800,,,,,,
append,955,18076900,,,,,,
encode,955,7000,,,,,,
data_write,955,43800,,,,,,
data_sync,955,9995800,,,,,,
marker_write,955,53200,,,,,,
marker_sync,955,7973700,,,,,,
append,956,8999899,,,,,,
encode,956,6500,,,,,,
data_write,956,86500,,,,,,
data_sync,956,3892600,,,,,,
marker_write,956,44700,,,,,,
marker_sync,956,4966199,,,,,,
append,957,12777300,,,,,,
encode,957,6000,,,,,,
data_write,957,79300,,,,,,
data_sync,957,6880200,,,,,,
marker_write,957,53800,,,,,,
marker_sync,957,5752400,,,,,,
append,958,16000400,,,,,,
encode,958,8900,,,,,,
data_write,958,65600,,,,,,
data_sync,958,10108800,,,,,,
marker_write,958,46500,,,,,,
marker_sync,958,5767300,,,,,,
append,959,14248000,,,,,,
encode,959,6100,,,,,,
data_write,959,52800,,,,,,
data_sync,959,10139000,,,,,,
marker_write,959,34600,,,,,,
marker_sync,959,4012100,,,,,,
append,960,11998800,,,,,,
encode,960,6400,,,,,,
data_write,960,52500,,,,,,
data_sync,960,3170100,,,,,,
marker_write,960,138200,,,,,,
marker_sync,960,8628200,,,,,,
append,961,13963099,,,,,,
encode,961,4400,,,,,,
data_write,961,83500,,,,,,
data_sync,961,3834500,,,,,,
marker_write,961,40200,,,,,,
marker_sync,961,9996599,,,,,,
append,962,8755800,,,,,,
encode,962,6600,,,,,,
data_write,962,55900,,,,,,
data_sync,962,1868600,,,,,,
marker_write,962,42700,,,,,,
marker_sync,962,6778600,,,,,,
append,963,8535000,,,,,,
encode,963,6800,,,,,,
data_write,963,49500,,,,,,
data_sync,963,5148000,,,,,,
marker_write,963,79100,,,,,,
marker_sync,963,3247900,,,,,,
append,964,8687000,,,,,,
encode,964,6500,,,,,,
data_write,964,49400,,,,,,
data_sync,964,4690800,,,,,,
marker_write,964,95800,,,,,,
marker_sync,964,3838700,,,,,,
append,965,7993900,,,,,,
encode,965,7900,,,,,,
data_write,965,153700,,,,,,
data_sync,965,3899400,,,,,,
marker_write,965,34400,,,,,,
marker_sync,965,3894700,,,,,,
append,966,7990900,,,,,,
encode,966,7000,,,,,,
data_write,966,58300,,,,,,
data_sync,966,3968400,,,,,,
marker_write,966,73700,,,,,,
marker_sync,966,3879800,,,,,,
append,967,7994500,,,,,,
encode,967,7700,,,,,,
data_write,967,53800,,,,,,
data_sync,967,3939600,,,,,,
marker_write,967,47000,,,,,,
marker_sync,967,3942600,,,,,,
append,968,7845200,,,,,,
encode,968,6500,,,,,,
data_write,968,50000,,,,,,
data_sync,968,4018700,,,,,,
marker_write,968,55500,,,,,,
marker_sync,968,3710600,,,,,,
append,969,12602399,,,,,,
encode,969,7200,,,,,,
data_write,969,49700,,,,,,
data_sync,969,4100800,,,,,,
marker_write,969,45500,,,,,,
marker_sync,969,8395799,,,,,,
append,970,7539400,,,,,,
encode,970,6300,,,,,,
data_write,970,50500,,,,,,
data_sync,970,3784000,,,,,,
marker_write,970,44700,,,,,,
marker_sync,970,3650700,,,,,,
append,971,8292700,,,,,,
encode,971,5900,,,,,,
data_write,971,52000,,,,,,
data_sync,971,3956200,,,,,,
marker_write,971,47400,,,,,,
marker_sync,971,4227900,,,,,,
append,972,7712800,,,,,,
encode,972,6500,,,,,,
data_write,972,43500,,,,,,
data_sync,972,3662600,,,,,,
marker_write,972,38700,,,,,,
marker_sync,972,3957900,,,,,,
append,973,12000800,,,,,,
encode,973,6100,,,,,,
data_write,973,54400,,,,,,
data_sync,973,4133400,,,,,,
marker_write,973,45400,,,,,,
marker_sync,973,7757900,,,,,,
append,974,10341300,,,,,,
encode,974,8200,,,,,,
data_write,974,53100,,,,,,
data_sync,974,7923200,,,,,,
marker_write,974,43200,,,,,,
marker_sync,974,2310400,,,,,,
append,975,9420000,,,,,,
encode,975,7100,,,,,,
data_write,975,77900,,,,,,
data_sync,975,7531600,,,,,,
marker_write,975,48600,,,,,,
marker_sync,975,1750700,,,,,,
append,976,18011299,,,,,,
encode,976,7000,,,,,,
data_write,976,38100,,,,,,
data_sync,976,8821200,,,,,,
marker_write,976,36400,,,,,,
marker_sync,976,9104799,,,,,,
append,977,6229200,,,,,,
encode,977,6700,,,,,,
data_write,977,51900,,,,,,
data_sync,977,1828300,,,,,,
marker_write,977,44900,,,,,,
marker_sync,977,4293700,,,,,,
append,978,7993900,,,,,,
encode,978,6800,,,,,,
data_write,978,66100,,,,,,
data_sync,978,3908300,,,,,,
marker_write,978,41600,,,,,,
marker_sync,978,3967900,,,,,,
append,979,6168700,,,,,,
encode,979,6200,,,,,,
data_write,979,46700,,,,,,
data_sync,979,3927600,,,,,,
marker_write,979,41900,,,,,,
marker_sync,979,2142000,,,,,,
append,980,13061600,,,,,,
encode,980,9300,,,,,,
data_write,980,49300,,,,,,
data_sync,980,9735100,,,,,,
marker_write,980,54900,,,,,,
marker_sync,980,3209600,,,,,,
append,981,3665000,,,,,,
encode,981,6500,,,,,,
data_write,981,57400,,,,,,
data_sync,981,1722200,,,,,,
marker_write,981,30500,,,,,,
marker_sync,981,1844800,,,,,,
append,982,3762000,,,,,,
encode,982,7500,,,,,,
data_write,982,52300,,,,,,
data_sync,982,1998400,,,,,,
marker_write,982,43600,,,,,,
marker_sync,982,1656900,,,,,,
append,983,4276300,,,,,,
encode,983,6500,,,,,,
data_write,983,66200,,,,,,
data_sync,983,1639500,,,,,,
marker_write,983,31100,,,,,,
marker_sync,983,2529200,,,,,,
append,984,18710099,,,,,,
encode,984,7500,,,,,,
data_write,984,54900,,,,,,
data_sync,984,9890400,,,,,,
marker_write,984,456000,,,,,,
marker_sync,984,8296499,,,,,,
append,985,6359500,,,,,,
encode,985,6700,,,,,,
data_write,985,43800,,,,,,
data_sync,985,2051800,,,,,,
marker_write,985,153900,,,,,,
marker_sync,985,4099900,,,,,,
append,986,7977900,,,,,,
encode,986,6200,,,,,,
data_write,986,106700,,,,,,
data_sync,986,3302600,,,,,,
marker_write,986,36600,,,,,,
marker_sync,986,4522100,,,,,,
append,987,3680100,,,,,,
encode,987,6900,,,,,,
data_write,987,84400,,,,,,
data_sync,987,1816100,,,,,,
marker_write,987,62500,,,,,,
marker_sync,987,1681200,,,,,,
append,988,6865500,,,,,,
encode,988,6600,,,,,,
data_write,988,34700,,,,,,
data_sync,988,3186800,,,,,,
marker_write,988,32300,,,,,,
marker_sync,988,3601400,,,,,,
append,989,8442600,,,,,,
encode,989,6700,,,,,,
data_write,989,50200,,,,,,
data_sync,989,6375500,,,,,,
marker_write,989,47200,,,,,,
marker_sync,989,1957600,,,,,,
append,990,13026400,,,,,,
encode,990,9900,,,,,,
data_write,990,64300,,,,,,
data_sync,990,5036300,,,,,,
marker_write,990,329500,,,,,,
marker_sync,990,7581400,,,,,,
append,991,8174100,,,,,,
encode,991,7100,,,,,,
data_write,991,47800,,,,,,
data_sync,991,3931700,,,,,,
marker_write,991,89300,,,,,,
marker_sync,991,4094700,,,,,,
append,992,6233200,,,,,,
encode,992,6800,,,,,,
data_write,992,51900,,,,,,
data_sync,992,4209300,,,,,,
marker_write,992,56600,,,,,,
marker_sync,992,1904400,,,,,,
append,993,13572099,,,,,,
encode,993,6300,,,,,,
data_write,993,41800,,,,,,
data_sync,993,5489400,,,,,,
marker_write,993,40200,,,,,,
marker_sync,993,7990699,,,,,,
append,994,7989600,,,,,,
encode,994,6600,,,,,,
data_write,994,46000,,,,,,
data_sync,994,3936700,,,,,,
marker_write,994,40500,,,,,,
marker_sync,994,3956400,,,,,,
append,995,12031200,,,,,,
encode,995,6200,,,,,,
data_write,995,42400,,,,,,
data_sync,995,7950400,,,,,,
marker_write,995,47400,,,,,,
marker_sync,995,3980900,,,,,,
append,996,7963300,,,,,,
encode,996,6100,,,,,,
data_write,996,41700,,,,,,
data_sync,996,3915200,,,,,,
marker_write,996,63500,,,,,,
marker_sync,996,3932800,,,,,,
append,997,3687600,,,,,,
encode,997,6200,,,,,,
data_write,997,59600,,,,,,
data_sync,997,1851100,,,,,,
marker_write,997,44700,,,,,,
marker_sync,997,1722300,,,,,,
append,998,8315700,,,,,,
encode,998,6800,,,,,,
data_write,998,50500,,,,,,
data_sync,998,4257400,,,,,,
marker_write,998,64700,,,,,,
marker_sync,998,3932100,,,,,,
append,999,16009000,,,,,,
encode,999,6400,,,,,,
data_write,999,51800,,,,,,
data_sync,999,4433300,,,,,,
marker_write,999,43900,,,,,,
marker_sync,999,11470000,,,,,,
append,1000,12076299,,,,,,
encode,1000,6200,,,,,,
data_write,1000,48900,,,,,,
data_sync,1000,7928399,,,,,,
marker_write,1000,67400,,,,,,
marker_sync,1000,4022700,,,,,,
append,1001,7904700,,,,,,
encode,1001,7200,,,,,,
data_write,1001,104200,,,,,,
data_sync,1001,3789500,,,,,,
marker_write,1001,35800,,,,,,
marker_sync,1001,3964200,,,,,,
append,1002,7998700,,,,,,
encode,1002,6100,,,,,,
data_write,1002,39800,,,,,,
data_sync,1002,3969700,,,,,,
marker_write,1002,33400,,,,,,
marker_sync,1002,3945800,,,,,,
append,1003,7998500,,,,,,
encode,1003,6200,,,,,,
data_write,1003,36300,,,,,,
data_sync,1003,3953200,,,,,,
marker_write,1003,38400,,,,,,
marker_sync,1003,3960200,,,,,,
append,1004,11994700,,,,,,
encode,1004,6100,,,,,,
data_write,1004,200900,,,,,,
data_sync,1004,3786600,,,,,,
marker_write,1004,3987700,,,,,,
marker_sync,1004,4009500,,,,,,
append,1005,4125700,,,,,,
encode,1005,7700,,,,,,
data_write,1005,45000,,,,,,
data_sync,1005,2162000,,,,,,
marker_write,1005,32600,,,,,,
marker_sync,1005,1875000,,,,,,
append,1006,16069200,,,,,,
encode,1006,6200,,,,,,
data_write,1006,73900,,,,,,
data_sync,1006,7779100,,,,,,
marker_write,1006,52400,,,,,,
marker_sync,1006,8153800,,,,,,
append,1007,11814399,,,,,,
encode,1007,6700,,,,,,
data_write,1007,165100,,,,,,
data_sync,1007,3787300,,,,,,
marker_write,1007,42900,,,,,,
marker_sync,1007,7807699,,,,,,
append,1008,14943000,,,,,,
encode,1008,6800,,,,,,
data_write,1008,53300,,,,,,
data_sync,1008,7456800,,,,,,
marker_write,1008,42800,,,,,,
marker_sync,1008,7380300,,,,,,
append,1009,13026500,,,,,,
encode,1009,6000,,,,,,
data_write,1009,47600,,,,,,
data_sync,1009,3199100,,,,,,
marker_write,1009,42900,,,,,,
marker_sync,1009,9727300,,,,,,
append,1010,5116400,,,,,,
encode,1010,6500,,,,,,
data_write,1010,50500,,,,,,
data_sync,1010,3293400,,,,,,
marker_write,1010,33700,,,,,,
marker_sync,1010,1728900,,,,,,
append,1011,10193400,,,,,,
encode,1011,7000,,,,,,
data_write,1011,31600,,,,,,
data_sync,1011,3282600,,,,,,
marker_write,1011,35100,,,,,,
marker_sync,1011,6833400,,,,,,
append,1012,8770600,,,,,,
encode,1012,6800,,,,,,
data_write,1012,35700,,,,,,
data_sync,1012,4706300,,,,,,
marker_write,1012,40900,,,,,,
marker_sync,1012,3977300,,,,,,
append,1013,11250800,,,,,,
encode,1013,6300,,,,,,
data_write,1013,522800,,,,,,
data_sync,1013,7417200,,,,,,
marker_write,1013,38700,,,,,,
marker_sync,1013,3260900,,,,,,
append,1014,8716399,,,,,,
encode,1014,9600,,,,,,
data_write,1014,50800,,,,,,
data_sync,1014,4628599,,,,,,
marker_write,1014,40000,,,,,,
marker_sync,1014,3983700,,,,,,
append,1015,15940900,,,,,,
encode,1015,6700,,,,,,
data_write,1015,41800,,,,,,
data_sync,1015,2889300,,,,,,
marker_write,1015,42100,,,,,,
marker_sync,1015,12957500,,,,,,
append,1016,8031700,,,,,,
encode,1016,6000,,,,,,
data_write,1016,95200,,,,,,
data_sync,1016,3945000,,,,,,
marker_write,1016,45300,,,,,,
marker_sync,1016,3936600,,,,,,
append,1017,7991300,,,,,,
encode,1017,7000,,,,,,
data_write,1017,56700,,,,,,
data_sync,1017,3927700,,,,,,
marker_write,1017,36000,,,,,,
marker_sync,1017,3960000,,,,,,
append,1018,6086100,,,,,,
encode,1018,6000,,,,,,
data_write,1018,41200,,,,,,
data_sync,1018,3975500,,,,,,
marker_write,1018,36600,,,,,,
marker_sync,1018,2023100,,,,,,
append,1019,13916600,,,,,,
encode,1019,7500,,,,,,
data_write,1019,49600,,,,,,
data_sync,1019,9852100,,,,,,
marker_write,1019,43200,,,,,,
marker_sync,1019,3960500,,,,,,
append,1020,8025900,,,,,,
encode,1020,6700,,,,,,
data_write,1020,45900,,,,,,
data_sync,1020,3944700,,,,,,
marker_write,1020,50800,,,,,,
marker_sync,1020,3974000,,,,,,
append,1021,4377799,,,,,,
encode,1021,6400,,,,,,
data_write,1021,95700,,,,,,
data_sync,1021,2182200,,,,,,
marker_write,1021,69400,,,,,,
marker_sync,1021,2018699,,,,,,
append,1022,3926700,,,,,,
encode,1022,7300,,,,,,
data_write,1022,85000,,,,,,
data_sync,1022,1855100,,,,,,
marker_write,1022,64800,,,,,,
marker_sync,1022,1911100,,,,,,
append,1023,6112000,,,,,,
encode,1023,5600,,,,,,
data_write,1023,33200,,,,,,
data_sync,1023,3864100,,,,,,
marker_write,1023,85800,,,,,,
marker_sync,1023,2119900,,,,,,
append,1024,5409200,,,,,,
encode,1024,6300,,,,,,
data_write,1024,37800,,,,,,
data_sync,1024,2719400,,,,,,
marker_write,1024,107700,,,,,,
marker_sync,1024,2534600,,,,,,
append,1025,8072100,,,,,,
encode,1025,4200,,,,,,
data_write,1025,80100,,,,,,
data_sync,1025,2134400,,,,,,
marker_write,1025,40300,,,,,,
marker_sync,1025,5809500,,,,,,
append,1026,3524100,,,,,,
encode,1026,8000,,,,,,
data_write,1026,40300,,,,,,
data_sync,1026,1890000,,,,,,
marker_write,1026,25200,,,,,,
marker_sync,1026,1557500,,,,,,
append,1027,6357600,,,,,,
encode,1027,5900,,,,,,
data_write,1027,30100,,,,,,
data_sync,1027,4488400,,,,,,
marker_write,1027,37200,,,,,,
marker_sync,1027,1792100,,,,,,
append,1028,6126800,,,,,,
encode,1028,6600,,,,,,
data_write,1028,47200,,,,,,
data_sync,1028,1759100,,,,,,
marker_write,1028,76300,,,,,,
marker_sync,1028,4233400,,,,,,
append,1029,6202000,,,,,,
encode,1029,6500,,,,,,
data_write,1029,42800,,,,,,
data_sync,1029,3954100,,,,,,
marker_write,1029,33900,,,,,,
marker_sync,1029,2161400,,,,,,
append,1030,11767800,,,,,,
encode,1030,6500,,,,,,
data_write,1030,82500,,,,,,
data_sync,1030,9694800,,,,,,
marker_write,1030,34600,,,,,,
marker_sync,1030,1945600,,,,,,
append,1031,6025900,,,,,,
encode,1031,7200,,,,,,
data_write,1031,33200,,,,,,
data_sync,1031,1674600,,,,,,
marker_write,1031,28000,,,,,,
marker_sync,1031,4279400,,,,,,
append,1032,12027599,,,,,,
encode,1032,6500,,,,,,
data_write,1032,47500,,,,,,
data_sync,1032,3947199,,,,,,
marker_write,1032,41800,,,,,,
marker_sync,1032,7980800,,,,,,
append,1033,7978500,,,,,,
encode,1033,6600,,,,,,
data_write,1033,56800,,,,,,
data_sync,1033,3904100,,,,,,
marker_write,1033,42300,,,,,,
marker_sync,1033,3964600,,,,,,
append,1034,6323300,,,,,,
encode,1034,9000,,,,,,
data_write,1034,57300,,,,,,
data_sync,1034,3913000,,,,,,
marker_write,1034,39500,,,,,,
marker_sync,1034,2301600,,,,,,
append,1035,11847100,,,,,,
encode,1035,6100,,,,,,
data_write,1035,54100,,,,,,
data_sync,1035,9576100,,,,,,
marker_write,1035,47400,,,,,,
marker_sync,1035,2159900,,,,,,
append,1036,5825900,,,,,,
encode,1036,6500,,,,,,
data_write,1036,48300,,,,,,
data_sync,1036,2457700,,,,,,
marker_write,1036,41800,,,,,,
marker_sync,1036,3268600,,,,,,
append,1037,8021100,,,,,,
encode,1037,7000,,,,,,
data_write,1037,83100,,,,,,
data_sync,1037,3573700,,,,,,
marker_write,1037,48500,,,,,,
marker_sync,1037,4305300,,,,,,
append,1038,10982700,,,,,,
encode,1038,7500,,,,,,
data_write,1038,55600,,,,,,
data_sync,1038,7331800,,,,,,
marker_write,1038,1637400,,,,,,
marker_sync,1038,1946900,,,,,,
append,1039,8980300,,,,,,
encode,1039,6400,,,,,,
data_write,1039,55300,,,,,,
data_sync,1039,4951100,,,,,,
marker_write,1039,50500,,,,,,
marker_sync,1039,3912600,,,,,,
append,1040,12087499,,,,,,
encode,1040,6900,,,,,,
data_write,1040,82200,,,,,,
data_sync,1040,4011599,,,,,,
marker_write,1040,38100,,,,,,
marker_sync,1040,7945500,,,,,,
append,1041,7970000,,,,,,
encode,1041,27200,,,,,,
data_write,1041,42600,,,,,,
data_sync,1041,3839700,,,,,,
marker_write,1041,37200,,,,,,
marker_sync,1041,4019800,,,,,,
append,1042,7987300,,,,,,
encode,1042,6500,,,,,,
data_write,1042,40100,,,,,,
data_sync,1042,3898200,,,,,,
marker_write,1042,39300,,,,,,
marker_sync,1042,4000100,,,,,,
append,1043,7972200,,,,,,
encode,1043,7300,,,,,,
data_write,1043,55300,,,,,,
data_sync,1043,3934400,,,,,,
marker_write,1043,46800,,,,,,
marker_sync,1043,3924300,,,,,,
append,1044,7989400,,,,,,
encode,1044,6600,,,,,,
data_write,1044,52300,,,,,,
data_sync,1044,4181100,,,,,,
marker_write,1044,59800,,,,,,
marker_sync,1044,3686400,,,,,,
append,1045,6136200,,,,,,
encode,1045,8200,,,,,,
data_write,1045,48100,,,,,,
data_sync,1045,3926000,,,,,,
marker_write,1045,40100,,,,,,
marker_sync,1045,2110600,,,,,,
append,1046,3997800,,,,,,
encode,1046,6900,,,,,,
data_write,1046,52400,,,,,,
data_sync,1046,1960400,,,,,,
marker_write,1046,41700,,,,,,
marker_sync,1046,1932900,,,,,,
append,1047,5605600,,,,,,
encode,1047,6100,,,,,,
data_write,1047,40800,,,,,,
data_sync,1047,1842300,,,,,,
marker_write,1047,41500,,,,,,
marker_sync,1047,3672200,,,,,,
append,1048,12221699,,,,,,
encode,1048,6600,,,,,,
data_write,1048,48500,,,,,,
data_sync,1048,2569200,,,,,,
marker_write,1048,65300,,,,,,
marker_sync,1048,9528899,,,,,,
append,1049,4232500,,,,,,
encode,1049,5700,,,,,,
data_write,1049,53300,,,,,,
data_sync,1049,2533500,,,,,,
marker_write,1049,30700,,,,,,
marker_sync,1049,1606300,,,,,,
append,1050,7784200,,,,,,
encode,1050,5900,,,,,,
data_write,1050,37500,,,,,,
data_sync,1050,3745400,,,,,,
marker_write,1050,41500,,,,,,
marker_sync,1050,3950200,,,,,,
append,1051,8059100,,,,,,
encode,1051,6200,,,,,,
data_write,1051,45500,,,,,,
data_sync,1051,3978600,,,,,,
marker_write,1051,180800,,,,,,
marker_sync,1051,3844400,,,,,,
append,1052,12040800,,,,,,
encode,1052,90100,,,,,,
data_write,1052,60900,,,,,,
data_sync,1052,3793200,,,,,,
marker_write,1052,38800,,,,,,
marker_sync,1052,8054200,,,,,,
append,1053,15903400,,,,,,
encode,1053,6600,,,,,,
data_write,1053,53600,,,,,,
data_sync,1053,7846400,,,,,,
marker_write,1053,38900,,,,,,
marker_sync,1053,7955000,,,,,,
append,1054,16023400,,,,,,
encode,1054,6800,,,,,,
data_write,1054,107000,,,,,,
data_sync,1054,7892000,,,,,,
marker_write,1054,80500,,,,,,
marker_sync,1054,7933000,,,,,,
append,1055,7975999,,,,,,
encode,1055,7100,,,,,,
data_write,1055,98300,,,,,,
data_sync,1055,3869300,,,,,,
marker_write,1055,44800,,,,,,
marker_sync,1055,3952899,,,,,,
append,1056,7995100,,,,,,
encode,1056,6200,,,,,,
data_write,1056,78700,,,,,,
data_sync,1056,3905700,,,,,,
marker_write,1056,33100,,,,,,
marker_sync,1056,3968100,,,,,,
append,1057,7996800,,,,,,
encode,1057,5800,,,,,,
data_write,1057,36000,,,,,,
data_sync,1057,3951800,,,,,,
marker_write,1057,40700,,,,,,
marker_sync,1057,3959200,,,,,,
append,1058,8003300,,,,,,
encode,1058,6200,,,,,,
data_write,1058,47400,,,,,,
data_sync,1058,3946000,,,,,,
marker_write,1058,45100,,,,,,
marker_sync,1058,3955000,,,,,,
append,1059,7991700,,,,,,
encode,1059,6500,,,,,,
data_write,1059,41100,,,,,,
data_sync,1059,3977300,,,,,,
marker_write,1059,47000,,,,,,
marker_sync,1059,3916600,,,,,,
append,1060,11979900,,,,,,
encode,1060,6200,,,,,,
data_write,1060,61500,,,,,,
data_sync,1060,1946400,,,,,,
marker_write,1060,64800,,,,,,
marker_sync,1060,9897500,,,,,,
append,1061,4107900,,,,,,
encode,1061,6300,,,,,,
data_write,1061,48900,,,,,,
data_sync,1061,1927300,,,,,,
marker_write,1061,45100,,,,,,
marker_sync,1061,2076000,,,,,,
append,1062,13724500,,,,,,
encode,1062,6600,,,,,,
data_write,1062,74800,,,,,,
data_sync,1062,3543200,,,,,,
marker_write,1062,44500,,,,,,
marker_sync,1062,10051800,,,,,,
append,1063,7802499,,,,,,
encode,1063,6300,,,,,,
data_write,1063,53600,,,,,,
data_sync,1063,1801200,,,,,,
marker_write,1063,44500,,,,,,
marker_sync,1063,5893199,,,,,,
append,1064,6398100,,,,,,
encode,1064,6800,,,,,,
data_write,1064,51500,,,,,,
data_sync,1064,2315900,,,,,,
marker_write,1064,43100,,,,,,
marker_sync,1064,3976900,,,,,,
append,1065,12253700,,,,,,
encode,1065,6300,,,,,,
data_write,1065,51400,,,,,,
data_sync,1065,7918600,,,,,,
marker_write,1065,42900,,,,,,
marker_sync,1065,4231000,,,,,,
append,1066,11059000,,,,,,
encode,1066,6900,,,,,,
data_write,1066,57500,,,,,,
data_sync,1066,7667800,,,,,,
marker_write,1066,43600,,,,,,
marker_sync,1066,3279500,,,,,,
append,1067,8687900,,,,,,
encode,1067,6900,,,,,,
data_write,1067,53800,,,,,,
data_sync,1067,4608400,,,,,,
marker_write,1067,51800,,,,,,
marker_sync,1067,3963400,,,,,,
append,1068,5905000,,,,,,
encode,1068,8200,,,,,,
data_write,1068,126000,,,,,,
data_sync,1068,3160500,,,,,,
marker_write,1068,48000,,,,,,
marker_sync,1068,2558500,,,,,,
append,1069,3572600,,,,,,
encode,1069,6800,,,,,,
data_write,1069,55300,,,,,,
data_sync,1069,1728900,,,,,,
marker_write,1069,47300,,,,,,
marker_sync,1069,1731100,,,,,,
append,1070,5196600,,,,,,
encode,1070,6000,,,,,,
data_write,1070,56200,,,,,,
data_sync,1070,3142700,,,,,,
marker_write,1070,47200,,,,,,
marker_sync,1070,1941100,,,,,,
append,1071,3840700,,,,,,
encode,1071,6600,,,,,,
data_write,1071,49900,,,,,,
data_sync,1071,1892300,,,,,,
marker_write,1071,52800,,,,,,
marker_sync,1071,1836000,,,,,,
append,1072,3910900,,,,,,
encode,1072,6900,,,,,,
data_write,1072,65200,,,,,,
data_sync,1072,1809600,,,,,,
marker_write,1072,43000,,,,,,
marker_sync,1072,1983000,,,,,,
append,1073,9524999,,,,,,
encode,1073,6400,,,,,,
data_write,1073,49300,,,,,,
data_sync,1073,1849300,,,,,,
marker_write,1073,40700,,,,,,
marker_sync,1073,7575499,,,,,,
append,1074,8028200,,,,,,
encode,1074,7400,,,,,,
data_write,1074,57300,,,,,,
data_sync,1074,3948600,,,,,,
marker_write,1074,41300,,,,,,
marker_sync,1074,3969600,,,,,,
append,1075,7986900,,,,,,
encode,1075,5800,,,,,,
data_write,1075,53600,,,,,,
data_sync,1075,3940500,,,,,,
marker_write,1075,40900,,,,,,
marker_sync,1075,3942200,,,,,,
append,1076,7998800,,,,,,
encode,1076,6000,,,,,,
data_write,1076,48000,,,,,,
data_sync,1076,3977000,,,,,,
marker_write,1076,44300,,,,,,
marker_sync,1076,3920600,,,,,,
append,1077,7991800,,,,,,
encode,1077,6100,,,,,,
data_write,1077,52900,,,,,,
data_sync,1077,3940400,,,,,,
marker_write,1077,45700,,,,,,
marker_sync,1077,3943600,,,,,,
append,1078,8001700,,,,,,
encode,1078,5600,,,,,,
data_write,1078,50500,,,,,,
data_sync,1078,3946500,,,,,,
marker_write,1078,43400,,,,,,
marker_sync,1078,3952700,,,,,,
append,1079,8008800,,,,,,
encode,1079,5400,,,,,,
data_write,1079,50300,,,,,,
data_sync,1079,3945300,,,,,,
marker_write,1079,47200,,,,,,
marker_sync,1079,3956500,,,,,,
append,1080,13793100,,,,,,
encode,1080,5800,,,,,,
data_write,1080,96900,,,,,,
data_sync,1080,3889500,,,,,,
marker_write,1080,47300,,,,,,
marker_sync,1080,9750400,,,,,,
append,1081,6198299,,,,,,
encode,1081,6700,,,,,,
data_write,1081,51400,,,,,,
data_sync,1081,2129000,,,,,,
marker_write,1081,36300,,,,,,
marker_sync,1081,3970699,,,,,,
append,1082,7993500,,,,,,
encode,1082,6000,,,,,,
data_write,1082,54500,,,,,,
data_sync,1082,3930700,,,,,,
marker_write,1082,42800,,,,,,
marker_sync,1082,3956300,,,,,,
append,1083,7996400,,,,,,
encode,1083,5800,,,,,,
data_write,1083,49500,,,,,,
data_sync,1083,3943900,,,,,,
marker_write,1083,45900,,,,,,
marker_sync,1083,3947300,,,,,,
append,1084,6098100,,,,,,
encode,1084,6200,,,,,,
data_write,1084,46700,,,,,,
data_sync,1084,3997700,,,,,,
marker_write,1084,41800,,,,,,
marker_sync,1084,2002400,,,,,,
append,1085,3951900,,,,,,
encode,1085,5900,,,,,,
data_write,1085,38400,,,,,,
data_sync,1085,1875300,,,,,,
marker_write,1085,24200,,,,,,
marker_sync,1085,2004800,,,,,,
append,1086,3848200,,,,,,
encode,1086,6800,,,,,,
data_write,1086,51400,,,,,,
data_sync,1086,1908800,,,,,,
marker_write,1086,41600,,,,,,
marker_sync,1086,1835000,,,,,,
append,1087,3847400,,,,,,
encode,1087,6700,,,,,,
data_write,1087,51200,,,,,,
data_sync,1087,1878900,,,,,,
marker_write,1087,35800,,,,,,
marker_sync,1087,1871600,,,,,,
append,1088,3719800,,,,,,
encode,1088,5600,,,,,,
data_write,1088,52500,,,,,,
data_sync,1088,1821100,,,,,,
marker_write,1088,35700,,,,,,
marker_sync,1088,1802100,,,,,,
append,1089,3715300,,,,,,
encode,1089,4200,,,,,,
data_write,1089,30700,,,,,,
data_sync,1089,1832300,,,,,,
marker_write,1089,29300,,,,,,
marker_sync,1089,1814600,,,,,,
append,1090,6204400,,,,,,
encode,1090,6200,,,,,,
data_write,1090,34700,,,,,,
data_sync,1090,3671700,,,,,,
marker_write,1090,40400,,,,,,
marker_sync,1090,2408500,,,,,,
append,1091,3865200,,,,,,
encode,1091,8000,,,,,,
data_write,1091,51000,,,,,,
data_sync,1091,1932500,,,,,,
marker_write,1091,35900,,,,,,
marker_sync,1091,1829100,,,,,,
append,1092,3985300,,,,,,
encode,1092,7400,,,,,,
data_write,1092,102900,,,,,,
data_sync,1092,1871000,,,,,,
marker_write,1092,47400,,,,,,
marker_sync,1092,1953300,,,,,,
append,1093,3667900,,,,,,
encode,1093,6000,,,,,,
data_write,1093,42400,,,,,,
data_sync,1093,1775600,,,,,,
marker_write,1093,29200,,,,,,
marker_sync,1093,1811000,,,,,,
append,1094,3998500,,,,,,
encode,1094,5800,,,,,,
data_write,1094,33500,,,,,,
data_sync,1094,1879500,,,,,,
marker_write,1094,59800,,,,,,
marker_sync,1094,2016600,,,,,,
append,1095,4011199,,,,,,
encode,1095,5900,,,,,,
data_write,1095,73700,,,,,,
data_sync,1095,1919200,,,,,,
marker_write,1095,65000,,,,,,
marker_sync,1095,1943899,,,,,,
append,1096,3720500,,,,,,
encode,1096,6800,,,,,,
data_write,1096,72400,,,,,,
data_sync,1096,1805700,,,,,,
marker_write,1096,57900,,,,,,
marker_sync,1096,1775200,,,,,,
append,1097,3909000,,,,,,
encode,1097,6600,,,,,,
data_write,1097,75400,,,,,,
data_sync,1097,1937900,,,,,,
marker_write,1097,63100,,,,,,
marker_sync,1097,1822300,,,,,,
append,1098,3886500,,,,,,
encode,1098,6400,,,,,,
data_write,1098,141300,,,,,,
data_sync,1098,1909200,,,,,,
marker_write,1098,60900,,,,,,
marker_sync,1098,1765700,,,,,,
append,1099,3523200,,,,,,
encode,1099,5600,,,,,,
data_write,1099,75400,,,,,,
data_sync,1099,1696700,,,,,,
marker_write,1099,59200,,,,,,
marker_sync,1099,1682900,,,,,,
append,1100,4132500,,,,,,
encode,1100,6600,,,,,,
data_write,1100,128200,,,,,,
data_sync,1100,1886300,,,,,,
marker_write,1100,112300,,,,,,
marker_sync,1100,1996000,,,,,,
append,1101,3773900,,,,,,
encode,1101,6700,,,,,,
data_write,1101,67500,,,,,,
data_sync,1101,1914600,,,,,,
marker_write,1101,67700,,,,,,
marker_sync,1101,1714400,,,,,,
append,1102,3746600,,,,,,
encode,1102,59500,,,,,,
data_write,1102,69300,,,,,,
data_sync,1102,1781600,,,,,,
marker_write,1102,61900,,,,,,
marker_sync,1102,1770900,,,,,,
append,1103,3854800,,,,,,
encode,1103,5900,,,,,,
data_write,1103,121700,,,,,,
data_sync,1103,1838100,,,,,,
marker_write,1103,60700,,,,,,
marker_sync,1103,1825300,,,,,,
append,1104,3849900,,,,,,
encode,1104,5700,,,,,,
data_write,1104,126000,,,,,,
data_sync,1104,1902800,,,,,,
marker_write,1104,55800,,,,,,
marker_sync,1104,1756300,,,,,,
append,1105,4008900,,,,,,
encode,1105,55600,,,,,,
data_write,1105,66000,,,,,,
data_sync,1105,1682000,,,,,,
marker_write,1105,58400,,,,,,
marker_sync,1105,2142800,,,,,,
append,1106,3621400,,,,,,
encode,1106,6400,,,,,,
data_write,1106,97600,,,,,,
data_sync,1106,1736900,,,,,,
marker_write,1106,75400,,,,,,
marker_sync,1106,1701600,,,,,,
append,1107,3480400,,,,,,
encode,1107,6900,,,,,,
data_write,1107,66800,,,,,,
data_sync,1107,1627900,,,,,,
marker_write,1107,56300,,,,,,
marker_sync,1107,1719600,,,,,,
append,1108,3583600,,,,,,
encode,1108,5500,,,,,,
data_write,1108,73300,,,,,,
data_sync,1108,1717700,,,,,,
marker_write,1108,106300,,,,,,
marker_sync,1108,1677700,,,,,,
append,1109,3690500,,,,,,
encode,1109,6100,,,,,,
data_write,1109,63700,,,,,,
data_sync,1109,1701000,,,,,,
marker_write,1109,62000,,,,,,
marker_sync,1109,1854700,,,,,,
append,1110,3900000,,,,,,
encode,1110,6200,,,,,,
data_write,1110,94100,,,,,,
data_sync,1110,1926700,,,,,,
marker_write,1110,63500,,,,,,
marker_sync,1110,1806700,,,,,,
append,1111,3701100,,,,,,
encode,1111,5900,,,,,,
data_write,1111,96800,,,,,,
data_sync,1111,1746200,,,,,,
marker_write,1111,60500,,,,,,
marker_sync,1111,1788600,,,,,,
append,1112,3670400,,,,,,
encode,1112,5800,,,,,,
data_write,1112,72200,,,,,,
data_sync,1112,1799900,,,,,,
marker_write,1112,59300,,,,,,
marker_sync,1112,1730400,,,,,,
append,1113,3878200,,,,,,
encode,1113,4800,,,,,,
data_write,1113,87000,,,,,,
data_sync,1113,1688500,,,,,,
marker_write,1113,138500,,,,,,
marker_sync,1113,1956700,,,,,,
append,1114,4286799,,,,,,
encode,1114,6700,,,,,,
data_write,1114,131000,,,,,,
data_sync,1114,2004999,,,,,,
marker_write,1114,59400,,,,,,
marker_sync,1114,2079700,,,,,,
append,1115,3867300,,,,,,
encode,1115,6400,,,,,,
data_write,1115,129600,,,,,,
data_sync,1115,1904700,,,,,,
marker_write,1115,86800,,,,,,
marker_sync,1115,1736500,,,,,,
append,1116,3697000,,,,,,
encode,1116,5800,,,,,,
data_write,1116,123700,,,,,,
data_sync,1116,1757600,,,,,,
marker_write,1116,97400,,,,,,
marker_sync,1116,1708600,,,,,,
append,1117,4181700,,,,,,
encode,1117,5900,,,,,,
data_write,1117,123000,,,,,,
data_sync,1117,1913500,,,,,,
marker_write,1117,116200,,,,,,
marker_sync,1117,2018700,,,,,,
append,1118,4127100,,,,,,
encode,1118,6700,,,,,,
data_write,1118,71900,,,,,,
data_sync,1118,1870600,,,,,,
marker_write,1118,122800,,,,,,
marker_sync,1118,2052000,,,,,,
append,1119,4037600,,,,,,
encode,1119,7100,,,,,,
data_write,1119,163500,,,,,,
data_sync,1119,1926100,,,,,,
marker_write,1119,60900,,,,,,
marker_sync,1119,1876700,,,,,,
append,1120,3858800,,,,,,
encode,1120,6800,,,,,,
data_write,1120,74000,,,,,,
data_sync,1120,1831600,,,,,,
marker_write,1120,65500,,,,,,
marker_sync,1120,1877500,,,,,,
append,1121,3791600,,,,,,
encode,1121,7300,,,,,,
data_write,1121,74600,,,,,,
data_sync,1121,1865400,,,,,,
marker_write,1121,64900,,,,,,
marker_sync,1121,1776600,,,,,,
append,1122,3861400,,,,,,
encode,1122,6400,,,,,,
data_write,1122,126000,,,,,,
data_sync,1122,1927300,,,,,,
marker_write,1122,59600,,,,,,
marker_sync,1122,1739000,,,,,,
append,1123,3768400,,,,,,
encode,1123,5400,,,,,,
data_write,1123,121900,,,,,,
data_sync,1123,1843800,,,,,,
marker_write,1123,81300,,,,,,
marker_sync,1123,1712300,,,,,,
append,1124,3680200,,,,,,
encode,1124,6400,,,,,,
data_write,1124,66000,,,,,,
data_sync,1124,1745400,,,,,,
marker_write,1124,82600,,,,,,
marker_sync,1124,1777200,,,,,,
append,1125,4186700,,,,,,
encode,1125,6400,,,,,,
data_write,1125,64900,,,,,,
data_sync,1125,2126800,,,,,,
marker_write,1125,95500,,,,,,
marker_sync,1125,1889300,,,,,,
append,1126,3932200,,,,,,
encode,1126,6600,,,,,,
data_write,1126,142800,,,,,,
data_sync,1126,1898600,,,,,,
marker_write,1126,59000,,,,,,
marker_sync,1126,1820800,,,,,,
append,1127,3877100,,,,,,
encode,1127,7600,,,,,,
data_write,1127,80200,,,,,,
data_sync,1127,1872100,,,,,,
marker_write,1127,115300,,,,,,
marker_sync,1127,1797900,,,,,,
append,1128,3730600,,,,,,
encode,1128,7400,,,,,,
data_write,1128,77700,,,,,,
data_sync,1128,1922100,,,,,,
marker_write,1128,59600,,,,,,
marker_sync,1128,1660100,,,,,,
append,1129,3827700,,,,,,
encode,1129,6800,,,,,,
data_write,1129,135700,,,,,,
data_sync,1129,1887400,,,,,,
marker_write,1129,61300,,,,,,
marker_sync,1129,1733500,,,,,,
append,1130,3995800,,,,,,
encode,1130,6200,,,,,,
data_write,1130,73400,,,,,,
data_sync,1130,1784600,,,,,,
marker_write,1130,70700,,,,,,
marker_sync,1130,2057500,,,,,,
append,1131,4065999,,,,,,
encode,1131,5900,,,,,,
data_write,1131,69600,,,,,,
data_sync,1131,2096000,,,,,,
marker_write,1131,57300,,,,,,
marker_sync,1131,1833499,,,,,,
append,1132,4020300,,,,,,
encode,1132,6400,,,,,,
data_write,1132,78400,,,,,,
data_sync,1132,1893200,,,,,,
marker_write,1132,56500,,,,,,
marker_sync,1132,1982500,,,,,,
append,1133,4447200,,,,,,
encode,1133,5900,,,,,,
data_write,1133,74900,,,,,,
data_sync,1133,1892500,,,,,,
marker_write,1133,64700,,,,,,
marker_sync,1133,2404900,,,,,,
append,1134,4177000,,,,,,
encode,1134,6400,,,,,,
data_write,1134,77300,,,,,,
data_sync,1134,2179600,,,,,,
marker_write,1134,62300,,,,,,
marker_sync,1134,1848400,,,,,,
append,1135,3958600,,,,,,
encode,1135,6300,,,,,,
data_write,1135,80500,,,,,,
data_sync,1135,1996200,,,,,,
marker_write,1135,57100,,,,,,
marker_sync,1135,1814800,,,,,,
append,1136,4079600,,,,,,
encode,1136,6700,,,,,,
data_write,1136,58900,,,,,,
data_sync,1136,2001200,,,,,,
marker_write,1136,59400,,,,,,
marker_sync,1136,1950300,,,,,,
append,1137,4211100,,,,,,
encode,1137,6100,,,,,,
data_write,1137,76300,,,,,,
data_sync,1137,2057700,,,,,,
marker_write,1137,67400,,,,,,
marker_sync,1137,2000300,,,,,,
append,1138,4245500,,,,,,
encode,1138,5200,,,,,,
data_write,1138,60400,,,,,,
data_sync,1138,1986100,,,,,,
marker_write,1138,58800,,,,,,
marker_sync,1138,2131800,,,,,,
append,1139,4305900,,,,,,
encode,1139,5800,,,,,,
data_write,1139,68500,,,,,,
data_sync,1139,2090900,,,,,,
marker_write,1139,56700,,,,,,
marker_sync,1139,2080100,,,,,,
append,1140,3905400,,,,,,
encode,1140,5700,,,,,,
data_write,1140,71700,,,,,,
data_sync,1140,1931000,,,,,,
marker_write,1140,59400,,,,,,
marker_sync,1140,1833400,,,,,,
append,1141,4037500,,,,,,
encode,1141,5400,,,,,,
data_write,1141,63600,,,,,,
data_sync,1141,1937000,,,,,,
marker_write,1141,60500,,,,,,
marker_sync,1141,1967400,,,,,,
append,1142,3947600,,,,,,
encode,1142,6100,,,,,,
data_write,1142,75400,,,,,,
data_sync,1142,2039600,,,,,,
marker_write,1142,61900,,,,,,
marker_sync,1142,1761200,,,,,,
append,1143,3863100,,,,,,
encode,1143,5300,,,,,,
data_write,1143,58700,,,,,,
data_sync,1143,1860900,,,,,,
marker_write,1143,68700,,,,,,
marker_sync,1143,1866100,,,,,,
append,1144,4348300,,,,,,
encode,1144,6500,,,,,,
data_write,1144,78000,,,,,,
data_sync,1144,1966900,,,,,,
marker_write,1144,61800,,,,,,
marker_sync,1144,2232200,,,,,,
append,1145,4080800,,,,,,
encode,1145,5800,,,,,,
data_write,1145,34700,,,,,,
data_sync,1145,1953800,,,,,,
marker_write,1145,70500,,,,,,
marker_sync,1145,2011700,,,,,,
append,1146,4462900,,,,,,
encode,1146,6500,,,,,,
data_write,1146,70000,,,,,,
data_sync,1146,2217400,,,,,,
marker_write,1146,101000,,,,,,
marker_sync,1146,2064000,,,,,,
append,1147,4263100,,,,,,
encode,1147,6700,,,,,,
data_write,1147,80600,,,,,,
data_sync,1147,2107500,,,,,,
marker_write,1147,64400,,,,,,
marker_sync,1147,2001200,,,,,,
append,1148,4263899,,,,,,
encode,1148,5100,,,,,,
data_write,1148,121500,,,,,,
data_sync,1148,2083700,,,,,,
marker_write,1148,60900,,,,,,
marker_sync,1148,1989399,,,,,,
append,1149,3809700,,,,,,
encode,1149,6400,,,,,,
data_write,1149,68500,,,,,,
data_sync,1149,1864700,,,,,,
marker_write,1149,59600,,,,,,
marker_sync,1149,1807100,,,,,,
append,1150,3828500,,,,,,
encode,1150,6000,,,,,,
data_write,1150,65100,,,,,,
data_sync,1150,1836000,,,,,,
marker_write,1150,45800,,,,,,
marker_sync,1150,1872500,,,,,,
append,1151,3779900,,,,,,
encode,1151,5400,,,,,,
data_write,1151,60000,,,,,,
data_sync,1151,1869100,,,,,,
marker_write,1151,50700,,,,,,
marker_sync,1151,1767800,,,,,,
append,1152,4006900,,,,,,
encode,1152,6100,,,,,,
data_write,1152,65400,,,,,,
data_sync,1152,1923700,,,,,,
marker_write,1152,63200,,,,,,
marker_sync,1152,1945600,,,,,,
append,1153,3925100,,,,,,
encode,1153,3700,,,,,,
data_write,1153,69300,,,,,,
data_sync,1153,1971700,,,,,,
marker_write,1153,55000,,,,,,
marker_sync,1153,1822300,,,,,,
append,1154,3653800,,,,,,
encode,1154,4700,,,,,,
data_write,1154,60200,,,,,,
data_sync,1154,1730300,,,,,,
marker_write,1154,55800,,,,,,
marker_sync,1154,1800300,,,,,,
append,1155,3960200,,,,,,
encode,1155,5000,,,,,,
data_write,1155,57200,,,,,,
data_sync,1155,1973500,,,,,,
marker_write,1155,61200,,,,,,
marker_sync,1155,1860500,,,,,,
append,1156,4026300,,,,,,
encode,1156,5900,,,,,,
data_write,1156,100500,,,,,,
data_sync,1156,1872800,,,,,,
marker_write,1156,62300,,,,,,
marker_sync,1156,1981300,,,,,,
append,1157,4182900,,,,,,
encode,1157,5500,,,,,,
data_write,1157,67100,,,,,,
data_sync,1157,2047100,,,,,,
marker_write,1157,58600,,,,,,
marker_sync,1157,2001200,,,,,,
append,1158,4209400,,,,,,
encode,1158,6200,,,,,,
data_write,1158,66600,,,,,,
data_sync,1158,2141700,,,,,,
marker_write,1158,66200,,,,,,
marker_sync,1158,1925800,,,,,,
append,1159,3982100,,,,,,
encode,1159,4900,,,,,,
data_write,1159,64500,,,,,,
data_sync,1159,1940300,,,,,,
marker_write,1159,60100,,,,,,
marker_sync,1159,1909200,,,,,,
append,1160,4124400,,,,,,
encode,1160,6500,,,,,,
data_write,1160,68700,,,,,,
data_sync,1160,2024300,,,,,,
marker_write,1160,67200,,,,,,
marker_sync,1160,1954400,,,,,,
append,1161,3991500,,,,,,
encode,1161,5900,,,,,,
data_write,1161,88300,,,,,,
data_sync,1161,1848100,,,,,,
marker_write,1161,66900,,,,,,
marker_sync,1161,1978600,,,,,,
append,1162,6377000,,,,,,
encode,1162,6700,,,,,,
data_write,1162,87100,,,,,,
data_sync,1162,4122300,,,,,,
marker_write,1162,122300,,,,,,
marker_sync,1162,2035100,,,,,,
append,1163,4178300,,,,,,
encode,1163,6500,,,,,,
data_write,1163,79100,,,,,,
data_sync,1163,1997000,,,,,,
marker_write,1163,61200,,,,,,
marker_sync,1163,2030500,,,,,,
append,1164,4152800,,,,,,
encode,1164,6300,,,,,,
data_write,1164,77500,,,,,,
data_sync,1164,2203300,,,,,,
marker_write,1164,87900,,,,,,
marker_sync,1164,1774000,,,,,,
append,1165,4129699,,,,,,
encode,1165,6400,,,,,,
data_write,1165,70500,,,,,,
data_sync,1165,2002699,,,,,,
marker_write,1165,60100,,,,,,
marker_sync,1165,1986800,,,,,,
append,1166,3932500,,,,,,
encode,1166,6600,,,,,,
data_write,1166,80100,,,,,,
data_sync,1166,1946100,,,,,,
marker_write,1166,54500,,,,,,
marker_sync,1166,1842600,,,,,,
append,1167,4114400,,,,,,
encode,1167,5300,,,,,,
data_write,1167,68700,,,,,,
data_sync,1167,1968000,,,,,,
marker_write,1167,61100,,,,,,
marker_sync,1167,2008500,,,,,,
append,1168,4143500,,,,,,
encode,1168,6700,,,,,,
data_write,1168,37100,,,,,,
data_sync,1168,2023700,,,,,,
marker_write,1168,59000,,,,,,
marker_sync,1168,2013200,,,,,,
append,1169,4061500,,,,,,
encode,1169,7100,,,,,,
data_write,1169,72300,,,,,,
data_sync,1169,1977700,,,,,,
marker_write,1169,59800,,,,,,
marker_sync,1169,1941700,,,,,,
append,1170,3875600,,,,,,
encode,1170,5900,,,,,,
data_write,1170,59000,,,,,,
data_sync,1170,1918400,,,,,,
marker_write,1170,61300,,,,,,
marker_sync,1170,1827900,,,,,,
append,1171,4118600,,,,,,
encode,1171,5900,,,,,,
data_write,1171,71400,,,,,,
data_sync,1171,2077400,,,,,,
marker_write,1171,61000,,,,,,
marker_sync,1171,1899700,,,,,,
append,1172,5056300,,,,,,
encode,1172,6200,,,,,,
data_write,1172,73100,,,,,,
data_sync,1172,1810600,,,,,,
marker_write,1172,57400,,,,,,
marker_sync,1172,3105100,,,,,,
append,1173,4131500,,,,,,
encode,1173,6800,,,,,,
data_write,1173,83600,,,,,,
data_sync,1173,1980300,,,,,,
marker_write,1173,54600,,,,,,
marker_sync,1173,2002400,,,,,,
append,1174,4034100,,,,,,
encode,1174,4800,,,,,,
data_write,1174,63000,,,,,,
data_sync,1174,1927400,,,,,,
marker_write,1174,64000,,,,,,
marker_sync,1174,1971100,,,,,,
append,1175,3975100,,,,,,
encode,1175,6400,,,,,,
data_write,1175,71700,,,,,,
data_sync,1175,1848800,,,,,,
marker_write,1175,72500,,,,,,
marker_sync,1175,1972400,,,,,,
append,1176,7931300,,,,,,
encode,1176,5900,,,,,,
data_write,1176,71700,,,,,,
data_sync,1176,2031900,,,,,,
marker_write,1176,28300,,,,,,
marker_sync,1176,5790200,,,,,,
append,1177,7858200,,,,,,
encode,1177,6000,,,,,,
data_write,1177,75200,,,,,,
data_sync,1177,2157600,,,,,,
marker_write,1177,53800,,,,,,
marker_sync,1177,5561600,,,,,,
append,1178,4222300,,,,,,
encode,1178,6700,,,,,,
data_write,1178,77900,,,,,,
data_sync,1178,2176800,,,,,,
marker_write,1178,87500,,,,,,
marker_sync,1178,1870200,,,,,,
append,1179,4319700,,,,,,
encode,1179,6000,,,,,,
data_write,1179,64700,,,,,,
data_sync,1179,1956800,,,,,,
marker_write,1179,51400,,,,,,
marker_sync,1179,2237400,,,,,,
append,1180,3843799,,,,,,
encode,1180,6700,,,,,,
data_write,1180,43200,,,,,,
data_sync,1180,1885999,,,,,,
marker_write,1180,51000,,,,,,
marker_sync,1180,1853700,,,,,,
append,1181,3845800,,,,,,
encode,1181,6800,,,,,,
data_write,1181,83800,,,,,,
data_sync,1181,1859500,,,,,,
marker_write,1181,83700,,,,,,
marker_sync,1181,1808400,,,,,,
append,1182,3474700,,,,,,
encode,1182,5500,,,,,,
data_write,1182,56800,,,,,,
data_sync,1182,1718000,,,,,,
marker_write,1182,59700,,,,,,
marker_sync,1182,1631500,,,,,,
append,1183,3607900,,,,,,
encode,1183,6400,,,,,,
data_write,1183,68300,,,,,,
data_sync,1183,1714600,,,,,,
marker_write,1183,55800,,,,,,
marker_sync,1183,1759500,,,,,,
append,1184,3575700,,,,,,
encode,1184,6000,,,,,,
data_write,1184,61000,,,,,,
data_sync,1184,1704400,,,,,,
marker_write,1184,55300,,,,,,
marker_sync,1184,1744000,,,,,,
append,1185,3737400,,,,,,
encode,1185,7800,,,,,,
data_write,1185,81600,,,,,,
data_sync,1185,1869000,,,,,,
marker_write,1185,55800,,,,,,
marker_sync,1185,1720400,,,,,,
append,1186,4064700,,,,,,
encode,1186,5400,,,,,,
data_write,1186,61300,,,,,,
data_sync,1186,1788300,,,,,,
marker_write,1186,134000,,,,,,
marker_sync,1186,2071800,,,,,,
append,1187,3693700,,,,,,
encode,1187,6300,,,,,,
data_write,1187,64000,,,,,,
data_sync,1187,1823700,,,,,,
marker_write,1187,58100,,,,,,
marker_sync,1187,1738200,,,,,,
append,1188,3656100,,,,,,
encode,1188,5300,,,,,,
data_write,1188,46500,,,,,,
data_sync,1188,1723100,,,,,,
marker_write,1188,44300,,,,,,
marker_sync,1188,1834100,,,,,,
append,1189,3777300,,,,,,
encode,1189,6100,,,,,,
data_write,1189,64800,,,,,,
data_sync,1189,1856000,,,,,,
marker_write,1189,57600,,,,,,
marker_sync,1189,1789100,,,,,,
append,1190,3771500,,,,,,
encode,1190,5900,,,,,,
data_write,1190,71400,,,,,,
data_sync,1190,1798100,,,,,,
marker_write,1190,53000,,,,,,
marker_sync,1190,1839900,,,,,,
append,1191,4083900,,,,,,
encode,1191,5500,,,,,,
data_write,1191,76900,,,,,,
data_sync,1191,2156700,,,,,,
marker_write,1191,55200,,,,,,
marker_sync,1191,1786400,,,,,,
append,1192,4137100,,,,,,
encode,1192,6800,,,,,,
data_write,1192,68300,,,,,,
data_sync,1192,1793500,,,,,,
marker_write,1192,56300,,,,,,
marker_sync,1192,2209400,,,,,,
append,1193,3789000,,,,,,
encode,1193,6700,,,,,,
data_write,1193,64600,,,,,,
data_sync,1193,1851100,,,,,,
marker_write,1193,58800,,,,,,
marker_sync,1193,1804700,,,,,,
append,1194,3702100,,,,,,
encode,1194,5700,,,,,,
data_write,1194,63800,,,,,,
data_sync,1194,1752600,,,,,,
marker_write,1194,51900,,,,,,
marker_sync,1194,1824500,,,,,,
append,1195,3977600,,,,,,
encode,1195,5300,,,,,,
data_write,1195,58300,,,,,,
data_sync,1195,1918400,,,,,,
marker_write,1195,48700,,,,,,
marker_sync,1195,1943400,,,,,,
append,1196,3781900,,,,,,
encode,1196,6400,,,,,,
data_write,1196,72000,,,,,,
data_sync,1196,1785500,,,,,,
marker_write,1196,50400,,,,,,
marker_sync,1196,1864700,,,,,,
append,1197,6853299,,,,,,
encode,1197,8500,,,,,,
data_write,1197,70500,,,,,,
data_sync,1197,1960800,,,,,,
marker_write,1197,114000,,,,,,
marker_sync,1197,4695999,,,,,,
append,1198,3562900,,,,,,
encode,1198,6400,,,,,,
data_write,1198,71000,,,,,,
data_sync,1198,1819200,,,,,,
marker_write,1198,51900,,,,,,
marker_sync,1198,1612200,,,,,,
append,1199,3755100,,,,,,
encode,1199,5200,,,,,,
data_write,1199,56700,,,,,,
data_sync,1199,2019600,,,,,,
marker_write,1199,31100,,,,,,
marker_sync,1199,1637900,,,,,,
append,1200,3771300,,,,,,
encode,1200,5100,,,,,,
data_write,1200,58100,,,,,,
data_sync,1200,1777100,,,,,,
marker_write,1200,64600,,,,,,
marker_sync,1200,1862800,,,,,,
append,1201,3508400,,,,,,
encode,1201,6200,,,,,,
data_write,1201,80900,,,,,,
data_sync,1201,1714900,,,,,,
marker_write,1201,58700,,,,,,
marker_sync,1201,1644900,,,,,,
append,1202,3444000,,,,,,
encode,1202,6000,,,,,,
data_write,1202,59500,,,,,,
data_sync,1202,1566500,,,,,,
marker_write,1202,46300,,,,,,
marker_sync,1202,1763400,,,,,,
append,1203,3826700,,,,,,
encode,1203,6200,,,,,,
data_write,1203,30400,,,,,,
data_sync,1203,1817600,,,,,,
marker_write,1203,52300,,,,,,
marker_sync,1203,1917600,,,,,,
append,1204,3431600,,,,,,
encode,1204,6300,,,,,,
data_write,1204,29000,,,,,,
data_sync,1204,1677300,,,,,,
marker_write,1204,57000,,,,,,
marker_sync,1204,1659700,,,,,,
append,1205,5093800,,,,,,
encode,1205,5000,,,,,,
data_write,1205,57400,,,,,,
data_sync,1205,1771200,,,,,,
marker_write,1205,50200,,,,,,
marker_sync,1205,3207400,,,,,,
append,1206,3650500,,,,,,
encode,1206,5100,,,,,,
data_write,1206,59900,,,,,,
data_sync,1206,1791700,,,,,,
marker_write,1206,62100,,,,,,
marker_sync,1206,1728500,,,,,,
append,1207,3445300,,,,,,
encode,1207,6600,,,,,,
data_write,1207,70400,,,,,,
data_sync,1207,1640100,,,,,,
marker_write,1207,51900,,,,,,
marker_sync,1207,1672900,,,,,,
append,1208,8926200,,,,,,
encode,1208,6500,,,,,,
data_write,1208,69700,,,,,,
data_sync,1208,6500900,,,,,,
marker_write,1208,68300,,,,,,
marker_sync,1208,2277300,,,,,,
append,1209,3693900,,,,,,
encode,1209,6400,,,,,,
data_write,1209,75200,,,,,,
data_sync,1209,1781800,,,,,,
marker_write,1209,56700,,,,,,
marker_sync,1209,1770800,,,,,,
append,1210,11269100,,,,,,
encode,1210,6200,,,,,,
data_write,1210,72500,,,,,,
data_sync,1210,2519700,,,,,,
marker_write,1210,59600,,,,,,
marker_sync,1210,8608200,,,,,,
append,1211,4213100,,,,,,
encode,1211,7000,,,,,,
data_write,1211,100400,,,,,,
data_sync,1211,2388400,,,,,,
marker_write,1211,74300,,,,,,
marker_sync,1211,1640500,,,,,,
append,1212,3391399,,,,,,
encode,1212,4800,,,,,,
data_write,1212,58700,,,,,,
data_sync,1212,1693500,,,,,,
marker_write,1212,44000,,,,,,
marker_sync,1212,1588299,,,,,,
append,1213,4102700,,,,,,
encode,1213,3900,,,,,,
data_write,1213,61300,,,,,,
data_sync,1213,2244800,,,,,,
marker_write,1213,62200,,,,,,
marker_sync,1213,1727200,,,,,,
append,1214,3603600,,,,,,
encode,1214,5100,,,,,,
data_write,1214,57400,,,,,,
data_sync,1214,1661900,,,,,,
marker_write,1214,48200,,,,,,
marker_sync,1214,1828700,,,,,,
append,1215,3726800,,,,,,
encode,1215,5800,,,,,,
data_write,1215,66600,,,,,,
data_sync,1215,1660300,,,,,,
marker_write,1215,54000,,,,,,
marker_sync,1215,1937800,,,,,,
append,1216,5622100,,,,,,
encode,1216,5400,,,,,,
data_write,1216,49500,,,,,,
data_sync,1216,3836500,,,,,,
marker_write,1216,47400,,,,,,
marker_sync,1216,1680000,,,,,,
append,1217,4310000,,,,,,
encode,1217,3100,,,,,,
data_write,1217,51100,,,,,,
data_sync,1217,2137700,,,,,,
marker_write,1217,60700,,,,,,
marker_sync,1217,2054400,,,,,,
append,1218,8711900,,,,,,
encode,1218,8400,,,,,,
data_write,1218,82100,,,,,,
data_sync,1218,6695000,,,,,,
marker_write,1218,55600,,,,,,
marker_sync,1218,1867600,,,,,,
append,1219,3775100,,,,,,
encode,1219,6700,,,,,,
data_write,1219,67500,,,,,,
data_sync,1219,1800000,,,,,,
marker_write,1219,61500,,,,,,
marker_sync,1219,1836400,,,,,,
append,1220,3879800,,,,,,
encode,1220,7000,,,,,,
data_write,1220,64900,,,,,,
data_sync,1220,1921600,,,,,,
marker_write,1220,57700,,,,,,
marker_sync,1220,1824500,,,,,,
append,1221,4092800,,,,,,
encode,1221,6200,,,,,,
data_write,1221,71200,,,,,,
data_sync,1221,1871000,,,,,,
marker_write,1221,50000,,,,,,
marker_sync,1221,2091000,,,,,,
append,1222,3663000,,,,,,
encode,1222,6500,,,,,,
data_write,1222,72000,,,,,,
data_sync,1222,1745400,,,,,,
marker_write,1222,48700,,,,,,
marker_sync,1222,1787200,,,,,,
append,1223,3616600,,,,,,
encode,1223,6000,,,,,,
data_write,1223,75700,,,,,,
data_sync,1223,1712600,,,,,,
marker_write,1223,60700,,,,,,
marker_sync,1223,1759200,,,,,,
append,1224,4236600,,,,,,
encode,1224,5500,,,,,,
data_write,1224,61800,,,,,,
data_sync,1224,1751900,,,,,,
marker_write,1224,51100,,,,,,
marker_sync,1224,2363300,,,,,,
append,1225,4115500,,,,,,
encode,1225,5600,,,,,,
data_write,1225,75500,,,,,,
data_sync,1225,1996900,,,,,,
marker_write,1225,63500,,,,,,
marker_sync,1225,1970200,,,,,,
append,1226,4152800,,,,,,
encode,1226,6700,,,,,,
data_write,1226,72200,,,,,,
data_sync,1226,2011600,,,,,,
marker_write,1226,61300,,,,,,
marker_sync,1226,1998000,,,,,,
append,1227,3987000,,,,,,
encode,1227,6100,,,,,,
data_write,1227,66800,,,,,,
data_sync,1227,1941200,,,,,,
marker_write,1227,62000,,,,,,
marker_sync,1227,1908500,,,,,,
append,1228,3847999,,,,,,
encode,1228,4700,,,,,,
data_write,1228,64700,,,,,,
data_sync,1228,1869600,,,,,,
marker_write,1228,46700,,,,,,
marker_sync,1228,1859699,,,,,,
append,1229,3642500,,,,,,
encode,1229,4800,,,,,,
data_write,1229,64700,,,,,,
data_sync,1229,1814400,,,,,,
marker_write,1229,59400,,,,,,
marker_sync,1229,1695300,,,,,,
append,1230,3359500,,,,,,
encode,1230,5900,,,,,,
data_write,1230,68900,,,,,,
data_sync,1230,1648300,,,,,,
marker_write,1230,45000,,,,,,
marker_sync,1230,1589300,,,,,,
append,1231,3253300,,,,,,
encode,1231,4200,,,,,,
data_write,1231,52400,,,,,,
data_sync,1231,1544300,,,,,,
marker_write,1231,39800,,,,,,
marker_sync,1231,1609400,,,,,,
append,1232,3654900,,,,,,
encode,1232,5000,,,,,,
data_write,1232,69100,,,,,,
data_sync,1232,1748700,,,,,,
marker_write,1232,58000,,,,,,
marker_sync,1232,1771000,,,,,,
append,1233,3690700,,,,,,
encode,1233,5800,,,,,,
data_write,1233,63500,,,,,,
data_sync,1233,1768100,,,,,,
marker_write,1233,62100,,,,,,
marker_sync,1233,1788400,,,,,,
append,1234,3484100,,,,,,
encode,1234,5000,,,,,,
data_write,1234,57300,,,,,,
data_sync,1234,1708500,,,,,,
marker_write,1234,44700,,,,,,
marker_sync,1234,1665700,,,,,,
append,1235,4369200,,,,,,
encode,1235,6200,,,,,,
data_write,1235,64200,,,,,,
data_sync,1235,1760800,,,,,,
marker_write,1235,57100,,,,,,
marker_sync,1235,2477500,,,,,,
append,1236,3716700,,,,,,
encode,1236,6200,,,,,,
data_write,1236,56100,,,,,,
data_sync,1236,1858300,,,,,,
marker_write,1236,44600,,,,,,
marker_sync,1236,1748700,,,,,,
append,1237,3657200,,,,,,
encode,1237,4300,,,,,,
data_write,1237,54400,,,,,,
data_sync,1237,1731000,,,,,,
marker_write,1237,44600,,,,,,
marker_sync,1237,1819800,,,,,,
append,1238,3378700,,,,,,
encode,1238,5200,,,,,,
data_write,1238,61000,,,,,,
data_sync,1238,1638900,,,,,,
marker_write,1238,52900,,,,,,
marker_sync,1238,1617500,,,,,,
append,1239,6029300,,,,,,
encode,1239,4500,,,,,,
data_write,1239,54100,,,,,,
data_sync,1239,4197400,,,,,,
marker_write,1239,52800,,,,,,
marker_sync,1239,1717000,,,,,,
append,1240,3702400,,,,,,
encode,1240,6700,,,,,,
data_write,1240,64000,,,,,,
data_sync,1240,1879300,,,,,,
marker_write,1240,63200,,,,,,
marker_sync,1240,1686300,,,,,,
append,1241,3572600,,,,,,
encode,1241,6500,,,,,,
data_write,1241,67500,,,,,,
data_sync,1241,1717800,,,,,,
marker_write,1241,45800,,,,,,
marker_sync,1241,1732400,,,,,,
append,1242,3496800,,,,,,
encode,1242,56500,,,,,,
data_write,1242,54900,,,,,,
data_sync,1242,1652500,,,,,,
marker_write,1242,50200,,,,,,
marker_sync,1242,1679000,,,,,,
append,1243,4361400,,,,,,
encode,1243,6400,,,,,,
data_write,1243,73800,,,,,,
data_sync,1243,1751900,,,,,,
marker_write,1243,45000,,,,,,
marker_sync,1243,2480400,,,,,,
append,1244,4564800,,,,,,
encode,1244,6400,,,,,,
data_write,1244,34700,,,,,,
data_sync,1244,2509100,,,,,,
marker_write,1244,38900,,,,,,
marker_sync,1244,1972800,,,,,,
append,1245,3252000,,,,,,
encode,1245,6400,,,,,,
data_write,1245,62600,,,,,,
data_sync,1245,1545100,,,,,,
marker_write,1245,44700,,,,,,
marker_sync,1245,1591000,,,,,,
append,1246,4001699,,,,,,
encode,1246,4400,,,,,,
data_write,1246,236700,,,,,,
data_sync,1246,1889900,,,,,,
marker_write,1246,60600,,,,,,
marker_sync,1246,1806599,,,,,,
append,1247,5539000,,,,,,
encode,1247,6100,,,,,,
data_write,1247,70500,,,,,,
data_sync,1247,2085300,,,,,,
marker_write,1247,73400,,,,,,
marker_sync,1247,3299800,,,,,,
append,1248,5856500,,,,,,
encode,1248,8500,,,,,,
data_write,1248,78700,,,,,,
data_sync,1248,3942600,,,,,,
marker_write,1248,61600,,,,,,
marker_sync,1248,1761600,,,,,,
append,1249,3742500,,,,,,
encode,1249,6200,,,,,,
data_write,1249,67900,,,,,,
data_sync,1249,1751100,,,,,,
marker_write,1249,62100,,,,,,
marker_sync,1249,1852200,,,,,,
append,1250,4121900,,,,,,
encode,1250,8700,,,,,,
data_write,1250,50700,,,,,,
data_sync,1250,2355700,,,,,,
marker_write,1250,56700,,,,,,
marker_sync,1250,1647800,,,,,,
append,1251,3904300,,,,,,
encode,1251,5100,,,,,,
data_write,1251,52200,,,,,,
data_sync,1251,2008300,,,,,,
marker_write,1251,60200,,,,,,
marker_sync,1251,1775900,,,,,,
append,1252,3638000,,,,,,
encode,1252,5700,,,,,,
data_write,1252,63200,,,,,,
data_sync,1252,1792000,,,,,,
marker_write,1252,48800,,,,,,
marker_sync,1252,1725500,,,,,,
append,1253,3820500,,,,,,
encode,1253,6300,,,,,,
data_write,1253,65700,,,,,,
data_sync,1253,2023200,,,,,,
marker_write,1253,50800,,,,,,
marker_sync,1253,1671500,,,,,,
append,1254,3565500,,,,,,
encode,1254,5200,,,,,,
data_write,1254,55800,,,,,,
data_sync,1254,1618600,,,,,,
marker_write,1254,96900,,,,,,
marker_sync,1254,1786900,,,,,,
append,1255,3407300,,,,,,
encode,1255,4900,,,,,,
data_write,1255,59100,,,,,,
data_sync,1255,1528600,,,,,,
marker_write,1255,42800,,,,,,
marker_sync,1255,1768800,,,,,,
append,1256,17129300,,,,,,
encode,1256,6300,,,,,,
data_write,1256,71300,,,,,,
data_sync,1256,1688300,,,,,,
marker_write,1256,50800,,,,,,
marker_sync,1256,15309300,,,,,,
append,1257,3740200,,,,,,
encode,1257,6100,,,,,,
data_write,1257,78000,,,,,,
data_sync,1257,1734900,,,,,,
marker_write,1257,55600,,,,,,
marker_sync,1257,1862300,,,,,,
append,1258,3779100,,,,,,
encode,1258,6300,,,,,,
data_write,1258,70800,,,,,,
data_sync,1258,1696600,,,,,,
marker_write,1258,65900,,,,,,
marker_sync,1258,1935900,,,,,,
append,1259,4059400,,,,,,
encode,1259,6900,,,,,,
data_write,1259,75100,,,,,,
data_sync,1259,2057800,,,,,,
marker_write,1259,63200,,,,,,
marker_sync,1259,1853200,,,,,,
append,1260,3825699,,,,,,
encode,1260,6100,,,,,,
data_write,1260,69300,,,,,,
data_sync,1260,2042000,,,,,,
marker_write,1260,49000,,,,,,
marker_sync,1260,1657099,,,,,,
append,1261,5435600,,,,,,
encode,1261,4700,,,,,,
data_write,1261,57500,,,,,,
data_sync,1261,3618600,,,,,,
marker_write,1261,59700,,,,,,
marker_sync,1261,1692300,,,,,,
append,1262,3309200,,,,,,
encode,1262,5700,,,,,,
data_write,1262,58800,,,,,,
data_sync,1262,1594500,,,,,,
marker_write,1262,54700,,,,,,
marker_sync,1262,1592800,,,,,,
append,1263,3843900,,,,,,
encode,1263,5900,,,,,,
data_write,1263,66100,,,,,,
data_sync,1263,1985500,,,,,,
marker_write,1263,61800,,,,,,
marker_sync,1263,1721300,,,,,,
append,1264,3636100,,,,,,
encode,1264,5200,,,,,,
data_write,1264,57600,,,,,,
data_sync,1264,1816000,,,,,,
marker_write,1264,50400,,,,,,
marker_sync,1264,1704000,,,,,,
append,1265,3538800,,,,,,
encode,1265,6500,,,,,,
data_write,1265,67200,,,,,,
data_sync,1265,1720000,,,,,,
marker_write,1265,56800,,,,,,
marker_sync,1265,1684800,,,,,,
append,1266,3679800,,,,,,
encode,1266,6800,,,,,,
data_write,1266,70700,,,,,,
data_sync,1266,1679700,,,,,,
marker_write,1266,63100,,,,,,
marker_sync,1266,1856500,,,,,,
append,1267,4130800,,,,,,
encode,1267,6200,,,,,,
data_write,1267,54300,,,,,,
data_sync,1267,2046500,,,,,,
marker_write,1267,79300,,,,,,
marker_sync,1267,1941700,,,,,,
append,1268,3764200,,,,,,
encode,1268,4600,,,,,,
data_write,1268,52600,,,,,,
data_sync,1268,1863100,,,,,,
marker_write,1268,56300,,,,,,
marker_sync,1268,1785100,,,,,,
append,1269,3624900,,,,,,
encode,1269,7900,,,,,,
data_write,1269,73400,,,,,,
data_sync,1269,1666600,,,,,,
marker_write,1269,57600,,,,,,
marker_sync,1269,1816400,,,,,,
append,1270,3607600,,,,,,
encode,1270,6200,,,,,,
data_write,1270,59600,,,,,,
data_sync,1270,1790100,,,,,,
marker_write,1270,45100,,,,,,
marker_sync,1270,1704200,,,,,,
append,1271,3383000,,,,,,
encode,1271,4300,,,,,,
data_write,1271,69500,,,,,,
data_sync,1271,1675800,,,,,,
marker_write,1271,47800,,,,,,
marker_sync,1271,1582000,,,,,,
append,1272,3814900,,,,,,
encode,1272,5500,,,,,,
data_write,1272,56800,,,,,,
data_sync,1272,1845100,,,,,,
marker_write,1272,47800,,,,,,
marker_sync,1272,1857200,,,,,,
append,1273,3919000,,,,,,
encode,1273,5000,,,,,,
data_write,1273,54300,,,,,,
data_sync,1273,1844800,,,,,,
marker_write,1273,54000,,,,,,
marker_sync,1273,1957700,,,,,,
append,1274,4072800,,,,,,
encode,1274,5700,,,,,,
data_write,1274,72000,,,,,,
data_sync,1274,2060800,,,,,,
marker_write,1274,59000,,,,,,
marker_sync,1274,1872200,,,,,,
append,1275,3954700,,,,,,
encode,1275,5200,,,,,,
data_write,1275,63100,,,,,,
data_sync,1275,1968800,,,,,,
marker_write,1275,58600,,,,,,
marker_sync,1275,1855400,,,,,,
append,1276,4042100,,,,,,
encode,1276,5900,,,,,,
data_write,1276,60300,,,,,,
data_sync,1276,1871000,,,,,,
marker_write,1276,57800,,,,,,
marker_sync,1276,2044100,,,,,,
append,1277,4046100,,,,,,
encode,1277,4800,,,,,,
data_write,1277,61500,,,,,,
data_sync,1277,1923700,,,,,,
marker_write,1277,48400,,,,,,
marker_sync,1277,2004400,,,,,,
append,1278,4026499,,,,,,
encode,1278,5500,,,,,,
data_write,1278,67300,,,,,,
data_sync,1278,1930600,,,,,,
marker_write,1278,62200,,,,,,
marker_sync,1278,1957999,,,,,,
append,1279,4092900,,,,,,
encode,1279,5900,,,,,,
data_write,1279,67500,,,,,,
data_sync,1279,1971200,,,,,,
marker_write,1279,83400,,,,,,
marker_sync,1279,1961600,,,,,,
append,1280,3797800,,,,,,
encode,1280,5900,,,,,,
data_write,1280,70300,,,,,,
data_sync,1280,1760500,,,,,,
marker_write,1280,81500,,,,,,
marker_sync,1280,1876500,,,,,,
append,1281,4935400,,,,,,
encode,1281,4500,,,,,,
data_write,1281,65700,,,,,,
data_sync,1281,2980800,,,,,,
marker_write,1281,48000,,,,,,
marker_sync,1281,1833900,,,,,,
append,1282,3770000,,,,,,
encode,1282,6700,,,,,,
data_write,1282,74200,,,,,,
data_sync,1282,1828100,,,,,,
marker_write,1282,48900,,,,,,
marker_sync,1282,1809500,,,,,,
append,1283,3929100,,,,,,
encode,1283,5400,,,,,,
data_write,1283,65200,,,,,,
data_sync,1283,1896300,,,,,,
marker_write,1283,52800,,,,,,
marker_sync,1283,1906900,,,,,,
append,1284,4088700,,,,,,
encode,1284,6300,,,,,,
data_write,1284,62100,,,,,,
data_sync,1284,1858500,,,,,,
marker_write,1284,49200,,,,,,
marker_sync,1284,2109800,,,,,,
append,1285,6017200,,,,,,
encode,1285,6100,,,,,,
data_write,1285,77900,,,,,,
data_sync,1285,1947500,,,,,,
marker_write,1285,54300,,,,,,
marker_sync,1285,3928700,,,,,,
append,1286,4370700,,,,,,
encode,1286,5800,,,,,,
data_write,1286,63800,,,,,,
data_sync,1286,1957400,,,,,,
marker_write,1286,48100,,,,,,
marker_sync,1286,2293000,,,,,,
append,1287,3873200,,,,,,
encode,1287,5900,,,,,,
data_write,1287,60500,,,,,,
data_sync,1287,1800200,,,,,,
marker_write,1287,55300,,,,,,
marker_sync,1287,1947600,,,,,,
append,1288,7897000,,,,,,
encode,1288,6400,,,,,,
data_write,1288,63800,,,,,,
data_sync,1288,5639500,,,,,,
marker_write,1288,55600,,,,,,
marker_sync,1288,2128500,,,,,,
append,1289,4168600,,,,,,
encode,1289,5800,,,,,,
data_write,1289,102800,,,,,,
data_sync,1289,1984300,,,,,,
marker_write,1289,56100,,,,,,
marker_sync,1289,2016900,,,,,,
append,1290,3813500,,,,,,
encode,1290,5700,,,,,,
data_write,1290,69100,,,,,,
data_sync,1290,1851800,,,,,,
marker_write,1290,51300,,,,,,
marker_sync,1290,1831500,,,,,,
append,1291,3938200,,,,,,
encode,1291,7100,,,,,,
data_write,1291,73900,,,,,,
data_sync,1291,1812800,,,,,,
marker_write,1291,52700,,,,,,
marker_sync,1291,1988600,,,,,,
append,1292,4306300,,,,,,
encode,1292,6300,,,,,,
data_write,1292,69800,,,,,,
data_sync,1292,2113800,,,,,,
marker_write,1292,64300,,,,,,
marker_sync,1292,2049300,,,,,,
append,1293,3848800,,,,,,
encode,1293,4700,,,,,,
data_write,1293,62200,,,,,,
data_sync,1293,1926600,,,,,,
marker_write,1293,52300,,,,,,
marker_sync,1293,1800000,,,,,,
append,1294,3795399,,,,,,
encode,1294,5200,,,,,,
data_write,1294,58200,,,,,,
data_sync,1294,1775499,,,,,,
marker_write,1294,59000,,,,,,
marker_sync,1294,1894500,,,,,,
append,1295,3677100,,,,,,
encode,1295,6200,,,,,,
data_write,1295,66200,,,,,,
data_sync,1295,1711500,,,,,,
marker_write,1295,69700,,,,,,
marker_sync,1295,1820700,,,,,,
append,1296,4084800,,,,,,
encode,1296,6000,,,,,,
data_write,1296,68600,,,,,,
data_sync,1296,1911300,,,,,,
marker_write,1296,61800,,,,,,
marker_sync,1296,2034500,,,,,,
append,1297,4292300,,,,,,
encode,1297,5600,,,,,,
data_write,1297,66000,,,,,,
data_sync,1297,2066100,,,,,,
marker_write,1297,61900,,,,,,
marker_sync,1297,2088700,,,,,,
append,1298,4213500,,,,,,
encode,1298,7300,,,,,,
data_write,1298,80000,,,,,,
data_sync,1298,1995900,,,,,,
marker_write,1298,72500,,,,,,
marker_sync,1298,2054100,,,,,,
append,1299,4220900,,,,,,
encode,1299,5800,,,,,,
data_write,1299,82100,,,,,,
data_sync,1299,2152500,,,,,,
marker_write,1299,64800,,,,,,
marker_sync,1299,1912700,,,,,,
append,1300,3703400,,,,,,
encode,1300,5900,,,,,,
data_write,1300,99400,,,,,,
data_sync,1300,1802000,,,,,,
marker_write,1300,54000,,,,,,
marker_sync,1300,1738900,,,,,,
append,1301,3811700,,,,,,
encode,1301,4500,,,,,,
data_write,1301,70200,,,,,,
data_sync,1301,1888700,,,,,,
marker_write,1301,56900,,,,,,
marker_sync,1301,1788300,,,,,,
append,1302,3676000,,,,,,
encode,1302,4200,,,,,,
data_write,1302,56400,,,,,,
data_sync,1302,1796000,,,,,,
marker_write,1302,55000,,,,,,
marker_sync,1302,1761300,,,,,,
append,1303,3745900,,,,,,
encode,1303,4800,,,,,,
data_write,1303,55400,,,,,,
data_sync,1303,1780300,,,,,,
marker_write,1303,45100,,,,,,
marker_sync,1303,1858300,,,,,,
append,1304,3748100,,,,,,
encode,1304,5900,,,,,,
data_write,1304,65500,,,,,,
data_sync,1304,1806500,,,,,,
marker_write,1304,59600,,,,,,
marker_sync,1304,1807400,,,,,,
append,1305,3759600,,,,,,
encode,1305,6200,,,,,,
data_write,1305,62800,,,,,,
data_sync,1305,1813700,,,,,,
marker_write,1305,47600,,,,,,
marker_sync,1305,1826800,,,,,,
append,1306,3937800,,,,,,
encode,1306,5500,,,,,,
data_write,1306,77200,,,,,,
data_sync,1306,1816000,,,,,,
marker_write,1306,60900,,,,,,
marker_sync,1306,1975000,,,,,,
append,1307,4145600,,,,,,
encode,1307,6500,,,,,,
data_write,1307,77500,,,,,,
data_sync,1307,2112100,,,,,,
marker_write,1307,64200,,,,,,
marker_sync,1307,1882600,,,,,,
append,1308,3838000,,,,,,
encode,1308,5700,,,,,,
data_write,1308,93900,,,,,,
data_sync,1308,1827200,,,,,,
marker_write,1308,45900,,,,,,
marker_sync,1308,1862400,,,,,,
append,1309,3782700,,,,,,
encode,1309,5700,,,,,,
data_write,1309,66400,,,,,,
data_sync,1309,1850100,,,,,,
marker_write,1309,60400,,,,,,
marker_sync,1309,1797100,,,,,,
append,1310,4027500,,,,,,
encode,1310,6000,,,,,,
data_write,1310,68800,,,,,,
data_sync,1310,2010700,,,,,,
marker_write,1310,62300,,,,,,
marker_sync,1310,1877100,,,,,,
append,1311,3711400,,,,,,
encode,1311,4900,,,,,,
data_write,1311,56900,,,,,,
data_sync,1311,1762800,,,,,,
marker_write,1311,54600,,,,,,
marker_sync,1311,1829700,,,,,,
append,1312,4102199,,,,,,
encode,1312,6000,,,,,,
data_write,1312,67000,,,,,,
data_sync,1312,1822799,,,,,,
marker_write,1312,54300,,,,,,
marker_sync,1312,2149200,,,,,,
append,1313,3807400,,,,,,
encode,1313,4700,,,,,,
data_write,1313,59900,,,,,,
data_sync,1313,1741000,,,,,,
marker_write,1313,45600,,,,,,
marker_sync,1313,1953800,,,,,,
append,1314,4031900,,,,,,
encode,1314,5900,,,,,,
data_write,1314,65100,,,,,,
data_sync,1314,1839600,,,,,,
marker_write,1314,53900,,,,,,
marker_sync,1314,2064600,,,,,,
append,1315,4224000,,,,,,
encode,1315,6300,,,,,,
data_write,1315,71200,,,,,,
data_sync,1315,2065500,,,,,,
marker_write,1315,62900,,,,,,
marker_sync,1315,2015700,,,,,,
append,1316,4075300,,,,,,
encode,1316,5300,,,,,,
data_write,1316,61600,,,,,,
data_sync,1316,1851100,,,,,,
marker_write,1316,46900,,,,,,
marker_sync,1316,2107000,,,,,,
append,1317,3798900,,,,,,
encode,1317,4500,,,,,,
data_write,1317,59800,,,,,,
data_sync,1317,1856800,,,,,,
marker_write,1317,76400,,,,,,
marker_sync,1317,1798600,,,,,,
append,1318,4202900,,,,,,
encode,1318,4400,,,,,,
data_write,1318,52600,,,,,,
data_sync,1318,2105700,,,,,,
marker_write,1318,48200,,,,,,
marker_sync,1318,1989700,,,,,,
append,1319,3888400,,,,,,
encode,1319,5400,,,,,,
data_write,1319,63000,,,,,,
data_sync,1319,1954900,,,,,,
marker_write,1319,61100,,,,,,
marker_sync,1319,1800800,,,,,,
append,1320,3643700,,,,,,
encode,1320,5900,,,,,,
data_write,1320,69100,,,,,,
data_sync,1320,1832700,,,,,,
marker_write,1320,57500,,,,,,
marker_sync,1320,1675300,,,,,,
append,1321,3689700,,,,,,
encode,1321,5600,,,,,,
data_write,1321,61500,,,,,,
data_sync,1321,1883700,,,,,,
marker_write,1321,50900,,,,,,
marker_sync,1321,1685100,,,,,,
append,1322,3995700,,,,,,
encode,1322,6300,,,,,,
data_write,1322,67800,,,,,,
data_sync,1322,1593000,,,,,,
marker_write,1322,47600,,,,,,
marker_sync,1322,2277300,,,,,,
append,1323,4435100,,,,,,
encode,1323,6200,,,,,,
data_write,1323,70800,,,,,,
data_sync,1323,2530500,,,,,,
marker_write,1323,53400,,,,,,
marker_sync,1323,1770600,,,,,,
append,1324,3542900,,,,,,
encode,1324,5200,,,,,,
data_write,1324,62500,,,,,,
data_sync,1324,1857000,,,,,,
marker_write,1324,49500,,,,,,
marker_sync,1324,1565500,,,,,,
append,1325,3674300,,,,,,
encode,1325,5400,,,,,,
data_write,1325,70400,,,,,,
data_sync,1325,1745800,,,,,,
marker_write,1325,62500,,,,,,
marker_sync,1325,1786400,,,,,,
append,1326,3922000,,,,,,
encode,1326,6000,,,,,,
data_write,1326,70900,,,,,,
data_sync,1326,1876200,,,,,,
marker_write,1326,61400,,,,,,
marker_sync,1326,1904000,,,,,,
append,1327,3823400,,,,,,
encode,1327,6100,,,,,,
data_write,1327,42500,,,,,,
data_sync,1327,1804400,,,,,,
marker_write,1327,28900,,,,,,
marker_sync,1327,1939000,,,,,,
append,1328,3840200,,,,,,
encode,1328,6100,,,,,,
data_write,1328,51700,,,,,,
data_sync,1328,1968600,,,,,,
marker_write,1328,46700,,,,,,
marker_sync,1328,1764400,,,,,,
append,1329,3756899,,,,,,
encode,1329,5500,,,,,,
data_write,1329,78500,,,,,,
data_sync,1329,1833500,,,,,,
marker_write,1329,48900,,,,,,
marker_sync,1329,1787299,,,,,,
append,1330,4050400,,,,,,
encode,1330,6400,,,,,,
data_write,1330,41200,,,,,,
data_sync,1330,1854400,,,,,,
marker_write,1330,172500,,,,,,
marker_sync,1330,1972800,,,,,,
append,1331,3881400,,,,,,
encode,1331,6200,,,,,,
data_write,1331,78500,,,,,,
data_sync,1331,1917700,,,,,,
marker_write,1331,57400,,,,,,
marker_sync,1331,1819000,,,,,,
append,1332,4128700,,,,,,
encode,1332,6300,,,,,,
data_write,1332,82100,,,,,,
data_sync,1332,2213400,,,,,,
marker_write,1332,68600,,,,,,
marker_sync,1332,1754600,,,,,,
append,1333,3761800,,,,,,
encode,1333,6600,,,,,,
data_write,1333,44400,,,,,,
data_sync,1333,1818200,,,,,,
marker_write,1333,35000,,,,,,
marker_sync,1333,1854700,,,,,,
append,1334,3578500,,,,,,
encode,1334,5500,,,,,,
data_write,1334,41000,,,,,,
data_sync,1334,1752600,,,,,,
marker_write,1334,90500,,,,,,
marker_sync,1334,1685900,,,,,,
append,1335,6070500,,,,,,
encode,1335,7000,,,,,,
data_write,1335,198500,,,,,,
data_sync,1335,1628200,,,,,,
marker_write,1335,121300,,,,,,
marker_sync,1335,4112600,,,,,,
append,1336,3569600,,,,,,
encode,1336,5000,,,,,,
data_write,1336,36200,,,,,,
data_sync,1336,1744500,,,,,,
marker_write,1336,111300,,,,,,
marker_sync,1336,1666800,,,,,,
append,1337,3898500,,,,,,
encode,1337,8500,,,,,,
data_write,1337,280900,,,,,,
data_sync,1337,1684600,,,,,,
marker_write,1337,123700,,,,,,
marker_sync,1337,1797700,,,,,,
append,1338,11825000,,,,,,
encode,1338,6200,,,,,,
data_write,1338,197800,,,,,,
data_sync,1338,8671200,,,,,,
marker_write,1338,39000,,,,,,
marker_sync,1338,2907000,,,,,,
append,1339,3951900,,,,,,
encode,1339,6000,,,,,,
data_write,1339,51500,,,,,,
data_sync,1339,1716400,,,,,,
marker_write,1339,26200,,,,,,
marker_sync,1339,2148400,,,,,,
append,1340,4174300,,,,,,
encode,1340,5200,,,,,,
data_write,1340,119100,,,,,,
data_sync,1340,2071200,,,,,,
marker_write,1340,60600,,,,,,
marker_sync,1340,1915300,,,,,,
append,1341,7869200,,,,,,
encode,1341,6300,,,,,,
data_write,1341,75100,,,,,,
data_sync,1341,1846600,,,,,,
marker_write,1341,61300,,,,,,
marker_sync,1341,5873900,,,,,,
append,1342,4145500,,,,,,
encode,1342,7100,,,,,,
data_write,1342,99600,,,,,,
data_sync,1342,2070000,,,,,,
marker_write,1342,68900,,,,,,
marker_sync,1342,1896700,,,,,,
append,1343,4416699,,,,,,
encode,1343,6500,,,,,,
data_write,1343,69500,,,,,,
data_sync,1343,2041800,,,,,,
marker_write,1343,62100,,,,,,
marker_sync,1343,2233699,,,,,,
append,1344,4348000,,,,,,
encode,1344,6500,,,,,,
data_write,1344,76700,,,,,,
data_sync,1344,2180100,,,,,,
marker_write,1344,25800,,,,,,
marker_sync,1344,2056300,,,,,,
append,1345,4147400,,,,,,
encode,1345,3900,,,,,,
data_write,1345,44000,,,,,,
data_sync,1345,2048800,,,,,,
marker_write,1345,29400,,,,,,
marker_sync,1345,2018000,,,,,,
append,1346,9930400,,,,,,
encode,1346,6300,,,,,,
data_write,1346,41400,,,,,,
data_sync,1346,1673400,,,,,,
marker_write,1346,78400,,,,,,
marker_sync,1346,8127900,,,,,,
append,1347,5045200,,,,,,
encode,1347,5900,,,,,,
data_write,1347,244000,,,,,,
data_sync,1347,2589500,,,,,,
marker_write,1347,36700,,,,,,
marker_sync,1347,2165200,,,,,,
append,1348,4944300,,,,,,
encode,1348,6500,,,,,,
data_write,1348,41700,,,,,,
data_sync,1348,2685800,,,,,,
marker_write,1348,82300,,,,,,
marker_sync,1348,2123800,,,,,,
append,1349,6075600,,,,,,
encode,1349,7800,,,,,,
data_write,1349,52400,,,,,,
data_sync,1349,3968000,,,,,,
marker_write,1349,39200,,,,,,
marker_sync,1349,2004800,,,,,,
append,1350,4012200,,,,,,
encode,1350,6400,,,,,,
data_write,1350,43500,,,,,,
data_sync,1350,1942000,,,,,,
marker_write,1350,43000,,,,,,
marker_sync,1350,1974200,,,,,,
append,1351,4071300,,,,,,
encode,1351,6600,,,,,,
data_write,1351,39600,,,,,,
data_sync,1351,2004900,,,,,,
marker_write,1351,35200,,,,,,
marker_sync,1351,1978200,,,,,,
append,1352,3901800,,,,,,
encode,1352,6900,,,,,,
data_write,1352,45600,,,,,,
data_sync,1352,1924900,,,,,,
marker_write,1352,37600,,,,,,
marker_sync,1352,1883800,,,,,,
append,1353,4715000,,,,,,
encode,1353,6300,,,,,,
data_write,1353,40000,,,,,,
data_sync,1353,2601600,,,,,,
marker_write,1353,32000,,,,,,
marker_sync,1353,2031800,,,,,,
append,1354,7577400,,,,,,
encode,1354,6200,,,,,,
data_write,1354,32400,,,,,,
data_sync,1354,5836800,,,,,,
marker_write,1354,42000,,,,,,
marker_sync,1354,1656900,,,,,,
append,1355,16638599,,,,,,
encode,1355,5700,,,,,,
data_write,1355,48700,,,,,,
data_sync,1355,11895599,,,,,,
marker_write,1355,41500,,,,,,
marker_sync,1355,4640500,,,,,,
append,1356,11325200,,,,,,
encode,1356,5800,,,,,,
data_write,1356,48400,,,,,,
data_sync,1356,7940400,,,,,,
marker_write,1356,40300,,,,,,
marker_sync,1356,3287300,,,,,,
append,1357,4214300,,,,,,
encode,1357,6400,,,,,,
data_write,1357,80700,,,,,,
data_sync,1357,2190900,,,,,,
marker_write,1357,42600,,,,,,
marker_sync,1357,1890800,,,,,,
append,1358,7080300,,,,,,
encode,1358,6400,,,,,,
data_write,1358,46700,,,,,,
data_sync,1358,3521400,,,,,,
marker_write,1358,69300,,,,,,
marker_sync,1358,3432200,,,,,,
append,1359,4233700,,,,,,
encode,1359,6800,,,,,,
data_write,1359,81400,,,,,,
data_sync,1359,2287700,,,,,,
marker_write,1359,28300,,,,,,
marker_sync,1359,1826500,,,,,,
append,1360,4288000,,,,,,
encode,1360,7000,,,,,,
data_write,1360,34600,,,,,,
data_sync,1360,1970300,,,,,,
marker_write,1360,38400,,,,,,
marker_sync,1360,2234800,,,,,,
append,1361,12861900,,,,,,
encode,1361,6200,,,,,,
data_write,1361,43800,,,,,,
data_sync,1361,8799600,,,,,,
marker_write,1361,37700,,,,,,
marker_sync,1361,3971500,,,,,,
append,1362,7999400,,,,,,
encode,1362,7900,,,,,,
data_write,1362,52200,,,,,,
data_sync,1362,3921400,,,,,,
marker_write,1362,107700,,,,,,
marker_sync,1362,3907000,,,,,,
append,1363,7994100,,,,,,
encode,1363,10800,,,,,,
data_write,1363,62500,,,,,,
data_sync,1363,3913600,,,,,,
marker_write,1363,40700,,,,,,
marker_sync,1363,3962900,,,,,,
append,1364,8138899,,,,,,
encode,1364,6400,,,,,,
data_write,1364,41000,,,,,,
data_sync,1364,4014399,,,,,,
marker_write,1364,42200,,,,,,
marker_sync,1364,4031600,,,,,,
append,1365,7848700,,,,,,
encode,1365,6600,,,,,,
data_write,1365,66000,,,,,,
data_sync,1365,5368400,,,,,,
marker_write,1365,39800,,,,,,
marker_sync,1365,2364700,,,,,,
append,1366,11689500,,,,,,
encode,1366,6400,,,,,,
data_write,1366,51900,,,,,,
data_sync,1366,4136300,,,,,,
marker_write,1366,66100,,,,,,
marker_sync,1366,7424200,,,,,,
append,1367,14623300,,,,,,
encode,1367,7200,,,,,,
data_write,1367,53300,,,,,,
data_sync,1367,12237800,,,,,,
marker_write,1367,39900,,,,,,
marker_sync,1367,2280100,,,,,,
append,1368,9696600,,,,,,
encode,1368,7100,,,,,,
data_write,1368,57300,,,,,,
data_sync,1368,5636700,,,,,,
marker_write,1368,43300,,,,,,
marker_sync,1368,3948700,,,,,,
append,1369,7998600,,,,,,
encode,1369,6300,,,,,,
data_write,1369,62000,,,,,,
data_sync,1369,3927000,,,,,,
marker_write,1369,43300,,,,,,
marker_sync,1369,3956800,,,,,,
append,1370,8495300,,,,,,
encode,1370,6600,,,,,,
data_write,1370,55800,,,,,,
data_sync,1370,3931800,,,,,,
marker_write,1370,45300,,,,,,
marker_sync,1370,4452600,,,,,,
append,1371,7490699,,,,,,
encode,1371,6700,,,,,,
data_write,1371,53000,,,,,,
data_sync,1371,3434900,,,,,,
marker_write,1371,46900,,,,,,
marker_sync,1371,3945899,,,,,,
append,1372,8006800,,,,,,
encode,1372,6500,,,,,,
data_write,1372,44700,,,,,,
data_sync,1372,3949700,,,,,,
marker_write,1372,46300,,,,,,
marker_sync,1372,3956100,,,,,,
append,1373,7996700,,,,,,
encode,1373,6100,,,,,,
data_write,1373,79000,,,,,,
data_sync,1373,4038300,,,,,,
marker_write,1373,44500,,,,,,
marker_sync,1373,3824800,,,,,,
append,1374,16067100,,,,,,
encode,1374,7000,,,,,,
data_write,1374,77400,,,,,,
data_sync,1374,11897300,,,,,,
marker_write,1374,99100,,,,,,
marker_sync,1374,3982400,,,,,,
append,1375,4277900,,,,,,
encode,1375,9900,,,,,,
data_write,1375,60500,,,,,,
data_sync,1375,2038900,,,,,,
marker_write,1375,37500,,,,,,
marker_sync,1375,2127400,,,,,,
append,1376,7652300,,,,,,
encode,1376,6900,,,,,,
data_write,1376,45100,,,,,,
data_sync,1376,1899100,,,,,,
marker_write,1376,36400,,,,,,
marker_sync,1376,5661600,,,,,,
append,1377,8004600,,,,,,
encode,1377,6300,,,,,,
data_write,1377,52600,,,,,,
data_sync,1377,3942600,,,,,,
marker_write,1377,41300,,,,,,
marker_sync,1377,3958300,,,,,,
append,1378,9652500,,,,,,
encode,1378,6600,,,,,,
data_write,1378,3968200,,,,,,
data_sync,1378,2520900,,,,,,
marker_write,1378,37300,,,,,,
marker_sync,1378,3115100,,,,,,
append,1379,10490899,,,,,,
encode,1379,6600,,,,,,
data_write,1379,46900,,,,,,
data_sync,1379,4012700,,,,,,
marker_write,1379,47900,,,,,,
marker_sync,1379,6373299,,,,,,
append,1380,7842900,,,,,,
encode,1380,6800,,,,,,
data_write,1380,566900,,,,,,
data_sync,1380,3270200,,,,,,
marker_write,1380,46200,,,,,,
marker_sync,1380,3948800,,,,,,
append,1381,13594800,,,,,,
encode,1381,7000,,,,,,
data_write,1381,53100,,,,,,
data_sync,1381,3996300,,,,,,
marker_write,1381,46900,,,,,,
marker_sync,1381,9488500,,,,,,
append,1382,6408000,,,,,,
encode,1382,6200,,,,,,
data_write,1382,112000,,,,,,
data_sync,1382,1594400,,,,,,
marker_write,1382,65300,,,,,,
marker_sync,1382,4624700,,,,,,
append,1383,11995400,,,,,,
encode,1383,7900,,,,,,
data_write,1383,49100,,,,,,
data_sync,1383,3503900,,,,,,
marker_write,1383,123000,,,,,,
marker_sync,1383,8307800,,,,,,
append,1384,7992900,,,,,,
encode,1384,6900,,,,,,
data_write,1384,109900,,,,,,
data_sync,1384,3874400,,,,,,
marker_write,1384,50600,,,,,,
marker_sync,1384,3947900,,,,,,
append,1385,8001800,,,,,,
encode,1385,6300,,,,,,
data_write,1385,46900,,,,,,
data_sync,1385,3955500,,,,,,
marker_write,1385,47100,,,,,,
marker_sync,1385,3942700,,,,,,
append,1386,11997299,,,,,,
encode,1386,6200,,,,,,
data_write,1386,52200,,,,,,
data_sync,1386,7912099,,,,,,
marker_write,1386,83500,,,,,,
marker_sync,1386,3940200,,,,,,
append,1387,8008900,,,,,,
encode,1387,7400,,,,,,
data_write,1387,85400,,,,,,
data_sync,1387,3906900,,,,,,
marker_write,1387,98000,,,,,,
marker_sync,1387,3907500,,,,,,
append,1388,7997500,,,,,,
encode,1388,6000,,,,,,
data_write,1388,126000,,,,,,
data_sync,1388,3858400,,,,,,
marker_write,1388,83700,,,,,,
marker_sync,1388,3920000,,,,,,
append,1389,7997500,,,,,,
encode,1389,7500,,,,,,
data_write,1389,98500,,,,,,
data_sync,1389,3888700,,,,,,
marker_write,1389,83400,,,,,,
marker_sync,1389,3915800,,,,,,
append,1390,7993100,,,,,,
encode,1390,6000,,,,,,
data_write,1390,47400,,,,,,
data_sync,1390,3959100,,,,,,
marker_write,1390,35700,,,,,,
marker_sync,1390,3941400,,,,,,
append,1391,8000900,,,,,,
encode,1391,6900,,,,,,
data_write,1391,60500,,,,,,
data_sync,1391,3926600,,,,,,
marker_write,1391,48100,,,,,,
marker_sync,1391,3955800,,,,,,
append,1392,7993200,,,,,,
encode,1392,6600,,,,,,
data_write,1392,54800,,,,,,
data_sync,1392,3935600,,,,,,
marker_write,1392,71000,,,,,,
marker_sync,1392,3921800,,,,,,
append,1393,8004800,,,,,,
encode,1393,6400,,,,,,
data_write,1393,47900,,,,,,
data_sync,1393,3950700,,,,,,
marker_write,1393,45800,,,,,,
marker_sync,1393,3950500,,,,,,
append,1394,7986800,,,,,,
encode,1394,6400,,,,,,
data_write,1394,50200,,,,,,
data_sync,1394,3968000,,,,,,
marker_write,1394,44500,,,,,,
marker_sync,1394,3914200,,,,,,
append,1395,8008599,,,,,,
encode,1395,6100,,,,,,
data_write,1395,89800,,,,,,
data_sync,1395,3967699,,,,,,
marker_write,1395,78000,,,,,,
marker_sync,1395,3863500,,,,,,
append,1396,10360500,,,,,,
encode,1396,6600,,,,,,
data_write,1396,86600,,,,,,
data_sync,1396,3894400,,,,,,
marker_write,1396,38600,,,,,,
marker_sync,1396,6331300,,,,,,
append,1397,5667000,,,,,,
encode,1397,6300,,,,,,
data_write,1397,92300,,,,,,
data_sync,1397,1937600,,,,,,
marker_write,1397,45100,,,,,,
marker_sync,1397,3582200,,,,,,
append,1398,7969900,,,,,,
encode,1398,6300,,,,,,
data_write,1398,55100,,,,,,
data_sync,1398,3889300,,,,,,
marker_write,1398,72900,,,,,,
marker_sync,1398,3942900,,,,,,
append,1399,8102500,,,,,,
encode,1399,5700,,,,,,
data_write,1399,56500,,,,,,
data_sync,1399,4045400,,,,,,
marker_write,1399,50100,,,,,,
marker_sync,1399,3940300,,,,,,
append,1400,23868600,,,,,,
encode,1400,7300,,,,,,
data_write,1400,57200,,,,,,
data_sync,1400,3865300,,,,,,
marker_write,1400,67300,,,,,,
marker_sync,1400,19868200,,,,,,
append,1401,11395699,,,,,,
encode,1401,6400,,,,,,
data_write,1401,58900,,,,,,
data_sync,1401,7993999,,,,,,
marker_write,1401,36600,,,,,,
marker_sync,1401,3295900,,,,,,
append,1402,8328100,,,,,,
encode,1402,6600,,,,,,
data_write,1402,60000,,,,,,
data_sync,1402,4557700,,,,,,
marker_write,1402,42700,,,,,,
marker_sync,1402,3657800,,,,,,
append,1403,3632800,,,,,,
encode,1403,6900,,,,,,
data_write,1403,61800,,,,,,
data_sync,1403,1792800,,,,,,
marker_write,1403,43700,,,,,,
marker_sync,1403,1724700,,,,,,
append,1404,7041500,,,,,,
encode,1404,6500,,,,,,
data_write,1404,54000,,,,,,
data_sync,1404,4608000,,,,,,
marker_write,1404,43500,,,,,,
marker_sync,1404,2326400,,,,,,
append,1405,5610600,,,,,,
encode,1405,6400,,,,,,
data_write,1405,50200,,,,,,
data_sync,1405,1686400,,,,,,
marker_write,1405,51700,,,,,,
marker_sync,1405,3813000,,,,,,
append,1406,12002400,,,,,,
encode,1406,6100,,,,,,
data_write,1406,68600,,,,,,
data_sync,1406,7931500,,,,,,
marker_write,1406,41000,,,,,,
marker_sync,1406,3952300,,,,,,
append,1407,8073400,,,,,,
encode,1407,5600,,,,,,
data_write,1407,55900,,,,,,
data_sync,1407,3939200,,,,,,
marker_write,1407,44000,,,,,,
marker_sync,1407,4025400,,,,,,
append,1408,7949600,,,,,,
encode,1408,6800,,,,,,
data_write,1408,58100,,,,,,
data_sync,1408,3956700,,,,,,
marker_write,1408,47000,,,,,,
marker_sync,1408,3878000,,,,,,
append,1409,8048600,,,,,,
encode,1409,4400,,,,,,
data_write,1409,43500,,,,,,
data_sync,1409,3893500,,,,,,
marker_write,1409,43000,,,,,,
marker_sync,1409,4061300,,,,,,
append,1410,6154799,,,,,,
encode,1410,4900,,,,,,
data_write,1410,52800,,,,,,
data_sync,1410,3865400,,,,,,
marker_write,1410,63700,,,,,,
marker_sync,1410,2165299,,,,,,
append,1411,3857400,,,,,,
encode,1411,6200,,,,,,
data_write,1411,41000,,,,,,
data_sync,1411,1922200,,,,,,
marker_write,1411,40100,,,,,,
marker_sync,1411,1845300,,,,,,
append,1412,3866000,,,,,,
encode,1412,6200,,,,,,
data_write,1412,57200,,,,,,
data_sync,1412,1942900,,,,,,
marker_write,1412,36500,,,,,,
marker_sync,1412,1820100,,,,,,
append,1413,6503300,,,,,,
encode,1413,5600,,,,,,
data_write,1413,41500,,,,,,
data_sync,1413,4445700,,,,,,
marker_write,1413,55000,,,,,,
marker_sync,1413,1952600,,,,,,
append,1414,7590500,,,,,,
encode,1414,6300,,,,,,
data_write,1414,47600,,,,,,
data_sync,1414,1589700,,,,,,
marker_write,1414,36000,,,,,,
marker_sync,1414,5907600,,,,,,
append,1415,4128700,,,,,,
encode,1415,7300,,,,,,
data_write,1415,50800,,,,,,
data_sync,1415,2114400,,,,,,
marker_write,1415,42300,,,,,,
marker_sync,1415,1910500,,,,,,
append,1416,4569400,,,,,,
encode,1416,6100,,,,,,
data_write,1416,37600,,,,,,
data_sync,1416,2030600,,,,,,
marker_write,1416,41300,,,,,,
marker_sync,1416,2450200,,,,,,
append,1417,3838500,,,,,,
encode,1417,5500,,,,,,
data_write,1417,38200,,,,,,
data_sync,1417,1951000,,,,,,
marker_write,1417,34400,,,,,,
marker_sync,1417,1806700,,,,,,
append,1418,4287100,,,,,,
encode,1418,5700,,,,,,
data_write,1418,42200,,,,,,
data_sync,1418,1852800,,,,,,
marker_write,1418,38100,,,,,,
marker_sync,1418,2345100,,,,,,
append,1419,3718700,,,,,,
encode,1419,6900,,,,,,
data_write,1419,46200,,,,,,
data_sync,1419,1882700,,,,,,
marker_write,1419,38400,,,,,,
marker_sync,1419,1741400,,,,,,
append,1420,7382200,,,,,,
encode,1420,5900,,,,,,
data_write,1420,41700,,,,,,
data_sync,1420,3284200,,,,,,
marker_write,1420,44100,,,,,,
marker_sync,1420,4002500,,,,,,
append,1421,3614500,,,,,,
encode,1421,7400,,,,,,
data_write,1421,49800,,,,,,
data_sync,1421,1890300,,,,,,
marker_write,1421,37700,,,,,,
marker_sync,1421,1625700,,,,,,
append,1422,3952200,,,,,,
encode,1422,7700,,,,,,
data_write,1422,46800,,,,,,
data_sync,1422,1870500,,,,,,
marker_write,1422,43300,,,,,,
marker_sync,1422,1980900,,,,,,
append,1423,4259000,,,,,,
encode,1423,6100,,,,,,
data_write,1423,69900,,,,,,
data_sync,1423,2366700,,,,,,
marker_write,1423,30000,,,,,,
marker_sync,1423,1783400,,,,,,
append,1424,3793700,,,,,,
encode,1424,6300,,,,,,
data_write,1424,45300,,,,,,
data_sync,1424,1861700,,,,,,
marker_write,1424,35600,,,,,,
marker_sync,1424,1841700,,,,,,
append,1425,3788699,,,,,,
encode,1425,6300,,,,,,
data_write,1425,43700,,,,,,
data_sync,1425,1837400,,,,,,
marker_write,1425,36300,,,,,,
marker_sync,1425,1862299,,,,,,
append,1426,4772400,,,,,,
encode,1426,5800,,,,,,
data_write,1426,41900,,,,,,
data_sync,1426,2460800,,,,,,
marker_write,1426,61500,,,,,,
marker_sync,1426,2198300,,,,,,
append,1427,7810000,,,,,,
encode,1427,6400,,,,,,
data_write,1427,48200,,,,,,
data_sync,1427,2054000,,,,,,
marker_write,1427,44900,,,,,,
marker_sync,1427,5652800,,,,,,
append,1428,4312800,,,,,,
encode,1428,5800,,,,,,
data_write,1428,79200,,,,,,
data_sync,1428,2217600,,,,,,
marker_write,1428,66200,,,,,,
marker_sync,1428,1940100,,,,,,
append,1429,4331800,,,,,,
encode,1429,6300,,,,,,
data_write,1429,68600,,,,,,
data_sync,1429,1829600,,,,,,
marker_write,1429,53500,,,,,,
marker_sync,1429,2370300,,,,,,
append,1430,4355600,,,,,,
encode,1430,6700,,,,,,
data_write,1430,79000,,,,,,
data_sync,1430,2248300,,,,,,
marker_write,1430,67600,,,,,,
marker_sync,1430,1951000,,,,,,
append,1431,4073600,,,,,,
encode,1431,5900,,,,,,
data_write,1431,66700,,,,,,
data_sync,1431,2058700,,,,,,
marker_write,1431,59800,,,,,,
marker_sync,1431,1879500,,,,,,
append,1432,3741200,,,,,,
encode,1432,7000,,,,,,
data_write,1432,72800,,,,,,
data_sync,1432,1792100,,,,,,
marker_write,1432,56400,,,,,,
marker_sync,1432,1809500,,,,,,
append,1433,4379200,,,,,,
encode,1433,5400,,,,,,
data_write,1433,67100,,,,,,
data_sync,1433,1982500,,,,,,
marker_write,1433,49100,,,,,,
marker_sync,1433,2272400,,,,,,
append,1434,4404400,,,,,,
encode,1434,6300,,,,,,
data_write,1434,76200,,,,,,
data_sync,1434,2070100,,,,,,
marker_write,1434,65200,,,,,,
marker_sync,1434,2183800,,,,,,
append,1435,4677100,,,,,,
encode,1435,6700,,,,,,
data_write,1435,72400,,,,,,
data_sync,1435,2270400,,,,,,
marker_write,1435,74700,,,,,,
marker_sync,1435,2248600,,,,,,
append,1436,4492000,,,,,,
encode,1436,7400,,,,,,
data_write,1436,77900,,,,,,
data_sync,1436,2230500,,,,,,
marker_write,1436,67200,,,,,,
marker_sync,1436,2105400,,,,,,
append,1437,4371200,,,,,,
encode,1437,6100,,,,,,
data_write,1437,70800,,,,,,
data_sync,1437,2126900,,,,,,
marker_write,1437,65300,,,,,,
marker_sync,1437,2099000,,,,,,
append,1438,4126800,,,,,,
encode,1438,6600,,,,,,
data_write,1438,75500,,,,,,
data_sync,1438,1979400,,,,,,
marker_write,1438,61600,,,,,,
marker_sync,1438,2000100,,,,,,
append,1439,4126600,,,,,,
encode,1439,5600,,,,,,
data_write,1439,70700,,,,,,
data_sync,1439,1958200,,,,,,
marker_write,1439,62800,,,,,,
marker_sync,1439,2026400,,,,,,
append,1440,4308899,,,,,,
encode,1440,7000,,,,,,
data_write,1440,94200,,,,,,
data_sync,1440,2087100,,,,,,
marker_write,1440,62700,,,,,,
marker_sync,1440,2054499,,,,,,
append,1441,3724600,,,,,,
encode,1441,5300,,,,,,
data_write,1441,65700,,,,,,
data_sync,1441,1833500,,,,,,
marker_write,1441,60900,,,,,,
marker_sync,1441,1755600,,,,,,
append,1442,3540600,,,,,,
encode,1442,5700,,,,,,
data_write,1442,70000,,,,,,
data_sync,1442,1685300,,,,,,
marker_write,1442,54400,,,,,,
marker_sync,1442,1722400,,,,,,
append,1443,3496800,,,,,,
encode,1443,6000,,,,,,
data_write,1443,65400,,,,,,
data_sync,1443,1717200,,,,,,
marker_write,1443,56200,,,,,,
marker_sync,1443,1649400,,,,,,
append,1444,3405600,,,,,,
encode,1444,5900,,,,,,
data_write,1444,66500,,,,,,
data_sync,1444,1626100,,,,,,
marker_write,1444,55200,,,,,,
marker_sync,1444,1649200,,,,,,
append,1445,3502100,,,,,,
encode,1445,5700,,,,,,
data_write,1445,64800,,,,,,
data_sync,1445,1585700,,,,,,
marker_write,1445,49900,,,,,,
marker_sync,1445,1793000,,,,,,
append,1446,4129800,,,,,,
encode,1446,6200,,,,,,
data_write,1446,72100,,,,,,
data_sync,1446,1907500,,,,,,
marker_write,1446,65200,,,,,,
marker_sync,1446,2075900,,,,,,
append,1447,3520900,,,,,,
encode,1447,5000,,,,,,
data_write,1447,60500,,,,,,
data_sync,1447,1759000,,,,,,
marker_write,1447,43300,,,,,,
marker_sync,1447,1650600,,,,,,
append,1448,3450400,,,,,,
encode,1448,4900,,,,,,
data_write,1448,61500,,,,,,
data_sync,1448,1598700,,,,,,
marker_write,1448,57600,,,,,,
marker_sync,1448,1725200,,,,,,
append,1449,3814100,,,,,,
encode,1449,5500,,,,,,
data_write,1449,69000,,,,,,
data_sync,1449,1813900,,,,,,
marker_write,1449,56400,,,,,,
marker_sync,1449,1865000,,,,,,
append,1450,3794300,,,,,,
encode,1450,6000,,,,,,
data_write,1450,68000,,,,,,
data_sync,1450,1809900,,,,,,
marker_write,1450,63300,,,,,,
marker_sync,1450,1843400,,,,,,
append,1451,3386300,,,,,,
encode,1451,6200,,,,,,
data_write,1451,69800,,,,,,
data_sync,1451,1601200,,,,,,
marker_write,1451,62000,,,,,,
marker_sync,1451,1643300,,,,,,
append,1452,3957100,,,,,,
encode,1452,6700,,,,,,
data_write,1452,72500,,,,,,
data_sync,1452,1907200,,,,,,
marker_write,1452,63100,,,,,,
marker_sync,1452,1904300,,,,,,
append,1453,4008600,,,,,,
encode,1453,5400,,,,,,
data_write,1453,73900,,,,,,
data_sync,1453,1915600,,,,,,
marker_write,1453,107800,,,,,,
marker_sync,1453,1902000,,,,,,
append,1454,3966500,,,,,,
encode,1454,5900,,,,,,
data_write,1454,72800,,,,,,
data_sync,1454,1888500,,,,,,
marker_write,1454,70200,,,,,,
marker_sync,1454,1926100,,,,,,
append,1455,3853000,,,,,,
encode,1455,5700,,,,,,
data_write,1455,38800,,,,,,
data_sync,1455,1937100,,,,,,
marker_write,1455,25400,,,,,,
marker_sync,1455,1843100,,,,,,
append,1456,9118100,,,,,,
encode,1456,6200,,,,,,
data_write,1456,68100,,,,,,
data_sync,1456,1748300,,,,,,
marker_write,1456,51100,,,,,,
marker_sync,1456,7240900,,,,,,
append,1457,11535099,,,,,,
encode,1457,8100,,,,,,
data_write,1457,167500,,,,,,
data_sync,1457,2528200,,,,,,
marker_write,1457,53400,,,,,,
marker_sync,1457,8774999,,,,,,
append,1458,12021600,,,,,,
encode,1458,6800,,,,,,
data_write,1458,60700,,,,,,
data_sync,1458,7925500,,,,,,
marker_write,1458,50100,,,,,,
marker_sync,1458,3974000,,,,,,
append,1459,8004000,,,,,,
encode,1459,7500,,,,,,
data_write,1459,44300,,,,,,
data_sync,1459,3951100,,,,,,
marker_write,1459,55600,,,,,,
marker_sync,1459,3941200,,,,,,
append,1460,8034800,,,,,,
encode,1460,7600,,,,,,
data_write,1460,64600,,,,,,
data_sync,1460,3636000,,,,,,
marker_write,1460,43400,,,,,,
marker_sync,1460,4279300,,,,,,
append,1461,7965100,,,,,,
encode,1461,6500,,,,,,
data_write,1461,64900,,,,,,
data_sync,1461,3886200,,,,,,
marker_write,1461,82600,,,,,,
marker_sync,1461,3921200,,,,,,
append,1462,11997500,,,,,,
encode,1462,6500,,,,,,
data_write,1462,93500,,,,,,
data_sync,1462,7893800,,,,,,
marker_write,1462,44100,,,,,,
marker_sync,1462,3955800,,,,,,
append,1463,12216300,,,,,,
encode,1463,6400,,,,,,
data_write,1463,51400,,,,,,
data_sync,1463,3959500,,,,,,
marker_write,1463,63700,,,,,,
marker_sync,1463,8132200,,,,,,
append,1464,7779399,,,,,,
encode,1464,6300,,,,,,
data_write,1464,48900,,,,,,
data_sync,1464,3721099,,,,,,
marker_write,1464,44300,,,,,,
marker_sync,1464,3955900,,,,,,
append,1465,8001800,,,,,,
encode,1465,6200,,,,,,
data_write,1465,60800,,,,,,
data_sync,1465,3944900,,,,,,
marker_write,1465,72600,,,,,,
marker_sync,1465,3913700,,,,,,
append,1466,8003100,,,,,,
encode,1466,6100,,,,,,
data_write,1466,50500,,,,,,
data_sync,1466,3945800,,,,,,
marker_write,1466,39100,,,,,,
marker_sync,1466,3958200,,,,,,
append,1467,4001300,,,,,,
encode,1467,5600,,,,,,
data_write,1467,56800,,,,,,
data_sync,1467,2117700,,,,,,
marker_write,1467,45700,,,,,,
marker_sync,1467,1771500,,,,,,
append,1468,5754600,,,,,,
encode,1468,7100,,,,,,
data_write,1468,52700,,,,,,
data_sync,1468,1701600,,,,,,
marker_write,1468,41400,,,,,,
marker_sync,1468,3948200,,,,,,
append,1469,6232400,,,,,,
encode,1469,6600,,,,,,
data_write,1469,41900,,,,,,
data_sync,1469,2758000,,,,,,
marker_write,1469,41200,,,,,,
marker_sync,1469,3381700,,,,,,
append,1470,8026400,,,,,,
encode,1470,6800,,,,,,
data_write,1470,52600,,,,,,
data_sync,1470,3591800,,,,,,
marker_write,1470,65900,,,,,,
marker_sync,1470,4304700,,,,,,
append,1471,7980100,,,,,,
encode,1471,7300,,,,,,
data_write,1471,59500,,,,,,
data_sync,1471,3938400,,,,,,
marker_write,1471,58800,,,,,,
marker_sync,1471,3911900,,,,,,
append,1472,21259699,,,,,,
encode,1472,6200,,,,,,
data_write,1472,54200,,,,,,
data_sync,1472,18686999,,,,,,
marker_write,1472,65000,,,,,,
marker_sync,1472,2443300,,,,,,
append,1473,9311800,,,,,,
encode,1473,4700,,,,,,
data_write,1473,63300,,,,,,
data_sync,1473,6625900,,,,,,
marker_write,1473,52100,,,,,,
marker_sync,1473,2561700,,,,,,
append,1474,10163400,,,,,,
encode,1474,6600,,,,,,
data_write,1474,61000,,,,,,
data_sync,1474,2021700,,,,,,
marker_write,1474,52400,,,,,,
marker_sync,1474,8019000,,,,,,
append,1475,7218400,,,,,,
encode,1475,5200,,,,,,
data_write,1475,43100,,,,,,
data_sync,1475,2382400,,,,,,
marker_write,1475,52900,,,,,,
marker_sync,1475,4731900,,,,,,
append,1476,7995800,,,,,,
encode,1476,6200,,,,,,
data_write,1476,59800,,,,,,
data_sync,1476,3951300,,,,,,
marker_write,1476,48000,,,,,,
marker_sync,1476,3926400,,,,,,
append,1477,8003000,,,,,,
encode,1477,6600,,,,,,
data_write,1477,60100,,,,,,
data_sync,1477,3927500,,,,,,
marker_write,1477,43600,,,,,,
marker_sync,1477,3961300,,,,,,
append,1478,7995100,,,,,,
encode,1478,6200,,,,,,
data_write,1478,51700,,,,,,
data_sync,1478,3945700,,,,,,
marker_write,1478,57400,,,,,,
marker_sync,1478,3931100,,,,,,
append,1479,7991900,,,,,,
encode,1479,7400,,,,,,
data_write,1479,46000,,,,,,
data_sync,1479,3967200,,,,,,
marker_write,1479,32600,,,,,,
marker_sync,1479,3934400,,,,,,
append,1480,8008399,,,,,,
encode,1480,6100,,,,,,
data_write,1480,55500,,,,,,
data_sync,1480,3934900,,,,,,
marker_write,1480,36200,,,,,,
marker_sync,1480,3972499,,,,,,
append,1481,10437900,,,,,,
encode,1481,6700,,,,,,
data_write,1481,50300,,,,,,
data_sync,1481,4097900,,,,,,
marker_write,1481,177200,,,,,,
marker_sync,1481,6102000,,,,,,
append,1482,15275500,,,,,,
encode,1482,6600,,,,,,
data_write,1482,54400,,,,,,
data_sync,1482,9468000,,,,,,
marker_write,1482,55700,,,,,,
marker_sync,1482,5687600,,,,,,
append,1483,8169100,,,,,,
encode,1483,6300,,,,,,
data_write,1483,48500,,,,,,
data_sync,1483,6221800,,,,,,
marker_write,1483,45100,,,,,,
marker_sync,1483,1844000,,,,,,
append,1484,6114000,,,,,,
encode,1484,6100,,,,,,
data_write,1484,36800,,,,,,
data_sync,1484,1728200,,,,,,
marker_write,1484,27000,,,,,,
marker_sync,1484,4312000,,,,,,
append,1485,7995100,,,,,,
encode,1485,6100,,,,,,
data_write,1485,36900,,,,,,
data_sync,1485,3956200,,,,,,
marker_write,1485,32100,,,,,,
marker_sync,1485,3960000,,,,,,
append,1486,7996900,,,,,,
encode,1486,6800,,,,,,
data_write,1486,41200,,,,,,
data_sync,1486,3937500,,,,,,
marker_write,1486,40200,,,,,,
marker_sync,1486,3967200,,,,,,
append,1487,7994000,,,,,,
encode,1487,7100,,,,,,
data_write,1487,41600,,,,,,
data_sync,1487,3944900,,,,,,
marker_write,1487,43300,,,,,,
marker_sync,1487,3953400,,,,,,
append,1488,7999799,,,,,,
encode,1488,6900,,,,,,
data_write,1488,40300,,,,,,
data_sync,1488,3956299,,,,,,
marker_write,1488,41400,,,,,,
marker_sync,1488,3951100,,,,,,
append,1489,8072000,,,,,,
encode,1489,5600,,,,,,
data_write,1489,41900,,,,,,
data_sync,1489,3950300,,,,,,
marker_write,1489,41200,,,,,,
marker_sync,1489,4029900,,,,,,
append,1490,7930200,,,,,,
encode,1490,6200,,,,,,
data_write,1490,43400,,,,,,
data_sync,1490,3903600,,,,,,
marker_write,1490,37900,,,,,,
marker_sync,1490,3934700,,,,,,
append,1491,7994500,,,,,,
encode,1491,5900,,,,,,
data_write,1491,55300,,,,,,
data_sync,1491,3933600,,,,,,
marker_write,1491,38000,,,,,,
marker_sync,1491,3958600,,,,,,
append,1492,15998000,,,,,,
encode,1492,6000,,,,,,
data_write,1492,38700,,,,,,
data_sync,1492,3837100,,,,,,
marker_write,1492,85900,,,,,,
marker_sync,1492,12026800,,,,,,
append,1493,11991800,,,,,,
encode,1493,7400,,,,,,
data_write,1493,48000,,,,,,
data_sync,1493,7939800,,,,,,
marker_write,1493,44300,,,,,,
marker_sync,1493,3949500,,,,,,
append,1494,16127499,,,,,,
encode,1494,8500,,,,,,
data_write,1494,50000,,,,,,
data_sync,1494,10239900,,,,,,
marker_write,1494,54000,,,,,,
marker_sync,1494,5771699,,,,,,
append,1495,11971100,,,,,,
encode,1495,6300,,,,,,
data_write,1495,69400,,,,,,
data_sync,1495,3799000,,,,,,
marker_write,1495,54500,,,,,,
marker_sync,1495,8037200,,,,,,
append,1496,11898100,,,,,,
encode,1496,7600,,,,,,
data_write,1496,60200,,,,,,
data_sync,1496,7842100,,,,,,
marker_write,1496,44700,,,,,,
marker_sync,1496,3940100,,,,,,
append,1497,8015700,,,,,,
encode,1497,6300,,,,,,
data_write,1497,54200,,,,,,
data_sync,1497,3938000,,,,,,
marker_write,1497,50100,,,,,,
marker_sync,1497,3963600,,,,,,
append,1498,12021400,,,,,,
encode,1498,6300,,,,,,
data_write,1498,55600,,,,,,
data_sync,1498,4090500,,,,,,
marker_write,1498,61300,,,,,,
marker_sync,1498,7772900,,,,,,
append,1499,7966200,,,,,,
encode,1499,6500,,,,,,
data_write,1499,55600,,,,,,
data_sync,1499,3907500,,,,,,
marker_write,1499,83100,,,,,,
marker_sync,1499,3909900,,,,,,
append,1500,7997500,,,,,,
encode,1500,6400,,,,,,
data_write,1500,54000,,,,,,
data_sync,1500,3190400,,,,,,
marker_write,1500,74900,,,,,,
marker_sync,1500,4668200,,,,,,
append,1501,8037999,,,,,,
encode,1501,6000,,,,,,
data_write,1501,63300,,,,,,
data_sync,1501,3952500,,,,,,
marker_write,1501,43100,,,,,,
marker_sync,1501,3969399,,,,,,
append,1502,11541800,,,,,,
encode,1502,6900,,,,,,
data_write,1502,60300,,,,,,
data_sync,1502,9663400,,,,,,
marker_write,1502,50400,,,,,,
marker_sync,1502,1757200,,,,,,
append,1503,8418300,,,,,,
encode,1503,5700,,,,,,
data_write,1503,52600,,,,,,
data_sync,1503,4359400,,,,,,
marker_write,1503,41300,,,,,,
marker_sync,1503,3955500,,,,,,
append,1504,8473600,,,,,,
encode,1504,5700,,,,,,
data_write,1504,49300,,,,,,
data_sync,1504,3939900,,,,,,
marker_write,1504,48600,,,,,,
marker_sync,1504,4426500,,,,,,
append,1505,3906400,,,,,,
encode,1505,6300,,,,,,
data_write,1505,42500,,,,,,
data_sync,1505,2029900,,,,,,
marker_write,1505,31700,,,,,,
marker_sync,1505,1792500,,,,,,
append,1506,7620000,,,,,,
encode,1506,6300,,,,,,
data_write,1506,39200,,,,,,
data_sync,1506,1718700,,,,,,
marker_write,1506,28600,,,,,,
marker_sync,1506,5823600,,,,,,
append,1507,7999900,,,,,,
encode,1507,6600,,,,,,
data_write,1507,57100,,,,,,
data_sync,1507,1971000,,,,,,
marker_write,1507,28200,,,,,,
marker_sync,1507,5933200,,,,,,
append,1508,3624400,,,,,,
encode,1508,6000,,,,,,
data_write,1508,49200,,,,,,
data_sync,1508,1905100,,,,,,
marker_write,1508,29000,,,,,,
marker_sync,1508,1632400,,,,,,
append,1509,8370500,,,,,,
encode,1509,5900,,,,,,
data_write,1509,34200,,,,,,
data_sync,1509,4322800,,,,,,
marker_write,1509,43900,,,,,,
marker_sync,1509,3960600,,,,,,
append,1510,7993399,,,,,,
encode,1510,7100,,,,,,
data_write,1510,45000,,,,,,
data_sync,1510,3948100,,,,,,
marker_write,1510,38600,,,,,,
marker_sync,1510,3951599,,,,,,
append,1511,8001300,,,,,,
encode,1511,5800,,,,,,
data_write,1511,38800,,,,,,
data_sync,1511,3958100,,,,,,
marker_write,1511,43300,,,,,,
marker_sync,1511,3952300,,,,,,
append,1512,8001600,,,,,,
encode,1512,6600,,,,,,
data_write,1512,37900,,,,,,
data_sync,1512,3959500,,,,,,
marker_write,1512,37200,,,,,,
marker_sync,1512,3957300,,,,,,
append,1513,12042500,,,,,,
encode,1513,5800,,,,,,
data_write,1513,38200,,,,,,
data_sync,1513,3946300,,,,,,
marker_write,1513,39400,,,,,,
marker_sync,1513,8009400,,,,,,
append,1514,4203200,,,,,,
encode,1514,9100,,,,,,
data_write,1514,53600,,,,,,
data_sync,1514,2305100,,,,,,
marker_write,1514,27800,,,,,,
marker_sync,1514,1804800,,,,,,
append,1515,15784700,,,,,,
encode,1515,6400,,,,,,
data_write,1515,45500,,,,,,
data_sync,1515,6968600,,,,,,
marker_write,1515,50700,,,,,,
marker_sync,1515,8710200,,,,,,
append,1516,8005700,,,,,,
encode,1516,6200,,,,,,
data_write,1516,56800,,,,,,
data_sync,1516,3923200,,,,,,
marker_write,1516,42000,,,,,,
marker_sync,1516,3973800,,,,,,
append,1517,8070700,,,,,,
encode,1517,8300,,,,,,
data_write,1517,55500,,,,,,
data_sync,1517,3445900,,,,,,
marker_write,1517,51800,,,,,,
marker_sync,1517,4504800,,,,,,
append,1518,11887099,,,,,,
encode,1518,6900,,,,,,
data_write,1518,257300,,,,,,
data_sync,1518,7619399,,,,,,
marker_write,1518,30100,,,,,,
marker_sync,1518,3969800,,,,,,
append,1519,15967700,,,,,,
encode,1519,6000,,,,,,
data_write,1519,43300,,,,,,
data_sync,1519,3659800,,,,,,
marker_write,1519,149800,,,,,,
marker_sync,1519,12105100,,,,,,
append,1520,4030500,,,,,,
encode,1520,6000,,,,,,
data_write,1520,50500,,,,,,
data_sync,1520,1960300,,,,,,
marker_write,1520,130200,,,,,,
marker_sync,1520,1880500,,,,,,
append,1521,7993200,,,,,,
encode,1521,6500,,,,,,
data_write,1521,46700,,,,,,
data_sync,1521,3932600,,,,,,
marker_write,1521,39000,,,,,,
marker_sync,1521,3964900,,,,,,
append,1522,7994700,,,,,,
encode,1522,6100,,,,,,
data_write,1522,51400,,,,,,
data_sync,1522,3934900,,,,,,
marker_write,1522,43000,,,,,,
marker_sync,1522,3955200,,,,,,
append,1523,11994800,,,,,,
encode,1523,5400,,,,,,
data_write,1523,70800,,,,,,
data_sync,1523,7930800,,,,,,
marker_write,1523,47200,,,,,,
marker_sync,1523,3937300,,,,,,
append,1524,8009300,,,,,,
encode,1524,5400,,,,,,
data_write,1524,45600,,,,,,
data_sync,1524,4032000,,,,,,
marker_write,1524,103600,,,,,,
marker_sync,1524,3818000,,,,,,
append,1525,7991499,,,,,,
encode,1525,5600,,,,,,
data_write,1525,51600,,,,,,
data_sync,1525,3930700,,,,,,
marker_write,1525,65700,,,,,,
marker_sync,1525,3933199,,,,,,
append,1526,8005500,,,,,,
encode,1526,6200,,,,,,
data_write,1526,67000,,,,,,
data_sync,1526,3932700,,,,,,
marker_write,1526,34900,,,,,,
marker_sync,1526,3961100,,,,,,
append,1527,8014300,,,,,,
encode,1527,6200,,,,,,
data_write,1527,50500,,,,,,
data_sync,1527,3965900,,,,,,
marker_write,1527,40200,,,,,,
marker_sync,1527,3948700,,,,,,
append,1528,8007300,,,,,,
encode,1528,6300,,,,,,
data_write,1528,50200,,,,,,
data_sync,1528,3954100,,,,,,
marker_write,1528,36500,,,,,,
marker_sync,1528,3956200,,,,,,
append,1529,15975100,,,,,,
encode,1529,5900,,,,,,
data_write,1529,40400,,,,,,
data_sync,1529,11981600,,,,,,
marker_write,1529,49100,,,,,,
marker_sync,1529,3895000,,,,,,
append,1530,7997700,,,,,,
encode,1530,5800,,,,,,
data_write,1530,61100,,,,,,
data_sync,1530,3928500,,,,,,
marker_write,1530,63900,,,,,,
marker_sync,1530,3935400,,,,,,
append,1531,6090000,,,,,,
encode,1531,5700,,,,,,
data_write,1531,47600,,,,,,
data_sync,1531,3941400,,,,,,
marker_write,1531,42400,,,,,,
marker_sync,1531,2048800,,,,,,
append,1532,12417500,,,,,,
encode,1532,6000,,,,,,
data_write,1532,51000,,,,,,
data_sync,1532,9820200,,,,,,
marker_write,1532,61300,,,,,,
marker_sync,1532,2476000,,,,,,
append,1533,5484699,,,,,,
encode,1533,5600,,,,,,
data_write,1533,55000,,,,,,
data_sync,1533,1858699,,,,,,
marker_write,1533,36500,,,,,,
marker_sync,1533,3526100,,,,,,
append,1534,7991300,,,,,,
encode,1534,7300,,,,,,
data_write,1534,49600,,,,,,
data_sync,1534,3962700,,,,,,
marker_write,1534,46800,,,,,,
marker_sync,1534,3921200,,,,,,
append,1535,13738200,,,,,,
encode,1535,8200,,,,,,
data_write,1535,51900,,,,,,
data_sync,1535,7998000,,,,,,
marker_write,1535,65300,,,,,,
marker_sync,1535,5611600,,,,,,
append,1536,8164900,,,,,,
encode,1536,7300,,,,,,
data_write,1536,50100,,,,,,
data_sync,1536,6208600,,,,,,
marker_write,1536,41700,,,,,,
marker_sync,1536,1853800,,,,,,
append,1537,6060800,,,,,,
encode,1537,4100,,,,,,
data_write,1537,45100,,,,,,
data_sync,1537,1633500,,,,,,
marker_write,1537,33900,,,,,,
marker_sync,1537,4341000,,,,,,
append,1538,7635000,,,,,,
encode,1538,8000,,,,,,
data_write,1538,69200,,,,,,
data_sync,1538,4225500,,,,,,
marker_write,1538,40200,,,,,,
marker_sync,1538,3288400,,,,,,
append,1539,5837200,,,,,,
encode,1539,5700,,,,,,
data_write,1539,51900,,,,,,
data_sync,1539,1810000,,,,,,
marker_write,1539,38600,,,,,,
marker_sync,1539,3927100,,,,,,
append,1540,6536500,,,,,,
encode,1540,6700,,,,,,
data_write,1540,49500,,,,,,
data_sync,1540,2825200,,,,,,
marker_write,1540,41500,,,,,,
marker_sync,1540,3610400,,,,,,
append,1541,7428000,,,,,,
encode,1541,6600,,,,,,
data_write,1541,36200,,,,,,
data_sync,1541,5246200,,,,,,
marker_write,1541,44500,,,,,,
marker_sync,1541,2090700,,,,,,
append,1542,9964799,,,,,,
encode,1542,8100,,,,,,
data_write,1542,40900,,,,,,
data_sync,1542,7931799,,,,,,
marker_write,1542,42100,,,,,,
marker_sync,1542,1938500,,,,,,
append,1543,6613200,,,,,,
encode,1543,6700,,,,,,
data_write,1543,52800,,,,,,
data_sync,1543,1705900,,,,,,
marker_write,1543,29700,,,,,,
marker_sync,1543,4814000,,,,,,
append,1544,7984100,,,,,,
encode,1544,7100,,,,,,
data_write,1544,64700,,,,,,
data_sync,1544,3541100,,,,,,
marker_write,1544,77200,,,,,,
marker_sync,1544,4289400,,,,,,
append,1545,9902500,,,,,,
encode,1545,7100,,,,,,
data_write,1545,63000,,,,,,
data_sync,1545,7886200,,,,,,
marker_write,1545,64100,,,,,,
marker_sync,1545,1879000,,,,,,
append,1546,6083300,,,,,,
encode,1546,6500,,,,,,
data_write,1546,60300,,,,,,
data_sync,1546,1919000,,,,,,
marker_write,1546,62400,,,,,,
marker_sync,1546,4031000,,,,,,
append,1547,3870800,,,,,,
encode,1547,6100,,,,,,
data_write,1547,64400,,,,,,
data_sync,1547,1984100,,,,,,
marker_write,1547,45100,,,,,,
marker_sync,1547,1768000,,,,,,
append,1548,8205800,,,,,,
encode,1548,5900,,,,,,
data_write,1548,49600,,,,,,
data_sync,1548,3901900,,,,,,
marker_write,1548,44300,,,,,,
marker_sync,1548,4200600,,,,,,
append,1549,11921300,,,,,,
encode,1549,6200,,,,,,
data_write,1549,60500,,,,,,
data_sync,1549,5771800,,,,,,
marker_write,1549,50300,,,,,,
marker_sync,1549,6028900,,,,,,
append,1550,8157499,,,,,,
encode,1550,6800,,,,,,
data_write,1550,70000,,,,,,
data_sync,1550,5918100,,,,,,
marker_write,1550,52200,,,,,,
marker_sync,1550,2107199,,,,,,
append,1551,14279300,,,,,,
encode,1551,7200,,,,,,
data_write,1551,73600,,,,,,
data_sync,1551,11918000,,,,,,
marker_write,1551,42800,,,,,,
marker_sync,1551,2233700,,,,,,
append,1552,9583200,,,,,,
encode,1552,7200,,,,,,
data_write,1552,56100,,,,,,
data_sync,1552,1810100,,,,,,
marker_write,1552,38300,,,,,,
marker_sync,1552,7668100,,,,,,
append,1553,4141300,,,,,,
encode,1553,7400,,,,,,
data_write,1553,56500,,,,,,
data_sync,1553,1961800,,,,,,
marker_write,1553,61100,,,,,,
marker_sync,1553,2051100,,,,,,
append,1554,7832200,,,,,,
encode,1554,7000,,,,,,
data_write,1554,236600,,,,,,
data_sync,1554,3584400,,,,,,
marker_write,1554,71900,,,,,,
marker_sync,1554,3927200,,,,,,
append,1555,7992400,,,,,,
encode,1555,6800,,,,,,
data_write,1555,47200,,,,,,
data_sync,1555,3938900,,,,,,
marker_write,1555,36800,,,,,,
marker_sync,1555,3958900,,,,,,
append,1556,8023900,,,,,,
encode,1556,6900,,,,,,
data_write,1556,53000,,,,,,
data_sync,1556,3940900,,,,,,
marker_write,1556,43300,,,,,,
marker_sync,1556,3976700,,,,,,
append,1557,10110300,,,,,,
encode,1557,6300,,,,,,
data_write,1557,41300,,,,,,
data_sync,1557,7917900,,,,,,
marker_write,1557,39300,,,,,,
marker_sync,1557,2102300,,,,,,
append,1558,9837499,,,,,,
encode,1558,6300,,,,,,
data_write,1558,30500,,,,,,
data_sync,1558,2060900,,,,,,
marker_write,1558,39100,,,,,,
marker_sync,1558,7696999,,,,,,
append,1559,7624000,,,,,,
encode,1559,6700,,,,,,
data_write,1559,56900,,,,,,
data_sync,1559,5735700,,,,,,
marker_write,1559,38400,,,,,,
marker_sync,1559,1782600,,,,,,
append,1560,8403600,,,,,,
encode,1560,6500,,,,,,
data_write,1560,48400,,,,,,
data_sync,1560,4350000,,,,,,
marker_write,1560,45900,,,,,,
marker_sync,1560,3949100,,,,,,
append,1561,6461200,,,,,,
encode,1561,8000,,,,,,
data_write,1561,67700,,,,,,
data_sync,1561,3690300,,,,,,
marker_write,1561,44800,,,,,,
marker_sync,1561,2646400,,,,,,
append,1562,4650100,,,,,,
encode,1562,9300,,,,,,
data_write,1562,75800,,,,,,
data_sync,1562,2316900,,,,,,
marker_write,1562,100300,,,,,,
marker_sync,1562,2143800,,,,,,
append,1563,6822900,,,,,,
encode,1563,6600,,,,,,
data_write,1563,73600,,,,,,
data_sync,1563,4815900,,,,,,
marker_write,1563,36100,,,,,,
marker_sync,1563,1887900,,,,,,
append,1564,6057500,,,,,,
encode,1564,6400,,,,,,
data_write,1564,31400,,,,,,
data_sync,1564,1647700,,,,,,
marker_write,1564,23500,,,,,,
marker_sync,1564,4345600,,,,,,
append,1565,8000500,,,,,,
encode,1565,6500,,,,,,
data_write,1565,37800,,,,,,
data_sync,1565,3957300,,,,,,
marker_write,1565,32200,,,,,,
marker_sync,1565,3962800,,,,,,
append,1566,7269000,,,,,,
encode,1566,5800,,,,,,
data_write,1566,51200,,,,,,
data_sync,1566,3939800,,,,,,
marker_write,1566,47400,,,,,,
marker_sync,1566,3221100,,,,,,
append,1567,8786800,,,,,,
encode,1567,7400,,,,,,
data_write,1567,53200,,,,,,
data_sync,1567,4689200,,,,,,
marker_write,1567,45600,,,,,,
marker_sync,1567,3988000,,,,,,
append,1568,7972199,,,,,,
encode,1568,6300,,,,,,
data_write,1568,56000,,,,,,
data_sync,1568,3894699,,,,,,
marker_write,1568,51900,,,,,,
marker_sync,1568,3959200,,,,,,
append,1569,8072100,,,,,,
encode,1569,7800,,,,,,
data_write,1569,65400,,,,,,
data_sync,1569,3442500,,,,,,
marker_write,1569,48100,,,,,,
marker_sync,1569,4505300,,,,,,
append,1570,5885000,,,,,,
encode,1570,82200,,,,,,
data_write,1570,62500,,,,,,
data_sync,1570,3750500,,,,,,
marker_write,1570,45400,,,,,,
marker_sync,1570,1940000,,,,,,
append,1571,12083200,,,,,,
encode,1571,6900,,,,,,
data_write,1571,34200,,,,,,
data_sync,1571,9843600,,,,,,
marker_write,1571,76500,,,,,,
marker_sync,1571,2118500,,,,,,
append,1572,5925300,,,,,,
encode,1572,6500,,,,,,
data_write,1572,53800,,,,,,
data_sync,1572,1704800,,,,,,
marker_write,1572,43700,,,,,,
marker_sync,1572,4112600,,,,,,
append,1573,8030500,,,,,,
encode,1573,6000,,,,,,
data_write,1573,82700,,,,,,
data_sync,1573,3953800,,,,,,
marker_write,1573,70200,,,,,,
marker_sync,1573,3914400,,,,,,
append,1574,6082600,,,,,,
encode,1574,6900,,,,,,
data_write,1574,48300,,,,,,
data_sync,1574,3909900,,,,,,
marker_write,1574,47300,,,,,,
marker_sync,1574,2066300,,,,,,
append,1575,9754400,,,,,,
encode,1575,6500,,,,,,
data_write,1575,57600,,,,,,
data_sync,1575,5815600,,,,,,
marker_write,1575,47800,,,,,,
marker_sync,1575,3822600,,,,,,
append,1576,8122099,,,,,,
encode,1576,6200,,,,,,
data_write,1576,77700,,,,,,
data_sync,1576,4034800,,,,,,
marker_write,1576,42600,,,,,,
marker_sync,1576,3957199,,,,,,
append,1577,7994300,,,,,,
encode,1577,10500,,,,,,
data_write,1577,55300,,,,,,
data_sync,1577,3937600,,,,,,
marker_write,1577,35700,,,,,,
marker_sync,1577,3951600,,,,,,
append,1578,15987700,,,,,,
encode,1578,8600,,,,,,
data_write,1578,51200,,,,,,
data_sync,1578,5877600,,,,,,
marker_write,1578,46600,,,,,,
marker_sync,1578,9999900,,,,,,
append,1579,12020600,,,,,,
encode,1579,6100,,,,,,
data_write,1579,93700,,,,,,
data_sync,1579,4289100,,,,,,
marker_write,1579,255300,,,,,,
marker_sync,1579,7372600,,,,,,
append,1580,7994200,,,,,,
encode,1580,70100,,,,,,
data_write,1580,49900,,,,,,
data_sync,1580,3868500,,,,,,
marker_write,1580,46500,,,,,,
marker_sync,1580,3955800,,,,,,
append,1581,7994900,,,,,,
encode,1581,7000,,,,,,
data_write,1581,53400,,,,,,
data_sync,1581,3933600,,,,,,
marker_write,1581,44300,,,,,,
marker_sync,1581,3953000,,,,,,
append,1582,6158400,,,,,,
encode,1582,6900,,,,,,
data_write,1582,54600,,,,,,
data_sync,1582,3941000,,,,,,
marker_write,1582,50200,,,,,,
marker_sync,1582,2102500,,,,,,
append,1583,15612699,,,,,,
encode,1583,7000,,,,,,
data_write,1583,56600,,,,,,
data_sync,1583,9754200,,,,,,
marker_write,1583,55000,,,,,,
marker_sync,1583,5736299,,,,,,
append,1584,6262500,,,,,,
encode,1584,6700,,,,,,
data_write,1584,55500,,,,,,
data_sync,1584,1719800,,,,,,
marker_write,1584,42300,,,,,,
marker_sync,1584,4434100,,,,,,
append,1585,4588000,,,,,,
encode,1585,6100,,,,,,
data_write,1585,56700,,,,,,
data_sync,1585,2625900,,,,,,
marker_write,1585,50000,,,,,,
marker_sync,1585,1846300,,,,,,
append,1586,11379700,,,,,,
encode,1586,6800,,,,,,
data_write,1586,52600,,,,,,
data_sync,1586,7286300,,,,,,
marker_write,1586,46500,,,,,,
marker_sync,1586,3984000,,,,,,
append,1587,8040300,,,,,,
encode,1587,6300,,,,,,
data_write,1587,41200,,,,,,
data_sync,1587,4284700,,,,,,
marker_write,1587,115400,,,,,,
marker_sync,1587,3588400,,,,,,
append,1588,7959100,,,,,,
encode,1588,6300,,,,,,
data_write,1588,44700,,,,,,
data_sync,1588,3902200,,,,,,
marker_write,1588,35200,,,,,,
marker_sync,1588,3966500,,,,,,
append,1589,6041800,,,,,,
encode,1589,6700,,,,,,
data_write,1589,88200,,,,,,
data_sync,1589,3890500,,,,,,
marker_write,1589,42000,,,,,,
marker_sync,1589,2010800,,,,,,
append,1590,3996800,,,,,,
encode,1590,6800,,,,,,
data_write,1590,37600,,,,,,
data_sync,1590,1807100,,,,,,
marker_write,1590,54200,,,,,,
marker_sync,1590,2087500,,,,,,
append,1591,13863400,,,,,,
encode,1591,7900,,,,,,
data_write,1591,204400,,,,,,
data_sync,1591,9704100,,,,,,
marker_write,1591,51800,,,,,,
marker_sync,1591,3892000,,,,,,
append,1592,20058699,,,,,,
encode,1592,7300,,,,,,
data_write,1592,65000,,,,,,
data_sync,1592,1963799,,,,,,
marker_write,1592,30400,,,,,,
marker_sync,1592,17988400,,,,,,
append,1593,8027900,,,,,,
encode,1593,6500,,,,,,
data_write,1593,67000,,,,,,
data_sync,1593,3946200,,,,,,
marker_write,1593,40000,,,,,,
marker_sync,1593,3964600,,,,,,
append,1594,8615300,,,,,,
encode,1594,6400,,,,,,
data_write,1594,42700,,,,,,
data_sync,1594,3934300,,,,,,
marker_write,1594,41600,,,,,,
marker_sync,1594,4587000,,,,,,
append,1595,7380100,,,,,,
encode,1595,7700,,,,,,
data_write,1595,47400,,,,,,
data_sync,1595,3315000,,,,,,
marker_write,1595,33300,,,,,,
marker_sync,1595,3973100,,,,,,
append,1596,7987100,,,,,,
encode,1596,7000,,,,,,
data_write,1596,58900,,,,,,
data_sync,1596,3919600,,,,,,
marker_write,1596,39300,,,,,,
marker_sync,1596,3958700,,,,,,
append,1597,7986300,,,,,,
encode,1597,7700,,,,,,
data_write,1597,40600,,,,,,
data_sync,1597,1968800,,,,,,
marker_write,1597,56100,,,,,,
marker_sync,1597,5909700,,,,,,
append,1598,12018499,,,,,,
encode,1598,7000,,,,,,
data_write,1598,57100,,,,,,
data_sync,1598,5930800,,,,,,
marker_write,1598,48900,,,,,,
marker_sync,1598,5970899,,,,,,
append,1599,8000200,,,,,,
encode,1599,5800,,,,,,
data_write,1599,55300,,,,,,
data_sync,1599,3924200,,,,,,
marker_write,1599,35400,,,,,,
marker_sync,1599,3975500,,,,,,
append,1600,7998900,,,,,,
encode,1600,6300,,,,,,
data_write,1600,57500,,,,,,
data_sync,1600,3931500,,,,,,
marker_write,1600,32700,,,,,,
marker_sync,1600,3967500,,,,,,
append,1601,9945600,,,,,,
encode,1601,4200,,,,,,
data_write,1601,44000,,,,,,
data_sync,1601,7908300,,,,,,
marker_write,1601,44500,,,,,,
marker_sync,1601,1941500,,,,,,
append,1602,13208400,,,,,,
encode,1602,6000,,,,,,
data_write,1602,48000,,,,,,
data_sync,1602,9957300,,,,,,
marker_write,1602,45100,,,,,,
marker_sync,1602,3148200,,,,,,
append,1603,12808600,,,,,,
encode,1603,7500,,,,,,
data_write,1603,54400,,,,,,
data_sync,1603,2460000,,,,,,
marker_write,1603,41500,,,,,,
marker_sync,1603,10241800,,,,,,
append,1604,6166800,,,,,,
encode,1604,7500,,,,,,
data_write,1604,56000,,,,,,
data_sync,1604,3928800,,,,,,
marker_write,1604,50100,,,,,,
marker_sync,1604,2120800,,,,,,
append,1605,3949900,,,,,,
encode,1605,6000,,,,,,
data_write,1605,51600,,,,,,
data_sync,1605,1913900,,,,,,
marker_write,1605,87500,,,,,,
marker_sync,1605,1886900,,,,,,
append,1606,5096300,,,,,,
encode,1606,6000,,,,,,
data_write,1606,59500,,,,,,
data_sync,1606,2188000,,,,,,
marker_write,1606,198100,,,,,,
marker_sync,1606,2641600,,,,,,
append,1607,6156699,,,,,,
encode,1607,6800,,,,,,
data_write,1607,55600,,,,,,
data_sync,1607,4116299,,,,,,
marker_write,1607,75500,,,,,,
marker_sync,1607,1898900,,,,,,
append,1608,3846800,,,,,,
encode,1608,7100,,,,,,
data_write,1608,75700,,,,,,
data_sync,1608,1853300,,,,,,
marker_write,1608,42500,,,,,,
marker_sync,1608,1865100,,,,,,
append,1609,3921300,,,,,,
encode,1609,5700,,,,,,
data_write,1609,50700,,,,,,
data_sync,1609,1888200,,,,,,
marker_write,1609,43500,,,,,,
marker_sync,1609,1929600,,,,,,
append,1610,4168600,,,,,,
encode,1610,6500,,,,,,
data_write,1610,52900,,,,,,
data_sync,1610,1952400,,,,,,
marker_write,1610,44500,,,,,,
marker_sync,1610,2109700,,,,,,
append,1611,14771000,,,,,,
encode,1611,6600,,,,,,
data_write,1611,44000,,,,,,
data_sync,1611,4659100,,,,,,
marker_write,1611,43400,,,,,,
marker_sync,1611,10014900,,,,,,
append,1612,7908900,,,,,,
encode,1612,7000,,,,,,
data_write,1612,49200,,,,,,
data_sync,1612,3844300,,,,,,
marker_write,1612,43200,,,,,,
marker_sync,1612,3961100,,,,,,
append,1613,4039000,,,,,,
encode,1613,7100,,,,,,
data_write,1613,52600,,,,,,
data_sync,1613,2137200,,,,,,
marker_write,1613,43900,,,,,,
marker_sync,1613,1795100,,,,,,
append,1614,15960400,,,,,,
encode,1614,5900,,,,,,
data_write,1614,41300,,,,,,
data_sync,1614,11991600,,,,,,
marker_write,1614,68400,,,,,,
marker_sync,1614,3849500,,,,,,
append,1615,6303200,,,,,,
encode,1615,6500,,,,,,
data_write,1615,41100,,,,,,
data_sync,1615,3968000,,,,,,
marker_write,1615,150800,,,,,,
marker_sync,1615,2132900,,,,,,
append,1616,5072499,,,,,,
encode,1616,6300,,,,,,
data_write,1616,210500,,,,,,
data_sync,1616,2423800,,,,,,
marker_write,1616,133000,,,,,,
marker_sync,1616,2296199,,,,,,
append,1617,12595000,,,,,,
encode,1617,6400,,,,,,
data_write,1617,178200,,,,,,
data_sync,1617,1915200,,,,,,
marker_write,1617,143500,,,,,,
marker_sync,1617,10347600,,,,,,
append,1618,8063700,,,,,,
encode,1618,9000,,,,,,
data_write,1618,103900,,,,,,
data_sync,1618,3892300,,,,,,
marker_write,1618,106900,,,,,,
marker_sync,1618,3948100,,,,,,
append,1619,7980700,,,,,,
encode,1619,7300,,,,,,
data_write,1619,57200,,,,,,
data_sync,1619,4150800,,,,,,
marker_write,1619,40800,,,,,,
marker_sync,1619,3720900,,,,,,
append,1620,6047900,,,,,,
encode,1620,7000,,,,,,
data_write,1620,53600,,,,,,
data_sync,1620,3955900,,,,,,
marker_write,1620,39200,,,,,,
marker_sync,1620,1989600,,,,,,
append,1621,4066000,,,,,,
encode,1621,5700,,,,,,
data_write,1621,32700,,,,,,
data_sync,1621,1992200,,,,,,
marker_write,1621,50400,,,,,,
marker_sync,1621,1981300,,,,,,
append,1622,3932400,,,,,,
encode,1622,5700,,,,,,
data_write,1622,80900,,,,,,
data_sync,1622,1881600,,,,,,
marker_write,1622,30000,,,,,,
marker_sync,1622,1931800,,,,,,
append,1623,3099900,,,,,,
encode,1623,5800,,,,,,
data_write,1623,34800,,,,,,
data_sync,1623,1518700,,,,,,
marker_write,1623,25100,,,,,,
marker_sync,1623,1513400,,,,,,
append,1624,2985300,,,,,,
encode,1624,5300,,,,,,
data_write,1624,28900,,,,,,
data_sync,1624,1471300,,,,,,
marker_write,1624,25900,,,,,,
marker_sync,1624,1451200,,,,,,
append,1625,3462200,,,,,,
encode,1625,4500,,,,,,
data_write,1625,27600,,,,,,
data_sync,1625,1557000,,,,,,
marker_write,1625,27100,,,,,,
marker_sync,1625,1842300,,,,,,
append,1626,3949400,,,,,,
encode,1626,6100,,,,,,
data_write,1626,43500,,,,,,
data_sync,1626,1982800,,,,,,
marker_write,1626,41500,,,,,,
marker_sync,1626,1871700,,,,,,
append,1627,3812300,,,,,,
encode,1627,6500,,,,,,
data_write,1627,43200,,,,,,
data_sync,1627,1887700,,,,,,
marker_write,1627,36600,,,,,,
marker_sync,1627,1834700,,,,,,
append,1628,3561800,,,,,,
encode,1628,6600,,,,,,
data_write,1628,37400,,,,,,
data_sync,1628,1713100,,,,,,
marker_write,1628,35600,,,,,,
marker_sync,1628,1765100,,,,,,
append,1629,3662500,,,,,,
encode,1629,7300,,,,,,
data_write,1629,39700,,,,,,
data_sync,1629,1753700,,,,,,
marker_write,1629,35900,,,,,,
marker_sync,1629,1822600,,,,,,
append,1630,4054899,,,,,,
encode,1630,6200,,,,,,
data_write,1630,42300,,,,,,
data_sync,1630,1890899,,,,,,
marker_write,1630,35900,,,,,,
marker_sync,1630,2077100,,,,,,
append,1631,3182600,,,,,,
encode,1631,5700,,,,,,
data_write,1631,37500,,,,,,
data_sync,1631,1590100,,,,,,
marker_write,1631,24100,,,,,,
marker_sync,1631,1522600,,,,,,
append,1632,3695200,,,,,,
encode,1632,6100,,,,,,
data_write,1632,34400,,,,,,
data_sync,1632,1865400,,,,,,
marker_write,1632,32600,,,,,,
marker_sync,1632,1753500,,,,,,
append,1633,3634100,,,,,,
encode,1633,6500,,,,,,
data_write,1633,46700,,,,,,
data_sync,1633,1795500,,,,,,
marker_write,1633,33500,,,,,,
marker_sync,1633,1748700,,,,,,
append,1634,3620800,,,,,,
encode,1634,6500,,,,,,
data_write,1634,42800,,,,,,
data_sync,1634,1741400,,,,,,
marker_write,1634,32600,,,,,,
marker_sync,1634,1794400,,,,,,
append,1635,3794500,,,,,,
encode,1635,6500,,,,,,
data_write,1635,40200,,,,,,
data_sync,1635,1865000,,,,,,
marker_write,1635,31300,,,,,,
marker_sync,1635,1848700,,,,,,
append,1636,4325100,,,,,,
encode,1636,7000,,,,,,
data_write,1636,71800,,,,,,
data_sync,1636,2175000,,,,,,
marker_write,1636,70100,,,,,,
marker_sync,1636,1997600,,,,,,
append,1637,3941200,,,,,,
encode,1637,6400,,,,,,
data_write,1637,75200,,,,,,
data_sync,1637,1834200,,,,,,
marker_write,1637,68200,,,,,,
marker_sync,1637,1954300,,,,,,
append,1638,4219500,,,,,,
encode,1638,5400,,,,,,
data_write,1638,73700,,,,,,
data_sync,1638,1958200,,,,,,
marker_write,1638,70400,,,,,,
marker_sync,1638,2108200,,,,,,
append,1639,4284600,,,,,,
encode,1639,6600,,,,,,
data_write,1639,83400,,,,,,
data_sync,1639,2134700,,,,,,
marker_write,1639,71600,,,,,,
marker_sync,1639,1985300,,,,,,
append,1640,4067900,,,,,,
encode,1640,6300,,,,,,
data_write,1640,77100,,,,,,
data_sync,1640,1952800,,,,,,
marker_write,1640,72000,,,,,,
marker_sync,1640,1956600,,,,,,
append,1641,4352400,,,,,,
encode,1641,6300,,,,,,
data_write,1641,74500,,,,,,
data_sync,1641,2120600,,,,,,
marker_write,1641,67500,,,,,,
marker_sync,1641,2079700,,,,,,
append,1642,3839300,,,,,,
encode,1642,6400,,,,,,
data_write,1642,76900,,,,,,
data_sync,1642,1740900,,,,,,
marker_write,1642,61700,,,,,,
marker_sync,1642,1949900,,,,,,
append,1643,3492700,,,,,,
encode,1643,4800,,,,,,
data_write,1643,65000,,,,,,
data_sync,1643,1667700,,,,,,
marker_write,1643,54600,,,,,,
marker_sync,1643,1697100,,,,,,
append,1644,4406300,,,,,,
encode,1644,7300,,,,,,
data_write,1644,69000,,,,,,
data_sync,1644,2040400,,,,,,
marker_write,1644,70700,,,,,,
marker_sync,1644,2215400,,,,,,
append,1645,3709800,,,,,,
encode,1645,6800,,,,,,
data_write,1645,85900,,,,,,
data_sync,1645,1714400,,,,,,
marker_write,1645,54700,,,,,,
marker_sync,1645,1844700,,,,,,
append,1646,4187500,,,,,,
encode,1646,6200,,,,,,
data_write,1646,83100,,,,,,
data_sync,1646,1965100,,,,,,
marker_write,1646,64100,,,,,,
marker_sync,1646,2065800,,,,,,
append,1647,3687900,,,,,,
encode,1647,6300,,,,,,
data_write,1647,78500,,,,,,
data_sync,1647,1687900,,,,,,
marker_write,1647,50900,,,,,,
marker_sync,1647,1861000,,,,,,
append,1648,12823199,,,,,,
encode,1648,6000,,,,,,
data_write,1648,46100,,,,,,
data_sync,1648,10782099,,,,,,
marker_write,1648,50600,,,,,,
marker_sync,1648,1931900,,,,,,
append,1649,6031900,,,,,,
encode,1649,7300,,,,,,
data_write,1649,56200,,,,,,
data_sync,1649,2092200,,,,,,
marker_write,1649,40900,,,,,,
marker_sync,1649,3831800,,,,,,
append,1650,15971500,,,,,,
encode,1650,6600,,,,,,
data_write,1650,515900,,,,,,
data_sync,1650,2394000,,,,,,
marker_write,1650,209400,,,,,,
marker_sync,1650,12841400,,,,,,
append,1651,12026000,,,,,,
encode,1651,7100,,,,,,
data_write,1651,54700,,,,,,
data_sync,1651,7987800,,,,,,
marker_write,1651,47300,,,,,,
marker_sync,1651,3925700,,,,,,
append,1652,16028000,,,,,,
encode,1652,7200,,,,,,
data_write,1652,226100,,,,,,
data_sync,1652,7742900,,,,,,
marker_write,1652,49000,,,,,,
marker_sync,1652,7998500,,,,,,
append,1653,7973499,,,,,,
encode,1653,7100,,,,,,
data_write,1653,49000,,,,,,
data_sync,1653,3947200,,,,,,
marker_write,1653,46100,,,,,,
marker_sync,1653,3920799,,,,,,
append,1654,7669500,,,,,,
encode,1654,6100,,,,,,
data_write,1654,48900,,,,,,
data_sync,1654,3940900,,,,,,
marker_write,1654,180800,,,,,,
marker_sync,1654,3488700,,,,,,
append,1655,16618300,,,,,,
encode,1655,7500,,,,,,
data_write,1655,170800,,,,,,
data_sync,1655,14394000,,,,,,
marker_write,1655,43500,,,,,,
marker_sync,1655,1999300,,,,,,
append,1656,11896600,,,,,,
encode,1656,6500,,,,,,
data_write,1656,52100,,,,,,
data_sync,1656,5683800,,,,,,
marker_write,1656,47300,,,,,,
marker_sync,1656,6104000,,,,,,
append,1657,11777700,,,,,,
encode,1657,5900,,,,,,
data_write,1657,50000,,,,,,
data_sync,1657,3920800,,,,,,
marker_write,1657,38300,,,,,,
marker_sync,1657,7759100,,,,,,
append,1658,8027900,,,,,,
encode,1658,6700,,,,,,
data_write,1658,54200,,,,,,
data_sync,1658,3968500,,,,,,
marker_write,1658,41000,,,,,,
marker_sync,1658,3954000,,,,,,
append,1659,6313000,,,,,,
encode,1659,6100,,,,,,
data_write,1659,46300,,,,,,
data_sync,1659,3944500,,,,,,
marker_write,1659,160900,,,,,,
marker_sync,1659,2151900,,,,,,
append,1660,4592500,,,,,,
encode,1660,6900,,,,,,
data_write,1660,227700,,,,,,
data_sync,1660,2062500,,,,,,
marker_write,1660,142600,,,,,,
marker_sync,1660,2149800,,,,,,
append,1661,11020699,,,,,,
encode,1661,6100,,,,,,
data_write,1661,230100,,,,,,
data_sync,1661,8828199,,,,,,
marker_write,1661,49300,,,,,,
marker_sync,1661,1903800,,,,,,
append,1662,6072600,,,,,,
encode,1662,6100,,,,,,
data_write,1662,46800,,,,,,
data_sync,1662,1730500,,,,,,
marker_write,1662,37800,,,,,,
marker_sync,1662,4247900,,,,,,
append,1663,7992700,,,,,,
encode,1663,5600,,,,,,
data_write,1663,47500,,,,,,
data_sync,1663,3936600,,,,,,
marker_write,1663,40200,,,,,,
marker_sync,1663,3959400,,,,,,
append,1664,12003200,,,,,,
encode,1664,6100,,,,,,
data_write,1664,271800,,,,,,
data_sync,1664,7700200,,,,,,
marker_write,1664,47200,,,,,,
marker_sync,1664,3973300,,,,,,
append,1665,7964300,,,,,,
encode,1665,5700,,,,,,
data_write,1665,43700,,,,,,
data_sync,1665,3908200,,,,,,
marker_write,1665,40200,,,,,,
marker_sync,1665,3962600,,,,,,
append,1666,8001600,,,,,,
encode,1666,5900,,,,,,
data_write,1666,463900,,,,,,
data_sync,1666,2938900,,,,,,
marker_write,1666,25800,,,,,,
marker_sync,1666,4563200,,,,,,
append,1667,11962400,,,,,,
encode,1667,5700,,,,,,
data_write,1667,207000,,,,,,
data_sync,1667,2125800,,,,,,
marker_write,1667,168100,,,,,,
marker_sync,1667,9451200,,,,,,
append,1668,4106500,,,,,,
encode,1668,6400,,,,,,
data_write,1668,45300,,,,,,
data_sync,1668,2306700,,,,,,
marker_write,1668,40300,,,,,,
marker_sync,1668,1704300,,,,,,
append,1669,7926499,,,,,,
encode,1669,6900,,,,,,
data_write,1669,42500,,,,,,
data_sync,1669,3863599,,,,,,
marker_write,1669,40800,,,,,,
marker_sync,1669,3968500,,,,,,
append,1670,8849200,,,,,,
encode,1670,6500,,,,,,
data_write,1670,47600,,,,,,
data_sync,1670,3958600,,,,,,
marker_write,1670,154400,,,,,,
marker_sync,1670,4677900,,,,,,
append,1671,4787100,,,,,,
encode,1671,7000,,,,,,
data_write,1671,214900,,,,,,
data_sync,1671,2552600,,,,,,
marker_write,1671,157200,,,,,,
marker_sync,1671,1852200,,,,,,
append,1672,4186400,,,,,,
encode,1672,6600,,,,,,
data_write,1672,193700,,,,,,
data_sync,1672,1806800,,,,,,
marker_write,1672,133100,,,,,,
marker_sync,1672,2042700,,,,,,
append,1673,12193600,,,,,,
encode,1673,7500,,,,,,
data_write,1673,239100,,,,,,
data_sync,1673,9886200,,,,,,
marker_write,1673,33100,,,,,,
marker_sync,1673,2023800,,,,,,
append,1674,5975600,,,,,,
encode,1674,6600,,,,,,
data_write,1674,44500,,,,,,
data_sync,1674,1718900,,,,,,
marker_write,1674,34800,,,,,,
marker_sync,1674,4167500,,,,,,
append,1675,7989700,,,,,,
encode,1675,6300,,,,,,
data_write,1675,48800,,,,,,
data_sync,1675,3941500,,,,,,
marker_write,1675,42800,,,,,,
marker_sync,1675,3946700,,,,,,
append,1676,12001900,,,,,,
encode,1676,6100,,,,,,
data_write,1676,45700,,,,,,
data_sync,1676,7964300,,,,,,
marker_write,1676,41600,,,,,,
marker_sync,1676,3941000,,,,,,
append,1677,19976299,,,,,,
encode,1677,6400,,,,,,
data_write,1677,46400,,,,,,
data_sync,1677,3939200,,,,,,
marker_write,1677,141600,,,,,,
marker_sync,1677,15839299,,,,,,
append,1678,8558400,,,,,,
encode,1678,7000,,,,,,
data_write,1678,50800,,,,,,
data_sync,1678,5803600,,,,,,
marker_write,1678,599200,,,,,,
marker_sync,1678,2092200,,,,,,
append,1679,11460500,,,,,,
encode,1679,9600,,,,,,
data_write,1679,270300,,,,,,
data_sync,1679,7189700,,,,,,
marker_write,1679,48100,,,,,,
marker_sync,1679,3939400,,,,,,
append,1680,8017600,,,,,,
encode,1680,8500,,,,,,
data_write,1680,40600,,,,,,
data_sync,1680,2103100,,,,,,
marker_write,1680,1680500,,,,,,
marker_sync,1680,4181400,,,,,,
append,1681,8093900,,,,,,
encode,1681,6700,,,,,,
data_write,1681,43300,,,,,,
data_sync,1681,3952400,,,,,,
marker_write,1681,43100,,,,,,
marker_sync,1681,4044800,,,,,,
append,1682,11884800,,,,,,
encode,1682,6400,,,,,,
data_write,1682,3884800,,,,,,
data_sync,1682,3986500,,,,,,
marker_write,1682,33900,,,,,,
marker_sync,1682,3969500,,,,,,
append,1683,7998800,,,,,,
encode,1683,6700,,,,,,
data_write,1683,45400,,,,,,
data_sync,1683,3939300,,,,,,
marker_write,1683,140700,,,,,,
marker_sync,1683,3863700,,,,,,
append,1684,7973899,,,,,,
encode,1684,6500,,,,,,
data_write,1684,228500,,,,,,
data_sync,1684,3765399,,,,,,
marker_write,1684,44900,,,,,,
marker_sync,1684,3924700,,,,,,
append,1685,3911000,,,,,,
encode,1685,7000,,,,,,
data_write,1685,52100,,,,,,
data_sync,1685,1886400,,,,,,
marker_write,1685,35700,,,,,,
marker_sync,1685,1925400,,,,,,
append,1686,9637000,,,,,,
encode,1686,6200,,,,,,
data_write,1686,159500,,,,,,
data_sync,1686,5764900,,,,,,
marker_write,1686,36700,,,,,,
marker_sync,1686,3665600,,,,,,
append,1687,3623900,,,,,,
encode,1687,6300,,,,,,
data_write,1687,161300,,,,,,
data_sync,1687,1766900,,,,,,
marker_write,1687,38100,,,,,,
marker_sync,1687,1648100,,,,,,
append,1688,8837800,,,,,,
encode,1688,5700,,,,,,
data_write,1688,178700,,,,,,
data_sync,1688,6665100,,,,,,
marker_write,1688,153400,,,,,,
marker_sync,1688,1831800,,,,,,
append,1689,4665900,,,,,,
encode,1689,5800,,,,,,
data_write,1689,200200,,,,,,
data_sync,1689,1824200,,,,,,
marker_write,1689,35500,,,,,,
marker_sync,1689,2596700,,,,,,
append,1690,13334900,,,,,,
encode,1690,6100,,,,,,
data_write,1690,57500,,,,,,
data_sync,1690,5566600,,,,,,
marker_write,1690,41900,,,,,,
marker_sync,1690,7642100,,,,,,
append,1691,7999700,,,,,,
encode,1691,6800,,,,,,
data_write,1691,74700,,,,,,
data_sync,1691,3908000,,,,,,
marker_write,1691,39300,,,,,,
marker_sync,1691,3967400,,,,,,
append,1692,12012299,,,,,,
encode,1692,6800,,,,,,
data_write,1692,53100,,,,,,
data_sync,1692,3939300,,,,,,
marker_write,1692,74000,,,,,,
marker_sync,1692,7934699,,,,,,
append,1693,11168200,,,,,,
encode,1693,6700,,,,,,
data_write,1693,46600,,,,,,
data_sync,1693,1970500,,,,,,
marker_write,1693,42000,,,,,,
marker_sync,1693,9099600,,,,,,
append,1694,8817700,,,,,,
encode,1694,6500,,,,,,
data_write,1694,56000,,,,,,
data_sync,1694,4755500,,,,,,
marker_write,1694,73700,,,,,,
marker_sync,1694,3922500,,,,,,
append,1695,11994000,,,,,,
encode,1695,6100,,,,,,
data_write,1695,41500,,,,,,
data_sync,1695,7971600,,,,,,
marker_write,1695,43800,,,,,,
marker_sync,1695,3926400,,,,,,
append,1696,15994700,,,,,,
encode,1696,5900,,,,,,
data_write,1696,36100,,,,,,
data_sync,1696,7953800,,,,,,
marker_write,1696,42700,,,,,,
marker_sync,1696,7952600,,,,,,
append,1697,8107200,,,,,,
encode,1697,6200,,,,,,
data_write,1697,49000,,,,,,
data_sync,1697,3952400,,,,,,
marker_write,1697,33600,,,,,,
marker_sync,1697,4062900,,,,,,
append,1698,6236400,,,,,,
encode,1698,6700,,,,,,
data_write,1698,49600,,,,,,
data_sync,1698,3835900,,,,,,
marker_write,1698,36400,,,,,,
marker_sync,1698,2304800,,,,,,
append,1699,11601899,,,,,,
encode,1699,6500,,,,,,
data_write,1699,51500,,,,,,
data_sync,1699,1834800,,,,,,
marker_write,1699,43500,,,,,,
marker_sync,1699,9661999,,,,,,
append,1700,6054000,,,,,,
encode,1700,6900,,,,,,
data_write,1700,57100,,,,,,
data_sync,1700,1704400,,,,,,
marker_write,1700,31600,,,,,,
marker_sync,1700,4250000,,,,,,
append,1701,7999700,,,,,,
encode,1701,6500,,,,,,
data_write,1701,57000,,,,,,
data_sync,1701,3931200,,,,,,
marker_write,1701,37200,,,,,,
marker_sync,1701,3960900,,,,,,
append,1702,15973700,,,,,,
encode,1702,6900,,,,,,
data_write,1702,44900,,,,,,
data_sync,1702,2127100,,,,,,
marker_write,1702,31400,,,,,,
marker_sync,1702,13759400,,,,,,
append,1703,8020600,,,,,,
encode,1703,6600,,,,,,
data_write,1703,54800,,,,,,
data_sync,1703,3961000,,,,,,
marker_write,1703,33700,,,,,,
marker_sync,1703,3961000,,,,,,
append,1704,9830700,,,,,,
encode,1704,6100,,,,,,
data_write,1704,52400,,,,,,
data_sync,1704,3956600,,,,,,
marker_write,1704,39500,,,,,,
marker_sync,1704,5772900,,,,,,
append,1705,10144200,,,,,,
encode,1705,7300,,,,,,
data_write,1705,42800,,,,,,
data_sync,1705,1690600,,,,,,
marker_write,1705,38100,,,,,,
marker_sync,1705,8361700,,,,,,
append,1706,8041699,,,,,,
encode,1706,6600,,,,,,
data_write,1706,63000,,,,,,
data_sync,1706,3948800,,,,,,
marker_write,1706,43300,,,,,,
marker_sync,1706,3976299,,,,,,
append,1707,7988000,,,,,,
encode,1707,6800,,,,,,
data_write,1707,48700,,,,,,
data_sync,1707,2030500,,,,,,
marker_write,1707,36700,,,,,,
marker_sync,1707,5861700,,,,,,
append,1708,4429300,,,,,,
encode,1708,6000,,,,,,
data_write,1708,42500,,,,,,
data_sync,1708,1992500,,,,,,
marker_write,1708,28200,,,,,,
marker_sync,1708,2356700,,,,,,
append,1709,6808700,,,,,,
encode,1709,6100,,,,,,
data_write,1709,43400,,,,,,
data_sync,1709,2271600,,,,,,
marker_write,1709,46600,,,,,,
marker_sync,1709,4437300,,,,,,
append,1710,8769200,,,,,,
encode,1710,6400,,,,,,
data_write,1710,51600,,,,,,
data_sync,1710,4715600,,,,,,
marker_write,1710,45600,,,,,,
marker_sync,1710,3946400,,,,,,
append,1711,7984200,,,,,,
encode,1711,6800,,,,,,
data_write,1711,50200,,,,,,
data_sync,1711,3920400,,,,,,
marker_write,1711,74600,,,,,,
marker_sync,1711,3928600,,,,,,
append,1712,11984200,,,,,,
encode,1712,6000,,,,,,
data_write,1712,72800,,,,,,
data_sync,1712,3949200,,,,,,
marker_write,1712,37700,,,,,,
marker_sync,1712,7915700,,,,,,
append,1713,6853000,,,,,,
encode,1713,7400,,,,,,
data_write,1713,44400,,,,,,
data_sync,1713,3941400,,,,,,
marker_write,1713,42100,,,,,,
marker_sync,1713,2814200,,,,,,
append,1714,4382500,,,,,,
encode,1714,6800,,,,,,
data_write,1714,51800,,,,,,
data_sync,1714,2329500,,,,,,
marker_write,1714,41600,,,,,,
marker_sync,1714,1949100,,,,,,
append,1715,12772899,,,,,,
encode,1715,6600,,,,,,
data_write,1715,46900,,,,,,
data_sync,1715,4737700,,,,,,
marker_write,1715,44500,,,,,,
marker_sync,1715,7934099,,,,,,
append,1716,8005100,,,,,,
encode,1716,7500,,,,,,
data_write,1716,50100,,,,,,
data_sync,1716,3935700,,,,,,
marker_write,1716,66100,,,,,,
marker_sync,1716,3942500,,,,,,
append,1717,7012900,,,,,,
encode,1717,8100,,,,,,
data_write,1717,57300,,,,,,
data_sync,1717,3925400,,,,,,
marker_write,1717,46600,,,,,,
marker_sync,1717,2971800,,,,,,
append,1718,8963900,,,,,,
encode,1718,6600,,,,,,
data_write,1718,53200,,,,,,
data_sync,1718,4917500,,,,,,
marker_write,1718,45500,,,,,,
marker_sync,1718,3937900,,,,,,
append,1719,8009100,,,,,,
encode,1719,6000,,,,,,
data_write,1719,49300,,,,,,
data_sync,1719,3972900,,,,,,
marker_write,1719,48900,,,,,,
marker_sync,1719,3927600,,,,,,
append,1720,12000400,,,,,,
encode,1720,36600,,,,,,
data_write,1720,55700,,,,,,
data_sync,1720,7968300,,,,,,
marker_write,1720,67600,,,,,,
marker_sync,1720,3868800,,,,,,
append,1721,8036000,,,,,,
encode,1721,7000,,,,,,
data_write,1721,62100,,,,,,
data_sync,1721,3926000,,,,,,
marker_write,1721,40600,,,,,,
marker_sync,1721,3996000,,,,,,
append,1722,7977000,,,,,,
encode,1722,7200,,,,,,
data_write,1722,48200,,,,,,
data_sync,1722,3901400,,,,,,
marker_write,1722,44200,,,,,,
marker_sync,1722,3972800,,,,,,
append,1723,11985299,,,,,,
encode,1723,6300,,,,,,
data_write,1723,51900,,,,,,
data_sync,1723,3924200,,,,,,
marker_write,1723,46000,,,,,,
marker_sync,1723,7953099,,,,,,
append,1724,7997200,,,,,,
encode,1724,6200,,,,,,
data_write,1724,38900,,,,,,
data_sync,1724,3943600,,,,,,
marker_write,1724,43700,,,,,,
marker_sync,1724,3961500,,,,,,
append,1725,8001900,,,,,,
encode,1725,6100,,,,,,
data_write,1725,53500,,,,,,
data_sync,1725,3934900,,,,,,
marker_write,1725,41000,,,,,,
marker_sync,1725,3963100,,,,,,
append,1726,11201600,,,,,,
encode,1726,6200,,,,,,
data_write,1726,53000,,,,,,
data_sync,1726,3935400,,,,,,
marker_write,1726,45500,,,,,,
marker_sync,1726,7157700,,,,,,
append,1727,12786100,,,,,,
encode,1727,7700,,,,,,
data_write,1727,85200,,,,,,
data_sync,1727,8698100,,,,,,
marker_write,1727,39200,,,,,,
marker_sync,1727,3951800,,,,,,
append,1728,8003300,,,,,,
encode,1728,6500,,,,,,
data_write,1728,55500,,,,,,
data_sync,1728,3935000,,,,,,
marker_write,1728,45700,,,,,,
marker_sync,1728,3957300,,,,,,
append,1729,20004299,,,,,,
encode,1729,5100,,,,,,
data_write,1729,49800,,,,,,
data_sync,1729,15881499,,,,,,
marker_write,1729,50600,,,,,,
marker_sync,1729,4014200,,,,,,
append,1730,7951300,,,,,,
encode,1730,5900,,,,,,
data_write,1730,54700,,,,,,
data_sync,1730,3892600,,,,,,
marker_write,1730,42900,,,,,,
marker_sync,1730,3951600,,,,,,
append,1731,12008200,,,,,,
encode,1731,6200,,,,,,
data_write,1731,48300,,,,,,
data_sync,1731,7945600,,,,,,
marker_write,1731,39600,,,,,,
marker_sync,1731,3964900,,,,,,
append,1732,7994900,,,,,,
encode,1732,6100,,,,,,
data_write,1732,54800,,,,,,
data_sync,1732,3930800,,,,,,
marker_write,1732,41100,,,,,,
marker_sync,1732,3958800,,,,,,
append,1733,7997400,,,,,,
encode,1733,7500,,,,,,
data_write,1733,44000,,,,,,
data_sync,1733,3957000,,,,,,
marker_write,1733,46500,,,,,,
marker_sync,1733,3938400,,,,,,
append,1734,16028300,,,,,,
encode,1734,5600,,,,,,
data_write,1734,47100,,,,,,
data_sync,1734,7918600,,,,,,
marker_write,1734,49600,,,,,,
marker_sync,1734,8003800,,,,,,
append,1735,10070800,,,,,,
encode,1735,5900,,,,,,
data_write,1735,52700,,,,,,
data_sync,1735,2153100,,,,,,
marker_write,1735,43500,,,,,,
marker_sync,1735,7812400,,,,,,
append,1736,16097399,,,,,,
encode,1736,6700,,,,,,
data_write,1736,54600,,,,,,
data_sync,1736,13895999,,,,,,
marker_write,1736,50800,,,,,,
marker_sync,1736,2086300,,,,,,
append,1737,4036900,,,,,,
encode,1737,6800,,,,,,
data_write,1737,48600,,,,,,
data_sync,1737,2005900,,,,,,
marker_write,1737,40900,,,,,,
marker_sync,1737,1931700,,,,,,
append,1738,3900300,,,,,,
encode,1738,6100,,,,,,
data_write,1738,56100,,,,,,
data_sync,1738,1848100,,,,,,
marker_write,1738,47300,,,,,,
marker_sync,1738,1939800,,,,,,
append,1739,7694000,,,,,,
encode,1739,6700,,,,,,
data_write,1739,52500,,,,,,
data_sync,1739,5788500,,,,,,
marker_write,1739,36800,,,,,,
marker_sync,1739,1806600,,,,,,
append,1740,6185900,,,,,,
encode,1740,5300,,,,,,
data_write,1740,27700,,,,,,
data_sync,1740,1535500,,,,,,
marker_write,1740,21800,,,,,,
marker_sync,1740,4592000,,,,,,
append,1741,8707600,,,,,,
encode,1741,6300,,,,,,
data_write,1741,47600,,,,,,
data_sync,1741,2825600,,,,,,
marker_write,1741,46600,,,,,,
marker_sync,1741,5778600,,,,,,
append,1742,3747000,,,,,,
encode,1742,6300,,,,,,
data_write,1742,49500,,,,,,
data_sync,1742,1866100,,,,,,
marker_write,1742,42900,,,,,,
marker_sync,1742,1779400,,,,,,
append,1743,3968600,,,,,,
encode,1743,6200,,,,,,
data_write,1743,43500,,,,,,
data_sync,1743,2002100,,,,,,
marker_write,1743,39700,,,,,,
marker_sync,1743,1874100,,,,,,
append,1744,3584100,,,,,,
encode,1744,5800,,,,,,
data_write,1744,57400,,,,,,
data_sync,1744,1773500,,,,,,
marker_write,1744,35600,,,,,,
marker_sync,1744,1708700,,,,,,
append,1745,3627700,,,,,,
encode,1745,6300,,,,,,
data_write,1745,44600,,,,,,
data_sync,1745,1678900,,,,,,
marker_write,1745,38600,,,,,,
marker_sync,1745,1856700,,,,,,
append,1746,3628000,,,,,,
encode,1746,7100,,,,,,
data_write,1746,48400,,,,,,
data_sync,1746,1826600,,,,,,
marker_write,1746,36900,,,,,,
marker_sync,1746,1706000,,,,,,
append,1747,3219200,,,,,,
encode,1747,5800,,,,,,
data_write,1747,43400,,,,,,
data_sync,1747,1665000,,,,,,
marker_write,1747,34200,,,,,,
marker_sync,1747,1468100,,,,,,
append,1748,3762899,,,,,,
encode,1748,5100,,,,,,
data_write,1748,57000,,,,,,
data_sync,1748,1447500,,,,,,
marker_write,1748,35200,,,,,,
marker_sync,1748,2214499,,,,,,
append,1749,3956100,,,,,,
encode,1749,6300,,,,,,
data_write,1749,47900,,,,,,
data_sync,1749,1827200,,,,,,
marker_write,1749,35700,,,,,,
marker_sync,1749,2035700,,,,,,
append,1750,4055400,,,,,,
encode,1750,6200,,,,,,
data_write,1750,47100,,,,,,
data_sync,1750,2014500,,,,,,
marker_write,1750,67800,,,,,,
marker_sync,1750,1916500,,,,,,
append,1751,4087000,,,,,,
encode,1751,6200,,,,,,
data_write,1751,78700,,,,,,
data_sync,1751,1994500,,,,,,
marker_write,1751,63100,,,,,,
marker_sync,1751,1941000,,,,,,
append,1752,3833700,,,,,,
encode,1752,6300,,,,,,
data_write,1752,76100,,,,,,
data_sync,1752,1682800,,,,,,
marker_write,1752,59200,,,,,,
marker_sync,1752,2005900,,,,,,
append,1753,3942700,,,,,,
encode,1753,6700,,,,,,
data_write,1753,75100,,,,,,
data_sync,1753,1888200,,,,,,
marker_write,1753,59000,,,,,,
marker_sync,1753,1910600,,,,,,
append,1754,4210000,,,,,,
encode,1754,6100,,,,,,
data_write,1754,86200,,,,,,
data_sync,1754,1958400,,,,,,
marker_write,1754,64100,,,,,,
marker_sync,1754,2092500,,,,,,
append,1755,4227600,,,,,,
encode,1755,6000,,,,,,
data_write,1755,76700,,,,,,
data_sync,1755,2238800,,,,,,
marker_write,1755,62900,,,,,,
marker_sync,1755,1839600,,,,,,
append,1756,10613100,,,,,,
encode,1756,6800,,,,,,
data_write,1756,71400,,,,,,
data_sync,1756,5343200,,,,,,
marker_write,1756,47800,,,,,,
marker_sync,1756,5140800,,,,,,
append,1757,10799200,,,,,,
encode,1757,7800,,,,,,
data_write,1757,47500,,,,,,
data_sync,1757,2712900,,,,,,
marker_write,1757,59500,,,,,,
marker_sync,1757,7967800,,,,,,
append,1758,7996100,,,,,,
encode,1758,12600,,,,,,
data_write,1758,53600,,,,,,
data_sync,1758,3868900,,,,,,
marker_write,1758,44900,,,,,,
marker_sync,1758,4011600,,,,,,
append,1759,7361600,,,,,,
encode,1759,6800,,,,,,
data_write,1759,52900,,,,,,
data_sync,1759,3926500,,,,,,
marker_write,1759,39900,,,,,,
marker_sync,1759,3331600,,,,,,
append,1760,12626399,,,,,,
encode,1760,6500,,,,,,
data_write,1760,154700,,,,,,
data_sync,1760,8465299,,,,,,
marker_write,1760,51700,,,,,,
marker_sync,1760,3944900,,,,,,
append,1761,8515300,,,,,,
encode,1761,7000,,,,,,
data_write,1761,52600,,,,,,
data_sync,1761,3938600,,,,,,
marker_write,1761,45500,,,,,,
marker_sync,1761,4468000,,,,,,
append,1762,9308800,,,,,,
encode,1762,6900,,,,,,
data_write,1762,141900,,,,,,
data_sync,1762,2353500,,,,,,
marker_write,1762,42100,,,,,,
marker_sync,1762,6760800,,,,,,
append,1763,3919600,,,,,,
encode,1763,5800,,,,,,
data_write,1763,92200,,,,,,
data_sync,1763,1964100,,,,,,
marker_write,1763,35400,,,,,,
marker_sync,1763,1818400,,,,,,
append,1764,6372500,,,,,,
encode,1764,6600,,,,,,
data_write,1764,47200,,,,,,
data_sync,1764,2494800,,,,,,
marker_write,1764,42400,,,,,,
marker_sync,1764,3778300,,,,,,
append,1765,7877100,,,,,,
encode,1765,6700,,,,,,
data_write,1765,64100,,,,,,
data_sync,1765,3917100,,,,,,
marker_write,1765,45500,,,,,,
marker_sync,1765,3840500,,,,,,
append,1766,5483300,,,,,,
encode,1766,6300,,,,,,
data_write,1766,83800,,,,,,
data_sync,1766,3156100,,,,,,
marker_write,1766,107100,,,,,,
marker_sync,1766,2126000,,,,,,
append,1767,6958100,,,,,,
encode,1767,6600,,,,,,
data_write,1767,44700,,,,,,
data_sync,1767,1865100,,,,,,
marker_write,1767,34100,,,,,,
marker_sync,1767,5004100,,,,,,
append,1768,3734000,,,,,,
encode,1768,7000,,,,,,
data_write,1768,58800,,,,,,
data_sync,1768,1907400,,,,,,
marker_write,1768,40300,,,,,,
marker_sync,1768,1717100,,,,,,
append,1769,6385900,,,,,,
encode,1769,6700,,,,,,
data_write,1769,44300,,,,,,
data_sync,1769,3767200,,,,,,
marker_write,1769,43800,,,,,,
marker_sync,1769,2520400,,,,,,
append,1770,5432999,,,,,,
encode,1770,6300,,,,,,
data_write,1770,52900,,,,,,
data_sync,1770,1808499,,,,,,
marker_write,1770,40700,,,,,,
marker_sync,1770,3520300,,,,,,
append,1771,7970800,,,,,,
encode,1771,7300,,,,,,
data_write,1771,55500,,,,,,
data_sync,1771,2055100,,,,,,
marker_write,1771,39100,,,,,,
marker_sync,1771,5810600,,,,,,
append,1772,3903700,,,,,,
encode,1772,7000,,,,,,
data_write,1772,74900,,,,,,
data_sync,1772,2049400,,,,,,
marker_write,1772,45900,,,,,,
marker_sync,1772,1723200,,,,,,
append,1773,7995500,,,,,,
encode,1773,6100,,,,,,
data_write,1773,73000,,,,,,
data_sync,1773,4043300,,,,,,
marker_write,1773,42500,,,,,,
marker_sync,1773,3827200,,,,,,
append,1774,8126600,,,,,,
encode,1774,7800,,,,,,
data_write,1774,69100,,,,,,
data_sync,1774,4065300,,,,,,
marker_write,1774,38300,,,,,,
marker_sync,1774,3942700,,,,,,
append,1775,8007100,,,,,,
encode,1775,5900,,,,,,
data_write,1775,41800,,,,,,
data_sync,1775,3944400,,,,,,
marker_write,1775,40900,,,,,,
marker_sync,1775,3969300,,,,,,
append,1776,16694500,,,,,,
encode,1776,6200,,,,,,
data_write,1776,56200,,,,,,
data_sync,1776,7913500,,,,,,
marker_write,1776,38400,,,,,,
marker_sync,1776,8676800,,,,,,
append,1777,10745900,,,,,,
encode,1777,6000,,,,,,
data_write,1777,54500,,,,,,
data_sync,1777,3218700,,,,,,
marker_write,1777,65400,,,,,,
marker_sync,1777,7397500,,,,,,
append,1778,6809499,,,,,,
encode,1778,6400,,,,,,
data_write,1778,47800,,,,,,
data_sync,1778,4487199,,,,,,
marker_write,1778,41200,,,,,,
marker_sync,1778,2224100,,,,,,
append,1779,5722400,,,,,,
encode,1779,7400,,,,,,
data_write,1779,45600,,,,,,
data_sync,1779,2142700,,,,,,
marker_write,1779,37400,,,,,,
marker_sync,1779,3485900,,,,,,
append,1780,12003000,,,,,,
encode,1780,6100,,,,,,
data_write,1780,44400,,,,,,
data_sync,1780,3976300,,,,,,
marker_write,1780,39600,,,,,,
marker_sync,1780,7933500,,,,,,
append,1781,4081900,,,,,,
encode,1781,6300,,,,,,
data_write,1781,98600,,,,,,
data_sync,1781,1853200,,,,,,
marker_write,1781,34300,,,,,,
marker_sync,1781,2085800,,,,,,
append,1782,7930600,,,,,,
encode,1782,7400,,,,,,
data_write,1782,43200,,,,,,
data_sync,1782,3860900,,,,,,
marker_write,1782,36900,,,,,,
marker_sync,1782,3979300,,,,,,
append,1783,12281700,,,,,,
encode,1783,6500,,,,,,
data_write,1783,45700,,,,,,
data_sync,1783,7904100,,,,,,
marker_write,1783,49500,,,,,,
marker_sync,1783,4273000,,,,,,
append,1784,7734100,,,,,,
encode,1784,6300,,,,,,
data_write,1784,53500,,,,,,
data_sync,1784,3698100,,,,,,
marker_write,1784,49200,,,,,,
marker_sync,1784,3923000,,,,,,
append,1785,5882700,,,,,,
encode,1785,7800,,,,,,
data_write,1785,49000,,,,,,
data_sync,1785,3925400,,,,,,
marker_write,1785,40300,,,,,,
marker_sync,1785,1857000,,,,,,
append,1786,6079000,,,,,,
encode,1786,6000,,,,,,
data_write,1786,37700,,,,,,
data_sync,1786,1700400,,,,,,
marker_write,1786,33600,,,,,,
marker_sync,1786,4298200,,,,,,
append,1787,3522699,,,,,,
encode,1787,6300,,,,,,
data_write,1787,40300,,,,,,
data_sync,1787,1790200,,,,,,
marker_write,1787,28500,,,,,,
marker_sync,1787,1654799,,,,,,
append,1788,6377700,,,,,,
encode,1788,5400,,,,,,
data_write,1788,169100,,,,,,
data_sync,1788,4298700,,,,,,
marker_write,1788,142900,,,,,,
marker_sync,1788,1758500,,,,,,
append,1789,4277400,,,,,,
encode,1789,5400,,,,,,
data_write,1789,190100,,,,,,
data_sync,1789,1965900,,,,,,
marker_write,1789,71600,,,,,,
marker_sync,1789,2041100,,,,,,
append,1790,4082700,,,,,,
encode,1790,6400,,,,,,
data_write,1790,46100,,,,,,
data_sync,1790,2039200,,,,,,
marker_write,1790,37000,,,,,,
marker_sync,1790,1950300,,,,,,
append,1791,4200700,,,,,,
encode,1791,5400,,,,,,
data_write,1791,76500,,,,,,
data_sync,1791,2031000,,,,,,
marker_write,1791,37300,,,,,,
marker_sync,1791,2047200,,,,,,
append,1792,4043000,,,,,,
encode,1792,5800,,,,,,
data_write,1792,38800,,,,,,
data_sync,1792,1967100,,,,,,
marker_write,1792,67600,,,,,,
marker_sync,1792,1960600,,,,,,
append,1793,4003300,,,,,,
encode,1793,3800,,,,,,
data_write,1793,47200,,,,,,
data_sync,1793,1977000,,,,,,
marker_write,1793,37300,,,,,,
marker_sync,1793,1934700,,,,,,
append,1794,3981900,,,,,,
encode,1794,5800,,,,,,
data_write,1794,42200,,,,,,
data_sync,1794,1961600,,,,,,
marker_write,1794,38600,,,,,,
marker_sync,1794,1931000,,,,,,
append,1795,3945800,,,,,,
encode,1795,5800,,,,,,
data_write,1795,46000,,,,,,
data_sync,1795,1940100,,,,,,
marker_write,1795,36300,,,,,,
marker_sync,1795,1914700,,,,,,
append,1796,4034700,,,,,,
encode,1796,5500,,,,,,
data_write,1796,43800,,,,,,
data_sync,1796,1993100,,,,,,
marker_write,1796,38300,,,,,,
marker_sync,1796,1950100,,,,,,
append,1797,4049500,,,,,,
encode,1797,6500,,,,,,
data_write,1797,47300,,,,,,
data_sync,1797,1879400,,,,,,
marker_write,1797,37800,,,,,,
marker_sync,1797,2075300,,,,,,
append,1798,3768200,,,,,,
encode,1798,6200,,,,,,
data_write,1798,68000,,,,,,
data_sync,1798,1904800,,,,,,
marker_write,1798,36000,,,,,,
marker_sync,1798,1749800,,,,,,
append,1799,3938300,,,,,,
encode,1799,6400,,,,,,
data_write,1799,39700,,,,,,
data_sync,1799,1654500,,,,,,
marker_write,1799,95800,,,,,,
marker_sync,1799,2139300,,,,,,
append,1800,4016900,,,,,,
encode,1800,6400,,,,,,
data_write,1800,44500,,,,,,
data_sync,1800,1928800,,,,,,
marker_write,1800,68500,,,,,,
marker_sync,1800,1965600,,,,,,
append,1801,5811000,,,,,,
encode,1801,5800,,,,,,
data_write,1801,46900,,,,,,
data_sync,1801,2895200,,,,,,
marker_write,1801,45500,,,,,,
marker_sync,1801,2814100,,,,,,
append,1802,7973100,,,,,,
encode,1802,6700,,,,,,
data_write,1802,52000,,,,,,
data_sync,1802,3856100,,,,,,
marker_write,1802,44300,,,,,,
marker_sync,1802,4010600,,,,,,
append,1803,4668499,,,,,,
encode,1803,6300,,,,,,
data_write,1803,68500,,,,,,
data_sync,1803,2447099,,,,,,
marker_write,1803,40000,,,,,,
marker_sync,1803,2103400,,,,,,
append,1804,4060000,,,,,,
encode,1804,5400,,,,,,
data_write,1804,78100,,,,,,
data_sync,1804,2020700,,,,,,
marker_write,1804,69500,,,,,,
marker_sync,1804,1882800,,,,,,
append,1805,4136800,,,,,,
encode,1805,6200,,,,,,
data_write,1805,76900,,,,,,
data_sync,1805,1949400,,,,,,
marker_write,1805,57400,,,,,,
marker_sync,1805,2043400,,,,,,
append,1806,3922800,,,,,,
encode,1806,6000,,,,,,
data_write,1806,74500,,,,,,
data_sync,1806,1933300,,,,,,
marker_write,1806,69100,,,,,,
marker_sync,1806,1837200,,,,,,
append,1807,4451600,,,,,,
encode,1807,5600,,,,,,
data_write,1807,66400,,,,,,
data_sync,1807,1873700,,,,,,
marker_write,1807,69000,,,,,,
marker_sync,1807,2433800,,,,,,
append,1808,5471000,,,,,,
encode,1808,6800,,,,,,
data_write,1808,80800,,,,,,
data_sync,1808,3214400,,,,,,
marker_write,1808,34200,,,,,,
marker_sync,1808,2131800,,,,,,
append,1809,4086200,,,,,,
encode,1809,6700,,,,,,
data_write,1809,51400,,,,,,
data_sync,1809,2022100,,,,,,
marker_write,1809,41200,,,,,,
marker_sync,1809,1961700,,,,,,
append,1810,4156499,,,,,,
encode,1810,6900,,,,,,
data_write,1810,69500,,,,,,
data_sync,1810,2133400,,,,,,
marker_write,1810,40100,,,,,,
marker_sync,1810,1903299,,,,,,
append,1811,4091100,,,,,,
encode,1811,5900,,,,,,
data_write,1811,30400,,,,,,
data_sync,1811,2053900,,,,,,
marker_write,1811,37600,,,,,,
marker_sync,1811,1960000,,,,,,
append,1812,4006000,,,,,,
encode,1812,6100,,,,,,
data_write,1812,54000,,,,,,
data_sync,1812,1932800,,,,,,
marker_write,1812,32100,,,,,,
marker_sync,1812,1978100,,,,,,
append,1813,3956200,,,,,,
encode,1813,6000,,,,,,
data_write,1813,44100,,,,,,
data_sync,1813,1918200,,,,,,
marker_write,1813,37700,,,,,,
marker_sync,1813,1946500,,,,,,
append,1814,3958699,,,,,,
encode,1814,6100,,,,,,
data_write,1814,42600,,,,,,
data_sync,1814,1894300,,,,,,
marker_write,1814,40300,,,,,,
marker_sync,1814,1971499,,,,,,
append,1815,4334700,,,,,,
encode,1815,5700,,,,,,
data_write,1815,47800,,,,,,
data_sync,1815,2312900,,,,,,
marker_write,1815,34300,,,,,,
marker_sync,1815,1929900,,,,,,
append,1816,7542700,,,,,,
encode,1816,7000,,,,,,
data_write,1816,49400,,,,,,
data_sync,1816,5736500,,,,,,
marker_write,1816,55300,,,,,,
marker_sync,1816,1691500,,,,,,
append,1817,3706899,,,,,,
encode,1817,5500,,,,,,
data_write,1817,62900,,,,,,
data_sync,1817,1686799,,,,,,
marker_write,1817,32800,,,,,,
marker_sync,1817,1915000,,,,,,
append,1818,4390200,,,,,,
encode,1818,6800,,,,,,
data_write,1818,42500,,,,,,
data_sync,1818,2038200,,,,,,
marker_write,1818,36800,,,,,,
marker_sync,1818,2262400,,,,,,
append,1819,5496800,,,,,,
encode,1819,6200,,,,,,
data_write,1819,43400,,,,,,
data_sync,1819,3345000,,,,,,
marker_write,1819,43500,,,,,,
marker_sync,1819,2054900,,,,,,
append,1820,3883899,,,,,,
encode,1820,6200,,,,,,
data_write,1820,48400,,,,,,
data_sync,1820,1875900,,,,,,
marker_write,1820,40100,,,,,,
marker_sync,1820,1910199,,,,,,
append,1821,4064200,,,,,,
encode,1821,6300,,,,,,
data_write,1821,46200,,,,,,
data_sync,1821,1893600,,,,,,
marker_write,1821,43700,,,,,,
marker_sync,1821,2071200,,,,,,
append,1822,4002900,,,,,,
encode,1822,6700,,,,,,
data_write,1822,42500,,,,,,
data_sync,1822,1949300,,,,,,
marker_write,1822,56300,,,,,,
marker_sync,1822,1945000,,,,,,
append,1823,4214400,,,,,,
encode,1823,6800,,,,,,
data_write,1823,38900,,,,,,
data_sync,1823,2113500,,,,,,
marker_write,1823,34700,,,,,,
marker_sync,1823,2017400,,,,,,
append,1824,3847699,,,,,,
encode,1824,7200,,,,,,
data_write,1824,38900,,,,,,
data_sync,1824,1882499,,,,,,
marker_write,1824,25700,,,,,,
marker_sync,1824,1890600,,,,,,
append,1825,3957100,,,,,,
encode,1825,6100,,,,,,
data_write,1825,45100,,,,,,
data_sync,1825,1923400,,,,,,
marker_write,1825,34600,,,,,,
marker_sync,1825,1945300,,,,,,
append,1826,4450500,,,,,,
encode,1826,6600,,,,,,
data_write,1826,41800,,,,,,
data_sync,1826,2442200,,,,,,
marker_write,1826,63300,,,,,,
marker_sync,1826,1893100,,,,,,
append,1827,3910400,,,,,,
encode,1827,8700,,,,,,
data_write,1827,88100,,,,,,
data_sync,1827,1879400,,,,,,
marker_write,1827,67900,,,,,,
marker_sync,1827,1863400,,,,,,
append,1828,4007799,,,,,,
encode,1828,7000,,,,,,
data_write,1828,38300,,,,,,
data_sync,1828,2013699,,,,,,
marker_write,1828,41500,,,,,,
marker_sync,1828,1903700,,,,,,
append,1829,4079200,,,,,,
encode,1829,6800,,,,,,
data_write,1829,40100,,,,,,
data_sync,1829,2076700,,,,,,
marker_write,1829,29200,,,,,,
marker_sync,1829,1922500,,,,,,
append,1830,8348799,,,,,,
encode,1830,5800,,,,,,
data_write,1830,79900,,,,,,
data_sync,1830,5863500,,,,,,
marker_write,1830,66900,,,,,,
marker_sync,1830,2329299,,,,,,
append,1831,4838700,,,,,,
encode,1831,7400,,,,,,
data_write,1831,79600,,,,,,
data_sync,1831,2091100,,,,,,
marker_write,1831,370100,,,,,,
marker_sync,1831,2285600,,,,,,
append,1832,4835000,,,,,,
encode,1832,9000,,,,,,
data_write,1832,110300,,,,,,
data_sync,1832,2417000,,,,,,
marker_write,1832,71100,,,,,,
marker_sync,1832,2224400,,,,,,
append,1833,5089899,,,,,,
encode,1833,6400,,,,,,
data_write,1833,126700,,,,,,
data_sync,1833,2874600,,,,,,
marker_write,1833,34900,,,,,,
marker_sync,1833,2044199,,,,,,
append,1834,4137800,,,,,,
encode,1834,7700,,,,,,
data_write,1834,79800,,,,,,
data_sync,1834,1995700,,,,,,
marker_write,1834,73300,,,,,,
marker_sync,1834,1978200,,,,,,
append,1835,4236500,,,,,,
encode,1835,6800,,,,,,
data_write,1835,72500,,,,,,
data_sync,1835,1870900,,,,,,
marker_write,1835,69000,,,,,,
marker_sync,1835,2214400,,,,,,
append,1836,3891400,,,,,,
encode,1836,7000,,,,,,
data_write,1836,77000,,,,,,
data_sync,1836,1894000,,,,,,
marker_write,1836,66200,,,,,,
marker_sync,1836,1843100,,,,,,
append,1837,4226099,,,,,,
encode,1837,5700,,,,,,
data_write,1837,58700,,,,,,
data_sync,1837,2227799,,,,,,
marker_write,1837,60000,,,,,,
marker_sync,1837,1871300,,,,,,
append,1838,4134400,,,,,,
encode,1838,5500,,,,,,
data_write,1838,80600,,,,,,
data_sync,1838,1848500,,,,,,
marker_write,1838,57400,,,,,,
marker_sync,1838,2139200,,,,,,
append,1839,4215100,,,,,,
encode,1839,6900,,,,,,
data_write,1839,89900,,,,,,
data_sync,1839,1954800,,,,,,
marker_write,1839,66200,,,,,,
marker_sync,1839,2094200,,,,,,
append,1840,4168500,,,,,,
encode,1840,6800,,,,,,
data_write,1840,77500,,,,,,
data_sync,1840,2090700,,,,,,
marker_write,1840,64700,,,,,,
marker_sync,1840,1925900,,,,,,
append,1841,4950999,,,,,,
encode,1841,6400,,,,,,
data_write,1841,85000,,,,,,
data_sync,1841,2624999,,,,,,
marker_write,1841,54700,,,,,,
marker_sync,1841,2176600,,,,,,
append,1842,6916000,,,,,,
encode,1842,7100,,,,,,
data_write,1842,75400,,,,,,
data_sync,1842,2040800,,,,,,
marker_write,1842,52000,,,,,,
marker_sync,1842,4738000,,,,,,
append,1843,3968299,,,,,,
encode,1843,6200,,,,,,
data_write,1843,68900,,,,,,
data_sync,1843,1845100,,,,,,
marker_write,1843,68900,,,,,,
marker_sync,1843,1975999,,,,,,
append,1844,4208200,,,,,,
encode,1844,5700,,,,,,
data_write,1844,73600,,,,,,
data_sync,1844,2135900,,,,,,
marker_write,1844,56400,,,,,,
marker_sync,1844,1932900,,,,,,
append,1845,4375900,,,,,,
encode,1845,6700,,,,,,
data_write,1845,64500,,,,,,
data_sync,1845,2283900,,,,,,
marker_write,1845,60400,,,,,,
marker_sync,1845,1956900,,,,,,
append,1846,4118200,,,,,,
encode,1846,6200,,,,,,
data_write,1846,73500,,,,,,
data_sync,1846,2111400,,,,,,
marker_write,1846,84000,,,,,,
marker_sync,1846,1839900,,,,,,
append,1847,3699899,,,,,,
encode,1847,6700,,,,,,
data_write,1847,73500,,,,,,
data_sync,1847,1720699,,,,,,
marker_write,1847,54500,,,,,,
marker_sync,1847,1841200,,,,,,
append,1848,3837700,,,,,,
encode,1848,5800,,,,,,
data_write,1848,66500,,,,,,
data_sync,1848,1901000,,,,,,
marker_write,1848,66700,,,,,,
marker_sync,1848,1794900,,,,,,
append,1849,3909600,,,,,,
encode,1849,5500,,,,,,
data_write,1849,70800,,,,,,
data_sync,1849,1809300,,,,,,
marker_write,1849,61600,,,,,,
marker_sync,1849,1958900,,,,,,
append,1850,4364800,,,,,,
encode,1850,6800,,,,,,
data_write,1850,73100,,,,,,
data_sync,1850,2094900,,,,,,
marker_write,1850,59600,,,,,,
marker_sync,1850,2127100,,,,,,
append,1851,3743199,,,,,,
encode,1851,5600,,,,,,
data_write,1851,60000,,,,,,
data_sync,1851,1768999,,,,,,
marker_write,1851,56200,,,,,,
marker_sync,1851,1849700,,,,,,
append,1852,3911300,,,,,,
encode,1852,6600,,,,,,
data_write,1852,66800,,,,,,
data_sync,1852,1835600,,,,,,
marker_write,1852,52700,,,,,,
marker_sync,1852,1946800,,,,,,
append,1853,3793300,,,,,,
encode,1853,5100,,,,,,
data_write,1853,57600,,,,,,
data_sync,1853,1794100,,,,,,
marker_write,1853,54000,,,,,,
marker_sync,1853,1878900,,,,,,
append,1854,4023300,,,,,,
encode,1854,6800,,,,,,
data_write,1854,64800,,,,,,
data_sync,1854,1830600,,,,,,
marker_write,1854,56700,,,,,,
marker_sync,1854,2061500,,,,,,
append,1855,4091499,,,,,,
encode,1855,6000,,,,,,
data_write,1855,78400,,,,,,
data_sync,1855,2039399,,,,,,
marker_write,1855,52600,,,,,,
marker_sync,1855,1911400,,,,,,
append,1856,3928500,,,,,,
encode,1856,6400,,,,,,
data_write,1856,62700,,,,,,
data_sync,1856,1824000,,,,,,
marker_write,1856,55500,,,,,,
marker_sync,1856,1976600,,,,,,
append,1857,3794300,,,,,,
encode,1857,4600,,,,,,
data_write,1857,64600,,,,,,
data_sync,1857,1909500,,,,,,
marker_write,1857,47000,,,,,,
marker_sync,1857,1765800,,,,,,
append,1858,3893099,,,,,,
encode,1858,6300,,,,,,
data_write,1858,63600,,,,,,
data_sync,1858,2014300,,,,,,
marker_write,1858,47300,,,,,,
marker_sync,1858,1758199,,,,,,
append,1859,4244700,,,,,,
encode,1859,6100,,,,,,
data_write,1859,64900,,,,,,
data_sync,1859,2075900,,,,,,
marker_write,1859,58400,,,,,,
marker_sync,1859,2036400,,,,,,
append,1860,4136700,,,,,,
encode,1860,6300,,,,,,
data_write,1860,73700,,,,,,
data_sync,1860,2039100,,,,,,
marker_write,1860,57000,,,,,,
marker_sync,1860,1957200,,,,,,
append,1861,3774100,,,,,,
encode,1861,6800,,,,,,
data_write,1861,69700,,,,,,
data_sync,1861,1893800,,,,,,
marker_write,1861,47600,,,,,,
marker_sync,1861,1752900,,,,,,
append,1862,4256499,,,,,,
encode,1862,7600,,,,,,
data_write,1862,73200,,,,,,
data_sync,1862,2030700,,,,,,
marker_write,1862,80300,,,,,,
marker_sync,1862,2060699,,,,,,
append,1863,4315500,,,,,,
encode,1863,7100,,,,,,
data_write,1863,74100,,,,,,
data_sync,1863,2082400,,,,,,
marker_write,1863,54900,,,,,,
marker_sync,1863,2094100,,,,,,
append,1864,3775400,,,,,,
encode,1864,6200,,,,,,
data_write,1864,58800,,,,,,
data_sync,1864,1966700,,,,,,
marker_write,1864,52500,,,,,,
marker_sync,1864,1688000,,,,,,
append,1865,3746900,,,,,,
encode,1865,5600,,,,,,
data_write,1865,47800,,,,,,
data_sync,1865,1853400,,,,,,
marker_write,1865,60900,,,,,,
marker_sync,1865,1776600,,,,,,
append,1866,3560999,,,,,,
encode,1866,6000,,,,,,
data_write,1866,67700,,,,,,
data_sync,1866,1774399,,,,,,
marker_write,1866,45200,,,,,,
marker_sync,1866,1665100,,,,,,
append,1867,3457000,,,,,,
encode,1867,6100,,,,,,
data_write,1867,64800,,,,,,
data_sync,1867,1628300,,,,,,
marker_write,1867,53800,,,,,,
marker_sync,1867,1700400,,,,,,
append,1868,3721700,,,,,,
encode,1868,6500,,,,,,
data_write,1868,65700,,,,,,
data_sync,1868,1844100,,,,,,
marker_write,1868,56400,,,,,,
marker_sync,1868,1745900,,,,,,
append,1869,3765900,,,,,,
encode,1869,6300,,,,,,
data_write,1869,38400,,,,,,
data_sync,1869,1883800,,,,,,
marker_write,1869,55600,,,,,,
marker_sync,1869,1779000,,,,,,
append,1870,3862599,,,,,,
encode,1870,6200,,,,,,
data_write,1870,64800,,,,,,
data_sync,1870,1859099,,,,,,
marker_write,1870,47300,,,,,,
marker_sync,1870,1882100,,,,,,
append,1871,3603400,,,,,,
encode,1871,5600,,,,,,
data_write,1871,71900,,,,,,
data_sync,1871,1809600,,,,,,
marker_write,1871,62200,,,,,,
marker_sync,1871,1651400,,,,,,
append,1872,3927200,,,,,,
encode,1872,5400,,,,,,
data_write,1872,58900,,,,,,
data_sync,1872,1940900,,,,,,
marker_write,1872,48100,,,,,,
marker_sync,1872,1870300,,,,,,
append,1873,3938200,,,,,,
encode,1873,6600,,,,,,
data_write,1873,69800,,,,,,
data_sync,1873,1948000,,,,,,
marker_write,1873,50000,,,,,,
marker_sync,1873,1860800,,,,,,
append,1874,4795599,,,,,,
encode,1874,8900,,,,,,
data_write,1874,64800,,,,,,
data_sync,1874,2252499,,,,,,
marker_write,1874,64800,,,,,,
marker_sync,1874,2400900,,,,,,
append,1875,4656900,,,,,,
encode,1875,6800,,,,,,
data_write,1875,77200,,,,,,
data_sync,1875,2313200,,,,,,
marker_write,1875,66500,,,,,,
marker_sync,1875,2191000,,,,,,
append,1876,8353799,,,,,,
encode,1876,4500,,,,,,
data_write,1876,71800,,,,,,
data_sync,1876,5358000,,,,,,
marker_write,1876,50800,,,,,,
marker_sync,1876,2866199,,,,,,
append,1877,3928100,,,,,,
encode,1877,5300,,,,,,
data_write,1877,54700,,,,,,
data_sync,1877,1704900,,,,,,
marker_write,1877,43000,,,,,,
marker_sync,1877,2117000,,,,,,
append,1878,4053800,,,,,,
encode,1878,5700,,,,,,
data_write,1878,61000,,,,,,
data_sync,1878,2030200,,,,,,
marker_write,1878,41300,,,,,,
marker_sync,1878,1913100,,,,,,
append,1879,6748199,,,,,,
encode,1879,6300,,,,,,
data_write,1879,62900,,,,,,
data_sync,1879,4151600,,,,,,
marker_write,1879,55100,,,,,,
marker_sync,1879,2469499,,,,,,
append,1880,4028300,,,,,,
encode,1880,5500,,,,,,
data_write,1880,65600,,,,,,
data_sync,1880,2050900,,,,,,
marker_write,1880,56000,,,,,,
marker_sync,1880,1847600,,,,,,
append,1881,4016800,,,,,,
encode,1881,5700,,,,,,
data_write,1881,63500,,,,,,
data_sync,1881,1900700,,,,,,
marker_write,1881,58000,,,,,,
marker_sync,1881,1985300,,,,,,
append,1882,4386100,,,,,,
encode,1882,6200,,,,,,
data_write,1882,70600,,,,,,
data_sync,1882,2064400,,,,,,
marker_write,1882,61300,,,,,,
marker_sync,1882,2180300,,,,,,
append,1883,3926199,,,,,,
encode,1883,6700,,,,,,
data_write,1883,73700,,,,,,
data_sync,1883,1912599,,,,,,
marker_write,1883,52400,,,,,,
marker_sync,1883,1878200,,,,,,
append,1884,3871200,,,,,,
encode,1884,4300,,,,,,
data_write,1884,56900,,,,,,
data_sync,1884,1963400,,,,,,
marker_write,1884,46100,,,,,,
marker_sync,1884,1798000,,,,,,
append,1885,3690200,,,,,,
encode,1885,5300,,,,,,
data_write,1885,67900,,,,,,
data_sync,1885,1807300,,,,,,
marker_write,1885,56300,,,,,,
marker_sync,1885,1751000,,,,,,
append,1886,3680000,,,,,,
encode,1886,5300,,,,,,
data_write,1886,52800,,,,,,
data_sync,1886,1783100,,,,,,
marker_write,1886,53200,,,,,,
marker_sync,1886,1782800,,,,,,
append,1887,3707999,,,,,,
encode,1887,5000,,,,,,
data_write,1887,60700,,,,,,
data_sync,1887,1736599,,,,,,
marker_write,1887,53000,,,,,,
marker_sync,1887,1849900,,,,,,
append,1888,4893800,,,,,,
encode,1888,5300,,,,,,
data_write,1888,63500,,,,,,
data_sync,1888,1877500,,,,,,
marker_write,1888,49800,,,,,,
marker_sync,1888,2894100,,,,,,
append,1889,3820100,,,,,,
encode,1889,5800,,,,,,
data_write,1889,62300,,,,,,
data_sync,1889,1907900,,,,,,
marker_write,1889,54400,,,,,,
marker_sync,1889,1787500,,,,,,
append,1890,3739400,,,,,,
encode,1890,4300,,,,,,
data_write,1890,54100,,,,,,
data_sync,1890,1795900,,,,,,
marker_write,1890,43100,,,,,,
marker_sync,1890,1838500,,,,,,
append,1891,7500499,,,,,,
encode,1891,5900,,,,,,
data_write,1891,66500,,,,,,
data_sync,1891,1898399,,,,,,
marker_write,1891,50900,,,,,,
marker_sync,1891,5475600,,,,,,
append,1892,3916600,,,,,,
encode,1892,6800,,,,,,
data_write,1892,63500,,,,,,
data_sync,1892,1963900,,,,,,
marker_write,1892,51300,,,,,,
marker_sync,1892,1827800,,,,,,
append,1893,4178699,,,,,,
encode,1893,6700,,,,,,
data_write,1893,64000,,,,,,
data_sync,1893,2068400,,,,,,
marker_write,1893,55200,,,,,,
marker_sync,1893,1981799,,,,,,
append,1894,9519300,,,,,,
encode,1894,5200,,,,,,
data_write,1894,63500,,,,,,
data_sync,1894,6204400,,,,,,
marker_write,1894,57900,,,,,,
marker_sync,1894,3185700,,,,,,
append,1895,4117600,,,,,,
encode,1895,6800,,,,,,
data_write,1895,66300,,,,,,
data_sync,1895,2127800,,,,,,
marker_write,1895,57300,,,,,,
marker_sync,1895,1856500,,,,,,
append,1896,3799699,,,,,,
encode,1896,4700,,,,,,
data_write,1896,56500,,,,,,
data_sync,1896,1866499,,,,,,
marker_write,1896,53800,,,,,,
marker_sync,1896,1815800,,,,,,
append,1897,3980400,,,,,,
encode,1897,5400,,,,,,
data_write,1897,51500,,,,,,
data_sync,1897,1866200,,,,,,
marker_write,1897,53900,,,,,,
marker_sync,1897,2000300,,,,,,
append,1898,4117300,,,,,,
encode,1898,28900,,,,,,
data_write,1898,59600,,,,,,
data_sync,1898,1957700,,,,,,
marker_write,1898,48700,,,,,,
marker_sync,1898,2020100,,,,,,
append,1899,3740100,,,,,,
encode,1899,5200,,,,,,
data_write,1899,56400,,,,,,
data_sync,1899,1847200,,,,,,
marker_write,1899,54500,,,,,,
marker_sync,1899,1773700,,,,,,
append,1900,3788499,,,,,,
encode,1900,6200,,,,,,
data_write,1900,63600,,,,,,
data_sync,1900,1926499,,,,,,
marker_write,1900,55600,,,,,,
marker_sync,1900,1733100,,,,,,
append,1901,4278600,,,,,,
encode,1901,6200,,,,,,
data_write,1901,66900,,,,,,
data_sync,1901,2171100,,,,,,
marker_write,1901,82100,,,,,,
marker_sync,1901,1948500,,,,,,
append,1902,3617100,,,,,,
encode,1902,6400,,,,,,
data_write,1902,63900,,,,,,
data_sync,1902,1709100,,,,,,
marker_write,1902,31700,,,,,,
marker_sync,1902,1802100,,,,,,
append,1903,3887899,,,,,,
encode,1903,6300,,,,,,
data_write,1903,67100,,,,,,
data_sync,1903,1740800,,,,,,
marker_write,1903,53500,,,,,,
marker_sync,1903,2016599,,,,,,
append,1904,4123400,,,,,,
encode,1904,6200,,,,,,
data_write,1904,80000,,,,,,
data_sync,1904,2008600,,,,,,
marker_write,1904,46300,,,,,,
marker_sync,1904,1978900,,,,,,
append,1905,3914200,,,,,,
encode,1905,6500,,,,,,
data_write,1905,64500,,,,,,
data_sync,1905,1912300,,,,,,
marker_write,1905,56700,,,,,,
marker_sync,1905,1870800,,,,,,
append,1906,4285400,,,,,,
encode,1906,6100,,,,,,
data_write,1906,60600,,,,,,
data_sync,1906,2231600,,,,,,
marker_write,1906,62800,,,,,,
marker_sync,1906,1921300,,,,,,
append,1907,5364099,,,,,,
encode,1907,5500,,,,,,
data_write,1907,87200,,,,,,
data_sync,1907,1933100,,,,,,
marker_write,1907,56800,,,,,,
marker_sync,1907,3276999,,,,,,
append,1908,3733600,,,,,,
encode,1908,6900,,,,,,
data_write,1908,70200,,,,,,
data_sync,1908,1884800,,,,,,
marker_write,1908,53800,,,,,,
marker_sync,1908,1715100,,,,,,
append,1909,3947700,,,,,,
encode,1909,5000,,,,,,
data_write,1909,58600,,,,,,
data_sync,1909,1932200,,,,,,
marker_write,1909,47100,,,,,,
marker_sync,1909,1901800,,,,,,
append,1910,7023199,,,,,,
encode,1910,6400,,,,,,
data_write,1910,76500,,,,,,
data_sync,1910,4972299,,,,,,
marker_write,1910,59900,,,,,,
marker_sync,1910,1904000,,,,,,
append,1911,4310700,,,,,,
encode,1911,6200,,,,,,
data_write,1911,56700,,,,,,
data_sync,1911,1917300,,,,,,
marker_write,1911,50100,,,,,,
marker_sync,1911,2277400,,,,,,
append,1912,8495699,,,,,,
encode,1912,6800,,,,,,
data_write,1912,86500,,,,,,
data_sync,1912,2080700,,,,,,
marker_write,1912,51500,,,,,,
marker_sync,1912,6266999,,,,,,
append,1913,4262500,,,,,,
encode,1913,6100,,,,,,
data_write,1913,67900,,,,,,
data_sync,1913,2169100,,,,,,
marker_write,1913,32000,,,,,,
marker_sync,1913,1984000,,,,,,
append,1914,3451500,,,,,,
encode,1914,4400,,,,,,
data_write,1914,50800,,,,,,
data_sync,1914,1631100,,,,,,
marker_write,1914,53400,,,,,,
marker_sync,1914,1708300,,,,,,
append,1915,3699200,,,,,,
encode,1915,5800,,,,,,
data_write,1915,64100,,,,,,
data_sync,1915,1770600,,,,,,
marker_write,1915,32500,,,,,,
marker_sync,1915,1823600,,,,,,
append,1916,3847499,,,,,,
encode,1916,5700,,,,,,
data_write,1916,61400,,,,,,
data_sync,1916,1819300,,,,,,
marker_write,1916,45400,,,,,,
marker_sync,1916,1912499,,,,,,
append,1917,3718000,,,,,,
encode,1917,6000,,,,,,
data_write,1917,30600,,,,,,
data_sync,1917,1808700,,,,,,
marker_write,1917,51600,,,,,,
marker_sync,1917,1818500,,,,,,
append,1918,4136300,,,,,,
encode,1918,5900,,,,,,
data_write,1918,61400,,,,,,
data_sync,1918,2066700,,,,,,
marker_write,1918,49800,,,,,,
marker_sync,1918,1949800,,,,,,
append,1919,3572000,,,,,,
encode,1919,4400,,,,,,
data_write,1919,84300,,,,,,
data_sync,1919,1740200,,,,,,
marker_write,1919,58200,,,,,,
marker_sync,1919,1682200,,,,,,
append,1920,3508999,,,,,,
encode,1920,5200,,,,,,
data_write,1920,52800,,,,,,
data_sync,1920,1692900,,,,,,
marker_write,1920,52400,,,,,,
marker_sync,1920,1702399,,,,,,
append,1921,3482200,,,,,,
encode,1921,5700,,,,,,
data_write,1921,59400,,,,,,
data_sync,1921,1659300,,,,,,
marker_write,1921,58200,,,,,,
marker_sync,1921,1697200,,,,,,
append,1922,3429700,,,,,,
encode,1922,5300,,,,,,
data_write,1922,59000,,,,,,
data_sync,1922,1753600,,,,,,
marker_write,1922,46100,,,,,,
marker_sync,1922,1563200,,,,,,
append,1923,3539200,,,,,,
encode,1923,4900,,,,,,
data_write,1923,58200,,,,,,
data_sync,1923,1500300,,,,,,
marker_write,1923,51700,,,,,,
marker_sync,1923,1921400,,,,,,
append,1924,7335199,,,,,,
encode,1924,6500,,,,,,
data_write,1924,66700,,,,,,
data_sync,1924,1725100,,,,,,
marker_write,1924,50400,,,,,,
marker_sync,1924,5483799,,,,,,
append,1925,3635300,,,,,,
encode,1925,6400,,,,,,
data_write,1925,70700,,,,,,
data_sync,1925,1896500,,,,,,
marker_write,1925,55600,,,,,,
marker_sync,1925,1602900,,,,,,
append,1926,3635400,,,,,,
encode,1926,6200,,,,,,
data_write,1926,64000,,,,,,
data_sync,1926,1694300,,,,,,
marker_write,1926,53300,,,,,,
marker_sync,1926,1814300,,,,,,
append,1927,3359800,,,,,,
encode,1927,6900,,,,,,
data_write,1927,32500,,,,,,
data_sync,1927,1691900,,,,,,
marker_write,1927,156600,,,,,,
marker_sync,1927,1468200,,,,,,
append,1928,3929799,,,,,,
encode,1928,6600,,,,,,
data_write,1928,33800,,,,,,
data_sync,1928,1754299,,,,,,
marker_write,1928,24900,,,,,,
marker_sync,1928,2107300,,,,,,
append,1929,3650900,,,,,,
encode,1929,6100,,,,,,
data_write,1929,57200,,,,,,
data_sync,1929,1746600,,,,,,
marker_write,1929,51800,,,,,,
marker_sync,1929,1786300,,,,,,
append,1930,3452900,,,,,,
encode,1930,5400,,,,,,
data_write,1930,58500,,,,,,
data_sync,1930,1666400,,,,,,
marker_write,1930,51300,,,,,,
marker_sync,1930,1668000,,,,,,
append,1931,3498800,,,,,,
encode,1931,6300,,,,,,
data_write,1931,63100,,,,,,
data_sync,1931,1674400,,,,,,
marker_write,1931,53500,,,,,,
marker_sync,1931,1698200,,,,,,
append,1932,5523299,,,,,,
encode,1932,6100,,,,,,
data_write,1932,65600,,,,,,
data_sync,1932,2430299,,,,,,
marker_write,1932,100700,,,,,,
marker_sync,1932,2916700,,,,,,
append,1933,5480700,,,,,,
encode,1933,7500,,,,,,
data_write,1933,73500,,,,,,
data_sync,1933,2287600,,,,,,
marker_write,1933,58600,,,,,,
marker_sync,1933,3049600,,,,,,
append,1934,4348800,,,,,,
encode,1934,6500,,,,,,
data_write,1934,38900,,,,,,
data_sync,1934,2067600,,,,,,
marker_write,1934,67400,,,,,,
marker_sync,1934,2164400,,,,,,
append,1935,3694799,,,,,,
encode,1935,6800,,,,,,
data_write,1935,69000,,,,,,
data_sync,1935,1849899,,,,,,
marker_write,1935,53900,,,,,,
marker_sync,1935,1711600,,,,,,
append,1936,6812700,,,,,,
encode,1936,7200,,,,,,
data_write,1936,37000,,,,,,
data_sync,1936,5033700,,,,,,
marker_write,1936,46800,,,,,,
marker_sync,1936,1685100,,,,,,
append,1937,3824200,,,,,,
encode,1937,5600,,,,,,
data_write,1937,50300,,,,,,
data_sync,1937,1745800,,,,,,
marker_write,1937,42700,,,,,,
marker_sync,1937,1976700,,,,,,
append,1938,3838499,,,,,,
encode,1938,7000,,,,,,
data_write,1938,69500,,,,,,
data_sync,1938,2013399,,,,,,
marker_write,1938,27700,,,,,,
marker_sync,1938,1718200,,,,,,
append,1939,3613900,,,,,,
encode,1939,5800,,,,,,
data_write,1939,149500,,,,,,
data_sync,1939,1656000,,,,,,
marker_write,1939,43600,,,,,,
marker_sync,1939,1756100,,,,,,
append,1940,3233900,,,,,,
encode,1940,6000,,,,,,
data_write,1940,62100,,,,,,
data_sync,1940,1560600,,,,,,
marker_write,1940,44300,,,,,,
marker_sync,1940,1557600,,,,,,
append,1941,3276000,,,,,,
encode,1941,6000,,,,,,
data_write,1941,64600,,,,,,
data_sync,1941,1607800,,,,,,
marker_write,1941,51100,,,,,,
marker_sync,1941,1543800,,,,,,
append,1942,7601799,,,,,,
encode,1942,7000,,,,,,
data_write,1942,63700,,,,,,
data_sync,1942,5474599,,,,,,
marker_write,1942,81100,,,,,,
marker_sync,1942,1971600,,,,,,
append,1943,3685300,,,,,,
encode,1943,6100,,,,,,
data_write,1943,61800,,,,,,
data_sync,1943,1845400,,,,,,
marker_write,1943,56400,,,,,,
marker_sync,1943,1712800,,,,,,
append,1944,3807000,,,,,,
encode,1944,6400,,,,,,
data_write,1944,64800,,,,,,
data_sync,1944,1881000,,,,,,
marker_write,1944,52800,,,,,,
marker_sync,1944,1799200,,,,,,
append,1945,4435499,,,,,,
encode,1945,5700,,,,,,
data_write,1945,63700,,,,,,
data_sync,1945,2233000,,,,,,
marker_write,1945,52000,,,,,,
marker_sync,1945,2077699,,,,,,
append,1946,4094600,,,,,,
encode,1946,5800,,,,,,
data_write,1946,57400,,,,,,
data_sync,1946,2085000,,,,,,
marker_write,1946,65100,,,,,,
marker_sync,1946,1877500,,,,,,
append,1947,3701100,,,,,,
encode,1947,6000,,,,,,
data_write,1947,75600,,,,,,
data_sync,1947,1795800,,,,,,
marker_write,1947,55500,,,,,,
marker_sync,1947,1765600,,,,,,
append,1948,3449400,,,,,,
encode,1948,4800,,,,,,
data_write,1948,51600,,,,,,
data_sync,1948,1625000,,,,,,
marker_write,1948,54600,,,,,,
marker_sync,1948,1710300,,,,,,
append,1949,8993199,,,,,,
encode,1949,6900,,,,,,
data_write,1949,63500,,,,,,
data_sync,1949,5322999,,,,,,
marker_write,1949,61600,,,,,,
marker_sync,1949,3535100,,,,,,
append,1950,3929700,,,,,,
encode,1950,6600,,,,,,
data_write,1950,63500,,,,,,
data_sync,1950,1980200,,,,,,
marker_write,1950,53900,,,,,,
marker_sync,1950,1822400,,,,,,
append,1951,7496799,,,,,,
encode,1951,5500,,,,,,
data_write,1951,57300,,,,,,
data_sync,1951,1912500,,,,,,
marker_write,1951,49400,,,,,,
marker_sync,1951,5468999,,,,,,
append,1952,4080800,,,,,,
encode,1952,6800,,,,,,
data_write,1952,138200,,,,,,
data_sync,1952,2096100,,,,,,
marker_write,1952,47000,,,,,,
marker_sync,1952,1789400,,,,,,
append,1953,4395200,,,,,,
encode,1953,6300,,,,,,
data_write,1953,69000,,,,,,
data_sync,1953,1802800,,,,,,
marker_write,1953,46300,,,,,,
marker_sync,1953,2467500,,,,,,
append,1954,3846499,,,,,,
encode,1954,6900,,,,,,
data_write,1954,74100,,,,,,
data_sync,1954,1892400,,,,,,
marker_write,1954,55100,,,,,,
marker_sync,1954,1814099,,,,,,
append,1955,4400600,,,,,,
encode,1955,6600,,,,,,
data_write,1955,67700,,,,,,
data_sync,1955,1995900,,,,,,
marker_write,1955,90300,,,,,,
marker_sync,1955,2236300,,,,,,
append,1956,3701800,,,,,,
encode,1956,6400,,,,,,
data_write,1956,62900,,,,,,
data_sync,1956,1792400,,,,,,
marker_write,1956,58300,,,,,,
marker_sync,1956,1778600,,,,,,
append,1957,3570700,,,,,,
encode,1957,7500,,,,,,
data_write,1957,72300,,,,,,
data_sync,1957,1727900,,,,,,
marker_write,1957,53900,,,,,,
marker_sync,1957,1706300,,,,,,
append,1958,3676699,,,,,,
encode,1958,6400,,,,,,
data_write,1958,58000,,,,,,
data_sync,1958,1763300,,,,,,
marker_write,1958,52500,,,,,,
marker_sync,1958,1793399,,,,,,
append,1959,4159600,,,,,,
encode,1959,9800,,,,,,
data_write,1959,72700,,,,,,
data_sync,1959,2007100,,,,,,
marker_write,1959,47700,,,,,,
marker_sync,1959,2019200,,,,,,
append,1960,4133600,,,,,,
encode,1960,5500,,,,,,
data_write,1960,56000,,,,,,
data_sync,1960,2167500,,,,,,
marker_write,1960,59700,,,,,,
marker_sync,1960,1841100,,,,,,
append,1961,3374900,,,,,,
encode,1961,6100,,,,,,
data_write,1961,70900,,,,,,
data_sync,1961,1634000,,,,,,
marker_write,1961,52700,,,,,,
marker_sync,1961,1608500,,,,,,
append,1962,3613199,,,,,,
encode,1962,5900,,,,,,
data_write,1962,63400,,,,,,
data_sync,1962,1852700,,,,,,
marker_write,1962,51899,,,,,,
marker_sync,1962,1636400,,,,,,
append,1963,6824900,,,,,,
encode,1963,5600,,,,,,
data_write,1963,66300,,,,,,
data_sync,1963,4874600,,,,,,
marker_write,1963,61500,,,,,,
marker_sync,1963,1813700,,,,,,
append,1964,3535400,,,,,,
encode,1964,6700,,,,,,
data_write,1964,69100,,,,,,
data_sync,1964,1739100,,,,,,
marker_write,1964,54400,,,,,,
marker_sync,1964,1663100,,,,,,
append,1965,3533499,,,,,,
encode,1965,6300,,,,,,
data_write,1965,68700,,,,,,
data_sync,1965,1597000,,,,,,
marker_write,1965,51700,,,,,,
marker_sync,1965,1807199,,,,,,
append,1966,3744300,,,,,,
encode,1966,6100,,,,,,
data_write,1966,52700,,,,,,
data_sync,1966,1743600,,,,,,
marker_write,1966,43600,,,,,,
marker_sync,1966,1894900,,,,,,
append,1967,4055800,,,,,,
encode,1967,7200,,,,,,
data_write,1967,55200,,,,,,
data_sync,1967,1955300,,,,,,
marker_write,1967,48500,,,,,,
marker_sync,1967,1986500,,,,,,
append,1968,4195000,,,,,,
encode,1968,6100,,,,,,
data_write,1968,59900,,,,,,
data_sync,1968,2091700,,,,,,
marker_write,1968,61700,,,,,,
marker_sync,1968,1972300,,,,,,
append,1969,4055199,,,,,,
encode,1969,6200,,,,,,
data_write,1969,63900,,,,,,
data_sync,1969,1856400,,,,,,
marker_write,1969,48800,,,,,,
marker_sync,1969,2076899,,,,,,
append,1970,3896000,,,,,,
encode,1970,5700,,,,,,
data_write,1970,67500,,,,,,
data_sync,1970,1877400,,,,,,
marker_write,1970,58800,,,,,,
marker_sync,1970,1883500,,,,,,
append,1971,4180700,,,,,,
encode,1971,6400,,,,,,
data_write,1971,73200,,,,,,
data_sync,1971,1954500,,,,,,
marker_write,1971,56600,,,,,,
marker_sync,1971,2086500,,,,,,
append,1972,4193300,,,,,,
encode,1972,6000,,,,,,
data_write,1972,63700,,,,,,
data_sync,1972,2093000,,,,,,
marker_write,1972,51000,,,,,,
marker_sync,1972,1977500,,,,,,
append,1973,3955899,,,,,,
encode,1973,5600,,,,,,
data_write,1973,53400,,,,,,
data_sync,1973,1569699,,,,,,
marker_write,1973,43000,,,,,,
marker_sync,1973,2281400,,,,,,
append,1974,3652500,,,,,,
encode,1974,7100,,,,,,
data_write,1974,60900,,,,,,
data_sync,1974,1726700,,,,,,
marker_write,1974,44300,,,,,,
marker_sync,1974,1810100,,,,,,
append,1975,3450700,,,,,,
encode,1975,5500,,,,,,
data_write,1975,64200,,,,,,
data_sync,1975,1654500,,,,,,
marker_write,1975,53300,,,,,,
marker_sync,1975,1670100,,,,,,
append,1976,3769400,,,,,,
encode,1976,7400,,,,,,
data_write,1976,64200,,,,,,
data_sync,1976,1733400,,,,,,
marker_write,1976,46500,,,,,,
marker_sync,1976,1914700,,,,,,
append,1977,6288799,,,,,,
encode,1977,6800,,,,,,
data_write,1977,89800,,,,,,
data_sync,1977,4008699,,,,,,
marker_write,1977,51700,,,,,,
marker_sync,1977,2128500,,,,,,
append,1978,4068100,,,,,,
encode,1978,5300,,,,,,
data_write,1978,54900,,,,,,
data_sync,1978,1758700,,,,,,
marker_write,1978,59600,,,,,,
marker_sync,1978,2187200,,,,,,
append,1979,3676600,,,,,,
encode,1979,5400,,,,,,
data_write,1979,55100,,,,,,
data_sync,1979,1816100,,,,,,
marker_write,1979,52000,,,,,,
marker_sync,1979,1744500,,,,,,
append,1980,5179699,,,,,,
encode,1980,6400,,,,,,
data_write,1980,61400,,,,,,
data_sync,1980,3018399,,,,,,
marker_write,1980,61500,,,,,,
marker_sync,1980,2028800,,,,,,
append,1981,4382000,,,,,,
encode,1981,6000,,,,,,
data_write,1981,39300,,,,,,
data_sync,1981,2424400,,,,,,
marker_write,1981,59600,,,,,,
marker_sync,1981,1849200,,,,,,
append,1982,4266000,,,,,,
encode,1982,7800,,,,,,
data_write,1982,67300,,,,,,
data_sync,1982,2076000,,,,,,
marker_write,1982,56100,,,,,,
marker_sync,1982,2055400,,,,,,
append,1983,6268699,,,,,,
encode,1983,7600,,,,,,
data_write,1983,71000,,,,,,
data_sync,1983,4258999,,,,,,
marker_write,1983,48500,,,,,,
marker_sync,1983,1879600,,,,,,
append,1984,3927800,,,,,,
encode,1984,6400,,,,,,
data_write,1984,62600,,,,,,
data_sync,1984,1848400,,,,,,
marker_write,1984,56500,,,,,,
marker_sync,1984,1950300,,,,,,
append,1985,10071399,,,,,,
encode,1985,4200,,,,,,
data_write,1985,55000,,,,,,
data_sync,1985,2080700,,,,,,
marker_write,1985,49400,,,,,,
marker_sync,1985,7879499,,,,,,
append,1986,3931200,,,,,,
encode,1986,6300,,,,,,
data_write,1986,66100,,,,,,
data_sync,1986,2084100,,,,,,
marker_write,1986,68500,,,,,,
marker_sync,1986,1702800,,,,,,
append,1987,4557500,,,,,,
encode,1987,5500,,,,,,
data_write,1987,60100,,,,,,
data_sync,1987,2186200,,,,,,
marker_write,1987,53600,,,,,,
marker_sync,1987,2245700,,,,,,
append,1988,4495600,,,,,,
encode,1988,6900,,,,,,
data_write,1988,69200,,,,,,
data_sync,1988,2212600,,,,,,
marker_write,1988,50300,,,,,,
marker_sync,1988,2153900,,,,,,
append,1989,3838499,,,,,,
encode,1989,6100,,,,,,
data_write,1989,66200,,,,,,
data_sync,1989,1930199,,,,,,
marker_write,1989,52100,,,,,,
marker_sync,1989,1780500,,,,,,
append,1990,3850700,,,,,,
encode,1990,6400,,,,,,
data_write,1990,55800,,,,,,
data_sync,1990,1800000,,,,,,
marker_write,1990,61800,,,,,,
marker_sync,1990,1923700,,,,,,
append,1991,3614700,,,,,,
encode,1991,6400,,,,,,
data_write,1991,69000,,,,,,
data_sync,1991,1814600,,,,,,
marker_write,1991,56400,,,,,,
marker_sync,1991,1665400,,,,,,
append,1992,3319400,,,,,,
encode,1992,6500,,,,,,
data_write,1992,64600,,,,,,
data_sync,1992,1496300,,,,,,
marker_write,1992,47500,,,,,,
marker_sync,1992,1702000,,,,,,
append,1993,3475399,,,,,,
encode,1993,6700,,,,,,
data_write,1993,75400,,,,,,
data_sync,1993,1741799,,,,,,
marker_write,1993,54300,,,,,,
marker_sync,1993,1594400,,,,,,
append,1994,3306900,,,,,,
encode,1994,6000,,,,,,
data_write,1994,60300,,,,,,
data_sync,1994,1614600,,,,,,
marker_write,1994,49200,,,,,,
marker_sync,1994,1573900,,,,,,
append,1995,3763400,,,,,,
encode,1995,4800,,,,,,
data_write,1995,53400,,,,,,
data_sync,1995,1708300,,,,,,
marker_write,1995,56100,,,,,,
marker_sync,1995,1938000,,,,,,
append,1996,3850500,,,,,,
encode,1996,6300,,,,,,
data_write,1996,64500,,,,,,
data_sync,1996,1937700,,,,,,
marker_write,1996,60900,,,,,,
marker_sync,1996,1778200,,,,,,
append,1997,3453899,,,,,,
encode,1997,6500,,,,,,
data_write,1997,63100,,,,,,
data_sync,1997,1660199,,,,,,
marker_write,1997,53400,,,,,,
marker_sync,1997,1667900,,,,,,
append,1998,3720600,,,,,,
encode,1998,6500,,,,,,
data_write,1998,66100,,,,,,
data_sync,1998,1729000,,,,,,
marker_write,1998,26700,,,,,,
marker_sync,1998,1888900,,,,,,
append,1999,3613300,,,,,,
encode,1999,6300,,,,,,
data_write,1999,35900,,,,,,
data_sync,1999,1744300,,,,,,
marker_write,1999,56900,,,,,,
marker_sync,1999,1767000,,,,,,
append,2000,4114900,,,,,,
encode,2000,6500,,,,,,
data_write,2000,64200,,,,,,
data_sync,2000,1941300,,,,,,
marker_write,2000,54900,,,,,,
marker_sync,2000,2045000,,,,,,
ingest,,13954071196,2000,28,296000,2588,20039,989024
