phase,event_index,elapsed_ns,events,full_rejections,file_bytes,peak_rss_kib,alloc_calls,alloc_requested_bytes
append,1,2966700,,,,,,
encode,1,7000,,,,,,
data_write,1,43900,,,,,,
data_sync,1,1537900,,,,,,
marker_write,1,29400,,,,,,
marker_sync,1,1347200,,,,,,
append,2,2678300,,,,,,
encode,2,2100,,,,,,
data_write,2,51100,,,,,,
data_sync,2,1306100,,,,,,
marker_write,2,29000,,,,,,
marker_sync,2,1289000,,,,,,
append,3,2640800,,,,,,
encode,3,2300,,,,,,
data_write,3,34600,,,,,,
data_sync,3,1279100,,,,,,
marker_write,3,29900,,,,,,
marker_sync,3,1294200,,,,,,
append,4,2741499,,,,,,
encode,4,1900,,,,,,
data_write,4,34200,,,,,,
data_sync,4,1367700,,,,,,
marker_write,4,30100,,,,,,
marker_sync,4,1306699,,,,,,
append,5,2654200,,,,,,
encode,5,1800,,,,,,
data_write,5,35600,,,,,,
data_sync,5,1293000,,,,,,
marker_write,5,28500,,,,,,
marker_sync,5,1294500,,,,,,
append,6,2694900,,,,,,
encode,6,1700,,,,,,
data_write,6,34500,,,,,,
data_sync,6,1293600,,,,,,
marker_write,6,28800,,,,,,
marker_sync,6,1335100,,,,,,
append,7,2785900,,,,,,
encode,7,2100,,,,,,
data_write,7,38900,,,,,,
data_sync,7,1367700,,,,,,
marker_write,7,32200,,,,,,
marker_sync,7,1343500,,,,,,
append,8,2814600,,,,,,
encode,8,2900,,,,,,
data_write,8,37600,,,,,,
data_sync,8,1312200,,,,,,
marker_write,8,29900,,,,,,
marker_sync,8,1430500,,,,,,
append,9,2973600,,,,,,
encode,9,2000,,,,,,
data_write,9,36800,,,,,,
data_sync,9,1453800,,,,,,
marker_write,9,29700,,,,,,
marker_sync,9,1450100,,,,,,
append,10,2715299,,,,,,
encode,10,2300,,,,,,
data_write,10,39200,,,,,,
data_sync,10,1406800,,,,,,
marker_write,10,30500,,,,,,
marker_sync,10,1234999,,,,,,
append,11,2542900,,,,,,
encode,11,2200,,,,,,
data_write,11,37000,,,,,,
data_sync,11,1226200,,,,,,
marker_write,11,27700,,,,,,
marker_sync,11,1248300,,,,,,
append,12,3031000,,,,,,
encode,12,2700,,,,,,
data_write,12,44000,,,,,,
data_sync,12,1418600,,,,,,
marker_write,12,51600,,,,,,
marker_sync,12,1511000,,,,,,
append,13,3524500,,,,,,
encode,13,7800,,,,,,
data_write,13,72400,,,,,,
data_sync,13,1579600,,,,,,
marker_write,13,53600,,,,,,
marker_sync,13,1808300,,,,,,
append,14,3056700,,,,,,
encode,14,3500,,,,,,
data_write,14,43700,,,,,,
data_sync,14,1519500,,,,,,
marker_write,14,11100,,,,,,
marker_sync,14,1477300,,,,,,
append,15,2626100,,,,,,
encode,15,3000,,,,,,
data_write,15,36800,,,,,,
data_sync,15,1282000,,,,,,
marker_write,15,26700,,,,,,
marker_sync,15,1276400,,,,,,
append,16,2643199,,,,,,
encode,16,2100,,,,,,
data_write,16,36000,,,,,,
data_sync,16,1331299,,,,,,
marker_write,16,30400,,,,,,
marker_sync,16,1242200,,,,,,
append,17,2554900,,,,,,
encode,17,2100,,,,,,
data_write,17,36600,,,,,,
data_sync,17,1279900,,,,,,
marker_write,17,30200,,,,,,
marker_sync,17,1205000,,,,,,
append,18,2765900,,,,,,
encode,18,2000,,,,,,
data_write,18,32700,,,,,,
data_sync,18,1362100,,,,,,
marker_write,18,44100,,,,,,
marker_sync,18,1323100,,,,,,
append,19,2933700,,,,,,
encode,19,3600,,,,,,
data_write,19,40800,,,,,,
data_sync,19,1369400,,,,,,
marker_write,19,43800,,,,,,
marker_sync,19,1474700,,,,,,
append,20,2870200,,,,,,
encode,20,2900,,,,,,
data_write,20,37500,,,,,,
data_sync,20,1441600,,,,,,
marker_write,20,30700,,,,,,
marker_sync,20,1356100,,,,,,
append,21,2512600,,,,,,
encode,21,2200,,,,,,
data_write,21,37300,,,,,,
data_sync,21,1204400,,,,,,
marker_write,21,29300,,,,,,
marker_sync,21,1238300,,,,,,
append,22,2637999,,,,,,
encode,22,1800,,,,,,
data_write,22,35400,,,,,,
data_sync,22,1354999,,,,,,
marker_write,22,32600,,,,,,
marker_sync,22,1212000,,,,,,
append,23,2517100,,,,,,
encode,23,2100,,,,,,
data_write,23,39100,,,,,,
data_sync,23,1199900,,,,,,
marker_write,23,30100,,,,,,
marker_sync,23,1244700,,,,,,
append,24,3109900,,,,,,
encode,24,1700,,,,,,
data_write,24,38400,,,,,,
data_sync,24,1637600,,,,,,
marker_write,24,32200,,,,,,
marker_sync,24,1398700,,,,,,
append,25,2990200,,,,,,
encode,25,3000,,,,,,
data_write,25,46800,,,,,,
data_sync,25,1567700,,,,,,
marker_write,25,32800,,,,,,
marker_sync,25,1338700,,,,,,
append,26,3269000,,,,,,
encode,26,2100,,,,,,
data_write,26,38100,,,,,,
data_sync,26,1350100,,,,,,
marker_write,26,36900,,,,,,
marker_sync,26,1840200,,,,,,
append,27,2709999,,,,,,
encode,27,2600,,,,,,
data_write,27,38500,,,,,,
data_sync,27,1344500,,,,,,
marker_write,27,29800,,,,,,
marker_sync,27,1293199,,,,,,
append,28,2815600,,,,,,
encode,28,3400,,,,,,
data_write,28,47400,,,,,,
data_sync,28,1417300,,,,,,
marker_write,28,30000,,,,,,
marker_sync,28,1316300,,,,,,
append,29,3047200,,,,,,
encode,29,2000,,,,,,
data_write,29,36600,,,,,,
data_sync,29,1435000,,,,,,
marker_write,29,31500,,,,,,
marker_sync,29,1540700,,,,,,
append,30,2661000,,,,,,
encode,30,2300,,,,,,
data_write,30,36000,,,,,,
data_sync,30,1356400,,,,,,
marker_write,30,28900,,,,,,
marker_sync,30,1236200,,,,,,
append,31,2607100,,,,,,
encode,31,2800,,,,,,
data_write,31,35500,,,,,,
data_sync,31,1258100,,,,,,
marker_write,31,31000,,,,,,
marker_sync,31,1278600,,,,,,
append,32,2596800,,,,,,
encode,32,3300,,,,,,
data_write,32,35300,,,,,,
data_sync,32,1285000,,,,,,
marker_write,32,34400,,,,,,
marker_sync,32,1237600,,,,,,
append,33,2543999,,,,,,
encode,33,2800,,,,,,
data_write,33,39600,,,,,,
data_sync,33,1249500,,,,,,
marker_write,33,27800,,,,,,
marker_sync,33,1223199,,,,,,
append,34,2611500,,,,,,
encode,34,2200,,,,,,
data_write,34,38400,,,,,,
data_sync,34,1284300,,,,,,
marker_write,34,32200,,,,,,
marker_sync,34,1253000,,,,,,
append,35,2924700,,,,,,
encode,35,2400,,,,,,
data_write,35,39400,,,,,,
data_sync,35,1430500,,,,,,
marker_write,35,34000,,,,,,
marker_sync,35,1416400,,,,,,
append,36,2694200,,,,,,
encode,36,2600,,,,,,
data_write,36,39200,,,,,,
data_sync,36,1334300,,,,,,
marker_write,36,30600,,,,,,
marker_sync,36,1286700,,,,,,
append,37,2573100,,,,,,
encode,37,1700,,,,,,
data_write,37,36100,,,,,,
data_sync,37,1248100,,,,,,
marker_write,37,31400,,,,,,
marker_sync,37,1254500,,,,,,
append,38,2651400,,,,,,
encode,38,2000,,,,,,
data_write,38,36700,,,,,,
data_sync,38,1300400,,,,,,
marker_write,38,29700,,,,,,
marker_sync,38,1281600,,,,,,
append,39,2616399,,,,,,
encode,39,1600,,,,,,
data_write,39,34600,,,,,,
data_sync,39,1268400,,,,,,
marker_write,39,29300,,,,,,
marker_sync,39,1281499,,,,,,
append,40,3060800,,,,,,
encode,40,1700,,,,,,
data_write,40,36300,,,,,,
data_sync,40,1527200,,,,,,
marker_write,40,32600,,,,,,
marker_sync,40,1461900,,,,,,
append,41,2583200,,,,,,
encode,41,1900,,,,,,
data_write,41,36400,,,,,,
data_sync,41,1266600,,,,,,
marker_write,41,30600,,,,,,
marker_sync,41,1246600,,,,,,
append,42,2563800,,,,,,
encode,42,1800,,,,,,
data_write,42,47800,,,,,,
data_sync,42,1256900,,,,,,
marker_write,42,28300,,,,,,
marker_sync,42,1228200,,,,,,
append,43,2612300,,,,,,
encode,43,1600,,,,,,
data_write,43,34600,,,,,,
data_sync,43,1274600,,,,,,
marker_write,43,31000,,,,,,
marker_sync,43,1269400,,,,,,
append,44,2512600,,,,,,
encode,44,2400,,,,,,
data_write,44,35600,,,,,,
data_sync,44,1243600,,,,,,
marker_write,44,29100,,,,,,
marker_sync,44,1201000,,,,,,
append,45,2495299,,,,,,
encode,45,2100,,,,,,
data_write,45,34600,,,,,,
data_sync,45,1220100,,,,,,
marker_write,45,29600,,,,,,
marker_sync,45,1208099,,,,,,
append,46,2516900,,,,,,
encode,46,1600,,,,,,
data_write,46,33600,,,,,,
data_sync,46,1205800,,,,,,
marker_write,46,28400,,,,,,
marker_sync,46,1246300,,,,,,
append,47,2652900,,,,,,
encode,47,1700,,,,,,
data_write,47,37000,,,,,,
data_sync,47,1290900,,,,,,
marker_write,47,30700,,,,,,
marker_sync,47,1290900,,,,,,
append,48,2735600,,,,,,
encode,48,2000,,,,,,
data_write,48,36500,,,,,,
data_sync,48,1358000,,,,,,
marker_write,48,35800,,,,,,
marker_sync,48,1302100,,,,,,
append,49,2793900,,,,,,
encode,49,1900,,,,,,
data_write,49,36400,,,,,,
data_sync,49,1489100,,,,,,
marker_write,49,29700,,,,,,
marker_sync,49,1235800,,,,,,
append,50,2481400,,,,,,
encode,50,2100,,,,,,
data_write,50,38800,,,,,,
data_sync,50,1204700,,,,,,
marker_write,50,32200,,,,,,
marker_sync,50,1202400,,,,,,
append,51,2525099,,,,,,
encode,51,1900,,,,,,
data_write,51,38000,,,,,,
data_sync,51,1213600,,,,,,
marker_write,51,30700,,,,,,
marker_sync,51,1239799,,,,,,
append,52,2439900,,,,,,
encode,52,1600,,,,,,
data_write,52,34300,,,,,,
data_sync,52,1192200,,,,,,
marker_write,52,28900,,,,,,
marker_sync,52,1181700,,,,,,
append,53,2769900,,,,,,
encode,53,1600,,,,,,
data_write,53,48600,,,,,,
data_sync,53,1449800,,,,,,
marker_write,53,32400,,,,,,
marker_sync,53,1236400,,,,,,
append,54,2473000,,,,,,
encode,54,2700,,,,,,
data_write,54,35800,,,,,,
data_sync,54,1220200,,,,,,
marker_write,54,11000,,,,,,
marker_sync,54,1202300,,,,,,
append,55,2452500,,,,,,
encode,55,1900,,,,,,
data_write,55,31600,,,,,,
data_sync,55,1188500,,,,,,
marker_write,55,25300,,,,,,
marker_sync,55,1204200,,,,,,
append,56,2583800,,,,,,
encode,56,1700,,,,,,
data_write,56,40000,,,,,,
data_sync,56,1291100,,,,,,
marker_write,56,28100,,,,,,
marker_sync,56,1222200,,,,,,
append,57,2479500,,,,,,
encode,57,1700,,,,,,
data_write,57,33100,,,,,,
data_sync,57,1203200,,,,,,
marker_write,57,27900,,,,,,
marker_sync,57,1212500,,,,,,
append,58,2564299,,,,,,
encode,58,2400,,,,,,
data_write,58,44200,,,,,,
data_sync,58,1269699,,,,,,
marker_write,58,28100,,,,,,
marker_sync,58,1219000,,,,,,
append,59,2870100,,,,,,
encode,59,1600,,,,,,
data_write,59,30500,,,,,,
data_sync,59,1300500,,,,,,
marker_write,59,37700,,,,,,
marker_sync,59,1498700,,,,,,
append,60,2827000,,,,,,
encode,60,3500,,,,,,
data_write,60,41100,,,,,,
data_sync,60,1314900,,,,,,
marker_write,60,29500,,,,,,
marker_sync,60,1436800,,,,,,
append,61,2641800,,,,,,
encode,61,2500,,,,,,
data_write,61,34600,,,,,,
data_sync,61,1292800,,,,,,
marker_write,61,30000,,,,,,
marker_sync,61,1281000,,,,,,
append,62,2625800,,,,,,
encode,62,1600,,,,,,
data_write,62,35000,,,,,,
data_sync,62,1311000,,,,,,
marker_write,62,27600,,,,,,
marker_sync,62,1249500,,,,,,
append,63,2905500,,,,,,
encode,63,1600,,,,,,
data_write,63,31100,,,,,,
data_sync,63,1295300,,,,,,
marker_write,63,33500,,,,,,
marker_sync,63,1542900,,,,,,
append,64,2867499,,,,,,
encode,64,1600,,,,,,
data_write,64,33600,,,,,,
data_sync,64,1414199,,,,,,
marker_write,64,34100,,,,,,
marker_sync,64,1382800,,,,,,
append,65,2884400,,,,,,
encode,65,1900,,,,,,
data_write,65,40700,,,,,,
data_sync,65,1539300,,,,,,
marker_write,65,34900,,,,,,
marker_sync,65,1265900,,,,,,
append,66,2560700,,,,,,
encode,66,2500,,,,,,
data_write,66,41200,,,,,,
data_sync,66,1245400,,,,,,
marker_write,66,31200,,,,,,
marker_sync,66,1239100,,,,,,
append,67,2510000,,,,,,
encode,67,1900,,,,,,
data_write,67,34800,,,,,,
data_sync,67,1244400,,,,,,
marker_write,67,30500,,,,,,
marker_sync,67,1197100,,,,,,
append,68,2472500,,,,,,
encode,68,2300,,,,,,
data_write,68,39000,,,,,,
data_sync,68,1201800,,,,,,
marker_write,68,30100,,,,,,
marker_sync,68,1198000,,,,,,
append,69,2457300,,,,,,
encode,69,1900,,,,,,
data_write,69,36300,,,,,,
data_sync,69,1187400,,,,,,
marker_write,69,29800,,,,,,
marker_sync,69,1200900,,,,,,
append,70,2414499,,,,,,
encode,70,1700,,,,,,
data_write,70,34100,,,,,,
data_sync,70,1176699,,,,,,
marker_write,70,30800,,,,,,
marker_sync,70,1170000,,,,,,
append,71,2495300,,,,,,
encode,71,1900,,,,,,
data_write,71,36800,,,,,,
data_sync,71,1249900,,,,,,
marker_write,71,28300,,,,,,
marker_sync,71,1177500,,,,,,
append,72,2561900,,,,,,
encode,72,1800,,,,,,
data_write,72,35000,,,,,,
data_sync,72,1299400,,,,,,
marker_write,72,28200,,,,,,
marker_sync,72,1196300,,,,,,
append,73,2686800,,,,,,
encode,73,1900,,,,,,
data_write,73,38100,,,,,,
data_sync,73,1309100,,,,,,
marker_write,73,36400,,,,,,
marker_sync,73,1299400,,,,,,
append,74,2668400,,,,,,
encode,74,4100,,,,,,
data_write,74,41700,,,,,,
data_sync,74,1241100,,,,,,
marker_write,74,32500,,,,,,
marker_sync,74,1347200,,,,,,
append,75,2704600,,,,,,
encode,75,3600,,,,,,
data_write,75,41700,,,,,,
data_sync,75,1326200,,,,,,
marker_write,75,38200,,,,,,
marker_sync,75,1292900,,,,,,
append,76,2479299,,,,,,
encode,76,3600,,,,,,
data_write,76,37600,,,,,,
data_sync,76,1200699,,,,,,
marker_write,76,31900,,,,,,
marker_sync,76,1204000,,,,,,
append,77,2623200,,,,,,
encode,77,2800,,,,,,
data_write,77,34500,,,,,,
data_sync,77,1338700,,,,,,
marker_write,77,29500,,,,,,
marker_sync,77,1216400,,,,,,
append,78,2503900,,,,,,
encode,78,2500,,,,,,
data_write,78,35400,,,,,,
data_sync,78,1198100,,,,,,
marker_write,78,31100,,,,,,
marker_sync,78,1235500,,,,,,
append,79,2583900,,,,,,
encode,79,2000,,,,,,
data_write,79,34800,,,,,,
data_sync,79,1242400,,,,,,
marker_write,79,28500,,,,,,
marker_sync,79,1275400,,,,,,
append,80,2579500,,,,,,
encode,80,2400,,,,,,
data_write,80,36000,,,,,,
data_sync,80,1289000,,,,,,
marker_write,80,10000,,,,,,
marker_sync,80,1240800,,,,,,
append,81,2498500,,,,,,
encode,81,1800,,,,,,
data_write,81,34600,,,,,,
data_sync,81,1212700,,,,,,
marker_write,81,27900,,,,,,
marker_sync,81,1220500,,,,,,
append,82,2579099,,,,,,
encode,82,1600,,,,,,
data_write,82,33600,,,,,,
data_sync,82,1297900,,,,,,
marker_write,82,28700,,,,,,
marker_sync,82,1215999,,,,,,
append,83,2632300,,,,,,
encode,83,2100,,,,,,
data_write,83,35300,,,,,,
data_sync,83,1227600,,,,,,
marker_write,83,35800,,,,,,
marker_sync,83,1330200,,,,,,
append,84,2688200,,,,,,
encode,84,2300,,,,,,
data_write,84,45100,,,,,,
data_sync,84,1354800,,,,,,
marker_write,84,27900,,,,,,
marker_sync,84,1256600,,,,,,
append,85,2883300,,,,,,
encode,85,3600,,,,,,
data_write,85,46300,,,,,,
data_sync,85,1289000,,,,,,
marker_write,85,31600,,,,,,
marker_sync,85,1511100,,,,,,
append,86,2699000,,,,,,
encode,86,2500,,,,,,
data_write,86,37000,,,,,,
data_sync,86,1314500,,,,,,
marker_write,86,29500,,,,,,
marker_sync,86,1314400,,,,,,
append,87,2583400,,,,,,
encode,87,2100,,,,,,
data_write,87,34700,,,,,,
data_sync,87,1260100,,,,,,
marker_write,87,27300,,,,,,
marker_sync,87,1258400,,,,,,
append,88,2641399,,,,,,
encode,88,1700,,,,,,
data_write,88,32600,,,,,,
data_sync,88,1310000,,,,,,
marker_write,88,27000,,,,,,
marker_sync,88,1269199,,,,,,
append,89,3273300,,,,,,
encode,89,1800,,,,,,
data_write,89,34000,,,,,,
data_sync,89,1666400,,,,,,
marker_write,89,38600,,,,,,
marker_sync,89,1531000,,,,,,
append,90,8743200,,,,,,
encode,90,3500,,,,,,
data_write,90,37700,,,,,,
data_sync,90,7186500,,,,,,
marker_write,90,51700,,,,,,
marker_sync,90,1461300,,,,,,
append,91,3433400,,,,,,
encode,91,5300,,,,,,
data_write,91,57400,,,,,,
data_sync,91,1427500,,,,,,
marker_write,91,118400,,,,,,
marker_sync,91,1822800,,,,,,
append,92,2941099,,,,,,
encode,92,4700,,,,,,
data_write,92,43000,,,,,,
data_sync,92,1403699,,,,,,
marker_write,92,33300,,,,,,
marker_sync,92,1454300,,,,,,
append,93,2822100,,,,,,
encode,93,3800,,,,,,
data_write,93,40500,,,,,,
data_sync,93,1388200,,,,,,
marker_write,93,32500,,,,,,
marker_sync,93,1355100,,,,,,
append,94,2938800,,,,,,
encode,94,3000,,,,,,
data_write,94,37600,,,,,,
data_sync,94,1433500,,,,,,
marker_write,94,32300,,,,,,
marker_sync,94,1431000,,,,,,
append,95,2861700,,,,,,
encode,95,3200,,,,,,
data_write,95,36600,,,,,,
data_sync,95,1383600,,,,,,
marker_write,95,32800,,,,,,
marker_sync,95,1403900,,,,,,
append,96,2908500,,,,,,
encode,96,2600,,,,,,
data_write,96,37500,,,,,,
data_sync,96,1404700,,,,,,
marker_write,96,29800,,,,,,
marker_sync,96,1432300,,,,,,
append,97,2665999,,,,,,
encode,97,2600,,,,,,
data_write,97,35800,,,,,,
data_sync,97,1315000,,,,,,
marker_write,97,28100,,,,,,
marker_sync,97,1283599,,,,,,
append,98,3220900,,,,,,
encode,98,2300,,,,,,
data_write,98,33700,,,,,,
data_sync,98,1505500,,,,,,
marker_write,98,34900,,,,,,
marker_sync,98,1643100,,,,,,
append,99,2769500,,,,,,
encode,99,2400,,,,,,
data_write,99,36000,,,,,,
data_sync,99,1391400,,,,,,
marker_write,99,31900,,,,,,
marker_sync,99,1306100,,,,,,
append,100,2761000,,,,,,
encode,100,2600,,,,,,
data_write,100,37600,,,,,,
data_sync,100,1330900,,,,,,
marker_write,100,30600,,,,,,
marker_sync,100,1358300,,,,,,
append,101,2802500,,,,,,
encode,101,2500,,,,,,
data_write,101,35000,,,,,,
data_sync,101,1390500,,,,,,
marker_write,101,30200,,,,,,
marker_sync,101,1343300,,,,,,
append,102,2727000,,,,,,
encode,102,1700,,,,,,
data_write,102,35100,,,,,,
data_sync,102,1297100,,,,,,
marker_write,102,41600,,,,,,
marker_sync,102,1350300,,,,,,
append,103,2841999,,,,,,
encode,103,2000,,,,,,
data_write,103,36900,,,,,,
data_sync,103,1322199,,,,,,
marker_write,103,30300,,,,,,
marker_sync,103,1449400,,,,,,
append,104,3061000,,,,,,
encode,104,2000,,,,,,
data_write,104,37700,,,,,,
data_sync,104,1527700,,,,,,
marker_write,104,30800,,,,,,
marker_sync,104,1461600,,,,,,
append,105,3114600,,,,,,
encode,105,1900,,,,,,
data_write,105,36000,,,,,,
data_sync,105,1633300,,,,,,
marker_write,105,29300,,,,,,
marker_sync,105,1412900,,,,,,
append,106,2721500,,,,,,
encode,106,2000,,,,,,
data_write,106,35600,,,,,,
data_sync,106,1339800,,,,,,
marker_write,106,33100,,,,,,
marker_sync,106,1309700,,,,,,
append,107,2755900,,,,,,
encode,107,2300,,,,,,
data_write,107,38300,,,,,,
data_sync,107,1315200,,,,,,
marker_write,107,31600,,,,,,
marker_sync,107,1367400,,,,,,
append,108,2664299,,,,,,
encode,108,2300,,,,,,
data_write,108,36600,,,,,,
data_sync,108,1333400,,,,,,
marker_write,108,28700,,,,,,
marker_sync,108,1262199,,,,,,
append,109,3020400,,,,,,
encode,109,1900,,,,,,
data_write,109,33200,,,,,,
data_sync,109,1347700,,,,,,
marker_write,109,32000,,,,,,
marker_sync,109,1604600,,,,,,
append,110,2668200,,,,,,
encode,110,2400,,,,,,
data_write,110,34100,,,,,,
data_sync,110,1308100,,,,,,
marker_write,110,28100,,,,,,
marker_sync,110,1294200,,,,,,
append,111,2750400,,,,,,
encode,111,2200,,,,,,
data_write,111,42800,,,,,,
data_sync,111,1378900,,,,,,
marker_write,111,31500,,,,,,
marker_sync,111,1293800,,,,,,
append,112,2647800,,,,,,
encode,112,1800,,,,,,
data_write,112,38600,,,,,,
data_sync,112,1299100,,,,,,
marker_write,112,28400,,,,,,
marker_sync,112,1278800,,,,,,
append,113,2602900,,,,,,
encode,113,1800,,,,,,
data_write,113,37600,,,,,,
data_sync,113,1271700,,,,,,
marker_write,113,30300,,,,,,
marker_sync,113,1260500,,,,,,
append,114,3959699,,,,,,
encode,114,2000,,,,,,
data_write,114,35600,,,,,,
data_sync,114,2259999,,,,,,
marker_write,114,35100,,,,,,
marker_sync,114,1625000,,,,,,
append,115,3037700,,,,,,
encode,115,4600,,,,,,
data_write,115,56000,,,,,,
data_sync,115,1482700,,,,,,
marker_write,115,42800,,,,,,
marker_sync,115,1448900,,,,,,
append,116,2965800,,,,,,
encode,116,3300,,,,,,
data_write,116,41700,,,,,,
data_sync,116,1452500,,,,,,
marker_write,116,32800,,,,,,
marker_sync,116,1433700,,,,,,
append,117,2887800,,,,,,
encode,117,2500,,,,,,
data_write,117,38300,,,,,,
data_sync,117,1387500,,,,,,
marker_write,117,31100,,,,,,
marker_sync,117,1426400,,,,,,
append,118,2834200,,,,,,
encode,118,2600,,,,,,
data_write,118,36900,,,,,,
data_sync,118,1418500,,,,,,
marker_write,118,33600,,,,,,
marker_sync,118,1341300,,,,,,
append,119,2679599,,,,,,
encode,119,2900,,,,,,
data_write,119,42100,,,,,,
data_sync,119,1317200,,,,,,
marker_write,119,31900,,,,,,
marker_sync,119,1284199,,,,,,
append,120,6152200,,,,,,
encode,120,2800,,,,,,
data_write,120,36900,,,,,,
data_sync,120,1332800,,,,,,
marker_write,120,32400,,,,,,
marker_sync,120,4745900,,,,,,
append,121,2863800,,,,,,
encode,121,3600,,,,,,
data_write,121,47400,,,,,,
data_sync,121,1413800,,,,,,
marker_write,121,35100,,,,,,
marker_sync,121,1362600,,,,,,
append,122,2759500,,,,,,
encode,122,3100,,,,,,
data_write,122,39800,,,,,,
data_sync,122,1372100,,,,,,
marker_write,122,31800,,,,,,
marker_sync,122,1310900,,,,,,
append,123,2742500,,,,,,
encode,123,2900,,,,,,
data_write,123,39000,,,,,,
data_sync,123,1316600,,,,,,
marker_write,123,31500,,,,,,
marker_sync,123,1351000,,,,,,
append,124,2652999,,,,,,
encode,124,2900,,,,,,
data_write,124,38900,,,,,,
data_sync,124,1301500,,,,,,
marker_write,124,30800,,,,,,
marker_sync,124,1277499,,,,,,
append,125,2642800,,,,,,
encode,125,2600,,,,,,
data_write,125,35900,,,,,,
data_sync,125,1291600,,,,,,
marker_write,125,28800,,,,,,
marker_sync,125,1282700,,,,,,
append,126,2727200,,,,,,
encode,126,1900,,,,,,
data_write,126,35600,,,,,,
data_sync,126,1301700,,,,,,
marker_write,126,29500,,,,,,
marker_sync,126,1357600,,,,,,
append,127,3297100,,,,,,
encode,127,2200,,,,,,
data_write,127,35500,,,,,,
data_sync,127,1876800,,,,,,
marker_write,127,30700,,,,,,
marker_sync,127,1350200,,,,,,
append,128,2830700,,,,,,
encode,128,2700,,,,,,
data_write,128,34000,,,,,,
data_sync,128,1327600,,,,,,
marker_write,128,29500,,,,,,
marker_sync,128,1435900,,,,,,
append,129,2755200,,,,,,
encode,129,1700,,,,,,
data_write,129,35900,,,,,,
data_sync,129,1352100,,,,,,
marker_write,129,29300,,,,,,
marker_sync,129,1335100,,,,,,
append,130,3163199,,,,,,
encode,130,2200,,,,,,
data_write,130,36400,,,,,,
data_sync,130,1639199,,,,,,
marker_write,130,36300,,,,,,
marker_sync,130,1447400,,,,,,
append,131,2731400,,,,,,
encode,131,3100,,,,,,
data_write,131,41000,,,,,,
data_sync,131,1350300,,,,,,
marker_write,131,28500,,,,,,
marker_sync,131,1307200,,,,,,
append,132,2709900,,,,,,
encode,132,1800,,,,,,
data_write,132,33800,,,,,,
data_sync,132,1325000,,,,,,
marker_write,132,31400,,,,,,
marker_sync,132,1316800,,,,,,
append,133,2714900,,,,,,
encode,133,1800,,,,,,
data_write,133,35200,,,,,,
data_sync,133,1298500,,,,,,
marker_write,133,57200,,,,,,
marker_sync,133,1320800,,,,,,
append,134,2786500,,,,,,
encode,134,1900,,,,,,
data_write,134,36700,,,,,,
data_sync,134,1363000,,,,,,
marker_write,134,32500,,,,,,
marker_sync,134,1351400,,,,,,
append,135,2779499,,,,,,
encode,135,1900,,,,,,
data_write,135,36300,,,,,,
data_sync,135,1386700,,,,,,
marker_write,135,31500,,,,,,
marker_sync,135,1321999,,,,,,
append,136,2816300,,,,,,
encode,136,2000,,,,,,
data_write,136,37600,,,,,,
data_sync,136,1351100,,,,,,
marker_write,136,30200,,,,,,
marker_sync,136,1394400,,,,,,
append,137,2796200,,,,,,
encode,137,2100,,,,,,
data_write,137,36000,,,,,,
data_sync,137,1326700,,,,,,
marker_write,137,28700,,,,,,
marker_sync,137,1401500,,,,,,
append,138,2767000,,,,,,
encode,138,2200,,,,,,
data_write,138,39600,,,,,,
data_sync,138,1360700,,,,,,
marker_write,138,29700,,,,,,
marker_sync,138,1333600,,,,,,
append,139,2778300,,,,,,
encode,139,2500,,,,,,
data_write,139,40200,,,,,,
data_sync,139,1366400,,,,,,
marker_write,139,29600,,,,,,
marker_sync,139,1338600,,,,,,
append,140,2938700,,,,,,
encode,140,1700,,,,,,
data_write,140,34800,,,,,,
data_sync,140,1523000,,,,,,
marker_write,140,28400,,,,,,
marker_sync,140,1349200,,,,,,
append,141,2850999,,,,,,
encode,141,2100,,,,,,
data_write,141,36800,,,,,,
data_sync,141,1328200,,,,,,
marker_write,141,29500,,,,,,
marker_sync,141,1452999,,,,,,
append,142,2943600,,,,,,
encode,142,3000,,,,,,
data_write,142,49100,,,,,,
data_sync,142,1454700,,,,,,
marker_write,142,31900,,,,,,
marker_sync,142,1403600,,,,,,
append,143,2806100,,,,,,
encode,143,2100,,,,,,
data_write,143,38900,,,,,,
data_sync,143,1366700,,,,,,
marker_write,143,32000,,,,,,
marker_sync,143,1364400,,,,,,
append,144,2802600,,,,,,
encode,144,2100,,,,,,
data_write,144,38100,,,,,,
data_sync,144,1355200,,,,,,
marker_write,144,30500,,,,,,
marker_sync,144,1375600,,,,,,
append,145,2774000,,,,,,
encode,145,2100,,,,,,
data_write,145,36400,,,,,,
data_sync,145,1332800,,,,,,
marker_write,145,29400,,,,,,
marker_sync,145,1372300,,,,,,
append,146,2673000,,,,,,
encode,146,1900,,,,,,
data_write,146,35500,,,,,,
data_sync,146,1262600,,,,,,
marker_write,146,29400,,,,,,
marker_sync,146,1342700,,,,,,
append,147,3160599,,,,,,
encode,147,1700,,,,,,
data_write,147,34400,,,,,,
data_sync,147,1429099,,,,,,
marker_write,147,36200,,,,,,
marker_sync,147,1657500,,,,,,
append,148,2709400,,,,,,
encode,148,3600,,,,,,
data_write,148,41300,,,,,,
data_sync,148,1350500,,,,,,
marker_write,148,30400,,,,,,
marker_sync,148,1282300,,,,,,
append,149,2620500,,,,,,
encode,149,2200,,,,,,
data_write,149,35400,,,,,,
data_sync,149,1290300,,,,,,
marker_write,149,29300,,,,,,
marker_sync,149,1262200,,,,,,
append,150,2606100,,,,,,
encode,150,1600,,,,,,
data_write,150,35300,,,,,,
data_sync,150,1268600,,,,,,
marker_write,150,29100,,,,,,
marker_sync,150,1270500,,,,,,
append,151,2610600,,,,,,
encode,151,2000,,,,,,
data_write,151,35200,,,,,,
data_sync,151,1261500,,,,,,
marker_write,151,27800,,,,,,
marker_sync,151,1283200,,,,,,
append,152,2706800,,,,,,
encode,152,1700,,,,,,
data_write,152,36100,,,,,,
data_sync,152,1327700,,,,,,
marker_write,152,29600,,,,,,
marker_sync,152,1310500,,,,,,
append,153,2658099,,,,,,
encode,153,2100,,,,,,
data_write,153,36900,,,,,,
data_sync,153,1303999,,,,,,
marker_write,153,28300,,,,,,
marker_sync,153,1285500,,,,,,
append,154,2646600,,,,,,
encode,154,2000,,,,,,
data_write,154,33600,,,,,,
data_sync,154,1295100,,,,,,
marker_write,154,30500,,,,,,
marker_sync,154,1284200,,,,,,
append,155,2626100,,,,,,
encode,155,2100,,,,,,
data_write,155,34600,,,,,,
data_sync,155,1302700,,,,,,
marker_write,155,27500,,,,,,
marker_sync,155,1258300,,,,,,
append,156,2556000,,,,,,
encode,156,1800,,,,,,
data_write,156,32000,,,,,,
data_sync,156,1237700,,,,,,
marker_write,156,26500,,,,,,
marker_sync,156,1257000,,,,,,
append,157,2555900,,,,,,
encode,157,1500,,,,,,
data_write,157,31800,,,,,,
data_sync,157,1245000,,,,,,
marker_write,157,26600,,,,,,
marker_sync,157,1249700,,,,,,
append,158,3635600,,,,,,
encode,158,1700,,,,,,
data_write,158,34000,,,,,,
data_sync,158,1426300,,,,,,
marker_write,158,30600,,,,,,
marker_sync,158,2140700,,,,,,
append,159,3029199,,,,,,
encode,159,3600,,,,,,
data_write,159,42300,,,,,,
data_sync,159,1536299,,,,,,
marker_write,159,33700,,,,,,
marker_sync,159,1410800,,,,,,
append,160,2671200,,,,,,
encode,160,2700,,,,,,
data_write,160,32800,,,,,,
data_sync,160,1305400,,,,,,
marker_write,160,31800,,,,,,
marker_sync,160,1297300,,,,,,
append,161,2657600,,,,,,
encode,161,2000,,,,,,
data_write,161,33700,,,,,,
data_sync,161,1283500,,,,,,
marker_write,161,31200,,,,,,
marker_sync,161,1305900,,,,,,
append,162,2617500,,,,,,
encode,162,2200,,,,,,
data_write,162,36900,,,,,,
data_sync,162,1275500,,,,,,
marker_write,162,30200,,,,,,
marker_sync,162,1271500,,,,,,
append,163,2614500,,,,,,
encode,163,1800,,,,,,
data_write,163,36200,,,,,,
data_sync,163,1265100,,,,,,
marker_write,163,30200,,,,,,
marker_sync,163,1280200,,,,,,
append,164,3382999,,,,,,
encode,164,1800,,,,,,
data_write,164,36200,,,,,,
data_sync,164,1576400,,,,,,
marker_write,164,43200,,,,,,
marker_sync,164,1722599,,,,,,
append,165,3462900,,,,,,
encode,165,4600,,,,,,
data_write,165,69000,,,,,,
data_sync,165,1733100,,,,,,
marker_write,165,55000,,,,,,
marker_sync,165,1597300,,,,,,
append,166,3153400,,,,,,
encode,166,6100,,,,,,
data_write,166,72200,,,,,,
data_sync,166,1527600,,,,,,
marker_write,166,37700,,,,,,
marker_sync,166,1507800,,,,,,
append,167,2928800,,,,,,
encode,167,3300,,,,,,
data_write,167,43800,,,,,,
data_sync,167,1523400,,,,,,
marker_write,167,30700,,,,,,
marker_sync,167,1326400,,,,,,
append,168,2671200,,,,,,
encode,168,2400,,,,,,
data_write,168,36800,,,,,,
data_sync,168,1280900,,,,,,
marker_write,168,31600,,,,,,
marker_sync,168,1318100,,,,,,
append,169,3057900,,,,,,
encode,169,2000,,,,,,
data_write,169,37900,,,,,,
data_sync,169,1545000,,,,,,
marker_write,169,43500,,,,,,
marker_sync,169,1427800,,,,,,
append,170,2854099,,,,,,
encode,170,3400,,,,,,
data_write,170,40600,,,,,,
data_sync,170,1400099,,,,,,
marker_write,170,31000,,,,,,
marker_sync,170,1377300,,,,,,
append,171,2720300,,,,,,
encode,171,2800,,,,,,
data_write,171,37300,,,,,,
data_sync,171,1330300,,,,,,
marker_write,171,32200,,,,,,
marker_sync,171,1315900,,,,,,
append,172,2648800,,,,,,
encode,172,2500,,,,,,
data_write,172,37700,,,,,,
data_sync,172,1293200,,,,,,
marker_write,172,29200,,,,,,
marker_sync,172,1285300,,,,,,
append,173,2760000,,,,,,
encode,173,1900,,,,,,
data_write,173,35100,,,,,,
data_sync,173,1305600,,,,,,
marker_write,173,31500,,,,,,
marker_sync,173,1384900,,,,,,
append,174,2663100,,,,,,
encode,174,1900,,,,,,
data_write,174,36100,,,,,,
data_sync,174,1298100,,,,,,
marker_write,174,29800,,,,,,
marker_sync,174,1295900,,,,,,
append,175,2818699,,,,,,
encode,175,2100,,,,,,
data_write,175,37600,,,,,,
data_sync,175,1379600,,,,,,
marker_write,175,36900,,,,,,
marker_sync,175,1361099,,,,,,
append,176,2740600,,,,,,
encode,176,3200,,,,,,
data_write,176,39500,,,,,,
data_sync,176,1361500,,,,,,
marker_write,176,31100,,,,,,
marker_sync,176,1304300,,,,,,
append,177,2746800,,,,,,
encode,177,2300,,,,,,
data_write,177,38200,,,,,,
data_sync,177,1314700,,,,,,
marker_write,177,30400,,,,,,
marker_sync,177,1360100,,,,,,
append,178,2664200,,,,,,
encode,178,2000,,,,,,
data_write,178,37400,,,,,,
data_sync,178,1299300,,,,,,
marker_write,178,29200,,,,,,
marker_sync,178,1295300,,,,,,
append,179,2756500,,,,,,
encode,179,2000,,,,,,
data_write,179,38300,,,,,,
data_sync,179,1341800,,,,,,
marker_write,179,33200,,,,,,
marker_sync,179,1340100,,,,,,
append,180,2708700,,,,,,
encode,180,2500,,,,,,
data_write,180,39500,,,,,,
data_sync,180,1302300,,,,,,
marker_write,180,45100,,,,,,
marker_sync,180,1317600,,,,,,
append,181,2976099,,,,,,
encode,181,3100,,,,,,
data_write,181,43300,,,,,,
data_sync,181,1306500,,,,,,
marker_write,181,29400,,,,,,
marker_sync,181,1592499,,,,,,
append,182,2677100,,,,,,
encode,182,3600,,,,,,
data_write,182,40500,,,,,,
data_sync,182,1312900,,,,,,
marker_write,182,32000,,,,,,
marker_sync,182,1286800,,,,,,
append,183,2649900,,,,,,
encode,183,2700,,,,,,
data_write,183,37600,,,,,,
data_sync,183,1295600,,,,,,
marker_write,183,30700,,,,,,
marker_sync,183,1282300,,,,,,
append,184,2645900,,,,,,
encode,184,2000,,,,,,
data_write,184,37700,,,,,,
data_sync,184,1284600,,,,,,
marker_write,184,30800,,,,,,
marker_sync,184,1289900,,,,,,
append,185,2636200,,,,,,
encode,185,1900,,,,,,
data_write,185,36800,,,,,,
data_sync,185,1276600,,,,,,
marker_write,185,30600,,,,,,
marker_sync,185,1289200,,,,,,
append,186,2673700,,,,,,
encode,186,1900,,,,,,
data_write,186,36900,,,,,,
data_sync,186,1290500,,,,,,
marker_write,186,31000,,,,,,
marker_sync,186,1312300,,,,,,
append,187,2856799,,,,,,
encode,187,2500,,,,,,
data_write,187,39900,,,,,,
data_sync,187,1325300,,,,,,
marker_write,187,34800,,,,,,
marker_sync,187,1452699,,,,,,
append,188,2693600,,,,,,
encode,188,2600,,,,,,
data_write,188,39900,,,,,,
data_sync,188,1334300,,,,,,
marker_write,188,33000,,,,,,
marker_sync,188,1282000,,,,,,
append,189,2684400,,,,,,
encode,189,2200,,,,,,
data_write,189,36700,,,,,,
data_sync,189,1300400,,,,,,
marker_write,189,30700,,,,,,
marker_sync,189,1312700,,,,,,
append,190,2692400,,,,,,
encode,190,2500,,,,,,
data_write,190,37100,,,,,,
data_sync,190,1301900,,,,,,
marker_write,190,29700,,,,,,
marker_sync,190,1320200,,,,,,
append,191,2681900,,,,,,
encode,191,2100,,,,,,
data_write,191,36800,,,,,,
data_sync,191,1332800,,,,,,
marker_write,191,30800,,,,,,
marker_sync,191,1278100,,,,,,
append,192,5594299,,,,,,
encode,192,2000,,,,,,
data_write,192,36100,,,,,,
data_sync,192,1292200,,,,,,
marker_write,192,29100,,,,,,
marker_sync,192,4232399,,,,,,
append,193,2856900,,,,,,
encode,193,2900,,,,,,
data_write,193,51400,,,,,,
data_sync,193,1436800,,,,,,
marker_write,193,34900,,,,,,
marker_sync,193,1328500,,,,,,
append,194,2824900,,,,,,
encode,194,3700,,,,,,
data_write,194,46600,,,,,,
data_sync,194,1449500,,,,,,
marker_write,194,30600,,,,,,
marker_sync,194,1292900,,,,,,
append,195,2707600,,,,,,
encode,195,2600,,,,,,
data_write,195,39000,,,,,,
data_sync,195,1289700,,,,,,
marker_write,195,31100,,,,,,
marker_sync,195,1343900,,,,,,
append,196,2650900,,,,,,
encode,196,2100,,,,,,
data_write,196,37200,,,,,,
data_sync,196,1293900,,,,,,
marker_write,196,27300,,,,,,
marker_sync,196,1289200,,,,,,
append,197,2837700,,,,,,
encode,197,1800,,,,,,
data_write,197,34200,,,,,,
data_sync,197,1361500,,,,,,
marker_write,197,31300,,,,,,
marker_sync,197,1407600,,,,,,
append,198,2815699,,,,,,
encode,198,2900,,,,,,
data_write,198,39200,,,,,,
data_sync,198,1383799,,,,,,
marker_write,198,31500,,,,,,
marker_sync,198,1357000,,,,,,
append,199,2737800,,,,,,
encode,199,2300,,,,,,
data_write,199,39100,,,,,,
data_sync,199,1319100,,,,,,
marker_write,199,30700,,,,,,
marker_sync,199,1345400,,,,,,
append,200,2738700,,,,,,
encode,200,2400,,,,,,
data_write,200,37500,,,,,,
data_sync,200,1332800,,,,,,
marker_write,200,30600,,,,,,
marker_sync,200,1334200,,,,,,
append,201,2659900,,,,,,
encode,201,2200,,,,,,
data_write,201,37000,,,,,,
data_sync,201,1288200,,,,,,
marker_write,201,31800,,,,,,
marker_sync,201,1299200,,,,,,
append,202,2796500,,,,,,
encode,202,1900,,,,,,
data_write,202,37500,,,,,,
data_sync,202,1291800,,,,,,
marker_write,202,30900,,,,,,
marker_sync,202,1433400,,,,,,
append,203,2767200,,,,,,
encode,203,2200,,,,,,
data_write,203,37400,,,,,,
data_sync,203,1369600,,,,,,
marker_write,203,31800,,,,,,
marker_sync,203,1324800,,,,,,
append,204,2700399,,,,,,
encode,204,2300,,,,,,
data_write,204,38800,,,,,,
data_sync,204,1317399,,,,,,
marker_write,204,29800,,,,,,
marker_sync,204,1310400,,,,,,
append,205,2723600,,,,,,
encode,205,2200,,,,,,
data_write,205,34900,,,,,,
data_sync,205,1311200,,,,,,
marker_write,205,31000,,,,,,
marker_sync,205,1342700,,,,,,
append,206,2716800,,,,,,
encode,206,1900,,,,,,
data_write,206,34100,,,,,,
data_sync,206,1325400,,,,,,
marker_write,206,31100,,,,,,
marker_sync,206,1323000,,,,,,
append,207,2696800,,,,,,
encode,207,1900,,,,,,
data_write,207,36500,,,,,,
data_sync,207,1321900,,,,,,
marker_write,207,28500,,,,,,
marker_sync,207,1306700,,,,,,
append,208,2915700,,,,,,
encode,208,1800,,,,,,
data_write,208,34100,,,,,,
data_sync,208,1482100,,,,,,
marker_write,208,29400,,,,,,
marker_sync,208,1367300,,,,,,
append,209,2825100,,,,,,
encode,209,2300,,,,,,
data_write,209,36100,,,,,,
data_sync,209,1362100,,,,,,
marker_write,209,32700,,,,,,
marker_sync,209,1390800,,,,,,
append,210,2758099,,,,,,
encode,210,2400,,,,,,
data_write,210,40200,,,,,,
data_sync,210,1364299,,,,,,
marker_write,210,32100,,,,,,
marker_sync,210,1317900,,,,,,
append,211,2808400,,,,,,
encode,211,2800,,,,,,
data_write,211,38800,,,,,,
data_sync,211,1357700,,,,,,
marker_write,211,31600,,,,,,
marker_sync,211,1376400,,,,,,
append,212,2655600,,,,,,
encode,212,2100,,,,,,
data_write,212,37700,,,,,,
data_sync,212,1287900,,,,,,
marker_write,212,29400,,,,,,
marker_sync,212,1297400,,,,,,
append,213,2668800,,,,,,
encode,213,2100,,,,,,
data_write,213,37100,,,,,,
data_sync,213,1313800,,,,,,
marker_write,213,29900,,,,,,
marker_sync,213,1284800,,,,,,
append,214,2748100,,,,,,
encode,214,1900,,,,,,
data_write,214,33500,,,,,,
data_sync,214,1286300,,,,,,
marker_write,214,28800,,,,,,
marker_sync,214,1396400,,,,,,
append,215,2810899,,,,,,
encode,215,2500,,,,,,
data_write,215,48400,,,,,,
data_sync,215,1397900,,,,,,
marker_write,215,31600,,,,,,
marker_sync,215,1329399,,,,,,
append,216,2646600,,,,,,
encode,216,2000,,,,,,
data_write,216,37000,,,,,,
data_sync,216,1292300,,,,,,
marker_write,216,29700,,,,,,
marker_sync,216,1284500,,,,,,
append,217,2780700,,,,,,
encode,217,1800,,,,,,
data_write,217,35900,,,,,,
data_sync,217,1388100,,,,,,
marker_write,217,34200,,,,,,
marker_sync,217,1319600,,,,,,
append,218,2673100,,,,,,
encode,218,2000,,,,,,
data_write,218,38100,,,,,,
data_sync,218,1295100,,,,,,
marker_write,218,30900,,,,,,
marker_sync,218,1305800,,,,,,
append,219,2727500,,,,,,
encode,219,1900,,,,,,
data_write,219,37300,,,,,,
data_sync,219,1341500,,,,,,
marker_write,219,32000,,,,,,
marker_sync,219,1313700,,,,,,
append,220,2821500,,,,,,
encode,220,2700,,,,,,
data_write,220,35600,,,,,,
data_sync,220,1321400,,,,,,
marker_write,220,29300,,,,,,
marker_sync,220,1431000,,,,,,
append,221,2781399,,,,,,
encode,221,2200,,,,,,
data_write,221,40000,,,,,,
data_sync,221,1336700,,,,,,
marker_write,221,31900,,,,,,
marker_sync,221,1369099,,,,,,
append,222,2769200,,,,,,
encode,222,2300,,,,,,
data_write,222,45100,,,,,,
data_sync,222,1406200,,,,,,
marker_write,222,31900,,,,,,
marker_sync,222,1282400,,,,,,
append,223,2791300,,,,,,
encode,223,2100,,,,,,
data_write,223,38200,,,,,,
data_sync,223,1401200,,,,,,
marker_write,223,31600,,,,,,
marker_sync,223,1317000,,,,,,
append,224,2688300,,,,,,
encode,224,2000,,,,,,
data_write,224,35900,,,,,,
data_sync,224,1309000,,,,,,
marker_write,224,28400,,,,,,
marker_sync,224,1311900,,,,,,
append,225,2650100,,,,,,
encode,225,1900,,,,,,
data_write,225,34800,,,,,,
data_sync,225,1294000,,,,,,
marker_write,225,30400,,,,,,
marker_sync,225,1287800,,,,,,
append,226,2886300,,,,,,
encode,226,1800,,,,,,
data_write,226,33900,,,,,,
data_sync,226,1375300,,,,,,
marker_write,226,32900,,,,,,
marker_sync,226,1440800,,,,,,
append,227,2782699,,,,,,
encode,227,2700,,,,,,
data_write,227,47100,,,,,,
data_sync,227,1377500,,,,,,
marker_write,227,31800,,,,,,
marker_sync,227,1321999,,,,,,
append,228,2668500,,,,,,
encode,228,2200,,,,,,
data_write,228,38500,,,,,,
data_sync,228,1306100,,,,,,
marker_write,228,31200,,,,,,
marker_sync,228,1289500,,,,,,
append,229,2788300,,,,,,
encode,229,1800,,,,,,
data_write,229,37300,,,,,,
data_sync,229,1420200,,,,,,
marker_write,229,30000,,,,,,
marker_sync,229,1297900,,,,,,
append,230,2639200,,,,,,
encode,230,2100,,,,,,
data_write,230,36700,,,,,,
data_sync,230,1269200,,,,,,
marker_write,230,29100,,,,,,
marker_sync,230,1300300,,,,,,
append,231,2716900,,,,,,
encode,231,2000,,,,,,
data_write,231,32300,,,,,,
data_sync,231,1289000,,,,,,
marker_write,231,30300,,,,,,
marker_sync,231,1361400,,,,,,
append,232,3148700,,,,,,
encode,232,2900,,,,,,
data_write,232,51800,,,,,,
data_sync,232,1639300,,,,,,
marker_write,232,33500,,,,,,
marker_sync,232,1419700,,,,,,
append,233,2747999,,,,,,
encode,233,3400,,,,,,
data_write,233,36700,,,,,,
data_sync,233,1357299,,,,,,
marker_write,233,30600,,,,,,
marker_sync,233,1318800,,,,,,
append,234,2719000,,,,,,
encode,234,2700,,,,,,
data_write,234,35400,,,,,,
data_sync,234,1302300,,,,,,
marker_write,234,28000,,,,,,
marker_sync,234,1349400,,,,,,
append,235,2925100,,,,,,
encode,235,1700,,,,,,
data_write,235,34900,,,,,,
data_sync,235,1440400,,,,,,
marker_write,235,30300,,,,,,
marker_sync,235,1416200,,,,,,
append,236,2752000,,,,,,
encode,236,3400,,,,,,
data_write,236,42700,,,,,,
data_sync,236,1356100,,,,,,
marker_write,236,30600,,,,,,
marker_sync,236,1317900,,,,,,
append,237,2734800,,,,,,
encode,237,2300,,,,,,
data_write,237,36100,,,,,,
data_sync,237,1336700,,,,,,
marker_write,237,29900,,,,,,
marker_sync,237,1328500,,,,,,
append,238,3998599,,,,,,
encode,238,2300,,,,,,
data_write,238,37800,,,,,,
data_sync,238,2538500,,,,,,
marker_write,238,39200,,,,,,
marker_sync,238,1378999,,,,,,
append,239,2814100,,,,,,
encode,239,4200,,,,,,
data_write,239,38900,,,,,,
data_sync,239,1397700,,,,,,
marker_write,239,33900,,,,,,
marker_sync,239,1336700,,,,,,
append,240,2697500,,,,,,
encode,240,3700,,,,,,
data_write,240,39500,,,,,,
data_sync,240,1317500,,,,,,
marker_write,240,30400,,,,,,
marker_sync,240,1304400,,,,,,
append,241,3013900,,,,,,
encode,241,3000,,,,,,
data_write,241,43100,,,,,,
data_sync,241,1376900,,,,,,
marker_write,241,45000,,,,,,
marker_sync,241,1541700,,,,,,
append,242,3419100,,,,,,
encode,242,8000,,,,,,
data_write,242,56500,,,,,,
data_sync,242,1546700,,,,,,
marker_write,242,56500,,,,,,
marker_sync,242,1748700,,,,,,
append,243,3073800,,,,,,
encode,243,6900,,,,,,
data_write,243,60900,,,,,,
data_sync,243,1503100,,,,,,
marker_write,243,33400,,,,,,
marker_sync,243,1467700,,,,,,
append,244,2867799,,,,,,
encode,244,3300,,,,,,
data_write,244,39200,,,,,,
data_sync,244,1398699,,,,,,
marker_write,244,31200,,,,,,
marker_sync,244,1393400,,,,,,
append,245,2897000,,,,,,
encode,245,4400,,,,,,
data_write,245,39100,,,,,,
data_sync,245,1422000,,,,,,
marker_write,245,30000,,,,,,
marker_sync,245,1400000,,,,,,
append,246,3026000,,,,,,
encode,246,3800,,,,,,
data_write,246,36800,,,,,,
data_sync,246,1512100,,,,,,
marker_write,246,34100,,,,,,
marker_sync,246,1437000,,,,,,
append,247,3392800,,,,,,
encode,247,3300,,,,,,
data_write,247,38700,,,,,,
data_sync,247,1495600,,,,,,
marker_write,247,35300,,,,,,
marker_sync,247,1817300,,,,,,
append,248,3713700,,,,,,
encode,248,4400,,,,,,
data_write,248,56100,,,,,,
data_sync,248,1705700,,,,,,
marker_write,248,39900,,,,,,
marker_sync,248,1905000,,,,,,
append,249,3035199,,,,,,
encode,249,5800,,,,,,
data_write,249,30800,,,,,,
data_sync,249,1630499,,,,,,
marker_write,249,34600,,,,,,
marker_sync,249,1332000,,,,,,
append,250,2904800,,,,,,
encode,250,2600,,,,,,
data_write,250,42900,,,,,,
data_sync,250,1488400,,,,,,
marker_write,250,30400,,,,,,
marker_sync,250,1339300,,,,,,
append,251,2870700,,,,,,
encode,251,2300,,,,,,
data_write,251,35800,,,,,,
data_sync,251,1375400,,,,,,
marker_write,251,29900,,,,,,
marker_sync,251,1426100,,,,,,
append,252,2821700,,,,,,
encode,252,2200,,,,,,
data_write,252,35600,,,,,,
data_sync,252,1326700,,,,,,
marker_write,252,28800,,,,,,
marker_sync,252,1427200,,,,,,
append,253,2998500,,,,,,
encode,253,2800,,,,,,
data_write,253,39900,,,,,,
data_sync,253,1535100,,,,,,
marker_write,253,32700,,,,,,
marker_sync,253,1386300,,,,,,
append,254,2749099,,,,,,
encode,254,2800,,,,,,
data_write,254,39400,,,,,,
data_sync,254,1329400,,,,,,
marker_write,254,30400,,,,,,
marker_sync,254,1345599,,,,,,
append,255,2743200,,,,,,
encode,255,2100,,,,,,
data_write,255,35900,,,,,,
data_sync,255,1333600,,,,,,
marker_write,255,31200,,,,,,
marker_sync,255,1339200,,,,,,
append,256,2704600,,,,,,
encode,256,2400,,,,,,
data_write,256,36000,,,,,,
data_sync,256,1325700,,,,,,
marker_write,256,29100,,,,,,
marker_sync,256,1310000,,,,,,
append,257,2774700,,,,,,
encode,257,1600,,,,,,
data_write,257,33900,,,,,,
data_sync,257,1377900,,,,,,
marker_write,257,29500,,,,,,
marker_sync,257,1330100,,,,,,
append,258,2766100,,,,,,
encode,258,2000,,,,,,
data_write,258,33600,,,,,,
data_sync,258,1354300,,,,,,
marker_write,258,30800,,,,,,
marker_sync,258,1344200,,,,,,
append,259,2708300,,,,,,
encode,259,2300,,,,,,
data_write,259,35000,,,,,,
data_sync,259,1325000,,,,,,
marker_write,259,30100,,,,,,
marker_sync,259,1314900,,,,,,
append,260,2739499,,,,,,
encode,260,1900,,,,,,
data_write,260,34700,,,,,,
data_sync,260,1357400,,,,,,
marker_write,260,29200,,,,,,
marker_sync,260,1314699,,,,,,
append,261,2692300,,,,,,
encode,261,1800,,,,,,
data_write,261,34700,,,,,,
data_sync,261,1303800,,,,,,
marker_write,261,27200,,,,,,
marker_sync,261,1323400,,,,,,
append,262,2741200,,,,,,
encode,262,1800,,,,,,
data_write,262,36000,,,,,,
data_sync,262,1350400,,,,,,
marker_write,262,29300,,,,,,
marker_sync,262,1322600,,,,,,
append,263,3211200,,,,,,
encode,263,2000,,,,,,
data_write,263,34800,,,,,,
data_sync,263,1690800,,,,,,
marker_write,263,36900,,,,,,
marker_sync,263,1444900,,,,,,
append,264,2754600,,,,,,
encode,264,3900,,,,,,
data_write,264,39500,,,,,,
data_sync,264,1352400,,,,,,
marker_write,264,28100,,,,,,
marker_sync,264,1329200,,,,,,
append,265,2702900,,,,,,
encode,265,2700,,,,,,
data_write,265,39800,,,,,,
data_sync,265,1328200,,,,,,
marker_write,265,30000,,,,,,
marker_sync,265,1301100,,,,,,
append,266,2797599,,,,,,
encode,266,2100,,,,,,
data_write,266,42200,,,,,,
data_sync,266,1359799,,,,,,
marker_write,266,31100,,,,,,
marker_sync,266,1361200,,,,,,
append,267,2833800,,,,,,
encode,267,3100,,,,,,
data_write,267,40700,,,,,,
data_sync,267,1351600,,,,,,
marker_write,267,32500,,,,,,
marker_sync,267,1404600,,,,,,
append,268,2776100,,,,,,
encode,268,2800,,,,,,
data_write,268,56600,,,,,,
data_sync,268,1339900,,,,,,
marker_write,268,32200,,,,,,
marker_sync,268,1343400,,,,,,
append,269,2826100,,,,,,
encode,269,1900,,,,,,
data_write,269,34300,,,,,,
data_sync,269,1357900,,,,,,
marker_write,269,35600,,,,,,
marker_sync,269,1395100,,,,,,
append,270,2754400,,,,,,
encode,270,2500,,,,,,
data_write,270,39800,,,,,,
data_sync,270,1378000,,,,,,
marker_write,270,31900,,,,,,
marker_sync,270,1300900,,,,,,
append,271,3444699,,,,,,
encode,271,2300,,,,,,
data_write,271,39000,,,,,,
data_sync,271,2011900,,,,,,
marker_write,271,38200,,,,,,
marker_sync,271,1351599,,,,,,
append,272,2698800,,,,,,
encode,272,3500,,,,,,
data_write,272,39500,,,,,,
data_sync,272,1320700,,,,,,
marker_write,272,33200,,,,,,
marker_sync,272,1300800,,,,,,
append,273,2658300,,,,,,
encode,273,2400,,,,,,
data_write,273,36800,,,,,,
data_sync,273,1296400,,,,,,
marker_write,273,30100,,,,,,
marker_sync,273,1290300,,,,,,
append,274,2933100,,,,,,
encode,274,2300,,,,,,
data_write,274,33300,,,,,,
data_sync,274,1335000,,,,,,
marker_write,274,29100,,,,,,
marker_sync,274,1531600,,,,,,
append,275,3131900,,,,,,
encode,275,3400,,,,,,
data_write,275,41600,,,,,,
data_sync,275,1609200,,,,,,
marker_write,275,35000,,,,,,
marker_sync,275,1440700,,,,,,
append,276,2835000,,,,,,
encode,276,2800,,,,,,
data_write,276,37800,,,,,,
data_sync,276,1381100,,,,,,
marker_write,276,32800,,,,,,
marker_sync,276,1378800,,,,,,
append,277,3006299,,,,,,
encode,277,2400,,,,,,
data_write,277,47000,,,,,,
data_sync,277,1559899,,,,,,
marker_write,277,30400,,,,,,
marker_sync,277,1365000,,,,,,
append,278,2714500,,,,,,
encode,278,3000,,,,,,
data_write,278,39600,,,,,,
data_sync,278,1330800,,,,,,
marker_write,278,31400,,,,,,
marker_sync,278,1308300,,,,,,
append,279,2663000,,,,,,
encode,279,2300,,,,,,
data_write,279,37400,,,,,,
data_sync,279,1297600,,,,,,
marker_write,279,30700,,,,,,
marker_sync,279,1293900,,,,,,
append,280,3079300,,,,,,
encode,280,2000,,,,,,
data_write,280,36500,,,,,,
data_sync,280,1321200,,,,,,
marker_write,280,32100,,,,,,
marker_sync,280,1685000,,,,,,
append,281,2926500,,,,,,
encode,281,3700,,,,,,
data_write,281,49200,,,,,,
data_sync,281,1507300,,,,,,
marker_write,281,32200,,,,,,
marker_sync,281,1331900,,,,,,
append,282,2775800,,,,,,
encode,282,2900,,,,,,
data_write,282,37600,,,,,,
data_sync,282,1360500,,,,,,
marker_write,282,32600,,,,,,
marker_sync,282,1341000,,,,,,
append,283,2661999,,,,,,
encode,283,2400,,,,,,
data_write,283,34700,,,,,,
data_sync,283,1309999,,,,,,
marker_write,283,28100,,,,,,
marker_sync,283,1285500,,,,,,
append,284,2644600,,,,,,
encode,284,2100,,,,,,
data_write,284,37700,,,,,,
data_sync,284,1300900,,,,,,
marker_write,284,30500,,,,,,
marker_sync,284,1272100,,,,,,
append,285,2639700,,,,,,
encode,285,2200,,,,,,
data_write,285,33000,,,,,,
data_sync,285,1279400,,,,,,
marker_write,285,31500,,,,,,
marker_sync,285,1292500,,,,,,
append,286,2948900,,,,,,
encode,286,1700,,,,,,
data_write,286,34700,,,,,,
data_sync,286,1414300,,,,,,
marker_write,286,33100,,,,,,
marker_sync,286,1463900,,,,,,
append,287,3045600,,,,,,
encode,287,2600,,,,,,
data_write,287,39000,,,,,,
data_sync,287,1611600,,,,,,
marker_write,287,33900,,,,,,
marker_sync,287,1356700,,,,,,
append,288,2719499,,,,,,
encode,288,2400,,,,,,
data_write,288,32900,,,,,,
data_sync,288,1315200,,,,,,
marker_write,288,32400,,,,,,
marker_sync,288,1335399,,,,,,
append,289,2667600,,,,,,
encode,289,2300,,,,,,
data_write,289,36100,,,,,,
data_sync,289,1298700,,,,,,
marker_write,289,32200,,,,,,
marker_sync,289,1297100,,,,,,
append,290,2669400,,,,,,
encode,290,1800,,,,,,
data_write,290,34800,,,,,,
data_sync,290,1315000,,,,,,
marker_write,290,31200,,,,,,
marker_sync,290,1285400,,,,,,
append,291,2698500,,,,,,
encode,291,2000,,,,,,
data_write,291,37500,,,,,,
data_sync,291,1293700,,,,,,
marker_write,291,28600,,,,,,
marker_sync,291,1335600,,,,,,
append,292,2724900,,,,,,
encode,292,1900,,,,,,
data_write,292,32200,,,,,,
data_sync,292,1295600,,,,,,
marker_write,292,31100,,,,,,
marker_sync,292,1363100,,,,,,
append,293,2713400,,,,,,
encode,293,2200,,,,,,
data_write,293,34500,,,,,,
data_sync,293,1320900,,,,,,
marker_write,293,30900,,,,,,
marker_sync,293,1323800,,,,,,
append,294,2696999,,,,,,
encode,294,2000,,,,,,
data_write,294,37500,,,,,,
data_sync,294,1327800,,,,,,
marker_write,294,30700,,,,,,
marker_sync,294,1297499,,,,,,
append,295,2667100,,,,,,
encode,295,1800,,,,,,
data_write,295,37600,,,,,,
data_sync,295,1300600,,,,,,
marker_write,295,29900,,,,,,
marker_sync,295,1296100,,,,,,
append,296,2687900,,,,,,
encode,296,1900,,,,,,
data_write,296,35300,,,,,,
data_sync,296,1291500,,,,,,
marker_write,296,27800,,,,,,
marker_sync,296,1330200,,,,,,
append,297,2777300,,,,,,
encode,297,2000,,,,,,
data_write,297,38000,,,,,,
data_sync,297,1296100,,,,,,
marker_write,297,29100,,,,,,
marker_sync,297,1410800,,,,,,
append,298,2973000,,,,,,
encode,298,2100,,,,,,
data_write,298,37600,,,,,,
data_sync,298,1471000,,,,,,
marker_write,298,29000,,,,,,
marker_sync,298,1432000,,,,,,
append,299,2797300,,,,,,
encode,299,2500,,,,,,
data_write,299,37900,,,,,,
data_sync,299,1397600,,,,,,
marker_write,299,33700,,,,,,
marker_sync,299,1324600,,,,,,
append,300,2719099,,,,,,
encode,300,2200,,,,,,
data_write,300,38600,,,,,,
data_sync,300,1327700,,,,,,
marker_write,300,31100,,,,,,
marker_sync,300,1318399,,,,,,
append,301,2733300,,,,,,
encode,301,2200,,,,,,
data_write,301,51300,,,,,,
data_sync,301,1323200,,,,,,
marker_write,301,29900,,,,,,
marker_sync,301,1325400,,,,,,
append,302,2657700,,,,,,
encode,302,2200,,,,,,
data_write,302,37800,,,,,,
data_sync,302,1282100,,,,,,
marker_write,302,31900,,,,,,
marker_sync,302,1302900,,,,,,
append,303,2680300,,,,,,
encode,303,2200,,,,,,
data_write,303,35000,,,,,,
data_sync,303,1323800,,,,,,
marker_write,303,30900,,,,,,
marker_sync,303,1287300,,,,,,
append,304,2674800,,,,,,
encode,304,2000,,,,,,
data_write,304,33500,,,,,,
data_sync,304,1275400,,,,,,
marker_write,304,31900,,,,,,
marker_sync,304,1330800,,,,,,
append,305,3141500,,,,,,
encode,305,2400,,,,,,
data_write,305,45300,,,,,,
data_sync,305,1728700,,,,,,
marker_write,305,32900,,,,,,
marker_sync,305,1331100,,,,,,
append,306,2657999,,,,,,
encode,306,2400,,,,,,
data_write,306,37200,,,,,,
data_sync,306,1289500,,,,,,
marker_write,306,29200,,,,,,
marker_sync,306,1298299,,,,,,
append,307,2643000,,,,,,
encode,307,2100,,,,,,
data_write,307,34600,,,,,,
data_sync,307,1289500,,,,,,
marker_write,307,29700,,,,,,
marker_sync,307,1286100,,,,,,
append,308,2829900,,,,,,
encode,308,2200,,,,,,
data_write,308,34800,,,,,,
data_sync,308,1278700,,,,,,
marker_write,308,28900,,,,,,
marker_sync,308,1483800,,,,,,
append,309,2998300,,,,,,
encode,309,2200,,,,,,
data_write,309,40600,,,,,,
data_sync,309,1440800,,,,,,
marker_write,309,30600,,,,,,
marker_sync,309,1482900,,,,,,
append,310,2874900,,,,,,
encode,310,2100,,,,,,
data_write,310,36500,,,,,,
data_sync,310,1406200,,,,,,
marker_write,310,34700,,,,,,
marker_sync,310,1394100,,,,,,
append,311,2893900,,,,,,
encode,311,2700,,,,,,
data_write,311,36700,,,,,,
data_sync,311,1318700,,,,,,
marker_write,311,31500,,,,,,
marker_sync,311,1503300,,,,,,
append,312,2861899,,,,,,
encode,312,2000,,,,,,
data_write,312,36100,,,,,,
data_sync,312,1484999,,,,,,
marker_write,312,32200,,,,,,
marker_sync,312,1305300,,,,,,
append,313,2728800,,,,,,
encode,313,2200,,,,,,
data_write,313,51800,,,,,,
data_sync,313,1298400,,,,,,
marker_write,313,28500,,,,,,
marker_sync,313,1347100,,,,,,
append,314,3117100,,,,,,
encode,314,2100,,,,,,
data_write,314,33900,,,,,,
data_sync,314,1408700,,,,,,
marker_write,314,30700,,,,,,
marker_sync,314,1640300,,,,,,
append,315,3262800,,,,,,
encode,315,2500,,,,,,
data_write,315,41800,,,,,,
data_sync,315,1817800,,,,,,
marker_write,315,31900,,,,,,
marker_sync,315,1367700,,,,,,
append,316,3847200,,,,,,
encode,316,2300,,,,,,
data_write,316,35800,,,,,,
data_sync,316,1304900,,,,,,
marker_write,316,41300,,,,,,
marker_sync,316,2460300,,,,,,
append,317,3285399,,,,,,
encode,317,4500,,,,,,
data_write,317,54500,,,,,,
data_sync,317,1573299,,,,,,
marker_write,317,71200,,,,,,
marker_sync,317,1578100,,,,,,
append,318,3089100,,,,,,
encode,318,6300,,,,,,
data_write,318,58500,,,,,,
data_sync,318,1495600,,,,,,
marker_write,318,53700,,,,,,
marker_sync,318,1471700,,,,,,
append,319,3140100,,,,,,
encode,319,3600,,,,,,
data_write,319,40800,,,,,,
data_sync,319,1559100,,,,,,
marker_write,319,34300,,,,,,
marker_sync,319,1500600,,,,,,
append,320,2885100,,,,,,
encode,320,3000,,,,,,
data_write,320,38900,,,,,,
data_sync,320,1430900,,,,,,
marker_write,320,30500,,,,,,
marker_sync,320,1379700,,,,,,
append,321,3034700,,,,,,
encode,321,2100,,,,,,
data_write,321,39700,,,,,,
data_sync,321,1423800,,,,,,
marker_write,321,184300,,,,,,
marker_sync,321,1383100,,,,,,
append,322,2784899,,,,,,
encode,322,2800,,,,,,
data_write,322,38400,,,,,,
data_sync,322,1343400,,,,,,
marker_write,322,32600,,,,,,
marker_sync,322,1365899,,,,,,
append,323,2686700,,,,,,
encode,323,3500,,,,,,
data_write,323,37800,,,,,,
data_sync,323,1320100,,,,,,
marker_write,323,30100,,,,,,
marker_sync,323,1293300,,,,,,
append,324,2720900,,,,,,
encode,324,2400,,,,,,
data_write,324,34800,,,,,,
data_sync,324,1269900,,,,,,
marker_write,324,26900,,,,,,
marker_sync,324,1385500,,,,,,
append,325,2631900,,,,,,
encode,325,2000,,,,,,
data_write,325,35600,,,,,,
data_sync,325,1290400,,,,,,
marker_write,325,26100,,,,,,
marker_sync,325,1277200,,,,,,
append,326,2696500,,,,,,
encode,326,1400,,,,,,
data_write,326,31800,,,,,,
data_sync,326,1345100,,,,,,
marker_write,326,27400,,,,,,
marker_sync,326,1289600,,,,,,
append,327,2806500,,,,,,
encode,327,1600,,,,,,
data_write,327,32600,,,,,,
data_sync,327,1289200,,,,,,
marker_write,327,26400,,,,,,
marker_sync,327,1455800,,,,,,
append,328,2676699,,,,,,
encode,328,1900,,,,,,
data_write,328,35600,,,,,,
data_sync,328,1312399,,,,,,
marker_write,328,34100,,,,,,
marker_sync,328,1291400,,,,,,
append,329,2677000,,,,,,
encode,329,2200,,,,,,
data_write,329,40800,,,,,,
data_sync,329,1308100,,,,,,
marker_write,329,31100,,,,,,
marker_sync,329,1293600,,,,,,
append,330,2966600,,,,,,
encode,330,1900,,,,,,
data_write,330,35600,,,,,,
data_sync,330,1343300,,,,,,
marker_write,330,30200,,,,,,
marker_sync,330,1554300,,,,,,
append,331,2979500,,,,,,
encode,331,2100,,,,,,
data_write,331,36100,,,,,,
data_sync,331,1537300,,,,,,
marker_write,331,27000,,,,,,
marker_sync,331,1376100,,,,,,
append,332,2852900,,,,,,
encode,332,1900,,,,,,
data_write,332,34300,,,,,,
data_sync,332,1429200,,,,,,
marker_write,332,31300,,,,,,
marker_sync,332,1355000,,,,,,
append,333,3236999,,,,,,
encode,333,1900,,,,,,
data_write,333,39000,,,,,,
data_sync,333,1806000,,,,,,
marker_write,333,30300,,,,,,
marker_sync,333,1358799,,,,,,
append,334,3112100,,,,,,
encode,334,1900,,,,,,
data_write,334,36300,,,,,,
data_sync,334,1415400,,,,,,
marker_write,334,28500,,,,,,
marker_sync,334,1628300,,,,,,
append,335,2796700,,,,,,
encode,335,3000,,,,,,
data_write,335,42100,,,,,,
data_sync,335,1361400,,,,,,
marker_write,335,33100,,,,,,
marker_sync,335,1355700,,,,,,
append,336,2689900,,,,,,
encode,336,2100,,,,,,
data_write,336,37800,,,,,,
data_sync,336,1321100,,,,,,
marker_write,336,31800,,,,,,
marker_sync,336,1295900,,,,,,
append,337,2675700,,,,,,
encode,337,1900,,,,,,
data_write,337,33900,,,,,,
data_sync,337,1274300,,,,,,
marker_write,337,31700,,,,,,
marker_sync,337,1332500,,,,,,
append,338,2663500,,,,,,
encode,338,2200,,,,,,
data_write,338,37400,,,,,,
data_sync,338,1307400,,,,,,
marker_write,338,27700,,,,,,
marker_sync,338,1287500,,,,,,
append,339,2846099,,,,,,
encode,339,1900,,,,,,
data_write,339,37700,,,,,,
data_sync,339,1359800,,,,,,
marker_write,339,29600,,,,,,
marker_sync,339,1415899,,,,,,
append,340,2690100,,,,,,
encode,340,1900,,,,,,
data_write,340,32400,,,,,,
data_sync,340,1314600,,,,,,
marker_write,340,27900,,,,,,
marker_sync,340,1312200,,,,,,
append,341,2864300,,,,,,
encode,341,1700,,,,,,
data_write,341,32100,,,,,,
data_sync,341,1310700,,,,,,
marker_write,341,32800,,,,,,
marker_sync,341,1485800,,,,,,
append,342,3065700,,,,,,
encode,342,2400,,,,,,
data_write,342,38600,,,,,,
data_sync,342,1547800,,,,,,
marker_write,342,30600,,,,,,
marker_sync,342,1445000,,,,,,
append,343,2854800,,,,,,
encode,343,2600,,,,,,
data_write,343,41100,,,,,,
data_sync,343,1403600,,,,,,
marker_write,343,31000,,,,,,
marker_sync,343,1375300,,,,,,
append,344,2805100,,,,,,
encode,344,2100,,,,,,
data_write,344,34200,,,,,,
data_sync,344,1361700,,,,,,
marker_write,344,28100,,,,,,
marker_sync,344,1378100,,,,,,
append,345,2800099,,,,,,
encode,345,1600,,,,,,
data_write,345,34100,,,,,,
data_sync,345,1420599,,,,,,
marker_write,345,31800,,,,,,
marker_sync,345,1310900,,,,,,
append,346,3359700,,,,,,
encode,346,2000,,,,,,
data_write,346,31100,,,,,,
data_sync,346,1534000,,,,,,
marker_write,346,30400,,,,,,
marker_sync,346,1760800,,,,,,
append,347,3165400,,,,,,
encode,347,3600,,,,,,
data_write,347,38100,,,,,,
data_sync,347,1565600,,,,,,
marker_write,347,37500,,,,,,
marker_sync,347,1518500,,,,,,
append,348,2893200,,,,,,
encode,348,3800,,,,,,
data_write,348,41700,,,,,,
data_sync,348,1461400,,,,,,
marker_write,348,33300,,,,,,
marker_sync,348,1351800,,,,,,
append,349,3266600,,,,,,
encode,349,2800,,,,,,
data_write,349,37800,,,,,,
data_sync,349,1311500,,,,,,
marker_write,349,30900,,,,,,
marker_sync,349,1881500,,,,,,
append,350,2795099,,,,,,
encode,350,2800,,,,,,
data_write,350,38500,,,,,,
data_sync,350,1362300,,,,,,
marker_write,350,31900,,,,,,
marker_sync,350,1358099,,,,,,
append,351,2810700,,,,,,
encode,351,2300,,,,,,
data_write,351,35100,,,,,,
data_sync,351,1345200,,,,,,
marker_write,351,49900,,,,,,
marker_sync,351,1377100,,,,,,
append,352,3011700,,,,,,
encode,352,2000,,,,,,
data_write,352,35000,,,,,,
data_sync,352,1529500,,,,,,
marker_write,352,34500,,,,,,
marker_sync,352,1409300,,,,,,
append,353,2609500,,,,,,
encode,353,2800,,,,,,
data_write,353,36500,,,,,,
data_sync,353,1281200,,,,,,
marker_write,353,26700,,,,,,
marker_sync,353,1261200,,,,,,
append,354,2672100,,,,,,
encode,354,2300,,,,,,
data_write,354,33100,,,,,,
data_sync,354,1332000,,,,,,
marker_write,354,31200,,,,,,
marker_sync,354,1272200,,,,,,
append,355,2621500,,,,,,
encode,355,1900,,,,,,
data_write,355,33300,,,,,,
data_sync,355,1268300,,,,,,
marker_write,355,26400,,,,,,
marker_sync,355,1290600,,,,,,
append,356,2662499,,,,,,
encode,356,1600,,,,,,
data_write,356,35100,,,,,,
data_sync,356,1268199,,,,,,
marker_write,356,27100,,,,,,
marker_sync,356,1329400,,,,,,
append,357,2722700,,,,,,
encode,357,2300,,,,,,
data_write,357,36800,,,,,,
data_sync,357,1326400,,,,,,
marker_write,357,28300,,,,,,
marker_sync,357,1327900,,,,,,
append,358,2918800,,,,,,
encode,358,2000,,,,,,
data_write,358,35600,,,,,,
data_sync,358,1419500,,,,,,
marker_write,358,30800,,,,,,
marker_sync,358,1429700,,,,,,
append,359,2792700,,,,,,
encode,359,1900,,,,,,
data_write,359,34100,,,,,,
data_sync,359,1362200,,,,,,
marker_write,359,28100,,,,,,
marker_sync,359,1365300,,,,,,
append,360,2923900,,,,,,
encode,360,1900,,,,,,
data_write,360,41500,,,,,,
data_sync,360,1485100,,,,,,
marker_write,360,28000,,,,,,
marker_sync,360,1366500,,,,,,
append,361,2815400,,,,,,
encode,361,2000,,,,,,
data_write,361,34700,,,,,,
data_sync,361,1377800,,,,,,
marker_write,361,28400,,,,,,
marker_sync,361,1371400,,,,,,
append,362,2986499,,,,,,
encode,362,1900,,,,,,
data_write,362,34300,,,,,,
data_sync,362,1362399,,,,,,
marker_write,362,27000,,,,,,
marker_sync,362,1560000,,,,,,
append,363,3005300,,,,,,
encode,363,1800,,,,,,
data_write,363,35500,,,,,,
data_sync,363,1416400,,,,,,
marker_write,363,36000,,,,,,
marker_sync,363,1514200,,,,,,
append,364,2956900,,,,,,
encode,364,3300,,,,,,
data_write,364,38100,,,,,,
data_sync,364,1502600,,,,,,
marker_write,364,29600,,,,,,
marker_sync,364,1381900,,,,,,
append,365,2789800,,,,,,
encode,365,2300,,,,,,
data_write,365,38500,,,,,,
data_sync,365,1411800,,,,,,
marker_write,365,33600,,,,,,
marker_sync,365,1302400,,,,,,
append,366,2674100,,,,,,
encode,366,2100,,,,,,
data_write,366,37300,,,,,,
data_sync,366,1281400,,,,,,
marker_write,366,31900,,,,,,
marker_sync,366,1320000,,,,,,
append,367,2800099,,,,,,
encode,367,2500,,,,,,
data_write,367,37400,,,,,,
data_sync,367,1288100,,,,,,
marker_write,367,29600,,,,,,
marker_sync,367,1441599,,,,,,
append,368,2942400,,,,,,
encode,368,1700,,,,,,
data_write,368,35600,,,,,,
data_sync,368,1441400,,,,,,
marker_write,368,32400,,,,,,
marker_sync,368,1430300,,,,,,
append,369,2993400,,,,,,
encode,369,2500,,,,,,
data_write,369,39400,,,,,,
data_sync,369,1445400,,,,,,
marker_write,369,30800,,,,,,
marker_sync,369,1474200,,,,,,
append,370,2692000,,,,,,
encode,370,3000,,,,,,
data_write,370,38100,,,,,,
data_sync,370,1332700,,,,,,
marker_write,370,30100,,,,,,
marker_sync,370,1286900,,,,,,
append,371,2752200,,,,,,
encode,371,2000,,,,,,
data_write,371,35000,,,,,,
data_sync,371,1381100,,,,,,
marker_write,371,27000,,,,,,
marker_sync,371,1305900,,,,,,
append,372,2889000,,,,,,
encode,372,2200,,,,,,
data_write,372,49000,,,,,,
data_sync,372,1407500,,,,,,
marker_write,372,28400,,,,,,
marker_sync,372,1400900,,,,,,
append,373,2742399,,,,,,
encode,373,2400,,,,,,
data_write,373,34700,,,,,,
data_sync,373,1326299,,,,,,
marker_write,373,30900,,,,,,
marker_sync,373,1346600,,,,,,
append,374,3026200,,,,,,
encode,374,2200,,,,,,
data_write,374,41500,,,,,,
data_sync,374,1374900,,,,,,
marker_write,374,32300,,,,,,
marker_sync,374,1572800,,,,,,
append,375,3226100,,,,,,
encode,375,4200,,,,,,
data_write,375,63700,,,,,,
data_sync,375,1583300,,,,,,
marker_write,375,55400,,,,,,
marker_sync,375,1517800,,,,,,
append,376,2915000,,,,,,
encode,376,3000,,,,,,
data_write,376,38900,,,,,,
data_sync,376,1423600,,,,,,
marker_write,376,61500,,,,,,
marker_sync,376,1386600,,,,,,
append,377,2697600,,,,,,
encode,377,2100,,,,,,
data_write,377,36700,,,,,,
data_sync,377,1304600,,,,,,
marker_write,377,27700,,,,,,
marker_sync,377,1325100,,,,,,
append,378,2771599,,,,,,
encode,378,2100,,,,,,
data_write,378,35800,,,,,,
data_sync,378,1376900,,,,,,
marker_write,378,32500,,,,,,
marker_sync,378,1323099,,,,,,
append,379,2690400,,,,,,
encode,379,2100,,,,,,
data_write,379,36100,,,,,,
data_sync,379,1306400,,,,,,
marker_write,379,29600,,,,,,
marker_sync,379,1314800,,,,,,
append,380,3355100,,,,,,
encode,380,1800,,,,,,
data_write,380,31200,,,,,,
data_sync,380,1437000,,,,,,
marker_write,380,30700,,,,,,
marker_sync,380,1853200,,,,,,
append,381,3525300,,,,,,
encode,381,2400,,,,,,
data_write,381,35800,,,,,,
data_sync,381,1555800,,,,,,
marker_write,381,29300,,,,,,
marker_sync,381,1900900,,,,,,
append,382,3125400,,,,,,
encode,382,1900,,,,,,
data_write,382,34500,,,,,,
data_sync,382,1682300,,,,,,
marker_write,382,27900,,,,,,
marker_sync,382,1377600,,,,,,
append,383,2787300,,,,,,
encode,383,2100,,,,,,
data_write,383,39800,,,,,,
data_sync,383,1369900,,,,,,
marker_write,383,28900,,,,,,
marker_sync,383,1345700,,,,,,
append,384,2828799,,,,,,
encode,384,1800,,,,,,
data_write,384,37100,,,,,,
data_sync,384,1375699,,,,,,
marker_write,384,26900,,,,,,
marker_sync,384,1386200,,,,,,
append,385,3173700,,,,,,
encode,385,1500,,,,,,
data_write,385,35900,,,,,,
data_sync,385,1385800,,,,,,
marker_write,385,33200,,,,,,
marker_sync,385,1716000,,,,,,
append,386,3001900,,,,,,
encode,386,3500,,,,,,
data_write,386,45400,,,,,,
data_sync,386,1472000,,,,,,
marker_write,386,33300,,,,,,
marker_sync,386,1446100,,,,,,
append,387,2823800,,,,,,
encode,387,2700,,,,,,
data_write,387,39700,,,,,,
data_sync,387,1415400,,,,,,
marker_write,387,30100,,,,,,
marker_sync,387,1334300,,,,,,
append,388,2734600,,,,,,
encode,388,2000,,,,,,
data_write,388,40200,,,,,,
data_sync,388,1354700,,,,,,
marker_write,388,26600,,,,,,
marker_sync,388,1310100,,,,,,
append,389,2753199,,,,,,
encode,389,1900,,,,,,
data_write,389,34500,,,,,,
data_sync,389,1388100,,,,,,
marker_write,389,26400,,,,,,
marker_sync,389,1301499,,,,,,
append,390,2776900,,,,,,
encode,390,1200,,,,,,
data_write,390,31300,,,,,,
data_sync,390,1315300,,,,,,
marker_write,390,27400,,,,,,
marker_sync,390,1400400,,,,,,
append,391,3660000,,,,,,
encode,391,2400,,,,,,
data_write,391,43200,,,,,,
data_sync,391,1909500,,,,,,
marker_write,391,44400,,,,,,
marker_sync,391,1658200,,,,,,
append,392,3214200,,,,,,
encode,392,4200,,,,,,
data_write,392,45600,,,,,,
data_sync,392,1526200,,,,,,
marker_write,392,80100,,,,,,
marker_sync,392,1554700,,,,,,
append,393,4081600,,,,,,
encode,393,5800,,,,,,
data_write,393,51500,,,,,,
data_sync,393,1514900,,,,,,
marker_write,393,46600,,,,,,
marker_sync,393,2460100,,,,,,
append,394,2990399,,,,,,
encode,394,4100,,,,,,
data_write,394,46200,,,,,,
data_sync,394,1487800,,,,,,
marker_write,394,34600,,,,,,
marker_sync,394,1415399,,,,,,
append,395,2825000,,,,,,
encode,395,2800,,,,,,
data_write,395,39700,,,,,,
data_sync,395,1393600,,,,,,
marker_write,395,32600,,,,,,
marker_sync,395,1354700,,,,,,
append,396,2743100,,,,,,
encode,396,2600,,,,,,
data_write,396,40200,,,,,,
data_sync,396,1347300,,,,,,
marker_write,396,31700,,,,,,
marker_sync,396,1320000,,,,,,
append,397,2700700,,,,,,
encode,397,3300,,,,,,
data_write,397,36500,,,,,,
data_sync,397,1318400,,,,,,
marker_write,397,28200,,,,,,
marker_sync,397,1313000,,,,,,
append,398,2644900,,,,,,
encode,398,2600,,,,,,
data_write,398,35600,,,,,,
data_sync,398,1294400,,,,,,
marker_write,398,26800,,,,,,
marker_sync,398,1284800,,,,,,
append,399,2622700,,,,,,
encode,399,1900,,,,,,
data_write,399,32600,,,,,,
data_sync,399,1284300,,,,,,
marker_write,399,26000,,,,,,
marker_sync,399,1277300,,,,,,
append,400,2644599,,,,,,
encode,400,1500,,,,,,
data_write,400,31700,,,,,,
data_sync,400,1281599,,,,,,
marker_write,400,26100,,,,,,
marker_sync,400,1302800,,,,,,
append,401,2796100,,,,,,
encode,401,1700,,,,,,
data_write,401,31900,,,,,,
data_sync,401,1338000,,,,,,
marker_write,401,35200,,,,,,
marker_sync,401,1387600,,,,,,
append,402,2810400,,,,,,
encode,402,2600,,,,,,
data_write,402,38500,,,,,,
data_sync,402,1398700,,,,,,
marker_write,402,33100,,,,,,
marker_sync,402,1335900,,,,,,
append,403,2733800,,,,,,
encode,403,2600,,,,,,
data_write,403,37700,,,,,,
data_sync,403,1315900,,,,,,
marker_write,403,28200,,,,,,
marker_sync,403,1348200,,,,,,
append,404,2704000,,,,,,
encode,404,2200,,,,,,
data_write,404,35000,,,,,,
data_sync,404,1306000,,,,,,
marker_write,404,28500,,,,,,
marker_sync,404,1331400,,,,,,
append,405,2678700,,,,,,
encode,405,1600,,,,,,
data_write,405,33200,,,,,,
data_sync,405,1314700,,,,,,
marker_write,405,30800,,,,,,
marker_sync,405,1297000,,,,,,
append,406,2714099,,,,,,
encode,406,2000,,,,,,
data_write,406,33400,,,,,,
data_sync,406,1292399,,,,,,
marker_write,406,26300,,,,,,
marker_sync,406,1358700,,,,,,
append,407,2919100,,,,,,
encode,407,2300,,,,,,
data_write,407,43400,,,,,,
data_sync,407,1414300,,,,,,
marker_write,407,31200,,,,,,
marker_sync,407,1427100,,,,,,
append,408,2929500,,,,,,
encode,408,2100,,,,,,
data_write,408,26800,,,,,,
data_sync,408,1490200,,,,,,
marker_write,408,33200,,,,,,
marker_sync,408,1376000,,,,,,
append,409,2705300,,,,,,
encode,409,2600,,,,,,
data_write,409,37500,,,,,,
data_sync,409,1325700,,,,,,
marker_write,409,31500,,,,,,
marker_sync,409,1307000,,,,,,
append,410,2640300,,,,,,
encode,410,2100,,,,,,
data_write,410,34800,,,,,,
data_sync,410,1287000,,,,,,
marker_write,410,28200,,,,,,
marker_sync,410,1286900,,,,,,
append,411,2640500,,,,,,
encode,411,2200,,,,,,
data_write,411,37700,,,,,,
data_sync,411,1291100,,,,,,
marker_write,411,34100,,,,,,
marker_sync,411,1274600,,,,,,
append,412,2731899,,,,,,
encode,412,1700,,,,,,
data_write,412,32800,,,,,,
data_sync,412,1273299,,,,,,
marker_write,412,30200,,,,,,
marker_sync,412,1392300,,,,,,
append,413,2785100,,,,,,
encode,413,2200,,,,,,
data_write,413,44000,,,,,,
data_sync,413,1381400,,,,,,
marker_write,413,35900,,,,,,
marker_sync,413,1320200,,,,,,
append,414,2769400,,,,,,
encode,414,2000,,,,,,
data_write,414,37500,,,,,,
data_sync,414,1323500,,,,,,
marker_write,414,30500,,,,,,
marker_sync,414,1374500,,,,,,
append,415,2758900,,,,,,
encode,415,2600,,,,,,
data_write,415,36700,,,,,,
data_sync,415,1358500,,,,,,
marker_write,415,29800,,,,,,
marker_sync,415,1330200,,,,,,
append,416,2785100,,,,,,
encode,416,1900,,,,,,
data_write,416,42500,,,,,,
data_sync,416,1404000,,,,,,
marker_write,416,27300,,,,,,
marker_sync,416,1308200,,,,,,
append,417,2681400,,,,,,
encode,417,1700,,,,,,
data_write,417,35300,,,,,,
data_sync,417,1298200,,,,,,
marker_write,417,32200,,,,,,
marker_sync,417,1312800,,,,,,
append,418,2829399,,,,,,
encode,418,1800,,,,,,
data_write,418,33800,,,,,,
data_sync,418,1345199,,,,,,
marker_write,418,29800,,,,,,
marker_sync,418,1417600,,,,,,
append,419,3051600,,,,,,
encode,419,1900,,,,,,
data_write,419,38200,,,,,,
data_sync,419,1479500,,,,,,
marker_write,419,31200,,,,,,
marker_sync,419,1499600,,,,,,
append,420,2703000,,,,,,
encode,420,1900,,,,,,
data_write,420,37900,,,,,,
data_sync,420,1344600,,,,,,
marker_write,420,31700,,,,,,
marker_sync,420,1285500,,,,,,
append,421,2887400,,,,,,
encode,421,2100,,,,,,
data_write,421,35300,,,,,,
data_sync,421,1351800,,,,,,
marker_write,421,31600,,,,,,
marker_sync,421,1465300,,,,,,
append,422,3194100,,,,,,
encode,422,2300,,,,,,
data_write,422,40200,,,,,,
data_sync,422,1404600,,,,,,
marker_write,422,45100,,,,,,
marker_sync,422,1699800,,,,,,
append,423,2924999,,,,,,
encode,423,3900,,,,,,
data_write,423,43500,,,,,,
data_sync,423,1465899,,,,,,
marker_write,423,36300,,,,,,
marker_sync,423,1373600,,,,,,
append,424,3114900,,,,,,
encode,424,3100,,,,,,
data_write,424,39900,,,,,,
data_sync,424,1488600,,,,,,
marker_write,424,32700,,,,,,
marker_sync,424,1549000,,,,,,
append,425,2922700,,,,,,
encode,425,3100,,,,,,
data_write,425,36800,,,,,,
data_sync,425,1438200,,,,,,
marker_write,425,32800,,,,,,
marker_sync,425,1410100,,,,,,
append,426,10259099,,,,,,
encode,426,3800,,,,,,
data_write,426,38300,,,,,,
data_sync,426,2102400,,,,,,
marker_write,426,30100,,,,,,
marker_sync,426,8082099,,,,,,
append,427,3184200,,,,,,
encode,427,4800,,,,,,
data_write,427,48000,,,,,,
data_sync,427,1760000,,,,,,
marker_write,427,31900,,,,,,
marker_sync,427,1337800,,,,,,
append,428,2763000,,,,,,
encode,428,2900,,,,,,
data_write,428,37300,,,,,,
data_sync,428,1311400,,,,,,
marker_write,428,28900,,,,,,
marker_sync,428,1381500,,,,,,
append,429,3037700,,,,,,
encode,429,2200,,,,,,
data_write,429,33800,,,,,,
data_sync,429,1331800,,,,,,
marker_write,429,32300,,,,,,
marker_sync,429,1636100,,,,,,
append,430,3152900,,,,,,
encode,430,3300,,,,,,
data_write,430,39200,,,,,,
data_sync,430,1601100,,,,,,
marker_write,430,48700,,,,,,
marker_sync,430,1458700,,,,,,
append,431,2823399,,,,,,
encode,431,3600,,,,,,
data_write,431,38900,,,,,,
data_sync,431,1400200,,,,,,
marker_write,431,30100,,,,,,
marker_sync,431,1349299,,,,,,
append,432,2907300,,,,,,
encode,432,2400,,,,,,
data_write,432,37500,,,,,,
data_sync,432,1363400,,,,,,
marker_write,432,31400,,,,,,
marker_sync,432,1471100,,,,,,
append,433,2938600,,,,,,
encode,433,3300,,,,,,
data_write,433,37600,,,,,,
data_sync,433,1444700,,,,,,
marker_write,433,32800,,,,,,
marker_sync,433,1418900,,,,,,
append,434,2858500,,,,,,
encode,434,2300,,,,,,
data_write,434,35900,,,,,,
data_sync,434,1344600,,,,,,
marker_write,434,31200,,,,,,
marker_sync,434,1443300,,,,,,
append,435,2760400,,,,,,
encode,435,2700,,,,,,
data_write,435,38700,,,,,,
data_sync,435,1332300,,,,,,
marker_write,435,30300,,,,,,
marker_sync,435,1355200,,,,,,
append,436,2749500,,,,,,
encode,436,2000,,,,,,
data_write,436,35300,,,,,,
data_sync,436,1344800,,,,,,
marker_write,436,30400,,,,,,
marker_sync,436,1335800,,,,,,
append,437,2790200,,,,,,
encode,437,2100,,,,,,
data_write,437,34200,,,,,,
data_sync,437,1320500,,,,,,
marker_write,437,27900,,,,,,
marker_sync,437,1404300,,,,,,
append,438,2818700,,,,,,
encode,438,2300,,,,,,
data_write,438,37100,,,,,,
data_sync,438,1380800,,,,,,
marker_write,438,31500,,,,,,
marker_sync,438,1365800,,,,,,
append,439,2730700,,,,,,
encode,439,2400,,,,,,
data_write,439,36000,,,,,,
data_sync,439,1340300,,,,,,
marker_write,439,28400,,,,,,
marker_sync,439,1322700,,,,,,
append,440,2733900,,,,,,
encode,440,1600,,,,,,
data_write,440,33100,,,,,,
data_sync,440,1318700,,,,,,
marker_write,440,31100,,,,,,
marker_sync,440,1348200,,,,,,
append,441,2747400,,,,,,
encode,441,2100,,,,,,
data_write,441,36700,,,,,,
data_sync,441,1345100,,,,,,
marker_write,441,30400,,,,,,
marker_sync,441,1332200,,,,,,
append,442,2707300,,,,,,
encode,442,1900,,,,,,
data_write,442,36100,,,,,,
data_sync,442,1327900,,,,,,
marker_write,442,28700,,,,,,
marker_sync,442,1311800,,,,,,
append,443,3197700,,,,,,
encode,443,1600,,,,,,
data_write,443,41300,,,,,,
data_sync,443,1724000,,,,,,
marker_write,443,30600,,,,,,
marker_sync,443,1399000,,,,,,
append,444,2915400,,,,,,
encode,444,2300,,,,,,
data_write,444,37400,,,,,,
data_sync,444,1430500,,,,,,
marker_write,444,32600,,,,,,
marker_sync,444,1411700,,,,,,
append,445,2814500,,,,,,
encode,445,2000,,,,,,
data_write,445,36400,,,,,,
data_sync,445,1374200,,,,,,
marker_write,445,29200,,,,,,
marker_sync,445,1371800,,,,,,
append,446,2827200,,,,,,
encode,446,1900,,,,,,
data_write,446,39900,,,,,,
data_sync,446,1349400,,,,,,
marker_write,446,27100,,,,,,
marker_sync,446,1407900,,,,,,
append,447,2848000,,,,,,
encode,447,1900,,,,,,
data_write,447,36000,,,,,,
data_sync,447,1412200,,,,,,
marker_write,447,28300,,,,,,
marker_sync,447,1368800,,,,,,
append,448,2979300,,,,,,
encode,448,1700,,,,,,
data_write,448,34800,,,,,,
data_sync,448,1507600,,,,,,
marker_write,448,29100,,,,,,
marker_sync,448,1405000,,,,,,
append,449,3232900,,,,,,
encode,449,1800,,,,,,
data_write,449,40500,,,,,,
data_sync,449,1600800,,,,,,
marker_write,449,37400,,,,,,
marker_sync,449,1551000,,,,,,
append,450,3058200,,,,,,
encode,450,2900,,,,,,
data_write,450,43000,,,,,,
data_sync,450,1511400,,,,,,
marker_write,450,33000,,,,,,
marker_sync,450,1466700,,,,,,
append,451,2717400,,,,,,
encode,451,2500,,,,,,
data_write,451,40000,,,,,,
data_sync,451,1332800,,,,,,
marker_write,451,31000,,,,,,
marker_sync,451,1310000,,,,,,
append,452,2737100,,,,,,
encode,452,2400,,,,,,
data_write,452,37900,,,,,,
data_sync,452,1331000,,,,,,
marker_write,452,31800,,,,,,
marker_sync,452,1332600,,,,,,
append,453,2762900,,,,,,
encode,453,2100,,,,,,
data_write,453,37400,,,,,,
data_sync,453,1307900,,,,,,
marker_write,453,32800,,,,,,
marker_sync,453,1381600,,,,,,
append,454,2946600,,,,,,
encode,454,2600,,,,,,
data_write,454,41700,,,,,,
data_sync,454,1451600,,,,,,
marker_write,454,38000,,,,,,
marker_sync,454,1411500,,,,,,
append,455,2877300,,,,,,
encode,455,2800,,,,,,
data_write,455,38300,,,,,,
data_sync,455,1438000,,,,,,
marker_write,455,32700,,,,,,
marker_sync,455,1364300,,,,,,
append,456,2702900,,,,,,
encode,456,2400,,,,,,
data_write,456,36500,,,,,,
data_sync,456,1326400,,,,,,
marker_write,456,30800,,,,,,
marker_sync,456,1305500,,,,,,
append,457,2708900,,,,,,
encode,457,2000,,,,,,
data_write,457,32900,,,,,,
data_sync,457,1323800,,,,,,
marker_write,457,28600,,,,,,
marker_sync,457,1320200,,,,,,
append,458,2762000,,,,,,
encode,458,1700,,,,,,
data_write,458,32500,,,,,,
data_sync,458,1342300,,,,,,
marker_write,458,31600,,,,,,
marker_sync,458,1352500,,,,,,
append,459,2744401,,,,,,
encode,459,1700,,,,,,
data_write,459,34300,,,,,,
data_sync,459,1350100,,,,,,
marker_write,459,27500,,,,,,
marker_sync,459,1329701,,,,,,
append,460,2934400,,,,,,
encode,460,1900,,,,,,
data_write,460,31400,,,,,,
data_sync,460,1529800,,,,,,
marker_write,460,33800,,,,,,
marker_sync,460,1335700,,,,,,
append,461,4001600,,,,,,
encode,461,3500,,,,,,
data_write,461,38700,,,,,,
data_sync,461,1342300,,,,,,
marker_write,461,28100,,,,,,
marker_sync,461,2587300,,,,,,
append,462,2892900,,,,,,
encode,462,3400,,,,,,
data_write,462,44600,,,,,,
data_sync,462,1436800,,,,,,
marker_write,462,32700,,,,,,
marker_sync,462,1373800,,,,,,
append,463,2871000,,,,,,
encode,463,3100,,,,,,
data_write,463,40200,,,,,,
data_sync,463,1307600,,,,,,
marker_write,463,28900,,,,,,
marker_sync,463,1489800,,,,,,
append,464,2937000,,,,,,
encode,464,2700,,,,,,
data_write,464,37500,,,,,,
data_sync,464,1414500,,,,,,
marker_write,464,34100,,,,,,
marker_sync,464,1445600,,,,,,
append,465,3196500,,,,,,
encode,465,5400,,,,,,
data_write,465,49200,,,,,,
data_sync,465,1548500,,,,,,
marker_write,465,44400,,,,,,
marker_sync,465,1546700,,,,,,
append,466,2882600,,,,,,
encode,466,4900,,,,,,
data_write,466,49300,,,,,,
data_sync,466,1438900,,,,,,
marker_write,466,34300,,,,,,
marker_sync,466,1352900,,,,,,
append,467,2796600,,,,,,
encode,467,2800,,,,,,
data_write,467,34700,,,,,,
data_sync,467,1353000,,,,,,
marker_write,467,28900,,,,,,
marker_sync,467,1375800,,,,,,
append,468,2711300,,,,,,
encode,468,2300,,,,,,
data_write,468,38900,,,,,,
data_sync,468,1331000,,,,,,
marker_write,468,30700,,,,,,
marker_sync,468,1307200,,,,,,
append,469,2742400,,,,,,
encode,469,1800,,,,,,
data_write,469,35400,,,,,,
data_sync,469,1334900,,,,,,
marker_write,469,31300,,,,,,
marker_sync,469,1337800,,,,,,
append,470,2916200,,,,,,
encode,470,2200,,,,,,
data_write,470,37000,,,,,,
data_sync,470,1382300,,,,,,
marker_write,470,31100,,,,,,
marker_sync,470,1462300,,,,,,
append,471,2770400,,,,,,
encode,471,3700,,,,,,
data_write,471,45400,,,,,,
data_sync,471,1379400,,,,,,
marker_write,471,32600,,,,,,
marker_sync,471,1308000,,,,,,
append,472,2741100,,,,,,
encode,472,2600,,,,,,
data_write,472,38100,,,,,,
data_sync,472,1361700,,,,,,
marker_write,472,28900,,,,,,
marker_sync,472,1308800,,,,,,
append,473,2768300,,,,,,
encode,473,2000,,,,,,
data_write,473,37900,,,,,,
data_sync,473,1320200,,,,,,
marker_write,473,29200,,,,,,
marker_sync,473,1377800,,,,,,
append,474,2705700,,,,,,
encode,474,2000,,,,,,
data_write,474,38000,,,,,,
data_sync,474,1327500,,,,,,
marker_write,474,29400,,,,,,
marker_sync,474,1307800,,,,,,
append,475,2773500,,,,,,
encode,475,2100,,,,,,
data_write,475,34700,,,,,,
data_sync,475,1390900,,,,,,
marker_write,475,30800,,,,,,
marker_sync,475,1314100,,,,,,
append,476,2737500,,,,,,
encode,476,2000,,,,,,
data_write,476,34700,,,,,,
data_sync,476,1281800,,,,,,
marker_write,476,28100,,,,,,
marker_sync,476,1389800,,,,,,
append,477,2671700,,,,,,
encode,477,2100,,,,,,
data_write,477,37100,,,,,,
data_sync,477,1317500,,,,,,
marker_write,477,28400,,,,,,
marker_sync,477,1285600,,,,,,
append,478,2678200,,,,,,
encode,478,1800,,,,,,
data_write,478,51300,,,,,,
data_sync,478,1290300,,,,,,
marker_write,478,26600,,,,,,
marker_sync,478,1306900,,,,,,
append,479,2683700,,,,,,
encode,479,2000,,,,,,
data_write,479,38500,,,,,,
data_sync,479,1288900,,,,,,
marker_write,479,32300,,,,,,
marker_sync,479,1321000,,,,,,
append,480,2681100,,,,,,
encode,480,1700,,,,,,
data_write,480,32100,,,,,,
data_sync,480,1323400,,,,,,
marker_write,480,26300,,,,,,
marker_sync,480,1296800,,,,,,
append,481,2770800,,,,,,
encode,481,1500,,,,,,
data_write,481,32100,,,,,,
data_sync,481,1324600,,,,,,
marker_write,481,26200,,,,,,
marker_sync,481,1385300,,,,,,
append,482,2739500,,,,,,
encode,482,1600,,,,,,
data_write,482,34100,,,,,,
data_sync,482,1319900,,,,,,
marker_write,482,26500,,,,,,
marker_sync,482,1356600,,,,,,
append,483,2832400,,,,,,
encode,483,1800,,,,,,
data_write,483,33200,,,,,,
data_sync,483,1352700,,,,,,
marker_write,483,28500,,,,,,
marker_sync,483,1414800,,,,,,
append,484,2914100,,,,,,
encode,484,2200,,,,,,
data_write,484,39000,,,,,,
data_sync,484,1467300,,,,,,
marker_write,484,31400,,,,,,
marker_sync,484,1372600,,,,,,
append,485,2837400,,,,,,
encode,485,3400,,,,,,
data_write,485,37600,,,,,,
data_sync,485,1378800,,,,,,
marker_write,485,29800,,,,,,
marker_sync,485,1386300,,,,,,
append,486,2888001,,,,,,
encode,486,3400,,,,,,
data_write,486,36100,,,,,,
data_sync,486,1405301,,,,,,
marker_write,486,33300,,,,,,
marker_sync,486,1407500,,,,,,
append,487,3222300,,,,,,
encode,487,3100,,,,,,
data_write,487,35200,,,,,,
data_sync,487,1458900,,,,,,
marker_write,487,40600,,,,,,
marker_sync,487,1682400,,,,,,
append,488,3187200,,,,,,
encode,488,3400,,,,,,
data_write,488,42000,,,,,,
data_sync,488,1703600,,,,,,
marker_write,488,34600,,,,,,
marker_sync,488,1402000,,,,,,
append,489,2686100,,,,,,
encode,489,3100,,,,,,
data_write,489,37500,,,,,,
data_sync,489,1323800,,,,,,
marker_write,489,30600,,,,,,
marker_sync,489,1289900,,,,,,
append,490,2635700,,,,,,
encode,490,2400,,,,,,
data_write,490,34300,,,,,,
data_sync,490,1267100,,,,,,
marker_write,490,26400,,,,,,
marker_sync,490,1304400,,,,,,
append,491,2913500,,,,,,
encode,491,1800,,,,,,
data_write,491,35100,,,,,,
data_sync,491,1395900,,,,,,
marker_write,491,38200,,,,,,
marker_sync,491,1441200,,,,,,
append,492,3028300,,,,,,
encode,492,2900,,,,,,
data_write,492,36400,,,,,,
data_sync,492,1453200,,,,,,
marker_write,492,31300,,,,,,
marker_sync,492,1503400,,,,,,
append,493,3080700,,,,,,
encode,493,2300,,,,,,
data_write,493,35500,,,,,,
data_sync,493,1503900,,,,,,
marker_write,493,34100,,,,,,
marker_sync,493,1502800,,,,,,
append,494,2741400,,,,,,
encode,494,3000,,,,,,
data_write,494,37300,,,,,,
data_sync,494,1338800,,,,,,
marker_write,494,31400,,,,,,
marker_sync,494,1329400,,,,,,
append,495,2894000,,,,,,
encode,495,2700,,,,,,
data_write,495,44200,,,,,,
data_sync,495,1455600,,,,,,
marker_write,495,32000,,,,,,
marker_sync,495,1358200,,,,,,
append,496,2838300,,,,,,
encode,496,2200,,,,,,
data_write,496,36200,,,,,,
data_sync,496,1395400,,,,,,
marker_write,496,31500,,,,,,
marker_sync,496,1371600,,,,,,
append,497,3024000,,,,,,
encode,497,2600,,,,,,
data_write,497,38000,,,,,,
data_sync,497,1458300,,,,,,
marker_write,497,36300,,,,,,
marker_sync,497,1487000,,,,,,
append,498,3066000,,,,,,
encode,498,3500,,,,,,
data_write,498,41900,,,,,,
data_sync,498,1435000,,,,,,
marker_write,498,41700,,,,,,
marker_sync,498,1541000,,,,,,
append,499,3444100,,,,,,
encode,499,3500,,,,,,
data_write,499,52700,,,,,,
data_sync,499,1755200,,,,,,
marker_write,499,35500,,,,,,
marker_sync,499,1594500,,,,,,
append,500,3234900,,,,,,
encode,500,4000,,,,,,
data_write,500,42700,,,,,,
data_sync,500,1618600,,,,,,
marker_write,500,37300,,,,,,
marker_sync,500,1529900,,,,,,
append,501,3230400,,,,,,
encode,501,4200,,,,,,
data_write,501,47300,,,,,,
data_sync,501,1520500,,,,,,
marker_write,501,35100,,,,,,
marker_sync,501,1620500,,,,,,
append,502,3140700,,,,,,
encode,502,5700,,,,,,
data_write,502,59200,,,,,,
data_sync,502,1585500,,,,,,
marker_write,502,35400,,,,,,
marker_sync,502,1452500,,,,,,
append,503,2995000,,,,,,
encode,503,3900,,,,,,
data_write,503,43600,,,,,,
data_sync,503,1444500,,,,,,
marker_write,503,35900,,,,,,
marker_sync,503,1464600,,,,,,
append,504,3066200,,,,,,
encode,504,3900,,,,,,
data_write,504,46300,,,,,,
data_sync,504,1507000,,,,,,
marker_write,504,35000,,,,,,
marker_sync,504,1472000,,,,,,
append,505,3003500,,,,,,
encode,505,3600,,,,,,
data_write,505,42800,,,,,,
data_sync,505,1465200,,,,,,
marker_write,505,36100,,,,,,
marker_sync,505,1453000,,,,,,
append,506,3094100,,,,,,
encode,506,3800,,,,,,
data_write,506,40900,,,,,,
data_sync,506,1437100,,,,,,
marker_write,506,35600,,,,,,
marker_sync,506,1574600,,,,,,
append,507,3308700,,,,,,
encode,507,3600,,,,,,
data_write,507,43000,,,,,,
data_sync,507,1575900,,,,,,
marker_write,507,39500,,,,,,
marker_sync,507,1644200,,,,,,
append,508,3188700,,,,,,
encode,508,4100,,,,,,
data_write,508,49300,,,,,,
data_sync,508,1426600,,,,,,
marker_write,508,41600,,,,,,
marker_sync,508,1664600,,,,,,
append,509,3640200,,,,,,
encode,509,8600,,,,,,
data_write,509,62800,,,,,,
data_sync,509,1737600,,,,,,
marker_write,509,55100,,,,,,
marker_sync,509,1772900,,,,,,
append,510,3583000,,,,,,
encode,510,5700,,,,,,
data_write,510,68500,,,,,,
data_sync,510,1751100,,,,,,
marker_write,510,39200,,,,,,
marker_sync,510,1716200,,,,,,
append,511,3612101,,,,,,
encode,511,31001,,,,,,
data_write,511,53900,,,,,,
data_sync,511,1714600,,,,,,
marker_write,511,27000,,,,,,
marker_sync,511,1782300,,,,,,
append,512,3027700,,,,,,
encode,512,3700,,,,,,
data_write,512,69700,,,,,,
data_sync,512,1509300,,,,,,
marker_write,512,37800,,,,,,
marker_sync,512,1404500,,,,,,
append,513,3145100,,,,,,
encode,513,2900,,,,,,
data_write,513,43000,,,,,,
data_sync,513,1517900,,,,,,
marker_write,513,45400,,,,,,
marker_sync,513,1533500,,,,,,
append,514,2871800,,,,,,
encode,514,3500,,,,,,
data_write,514,43300,,,,,,
data_sync,514,1400100,,,,,,
marker_write,514,34400,,,,,,
marker_sync,514,1388400,,,,,,
append,515,3120300,,,,,,
encode,515,3100,,,,,,
data_write,515,75600,,,,,,
data_sync,515,1483600,,,,,,
marker_write,515,32700,,,,,,
marker_sync,515,1523200,,,,,,
append,516,2766200,,,,,,
encode,516,2900,,,,,,
data_write,516,37000,,,,,,
data_sync,516,1370800,,,,,,
marker_write,516,36100,,,,,,
marker_sync,516,1317600,,,,,,
append,517,2720300,,,,,,
encode,517,3800,,,,,,
data_write,517,40300,,,,,,
data_sync,517,1303300,,,,,,
marker_write,517,36200,,,,,,
marker_sync,517,1334500,,,,,,
append,518,2646600,,,,,,
encode,518,3200,,,,,,
data_write,518,41000,,,,,,
data_sync,518,1253600,,,,,,
marker_write,518,33000,,,,,,
marker_sync,518,1314300,,,,,,
append,519,2617900,,,,,,
encode,519,2600,,,,,,
data_write,519,41700,,,,,,
data_sync,519,1289500,,,,,,
marker_write,519,29800,,,,,,
marker_sync,519,1253000,,,,,,
append,520,2863300,,,,,,
encode,520,1700,,,,,,
data_write,520,34500,,,,,,
data_sync,520,1372300,,,,,,
marker_write,520,35900,,,,,,
marker_sync,520,1417100,,,,,,
append,521,2750300,,,,,,
encode,521,3300,,,,,,
data_write,521,119100,,,,,,
data_sync,521,1319300,,,,,,
marker_write,521,33500,,,,,,
marker_sync,521,1272800,,,,,,
append,522,2653300,,,,,,
encode,522,2500,,,,,,
data_write,522,36800,,,,,,
data_sync,522,1315800,,,,,,
marker_write,522,34100,,,,,,
marker_sync,522,1262600,,,,,,
append,523,2587000,,,,,,
encode,523,2500,,,,,,
data_write,523,41200,,,,,,
data_sync,523,1237000,,,,,,
marker_write,523,33100,,,,,,
marker_sync,523,1271800,,,,,,
append,524,2916300,,,,,,
encode,524,2700,,,,,,
data_write,524,41200,,,,,,
data_sync,524,1311600,,,,,,
marker_write,524,40000,,,,,,
marker_sync,524,1518800,,,,,,
append,525,3309200,,,,,,
encode,525,4600,,,,,,
data_write,525,53100,,,,,,
data_sync,525,1598600,,,,,,
marker_write,525,44500,,,,,,
marker_sync,525,1605300,,,,,,
append,526,3568600,,,,,,
encode,526,3600,,,,,,
data_write,526,54200,,,,,,
data_sync,526,1890700,,,,,,
marker_write,526,45500,,,,,,
marker_sync,526,1571900,,,,,,
append,527,3106000,,,,,,
encode,527,5500,,,,,,
data_write,527,51700,,,,,,
data_sync,527,1631700,,,,,,
marker_write,527,37400,,,,,,
marker_sync,527,1377400,,,,,,
append,528,2751300,,,,,,
encode,528,3300,,,,,,
data_write,528,40300,,,,,,
data_sync,528,1336300,,,,,,
marker_write,528,34200,,,,,,
marker_sync,528,1335800,,,,,,
append,529,3110400,,,,,,
encode,529,2700,,,,,,
data_write,529,39100,,,,,,
data_sync,529,1491700,,,,,,
marker_write,529,33100,,,,,,
marker_sync,529,1541400,,,,,,
append,530,3244200,,,,,,
encode,530,3700,,,,,,
data_write,530,45300,,,,,,
data_sync,530,1556300,,,,,,
marker_write,530,34500,,,,,,
marker_sync,530,1602000,,,,,,
append,531,3083400,,,,,,
encode,531,4500,,,,,,
data_write,531,47800,,,,,,
data_sync,531,1523100,,,,,,
marker_write,531,35800,,,,,,
marker_sync,531,1469900,,,,,,
append,532,2922400,,,,,,
encode,532,4000,,,,,,
data_write,532,40600,,,,,,
data_sync,532,1390800,,,,,,
marker_write,532,34800,,,,,,
marker_sync,532,1450300,,,,,,
append,533,2803800,,,,,,
encode,533,3500,,,,,,
data_write,533,40800,,,,,,
data_sync,533,1340700,,,,,,
marker_write,533,32200,,,,,,
marker_sync,533,1385200,,,,,,
append,534,2916600,,,,,,
encode,534,3600,,,,,,
data_write,534,38600,,,,,,
data_sync,534,1397800,,,,,,
marker_write,534,35800,,,,,,
marker_sync,534,1438500,,,,,,
append,535,2992400,,,,,,
encode,535,3000,,,,,,
data_write,535,40000,,,,,,
data_sync,535,1494600,,,,,,
marker_write,535,49500,,,,,,
marker_sync,535,1403600,,,,,,
append,536,2910601,,,,,,
encode,536,3000,,,,,,
data_write,536,37300,,,,,,
data_sync,536,1357600,,,,,,
marker_write,536,39300,,,,,,
marker_sync,536,1470701,,,,,,
append,537,2834500,,,,,,
encode,537,3900,,,,,,
data_write,537,46200,,,,,,
data_sync,537,1408000,,,,,,
marker_write,537,40500,,,,,,
marker_sync,537,1333700,,,,,,
append,538,3221800,,,,,,
encode,538,3900,,,,,,
data_write,538,44300,,,,,,
data_sync,538,1449700,,,,,,
marker_write,538,67100,,,,,,
marker_sync,538,1651800,,,,,,
append,539,3484000,,,,,,
encode,539,9400,,,,,,
data_write,539,100400,,,,,,
data_sync,539,1767500,,,,,,
marker_write,539,56900,,,,,,
marker_sync,539,1546600,,,,,,
append,540,3412000,,,,,,
encode,540,4900,,,,,,
data_write,540,58200,,,,,,
data_sync,540,1741300,,,,,,
marker_write,540,39300,,,,,,
marker_sync,540,1566100,,,,,,
append,541,3138600,,,,,,
encode,541,3900,,,,,,
data_write,541,43200,,,,,,
data_sync,541,1511300,,,,,,
marker_write,541,50700,,,,,,
marker_sync,541,1527400,,,,,,
append,542,3157000,,,,,,
encode,542,4100,,,,,,
data_write,542,50500,,,,,,
data_sync,542,1601200,,,,,,
marker_write,542,37600,,,,,,
marker_sync,542,1461200,,,,,,
append,543,3054900,,,,,,
encode,543,5000,,,,,,
data_write,543,52300,,,,,,
data_sync,543,1496200,,,,,,
marker_write,543,40000,,,,,,
marker_sync,543,1458700,,,,,,
append,544,2960900,,,,,,
encode,544,5400,,,,,,
data_write,544,60700,,,,,,
data_sync,544,1443400,,,,,,
marker_write,544,40800,,,,,,
marker_sync,544,1407800,,,,,,
append,545,3194700,,,,,,
encode,545,5800,,,,,,
data_write,545,57000,,,,,,
data_sync,545,1534400,,,,,,
marker_write,545,49400,,,,,,
marker_sync,545,1544900,,,,,,
append,546,3025100,,,,,,
encode,546,4300,,,,,,
data_write,546,52900,,,,,,
data_sync,546,1496600,,,,,,
marker_write,546,47200,,,,,,
marker_sync,546,1421300,,,,,,
append,547,2771300,,,,,,
encode,547,4000,,,,,,
data_write,547,48000,,,,,,
data_sync,547,1351400,,,,,,
marker_write,547,37200,,,,,,
marker_sync,547,1328200,,,,,,
append,548,2787400,,,,,,
encode,548,3900,,,,,,
data_write,548,44000,,,,,,
data_sync,548,1331200,,,,,,
marker_write,548,55100,,,,,,
marker_sync,548,1351300,,,,,,
append,549,2854900,,,,,,
encode,549,3800,,,,,,
data_write,549,44100,,,,,,
data_sync,549,1379100,,,,,,
marker_write,549,39700,,,,,,
marker_sync,549,1385500,,,,,,
append,550,2966600,,,,,,
encode,550,5200,,,,,,
data_write,550,55100,,,,,,
data_sync,550,1479200,,,,,,
marker_write,550,44600,,,,,,
marker_sync,550,1380000,,,,,,
append,551,2831600,,,,,,
encode,551,5800,,,,,,
data_write,551,57000,,,,,,
data_sync,551,1393500,,,,,,
marker_write,551,39200,,,,,,
marker_sync,551,1333600,,,,,,
append,552,2716200,,,,,,
encode,552,4000,,,,,,
data_write,552,45500,,,,,,
data_sync,552,1304600,,,,,,
marker_write,552,36300,,,,,,
marker_sync,552,1324200,,,,,,
append,553,2780600,,,,,,
encode,553,3500,,,,,,
data_write,553,42100,,,,,,
data_sync,553,1289900,,,,,,
marker_write,553,35100,,,,,,
marker_sync,553,1407900,,,,,,
append,554,2999400,,,,,,
encode,554,4000,,,,,,
data_write,554,55000,,,,,,
data_sync,554,1473000,,,,,,
marker_write,554,35900,,,,,,
marker_sync,554,1429300,,,,,,
append,555,2964700,,,,,,
encode,555,3800,,,,,,
data_write,555,40200,,,,,,
data_sync,555,1440100,,,,,,
marker_write,555,35300,,,,,,
marker_sync,555,1442900,,,,,,
append,556,3381000,,,,,,
encode,556,5600,,,,,,
data_write,556,67000,,,,,,
data_sync,556,1627400,,,,,,
marker_write,556,50500,,,,,,
marker_sync,556,1627600,,,,,,
append,557,3403400,,,,,,
encode,557,5100,,,,,,
data_write,557,62200,,,,,,
data_sync,557,1686800,,,,,,
marker_write,557,58100,,,,,,
marker_sync,557,1588000,,,,,,
append,558,3316000,,,,,,
encode,558,6400,,,,,,
data_write,558,62500,,,,,,
data_sync,558,1603700,,,,,,
marker_write,558,60300,,,,,,
marker_sync,558,1579600,,,,,,
append,559,3417900,,,,,,
encode,559,5700,,,,,,
data_write,559,97200,,,,,,
data_sync,559,1637500,,,,,,
marker_write,559,55000,,,,,,
marker_sync,559,1619200,,,,,,
append,560,3390400,,,,,,
encode,560,6400,,,,,,
data_write,560,63400,,,,,,
data_sync,560,1601700,,,,,,
marker_write,560,42900,,,,,,
marker_sync,560,1673600,,,,,,
append,561,3227001,,,,,,
encode,561,5400,,,,,,
data_write,561,63600,,,,,,
data_sync,561,1635001,,,,,,
marker_write,561,47200,,,,,,
marker_sync,561,1473500,,,,,,
append,562,2865800,,,,,,
encode,562,3400,,,,,,
data_write,562,43500,,,,,,
data_sync,562,1401900,,,,,,
marker_write,562,32700,,,,,,
marker_sync,562,1382500,,,,,,
append,563,2705600,,,,,,
encode,563,3200,,,,,,
data_write,563,44000,,,,,,
data_sync,563,1334100,,,,,,
marker_write,563,35300,,,,,,
marker_sync,563,1287300,,,,,,
append,564,2816200,,,,,,
encode,564,2700,,,,,,
data_write,564,41800,,,,,,
data_sync,564,1448700,,,,,,
marker_write,564,33700,,,,,,
marker_sync,564,1287600,,,,,,
append,565,2609900,,,,,,
encode,565,2700,,,,,,
data_write,565,39400,,,,,,
data_sync,565,1260000,,,,,,
marker_write,565,28600,,,,,,
marker_sync,565,1278000,,,,,,
append,566,2763900,,,,,,
encode,566,2000,,,,,,
data_write,566,40300,,,,,,
data_sync,566,1415300,,,,,,
marker_write,566,31900,,,,,,
marker_sync,566,1272700,,,,,,
append,567,2559100,,,,,,
encode,567,2600,,,,,,
data_write,567,40300,,,,,,
data_sync,567,1240600,,,,,,
marker_write,567,32100,,,,,,
marker_sync,567,1242400,,,,,,
append,568,2551200,,,,,,
encode,568,1900,,,,,,
data_write,568,36600,,,,,,
data_sync,568,1226500,,,,,,
marker_write,568,27600,,,,,,
marker_sync,568,1257700,,,,,,
append,569,2518100,,,,,,
encode,569,1600,,,,,,
data_write,569,33000,,,,,,
data_sync,569,1227400,,,,,,
marker_write,569,26900,,,,,,
marker_sync,569,1227500,,,,,,
append,570,2605000,,,,,,
encode,570,2000,,,,,,
data_write,570,39000,,,,,,
data_sync,570,1245800,,,,,,
marker_write,570,29500,,,,,,
marker_sync,570,1287500,,,,,,
append,571,2557700,,,,,,
encode,571,1800,,,,,,
data_write,571,36000,,,,,,
data_sync,571,1246500,,,,,,
marker_write,571,27900,,,,,,
marker_sync,571,1244400,,,,,,
append,572,2585200,,,,,,
encode,572,1700,,,,,,
data_write,572,35600,,,,,,
data_sync,572,1277000,,,,,,
marker_write,572,29100,,,,,,
marker_sync,572,1240200,,,,,,
append,573,2562200,,,,,,
encode,573,1500,,,,,,
data_write,573,33900,,,,,,
data_sync,573,1253000,,,,,,
marker_write,573,29000,,,,,,
marker_sync,573,1243500,,,,,,
append,574,2513900,,,,,,
encode,574,1600,,,,,,
data_write,574,33300,,,,,,
data_sync,574,1222000,,,,,,
marker_write,574,26900,,,,,,
marker_sync,574,1229400,,,,,,
append,575,2478500,,,,,,
encode,575,1400,,,,,,
data_write,575,33000,,,,,,
data_sync,575,1193700,,,,,,
marker_write,575,28000,,,,,,
marker_sync,575,1221500,,,,,,
append,576,2569400,,,,,,
encode,576,1300,,,,,,
data_write,576,32800,,,,,,
data_sync,576,1213100,,,,,,
marker_write,576,26900,,,,,,
marker_sync,576,1294300,,,,,,
append,577,2672300,,,,,,
encode,577,1400,,,,,,
data_write,577,37100,,,,,,
data_sync,577,1303800,,,,,,
marker_write,577,32500,,,,,,
marker_sync,577,1295800,,,,,,
append,578,2834600,,,,,,
encode,578,2300,,,,,,
data_write,578,35300,,,,,,
data_sync,578,1365700,,,,,,
marker_write,578,38900,,,,,,
marker_sync,578,1390400,,,,,,
append,579,2692300,,,,,,
encode,579,3100,,,,,,
data_write,579,42700,,,,,,
data_sync,579,1287600,,,,,,
marker_write,579,38000,,,,,,
marker_sync,579,1319200,,,,,,
append,580,2561400,,,,,,
encode,580,2700,,,,,,
data_write,580,39600,,,,,,
data_sync,580,1240700,,,,,,
marker_write,580,32400,,,,,,
marker_sync,580,1244600,,,,,,
append,581,2555900,,,,,,
encode,581,2400,,,,,,
data_write,581,37700,,,,,,
data_sync,581,1233900,,,,,,
marker_write,581,28400,,,,,,
marker_sync,581,1252500,,,,,,
append,582,2698700,,,,,,
encode,582,1500,,,,,,
data_write,582,42800,,,,,,
data_sync,582,1350300,,,,,,
marker_write,582,33800,,,,,,
marker_sync,582,1269200,,,,,,
append,583,2655800,,,,,,
encode,583,1700,,,,,,
data_write,583,36400,,,,,,
data_sync,583,1298200,,,,,,
marker_write,583,30100,,,,,,
marker_sync,583,1288400,,,,,,
append,584,3063800,,,,,,
encode,584,2300,,,,,,
data_write,584,41800,,,,,,
data_sync,584,1593000,,,,,,
marker_write,584,31300,,,,,,
marker_sync,584,1394100,,,,,,
append,585,3087500,,,,,,
encode,585,2800,,,,,,
data_write,585,42600,,,,,,
data_sync,585,1593000,,,,,,
marker_write,585,32000,,,,,,
marker_sync,585,1415000,,,,,,
append,586,2803000,,,,,,
encode,586,3800,,,,,,
data_write,586,43500,,,,,,
data_sync,586,1328400,,,,,,
marker_write,586,33400,,,,,,
marker_sync,586,1392100,,,,,,
append,587,2745500,,,,,,
encode,587,3100,,,,,,
data_write,587,42700,,,,,,
data_sync,587,1361600,,,,,,
marker_write,587,32300,,,,,,
marker_sync,587,1304500,,,,,,
append,588,2683500,,,,,,
encode,588,2200,,,,,,
data_write,588,40100,,,,,,
data_sync,588,1307200,,,,,,
marker_write,588,33200,,,,,,
marker_sync,588,1299400,,,,,,
append,589,2882801,,,,,,
encode,589,2100,,,,,,
data_write,589,39300,,,,,,
data_sync,589,1304200,,,,,,
marker_write,589,31300,,,,,,
marker_sync,589,1504601,,,,,,
append,590,2845200,,,,,,
encode,590,2700,,,,,,
data_write,590,39700,,,,,,
data_sync,590,1357900,,,,,,
marker_write,590,34800,,,,,,
marker_sync,590,1407600,,,,,,
append,591,3030200,,,,,,
encode,591,3000,,,,,,
data_write,591,43800,,,,,,
data_sync,591,1523500,,,,,,
marker_write,591,45800,,,,,,
marker_sync,591,1411500,,,,,,
append,592,3044000,,,,,,
encode,592,3900,,,,,,
data_write,592,44900,,,,,,
data_sync,592,1530700,,,,,,
marker_write,592,52200,,,,,,
marker_sync,592,1409900,,,,,,
append,593,2848900,,,,,,
encode,593,4100,,,,,,
data_write,593,43700,,,,,,
data_sync,593,1323600,,,,,,
marker_write,593,29200,,,,,,
marker_sync,593,1446800,,,,,,
append,594,3131100,,,,,,
encode,594,2800,,,,,,
data_write,594,41700,,,,,,
data_sync,594,1411500,,,,,,
marker_write,594,33200,,,,,,
marker_sync,594,1640300,,,,,,
append,595,3246400,,,,,,
encode,595,4000,,,,,,
data_write,595,40300,,,,,,
data_sync,595,1589800,,,,,,
marker_write,595,31600,,,,,,
marker_sync,595,1579000,,,,,,
append,596,2817300,,,,,,
encode,596,2500,,,,,,
data_write,596,43900,,,,,,
data_sync,596,1414400,,,,,,
marker_write,596,30800,,,,,,
marker_sync,596,1324300,,,,,,
append,597,2578700,,,,,,
encode,597,2200,,,,,,
data_write,597,39800,,,,,,
data_sync,597,1260200,,,,,,
marker_write,597,27400,,,,,,
marker_sync,597,1248300,,,,,,
append,598,2549000,,,,,,
encode,598,2200,,,,,,
data_write,598,37100,,,,,,
data_sync,598,1254900,,,,,,
marker_write,598,27200,,,,,,
marker_sync,598,1226900,,,,,,
append,599,2534100,,,,,,
encode,599,1500,,,,,,
data_write,599,33200,,,,,,
data_sync,599,1237800,,,,,,
marker_write,599,26800,,,,,,
marker_sync,599,1233300,,,,,,
append,600,2785500,,,,,,
encode,600,2300,,,,,,
data_write,600,41900,,,,,,
data_sync,600,1282700,,,,,,
marker_write,600,34300,,,,,,
marker_sync,600,1422800,,,,,,
append,601,3058100,,,,,,
encode,601,2500,,,,,,
data_write,601,40500,,,,,,
data_sync,601,1555700,,,,,,
marker_write,601,38800,,,,,,
marker_sync,601,1418100,,,,,,
append,602,2711000,,,,,,
encode,602,4100,,,,,,
data_write,602,47100,,,,,,
data_sync,602,1332400,,,,,,
marker_write,602,35700,,,,,,
marker_sync,602,1290100,,,,,,
append,603,2585500,,,,,,
encode,603,2200,,,,,,
data_write,603,38100,,,,,,
data_sync,603,1260500,,,,,,
marker_write,603,31200,,,,,,
marker_sync,603,1252100,,,,,,
append,604,2582200,,,,,,
encode,604,2400,,,,,,
data_write,604,40300,,,,,,
data_sync,604,1261400,,,,,,
marker_write,604,30500,,,,,,
marker_sync,604,1246500,,,,,,
append,605,2583800,,,,,,
encode,605,1900,,,,,,
data_write,605,36900,,,,,,
data_sync,605,1259800,,,,,,
marker_write,605,32500,,,,,,
marker_sync,605,1251600,,,,,,
append,606,2780300,,,,,,
encode,606,1900,,,,,,
data_write,606,36900,,,,,,
data_sync,606,1404600,,,,,,
marker_write,606,29200,,,,,,
marker_sync,606,1306600,,,,,,
append,607,2722700,,,,,,
encode,607,2100,,,,,,
data_write,607,42800,,,,,,
data_sync,607,1352000,,,,,,
marker_write,607,29500,,,,,,
marker_sync,607,1294900,,,,,,
append,608,2619600,,,,,,
encode,608,1700,,,,,,
data_write,608,32900,,,,,,
data_sync,608,1288800,,,,,,
marker_write,608,32500,,,,,,
marker_sync,608,1262500,,,,,,
append,609,2847100,,,,,,
encode,609,1800,,,,,,
data_write,609,42300,,,,,,
data_sync,609,1415900,,,,,,
marker_write,609,30800,,,,,,
marker_sync,609,1354900,,,,,,
append,610,3422300,,,,,,
encode,610,3800,,,,,,
data_write,610,44500,,,,,,
data_sync,610,1572500,,,,,,
marker_write,610,42800,,,,,,
marker_sync,610,1756600,,,,,,
append,611,2877300,,,,,,
encode,611,4400,,,,,,
data_write,611,43100,,,,,,
data_sync,611,1449100,,,,,,
marker_write,611,32600,,,,,,
marker_sync,611,1346400,,,,,,
append,612,2786600,,,,,,
encode,612,3200,,,,,,
data_write,612,34800,,,,,,
data_sync,612,1366200,,,,,,
marker_write,612,30000,,,,,,
marker_sync,612,1350400,,,,,,
append,613,2804000,,,,,,
encode,613,3600,,,,,,
data_write,613,41600,,,,,,
data_sync,613,1353700,,,,,,
marker_write,613,28300,,,,,,
marker_sync,613,1374800,,,,,,
append,614,2901400,,,,,,
encode,614,3600,,,,,,
data_write,614,43400,,,,,,
data_sync,614,1418000,,,,,,
marker_write,614,42500,,,,,,
marker_sync,614,1391100,,,,,,
append,615,3159700,,,,,,
encode,615,5100,,,,,,
data_write,615,58500,,,,,,
data_sync,615,1606100,,,,,,
marker_write,615,34500,,,,,,
marker_sync,615,1453300,,,,,,
append,616,2653501,,,,,,
encode,616,3300,,,,,,
data_write,616,36700,,,,,,
data_sync,616,1305400,,,,,,
marker_write,616,31001,,,,,,
marker_sync,616,1275600,,,,,,
append,617,2673300,,,,,,
encode,617,2700,,,,,,
data_write,617,34200,,,,,,
data_sync,617,1290500,,,,,,
marker_write,617,41000,,,,,,
marker_sync,617,1303600,,,,,,
append,618,2638500,,,,,,
encode,618,2100,,,,,,
data_write,618,37000,,,,,,
data_sync,618,1247100,,,,,,
marker_write,618,27300,,,,,,
marker_sync,618,1323700,,,,,,
append,619,2711900,,,,,,
encode,619,2400,,,,,,
data_write,619,41000,,,,,,
data_sync,619,1312900,,,,,,
marker_write,619,31300,,,,,,
marker_sync,619,1322200,,,,,,
append,620,2782100,,,,,,
encode,620,3100,,,,,,
data_write,620,43300,,,,,,
data_sync,620,1319500,,,,,,
marker_write,620,30900,,,,,,
marker_sync,620,1383900,,,,,,
append,621,2866600,,,,,,
encode,621,2500,,,,,,
data_write,621,38500,,,,,,
data_sync,621,1406400,,,,,,
marker_write,621,34800,,,,,,
marker_sync,621,1382900,,,,,,
append,622,2842600,,,,,,
encode,622,3700,,,,,,
data_write,622,41500,,,,,,
data_sync,622,1400700,,,,,,
marker_write,622,33200,,,,,,
marker_sync,622,1361700,,,,,,
append,623,2923500,,,,,,
encode,623,3400,,,,,,
data_write,623,41400,,,,,,
data_sync,623,1466000,,,,,,
marker_write,623,33200,,,,,,
marker_sync,623,1377900,,,,,,
append,624,2774000,,,,,,
encode,624,2700,,,,,,
data_write,624,37100,,,,,,
data_sync,624,1329000,,,,,,
marker_write,624,32400,,,,,,
marker_sync,624,1371400,,,,,,
append,625,2790000,,,,,,
encode,625,3000,,,,,,
data_write,625,39700,,,,,,
data_sync,625,1381600,,,,,,
marker_write,625,30900,,,,,,
marker_sync,625,1333300,,,,,,
append,626,2801600,,,,,,
encode,626,2200,,,,,,
data_write,626,33200,,,,,,
data_sync,626,1343300,,,,,,
marker_write,626,32800,,,,,,
marker_sync,626,1388900,,,,,,
append,627,2594300,,,,,,
encode,627,2600,,,,,,
data_write,627,38600,,,,,,
data_sync,627,1269600,,,,,,
marker_write,627,30400,,,,,,
marker_sync,627,1251900,,,,,,
append,628,2626100,,,,,,
encode,628,2900,,,,,,
data_write,628,40000,,,,,,
data_sync,628,1254400,,,,,,
marker_write,628,32200,,,,,,
marker_sync,628,1294800,,,,,,
append,629,3352700,,,,,,
encode,629,2900,,,,,,
data_write,629,48700,,,,,,
data_sync,629,1550600,,,,,,
marker_write,629,49100,,,,,,
marker_sync,629,1699800,,,,,,
append,630,2861400,,,,,,
encode,630,3900,,,,,,
data_write,630,42100,,,,,,
data_sync,630,1417700,,,,,,
marker_write,630,34500,,,,,,
marker_sync,630,1361500,,,,,,
append,631,2640100,,,,,,
encode,631,2900,,,,,,
data_write,631,42000,,,,,,
data_sync,631,1291600,,,,,,
marker_write,631,31700,,,,,,
marker_sync,631,1270700,,,,,,
append,632,2598500,,,,,,
encode,632,2600,,,,,,
data_write,632,36600,,,,,,
data_sync,632,1260500,,,,,,
marker_write,632,30800,,,,,,
marker_sync,632,1267000,,,,,,
append,633,2678100,,,,,,
encode,633,2400,,,,,,
data_write,633,36300,,,,,,
data_sync,633,1255500,,,,,,
marker_write,633,30500,,,,,,
marker_sync,633,1352300,,,,,,
append,634,2625900,,,,,,
encode,634,2100,,,,,,
data_write,634,39500,,,,,,
data_sync,634,1246800,,,,,,
marker_write,634,33600,,,,,,
marker_sync,634,1302500,,,,,,
append,635,2764200,,,,,,
encode,635,2300,,,,,,
data_write,635,43600,,,,,,
data_sync,635,1373500,,,,,,
marker_write,635,33600,,,,,,
marker_sync,635,1309700,,,,,,
append,636,2727900,,,,,,
encode,636,3300,,,,,,
data_write,636,38500,,,,,,
data_sync,636,1332700,,,,,,
marker_write,636,31000,,,,,,
marker_sync,636,1321100,,,,,,
append,637,2716000,,,,,,
encode,637,2400,,,,,,
data_write,637,47100,,,,,,
data_sync,637,1378200,,,,,,
marker_write,637,31700,,,,,,
marker_sync,637,1255400,,,,,,
append,638,2577400,,,,,,
encode,638,2000,,,,,,
data_write,638,34300,,,,,,
data_sync,638,1233600,,,,,,
marker_write,638,32800,,,,,,
marker_sync,638,1273500,,,,,,
append,639,2598000,,,,,,
encode,639,2100,,,,,,
data_write,639,37500,,,,,,
data_sync,639,1244000,,,,,,
marker_write,639,27700,,,,,,
marker_sync,639,1285600,,,,,,
append,640,2719700,,,,,,
encode,640,2000,,,,,,
data_write,640,38800,,,,,,
data_sync,640,1260200,,,,,,
marker_write,640,30400,,,,,,
marker_sync,640,1387300,,,,,,
append,641,2842800,,,,,,
encode,641,1600,,,,,,
data_write,641,37900,,,,,,
data_sync,641,1393100,,,,,,
marker_write,641,40300,,,,,,
marker_sync,641,1368500,,,,,,
append,642,2704000,,,,,,
encode,642,2700,,,,,,
data_write,642,42800,,,,,,
data_sync,642,1294400,,,,,,
marker_write,642,31500,,,,,,
marker_sync,642,1331400,,,,,,
append,643,2714300,,,,,,
encode,643,2600,,,,,,
data_write,643,37900,,,,,,
data_sync,643,1344100,,,,,,
marker_write,643,33800,,,,,,
marker_sync,643,1294000,,,,,,
append,644,2653001,,,,,,
encode,644,2800,,,,,,
data_write,644,34700,,,,,,
data_sync,644,1304801,,,,,,
marker_write,644,33200,,,,,,
marker_sync,644,1276200,,,,,,
append,645,2621600,,,,,,
encode,645,2800,,,,,,
data_write,645,39300,,,,,,
data_sync,645,1266300,,,,,,
marker_write,645,31300,,,,,,
marker_sync,645,1280700,,,,,,
append,646,2865900,,,,,,
encode,646,2300,,,,,,
data_write,646,38100,,,,,,
data_sync,646,1404500,,,,,,
marker_write,646,32200,,,,,,
marker_sync,646,1387700,,,,,,
append,647,2925600,,,,,,
encode,647,2500,,,,,,
data_write,647,38000,,,,,,
data_sync,647,1561600,,,,,,
marker_write,647,32200,,,,,,
marker_sync,647,1289900,,,,,,
append,648,2872800,,,,,,
encode,648,2500,,,,,,
data_write,648,38700,,,,,,
data_sync,648,1346100,,,,,,
marker_write,648,35900,,,,,,
marker_sync,648,1448300,,,,,,
append,649,2607700,,,,,,
encode,649,2800,,,,,,
data_write,649,39900,,,,,,
data_sync,649,1270500,,,,,,
marker_write,649,30100,,,,,,
marker_sync,649,1263000,,,,,,
append,650,2584200,,,,,,
encode,650,2200,,,,,,
data_write,650,31900,,,,,,
data_sync,650,1263700,,,,,,
marker_write,650,26500,,,,,,
marker_sync,650,1258600,,,,,,
append,651,2637500,,,,,,
encode,651,1900,,,,,,
data_write,651,36200,,,,,,
data_sync,651,1306600,,,,,,
marker_write,651,28700,,,,,,
marker_sync,651,1262700,,,,,,
append,652,2613500,,,,,,
encode,652,1700,,,,,,
data_write,652,35500,,,,,,
data_sync,652,1272300,,,,,,
marker_write,652,33100,,,,,,
marker_sync,652,1269600,,,,,,
append,653,2634300,,,,,,
encode,653,2000,,,,,,
data_write,653,27900,,,,,,
data_sync,653,1282800,,,,,,
marker_write,653,29400,,,,,,
marker_sync,653,1290900,,,,,,
append,654,2614100,,,,,,
encode,654,2000,,,,,,
data_write,654,39500,,,,,,
data_sync,654,1256700,,,,,,
marker_write,654,33000,,,,,,
marker_sync,654,1281500,,,,,,
append,655,2722900,,,,,,
encode,655,2300,,,,,,
data_write,655,38500,,,,,,
data_sync,655,1372300,,,,,,
marker_write,655,33100,,,,,,
marker_sync,655,1275100,,,,,,
append,656,2649000,,,,,,
encode,656,3200,,,,,,
data_write,656,57000,,,,,,
data_sync,656,1300000,,,,,,
marker_write,656,33200,,,,,,
marker_sync,656,1254200,,,,,,
append,657,2558800,,,,,,
encode,657,2400,,,,,,
data_write,657,38600,,,,,,
data_sync,657,1262000,,,,,,
marker_write,657,33800,,,,,,
marker_sync,657,1220500,,,,,,
append,658,2549700,,,,,,
encode,658,2300,,,,,,
data_write,658,34600,,,,,,
data_sync,658,1236600,,,,,,
marker_write,658,31800,,,,,,
marker_sync,658,1243300,,,,,,
append,659,2574200,,,,,,
encode,659,1900,,,,,,
data_write,659,38500,,,,,,
data_sync,659,1242000,,,,,,
marker_write,659,29700,,,,,,
marker_sync,659,1260900,,,,,,
append,660,2610300,,,,,,
encode,660,2200,,,,,,
data_write,660,33200,,,,,,
data_sync,660,1258800,,,,,,
marker_write,660,29200,,,,,,
marker_sync,660,1285800,,,,,,
append,661,2658800,,,,,,
encode,661,2000,,,,,,
data_write,661,41100,,,,,,
data_sync,661,1285800,,,,,,
marker_write,661,28900,,,,,,
marker_sync,661,1300000,,,,,,
append,662,2702600,,,,,,
encode,662,1700,,,,,,
data_write,662,37000,,,,,,
data_sync,662,1306100,,,,,,
marker_write,662,33500,,,,,,
marker_sync,662,1322900,,,,,,
append,663,2754000,,,,,,
encode,663,2300,,,,,,
data_write,663,34000,,,,,,
data_sync,663,1293600,,,,,,
marker_write,663,27800,,,,,,
marker_sync,663,1395300,,,,,,
append,664,2826700,,,,,,
encode,664,2100,,,,,,
data_write,664,35900,,,,,,
data_sync,664,1453000,,,,,,
marker_write,664,29100,,,,,,
marker_sync,664,1305100,,,,,,
append,665,2686200,,,,,,
encode,665,2500,,,,,,
data_write,665,44100,,,,,,
data_sync,665,1387600,,,,,,
marker_write,665,31500,,,,,,
marker_sync,665,1219300,,,,,,
append,666,2522200,,,,,,
encode,666,2000,,,,,,
data_write,666,35100,,,,,,
data_sync,666,1198900,,,,,,
marker_write,666,30400,,,,,,
marker_sync,666,1254800,,,,,,
append,667,2456000,,,,,,
encode,667,1700,,,,,,
data_write,667,35100,,,,,,
data_sync,667,1187200,,,,,,
marker_write,667,26600,,,,,,
marker_sync,667,1204400,,,,,,
append,668,2629300,,,,,,
encode,668,1600,,,,,,
data_write,668,36900,,,,,,
data_sync,668,1296700,,,,,,
marker_write,668,32100,,,,,,
marker_sync,668,1260500,,,,,,
append,669,2497500,,,,,,
encode,669,2500,,,,,,
data_write,669,39000,,,,,,
data_sync,669,1235200,,,,,,
marker_write,669,32200,,,,,,
marker_sync,669,1187200,,,,,,
append,670,2698300,,,,,,
encode,670,1800,,,,,,
data_write,670,33200,,,,,,
data_sync,670,1279400,,,,,,
marker_write,670,33400,,,,,,
marker_sync,670,1349300,,,,,,
append,671,2612700,,,,,,
encode,671,2400,,,,,,
data_write,671,37100,,,,,,
data_sync,671,1286600,,,,,,
marker_write,671,31700,,,,,,
marker_sync,671,1253800,,,,,,
append,672,2533601,,,,,,
encode,672,1800,,,,,,
data_write,672,36300,,,,,,
data_sync,672,1224300,,,,,,
marker_write,672,28900,,,,,,
marker_sync,672,1240901,,,,,,
append,673,2537200,,,,,,
encode,673,2200,,,,,,
data_write,673,38900,,,,,,
data_sync,673,1237600,,,,,,
marker_write,673,29400,,,,,,
marker_sync,673,1228100,,,,,,
append,674,2563800,,,,,,
encode,674,1600,,,,,,
data_write,674,35300,,,,,,
data_sync,674,1245400,,,,,,
marker_write,674,32200,,,,,,
marker_sync,674,1248200,,,,,,
append,675,2531400,,,,,,
encode,675,1600,,,,,,
data_write,675,36500,,,,,,
data_sync,675,1229700,,,,,,
marker_write,675,30000,,,,,,
marker_sync,675,1232300,,,,,,
append,676,2566800,,,,,,
encode,676,2000,,,,,,
data_write,676,38600,,,,,,
data_sync,676,1242700,,,,,,
marker_write,676,32800,,,,,,
marker_sync,676,1249600,,,,,,
append,677,2647100,,,,,,
encode,677,1700,,,,,,
data_write,677,36100,,,,,,
data_sync,677,1246900,,,,,,
marker_write,677,51600,,,,,,
marker_sync,677,1309400,,,,,,
append,678,2535800,,,,,,
encode,678,2300,,,,,,
data_write,678,37400,,,,,,
data_sync,678,1247300,,,,,,
marker_write,678,29900,,,,,,
marker_sync,678,1217500,,,,,,
append,679,2476700,,,,,,
encode,679,2000,,,,,,
data_write,679,41600,,,,,,
data_sync,679,1193200,,,,,,
marker_write,679,27200,,,,,,
marker_sync,679,1211800,,,,,,
append,680,2501500,,,,,,
encode,680,1400,,,,,,
data_write,680,31800,,,,,,
data_sync,680,1205900,,,,,,
marker_write,680,26500,,,,,,
marker_sync,680,1234800,,,,,,
append,681,2600700,,,,,,
encode,681,1900,,,,,,
data_write,681,39800,,,,,,
data_sync,681,1305000,,,,,,
marker_write,681,30900,,,,,,
marker_sync,681,1222000,,,,,,
append,682,2602000,,,,,,
encode,682,1700,,,,,,
data_write,682,35400,,,,,,
data_sync,682,1203400,,,,,,
marker_write,682,31100,,,,,,
marker_sync,682,1329700,,,,,,
append,683,2825900,,,,,,
encode,683,1700,,,,,,
data_write,683,34900,,,,,,
data_sync,683,1416600,,,,,,
marker_write,683,26700,,,,,,
marker_sync,683,1345000,,,,,,
append,684,2771500,,,,,,
encode,684,1600,,,,,,
data_write,684,34600,,,,,,
data_sync,684,1441200,,,,,,
marker_write,684,27000,,,,,,
marker_sync,684,1266000,,,,,,
append,685,2634600,,,,,,
encode,685,1600,,,,,,
data_write,685,32200,,,,,,
data_sync,685,1319700,,,,,,
marker_write,685,31300,,,,,,
marker_sync,685,1248500,,,,,,
append,686,2876700,,,,,,
encode,686,1800,,,,,,
data_write,686,37600,,,,,,
data_sync,686,1240300,,,,,,
marker_write,686,27300,,,,,,
marker_sync,686,1569000,,,,,,
append,687,2623700,,,,,,
encode,687,1400,,,,,,
data_write,687,35100,,,,,,
data_sync,687,1273400,,,,,,
marker_write,687,27400,,,,,,
marker_sync,687,1285500,,,,,,
append,688,2956200,,,,,,
encode,688,1400,,,,,,
data_write,688,33400,,,,,,
data_sync,688,1399300,,,,,,
marker_write,688,31300,,,,,,
marker_sync,688,1489500,,,,,,
append,689,2803100,,,,,,
encode,689,2200,,,,,,
data_write,689,37500,,,,,,
data_sync,689,1395700,,,,,,
marker_write,689,31400,,,,,,
marker_sync,689,1335100,,,,,,
append,690,2680300,,,,,,
encode,690,2200,,,,,,
data_write,690,36600,,,,,,
data_sync,690,1287900,,,,,,
marker_write,690,29900,,,,,,
marker_sync,690,1322700,,,,,,
append,691,2703100,,,,,,
encode,691,2000,,,,,,
data_write,691,35300,,,,,,
data_sync,691,1335000,,,,,,
marker_write,691,28700,,,,,,
marker_sync,691,1301100,,,,,,
append,692,2755300,,,,,,
encode,692,1700,,,,,,
data_write,692,35600,,,,,,
data_sync,692,1295500,,,,,,
marker_write,692,33400,,,,,,
marker_sync,692,1388100,,,,,,
append,693,2681900,,,,,,
encode,693,1400,,,,,,
data_write,693,33800,,,,,,
data_sync,693,1281600,,,,,,
marker_write,693,32200,,,,,,
marker_sync,693,1331200,,,,,,
append,694,3166500,,,,,,
encode,694,2500,,,,,,
data_write,694,36600,,,,,,
data_sync,694,1542000,,,,,,
marker_write,694,39700,,,,,,
marker_sync,694,1543100,,,,,,
append,695,3044300,,,,,,
encode,695,5900,,,,,,
data_write,695,48500,,,,,,
data_sync,695,1429600,,,,,,
marker_write,695,55900,,,,,,
marker_sync,695,1501600,,,,,,
append,696,2769400,,,,,,
encode,696,4600,,,,,,
data_write,696,48100,,,,,,
data_sync,696,1340600,,,,,,
marker_write,696,52900,,,,,,
marker_sync,696,1321400,,,,,,
append,697,2760900,,,,,,
encode,697,3600,,,,,,
data_write,697,38900,,,,,,
data_sync,697,1320700,,,,,,
marker_write,697,31600,,,,,,
marker_sync,697,1364400,,,,,,
append,698,2727400,,,,,,
encode,698,2600,,,,,,
data_write,698,36200,,,,,,
data_sync,698,1300200,,,,,,
marker_write,698,29900,,,,,,
marker_sync,698,1357100,,,,,,
append,699,2833100,,,,,,
encode,699,3000,,,,,,
data_write,699,39600,,,,,,
data_sync,699,1352300,,,,,,
marker_write,699,38100,,,,,,
marker_sync,699,1398100,,,,,,
append,700,2851800,,,,,,
encode,700,4100,,,,,,
data_write,700,49000,,,,,,
data_sync,700,1365600,,,,,,
marker_write,700,38600,,,,,,
marker_sync,700,1392400,,,,,,
append,701,2666101,,,,,,
encode,701,3300,,,,,,
data_write,701,39700,,,,,,
data_sync,701,1311101,,,,,,
marker_write,701,27600,,,,,,
marker_sync,701,1282800,,,,,,
append,702,2831400,,,,,,
encode,702,2500,,,,,,
data_write,702,37100,,,,,,
data_sync,702,1420900,,,,,,
marker_write,702,38800,,,,,,
marker_sync,702,1330800,,,,,,
append,703,2665900,,,,,,
encode,703,3300,,,,,,
data_write,703,38800,,,,,,
data_sync,703,1297600,,,,,,
marker_write,703,31800,,,,,,
marker_sync,703,1293000,,,,,,
append,704,2654100,,,,,,
encode,704,2100,,,,,,
data_write,704,36000,,,,,,
data_sync,704,1272700,,,,,,
marker_write,704,29800,,,,,,
marker_sync,704,1311500,,,,,,
append,705,2762300,,,,,,
encode,705,2500,,,,,,
data_write,705,42000,,,,,,
data_sync,705,1378200,,,,,,
marker_write,705,34100,,,,,,
marker_sync,705,1304100,,,,,,
append,706,2769800,,,,,,
encode,706,2800,,,,,,
data_write,706,37800,,,,,,
data_sync,706,1372200,,,,,,
marker_write,706,31900,,,,,,
marker_sync,706,1322900,,,,,,
append,707,2670300,,,,,,
encode,707,2700,,,,,,
data_write,707,36900,,,,,,
data_sync,707,1292500,,,,,,
marker_write,707,31200,,,,,,
marker_sync,707,1305100,,,,,,
append,708,2993700,,,,,,
encode,708,2800,,,,,,
data_write,708,34600,,,,,,
data_sync,708,1435700,,,,,,
marker_write,708,35000,,,,,,
marker_sync,708,1484100,,,,,,
append,709,2779200,,,,,,
encode,709,3100,,,,,,
data_write,709,37100,,,,,,
data_sync,709,1431400,,,,,,
marker_write,709,33100,,,,,,
marker_sync,709,1273400,,,,,,
append,710,2705100,,,,,,
encode,710,2100,,,,,,
data_write,710,36300,,,,,,
data_sync,710,1276400,,,,,,
marker_write,710,32300,,,,,,
marker_sync,710,1356300,,,,,,
append,711,2570400,,,,,,
encode,711,3700,,,,,,
data_write,711,41600,,,,,,
data_sync,711,1274300,,,,,,
marker_write,711,31100,,,,,,
marker_sync,711,1218000,,,,,,
append,712,2497800,,,,,,
encode,712,2300,,,,,,
data_write,712,33000,,,,,,
data_sync,712,1219300,,,,,,
marker_write,712,26500,,,,,,
marker_sync,712,1215700,,,,,,
append,713,2521200,,,,,,
encode,713,1700,,,,,,
data_write,713,34300,,,,,,
data_sync,713,1245800,,,,,,
marker_write,713,26700,,,,,,
marker_sync,713,1211900,,,,,,
append,714,2529700,,,,,,
encode,714,1300,,,,,,
data_write,714,31700,,,,,,
data_sync,714,1256200,,,,,,
marker_write,714,28300,,,,,,
marker_sync,714,1210900,,,,,,
append,715,2502700,,,,,,
encode,715,1600,,,,,,
data_write,715,31700,,,,,,
data_sync,715,1218800,,,,,,
marker_write,715,26300,,,,,,
marker_sync,715,1222900,,,,,,
append,716,2660400,,,,,,
encode,716,2000,,,,,,
data_write,716,38600,,,,,,
data_sync,716,1232200,,,,,,
marker_write,716,29900,,,,,,
marker_sync,716,1356500,,,,,,
append,717,2883700,,,,,,
encode,717,2000,,,,,,
data_write,717,36000,,,,,,
data_sync,717,1522100,,,,,,
marker_write,717,29700,,,,,,
marker_sync,717,1292500,,,,,,
append,718,2553200,,,,,,
encode,718,2100,,,,,,
data_write,718,33100,,,,,,
data_sync,718,1269000,,,,,,
marker_write,718,26900,,,,,,
marker_sync,718,1221200,,,,,,
append,719,2548100,,,,,,
encode,719,1700,,,,,,
data_write,719,34200,,,,,,
data_sync,719,1249500,,,,,,
marker_write,719,26400,,,,,,
marker_sync,719,1235600,,,,,,
append,720,2717200,,,,,,
encode,720,1200,,,,,,
data_write,720,38600,,,,,,
data_sync,720,1351000,,,,,,
marker_write,720,28400,,,,,,
marker_sync,720,1296600,,,,,,
append,721,2660500,,,,,,
encode,721,1500,,,,,,
data_write,721,32000,,,,,,
data_sync,721,1302000,,,,,,
marker_write,721,25800,,,,,,
marker_sync,721,1298100,,,,,,
append,722,2741600,,,,,,
encode,722,1600,,,,,,
data_write,722,34300,,,,,,
data_sync,722,1296500,,,,,,
marker_write,722,28600,,,,,,
marker_sync,722,1379000,,,,,,
append,723,3012000,,,,,,
encode,723,3500,,,,,,
data_write,723,48100,,,,,,
data_sync,723,1539800,,,,,,
marker_write,723,41800,,,,,,
marker_sync,723,1377500,,,,,,
append,724,2858200,,,,,,
encode,724,3400,,,,,,
data_write,724,38700,,,,,,
data_sync,724,1351700,,,,,,
marker_write,724,31200,,,,,,
marker_sync,724,1431700,,,,,,
append,725,2702200,,,,,,
encode,725,3500,,,,,,
data_write,725,37000,,,,,,
data_sync,725,1320300,,,,,,
marker_write,725,32400,,,,,,
marker_sync,725,1307700,,,,,,
append,726,2829600,,,,,,
encode,726,2000,,,,,,
data_write,726,35100,,,,,,
data_sync,726,1424700,,,,,,
marker_write,726,31000,,,,,,
marker_sync,726,1335200,,,,,,
append,727,2647900,,,,,,
encode,727,3200,,,,,,
data_write,727,39500,,,,,,
data_sync,727,1304000,,,,,,
marker_write,727,33900,,,,,,
marker_sync,727,1265700,,,,,,
append,728,2842400,,,,,,
encode,728,2500,,,,,,
data_write,728,32800,,,,,,
data_sync,728,1388100,,,,,,
marker_write,728,45500,,,,,,
marker_sync,728,1371100,,,,,,
append,729,2863801,,,,,,
encode,729,3400,,,,,,
data_write,729,40900,,,,,,
data_sync,729,1412501,,,,,,
marker_write,729,51800,,,,,,
marker_sync,729,1353000,,,,,,
append,730,2676100,,,,,,
encode,730,2900,,,,,,
data_write,730,39600,,,,,,
data_sync,730,1327000,,,,,,
marker_write,730,32600,,,,,,
marker_sync,730,1272800,,,,,,
append,731,2555700,,,,,,
encode,731,2200,,,,,,
data_write,731,36100,,,,,,
data_sync,731,1246400,,,,,,
marker_write,731,31000,,,,,,
marker_sync,731,1238500,,,,,,
append,732,2542800,,,,,,
encode,732,2300,,,,,,
data_write,732,39900,,,,,,
data_sync,732,1228500,,,,,,
marker_write,732,28300,,,,,,
marker_sync,732,1243100,,,,,,
append,733,2523400,,,,,,
encode,733,1600,,,,,,
data_write,733,33600,,,,,,
data_sync,733,1242600,,,,,,
marker_write,733,27300,,,,,,
marker_sync,733,1216700,,,,,,
append,734,3453000,,,,,,
encode,734,1500,,,,,,
data_write,734,31500,,,,,,
data_sync,734,1549600,,,,,,
marker_write,734,77700,,,,,,
marker_sync,734,1791400,,,,,,
append,735,3376700,,,,,,
encode,735,2500,,,,,,
data_write,735,44300,,,,,,
data_sync,735,1550700,,,,,,
marker_write,735,49600,,,,,,
marker_sync,735,1727900,,,,,,
append,736,3456600,,,,,,
encode,736,2900,,,,,,
data_write,736,37500,,,,,,
data_sync,736,2063500,,,,,,
marker_write,736,33400,,,,,,
marker_sync,736,1318000,,,,,,
append,737,2623800,,,,,,
encode,737,2300,,,,,,
data_write,737,35800,,,,,,
data_sync,737,1271800,,,,,,
marker_write,737,29400,,,,,,
marker_sync,737,1283300,,,,,,
append,738,2544900,,,,,,
encode,738,2300,,,,,,
data_write,738,34300,,,,,,
data_sync,738,1251500,,,,,,
marker_write,738,31300,,,,,,
marker_sync,738,1224400,,,,,,
append,739,2590300,,,,,,
encode,739,2400,,,,,,
data_write,739,36300,,,,,,
data_sync,739,1252500,,,,,,
marker_write,739,30900,,,,,,
marker_sync,739,1266900,,,,,,
append,740,2527200,,,,,,
encode,740,2600,,,,,,
data_write,740,34300,,,,,,
data_sync,740,1243700,,,,,,
marker_write,740,30200,,,,,,
marker_sync,740,1215300,,,,,,
append,741,2652300,,,,,,
encode,741,1700,,,,,,
data_write,741,33500,,,,,,
data_sync,741,1301200,,,,,,
marker_write,741,33000,,,,,,
marker_sync,741,1281700,,,,,,
append,742,2560200,,,,,,
encode,742,2500,,,,,,
data_write,742,35900,,,,,,
data_sync,742,1263700,,,,,,
marker_write,742,25900,,,,,,
marker_sync,742,1231000,,,,,,
append,743,2608200,,,,,,
encode,743,1600,,,,,,
data_write,743,31500,,,,,,
data_sync,743,1231900,,,,,,
marker_write,743,26900,,,,,,
marker_sync,743,1315300,,,,,,
append,744,2579000,,,,,,
encode,744,2300,,,,,,
data_write,744,35700,,,,,,
data_sync,744,1246000,,,,,,
marker_write,744,25800,,,,,,
marker_sync,744,1267900,,,,,,
append,745,2680100,,,,,,
encode,745,2200,,,,,,
data_write,745,38700,,,,,,
data_sync,745,1274600,,,,,,
marker_write,745,29000,,,,,,
marker_sync,745,1334100,,,,,,
append,746,2645200,,,,,,
encode,746,2800,,,,,,
data_write,746,40500,,,,,,
data_sync,746,1314200,,,,,,
marker_write,746,30200,,,,,,
marker_sync,746,1256100,,,,,,
append,747,2611000,,,,,,
encode,747,2100,,,,,,
data_write,747,36500,,,,,,
data_sync,747,1246000,,,,,,
marker_write,747,29600,,,,,,
marker_sync,747,1295900,,,,,,
append,748,2628500,,,,,,
encode,748,1900,,,,,,
data_write,748,43700,,,,,,
data_sync,748,1303900,,,,,,
marker_write,748,31500,,,,,,
marker_sync,748,1246200,,,,,,
append,749,2591200,,,,,,
encode,749,2000,,,,,,
data_write,749,38300,,,,,,
data_sync,749,1268000,,,,,,
marker_write,749,30200,,,,,,
marker_sync,749,1251600,,,,,,
append,750,2565400,,,,,,
encode,750,2000,,,,,,
data_write,750,36500,,,,,,
data_sync,750,1245500,,,,,,
marker_write,750,30400,,,,,,
marker_sync,750,1250100,,,,,,
append,751,2730100,,,,,,
encode,751,2000,,,,,,
data_write,751,35500,,,,,,
data_sync,751,1255700,,,,,,
marker_write,751,31500,,,,,,
marker_sync,751,1404200,,,,,,
append,752,2802100,,,,,,
encode,752,1900,,,,,,
data_write,752,33600,,,,,,
data_sync,752,1343700,,,,,,
marker_write,752,28900,,,,,,
marker_sync,752,1392700,,,,,,
append,753,2540200,,,,,,
encode,753,2200,,,,,,
data_write,753,39500,,,,,,
data_sync,753,1245700,,,,,,
marker_write,753,29100,,,,,,
marker_sync,753,1222500,,,,,,
append,754,2578600,,,,,,
encode,754,1900,,,,,,
data_write,754,36900,,,,,,
data_sync,754,1273900,,,,,,
marker_write,754,30200,,,,,,
marker_sync,754,1234700,,,,,,
append,755,2520100,,,,,,
encode,755,1900,,,,,,
data_write,755,37300,,,,,,
data_sync,755,1229900,,,,,,
marker_write,755,30600,,,,,,
marker_sync,755,1219200,,,,,,
append,756,2503200,,,,,,
encode,756,1800,,,,,,
data_write,756,37200,,,,,,
data_sync,756,1219400,,,,,,
marker_write,756,30100,,,,,,
marker_sync,756,1213500,,,,,,
append,757,2825501,,,,,,
encode,757,1800,,,,,,
data_write,757,36700,,,,,,
data_sync,757,1255201,,,,,,
marker_write,757,30300,,,,,,
marker_sync,757,1500600,,,,,,
append,758,2807000,,,,,,
encode,758,1800,,,,,,
data_write,758,36200,,,,,,
data_sync,758,1439500,,,,,,
marker_write,758,30600,,,,,,
marker_sync,758,1297900,,,,,,
append,759,2625700,,,,,,
encode,759,2000,,,,,,
data_write,759,35400,,,,,,
data_sync,759,1286700,,,,,,
marker_write,759,27700,,,,,,
marker_sync,759,1272500,,,,,,
append,760,2641000,,,,,,
encode,760,2100,,,,,,
data_write,760,37300,,,,,,
data_sync,760,1297400,,,,,,
marker_write,760,29100,,,,,,
marker_sync,760,1273900,,,,,,
append,761,2645000,,,,,,
encode,761,1800,,,,,,
data_write,761,32400,,,,,,
data_sync,761,1291700,,,,,,
marker_write,761,30000,,,,,,
marker_sync,761,1288000,,,,,,
append,762,2664700,,,,,,
encode,762,1700,,,,,,
data_write,762,34300,,,,,,
data_sync,762,1277500,,,,,,
marker_write,762,26800,,,,,,
marker_sync,762,1323200,,,,,,
append,763,2880300,,,,,,
encode,763,1700,,,,,,
data_write,763,35300,,,,,,
data_sync,763,1345900,,,,,,
marker_write,763,32500,,,,,,
marker_sync,763,1463300,,,,,,
append,764,2731600,,,,,,
encode,764,2200,,,,,,
data_write,764,40500,,,,,,
data_sync,764,1357500,,,,,,
marker_write,764,32800,,,,,,
marker_sync,764,1296600,,,,,,
append,765,3034000,,,,,,
encode,765,2400,,,,,,
data_write,765,34400,,,,,,
data_sync,765,1510500,,,,,,
marker_write,765,35300,,,,,,
marker_sync,765,1449700,,,,,,
append,766,2977100,,,,,,
encode,766,3000,,,,,,
data_write,766,35900,,,,,,
data_sync,766,1528700,,,,,,
marker_write,766,29300,,,,,,
marker_sync,766,1378300,,,,,,
append,767,2621900,,,,,,
encode,767,2400,,,,,,
data_write,767,41400,,,,,,
data_sync,767,1285400,,,,,,
marker_write,767,30400,,,,,,
marker_sync,767,1261100,,,,,,
append,768,2557700,,,,,,
encode,768,1900,,,,,,
data_write,768,35500,,,,,,
data_sync,768,1242700,,,,,,
marker_write,768,30600,,,,,,
marker_sync,768,1245800,,,,,,
append,769,2554700,,,,,,
encode,769,1700,,,,,,
data_write,769,33800,,,,,,
data_sync,769,1257500,,,,,,
marker_write,769,26900,,,,,,
marker_sync,769,1233700,,,,,,
append,770,2618600,,,,,,
encode,770,1500,,,,,,
data_write,770,32700,,,,,,
data_sync,770,1240400,,,,,,
marker_write,770,27000,,,,,,
marker_sync,770,1316100,,,,,,
append,771,2540000,,,,,,
encode,771,1900,,,,,,
data_write,771,35800,,,,,,
data_sync,771,1242900,,,,,,
marker_write,771,29400,,,,,,
marker_sync,771,1228900,,,,,,
append,772,2545100,,,,,,
encode,772,1700,,,,,,
data_write,772,33300,,,,,,
data_sync,772,1243600,,,,,,
marker_write,772,27100,,,,,,
marker_sync,772,1238400,,,,,,
append,773,2631100,,,,,,
encode,773,1900,,,,,,
data_write,773,36000,,,,,,
data_sync,773,1258700,,,,,,
marker_write,773,30600,,,,,,
marker_sync,773,1302100,,,,,,
append,774,3403800,,,,,,
encode,774,2700,,,,,,
data_write,774,38400,,,,,,
data_sync,774,1616400,,,,,,
marker_write,774,47600,,,,,,
marker_sync,774,1694500,,,,,,
append,775,3350600,,,,,,
encode,775,6700,,,,,,
data_write,775,80800,,,,,,
data_sync,775,1621400,,,,,,
marker_write,775,61400,,,,,,
marker_sync,775,1577300,,,,,,
append,776,2823300,,,,,,
encode,776,4400,,,,,,
data_write,776,53000,,,,,,
data_sync,776,1458700,,,,,,
marker_write,776,34200,,,,,,
marker_sync,776,1270700,,,,,,
append,777,2592200,,,,,,
encode,777,3100,,,,,,
data_write,777,34200,,,,,,
data_sync,777,1303000,,,,,,
marker_write,777,33700,,,,,,
marker_sync,777,1216900,,,,,,
append,778,2574100,,,,,,
encode,778,2600,,,,,,
data_write,778,37800,,,,,,
data_sync,778,1234600,,,,,,
marker_write,778,31100,,,,,,
marker_sync,778,1266500,,,,,,
append,779,2547300,,,,,,
encode,779,2500,,,,,,
data_write,779,39700,,,,,,
data_sync,779,1245400,,,,,,
marker_write,779,31000,,,,,,
marker_sync,779,1227400,,,,,,
append,780,2675200,,,,,,
encode,780,2300,,,,,,
data_write,780,35800,,,,,,
data_sync,780,1290200,,,,,,
marker_write,780,27900,,,,,,
marker_sync,780,1317500,,,,,,
append,781,2608500,,,,,,
encode,781,2800,,,,,,
data_write,781,42100,,,,,,
data_sync,781,1264600,,,,,,
marker_write,781,30700,,,,,,
marker_sync,781,1266700,,,,,,
append,782,2539000,,,,,,
encode,782,2000,,,,,,
data_write,782,35100,,,,,,
data_sync,782,1237200,,,,,,
marker_write,782,26900,,,,,,
marker_sync,782,1236900,,,,,,
append,783,2546800,,,,,,
encode,783,1900,,,,,,
data_write,783,37500,,,,,,
data_sync,783,1225800,,,,,,
marker_write,783,31700,,,,,,
marker_sync,783,1248600,,,,,,
append,784,2552900,,,,,,
encode,784,2000,,,,,,
data_write,784,37800,,,,,,
data_sync,784,1229800,,,,,,
marker_write,784,30000,,,,,,
marker_sync,784,1252400,,,,,,
append,785,2474801,,,,,,
encode,785,1900,,,,,,
data_write,785,36500,,,,,,
data_sync,785,1197100,,,,,,
marker_write,785,27101,,,,,,
marker_sync,785,1211100,,,,,,
append,786,2889500,,,,,,
encode,786,2000,,,,,,
data_write,786,38000,,,,,,
data_sync,786,1367700,,,,,,
marker_write,786,58200,,,,,,
marker_sync,786,1422200,,,,,,
append,787,2780900,,,,,,
encode,787,3600,,,,,,
data_write,787,39400,,,,,,
data_sync,787,1384800,,,,,,
marker_write,787,30800,,,,,,
marker_sync,787,1321500,,,,,,
append,788,2617100,,,,,,
encode,788,2300,,,,,,
data_write,788,37900,,,,,,
data_sync,788,1277000,,,,,,
marker_write,788,31100,,,,,,
marker_sync,788,1267800,,,,,,
append,789,2594000,,,,,,
encode,789,2200,,,,,,
data_write,789,36600,,,,,,
data_sync,789,1264600,,,,,,
marker_write,789,30400,,,,,,
marker_sync,789,1259300,,,,,,
append,790,2581700,,,,,,
encode,790,1800,,,,,,
data_write,790,34800,,,,,,
data_sync,790,1259600,,,,,,
marker_write,790,31100,,,,,,
marker_sync,790,1253400,,,,,,
append,791,2695400,,,,,,
encode,791,1800,,,,,,
data_write,791,34800,,,,,,
data_sync,791,1322300,,,,,,
marker_write,791,30300,,,,,,
marker_sync,791,1304600,,,,,,
append,792,2653300,,,,,,
encode,792,2200,,,,,,
data_write,792,36600,,,,,,
data_sync,792,1286800,,,,,,
marker_write,792,29100,,,,,,
marker_sync,792,1297400,,,,,,
append,793,3118000,,,,,,
encode,793,2800,,,,,,
data_write,793,46800,,,,,,
data_sync,793,1493100,,,,,,
marker_write,793,35300,,,,,,
marker_sync,793,1538400,,,,,,
append,794,2753000,,,,,,
encode,794,2600,,,,,,
data_write,794,42400,,,,,,
data_sync,794,1387100,,,,,,
marker_write,794,55600,,,,,,
marker_sync,794,1263700,,,,,,
append,795,2584600,,,,,,
encode,795,2800,,,,,,
data_write,795,41100,,,,,,
data_sync,795,1281100,,,,,,
marker_write,795,29300,,,,,,
marker_sync,795,1229100,,,,,,
append,796,2519100,,,,,,
encode,796,2000,,,,,,
data_write,796,36100,,,,,,
data_sync,796,1220900,,,,,,
marker_write,796,29000,,,,,,
marker_sync,796,1230100,,,,,,
append,797,2636700,,,,,,
encode,797,1900,,,,,,
data_write,797,38700,,,,,,
data_sync,797,1262100,,,,,,
marker_write,797,32700,,,,,,
marker_sync,797,1299700,,,,,,
append,798,3148600,,,,,,
encode,798,2900,,,,,,
data_write,798,48200,,,,,,
data_sync,798,1473200,,,,,,
marker_write,798,30800,,,,,,
marker_sync,798,1591900,,,,,,
append,799,3015800,,,,,,
encode,799,3800,,,,,,
data_write,799,47400,,,,,,
data_sync,799,1456200,,,,,,
marker_write,799,36800,,,,,,
marker_sync,799,1469600,,,,,,
append,800,2624100,,,,,,
encode,800,4000,,,,,,
data_write,800,42900,,,,,,
data_sync,800,1282200,,,,,,
marker_write,800,34500,,,,,,
marker_sync,800,1259000,,,,,,
append,801,2535900,,,,,,
encode,801,3100,,,,,,
data_write,801,39900,,,,,,
data_sync,801,1278600,,,,,,
marker_write,801,31100,,,,,,
marker_sync,801,1181700,,,,,,
append,802,2660400,,,,,,
encode,802,2400,,,,,,
data_write,802,34100,,,,,,
data_sync,802,1235500,,,,,,
marker_write,802,31800,,,,,,
marker_sync,802,1355500,,,,,,
append,803,2757000,,,,,,
encode,803,2200,,,,,,
data_write,803,44300,,,,,,
data_sync,803,1413200,,,,,,
marker_write,803,30500,,,,,,
marker_sync,803,1265700,,,,,,
append,804,2903600,,,,,,
encode,804,2700,,,,,,
data_write,804,36900,,,,,,
data_sync,804,1422500,,,,,,
marker_write,804,35200,,,,,,
marker_sync,804,1405000,,,,,,
append,805,2638200,,,,,,
encode,805,2900,,,,,,
data_write,805,37000,,,,,,
data_sync,805,1274300,,,,,,
marker_write,805,26900,,,,,,
marker_sync,805,1296100,,,,,,
append,806,2549000,,,,,,
encode,806,2000,,,,,,
data_write,806,34100,,,,,,
data_sync,806,1260200,,,,,,
marker_write,806,26300,,,,,,
marker_sync,806,1225600,,,,,,
append,807,2495300,,,,,,
encode,807,1600,,,,,,
data_write,807,31800,,,,,,
data_sync,807,1226300,,,,,,
marker_write,807,27300,,,,,,
marker_sync,807,1207000,,,,,,
append,808,2547300,,,,,,
encode,808,1500,,,,,,
data_write,808,32200,,,,,,
data_sync,808,1243100,,,,,,
marker_write,808,28700,,,,,,
marker_sync,808,1240900,,,,,,
append,809,2663300,,,,,,
encode,809,2000,,,,,,
data_write,809,34200,,,,,,
data_sync,809,1214500,,,,,,
marker_write,809,25900,,,,,,
marker_sync,809,1385600,,,,,,
append,810,2670800,,,,,,
encode,810,1700,,,,,,
data_write,810,34600,,,,,,
data_sync,810,1307600,,,,,,
marker_write,810,28800,,,,,,
marker_sync,810,1296900,,,,,,
append,811,2584100,,,,,,
encode,811,1600,,,,,,
data_write,811,32600,,,,,,
data_sync,811,1248600,,,,,,
marker_write,811,32600,,,,,,
marker_sync,811,1267400,,,,,,
append,812,2551500,,,,,,
encode,812,2500,,,,,,
data_write,812,36100,,,,,,
data_sync,812,1239100,,,,,,
marker_write,812,26800,,,,,,
marker_sync,812,1246100,,,,,,
append,813,2531701,,,,,,
encode,813,1600,,,,,,
data_write,813,32200,,,,,,
data_sync,813,1242400,,,,,,
marker_write,813,26800,,,,,,
marker_sync,813,1227501,,,,,,
append,814,2559400,,,,,,
encode,814,2300,,,,,,
data_write,814,50200,,,,,,
data_sync,814,1211600,,,,,,
marker_write,814,31100,,,,,,
marker_sync,814,1262600,,,,,,
append,815,2458000,,,,,,
encode,815,1700,,,,,,
data_write,815,33800,,,,,,
data_sync,815,1220100,,,,,,
marker_write,815,31600,,,,,,
marker_sync,815,1169800,,,,,,
append,816,3107600,,,,,,
encode,816,2100,,,,,,
data_write,816,38300,,,,,,
data_sync,816,1512400,,,,,,
marker_write,816,39100,,,,,,
marker_sync,816,1513800,,,,,,
append,817,2647100,,,,,,
encode,817,3100,,,,,,
data_write,817,40700,,,,,,
data_sync,817,1305500,,,,,,
marker_write,817,31700,,,,,,
marker_sync,817,1264700,,,,,,
append,818,2587000,,,,,,
encode,818,2600,,,,,,
data_write,818,39800,,,,,,
data_sync,818,1260000,,,,,,
marker_write,818,32700,,,,,,
marker_sync,818,1250800,,,,,,
append,819,2595100,,,,,,
encode,819,2700,,,,,,
data_write,819,37700,,,,,,
data_sync,819,1272100,,,,,,
marker_write,819,31200,,,,,,
marker_sync,819,1249700,,,,,,
append,820,2533000,,,,,,
encode,820,3300,,,,,,
data_write,820,37100,,,,,,
data_sync,820,1222100,,,,,,
marker_write,820,29600,,,,,,
marker_sync,820,1239700,,,,,,
append,821,2576200,,,,,,
encode,821,2400,,,,,,
data_write,821,37600,,,,,,
data_sync,821,1249500,,,,,,
marker_write,821,30500,,,,,,
marker_sync,821,1254900,,,,,,
append,822,2847800,,,,,,
encode,822,2200,,,,,,
data_write,822,38800,,,,,,
data_sync,822,1405700,,,,,,
marker_write,822,45300,,,,,,
marker_sync,822,1353200,,,,,,
append,823,2517200,,,,,,
encode,823,3100,,,,,,
data_write,823,43700,,,,,,
data_sync,823,1224600,,,,,,
marker_write,823,32000,,,,,,
marker_sync,823,1212700,,,,,,
append,824,2493900,,,,,,
encode,824,2400,,,,,,
data_write,824,35900,,,,,,
data_sync,824,1209000,,,,,,
marker_write,824,32900,,,,,,
marker_sync,824,1212700,,,,,,
append,825,2530700,,,,,,
encode,825,2000,,,,,,
data_write,825,36900,,,,,,
data_sync,825,1229600,,,,,,
marker_write,825,29400,,,,,,
marker_sync,825,1231700,,,,,,
append,826,2689100,,,,,,
encode,826,1800,,,,,,
data_write,826,36400,,,,,,
data_sync,826,1237000,,,,,,
marker_write,826,33100,,,,,,
marker_sync,826,1379000,,,,,,
append,827,2698000,,,,,,
encode,827,4400,,,,,,
data_write,827,40600,,,,,,
data_sync,827,1280000,,,,,,
marker_write,827,32000,,,,,,
marker_sync,827,1339100,,,,,,
append,828,3048400,,,,,,
encode,828,2500,,,,,,
data_write,828,41700,,,,,,
data_sync,828,1250500,,,,,,
marker_write,828,28200,,,,,,
marker_sync,828,1724100,,,,,,
append,829,2693300,,,,,,
encode,829,3400,,,,,,
data_write,829,40100,,,,,,
data_sync,829,1344800,,,,,,
marker_write,829,36200,,,,,,
marker_sync,829,1267000,,,,,,
append,830,2560300,,,,,,
encode,830,2600,,,,,,
data_write,830,34400,,,,,,
data_sync,830,1259700,,,,,,
marker_write,830,28000,,,,,,
marker_sync,830,1234200,,,,,,
append,831,2588000,,,,,,
encode,831,2000,,,,,,
data_write,831,45000,,,,,,
data_sync,831,1296200,,,,,,
marker_write,831,31900,,,,,,
marker_sync,831,1211900,,,,,,
append,832,2612600,,,,,,
encode,832,1800,,,,,,
data_write,832,36300,,,,,,
data_sync,832,1231200,,,,,,
marker_write,832,32200,,,,,,
marker_sync,832,1309800,,,,,,
append,833,2646500,,,,,,
encode,833,2100,,,,,,
data_write,833,37200,,,,,,
data_sync,833,1315500,,,,,,
marker_write,833,27200,,,,,,
marker_sync,833,1246400,,,,,,
append,834,2828100,,,,,,
encode,834,2400,,,,,,
data_write,834,37300,,,,,,
data_sync,834,1358700,,,,,,
marker_write,834,33600,,,,,,
marker_sync,834,1394500,,,,,,
append,835,2617400,,,,,,
encode,835,3200,,,,,,
data_write,835,39100,,,,,,
data_sync,835,1296900,,,,,,
marker_write,835,32800,,,,,,
marker_sync,835,1243900,,,,,,
append,836,2516800,,,,,,
encode,836,2800,,,,,,
data_write,836,38700,,,,,,
data_sync,836,1233900,,,,,,
marker_write,836,30000,,,,,,
marker_sync,836,1209500,,,,,,
append,837,2465200,,,,,,
encode,837,2200,,,,,,
data_write,837,34800,,,,,,
data_sync,837,1197900,,,,,,
marker_write,837,31200,,,,,,
marker_sync,837,1197700,,,,,,
append,838,2451300,,,,,,
encode,838,2200,,,,,,
data_write,838,38100,,,,,,
data_sync,838,1187900,,,,,,
marker_write,838,30000,,,,,,
marker_sync,838,1192000,,,,,,
append,839,2563600,,,,,,
encode,839,1900,,,,,,
data_write,839,37200,,,,,,
data_sync,839,1281300,,,,,,
marker_write,839,31000,,,,,,
marker_sync,839,1211000,,,,,,
append,840,2602800,,,,,,
encode,840,2100,,,,,,
data_write,840,37400,,,,,,
data_sync,840,1212800,,,,,,
marker_write,840,38700,,,,,,
marker_sync,840,1310600,,,,,,
append,841,2896900,,,,,,
encode,841,2500,,,,,,
data_write,841,42900,,,,,,
data_sync,841,1404800,,,,,,
marker_write,841,37100,,,,,,
marker_sync,841,1407800,,,,,,
append,842,2614501,,,,,,
encode,842,3300,,,,,,
data_write,842,39600,,,,,,
data_sync,842,1249000,,,,,,
marker_write,842,33100,,,,,,
marker_sync,842,1288101,,,,,,
append,843,2726300,,,,,,
encode,843,2500,,,,,,
data_write,843,36300,,,,,,
data_sync,843,1317300,,,,,,
marker_write,843,30900,,,,,,
marker_sync,843,1337600,,,,,,
append,844,2517100,,,,,,
encode,844,2400,,,,,,
data_write,844,39200,,,,,,
data_sync,844,1227000,,,,,,
marker_write,844,30600,,,,,,
marker_sync,844,1216800,,,,,,
append,845,2662900,,,,,,
encode,845,2300,,,,,,
data_write,845,37400,,,,,,
data_sync,845,1233500,,,,,,
marker_write,845,31700,,,,,,
marker_sync,845,1356500,,,,,,
append,846,2700000,,,,,,
encode,846,2000,,,,,,
data_write,846,32900,,,,,,
data_sync,846,1265800,,,,,,
marker_write,846,32500,,,,,,
marker_sync,846,1365500,,,,,,
append,847,2548900,,,,,,
encode,847,2700,,,,,,
data_write,847,40300,,,,,,
data_sync,847,1207100,,,,,,
marker_write,847,31600,,,,,,
marker_sync,847,1266100,,,,,,
append,848,2583800,,,,,,
encode,848,3200,,,,,,
data_write,848,38500,,,,,,
data_sync,848,1261100,,,,,,
marker_write,848,30200,,,,,,
marker_sync,848,1249900,,,,,,
append,849,2503300,,,,,,
encode,849,1900,,,,,,
data_write,849,36300,,,,,,
data_sync,849,1219600,,,,,,
marker_write,849,27000,,,,,,
marker_sync,849,1217500,,,,,,
append,850,2440900,,,,,,
encode,850,1600,,,,,,
data_write,850,34500,,,,,,
data_sync,850,1186000,,,,,,
marker_write,850,29300,,,,,,
marker_sync,850,1188300,,,,,,
append,851,2484200,,,,,,
encode,851,1600,,,,,,
data_write,851,32500,,,,,,
data_sync,851,1227100,,,,,,
marker_write,851,30500,,,,,,
marker_sync,851,1191000,,,,,,
append,852,2601000,,,,,,
encode,852,2000,,,,,,
data_write,852,37900,,,,,,
data_sync,852,1226900,,,,,,
marker_write,852,32200,,,,,,
marker_sync,852,1300800,,,,,,
append,853,2568900,,,,,,
encode,853,2400,,,,,,
data_write,853,38700,,,,,,
data_sync,853,1267900,,,,,,
marker_write,853,33700,,,,,,
marker_sync,853,1225000,,,,,,
append,854,2609300,,,,,,
encode,854,2800,,,,,,
data_write,854,37000,,,,,,
data_sync,854,1291300,,,,,,
marker_write,854,29700,,,,,,
marker_sync,854,1246800,,,,,,
append,855,2771800,,,,,,
encode,855,2500,,,,,,
data_write,855,39700,,,,,,
data_sync,855,1246900,,,,,,
marker_write,855,37100,,,,,,
marker_sync,855,1443000,,,,,,
append,856,2852900,,,,,,
encode,856,5700,,,,,,
data_write,856,56600,,,,,,
data_sync,856,1404000,,,,,,
marker_write,856,48900,,,,,,
marker_sync,856,1335100,,,,,,
append,857,2585100,,,,,,
encode,857,3700,,,,,,
data_write,857,44300,,,,,,
data_sync,857,1275500,,,,,,
marker_write,857,33300,,,,,,
marker_sync,857,1226900,,,,,,
append,858,2690400,,,,,,
encode,858,2400,,,,,,
data_write,858,35500,,,,,,
data_sync,858,1264800,,,,,,
marker_write,858,39100,,,,,,
marker_sync,858,1347100,,,,,,
append,859,2638000,,,,,,
encode,859,2800,,,,,,
data_write,859,37800,,,,,,
data_sync,859,1294500,,,,,,
marker_write,859,29100,,,,,,
marker_sync,859,1272700,,,,,,
append,860,2774500,,,,,,
encode,860,2300,,,,,,
data_write,860,37200,,,,,,
data_sync,860,1353700,,,,,,
marker_write,860,41400,,,,,,
marker_sync,860,1338500,,,,,,
append,861,2708500,,,,,,
encode,861,3400,,,,,,
data_write,861,39700,,,,,,
data_sync,861,1307400,,,,,,
marker_write,861,31800,,,,,,
marker_sync,861,1324100,,,,,,
append,862,2622400,,,,,,
encode,862,3700,,,,,,
data_write,862,42200,,,,,,
data_sync,862,1302300,,,,,,
marker_write,862,29300,,,,,,
marker_sync,862,1243400,,,,,,
append,863,2583400,,,,,,
encode,863,2200,,,,,,
data_write,863,37800,,,,,,
data_sync,863,1234600,,,,,,
marker_write,863,31900,,,,,,
marker_sync,863,1274800,,,,,,
append,864,2548400,,,,,,
encode,864,2500,,,,,,
data_write,864,37300,,,,,,
data_sync,864,1256100,,,,,,
marker_write,864,33300,,,,,,
marker_sync,864,1217700,,,,,,
append,865,2532400,,,,,,
encode,865,2700,,,,,,
data_write,865,36700,,,,,,
data_sync,865,1246900,,,,,,
marker_write,865,31100,,,,,,
marker_sync,865,1213700,,,,,,
append,866,2656500,,,,,,
encode,866,1900,,,,,,
data_write,866,36800,,,,,,
data_sync,866,1203200,,,,,,
marker_write,866,41200,,,,,,
marker_sync,866,1372200,,,,,,
append,867,2511100,,,,,,
encode,867,1900,,,,,,
data_write,867,38100,,,,,,
data_sync,867,1222200,,,,,,
marker_write,867,31800,,,,,,
marker_sync,867,1216100,,,,,,
append,868,2500400,,,,,,
encode,868,1900,,,,,,
data_write,868,36800,,,,,,
data_sync,868,1225400,,,,,,
marker_write,868,30700,,,,,,
marker_sync,868,1204500,,,,,,
append,869,2505600,,,,,,
encode,869,1900,,,,,,
data_write,869,37100,,,,,,
data_sync,869,1203300,,,,,,
marker_write,869,30800,,,,,,
marker_sync,869,1231700,,,,,,
append,870,2759900,,,,,,
encode,870,1900,,,,,,
data_write,870,36900,,,,,,
data_sync,870,1249600,,,,,,
marker_write,870,32500,,,,,,
marker_sync,870,1437500,,,,,,
append,871,2838401,,,,,,
encode,871,3800,,,,,,
data_write,871,43500,,,,,,
data_sync,871,1412400,,,,,,
marker_write,871,32900,,,,,,
marker_sync,871,1344401,,,,,,
append,872,2708100,,,,,,
encode,872,2700,,,,,,
data_write,872,38500,,,,,,
data_sync,872,1320500,,,,,,
marker_write,872,29400,,,,,,
marker_sync,872,1316000,,,,,,
append,873,2622900,,,,,,
encode,873,2100,,,,,,
data_write,873,36000,,,,,,
data_sync,873,1292400,,,,,,
marker_write,873,29100,,,,,,
marker_sync,873,1262400,,,,,,
append,874,2647500,,,,,,
encode,874,2200,,,,,,
data_write,874,35900,,,,,,
data_sync,874,1298100,,,,,,
marker_write,874,30900,,,,,,
marker_sync,874,1279200,,,,,,
append,875,2724000,,,,,,
encode,875,2800,,,,,,
data_write,875,48700,,,,,,
data_sync,875,1305300,,,,,,
marker_write,875,30700,,,,,,
marker_sync,875,1334500,,,,,,
append,876,2882300,,,,,,
encode,876,3000,,,,,,
data_write,876,37700,,,,,,
data_sync,876,1465600,,,,,,
marker_write,876,34800,,,,,,
marker_sync,876,1339300,,,,,,
append,877,2913100,,,,,,
encode,877,3100,,,,,,
data_write,877,42100,,,,,,
data_sync,877,1461600,,,,,,
marker_write,877,29800,,,,,,
marker_sync,877,1375400,,,,,,
append,878,2541900,,,,,,
encode,878,2300,,,,,,
data_write,878,34700,,,,,,
data_sync,878,1253100,,,,,,
marker_write,878,33100,,,,,,
marker_sync,878,1217400,,,,,,
append,879,2613300,,,,,,
encode,879,2300,,,,,,
data_write,879,38500,,,,,,
data_sync,879,1238400,,,,,,
marker_write,879,32300,,,,,,
marker_sync,879,1300500,,,,,,
append,880,2503000,,,,,,
encode,880,2600,,,,,,
data_write,880,40700,,,,,,
data_sync,880,1224400,,,,,,
marker_write,880,32200,,,,,,
marker_sync,880,1201500,,,,,,
append,881,2552300,,,,,,
encode,881,2100,,,,,,
data_write,881,38000,,,,,,
data_sync,881,1199200,,,,,,
marker_write,881,37600,,,,,,
marker_sync,881,1274400,,,,,,
append,882,2611500,,,,,,
encode,882,2500,,,,,,
data_write,882,38300,,,,,,
data_sync,882,1301700,,,,,,
marker_write,882,33400,,,,,,
marker_sync,882,1234300,,,,,,
append,883,2506000,,,,,,
encode,883,2600,,,,,,
data_write,883,37000,,,,,,
data_sync,883,1232200,,,,,,
marker_write,883,33800,,,,,,
marker_sync,883,1199100,,,,,,
append,884,2722700,,,,,,
encode,884,2100,,,,,,
data_write,884,38000,,,,,,
data_sync,884,1306300,,,,,,
marker_write,884,29500,,,,,,
marker_sync,884,1345600,,,,,,
append,885,2617200,,,,,,
encode,885,1900,,,,,,
data_write,885,37500,,,,,,
data_sync,885,1252700,,,,,,
marker_write,885,28500,,,,,,
marker_sync,885,1295600,,,,,,
append,886,2650800,,,,,,
encode,886,2000,,,,,,
data_write,886,41700,,,,,,
data_sync,886,1349600,,,,,,
marker_write,886,28000,,,,,,
marker_sync,886,1228500,,,,,,
append,887,2485900,,,,,,
encode,887,1700,,,,,,
data_write,887,34700,,,,,,
data_sync,887,1209500,,,,,,
marker_write,887,31700,,,,,,
marker_sync,887,1207100,,,,,,
append,888,2515300,,,,,,
encode,888,2000,,,,,,
data_write,888,36200,,,,,,
data_sync,888,1260200,,,,,,
marker_write,888,27400,,,,,,
marker_sync,888,1188500,,,,,,
append,889,2475600,,,,,,
encode,889,1800,,,,,,
data_write,889,31300,,,,,,
data_sync,889,1219600,,,,,,
marker_write,889,29700,,,,,,
marker_sync,889,1192000,,,,,,
append,890,2457900,,,,,,
encode,890,1800,,,,,,
data_write,890,34500,,,,,,
data_sync,890,1187600,,,,,,
marker_write,890,31800,,,,,,
marker_sync,890,1201200,,,,,,
append,891,2448500,,,,,,
encode,891,1800,,,,,,
data_write,891,34700,,,,,,
data_sync,891,1194500,,,,,,
marker_write,891,31100,,,,,,
marker_sync,891,1185400,,,,,,
append,892,2610600,,,,,,
encode,892,2100,,,,,,
data_write,892,37300,,,,,,
data_sync,892,1317900,,,,,,
marker_write,892,29800,,,,,,
marker_sync,892,1222300,,,,,,
append,893,2505500,,,,,,
encode,893,2200,,,,,,
data_write,893,39100,,,,,,
data_sync,893,1213800,,,,,,
marker_write,893,28800,,,,,,
marker_sync,893,1220500,,,,,,
append,894,2838100,,,,,,
encode,894,2100,,,,,,
data_write,894,37700,,,,,,
data_sync,894,1225600,,,,,,
marker_write,894,42200,,,,,,
marker_sync,894,1528800,,,,,,
append,895,3159600,,,,,,
encode,895,3900,,,,,,
data_write,895,48900,,,,,,
data_sync,895,1651100,,,,,,
marker_write,895,39900,,,,,,
marker_sync,895,1414300,,,,,,
append,896,2783600,,,,,,
encode,896,4000,,,,,,
data_write,896,46300,,,,,,
data_sync,896,1328000,,,,,,
marker_write,896,34800,,,,,,
marker_sync,896,1369000,,,,,,
append,897,2639300,,,,,,
encode,897,2100,,,,,,
data_write,897,39700,,,,,,
data_sync,897,1293900,,,,,,
marker_write,897,31700,,,,,,
marker_sync,897,1270800,,,,,,
append,898,2848100,,,,,,
encode,898,2400,,,,,,
data_write,898,39800,,,,,,
data_sync,898,1494300,,,,,,
marker_write,898,34100,,,,,,
marker_sync,898,1275700,,,,,,
append,899,2506300,,,,,,
encode,899,2900,,,,,,
data_write,899,36900,,,,,,
data_sync,899,1205100,,,,,,
marker_write,899,33100,,,,,,
marker_sync,899,1227000,,,,,,
append,900,2798501,,,,,,
encode,900,2700,,,,,,
data_write,900,36300,,,,,,
data_sync,900,1408801,,,,,,
marker_write,900,32600,,,,,,
marker_sync,900,1316400,,,,,,
append,901,2633700,,,,,,
encode,901,2600,,,,,,
data_write,901,35100,,,,,,
data_sync,901,1305400,,,,,,
marker_write,901,34900,,,,,,
marker_sync,901,1254300,,,,,,
append,902,2601400,,,,,,
encode,902,2500,,,,,,
data_write,902,39100,,,,,,
data_sync,902,1270400,,,,,,
marker_write,902,30500,,,,,,
marker_sync,902,1257600,,,,,,
append,903,2598800,,,,,,
encode,903,2100,,,,,,
data_write,903,38900,,,,,,
data_sync,903,1262700,,,,,,
marker_write,903,30700,,,,,,
marker_sync,903,1263200,,,,,,
append,904,2559500,,,,,,
encode,904,2000,,,,,,
data_write,904,36000,,,,,,
data_sync,904,1247600,,,,,,
marker_write,904,30100,,,,,,
marker_sync,904,1242500,,,,,,
append,905,2596500,,,,,,
encode,905,2300,,,,,,
data_write,905,36200,,,,,,
data_sync,905,1254200,,,,,,
marker_write,905,29800,,,,,,
marker_sync,905,1273100,,,,,,
append,906,2931200,,,,,,
encode,906,1900,,,,,,
data_write,906,34500,,,,,,
data_sync,906,1435900,,,,,,
marker_write,906,40700,,,,,,
marker_sync,906,1417000,,,,,,
append,907,2630000,,,,,,
encode,907,2100,,,,,,
data_write,907,35600,,,,,,
data_sync,907,1301700,,,,,,
marker_write,907,28600,,,,,,
marker_sync,907,1260700,,,,,,
append,908,2733100,,,,,,
encode,908,2600,,,,,,
data_write,908,37300,,,,,,
data_sync,908,1304700,,,,,,
marker_write,908,35100,,,,,,
marker_sync,908,1352300,,,,,,
append,909,2642800,,,,,,
encode,909,2600,,,,,,
data_write,909,39300,,,,,,
data_sync,909,1284000,,,,,,
marker_write,909,30500,,,,,,
marker_sync,909,1284600,,,,,,
append,910,2961900,,,,,,
encode,910,2200,,,,,,
data_write,910,36400,,,,,,
data_sync,910,1289000,,,,,,
marker_write,910,29400,,,,,,
marker_sync,910,1603700,,,,,,
append,911,2995300,,,,,,
encode,911,2300,,,,,,
data_write,911,39100,,,,,,
data_sync,911,1359200,,,,,,
marker_write,911,36500,,,,,,
marker_sync,911,1556700,,,,,,
append,912,2784000,,,,,,
encode,912,3800,,,,,,
data_write,912,41300,,,,,,
data_sync,912,1427400,,,,,,
marker_write,912,37200,,,,,,
marker_sync,912,1272700,,,,,,
append,913,2502100,,,,,,
encode,913,2500,,,,,,
data_write,913,35600,,,,,,
data_sync,913,1223800,,,,,,
marker_write,913,26400,,,,,,
marker_sync,913,1212800,,,,,,
append,914,2659400,,,,,,
encode,914,1500,,,,,,
data_write,914,38900,,,,,,
data_sync,914,1359400,,,,,,
marker_write,914,27300,,,,,,
marker_sync,914,1231200,,,,,,
append,915,2513100,,,,,,
encode,915,1700,,,,,,
data_write,915,34400,,,,,,
data_sync,915,1211200,,,,,,
marker_write,915,27300,,,,,,
marker_sync,915,1237100,,,,,,
append,916,2704300,,,,,,
encode,916,2000,,,,,,
data_write,916,34800,,,,,,
data_sync,916,1260900,,,,,,
marker_write,916,29000,,,,,,
marker_sync,916,1376300,,,,,,
append,917,2747200,,,,,,
encode,917,2800,,,,,,
data_write,917,38100,,,,,,
data_sync,917,1346600,,,,,,
marker_write,917,30400,,,,,,
marker_sync,917,1327200,,,,,,
append,918,2698200,,,,,,
encode,918,4200,,,,,,
data_write,918,41300,,,,,,
data_sync,918,1332400,,,,,,
marker_write,918,33600,,,,,,
marker_sync,918,1285400,,,,,,
append,919,2681700,,,,,,
encode,919,2500,,,,,,
data_write,919,40100,,,,,,
data_sync,919,1318500,,,,,,
marker_write,919,33000,,,,,,
marker_sync,919,1285600,,,,,,
append,920,2656800,,,,,,
encode,920,2400,,,,,,
data_write,920,40500,,,,,,
data_sync,920,1247600,,,,,,
marker_write,920,30500,,,,,,
marker_sync,920,1334600,,,,,,
append,921,2638200,,,,,,
encode,921,2900,,,,,,
data_write,921,36700,,,,,,
data_sync,921,1282300,,,,,,
marker_write,921,29900,,,,,,
marker_sync,921,1285400,,,,,,
append,922,2712300,,,,,,
encode,922,2100,,,,,,
data_write,922,35500,,,,,,
data_sync,922,1328700,,,,,,
marker_write,922,30400,,,,,,
marker_sync,922,1314100,,,,,,
append,923,2690400,,,,,,
encode,923,3100,,,,,,
data_write,923,42800,,,,,,
data_sync,923,1331800,,,,,,
marker_write,923,30300,,,,,,
marker_sync,923,1281200,,,,,,
append,924,2774100,,,,,,
encode,924,2200,,,,,,
data_write,924,36600,,,,,,
data_sync,924,1285900,,,,,,
marker_write,924,29200,,,,,,
marker_sync,924,1418600,,,,,,
append,925,2663500,,,,,,
encode,925,2500,,,,,,
data_write,925,37600,,,,,,
data_sync,925,1302800,,,,,,
marker_write,925,29000,,,,,,
marker_sync,925,1290500,,,,,,
append,926,2661900,,,,,,
encode,926,2000,,,,,,
data_write,926,35200,,,,,,
data_sync,926,1284400,,,,,,
marker_write,926,28600,,,,,,
marker_sync,926,1310700,,,,,,
append,927,2648000,,,,,,
encode,927,1800,,,,,,
data_write,927,35000,,,,,,
data_sync,927,1290400,,,,,,
marker_write,927,28600,,,,,,
marker_sync,927,1291100,,,,,,
append,928,2562701,,,,,,
encode,928,1600,,,,,,
data_write,928,34500,,,,,,
data_sync,928,1306700,,,,,,
marker_write,928,31800,,,,,,
marker_sync,928,1187001,,,,,,
append,929,2650700,,,,,,
encode,929,2700,,,,,,
data_write,929,37800,,,,,,
data_sync,929,1279000,,,,,,
marker_write,929,52900,,,,,,
marker_sync,929,1277100,,,,,,
append,930,2557100,,,,,,
encode,930,2300,,,,,,
data_write,930,36300,,,,,,
data_sync,930,1251600,,,,,,
marker_write,930,28900,,,,,,
marker_sync,930,1237000,,,,,,
append,931,2577700,,,,,,
encode,931,1800,,,,,,
data_write,931,34000,,,,,,
data_sync,931,1262800,,,,,,
marker_write,931,30400,,,,,,
marker_sync,931,1247500,,,,,,
append,932,2641200,,,,,,
encode,932,20300,,,,,,
data_write,932,39900,,,,,,
data_sync,932,1249800,,,,,,
marker_write,932,31100,,,,,,
marker_sync,932,1298600,,,,,,
append,933,2533800,,,,,,
encode,933,1800,,,,,,
data_write,933,34700,,,,,,
data_sync,933,1235700,,,,,,
marker_write,933,28100,,,,,,
marker_sync,933,1232400,,,,,,
append,934,2539000,,,,,,
encode,934,1700,,,,,,
data_write,934,34400,,,,,,
data_sync,934,1240700,,,,,,
marker_write,934,27800,,,,,,
marker_sync,934,1233400,,,,,,
append,935,2705700,,,,,,
encode,935,1600,,,,,,
data_write,935,33400,,,,,,
data_sync,935,1273100,,,,,,
marker_write,935,33800,,,,,,
marker_sync,935,1362400,,,,,,
append,936,2763900,,,,,,
encode,936,2500,,,,,,
data_write,936,38200,,,,,,
data_sync,936,1254600,,,,,,
marker_write,936,32600,,,,,,
marker_sync,936,1433100,,,,,,
append,937,3050600,,,,,,
encode,937,5600,,,,,,
data_write,937,67700,,,,,,
data_sync,937,1511200,,,,,,
marker_write,937,46500,,,,,,
marker_sync,937,1416800,,,,,,
append,938,2649500,,,,,,
encode,938,4300,,,,,,
data_write,938,46700,,,,,,
data_sync,938,1314000,,,,,,
marker_write,938,37000,,,,,,
marker_sync,938,1245500,,,,,,
append,939,2533100,,,,,,
encode,939,3600,,,,,,
data_write,939,33300,,,,,,
data_sync,939,1227200,,,,,,
marker_write,939,31200,,,,,,
marker_sync,939,1236800,,,,,,
append,940,2529300,,,,,,
encode,940,1700,,,,,,
data_write,940,34500,,,,,,
data_sync,940,1240400,,,,,,
marker_write,940,29600,,,,,,
marker_sync,940,1222000,,,,,,
append,941,2635400,,,,,,
encode,941,1900,,,,,,
data_write,941,34900,,,,,,
data_sync,941,1246900,,,,,,
marker_write,941,36500,,,,,,
marker_sync,941,1314000,,,,,,
append,942,2552700,,,,,,
encode,942,2000,,,,,,
data_write,942,36700,,,,,,
data_sync,942,1256500,,,,,,
marker_write,942,29700,,,,,,
marker_sync,942,1226700,,,,,,
append,943,2606200,,,,,,
encode,943,2000,,,,,,
data_write,943,37300,,,,,,
data_sync,943,1287900,,,,,,
marker_write,943,30000,,,,,,
marker_sync,943,1248000,,,,,,
append,944,2522100,,,,,,
encode,944,2000,,,,,,
data_write,944,35800,,,,,,
data_sync,944,1220200,,,,,,
marker_write,944,28900,,,,,,
marker_sync,944,1234300,,,,,,
append,945,2482400,,,,,,
encode,945,1600,,,,,,
data_write,945,34000,,,,,,
data_sync,945,1211400,,,,,,
marker_write,945,28900,,,,,,
marker_sync,945,1205600,,,,,,
append,946,2527300,,,,,,
encode,946,1700,,,,,,
data_write,946,35000,,,,,,
data_sync,946,1231500,,,,,,
marker_write,946,30300,,,,,,
marker_sync,946,1227900,,,,,,
append,947,2763300,,,,,,
encode,947,2100,,,,,,
data_write,947,35400,,,,,,
data_sync,947,1297300,,,,,,
marker_write,947,37200,,,,,,
marker_sync,947,1389800,,,,,,
append,948,2743700,,,,,,
encode,948,3200,,,,,,
data_write,948,41500,,,,,,
data_sync,948,1253300,,,,,,
marker_write,948,33100,,,,,,
marker_sync,948,1410600,,,,,,
append,949,2705400,,,,,,
encode,949,3300,,,,,,
data_write,949,41100,,,,,,
data_sync,949,1391700,,,,,,
marker_write,949,31700,,,,,,
marker_sync,949,1235100,,,,,,
append,950,2500200,,,,,,
encode,950,2700,,,,,,
data_write,950,33600,,,,,,
data_sync,950,1209500,,,,,,
marker_write,950,30200,,,,,,
marker_sync,950,1223200,,,,,,
append,951,2491300,,,,,,
encode,951,1800,,,,,,
data_write,951,35700,,,,,,
data_sync,951,1208800,,,,,,
marker_write,951,32600,,,,,,
marker_sync,951,1211200,,,,,,
append,952,2528800,,,,,,
encode,952,2100,,,,,,
data_write,952,38800,,,,,,
data_sync,952,1248400,,,,,,
marker_write,952,31600,,,,,,
marker_sync,952,1206800,,,,,,
append,953,2680700,,,,,,
encode,953,2100,,,,,,
data_write,953,35200,,,,,,
data_sync,953,1193400,,,,,,
marker_write,953,33000,,,,,,
marker_sync,953,1415200,,,,,,
append,954,3015800,,,,,,
encode,954,4900,,,,,,
data_write,954,51600,,,,,,
data_sync,954,1494100,,,,,,
marker_write,954,46400,,,,,,
marker_sync,954,1416200,,,,,,
append,955,2662100,,,,,,
encode,955,3700,,,,,,
data_write,955,45800,,,,,,
data_sync,955,1329300,,,,,,
marker_write,955,34600,,,,,,
marker_sync,955,1247300,,,,,,
append,956,2592200,,,,,,
encode,956,2700,,,,,,
data_write,956,39400,,,,,,
data_sync,956,1256000,,,,,,
marker_write,956,31500,,,,,,
marker_sync,956,1261600,,,,,,
append,957,2556801,,,,,,
encode,957,2100,,,,,,
data_write,957,37300,,,,,,
data_sync,957,1239200,,,,,,
marker_write,957,32700,,,,,,
marker_sync,957,1244301,,,,,,
append,958,2522900,,,,,,
encode,958,2000,,,,,,
data_write,958,40500,,,,,,
data_sync,958,1227700,,,,,,
marker_write,958,31000,,,,,,
marker_sync,958,1220700,,,,,,
append,959,2635700,,,,,,
encode,959,2000,,,,,,
data_write,959,38900,,,,,,
data_sync,959,1269400,,,,,,
marker_write,959,33900,,,,,,
marker_sync,959,1289400,,,,,,
append,960,2656800,,,,,,
encode,960,4400,,,,,,
data_write,960,45800,,,,,,
data_sync,960,1286300,,,,,,
marker_write,960,33000,,,,,,
marker_sync,960,1285300,,,,,,
append,961,2799700,,,,,,
encode,961,3000,,,,,,
data_write,961,45300,,,,,,
data_sync,961,1305400,,,,,,
marker_write,961,33400,,,,,,
marker_sync,961,1411000,,,,,,
append,962,2643600,,,,,,
encode,962,3400,,,,,,
data_write,962,40200,,,,,,
data_sync,962,1256600,,,,,,
marker_write,962,31400,,,,,,
marker_sync,962,1310200,,,,,,
append,963,2705900,,,,,,
encode,963,4500,,,,,,
data_write,963,42800,,,,,,
data_sync,963,1325000,,,,,,
marker_write,963,36700,,,,,,
marker_sync,963,1294300,,,,,,
append,964,2962900,,,,,,
encode,964,3800,,,,,,
data_write,964,43800,,,,,,
data_sync,964,1447600,,,,,,
marker_write,964,39500,,,,,,
marker_sync,964,1426200,,,,,,
append,965,2639500,,,,,,
encode,965,4400,,,,,,
data_write,965,35400,,,,,,
data_sync,965,1290700,,,,,,
marker_write,965,32700,,,,,,
marker_sync,965,1274700,,,,,,
append,966,2641500,,,,,,
encode,966,2100,,,,,,
data_write,966,36800,,,,,,
data_sync,966,1296000,,,,,,
marker_write,966,32600,,,,,,
marker_sync,966,1272100,,,,,,
append,967,2620400,,,,,,
encode,967,3500,,,,,,
data_write,967,39300,,,,,,
data_sync,967,1273400,,,,,,
marker_write,967,31300,,,,,,
marker_sync,967,1271700,,,,,,
append,968,2570400,,,,,,
encode,968,2900,,,,,,
data_write,968,41100,,,,,,
data_sync,968,1247500,,,,,,
marker_write,968,31100,,,,,,
marker_sync,968,1246100,,,,,,
append,969,2668300,,,,,,
encode,969,2800,,,,,,
data_write,969,45400,,,,,,
data_sync,969,1343800,,,,,,
marker_write,969,31200,,,,,,
marker_sync,969,1243900,,,,,,
append,970,2540700,,,,,,
encode,970,1900,,,,,,
data_write,970,36000,,,,,,
data_sync,970,1237500,,,,,,
marker_write,970,31700,,,,,,
marker_sync,970,1232400,,,,,,
append,971,2574900,,,,,,
encode,971,1700,,,,,,
data_write,971,34800,,,,,,
data_sync,971,1237100,,,,,,
marker_write,971,36700,,,,,,
marker_sync,971,1263200,,,,,,
append,972,2845000,,,,,,
encode,972,2600,,,,,,
data_write,972,41700,,,,,,
data_sync,972,1466000,,,,,,
marker_write,972,32800,,,,,,
marker_sync,972,1300400,,,,,,
append,973,2571900,,,,,,
encode,973,2600,,,,,,
data_write,973,37200,,,,,,
data_sync,973,1257400,,,,,,
marker_write,973,32600,,,,,,
marker_sync,973,1241000,,,,,,
append,974,2546300,,,,,,
encode,974,2300,,,,,,
data_write,974,38200,,,,,,
data_sync,974,1235100,,,,,,
marker_write,974,31100,,,,,,
marker_sync,974,1238500,,,,,,
append,975,2499800,,,,,,
encode,975,2000,,,,,,
data_write,975,37700,,,,,,
data_sync,975,1219000,,,,,,
marker_write,975,30800,,,,,,
marker_sync,975,1209300,,,,,,
append,976,2495600,,,,,,
encode,976,1900,,,,,,
data_write,976,36900,,,,,,
data_sync,976,1211400,,,,,,
marker_write,976,30300,,,,,,
marker_sync,976,1214000,,,,,,
append,977,2548600,,,,,,
encode,977,1800,,,,,,
data_write,977,37100,,,,,,
data_sync,977,1207000,,,,,,
marker_write,977,30100,,,,,,
marker_sync,977,1271400,,,,,,
append,978,2538000,,,,,,
encode,978,2500,,,,,,
data_write,978,39100,,,,,,
data_sync,978,1245900,,,,,,
marker_write,978,31800,,,,,,
marker_sync,978,1217200,,,,,,
append,979,2635900,,,,,,
encode,979,2000,,,,,,
data_write,979,37600,,,,,,
data_sync,979,1212300,,,,,,
marker_write,979,31100,,,,,,
marker_sync,979,1351900,,,,,,
append,980,2532800,,,,,,
encode,980,2100,,,,,,
data_write,980,41100,,,,,,
data_sync,980,1246700,,,,,,
marker_write,980,31900,,,,,,
marker_sync,980,1209800,,,,,,
append,981,2855500,,,,,,
encode,981,2100,,,,,,
data_write,981,37300,,,,,,
data_sync,981,1317000,,,,,,
marker_write,981,32700,,,,,,
marker_sync,981,1465300,,,,,,
append,982,2555800,,,,,,
encode,982,2200,,,,,,
data_write,982,62800,,,,,,
data_sync,982,1237800,,,,,,
marker_write,982,31200,,,,,,
marker_sync,982,1220800,,,,,,
append,983,2604200,,,,,,
encode,983,1900,,,,,,
data_write,983,37900,,,,,,
data_sync,983,1228000,,,,,,
marker_write,983,33700,,,,,,
marker_sync,983,1301200,,,,,,
append,984,2585000,,,,,,
encode,984,3200,,,,,,
data_write,984,40700,,,,,,
data_sync,984,1277200,,,,,,
marker_write,984,32000,,,,,,
marker_sync,984,1230600,,,,,,
append,985,2515300,,,,,,
encode,985,2600,,,,,,
data_write,985,37600,,,,,,
data_sync,985,1216500,,,,,,
marker_write,985,31000,,,,,,
marker_sync,985,1226400,,,,,,
append,986,2524401,,,,,,
encode,986,2000,,,,,,
data_write,986,37100,,,,,,
data_sync,986,1229600,,,,,,
marker_write,986,30200,,,,,,
marker_sync,986,1224301,,,,,,
append,987,2491800,,,,,,
encode,987,1800,,,,,,
data_write,987,35800,,,,,,
data_sync,987,1211000,,,,,,
marker_write,987,29500,,,,,,
marker_sync,987,1212400,,,,,,
append,988,2499300,,,,,,
encode,988,2000,,,,,,
data_write,988,38700,,,,,,
data_sync,988,1209900,,,,,,
marker_write,988,31400,,,,,,
marker_sync,988,1215800,,,,,,
append,989,2460100,,,,,,
encode,989,2200,,,,,,
data_write,989,38900,,,,,,
data_sync,989,1199000,,,,,,
marker_write,989,31300,,,,,,
marker_sync,989,1187600,,,,,,
append,990,2554600,,,,,,
encode,990,1700,,,,,,
data_write,990,35800,,,,,,
data_sync,990,1266000,,,,,,
marker_write,990,31600,,,,,,
marker_sync,990,1218400,,,,,,
append,991,2464800,,,,,,
encode,991,1800,,,,,,
data_write,991,36000,,,,,,
data_sync,991,1198100,,,,,,
marker_write,991,30000,,,,,,
marker_sync,991,1197800,,,,,,
append,992,2458200,,,,,,
encode,992,1800,,,,,,
data_write,992,32300,,,,,,
data_sync,992,1199200,,,,,,
marker_write,992,29400,,,,,,
marker_sync,992,1194500,,,,,,
append,993,2465300,,,,,,
encode,993,1700,,,,,,
data_write,993,34800,,,,,,
data_sync,993,1192800,,,,,,
marker_write,993,30200,,,,,,
marker_sync,993,1204700,,,,,,
append,994,2470700,,,,,,
encode,994,1600,,,,,,
data_write,994,35500,,,,,,
data_sync,994,1205700,,,,,,
marker_write,994,30700,,,,,,
marker_sync,994,1196100,,,,,,
append,995,2477100,,,,,,
encode,995,1900,,,,,,
data_write,995,35200,,,,,,
data_sync,995,1209400,,,,,,
marker_write,995,28600,,,,,,
marker_sync,995,1200900,,,,,,
append,996,2540800,,,,,,
encode,996,1900,,,,,,
data_write,996,38700,,,,,,
data_sync,996,1222700,,,,,,
marker_write,996,30800,,,,,,
marker_sync,996,1245300,,,,,,
append,997,2656700,,,,,,
encode,997,2200,,,,,,
data_write,997,46600,,,,,,
data_sync,997,1369200,,,,,,
marker_write,997,28700,,,,,,
marker_sync,997,1208800,,,,,,
append,998,2509600,,,,,,
encode,998,1800,,,,,,
data_write,998,33200,,,,,,
data_sync,998,1198800,,,,,,
marker_write,998,25300,,,,,,
marker_sync,998,1249500,,,,,,
append,999,2700700,,,,,,
encode,999,1600,,,,,,
data_write,999,33800,,,,,,
data_sync,999,1220300,,,,,,
marker_write,999,169300,,,,,,
marker_sync,999,1274500,,,,,,
append,1000,2537300,,,,,,
encode,1000,2200,,,,,,
data_write,1000,38600,,,,,,
data_sync,1000,1249700,,,,,,
marker_write,1000,28100,,,,,,
marker_sync,1000,1217400,,,,,,
append,1001,2707600,,,,,,
encode,1001,1700,,,,,,
data_write,1001,32000,,,,,,
data_sync,1001,1221700,,,,,,
marker_write,1001,33200,,,,,,
marker_sync,1001,1417900,,,,,,
append,1002,2709900,,,,,,
encode,1002,2600,,,,,,
data_write,1002,38800,,,,,,
data_sync,1002,1253200,,,,,,
marker_write,1002,29100,,,,,,
marker_sync,1002,1384600,,,,,,
append,1003,2791200,,,,,,
encode,1003,2400,,,,,,
data_write,1003,44500,,,,,,
data_sync,1003,1289200,,,,,,
marker_write,1003,33000,,,,,,
marker_sync,1003,1420900,,,,,,
append,1004,2509200,,,,,,
encode,1004,2500,,,,,,
data_write,1004,38100,,,,,,
data_sync,1004,1222200,,,,,,
marker_write,1004,30900,,,,,,
marker_sync,1004,1214400,,,,,,
append,1005,2590200,,,,,,
encode,1005,2000,,,,,,
data_write,1005,38900,,,,,,
data_sync,1005,1244800,,,,,,
marker_write,1005,29500,,,,,,
marker_sync,1005,1273900,,,,,,
append,1006,2587400,,,,,,
encode,1006,2100,,,,,,
data_write,1006,37700,,,,,,
data_sync,1006,1290000,,,,,,
marker_write,1006,31900,,,,,,
marker_sync,1006,1224600,,,,,,
append,1007,2482900,,,,,,
encode,1007,2100,,,,,,
data_write,1007,38000,,,,,,
data_sync,1007,1207700,,,,,,
marker_write,1007,29500,,,,,,
marker_sync,1007,1204000,,,,,,
append,1008,2504000,,,,,,
encode,1008,1900,,,,,,
data_write,1008,34900,,,,,,
data_sync,1008,1204400,,,,,,
marker_write,1008,28300,,,,,,
marker_sync,1008,1232900,,,,,,
append,1009,3009400,,,,,,
encode,1009,2500,,,,,,
data_write,1009,47200,,,,,,
data_sync,1009,1502200,,,,,,
marker_write,1009,44800,,,,,,
marker_sync,1009,1410500,,,,,,
append,1010,2690200,,,,,,
encode,1010,3700,,,,,,
data_write,1010,35900,,,,,,
data_sync,1010,1303300,,,,,,
marker_write,1010,26700,,,,,,
marker_sync,1010,1319300,,,,,,
append,1011,2661300,,,,,,
encode,1011,2300,,,,,,
data_write,1011,36800,,,,,,
data_sync,1011,1306200,,,,,,
marker_write,1011,30600,,,,,,
marker_sync,1011,1284300,,,,,,
append,1012,2676200,,,,,,
encode,1012,2100,,,,,,
data_write,1012,34700,,,,,,
data_sync,1012,1316300,,,,,,
marker_write,1012,30100,,,,,,
marker_sync,1012,1291900,,,,,,
append,1013,2717600,,,,,,
encode,1013,1800,,,,,,
data_write,1013,35400,,,,,,
data_sync,1013,1295500,,,,,,
marker_write,1013,28600,,,,,,
marker_sync,1013,1355300,,,,,,
append,1014,2767100,,,,,,
encode,1014,1600,,,,,,
data_write,1014,34500,,,,,,
data_sync,1014,1325400,,,,,,
marker_write,1014,29500,,,,,,
marker_sync,1014,1374600,,,,,,
append,1015,2757100,,,,,,
encode,1015,1800,,,,,,
data_write,1015,36400,,,,,,
data_sync,1015,1344200,,,,,,
marker_write,1015,28900,,,,,,
marker_sync,1015,1344800,,,,,,
append,1016,2653001,,,,,,
encode,1016,1600,,,,,,
data_write,1016,33700,,,,,,
data_sync,1016,1295001,,,,,,
marker_write,1016,28200,,,,,,
marker_sync,1016,1293600,,,,,,
append,1017,2672700,,,,,,
encode,1017,1600,,,,,,
data_write,1017,34700,,,,,,
data_sync,1017,1334900,,,,,,
marker_write,1017,28000,,,,,,
marker_sync,1017,1272300,,,,,,
append,1018,2642800,,,,,,
encode,1018,1500,,,,,,
data_write,1018,31200,,,,,,
data_sync,1018,1300200,,,,,,
marker_write,1018,31800,,,,,,
marker_sync,1018,1276700,,,,,,
append,1019,2808800,,,,,,
encode,1019,2700,,,,,,
data_write,1019,36300,,,,,,
data_sync,1019,1362700,,,,,,
marker_write,1019,32800,,,,,,
marker_sync,1019,1371500,,,,,,
append,1020,2997500,,,,,,
encode,1020,4900,,,,,,
data_write,1020,55400,,,,,,
data_sync,1020,1426300,,,,,,
marker_write,1020,49400,,,,,,
marker_sync,1020,1455500,,,,,,
append,1021,2810800,,,,,,
encode,1021,5000,,,,,,
data_write,1021,53900,,,,,,
data_sync,1021,1425100,,,,,,
marker_write,1021,31800,,,,,,
marker_sync,1021,1293200,,,,,,
append,1022,2901400,,,,,,
encode,1022,3300,,,,,,
data_write,1022,36800,,,,,,
data_sync,1022,1478300,,,,,,
marker_write,1022,32000,,,,,,
marker_sync,1022,1349100,,,,,,
append,1023,2687500,,,,,,
encode,1023,2700,,,,,,
data_write,1023,35000,,,,,,
data_sync,1023,1358300,,,,,,
marker_write,1023,27900,,,,,,
marker_sync,1023,1262000,,,,,,
append,1024,2542500,,,,,,
encode,1024,2300,,,,,,
data_write,1024,38600,,,,,,
data_sync,1024,1250900,,,,,,
marker_write,1024,30600,,,,,,
marker_sync,1024,1219100,,,,,,
append,1025,2711500,,,,,,
encode,1025,1600,,,,,,
data_write,1025,37600,,,,,,
data_sync,1025,1413800,,,,,,
marker_write,1025,29900,,,,,,
marker_sync,1025,1227400,,,,,,
append,1026,2513600,,,,,,
encode,1026,2300,,,,,,
data_write,1026,37900,,,,,,
data_sync,1026,1213500,,,,,,
marker_write,1026,28800,,,,,,
marker_sync,1026,1230100,,,,,,
append,1027,2450400,,,,,,
encode,1027,1800,,,,,,
data_write,1027,35200,,,,,,
data_sync,1027,1194900,,,,,,
marker_write,1027,27800,,,,,,
marker_sync,1027,1189600,,,,,,
append,1028,2461800,,,,,,
encode,1028,1700,,,,,,
data_write,1028,35300,,,,,,
data_sync,1028,1201000,,,,,,
marker_write,1028,27900,,,,,,
marker_sync,1028,1194900,,,,,,
append,1029,2457400,,,,,,
encode,1029,1700,,,,,,
data_write,1029,33000,,,,,,
data_sync,1029,1195100,,,,,,
marker_write,1029,28900,,,,,,
marker_sync,1029,1197800,,,,,,
append,1030,2483700,,,,,,
encode,1030,1500,,,,,,
data_write,1030,34600,,,,,,
data_sync,1030,1198800,,,,,,
marker_write,1030,27100,,,,,,
marker_sync,1030,1220500,,,,,,
append,1031,2545200,,,,,,
encode,1031,1700,,,,,,
data_write,1031,34500,,,,,,
data_sync,1031,1242600,,,,,,
marker_write,1031,28400,,,,,,
marker_sync,1031,1237000,,,,,,
append,1032,2564600,,,,,,
encode,1032,2000,,,,,,
data_write,1032,33200,,,,,,
data_sync,1032,1219900,,,,,,
marker_write,1032,27600,,,,,,
marker_sync,1032,1280900,,,,,,
append,1033,2747000,,,,,,
encode,1033,2000,,,,,,
data_write,1033,36000,,,,,,
data_sync,1033,1383300,,,,,,
marker_write,1033,30800,,,,,,
marker_sync,1033,1293700,,,,,,
append,1034,2587600,,,,,,
encode,1034,1800,,,,,,
data_write,1034,32300,,,,,,
data_sync,1034,1258800,,,,,,
marker_write,1034,32800,,,,,,
marker_sync,1034,1260900,,,,,,
append,1035,2581300,,,,,,
encode,1035,1600,,,,,,
data_write,1035,34000,,,,,,
data_sync,1035,1257100,,,,,,
marker_write,1035,29000,,,,,,
marker_sync,1035,1258700,,,,,,
append,1036,2630800,,,,,,
encode,1036,1700,,,,,,
data_write,1036,34400,,,,,,
data_sync,1036,1289300,,,,,,
marker_write,1036,29700,,,,,,
marker_sync,1036,1274500,,,,,,
append,1037,2676200,,,,,,
encode,1037,2400,,,,,,
data_write,1037,35100,,,,,,
data_sync,1037,1309300,,,,,,
marker_write,1037,29900,,,,,,
marker_sync,1037,1298200,,,,,,
append,1038,2725900,,,,,,
encode,1038,2000,,,,,,
data_write,1038,34600,,,,,,
data_sync,1038,1244500,,,,,,
marker_write,1038,29700,,,,,,
marker_sync,1038,1413500,,,,,,
append,1039,2985800,,,,,,
encode,1039,1900,,,,,,
data_write,1039,35400,,,,,,
data_sync,1039,1494500,,,,,,
marker_write,1039,30200,,,,,,
marker_sync,1039,1422300,,,,,,
append,1040,2508900,,,,,,
encode,1040,2700,,,,,,
data_write,1040,40900,,,,,,
data_sync,1040,1229000,,,,,,
marker_write,1040,30200,,,,,,
marker_sync,1040,1204900,,,,,,
append,1041,2455300,,,,,,
encode,1041,1700,,,,,,
data_write,1041,34500,,,,,,
data_sync,1041,1170100,,,,,,
marker_write,1041,43700,,,,,,
marker_sync,1041,1204200,,,,,,
append,1042,2463800,,,,,,
encode,1042,1900,,,,,,
data_write,1042,35700,,,,,,
data_sync,1042,1203100,,,,,,
marker_write,1042,29700,,,,,,
marker_sync,1042,1192500,,,,,,
append,1043,2818200,,,,,,
encode,1043,1800,,,,,,
data_write,1043,35100,,,,,,
data_sync,1043,1329000,,,,,,
marker_write,1043,30600,,,,,,
marker_sync,1043,1420900,,,,,,
append,1044,2509500,,,,,,
encode,1044,1900,,,,,,
data_write,1044,36500,,,,,,
data_sync,1044,1207700,,,,,,
marker_write,1044,29200,,,,,,
marker_sync,1044,1233000,,,,,,
append,1045,2680001,,,,,,
encode,1045,2101,,,,,,
data_write,1045,38400,,,,,,
data_sync,1045,1242600,,,,,,
marker_write,1045,33700,,,,,,
marker_sync,1045,1360700,,,,,,
append,1046,2677300,,,,,,
encode,1046,3400,,,,,,
data_write,1046,38200,,,,,,
data_sync,1046,1220200,,,,,,
marker_write,1046,31800,,,,,,
marker_sync,1046,1382300,,,,,,
append,1047,2657600,,,,,,
encode,1047,2400,,,,,,
data_write,1047,38800,,,,,,
data_sync,1047,1298000,,,,,,
marker_write,1047,29800,,,,,,
marker_sync,1047,1287500,,,,,,
append,1048,2736700,,,,,,
encode,1048,2100,,,,,,
data_write,1048,33600,,,,,,
data_sync,1048,1398500,,,,,,
marker_write,1048,27500,,,,,,
marker_sync,1048,1273900,,,,,,
append,1049,2673700,,,,,,
encode,1049,1700,,,,,,
data_write,1049,31100,,,,,,
data_sync,1049,1273300,,,,,,
marker_write,1049,27400,,,,,,
marker_sync,1049,1339000,,,,,,
append,1050,2997100,,,,,,
encode,1050,1900,,,,,,
data_write,1050,35700,,,,,,
data_sync,1050,1379300,,,,,,
marker_write,1050,35600,,,,,,
marker_sync,1050,1542400,,,,,,
append,1051,3029700,,,,,,
encode,1051,4100,,,,,,
data_write,1051,54000,,,,,,
data_sync,1051,1480100,,,,,,
marker_write,1051,41200,,,,,,
marker_sync,1051,1448500,,,,,,
append,1052,2947700,,,,,,
encode,1052,3200,,,,,,
data_write,1052,47000,,,,,,
data_sync,1052,1513300,,,,,,
marker_write,1052,31300,,,,,,
marker_sync,1052,1351000,,,,,,
append,1053,2716800,,,,,,
encode,1053,3400,,,,,,
data_write,1053,40300,,,,,,
data_sync,1053,1332600,,,,,,
marker_write,1053,32200,,,,,,
marker_sync,1053,1306700,,,,,,
append,1054,2676600,,,,,,
encode,1054,2300,,,,,,
data_write,1054,36300,,,,,,
data_sync,1054,1322600,,,,,,
marker_write,1054,29800,,,,,,
marker_sync,1054,1284600,,,,,,
append,1055,2726200,,,,,,
encode,1055,1800,,,,,,
data_write,1055,33300,,,,,,
data_sync,1055,1289600,,,,,,
marker_write,1055,28300,,,,,,
marker_sync,1055,1372100,,,,,,
append,1056,2918800,,,,,,
encode,1056,1900,,,,,,
data_write,1056,35300,,,,,,
data_sync,1056,1414100,,,,,,
marker_write,1056,39900,,,,,,
marker_sync,1056,1426200,,,,,,
append,1057,2846700,,,,,,
encode,1057,2600,,,,,,
data_write,1057,38800,,,,,,
data_sync,1057,1396700,,,,,,
marker_write,1057,30200,,,,,,
marker_sync,1057,1377100,,,,,,
append,1058,2876300,,,,,,
encode,1058,2400,,,,,,
data_write,1058,37400,,,,,,
data_sync,1058,1398900,,,,,,
marker_write,1058,32300,,,,,,
marker_sync,1058,1404000,,,,,,
append,1059,2678700,,,,,,
encode,1059,2600,,,,,,
data_write,1059,38300,,,,,,
data_sync,1059,1312100,,,,,,
marker_write,1059,31100,,,,,,
marker_sync,1059,1293600,,,,,,
append,1060,2639700,,,,,,
encode,1060,2000,,,,,,
data_write,1060,36600,,,,,,
data_sync,1060,1290000,,,,,,
marker_write,1060,26900,,,,,,
marker_sync,1060,1283300,,,,,,
append,1061,2845500,,,,,,
encode,1061,1800,,,,,,
data_write,1061,33800,,,,,,
data_sync,1061,1298100,,,,,,
marker_write,1061,28500,,,,,,
marker_sync,1061,1482500,,,,,,
append,1062,2908800,,,,,,
encode,1062,2200,,,,,,
data_write,1062,35300,,,,,,
data_sync,1062,1522300,,,,,,
marker_write,1062,33200,,,,,,
marker_sync,1062,1314600,,,,,,
append,1063,2629700,,,,,,
encode,1063,2200,,,,,,
data_write,1063,34400,,,,,,
data_sync,1063,1282500,,,,,,
marker_write,1063,27300,,,,,,
marker_sync,1063,1282300,,,,,,
append,1064,2649700,,,,,,
encode,1064,1700,,,,,,
data_write,1064,14500,,,,,,
data_sync,1064,1321400,,,,,,
marker_write,1064,27800,,,,,,
marker_sync,1064,1283400,,,,,,
append,1065,2645400,,,,,,
encode,1065,1700,,,,,,
data_write,1065,33800,,,,,,
data_sync,1065,1278300,,,,,,
marker_write,1065,49200,,,,,,
marker_sync,1065,1281000,,,,,,
append,1066,2625000,,,,,,
encode,1066,1600,,,,,,
data_write,1066,34600,,,,,,
data_sync,1066,1275100,,,,,,
marker_write,1066,27200,,,,,,
marker_sync,1066,1285600,,,,,,
append,1067,2925600,,,,,,
encode,1067,1600,,,,,,
data_write,1067,32400,,,,,,
data_sync,1067,1302400,,,,,,
marker_write,1067,29600,,,,,,
marker_sync,1067,1558400,,,,,,
append,1068,2884000,,,,,,
encode,1068,2200,,,,,,
data_write,1068,40000,,,,,,
data_sync,1068,1380600,,,,,,
marker_write,1068,31500,,,,,,
marker_sync,1068,1428200,,,,,,
append,1069,2784300,,,,,,
encode,1069,3500,,,,,,
data_write,1069,38300,,,,,,
data_sync,1069,1350800,,,,,,
marker_write,1069,32700,,,,,,
marker_sync,1069,1357700,,,,,,
append,1070,2698100,,,,,,
encode,1070,2300,,,,,,
data_write,1070,35900,,,,,,
data_sync,1070,1319700,,,,,,
marker_write,1070,29700,,,,,,
marker_sync,1070,1309300,,,,,,
append,1071,2668200,,,,,,
encode,1071,2300,,,,,,
data_write,1071,34400,,,,,,
data_sync,1071,1313500,,,,,,
marker_write,1071,28100,,,,,,
marker_sync,1071,1288800,,,,,,
append,1072,2623501,,,,,,
encode,1072,2200,,,,,,
data_write,1072,38200,,,,,,
data_sync,1072,1273600,,,,,,
marker_write,1072,27900,,,,,,
marker_sync,1072,1280601,,,,,,
append,1073,2974900,,,,,,
encode,1073,1800,,,,,,
data_write,1073,43300,,,,,,
data_sync,1073,1362800,,,,,,
marker_write,1073,31100,,,,,,
marker_sync,1073,1535000,,,,,,
append,1074,2947500,,,,,,
encode,1074,2100,,,,,,
data_write,1074,35300,,,,,,
data_sync,1074,1525700,,,,,,
marker_write,1074,28500,,,,,,
marker_sync,1074,1354800,,,,,,
append,1075,2665000,,,,,,
encode,1075,1800,,,,,,
data_write,1075,34000,,,,,,
data_sync,1075,1309400,,,,,,
marker_write,1075,27500,,,,,,
marker_sync,1075,1291400,,,,,,
append,1076,2728500,,,,,,
encode,1076,1700,,,,,,
data_write,1076,33600,,,,,,
data_sync,1076,1317700,,,,,,
marker_write,1076,30700,,,,,,
marker_sync,1076,1343400,,,,,,
append,1077,2827400,,,,,,
encode,1077,2300,,,,,,
data_write,1077,34100,,,,,,
data_sync,1077,1387700,,,,,,
marker_write,1077,30100,,,,,,
marker_sync,1077,1372200,,,,,,
append,1078,3012000,,,,,,
encode,1078,1900,,,,,,
data_write,1078,35200,,,,,,
data_sync,1078,1391100,,,,,,
marker_write,1078,28600,,,,,,
marker_sync,1078,1553300,,,,,,
append,1079,3215700,,,,,,
encode,1079,3300,,,,,,
data_write,1079,51300,,,,,,
data_sync,1079,1588000,,,,,,
marker_write,1079,36800,,,,,,
marker_sync,1079,1533100,,,,,,
append,1080,3079500,,,,,,
encode,1080,3900,,,,,,
data_write,1080,55100,,,,,,
data_sync,1080,1633700,,,,,,
marker_write,1080,32000,,,,,,
marker_sync,1080,1353500,,,,,,
append,1081,2813700,,,,,,
encode,1081,3300,,,,,,
data_write,1081,46100,,,,,,
data_sync,1081,1355600,,,,,,
marker_write,1081,29800,,,,,,
marker_sync,1081,1377900,,,,,,
append,1082,2821700,,,,,,
encode,1082,2100,,,,,,
data_write,1082,37000,,,,,,
data_sync,1082,1381600,,,,,,
marker_write,1082,29400,,,,,,
marker_sync,1082,1370600,,,,,,
append,1083,2851500,,,,,,
encode,1083,1900,,,,,,
data_write,1083,35500,,,,,,
data_sync,1083,1390300,,,,,,
marker_write,1083,29300,,,,,,
marker_sync,1083,1392800,,,,,,
append,1084,2979300,,,,,,
encode,1084,2400,,,,,,
data_write,1084,42500,,,,,,
data_sync,1084,1489700,,,,,,
marker_write,1084,34800,,,,,,
marker_sync,1084,1408400,,,,,,
append,1085,2889300,,,,,,
encode,1085,3600,,,,,,
data_write,1085,39600,,,,,,
data_sync,1085,1482600,,,,,,
marker_write,1085,34000,,,,,,
marker_sync,1085,1328100,,,,,,
append,1086,2708600,,,,,,
encode,1086,3400,,,,,,
data_write,1086,36200,,,,,,
data_sync,1086,1327300,,,,,,
marker_write,1086,31200,,,,,,
marker_sync,1086,1309200,,,,,,
append,1087,2602100,,,,,,
encode,1087,2400,,,,,,
data_write,1087,34500,,,,,,
data_sync,1087,1283900,,,,,,
marker_write,1087,26100,,,,,,
marker_sync,1087,1254100,,,,,,
append,1088,2613900,,,,,,
encode,1088,1600,,,,,,
data_write,1088,34100,,,,,,
data_sync,1088,1298200,,,,,,
marker_write,1088,25800,,,,,,
marker_sync,1088,1253300,,,,,,
append,1089,2631200,,,,,,
encode,1089,1400,,,,,,
data_write,1089,34300,,,,,,
data_sync,1089,1267900,,,,,,
marker_write,1089,28800,,,,,,
marker_sync,1089,1297500,,,,,,
append,1090,2665500,,,,,,
encode,1090,1800,,,,,,
data_write,1090,37100,,,,,,
data_sync,1090,1327000,,,,,,
marker_write,1090,29800,,,,,,
marker_sync,1090,1268100,,,,,,
append,1091,2664000,,,,,,
encode,1091,1900,,,,,,
data_write,1091,32700,,,,,,
data_sync,1091,1306900,,,,,,
marker_write,1091,29800,,,,,,
marker_sync,1091,1291700,,,,,,
append,1092,2620000,,,,,,
encode,1092,1900,,,,,,
data_write,1092,35300,,,,,,
data_sync,1092,1267500,,,,,,
marker_write,1092,31700,,,,,,
marker_sync,1092,1282600,,,,,,
append,1093,2623600,,,,,,
encode,1093,1700,,,,,,
data_write,1093,34100,,,,,,
data_sync,1093,1306500,,,,,,
marker_write,1093,25800,,,,,,
marker_sync,1093,1254600,,,,,,
append,1094,2789200,,,,,,
encode,1094,1300,,,,,,
data_write,1094,31300,,,,,,
data_sync,1094,1263700,,,,,,
marker_write,1094,27500,,,,,,
marker_sync,1094,1464500,,,,,,
append,1095,2910000,,,,,,
encode,1095,1500,,,,,,
data_write,1095,31100,,,,,,
data_sync,1095,1372800,,,,,,
marker_write,1095,25700,,,,,,
marker_sync,1095,1477600,,,,,,
append,1096,3362300,,,,,,
encode,1096,2000,,,,,,
data_write,1096,38400,,,,,,
data_sync,1096,1613800,,,,,,
marker_write,1096,34900,,,,,,
marker_sync,1096,1672100,,,,,,
append,1097,2906000,,,,,,
encode,1097,2200,,,,,,
data_write,1097,35200,,,,,,
data_sync,1097,1436900,,,,,,
marker_write,1097,30300,,,,,,
marker_sync,1097,1400200,,,,,,
append,1098,2978900,,,,,,
encode,1098,3500,,,,,,
data_write,1098,34800,,,,,,
data_sync,1098,1434800,,,,,,
marker_write,1098,37400,,,,,,
marker_sync,1098,1465400,,,,,,
append,1099,2983201,,,,,,
encode,1099,6100,,,,,,
data_write,1099,48800,,,,,,
data_sync,1099,1420601,,,,,,
marker_write,1099,37400,,,,,,
marker_sync,1099,1468000,,,,,,
append,1100,2681400,,,,,,
encode,1100,4400,,,,,,
data_write,1100,40400,,,,,,
data_sync,1100,1313100,,,,,,
marker_write,1100,30000,,,,,,
marker_sync,1100,1291800,,,,,,
append,1101,2662400,,,,,,
encode,1101,3400,,,,,,
data_write,1101,35600,,,,,,
data_sync,1101,1268600,,,,,,
marker_write,1101,34900,,,,,,
marker_sync,1101,1318500,,,,,,
append,1102,2652000,,,,,,
encode,1102,2800,,,,,,
data_write,1102,38000,,,,,,
data_sync,1102,1316200,,,,,,
marker_write,1102,30100,,,,,,
marker_sync,1102,1263000,,,,,,
append,1103,2690700,,,,,,
encode,1103,2600,,,,,,
data_write,1103,38800,,,,,,
data_sync,1103,1352300,,,,,,
marker_write,1103,29200,,,,,,
marker_sync,1103,1266000,,,,,,
append,1104,2644400,,,,,,
encode,1104,2300,,,,,,
data_write,1104,37400,,,,,,
data_sync,1104,1296300,,,,,,
marker_write,1104,33000,,,,,,
marker_sync,1104,1273900,,,,,,
append,1105,2739900,,,,,,
encode,1105,2500,,,,,,
data_write,1105,38100,,,,,,
data_sync,1105,1316800,,,,,,
marker_write,1105,29900,,,,,,
marker_sync,1105,1351400,,,,,,
append,1106,2695900,,,,,,
encode,1106,2000,,,,,,
data_write,1106,36700,,,,,,
data_sync,1106,1299700,,,,,,
marker_write,1106,28400,,,,,,
marker_sync,1106,1328100,,,,,,
append,1107,3203200,,,,,,
encode,1107,1700,,,,,,
data_write,1107,34600,,,,,,
data_sync,1107,1476500,,,,,,
marker_write,1107,49800,,,,,,
marker_sync,1107,1637500,,,,,,
append,1108,3361700,,,,,,
encode,1108,3900,,,,,,
data_write,1108,49500,,,,,,
data_sync,1108,1769500,,,,,,
marker_write,1108,38000,,,,,,
marker_sync,1108,1498900,,,,,,
append,1109,2826800,,,,,,
encode,1109,3500,,,,,,
data_write,1109,40400,,,,,,
data_sync,1109,1396400,,,,,,
marker_write,1109,29700,,,,,,
marker_sync,1109,1355400,,,,,,
append,1110,2717300,,,,,,
encode,1110,2600,,,,,,
data_write,1110,39000,,,,,,
data_sync,1110,1332100,,,,,,
marker_write,1110,29100,,,,,,
marker_sync,1110,1313200,,,,,,
append,1111,2753300,,,,,,
encode,1111,2000,,,,,,
data_write,1111,34500,,,,,,
data_sync,1111,1357400,,,,,,
marker_write,1111,31500,,,,,,
marker_sync,1111,1326700,,,,,,
append,1112,3789500,,,,,,
encode,1112,2500,,,,,,
data_write,1112,35300,,,,,,
data_sync,1112,1340100,,,,,,
marker_write,1112,28200,,,,,,
marker_sync,1112,2382100,,,,,,
append,1113,3606400,,,,,,
encode,1113,2900,,,,,,
data_write,1113,43900,,,,,,
data_sync,1113,2078200,,,,,,
marker_write,1113,42600,,,,,,
marker_sync,1113,1436800,,,,,,
append,1114,2979700,,,,,,
encode,1114,4000,,,,,,
data_write,1114,44200,,,,,,
data_sync,1114,1459000,,,,,,
marker_write,1114,32700,,,,,,
marker_sync,1114,1438100,,,,,,
append,1115,3498100,,,,,,
encode,1115,3000,,,,,,
data_write,1115,35800,,,,,,
data_sync,1115,1558400,,,,,,
marker_write,1115,32100,,,,,,
marker_sync,1115,1867700,,,,,,
append,1116,3345800,,,,,,
encode,1116,2300,,,,,,
data_write,1116,485000,,,,,,
data_sync,1116,1430700,,,,,,
marker_write,1116,32100,,,,,,
marker_sync,1116,1394400,,,,,,
append,1117,2801500,,,,,,
encode,1117,3400,,,,,,
data_write,1117,37900,,,,,,
data_sync,1117,1409600,,,,,,
marker_write,1117,31700,,,,,,
marker_sync,1117,1317600,,,,,,
append,1118,2707600,,,,,,
encode,1118,3300,,,,,,
data_write,1118,33800,,,,,,
data_sync,1118,1330400,,,,,,
marker_write,1118,31000,,,,,,
marker_sync,1118,1308100,,,,,,
append,1119,2712400,,,,,,
encode,1119,2300,,,,,,
data_write,1119,34800,,,,,,
data_sync,1119,1285600,,,,,,
marker_write,1119,27000,,,,,,
marker_sync,1119,1361700,,,,,,
append,1120,2976500,,,,,,
encode,1120,2000,,,,,,
data_write,1120,33400,,,,,,
data_sync,1120,1457100,,,,,,
marker_write,1120,103000,,,,,,
marker_sync,1120,1379600,,,,,,
append,1121,2727700,,,,,,
encode,1121,3700,,,,,,
data_write,1121,39700,,,,,,
data_sync,1121,1331200,,,,,,
marker_write,1121,29500,,,,,,
marker_sync,1121,1322300,,,,,,
append,1122,2820100,,,,,,
encode,1122,2300,,,,,,
data_write,1122,34500,,,,,,
data_sync,1122,1316800,,,,,,
marker_write,1122,26300,,,,,,
marker_sync,1122,1438900,,,,,,
append,1123,2799500,,,,,,
encode,1123,3600,,,,,,
data_write,1123,39500,,,,,,
data_sync,1123,1402900,,,,,,
marker_write,1123,32500,,,,,,
marker_sync,1123,1319800,,,,,,
append,1124,2781500,,,,,,
encode,1124,2300,,,,,,
data_write,1124,35500,,,,,,
data_sync,1124,1412500,,,,,,
marker_write,1124,28800,,,,,,
marker_sync,1124,1301400,,,,,,
append,1125,2664201,,,,,,
encode,1125,1800,,,,,,
data_write,1125,34200,,,,,,
data_sync,1125,1297501,,,,,,
marker_write,1125,26200,,,,,,
marker_sync,1125,1303300,,,,,,
append,1126,2676000,,,,,,
encode,1126,1800,,,,,,
data_write,1126,36700,,,,,,
data_sync,1126,1297400,,,,,,
marker_write,1126,32900,,,,,,
marker_sync,1126,1305400,,,,,,
append,1127,2708900,,,,,,
encode,1127,2600,,,,,,
data_write,1127,41400,,,,,,
data_sync,1127,1341200,,,,,,
marker_write,1127,30800,,,,,,
marker_sync,1127,1291800,,,,,,
append,1128,2822100,,,,,,
encode,1128,2000,,,,,,
data_write,1128,36100,,,,,,
data_sync,1128,1272300,,,,,,
marker_write,1128,39300,,,,,,
marker_sync,1128,1471300,,,,,,
append,1129,2735500,,,,,,
encode,1129,2400,,,,,,
data_write,1129,36500,,,,,,
data_sync,1129,1362700,,,,,,
marker_write,1129,29100,,,,,,
marker_sync,1129,1303800,,,,,,
append,1130,2718700,,,,,,
encode,1130,1800,,,,,,
data_write,1130,34400,,,,,,
data_sync,1130,1304500,,,,,,
marker_write,1130,30000,,,,,,
marker_sync,1130,1346700,,,,,,
append,1131,2689200,,,,,,
encode,1131,1600,,,,,,
data_write,1131,35000,,,,,,
data_sync,1131,1295900,,,,,,
marker_write,1131,28400,,,,,,
marker_sync,1131,1326900,,,,,,
append,1132,2727700,,,,,,
encode,1132,2100,,,,,,
data_write,1132,41200,,,,,,
data_sync,1132,1350400,,,,,,
marker_write,1132,29800,,,,,,
marker_sync,1132,1303000,,,,,,
append,1133,2776800,,,,,,
encode,1133,2700,,,,,,
data_write,1133,35700,,,,,,
data_sync,1133,1429200,,,,,,
marker_write,1133,29800,,,,,,
marker_sync,1133,1278400,,,,,,
append,1134,2956700,,,,,,
encode,1134,2000,,,,,,
data_write,1134,34600,,,,,,
data_sync,1134,1346100,,,,,,
marker_write,1134,29800,,,,,,
marker_sync,1134,1543100,,,,,,
append,1135,2829100,,,,,,
encode,1135,1900,,,,,,
data_write,1135,41400,,,,,,
data_sync,1135,1467300,,,,,,
marker_write,1135,30700,,,,,,
marker_sync,1135,1286600,,,,,,
append,1136,2621600,,,,,,
encode,1136,2300,,,,,,
data_write,1136,34700,,,,,,
data_sync,1136,1290700,,,,,,
marker_write,1136,28200,,,,,,
marker_sync,1136,1264800,,,,,,
append,1137,2646200,,,,,,
encode,1137,1700,,,,,,
data_write,1137,33200,,,,,,
data_sync,1137,1275900,,,,,,
marker_write,1137,28000,,,,,,
marker_sync,1137,1306400,,,,,,
append,1138,2666500,,,,,,
encode,1138,1900,,,,,,
data_write,1138,35900,,,,,,
data_sync,1138,1299400,,,,,,
marker_write,1138,27900,,,,,,
marker_sync,1138,1300500,,,,,,
append,1139,2640200,,,,,,
encode,1139,1900,,,,,,
data_write,1139,34200,,,,,,
data_sync,1139,1295700,,,,,,
marker_write,1139,28000,,,,,,
marker_sync,1139,1279400,,,,,,
append,1140,3090100,,,,,,
encode,1140,1700,,,,,,
data_write,1140,33300,,,,,,
data_sync,1140,1404200,,,,,,
marker_write,1140,31500,,,,,,
marker_sync,1140,1618000,,,,,,
append,1141,3000200,,,,,,
encode,1141,2800,,,,,,
data_write,1141,36500,,,,,,
data_sync,1141,1493600,,,,,,
marker_write,1141,31000,,,,,,
marker_sync,1141,1434500,,,,,,
append,1142,2977900,,,,,,
encode,1142,2300,,,,,,
data_write,1142,36300,,,,,,
data_sync,1142,1455900,,,,,,
marker_write,1142,32700,,,,,,
marker_sync,1142,1449400,,,,,,
append,1143,2892000,,,,,,
encode,1143,2100,,,,,,
data_write,1143,37300,,,,,,
data_sync,1143,1436600,,,,,,
marker_write,1143,37300,,,,,,
marker_sync,1143,1377400,,,,,,
append,1144,2856600,,,,,,
encode,1144,2400,,,,,,
data_write,1144,36700,,,,,,
data_sync,1144,1408600,,,,,,
marker_write,1144,28400,,,,,,
marker_sync,1144,1379600,,,,,,
append,1145,2947800,,,,,,
encode,1145,1900,,,,,,
data_write,1145,34000,,,,,,
data_sync,1145,1347100,,,,,,
marker_write,1145,31000,,,,,,
marker_sync,1145,1531700,,,,,,
append,1146,3359500,,,,,,
encode,1146,5400,,,,,,
data_write,1146,61900,,,,,,
data_sync,1146,1723100,,,,,,
marker_write,1146,43400,,,,,,
marker_sync,1146,1523200,,,,,,
append,1147,3005200,,,,,,
encode,1147,4400,,,,,,
data_write,1147,44800,,,,,,
data_sync,1147,1488100,,,,,,
marker_write,1147,32600,,,,,,
marker_sync,1147,1432600,,,,,,
append,1148,2904300,,,,,,
encode,1148,3300,,,,,,
data_write,1148,39200,,,,,,
data_sync,1148,1424700,,,,,,
marker_write,1148,33400,,,,,,
marker_sync,1148,1402100,,,,,,
append,1149,2976100,,,,,,
encode,1149,2600,,,,,,
data_write,1149,36700,,,,,,
data_sync,1149,1476600,,,,,,
marker_write,1149,42500,,,,,,
marker_sync,1149,1415500,,,,,,
append,1150,2941600,,,,,,
encode,1150,2500,,,,,,
data_write,1150,36200,,,,,,
data_sync,1150,1389800,,,,,,
marker_write,1150,29200,,,,,,
marker_sync,1150,1482300,,,,,,
append,1151,2992500,,,,,,
encode,1151,2500,,,,,,
data_write,1151,39800,,,,,,
data_sync,1151,1517100,,,,,,
marker_write,1151,29900,,,,,,
marker_sync,1151,1401500,,,,,,
append,1152,2847301,,,,,,
encode,1152,3100,,,,,,
data_write,1152,38300,,,,,,
data_sync,1152,1384801,,,,,,
marker_write,1152,30500,,,,,,
marker_sync,1152,1389400,,,,,,
append,1153,2783700,,,,,,
encode,1153,1600,,,,,,
data_write,1153,35800,,,,,,
data_sync,1153,1366800,,,,,,
marker_write,1153,28100,,,,,,
marker_sync,1153,1350400,,,,,,
append,1154,2756900,,,,,,
encode,1154,2000,,,,,,
data_write,1154,34600,,,,,,
data_sync,1154,1343200,,,,,,
marker_write,1154,28200,,,,,,
marker_sync,1154,1347800,,,,,,
append,1155,2872300,,,,,,
encode,1155,2100,,,,,,
data_write,1155,36200,,,,,,
data_sync,1155,1400000,,,,,,
marker_write,1155,31900,,,,,,
marker_sync,1155,1400700,,,,,,
append,1156,3294300,,,,,,
encode,1156,2700,,,,,,
data_write,1156,43300,,,,,,
data_sync,1156,1573700,,,,,,
marker_write,1156,37800,,,,,,
marker_sync,1156,1634800,,,,,,
append,1157,3242600,,,,,,
encode,1157,4500,,,,,,
data_write,1157,46600,,,,,,
data_sync,1157,1637200,,,,,,
marker_write,1157,30100,,,,,,
marker_sync,1157,1522600,,,,,,
append,1158,2986200,,,,,,
encode,1158,2800,,,,,,
data_write,1158,38300,,,,,,
data_sync,1158,1424300,,,,,,
marker_write,1158,31500,,,,,,
marker_sync,1158,1488100,,,,,,
append,1159,3024600,,,,,,
encode,1159,2500,,,,,,
data_write,1159,40200,,,,,,
data_sync,1159,1498700,,,,,,
marker_write,1159,37100,,,,,,
marker_sync,1159,1444400,,,,,,
append,1160,2967500,,,,,,
encode,1160,2500,,,,,,
data_write,1160,39000,,,,,,
data_sync,1160,1416300,,,,,,
marker_write,1160,35700,,,,,,
marker_sync,1160,1472200,,,,,,
append,1161,3175700,,,,,,
encode,1161,2600,,,,,,
data_write,1161,37700,,,,,,
data_sync,1161,1394700,,,,,,
marker_write,1161,37800,,,,,,
marker_sync,1161,1700700,,,,,,
append,1162,2857000,,,,,,
encode,1162,3600,,,,,,
data_write,1162,48400,,,,,,
data_sync,1162,1431700,,,,,,
marker_write,1162,27900,,,,,,
marker_sync,1162,1344500,,,,,,
append,1163,2861700,,,,,,
encode,1163,2500,,,,,,
data_write,1163,39600,,,,,,
data_sync,1163,1391800,,,,,,
marker_write,1163,33800,,,,,,
marker_sync,1163,1392500,,,,,,
append,1164,2960600,,,,,,
encode,1164,2900,,,,,,
data_write,1164,37600,,,,,,
data_sync,1164,1546700,,,,,,
marker_write,1164,29000,,,,,,
marker_sync,1164,1342400,,,,,,
append,1165,2713400,,,,,,
encode,1165,2000,,,,,,
data_write,1165,33000,,,,,,
data_sync,1165,1319200,,,,,,
marker_write,1165,26200,,,,,,
marker_sync,1165,1332300,,,,,,
append,1166,2842000,,,,,,
encode,1166,1300,,,,,,
data_write,1166,31900,,,,,,
data_sync,1166,1344100,,,,,,
marker_write,1166,33200,,,,,,
marker_sync,1166,1430100,,,,,,
append,1167,2843700,,,,,,
encode,1167,2800,,,,,,
data_write,1167,41000,,,,,,
data_sync,1167,1406500,,,,,,
marker_write,1167,30100,,,,,,
marker_sync,1167,1361700,,,,,,
append,1168,2761100,,,,,,
encode,1168,2700,,,,,,
data_write,1168,37900,,,,,,
data_sync,1168,1333500,,,,,,
marker_write,1168,31500,,,,,,
marker_sync,1168,1354500,,,,,,
append,1169,2709900,,,,,,
encode,1169,1900,,,,,,
data_write,1169,35400,,,,,,
data_sync,1169,1320900,,,,,,
marker_write,1169,29500,,,,,,
marker_sync,1169,1320800,,,,,,
append,1170,2719200,,,,,,
encode,1170,2400,,,,,,
data_write,1170,48600,,,,,,
data_sync,1170,1313600,,,,,,
marker_write,1170,28700,,,,,,
marker_sync,1170,1324700,,,,,,
append,1171,2713400,,,,,,
encode,1171,1900,,,,,,
data_write,1171,37700,,,,,,
data_sync,1171,1323900,,,,,,
marker_write,1171,29200,,,,,,
marker_sync,1171,1319700,,,,,,
append,1172,2967600,,,,,,
encode,1172,1800,,,,,,
data_write,1172,34400,,,,,,
data_sync,1172,1378200,,,,,,
marker_write,1172,29100,,,,,,
marker_sync,1172,1522000,,,,,,
append,1173,3103300,,,,,,
encode,1173,4500,,,,,,
data_write,1173,46900,,,,,,
data_sync,1173,1495900,,,,,,
marker_write,1173,44200,,,,,,
marker_sync,1173,1509300,,,,,,
append,1174,3127600,,,,,,
encode,1174,4500,,,,,,
data_write,1174,46100,,,,,,
data_sync,1174,1553400,,,,,,
marker_write,1174,40300,,,,,,
marker_sync,1174,1481100,,,,,,
append,1175,2794200,,,,,,
encode,1175,3500,,,,,,
data_write,1175,40200,,,,,,
data_sync,1175,1374300,,,,,,
marker_write,1175,32700,,,,,,
marker_sync,1175,1341300,,,,,,
append,1176,2757300,,,,,,
encode,1176,2500,,,,,,
data_write,1176,34100,,,,,,
data_sync,1176,1311300,,,,,,
marker_write,1176,27100,,,,,,
marker_sync,1176,1381000,,,,,,
append,1177,2971500,,,,,,
encode,1177,2700,,,,,,
data_write,1177,40000,,,,,,
data_sync,1177,1379300,,,,,,
marker_write,1177,32700,,,,,,
marker_sync,1177,1514700,,,,,,
append,1178,2929801,,,,,,
encode,1178,2600,,,,,,
data_write,1178,38000,,,,,,
data_sync,1178,1447701,,,,,,
marker_write,1178,32600,,,,,,
marker_sync,1178,1407300,,,,,,
append,1179,2925100,,,,,,
encode,1179,3400,,,,,,
data_write,1179,39500,,,,,,
data_sync,1179,1411600,,,,,,
marker_write,1179,35500,,,,,,
marker_sync,1179,1432400,,,,,,
append,1180,3068300,,,,,,
encode,1180,4100,,,,,,
data_write,1180,48900,,,,,,
data_sync,1180,1538900,,,,,,
marker_write,1180,30900,,,,,,
marker_sync,1180,1443600,,,,,,
append,1181,2841100,,,,,,
encode,1181,2600,,,,,,
data_write,1181,40100,,,,,,
data_sync,1181,1406100,,,,,,
marker_write,1181,32300,,,,,,
marker_sync,1181,1358600,,,,,,
append,1182,2781500,,,,,,
encode,1182,2400,,,,,,
data_write,1182,36700,,,,,,
data_sync,1182,1362400,,,,,,
marker_write,1182,29400,,,,,,
marker_sync,1182,1349300,,,,,,
append,1183,2923000,,,,,,
encode,1183,1700,,,,,,
data_write,1183,32300,,,,,,
data_sync,1183,1338400,,,,,,
marker_write,1183,25700,,,,,,
marker_sync,1183,1523900,,,,,,
append,1184,2991000,,,,,,
encode,1184,2600,,,,,,
data_write,1184,41700,,,,,,
data_sync,1184,1483800,,,,,,
marker_write,1184,31000,,,,,,
marker_sync,1184,1430400,,,,,,
append,1185,2957100,,,,,,
encode,1185,2800,,,,,,
data_write,1185,36600,,,,,,
data_sync,1185,1473300,,,,,,
marker_write,1185,31200,,,,,,
marker_sync,1185,1411700,,,,,,
append,1186,2825100,,,,,,
encode,1186,2200,,,,,,
data_write,1186,33500,,,,,,
data_sync,1186,1359300,,,,,,
marker_write,1186,26300,,,,,,
marker_sync,1186,1402300,,,,,,
append,1187,2917900,,,,,,
encode,1187,2500,,,,,,
data_write,1187,38600,,,,,,
data_sync,1187,1448000,,,,,,
marker_write,1187,33000,,,,,,
marker_sync,1187,1393900,,,,,,
append,1188,2823400,,,,,,
encode,1188,2300,,,,,,
data_write,1188,36000,,,,,,
data_sync,1188,1365300,,,,,,
marker_write,1188,27000,,,,,,
marker_sync,1188,1390800,,,,,,
append,1189,3230600,,,,,,
encode,1189,2900,,,,,,
data_write,1189,44600,,,,,,
data_sync,1189,1590900,,,,,,
marker_write,1189,33300,,,,,,
marker_sync,1189,1557600,,,,,,
append,1190,3238000,,,,,,
encode,1190,3100,,,,,,
data_write,1190,36200,,,,,,
data_sync,1190,1625600,,,,,,
marker_write,1190,33100,,,,,,
marker_sync,1190,1538200,,,,,,
append,1191,3238300,,,,,,
encode,1191,2800,,,,,,
data_write,1191,39100,,,,,,
data_sync,1191,1582800,,,,,,
marker_write,1191,30200,,,,,,
marker_sync,1191,1580900,,,,,,
append,1192,2847400,,,,,,
encode,1192,3500,,,,,,
data_write,1192,41400,,,,,,
data_sync,1192,1402700,,,,,,
marker_write,1192,33500,,,,,,
marker_sync,1192,1364300,,,,,,
append,1193,2754400,,,,,,
encode,1193,2700,,,,,,
data_write,1193,38400,,,,,,
data_sync,1193,1368900,,,,,,
marker_write,1193,30500,,,,,,
marker_sync,1193,1312700,,,,,,
append,1194,2895700,,,,,,
encode,1194,2000,,,,,,
data_write,1194,37900,,,,,,
data_sync,1194,1360300,,,,,,
marker_write,1194,32300,,,,,,
marker_sync,1194,1461400,,,,,,
append,1195,3017500,,,,,,
encode,1195,3300,,,,,,
data_write,1195,38300,,,,,,
data_sync,1195,1514200,,,,,,
marker_write,1195,37600,,,,,,
marker_sync,1195,1422200,,,,,,
append,1196,2721300,,,,,,
encode,1196,3500,,,,,,
data_write,1196,36600,,,,,,
data_sync,1196,1343200,,,,,,
marker_write,1196,26600,,,,,,
marker_sync,1196,1310400,,,,,,
append,1197,2687300,,,,,,
encode,1197,1600,,,,,,
data_write,1197,32000,,,,,,
data_sync,1197,1325100,,,,,,
marker_write,1197,26100,,,,,,
marker_sync,1197,1301800,,,,,,
append,1198,2683900,,,,,,
encode,1198,1300,,,,,,
data_write,1198,31400,,,,,,
data_sync,1198,1314700,,,,,,
marker_write,1198,25800,,,,,,
marker_sync,1198,1309900,,,,,,
append,1199,2689100,,,,,,
encode,1199,1500,,,,,,
data_write,1199,31300,,,,,,
data_sync,1199,1307500,,,,,,
marker_write,1199,26400,,,,,,
marker_sync,1199,1320400,,,,,,
append,1200,3251200,,,,,,
encode,1200,2500,,,,,,
data_write,1200,40200,,,,,,
data_sync,1200,1516100,,,,,,
marker_write,1200,39100,,,,,,
marker_sync,1200,1651800,,,,,,
append,1201,2853200,,,,,,
encode,1201,3800,,,,,,
data_write,1201,42700,,,,,,
data_sync,1201,1349300,,,,,,
marker_write,1201,32100,,,,,,
marker_sync,1201,1423600,,,,,,
append,1202,2779500,,,,,,
encode,1202,2800,,,,,,
data_write,1202,36300,,,,,,
data_sync,1202,1345800,,,,,,
marker_write,1202,31900,,,,,,
marker_sync,1202,1361300,,,,,,
append,1203,2663200,,,,,,
encode,1203,2300,,,,,,
data_write,1203,35300,,,,,,
data_sync,1203,1306500,,,,,,
marker_write,1203,27100,,,,,,
marker_sync,1203,1291100,,,,,,
append,1204,2793401,,,,,,
encode,1204,1300,,,,,,
data_write,1204,31900,,,,,,
data_sync,1204,1419800,,,,,,
marker_write,1204,27500,,,,,,
marker_sync,1204,1311701,,,,,,
append,1205,2657800,,,,,,
encode,1205,1600,,,,,,
data_write,1205,31800,,,,,,
data_sync,1205,1289700,,,,,,
marker_write,1205,26000,,,,,,
marker_sync,1205,1307800,,,,,,
append,1206,2748400,,,,,,
encode,1206,1400,,,,,,
data_write,1206,31700,,,,,,
data_sync,1206,1311700,,,,,,
marker_write,1206,31600,,,,,,
marker_sync,1206,1371000,,,,,,
append,1207,2707000,,,,,,
encode,1207,1700,,,,,,
data_write,1207,35500,,,,,,
data_sync,1207,1310400,,,,,,
marker_write,1207,32000,,,,,,
marker_sync,1207,1325900,,,,,,
append,1208,2820700,,,,,,
encode,1208,2100,,,,,,
data_write,1208,37200,,,,,,
data_sync,1208,1397600,,,,,,
marker_write,1208,33600,,,,,,
marker_sync,1208,1348800,,,,,,
append,1209,2725600,,,,,,
encode,1209,2400,,,,,,
data_write,1209,35500,,,,,,
data_sync,1209,1348500,,,,,,
marker_write,1209,31600,,,,,,
marker_sync,1209,1306400,,,,,,
append,1210,2725900,,,,,,
encode,1210,2000,,,,,,
data_write,1210,36000,,,,,,
data_sync,1210,1354300,,,,,,
marker_write,1210,27700,,,,,,
marker_sync,1210,1304300,,,,,,
append,1211,2818300,,,,,,
encode,1211,2400,,,,,,
data_write,1211,38800,,,,,,
data_sync,1211,1395800,,,,,,
marker_write,1211,32500,,,,,,
marker_sync,1211,1347400,,,,,,
append,1212,2881100,,,,,,
encode,1212,2300,,,,,,
data_write,1212,35500,,,,,,
data_sync,1212,1301500,,,,,,
marker_write,1212,31600,,,,,,
marker_sync,1212,1508900,,,,,,
append,1213,2804600,,,,,,
encode,1213,2800,,,,,,
data_write,1213,41300,,,,,,
data_sync,1213,1383500,,,,,,
marker_write,1213,32100,,,,,,
marker_sync,1213,1343600,,,,,,
append,1214,2739100,,,,,,
encode,1214,3000,,,,,,
data_write,1214,37300,,,,,,
data_sync,1214,1311800,,,,,,
marker_write,1214,31400,,,,,,
marker_sync,1214,1354300,,,,,,
append,1215,2684400,,,,,,
encode,1215,2100,,,,,,
data_write,1215,37600,,,,,,
data_sync,1215,1326200,,,,,,
marker_write,1215,28700,,,,,,
marker_sync,1215,1288800,,,,,,
append,1216,2850100,,,,,,
encode,1216,1900,,,,,,
data_write,1216,33000,,,,,,
data_sync,1216,1320400,,,,,,
marker_write,1216,30200,,,,,,
marker_sync,1216,1463400,,,,,,
append,1217,3006600,,,,,,
encode,1217,2200,,,,,,
data_write,1217,38800,,,,,,
data_sync,1217,1556400,,,,,,
marker_write,1217,29800,,,,,,
marker_sync,1217,1378100,,,,,,
append,1218,2878400,,,,,,
encode,1218,2300,,,,,,
data_write,1218,40400,,,,,,
data_sync,1218,1402100,,,,,,
marker_write,1218,31500,,,,,,
marker_sync,1218,1401000,,,,,,
append,1219,2665600,,,,,,
encode,1219,2300,,,,,,
data_write,1219,35500,,,,,,
data_sync,1219,1316600,,,,,,
marker_write,1219,27300,,,,,,
marker_sync,1219,1282800,,,,,,
append,1220,2614700,,,,,,
encode,1220,1400,,,,,,
data_write,1220,33300,,,,,,
data_sync,1220,1267800,,,,,,
marker_write,1220,26200,,,,,,
marker_sync,1220,1284500,,,,,,
append,1221,2683700,,,,,,
encode,1221,2400,,,,,,
data_write,1221,37900,,,,,,
data_sync,1221,1297100,,,,,,
marker_write,1221,29300,,,,,,
marker_sync,1221,1316000,,,,,,
append,1222,2745400,,,,,,
encode,1222,1700,,,,,,
data_write,1222,32600,,,,,,
data_sync,1222,1297800,,,,,,
marker_write,1222,30100,,,,,,
marker_sync,1222,1381500,,,,,,
append,1223,2849600,,,,,,
encode,1223,2300,,,,,,
data_write,1223,36500,,,,,,
data_sync,1223,1414800,,,,,,
marker_write,1223,30400,,,,,,
marker_sync,1223,1364200,,,,,,
append,1224,2956100,,,,,,
encode,1224,2300,,,,,,
data_write,1224,35400,,,,,,
data_sync,1224,1381100,,,,,,
marker_write,1224,29500,,,,,,
marker_sync,1224,1506400,,,,,,
append,1225,3301600,,,,,,
encode,1225,2400,,,,,,
data_write,1225,35900,,,,,,
data_sync,1225,1691500,,,,,,
marker_write,1225,28700,,,,,,
marker_sync,1225,1541200,,,,,,
append,1226,2812000,,,,,,
encode,1226,3300,,,,,,
data_write,1226,44300,,,,,,
data_sync,1226,1396000,,,,,,
marker_write,1226,32100,,,,,,
marker_sync,1226,1334500,,,,,,
append,1227,2866700,,,,,,
encode,1227,2200,,,,,,
data_write,1227,37000,,,,,,
data_sync,1227,1372100,,,,,,
marker_write,1227,33700,,,,,,
marker_sync,1227,1420200,,,,,,
append,1228,2756000,,,,,,
encode,1228,2600,,,,,,
data_write,1228,38900,,,,,,
data_sync,1228,1335100,,,,,,
marker_write,1228,30900,,,,,,
marker_sync,1228,1347300,,,,,,
append,1229,2710700,,,,,,
encode,1229,2100,,,,,,
data_write,1229,37600,,,,,,
data_sync,1229,1316400,,,,,,
marker_write,1229,29700,,,,,,
marker_sync,1229,1323900,,,,,,
append,1230,2783900,,,,,,
encode,1230,1900,,,,,,
data_write,1230,36600,,,,,,
data_sync,1230,1366000,,,,,,
marker_write,1230,31900,,,,,,
marker_sync,1230,1346300,,,,,,
append,1231,2730901,,,,,,
encode,1231,2100,,,,,,
data_write,1231,35100,,,,,,
data_sync,1231,1324900,,,,,,
marker_write,1231,30900,,,,,,
marker_sync,1231,1336801,,,,,,
append,1232,2729400,,,,,,
encode,1232,1800,,,,,,
data_write,1232,35900,,,,,,
data_sync,1232,1322800,,,,,,
marker_write,1232,29100,,,,,,
marker_sync,1232,1338400,,,,,,
append,1233,3131800,,,,,,
encode,1233,2300,,,,,,
data_write,1233,36900,,,,,,
data_sync,1233,1432000,,,,,,
marker_write,1233,35300,,,,,,
marker_sync,1233,1622500,,,,,,
append,1234,3019700,,,,,,
encode,1234,3100,,,,,,
data_write,1234,42900,,,,,,
data_sync,1234,1477800,,,,,,
marker_write,1234,35100,,,,,,
marker_sync,1234,1458500,,,,,,
append,1235,2870300,,,,,,
encode,1235,3200,,,,,,
data_write,1235,39200,,,,,,
data_sync,1235,1417500,,,,,,
marker_write,1235,30600,,,,,,
marker_sync,1235,1378500,,,,,,
append,1236,2849800,,,,,,
encode,1236,3200,,,,,,
data_write,1236,36700,,,,,,
data_sync,1236,1394600,,,,,,
marker_write,1236,30100,,,,,,
marker_sync,1236,1383300,,,,,,
append,1237,2833200,,,,,,
encode,1237,3400,,,,,,
data_write,1237,49300,,,,,,
data_sync,1237,1410200,,,,,,
marker_write,1237,28600,,,,,,
marker_sync,1237,1340200,,,,,,
append,1238,2707700,,,,,,
encode,1238,2000,,,,,,
data_write,1238,32900,,,,,,
data_sync,1238,1294900,,,,,,
marker_write,1238,32400,,,,,,
marker_sync,1238,1343400,,,,,,
append,1239,2935900,,,,,,
encode,1239,2900,,,,,,
data_write,1239,38200,,,,,,
data_sync,1239,1453900,,,,,,
marker_write,1239,32600,,,,,,
marker_sync,1239,1406900,,,,,,
append,1240,2705100,,,,,,
encode,1240,2900,,,,,,
data_write,1240,39000,,,,,,
data_sync,1240,1328300,,,,,,
marker_write,1240,31100,,,,,,
marker_sync,1240,1302300,,,,,,
append,1241,2750700,,,,,,
encode,1241,2600,,,,,,
data_write,1241,37900,,,,,,
data_sync,1241,1295200,,,,,,
marker_write,1241,31300,,,,,,
marker_sync,1241,1382600,,,,,,
append,1242,2925800,,,,,,
encode,1242,2400,,,,,,
data_write,1242,37600,,,,,,
data_sync,1242,1401600,,,,,,
marker_write,1242,31100,,,,,,
marker_sync,1242,1451400,,,,,,
append,1243,2931100,,,,,,
encode,1243,4000,,,,,,
data_write,1243,46300,,,,,,
data_sync,1243,1394900,,,,,,
marker_write,1243,34500,,,,,,
marker_sync,1243,1449800,,,,,,
append,1244,3156700,,,,,,
encode,1244,3900,,,,,,
data_write,1244,39400,,,,,,
data_sync,1244,1413500,,,,,,
marker_write,1244,32100,,,,,,
marker_sync,1244,1665500,,,,,,
append,1245,3009100,,,,,,
encode,1245,3300,,,,,,
data_write,1245,40200,,,,,,
data_sync,1245,1496900,,,,,,
marker_write,1245,37400,,,,,,
marker_sync,1245,1428900,,,,,,
append,1246,2974800,,,,,,
encode,1246,4000,,,,,,
data_write,1246,47500,,,,,,
data_sync,1246,1551600,,,,,,
marker_write,1246,35400,,,,,,
marker_sync,1246,1334600,,,,,,
append,1247,2667300,,,,,,
encode,1247,3700,,,,,,
data_write,1247,40400,,,,,,
data_sync,1247,1283300,,,,,,
marker_write,1247,32400,,,,,,
marker_sync,1247,1305700,,,,,,
append,1248,2983200,,,,,,
encode,1248,4300,,,,,,
data_write,1248,46500,,,,,,
data_sync,1248,1340400,,,,,,
marker_write,1248,41700,,,,,,
marker_sync,1248,1547700,,,,,,
append,1249,3219800,,,,,,
encode,1249,4300,,,,,,
data_write,1249,49500,,,,,,
data_sync,1249,1606100,,,,,,
marker_write,1249,44100,,,,,,
marker_sync,1249,1512500,,,,,,
append,1250,3436300,,,,,,
encode,1250,5600,,,,,,
data_write,1250,59100,,,,,,
data_sync,1250,1726300,,,,,,
marker_write,1250,52900,,,,,,
marker_sync,1250,1589700,,,,,,
append,1251,2956100,,,,,,
encode,1251,5200,,,,,,
data_write,1251,52700,,,,,,
data_sync,1251,1437600,,,,,,
marker_write,1251,38400,,,,,,
marker_sync,1251,1419700,,,,,,
append,1252,2858900,,,,,,
encode,1252,4600,,,,,,
data_write,1252,50600,,,,,,
data_sync,1252,1393100,,,,,,
marker_write,1252,32600,,,,,,
marker_sync,1252,1376100,,,,,,
append,1253,3015800,,,,,,
encode,1253,3400,,,,,,
data_write,1253,39500,,,,,,
data_sync,1253,1560600,,,,,,
marker_write,1253,31500,,,,,,
marker_sync,1253,1378600,,,,,,
append,1254,2766800,,,,,,
encode,1254,2400,,,,,,
data_write,1254,34100,,,,,,
data_sync,1254,1333900,,,,,,
marker_write,1254,27100,,,,,,
marker_sync,1254,1368000,,,,,,
append,1255,2811000,,,,,,
encode,1255,2400,,,,,,
data_write,1255,38800,,,,,,
data_sync,1255,1367600,,,,,,
marker_write,1255,36100,,,,,,
marker_sync,1255,1364500,,,,,,
append,1256,2827400,,,,,,
encode,1256,2800,,,,,,
data_write,1256,38700,,,,,,
data_sync,1256,1338600,,,,,,
marker_write,1256,32500,,,,,,
marker_sync,1256,1412700,,,,,,
append,1257,2731401,,,,,,
encode,1257,2500,,,,,,
data_write,1257,38000,,,,,,
data_sync,1257,1338700,,,,,,
marker_write,1257,31400,,,,,,
marker_sync,1257,1318501,,,,,,
append,1258,2860300,,,,,,
encode,1258,3000,,,,,,
data_write,1258,36200,,,,,,
data_sync,1258,1416600,,,,,,
marker_write,1258,32800,,,,,,
marker_sync,1258,1369900,,,,,,
append,1259,2908700,,,,,,
encode,1259,2800,,,,,,
data_write,1259,38600,,,,,,
data_sync,1259,1438000,,,,,,
marker_write,1259,58300,,,,,,
marker_sync,1259,1369400,,,,,,
append,1260,2788600,,,,,,
encode,1260,2800,,,,,,
data_write,1260,39600,,,,,,
data_sync,1260,1368200,,,,,,
marker_write,1260,35200,,,,,,
marker_sync,1260,1341200,,,,,,
append,1261,3270200,,,,,,
encode,1261,4500,,,,,,
data_write,1261,47400,,,,,,
data_sync,1261,1558600,,,,,,
marker_write,1261,40500,,,,,,
marker_sync,1261,1617100,,,,,,
append,1262,2740800,,,,,,
encode,1262,4200,,,,,,
data_write,1262,46900,,,,,,
data_sync,1262,1340600,,,,,,
marker_write,1262,33200,,,,,,
marker_sync,1262,1314500,,,,,,
append,1263,2658300,,,,,,
encode,1263,3200,,,,,,
data_write,1263,37200,,,,,,
data_sync,1263,1327000,,,,,,
marker_write,1263,31400,,,,,,
marker_sync,1263,1257900,,,,,,
append,1264,2858700,,,,,,
encode,1264,2700,,,,,,
data_write,1264,38100,,,,,,
data_sync,1264,1295100,,,,,,
marker_write,1264,30200,,,,,,
marker_sync,1264,1491400,,,,,,
append,1265,2707500,,,,,,
encode,1265,2700,,,,,,
data_write,1265,37900,,,,,,
data_sync,1265,1321900,,,,,,
marker_write,1265,31100,,,,,,
marker_sync,1265,1312800,,,,,,
append,1266,2860700,,,,,,
encode,1266,2700,,,,,,
data_write,1266,36500,,,,,,
data_sync,1266,1397200,,,,,,
marker_write,1266,33800,,,,,,
marker_sync,1266,1389000,,,,,,
append,1267,2857900,,,,,,
encode,1267,3300,,,,,,
data_write,1267,40400,,,,,,
data_sync,1267,1343500,,,,,,
marker_write,1267,32800,,,,,,
marker_sync,1267,1436300,,,,,,
append,1268,2704100,,,,,,
encode,1268,2800,,,,,,
data_write,1268,38600,,,,,,
data_sync,1268,1298800,,,,,,
marker_write,1268,27500,,,,,,
marker_sync,1268,1335100,,,,,,
append,1269,2715500,,,,,,
encode,1269,2900,,,,,,
data_write,1269,39100,,,,,,
data_sync,1269,1348100,,,,,,
marker_write,1269,30100,,,,,,
marker_sync,1269,1293800,,,,,,
append,1270,2770700,,,,,,
encode,1270,2100,,,,,,
data_write,1270,34400,,,,,,
data_sync,1270,1316300,,,,,,
marker_write,1270,34200,,,,,,
marker_sync,1270,1381800,,,,,,
append,1271,2748900,,,,,,
encode,1271,3500,,,,,,
data_write,1271,43700,,,,,,
data_sync,1271,1332600,,,,,,
marker_write,1271,32400,,,,,,
marker_sync,1271,1334500,,,,,,
append,1272,2778000,,,,,,
encode,1272,3100,,,,,,
data_write,1272,41600,,,,,,
data_sync,1272,1340900,,,,,,
marker_write,1272,34800,,,,,,
marker_sync,1272,1355700,,,,,,
append,1273,2639300,,,,,,
encode,1273,3300,,,,,,
data_write,1273,39300,,,,,,
data_sync,1273,1274400,,,,,,
marker_write,1273,32400,,,,,,
marker_sync,1273,1288500,,,,,,
append,1274,2740700,,,,,,
encode,1274,3300,,,,,,
data_write,1274,42100,,,,,,
data_sync,1274,1353200,,,,,,
marker_write,1274,28700,,,,,,
marker_sync,1274,1312100,,,,,,
append,1275,2634200,,,,,,
encode,1275,2800,,,,,,
data_write,1275,37200,,,,,,
data_sync,1275,1294200,,,,,,
marker_write,1275,34600,,,,,,
marker_sync,1275,1264000,,,,,,
append,1276,2691200,,,,,,
encode,1276,3000,,,,,,
data_write,1276,38900,,,,,,
data_sync,1276,1320200,,,,,,
marker_write,1276,31500,,,,,,
marker_sync,1276,1295000,,,,,,
append,1277,2808800,,,,,,
encode,1277,2700,,,,,,
data_write,1277,34600,,,,,,
data_sync,1277,1311700,,,,,,
marker_write,1277,32200,,,,,,
marker_sync,1277,1425200,,,,,,
append,1278,3311200,,,,,,
encode,1278,4300,,,,,,
data_write,1278,50900,,,,,,
data_sync,1278,1568900,,,,,,
marker_write,1278,42100,,,,,,
marker_sync,1278,1643200,,,,,,
append,1279,2969500,,,,,,
encode,1279,3700,,,,,,
data_write,1279,42900,,,,,,
data_sync,1279,1474100,,,,,,
marker_write,1279,35800,,,,,,
marker_sync,1279,1410600,,,,,,
append,1280,2885700,,,,,,
encode,1280,4700,,,,,,
data_write,1280,52100,,,,,,
data_sync,1280,1396800,,,,,,
marker_write,1280,34100,,,,,,
marker_sync,1280,1396000,,,,,,
append,1281,3122800,,,,,,
encode,1281,2800,,,,,,
data_write,1281,40800,,,,,,
data_sync,1281,1440100,,,,,,
marker_write,1281,33800,,,,,,
marker_sync,1281,1603400,,,,,,
append,1282,2969700,,,,,,
encode,1282,3800,,,,,,
data_write,1282,40100,,,,,,
data_sync,1282,1365100,,,,,,
marker_write,1282,31800,,,,,,
marker_sync,1282,1527400,,,,,,
append,1283,2965900,,,,,,
encode,1283,2800,,,,,,
data_write,1283,37500,,,,,,
data_sync,1283,1416200,,,,,,
marker_write,1283,37100,,,,,,
marker_sync,1283,1470700,,,,,,
append,1284,2966901,,,,,,
encode,1284,3000,,,,,,
data_write,1284,44800,,,,,,
data_sync,1284,1444300,,,,,,
marker_write,1284,32400,,,,,,
marker_sync,1284,1441001,,,,,,
append,1285,2789200,,,,,,
encode,1285,2300,,,,,,
data_write,1285,34900,,,,,,
data_sync,1285,1416700,,,,,,
marker_write,1285,27500,,,,,,
marker_sync,1285,1306500,,,,,,
append,1286,2622400,,,,,,
encode,1286,2200,,,,,,
data_write,1286,38800,,,,,,
data_sync,1286,1263600,,,,,,
marker_write,1286,30600,,,,,,
marker_sync,1286,1285900,,,,,,
append,1287,2666200,,,,,,
encode,1287,2100,,,,,,
data_write,1287,34700,,,,,,
data_sync,1287,1307600,,,,,,
marker_write,1287,34400,,,,,,
marker_sync,1287,1286200,,,,,,
append,1288,2746300,,,,,,
encode,1288,2100,,,,,,
data_write,1288,37700,,,,,,
data_sync,1288,1271400,,,,,,
marker_write,1288,31300,,,,,,
marker_sync,1288,1402300,,,,,,
append,1289,2800900,,,,,,
encode,1289,4500,,,,,,
data_write,1289,51700,,,,,,
data_sync,1289,1375000,,,,,,
marker_write,1289,34200,,,,,,
marker_sync,1289,1334300,,,,,,
append,1290,2666800,,,,,,
encode,1290,2800,,,,,,
data_write,1290,38500,,,,,,
data_sync,1290,1283500,,,,,,
marker_write,1290,31600,,,,,,
marker_sync,1290,1309300,,,,,,
append,1291,2671000,,,,,,
encode,1291,2000,,,,,,
data_write,1291,35200,,,,,,
data_sync,1291,1299200,,,,,,
marker_write,1291,32500,,,,,,
marker_sync,1291,1301000,,,,,,
append,1292,2674200,,,,,,
encode,1292,2400,,,,,,
data_write,1292,36900,,,,,,
data_sync,1292,1282800,,,,,,
marker_write,1292,38700,,,,,,
marker_sync,1292,1311200,,,,,,
append,1293,3021900,,,,,,
encode,1293,3000,,,,,,
data_write,1293,40900,,,,,,
data_sync,1293,1471000,,,,,,
marker_write,1293,36000,,,,,,
marker_sync,1293,1469600,,,,,,
append,1294,2837300,,,,,,
encode,1294,2400,,,,,,
data_write,1294,37700,,,,,,
data_sync,1294,1331800,,,,,,
marker_write,1294,37800,,,,,,
marker_sync,1294,1426100,,,,,,
append,1295,3010100,,,,,,
encode,1295,4100,,,,,,
data_write,1295,46300,,,,,,
data_sync,1295,1411800,,,,,,
marker_write,1295,53900,,,,,,
marker_sync,1295,1492500,,,,,,
append,1296,2912200,,,,,,
encode,1296,3200,,,,,,
data_write,1296,40500,,,,,,
data_sync,1296,1482200,,,,,,
marker_write,1296,31100,,,,,,
marker_sync,1296,1353400,,,,,,
append,1297,2799400,,,,,,
encode,1297,2400,,,,,,
data_write,1297,37900,,,,,,
data_sync,1297,1374100,,,,,,
marker_write,1297,33500,,,,,,
marker_sync,1297,1350300,,,,,,
append,1298,2748000,,,,,,
encode,1298,1900,,,,,,
data_write,1298,36100,,,,,,
data_sync,1298,1326300,,,,,,
marker_write,1298,27000,,,,,,
marker_sync,1298,1355400,,,,,,
append,1299,2746600,,,,,,
encode,1299,2200,,,,,,
data_write,1299,36400,,,,,,
data_sync,1299,1335200,,,,,,
marker_write,1299,30800,,,,,,
marker_sync,1299,1341000,,,,,,
append,1300,3148200,,,,,,
encode,1300,1800,,,,,,
data_write,1300,34700,,,,,,
data_sync,1300,1470400,,,,,,
marker_write,1300,34500,,,,,,
marker_sync,1300,1605100,,,,,,
append,1301,3225300,,,,,,
encode,1301,3600,,,,,,
data_write,1301,47500,,,,,,
data_sync,1301,1670000,,,,,,
marker_write,1301,30900,,,,,,
marker_sync,1301,1472000,,,,,,
append,1302,2863000,,,,,,
encode,1302,3300,,,,,,
data_write,1302,37500,,,,,,
data_sync,1302,1405900,,,,,,
marker_write,1302,27900,,,,,,
marker_sync,1302,1387200,,,,,,
append,1303,2872800,,,,,,
encode,1303,1900,,,,,,
data_write,1303,38300,,,,,,
data_sync,1303,1385100,,,,,,
marker_write,1303,32800,,,,,,
marker_sync,1303,1413200,,,,,,
append,1304,2872600,,,,,,
encode,1304,3200,,,,,,
data_write,1304,35900,,,,,,
data_sync,1304,1435800,,,,,,
marker_write,1304,29900,,,,,,
marker_sync,1304,1366800,,,,,,
append,1305,3097900,,,,,,
encode,1305,2100,,,,,,
data_write,1305,38500,,,,,,
data_sync,1305,1437400,,,,,,
marker_write,1305,35100,,,,,,
marker_sync,1305,1583200,,,,,,
append,1306,3199900,,,,,,
encode,1306,4300,,,,,,
data_write,1306,50500,,,,,,
data_sync,1306,1529200,,,,,,
marker_write,1306,32800,,,,,,
marker_sync,1306,1581500,,,,,,
append,1307,3089600,,,,,,
encode,1307,3000,,,,,,
data_write,1307,40000,,,,,,
data_sync,1307,1673500,,,,,,
marker_write,1307,30300,,,,,,
marker_sync,1307,1340600,,,,,,
append,1308,3026000,,,,,,
encode,1308,2400,,,,,,
data_write,1308,33300,,,,,,
data_sync,1308,1611300,,,,,,
marker_write,1308,28000,,,,,,
marker_sync,1308,1349800,,,,,,
append,1309,2738200,,,,,,
encode,1309,1500,,,,,,
data_write,1309,32400,,,,,,
data_sync,1309,1320100,,,,,,
marker_write,1309,26100,,,,,,
marker_sync,1309,1356800,,,,,,
append,1310,2793200,,,,,,
encode,1310,2000,,,,,,
data_write,1310,37900,,,,,,
data_sync,1310,1320500,,,,,,
marker_write,1310,27200,,,,,,
marker_sync,1310,1404100,,,,,,
append,1311,3180501,,,,,,
encode,1311,2500,,,,,,
data_write,1311,40900,,,,,,
data_sync,1311,1584601,,,,,,
marker_write,1311,37000,,,,,,
marker_sync,1311,1513900,,,,,,
append,1312,3002700,,,,,,
encode,1312,3700,,,,,,
data_write,1312,40900,,,,,,
data_sync,1312,1505200,,,,,,
marker_write,1312,31900,,,,,,
marker_sync,1312,1418500,,,,,,
append,1313,3012600,,,,,,
encode,1313,3500,,,,,,
data_write,1313,37500,,,,,,
data_sync,1313,1495000,,,,,,
marker_write,1313,29800,,,,,,
marker_sync,1313,1445200,,,,,,
append,1314,2863100,,,,,,
encode,1314,3600,,,,,,
data_write,1314,42600,,,,,,
data_sync,1314,1379400,,,,,,
marker_write,1314,31800,,,,,,
marker_sync,1314,1404000,,,,,,
append,1315,3046800,,,,,,
encode,1315,2900,,,,,,
data_write,1315,40000,,,,,,
data_sync,1315,1429900,,,,,,
marker_write,1315,33800,,,,,,
marker_sync,1315,1538000,,,,,,
append,1316,2933100,,,,,,
encode,1316,5000,,,,,,
data_write,1316,49600,,,,,,
data_sync,1316,1443500,,,,,,
marker_write,1316,32000,,,,,,
marker_sync,1316,1400900,,,,,,
append,1317,2934300,,,,,,
encode,1317,5000,,,,,,
data_write,1317,40200,,,,,,
data_sync,1317,1469900,,,,,,
marker_write,1317,36500,,,,,,
marker_sync,1317,1380600,,,,,,
append,1318,2797200,,,,,,
encode,1318,3700,,,,,,
data_write,1318,37100,,,,,,
data_sync,1318,1348200,,,,,,
marker_write,1318,28800,,,,,,
marker_sync,1318,1377600,,,,,,
append,1319,3260600,,,,,,
encode,1319,2400,,,,,,
data_write,1319,40000,,,,,,
data_sync,1319,1590100,,,,,,
marker_write,1319,38200,,,,,,
marker_sync,1319,1587600,,,,,,
append,1320,5805000,,,,,,
encode,1320,5400,,,,,,
data_write,1320,61300,,,,,,
data_sync,1320,3763100,,,,,,
marker_write,1320,67700,,,,,,
marker_sync,1320,1904000,,,,,,
append,1321,4400200,,,,,,
encode,1321,4300,,,,,,
data_write,1321,52500,,,,,,
data_sync,1321,2482300,,,,,,
marker_write,1321,56000,,,,,,
marker_sync,1321,1802200,,,,,,
append,1322,5934000,,,,,,
encode,1322,5400,,,,,,
data_write,1322,61500,,,,,,
data_sync,1322,2459300,,,,,,
marker_write,1322,54000,,,,,,
marker_sync,1322,3350400,,,,,,
append,1323,6523300,,,,,,
encode,1323,6100,,,,,,
data_write,1323,72200,,,,,,
data_sync,1323,4582900,,,,,,
marker_write,1323,58600,,,,,,
marker_sync,1323,1800500,,,,,,
append,1324,3814900,,,,,,
encode,1324,5200,,,,,,
data_write,1324,49800,,,,,,
data_sync,1324,1837500,,,,,,
marker_write,1324,45600,,,,,,
marker_sync,1324,1874200,,,,,,
append,1325,4501300,,,,,,
encode,1325,6200,,,,,,
data_write,1325,56600,,,,,,
data_sync,1325,2560600,,,,,,
marker_write,1325,55000,,,,,,
marker_sync,1325,1819500,,,,,,
append,1326,3648100,,,,,,
encode,1326,4500,,,,,,
data_write,1326,58400,,,,,,
data_sync,1326,1769100,,,,,,
marker_write,1326,46600,,,,,,
marker_sync,1326,1767000,,,,,,
append,1327,3716400,,,,,,
encode,1327,6200,,,,,,
data_write,1327,55500,,,,,,
data_sync,1327,1816000,,,,,,
marker_write,1327,44200,,,,,,
marker_sync,1327,1790900,,,,,,
append,1328,3712000,,,,,,
encode,1328,6000,,,,,,
data_write,1328,51100,,,,,,
data_sync,1328,1792100,,,,,,
marker_write,1328,42800,,,,,,
marker_sync,1328,1817700,,,,,,
append,1329,4379500,,,,,,
encode,1329,4900,,,,,,
data_write,1329,64500,,,,,,
data_sync,1329,1853800,,,,,,
marker_write,1329,47000,,,,,,
marker_sync,1329,2406200,,,,,,
append,1330,3486401,,,,,,
encode,1330,4000,,,,,,
data_write,1330,49200,,,,,,
data_sync,1330,1811600,,,,,,
marker_write,1330,37300,,,,,,
marker_sync,1330,1582201,,,,,,
append,1331,3444300,,,,,,
encode,1331,4400,,,,,,
data_write,1331,44100,,,,,,
data_sync,1331,1603700,,,,,,
marker_write,1331,42900,,,,,,
marker_sync,1331,1745900,,,,,,
append,1332,3806000,,,,,,
encode,1332,6300,,,,,,
data_write,1332,62100,,,,,,
data_sync,1332,1804600,,,,,,
marker_write,1332,50400,,,,,,
marker_sync,1332,1879200,,,,,,
append,1333,3526600,,,,,,
encode,1333,5600,,,,,,
data_write,1333,53800,,,,,,
data_sync,1333,1761400,,,,,,
marker_write,1333,44700,,,,,,
marker_sync,1333,1658600,,,,,,
append,1334,3351300,,,,,,
encode,1334,6100,,,,,,
data_write,1334,52900,,,,,,
data_sync,1334,1748700,,,,,,
marker_write,1334,38200,,,,,,
marker_sync,1334,1503500,,,,,,
append,1335,3074900,,,,,,
encode,1335,3000,,,,,,
data_write,1335,41300,,,,,,
data_sync,1335,1452700,,,,,,
marker_write,1335,38000,,,,,,
marker_sync,1335,1538200,,,,,,
append,1336,3002500,,,,,,
encode,1336,2700,,,,,,
data_write,1336,42000,,,,,,
data_sync,1336,1463000,,,,,,
marker_write,1336,33000,,,,,,
marker_sync,1336,1460300,,,,,,
append,1337,3121900,,,,,,
encode,1337,2300,,,,,,
data_write,1337,40200,,,,,,
data_sync,1337,1613700,,,,,,
marker_write,1337,36300,,,,,,
marker_sync,1337,1427900,,,,,,
append,1338,2978800,,,,,,
encode,1338,2400,,,,,,
data_write,1338,40200,,,,,,
data_sync,1338,1439000,,,,,,
marker_write,1338,34800,,,,,,
marker_sync,1338,1461000,,,,,,
append,1339,2957400,,,,,,
encode,1339,2400,,,,,,
data_write,1339,38800,,,,,,
data_sync,1339,1421400,,,,,,
marker_write,1339,30500,,,,,,
marker_sync,1339,1462400,,,,,,
append,1340,3013200,,,,,,
encode,1340,2700,,,,,,
data_write,1340,40500,,,,,,
data_sync,1340,1429800,,,,,,
marker_write,1340,34700,,,,,,
marker_sync,1340,1503900,,,,,,
append,1341,3019500,,,,,,
encode,1341,3400,,,,,,
data_write,1341,45100,,,,,,
data_sync,1341,1492600,,,,,,
marker_write,1341,34500,,,,,,
marker_sync,1341,1441700,,,,,,
append,1342,2898500,,,,,,
encode,1342,2600,,,,,,
data_write,1342,40800,,,,,,
data_sync,1342,1437000,,,,,,
marker_write,1342,34300,,,,,,
marker_sync,1342,1381900,,,,,,
append,1343,2871900,,,,,,
encode,1343,3100,,,,,,
data_write,1343,36800,,,,,,
data_sync,1343,1401100,,,,,,
marker_write,1343,32500,,,,,,
marker_sync,1343,1396600,,,,,,
append,1344,2979000,,,,,,
encode,1344,3000,,,,,,
data_write,1344,42100,,,,,,
data_sync,1344,1469800,,,,,,
marker_write,1344,33600,,,,,,
marker_sync,1344,1428900,,,,,,
append,1345,2898900,,,,,,
encode,1345,2000,,,,,,
data_write,1345,42800,,,,,,
data_sync,1345,1417400,,,,,,
marker_write,1345,32500,,,,,,
marker_sync,1345,1402700,,,,,,
append,1346,3276200,,,,,,
encode,1346,2800,,,,,,
data_write,1346,41200,,,,,,
data_sync,1346,1606100,,,,,,
marker_write,1346,36200,,,,,,
marker_sync,1346,1587900,,,,,,
append,1347,3004000,,,,,,
encode,1347,3800,,,,,,
data_write,1347,44200,,,,,,
data_sync,1347,1537600,,,,,,
marker_write,1347,35200,,,,,,
marker_sync,1347,1381500,,,,,,
append,1348,2970600,,,,,,
encode,1348,3200,,,,,,
data_write,1348,37900,,,,,,
data_sync,1348,1389600,,,,,,
marker_write,1348,35300,,,,,,
marker_sync,1348,1503400,,,,,,
append,1349,3353700,,,,,,
encode,1349,2900,,,,,,
data_write,1349,39500,,,,,,
data_sync,1349,1653300,,,,,,
marker_write,1349,45000,,,,,,
marker_sync,1349,1611100,,,,,,
append,1350,3093500,,,,,,
encode,1350,4500,,,,,,
data_write,1350,44800,,,,,,
data_sync,1350,1491200,,,,,,
marker_write,1350,36400,,,,,,
marker_sync,1350,1514700,,,,,,
append,1351,3233500,,,,,,
encode,1351,4200,,,,,,
data_write,1351,47600,,,,,,
data_sync,1351,1550600,,,,,,
marker_write,1351,38900,,,,,,
marker_sync,1351,1590200,,,,,,
append,1352,3609800,,,,,,
encode,1352,4100,,,,,,
data_write,1352,48500,,,,,,
data_sync,1352,1724500,,,,,,
marker_write,1352,37600,,,,,,
marker_sync,1352,1791700,,,,,,
append,1353,3840100,,,,,,
encode,1353,5900,,,,,,
data_write,1353,58300,,,,,,
data_sync,1353,1796200,,,,,,
marker_write,1353,41400,,,,,,
marker_sync,1353,1935500,,,,,,
append,1354,5368701,,,,,,
encode,1354,5300,,,,,,
data_write,1354,57500,,,,,,
data_sync,1354,1802400,,,,,,
marker_write,1354,44700,,,,,,
marker_sync,1354,3454401,,,,,,
append,1355,3430500,,,,,,
encode,1355,5100,,,,,,
data_write,1355,57200,,,,,,
data_sync,1355,1676000,,,,,,
marker_write,1355,50500,,,,,,
marker_sync,1355,1639200,,,,,,
append,1356,3127000,,,,,,
encode,1356,4800,,,,,,
data_write,1356,57600,,,,,,
data_sync,1356,1601600,,,,,,
marker_write,1356,47800,,,,,,
marker_sync,1356,1412200,,,,,,
append,1357,3072800,,,,,,
encode,1357,5700,,,,,,
data_write,1357,65000,,,,,,
data_sync,1357,1537600,,,,,,
marker_write,1357,50200,,,,,,
marker_sync,1357,1411800,,,,,,
append,1358,3058500,,,,,,
encode,1358,3600,,,,,,
data_write,1358,42700,,,,,,
data_sync,1358,1499000,,,,,,
marker_write,1358,37900,,,,,,
marker_sync,1358,1472400,,,,,,
append,1359,3421300,,,,,,
encode,1359,5000,,,,,,
data_write,1359,58700,,,,,,
data_sync,1359,1728200,,,,,,
marker_write,1359,49800,,,,,,
marker_sync,1359,1577400,,,,,,
append,1360,3304700,,,,,,
encode,1360,3900,,,,,,
data_write,1360,47700,,,,,,
data_sync,1360,1665700,,,,,,
marker_write,1360,50700,,,,,,
marker_sync,1360,1534100,,,,,,
append,1361,3062900,,,,,,
encode,1361,4100,,,,,,
data_write,1361,46000,,,,,,
data_sync,1361,1491500,,,,,,
marker_write,1361,35400,,,,,,
marker_sync,1361,1483800,,,,,,
append,1362,2967000,,,,,,
encode,1362,3900,,,,,,
data_write,1362,39200,,,,,,
data_sync,1362,1431900,,,,,,
marker_write,1362,35700,,,,,,
marker_sync,1362,1453800,,,,,,
append,1363,3096600,,,,,,
encode,1363,3900,,,,,,
data_write,1363,42800,,,,,,
data_sync,1363,1488000,,,,,,
marker_write,1363,37800,,,,,,
marker_sync,1363,1522100,,,,,,
append,1364,3213400,,,,,,
encode,1364,3900,,,,,,
data_write,1364,46600,,,,,,
data_sync,1364,1550800,,,,,,
marker_write,1364,38800,,,,,,
marker_sync,1364,1570800,,,,,,
append,1365,3201500,,,,,,
encode,1365,45500,,,,,,
data_write,1365,48900,,,,,,
data_sync,1365,1595000,,,,,,
marker_write,1365,39000,,,,,,
marker_sync,1365,1471000,,,,,,
append,1366,3429800,,,,,,
encode,1366,4200,,,,,,
data_write,1366,45800,,,,,,
data_sync,1366,1612300,,,,,,
marker_write,1366,54200,,,,,,
marker_sync,1366,1710900,,,,,,
append,1367,3175100,,,,,,
encode,1367,3700,,,,,,
data_write,1367,51600,,,,,,
data_sync,1367,1488100,,,,,,
marker_write,1367,37300,,,,,,
marker_sync,1367,1592600,,,,,,
append,1368,3312000,,,,,,
encode,1368,3600,,,,,,
data_write,1368,61500,,,,,,
data_sync,1368,1564000,,,,,,
marker_write,1368,40600,,,,,,
marker_sync,1368,1640400,,,,,,
append,1369,3119700,,,,,,
encode,1369,3800,,,,,,
data_write,1369,46200,,,,,,
data_sync,1369,1512600,,,,,,
marker_write,1369,36800,,,,,,
marker_sync,1369,1518100,,,,,,
append,1370,3196000,,,,,,
encode,1370,4700,,,,,,
data_write,1370,54100,,,,,,
data_sync,1370,1557700,,,,,,
marker_write,1370,37900,,,,,,
marker_sync,1370,1539000,,,,,,
append,1371,2921700,,,,,,
encode,1371,3500,,,,,,
data_write,1371,44400,,,,,,
data_sync,1371,1452700,,,,,,
marker_write,1371,33400,,,,,,
marker_sync,1371,1386100,,,,,,
append,1372,2957000,,,,,,
encode,1372,2600,,,,,,
data_write,1372,41900,,,,,,
data_sync,1372,1433700,,,,,,
marker_write,1372,33900,,,,,,
marker_sync,1372,1443200,,,,,,
append,1373,2995000,,,,,,
encode,1373,2700,,,,,,
data_write,1373,42700,,,,,,
data_sync,1373,1400500,,,,,,
marker_write,1373,34000,,,,,,
marker_sync,1373,1513500,,,,,,
append,1374,3045100,,,,,,
encode,1374,2700,,,,,,
data_write,1374,42000,,,,,,
data_sync,1374,1436400,,,,,,
marker_write,1374,33700,,,,,,
marker_sync,1374,1528300,,,,,,
append,1375,3215400,,,,,,
encode,1375,2700,,,,,,
data_write,1375,42100,,,,,,
data_sync,1375,1550400,,,,,,
marker_write,1375,42200,,,,,,
marker_sync,1375,1575400,,,,,,
append,1376,3021200,,,,,,
encode,1376,3900,,,,,,
data_write,1376,45300,,,,,,
data_sync,1376,1576100,,,,,,
marker_write,1376,33200,,,,,,
marker_sync,1376,1360700,,,,,,
append,1377,2738700,,,,,,
encode,1377,3000,,,,,,
data_write,1377,41000,,,,,,
data_sync,1377,1336100,,,,,,
marker_write,1377,30000,,,,,,
marker_sync,1377,1327100,,,,,,
append,1378,2822401,,,,,,
encode,1378,2200,,,,,,
data_write,1378,38700,,,,,,
data_sync,1378,1386300,,,,,,
marker_write,1378,32101,,,,,,
marker_sync,1378,1361700,,,,,,
append,1379,2780700,,,,,,
encode,1379,2200,,,,,,
data_write,1379,37400,,,,,,
data_sync,1379,1342500,,,,,,
marker_write,1379,32500,,,,,,
marker_sync,1379,1364900,,,,,,
append,1380,3009900,,,,,,
encode,1380,1900,,,,,,
data_write,1380,36900,,,,,,
data_sync,1380,1387700,,,,,,
marker_write,1380,31000,,,,,,
marker_sync,1380,1550600,,,,,,
append,1381,3325400,,,,,,
encode,1381,4300,,,,,,
data_write,1381,48100,,,,,,
data_sync,1381,1606800,,,,,,
marker_write,1381,40600,,,,,,
marker_sync,1381,1623900,,,,,,
append,1382,3141000,,,,,,
encode,1382,3500,,,,,,
data_write,1382,39100,,,,,,
data_sync,1382,1564300,,,,,,
marker_write,1382,35700,,,,,,
marker_sync,1382,1496900,,,,,,
append,1383,2828200,,,,,,
encode,1383,3000,,,,,,
data_write,1383,40900,,,,,,
data_sync,1383,1366100,,,,,,
marker_write,1383,31500,,,,,,
marker_sync,1383,1385000,,,,,,
append,1384,2881400,,,,,,
encode,1384,2700,,,,,,
data_write,1384,48700,,,,,,
data_sync,1384,1425700,,,,,,
marker_write,1384,34900,,,,,,
marker_sync,1384,1367800,,,,,,
append,1385,2954600,,,,,,
encode,1385,2400,,,,,,
data_write,1385,37500,,,,,,
data_sync,1385,1495500,,,,,,
marker_write,1385,28100,,,,,,
marker_sync,1385,1389600,,,,,,
append,1386,3249600,,,,,,
encode,1386,1800,,,,,,
data_write,1386,36000,,,,,,
data_sync,1386,1580600,,,,,,
marker_write,1386,40300,,,,,,
marker_sync,1386,1588300,,,,,,
append,1387,3305900,,,,,,
encode,1387,4100,,,,,,
data_write,1387,49900,,,,,,
data_sync,1387,1554400,,,,,,
marker_write,1387,45400,,,,,,
marker_sync,1387,1648700,,,,,,
append,1388,3110300,,,,,,
encode,1388,5700,,,,,,
data_write,1388,52400,,,,,,
data_sync,1388,1573200,,,,,,
marker_write,1388,42800,,,,,,
marker_sync,1388,1434100,,,,,,
append,1389,2938500,,,,,,
encode,1389,3500,,,,,,
data_write,1389,44300,,,,,,
data_sync,1389,1410900,,,,,,
marker_write,1389,30800,,,,,,
marker_sync,1389,1447400,,,,,,
append,1390,2813700,,,,,,
encode,1390,3200,,,,,,
data_write,1390,39300,,,,,,
data_sync,1390,1387100,,,,,,
marker_write,1390,28600,,,,,,
marker_sync,1390,1354500,,,,,,
append,1391,3043400,,,,,,
encode,1391,1500,,,,,,
data_write,1391,35300,,,,,,
data_sync,1391,1564700,,,,,,
marker_write,1391,34200,,,,,,
marker_sync,1391,1405500,,,,,,
append,1392,3149500,,,,,,
encode,1392,2800,,,,,,
data_write,1392,38800,,,,,,
data_sync,1392,1544900,,,,,,
marker_write,1392,33400,,,,,,
marker_sync,1392,1528000,,,,,,
append,1393,3054000,,,,,,
encode,1393,3700,,,,,,
data_write,1393,40700,,,,,,
data_sync,1393,1451800,,,,,,
marker_write,1393,36700,,,,,,
marker_sync,1393,1518600,,,,,,
append,1394,3206500,,,,,,
encode,1394,5100,,,,,,
data_write,1394,43900,,,,,,
data_sync,1394,1485100,,,,,,
marker_write,1394,39000,,,,,,
marker_sync,1394,1631000,,,,,,
append,1395,3149400,,,,,,
encode,1395,4600,,,,,,
data_write,1395,61200,,,,,,
data_sync,1395,1563500,,,,,,
marker_write,1395,33800,,,,,,
marker_sync,1395,1484300,,,,,,
append,1396,3100000,,,,,,
encode,1396,4000,,,,,,
data_write,1396,37200,,,,,,
data_sync,1396,1524800,,,,,,
marker_write,1396,34200,,,,,,
marker_sync,1396,1497800,,,,,,
append,1397,3114100,,,,,,
encode,1397,3800,,,,,,
data_write,1397,42900,,,,,,
data_sync,1397,1519100,,,,,,
marker_write,1397,38900,,,,,,
marker_sync,1397,1507600,,,,,,
append,1398,2902500,,,,,,
encode,1398,3400,,,,,,
data_write,1398,41600,,,,,,
data_sync,1398,1429700,,,,,,
marker_write,1398,30800,,,,,,
marker_sync,1398,1395900,,,,,,
append,1399,2846900,,,,,,
encode,1399,2000,,,,,,
data_write,1399,40300,,,,,,
data_sync,1399,1380700,,,,,,
marker_write,1399,32500,,,,,,
marker_sync,1399,1390200,,,,,,
append,1400,2939900,,,,,,
encode,1400,2500,,,,,,
data_write,1400,50700,,,,,,
data_sync,1400,1437700,,,,,,
marker_write,1400,31500,,,,,,
marker_sync,1400,1415700,,,,,,
append,1401,3278800,,,,,,
encode,1401,3300,,,,,,
data_write,1401,41400,,,,,,
data_sync,1401,1475600,,,,,,
marker_write,1401,38700,,,,,,
marker_sync,1401,1716300,,,,,,
append,1402,3365800,,,,,,
encode,1402,5300,,,,,,
data_write,1402,65200,,,,,,
data_sync,1402,1648900,,,,,,
marker_write,1402,59200,,,,,,
marker_sync,1402,1584100,,,,,,
append,1403,3188201,,,,,,
encode,1403,5200,,,,,,
data_write,1403,50500,,,,,,
data_sync,1403,1636501,,,,,,
marker_write,1403,39500,,,,,,
marker_sync,1403,1454800,,,,,,
append,1404,2689100,,,,,,
encode,1404,3800,,,,,,
data_write,1404,39300,,,,,,
data_sync,1404,1337200,,,,,,
marker_write,1404,34600,,,,,,
marker_sync,1404,1272000,,,,,,
append,1405,2641100,,,,,,
encode,1405,2700,,,,,,
data_write,1405,39300,,,,,,
data_sync,1405,1281600,,,,,,
marker_write,1405,28700,,,,,,
marker_sync,1405,1287600,,,,,,
append,1406,2650400,,,,,,
encode,1406,2000,,,,,,
data_write,1406,36500,,,,,,
data_sync,1406,1279600,,,,,,
marker_write,1406,30400,,,,,,
marker_sync,1406,1300600,,,,,,
append,1407,2948500,,,,,,
encode,1407,2600,,,,,,
data_write,1407,42000,,,,,,
data_sync,1407,1415800,,,,,,
marker_write,1407,32300,,,,,,
marker_sync,1407,1454000,,,,,,
append,1408,2700500,,,,,,
encode,1408,2800,,,,,,
data_write,1408,40100,,,,,,
data_sync,1408,1335700,,,,,,
marker_write,1408,34600,,,,,,
marker_sync,1408,1285500,,,,,,
append,1409,2590000,,,,,,
encode,1409,1900,,,,,,
data_write,1409,40200,,,,,,
data_sync,1409,1258800,,,,,,
marker_write,1409,30000,,,,,,
marker_sync,1409,1258000,,,,,,
append,1410,2565400,,,,,,
encode,1410,1600,,,,,,
data_write,1410,36300,,,,,,
data_sync,1410,1248100,,,,,,
marker_write,1410,26900,,,,,,
marker_sync,1410,1251400,,,,,,
append,1411,2634100,,,,,,
encode,1411,2100,,,,,,
data_write,1411,37700,,,,,,
data_sync,1411,1251900,,,,,,
marker_write,1411,30400,,,,,,
marker_sync,1411,1310600,,,,,,
append,1412,2662000,,,,,,
encode,1412,2700,,,,,,
data_write,1412,47700,,,,,,
data_sync,1412,1292700,,,,,,
marker_write,1412,31500,,,,,,
marker_sync,1412,1285700,,,,,,
append,1413,2762600,,,,,,
encode,1413,2700,,,,,,
data_write,1413,85600,,,,,,
data_sync,1413,1329100,,,,,,
marker_write,1413,34700,,,,,,
marker_sync,1413,1309000,,,,,,
append,1414,2702300,,,,,,
encode,1414,2300,,,,,,
data_write,1414,39700,,,,,,
data_sync,1414,1320500,,,,,,
marker_write,1414,31000,,,,,,
marker_sync,1414,1307700,,,,,,
append,1415,2686900,,,,,,
encode,1415,2200,,,,,,
data_write,1415,36200,,,,,,
data_sync,1415,1315100,,,,,,
marker_write,1415,28500,,,,,,
marker_sync,1415,1303700,,,,,,
append,1416,2663700,,,,,,
encode,1416,1500,,,,,,
data_write,1416,35300,,,,,,
data_sync,1416,1316100,,,,,,
marker_write,1416,28800,,,,,,
marker_sync,1416,1281200,,,,,,
append,1417,2752600,,,,,,
encode,1417,1400,,,,,,
data_write,1417,34300,,,,,,
data_sync,1417,1362300,,,,,,
marker_write,1417,32800,,,,,,
marker_sync,1417,1320800,,,,,,
append,1418,2793600,,,,,,
encode,1418,1800,,,,,,
data_write,1418,38600,,,,,,
data_sync,1418,1347600,,,,,,
marker_write,1418,32200,,,,,,
marker_sync,1418,1372200,,,,,,
append,1419,2865600,,,,,,
encode,1419,2100,,,,,,
data_write,1419,39200,,,,,,
data_sync,1419,1365200,,,,,,
marker_write,1419,29700,,,,,,
marker_sync,1419,1427600,,,,,,
append,1420,3146000,,,,,,
encode,1420,4500,,,,,,
data_write,1420,52900,,,,,,
data_sync,1420,1540300,,,,,,
marker_write,1420,45900,,,,,,
marker_sync,1420,1499900,,,,,,
append,1421,3196900,,,,,,
encode,1421,4600,,,,,,
data_write,1421,53700,,,,,,
data_sync,1421,1650200,,,,,,
marker_write,1421,44300,,,,,,
marker_sync,1421,1441500,,,,,,
append,1422,2973400,,,,,,
encode,1422,3900,,,,,,
data_write,1422,41200,,,,,,
data_sync,1422,1416300,,,,,,
marker_write,1422,32000,,,,,,
marker_sync,1422,1478200,,,,,,
append,1423,2739600,,,,,,
encode,1423,2500,,,,,,
data_write,1423,40500,,,,,,
data_sync,1423,1369500,,,,,,
marker_write,1423,29000,,,,,,
marker_sync,1423,1297000,,,,,,
append,1424,2903500,,,,,,
encode,1424,2100,,,,,,
data_write,1424,39600,,,,,,
data_sync,1424,1515800,,,,,,
marker_write,1424,33800,,,,,,
marker_sync,1424,1311200,,,,,,
append,1425,2715600,,,,,,
encode,1425,2300,,,,,,
data_write,1425,40500,,,,,,
data_sync,1425,1297100,,,,,,
marker_write,1425,32200,,,,,,
marker_sync,1425,1341700,,,,,,
append,1426,2688500,,,,,,
encode,1426,2200,,,,,,
data_write,1426,40200,,,,,,
data_sync,1426,1313000,,,,,,
marker_write,1426,32300,,,,,,
marker_sync,1426,1299400,,,,,,
append,1427,2652500,,,,,,
encode,1427,1800,,,,,,
data_write,1427,34400,,,,,,
data_sync,1427,1296400,,,,,,
marker_write,1427,47300,,,,,,
marker_sync,1427,1271500,,,,,,
append,1428,2585500,,,,,,
encode,1428,1600,,,,,,
data_write,1428,36700,,,,,,
data_sync,1428,1250500,,,,,,
marker_write,1428,30400,,,,,,
marker_sync,1428,1265100,,,,,,
append,1429,2650100,,,,,,
encode,1429,1700,,,,,,
data_write,1429,36500,,,,,,
data_sync,1429,1252100,,,,,,
marker_write,1429,30800,,,,,,
marker_sync,1429,1328000,,,,,,
append,1430,2656700,,,,,,
encode,1430,2300,,,,,,
data_write,1430,48400,,,,,,
data_sync,1430,1293600,,,,,,
marker_write,1430,30900,,,,,,
marker_sync,1430,1280300,,,,,,
append,1431,2569901,,,,,,
encode,1431,1900,,,,,,
data_write,1431,34901,,,,,,
data_sync,1431,1251200,,,,,,
marker_write,1431,27500,,,,,,
marker_sync,1431,1253600,,,,,,
append,1432,2715200,,,,,,
encode,1432,1300,,,,,,
data_write,1432,33400,,,,,,
data_sync,1432,1303300,,,,,,
marker_write,1432,31400,,,,,,
marker_sync,1432,1344200,,,,,,
append,1433,2783500,,,,,,
encode,1433,2500,,,,,,
data_write,1433,35200,,,,,,
data_sync,1433,1390300,,,,,,
marker_write,1433,37600,,,,,,
marker_sync,1433,1316300,,,,,,
append,1434,2625700,,,,,,
encode,1434,3000,,,,,,
data_write,1434,38700,,,,,,
data_sync,1434,1272200,,,,,,
marker_write,1434,30800,,,,,,
marker_sync,1434,1279300,,,,,,
append,1435,2647500,,,,,,
encode,1435,2700,,,,,,
data_write,1435,40100,,,,,,
data_sync,1435,1262700,,,,,,
marker_write,1435,31900,,,,,,
marker_sync,1435,1308300,,,,,,
append,1436,2930900,,,,,,
encode,1436,3200,,,,,,
data_write,1436,43300,,,,,,
data_sync,1436,1447000,,,,,,
marker_write,1436,35800,,,,,,
marker_sync,1436,1399900,,,,,,
append,1437,2670100,,,,,,
encode,1437,3300,,,,,,
data_write,1437,39000,,,,,,
data_sync,1437,1269500,,,,,,
marker_write,1437,34500,,,,,,
marker_sync,1437,1322400,,,,,,
append,1438,2708100,,,,,,
encode,1438,2300,,,,,,
data_write,1438,40900,,,,,,
data_sync,1438,1336400,,,,,,
marker_write,1438,33700,,,,,,
marker_sync,1438,1293400,,,,,,
append,1439,2635300,,,,,,
encode,1439,2300,,,,,,
data_write,1439,39200,,,,,,
data_sync,1439,1288500,,,,,,
marker_write,1439,33200,,,,,,
marker_sync,1439,1270600,,,,,,
append,1440,2617500,,,,,,
encode,1440,2000,,,,,,
data_write,1440,45100,,,,,,
data_sync,1440,1276200,,,,,,
marker_write,1440,27200,,,,,,
marker_sync,1440,1266300,,,,,,
append,1441,2630300,,,,,,
encode,1441,1900,,,,,,
data_write,1441,32700,,,,,,
data_sync,1441,1269100,,,,,,
marker_write,1441,36100,,,,,,
marker_sync,1441,1289400,,,,,,
append,1442,2604400,,,,,,
encode,1442,2500,,,,,,
data_write,1442,38500,,,,,,
data_sync,1442,1277900,,,,,,
marker_write,1442,29400,,,,,,
marker_sync,1442,1255000,,,,,,
append,1443,2559500,,,,,,
encode,1443,1800,,,,,,
data_write,1443,33000,,,,,,
data_sync,1443,1241200,,,,,,
marker_write,1443,26400,,,,,,
marker_sync,1443,1255800,,,,,,
append,1444,2712800,,,,,,
encode,1444,2800,,,,,,
data_write,1444,38700,,,,,,
data_sync,1444,1250400,,,,,,
marker_write,1444,29500,,,,,,
marker_sync,1444,1390400,,,,,,
append,1445,2578400,,,,,,
encode,1445,2000,,,,,,
data_write,1445,36200,,,,,,
data_sync,1445,1255900,,,,,,
marker_write,1445,30700,,,,,,
marker_sync,1445,1252500,,,,,,
append,1446,2559100,,,,,,
encode,1446,1700,,,,,,
data_write,1446,34000,,,,,,
data_sync,1446,1243600,,,,,,
marker_write,1446,27300,,,,,,
marker_sync,1446,1251600,,,,,,
append,1447,2967100,,,,,,
encode,1447,1300,,,,,,
data_write,1447,33000,,,,,,
data_sync,1447,1277200,,,,,,
marker_write,1447,39300,,,,,,
marker_sync,1447,1614200,,,,,,
append,1448,3338800,,,,,,
encode,1448,5100,,,,,,
data_write,1448,57600,,,,,,
data_sync,1448,1952600,,,,,,
marker_write,1448,37200,,,,,,
marker_sync,1448,1284200,,,,,,
append,1449,2594200,,,,,,
encode,1449,3200,,,,,,
data_write,1449,41200,,,,,,
data_sync,1449,1265700,,,,,,
marker_write,1449,33400,,,,,,
marker_sync,1449,1249300,,,,,,
append,1450,2840800,,,,,,
encode,1450,2300,,,,,,
data_write,1450,41400,,,,,,
data_sync,1450,1280800,,,,,,
marker_write,1450,31800,,,,,,
marker_sync,1450,1483200,,,,,,
append,1451,2639200,,,,,,
encode,1451,2500,,,,,,
data_write,1451,40900,,,,,,
data_sync,1451,1287500,,,,,,
marker_write,1451,30800,,,,,,
marker_sync,1451,1276200,,,,,,
append,1452,2601600,,,,,,
encode,1452,1900,,,,,,
data_write,1452,32800,,,,,,
data_sync,1452,1267300,,,,,,
marker_write,1452,31400,,,,,,
marker_sync,1452,1267200,,,,,,
append,1453,3228900,,,,,,
encode,1453,1800,,,,,,
data_write,1453,35400,,,,,,
data_sync,1453,1343700,,,,,,
marker_write,1453,41600,,,,,,
marker_sync,1453,1803600,,,,,,
append,1454,4198100,,,,,,
encode,1454,4700,,,,,,
data_write,1454,54500,,,,,,
data_sync,1454,1846000,,,,,,
marker_write,1454,44700,,,,,,
marker_sync,1454,2245400,,,,,,
append,1455,3308100,,,,,,
encode,1455,4600,,,,,,
data_write,1455,46100,,,,,,
data_sync,1455,1614400,,,,,,
marker_write,1455,44900,,,,,,
marker_sync,1455,1595100,,,,,,
append,1456,3339500,,,,,,
encode,1456,4700,,,,,,
data_write,1456,50400,,,,,,
data_sync,1456,1656400,,,,,,
marker_write,1456,48000,,,,,,
marker_sync,1456,1576600,,,,,,
append,1457,3063901,,,,,,
encode,1457,4800,,,,,,
data_write,1457,149100,,,,,,
data_sync,1457,1464500,,,,,,
marker_write,1457,35300,,,,,,
marker_sync,1457,1408201,,,,,,
append,1458,2759300,,,,,,
encode,1458,4100,,,,,,
data_write,1458,44500,,,,,,
data_sync,1458,1333200,,,,,,
marker_write,1458,33500,,,,,,
marker_sync,1458,1342100,,,,,,
append,1459,2807400,,,,,,
encode,1459,3200,,,,,,
data_write,1459,38900,,,,,,
data_sync,1459,1422300,,,,,,
marker_write,1459,33300,,,,,,
marker_sync,1459,1307900,,,,,,
append,1460,2574100,,,,,,
encode,1460,2800,,,,,,
data_write,1460,38900,,,,,,
data_sync,1460,1247600,,,,,,
marker_write,1460,26900,,,,,,
marker_sync,1460,1256500,,,,,,
append,1461,2704800,,,,,,
encode,1461,2000,,,,,,
data_write,1461,35600,,,,,,
data_sync,1461,1256100,,,,,,
marker_write,1461,27500,,,,,,
marker_sync,1461,1382300,,,,,,
append,1462,2805300,,,,,,
encode,1462,3300,,,,,,
data_write,1462,41500,,,,,,
data_sync,1462,1320600,,,,,,
marker_write,1462,33800,,,,,,
marker_sync,1462,1403900,,,,,,
append,1463,3130800,,,,,,
encode,1463,4100,,,,,,
data_write,1463,45800,,,,,,
data_sync,1463,1499400,,,,,,
marker_write,1463,73300,,,,,,
marker_sync,1463,1503600,,,,,,
append,1464,3502800,,,,,,
encode,1464,7400,,,,,,
data_write,1464,65900,,,,,,
data_sync,1464,1619500,,,,,,
marker_write,1464,42300,,,,,,
marker_sync,1464,1765500,,,,,,
append,1465,2875200,,,,,,
encode,1465,4100,,,,,,
data_write,1465,42400,,,,,,
data_sync,1465,1431700,,,,,,
marker_write,1465,33600,,,,,,
marker_sync,1465,1361400,,,,,,
append,1466,2766500,,,,,,
encode,1466,2600,,,,,,
data_write,1466,38100,,,,,,
data_sync,1466,1344100,,,,,,
marker_write,1466,28100,,,,,,
marker_sync,1466,1352400,,,,,,
append,1467,2882500,,,,,,
encode,1467,2500,,,,,,
data_write,1467,44900,,,,,,
data_sync,1467,1449100,,,,,,
marker_write,1467,34900,,,,,,
marker_sync,1467,1349900,,,,,,
append,1468,3177300,,,,,,
encode,1468,2100,,,,,,
data_write,1468,38900,,,,,,
data_sync,1468,1457000,,,,,,
marker_write,1468,37100,,,,,,
marker_sync,1468,1640300,,,,,,
append,1469,3121000,,,,,,
encode,1469,3500,,,,,,
data_write,1469,41600,,,,,,
data_sync,1469,1596400,,,,,,
marker_write,1469,34800,,,,,,
marker_sync,1469,1443000,,,,,,
append,1470,2818800,,,,,,
encode,1470,3100,,,,,,
data_write,1470,40000,,,,,,
data_sync,1470,1340200,,,,,,
marker_write,1470,30600,,,,,,
marker_sync,1470,1403400,,,,,,
append,1471,2753200,,,,,,
encode,1471,2200,,,,,,
data_write,1471,39100,,,,,,
data_sync,1471,1339600,,,,,,
marker_write,1471,29800,,,,,,
marker_sync,1471,1341200,,,,,,
append,1472,2899700,,,,,,
encode,1472,2000,,,,,,
data_write,1472,33600,,,,,,
data_sync,1472,1342900,,,,,,
marker_write,1472,31900,,,,,,
marker_sync,1472,1487900,,,,,,
append,1473,2804800,,,,,,
encode,1473,1600,,,,,,
data_write,1473,37100,,,,,,
data_sync,1473,1346700,,,,,,
marker_write,1473,32300,,,,,,
marker_sync,1473,1385800,,,,,,
append,1474,3010200,,,,,,
encode,1474,2200,,,,,,
data_write,1474,38200,,,,,,
data_sync,1474,1559400,,,,,,
marker_write,1474,32000,,,,,,
marker_sync,1474,1376700,,,,,,
append,1475,2778100,,,,,,
encode,1475,2600,,,,,,
data_write,1475,39700,,,,,,
data_sync,1475,1364200,,,,,,
marker_write,1475,31800,,,,,,
marker_sync,1475,1338500,,,,,,
append,1476,2766900,,,,,,
encode,1476,2000,,,,,,
data_write,1476,36500,,,,,,
data_sync,1476,1331200,,,,,,
marker_write,1476,29400,,,,,,
marker_sync,1476,1366500,,,,,,
append,1477,2788700,,,,,,
encode,1477,2700,,,,,,
data_write,1477,39400,,,,,,
data_sync,1477,1362400,,,,,,
marker_write,1477,29100,,,,,,
marker_sync,1477,1354000,,,,,,
append,1478,2752400,,,,,,
encode,1478,1900,,,,,,
data_write,1478,38400,,,,,,
data_sync,1478,1331900,,,,,,
marker_write,1478,29300,,,,,,
marker_sync,1478,1349900,,,,,,
append,1479,2872000,,,,,,
encode,1479,2500,,,,,,
data_write,1479,36500,,,,,,
data_sync,1479,1340600,,,,,,
marker_write,1479,32500,,,,,,
marker_sync,1479,1458600,,,,,,
append,1480,2879200,,,,,,
encode,1480,3100,,,,,,
data_write,1480,41500,,,,,,
data_sync,1480,1381800,,,,,,
marker_write,1480,33200,,,,,,
marker_sync,1480,1418500,,,,,,
append,1481,2997000,,,,,,
encode,1481,1900,,,,,,
data_write,1481,36500,,,,,,
data_sync,1481,1441200,,,,,,
marker_write,1481,33800,,,,,,
marker_sync,1481,1481200,,,,,,
append,1482,3354900,,,,,,
encode,1482,5300,,,,,,
data_write,1482,50600,,,,,,
data_sync,1482,1666600,,,,,,
marker_write,1482,39900,,,,,,
marker_sync,1482,1589400,,,,,,
append,1483,2978900,,,,,,
encode,1483,3900,,,,,,
data_write,1483,45600,,,,,,
data_sync,1483,1467600,,,,,,
marker_write,1483,34100,,,,,,
marker_sync,1483,1426000,,,,,,
append,1484,2941401,,,,,,
encode,1484,3400,,,,,,
data_write,1484,41800,,,,,,
data_sync,1484,1398501,,,,,,
marker_write,1484,33100,,,,,,
marker_sync,1484,1463000,,,,,,
append,1485,3031700,,,,,,
encode,1485,3700,,,,,,
data_write,1485,38800,,,,,,
data_sync,1485,1507700,,,,,,
marker_write,1485,32300,,,,,,
marker_sync,1485,1447100,,,,,,
append,1486,2817400,,,,,,
encode,1486,4000,,,,,,
data_write,1486,41700,,,,,,
data_sync,1486,1388800,,,,,,
marker_write,1486,32000,,,,,,
marker_sync,1486,1348500,,,,,,
append,1487,2779400,,,,,,
encode,1487,2400,,,,,,
data_write,1487,34200,,,,,,
data_sync,1487,1345200,,,,,,
marker_write,1487,30900,,,,,,
marker_sync,1487,1365500,,,,,,
append,1488,2761400,,,,,,
encode,1488,1800,,,,,,
data_write,1488,36600,,,,,,
data_sync,1488,1344800,,,,,,
marker_write,1488,30000,,,,,,
marker_sync,1488,1347100,,,,,,
append,1489,2809900,,,,,,
encode,1489,1800,,,,,,
data_write,1489,35400,,,,,,
data_sync,1489,1376300,,,,,,
marker_write,1489,31700,,,,,,
marker_sync,1489,1363300,,,,,,
append,1490,3141000,,,,,,
encode,1490,2200,,,,,,
data_write,1490,40700,,,,,,
data_sync,1490,1595100,,,,,,
marker_write,1490,32200,,,,,,
marker_sync,1490,1469500,,,,,,
append,1491,4056200,,,,,,
encode,1491,2700,,,,,,
data_write,1491,39900,,,,,,
data_sync,1491,2380700,,,,,,
marker_write,1491,43500,,,,,,
marker_sync,1491,1587500,,,,,,
append,1492,2935300,,,,,,
encode,1492,3600,,,,,,
data_write,1492,40900,,,,,,
data_sync,1492,1450000,,,,,,
marker_write,1492,33200,,,,,,
marker_sync,1492,1406200,,,,,,
append,1493,2816100,,,,,,
encode,1493,3100,,,,,,
data_write,1493,38000,,,,,,
data_sync,1493,1361500,,,,,,
marker_write,1493,28300,,,,,,
marker_sync,1493,1383700,,,,,,
append,1494,2780500,,,,,,
encode,1494,3200,,,,,,
data_write,1494,36200,,,,,,
data_sync,1494,1353800,,,,,,
marker_write,1494,27900,,,,,,
marker_sync,1494,1358000,,,,,,
append,1495,3120000,,,,,,
encode,1495,2600,,,,,,
data_write,1495,44400,,,,,,
data_sync,1495,1596200,,,,,,
marker_write,1495,36500,,,,,,
marker_sync,1495,1438200,,,,,,
append,1496,2908200,,,,,,
encode,1496,3300,,,,,,
data_write,1496,36400,,,,,,
data_sync,1496,1382800,,,,,,
marker_write,1496,34900,,,,,,
marker_sync,1496,1449500,,,,,,
append,1497,2784700,,,,,,
encode,1497,1900,,,,,,
data_write,1497,36500,,,,,,
data_sync,1497,1369300,,,,,,
marker_write,1497,10900,,,,,,
marker_sync,1497,1364900,,,,,,
append,1498,2831100,,,,,,
encode,1498,2300,,,,,,
data_write,1498,39200,,,,,,
data_sync,1498,1389500,,,,,,
marker_write,1498,31800,,,,,,
marker_sync,1498,1367100,,,,,,
append,1499,3049700,,,,,,
encode,1499,2000,,,,,,
data_write,1499,36300,,,,,,
data_sync,1499,1580000,,,,,,
marker_write,1499,34200,,,,,,
marker_sync,1499,1395800,,,,,,
append,1500,2883000,,,,,,
encode,1500,2400,,,,,,
data_write,1500,35900,,,,,,
data_sync,1500,1381700,,,,,,
marker_write,1500,10500,,,,,,
marker_sync,1500,1450900,,,,,,
append,1501,3314700,,,,,,
encode,1501,2500,,,,,,
data_write,1501,42600,,,,,,
data_sync,1501,1712000,,,,,,
marker_write,1501,38900,,,,,,
marker_sync,1501,1516500,,,,,,
append,1502,3017300,,,,,,
encode,1502,4000,,,,,,
data_write,1502,40800,,,,,,
data_sync,1502,1547500,,,,,,
marker_write,1502,33300,,,,,,
marker_sync,1502,1390200,,,,,,
append,1503,2943400,,,,,,
encode,1503,3100,,,,,,
data_write,1503,37100,,,,,,
data_sync,1503,1492600,,,,,,
marker_write,1503,29500,,,,,,
marker_sync,1503,1379600,,,,,,
append,1504,3044800,,,,,,
encode,1504,2500,,,,,,
data_write,1504,41300,,,,,,
data_sync,1504,1415000,,,,,,
marker_write,1504,30600,,,,,,
marker_sync,1504,1554300,,,,,,
append,1505,3278300,,,,,,
encode,1505,2000,,,,,,
data_write,1505,49800,,,,,,
data_sync,1505,1660400,,,,,,
marker_write,1505,35400,,,,,,
marker_sync,1505,1529600,,,,,,
append,1506,3370300,,,,,,
encode,1506,1900,,,,,,
data_write,1506,36700,,,,,,
data_sync,1506,1549700,,,,,,
marker_write,1506,37800,,,,,,
marker_sync,1506,1742700,,,,,,
append,1507,3153400,,,,,,
encode,1507,3700,,,,,,
data_write,1507,40200,,,,,,
data_sync,1507,1682700,,,,,,
marker_write,1507,31800,,,,,,
marker_sync,1507,1393800,,,,,,
append,1508,2938000,,,,,,
encode,1508,2900,,,,,,
data_write,1508,35500,,,,,,
data_sync,1508,1432400,,,,,,
marker_write,1508,33000,,,,,,
marker_sync,1508,1432300,,,,,,
append,1509,2932601,,,,,,
encode,1509,2900,,,,,,
data_write,1509,40500,,,,,,
data_sync,1509,1449401,,,,,,
marker_write,1509,33800,,,,,,
marker_sync,1509,1404800,,,,,,
append,1510,2879300,,,,,,
encode,1510,2500,,,,,,
data_write,1510,37700,,,,,,
data_sync,1510,1393900,,,,,,
marker_write,1510,30700,,,,,,
marker_sync,1510,1413400,,,,,,
append,1511,3153000,,,,,,
encode,1511,2500,,,,,,
data_write,1511,37200,,,,,,
data_sync,1511,1478200,,,,,,
marker_write,1511,32700,,,,,,
marker_sync,1511,1600500,,,,,,
append,1512,3141400,,,,,,
encode,1512,3800,,,,,,
data_write,1512,40100,,,,,,
data_sync,1512,1513900,,,,,,
marker_write,1512,42600,,,,,,
marker_sync,1512,1539200,,,,,,
append,1513,2998000,,,,,,
encode,1513,3400,,,,,,
data_write,1513,40200,,,,,,
data_sync,1513,1471800,,,,,,
marker_write,1513,33500,,,,,,
marker_sync,1513,1446800,,,,,,
append,1514,7870100,,,,,,
encode,1514,3000,,,,,,
data_write,1514,41300,,,,,,
data_sync,1514,6331100,,,,,,
marker_write,1514,32100,,,,,,
marker_sync,1514,1461000,,,,,,
append,1515,3021900,,,,,,
encode,1515,3700,,,,,,
data_write,1515,38800,,,,,,
data_sync,1515,1477200,,,,,,
marker_write,1515,32500,,,,,,
marker_sync,1515,1468100,,,,,,
append,1516,2907600,,,,,,
encode,1516,3000,,,,,,
data_write,1516,35300,,,,,,
data_sync,1516,1442100,,,,,,
marker_write,1516,29900,,,,,,
marker_sync,1516,1396100,,,,,,
append,1517,2818800,,,,,,
encode,1517,2100,,,,,,
data_write,1517,34100,,,,,,
data_sync,1517,1386700,,,,,,
marker_write,1517,34100,,,,,,
marker_sync,1517,1361000,,,,,,
append,1518,2836500,,,,,,
encode,1518,2100,,,,,,
data_write,1518,37300,,,,,,
data_sync,1518,1354000,,,,,,
marker_write,1518,28300,,,,,,
marker_sync,1518,1413700,,,,,,
append,1519,2826500,,,,,,
encode,1519,1800,,,,,,
data_write,1519,35900,,,,,,
data_sync,1519,1367800,,,,,,
marker_write,1519,29400,,,,,,
marker_sync,1519,1390300,,,,,,
append,1520,3200200,,,,,,
encode,1520,2200,,,,,,
data_write,1520,37900,,,,,,
data_sync,1520,1537500,,,,,,
marker_write,1520,45600,,,,,,
marker_sync,1520,1574500,,,,,,
append,1521,3280500,,,,,,
encode,1521,4300,,,,,,
data_write,1521,53000,,,,,,
data_sync,1521,1579400,,,,,,
marker_write,1521,43000,,,,,,
marker_sync,1521,1597800,,,,,,
append,1522,3098300,,,,,,
encode,1522,4200,,,,,,
data_write,1522,49000,,,,,,
data_sync,1522,1519100,,,,,,
marker_write,1522,35700,,,,,,
marker_sync,1522,1487800,,,,,,
append,1523,2978800,,,,,,
encode,1523,3000,,,,,,
data_write,1523,45900,,,,,,
data_sync,1523,1508400,,,,,,
marker_write,1523,32100,,,,,,
marker_sync,1523,1388100,,,,,,
append,1524,2812200,,,,,,
encode,1524,3500,,,,,,
data_write,1524,37900,,,,,,
data_sync,1524,1383200,,,,,,
marker_write,1524,30700,,,,,,
marker_sync,1524,1355500,,,,,,
append,1525,3198500,,,,,,
encode,1525,2300,,,,,,
data_write,1525,34200,,,,,,
data_sync,1525,1479900,,,,,,
marker_write,1525,32300,,,,,,
marker_sync,1525,1648200,,,,,,
append,1526,3014000,,,,,,
encode,1526,3800,,,,,,
data_write,1526,39100,,,,,,
data_sync,1526,1460100,,,,,,
marker_write,1526,31800,,,,,,
marker_sync,1526,1477000,,,,,,
append,1527,3020500,,,,,,
encode,1527,3600,,,,,,
data_write,1527,47800,,,,,,
data_sync,1527,1445600,,,,,,
marker_write,1527,32000,,,,,,
marker_sync,1527,1489200,,,,,,
append,1528,2873400,,,,,,
encode,1528,3500,,,,,,
data_write,1528,44100,,,,,,
data_sync,1528,1405900,,,,,,
marker_write,1528,33900,,,,,,
marker_sync,1528,1383600,,,,,,
append,1529,2850600,,,,,,
encode,1529,2900,,,,,,
data_write,1529,39500,,,,,,
data_sync,1529,1378400,,,,,,
marker_write,1529,30600,,,,,,
marker_sync,1529,1398200,,,,,,
append,1530,2905900,,,,,,
encode,1530,2100,,,,,,
data_write,1530,37900,,,,,,
data_sync,1530,1353900,,,,,,
marker_write,1530,31700,,,,,,
marker_sync,1530,1478900,,,,,,
append,1531,3301300,,,,,,
encode,1531,3100,,,,,,
data_write,1531,40500,,,,,,
data_sync,1531,1607200,,,,,,
marker_write,1531,41100,,,,,,
marker_sync,1531,1607100,,,,,,
append,1532,3299801,,,,,,
encode,1532,3900,,,,,,
data_write,1532,45400,,,,,,
data_sync,1532,1565800,,,,,,
marker_write,1532,44300,,,,,,
marker_sync,1532,1637801,,,,,,
append,1533,3273200,,,,,,
encode,1533,4100,,,,,,
data_write,1533,51700,,,,,,
data_sync,1533,1591400,,,,,,
marker_write,1533,39800,,,,,,
marker_sync,1533,1583600,,,,,,
append,1534,3217900,,,,,,
encode,1534,5300,,,,,,
data_write,1534,47100,,,,,,
data_sync,1534,1569300,,,,,,
marker_write,1534,54100,,,,,,
marker_sync,1534,1539800,,,,,,
append,1535,3048200,,,,,,
encode,1535,4800,,,,,,
data_write,1535,42400,,,,,,
data_sync,1535,1473000,,,,,,
marker_write,1535,32700,,,,,,
marker_sync,1535,1492500,,,,,,
append,1536,2973400,,,,,,
encode,1536,3300,,,,,,
data_write,1536,41600,,,,,,
data_sync,1536,1475700,,,,,,
marker_write,1536,32700,,,,,,
marker_sync,1536,1418500,,,,,,
append,1537,3034000,,,,,,
encode,1537,2000,,,,,,
data_write,1537,34200,,,,,,
data_sync,1537,1458800,,,,,,
marker_write,1537,30400,,,,,,
marker_sync,1537,1507500,,,,,,
append,1538,2976000,,,,,,
encode,1538,2600,,,,,,
data_write,1538,36900,,,,,,
data_sync,1538,1462300,,,,,,
marker_write,1538,30700,,,,,,
marker_sync,1538,1442200,,,,,,
append,1539,2978000,,,,,,
encode,1539,2700,,,,,,
data_write,1539,36500,,,,,,
data_sync,1539,1447900,,,,,,
marker_write,1539,31100,,,,,,
marker_sync,1539,1458400,,,,,,
append,1540,2915700,,,,,,
encode,1540,1900,,,,,,
data_write,1540,37000,,,,,,
data_sync,1540,1421700,,,,,,
marker_write,1540,30000,,,,,,
marker_sync,1540,1424100,,,,,,
append,1541,3705300,,,,,,
encode,1541,2200,,,,,,
data_write,1541,35600,,,,,,
data_sync,1541,1988800,,,,,,
marker_write,1541,29900,,,,,,
marker_sync,1541,1647500,,,,,,
append,1542,2990300,,,,,,
encode,1542,2300,,,,,,
data_write,1542,40800,,,,,,
data_sync,1542,1454000,,,,,,
marker_write,1542,30700,,,,,,
marker_sync,1542,1461300,,,,,,
append,1543,2963600,,,,,,
encode,1543,2400,,,,,,
data_write,1543,39800,,,,,,
data_sync,1543,1429700,,,,,,
marker_write,1543,32600,,,,,,
marker_sync,1543,1457400,,,,,,
append,1544,2841200,,,,,,
encode,1544,2900,,,,,,
data_write,1544,39900,,,,,,
data_sync,1544,1369500,,,,,,
marker_write,1544,28400,,,,,,
marker_sync,1544,1398800,,,,,,
append,1545,2882600,,,,,,
encode,1545,2200,,,,,,
data_write,1545,32600,,,,,,
data_sync,1545,1488400,,,,,,
marker_write,1545,26800,,,,,,
marker_sync,1545,1331800,,,,,,
append,1546,2856000,,,,,,
encode,1546,1500,,,,,,
data_write,1546,31800,,,,,,
data_sync,1546,1450600,,,,,,
marker_write,1546,27200,,,,,,
marker_sync,1546,1344100,,,,,,
append,1547,2780800,,,,,,
encode,1547,1500,,,,,,
data_write,1547,32000,,,,,,
data_sync,1547,1349800,,,,,,
marker_write,1547,27600,,,,,,
marker_sync,1547,1368900,,,,,,
append,1548,2779400,,,,,,
encode,1548,1600,,,,,,
data_write,1548,33400,,,,,,
data_sync,1548,1376200,,,,,,
marker_write,1548,31500,,,,,,
marker_sync,1548,1335100,,,,,,
append,1549,2772300,,,,,,
encode,1549,2200,,,,,,
data_write,1549,37300,,,,,,
data_sync,1549,1380500,,,,,,
marker_write,1549,29100,,,,,,
marker_sync,1549,1322000,,,,,,
append,1550,2887100,,,,,,
encode,1550,1700,,,,,,
data_write,1550,39400,,,,,,
data_sync,1550,1426200,,,,,,
marker_write,1550,31600,,,,,,
marker_sync,1550,1386700,,,,,,
append,1551,2750100,,,,,,
encode,1551,2300,,,,,,
data_write,1551,36900,,,,,,
data_sync,1551,1318800,,,,,,
marker_write,1551,27500,,,,,,
marker_sync,1551,1363500,,,,,,
append,1552,2938700,,,,,,
encode,1552,1900,,,,,,
data_write,1552,39400,,,,,,
data_sync,1552,1438200,,,,,,
marker_write,1552,32800,,,,,,
marker_sync,1552,1424900,,,,,,
append,1553,2918700,,,,,,
encode,1553,2600,,,,,,
data_write,1553,39000,,,,,,
data_sync,1553,1420500,,,,,,
marker_write,1553,39100,,,,,,
marker_sync,1553,1416200,,,,,,
append,1554,2942500,,,,,,
encode,1554,3000,,,,,,
data_write,1554,38000,,,,,,
data_sync,1554,1345500,,,,,,
marker_write,1554,30900,,,,,,
marker_sync,1554,1523700,,,,,,
append,1555,2771900,,,,,,
encode,1555,3100,,,,,,
data_write,1555,38000,,,,,,
data_sync,1555,1344200,,,,,,
marker_write,1555,30400,,,,,,
marker_sync,1555,1354800,,,,,,
append,1556,2736300,,,,,,
encode,1556,2400,,,,,,
data_write,1556,37700,,,,,,
data_sync,1556,1339600,,,,,,
marker_write,1556,30200,,,,,,
marker_sync,1556,1325100,,,,,,
append,1557,2761900,,,,,,
encode,1557,1900,,,,,,
data_write,1557,37300,,,,,,
data_sync,1557,1328000,,,,,,
marker_write,1557,30100,,,,,,
marker_sync,1557,1363400,,,,,,
append,1558,2872901,,,,,,
encode,1558,2100,,,,,,
data_write,1558,36200,,,,,,
data_sync,1558,1443800,,,,,,
marker_write,1558,29700,,,,,,
marker_sync,1558,1359801,,,,,,
append,1559,2795900,,,,,,
encode,1559,2200,,,,,,
data_write,1559,39800,,,,,,
data_sync,1559,1407500,,,,,,
marker_write,1559,30800,,,,,,
marker_sync,1559,1314500,,,,,,
append,1560,2782100,,,,,,
encode,1560,2200,,,,,,
data_write,1560,35600,,,,,,
data_sync,1560,1302300,,,,,,
marker_write,1560,27200,,,,,,
marker_sync,1560,1413600,,,,,,
append,1561,2764500,,,,,,
encode,1561,2100,,,,,,
data_write,1561,36200,,,,,,
data_sync,1561,1337200,,,,,,
marker_write,1561,29300,,,,,,
marker_sync,1561,1358700,,,,,,
append,1562,2776100,,,,,,
encode,1562,1800,,,,,,
data_write,1562,34700,,,,,,
data_sync,1562,1350100,,,,,,
marker_write,1562,33800,,,,,,
marker_sync,1562,1354700,,,,,,
append,1563,3026300,,,,,,
encode,1563,1700,,,,,,
data_write,1563,40300,,,,,,
data_sync,1563,1575100,,,,,,
marker_write,1563,31100,,,,,,
marker_sync,1563,1377100,,,,,,
append,1564,2871800,,,,,,
encode,1564,2800,,,,,,
data_write,1564,37500,,,,,,
data_sync,1564,1343700,,,,,,
marker_write,1564,32300,,,,,,
marker_sync,1564,1453700,,,,,,
append,1565,2875800,,,,,,
encode,1565,3900,,,,,,
data_write,1565,38700,,,,,,
data_sync,1565,1398800,,,,,,
marker_write,1565,33600,,,,,,
marker_sync,1565,1398800,,,,,,
append,1566,2893600,,,,,,
encode,1566,2600,,,,,,
data_write,1566,38300,,,,,,
data_sync,1566,1378400,,,,,,
marker_write,1566,30300,,,,,,
marker_sync,1566,1442900,,,,,,
append,1567,2812000,,,,,,
encode,1567,2700,,,,,,
data_write,1567,37500,,,,,,
data_sync,1567,1363400,,,,,,
marker_write,1567,41900,,,,,,
marker_sync,1567,1365400,,,,,,
append,1568,2829600,,,,,,
encode,1568,2400,,,,,,
data_write,1568,38200,,,,,,
data_sync,1568,1372700,,,,,,
marker_write,1568,31500,,,,,,
marker_sync,1568,1383500,,,,,,
append,1569,2720000,,,,,,
encode,1569,2800,,,,,,
data_write,1569,35800,,,,,,
data_sync,1569,1337200,,,,,,
marker_write,1569,31200,,,,,,
marker_sync,1569,1311900,,,,,,
append,1570,2748700,,,,,,
encode,1570,2100,,,,,,
data_write,1570,35700,,,,,,
data_sync,1570,1346400,,,,,,
marker_write,1570,30700,,,,,,
marker_sync,1570,1332600,,,,,,
append,1571,2738300,,,,,,
encode,1571,1900,,,,,,
data_write,1571,36900,,,,,,
data_sync,1571,1311000,,,,,,
marker_write,1571,30200,,,,,,
marker_sync,1571,1357400,,,,,,
append,1572,2815900,,,,,,
encode,1572,1800,,,,,,
data_write,1572,36900,,,,,,
data_sync,1572,1329100,,,,,,
marker_write,1572,28100,,,,,,
marker_sync,1572,1418900,,,,,,
append,1573,2863800,,,,,,
encode,1573,2000,,,,,,
data_write,1573,35800,,,,,,
data_sync,1573,1388800,,,,,,
marker_write,1573,29300,,,,,,
marker_sync,1573,1406300,,,,,,
append,1574,3196000,,,,,,
encode,1574,2200,,,,,,
data_write,1574,39100,,,,,,
data_sync,1574,1582500,,,,,,
marker_write,1574,35600,,,,,,
marker_sync,1574,1535100,,,,,,
append,1575,2958000,,,,,,
encode,1575,2800,,,,,,
data_write,1575,37900,,,,,,
data_sync,1575,1474300,,,,,,
marker_write,1575,32000,,,,,,
marker_sync,1575,1409300,,,,,,
append,1576,2723700,,,,,,
encode,1576,2500,,,,,,
data_write,1576,37000,,,,,,
data_sync,1576,1337300,,,,,,
marker_write,1576,29700,,,,,,
marker_sync,1576,1316200,,,,,,
append,1577,2718500,,,,,,
encode,1577,1800,,,,,,
data_write,1577,31600,,,,,,
data_sync,1577,1334100,,,,,,
marker_write,1577,31900,,,,,,
marker_sync,1577,1318300,,,,,,
append,1578,2843100,,,,,,
encode,1578,1600,,,,,,
data_write,1578,40400,,,,,,
data_sync,1578,1447600,,,,,,
marker_write,1578,29200,,,,,,
marker_sync,1578,1323200,,,,,,
append,1579,2724900,,,,,,
encode,1579,2200,,,,,,
data_write,1579,37600,,,,,,
data_sync,1579,1313000,,,,,,
marker_write,1579,26900,,,,,,
marker_sync,1579,1344300,,,,,,
append,1580,2862700,,,,,,
encode,1580,2200,,,,,,
data_write,1580,36100,,,,,,
data_sync,1580,1396300,,,,,,
marker_write,1580,29300,,,,,,
marker_sync,1580,1397100,,,,,,
append,1581,2717800,,,,,,
encode,1581,2300,,,,,,
data_write,1581,42700,,,,,,
data_sync,1581,1311500,,,,,,
marker_write,1581,29300,,,,,,
marker_sync,1581,1330700,,,,,,
append,1582,2701400,,,,,,
encode,1582,2200,,,,,,
data_write,1582,34600,,,,,,
data_sync,1582,1287400,,,,,,
marker_write,1582,26800,,,,,,
marker_sync,1582,1349300,,,,,,
append,1583,2721900,,,,,,
encode,1583,2100,,,,,,
data_write,1583,38500,,,,,,
data_sync,1583,1339100,,,,,,
marker_write,1583,31000,,,,,,
marker_sync,1583,1310000,,,,,,
append,1584,2786900,,,,,,
encode,1584,1900,,,,,,
data_write,1584,35900,,,,,,
data_sync,1584,1323300,,,,,,
marker_write,1584,29200,,,,,,
marker_sync,1584,1395300,,,,,,
append,1585,2988401,,,,,,
encode,1585,2400,,,,,,
data_write,1585,38000,,,,,,
data_sync,1585,1323200,,,,,,
marker_write,1585,30900,,,,,,
marker_sync,1585,1592301,,,,,,
append,1586,2970800,,,,,,
encode,1586,3300,,,,,,
data_write,1586,47000,,,,,,
data_sync,1586,1462900,,,,,,
marker_write,1586,28600,,,,,,
marker_sync,1586,1427900,,,,,,
append,1587,2912000,,,,,,
encode,1587,2300,,,,,,
data_write,1587,34300,,,,,,
data_sync,1587,1458900,,,,,,
marker_write,1587,28000,,,,,,
marker_sync,1587,1387500,,,,,,
append,1588,2825300,,,,,,
encode,1588,2500,,,,,,
data_write,1588,32600,,,,,,
data_sync,1588,1338600,,,,,,
marker_write,1588,29900,,,,,,
marker_sync,1588,1420700,,,,,,
append,1589,3018300,,,,,,
encode,1589,1900,,,,,,
data_write,1589,33600,,,,,,
data_sync,1589,1419300,,,,,,
marker_write,1589,31000,,,,,,
marker_sync,1589,1531400,,,,,,
append,1590,3301800,,,,,,
encode,1590,2400,,,,,,
data_write,1590,36700,,,,,,
data_sync,1590,1638700,,,,,,
marker_write,1590,32100,,,,,,
marker_sync,1590,1590000,,,,,,
append,1591,2758800,,,,,,
encode,1591,2900,,,,,,
data_write,1591,35100,,,,,,
data_sync,1591,1382800,,,,,,
marker_write,1591,30700,,,,,,
marker_sync,1591,1306300,,,,,,
append,1592,2710700,,,,,,
encode,1592,2100,,,,,,
data_write,1592,34200,,,,,,
data_sync,1592,1297100,,,,,,
marker_write,1592,27400,,,,,,
marker_sync,1592,1348800,,,,,,
append,1593,2665400,,,,,,
encode,1593,2200,,,,,,
data_write,1593,36900,,,,,,
data_sync,1593,1312500,,,,,,
marker_write,1593,28800,,,,,,
marker_sync,1593,1283700,,,,,,
append,1594,2668600,,,,,,
encode,1594,1600,,,,,,
data_write,1594,31600,,,,,,
data_sync,1594,1305500,,,,,,
marker_write,1594,28200,,,,,,
marker_sync,1594,1300300,,,,,,
append,1595,2683600,,,,,,
encode,1595,2200,,,,,,
data_write,1595,39200,,,,,,
data_sync,1595,1302700,,,,,,
marker_write,1595,27900,,,,,,
marker_sync,1595,1310400,,,,,,
append,1596,2882600,,,,,,
encode,1596,1800,,,,,,
data_write,1596,33900,,,,,,
data_sync,1596,1355200,,,,,,
marker_write,1596,28100,,,,,,
marker_sync,1596,1462500,,,,,,
append,1597,2871100,,,,,,
encode,1597,2900,,,,,,
data_write,1597,34700,,,,,,
data_sync,1597,1459300,,,,,,
marker_write,1597,30200,,,,,,
marker_sync,1597,1342900,,,,,,
append,1598,2718900,,,,,,
encode,1598,2000,,,,,,
data_write,1598,38600,,,,,,
data_sync,1598,1317800,,,,,,
marker_write,1598,25100,,,,,,
marker_sync,1598,1334400,,,,,,
append,1599,2720600,,,,,,
encode,1599,1900,,,,,,
data_write,1599,35300,,,,,,
data_sync,1599,1325300,,,,,,
marker_write,1599,26800,,,,,,
marker_sync,1599,1330600,,,,,,
append,1600,2736200,,,,,,
encode,1600,1400,,,,,,
data_write,1600,32300,,,,,,
data_sync,1600,1334200,,,,,,
marker_write,1600,31000,,,,,,
marker_sync,1600,1336000,,,,,,
append,1601,2767800,,,,,,
encode,1601,1700,,,,,,
data_write,1601,36400,,,,,,
data_sync,1601,1351200,,,,,,
marker_write,1601,29000,,,,,,
marker_sync,1601,1348500,,,,,,
append,1602,3308800,,,,,,
encode,1602,2000,,,,,,
data_write,1602,35500,,,,,,
data_sync,1602,1614600,,,,,,
marker_write,1602,30900,,,,,,
marker_sync,1602,1624100,,,,,,
append,1603,2961400,,,,,,
encode,1603,2400,,,,,,
data_write,1603,41800,,,,,,
data_sync,1603,1533000,,,,,,
marker_write,1603,34300,,,,,,
marker_sync,1603,1348400,,,,,,
append,1604,2737400,,,,,,
encode,1604,2200,,,,,,
data_write,1604,37100,,,,,,
data_sync,1604,1349200,,,,,,
marker_write,1604,29900,,,,,,
marker_sync,1604,1317800,,,,,,
append,1605,2799100,,,,,,
encode,1605,2100,,,,,,
data_write,1605,37800,,,,,,
data_sync,1605,1331700,,,,,,
marker_write,1605,30100,,,,,,
marker_sync,1605,1396400,,,,,,
append,1606,2766000,,,,,,
encode,1606,2000,,,,,,
data_write,1606,44400,,,,,,
data_sync,1606,1379400,,,,,,
marker_write,1606,32800,,,,,,
marker_sync,1606,1306400,,,,,,
append,1607,2832200,,,,,,
encode,1607,2000,,,,,,
data_write,1607,36300,,,,,,
data_sync,1607,1371900,,,,,,
marker_write,1607,30200,,,,,,
marker_sync,1607,1390300,,,,,,
append,1608,3081100,,,,,,
encode,1608,3400,,,,,,
data_write,1608,43400,,,,,,
data_sync,1608,1472800,,,,,,
marker_write,1608,35600,,,,,,
marker_sync,1608,1523600,,,,,,
append,1609,3496700,,,,,,
encode,1609,3800,,,,,,
data_write,1609,46700,,,,,,
data_sync,1609,1645100,,,,,,
marker_write,1609,62800,,,,,,
marker_sync,1609,1733500,,,,,,
append,1610,3293000,,,,,,
encode,1610,7200,,,,,,
data_write,1610,72100,,,,,,
data_sync,1610,1596100,,,,,,
marker_write,1610,42300,,,,,,
marker_sync,1610,1572100,,,,,,
append,1611,2833600,,,,,,
encode,1611,3600,,,,,,
data_write,1611,40500,,,,,,
data_sync,1611,1419800,,,,,,
marker_write,1611,28400,,,,,,
marker_sync,1611,1339700,,,,,,
append,1612,2718801,,,,,,
encode,1612,2800,,,,,,
data_write,1612,39600,,,,,,
data_sync,1612,1336101,,,,,,
marker_write,1612,28900,,,,,,
marker_sync,1612,1310100,,,,,,
append,1613,2935700,,,,,,
encode,1613,2800,,,,,,
data_write,1613,34100,,,,,,
data_sync,1613,1447900,,,,,,
marker_write,1613,28400,,,,,,
marker_sync,1613,1421200,,,,,,
append,1614,2829200,,,,,,
encode,1614,3000,,,,,,
data_write,1614,35600,,,,,,
data_sync,1614,1428300,,,,,,
marker_write,1614,29200,,,,,,
marker_sync,1614,1331600,,,,,,
append,1615,2667600,,,,,,
encode,1615,2500,,,,,,
data_write,1615,37900,,,,,,
data_sync,1615,1285500,,,,,,
marker_write,1615,28600,,,,,,
marker_sync,1615,1312200,,,,,,
append,1616,2645800,,,,,,
encode,1616,1900,,,,,,
data_write,1616,35300,,,,,,
data_sync,1616,1291900,,,,,,
marker_write,1616,26600,,,,,,
marker_sync,1616,1288900,,,,,,
append,1617,2686600,,,,,,
encode,1617,1900,,,,,,
data_write,1617,34300,,,,,,
data_sync,1617,1285000,,,,,,
marker_write,1617,26300,,,,,,
marker_sync,1617,1338100,,,,,,
append,1618,2835500,,,,,,
encode,1618,2100,,,,,,
data_write,1618,39500,,,,,,
data_sync,1618,1388000,,,,,,
marker_write,1618,31500,,,,,,
marker_sync,1618,1373000,,,,,,
append,1619,2989800,,,,,,
encode,1619,2800,,,,,,
data_write,1619,47400,,,,,,
data_sync,1619,1445500,,,,,,
marker_write,1619,34700,,,,,,
marker_sync,1619,1457800,,,,,,
append,1620,2899600,,,,,,
encode,1620,3200,,,,,,
data_write,1620,39800,,,,,,
data_sync,1620,1404300,,,,,,
marker_write,1620,32100,,,,,,
marker_sync,1620,1419100,,,,,,
append,1621,2673900,,,,,,
encode,1621,2400,,,,,,
data_write,1621,35700,,,,,,
data_sync,1621,1299800,,,,,,
marker_write,1621,27400,,,,,,
marker_sync,1621,1307200,,,,,,
append,1622,2702000,,,,,,
encode,1622,2000,,,,,,
data_write,1622,35900,,,,,,
data_sync,1622,1332600,,,,,,
marker_write,1622,29700,,,,,,
marker_sync,1622,1300500,,,,,,
append,1623,2733700,,,,,,
encode,1623,2200,,,,,,
data_write,1623,35100,,,,,,
data_sync,1623,1329200,,,,,,
marker_write,1623,33300,,,,,,
marker_sync,1623,1332800,,,,,,
append,1624,2993800,,,,,,
encode,1624,2500,,,,,,
data_write,1624,34700,,,,,,
data_sync,1624,1337800,,,,,,
marker_write,1624,31600,,,,,,
marker_sync,1624,1586000,,,,,,
append,1625,3180000,,,,,,
encode,1625,2400,,,,,,
data_write,1625,35200,,,,,,
data_sync,1625,1530600,,,,,,
marker_write,1625,32700,,,,,,
marker_sync,1625,1578100,,,,,,
append,1626,3005200,,,,,,
encode,1626,3300,,,,,,
data_write,1626,38200,,,,,,
data_sync,1626,1468800,,,,,,
marker_write,1626,35800,,,,,,
marker_sync,1626,1456900,,,,,,
append,1627,3149800,,,,,,
encode,1627,4200,,,,,,
data_write,1627,39000,,,,,,
data_sync,1627,1435700,,,,,,
marker_write,1627,39000,,,,,,
marker_sync,1627,1629100,,,,,,
append,1628,3010900,,,,,,
encode,1628,3600,,,,,,
data_write,1628,37200,,,,,,
data_sync,1628,1464300,,,,,,
marker_write,1628,30800,,,,,,
marker_sync,1628,1473300,,,,,,
append,1629,3278700,,,,,,
encode,1629,5500,,,,,,
data_write,1629,46800,,,,,,
data_sync,1629,1555100,,,,,,
marker_write,1629,37300,,,,,,
marker_sync,1629,1631700,,,,,,
append,1630,2971000,,,,,,
encode,1630,4200,,,,,,
data_write,1630,45000,,,,,,
data_sync,1630,1457100,,,,,,
marker_write,1630,46500,,,,,,
marker_sync,1630,1415500,,,,,,
append,1631,3040900,,,,,,
encode,1631,5300,,,,,,
data_write,1631,48700,,,,,,
data_sync,1631,1482600,,,,,,
marker_write,1631,43200,,,,,,
marker_sync,1631,1458900,,,,,,
append,1632,3062700,,,,,,
encode,1632,3800,,,,,,
data_write,1632,42400,,,,,,
data_sync,1632,1394900,,,,,,
marker_write,1632,38600,,,,,,
marker_sync,1632,1580600,,,,,,
append,1633,3110200,,,,,,
encode,1633,3600,,,,,,
data_write,1633,47200,,,,,,
data_sync,1633,1523400,,,,,,
marker_write,1633,35400,,,,,,
marker_sync,1633,1499000,,,,,,
append,1634,3052100,,,,,,
encode,1634,3700,,,,,,
data_write,1634,44000,,,,,,
data_sync,1634,1506800,,,,,,
marker_write,1634,36200,,,,,,
marker_sync,1634,1459600,,,,,,
append,1635,3069000,,,,,,
encode,1635,3600,,,,,,
data_write,1635,46900,,,,,,
data_sync,1635,1550100,,,,,,
marker_write,1635,40800,,,,,,
marker_sync,1635,1424200,,,,,,
append,1636,2894500,,,,,,
encode,1636,4500,,,,,,
data_write,1636,49900,,,,,,
data_sync,1636,1423100,,,,,,
marker_write,1636,33800,,,,,,
marker_sync,1636,1381100,,,,,,
append,1637,2859500,,,,,,
encode,1637,3200,,,,,,
data_write,1637,41300,,,,,,
data_sync,1637,1365400,,,,,,
marker_write,1637,38400,,,,,,
marker_sync,1637,1409300,,,,,,
append,1638,2651601,,,,,,
encode,1638,3400,,,,,,
data_write,1638,45100,,,,,,
data_sync,1638,1315901,,,,,,
marker_write,1638,33900,,,,,,
marker_sync,1638,1251500,,,,,,
append,1639,2536600,,,,,,
encode,1639,3400,,,,,,
data_write,1639,37900,,,,,,
data_sync,1639,1211400,,,,,,
marker_write,1639,30300,,,,,,
marker_sync,1639,1252200,,,,,,
append,1640,2616800,,,,,,
encode,1640,2500,,,,,,
data_write,1640,35300,,,,,,
data_sync,1640,1262700,,,,,,
marker_write,1640,31500,,,,,,
marker_sync,1640,1283600,,,,,,
append,1641,2589600,,,,,,
encode,1641,2400,,,,,,
data_write,1641,36700,,,,,,
data_sync,1641,1223000,,,,,,
marker_write,1641,32300,,,,,,
marker_sync,1641,1294000,,,,,,
append,1642,2778600,,,,,,
encode,1642,2100,,,,,,
data_write,1642,37800,,,,,,
data_sync,1642,1333100,,,,,,
marker_write,1642,40400,,,,,,
marker_sync,1642,1363400,,,,,,
append,1643,2770900,,,,,,
encode,1643,3800,,,,,,
data_write,1643,40400,,,,,,
data_sync,1643,1327500,,,,,,
marker_write,1643,32000,,,,,,
marker_sync,1643,1365300,,,,,,
append,1644,2704100,,,,,,
encode,1644,3600,,,,,,
data_write,1644,40100,,,,,,
data_sync,1644,1280500,,,,,,
marker_write,1644,32200,,,,,,
marker_sync,1644,1345300,,,,,,
append,1645,2813900,,,,,,
encode,1645,19900,,,,,,
data_write,1645,31800,,,,,,
data_sync,1645,1330200,,,,,,
marker_write,1645,35800,,,,,,
marker_sync,1645,1394800,,,,,,
append,1646,2721500,,,,,,
encode,1646,3500,,,,,,
data_write,1646,39400,,,,,,
data_sync,1646,1337500,,,,,,
marker_write,1646,34100,,,,,,
marker_sync,1646,1305300,,,,,,
append,1647,2811400,,,,,,
encode,1647,3000,,,,,,
data_write,1647,39400,,,,,,
data_sync,1647,1355900,,,,,,
marker_write,1647,31200,,,,,,
marker_sync,1647,1380200,,,,,,
append,1648,2856400,,,,,,
encode,1648,3700,,,,,,
data_write,1648,39600,,,,,,
data_sync,1648,1314100,,,,,,
marker_write,1648,31400,,,,,,
marker_sync,1648,1465900,,,,,,
append,1649,2856500,,,,,,
encode,1649,3900,,,,,,
data_write,1649,39900,,,,,,
data_sync,1649,1393800,,,,,,
marker_write,1649,36100,,,,,,
marker_sync,1649,1381400,,,,,,
append,1650,2602400,,,,,,
encode,1650,3500,,,,,,
data_write,1650,37700,,,,,,
data_sync,1650,1286400,,,,,,
marker_write,1650,27400,,,,,,
marker_sync,1650,1245500,,,,,,
append,1651,2931700,,,,,,
encode,1651,2500,,,,,,
data_write,1651,39200,,,,,,
data_sync,1651,1426200,,,,,,
marker_write,1651,38600,,,,,,
marker_sync,1651,1422900,,,,,,
append,1652,3214600,,,,,,
encode,1652,4100,,,,,,
data_write,1652,51300,,,,,,
data_sync,1652,1559100,,,,,,
marker_write,1652,23000,,,,,,
marker_sync,1652,1574700,,,,,,
append,1653,2814600,,,,,,
encode,1653,4600,,,,,,
data_write,1653,48000,,,,,,
data_sync,1653,1398300,,,,,,
marker_write,1653,35800,,,,,,
marker_sync,1653,1325200,,,,,,
append,1654,2688500,,,,,,
encode,1654,3500,,,,,,
data_write,1654,42900,,,,,,
data_sync,1654,1312800,,,,,,
marker_write,1654,34300,,,,,,
marker_sync,1654,1292900,,,,,,
append,1655,2733100,,,,,,
encode,1655,4200,,,,,,
data_write,1655,45600,,,,,,
data_sync,1655,1315000,,,,,,
marker_write,1655,32400,,,,,,
marker_sync,1655,1333700,,,,,,
append,1656,2699700,,,,,,
encode,1656,6600,,,,,,
data_write,1656,43800,,,,,,
data_sync,1656,1275300,,,,,,
marker_write,1656,32500,,,,,,
marker_sync,1656,1339900,,,,,,
append,1657,2666900,,,,,,
encode,1657,3000,,,,,,
data_write,1657,54400,,,,,,
data_sync,1657,1291500,,,,,,
marker_write,1657,31700,,,,,,
marker_sync,1657,1285100,,,,,,
append,1658,2633200,,,,,,
encode,1658,2900,,,,,,
data_write,1658,39600,,,,,,
data_sync,1658,1269600,,,,,,
marker_write,1658,32000,,,,,,
marker_sync,1658,1287400,,,,,,
append,1659,2624300,,,,,,
encode,1659,2500,,,,,,
data_write,1659,38600,,,,,,
data_sync,1659,1279500,,,,,,
marker_write,1659,34400,,,,,,
marker_sync,1659,1267700,,,,,,
append,1660,2668800,,,,,,
encode,1660,3000,,,,,,
data_write,1660,42300,,,,,,
data_sync,1660,1320500,,,,,,
marker_write,1660,32700,,,,,,
marker_sync,1660,1268800,,,,,,
append,1661,2759700,,,,,,
encode,1661,2500,,,,,,
data_write,1661,45500,,,,,,
data_sync,1661,1349000,,,,,,
marker_write,1661,30300,,,,,,
marker_sync,1661,1330600,,,,,,
append,1662,2551600,,,,,,
encode,1662,2400,,,,,,
data_write,1662,47000,,,,,,
data_sync,1662,1242300,,,,,,
marker_write,1662,32200,,,,,,
marker_sync,1662,1226400,,,,,,
append,1663,2611400,,,,,,
encode,1663,2100,,,,,,
data_write,1663,38500,,,,,,
data_sync,1663,1234800,,,,,,
marker_write,1663,31500,,,,,,
marker_sync,1663,1303100,,,,,,
append,1664,2892800,,,,,,
encode,1664,2800,,,,,,
data_write,1664,37200,,,,,,
data_sync,1664,1378700,,,,,,
marker_write,1664,40200,,,,,,
marker_sync,1664,1432500,,,,,,
append,1665,2781900,,,,,,
encode,1665,2000,,,,,,
data_write,1665,39400,,,,,,
data_sync,1665,1292400,,,,,,
marker_write,1665,28500,,,,,,
marker_sync,1665,1418400,,,,,,
append,1666,2687101,,,,,,
encode,1666,2500,,,,,,
data_write,1666,35900,,,,,,
data_sync,1666,1296001,,,,,,
marker_write,1666,29700,,,,,,
marker_sync,1666,1321900,,,,,,
append,1667,2697900,,,,,,
encode,1667,2200,,,,,,
data_write,1667,34800,,,,,,
data_sync,1667,1326200,,,,,,
marker_write,1667,32100,,,,,,
marker_sync,1667,1301200,,,,,,
append,1668,2645700,,,,,,
encode,1668,2500,,,,,,
data_write,1668,36300,,,,,,
data_sync,1668,1290200,,,,,,
marker_write,1668,29600,,,,,,
marker_sync,1668,1286100,,,,,,
append,1669,2770600,,,,,,
encode,1669,1800,,,,,,
data_write,1669,35600,,,,,,
data_sync,1669,1328600,,,,,,
marker_write,1669,30600,,,,,,
marker_sync,1669,1372600,,,,,,
append,1670,2898700,,,,,,
encode,1670,2200,,,,,,
data_write,1670,38900,,,,,,
data_sync,1670,1401700,,,,,,
marker_write,1670,31700,,,,,,
marker_sync,1670,1422600,,,,,,
append,1671,2609500,,,,,,
encode,1671,2600,,,,,,
data_write,1671,41800,,,,,,
data_sync,1671,1265100,,,,,,
marker_write,1671,33300,,,,,,
marker_sync,1671,1265600,,,,,,
append,1672,2584900,,,,,,
encode,1672,2300,,,,,,
data_write,1672,36300,,,,,,
data_sync,1672,1303100,,,,,,
marker_write,1672,31500,,,,,,
marker_sync,1672,1210100,,,,,,
append,1673,2542100,,,,,,
encode,1673,2300,,,,,,
data_write,1673,34100,,,,,,
data_sync,1673,1223700,,,,,,
marker_write,1673,30000,,,,,,
marker_sync,1673,1251000,,,,,,
append,1674,2504100,,,,,,
encode,1674,1800,,,,,,
data_write,1674,34800,,,,,,
data_sync,1674,1220300,,,,,,
marker_write,1674,27100,,,,,,
marker_sync,1674,1219000,,,,,,
append,1675,2716700,,,,,,
encode,1675,1700,,,,,,
data_write,1675,41300,,,,,,
data_sync,1675,1397900,,,,,,
marker_write,1675,32800,,,,,,
marker_sync,1675,1241400,,,,,,
append,1676,2521900,,,,,,
encode,1676,1900,,,,,,
data_write,1676,36700,,,,,,
data_sync,1676,1217200,,,,,,
marker_write,1676,28700,,,,,,
marker_sync,1676,1236600,,,,,,
append,1677,2759600,,,,,,
encode,1677,1800,,,,,,
data_write,1677,35200,,,,,,
data_sync,1677,1209200,,,,,,
marker_write,1677,28700,,,,,,
marker_sync,1677,1483700,,,,,,
append,1678,2669800,,,,,,
encode,1678,1600,,,,,,
data_write,1678,56500,,,,,,
data_sync,1678,1239700,,,,,,
marker_write,1678,27500,,,,,,
marker_sync,1678,1343100,,,,,,
append,1679,2540200,,,,,,
encode,1679,1900,,,,,,
data_write,1679,34700,,,,,,
data_sync,1679,1225900,,,,,,
marker_write,1679,28800,,,,,,
marker_sync,1679,1247800,,,,,,
append,1680,2577800,,,,,,
encode,1680,2400,,,,,,
data_write,1680,41000,,,,,,
data_sync,1680,1291000,,,,,,
marker_write,1680,29900,,,,,,
marker_sync,1680,1212000,,,,,,
append,1681,2613300,,,,,,
encode,1681,1900,,,,,,
data_write,1681,34900,,,,,,
data_sync,1681,1314800,,,,,,
marker_write,1681,32100,,,,,,
marker_sync,1681,1228800,,,,,,
append,1682,2492900,,,,,,
encode,1682,2000,,,,,,
data_write,1682,34800,,,,,,
data_sync,1682,1202300,,,,,,
marker_write,1682,28200,,,,,,
marker_sync,1682,1224700,,,,,,
append,1683,2486000,,,,,,
encode,1683,2000,,,,,,
data_write,1683,38400,,,,,,
data_sync,1683,1210900,,,,,,
marker_write,1683,31100,,,,,,
marker_sync,1683,1202500,,,,,,
append,1684,2472100,,,,,,
encode,1684,1800,,,,,,
data_write,1684,37400,,,,,,
data_sync,1684,1218500,,,,,,
marker_write,1684,28900,,,,,,
marker_sync,1684,1184100,,,,,,
append,1685,2705700,,,,,,
encode,1685,1700,,,,,,
data_write,1685,32600,,,,,,
data_sync,1685,1357200,,,,,,
marker_write,1685,30800,,,,,,
marker_sync,1685,1282100,,,,,,
append,1686,2716300,,,,,,
encode,1686,3800,,,,,,
data_write,1686,36100,,,,,,
data_sync,1686,1253300,,,,,,
marker_write,1686,36700,,,,,,
marker_sync,1686,1383900,,,,,,
append,1687,3265700,,,,,,
encode,1687,4100,,,,,,
data_write,1687,45100,,,,,,
data_sync,1687,1440700,,,,,,
marker_write,1687,52000,,,,,,
marker_sync,1687,1718700,,,,,,
append,1688,2900000,,,,,,
encode,1688,6100,,,,,,
data_write,1688,65300,,,,,,
data_sync,1688,1387800,,,,,,
marker_write,1688,84300,,,,,,
marker_sync,1688,1354500,,,,,,
append,1689,2580000,,,,,,
encode,1689,3500,,,,,,
data_write,1689,45000,,,,,,
data_sync,1689,1280100,,,,,,
marker_write,1689,34300,,,,,,
marker_sync,1689,1215300,,,,,,
append,1690,2540500,,,,,,
encode,1690,4400,,,,,,
data_write,1690,42400,,,,,,
data_sync,1690,1245200,,,,,,
marker_write,1690,30200,,,,,,
marker_sync,1690,1216400,,,,,,
append,1691,2619400,,,,,,
encode,1691,2700,,,,,,
data_write,1691,36700,,,,,,
data_sync,1691,1247900,,,,,,
marker_write,1691,32800,,,,,,
marker_sync,1691,1297800,,,,,,
append,1692,2528100,,,,,,
encode,1692,2800,,,,,,
data_write,1692,36400,,,,,,
data_sync,1692,1228400,,,,,,
marker_write,1692,28800,,,,,,
marker_sync,1692,1230100,,,,,,
append,1693,2954500,,,,,,
encode,1693,2500,,,,,,
data_write,1693,37500,,,,,,
data_sync,1693,1462700,,,,,,
marker_write,1693,42000,,,,,,
marker_sync,1693,1408100,,,,,,
append,1694,2851901,,,,,,
encode,1694,2800,,,,,,
data_write,1694,40500,,,,,,
data_sync,1694,1388000,,,,,,
marker_write,1694,31200,,,,,,
marker_sync,1694,1388101,,,,,,
append,1695,2794900,,,,,,
encode,1695,2700,,,,,,
data_write,1695,37300,,,,,,
data_sync,1695,1368300,,,,,,
marker_write,1695,30500,,,,,,
marker_sync,1695,1354800,,,,,,
append,1696,2553500,,,,,,
encode,1696,2000,,,,,,
data_write,1696,36600,,,,,,
data_sync,1696,1253500,,,,,,
marker_write,1696,32000,,,,,,
marker_sync,1696,1228100,,,,,,
append,1697,2598000,,,,,,
encode,1697,2100,,,,,,
data_write,1697,35700,,,,,,
data_sync,1697,1243600,,,,,,
marker_write,1697,31400,,,,,,
marker_sync,1697,1283400,,,,,,
append,1698,2513900,,,,,,
encode,1698,2200,,,,,,
data_write,1698,38300,,,,,,
data_sync,1698,1236600,,,,,,
marker_write,1698,28900,,,,,,
marker_sync,1698,1206800,,,,,,
append,1699,2647100,,,,,,
encode,1699,1900,,,,,,
data_write,1699,49400,,,,,,
data_sync,1699,1291400,,,,,,
marker_write,1699,31100,,,,,,
marker_sync,1699,1272100,,,,,,
append,1700,2546300,,,,,,
encode,1700,2200,,,,,,
data_write,1700,34100,,,,,,
data_sync,1700,1229100,,,,,,
marker_write,1700,28200,,,,,,
marker_sync,1700,1251700,,,,,,
append,1701,2530000,,,,,,
encode,1701,2100,,,,,,
data_write,1701,33500,,,,,,
data_sync,1701,1236900,,,,,,
marker_write,1701,31000,,,,,,
marker_sync,1701,1224900,,,,,,
append,1702,2564000,,,,,,
encode,1702,1900,,,,,,
data_write,1702,38100,,,,,,
data_sync,1702,1269200,,,,,,
marker_write,1702,30400,,,,,,
marker_sync,1702,1223400,,,,,,
append,1703,2763700,,,,,,
encode,1703,2200,,,,,,
data_write,1703,35500,,,,,,
data_sync,1703,1318900,,,,,,
marker_write,1703,34100,,,,,,
marker_sync,1703,1371200,,,,,,
append,1704,2674500,,,,,,
encode,1704,3900,,,,,,
data_write,1704,42700,,,,,,
data_sync,1704,1280400,,,,,,
marker_write,1704,35500,,,,,,
marker_sync,1704,1310300,,,,,,
append,1705,2905000,,,,,,
encode,1705,4000,,,,,,
data_write,1705,43900,,,,,,
data_sync,1705,1342700,,,,,,
marker_write,1705,43300,,,,,,
marker_sync,1705,1468500,,,,,,
append,1706,2973900,,,,,,
encode,1706,4700,,,,,,
data_write,1706,50600,,,,,,
data_sync,1706,1483300,,,,,,
marker_write,1706,34800,,,,,,
marker_sync,1706,1398700,,,,,,
append,1707,3140000,,,,,,
encode,1707,3500,,,,,,
data_write,1707,38800,,,,,,
data_sync,1707,1435400,,,,,,
marker_write,1707,33700,,,,,,
marker_sync,1707,1626000,,,,,,
append,1708,3097500,,,,,,
encode,1708,4500,,,,,,
data_write,1708,46200,,,,,,
data_sync,1708,1603800,,,,,,
marker_write,1708,17100,,,,,,
marker_sync,1708,1423900,,,,,,
append,1709,3319700,,,,,,
encode,1709,3500,,,,,,
data_write,1709,40000,,,,,,
data_sync,1709,1634800,,,,,,
marker_write,1709,48300,,,,,,
marker_sync,1709,1590900,,,,,,
append,1710,3433300,,,,,,
encode,1710,3400,,,,,,
data_write,1710,43100,,,,,,
data_sync,1710,1683600,,,,,,
marker_write,1710,37400,,,,,,
marker_sync,1710,1663900,,,,,,
append,1711,2944800,,,,,,
encode,1711,4500,,,,,,
data_write,1711,41900,,,,,,
data_sync,1711,1521100,,,,,,
marker_write,1711,33000,,,,,,
marker_sync,1711,1342400,,,,,,
append,1712,3118500,,,,,,
encode,1712,3000,,,,,,
data_write,1712,39700,,,,,,
data_sync,1712,1443600,,,,,,
marker_write,1712,37100,,,,,,
marker_sync,1712,1593200,,,,,,
append,1713,2940400,,,,,,
encode,1713,4800,,,,,,
data_write,1713,29900,,,,,,
data_sync,1713,1463400,,,,,,
marker_write,1713,34500,,,,,,
marker_sync,1713,1405800,,,,,,
append,1714,2891600,,,,,,
encode,1714,3300,,,,,,
data_write,1714,54800,,,,,,
data_sync,1714,1378800,,,,,,
marker_write,1714,29400,,,,,,
marker_sync,1714,1423400,,,,,,
append,1715,2981800,,,,,,
encode,1715,4300,,,,,,
data_write,1715,40000,,,,,,
data_sync,1715,1443900,,,,,,
marker_write,1715,56500,,,,,,
marker_sync,1715,1435600,,,,,,
append,1716,3214300,,,,,,
encode,1716,3600,,,,,,
data_write,1716,37200,,,,,,
data_sync,1716,1476100,,,,,,
marker_write,1716,52000,,,,,,
marker_sync,1716,1643900,,,,,,
append,1717,3048900,,,,,,
encode,1717,4100,,,,,,
data_write,1717,38800,,,,,,
data_sync,1717,1502900,,,,,,
marker_write,1717,30700,,,,,,
marker_sync,1717,1470800,,,,,,
append,1718,2897800,,,,,,
encode,1718,2500,,,,,,
data_write,1718,34000,,,,,,
data_sync,1718,1453000,,,,,,
marker_write,1718,30700,,,,,,
marker_sync,1718,1376500,,,,,,
append,1719,3461700,,,,,,
encode,1719,2400,,,,,,
data_write,1719,39800,,,,,,
data_sync,1719,1477700,,,,,,
marker_write,1719,31400,,,,,,
marker_sync,1719,1908200,,,,,,
append,1720,3130101,,,,,,
encode,1720,3600,,,,,,
data_write,1720,69500,,,,,,
data_sync,1720,1569300,,,,,,
marker_write,1720,52500,,,,,,
marker_sync,1720,1433201,,,,,,
append,1721,2832500,,,,,,
encode,1721,3600,,,,,,
data_write,1721,46000,,,,,,
data_sync,1721,1419300,,,,,,
marker_write,1721,32700,,,,,,
marker_sync,1721,1329000,,,,,,
append,1722,2775600,,,,,,
encode,1722,3300,,,,,,
data_write,1722,40400,,,,,,
data_sync,1722,1343200,,,,,,
marker_write,1722,30900,,,,,,
marker_sync,1722,1356500,,,,,,
append,1723,2995800,,,,,,
encode,1723,2300,,,,,,
data_write,1723,35500,,,,,,
data_sync,1723,1451400,,,,,,
marker_write,1723,41000,,,,,,
marker_sync,1723,1463600,,,,,,
append,1724,2850900,,,,,,
encode,1724,3900,,,,,,
data_write,1724,46000,,,,,,
data_sync,1724,1435000,,,,,,
marker_write,1724,33300,,,,,,
marker_sync,1724,1330900,,,,,,
append,1725,2684300,,,,,,
encode,1725,2900,,,,,,
data_write,1725,43600,,,,,,
data_sync,1725,1328400,,,,,,
marker_write,1725,30200,,,,,,
marker_sync,1725,1277700,,,,,,
append,1726,2887100,,,,,,
encode,1726,3200,,,,,,
data_write,1726,43800,,,,,,
data_sync,1726,1364900,,,,,,
marker_write,1726,38300,,,,,,
marker_sync,1726,1435100,,,,,,
append,1727,2802400,,,,,,
encode,1727,3500,,,,,,
data_write,1727,41700,,,,,,
data_sync,1727,1345400,,,,,,
marker_write,1727,30800,,,,,,
marker_sync,1727,1379600,,,,,,
append,1728,2750100,,,,,,
encode,1728,2900,,,,,,
data_write,1728,38500,,,,,,
data_sync,1728,1338800,,,,,,
marker_write,1728,30300,,,,,,
marker_sync,1728,1338300,,,,,,
append,1729,2820600,,,,,,
encode,1729,1800,,,,,,
data_write,1729,38900,,,,,,
data_sync,1729,1361200,,,,,,
marker_write,1729,33900,,,,,,
marker_sync,1729,1382700,,,,,,
append,1730,2723800,,,,,,
encode,1730,2600,,,,,,
data_write,1730,36800,,,,,,
data_sync,1730,1349500,,,,,,
marker_write,1730,10900,,,,,,
marker_sync,1730,1322500,,,,,,
append,1731,2859500,,,,,,
encode,1731,2500,,,,,,
data_write,1731,39700,,,,,,
data_sync,1731,1285800,,,,,,
marker_write,1731,28500,,,,,,
marker_sync,1731,1501600,,,,,,
append,1732,2991000,,,,,,
encode,1732,2600,,,,,,
data_write,1732,43400,,,,,,
data_sync,1732,1438500,,,,,,
marker_write,1732,33900,,,,,,
marker_sync,1732,1470700,,,,,,
append,1733,2763400,,,,,,
encode,1733,3700,,,,,,
data_write,1733,40700,,,,,,
data_sync,1733,1408700,,,,,,
marker_write,1733,34500,,,,,,
marker_sync,1733,1274500,,,,,,
append,1734,2634600,,,,,,
encode,1734,2200,,,,,,
data_write,1734,36500,,,,,,
data_sync,1734,1257600,,,,,,
marker_write,1734,26700,,,,,,
marker_sync,1734,1310400,,,,,,
append,1735,2635600,,,,,,
encode,1735,2400,,,,,,
data_write,1735,38600,,,,,,
data_sync,1735,1280500,,,,,,
marker_write,1735,31700,,,,,,
marker_sync,1735,1280900,,,,,,
append,1736,2726900,,,,,,
encode,1736,2500,,,,,,
data_write,1736,34600,,,,,,
data_sync,1736,1300400,,,,,,
marker_write,1736,33400,,,,,,
marker_sync,1736,1354800,,,,,,
append,1737,2825400,,,,,,
encode,1737,2900,,,,,,
data_write,1737,35200,,,,,,
data_sync,1737,1298800,,,,,,
marker_write,1737,31400,,,,,,
marker_sync,1737,1455600,,,,,,
append,1738,2706400,,,,,,
encode,1738,3200,,,,,,
data_write,1738,39000,,,,,,
data_sync,1738,1323500,,,,,,
marker_write,1738,31000,,,,,,
marker_sync,1738,1308200,,,,,,
append,1739,2684600,,,,,,
encode,1739,2500,,,,,,
data_write,1739,35000,,,,,,
data_sync,1739,1301200,,,,,,
marker_write,1739,29700,,,,,,
marker_sync,1739,1315000,,,,,,
append,1740,2810700,,,,,,
encode,1740,1800,,,,,,
data_write,1740,36600,,,,,,
data_sync,1740,1359200,,,,,,
marker_write,1740,31800,,,,,,
marker_sync,1740,1380200,,,,,,
append,1741,2720600,,,,,,
encode,1741,1800,,,,,,
data_write,1741,36000,,,,,,
data_sync,1741,1350700,,,,,,
marker_write,1741,26500,,,,,,
marker_sync,1741,1304800,,,,,,
append,1742,2750300,,,,,,
encode,1742,1600,,,,,,
data_write,1742,32300,,,,,,
data_sync,1742,1351800,,,,,,
marker_write,1742,26400,,,,,,
marker_sync,1742,1337500,,,,,,
append,1743,2673900,,,,,,
encode,1743,1200,,,,,,
data_write,1743,32500,,,,,,
data_sync,1743,1314700,,,,,,
marker_write,1743,27100,,,,,,
marker_sync,1743,1297600,,,,,,
append,1744,3048200,,,,,,
encode,1744,1400,,,,,,
data_write,1744,38600,,,,,,
data_sync,1744,1446300,,,,,,
marker_write,1744,31300,,,,,,
marker_sync,1744,1529100,,,,,,
append,1745,2761400,,,,,,
encode,1745,2800,,,,,,
data_write,1745,38000,,,,,,
data_sync,1745,1365200,,,,,,
marker_write,1745,27300,,,,,,
marker_sync,1745,1327000,,,,,,
append,1746,2721200,,,,,,
encode,1746,1700,,,,,,
data_write,1746,35300,,,,,,
data_sync,1746,1367200,,,,,,
marker_write,1746,26500,,,,,,
marker_sync,1746,1289800,,,,,,
append,1747,2642800,,,,,,
encode,1747,1200,,,,,,
data_write,1747,31900,,,,,,
data_sync,1747,1278400,,,,,,
marker_write,1747,26000,,,,,,
marker_sync,1747,1304500,,,,,,
append,1748,2818401,,,,,,
encode,1748,1200,,,,,,
data_write,1748,31600,,,,,,
data_sync,1748,1291301,,,,,,
marker_write,1748,33200,,,,,,
marker_sync,1748,1459400,,,,,,
append,1749,2977500,,,,,,
encode,1749,3100,,,,,,
data_write,1749,43800,,,,,,
data_sync,1749,1453000,,,,,,
marker_write,1749,31300,,,,,,
marker_sync,1749,1444100,,,,,,
append,1750,2734600,,,,,,
encode,1750,2900,,,,,,
data_write,1750,41100,,,,,,
data_sync,1750,1330900,,,,,,
marker_write,1750,30100,,,,,,
marker_sync,1750,1328000,,,,,,
append,1751,2760600,,,,,,
encode,1751,3000,,,,,,
data_write,1751,36500,,,,,,
data_sync,1751,1360600,,,,,,
marker_write,1751,31900,,,,,,
marker_sync,1751,1327100,,,,,,
append,1752,2562900,,,,,,
encode,1752,2500,,,,,,
data_write,1752,33900,,,,,,
data_sync,1752,1274400,,,,,,
marker_write,1752,25900,,,,,,
marker_sync,1752,1225200,,,,,,
append,1753,2567200,,,,,,
encode,1753,1600,,,,,,
data_write,1753,31300,,,,,,
data_sync,1753,1270100,,,,,,
marker_write,1753,28000,,,,,,
marker_sync,1753,1235000,,,,,,
append,1754,2598200,,,,,,
encode,1754,1600,,,,,,
data_write,1754,32100,,,,,,
data_sync,1754,1255300,,,,,,
marker_write,1754,32000,,,,,,
marker_sync,1754,1275700,,,,,,
append,1755,2568200,,,,,,
encode,1755,2200,,,,,,
data_write,1755,33100,,,,,,
data_sync,1755,1251200,,,,,,
marker_write,1755,31000,,,,,,
marker_sync,1755,1249500,,,,,,
append,1756,2671400,,,,,,
encode,1756,2200,,,,,,
data_write,1756,33600,,,,,,
data_sync,1756,1307800,,,,,,
marker_write,1756,28700,,,,,,
marker_sync,1756,1298100,,,,,,
append,1757,2550600,,,,,,
encode,1757,1900,,,,,,
data_write,1757,34800,,,,,,
data_sync,1757,1250100,,,,,,
marker_write,1757,25900,,,,,,
marker_sync,1757,1237100,,,,,,
append,1758,2568700,,,,,,
encode,1758,1300,,,,,,
data_write,1758,31100,,,,,,
data_sync,1758,1268600,,,,,,
marker_write,1758,26000,,,,,,
marker_sync,1758,1240800,,,,,,
append,1759,2535900,,,,,,
encode,1759,1900,,,,,,
data_write,1759,36500,,,,,,
data_sync,1759,1237100,,,,,,
marker_write,1759,31500,,,,,,
marker_sync,1759,1228000,,,,,,
append,1760,2593000,,,,,,
encode,1760,1600,,,,,,
data_write,1760,33600,,,,,,
data_sync,1760,1238000,,,,,,
marker_write,1760,32400,,,,,,
marker_sync,1760,1286300,,,,,,
append,1761,2684300,,,,,,
encode,1761,2200,,,,,,
data_write,1761,36500,,,,,,
data_sync,1761,1326100,,,,,,
marker_write,1761,30000,,,,,,
marker_sync,1761,1288700,,,,,,
append,1762,2669200,,,,,,
encode,1762,2000,,,,,,
data_write,1762,33000,,,,,,
data_sync,1762,1281000,,,,,,
marker_write,1762,26900,,,,,,
marker_sync,1762,1325100,,,,,,
append,1763,2823800,,,,,,
encode,1763,3500,,,,,,
data_write,1763,44300,,,,,,
data_sync,1763,1358300,,,,,,
marker_write,1763,38100,,,,,,
marker_sync,1763,1377400,,,,,,
append,1764,3444400,,,,,,
encode,1764,3200,,,,,,
data_write,1764,43800,,,,,,
data_sync,1764,1521800,,,,,,
marker_write,1764,47800,,,,,,
marker_sync,1764,1825100,,,,,,
append,1765,2932500,,,,,,
encode,1765,4200,,,,,,
data_write,1765,56200,,,,,,
data_sync,1765,1488500,,,,,,
marker_write,1765,55500,,,,,,
marker_sync,1765,1326400,,,,,,
append,1766,2856800,,,,,,
encode,1766,3000,,,,,,
data_write,1766,40100,,,,,,
data_sync,1766,1381900,,,,,,
marker_write,1766,31000,,,,,,
marker_sync,1766,1398600,,,,,,
append,1767,2893600,,,,,,
encode,1767,4400,,,,,,
data_write,1767,49600,,,,,,
data_sync,1767,1430700,,,,,,
marker_write,1767,38800,,,,,,
marker_sync,1767,1368400,,,,,,
append,1768,2967500,,,,,,
encode,1768,2900,,,,,,
data_write,1768,39600,,,,,,
data_sync,1768,1382900,,,,,,
marker_write,1768,41000,,,,,,
marker_sync,1768,1498800,,,,,,
append,1769,2944800,,,,,,
encode,1769,4400,,,,,,
data_write,1769,50400,,,,,,
data_sync,1769,1451000,,,,,,
marker_write,1769,35700,,,,,,
marker_sync,1769,1401500,,,,,,
append,1770,2804900,,,,,,
encode,1770,4500,,,,,,
data_write,1770,47500,,,,,,
data_sync,1770,1385700,,,,,,
marker_write,1770,34300,,,,,,
marker_sync,1770,1330700,,,,,,
append,1771,2701000,,,,,,
encode,1771,3400,,,,,,
data_write,1771,38500,,,,,,
data_sync,1771,1366000,,,,,,
marker_write,1771,30600,,,,,,
marker_sync,1771,1260700,,,,,,
append,1772,2594300,,,,,,
encode,1772,2300,,,,,,
data_write,1772,42300,,,,,,
data_sync,1772,1297000,,,,,,
marker_write,1772,29900,,,,,,
marker_sync,1772,1221500,,,,,,
append,1773,2540100,,,,,,
encode,1773,2300,,,,,,
data_write,1773,37000,,,,,,
data_sync,1773,1240000,,,,,,
marker_write,1773,29300,,,,,,
marker_sync,1773,1230400,,,,,,
append,1774,2801200,,,,,,
encode,1774,2000,,,,,,
data_write,1774,32200,,,,,,
data_sync,1774,1435900,,,,,,
marker_write,1774,28000,,,,,,
marker_sync,1774,1301800,,,,,,
append,1775,2640801,,,,,,
encode,1775,2700,,,,,,
data_write,1775,42200,,,,,,
data_sync,1775,1293400,,,,,,
marker_write,1775,30200,,,,,,
marker_sync,1775,1271101,,,,,,
append,1776,2573900,,,,,,
encode,1776,2000,,,,,,
data_write,1776,35100,,,,,,
data_sync,1776,1258700,,,,,,
marker_write,1776,26900,,,,,,
marker_sync,1776,1250500,,,,,,
append,1777,2575600,,,,,,
encode,1777,1500,,,,,,
data_write,1777,32400,,,,,,
data_sync,1777,1255200,,,,,,
marker_write,1777,26500,,,,,,
marker_sync,1777,1259100,,,,,,
append,1778,2752900,,,,,,
encode,1778,1900,,,,,,
data_write,1778,103300,,,,,,
data_sync,1778,1328600,,,,,,
marker_write,1778,30500,,,,,,
marker_sync,1778,1287400,,,,,,
append,1779,2650100,,,,,,
encode,1779,2500,,,,,,
data_write,1779,35600,,,,,,
data_sync,1779,1315100,,,,,,
marker_write,1779,28000,,,,,,
marker_sync,1779,1267400,,,,,,
append,1780,2603800,,,,,,
encode,1780,1700,,,,,,
data_write,1780,31500,,,,,,
data_sync,1780,1258900,,,,,,
marker_write,1780,28000,,,,,,
marker_sync,1780,1281900,,,,,,
append,1781,2677300,,,,,,
encode,1781,2400,,,,,,
data_write,1781,38800,,,,,,
data_sync,1781,1269500,,,,,,
marker_write,1781,32600,,,,,,
marker_sync,1781,1332700,,,,,,
append,1782,2532600,,,,,,
encode,1782,1900,,,,,,
data_write,1782,34000,,,,,,
data_sync,1782,1238700,,,,,,
marker_write,1782,26500,,,,,,
marker_sync,1782,1230600,,,,,,
append,1783,2725600,,,,,,
encode,1783,1700,,,,,,
data_write,1783,32100,,,,,,
data_sync,1783,1351200,,,,,,
marker_write,1783,33100,,,,,,
marker_sync,1783,1306100,,,,,,
append,1784,3346100,,,,,,
encode,1784,4200,,,,,,
data_write,1784,47400,,,,,,
data_sync,1784,1468200,,,,,,
marker_write,1784,41300,,,,,,
marker_sync,1784,1781400,,,,,,
append,1785,2748100,,,,,,
encode,1785,5200,,,,,,
data_write,1785,59200,,,,,,
data_sync,1785,1375900,,,,,,
marker_write,1785,35300,,,,,,
marker_sync,1785,1270200,,,,,,
append,1786,2684800,,,,,,
encode,1786,3600,,,,,,
data_write,1786,42800,,,,,,
data_sync,1786,1287400,,,,,,
marker_write,1786,35900,,,,,,
marker_sync,1786,1312900,,,,,,
append,1787,2666200,,,,,,
encode,1787,4100,,,,,,
data_write,1787,42300,,,,,,
data_sync,1787,1302100,,,,,,
marker_write,1787,31600,,,,,,
marker_sync,1787,1284500,,,,,,
append,1788,2613200,,,,,,
encode,1788,4100,,,,,,
data_write,1788,41300,,,,,,
data_sync,1788,1248100,,,,,,
marker_write,1788,33800,,,,,,
marker_sync,1788,1284300,,,,,,
append,1789,2699400,,,,,,
encode,1789,3600,,,,,,
data_write,1789,37700,,,,,,
data_sync,1789,1347400,,,,,,
marker_write,1789,31700,,,,,,
marker_sync,1789,1277700,,,,,,
append,1790,2681600,,,,,,
encode,1790,3200,,,,,,
data_write,1790,39800,,,,,,
data_sync,1790,1260100,,,,,,
marker_write,1790,32900,,,,,,
marker_sync,1790,1344100,,,,,,
append,1791,2778000,,,,,,
encode,1791,3000,,,,,,
data_write,1791,37700,,,,,,
data_sync,1791,1366800,,,,,,
marker_write,1791,38300,,,,,,
marker_sync,1791,1330500,,,,,,
append,1792,2632000,,,,,,
encode,1792,3200,,,,,,
data_write,1792,38200,,,,,,
data_sync,1792,1275700,,,,,,
marker_write,1792,29200,,,,,,
marker_sync,1792,1283700,,,,,,
append,1793,2688900,,,,,,
encode,1793,2800,,,,,,
data_write,1793,44200,,,,,,
data_sync,1793,1324500,,,,,,
marker_write,1793,33500,,,,,,
marker_sync,1793,1282500,,,,,,
append,1794,2591900,,,,,,
encode,1794,3300,,,,,,
data_write,1794,36500,,,,,,
data_sync,1794,1233700,,,,,,
marker_write,1794,32300,,,,,,
marker_sync,1794,1284800,,,,,,
append,1795,2546300,,,,,,
encode,1795,3200,,,,,,
data_write,1795,38000,,,,,,
data_sync,1795,1241300,,,,,,
marker_write,1795,30500,,,,,,
marker_sync,1795,1231700,,,,,,
append,1796,2540000,,,,,,
encode,1796,3300,,,,,,
data_write,1796,34000,,,,,,
data_sync,1796,1206000,,,,,,
marker_write,1796,33100,,,,,,
marker_sync,1796,1262000,,,,,,
append,1797,2646900,,,,,,
encode,1797,3300,,,,,,
data_write,1797,39200,,,,,,
data_sync,1797,1246900,,,,,,
marker_write,1797,30100,,,,,,
marker_sync,1797,1325900,,,,,,
append,1798,2602600,,,,,,
encode,1798,3900,,,,,,
data_write,1798,43400,,,,,,
data_sync,1798,1274600,,,,,,
marker_write,1798,30500,,,,,,
marker_sync,1798,1247700,,,,,,
append,1799,2813400,,,,,,
encode,1799,3600,,,,,,
data_write,1799,46300,,,,,,
data_sync,1799,1358900,,,,,,
marker_write,1799,45600,,,,,,
marker_sync,1799,1356700,,,,,,
append,1800,2643000,,,,,,
encode,1800,4100,,,,,,
data_write,1800,43200,,,,,,
data_sync,1800,1259400,,,,,,
marker_write,1800,33500,,,,,,
marker_sync,1800,1301000,,,,,,
append,1801,3401200,,,,,,
encode,1801,3100,,,,,,
data_write,1801,39600,,,,,,
data_sync,1801,1543700,,,,,,
marker_write,1801,42600,,,,,,
marker_sync,1801,1768900,,,,,,
append,1802,3820200,,,,,,
encode,1802,6400,,,,,,
data_write,1802,69100,,,,,,
data_sync,1802,2001700,,,,,,
marker_write,1802,38100,,,,,,
marker_sync,1802,1701800,,,,,,
append,1803,3322701,,,,,,
encode,1803,4600,,,,,,
data_write,1803,43300,,,,,,
data_sync,1803,1637601,,,,,,
marker_write,1803,43300,,,,,,
marker_sync,1803,1591400,,,,,,
append,1804,3377300,,,,,,
encode,1804,4700,,,,,,
data_write,1804,42900,,,,,,
data_sync,1804,1588500,,,,,,
marker_write,1804,43200,,,,,,
marker_sync,1804,1695700,,,,,,
append,1805,3230900,,,,,,
encode,1805,5500,,,,,,
data_write,1805,52100,,,,,,
data_sync,1805,1689100,,,,,,
marker_write,1805,43200,,,,,,
marker_sync,1805,1438200,,,,,,
append,1806,4005400,,,,,,
encode,1806,4000,,,,,,
data_write,1806,47900,,,,,,
data_sync,1806,1711700,,,,,,
marker_write,1806,43100,,,,,,
marker_sync,1806,2195800,,,,,,
append,1807,4767300,,,,,,
encode,1807,3800,,,,,,
data_write,1807,45000,,,,,,
data_sync,1807,1556300,,,,,,
marker_write,1807,568800,,,,,,
marker_sync,1807,2591500,,,,,,
append,1808,3087400,,,,,,
encode,1808,3500,,,,,,
data_write,1808,43200,,,,,,
data_sync,1808,1451400,,,,,,
marker_write,1808,37000,,,,,,
marker_sync,1808,1550400,,,,,,
append,1809,3135400,,,,,,
encode,1809,4000,,,,,,
data_write,1809,40500,,,,,,
data_sync,1809,1622700,,,,,,
marker_write,1809,34300,,,,,,
marker_sync,1809,1431900,,,,,,
append,1810,3185900,,,,,,
encode,1810,3800,,,,,,
data_write,1810,41000,,,,,,
data_sync,1810,1608900,,,,,,
marker_write,1810,40600,,,,,,
marker_sync,1810,1489500,,,,,,
append,1811,3012000,,,,,,
encode,1811,4500,,,,,,
data_write,1811,44400,,,,,,
data_sync,1811,1499900,,,,,,
marker_write,1811,35500,,,,,,
marker_sync,1811,1426400,,,,,,
append,1812,3607700,,,,,,
encode,1812,2900,,,,,,
data_write,1812,40200,,,,,,
data_sync,1812,1965500,,,,,,
marker_write,1812,78500,,,,,,
marker_sync,1812,1518200,,,,,,
append,1813,3006300,,,,,,
encode,1813,5400,,,,,,
data_write,1813,81600,,,,,,
data_sync,1813,1360800,,,,,,
marker_write,1813,35600,,,,,,
marker_sync,1813,1520700,,,,,,
append,1814,3104600,,,,,,
encode,1814,4600,,,,,,
data_write,1814,44600,,,,,,
data_sync,1814,1547200,,,,,,
marker_write,1814,39500,,,,,,
marker_sync,1814,1466100,,,,,,
append,1815,3321300,,,,,,
encode,1815,3700,,,,,,
data_write,1815,47000,,,,,,
data_sync,1815,1538900,,,,,,
marker_write,1815,42100,,,,,,
marker_sync,1815,1687100,,,,,,
append,1816,3229700,,,,,,
encode,1816,4200,,,,,,
data_write,1816,46500,,,,,,
data_sync,1816,1535900,,,,,,
marker_write,1816,46000,,,,,,
marker_sync,1816,1594500,,,,,,
append,1817,3319600,,,,,,
encode,1817,4500,,,,,,
data_write,1817,47100,,,,,,
data_sync,1817,1655600,,,,,,
marker_write,1817,48700,,,,,,
marker_sync,1817,1561000,,,,,,
append,1818,2852200,,,,,,
encode,1818,4500,,,,,,
data_write,1818,43700,,,,,,
data_sync,1818,1377300,,,,,,
marker_write,1818,34000,,,,,,
marker_sync,1818,1390600,,,,,,
append,1819,3328000,,,,,,
encode,1819,3100,,,,,,
data_write,1819,38700,,,,,,
data_sync,1819,1397400,,,,,,
marker_write,1819,33100,,,,,,
marker_sync,1819,1853800,,,,,,
append,1820,3117000,,,,,,
encode,1820,3600,,,,,,
data_write,1820,39700,,,,,,
data_sync,1820,1562500,,,,,,
marker_write,1820,30900,,,,,,
marker_sync,1820,1478700,,,,,,
append,1821,3654300,,,,,,
encode,1821,3900,,,,,,
data_write,1821,38600,,,,,,
data_sync,1821,1865900,,,,,,
marker_write,1821,31700,,,,,,
marker_sync,1821,1712300,,,,,,
append,1822,3143600,,,,,,
encode,1822,4100,,,,,,
data_write,1822,40800,,,,,,
data_sync,1822,1550600,,,,,,
marker_write,1822,44200,,,,,,
marker_sync,1822,1501700,,,,,,
append,1823,3444100,,,,,,
encode,1823,5300,,,,,,
data_write,1823,46900,,,,,,
data_sync,1823,1551100,,,,,,
marker_write,1823,45700,,,,,,
marker_sync,1823,1792800,,,,,,
append,1824,3570500,,,,,,
encode,1824,4400,,,,,,
data_write,1824,45700,,,,,,
data_sync,1824,1845300,,,,,,
marker_write,1824,46700,,,,,,
marker_sync,1824,1626400,,,,,,
append,1825,3257800,,,,,,
encode,1825,4300,,,,,,
data_write,1825,44200,,,,,,
data_sync,1825,1581700,,,,,,
marker_write,1825,35500,,,,,,
marker_sync,1825,1590500,,,,,,
append,1826,3425701,,,,,,
encode,1826,3800,,,,,,
data_write,1826,41600,,,,,,
data_sync,1826,1708501,,,,,,
marker_write,1826,33700,,,,,,
marker_sync,1826,1635600,,,,,,
append,1827,3691800,,,,,,
encode,1827,4600,,,,,,
data_write,1827,91400,,,,,,
data_sync,1827,1852500,,,,,,
marker_write,1827,43500,,,,,,
marker_sync,1827,1696800,,,,,,
append,1828,3582000,,,,,,
encode,1828,5400,,,,,,
data_write,1828,53700,,,,,,
data_sync,1828,1859700,,,,,,
marker_write,1828,42300,,,,,,
marker_sync,1828,1618700,,,,,,
append,1829,3337900,,,,,,
encode,1829,6900,,,,,,
data_write,1829,57800,,,,,,
data_sync,1829,1672100,,,,,,
marker_write,1829,32100,,,,,,
marker_sync,1829,1567000,,,,,,
append,1830,3135100,,,,,,
encode,1830,4800,,,,,,
data_write,1830,49700,,,,,,
data_sync,1830,1536300,,,,,,
marker_write,1830,33600,,,,,,
marker_sync,1830,1509200,,,,,,
append,1831,3049900,,,,,,
encode,1831,2900,,,,,,
data_write,1831,40800,,,,,,
data_sync,1831,1473500,,,,,,
marker_write,1831,32200,,,,,,
marker_sync,1831,1499100,,,,,,
append,1832,3109200,,,,,,
encode,1832,3100,,,,,,
data_write,1832,76300,,,,,,
data_sync,1832,1494100,,,,,,
marker_write,1832,32600,,,,,,
marker_sync,1832,1501400,,,,,,
append,1833,2998200,,,,,,
encode,1833,3700,,,,,,
data_write,1833,42300,,,,,,
data_sync,1833,1517200,,,,,,
marker_write,1833,32300,,,,,,
marker_sync,1833,1401300,,,,,,
append,1834,3176800,,,,,,
encode,1834,3300,,,,,,
data_write,1834,39500,,,,,,
data_sync,1834,1521700,,,,,,
marker_write,1834,35500,,,,,,
marker_sync,1834,1574300,,,,,,
append,1835,3287900,,,,,,
encode,1835,5200,,,,,,
data_write,1835,50100,,,,,,
data_sync,1835,1627900,,,,,,
marker_write,1835,39900,,,,,,
marker_sync,1835,1560800,,,,,,
append,1836,3290200,,,,,,
encode,1836,7500,,,,,,
data_write,1836,64800,,,,,,
data_sync,1836,1623500,,,,,,
marker_write,1836,51100,,,,,,
marker_sync,1836,1540600,,,,,,
append,1837,3609700,,,,,,
encode,1837,4700,,,,,,
data_write,1837,49400,,,,,,
data_sync,1837,1681000,,,,,,
marker_write,1837,47900,,,,,,
marker_sync,1837,1824800,,,,,,
append,1838,3081900,,,,,,
encode,1838,4200,,,,,,
data_write,1838,49700,,,,,,
data_sync,1838,1494900,,,,,,
marker_write,1838,44000,,,,,,
marker_sync,1838,1485700,,,,,,
append,1839,3174500,,,,,,
encode,1839,3400,,,,,,
data_write,1839,47000,,,,,,
data_sync,1839,1580500,,,,,,
marker_write,1839,43700,,,,,,
marker_sync,1839,1497600,,,,,,
append,1840,2971400,,,,,,
encode,1840,4800,,,,,,
data_write,1840,55300,,,,,,
data_sync,1840,1429900,,,,,,
marker_write,1840,46700,,,,,,
marker_sync,1840,1432600,,,,,,
append,1841,2913500,,,,,,
encode,1841,4300,,,,,,
data_write,1841,42800,,,,,,
data_sync,1841,1424400,,,,,,
marker_write,1841,33400,,,,,,
marker_sync,1841,1407100,,,,,,
append,1842,2964000,,,,,,
encode,1842,3300,,,,,,
data_write,1842,44300,,,,,,
data_sync,1842,1430800,,,,,,
marker_write,1842,31500,,,,,,
marker_sync,1842,1452500,,,,,,
append,1843,3326700,,,,,,
encode,1843,3700,,,,,,
data_write,1843,39800,,,,,,
data_sync,1843,1459100,,,,,,
marker_write,1843,48500,,,,,,
marker_sync,1843,1773100,,,,,,
append,1844,3567300,,,,,,
encode,1844,5200,,,,,,
data_write,1844,47800,,,,,,
data_sync,1844,1808000,,,,,,
marker_write,1844,42500,,,,,,
marker_sync,1844,1661200,,,,,,
append,1845,3679400,,,,,,
encode,1845,4300,,,,,,
data_write,1845,51100,,,,,,
data_sync,1845,1987300,,,,,,
marker_write,1845,43300,,,,,,
marker_sync,1845,1590900,,,,,,
append,1846,3103000,,,,,,
encode,1846,4300,,,,,,
data_write,1846,22900,,,,,,
data_sync,1846,1479600,,,,,,
marker_write,1846,39300,,,,,,
marker_sync,1846,1555200,,,,,,
append,1847,3007800,,,,,,
encode,1847,3900,,,,,,
data_write,1847,66300,,,,,,
data_sync,1847,1475200,,,,,,
marker_write,1847,35400,,,,,,
marker_sync,1847,1425300,,,,,,
append,1848,2914000,,,,,,
encode,1848,3200,,,,,,
data_write,1848,40100,,,,,,
data_sync,1848,1397000,,,,,,
marker_write,1848,35600,,,,,,
marker_sync,1848,1435900,,,,,,
append,1849,3159401,,,,,,
encode,1849,3800,,,,,,
data_write,1849,45700,,,,,,
data_sync,1849,1558400,,,,,,
marker_write,1849,36000,,,,,,
marker_sync,1849,1513401,,,,,,
append,1850,3239700,,,,,,
encode,1850,5100,,,,,,
data_write,1850,56100,,,,,,
data_sync,1850,1591100,,,,,,
marker_write,1850,39700,,,,,,
marker_sync,1850,1545500,,,,,,
append,1851,3103000,,,,,,
encode,1851,4300,,,,,,
data_write,1851,47200,,,,,,
data_sync,1851,1533000,,,,,,
marker_write,1851,38600,,,,,,
marker_sync,1851,1477400,,,,,,
append,1852,3117900,,,,,,
encode,1852,4000,,,,,,
data_write,1852,39100,,,,,,
data_sync,1852,1503100,,,,,,
marker_write,1852,36900,,,,,,
marker_sync,1852,1533400,,,,,,
append,1853,3152400,,,,,,
encode,1853,3200,,,,,,
data_write,1853,42500,,,,,,
data_sync,1853,1537000,,,,,,
marker_write,1853,36900,,,,,,
marker_sync,1853,1530100,,,,,,
append,1854,3257400,,,,,,
encode,1854,4700,,,,,,
data_write,1854,48300,,,,,,
data_sync,1854,1613900,,,,,,
marker_write,1854,38500,,,,,,
marker_sync,1854,1549400,,,,,,
append,1855,3217200,,,,,,
encode,1855,4300,,,,,,
data_write,1855,47700,,,,,,
data_sync,1855,1557600,,,,,,
marker_write,1855,35400,,,,,,
marker_sync,1855,1570400,,,,,,
append,1856,3245000,,,,,,
encode,1856,4500,,,,,,
data_write,1856,47000,,,,,,
data_sync,1856,1478100,,,,,,
marker_write,1856,35900,,,,,,
marker_sync,1856,1677200,,,,,,
append,1857,3330200,,,,,,
encode,1857,3500,,,,,,
data_write,1857,52700,,,,,,
data_sync,1857,1682200,,,,,,
marker_write,1857,49600,,,,,,
marker_sync,1857,1539700,,,,,,
append,1858,3510400,,,,,,
encode,1858,4300,,,,,,
data_write,1858,65100,,,,,,
data_sync,1858,1528800,,,,,,
marker_write,1858,36800,,,,,,
marker_sync,1858,1872700,,,,,,
append,1859,3710100,,,,,,
encode,1859,6300,,,,,,
data_write,1859,50900,,,,,,
data_sync,1859,1830600,,,,,,
marker_write,1859,46700,,,,,,
marker_sync,1859,1772900,,,,,,
append,1860,3446300,,,,,,
encode,1860,6600,,,,,,
data_write,1860,27100,,,,,,
data_sync,1860,1675600,,,,,,
marker_write,1860,44500,,,,,,
marker_sync,1860,1689800,,,,,,
append,1861,3066500,,,,,,
encode,1861,4300,,,,,,
data_write,1861,47600,,,,,,
data_sync,1861,1491000,,,,,,
marker_write,1861,35600,,,,,,
marker_sync,1861,1485400,,,,,,
append,1862,3248100,,,,,,
encode,1862,3600,,,,,,
data_write,1862,40800,,,,,,
data_sync,1862,1550600,,,,,,
marker_write,1862,35400,,,,,,
marker_sync,1862,1614800,,,,,,
append,1863,3609400,,,,,,
encode,1863,4500,,,,,,
data_write,1863,48200,,,,,,
data_sync,1863,1795500,,,,,,
marker_write,1863,53500,,,,,,
marker_sync,1863,1704500,,,,,,
append,1864,3370400,,,,,,
encode,1864,4800,,,,,,
data_write,1864,48800,,,,,,
data_sync,1864,1665800,,,,,,
marker_write,1864,41700,,,,,,
marker_sync,1864,1606900,,,,,,
append,1865,3164400,,,,,,
encode,1865,3700,,,,,,
data_write,1865,44400,,,,,,
data_sync,1865,1577700,,,,,,
marker_write,1865,35200,,,,,,
marker_sync,1865,1501600,,,,,,
append,1866,3248500,,,,,,
encode,1866,4100,,,,,,
data_write,1866,42800,,,,,,
data_sync,1866,1588200,,,,,,
marker_write,1866,36500,,,,,,
marker_sync,1866,1575000,,,,,,
append,1867,3268500,,,,,,
encode,1867,4300,,,,,,
data_write,1867,45100,,,,,,
data_sync,1867,1549500,,,,,,
marker_write,1867,34000,,,,,,
marker_sync,1867,1632600,,,,,,
append,1868,3507400,,,,,,
encode,1868,5200,,,,,,
data_write,1868,57100,,,,,,
data_sync,1868,1677300,,,,,,
marker_write,1868,43000,,,,,,
marker_sync,1868,1722700,,,,,,
append,1869,3440100,,,,,,
encode,1869,5300,,,,,,
data_write,1869,54400,,,,,,
data_sync,1869,1719400,,,,,,
marker_write,1869,46700,,,,,,
marker_sync,1869,1611900,,,,,,
append,1870,3061600,,,,,,
encode,1870,4400,,,,,,
data_write,1870,51300,,,,,,
data_sync,1870,1557900,,,,,,
marker_write,1870,41600,,,,,,
marker_sync,1870,1403400,,,,,,
append,1871,3210100,,,,,,
encode,1871,3900,,,,,,
data_write,1871,37700,,,,,,
data_sync,1871,1565600,,,,,,
marker_write,1871,35100,,,,,,
marker_sync,1871,1566000,,,,,,
append,1872,3120901,,,,,,
encode,1872,4200,,,,,,
data_write,1872,44200,,,,,,
data_sync,1872,1442900,,,,,,
marker_write,1872,33600,,,,,,
marker_sync,1872,1594401,,,,,,
append,1873,3259800,,,,,,
encode,1873,3500,,,,,,
data_write,1873,47700,,,,,,
data_sync,1873,1532700,,,,,,
marker_write,1873,37100,,,,,,
marker_sync,1873,1636900,,,,,,
append,1874,3279400,,,,,,
encode,1874,4300,,,,,,
data_write,1874,45100,,,,,,
data_sync,1874,1583500,,,,,,
marker_write,1874,37500,,,,,,
marker_sync,1874,1607300,,,,,,
append,1875,3106100,,,,,,
encode,1875,3500,,,,,,
data_write,1875,42100,,,,,,
data_sync,1875,1534300,,,,,,
marker_write,1875,34800,,,,,,
marker_sync,1875,1489400,,,,,,
append,1876,3067100,,,,,,
encode,1876,3400,,,,,,
data_write,1876,43800,,,,,,
data_sync,1876,1500500,,,,,,
marker_write,1876,33900,,,,,,
marker_sync,1876,1483700,,,,,,
append,1877,3023100,,,,,,
encode,1877,3200,,,,,,
data_write,1877,38000,,,,,,
data_sync,1877,1416900,,,,,,
marker_write,1877,31100,,,,,,
marker_sync,1877,1531900,,,,,,
append,1878,2902900,,,,,,
encode,1878,3700,,,,,,
data_write,1878,45900,,,,,,
data_sync,1878,1446000,,,,,,
marker_write,1878,33100,,,,,,
marker_sync,1878,1372000,,,,,,
append,1879,2709500,,,,,,
encode,1879,3600,,,,,,
data_write,1879,42500,,,,,,
data_sync,1879,1335800,,,,,,
marker_write,1879,33600,,,,,,
marker_sync,1879,1292700,,,,,,
append,1880,2821000,,,,,,
encode,1880,3100,,,,,,
data_write,1880,39700,,,,,,
data_sync,1880,1313000,,,,,,
marker_write,1880,31900,,,,,,
marker_sync,1880,1430900,,,,,,
append,1881,2938900,,,,,,
encode,1881,6000,,,,,,
data_write,1881,57200,,,,,,
data_sync,1881,1489400,,,,,,
marker_write,1881,34900,,,,,,
marker_sync,1881,1349800,,,,,,
append,1882,2794200,,,,,,
encode,1882,3200,,,,,,
data_write,1882,40500,,,,,,
data_sync,1882,1281100,,,,,,
marker_write,1882,40300,,,,,,
marker_sync,1882,1427500,,,,,,
append,1883,2788100,,,,,,
encode,1883,3100,,,,,,
data_write,1883,44800,,,,,,
data_sync,1883,1368700,,,,,,
marker_write,1883,35600,,,,,,
marker_sync,1883,1334400,,,,,,
append,1884,2776700,,,,,,
encode,1884,4100,,,,,,
data_write,1884,40600,,,,,,
data_sync,1884,1376400,,,,,,
marker_write,1884,34800,,,,,,
marker_sync,1884,1318900,,,,,,
append,1885,2878400,,,,,,
encode,1885,4400,,,,,,
data_write,1885,42100,,,,,,
data_sync,1885,1361500,,,,,,
marker_write,1885,35500,,,,,,
marker_sync,1885,1432200,,,,,,
append,1886,3169200,,,,,,
encode,1886,5700,,,,,,
data_write,1886,58300,,,,,,
data_sync,1886,1493700,,,,,,
marker_write,1886,52200,,,,,,
marker_sync,1886,1556100,,,,,,
append,1887,3319900,,,,,,
encode,1887,5600,,,,,,
data_write,1887,60400,,,,,,
data_sync,1887,1641300,,,,,,
marker_write,1887,47200,,,,,,
marker_sync,1887,1562900,,,,,,
append,1888,3119200,,,,,,
encode,1888,4800,,,,,,
data_write,1888,56500,,,,,,
data_sync,1888,1527000,,,,,,
marker_write,1888,51400,,,,,,
marker_sync,1888,1476900,,,,,,
append,1889,2849600,,,,,,
encode,1889,5700,,,,,,
data_write,1889,60100,,,,,,
data_sync,1889,1382800,,,,,,
marker_write,1889,38400,,,,,,
marker_sync,1889,1360100,,,,,,
append,1890,3009400,,,,,,
encode,1890,5600,,,,,,
data_write,1890,54200,,,,,,
data_sync,1890,1444500,,,,,,
marker_write,1890,50200,,,,,,
marker_sync,1890,1452400,,,,,,
append,1891,2834200,,,,,,
encode,1891,4400,,,,,,
data_write,1891,52200,,,,,,
data_sync,1891,1391600,,,,,,
marker_write,1891,39900,,,,,,
marker_sync,1891,1343900,,,,,,
append,1892,2989000,,,,,,
encode,1892,4100,,,,,,
data_write,1892,45400,,,,,,
data_sync,1892,1450000,,,,,,
marker_write,1892,48000,,,,,,
marker_sync,1892,1438200,,,,,,
append,1893,3066700,,,,,,
encode,1893,4100,,,,,,
data_write,1893,46900,,,,,,
data_sync,1893,1495000,,,,,,
marker_write,1893,36000,,,,,,
marker_sync,1893,1482500,,,,,,
append,1894,2743400,,,,,,
encode,1894,3000,,,,,,
data_write,1894,41900,,,,,,
data_sync,1894,1352100,,,,,,
marker_write,1894,34500,,,,,,
marker_sync,1894,1310200,,,,,,
append,1895,2918700,,,,,,
encode,1895,2500,,,,,,
data_write,1895,38600,,,,,,
data_sync,1895,1349000,,,,,,
marker_write,1895,40000,,,,,,
marker_sync,1895,1487300,,,,,,
append,1896,2944600,,,,,,
encode,1896,2500,,,,,,
data_write,1896,54600,,,,,,
data_sync,1896,1332600,,,,,,
marker_write,1896,39300,,,,,,
marker_sync,1896,1514300,,,,,,
append,1897,2879800,,,,,,
encode,1897,3900,,,,,,
data_write,1897,52100,,,,,,
data_sync,1897,1325800,,,,,,
marker_write,1897,42000,,,,,,
marker_sync,1897,1454200,,,,,,
append,1898,2758201,,,,,,
encode,1898,3600,,,,,,
data_write,1898,42600,,,,,,
data_sync,1898,1362200,,,,,,
marker_write,1898,34600,,,,,,
marker_sync,1898,1313301,,,,,,
append,1899,2818900,,,,,,
encode,1899,2900,,,,,,
data_write,1899,41000,,,,,,
data_sync,1899,1325100,,,,,,
marker_write,1899,45600,,,,,,
marker_sync,1899,1402200,,,,,,
append,1900,2914500,,,,,,
encode,1900,3500,,,,,,
data_write,1900,41900,,,,,,
data_sync,1900,1451800,,,,,,
marker_write,1900,33900,,,,,,
marker_sync,1900,1382100,,,,,,
append,1901,2774900,,,,,,
encode,1901,3200,,,,,,
data_write,1901,39400,,,,,,
data_sync,1901,1369400,,,,,,
marker_write,1901,33700,,,,,,
marker_sync,1901,1327900,,,,,,
append,1902,2822000,,,,,,
encode,1902,3300,,,,,,
data_write,1902,39400,,,,,,
data_sync,1902,1461600,,,,,,
marker_write,1902,29800,,,,,,
marker_sync,1902,1286900,,,,,,
append,1903,2708800,,,,,,
encode,1903,2200,,,,,,
data_write,1903,35800,,,,,,
data_sync,1903,1283100,,,,,,
marker_write,1903,29200,,,,,,
marker_sync,1903,1355800,,,,,,
append,1904,2932500,,,,,,
encode,1904,4400,,,,,,
data_write,1904,53500,,,,,,
data_sync,1904,1345800,,,,,,
marker_write,1904,43800,,,,,,
marker_sync,1904,1482300,,,,,,
append,1905,3754400,,,,,,
encode,1905,4500,,,,,,
data_write,1905,58900,,,,,,
data_sync,1905,1710100,,,,,,
marker_write,1905,65200,,,,,,
marker_sync,1905,1911900,,,,,,
append,1906,4662200,,,,,,
encode,1906,7800,,,,,,
data_write,1906,93900,,,,,,
data_sync,1906,2123900,,,,,,
marker_write,1906,49900,,,,,,
marker_sync,1906,2383400,,,,,,
append,1907,3836400,,,,,,
encode,1907,4400,,,,,,
data_write,1907,48000,,,,,,
data_sync,1907,1892900,,,,,,
marker_write,1907,39200,,,,,,
marker_sync,1907,1850200,,,,,,
append,1908,3060700,,,,,,
encode,1908,3700,,,,,,
data_write,1908,42600,,,,,,
data_sync,1908,1479600,,,,,,
marker_write,1908,36100,,,,,,
marker_sync,1908,1496600,,,,,,
append,1909,3921100,,,,,,
encode,1909,3500,,,,,,
data_write,1909,40200,,,,,,
data_sync,1909,1696400,,,,,,
marker_write,1909,38400,,,,,,
marker_sync,1909,2140800,,,,,,
append,1910,3574600,,,,,,
encode,1910,3900,,,,,,
data_write,1910,49500,,,,,,
data_sync,1910,1863300,,,,,,
marker_write,1910,34000,,,,,,
marker_sync,1910,1622100,,,,,,
append,1911,3548600,,,,,,
encode,1911,3800,,,,,,
data_write,1911,49100,,,,,,
data_sync,1911,1816800,,,,,,
marker_write,1911,34000,,,,,,
marker_sync,1911,1643500,,,,,,
append,1912,2771700,,,,,,
encode,1912,2700,,,,,,
data_write,1912,41600,,,,,,
data_sync,1912,1330300,,,,,,
marker_write,1912,29800,,,,,,
marker_sync,1912,1366200,,,,,,
append,1913,2774000,,,,,,
encode,1913,2000,,,,,,
data_write,1913,37700,,,,,,
data_sync,1913,1339400,,,,,,
marker_write,1913,33400,,,,,,
marker_sync,1913,1360000,,,,,,
append,1914,3184500,,,,,,
encode,1914,2700,,,,,,
data_write,1914,46900,,,,,,
data_sync,1914,1641000,,,,,,
marker_write,1914,38400,,,,,,
marker_sync,1914,1453300,,,,,,
append,1915,3179900,,,,,,
encode,1915,4700,,,,,,
data_write,1915,60100,,,,,,
data_sync,1915,1639700,,,,,,
marker_write,1915,42400,,,,,,
marker_sync,1915,1430400,,,,,,
append,1916,2896300,,,,,,
encode,1916,4300,,,,,,
data_write,1916,45200,,,,,,
data_sync,1916,1365200,,,,,,
marker_write,1916,38000,,,,,,
marker_sync,1916,1442100,,,,,,
append,1917,2832400,,,,,,
encode,1917,2600,,,,,,
data_write,1917,41300,,,,,,
data_sync,1917,1417000,,,,,,
marker_write,1917,33900,,,,,,
marker_sync,1917,1336100,,,,,,
append,1918,2877600,,,,,,
encode,1918,2700,,,,,,
data_write,1918,42600,,,,,,
data_sync,1918,1352600,,,,,,
marker_write,1918,32900,,,,,,
marker_sync,1918,1445300,,,,,,
append,1919,2848000,,,,,,
encode,1919,2700,,,,,,
data_write,1919,50100,,,,,,
data_sync,1919,1419800,,,,,,
marker_write,1919,45200,,,,,,
marker_sync,1919,1328400,,,,,,
append,1920,2763000,,,,,,
encode,1920,3500,,,,,,
data_write,1920,40600,,,,,,
data_sync,1920,1332200,,,,,,
marker_write,1920,32700,,,,,,
marker_sync,1920,1352800,,,,,,
append,1921,2764500,,,,,,
encode,1921,2700,,,,,,
data_write,1921,39800,,,,,,
data_sync,1921,1339900,,,,,,
marker_write,1921,29500,,,,,,
marker_sync,1921,1351200,,,,,,
append,1922,2733500,,,,,,
encode,1922,2400,,,,,,
data_write,1922,40200,,,,,,
data_sync,1922,1328900,,,,,,
marker_write,1922,34500,,,,,,
marker_sync,1922,1326200,,,,,,
append,1923,2757801,,,,,,
encode,1923,2300,,,,,,
data_write,1923,39000,,,,,,
data_sync,1923,1328601,,,,,,
marker_write,1923,31900,,,,,,
marker_sync,1923,1354400,,,,,,
append,1924,2718900,,,,,,
encode,1924,2700,,,,,,
data_write,1924,41600,,,,,,
data_sync,1924,1313300,,,,,,
marker_write,1924,32300,,,,,,
marker_sync,1924,1327600,,,,,,
append,1925,2837800,,,,,,
encode,1925,3600,,,,,,
data_write,1925,49400,,,,,,
data_sync,1925,1417500,,,,,,
marker_write,1925,36300,,,,,,
marker_sync,1925,1329300,,,,,,
append,1926,2833800,,,,,,
encode,1926,3500,,,,,,
data_write,1926,40600,,,,,,
data_sync,1926,1345700,,,,,,
marker_write,1926,29900,,,,,,
marker_sync,1926,1413000,,,,,,
append,1927,2880300,,,,,,
encode,1927,2800,,,,,,
data_write,1927,40200,,,,,,
data_sync,1927,1421800,,,,,,
marker_write,1927,30700,,,,,,
marker_sync,1927,1383600,,,,,,
append,1928,2837400,,,,,,
encode,1928,2800,,,,,,
data_write,1928,50500,,,,,,
data_sync,1928,1387400,,,,,,
marker_write,1928,34400,,,,,,
marker_sync,1928,1361000,,,,,,
append,1929,2804400,,,,,,
encode,1929,2600,,,,,,
data_write,1929,38900,,,,,,
data_sync,1929,1360500,,,,,,
marker_write,1929,32700,,,,,,
marker_sync,1929,1368200,,,,,,
append,1930,2964900,,,,,,
encode,1930,3600,,,,,,
data_write,1930,40200,,,,,,
data_sync,1930,1360200,,,,,,
marker_write,1930,29400,,,,,,
marker_sync,1930,1530000,,,,,,
append,1931,2894900,,,,,,
encode,1931,3200,,,,,,
data_write,1931,44100,,,,,,
data_sync,1931,1436500,,,,,,
marker_write,1931,34100,,,,,,
marker_sync,1931,1375900,,,,,,
append,1932,2988100,,,,,,
encode,1932,3000,,,,,,
data_write,1932,39400,,,,,,
data_sync,1932,1448700,,,,,,
marker_write,1932,32700,,,,,,
marker_sync,1932,1462500,,,,,,
append,1933,2992400,,,,,,
encode,1933,2900,,,,,,
data_write,1933,39100,,,,,,
data_sync,1933,1417100,,,,,,
marker_write,1933,38400,,,,,,
marker_sync,1933,1493400,,,,,,
append,1934,3127400,,,,,,
encode,1934,3200,,,,,,
data_write,1934,40600,,,,,,
data_sync,1934,1543400,,,,,,
marker_write,1934,38500,,,,,,
marker_sync,1934,1499700,,,,,,
append,1935,2983400,,,,,,
encode,1935,2500,,,,,,
data_write,1935,44600,,,,,,
data_sync,1935,1453600,,,,,,
marker_write,1935,33400,,,,,,
marker_sync,1935,1447700,,,,,,
append,1936,3098400,,,,,,
encode,1936,2600,,,,,,
data_write,1936,44800,,,,,,
data_sync,1936,1562500,,,,,,
marker_write,1936,36400,,,,,,
marker_sync,1936,1450000,,,,,,
append,1937,2901000,,,,,,
encode,1937,2600,,,,,,
data_write,1937,40800,,,,,,
data_sync,1937,1381700,,,,,,
marker_write,1937,34900,,,,,,
marker_sync,1937,1439700,,,,,,
append,1938,3125300,,,,,,
encode,1938,3000,,,,,,
data_write,1938,47600,,,,,,
data_sync,1938,1490400,,,,,,
marker_write,1938,51200,,,,,,
marker_sync,1938,1531300,,,,,,
append,1939,2877800,,,,,,
encode,1939,2400,,,,,,
data_write,1939,41800,,,,,,
data_sync,1939,1420900,,,,,,
marker_write,1939,31400,,,,,,
marker_sync,1939,1380300,,,,,,
append,1940,2911000,,,,,,
encode,1940,2300,,,,,,
data_write,1940,37300,,,,,,
data_sync,1940,1434600,,,,,,
marker_write,1940,34800,,,,,,
marker_sync,1940,1400700,,,,,,
append,1941,3305800,,,,,,
encode,1941,2300,,,,,,
data_write,1941,39800,,,,,,
data_sync,1941,1786200,,,,,,
marker_write,1941,36900,,,,,,
marker_sync,1941,1438900,,,,,,
append,1942,2956500,,,,,,
encode,1942,2900,,,,,,
data_write,1942,43200,,,,,,
data_sync,1942,1464400,,,,,,
marker_write,1942,32700,,,,,,
marker_sync,1942,1411800,,,,,,
append,1943,2895600,,,,,,
encode,1943,2500,,,,,,
data_write,1943,40900,,,,,,
data_sync,1943,1413900,,,,,,
marker_write,1943,33200,,,,,,
marker_sync,1943,1403900,,,,,,
append,1944,2937300,,,,,,
encode,1944,2300,,,,,,
data_write,1944,40200,,,,,,
data_sync,1944,1459700,,,,,,
marker_write,1944,34600,,,,,,
marker_sync,1944,1398800,,,,,,
append,1945,2987700,,,,,,
encode,1945,2900,,,,,,
data_write,1945,41000,,,,,,
data_sync,1945,1374500,,,,,,
marker_write,1945,72000,,,,,,
marker_sync,1945,1496000,,,,,,
append,1946,3348300,,,,,,
encode,1946,2800,,,,,,
data_write,1946,44300,,,,,,
data_sync,1946,1656500,,,,,,
marker_write,1946,46100,,,,,,
marker_sync,1946,1596600,,,,,,
append,1947,3200300,,,,,,
encode,1947,4400,,,,,,
data_write,1947,50000,,,,,,
data_sync,1947,1560900,,,,,,
marker_write,1947,37900,,,,,,
marker_sync,1947,1545200,,,,,,
append,1948,3092301,,,,,,
encode,1948,4900,,,,,,
data_write,1948,51200,,,,,,
data_sync,1948,1507700,,,,,,
marker_write,1948,38400,,,,,,
marker_sync,1948,1487701,,,,,,
append,1949,2933800,,,,,,
encode,1949,3600,,,,,,
data_write,1949,46000,,,,,,
data_sync,1949,1453100,,,,,,
marker_write,1949,34000,,,,,,
marker_sync,1949,1395300,,,,,,
append,1950,2895000,,,,,,
encode,1950,2900,,,,,,
data_write,1950,40900,,,,,,
data_sync,1950,1376400,,,,,,
marker_write,1950,33600,,,,,,
marker_sync,1950,1439800,,,,,,
append,1951,3241200,,,,,,
encode,1951,2900,,,,,,
data_write,1951,41200,,,,,,
data_sync,1951,1484300,,,,,,
marker_write,1951,34500,,,,,,
marker_sync,1951,1676600,,,,,,
append,1952,3444700,,,,,,
encode,1952,3800,,,,,,
data_write,1952,54000,,,,,,
data_sync,1952,1825800,,,,,,
marker_write,1952,34300,,,,,,
marker_sync,1952,1524100,,,,,,
append,1953,3237500,,,,,,
encode,1953,4200,,,,,,
data_write,1953,50600,,,,,,
data_sync,1953,1634400,,,,,,
marker_write,1953,44000,,,,,,
marker_sync,1953,1502200,,,,,,
append,1954,3306500,,,,,,
encode,1954,4000,,,,,,
data_write,1954,44600,,,,,,
data_sync,1954,1636700,,,,,,
marker_write,1954,34900,,,,,,
marker_sync,1954,1584400,,,,,,
append,1955,3259500,,,,,,
encode,1955,3300,,,,,,
data_write,1955,42200,,,,,,
data_sync,1955,1560300,,,,,,
marker_write,1955,35600,,,,,,
marker_sync,1955,1615900,,,,,,
append,1956,3321800,,,,,,
encode,1956,4400,,,,,,
data_write,1956,46900,,,,,,
data_sync,1956,1589000,,,,,,
marker_write,1956,39500,,,,,,
marker_sync,1956,1639300,,,,,,
append,1957,3313100,,,,,,
encode,1957,5200,,,,,,
data_write,1957,50300,,,,,,
data_sync,1957,1625200,,,,,,
marker_write,1957,33800,,,,,,
marker_sync,1957,1596500,,,,,,
append,1958,3183200,,,,,,
encode,1958,4200,,,,,,
data_write,1958,44800,,,,,,
data_sync,1958,1638600,,,,,,
marker_write,1958,39300,,,,,,
marker_sync,1958,1454400,,,,,,
append,1959,3080300,,,,,,
encode,1959,3900,,,,,,
data_write,1959,42400,,,,,,
data_sync,1959,1465900,,,,,,
marker_write,1959,32800,,,,,,
marker_sync,1959,1533900,,,,,,
append,1960,3199900,,,,,,
encode,1960,2900,,,,,,
data_write,1960,40300,,,,,,
data_sync,1960,1508000,,,,,,
marker_write,1960,100900,,,,,,
marker_sync,1960,1546100,,,,,,
append,1961,3278600,,,,,,
encode,1961,3300,,,,,,
data_write,1961,47300,,,,,,
data_sync,1961,1560500,,,,,,
marker_write,1961,35400,,,,,,
marker_sync,1961,1630400,,,,,,
append,1962,3129400,,,,,,
encode,1962,3000,,,,,,
data_write,1962,41400,,,,,,
data_sync,1962,1546100,,,,,,
marker_write,1962,41200,,,,,,
marker_sync,1962,1496100,,,,,,
append,1963,3521600,,,,,,
encode,1963,3700,,,,,,
data_write,1963,44600,,,,,,
data_sync,1963,1694000,,,,,,
marker_write,1963,41900,,,,,,
marker_sync,1963,1735200,,,,,,
append,1964,3178500,,,,,,
encode,1964,5000,,,,,,
data_write,1964,43500,,,,,,
data_sync,1964,1540800,,,,,,
marker_write,1964,34100,,,,,,
marker_sync,1964,1553500,,,,,,
append,1965,3289400,,,,,,
encode,1965,3800,,,,,,
data_write,1965,47100,,,,,,
data_sync,1965,1548300,,,,,,
marker_write,1965,40700,,,,,,
marker_sync,1965,1648100,,,,,,
append,1966,3184000,,,,,,
encode,1966,3200,,,,,,
data_write,1966,42800,,,,,,
data_sync,1966,1549900,,,,,,
marker_write,1966,35200,,,,,,
marker_sync,1966,1550800,,,,,,
append,1967,3149600,,,,,,
encode,1967,3300,,,,,,
data_write,1967,42700,,,,,,
data_sync,1967,1590900,,,,,,
marker_write,1967,43300,,,,,,
marker_sync,1967,1467600,,,,,,
append,1968,3210600,,,,,,
encode,1968,3200,,,,,,
data_write,1968,40700,,,,,,
data_sync,1968,1673500,,,,,,
marker_write,1968,34200,,,,,,
marker_sync,1968,1457200,,,,,,
append,1969,3026600,,,,,,
encode,1969,4400,,,,,,
data_write,1969,47600,,,,,,
data_sync,1969,1500200,,,,,,
marker_write,1969,34000,,,,,,
marker_sync,1969,1438900,,,,,,
append,1970,3105600,,,,,,
encode,1970,3200,,,,,,
data_write,1970,40700,,,,,,
data_sync,1970,1486000,,,,,,
marker_write,1970,33800,,,,,,
marker_sync,1970,1540400,,,,,,
append,1971,3048500,,,,,,
encode,1971,2700,,,,,,
data_write,1971,41600,,,,,,
data_sync,1971,1474800,,,,,,
marker_write,1971,36400,,,,,,
marker_sync,1971,1491400,,,,,,
append,1972,3155901,,,,,,
encode,1972,3200,,,,,,
data_write,1972,45500,,,,,,
data_sync,1972,1572300,,,,,,
marker_write,1972,37100,,,,,,
marker_sync,1972,1496001,,,,,,
append,1973,3066700,,,,,,
encode,1973,4100,,,,,,
data_write,1973,40700,,,,,,
data_sync,1973,1513000,,,,,,
marker_write,1973,35600,,,,,,
marker_sync,1973,1471300,,,,,,
append,1974,3379100,,,,,,
encode,1974,3900,,,,,,
data_write,1974,41900,,,,,,
data_sync,1974,1528500,,,,,,
marker_write,1974,36700,,,,,,
marker_sync,1974,1764300,,,,,,
append,1975,3576000,,,,,,
encode,1975,7200,,,,,,
data_write,1975,64400,,,,,,
data_sync,1975,1781600,,,,,,
marker_write,1975,57900,,,,,,
marker_sync,1975,1661500,,,,,,
append,1976,3206800,,,,,,
encode,1976,5300,,,,,,
data_write,1976,52100,,,,,,
data_sync,1976,1573400,,,,,,
marker_write,1976,36300,,,,,,
marker_sync,1976,1537700,,,,,,
append,1977,3007900,,,,,,
encode,1977,4100,,,,,,
data_write,1977,42700,,,,,,
data_sync,1977,1483500,,,,,,
marker_write,1977,34600,,,,,,
marker_sync,1977,1440800,,,,,,
append,1978,2922800,,,,,,
encode,1978,2900,,,,,,
data_write,1978,40000,,,,,,
data_sync,1978,1414100,,,,,,
marker_write,1978,36300,,,,,,
marker_sync,1978,1427200,,,,,,
append,1979,3180300,,,,,,
encode,1979,3900,,,,,,
data_write,1979,70800,,,,,,
data_sync,1979,1609600,,,,,,
marker_write,1979,35800,,,,,,
marker_sync,1979,1458100,,,,,,
append,1980,3218700,,,,,,
encode,1980,4300,,,,,,
data_write,1980,41900,,,,,,
data_sync,1980,1519700,,,,,,
marker_write,1980,45000,,,,,,
marker_sync,1980,1604700,,,,,,
append,1981,4039400,,,,,,
encode,1981,4500,,,,,,
data_write,1981,46100,,,,,,
data_sync,1981,2304500,,,,,,
marker_write,1981,41900,,,,,,
marker_sync,1981,1639900,,,,,,
append,1982,3091200,,,,,,
encode,1982,4000,,,,,,
data_write,1982,45200,,,,,,
data_sync,1982,1482900,,,,,,
marker_write,1982,35300,,,,,,
marker_sync,1982,1522000,,,,,,
append,1983,3108900,,,,,,
encode,1983,3300,,,,,,
data_write,1983,41400,,,,,,
data_sync,1983,1487100,,,,,,
marker_write,1983,34000,,,,,,
marker_sync,1983,1541400,,,,,,
append,1984,3130600,,,,,,
encode,1984,3900,,,,,,
data_write,1984,40900,,,,,,
data_sync,1984,1514800,,,,,,
marker_write,1984,34200,,,,,,
marker_sync,1984,1535000,,,,,,
append,1985,3321500,,,,,,
encode,1985,3300,,,,,,
data_write,1985,41500,,,,,,
data_sync,1985,1740700,,,,,,
marker_write,1985,33200,,,,,,
marker_sync,1985,1501000,,,,,,
append,1986,3031100,,,,,,
encode,1986,3300,,,,,,
data_write,1986,44800,,,,,,
data_sync,1986,1437300,,,,,,
marker_write,1986,35300,,,,,,
marker_sync,1986,1508600,,,,,,
append,1987,3365700,,,,,,
encode,1987,4100,,,,,,
data_write,1987,52000,,,,,,
data_sync,1987,1547900,,,,,,
marker_write,1987,45100,,,,,,
marker_sync,1987,1714100,,,,,,
append,1988,3122500,,,,,,
encode,1988,4700,,,,,,
data_write,1988,48700,,,,,,
data_sync,1988,1572600,,,,,,
marker_write,1988,39700,,,,,,
marker_sync,1988,1454700,,,,,,
append,1989,3066600,,,,,,
encode,1989,4400,,,,,,
data_write,1989,45300,,,,,,
data_sync,1989,1545200,,,,,,
marker_write,1989,34300,,,,,,
marker_sync,1989,1434900,,,,,,
append,1990,3094300,,,,,,
encode,1990,3400,,,,,,
data_write,1990,42100,,,,,,
data_sync,1990,1411600,,,,,,
marker_write,1990,38600,,,,,,
marker_sync,1990,1596700,,,,,,
append,1991,3031400,,,,,,
encode,1991,5100,,,,,,
data_write,1991,53400,,,,,,
data_sync,1991,1567100,,,,,,
marker_write,1991,37700,,,,,,
marker_sync,1991,1366100,,,,,,
append,1992,2906900,,,,,,
encode,1992,3200,,,,,,
data_write,1992,43700,,,,,,
data_sync,1992,1373900,,,,,,
marker_write,1992,34500,,,,,,
marker_sync,1992,1449800,,,,,,
append,1993,2968400,,,,,,
encode,1993,2800,,,,,,
data_write,1993,49900,,,,,,
data_sync,1993,1523400,,,,,,
marker_write,1993,32200,,,,,,
marker_sync,1993,1358700,,,,,,
append,1994,2919400,,,,,,
encode,1994,2900,,,,,,
data_write,1994,42600,,,,,,
data_sync,1994,1401900,,,,,,
marker_write,1994,34100,,,,,,
marker_sync,1994,1436300,,,,,,
append,1995,2900600,,,,,,
encode,1995,3000,,,,,,
data_write,1995,41200,,,,,,
data_sync,1995,1430500,,,,,,
marker_write,1995,38800,,,,,,
marker_sync,1995,1385500,,,,,,
append,1996,2885801,,,,,,
encode,1996,2600,,,,,,
data_write,1996,42400,,,,,,
data_sync,1996,1401000,,,,,,
marker_write,1996,31900,,,,,,
marker_sync,1996,1405901,,,,,,
append,1997,2856700,,,,,,
encode,1997,2800,,,,,,
data_write,1997,42900,,,,,,
data_sync,1997,1413100,,,,,,
marker_write,1997,33000,,,,,,
marker_sync,1997,1363100,,,,,,
append,1998,2880600,,,,,,
encode,1998,2400,,,,,,
data_write,1998,41100,,,,,,
data_sync,1998,1337100,,,,,,
marker_write,1998,31500,,,,,,
marker_sync,1998,1467200,,,,,,
append,1999,2836200,,,,,,
encode,1999,2500,,,,,,
data_write,1999,41100,,,,,,
data_sync,1999,1408200,,,,,,
marker_write,1999,31900,,,,,,
marker_sync,1999,1351200,,,,,,
append,2000,2827600,,,,,,
encode,2000,2200,,,,,,
data_write,2000,36700,,,,,,
data_sync,2000,1368200,,,,,,
marker_write,2000,33300,,,,,,
marker_sync,2000,1385800,,,,,,
ingest,,5745289782,2000,28,296000,2396,,
