seed,variant,burst,release_tick,last_complete_tick,peak_hotspot_bytes
0,M0,0,0,1412,420000
0,M0,1,1970,3382,420000
0,M0,2,3822,5234,420000
0,M0,3,5646,7058,420000
0,M0,4,6755,8466,420000
0,M0,5,9106,10518,420000
0,M0,6,10892,12304,420000
0,M0,7,11961,13712,420000
0,M0,8,13706,15120,420000
0,M0,9,16177,17589,420000
0,M0,10,17445,18997,420000
0,M0,11,19492,20904,420000
0,M0,12,21207,22619,420000
0,M0,13,22705,24117,420000
0,M0,14,24804,26216,420000
0,M0,15,26614,28026,420000
0,M0,16,28370,29782,420000
0,M0,17,29532,31190,420000
0,M0,18,31384,32796,420000
0,M0,19,33475,34887,420000
0,M0,20,35338,36750,420000
0,M0,21,36602,38158,420000
0,M0,22,38353,39765,420000
0,M0,23,40284,41696,420000
0,M0,24,42402,43814,420000
0,M0,25,44134,45546,420000
0,M0,26,46055,47467,420000
0,M0,27,47431,48875,420000
0,M0,28,49442,50854,420000
0,M0,29,51016,52428,420000
0,M0,30,52596,54008,420000
0,M0,31,54731,56143,420000
0,M0,32,56354,57766,420000
0,M0,33,57974,59386,420000
0,M0,34,59590,61002,420000
0,M0,35,61741,63153,420000
0,M0,36,63747,65159,420000
0,M0,37,64878,66567,420000
0,M0,38,66657,68069,420000
0,M0,39,68863,70275,420000
0,M0,40,70348,71760,420000
0,M0,41,72108,73520,420000
0,M0,42,74081,75493,420000
0,M0,43,75825,77237,420000
0,M0,44,77700,79112,420000
0,M0,45,79235,80647,420000
0,M0,46,80606,82055,420000
0,M0,47,82642,84054,420000
0,M0,48,84242,85654,420000
0,M0,49,86074,87486,420000
0,M0,50,87772,89184,420000
0,M0,51,90055,91467,420000
0,M0,52,91523,92935,420000
0,M0,53,93414,94826,420000
0,M0,54,94982,96394,420000
0,M0,55,96832,98244,420000
0,M0,56,98921,100333,420000
0,M0,57,100124,101741,420000
0,M0,58,102044,103456,420000
0,M0,59,104097,105509,420000
0,M0,60,105807,107219,420000
0,M0,61,107062,108627,420000
0,M0,62,109482,110894,420000
0,M0,63,110892,112304,420000
0,M0,64,112287,113712,420000
0,M0,65,114665,116077,420000
0,M0,66,115982,117485,420000
0,M0,67,118247,119659,420000
0,M0,68,119532,121067,420000
0,M0,69,121063,122475,420000
0,M0,70,123212,124624,420000
0,M0,71,125120,126532,420000
0,M0,72,126367,127940,420000
0,M0,73,128283,129695,420000
0,M0,74,129893,131305,420000
0,M0,75,131751,133163,420000
0,M0,76,133484,134896,420000
0,M0,77,135210,136622,420000
0,M0,78,137238,138650,420000
0,M0,79,138808,140220,420000
0,M0,80,140895,142307,420000
0,M0,81,142868,144280,420000
0,M0,82,144467,145879,420000
0,M0,83,146256,147668,420000
0,M0,84,147899,149311,420000
0,M0,85,149355,150767,420000
0,M0,86,151019,152431,420000
0,M0,87,153380,154792,420000
0,M0,88,154996,156408,420000
0,M0,89,156305,157816,420000
0,M0,90,158102,159514,420000
0,M0,91,160387,161799,420000
0,M0,92,161634,163207,420000
0,M0,93,163450,164862,420000
0,M0,94,165388,166800,420000
0,M0,95,166911,168323,420000
0,M0,96,168623,170035,420000
0,M0,97,170511,171923,420000
0,M0,98,172549,173961,420000
0,M0,99,174254,175666,420000
0,M0,100,175786,177198,420000
0,M0,101,177691,179103,420000
0,M0,102,179130,180542,420000
0,M0,103,181319,182731,420000
0,M0,104,183024,184436,420000
0,M0,105,184701,186113,420000
0,M0,106,186811,188223,420000
0,M0,107,188135,189631,420000
0,M0,108,190290,191702,420000
0,M0,109,192237,193649,420000
0,M0,110,193374,195057,420000
0,M0,111,195251,196663,420000
0,M0,112,197072,198484,420000
0,M0,113,199217,200629,420000
0,M0,114,200761,202173,420000
0,M0,115,202340,203752,420000
0,M0,116,204468,205880,420000
0,M0,117,205856,207288,420000
0,M0,118,207616,209028,420000
0,M0,119,209248,210660,420000
0,M0,120,211235,212647,420000
0,M0,121,212894,214306,420000
0,M0,122,214966,216378,420000
0,M0,123,216240,217786,420000
0,M0,124,218016,219428,420000
0,M0,125,220201,221613,420000
0,M0,126,221964,223376,420000
0,M0,127,223588,225000,420000
0,M0,128,224985,226408,420000
0,M0,129,227199,228611,420000
0,M0,130,229094,230506,420000
0,M0,131,230366,231914,420000
0,M0,132,232684,234096,420000
0,M0,133,233823,235504,420000
0,M0,134,236093,237505,420000
0,M0,135,237991,239403,420000
0,M0,136,239362,240811,420000
0,M0,137,241156,242568,420000
0,M0,138,243103,244515,420000
0,M0,139,244973,246385,420000
0,M0,140,246155,247793,420000
0,M0,141,248506,249918,420000
0,M0,142,250011,251423,420000
0,M0,143,251469,252881,420000
0,M0,144,253613,255025,420000
0,M0,145,255254,256666,420000
0,M0,146,256966,258378,420000
0,M0,147,258781,260193,420000
0,M0,148,260456,261868,420000
0,M0,149,262493,263905,420000
0,M0,150,264226,265638,420000
0,M0,151,265928,267340,420000
0,M0,152,267429,268841,420000
0,M0,153,269047,270459,420000
0,M0,154,271297,272709,420000
0,M0,155,272560,274117,420000
0,M0,156,274738,276150,420000
0,M0,157,276196,277608,420000
0,M0,158,278343,279755,420000
0,M0,159,279916,281328,420000
0,M0,160,281423,282835,420000
0,M0,161,283709,285121,420000
0,M0,162,284946,286529,420000
0,M0,163,286496,287937,420000
0,M0,164,288992,290404,420000
0,M0,165,290260,291812,420000
0,M0,166,292117,293529,420000
0,M0,167,293737,295149,420000
0,M0,168,295880,297292,420000
0,M0,169,297653,299065,420000
0,M0,170,299224,300636,420000
0,M0,171,300944,302356,420000
0,M0,172,302332,303764,420000
0,M0,173,304643,306055,420000
0,M0,174,306242,307654,420000
0,M0,175,308168,309580,420000
0,M0,176,309613,311025,420000
0,M0,177,311329,312741,420000
0,M0,178,313373,314785,420000
0,M0,179,315321,316733,420000
0,M0,180,316852,318264,420000
0,M0,181,318407,319819,420000
0,M0,182,319938,321350,420000
0,M0,183,321684,323096,420000
0,M0,184,323557,324969,420000
0,M0,185,325300,326712,420000
0,M0,186,327675,329087,420000
0,M0,187,328816,330495,420000
0,M0,188,330748,332160,420000
0,M0,189,332741,334153,420000
0,M0,190,334389,335801,420000
0,M0,191,335990,337402,420000
0,M0,192,338106,339518,420000
0,M0,193,339783,341195,420000
0,M0,194,341478,342890,420000
0,M0,195,342969,344381,420000
0,M0,196,344921,346333,420000
0,M0,197,346387,347799,420000
0,M0,198,348868,350280,420000
0,M0,199,350582,351994,420000
0,M0,200,352130,353542,420000
0,M0,201,353780,355192,420000
0,M0,202,355123,356600,420000
0,M0,203,357327,358739,420000
0,M0,204,359358,360770,420000
0,M0,205,360433,362178,420000
0,M0,206,362596,364008,420000
0,M0,207,364327,365739,420000
0,M0,208,366444,367856,420000
0,M0,209,367621,369264,420000
0,M0,210,369301,370713,420000
0,M0,211,371270,372682,420000
0,M0,212,373288,374700,420000
0,M0,213,374658,376108,420000
0,M0,214,376565,377977,420000
0,M0,215,378233,379645,420000
0,M0,216,380050,381462,420000
0,M0,217,381868,383280,420000
0,M0,218,383596,385008,420000
0,M0,219,385534,386946,420000
0,M0,220,387349,388761,420000
0,M0,221,389021,390433,420000
0,M0,222,390369,391841,420000
0,M0,223,392655,394067,420000
0,M0,224,393987,395475,420000
0,M0,225,396035,397447,420000
0,M0,226,398105,399517,420000
0,M0,227,399153,400925,420000
0,M0,228,401030,402442,420000
0,M0,229,403022,404434,420000
0,M0,230,405141,406553,420000
0,M0,231,406659,408071,420000
0,M0,232,408545,409957,420000
0,M0,233,410002,411414,420000
0,M0,234,412041,413453,420000
0,M0,235,413836,415248,420000
0,M0,236,415301,416713,420000
0,M0,237,417083,418495,420000
0,M0,238,419225,420637,420000
0,M0,239,420350,422045,420000
0,M0,240,422436,423848,420000
0,M0,241,424075,425487,420000
0,M0,242,425722,427134,420000
0,M0,243,427648,429060,420000
0,M0,244,429168,430580,420000
0,M0,245,430915,432327,420000
0,M0,246,432727,434139,420000
0,M0,247,434981,436393,420000
0,M0,248,436163,437801,420000
0,M0,249,438144,439556,420000
0,M0,250,439640,441052,420000
0,M0,251,441660,443072,420000
0,M0,252,443756,445168,420000
0,M0,253,445313,446725,420000
0,M0,254,446655,448133,420000
0,M0,255,448457,449869,420000
0,M0,256,450345,451757,420000
0,M0,257,452236,453648,420000
0,M0,258,453829,455241,420000
0,M0,259,456230,457642,420000
0,M0,260,457823,459235,420000
0,M0,261,459718,461130,420000
0,M0,262,461306,462718,420000
0,M0,263,463140,464552,420000
0,M0,264,464319,465960,420000
0,M0,265,466509,467921,420000
0,M0,266,467778,469329,420000
0,M0,267,469964,471376,420000
0,M0,268,471786,473198,420000
0,M0,269,473506,474918,420000
0,M0,270,475375,476787,420000
0,M0,271,476688,478195,420000
0,M0,272,478896,480308,420000
0,M0,273,480593,482005,420000
0,M0,274,482333,483745,420000
0,M0,275,483649,485153,420000
0,M0,276,485402,486814,420000
0,M0,277,487655,489067,420000
0,M0,278,488886,490475,420000
0,M0,279,490683,492095,420000
0,M0,280,493077,494489,420000
0,M0,281,494661,496073,420000
0,M0,282,496268,497680,420000
0,M0,283,497709,499121,420000
0,M0,284,500228,501640,420000
0,M0,285,501967,503379,420000
0,M0,286,503444,504856,420000
0,M0,287,504807,506264,420000
0,M0,288,506995,508407,420000
0,M0,289,508726,510138,420000
0,M0,290,510113,511546,420000
0,M0,291,512557,513969,420000
0,M0,292,514231,515643,420000
0,M0,293,515651,517063,420000
0,M0,294,517729,519141,420000
0,M0,295,518871,520549,420000
0,M0,296,520788,522200,420000
0,M0,297,523036,524448,420000
0,M0,298,524094,525856,420000
0,M0,299,526144,527556,420000
0,M0,300,527751,529163,420000
0,M0,301,529600,531012,420000
0,M0,302,531456,532868,420000
0,M0,303,533515,534927,420000
0,M0,304,535276,536688,420000
0,M0,305,536969,538381,420000
0,M0,306,538531,539943,420000
0,M0,307,540476,541888,420000
0,M0,308,541772,543296,420000
0,M0,309,543846,545258,420000
0,M0,310,545405,546817,420000
0,M0,311,547196,548608,420000
0,M0,312,549481,550893,420000
0,M0,313,550896,552308,420000
0,M0,314,552780,554192,420000
0,M0,315,554688,556100,420000
0,M0,316,556414,557826,420000
0,M0,317,557994,559406,420000
0,M0,318,559725,561137,420000
0,M0,319,561316,562728,420000
0,M0,320,563044,564456,420000
0,M0,321,564603,566015,420000
0,M0,322,566718,568130,420000
0,M0,323,568485,569897,420000
0,M0,324,570314,571726,420000
0,M0,325,572298,573710,420000
0,M0,326,573664,575118,420000
0,M0,327,575717,577129,420000
0,M0,328,577604,579016,420000
0,M0,329,578809,580424,420000
0,M0,330,580902,582314,420000
0,M0,331,582268,583722,420000
0,M0,332,584412,585824,420000
0,M0,333,586362,587774,420000
0,M0,334,587453,589182,420000
0,M0,335,589916,591328,420000
0,M0,336,591459,592871,420000
0,M0,337,593479,594891,420000
0,M0,338,594484,596299,420000
0,M0,339,596614,598026,420000
0,M0,340,598229,599641,420000
0,M0,341,599878,601290,420000
0,M0,342,602234,603646,420000
0,M0,343,604057,605469,420000
0,M0,344,605328,606877,420000
0,M0,345,607408,608820,420000
0,M0,346,609259,610671,420000
0,M0,347,610909,612321,420000
0,M0,348,612505,613917,420000
0,M0,349,613949,615361,420000
0,M0,350,615999,617411,420000
0,M0,351,617618,619030,420000
0,M0,352,619725,621137,420000
0,M0,353,621481,622893,420000
0,M0,354,623320,624732,420000
0,M0,355,625187,626599,420000
0,M0,356,626263,628007,420000
0,M0,357,628540,629952,420000
0,M0,358,629744,631360,420000
0,M0,359,631927,633339,420000
0,M0,360,633391,634803,420000
0,M0,361,635212,636624,420000
0,M0,362,636886,638298,420000
0,M0,363,638499,639911,420000
0,M0,364,640623,642035,420000
0,M0,365,642672,644084,420000
0,M0,366,644348,645760,420000
0,M0,367,645884,647296,420000
0,M0,368,647392,648804,420000
0,M0,369,649047,650459,420000
0,M0,370,651165,652577,420000
0,M0,371,653278,654690,420000
0,M0,372,655096,656508,420000
0,M0,373,656645,658057,420000
0,M0,374,658426,659838,420000
0,M0,375,659919,661331,420000
0,M0,376,661630,663042,420000
0,M0,377,663709,665121,420000
0,M0,378,665094,666529,420000
0,M0,379,667176,668588,420000
0,M0,380,668482,669996,420000
0,M0,381,670474,671886,420000
0,M0,382,671966,673378,420000
0,M0,383,673965,675377,420000
0,M0,384,675798,677210,420000
0,M0,385,677203,678618,420000
0,M0,386,679484,680896,420000
0,M0,387,680834,682304,420000
0,M0,388,683137,684549,420000
0,M0,389,684609,686021,420000
0,M0,390,686547,687959,420000
0,M0,391,687892,689367,420000
0,M0,392,690015,691427,420000
0,M0,393,691721,693133,420000
0,M0,394,693393,694805,420000
0,M0,395,695501,696913,420000
0,M0,396,696967,698379,420000
0,M0,397,698796,700208,420000
0,M0,398,700532,701944,420000
0,M0,399,702382,703794,420000
0,M0,400,703886,705298,420000
0,M0,401,705672,707084,420000
0,M0,402,707144,708556,420000
0,M0,403,709566,710978,420000
0,M0,404,711197,712609,420000
0,M0,405,713056,714468,420000
0,M0,406,714632,716044,420000
0,M0,407,716697,718109,420000
0,M0,408,718023,719517,420000
0,M0,409,719781,721193,420000
0,M0,410,721573,722985,420000
0,M0,411,723727,725139,420000
0,M0,412,725434,726846,420000
0,M0,413,727257,728669,420000
0,M0,414,728929,730341,420000
0,M0,415,730609,732021,420000
0,M0,416,732036,733448,420000
0,M0,417,733820,735232,420000
0,M0,418,735597,737009,420000
0,M0,419,737818,739230,420000
0,M0,420,739129,740638,420000
0,M0,421,741041,742453,420000
0,M0,422,742555,743967,420000
0,M0,423,744202,745614,420000
0,M0,424,746443,747855,420000
0,M0,425,747740,749263,420000
0,M0,426,749973,751385,420000
0,M0,427,751403,752815,420000
0,M0,428,753087,754499,420000
0,M0,429,755109,756521,420000
0,M0,430,757159,758571,420000
0,M0,431,758591,760003,420000
0,M0,432,760052,761464,420000
0,M0,433,761918,763330,420000
0,M0,434,763817,765229,420000
0,M0,435,765279,766691,420000
0,M0,436,767319,768731,420000
0,M0,437,769494,770906,420000
0,M0,438,770660,772314,420000
0,M0,439,772456,773868,420000
0,M0,440,774559,775971,420000
0,M0,441,776383,777795,420000
0,M0,442,778170,779582,420000
0,M0,443,779950,781362,420000
0,M0,444,781637,783049,420000
0,M0,445,783281,784693,420000
0,M0,446,784936,786348,420000
0,M0,447,786600,788012,420000
0,M0,448,788784,790196,420000
0,M0,449,790321,791733,420000
0,M0,450,791699,793141,420000
0,M0,451,793819,795231,420000
0,M0,452,795810,797222,420000
0,M0,453,797634,799046,420000
0,M0,454,799086,800498,420000
0,M0,455,800619,802031,420000
0,M0,456,802916,804328,420000
0,M0,457,804303,805736,420000
0,M0,458,805932,807344,420000
0,M0,459,808072,809484,420000
0,M0,460,809644,811056,420000
0,M0,461,811063,812475,420000
0,M0,462,813400,814812,420000
0,M0,463,815160,816572,420000
0,M0,464,816260,817980,420000
0,M0,465,818505,819917,420000
0,M0,466,820404,821816,420000
0,M0,467,821844,823256,420000
0,M0,468,823909,825321,420000
0,M0,469,825141,826729,420000
0,M0,470,826927,828339,420000
0,M0,471,829275,830687,420000
0,M0,472,830773,832185,420000
0,M0,473,832217,833629,420000
0,M0,474,834502,835914,420000
0,M0,475,836362,837774,420000
0,M0,476,837568,839182,420000
0,M0,477,839906,841318,420000
0,M0,478,841295,842726,420000
0,M0,479,842806,844218,420000
0,M0,480,844582,845994,420000
0,M0,481,846959,848371,420000
0,M0,482,848078,849779,420000
0,M0,483,849920,851332,420000
0,M0,484,851444,852856,420000
0,M0,485,853408,854820,420000
0,M0,486,855161,856573,420000
0,M0,487,856870,858282,420000
0,M0,488,859227,860639,420000
0,M0,489,860543,862047,420000
0,M0,490,862726,864138,420000
0,M0,491,863958,865546,420000
0,M0,492,866285,867697,420000
0,M0,493,867379,869105,420000
0,M0,494,869176,870588,420000
0,M0,495,871165,872577,420000
0,M0,496,872693,874105,420000
0,M0,497,874534,875946,420000
0,M0,498,876462,877874,420000
0,M0,499,878097,879509,420000
0,M0,500,880280,881692,420000
0,M0,501,882099,883511,420000
0,M0,502,883448,884919,420000
0,M0,503,885064,886476,420000
0,M0,504,887203,888615,420000
0,M0,505,888663,890075,420000
0,M0,506,890608,892020,420000
0,M0,507,892530,893942,420000
0,M0,508,894342,895754,420000
0,M0,509,895592,897162,420000
0,M0,510,897795,899207,420000
0,M0,511,899689,901101,420000
0,M0,512,901458,902870,420000
0,M0,513,902608,904278,420000
0,M0,514,904499,905911,420000
0,M0,515,906252,907664,420000
0,M0,516,908305,909717,420000
0,M0,517,909535,911125,420000
0,M0,518,911963,913375,420000
0,M0,519,913245,914783,420000
0,M0,520,915234,916646,420000
0,M0,521,917204,918616,420000
0,M0,522,918640,920052,420000
0,M0,523,920451,921863,420000
0,M0,524,922048,923460,420000
0,M0,525,924264,925676,420000
0,M0,526,925609,927084,420000
0,M0,527,927815,929227,420000
0,M0,528,929038,930635,420000
0,M0,529,931226,932638,420000
0,M0,530,932913,934325,420000
0,M0,531,934712,936124,420000
0,M0,532,935978,937532,420000
0,M0,533,938078,939490,420000
0,M0,534,939960,941372,420000
0,M0,535,941561,942973,420000
0,M0,536,943201,944613,420000
0,M0,537,944878,946290,420000
0,M0,538,947060,948472,420000
0,M0,539,948601,950013,420000
0,M0,540,950167,951579,420000
0,M0,541,951788,953200,420000
0,M0,542,954146,955558,420000
0,M0,543,955655,957067,420000
0,M0,544,957417,958829,420000
0,M0,545,959083,960495,420000
0,M0,546,960768,962180,420000
0,M0,547,963100,964512,420000
0,M0,548,964741,966153,420000
0,M0,549,966546,967958,420000
0,M0,550,968034,969446,420000
0,M0,551,969771,971183,420000
0,M0,552,971715,973127,420000
0,M0,553,973519,974931,420000
0,M0,554,975299,976711,420000
0,M0,555,976481,978119,420000
0,M0,556,978736,980148,420000
0,M0,557,980421,981833,420000
0,M0,558,982282,983694,420000
0,M0,559,983601,985102,420000
0,M0,560,985455,986867,420000
0,M0,561,987226,988638,420000
0,M0,562,989089,990501,420000
0,M0,563,990834,992246,420000
0,M0,564,992825,994237,420000
0,M0,565,994510,995922,420000
0,M0,566,996083,997495,420000
0,M0,567,997783,999195,420000
0,M0,568,999688,1001100,420000
0,M0,569,1001138,1002550,420000
0,M0,570,1002991,1004403,420000
0,M0,571,1004964,1006376,420000
0,M0,572,1006350,1007784,420000
0,M0,573,1008225,1009637,420000
0,M0,574,1010213,1011625,420000
0,M0,575,1011743,1013155,420000
0,M0,576,1014034,1015446,420000
0,M0,577,1015795,1017207,420000
0,M0,578,1017374,1018786,420000
0,M0,579,1019296,1020708,420000
0,M0,580,1021149,1022561,420000
0,M0,581,1022798,1024210,420000
0,M0,582,1024508,1025920,420000
0,M0,583,1025832,1027328,420000
0,M0,584,1028115,1029527,420000
0,M0,585,1029904,1031316,420000
0,M0,586,1031648,1033060,420000
0,M0,587,1032928,1034468,420000
0,M0,588,1034588,1036000,420000
0,M0,589,1036687,1038099,420000
0,M0,590,1038105,1039517,420000
0,M0,591,1040121,1041533,420000
0,M0,592,1041994,1043406,420000
0,M0,593,1044054,1045466,420000
0,M0,594,1045770,1047182,420000
0,M0,595,1047316,1048728,420000
0,M0,596,1048800,1050212,420000
0,M0,597,1050708,1052120,420000
0,M0,598,1052878,1054290,420000
0,M0,599,1054231,1055698,420000
0,M0,600,1055692,1057106,420000
0,M0,601,1057718,1059130,420000
0,M0,602,1059839,1061251,420000
0,M0,603,1061085,1062659,420000
0,M0,604,1063330,1064742,420000
0,M0,605,1064647,1066150,420000
0,M0,606,1066485,1067897,420000
0,M0,607,1068595,1070007,420000
0,M0,608,1069697,1071415,420000
0,M0,609,1072048,1073460,420000
0,M0,610,1073214,1074868,420000
0,M0,611,1075486,1076898,420000
0,M0,612,1077247,1078659,420000
0,M0,613,1078835,1080247,420000
0,M0,614,1080368,1081780,420000
0,M0,615,1082209,1083621,420000
0,M0,616,1084026,1085438,420000
0,M0,617,1086320,1087732,420000
0,M0,618,1088004,1089416,420000
0,M0,619,1089685,1091097,420000
0,M0,620,1091343,1092755,420000
0,M0,621,1093099,1094511,420000
0,M0,622,1094742,1096154,420000
0,M0,623,1096234,1097646,420000
0,M0,624,1098342,1099754,420000
0,M0,625,1100364,1101776,420000
0,M0,626,1101594,1103184,420000
0,M0,627,1103558,1104970,420000
0,M0,628,1105232,1106644,420000
0,M0,629,1107281,1108693,420000
0,M0,630,1109165,1110577,420000
0,M0,631,1110812,1112224,420000
0,M0,632,1112274,1113686,420000
0,M0,633,1114453,1115865,420000
0,M0,634,1115912,1117324,420000
0,M0,635,1117349,1118761,420000
0,M0,636,1119559,1120971,420000
0,M0,637,1121096,1122508,420000
0,M0,638,1122850,1124262,420000
0,M0,639,1124357,1125769,420000
0,M0,640,1126272,1127684,420000
0,M0,641,1128533,1129945,420000
0,M0,642,1129883,1131353,420000
0,M0,643,1131957,1133369,420000
0,M0,644,1133119,1134777,420000
0,M0,645,1134823,1136235,420000
0,M0,646,1137305,1138717,420000
0,M0,647,1138688,1140125,420000
0,M0,648,1140701,1142113,420000
0,M0,649,1142520,1143932,420000
0,M0,650,1144371,1145783,420000
0,M0,651,1145701,1147191,420000
0,M0,652,1147306,1148718,420000
0,M0,653,1149077,1150489,420000
0,M0,654,1150713,1152125,420000
0,M0,655,1152782,1154194,420000
0,M0,656,1154253,1155665,420000
0,M0,657,1156184,1157596,420000
0,M0,658,1157929,1159341,420000
0,M0,659,1159801,1161213,420000
0,M0,660,1161899,1163311,420000
0,M0,661,1163000,1164719,420000
0,M0,662,1165394,1166806,420000
0,M0,663,1167275,1168687,420000
0,M0,664,1168423,1170095,420000
0,M0,665,1170126,1171538,420000
0,M0,666,1172318,1173730,420000
0,M0,667,1173714,1175138,420000
0,M0,668,1175903,1177315,420000
0,M0,669,1177563,1178975,420000
0,M0,670,1178866,1180383,420000
0,M0,671,1180919,1182331,420000
0,M0,672,1182975,1184387,420000
0,M0,673,1184434,1185846,420000
0,M0,674,1186523,1187935,420000
0,M0,675,1187612,1189343,420000
0,M0,676,1189464,1190876,420000
0,M0,677,1191728,1193140,420000
0,M0,678,1193190,1194602,420000
0,M0,679,1194810,1196222,420000
0,M0,680,1196859,1198271,420000
0,M0,681,1198363,1199775,420000
0,M0,682,1200016,1201428,420000
0,M0,683,1202020,1203432,420000
0,M0,684,1203896,1205308,420000
0,M0,685,1205613,1207025,420000
0,M0,686,1207291,1208703,420000
0,M0,687,1209149,1210561,420000
0,M0,688,1210553,1211969,420000
0,M0,689,1212961,1214373,420000
0,M0,690,1214234,1215781,420000
0,M0,691,1215919,1217331,420000
0,M0,692,1218048,1219460,420000
0,M0,693,1219710,1221122,420000
0,M0,694,1221797,1223209,420000
0,M0,695,1222923,1224617,420000
0,M0,696,1224628,1226040,420000
0,M0,697,1226700,1228112,420000
0,M0,698,1228472,1229884,420000
0,M0,699,1230146,1231558,420000
0,M0,700,1232216,1233628,420000
0,M0,701,1233636,1235048,420000
0,M0,702,1235655,1237067,420000
0,M0,703,1237009,1238475,420000
0,M0,704,1239340,1240752,420000
0,M0,705,1240663,1242160,420000
0,M0,706,1242401,1243813,420000
0,M0,707,1244637,1246049,420000
0,M0,708,1245780,1247457,420000
0,M0,709,1247682,1249094,420000
0,M0,710,1249462,1250874,420000
0,M0,711,1251734,1253146,420000
0,M0,712,1253225,1254637,420000
0,M0,713,1254757,1256169,420000
0,M0,714,1256502,1257914,420000
0,M0,715,1258113,1259525,420000
0,M0,716,1259888,1261300,420000
0,M0,717,1261595,1263007,420000
0,M0,718,1263872,1265284,420000
0,M0,719,1265641,1267053,420000
0,M0,720,1266830,1268461,420000
0,M0,721,1268564,1269976,420000
0,M0,722,1271079,1272491,420000
0,M0,723,1272455,1273899,420000
0,M0,724,1273971,1275383,420000
0,M0,725,1275641,1277053,420000
0,M0,726,1277499,1278911,420000
0,M0,727,1279277,1280689,420000
0,M0,728,1281226,1282638,420000
0,M0,729,1283333,1284745,420000
0,M0,730,1284763,1286175,420000
0,M0,731,1286808,1288220,420000
0,M0,732,1288418,1289830,420000
0,M0,733,1290011,1291423,420000
0,M0,734,1291779,1293191,420000
0,M0,735,1293291,1294703,420000
0,M0,736,1295239,1296651,420000
0,M0,737,1297488,1298900,420000
0,M0,738,1298685,1300308,420000
0,M0,739,1300710,1302122,420000
0,M0,740,1302478,1303890,420000
0,M0,741,1304236,1305648,420000
0,M0,742,1305678,1307090,420000
0,M0,743,1307746,1309158,420000
0,M0,744,1309778,1311190,420000
0,M0,745,1311162,1312598,420000
0,M0,746,1313093,1314505,420000
0,M0,747,1314834,1316246,420000
0,M0,748,1316502,1317914,420000
0,M0,749,1318226,1319638,420000
0,M0,750,1320130,1321542,420000
0,M0,751,1321812,1323224,420000
0,M0,752,1323873,1325285,420000
0,M0,753,1325552,1326964,420000
0,M0,754,1326879,1328372,420000
0,M0,755,1328481,1329893,420000
0,M0,756,1330339,1331751,420000
0,M0,757,1331930,1333342,420000
0,M0,758,1334345,1335757,420000
0,M0,759,1335973,1337385,420000
0,M0,760,1337976,1339388,420000
0,M0,761,1339738,1341150,420000
0,M0,762,1341212,1342624,420000
0,M0,763,1342848,1344260,420000
0,M0,764,1344822,1346234,420000
0,M0,765,1346134,1347642,420000
0,M0,766,1348279,1349691,420000
0,M0,767,1350265,1351677,420000
0,M0,768,1351413,1353085,420000
0,M0,769,1353117,1354529,420000
0,M0,770,1355521,1356933,420000
0,M0,771,1357148,1358560,420000
0,M0,772,1358863,1360275,420000
0,M0,773,1360567,1361979,420000
0,M0,774,1362403,1363815,420000
0,M0,775,1364018,1365430,420000
0,M0,776,1366050,1367462,420000
0,M0,777,1367653,1369065,420000
0,M0,778,1369402,1370814,420000
0,M0,779,1370890,1372302,420000
0,M0,780,1372643,1374055,420000
0,M0,781,1374902,1376314,420000
0,M0,782,1376233,1377722,420000
0,M0,783,1378445,1379857,420000
0,M0,784,1380147,1381559,420000
0,M0,785,1381642,1383054,420000
0,M0,786,1383760,1385172,420000
0,M0,787,1385348,1386760,420000
0,M0,788,1386922,1388334,420000
0,M0,789,1388946,1390358,420000
0,M0,790,1390356,1391768,420000
0,M0,791,1392412,1393824,420000
0,M0,792,1393953,1395365,420000
0,M0,793,1395713,1397125,420000
0,M0,794,1397435,1398847,420000
0,M0,795,1399228,1400640,420000
0,M0,796,1401110,1402522,420000
0,M0,797,1402482,1403930,420000
0,M0,798,1404684,1406096,420000
0,M0,799,1406599,1408011,420000
0,M0,800,1408165,1409577,420000
0,M0,801,1409525,1410985,420000
0,M0,802,1411590,1413002,420000
0,M0,803,1412990,1414410,420000
0,M0,804,1415202,1416614,420000
0,M0,805,1417107,1418519,420000
0,M0,806,1418556,1419968,420000
0,M0,807,1420307,1421719,420000
0,M0,808,1421821,1423233,420000
0,M0,809,1424020,1425432,420000
0,M0,810,1425746,1427158,420000
0,M0,811,1427398,1428810,420000
0,M0,812,1429008,1430420,420000
0,M0,813,1430699,1432111,420000
0,M0,814,1432940,1434352,420000
0,M0,815,1434369,1435781,420000
0,M0,816,1436497,1437909,420000
0,M0,817,1438309,1439721,420000
0,M0,818,1439302,1441129,420000
0,M0,819,1441532,1442944,420000
0,M0,820,1443321,1444733,420000
0,M0,821,1444787,1446199,420000
0,M0,822,1447054,1448466,420000
0,M0,823,1448422,1449874,420000
0,M0,824,1450590,1452002,420000
0,M0,825,1451999,1453411,420000
0,M0,826,1453409,1454821,420000
0,M0,827,1455786,1457198,420000
0,M0,828,1457257,1458669,420000
0,M0,829,1459139,1460551,420000
0,M0,830,1460530,1461959,420000
0,M0,831,1462558,1463970,420000
0,M0,832,1464050,1465462,420000
0,M0,833,1466472,1467884,420000
0,M0,834,1468236,1469648,420000
0,M0,835,1469313,1471056,420000
0,M0,836,1471594,1473006,420000
0,M0,837,1473251,1474663,420000
0,M0,838,1474762,1476174,420000
0,M0,839,1477023,1478435,420000
0,M0,840,1478019,1479843,420000
0,M0,841,1480067,1481479,420000
0,M0,842,1481900,1483312,420000
0,M0,843,1483797,1485209,420000
0,M0,844,1485357,1486769,420000
0,M0,845,1486945,1488357,420000
0,M0,846,1489044,1490456,420000
0,M0,847,1490820,1492232,420000
0,M0,848,1492463,1493875,420000
0,M0,849,1494539,1495951,420000
0,M0,850,1496128,1497540,420000
0,M0,851,1497586,1498998,420000
0,M0,852,1499545,1500957,420000
0,M0,853,1501650,1503062,420000
0,M0,854,1503273,1504685,420000
0,M0,855,1504611,1506093,420000
0,M0,856,1506732,1508144,420000
0,M0,857,1508074,1509552,420000
0,M0,858,1509818,1511230,420000
0,M0,859,1512056,1513468,420000
0,M0,860,1513248,1514876,420000
0,M0,861,1515507,1516919,420000
0,M0,862,1517221,1518633,420000
0,M0,863,1519222,1520634,420000
0,M0,864,1520426,1522042,420000
0,M0,865,1522523,1523935,420000
0,M0,866,1523969,1525381,420000
0,M0,867,1525969,1527381,420000
0,M0,868,1527320,1528789,420000
0,M0,869,1529119,1530531,420000
0,M0,870,1531492,1532904,420000
0,M0,871,1533231,1534643,420000
0,M0,872,1534362,1536051,420000
0,M0,873,1536152,1537564,420000
0,M0,874,1538166,1539578,420000
0,M0,875,1539739,1541151,420000
0,M0,876,1541543,1542955,420000
0,M0,877,1543493,1544905,420000
0,M0,878,1545223,1546635,420000
0,M0,879,1546668,1548080,420000
0,M0,880,1549138,1550550,420000
0,M0,881,1550916,1552328,420000
0,M0,882,1552135,1553736,420000
0,M0,883,1554411,1555823,420000
0,M0,884,1555939,1557351,420000
0,M0,885,1557996,1559408,420000
0,M0,886,1559122,1560816,420000
0,M0,887,1560841,1562253,420000
0,M0,888,1562673,1564085,420000
0,M0,889,1564626,1566038,420000
0,M0,890,1566783,1568195,420000
0,M0,891,1568030,1569603,420000
0,M0,892,1570091,1571503,420000
0,M0,893,1571410,1572911,420000
0,M0,894,1573786,1575198,420000
0,M0,895,1575063,1576606,420000
0,M0,896,1576715,1578127,420000
0,M0,897,1579072,1580484,420000
0,M0,898,1580792,1582204,420000
0,M0,899,1582317,1583729,420000
0,M0,900,1583754,1585166,420000
0,M0,901,1585679,1587091,420000
0,M0,902,1587791,1589203,420000
0,M0,903,1588931,1590611,420000
0,M0,904,1591185,1592597,420000
0,M0,905,1592958,1594370,420000
0,M0,906,1594461,1595873,420000
0,M0,907,1596010,1597422,420000
0,M0,908,1597962,1599374,420000
0,M0,909,1600127,1601539,420000
0,M0,910,1601499,1602947,420000
0,M0,911,1603396,1604808,420000
0,M0,912,1605117,1606529,420000
0,M0,913,1607084,1608496,420000
0,M0,914,1609022,1610434,420000
0,M0,915,1610664,1612076,420000
0,M0,916,1612519,1613931,420000
0,M0,917,1613568,1615339,420000
0,M0,918,1615493,1616905,420000
0,M0,919,1617321,1618733,420000
0,M0,920,1619461,1620873,420000
0,M0,921,1620845,1622281,420000
0,M0,922,1623073,1624485,420000
0,M0,923,1624326,1625893,420000
0,M0,924,1626228,1627640,420000
0,M0,925,1628355,1629767,420000
0,M0,926,1629974,1631386,420000
0,M0,927,1631907,1633319,420000
0,M0,928,1633523,1634935,420000
0,M0,929,1635189,1636601,420000
0,M0,930,1637012,1638424,420000
0,M0,931,1638628,1640040,420000
0,M0,932,1640351,1641763,420000
0,M0,933,1642235,1643647,420000
0,M0,934,1643736,1645148,420000
0,M0,935,1645731,1647143,420000
0,M0,936,1647170,1648582,420000
0,M0,937,1649440,1650852,420000
0,M0,938,1651050,1652462,420000
0,M0,939,1652491,1653903,420000
0,M0,940,1654451,1655863,420000
0,M0,941,1656008,1657420,420000
0,M0,942,1657948,1659360,420000
0,M0,943,1660023,1661435,420000
0,M0,944,1661280,1662843,420000
0,M0,945,1663089,1664501,420000
0,M0,946,1664610,1666022,420000
0,M0,947,1666974,1668386,420000
0,M0,948,1668642,1670054,420000
0,M0,949,1670511,1671923,420000
0,M0,950,1672197,1673609,420000
0,M0,951,1673662,1675074,420000
0,M0,952,1675159,1676571,420000
0,M0,953,1677453,1678865,420000
0,M0,954,1678725,1680273,420000
0,M0,955,1680812,1682224,420000
0,M0,956,1682911,1684323,420000
0,M0,957,1684132,1685731,420000
0,M0,958,1685685,1687139,420000
0,M0,959,1688169,1689581,420000
0,M0,960,1689956,1691368,420000
0,M0,961,1691434,1692846,420000
0,M0,962,1693483,1694895,420000
0,M0,963,1695204,1696616,420000
0,M0,964,1696450,1698024,420000
0,M0,965,1698526,1699938,420000
0,M0,966,1699927,1701346,420000
0,M0,967,1701817,1703229,420000
0,M0,968,1703359,1704771,420000
0,M0,969,1705318,1706730,420000
0,M0,970,1706808,1708220,420000
0,M0,971,1709033,1710445,420000
0,M0,972,1710574,1711986,420000
0,M0,973,1712212,1713624,420000
0,M0,974,1714487,1715899,420000
0,M0,975,1715778,1717307,420000
0,M0,976,1718104,1719516,420000
0,M0,977,1719649,1721061,420000
0,M0,978,1721493,1722905,420000
0,M0,979,1722976,1724388,420000
0,M0,980,1724769,1726181,420000
0,M0,981,1726871,1728283,420000
0,M0,982,1727994,1729691,420000
0,M0,983,1729986,1731398,420000
0,M0,984,1731651,1733063,420000
0,M0,985,1733472,1734884,420000
0,M0,986,1735373,1736785,420000
0,M0,987,1736994,1738406,420000
0,M0,988,1738753,1740165,420000
0,M0,989,1740481,1741893,420000
0,M0,990,1742344,1743756,420000
0,M0,991,1743992,1745404,420000
0,M0,992,1745894,1747306,420000
0,M0,993,1747493,1748905,420000
0,M0,994,1749209,1750621,420000
0,M0,995,1751038,1752450,420000
0,M0,996,1753300,1754712,420000
0,M0,997,1754534,1756120,420000
0,M0,998,1756302,1757714,420000
0,M0,999,1758166,1759578,420000
0,M1,0,0,1420,13500
0,M1,1,1970,3390,13500
0,M1,2,3822,5242,13500
0,M1,3,5646,7066,13500
0,M1,4,6755,8474,1500
0,M1,5,9106,10526,13500
0,M1,6,10892,12312,13500
0,M1,7,11961,13720,1500
0,M1,8,13706,15128,1500
0,M1,9,16177,17597,13500
0,M1,10,17445,19005,1500
0,M1,11,19492,20912,13500
0,M1,12,21207,22627,13500
0,M1,13,22705,24125,13500
0,M1,14,24804,26224,13500
0,M1,15,26614,28034,13500
0,M1,16,28370,29790,13500
0,M1,17,29532,31198,1500
0,M1,18,31384,32804,13500
0,M1,19,33475,34895,13500
0,M1,20,35338,36758,13500
0,M1,21,36602,38166,1500
0,M1,22,38353,39773,13500
0,M1,23,40284,41704,13500
0,M1,24,42402,43822,13500
0,M1,25,44134,45554,13500
0,M1,26,46055,47475,13500
0,M1,27,47431,48883,1500
0,M1,28,49442,50862,13500
0,M1,29,51016,52436,13500
0,M1,30,52596,54016,13500
0,M1,31,54731,56151,13500
0,M1,32,56354,57774,13500
0,M1,33,57974,59394,13500
0,M1,34,59590,61010,13500
0,M1,35,61741,63161,13500
0,M1,36,63747,65167,13500
0,M1,37,64878,66575,1500
0,M1,38,66657,68077,13500
0,M1,39,68863,70283,13500
0,M1,40,70348,71768,13500
0,M1,41,72108,73528,13500
0,M1,42,74081,75501,13500
0,M1,43,75825,77245,13500
0,M1,44,77700,79120,13500
0,M1,45,79235,80655,13500
0,M1,46,80606,82063,1500
0,M1,47,82642,84062,13500
0,M1,48,84242,85662,13500
0,M1,49,86074,87494,13500
0,M1,50,87772,89192,13500
0,M1,51,90055,91475,13500
0,M1,52,91523,92943,13500
0,M1,53,93414,94834,13500
0,M1,54,94982,96402,13500
0,M1,55,96832,98252,13500
0,M1,56,98921,100341,13500
0,M1,57,100124,101749,1500
0,M1,58,102044,103464,13500
0,M1,59,104097,105517,13500
0,M1,60,105807,107227,13500
0,M1,61,107062,108635,1500
0,M1,62,109482,110902,13500
0,M1,63,110892,112312,4500
0,M1,64,112287,113720,1500
0,M1,65,114665,116085,13500
0,M1,66,115982,117493,1500
0,M1,67,118247,119667,13500
0,M1,68,119532,121075,1500
0,M1,69,121063,122483,1500
0,M1,70,123212,124632,13500
0,M1,71,125120,126540,13500
0,M1,72,126367,127948,1500
0,M1,73,128283,129703,13500
0,M1,74,129893,131313,13500
0,M1,75,131751,133171,13500
0,M1,76,133484,134904,13500
0,M1,77,135210,136630,13500
0,M1,78,137238,138658,13500
0,M1,79,138808,140228,13500
0,M1,80,140895,142315,13500
0,M1,81,142868,144288,13500
0,M1,82,144467,145887,13500
0,M1,83,146256,147676,13500
0,M1,84,147899,149319,13500
0,M1,85,149355,150775,13500
0,M1,86,151019,152439,13500
0,M1,87,153380,154800,13500
0,M1,88,154996,156416,13500
0,M1,89,156305,157824,1500
0,M1,90,158102,159522,13500
0,M1,91,160387,161807,13500
0,M1,92,161634,163215,1500
0,M1,93,163450,164870,13500
0,M1,94,165388,166808,13500
0,M1,95,166911,168331,13500
0,M1,96,168623,170043,13500
0,M1,97,170511,171931,13500
0,M1,98,172549,173969,13500
0,M1,99,174254,175674,13500
0,M1,100,175786,177206,13500
0,M1,101,177691,179111,13500
0,M1,102,179130,180550,13500
0,M1,103,181319,182739,13500
0,M1,104,183024,184444,13500
0,M1,105,184701,186121,13500
0,M1,106,186811,188231,13500
0,M1,107,188135,189639,1500
0,M1,108,190290,191710,13500
0,M1,109,192237,193657,13500
0,M1,110,193374,195065,1500
0,M1,111,195251,196671,13500
0,M1,112,197072,198492,13500
0,M1,113,199217,200637,13500
0,M1,114,200761,202181,13500
0,M1,115,202340,203760,13500
0,M1,116,204468,205888,13500
0,M1,117,205856,207296,1500
0,M1,118,207616,209036,13500
0,M1,119,209248,210668,13500
0,M1,120,211235,212655,13500
0,M1,121,212894,214314,13500
0,M1,122,214966,216386,13500
0,M1,123,216240,217794,1500
0,M1,124,218016,219436,13500
0,M1,125,220201,221621,13500
0,M1,126,221964,223384,13500
0,M1,127,223588,225008,13500
0,M1,128,224985,226416,1500
0,M1,129,227199,228619,13500
0,M1,130,229094,230514,13500
0,M1,131,230366,231922,1500
0,M1,132,232684,234104,13500
0,M1,133,233823,235512,1500
0,M1,134,236093,237513,13500
0,M1,135,237991,239411,13500
0,M1,136,239362,240819,1500
0,M1,137,241156,242576,13500
0,M1,138,243103,244523,13500
0,M1,139,244973,246393,13500
0,M1,140,246155,247801,1500
0,M1,141,248506,249926,13500
0,M1,142,250011,251431,13500
0,M1,143,251469,252889,13500
0,M1,144,253613,255033,13500
0,M1,145,255254,256674,13500
0,M1,146,256966,258386,13500
0,M1,147,258781,260201,13500
0,M1,148,260456,261876,13500
0,M1,149,262493,263913,13500
0,M1,150,264226,265646,13500
0,M1,151,265928,267348,13500
0,M1,152,267429,268849,13500
0,M1,153,269047,270467,13500
0,M1,154,271297,272717,13500
0,M1,155,272560,274125,1500
0,M1,156,274738,276158,13500
0,M1,157,276196,277616,13500
0,M1,158,278343,279763,13500
0,M1,159,279916,281336,13500
0,M1,160,281423,282843,13500
0,M1,161,283709,285129,13500
0,M1,162,284946,286537,1500
0,M1,163,286496,287945,1500
0,M1,164,288992,290412,13500
0,M1,165,290260,291820,1500
0,M1,166,292117,293537,13500
0,M1,167,293737,295157,13500
0,M1,168,295880,297300,13500
0,M1,169,297653,299073,13500
0,M1,170,299224,300644,13500
0,M1,171,300944,302364,13500
0,M1,172,302332,303772,1500
0,M1,173,304643,306063,13500
0,M1,174,306242,307662,13500
0,M1,175,308168,309588,13500
0,M1,176,309613,311033,13500
0,M1,177,311329,312749,13500
0,M1,178,313373,314793,13500
0,M1,179,315321,316741,13500
0,M1,180,316852,318272,13500
0,M1,181,318407,319827,13500
0,M1,182,319938,321358,13500
0,M1,183,321684,323104,13500
0,M1,184,323557,324977,13500
0,M1,185,325300,326720,13500
0,M1,186,327675,329095,13500
0,M1,187,328816,330503,1500
0,M1,188,330748,332168,13500
0,M1,189,332741,334161,13500
0,M1,190,334389,335809,13500
0,M1,191,335990,337410,13500
0,M1,192,338106,339526,13500
0,M1,193,339783,341203,13500
0,M1,194,341478,342898,13500
0,M1,195,342969,344389,13500
0,M1,196,344921,346341,13500
0,M1,197,346387,347807,13500
0,M1,198,348868,350288,13500
0,M1,199,350582,352002,13500
0,M1,200,352130,353550,13500
0,M1,201,353780,355200,13500
0,M1,202,355123,356608,1500
0,M1,203,357327,358747,13500
0,M1,204,359358,360778,13500
0,M1,205,360433,362186,1500
0,M1,206,362596,364016,13500
0,M1,207,364327,365747,13500
0,M1,208,366444,367864,13500
0,M1,209,367621,369272,1500
0,M1,210,369301,370721,13500
0,M1,211,371270,372690,13500
0,M1,212,373288,374708,13500
0,M1,213,374658,376116,1500
0,M1,214,376565,377985,13500
0,M1,215,378233,379653,13500
0,M1,216,380050,381470,13500
0,M1,217,381868,383288,13500
0,M1,218,383596,385016,13500
0,M1,219,385534,386954,13500
0,M1,220,387349,388769,13500
0,M1,221,389021,390441,13500
0,M1,222,390369,391849,1500
0,M1,223,392655,394075,13500
0,M1,224,393987,395483,1500
0,M1,225,396035,397455,13500
0,M1,226,398105,399525,13500
0,M1,227,399153,400933,1500
0,M1,228,401030,402450,13500
0,M1,229,403022,404442,13500
0,M1,230,405141,406561,13500
0,M1,231,406659,408079,13500
0,M1,232,408545,409965,13500
0,M1,233,410002,411422,13500
0,M1,234,412041,413461,13500
0,M1,235,413836,415256,13500
0,M1,236,415301,416721,13500
0,M1,237,417083,418503,13500
0,M1,238,419225,420645,13500
0,M1,239,420350,422053,1500
0,M1,240,422436,423856,13500
0,M1,241,424075,425495,13500
0,M1,242,425722,427142,13500
0,M1,243,427648,429068,13500
0,M1,244,429168,430588,13500
0,M1,245,430915,432335,13500
0,M1,246,432727,434147,13500
0,M1,247,434981,436401,13500
0,M1,248,436163,437809,1500
0,M1,249,438144,439564,13500
0,M1,250,439640,441060,13500
0,M1,251,441660,443080,13500
0,M1,252,443756,445176,13500
0,M1,253,445313,446733,13500
0,M1,254,446655,448141,1500
0,M1,255,448457,449877,13500
0,M1,256,450345,451765,13500
0,M1,257,452236,453656,13500
0,M1,258,453829,455249,13500
0,M1,259,456230,457650,13500
0,M1,260,457823,459243,13500
0,M1,261,459718,461138,13500
0,M1,262,461306,462726,13500
0,M1,263,463140,464560,13500
0,M1,264,464319,465968,1500
0,M1,265,466509,467929,13500
0,M1,266,467778,469337,1500
0,M1,267,469964,471384,13500
0,M1,268,471786,473206,13500
0,M1,269,473506,474926,13500
0,M1,270,475375,476795,13500
0,M1,271,476688,478203,1500
0,M1,272,478896,480316,13500
0,M1,273,480593,482013,13500
0,M1,274,482333,483753,13500
0,M1,275,483649,485161,1500
0,M1,276,485402,486822,13500
0,M1,277,487655,489075,13500
0,M1,278,488886,490483,1500
0,M1,279,490683,492103,13500
0,M1,280,493077,494497,13500
0,M1,281,494661,496081,13500
0,M1,282,496268,497688,13500
0,M1,283,497709,499129,13500
0,M1,284,500228,501648,13500
0,M1,285,501967,503387,13500
0,M1,286,503444,504864,13500
0,M1,287,504807,506272,1500
0,M1,288,506995,508415,13500
0,M1,289,508726,510146,13500
0,M1,290,510113,511554,1500
0,M1,291,512557,513977,13500
0,M1,292,514231,515651,13500
0,M1,293,515651,517071,13500
0,M1,294,517729,519149,13500
0,M1,295,518871,520557,1500
0,M1,296,520788,522208,13500
0,M1,297,523036,524456,13500
0,M1,298,524094,525864,1500
0,M1,299,526144,527564,13500
0,M1,300,527751,529171,13500
0,M1,301,529600,531020,13500
0,M1,302,531456,532876,13500
0,M1,303,533515,534935,13500
0,M1,304,535276,536696,13500
0,M1,305,536969,538389,13500
0,M1,306,538531,539951,13500
0,M1,307,540476,541896,13500
0,M1,308,541772,543304,1500
0,M1,309,543846,545266,13500
0,M1,310,545405,546825,13500
0,M1,311,547196,548616,13500
0,M1,312,549481,550901,13500
0,M1,313,550896,552316,12000
0,M1,314,552780,554200,13500
0,M1,315,554688,556108,13500
0,M1,316,556414,557834,13500
0,M1,317,557994,559414,13500
0,M1,318,559725,561145,13500
0,M1,319,561316,562736,13500
0,M1,320,563044,564464,13500
0,M1,321,564603,566023,13500
0,M1,322,566718,568138,13500
0,M1,323,568485,569905,13500
0,M1,324,570314,571734,13500
0,M1,325,572298,573718,13500
0,M1,326,573664,575126,1500
0,M1,327,575717,577137,13500
0,M1,328,577604,579024,13500
0,M1,329,578809,580432,1500
0,M1,330,580902,582322,13500
0,M1,331,582268,583730,1500
0,M1,332,584412,585832,13500
0,M1,333,586362,587782,13500
0,M1,334,587453,589190,1500
0,M1,335,589916,591336,13500
0,M1,336,591459,592879,13500
0,M1,337,593479,594899,13500
0,M1,338,594484,596307,1500
0,M1,339,596614,598034,13500
0,M1,340,598229,599649,13500
0,M1,341,599878,601298,13500
0,M1,342,602234,603654,13500
0,M1,343,604057,605477,13500
0,M1,344,605328,606885,1500
0,M1,345,607408,608828,13500
0,M1,346,609259,610679,13500
0,M1,347,610909,612329,13500
0,M1,348,612505,613925,13500
0,M1,349,613949,615369,13500
0,M1,350,615999,617419,13500
0,M1,351,617618,619038,13500
0,M1,352,619725,621145,13500
0,M1,353,621481,622901,13500
0,M1,354,623320,624740,13500
0,M1,355,625187,626607,13500
0,M1,356,626263,628015,1500
0,M1,357,628540,629960,13500
0,M1,358,629744,631368,1500
0,M1,359,631927,633347,13500
0,M1,360,633391,634811,13500
0,M1,361,635212,636632,13500
0,M1,362,636886,638306,13500
0,M1,363,638499,639919,13500
0,M1,364,640623,642043,13500
0,M1,365,642672,644092,13500
0,M1,366,644348,645768,13500
0,M1,367,645884,647304,13500
0,M1,368,647392,648812,13500
0,M1,369,649047,650467,13500
0,M1,370,651165,652585,13500
0,M1,371,653278,654698,13500
0,M1,372,655096,656516,13500
0,M1,373,656645,658065,13500
0,M1,374,658426,659846,13500
0,M1,375,659919,661339,13500
0,M1,376,661630,663050,13500
0,M1,377,663709,665129,13500
0,M1,378,665094,666537,1500
0,M1,379,667176,668596,13500
0,M1,380,668482,670004,1500
0,M1,381,670474,671894,13500
0,M1,382,671966,673386,13500
0,M1,383,673965,675385,13500
0,M1,384,675798,677218,13500
0,M1,385,677203,678626,1500
0,M1,386,679484,680904,13500
0,M1,387,680834,682312,1500
0,M1,388,683137,684557,13500
0,M1,389,684609,686029,13500
0,M1,390,686547,687967,13500
0,M1,391,687892,689375,1500
0,M1,392,690015,691435,13500
0,M1,393,691721,693141,13500
0,M1,394,693393,694813,13500
0,M1,395,695501,696921,13500
0,M1,396,696967,698387,13500
0,M1,397,698796,700216,13500
0,M1,398,700532,701952,13500
0,M1,399,702382,703802,13500
0,M1,400,703886,705306,13500
0,M1,401,705672,707092,13500
0,M1,402,707144,708564,13500
0,M1,403,709566,710986,13500
0,M1,404,711197,712617,13500
0,M1,405,713056,714476,13500
0,M1,406,714632,716052,13500
0,M1,407,716697,718117,13500
0,M1,408,718023,719525,1500
0,M1,409,719781,721201,13500
0,M1,410,721573,722993,13500
0,M1,411,723727,725147,13500
0,M1,412,725434,726854,13500
0,M1,413,727257,728677,13500
0,M1,414,728929,730349,13500
0,M1,415,730609,732029,13500
0,M1,416,732036,733456,13500
0,M1,417,733820,735240,13500
0,M1,418,735597,737017,13500
0,M1,419,737818,739238,13500
0,M1,420,739129,740646,1500
0,M1,421,741041,742461,13500
0,M1,422,742555,743975,13500
0,M1,423,744202,745622,13500
0,M1,424,746443,747863,13500
0,M1,425,747740,749271,1500
0,M1,426,749973,751393,13500
0,M1,427,751403,752823,13500
0,M1,428,753087,754507,13500
0,M1,429,755109,756529,13500
0,M1,430,757159,758579,13500
0,M1,431,758591,760011,13500
0,M1,432,760052,761472,13500
0,M1,433,761918,763338,13500
0,M1,434,763817,765237,13500
0,M1,435,765279,766699,13500
0,M1,436,767319,768739,13500
0,M1,437,769494,770914,13500
0,M1,438,770660,772322,1500
0,M1,439,772456,773876,13500
0,M1,440,774559,775979,13500
0,M1,441,776383,777803,13500
0,M1,442,778170,779590,13500
0,M1,443,779950,781370,13500
0,M1,444,781637,783057,13500
0,M1,445,783281,784701,13500
0,M1,446,784936,786356,13500
0,M1,447,786600,788020,13500
0,M1,448,788784,790204,13500
0,M1,449,790321,791741,13500
0,M1,450,791699,793149,1500
0,M1,451,793819,795239,13500
0,M1,452,795810,797230,13500
0,M1,453,797634,799054,13500
0,M1,454,799086,800506,13500
0,M1,455,800619,802039,13500
0,M1,456,802916,804336,13500
0,M1,457,804303,805744,1500
0,M1,458,805932,807352,13500
0,M1,459,808072,809492,13500
0,M1,460,809644,811064,13500
0,M1,461,811063,812483,13500
0,M1,462,813400,814820,13500
0,M1,463,815160,816580,13500
0,M1,464,816260,817988,1500
0,M1,465,818505,819925,13500
0,M1,466,820404,821824,13500
0,M1,467,821844,823264,13500
0,M1,468,823909,825329,13500
0,M1,469,825141,826737,1500
0,M1,470,826927,828347,13500
0,M1,471,829275,830695,13500
0,M1,472,830773,832193,13500
0,M1,473,832217,833637,13500
0,M1,474,834502,835922,13500
0,M1,475,836362,837782,13500
0,M1,476,837568,839190,1500
0,M1,477,839906,841326,13500
0,M1,478,841295,842734,1500
0,M1,479,842806,844226,13500
0,M1,480,844582,846002,13500
0,M1,481,846959,848379,13500
0,M1,482,848078,849787,1500
0,M1,483,849920,851340,13500
0,M1,484,851444,852864,13500
0,M1,485,853408,854828,13500
0,M1,486,855161,856581,13500
0,M1,487,856870,858290,13500
0,M1,488,859227,860647,13500
0,M1,489,860543,862055,1500
0,M1,490,862726,864146,13500
0,M1,491,863958,865554,1500
0,M1,492,866285,867705,13500
0,M1,493,867379,869113,1500
0,M1,494,869176,870596,13500
0,M1,495,871165,872585,13500
0,M1,496,872693,874113,13500
0,M1,497,874534,875954,13500
0,M1,498,876462,877882,13500
0,M1,499,878097,879517,13500
0,M1,500,880280,881700,13500
0,M1,501,882099,883519,13500
0,M1,502,883448,884927,1500
0,M1,503,885064,886484,13500
0,M1,504,887203,888623,13500
0,M1,505,888663,890083,13500
0,M1,506,890608,892028,13500
0,M1,507,892530,893950,13500
0,M1,508,894342,895762,13500
0,M1,509,895592,897170,1500
0,M1,510,897795,899215,13500
0,M1,511,899689,901109,13500
0,M1,512,901458,902878,13500
0,M1,513,902608,904286,1500
0,M1,514,904499,905919,13500
0,M1,515,906252,907672,13500
0,M1,516,908305,909725,13500
0,M1,517,909535,911133,1500
0,M1,518,911963,913383,13500
0,M1,519,913245,914791,1500
0,M1,520,915234,916654,13500
0,M1,521,917204,918624,13500
0,M1,522,918640,920060,13500
0,M1,523,920451,921871,13500
0,M1,524,922048,923468,13500
0,M1,525,924264,925684,13500
0,M1,526,925609,927092,1500
0,M1,527,927815,929235,13500
0,M1,528,929038,930643,1500
0,M1,529,931226,932646,13500
0,M1,530,932913,934333,13500
0,M1,531,934712,936132,13500
0,M1,532,935978,937540,1500
0,M1,533,938078,939498,13500
0,M1,534,939960,941380,13500
0,M1,535,941561,942981,13500
0,M1,536,943201,944621,13500
0,M1,537,944878,946298,13500
0,M1,538,947060,948480,13500
0,M1,539,948601,950021,13500
0,M1,540,950167,951587,13500
0,M1,541,951788,953208,13500
0,M1,542,954146,955566,13500
0,M1,543,955655,957075,13500
0,M1,544,957417,958837,13500
0,M1,545,959083,960503,13500
0,M1,546,960768,962188,13500
0,M1,547,963100,964520,13500
0,M1,548,964741,966161,13500
0,M1,549,966546,967966,13500
0,M1,550,968034,969454,13500
0,M1,551,969771,971191,13500
0,M1,552,971715,973135,13500
0,M1,553,973519,974939,13500
0,M1,554,975299,976719,13500
0,M1,555,976481,978127,1500
0,M1,556,978736,980156,13500
0,M1,557,980421,981841,13500
0,M1,558,982282,983702,13500
0,M1,559,983601,985110,1500
0,M1,560,985455,986875,13500
0,M1,561,987226,988646,13500
0,M1,562,989089,990509,13500
0,M1,563,990834,992254,13500
0,M1,564,992825,994245,13500
0,M1,565,994510,995930,13500
0,M1,566,996083,997503,13500
0,M1,567,997783,999203,13500
0,M1,568,999688,1001108,13500
0,M1,569,1001138,1002558,13500
0,M1,570,1002991,1004411,13500
0,M1,571,1004964,1006384,13500
0,M1,572,1006350,1007792,1500
0,M1,573,1008225,1009645,13500
0,M1,574,1010213,1011633,13500
0,M1,575,1011743,1013163,13500
0,M1,576,1014034,1015454,13500
0,M1,577,1015795,1017215,13500
0,M1,578,1017374,1018794,13500
0,M1,579,1019296,1020716,13500
0,M1,580,1021149,1022569,13500
0,M1,581,1022798,1024218,13500
0,M1,582,1024508,1025928,13500
0,M1,583,1025832,1027336,1500
0,M1,584,1028115,1029535,13500
0,M1,585,1029904,1031324,13500
0,M1,586,1031648,1033068,13500
0,M1,587,1032928,1034476,1500
0,M1,588,1034588,1036008,13500
0,M1,589,1036687,1038107,13500
0,M1,590,1038105,1039525,13500
0,M1,591,1040121,1041541,13500
0,M1,592,1041994,1043414,13500
0,M1,593,1044054,1045474,13500
0,M1,594,1045770,1047190,13500
0,M1,595,1047316,1048736,13500
0,M1,596,1048800,1050220,13500
0,M1,597,1050708,1052128,13500
0,M1,598,1052878,1054298,13500
0,M1,599,1054231,1055706,1500
0,M1,600,1055692,1057114,1500
0,M1,601,1057718,1059138,13500
0,M1,602,1059839,1061259,13500
0,M1,603,1061085,1062667,1500
0,M1,604,1063330,1064750,13500
0,M1,605,1064647,1066158,1500
0,M1,606,1066485,1067905,13500
0,M1,607,1068595,1070015,13500
0,M1,608,1069697,1071423,1500
0,M1,609,1072048,1073468,13500
0,M1,610,1073214,1074876,1500
0,M1,611,1075486,1076906,13500
0,M1,612,1077247,1078667,13500
0,M1,613,1078835,1080255,13500
0,M1,614,1080368,1081788,13500
0,M1,615,1082209,1083629,13500
0,M1,616,1084026,1085446,13500
0,M1,617,1086320,1087740,13500
0,M1,618,1088004,1089424,13500
0,M1,619,1089685,1091105,13500
0,M1,620,1091343,1092763,13500
0,M1,621,1093099,1094519,13500
0,M1,622,1094742,1096162,13500
0,M1,623,1096234,1097654,13500
0,M1,624,1098342,1099762,13500
0,M1,625,1100364,1101784,13500
0,M1,626,1101594,1103192,1500
0,M1,627,1103558,1104978,13500
0,M1,628,1105232,1106652,13500
0,M1,629,1107281,1108701,13500
0,M1,630,1109165,1110585,13500
0,M1,631,1110812,1112232,13500
0,M1,632,1112274,1113694,13500
0,M1,633,1114453,1115873,13500
0,M1,634,1115912,1117332,13500
0,M1,635,1117349,1118769,13500
0,M1,636,1119559,1120979,13500
0,M1,637,1121096,1122516,13500
0,M1,638,1122850,1124270,13500
0,M1,639,1124357,1125777,13500
0,M1,640,1126272,1127692,13500
0,M1,641,1128533,1129953,13500
0,M1,642,1129883,1131361,1500
0,M1,643,1131957,1133377,13500
0,M1,644,1133119,1134785,1500
0,M1,645,1134823,1136243,13500
0,M1,646,1137305,1138725,13500
0,M1,647,1138688,1140133,1500
0,M1,648,1140701,1142121,13500
0,M1,649,1142520,1143940,13500
0,M1,650,1144371,1145791,13500
0,M1,651,1145701,1147199,1500
0,M1,652,1147306,1148726,13500
0,M1,653,1149077,1150497,13500
0,M1,654,1150713,1152133,13500
0,M1,655,1152782,1154202,13500
0,M1,656,1154253,1155673,13500
0,M1,657,1156184,1157604,13500
0,M1,658,1157929,1159349,13500
0,M1,659,1159801,1161221,13500
0,M1,660,1161899,1163319,13500
0,M1,661,1163000,1164727,1500
0,M1,662,1165394,1166814,13500
0,M1,663,1167275,1168695,13500
0,M1,664,1168423,1170103,1500
0,M1,665,1170126,1171546,13500
0,M1,666,1172318,1173738,13500
0,M1,667,1173714,1175146,1500
0,M1,668,1175903,1177323,13500
0,M1,669,1177563,1178983,13500
0,M1,670,1178866,1180391,1500
0,M1,671,1180919,1182339,13500
0,M1,672,1182975,1184395,13500
0,M1,673,1184434,1185854,13500
0,M1,674,1186523,1187943,13500
0,M1,675,1187612,1189351,1500
0,M1,676,1189464,1190884,13500
0,M1,677,1191728,1193148,13500
0,M1,678,1193190,1194610,13500
0,M1,679,1194810,1196230,13500
0,M1,680,1196859,1198279,13500
0,M1,681,1198363,1199783,13500
0,M1,682,1200016,1201436,13500
0,M1,683,1202020,1203440,13500
0,M1,684,1203896,1205316,13500
0,M1,685,1205613,1207033,13500
0,M1,686,1207291,1208711,13500
0,M1,687,1209149,1210569,13500
0,M1,688,1210553,1211977,1500
0,M1,689,1212961,1214381,13500
0,M1,690,1214234,1215789,1500
0,M1,691,1215919,1217339,13500
0,M1,692,1218048,1219468,13500
0,M1,693,1219710,1221130,13500
0,M1,694,1221797,1223217,13500
0,M1,695,1222923,1224625,1500
0,M1,696,1224628,1226048,13500
0,M1,697,1226700,1228120,13500
0,M1,698,1228472,1229892,13500
0,M1,699,1230146,1231566,13500
0,M1,700,1232216,1233636,13500
0,M1,701,1233636,1235056,13500
0,M1,702,1235655,1237075,13500
0,M1,703,1237009,1238483,1500
0,M1,704,1239340,1240760,13500
0,M1,705,1240663,1242168,1500
0,M1,706,1242401,1243821,13500
0,M1,707,1244637,1246057,13500
0,M1,708,1245780,1247465,1500
0,M1,709,1247682,1249102,13500
0,M1,710,1249462,1250882,13500
0,M1,711,1251734,1253154,13500
0,M1,712,1253225,1254645,13500
0,M1,713,1254757,1256177,13500
0,M1,714,1256502,1257922,13500
0,M1,715,1258113,1259533,13500
0,M1,716,1259888,1261308,13500
0,M1,717,1261595,1263015,13500
0,M1,718,1263872,1265292,13500
0,M1,719,1265641,1267061,13500
0,M1,720,1266830,1268469,1500
0,M1,721,1268564,1269984,13500
0,M1,722,1271079,1272499,13500
0,M1,723,1272455,1273907,1500
0,M1,724,1273971,1275391,13500
0,M1,725,1275641,1277061,13500
0,M1,726,1277499,1278919,13500
0,M1,727,1279277,1280697,13500
0,M1,728,1281226,1282646,13500
0,M1,729,1283333,1284753,13500
0,M1,730,1284763,1286183,13500
0,M1,731,1286808,1288228,13500
0,M1,732,1288418,1289838,13500
0,M1,733,1290011,1291431,13500
0,M1,734,1291779,1293199,13500
0,M1,735,1293291,1294711,13500
0,M1,736,1295239,1296659,13500
0,M1,737,1297488,1298908,13500
0,M1,738,1298685,1300316,1500
0,M1,739,1300710,1302130,13500
0,M1,740,1302478,1303898,13500
0,M1,741,1304236,1305656,13500
0,M1,742,1305678,1307098,13500
0,M1,743,1307746,1309166,13500
0,M1,744,1309778,1311198,13500
0,M1,745,1311162,1312606,1500
0,M1,746,1313093,1314513,13500
0,M1,747,1314834,1316254,13500
0,M1,748,1316502,1317922,13500
0,M1,749,1318226,1319646,13500
0,M1,750,1320130,1321550,13500
0,M1,751,1321812,1323232,13500
0,M1,752,1323873,1325293,13500
0,M1,753,1325552,1326972,13500
0,M1,754,1326879,1328380,1500
0,M1,755,1328481,1329901,13500
0,M1,756,1330339,1331759,13500
0,M1,757,1331930,1333350,13500
0,M1,758,1334345,1335765,13500
0,M1,759,1335973,1337393,13500
0,M1,760,1337976,1339396,13500
0,M1,761,1339738,1341158,13500
0,M1,762,1341212,1342632,13500
0,M1,763,1342848,1344268,13500
0,M1,764,1344822,1346242,13500
0,M1,765,1346134,1347650,1500
0,M1,766,1348279,1349699,13500
0,M1,767,1350265,1351685,13500
0,M1,768,1351413,1353093,1500
0,M1,769,1353117,1354537,13500
0,M1,770,1355521,1356941,13500
0,M1,771,1357148,1358568,13500
0,M1,772,1358863,1360283,13500
0,M1,773,1360567,1361987,13500
0,M1,774,1362403,1363823,13500
0,M1,775,1364018,1365438,13500
0,M1,776,1366050,1367470,13500
0,M1,777,1367653,1369073,13500
0,M1,778,1369402,1370822,13500
0,M1,779,1370890,1372310,13500
0,M1,780,1372643,1374063,13500
0,M1,781,1374902,1376322,13500
0,M1,782,1376233,1377730,1500
0,M1,783,1378445,1379865,13500
0,M1,784,1380147,1381567,13500
0,M1,785,1381642,1383062,13500
0,M1,786,1383760,1385180,13500
0,M1,787,1385348,1386768,13500
0,M1,788,1386922,1388342,13500
0,M1,789,1388946,1390366,13500
0,M1,790,1390356,1391776,4500
0,M1,791,1392412,1393832,13500
0,M1,792,1393953,1395373,13500
0,M1,793,1395713,1397133,13500
0,M1,794,1397435,1398855,13500
0,M1,795,1399228,1400648,13500
0,M1,796,1401110,1402530,13500
0,M1,797,1402482,1403938,1500
0,M1,798,1404684,1406104,13500
0,M1,799,1406599,1408019,13500
0,M1,800,1408165,1409585,13500
0,M1,801,1409525,1410993,1500
0,M1,802,1411590,1413010,13500
0,M1,803,1412990,1414418,1500
0,M1,804,1415202,1416622,13500
0,M1,805,1417107,1418527,13500
0,M1,806,1418556,1419976,13500
0,M1,807,1420307,1421727,13500
0,M1,808,1421821,1423241,13500
0,M1,809,1424020,1425440,13500
0,M1,810,1425746,1427166,13500
0,M1,811,1427398,1428818,13500
0,M1,812,1429008,1430428,13500
0,M1,813,1430699,1432119,13500
0,M1,814,1432940,1434360,13500
0,M1,815,1434369,1435789,13500
0,M1,816,1436497,1437917,13500
0,M1,817,1438309,1439729,13500
0,M1,818,1439302,1441137,1500
0,M1,819,1441532,1442952,13500
0,M1,820,1443321,1444741,13500
0,M1,821,1444787,1446207,13500
0,M1,822,1447054,1448474,13500
0,M1,823,1448422,1449882,1500
0,M1,824,1450590,1452010,13500
0,M1,825,1451999,1453419,3000
0,M1,826,1453409,1454829,4500
0,M1,827,1455786,1457206,13500
0,M1,828,1457257,1458677,13500
0,M1,829,1459139,1460559,13500
0,M1,830,1460530,1461967,1500
0,M1,831,1462558,1463978,13500
0,M1,832,1464050,1465470,13500
0,M1,833,1466472,1467892,13500
0,M1,834,1468236,1469656,13500
0,M1,835,1469313,1471064,1500
0,M1,836,1471594,1473014,13500
0,M1,837,1473251,1474671,13500
0,M1,838,1474762,1476182,13500
0,M1,839,1477023,1478443,13500
0,M1,840,1478019,1479851,1500
0,M1,841,1480067,1481487,13500
0,M1,842,1481900,1483320,13500
0,M1,843,1483797,1485217,13500
0,M1,844,1485357,1486777,13500
0,M1,845,1486945,1488365,13500
0,M1,846,1489044,1490464,13500
0,M1,847,1490820,1492240,13500
0,M1,848,1492463,1493883,13500
0,M1,849,1494539,1495959,13500
0,M1,850,1496128,1497548,13500
0,M1,851,1497586,1499006,13500
0,M1,852,1499545,1500965,13500
0,M1,853,1501650,1503070,13500
0,M1,854,1503273,1504693,13500
0,M1,855,1504611,1506101,1500
0,M1,856,1506732,1508152,13500
0,M1,857,1508074,1509560,1500
0,M1,858,1509818,1511238,13500
0,M1,859,1512056,1513476,13500
0,M1,860,1513248,1514884,1500
0,M1,861,1515507,1516927,13500
0,M1,862,1517221,1518641,13500
0,M1,863,1519222,1520642,13500
0,M1,864,1520426,1522050,1500
0,M1,865,1522523,1523943,13500
0,M1,866,1523969,1525389,13500
0,M1,867,1525969,1527389,13500
0,M1,868,1527320,1528797,1500
0,M1,869,1529119,1530539,13500
0,M1,870,1531492,1532912,13500
0,M1,871,1533231,1534651,13500
0,M1,872,1534362,1536059,1500
0,M1,873,1536152,1537572,13500
0,M1,874,1538166,1539586,13500
0,M1,875,1539739,1541159,13500
0,M1,876,1541543,1542963,13500
0,M1,877,1543493,1544913,13500
0,M1,878,1545223,1546643,13500
0,M1,879,1546668,1548088,13500
0,M1,880,1549138,1550558,13500
0,M1,881,1550916,1552336,13500
0,M1,882,1552135,1553744,1500
0,M1,883,1554411,1555831,13500
0,M1,884,1555939,1557359,13500
0,M1,885,1557996,1559416,13500
0,M1,886,1559122,1560824,1500
0,M1,887,1560841,1562261,13500
0,M1,888,1562673,1564093,13500
0,M1,889,1564626,1566046,13500
0,M1,890,1566783,1568203,13500
0,M1,891,1568030,1569611,1500
0,M1,892,1570091,1571511,13500
0,M1,893,1571410,1572919,1500
0,M1,894,1573786,1575206,13500
0,M1,895,1575063,1576614,1500
0,M1,896,1576715,1578135,13500
0,M1,897,1579072,1580492,13500
0,M1,898,1580792,1582212,13500
0,M1,899,1582317,1583737,13500
0,M1,900,1583754,1585174,13500
0,M1,901,1585679,1587099,13500
0,M1,902,1587791,1589211,13500
0,M1,903,1588931,1590619,1500
0,M1,904,1591185,1592605,13500
0,M1,905,1592958,1594378,13500
0,M1,906,1594461,1595881,13500
0,M1,907,1596010,1597430,13500
0,M1,908,1597962,1599382,13500
0,M1,909,1600127,1601547,13500
0,M1,910,1601499,1602955,1500
0,M1,911,1603396,1604816,13500
0,M1,912,1605117,1606537,13500
0,M1,913,1607084,1608504,13500
0,M1,914,1609022,1610442,13500
0,M1,915,1610664,1612084,13500
0,M1,916,1612519,1613939,13500
0,M1,917,1613568,1615347,1500
0,M1,918,1615493,1616913,13500
0,M1,919,1617321,1618741,13500
0,M1,920,1619461,1620881,13500
0,M1,921,1620845,1622289,1500
0,M1,922,1623073,1624493,13500
0,M1,923,1624326,1625901,1500
0,M1,924,1626228,1627648,13500
0,M1,925,1628355,1629775,13500
0,M1,926,1629974,1631394,13500
0,M1,927,1631907,1633327,13500
0,M1,928,1633523,1634943,13500
0,M1,929,1635189,1636609,13500
0,M1,930,1637012,1638432,13500
0,M1,931,1638628,1640048,13500
0,M1,932,1640351,1641771,13500
0,M1,933,1642235,1643655,13500
0,M1,934,1643736,1645156,13500
0,M1,935,1645731,1647151,13500
0,M1,936,1647170,1648590,13500
0,M1,937,1649440,1650860,13500
0,M1,938,1651050,1652470,13500
0,M1,939,1652491,1653911,13500
0,M1,940,1654451,1655871,13500
0,M1,941,1656008,1657428,13500
0,M1,942,1657948,1659368,13500
0,M1,943,1660023,1661443,13500
0,M1,944,1661280,1662851,1500
0,M1,945,1663089,1664509,13500
0,M1,946,1664610,1666030,13500
0,M1,947,1666974,1668394,13500
0,M1,948,1668642,1670062,13500
0,M1,949,1670511,1671931,13500
0,M1,950,1672197,1673617,13500
0,M1,951,1673662,1675082,13500
0,M1,952,1675159,1676579,13500
0,M1,953,1677453,1678873,13500
0,M1,954,1678725,1680281,1500
0,M1,955,1680812,1682232,13500
0,M1,956,1682911,1684331,13500
0,M1,957,1684132,1685739,1500
0,M1,958,1685685,1687147,1500
0,M1,959,1688169,1689589,13500
0,M1,960,1689956,1691376,13500
0,M1,961,1691434,1692854,13500
0,M1,962,1693483,1694903,13500
0,M1,963,1695204,1696624,13500
0,M1,964,1696450,1698032,1500
0,M1,965,1698526,1699946,13500
0,M1,966,1699927,1701354,1500
0,M1,967,1701817,1703237,13500
0,M1,968,1703359,1704779,13500
0,M1,969,1705318,1706738,13500
0,M1,970,1706808,1708228,13500
0,M1,971,1709033,1710453,13500
0,M1,972,1710574,1711994,13500
0,M1,973,1712212,1713632,13500
0,M1,974,1714487,1715907,13500
0,M1,975,1715778,1717315,1500
0,M1,976,1718104,1719524,13500
0,M1,977,1719649,1721069,13500
0,M1,978,1721493,1722913,13500
0,M1,979,1722976,1724396,13500
0,M1,980,1724769,1726189,13500
0,M1,981,1726871,1728291,13500
0,M1,982,1727994,1729699,1500
0,M1,983,1729986,1731406,13500
0,M1,984,1731651,1733071,13500
0,M1,985,1733472,1734892,13500
0,M1,986,1735373,1736793,13500
0,M1,987,1736994,1738414,13500
0,M1,988,1738753,1740173,13500
0,M1,989,1740481,1741901,13500
0,M1,990,1742344,1743764,13500
0,M1,991,1743992,1745412,13500
0,M1,992,1745894,1747314,13500
0,M1,993,1747493,1748913,13500
0,M1,994,1749209,1750629,13500
0,M1,995,1751038,1752458,13500
0,M1,996,1753300,1754720,13500
0,M1,997,1754534,1756128,1500
0,M1,998,1756302,1757722,13500
0,M1,999,1758166,1759586,13500
1,M0,0,0,1412,420000
1,M0,1,1518,2930,420000
1,M0,2,3235,4647,420000
1,M0,3,4892,6304,420000
1,M0,4,7038,8450,420000
1,M0,5,8457,9869,420000
1,M0,6,10444,11856,420000
1,M0,7,12550,13962,420000
1,M0,8,13836,15370,420000
1,M0,9,16025,17437,420000
1,M0,10,17624,19036,420000
1,M0,11,19335,20747,420000
1,M0,12,20862,22274,420000
1,M0,13,22788,24200,420000
1,M0,14,24970,26382,420000
1,M0,15,26049,27790,420000
1,M0,16,27774,29198,420000
1,M0,17,30114,31526,420000
1,M0,18,31507,32934,420000
1,M0,19,33699,35111,420000
1,M0,20,34881,36519,420000
1,M0,21,37083,38495,420000
1,M0,22,38782,40194,420000
1,M0,23,40554,41966,420000
1,M0,24,42538,43950,420000
1,M0,25,44005,45417,420000
1,M0,26,45832,47244,420000
1,M0,27,47358,48770,420000
1,M0,28,49467,50879,420000
1,M0,29,50713,52287,420000
1,M0,30,52648,54060,420000
1,M0,31,54230,55642,420000
1,M0,32,56262,57674,420000
1,M0,33,58050,59462,420000
1,M0,34,60003,61415,420000
1,M0,35,61989,63401,420000
1,M0,36,63547,64959,420000
1,M0,37,65424,66836,420000
1,M0,38,66834,68246,420000
1,M0,39,69016,70428,420000
1,M0,40,70367,71836,420000
1,M0,41,71894,73306,420000
1,M0,42,74153,75565,420000
1,M0,43,75440,76973,420000
1,M0,44,77810,79222,420000
1,M0,45,79257,80669,420000
1,M0,46,81236,82648,420000
1,M0,47,82464,84056,420000
1,M0,48,84217,85629,420000
1,M0,49,85935,87347,420000
1,M0,50,88199,89611,420000
1,M0,51,90113,91525,420000
1,M0,52,91236,92933,420000
1,M0,53,92899,94341,420000
1,M0,54,95234,96646,420000
1,M0,55,96678,98090,420000
1,M0,56,98167,99579,420000
1,M0,57,100109,101521,420000
1,M0,58,101985,103397,420000
1,M0,59,103753,105165,420000
1,M0,60,105637,107049,420000
1,M0,61,107419,108831,420000
1,M0,62,109460,110872,420000
1,M0,63,110644,112280,420000
1,M0,64,112995,114407,420000
1,M0,65,114429,115841,420000
1,M0,66,115866,117278,420000
1,M0,67,117850,119262,420000
1,M0,68,119651,121063,420000
1,M0,69,121458,122870,420000
1,M0,70,122955,124367,420000
1,M0,71,124727,126139,420000
1,M0,72,127094,128506,420000
1,M0,73,128468,129914,420000
1,M0,74,130170,131582,420000
1,M0,75,132292,133704,420000
1,M0,76,133715,135127,420000
1,M0,77,135467,136879,420000
1,M0,78,137325,138737,420000
1,M0,79,139337,140749,420000
1,M0,80,140642,142157,420000
1,M0,81,142919,144331,420000
1,M0,82,144643,146055,420000
1,M0,83,145977,147463,420000
1,M0,84,147712,149124,420000
1,M0,85,149982,151394,420000
1,M0,86,151031,152802,420000
1,M0,87,153381,154793,420000
1,M0,88,154787,156201,420000
1,M0,89,156486,157898,420000
1,M0,90,158546,159958,420000
1,M0,91,160392,161804,420000
1,M0,92,162285,163697,420000
1,M0,93,163751,165163,420000
1,M0,94,165397,166809,420000
1,M0,95,167359,168771,420000
1,M0,96,169033,170445,420000
1,M0,97,170762,172174,420000
1,M0,98,172601,174013,420000
1,M0,99,174401,175813,420000
1,M0,100,175884,177296,420000
1,M0,101,177441,178853,420000
1,M0,102,179685,181097,420000
1,M0,103,181323,182735,420000
1,M0,104,183346,184758,420000
1,M0,105,184527,186166,420000
1,M0,106,186436,187848,420000
1,M0,107,188268,189680,420000
1,M0,108,190194,191606,420000
1,M0,109,192199,193611,420000
1,M0,110,193999,195411,420000
1,M0,111,195463,196875,420000
1,M0,112,196974,198386,420000
1,M0,113,198639,200051,420000
1,M0,114,200246,201658,420000
1,M0,115,202028,203440,420000
1,M0,116,203973,205385,420000
1,M0,117,206107,207519,420000
1,M0,118,207975,209387,420000
1,M0,119,209449,210861,420000
1,M0,120,210890,212302,420000
1,M0,121,212712,214124,420000
1,M0,122,215102,216514,420000
1,M0,123,216146,217922,420000
1,M0,124,218058,219470,420000
1,M0,125,219767,221179,420000
1,M0,126,221833,223245,420000
1,M0,127,223711,225123,420000
1,M0,128,225521,226933,420000
1,M0,129,227028,228440,420000
1,M0,130,228573,229985,420000
1,M0,131,230545,231957,420000
1,M0,132,232285,233697,420000
1,M0,133,234200,235612,420000
1,M0,134,235766,237178,420000
1,M0,135,237911,239323,420000
1,M0,136,239141,240731,420000
1,M0,137,241221,242633,420000
1,M0,138,242669,244081,420000
1,M0,139,244645,246057,420000
1,M0,140,246789,248201,420000
1,M0,141,247911,249609,420000
1,M0,142,249893,251305,420000
1,M0,143,251283,252713,420000
1,M0,144,253314,254726,420000
1,M0,145,255213,256625,420000
1,M0,146,257149,258561,420000
1,M0,147,259003,260415,420000
1,M0,148,260319,261823,420000
1,M0,149,262039,263451,420000
1,M0,150,263636,265048,420000
1,M0,151,265784,267196,420000
1,M0,152,267746,269158,420000
1,M0,153,269008,270566,420000
1,M0,154,271264,272676,420000
1,M0,155,273197,274609,420000
1,M0,156,274396,276017,420000
1,M0,157,276651,278063,420000
1,M0,158,277817,279471,420000
1,M0,159,280080,281492,420000
1,M0,160,281221,282900,420000
1,M0,161,283688,285100,420000
1,M0,162,285401,286813,420000
1,M0,163,287206,288618,420000
1,M0,164,288751,290163,420000
1,M0,165,290284,291696,420000
1,M0,166,292375,293787,420000
1,M0,167,293556,295195,420000
1,M0,168,295790,297202,420000
1,M0,169,297567,298979,420000
1,M0,170,299360,300772,420000
1,M0,171,300797,302209,420000
1,M0,172,302846,304258,420000
1,M0,173,304125,305666,420000
1,M0,174,306234,307646,420000
1,M0,175,307834,309246,420000
1,M0,176,309936,311348,420000
1,M0,177,311476,312888,420000
1,M0,178,313087,314499,420000
1,M0,179,314924,316336,420000
1,M0,180,316993,318405,420000
1,M0,181,318771,320183,420000
1,M0,182,320227,321639,420000
1,M0,183,322204,323616,420000
1,M0,184,323980,325392,420000
1,M0,185,325220,326800,420000
1,M0,186,327005,328417,420000
1,M0,187,329256,330668,420000
1,M0,188,331168,332580,420000
1,M0,189,332674,334086,420000
1,M0,190,334741,336153,420000
1,M0,191,336557,337969,420000
1,M0,192,338296,339708,420000
1,M0,193,339620,341116,420000
1,M0,194,341221,342633,420000
1,M0,195,342810,344222,420000
1,M0,196,345255,346667,420000
1,M0,197,346843,348255,420000
1,M0,198,348681,350093,420000
1,M0,199,350437,351849,420000
1,M0,200,352371,353783,420000
1,M0,201,353619,355191,420000
1,M0,202,355235,356647,420000
1,M0,203,357008,358420,420000
1,M0,204,359188,360600,420000
1,M0,205,361008,362420,420000
1,M0,206,362851,364263,420000
1,M0,207,364609,366021,420000
1,M0,208,366316,367728,420000
1,M0,209,367819,369231,420000
1,M0,210,369499,370911,420000
1,M0,211,371014,372426,420000
1,M0,212,373021,374433,420000
1,M0,213,375005,376417,420000
1,M0,214,376607,378019,420000
1,M0,215,378403,379815,420000
1,M0,216,380499,381911,420000
1,M0,217,381711,383319,420000
1,M0,218,383409,384821,420000
1,M0,219,385680,387092,420000
1,M0,220,387369,388781,420000
1,M0,221,389233,390645,420000
1,M0,222,391106,392518,420000
1,M0,223,392687,394099,420000
1,M0,224,394481,395893,420000
1,M0,225,395748,397301,420000
1,M0,226,398063,399475,420000
1,M0,227,399502,400914,420000
1,M0,228,401362,402774,420000
1,M0,229,403411,404823,420000
1,M0,230,404747,406231,420000
1,M0,231,406950,408362,420000
1,M0,232,408259,409770,420000
1,M0,233,409968,411380,420000
1,M0,234,412114,413526,420000
1,M0,235,413464,414934,420000
1,M0,236,415069,416481,420000
1,M0,237,416945,418357,420000
1,M0,238,418950,420362,420000
1,M0,239,420850,422262,420000
1,M0,240,422129,423670,420000
1,M0,241,424416,425828,420000
1,M0,242,426076,427488,420000
1,M0,243,427518,428930,420000
1,M0,244,429748,431160,420000
1,M0,245,431366,432778,420000
1,M0,246,433260,434672,420000
1,M0,247,434567,436080,420000
1,M0,248,436683,438095,420000
1,M0,249,438084,439503,420000
1,M0,250,439813,441225,420000
1,M0,251,441729,443141,420000
1,M0,252,443814,445226,420000
1,M0,253,445606,447018,420000
1,M0,254,446884,448426,420000
1,M0,255,449040,450452,420000
1,M0,256,450678,452090,420000
1,M0,257,452011,453498,420000
1,M0,258,454268,455680,420000
1,M0,259,455724,457136,420000
1,M0,260,457365,458777,420000
1,M0,261,459632,461044,420000
1,M0,262,460804,462452,420000
1,M0,263,462829,464241,420000
1,M0,264,464590,466002,420000
1,M0,265,466494,467906,420000
1,M0,266,468349,469761,420000
1,M0,267,470020,471432,420000
1,M0,268,471964,473376,420000
1,M0,269,473143,474784,420000
1,M0,270,475132,476544,420000
1,M0,271,476731,478143,420000
1,M0,272,478982,480394,420000
1,M0,273,480784,482196,420000
1,M0,274,481946,483604,420000
1,M0,275,484341,485753,420000
1,M0,276,486113,487525,420000
1,M0,277,487157,488933,420000
1,M0,278,489229,490641,420000
1,M0,279,491298,492710,420000
1,M0,280,493084,494496,420000
1,M0,281,494433,495904,420000
1,M0,282,496372,497784,420000
1,M0,283,498379,499791,420000
1,M0,284,499716,501199,420000
1,M0,285,501508,502920,420000
1,M0,286,503526,504938,420000
1,M0,287,505132,506544,420000
1,M0,288,506735,508147,420000
1,M0,289,508811,510223,420000
1,M0,290,510220,511632,420000
1,M0,291,512459,513871,420000
1,M0,292,514300,515712,420000
1,M0,293,516079,517491,420000
1,M0,294,517594,519006,420000
1,M0,295,519450,520862,420000
1,M0,296,521189,522601,420000
1,M0,297,522633,524045,420000
1,M0,298,524462,525874,420000
1,M0,299,526157,527569,420000
1,M0,300,528370,529782,420000
1,M0,301,529911,531323,420000
1,M0,302,531275,532731,420000
1,M0,303,533602,535014,420000
1,M0,304,534908,536422,420000
1,M0,305,536836,538248,420000
1,M0,306,538313,539725,420000
1,M0,307,540305,541717,420000
1,M0,308,542209,543621,420000
1,M0,309,543557,545029,420000
1,M0,310,545691,547103,420000
1,M0,311,547751,549163,420000
1,M0,312,548752,550571,420000
1,M0,313,550966,552378,420000
1,M0,314,552428,553840,420000
1,M0,315,554228,555640,420000
1,M0,316,556515,557927,420000
1,M0,317,557763,559335,420000
1,M0,318,559914,561326,420000
1,M0,319,561836,563248,420000
1,M0,320,563233,564656,420000
1,M0,321,565188,566600,420000
1,M0,322,566890,568302,420000
1,M0,323,568116,569710,420000
1,M0,324,570590,572002,420000
1,M0,325,572352,573764,420000
1,M0,326,573490,575172,420000
1,M0,327,575705,577117,420000
1,M0,328,577481,578893,420000
1,M0,329,578868,580301,420000
1,M0,330,580753,582165,420000
1,M0,331,582254,583666,420000
1,M0,332,584663,586075,420000
1,M0,333,586027,587483,420000
1,M0,334,587600,589012,420000
1,M0,335,589781,591193,420000
1,M0,336,591624,593036,420000
1,M0,337,592867,594444,420000
1,M0,338,594970,596382,420000
1,M0,339,596717,598129,420000
1,M0,340,598189,599601,420000
1,M0,341,600058,601470,420000
1,M0,342,601927,603339,420000
1,M0,343,603809,605221,420000
1,M0,344,605787,607199,420000
1,M0,345,607446,608858,420000
1,M0,346,608780,610266,420000
1,M0,347,611034,612446,420000
1,M0,348,612640,614052,420000
1,M0,349,614383,615795,420000
1,M0,350,615921,617333,420000
1,M0,351,617545,618957,420000
1,M0,352,619653,621065,420000
1,M0,353,621564,622976,420000
1,M0,354,623391,624803,420000
1,M0,355,624717,626211,420000
1,M0,356,626605,628017,420000
1,M0,357,628549,629961,420000
1,M0,358,630045,631457,420000
1,M0,359,632037,633449,420000
1,M0,360,633822,635234,420000
1,M0,361,635571,636983,420000
1,M0,362,637006,638418,420000
1,M0,363,638981,640393,420000
1,M0,364,640652,642064,420000
1,M0,365,642148,643560,420000
1,M0,366,644028,645440,420000
1,M0,367,645724,647136,420000
1,M0,368,648027,649439,420000
1,M0,369,649127,650847,420000
1,M0,370,650835,652255,420000
1,M0,371,653076,654488,420000
1,M0,372,655092,656504,420000
1,M0,373,656414,657912,420000
1,M0,374,658257,659669,420000
1,M0,375,660074,661486,420000
1,M0,376,661452,662894,420000
1,M0,377,663308,664720,420000
1,M0,378,665344,666756,420000
1,M0,379,666988,668400,420000
1,M0,380,669149,670561,420000
1,M0,381,670501,671969,420000
1,M0,382,672568,673980,420000
1,M0,383,674061,675473,420000
1,M0,384,675816,677228,420000
1,M0,385,677992,679404,420000
1,M0,386,679147,680812,420000
1,M0,387,680818,682230,420000
1,M0,388,682640,684052,420000
1,M0,389,684726,686138,420000
1,M0,390,686535,687947,420000
1,M0,391,688392,689804,420000
1,M0,392,689606,691212,420000
1,M0,393,691984,693396,420000
1,M0,394,693375,694804,420000
1,M0,395,695160,696572,420000
1,M0,396,697130,698542,420000
1,M0,397,698403,699950,420000
1,M0,398,700322,701734,420000
1,M0,399,702045,703457,420000
1,M0,400,704042,705454,420000
1,M0,401,705682,707094,420000
1,M0,402,707813,709225,420000
1,M0,403,709114,710633,420000
1,M0,404,711236,712648,420000
1,M0,405,712583,714056,420000
1,M0,406,714437,715849,420000
1,M0,407,716592,718004,420000
1,M0,408,718383,719795,420000
1,M0,409,720077,721489,420000
1,M0,410,721424,722897,420000
1,M0,411,723055,724467,420000
1,M0,412,724969,726381,420000
1,M0,413,726677,728089,420000
1,M0,414,728722,730134,420000
1,M0,415,730512,731924,420000
1,M0,416,731808,733332,420000
1,M0,417,733534,734946,420000
1,M0,418,735809,737221,420000
1,M0,419,737637,739049,420000
1,M0,420,739524,740936,420000
1,M0,421,740583,742344,420000
1,M0,422,742728,744140,420000
1,M0,423,744311,745723,420000
1,M0,424,746238,747650,420000
1,M0,425,748274,749686,420000
1,M0,426,749813,751225,420000
1,M0,427,751256,752668,420000
1,M0,428,753552,754964,420000
1,M0,429,755257,756669,420000
1,M0,430,756498,758077,420000
1,M0,431,758596,760008,420000
1,M0,432,760573,761985,420000
1,M0,433,761764,763393,420000
1,M0,434,763902,765314,420000
1,M0,435,765963,767375,420000
1,M0,436,767486,768898,420000
1,M0,437,769504,770916,420000
1,M0,438,771044,772456,420000
1,M0,439,773024,774436,420000
1,M0,440,774559,775971,420000
1,M0,441,776224,777636,420000
1,M0,442,778113,779525,420000
1,M0,443,779876,781288,420000
1,M0,444,781744,783156,420000
1,M0,445,783445,784857,420000
1,M0,446,784686,786265,420000
1,M0,447,786634,788046,420000
1,M0,448,788254,789666,420000
1,M0,449,790446,791858,420000
1,M0,450,792252,793664,420000
1,M0,451,793377,795072,420000
1,M0,452,795920,797332,420000
1,M0,453,797023,798740,420000
1,M0,454,799151,800563,420000
1,M0,455,800602,802014,420000
1,M0,456,802525,803937,420000
1,M0,457,804686,806098,420000
1,M0,458,806313,807725,420000
1,M0,459,807875,809287,420000
1,M0,460,809867,811279,420000
1,M0,461,810975,812687,420000
1,M0,462,813187,814599,420000
1,M0,463,814525,816007,420000
1,M0,464,816357,817769,420000
1,M0,465,818234,819646,420000
1,M0,466,819828,821240,420000
1,M0,467,821820,823232,420000
1,M0,468,824079,825491,420000
1,M0,469,825179,826899,420000
1,M0,470,827484,828896,420000
1,M0,471,829083,830495,420000
1,M0,472,830374,831903,420000
1,M0,473,832737,834149,420000
1,M0,474,833947,835557,420000
1,M0,475,835991,837403,420000
1,M0,476,837995,839407,420000
1,M0,477,839632,841044,420000
1,M0,478,841112,842524,420000
1,M0,479,842763,844175,420000
1,M0,480,844772,846184,420000
1,M0,481,846700,848112,420000
1,M0,482,848270,849682,420000
1,M0,483,850318,851730,420000
1,M0,484,851622,853138,420000
1,M0,485,853443,854855,420000
1,M0,486,855423,856835,420000
1,M0,487,857209,858621,420000
1,M0,488,858883,860295,420000
1,M0,489,860644,862056,420000
1,M0,490,862267,863679,420000
1,M0,491,864193,865605,420000
1,M0,492,865725,867137,420000
1,M0,493,867822,869234,420000
1,M0,494,869546,870958,420000
1,M0,495,870939,872366,420000
1,M0,496,872578,873990,420000
1,M0,497,874382,875794,420000
1,M0,498,876782,878194,420000
1,M0,499,878256,879668,420000
1,M0,500,880256,881668,420000
1,M0,501,881521,883076,420000
1,M0,502,883338,884750,420000
1,M0,503,885008,886420,420000
1,M0,504,887239,888651,420000
1,M0,505,888771,890183,420000
1,M0,506,890334,891746,420000
1,M0,507,892363,893775,420000
1,M0,508,894308,895720,420000
1,M0,509,895551,897128,420000
1,M0,510,897926,899338,420000
1,M0,511,899479,900891,420000
1,M0,512,901173,902585,420000
1,M0,513,903265,904677,420000
1,M0,514,904417,906085,420000
1,M0,515,906517,907929,420000
1,M0,516,908431,909843,420000
1,M0,517,909994,911406,420000
1,M0,518,911303,912814,420000
1,M0,519,913560,914972,420000
1,M0,520,915137,916549,420000
1,M0,521,916677,918089,420000
1,M0,522,919115,920527,420000
1,M0,523,920797,922209,420000
1,M0,524,922395,923807,420000
1,M0,525,923993,925405,420000
1,M0,526,925616,927028,420000
1,M0,527,927504,928916,420000
1,M0,528,928892,930324,420000
1,M0,529,930793,932205,420000
1,M0,530,932947,934359,420000
1,M0,531,934767,936179,420000
1,M0,532,936453,937865,420000
1,M0,533,937799,939273,420000
1,M0,534,939752,941164,420000
1,M0,535,941682,943094,420000
1,M0,536,943345,944757,420000
1,M0,537,944831,946243,420000
1,M0,538,946789,948201,420000
1,M0,539,948958,950370,420000
1,M0,540,950647,952059,420000
1,M0,541,952217,953629,420000
1,M0,542,953955,955367,420000
1,M0,543,955528,956940,420000
1,M0,544,957155,958567,420000
1,M0,545,959223,960635,420000
1,M0,546,961021,962433,420000
1,M0,547,963032,964444,420000
1,M0,548,964814,966226,420000
1,M0,549,965979,967634,420000
1,M0,550,968058,969470,420000
1,M0,551,970066,971478,420000
1,M0,552,971686,973098,420000
1,M0,553,972918,974506,420000
1,M0,554,974937,976349,420000
1,M0,555,976790,978202,420000
1,M0,556,978260,979672,420000
1,M0,557,980501,981913,420000
1,M0,558,982127,983539,420000
1,M0,559,983742,985154,420000
1,M0,560,985640,987052,420000
1,M0,561,987144,988556,420000
1,M0,562,989213,990625,420000
1,M0,563,990656,992068,420000
1,M0,564,992830,994242,420000
1,M0,565,994001,995650,420000
1,M0,566,996179,997591,420000
1,M0,567,997744,999156,420000
1,M0,568,999722,1001134,420000
1,M0,569,1001288,1002700,420000
1,M0,570,1003030,1004442,420000
1,M0,571,1004583,1005995,420000
1,M0,572,1006690,1008102,420000
1,M0,573,1008131,1009543,420000
1,M0,574,1010470,1011882,420000
1,M0,575,1011725,1013290,420000
1,M0,576,1013680,1015092,420000
1,M0,577,1015880,1017292,420000
1,M0,578,1017359,1018771,420000
1,M0,579,1019325,1020737,420000
1,M0,580,1020772,1022184,420000
1,M0,581,1022957,1024369,420000
1,M0,582,1024274,1025777,420000
1,M0,583,1026014,1027426,420000
1,M0,584,1027946,1029358,420000
1,M0,585,1029844,1031256,420000
1,M0,586,1031051,1032664,420000
1,M0,587,1032965,1034377,420000
1,M0,588,1035061,1036473,420000
1,M0,589,1036576,1037988,420000
1,M0,590,1038143,1039555,420000
1,M0,591,1040464,1041876,420000
1,M0,592,1042190,1043602,420000
1,M0,593,1043497,1045010,420000
1,M0,594,1045695,1047107,420000
1,M0,595,1046888,1048515,420000
1,M0,596,1048609,1050021,420000
1,M0,597,1050994,1052406,420000
1,M0,598,1052247,1053814,420000
1,M0,599,1054354,1055766,420000
1,M0,600,1056370,1057782,420000
1,M0,601,1057611,1059190,420000
1,M0,602,1059176,1060598,420000
1,M0,603,1061002,1062414,420000
1,M0,604,1062872,1064284,420000
1,M0,605,1064938,1066350,420000
1,M0,606,1066206,1067758,420000
1,M0,607,1068313,1069725,420000
1,M0,608,1070093,1071505,420000
1,M0,609,1071827,1073239,420000
1,M0,610,1073420,1074832,420000
1,M0,611,1075020,1076432,420000
1,M0,612,1077090,1078502,420000
1,M0,613,1078766,1080178,420000
1,M0,614,1080964,1082376,420000
1,M0,615,1082570,1083982,420000
1,M0,616,1083908,1085390,420000
1,M0,617,1086038,1087450,420000
1,M0,618,1087819,1089231,420000
1,M0,619,1089294,1090706,420000
1,M0,620,1090861,1092273,420000
1,M0,621,1092804,1094216,420000
1,M0,622,1094465,1095877,420000
1,M0,623,1096479,1097891,420000
1,M0,624,1098066,1099478,420000
1,M0,625,1100223,1101635,420000
1,M0,626,1101770,1103182,420000
1,M0,627,1103337,1104749,420000
1,M0,628,1104979,1106391,420000
1,M0,629,1107273,1108685,420000
1,M0,630,1108765,1110177,420000
1,M0,631,1110341,1111753,420000
1,M0,632,1111977,1113389,420000
1,M0,633,1114119,1115531,420000
1,M0,634,1115691,1117103,420000
1,M0,635,1117498,1118910,420000
1,M0,636,1119643,1121055,420000
1,M0,637,1121400,1122812,420000
1,M0,638,1123082,1124494,420000
1,M0,639,1124602,1126014,420000
1,M0,640,1126008,1127422,420000
1,M0,641,1127836,1129248,420000
1,M0,642,1129852,1131264,420000
1,M0,643,1131476,1132888,420000
1,M0,644,1133576,1134988,420000
1,M0,645,1135233,1136645,420000
1,M0,646,1137199,1138611,420000
1,M0,647,1138838,1140250,420000
1,M0,648,1140449,1141861,420000
1,M0,649,1141951,1143363,420000
1,M0,650,1143983,1145395,420000
1,M0,651,1145532,1146944,420000
1,M0,652,1147423,1148835,420000
1,M0,653,1149160,1150572,420000
1,M0,654,1150700,1152112,420000
1,M0,655,1152457,1153869,420000
1,M0,656,1154773,1156185,420000
1,M0,657,1156126,1157593,420000
1,M0,658,1158419,1159831,420000
1,M0,659,1160131,1161543,420000
1,M0,660,1161678,1163090,420000
1,M0,661,1163224,1164636,420000
1,M0,662,1164966,1166378,420000
1,M0,663,1166836,1168248,420000
1,M0,664,1168860,1170272,420000
1,M0,665,1170721,1172133,420000
1,M0,666,1172453,1173865,420000
1,M0,667,1174094,1175506,420000
1,M0,668,1175518,1176930,420000
1,M0,669,1177618,1179030,420000
1,M0,670,1179133,1180545,420000
1,M0,671,1181094,1182506,420000
1,M0,672,1183093,1184505,420000
1,M0,673,1184367,1185913,420000
1,M0,674,1186260,1187672,420000
1,M0,675,1188054,1189466,420000
1,M0,676,1189672,1191084,420000
1,M0,677,1191766,1193178,420000
1,M0,678,1192999,1194586,420000
1,M0,679,1195194,1196606,420000
1,M0,680,1196416,1198014,420000
1,M0,681,1198605,1200017,420000
1,M0,682,1200603,1202015,420000
1,M0,683,1201950,1203423,420000
1,M0,684,1204100,1205512,420000
1,M0,685,1205362,1206920,420000
1,M0,686,1207357,1208769,420000
1,M0,687,1208722,1210177,420000
1,M0,688,1211247,1212659,420000
1,M0,689,1212719,1214131,420000
1,M0,690,1214609,1216021,420000
1,M0,691,1215964,1217429,420000
1,M0,692,1217774,1219186,420000
1,M0,693,1219732,1221144,420000
1,M0,694,1221312,1222724,420000
1,M0,695,1223126,1224538,420000
1,M0,696,1225049,1226461,420000
1,M0,697,1226418,1227869,420000
1,M0,698,1228727,1230139,420000
1,M0,699,1230398,1231810,420000
1,M0,700,1232033,1233445,420000
1,M0,701,1233429,1234853,420000
1,M0,702,1235413,1236825,420000
1,M0,703,1236998,1238410,420000
1,M0,704,1239321,1240733,420000
1,M0,705,1240773,1242185,420000
1,M0,706,1242780,1244192,420000
1,M0,707,1244290,1245702,420000
1,M0,708,1246327,1247739,420000
1,M0,709,1248055,1249467,420000
1,M0,710,1249813,1251225,420000
1,M0,711,1251410,1252822,420000
1,M0,712,1253028,1254440,420000
1,M0,713,1254990,1256402,420000
1,M0,714,1256319,1257810,420000
1,M0,715,1258349,1259761,420000
1,M0,716,1260445,1261857,420000
1,M0,717,1262042,1263454,420000
1,M0,718,1264044,1265456,420000
1,M0,719,1265615,1267027,420000
1,M0,720,1266996,1268435,420000
1,M0,721,1268803,1270215,420000
1,M0,722,1270826,1272238,420000
1,M0,723,1272238,1273650,420000
1,M0,724,1273880,1275292,420000
1,M0,725,1275810,1277222,420000
1,M0,726,1278120,1279532,420000
1,M0,727,1279512,1280940,420000
1,M0,728,1281502,1282914,420000
1,M0,729,1283364,1284776,420000
1,M0,730,1285143,1286555,420000
1,M0,731,1286892,1288304,420000
1,M0,732,1288398,1289810,420000
1,M0,733,1290045,1291457,420000
1,M0,734,1291454,1292866,420000
1,M0,735,1293923,1295335,420000
1,M0,736,1295185,1296743,420000
1,M0,737,1297071,1298483,420000
1,M0,738,1298559,1299971,420000
1,M0,739,1300530,1301942,420000
1,M0,740,1302626,1304038,420000
1,M0,741,1304225,1305637,420000
1,M0,742,1306125,1307537,420000
1,M0,743,1307514,1308945,420000
1,M0,744,1309740,1311152,420000
1,M0,745,1311530,1312942,420000
1,M0,746,1312765,1314350,420000
1,M0,747,1314708,1316120,420000
1,M0,748,1316830,1318242,420000
1,M0,749,1318473,1319885,420000
1,M0,750,1319617,1321293,420000
1,M0,751,1321843,1323255,420000
1,M0,752,1323661,1325073,420000
1,M0,753,1325669,1327081,420000
1,M0,754,1327099,1328511,420000
1,M0,755,1329110,1330522,420000
1,M0,756,1330505,1331930,420000
1,M0,757,1332409,1333821,420000
1,M0,758,1333951,1335363,420000
1,M0,759,1335788,1337200,420000
1,M0,760,1337991,1339403,420000
1,M0,761,1339735,1341147,420000
1,M0,762,1340751,1342555,420000
1,M0,763,1343046,1344458,420000
1,M0,764,1344719,1346131,420000
1,M0,765,1346303,1347715,420000
1,M0,766,1348042,1349454,420000
1,M0,767,1350063,1351475,420000
1,M0,768,1351379,1352883,420000
1,M0,769,1353366,1354778,420000
1,M0,770,1354923,1356335,420000
1,M0,771,1356878,1358290,420000
1,M0,772,1358711,1360123,420000
1,M0,773,1360531,1361943,420000
1,M0,774,1362047,1363459,420000
1,M0,775,1363805,1365217,420000
1,M0,776,1366012,1367424,420000
1,M0,777,1367305,1368832,420000
1,M0,778,1369640,1371052,420000
1,M0,779,1371022,1372460,420000
1,M0,780,1372652,1374064,420000
1,M0,781,1374624,1376036,420000
1,M0,782,1375970,1377444,420000
1,M0,783,1377917,1379329,420000
1,M0,784,1379707,1381119,420000
1,M0,785,1381862,1383274,420000
1,M0,786,1383384,1384796,420000
1,M0,787,1385431,1386843,420000
1,M0,788,1386949,1388361,420000
1,M0,789,1388660,1390072,420000
1,M0,790,1390253,1391665,420000
1,M0,791,1392497,1393909,420000
1,M0,792,1393574,1395317,420000
1,M0,793,1395985,1397397,420000
1,M0,794,1397479,1398891,420000
1,M0,795,1399321,1400733,420000
1,M0,796,1400921,1402333,420000
1,M0,797,1402471,1403883,420000
1,M0,798,1404489,1405901,420000
1,M0,799,1406029,1407441,420000
1,M0,800,1408201,1409613,420000
1,M0,801,1410033,1411445,420000
1,M0,802,1411523,1412935,420000
1,M0,803,1413635,1415047,420000
1,M0,804,1415319,1416731,420000
1,M0,805,1416921,1418333,420000
1,M0,806,1418748,1420160,420000
1,M0,807,1420251,1421663,420000
1,M0,808,1422117,1423529,420000
1,M0,809,1423665,1425077,420000
1,M0,810,1425479,1426891,420000
1,M0,811,1427268,1428680,420000
1,M0,812,1429307,1430719,420000
1,M0,813,1431236,1432648,420000
1,M0,814,1432902,1434314,420000
1,M0,815,1434718,1436130,420000
1,M0,816,1435896,1437538,420000
1,M0,817,1438020,1439432,420000
1,M0,818,1439347,1440840,420000
1,M0,819,1441469,1442881,420000
1,M0,820,1443284,1444696,420000
1,M0,821,1445260,1446672,420000
1,M0,822,1447040,1448452,420000
1,M0,823,1448243,1449860,420000
1,M0,824,1449930,1451342,420000
1,M0,825,1451982,1453394,420000
1,M0,826,1454119,1455531,420000
1,M0,827,1455824,1457236,420000
1,M0,828,1456905,1458644,420000
1,M0,829,1458660,1460072,420000
1,M0,830,1460454,1461866,420000
1,M0,831,1462244,1463656,420000
1,M0,832,1463928,1465340,420000
1,M0,833,1465981,1467393,420000
1,M0,834,1467924,1469336,420000
1,M0,835,1469613,1471025,420000
1,M0,836,1471430,1472842,420000
1,M0,837,1473012,1474424,420000
1,M0,838,1474723,1476135,420000
1,M0,839,1476994,1478406,420000
1,M0,840,1478359,1479814,420000
1,M0,841,1480086,1481498,420000
1,M0,842,1481634,1483046,420000
1,M0,843,1483927,1485339,420000
1,M0,844,1485804,1487216,420000
1,M0,845,1487084,1488624,420000
1,M0,846,1488694,1490106,420000
1,M0,847,1490420,1491832,420000
1,M0,848,1492347,1493759,420000
1,M0,849,1493947,1495359,420000
1,M0,850,1495631,1497043,420000
1,M0,851,1497505,1498917,420000
1,M0,852,1499726,1501138,420000
1,M0,853,1501175,1502587,420000
1,M0,854,1503399,1504811,420000
1,M0,855,1504583,1506219,420000
1,M0,856,1506893,1508305,420000
1,M0,857,1508000,1509713,420000
1,M0,858,1510449,1511861,420000
1,M0,859,1511743,1513269,420000
1,M0,860,1513272,1514684,420000
1,M0,861,1515640,1517052,420000
1,M0,862,1516897,1518460,420000
1,M0,863,1518626,1520038,420000
1,M0,864,1520673,1522085,420000
1,M0,865,1522302,1523714,420000
1,M0,866,1523983,1525395,420000
1,M0,867,1525823,1527235,420000
1,M0,868,1527338,1528750,420000
1,M0,869,1529272,1530684,420000
1,M0,870,1531466,1532878,420000
1,M0,871,1532656,1534286,420000
1,M0,872,1534996,1536408,420000
1,M0,873,1536735,1538147,420000
1,M0,874,1538077,1539555,420000
1,M0,875,1539618,1541030,420000
1,M0,876,1541940,1543352,420000
1,M0,877,1543837,1545249,420000
1,M0,878,1545149,1546657,420000
1,M0,879,1546842,1548254,420000
1,M0,880,1549013,1550425,420000
1,M0,881,1550859,1552271,420000
1,M0,882,1552286,1553698,420000
1,M0,883,1554435,1555847,420000
1,M0,884,1555629,1557255,420000
1,M0,885,1557683,1559095,420000
1,M0,886,1559100,1560512,420000
1,M0,887,1561479,1562891,420000
1,M0,888,1562811,1564299,420000
1,M0,889,1564893,1566305,420000
1,M0,890,1566191,1567713,420000
1,M0,891,1568293,1569705,420000
1,M0,892,1569990,1571402,420000
1,M0,893,1571966,1573378,420000
1,M0,894,1573784,1575196,420000
1,M0,895,1574907,1576604,420000
1,M0,896,1577305,1578717,420000
1,M0,897,1578451,1580125,420000
1,M0,898,1580197,1581609,420000
1,M0,899,1582204,1583616,420000
1,M0,900,1583785,1585197,420000
1,M0,901,1585576,1586988,420000
1,M0,902,1587421,1588833,420000
1,M0,903,1589505,1590917,420000
1,M0,904,1590966,1592378,420000
1,M0,905,1592682,1594094,420000
1,M0,906,1594521,1595933,420000
1,M0,907,1596413,1597825,420000
1,M0,908,1598208,1599620,420000
1,M0,909,1599769,1601181,420000
1,M0,910,1601659,1603071,420000
1,M0,911,1603629,1605041,420000
1,M0,912,1605276,1606688,420000
1,M0,913,1606680,1608096,420000
1,M0,914,1608464,1609876,420000
1,M0,915,1610549,1611961,420000
1,M0,916,1612291,1613703,420000
1,M0,917,1614197,1615609,420000
1,M0,918,1615585,1617017,420000
1,M0,919,1617362,1618774,420000
1,M0,920,1619525,1620937,420000
1,M0,921,1620799,1622345,420000
1,M0,922,1622469,1623881,420000
1,M0,923,1624579,1625991,420000
1,M0,924,1625966,1627399,420000
1,M0,925,1628225,1629637,420000
1,M0,926,1629369,1631045,420000
1,M0,927,1631826,1633238,420000
1,M0,928,1633518,1634930,420000
1,M0,929,1634943,1636355,420000
1,M0,930,1636417,1637829,420000
1,M0,931,1638216,1639628,420000
1,M0,932,1640193,1641605,420000
1,M0,933,1642265,1643677,420000
1,M0,934,1643566,1645085,420000
1,M0,935,1645773,1647185,420000
1,M0,936,1647479,1648891,420000
1,M0,937,1648856,1650299,420000
1,M0,938,1650933,1652345,420000
1,M0,939,1652890,1654302,420000
1,M0,940,1654254,1655710,420000
1,M0,941,1656453,1657865,420000
1,M0,942,1657761,1659273,420000
1,M0,943,1660001,1661413,420000
1,M0,944,1661376,1662821,420000
1,M0,945,1663364,1664776,420000
1,M0,946,1665162,1666574,420000
1,M0,947,1667086,1668498,420000
1,M0,948,1668201,1669906,420000
1,M0,949,1669921,1671333,420000
1,M0,950,1671835,1673247,420000
1,M0,951,1674156,1675568,420000
1,M0,952,1675456,1676976,420000
1,M0,953,1677299,1678711,420000
1,M0,954,1679195,1680607,420000
1,M0,955,1681007,1682419,420000
1,M0,956,1682190,1683827,420000
1,M0,957,1684604,1686016,420000
1,M0,958,1686325,1687737,420000
1,M0,959,1687812,1689224,420000
1,M0,960,1689437,1690849,420000
1,M0,961,1691444,1692856,420000
1,M0,962,1693372,1694784,420000
1,M0,963,1694685,1696192,420000
1,M0,964,1696250,1697662,420000
1,M0,965,1698160,1699572,420000
1,M0,966,1699772,1701184,420000
1,M0,967,1702127,1703539,420000
1,M0,968,1703964,1705376,420000
1,M0,969,1705776,1707188,420000
1,M0,970,1707218,1708630,420000
1,M0,971,1708637,1710049,420000
1,M0,972,1711101,1712513,420000
1,M0,973,1712240,1713921,420000
1,M0,974,1714170,1715582,420000
1,M0,975,1716230,1717642,420000
1,M0,976,1717436,1719050,420000
1,M0,977,1719556,1720968,420000
1,M0,978,1721275,1722687,420000
1,M0,979,1722809,1724221,420000
1,M0,980,1724771,1726183,420000
1,M0,981,1726222,1727634,420000
1,M0,982,1728696,1730108,420000
1,M0,983,1729983,1731516,420000
1,M0,984,1731747,1733159,420000
1,M0,985,1733987,1735399,420000
1,M0,986,1735309,1736807,420000
1,M0,987,1736961,1738373,420000
1,M0,988,1739061,1740473,420000
1,M0,989,1740911,1742323,420000
1,M0,990,1742734,1744146,420000
1,M0,991,1743866,1745554,420000
1,M0,992,1746190,1747602,420000
1,M0,993,1747504,1749010,420000
1,M0,994,1749302,1750714,420000
1,M0,995,1751363,1752775,420000
1,M0,996,1753069,1754481,420000
1,M0,997,1754797,1756209,420000
1,M0,998,1756541,1757953,420000
1,M0,999,1758439,1759851,420000
1,M1,0,0,1420,13500
1,M1,1,1518,2938,13500
1,M1,2,3235,4655,13500
1,M1,3,4892,6312,13500
1,M1,4,7038,8458,13500
1,M1,5,8457,9877,13500
1,M1,6,10444,11864,13500
1,M1,7,12550,13970,13500
1,M1,8,13836,15378,1500
1,M1,9,16025,17445,13500
1,M1,10,17624,19044,13500
1,M1,11,19335,20755,13500
1,M1,12,20862,22282,13500
1,M1,13,22788,24208,13500
1,M1,14,24970,26390,13500
1,M1,15,26049,27798,1500
1,M1,16,27774,29206,1500
1,M1,17,30114,31534,13500
1,M1,18,31507,32942,1500
1,M1,19,33699,35119,13500
1,M1,20,34881,36527,1500
1,M1,21,37083,38503,13500
1,M1,22,38782,40202,13500
1,M1,23,40554,41974,13500
1,M1,24,42538,43958,13500
1,M1,25,44005,45425,13500
1,M1,26,45832,47252,13500
1,M1,27,47358,48778,13500
1,M1,28,49467,50887,13500
1,M1,29,50713,52295,1500
1,M1,30,52648,54068,13500
1,M1,31,54230,55650,13500
1,M1,32,56262,57682,13500
1,M1,33,58050,59470,13500
1,M1,34,60003,61423,13500
1,M1,35,61989,63409,13500
1,M1,36,63547,64967,13500
1,M1,37,65424,66844,13500
1,M1,38,66834,68254,4500
1,M1,39,69016,70436,13500
1,M1,40,70367,71844,1500
1,M1,41,71894,73314,13500
1,M1,42,74153,75573,13500
1,M1,43,75440,76981,1500
1,M1,44,77810,79230,13500
1,M1,45,79257,80677,13500
1,M1,46,81236,82656,13500
1,M1,47,82464,84064,1500
1,M1,48,84217,85637,13500
1,M1,49,85935,87355,13500
1,M1,50,88199,89619,13500
1,M1,51,90113,91533,13500
1,M1,52,91236,92941,1500
1,M1,53,92899,94349,1500
1,M1,54,95234,96654,13500
1,M1,55,96678,98098,13500
1,M1,56,98167,99587,13500
1,M1,57,100109,101529,13500
1,M1,58,101985,103405,13500
1,M1,59,103753,105173,13500
1,M1,60,105637,107057,13500
1,M1,61,107419,108839,13500
1,M1,62,109460,110880,13500
1,M1,63,110644,112288,1500
1,M1,64,112995,114415,13500
1,M1,65,114429,115849,13500
1,M1,66,115866,117286,13500
1,M1,67,117850,119270,13500
1,M1,68,119651,121071,13500
1,M1,69,121458,122878,13500
1,M1,70,122955,124375,13500
1,M1,71,124727,126147,13500
1,M1,72,127094,128514,13500
1,M1,73,128468,129922,1500
1,M1,74,130170,131590,13500
1,M1,75,132292,133712,13500
1,M1,76,133715,135135,13500
1,M1,77,135467,136887,13500
1,M1,78,137325,138745,13500
1,M1,79,139337,140757,13500
1,M1,80,140642,142165,1500
1,M1,81,142919,144339,13500
1,M1,82,144643,146063,13500
1,M1,83,145977,147471,1500
1,M1,84,147712,149132,13500
1,M1,85,149982,151402,13500
1,M1,86,151031,152810,1500
1,M1,87,153381,154801,13500
1,M1,88,154787,156209,1500
1,M1,89,156486,157906,13500
1,M1,90,158546,159966,13500
1,M1,91,160392,161812,13500
1,M1,92,162285,163705,13500
1,M1,93,163751,165171,13500
1,M1,94,165397,166817,13500
1,M1,95,167359,168779,13500
1,M1,96,169033,170453,13500
1,M1,97,170762,172182,13500
1,M1,98,172601,174021,13500
1,M1,99,174401,175821,13500
1,M1,100,175884,177304,13500
1,M1,101,177441,178861,13500
1,M1,102,179685,181105,13500
1,M1,103,181323,182743,13500
1,M1,104,183346,184766,13500
1,M1,105,184527,186174,1500
1,M1,106,186436,187856,13500
1,M1,107,188268,189688,13500
1,M1,108,190194,191614,13500
1,M1,109,192199,193619,13500
1,M1,110,193999,195419,13500
1,M1,111,195463,196883,13500
1,M1,112,196974,198394,13500
1,M1,113,198639,200059,13500
1,M1,114,200246,201666,13500
1,M1,115,202028,203448,13500
1,M1,116,203973,205393,13500
1,M1,117,206107,207527,13500
1,M1,118,207975,209395,13500
1,M1,119,209449,210869,13500
1,M1,120,210890,212310,13500
1,M1,121,212712,214132,13500
1,M1,122,215102,216522,13500
1,M1,123,216146,217930,1500
1,M1,124,218058,219478,13500
1,M1,125,219767,221187,13500
1,M1,126,221833,223253,13500
1,M1,127,223711,225131,13500
1,M1,128,225521,226941,13500
1,M1,129,227028,228448,13500
1,M1,130,228573,229993,13500
1,M1,131,230545,231965,13500
1,M1,132,232285,233705,13500
1,M1,133,234200,235620,13500
1,M1,134,235766,237186,13500
1,M1,135,237911,239331,13500
1,M1,136,239141,240739,1500
1,M1,137,241221,242641,13500
1,M1,138,242669,244089,13500
1,M1,139,244645,246065,13500
1,M1,140,246789,248209,13500
1,M1,141,247911,249617,1500
1,M1,142,249893,251313,13500
1,M1,143,251283,252721,1500
1,M1,144,253314,254734,13500
1,M1,145,255213,256633,13500
1,M1,146,257149,258569,13500
1,M1,147,259003,260423,13500
1,M1,148,260319,261831,1500
1,M1,149,262039,263459,13500
1,M1,150,263636,265056,13500
1,M1,151,265784,267204,13500
1,M1,152,267746,269166,13500
1,M1,153,269008,270574,1500
1,M1,154,271264,272684,13500
1,M1,155,273197,274617,13500
1,M1,156,274396,276025,1500
1,M1,157,276651,278071,13500
1,M1,158,277817,279479,1500
1,M1,159,280080,281500,13500
1,M1,160,281221,282908,1500
1,M1,161,283688,285108,13500
1,M1,162,285401,286821,13500
1,M1,163,287206,288626,13500
1,M1,164,288751,290171,13500
1,M1,165,290284,291704,13500
1,M1,166,292375,293795,13500
1,M1,167,293556,295203,1500
1,M1,168,295790,297210,13500
1,M1,169,297567,298987,13500
1,M1,170,299360,300780,13500
1,M1,171,300797,302217,13500
1,M1,172,302846,304266,13500
1,M1,173,304125,305674,1500
1,M1,174,306234,307654,13500
1,M1,175,307834,309254,13500
1,M1,176,309936,311356,13500
1,M1,177,311476,312896,13500
1,M1,178,313087,314507,13500
1,M1,179,314924,316344,13500
1,M1,180,316993,318413,13500
1,M1,181,318771,320191,13500
1,M1,182,320227,321647,13500
1,M1,183,322204,323624,13500
1,M1,184,323980,325400,13500
1,M1,185,325220,326808,1500
1,M1,186,327005,328425,13500
1,M1,187,329256,330676,13500
1,M1,188,331168,332588,13500
1,M1,189,332674,334094,13500
1,M1,190,334741,336161,13500
1,M1,191,336557,337977,13500
1,M1,192,338296,339716,13500
1,M1,193,339620,341124,1500
1,M1,194,341221,342641,13500
1,M1,195,342810,344230,13500
1,M1,196,345255,346675,13500
1,M1,197,346843,348263,13500
1,M1,198,348681,350101,13500
1,M1,199,350437,351857,13500
1,M1,200,352371,353791,13500
1,M1,201,353619,355199,1500
1,M1,202,355235,356655,13500
1,M1,203,357008,358428,13500
1,M1,204,359188,360608,13500
1,M1,205,361008,362428,13500
1,M1,206,362851,364271,13500
1,M1,207,364609,366029,13500
1,M1,208,366316,367736,13500
1,M1,209,367819,369239,13500
1,M1,210,369499,370919,13500
1,M1,211,371014,372434,13500
1,M1,212,373021,374441,13500
1,M1,213,375005,376425,13500
1,M1,214,376607,378027,13500
1,M1,215,378403,379823,13500
1,M1,216,380499,381919,13500
1,M1,217,381711,383327,1500
1,M1,218,383409,384829,13500
1,M1,219,385680,387100,13500
1,M1,220,387369,388789,13500
1,M1,221,389233,390653,13500
1,M1,222,391106,392526,13500
1,M1,223,392687,394107,13500
1,M1,224,394481,395901,13500
1,M1,225,395748,397309,1500
1,M1,226,398063,399483,13500
1,M1,227,399502,400922,13500
1,M1,228,401362,402782,13500
1,M1,229,403411,404831,13500
1,M1,230,404747,406239,1500
1,M1,231,406950,408370,13500
1,M1,232,408259,409778,1500
1,M1,233,409968,411388,13500
1,M1,234,412114,413534,13500
1,M1,235,413464,414942,1500
1,M1,236,415069,416489,13500
1,M1,237,416945,418365,13500
1,M1,238,418950,420370,13500
1,M1,239,420850,422270,13500
1,M1,240,422129,423678,1500
1,M1,241,424416,425836,13500
1,M1,242,426076,427496,13500
1,M1,243,427518,428938,13500
1,M1,244,429748,431168,13500
1,M1,245,431366,432786,13500
1,M1,246,433260,434680,13500
1,M1,247,434567,436088,1500
1,M1,248,436683,438103,13500
1,M1,249,438084,439511,1500
1,M1,250,439813,441233,13500
1,M1,251,441729,443149,13500
1,M1,252,443814,445234,13500
1,M1,253,445606,447026,13500
1,M1,254,446884,448434,1500
1,M1,255,449040,450460,13500
1,M1,256,450678,452098,13500
1,M1,257,452011,453506,1500
1,M1,258,454268,455688,13500
1,M1,259,455724,457144,13500
1,M1,260,457365,458785,13500
1,M1,261,459632,461052,13500
1,M1,262,460804,462460,1500
1,M1,263,462829,464249,13500
1,M1,264,464590,466010,13500
1,M1,265,466494,467914,13500
1,M1,266,468349,469769,13500
1,M1,267,470020,471440,13500
1,M1,268,471964,473384,13500
1,M1,269,473143,474792,1500
1,M1,270,475132,476552,13500
1,M1,271,476731,478151,13500
1,M1,272,478982,480402,13500
1,M1,273,480784,482204,13500
1,M1,274,481946,483612,1500
1,M1,275,484341,485761,13500
1,M1,276,486113,487533,13500
1,M1,277,487157,488941,1500
1,M1,278,489229,490649,13500
1,M1,279,491298,492718,13500
1,M1,280,493084,494504,13500
1,M1,281,494433,495912,1500
1,M1,282,496372,497792,13500
1,M1,283,498379,499799,13500
1,M1,284,499716,501207,1500
1,M1,285,501508,502928,13500
1,M1,286,503526,504946,13500
1,M1,287,505132,506552,13500
1,M1,288,506735,508155,13500
1,M1,289,508811,510231,13500
1,M1,290,510220,511640,3000
1,M1,291,512459,513879,13500
1,M1,292,514300,515720,13500
1,M1,293,516079,517499,13500
1,M1,294,517594,519014,13500
1,M1,295,519450,520870,13500
1,M1,296,521189,522609,13500
1,M1,297,522633,524053,13500
1,M1,298,524462,525882,13500
1,M1,299,526157,527577,13500
1,M1,300,528370,529790,13500
1,M1,301,529911,531331,13500
1,M1,302,531275,532739,1500
1,M1,303,533602,535022,13500
1,M1,304,534908,536430,1500
1,M1,305,536836,538256,13500
1,M1,306,538313,539733,13500
1,M1,307,540305,541725,13500
1,M1,308,542209,543629,13500
1,M1,309,543557,545037,1500
1,M1,310,545691,547111,13500
1,M1,311,547751,549171,13500
1,M1,312,548752,550579,1500
1,M1,313,550966,552386,13500
1,M1,314,552428,553848,13500
1,M1,315,554228,555648,13500
1,M1,316,556515,557935,13500
1,M1,317,557763,559343,1500
1,M1,318,559914,561334,13500
1,M1,319,561836,563256,13500
1,M1,320,563233,564664,1500
1,M1,321,565188,566608,13500
1,M1,322,566890,568310,13500
1,M1,323,568116,569718,1500
1,M1,324,570590,572010,13500
1,M1,325,572352,573772,13500
1,M1,326,573490,575180,1500
1,M1,327,575705,577125,13500
1,M1,328,577481,578901,13500
1,M1,329,578868,580309,1500
1,M1,330,580753,582173,13500
1,M1,331,582254,583674,13500
1,M1,332,584663,586083,13500
1,M1,333,586027,587491,1500
1,M1,334,587600,589020,13500
1,M1,335,589781,591201,13500
1,M1,336,591624,593044,13500
1,M1,337,592867,594452,1500
1,M1,338,594970,596390,13500
1,M1,339,596717,598137,13500
1,M1,340,598189,599609,13500
1,M1,341,600058,601478,13500
1,M1,342,601927,603347,13500
1,M1,343,603809,605229,13500
1,M1,344,605787,607207,13500
1,M1,345,607446,608866,13500
1,M1,346,608780,610274,1500
1,M1,347,611034,612454,13500
1,M1,348,612640,614060,13500
1,M1,349,614383,615803,13500
1,M1,350,615921,617341,13500
1,M1,351,617545,618965,13500
1,M1,352,619653,621073,13500
1,M1,353,621564,622984,13500
1,M1,354,623391,624811,13500
1,M1,355,624717,626219,1500
1,M1,356,626605,628025,13500
1,M1,357,628549,629969,13500
1,M1,358,630045,631465,13500
1,M1,359,632037,633457,13500
1,M1,360,633822,635242,13500
1,M1,361,635571,636991,13500
1,M1,362,637006,638426,13500
1,M1,363,638981,640401,13500
1,M1,364,640652,642072,13500
1,M1,365,642148,643568,13500
1,M1,366,644028,645448,13500
1,M1,367,645724,647144,13500
1,M1,368,648027,649447,13500
1,M1,369,649127,650855,1500
1,M1,370,650835,652263,1500
1,M1,371,653076,654496,13500
1,M1,372,655092,656512,13500
1,M1,373,656414,657920,1500
1,M1,374,658257,659677,13500
1,M1,375,660074,661494,13500
1,M1,376,661452,662902,1500
1,M1,377,663308,664728,13500
1,M1,378,665344,666764,13500
1,M1,379,666988,668408,13500
1,M1,380,669149,670569,13500
1,M1,381,670501,671977,1500
1,M1,382,672568,673988,13500
1,M1,383,674061,675481,13500
1,M1,384,675816,677236,13500
1,M1,385,677992,679412,13500
1,M1,386,679147,680820,1500
1,M1,387,680818,682238,13500
1,M1,388,682640,684060,13500
1,M1,389,684726,686146,13500
1,M1,390,686535,687955,13500
1,M1,391,688392,689812,13500
1,M1,392,689606,691220,1500
1,M1,393,691984,693404,13500
1,M1,394,693375,694812,1500
1,M1,395,695160,696580,13500
1,M1,396,697130,698550,13500
1,M1,397,698403,699958,1500
1,M1,398,700322,701742,13500
1,M1,399,702045,703465,13500
1,M1,400,704042,705462,13500
1,M1,401,705682,707102,13500
1,M1,402,707813,709233,13500
1,M1,403,709114,710641,1500
1,M1,404,711236,712656,13500
1,M1,405,712583,714064,1500
1,M1,406,714437,715857,13500
1,M1,407,716592,718012,13500
1,M1,408,718383,719803,13500
1,M1,409,720077,721497,13500
1,M1,410,721424,722905,1500
1,M1,411,723055,724475,13500
1,M1,412,724969,726389,13500
1,M1,413,726677,728097,13500
1,M1,414,728722,730142,13500
1,M1,415,730512,731932,13500
1,M1,416,731808,733340,1500
1,M1,417,733534,734954,13500
1,M1,418,735809,737229,13500
1,M1,419,737637,739057,13500
1,M1,420,739524,740944,13500
1,M1,421,740583,742352,1500
1,M1,422,742728,744148,13500
1,M1,423,744311,745731,13500
1,M1,424,746238,747658,13500
1,M1,425,748274,749694,13500
1,M1,426,749813,751233,13500
1,M1,427,751256,752676,13500
1,M1,428,753552,754972,13500
1,M1,429,755257,756677,13500
1,M1,430,756498,758085,1500
1,M1,431,758596,760016,13500
1,M1,432,760573,761993,13500
1,M1,433,761764,763401,1500
1,M1,434,763902,765322,13500
1,M1,435,765963,767383,13500
1,M1,436,767486,768906,13500
1,M1,437,769504,770924,13500
1,M1,438,771044,772464,13500
1,M1,439,773024,774444,13500
1,M1,440,774559,775979,13500
1,M1,441,776224,777644,13500
1,M1,442,778113,779533,13500
1,M1,443,779876,781296,13500
1,M1,444,781744,783164,13500
1,M1,445,783445,784865,13500
1,M1,446,784686,786273,1500
1,M1,447,786634,788054,13500
1,M1,448,788254,789674,13500
1,M1,449,790446,791866,13500
1,M1,450,792252,793672,13500
1,M1,451,793377,795080,1500
1,M1,452,795920,797340,13500
1,M1,453,797023,798748,1500
1,M1,454,799151,800571,13500
1,M1,455,800602,802022,13500
1,M1,456,802525,803945,13500
1,M1,457,804686,806106,13500
1,M1,458,806313,807733,13500
1,M1,459,807875,809295,13500
1,M1,460,809867,811287,13500
1,M1,461,810975,812695,1500
1,M1,462,813187,814607,13500
1,M1,463,814525,816015,1500
1,M1,464,816357,817777,13500
1,M1,465,818234,819654,13500
1,M1,466,819828,821248,13500
1,M1,467,821820,823240,13500
1,M1,468,824079,825499,13500
1,M1,469,825179,826907,1500
1,M1,470,827484,828904,13500
1,M1,471,829083,830503,13500
1,M1,472,830374,831911,1500
1,M1,473,832737,834157,13500
1,M1,474,833947,835565,1500
1,M1,475,835991,837411,13500
1,M1,476,837995,839415,13500
1,M1,477,839632,841052,13500
1,M1,478,841112,842532,13500
1,M1,479,842763,844183,13500
1,M1,480,844772,846192,13500
1,M1,481,846700,848120,13500
1,M1,482,848270,849690,13500
1,M1,483,850318,851738,13500
1,M1,484,851622,853146,1500
1,M1,485,853443,854863,13500
1,M1,486,855423,856843,13500
1,M1,487,857209,858629,13500
1,M1,488,858883,860303,13500
1,M1,489,860644,862064,13500
1,M1,490,862267,863687,13500
1,M1,491,864193,865613,13500
1,M1,492,865725,867145,13500
1,M1,493,867822,869242,13500
1,M1,494,869546,870966,13500
1,M1,495,870939,872374,1500
1,M1,496,872578,873998,13500
1,M1,497,874382,875802,13500
1,M1,498,876782,878202,13500
1,M1,499,878256,879676,13500
1,M1,500,880256,881676,13500
1,M1,501,881521,883084,1500
1,M1,502,883338,884758,13500
1,M1,503,885008,886428,13500
1,M1,504,887239,888659,13500
1,M1,505,888771,890191,13500
1,M1,506,890334,891754,13500
1,M1,507,892363,893783,13500
1,M1,508,894308,895728,13500
1,M1,509,895551,897136,1500
1,M1,510,897926,899346,13500
1,M1,511,899479,900899,13500
1,M1,512,901173,902593,13500
1,M1,513,903265,904685,13500
1,M1,514,904417,906093,1500
1,M1,515,906517,907937,13500
1,M1,516,908431,909851,13500
1,M1,517,909994,911414,13500
1,M1,518,911303,912822,1500
1,M1,519,913560,914980,13500
1,M1,520,915137,916557,13500
1,M1,521,916677,918097,13500
1,M1,522,919115,920535,13500
1,M1,523,920797,922217,13500
1,M1,524,922395,923815,13500
1,M1,525,923993,925413,13500
1,M1,526,925616,927036,13500
1,M1,527,927504,928924,13500
1,M1,528,928892,930332,1500
1,M1,529,930793,932213,13500
1,M1,530,932947,934367,13500
1,M1,531,934767,936187,13500
1,M1,532,936453,937873,13500
1,M1,533,937799,939281,1500
1,M1,534,939752,941172,13500
1,M1,535,941682,943102,13500
1,M1,536,943345,944765,13500
1,M1,537,944831,946251,13500
1,M1,538,946789,948209,13500
1,M1,539,948958,950378,13500
1,M1,540,950647,952067,13500
1,M1,541,952217,953637,13500
1,M1,542,953955,955375,13500
1,M1,543,955528,956948,13500
1,M1,544,957155,958575,13500
1,M1,545,959223,960643,13500
1,M1,546,961021,962441,13500
1,M1,547,963032,964452,13500
1,M1,548,964814,966234,13500
1,M1,549,965979,967642,1500
1,M1,550,968058,969478,13500
1,M1,551,970066,971486,13500
1,M1,552,971686,973106,13500
1,M1,553,972918,974514,1500
1,M1,554,974937,976357,13500
1,M1,555,976790,978210,13500
1,M1,556,978260,979680,13500
1,M1,557,980501,981921,13500
1,M1,558,982127,983547,13500
1,M1,559,983742,985162,13500
1,M1,560,985640,987060,13500
1,M1,561,987144,988564,13500
1,M1,562,989213,990633,13500
1,M1,563,990656,992076,13500
1,M1,564,992830,994250,13500
1,M1,565,994001,995658,1500
1,M1,566,996179,997599,13500
1,M1,567,997744,999164,13500
1,M1,568,999722,1001142,13500
1,M1,569,1001288,1002708,13500
1,M1,570,1003030,1004450,13500
1,M1,571,1004583,1006003,13500
1,M1,572,1006690,1008110,13500
1,M1,573,1008131,1009551,13500
1,M1,574,1010470,1011890,13500
1,M1,575,1011725,1013298,1500
1,M1,576,1013680,1015100,13500
1,M1,577,1015880,1017300,13500
1,M1,578,1017359,1018779,13500
1,M1,579,1019325,1020745,13500
1,M1,580,1020772,1022192,13500
1,M1,581,1022957,1024377,13500
1,M1,582,1024274,1025785,1500
1,M1,583,1026014,1027434,13500
1,M1,584,1027946,1029366,13500
1,M1,585,1029844,1031264,13500
1,M1,586,1031051,1032672,1500
1,M1,587,1032965,1034385,13500
1,M1,588,1035061,1036481,13500
1,M1,589,1036576,1037996,13500
1,M1,590,1038143,1039563,13500
1,M1,591,1040464,1041884,13500
1,M1,592,1042190,1043610,13500
1,M1,593,1043497,1045018,1500
1,M1,594,1045695,1047115,13500
1,M1,595,1046888,1048523,1500
1,M1,596,1048609,1050029,13500
1,M1,597,1050994,1052414,13500
1,M1,598,1052247,1053822,1500
1,M1,599,1054354,1055774,13500
1,M1,600,1056370,1057790,13500
1,M1,601,1057611,1059198,1500
1,M1,602,1059176,1060606,1500
1,M1,603,1061002,1062422,13500
1,M1,604,1062872,1064292,13500
1,M1,605,1064938,1066358,13500
1,M1,606,1066206,1067766,1500
1,M1,607,1068313,1069733,13500
1,M1,608,1070093,1071513,13500
1,M1,609,1071827,1073247,13500
1,M1,610,1073420,1074840,13500
1,M1,611,1075020,1076440,13500
1,M1,612,1077090,1078510,13500
1,M1,613,1078766,1080186,13500
1,M1,614,1080964,1082384,13500
1,M1,615,1082570,1083990,13500
1,M1,616,1083908,1085398,1500
1,M1,617,1086038,1087458,13500
1,M1,618,1087819,1089239,13500
1,M1,619,1089294,1090714,13500
1,M1,620,1090861,1092281,13500
1,M1,621,1092804,1094224,13500
1,M1,622,1094465,1095885,13500
1,M1,623,1096479,1097899,13500
1,M1,624,1098066,1099486,13500
1,M1,625,1100223,1101643,13500
1,M1,626,1101770,1103190,13500
1,M1,627,1103337,1104757,13500
1,M1,628,1104979,1106399,13500
1,M1,629,1107273,1108693,13500
1,M1,630,1108765,1110185,13500
1,M1,631,1110341,1111761,13500
1,M1,632,1111977,1113397,13500
1,M1,633,1114119,1115539,13500
1,M1,634,1115691,1117111,13500
1,M1,635,1117498,1118918,13500
1,M1,636,1119643,1121063,13500
1,M1,637,1121400,1122820,13500
1,M1,638,1123082,1124502,13500
1,M1,639,1124602,1126022,13500
1,M1,640,1126008,1127430,1500
1,M1,641,1127836,1129256,13500
1,M1,642,1129852,1131272,13500
1,M1,643,1131476,1132896,13500
1,M1,644,1133576,1134996,13500
1,M1,645,1135233,1136653,13500
1,M1,646,1137199,1138619,13500
1,M1,647,1138838,1140258,13500
1,M1,648,1140449,1141869,13500
1,M1,649,1141951,1143371,13500
1,M1,650,1143983,1145403,13500
1,M1,651,1145532,1146952,13500
1,M1,652,1147423,1148843,13500
1,M1,653,1149160,1150580,13500
1,M1,654,1150700,1152120,13500
1,M1,655,1152457,1153877,13500
1,M1,656,1154773,1156193,13500
1,M1,657,1156126,1157601,1500
1,M1,658,1158419,1159839,13500
1,M1,659,1160131,1161551,13500
1,M1,660,1161678,1163098,13500
1,M1,661,1163224,1164644,13500
1,M1,662,1164966,1166386,13500
1,M1,663,1166836,1168256,13500
1,M1,664,1168860,1170280,13500
1,M1,665,1170721,1172141,13500
1,M1,666,1172453,1173873,13500
1,M1,667,1174094,1175514,13500
1,M1,668,1175518,1176938,13500
1,M1,669,1177618,1179038,13500
1,M1,670,1179133,1180553,13500
1,M1,671,1181094,1182514,13500
1,M1,672,1183093,1184513,13500
1,M1,673,1184367,1185921,1500
1,M1,674,1186260,1187680,13500
1,M1,675,1188054,1189474,13500
1,M1,676,1189672,1191092,13500
1,M1,677,1191766,1193186,13500
1,M1,678,1192999,1194594,1500
1,M1,679,1195194,1196614,13500
1,M1,680,1196416,1198022,1500
1,M1,681,1198605,1200025,13500
1,M1,682,1200603,1202023,13500
1,M1,683,1201950,1203431,1500
1,M1,684,1204100,1205520,13500
1,M1,685,1205362,1206928,1500
1,M1,686,1207357,1208777,13500
1,M1,687,1208722,1210185,1500
1,M1,688,1211247,1212667,13500
1,M1,689,1212719,1214139,13500
1,M1,690,1214609,1216029,13500
1,M1,691,1215964,1217437,1500
1,M1,692,1217774,1219194,13500
1,M1,693,1219732,1221152,13500
1,M1,694,1221312,1222732,13500
1,M1,695,1223126,1224546,13500
1,M1,696,1225049,1226469,13500
1,M1,697,1226418,1227877,1500
1,M1,698,1228727,1230147,13500
1,M1,699,1230398,1231818,13500
1,M1,700,1232033,1233453,13500
1,M1,701,1233429,1234861,1500
1,M1,702,1235413,1236833,13500
1,M1,703,1236998,1238418,13500
1,M1,704,1239321,1240741,13500
1,M1,705,1240773,1242193,13500
1,M1,706,1242780,1244200,13500
1,M1,707,1244290,1245710,13500
1,M1,708,1246327,1247747,13500
1,M1,709,1248055,1249475,13500
1,M1,710,1249813,1251233,13500
1,M1,711,1251410,1252830,13500
1,M1,712,1253028,1254448,13500
1,M1,713,1254990,1256410,13500
1,M1,714,1256319,1257818,1500
1,M1,715,1258349,1259769,13500
1,M1,716,1260445,1261865,13500
1,M1,717,1262042,1263462,13500
1,M1,718,1264044,1265464,13500
1,M1,719,1265615,1267035,13500
1,M1,720,1266996,1268443,1500
1,M1,721,1268803,1270223,13500
1,M1,722,1270826,1272246,13500
1,M1,723,1272238,1273658,7500
1,M1,724,1273880,1275300,13500
1,M1,725,1275810,1277230,13500
1,M1,726,1278120,1279540,13500
1,M1,727,1279512,1280948,1500
1,M1,728,1281502,1282922,13500
1,M1,729,1283364,1284784,13500
1,M1,730,1285143,1286563,13500
1,M1,731,1286892,1288312,13500
1,M1,732,1288398,1289818,13500
1,M1,733,1290045,1291465,13500
1,M1,734,1291454,1292874,3000
1,M1,735,1293923,1295343,13500
1,M1,736,1295185,1296751,1500
1,M1,737,1297071,1298491,13500
1,M1,738,1298559,1299979,13500
1,M1,739,1300530,1301950,13500
1,M1,740,1302626,1304046,13500
1,M1,741,1304225,1305645,13500
1,M1,742,1306125,1307545,13500
1,M1,743,1307514,1308953,1500
1,M1,744,1309740,1311160,13500
1,M1,745,1311530,1312950,13500
1,M1,746,1312765,1314358,1500
1,M1,747,1314708,1316128,13500
1,M1,748,1316830,1318250,13500
1,M1,749,1318473,1319893,13500
1,M1,750,1319617,1321301,1500
1,M1,751,1321843,1323263,13500
1,M1,752,1323661,1325081,13500
1,M1,753,1325669,1327089,13500
1,M1,754,1327099,1328519,13500
1,M1,755,1329110,1330530,13500
1,M1,756,1330505,1331938,1500
1,M1,757,1332409,1333829,13500
1,M1,758,1333951,1335371,13500
1,M1,759,1335788,1337208,13500
1,M1,760,1337991,1339411,13500
1,M1,761,1339735,1341155,13500
1,M1,762,1340751,1342563,1500
1,M1,763,1343046,1344466,13500
1,M1,764,1344719,1346139,13500
1,M1,765,1346303,1347723,13500
1,M1,766,1348042,1349462,13500
1,M1,767,1350063,1351483,13500
1,M1,768,1351379,1352891,1500
1,M1,769,1353366,1354786,13500
1,M1,770,1354923,1356343,13500
1,M1,771,1356878,1358298,13500
1,M1,772,1358711,1360131,13500
1,M1,773,1360531,1361951,13500
1,M1,774,1362047,1363467,13500
1,M1,775,1363805,1365225,13500
1,M1,776,1366012,1367432,13500
1,M1,777,1367305,1368840,1500
1,M1,778,1369640,1371060,13500
1,M1,779,1371022,1372468,1500
1,M1,780,1372652,1374072,13500
1,M1,781,1374624,1376044,13500
1,M1,782,1375970,1377452,1500
1,M1,783,1377917,1379337,13500
1,M1,784,1379707,1381127,13500
1,M1,785,1381862,1383282,13500
1,M1,786,1383384,1384804,13500
1,M1,787,1385431,1386851,13500
1,M1,788,1386949,1388369,13500
1,M1,789,1388660,1390080,13500
1,M1,790,1390253,1391673,13500
1,M1,791,1392497,1393917,13500
1,M1,792,1393574,1395325,1500
1,M1,793,1395985,1397405,13500
1,M1,794,1397479,1398899,13500
1,M1,795,1399321,1400741,13500
1,M1,796,1400921,1402341,13500
1,M1,797,1402471,1403891,13500
1,M1,798,1404489,1405909,13500
1,M1,799,1406029,1407449,13500
1,M1,800,1408201,1409621,13500
1,M1,801,1410033,1411453,13500
1,M1,802,1411523,1412943,13500
1,M1,803,1413635,1415055,13500
1,M1,804,1415319,1416739,13500
1,M1,805,1416921,1418341,13500
1,M1,806,1418748,1420168,13500
1,M1,807,1420251,1421671,13500
1,M1,808,1422117,1423537,13500
1,M1,809,1423665,1425085,13500
1,M1,810,1425479,1426899,13500
1,M1,811,1427268,1428688,13500
1,M1,812,1429307,1430727,13500
1,M1,813,1431236,1432656,13500
1,M1,814,1432902,1434322,13500
1,M1,815,1434718,1436138,13500
1,M1,816,1435896,1437546,1500
1,M1,817,1438020,1439440,13500
1,M1,818,1439347,1440848,1500
1,M1,819,1441469,1442889,13500
1,M1,820,1443284,1444704,13500
1,M1,821,1445260,1446680,13500
1,M1,822,1447040,1448460,13500
1,M1,823,1448243,1449868,1500
1,M1,824,1449930,1451350,13500
1,M1,825,1451982,1453402,13500
1,M1,826,1454119,1455539,13500
1,M1,827,1455824,1457244,13500
1,M1,828,1456905,1458652,1500
1,M1,829,1458660,1460080,13500
1,M1,830,1460454,1461874,13500
1,M1,831,1462244,1463664,13500
1,M1,832,1463928,1465348,13500
1,M1,833,1465981,1467401,13500
1,M1,834,1467924,1469344,13500
1,M1,835,1469613,1471033,13500
1,M1,836,1471430,1472850,13500
1,M1,837,1473012,1474432,13500
1,M1,838,1474723,1476143,13500
1,M1,839,1476994,1478414,13500
1,M1,840,1478359,1479822,1500
1,M1,841,1480086,1481506,13500
1,M1,842,1481634,1483054,13500
1,M1,843,1483927,1485347,13500
1,M1,844,1485804,1487224,13500
1,M1,845,1487084,1488632,1500
1,M1,846,1488694,1490114,13500
1,M1,847,1490420,1491840,13500
1,M1,848,1492347,1493767,13500
1,M1,849,1493947,1495367,13500
1,M1,850,1495631,1497051,13500
1,M1,851,1497505,1498925,13500
1,M1,852,1499726,1501146,13500
1,M1,853,1501175,1502595,13500
1,M1,854,1503399,1504819,13500
1,M1,855,1504583,1506227,1500
1,M1,856,1506893,1508313,13500
1,M1,857,1508000,1509721,1500
1,M1,858,1510449,1511869,13500
1,M1,859,1511743,1513277,1500
1,M1,860,1513272,1514692,12000
1,M1,861,1515640,1517060,13500
1,M1,862,1516897,1518468,1500
1,M1,863,1518626,1520046,13500
1,M1,864,1520673,1522093,13500
1,M1,865,1522302,1523722,13500
1,M1,866,1523983,1525403,13500
1,M1,867,1525823,1527243,13500
1,M1,868,1527338,1528758,13500
1,M1,869,1529272,1530692,13500
1,M1,870,1531466,1532886,13500
1,M1,871,1532656,1534294,1500
1,M1,872,1534996,1536416,13500
1,M1,873,1536735,1538155,13500
1,M1,874,1538077,1539563,1500
1,M1,875,1539618,1541038,13500
1,M1,876,1541940,1543360,13500
1,M1,877,1543837,1545257,13500
1,M1,878,1545149,1546665,1500
1,M1,879,1546842,1548262,13500
1,M1,880,1549013,1550433,13500
1,M1,881,1550859,1552279,13500
1,M1,882,1552286,1553706,13500
1,M1,883,1554435,1555855,13500
1,M1,884,1555629,1557263,1500
1,M1,885,1557683,1559103,13500
1,M1,886,1559100,1560520,13500
1,M1,887,1561479,1562899,13500
1,M1,888,1562811,1564307,1500
1,M1,889,1564893,1566313,13500
1,M1,890,1566191,1567721,1500
1,M1,891,1568293,1569713,13500
1,M1,892,1569990,1571410,13500
1,M1,893,1571966,1573386,13500
1,M1,894,1573784,1575204,13500
1,M1,895,1574907,1576612,1500
1,M1,896,1577305,1578725,13500
1,M1,897,1578451,1580133,1500
1,M1,898,1580197,1581617,13500
1,M1,899,1582204,1583624,13500
1,M1,900,1583785,1585205,13500
1,M1,901,1585576,1586996,13500
1,M1,902,1587421,1588841,13500
1,M1,903,1589505,1590925,13500
1,M1,904,1590966,1592386,13500
1,M1,905,1592682,1594102,13500
1,M1,906,1594521,1595941,13500
1,M1,907,1596413,1597833,13500
1,M1,908,1598208,1599628,13500
1,M1,909,1599769,1601189,13500
1,M1,910,1601659,1603079,13500
1,M1,911,1603629,1605049,13500
1,M1,912,1605276,1606696,13500
1,M1,913,1606680,1608104,1500
1,M1,914,1608464,1609884,13500
1,M1,915,1610549,1611969,13500
1,M1,916,1612291,1613711,13500
1,M1,917,1614197,1615617,13500
1,M1,918,1615585,1617025,1500
1,M1,919,1617362,1618782,13500
1,M1,920,1619525,1620945,13500
1,M1,921,1620799,1622353,1500
1,M1,922,1622469,1623889,13500
1,M1,923,1624579,1625999,13500
1,M1,924,1625966,1627407,1500
1,M1,925,1628225,1629645,13500
1,M1,926,1629369,1631053,1500
1,M1,927,1631826,1633246,13500
1,M1,928,1633518,1634938,13500
1,M1,929,1634943,1636363,13500
1,M1,930,1636417,1637837,13500
1,M1,931,1638216,1639636,13500
1,M1,932,1640193,1641613,13500
1,M1,933,1642265,1643685,13500
1,M1,934,1643566,1645093,1500
1,M1,935,1645773,1647193,13500
1,M1,936,1647479,1648899,13500
1,M1,937,1648856,1650307,1500
1,M1,938,1650933,1652353,13500
1,M1,939,1652890,1654310,13500
1,M1,940,1654254,1655718,1500
1,M1,941,1656453,1657873,13500
1,M1,942,1657761,1659281,1500
1,M1,943,1660001,1661421,13500
1,M1,944,1661376,1662829,1500
1,M1,945,1663364,1664784,13500
1,M1,946,1665162,1666582,13500
1,M1,947,1667086,1668506,13500
1,M1,948,1668201,1669914,1500
1,M1,949,1669921,1671341,13500
1,M1,950,1671835,1673255,13500
1,M1,951,1674156,1675576,13500
1,M1,952,1675456,1676984,1500
1,M1,953,1677299,1678719,13500
1,M1,954,1679195,1680615,13500
1,M1,955,1681007,1682427,13500
1,M1,956,1682190,1683835,1500
1,M1,957,1684604,1686024,13500
1,M1,958,1686325,1687745,13500
1,M1,959,1687812,1689232,13500
1,M1,960,1689437,1690857,13500
1,M1,961,1691444,1692864,13500
1,M1,962,1693372,1694792,13500
1,M1,963,1694685,1696200,1500
1,M1,964,1696250,1697670,13500
1,M1,965,1698160,1699580,13500
1,M1,966,1699772,1701192,13500
1,M1,967,1702127,1703547,13500
1,M1,968,1703964,1705384,13500
1,M1,969,1705776,1707196,13500
1,M1,970,1707218,1708638,13500
1,M1,971,1708637,1710057,13500
1,M1,972,1711101,1712521,13500
1,M1,973,1712240,1713929,1500
1,M1,974,1714170,1715590,13500
1,M1,975,1716230,1717650,13500
1,M1,976,1717436,1719058,1500
1,M1,977,1719556,1720976,13500
1,M1,978,1721275,1722695,13500
1,M1,979,1722809,1724229,13500
1,M1,980,1724771,1726191,13500
1,M1,981,1726222,1727642,13500
1,M1,982,1728696,1730116,13500
1,M1,983,1729983,1731524,1500
1,M1,984,1731747,1733167,13500
1,M1,985,1733987,1735407,13500
1,M1,986,1735309,1736815,1500
1,M1,987,1736961,1738381,13500
1,M1,988,1739061,1740481,13500
1,M1,989,1740911,1742331,13500
1,M1,990,1742734,1744154,13500
1,M1,991,1743866,1745562,1500
1,M1,992,1746190,1747610,13500
1,M1,993,1747504,1749018,1500
1,M1,994,1749302,1750722,13500
1,M1,995,1751363,1752783,13500
1,M1,996,1753069,1754489,13500
1,M1,997,1754797,1756217,13500
1,M1,998,1756541,1757961,13500
1,M1,999,1758439,1759859,13500
2,M0,0,0,1412,420000
2,M0,1,1976,3388,420000
2,M0,2,3845,5257,420000
2,M0,3,5591,7003,420000
2,M0,4,6976,8411,420000
2,M0,5,8911,10323,420000
2,M0,6,10931,12343,420000
2,M0,7,12180,13751,420000
2,M0,8,13799,15211,420000
2,M0,9,16136,17548,420000
2,M0,10,17820,19232,420000
2,M0,11,19331,20743,420000
2,M0,12,20871,22283,420000
2,M0,13,23097,24509,420000
2,M0,14,24357,25917,420000
2,M0,15,26556,27968,420000
2,M0,16,28369,29781,420000
2,M0,17,29789,31201,420000
2,M0,18,31934,33346,420000
2,M0,19,33774,35186,420000
2,M0,20,35300,36712,420000
2,M0,21,36820,38232,420000
2,M0,22,38985,40397,420000
2,M0,23,40209,41805,420000
2,M0,24,42541,43953,420000
2,M0,25,43772,45361,420000
2,M0,26,46109,47521,420000
2,M0,27,47724,49136,420000
2,M0,28,48889,50544,420000
2,M0,29,51252,52664,420000
2,M0,30,52405,54072,420000
2,M0,31,54394,55806,420000
2,M0,32,56227,57639,420000
2,M0,33,57994,59406,420000
2,M0,34,60202,61614,420000
2,M0,35,61222,63022,420000
2,M0,36,63049,64461,420000
2,M0,37,65356,66768,420000
2,M0,38,66736,68176,420000
2,M0,39,68642,70054,420000
2,M0,40,70747,72159,420000
2,M0,41,72149,73567,420000
2,M0,42,74069,75481,420000
2,M0,43,76077,77489,420000
2,M0,44,77463,78897,420000
2,M0,45,79527,80939,420000
2,M0,46,81080,82492,420000
2,M0,47,82387,83900,420000
2,M0,48,84623,86035,420000
2,M0,49,86269,87681,420000
2,M0,50,88223,89635,420000
2,M0,51,89851,91263,420000
2,M0,52,91332,92744,420000
2,M0,53,92950,94362,420000
2,M0,54,95027,96439,420000
2,M0,55,97051,98463,420000
2,M0,56,98516,99928,420000
2,M0,57,100584,101996,420000
2,M0,58,101840,103404,420000
2,M0,59,103923,105335,420000
2,M0,60,105256,106743,420000
2,M0,61,107344,108756,420000
2,M0,62,109394,110806,420000
2,M0,63,111066,112478,420000
2,M0,64,112553,113965,420000
2,M0,65,114658,116070,420000
2,M0,66,116115,117527,420000
2,M0,67,118089,119501,420000
2,M0,68,119685,121097,420000
2,M0,69,121055,122505,420000
2,M0,70,123320,124732,420000
2,M0,71,125016,126428,420000
2,M0,72,127003,128415,420000
2,M0,73,128089,129823,420000
2,M0,74,129982,131394,420000
2,M0,75,132290,133702,420000
2,M0,76,134046,135458,420000
2,M0,77,135291,136866,420000
2,M0,78,137522,138934,420000
2,M0,79,138795,140342,420000
2,M0,80,141033,142445,420000
2,M0,81,142448,143860,420000
2,M0,82,143961,145373,420000
2,M0,83,145732,147144,420000
2,M0,84,148060,149472,420000
2,M0,85,149517,150929,420000
2,M0,86,151385,152797,420000
2,M0,87,152787,154205,420000
2,M0,88,155238,156650,420000
2,M0,89,156962,158374,420000
2,M0,90,158786,160198,420000
2,M0,91,160477,161889,420000
2,M0,92,161785,163297,420000
2,M0,93,163314,164726,420000
2,M0,94,165407,166819,420000
2,M0,95,167552,168964,420000
2,M0,96,169224,170636,420000
2,M0,97,170759,172171,420000
2,M0,98,172379,173791,420000
2,M0,99,174393,175805,420000
2,M0,100,176062,177474,420000
2,M0,101,177396,178882,420000
2,M0,102,179370,180782,420000
2,M0,103,181170,182582,420000
2,M0,104,183242,184654,420000
2,M0,105,185159,186571,420000
2,M0,106,186586,187998,420000
2,M0,107,188141,189553,420000
2,M0,108,190447,191859,420000
2,M0,109,192208,193620,420000
2,M0,110,193597,195028,420000
2,M0,111,195141,196553,420000
2,M0,112,196771,198183,420000
2,M0,113,199275,200687,420000
2,M0,114,200374,202095,420000
2,M0,115,202480,203892,420000
2,M0,116,204259,205671,420000
2,M0,117,206261,207673,420000
2,M0,118,207520,209081,420000
2,M0,119,209368,210780,420000
2,M0,120,211255,212667,420000
2,M0,121,213028,214440,420000
2,M0,122,214446,215858,420000
2,M0,123,216801,218213,420000
2,M0,124,218216,219628,420000
2,M0,125,220398,221810,420000
2,M0,126,221653,223218,420000
2,M0,127,223746,225158,420000
2,M0,128,225539,226951,420000
2,M0,129,226880,228359,420000
2,M0,130,228837,230249,420000
2,M0,131,230913,232325,420000
2,M0,132,232383,233795,420000
2,M0,133,234030,235442,420000
2,M0,134,235844,237256,420000
2,M0,135,237373,238785,420000
2,M0,136,239373,240785,420000
2,M0,137,240852,242264,420000
2,M0,138,243070,244482,420000
2,M0,139,244673,246085,420000
2,M0,140,246275,247687,420000
2,M0,141,248095,249507,420000
2,M0,142,250054,251466,420000
2,M0,143,251920,253332,420000
2,M0,144,253808,255220,420000
2,M0,145,255108,256628,420000
2,M0,146,256915,258327,420000
2,M0,147,258836,260248,420000
2,M0,148,260160,261656,420000
2,M0,149,262020,263432,420000
2,M0,150,263707,265119,420000
2,M0,151,265667,267079,420000
2,M0,152,267333,268745,420000
2,M0,153,269569,270981,420000
2,M0,154,270846,272389,420000
2,M0,155,272479,273891,420000
2,M0,156,274270,275682,420000
2,M0,157,276355,277767,420000
2,M0,158,278305,279717,420000
2,M0,159,279757,281169,420000
2,M0,160,281460,282872,420000
2,M0,161,283190,284602,420000
2,M0,162,284738,286150,420000
2,M0,163,287097,288509,420000
2,M0,164,288479,289917,420000
2,M0,165,290207,291619,420000
2,M0,166,292477,293889,420000
2,M0,167,293673,295297,420000
2,M0,168,295760,297172,420000
2,M0,169,297268,298680,420000
2,M0,170,299453,300865,420000
2,M0,171,300889,302301,420000
2,M0,172,302484,303896,420000
2,M0,173,304821,306233,420000
2,M0,174,306489,307901,420000
2,M0,175,308114,309526,420000
2,M0,176,309530,310942,420000
2,M0,177,311246,312658,420000
2,M0,178,313135,314547,420000
2,M0,179,314918,316330,420000
2,M0,180,316999,318411,420000
2,M0,181,318590,320002,420000
2,M0,182,320227,321639,420000
2,M0,183,321975,323387,420000
2,M0,184,324048,325460,420000
2,M0,185,325796,327208,420000
2,M0,186,327152,328616,420000
2,M0,187,329226,330638,420000
2,M0,188,330631,332046,420000
2,M0,189,332630,334042,420000
2,M0,190,334254,335666,420000
2,M0,191,335796,337208,420000
2,M0,192,337894,339306,420000
2,M0,193,339576,340988,420000
2,M0,194,341453,342865,420000
2,M0,195,343364,344776,420000
2,M0,196,344989,346401,420000
2,M0,197,347088,348500,420000
2,M0,198,348708,350120,420000
2,M0,199,350281,351693,420000
2,M0,200,351973,353385,420000
2,M0,201,353698,355110,420000
2,M0,202,355283,356695,420000
2,M0,203,357533,358945,420000
2,M0,204,358900,360353,420000
2,M0,205,360943,362355,420000
2,M0,206,362259,363763,420000
2,M0,207,364707,366119,420000
2,M0,208,366166,367578,420000
2,M0,209,367706,369118,420000
2,M0,210,369280,370692,420000
2,M0,211,371313,372725,420000
2,M0,212,373108,374520,420000
2,M0,213,375218,376630,420000
2,M0,214,376340,378038,420000
2,M0,215,378335,379747,420000
2,M0,216,380403,381815,420000
2,M0,217,382295,383707,420000
2,M0,218,383464,385115,420000
2,M0,219,385153,386565,420000
2,M0,220,386870,388282,420000
2,M0,221,388980,390392,420000
2,M0,222,390905,392317,420000
2,M0,223,392415,393827,420000
2,M0,224,393900,395312,420000
2,M0,225,396257,397669,420000
2,M0,226,397556,399077,420000
2,M0,227,399790,401202,420000
2,M0,228,401575,402987,420000
2,M0,229,403157,404569,420000
2,M0,230,405044,406456,420000
2,M0,231,406907,408319,420000
2,M0,232,408384,409796,420000
2,M0,233,410432,411844,420000
2,M0,234,412072,413484,420000
2,M0,235,413233,414892,420000
2,M0,236,415756,417168,420000
2,M0,237,417198,418610,420000
2,M0,238,419026,420438,420000
2,M0,239,420436,421848,420000
2,M0,240,422362,423774,420000
2,M0,241,424292,425704,420000
2,M0,242,425875,427287,420000
2,M0,243,427863,429275,420000
2,M0,244,429051,430683,420000
2,M0,245,431451,432863,420000
2,M0,246,432611,434271,420000
2,M0,247,434996,436408,420000
2,M0,248,436386,437816,420000
2,M0,249,438431,439843,420000
2,M0,250,439769,441251,420000
2,M0,251,441858,443270,420000
2,M0,252,443777,445189,420000
2,M0,253,445602,447014,420000
2,M0,254,446644,448422,420000
2,M0,255,448728,450140,420000
2,M0,256,450684,452096,420000
2,M0,257,452505,453917,420000
2,M0,258,453695,455325,420000
2,M0,259,455998,457410,420000
2,M0,260,457415,458827,420000
2,M0,261,459316,460728,420000
2,M0,262,461382,462794,420000
2,M0,263,463162,464574,420000
2,M0,264,464495,465982,420000
2,M0,265,466400,467812,420000
2,M0,266,468444,469856,420000
2,M0,267,469728,471264,420000
2,M0,268,471497,472909,420000
2,M0,269,473228,474640,420000
2,M0,270,474857,476269,420000
2,M0,271,476567,477979,420000
2,M0,272,478357,479769,420000
2,M0,273,480615,482027,420000
2,M0,274,482204,483616,420000
2,M0,275,483707,485119,420000
2,M0,276,485997,487409,420000
2,M0,277,487796,489208,420000
2,M0,278,489069,490616,420000
2,M0,279,491283,492695,420000
2,M0,280,492449,494103,420000
2,M0,281,494691,496103,420000
2,M0,282,496467,497879,420000
2,M0,283,498186,499598,420000
2,M0,284,500167,501579,420000
2,M0,285,501808,503220,420000
2,M0,286,503627,505039,420000
2,M0,287,504730,506447,420000
2,M0,288,507128,508540,420000
2,M0,289,508997,510409,420000
2,M0,290,510638,512050,420000
2,M0,291,511944,513458,420000
2,M0,292,513898,515310,420000
2,M0,293,515789,517201,420000
2,M0,294,517785,519197,420000
2,M0,295,519343,520755,420000
2,M0,296,521025,522437,420000
2,M0,297,522767,524179,420000
2,M0,298,524330,525742,420000
2,M0,299,526540,527952,420000
2,M0,300,527609,529360,420000
2,M0,301,529451,530863,420000
2,M0,302,531634,533046,420000
2,M0,303,533302,534714,420000
2,M0,304,535049,536461,420000
2,M0,305,536861,538273,420000
2,M0,306,538295,539707,420000
2,M0,307,540206,541618,420000
2,M0,308,541884,543296,420000
2,M0,309,543443,544855,420000
2,M0,310,545986,547398,420000
2,M0,311,547605,549017,420000
2,M0,312,549053,550465,420000
2,M0,313,551179,552591,420000
2,M0,314,552937,554349,420000
2,M0,315,554634,556046,420000
2,M0,316,556099,557511,420000
2,M0,317,557932,559344,420000
2,M0,318,559378,560790,420000
2,M0,319,561116,562528,420000
2,M0,320,563085,564497,420000
2,M0,321,565061,566473,420000
2,M0,322,566417,567881,420000
2,M0,323,568272,569684,420000
2,M0,324,570401,571813,420000
2,M0,325,572081,573493,420000
2,M0,326,573947,575359,420000
2,M0,327,575122,576767,420000
2,M0,328,577377,578789,420000
2,M0,329,578710,580197,420000
2,M0,330,581038,582450,420000
2,M0,331,582377,583858,420000
2,M0,332,584042,585454,420000
2,M0,333,586365,587777,420000
2,M0,334,588182,589594,420000
2,M0,335,589560,591002,420000
2,M0,336,591229,592641,420000
2,M0,337,593303,594715,420000
2,M0,338,594698,596123,420000
2,M0,339,596531,597943,420000
2,M0,340,598063,599475,420000
2,M0,341,600504,601916,420000
2,M0,342,602278,603690,420000
2,M0,343,603461,605098,420000
2,M0,344,605292,606704,420000
2,M0,345,607052,608464,420000
2,M0,346,609046,610458,420000
2,M0,347,610790,612202,420000
2,M0,348,612705,614117,420000
2,M0,349,614022,615525,420000
2,M0,350,615956,617368,420000
2,M0,351,617931,619343,420000
2,M0,352,619823,621235,420000
2,M0,353,621228,622643,420000
2,M0,354,623353,624765,420000
2,M0,355,624843,626255,420000
2,M0,356,626315,627727,420000
2,M0,357,628145,629557,420000
2,M0,358,629924,631336,420000
2,M0,359,632217,633629,420000
2,M0,360,633910,635322,420000
2,M0,361,635256,636730,420000
2,M0,362,637160,638572,420000
2,M0,363,639244,640656,420000
2,M0,364,640745,642157,420000
2,M0,365,642220,643632,420000
2,M0,366,644051,645463,420000
2,M0,367,646272,647684,420000
2,M0,368,647783,649195,420000
2,M0,369,649798,651210,420000
2,M0,370,651270,652682,420000
2,M0,371,653003,654415,420000
2,M0,372,655013,656425,420000
2,M0,373,656438,657850,420000
2,M0,374,658620,660032,420000
2,M0,375,659833,661440,420000
2,M0,376,661457,662869,420000
2,M0,377,663888,665300,420000
2,M0,378,665131,666708,420000
2,M0,379,666983,668395,420000
2,M0,380,668855,670267,420000
2,M0,381,670357,671769,420000
2,M0,382,672083,673495,420000
2,M0,383,674374,675786,420000
2,M0,384,675728,677194,420000
2,M0,385,677956,679368,420000
2,M0,386,679427,680839,420000
2,M0,387,680953,682365,420000
2,M0,388,682608,684020,420000
2,M0,389,684747,686159,420000
2,M0,390,686090,687567,420000
2,M0,391,688040,689452,420000
2,M0,392,690236,691648,420000
2,M0,393,691444,693056,420000
2,M0,394,693397,694809,420000
2,M0,395,695539,696951,420000
2,M0,396,696616,698359,420000
2,M0,397,698740,700152,420000
2,M0,398,700115,701560,420000
2,M0,399,702120,703532,420000
2,M0,400,703927,705339,420000
2,M0,401,705586,706998,420000
2,M0,402,707305,708717,420000
2,M0,403,709576,710988,420000
2,M0,404,711251,712663,420000
2,M0,405,712653,714071,420000
2,M0,406,714561,715973,420000
2,M0,407,715934,717381,420000
2,M0,408,718325,719737,420000
2,M0,409,719701,721145,420000
2,M0,410,721727,723139,420000
2,M0,411,723451,724863,420000
2,M0,412,725507,726919,420000
2,M0,413,727111,728523,420000
2,M0,414,728455,729931,420000
2,M0,415,730473,731885,420000
2,M0,416,731762,733293,420000
2,M0,417,734197,735609,420000
2,M0,418,735356,737017,420000
2,M0,419,737560,738972,420000
2,M0,420,739583,740995,420000
2,M0,421,741326,742738,420000
2,M0,422,742832,744244,420000
2,M0,423,744211,745652,420000
2,M0,424,746107,747519,420000
2,M0,425,748328,749740,420000
2,M0,426,749526,751148,420000
2,M0,427,751478,752890,420000
2,M0,428,753283,754695,420000
2,M0,429,755410,756822,420000
2,M0,430,757170,758582,420000
2,M0,431,758528,759990,420000
2,M0,432,760332,761744,420000
2,M0,433,762172,763584,420000
2,M0,434,763478,764992,420000
2,M0,435,765551,766963,420000
2,M0,436,767444,768856,420000
2,M0,437,769466,770878,420000
2,M0,438,770632,772286,420000
2,M0,439,772952,774364,420000
2,M0,440,774403,775815,420000
2,M0,441,776069,777481,420000
2,M0,442,777713,779125,420000
2,M0,443,780005,781417,420000
2,M0,444,781147,782825,420000
2,M0,445,783404,784816,420000
2,M0,446,784862,786274,420000
2,M0,447,786841,788253,420000
2,M0,448,788456,789868,420000
2,M0,449,790532,791944,420000
2,M0,450,791978,793390,420000
2,M0,451,793683,795095,420000
2,M0,452,795741,797153,420000
2,M0,453,797452,798864,420000
2,M0,454,799376,800788,420000
2,M0,455,800681,802196,420000
2,M0,456,802428,803840,420000
2,M0,457,804361,805773,420000
2,M0,458,805782,807194,420000
2,M0,459,808169,809581,420000
2,M0,460,809663,811075,420000
2,M0,461,811503,812915,420000
2,M0,462,813152,814564,420000
2,M0,463,814886,816298,420000
2,M0,464,816851,818263,420000
2,M0,465,818728,820140,420000
2,M0,466,820062,821548,420000
2,M0,467,821738,823150,420000
2,M0,468,823371,824783,420000
2,M0,469,825390,826802,420000
2,M0,470,827328,828740,420000
2,M0,471,828679,830148,420000
2,M0,472,830906,832318,420000
2,M0,473,832282,833726,420000
2,M0,474,834558,835970,420000
2,M0,475,836313,837725,420000
2,M0,476,837479,839133,420000
2,M0,477,839248,840660,420000
2,M0,478,841384,842796,420000
2,M0,479,842938,844350,420000
2,M0,480,844864,846276,420000
2,M0,481,846277,847689,420000
2,M0,482,848584,849996,420000
2,M0,483,849879,851404,420000
2,M0,484,851812,853224,420000
2,M0,485,853626,855038,420000
2,M0,486,855734,857146,420000
2,M0,487,857436,858848,420000
2,M0,488,859233,860645,420000
2,M0,489,860772,862184,420000
2,M0,490,862344,863756,420000
2,M0,491,864039,865451,420000
2,M0,492,866119,867531,420000
2,M0,493,867893,869305,420000
2,M0,494,869272,870713,420000
2,M0,495,871036,872448,420000
2,M0,496,873345,874757,420000
2,M0,497,874875,876287,420000
2,M0,498,876748,878160,420000
2,M0,499,878059,879568,420000
2,M0,500,880142,881554,420000
2,M0,501,882054,883466,420000
2,M0,502,883879,885291,420000
2,M0,503,885636,887048,420000
2,M0,504,887168,888580,420000
2,M0,505,888749,890161,420000
2,M0,506,890202,891614,420000
2,M0,507,892521,893933,420000
2,M0,508,893691,895341,420000
2,M0,509,896106,897518,420000
2,M0,510,897984,899396,420000
2,M0,511,899113,900804,420000
2,M0,512,900959,902371,420000
2,M0,513,902897,904309,420000
2,M0,514,904774,906186,420000
2,M0,515,906500,907912,420000
2,M0,516,908135,909547,420000
2,M0,517,910089,911501,420000
2,M0,518,911575,912987,420000
2,M0,519,913466,914878,420000
2,M0,520,914928,916340,420000
2,M0,521,917002,918414,420000
2,M0,522,918773,920185,420000
2,M0,523,920190,921602,420000
2,M0,524,922230,923642,420000
2,M0,525,923671,925083,420000
2,M0,526,925483,926895,420000
2,M0,527,927820,929232,420000
2,M0,528,929138,930640,420000
2,M0,529,930873,932285,420000
2,M0,530,932437,933849,420000
2,M0,531,934859,936271,420000
2,M0,532,936060,937679,420000
2,M0,533,938272,939684,420000
2,M0,534,939790,941202,420000
2,M0,535,941408,942820,420000
2,M0,536,943255,944667,420000
2,M0,537,945132,946544,420000
2,M0,538,946686,948098,420000
2,M0,539,948550,949962,420000
2,M0,540,950544,951956,420000
2,M0,541,952184,953596,420000
2,M0,542,953614,955026,420000
2,M0,543,955619,957031,420000
2,M0,544,957588,959000,420000
2,M0,545,959443,960855,420000
2,M0,546,960888,962300,420000
2,M0,547,962385,963797,420000
2,M0,548,964649,966061,420000
2,M0,549,965932,967469,420000
2,M0,550,968097,969509,420000
2,M0,551,970092,971504,420000
2,M0,552,971583,972995,420000
2,M0,553,973546,974958,420000
2,M0,554,974697,976366,420000
2,M0,555,976990,978402,420000
2,M0,556,978226,979810,420000
2,M0,557,979958,981370,420000
2,M0,558,982282,983694,420000
2,M0,559,983506,985102,420000
2,M0,560,985477,986889,420000
2,M0,561,987043,988455,420000
2,M0,562,988979,990391,420000
2,M0,563,990596,992008,420000
2,M0,564,992246,993658,420000
2,M0,565,994453,995865,420000
2,M0,566,996285,997697,420000
2,M0,567,998082,999494,420000
2,M0,568,999793,1001205,420000
2,M0,569,1001206,1002618,420000
2,M0,570,1002917,1004329,420000
2,M0,571,1004996,1006408,420000
2,M0,572,1006936,1008348,420000
2,M0,573,1008274,1009756,420000
2,M0,574,1010006,1011418,420000
2,M0,575,1012007,1013419,420000
2,M0,576,1014112,1015524,420000
2,M0,577,1015647,1017059,420000
2,M0,578,1017408,1018820,420000
2,M0,579,1019286,1020698,420000
2,M0,580,1020536,1022106,420000
2,M0,581,1022537,1023949,420000
2,M0,582,1024240,1025652,420000
2,M0,583,1026271,1027683,420000
2,M0,584,1027799,1029211,420000
2,M0,585,1029264,1030676,420000
2,M0,586,1031496,1032908,420000
2,M0,587,1033058,1034470,420000
2,M0,588,1034530,1035942,420000
2,M0,589,1036663,1038075,420000
2,M0,590,1038744,1040156,420000
2,M0,591,1040332,1041744,420000
2,M0,592,1042230,1043642,420000
2,M0,593,1043782,1045194,420000
2,M0,594,1045686,1047098,420000
2,M0,595,1046951,1048506,420000
2,M0,596,1048727,1050139,420000
2,M0,597,1050644,1052056,420000
2,M0,598,1052573,1053985,420000
2,M0,599,1054481,1055893,420000
2,M0,600,1055760,1057301,420000
2,M0,601,1057840,1059252,420000
2,M0,602,1059518,1060930,420000
2,M0,603,1061034,1062446,420000
2,M0,604,1063045,1064457,420000
2,M0,605,1064509,1065921,420000
2,M0,606,1066249,1067661,420000
2,M0,607,1068009,1069421,420000
2,M0,608,1070125,1071537,420000
2,M0,609,1071683,1073095,420000
2,M0,610,1073879,1075291,420000
2,M0,611,1075751,1077163,420000
2,M0,612,1076936,1078571,420000
2,M0,613,1078611,1080023,420000
2,M0,614,1080487,1081899,420000
2,M0,615,1082669,1084081,420000
2,M0,616,1083920,1085489,420000
2,M0,617,1086094,1087506,420000
2,M0,618,1087756,1089168,420000
2,M0,619,1089684,1091096,420000
2,M0,620,1090803,1092504,420000
2,M0,621,1092810,1094222,420000
2,M0,622,1094684,1096096,420000
2,M0,623,1096156,1097568,420000
2,M0,624,1097947,1099359,420000
2,M0,625,1099856,1101268,420000
2,M0,626,1101567,1102979,420000
2,M0,627,1103210,1104622,420000
2,M0,628,1105235,1106647,420000
2,M0,629,1106960,1108372,420000
2,M0,630,1108817,1110229,420000
2,M0,631,1110322,1111734,420000
2,M0,632,1112629,1114041,420000
2,M0,633,1113891,1115449,420000
2,M0,634,1115646,1117058,420000
2,M0,635,1117236,1118648,420000
2,M0,636,1119364,1120776,420000
2,M0,637,1121495,1122907,420000
2,M0,638,1123147,1124559,420000
2,M0,639,1124669,1126081,420000
2,M0,640,1126439,1127851,420000
2,M0,641,1128488,1129900,420000
2,M0,642,1129583,1131308,420000
2,M0,643,1131673,1133085,420000
2,M0,644,1133636,1135048,420000
2,M0,645,1134974,1136456,420000
2,M0,646,1137261,1138673,420000
2,M0,647,1138934,1140346,420000
2,M0,648,1140800,1142212,420000
2,M0,649,1141939,1143620,420000
2,M0,650,1144125,1145537,420000
2,M0,651,1146095,1147507,420000
2,M0,652,1147529,1148941,420000
2,M0,653,1149601,1151013,420000
2,M0,654,1150848,1152421,420000
2,M0,655,1152436,1153848,420000
2,M0,656,1154303,1155715,420000
2,M0,657,1156621,1158033,420000
2,M0,658,1158289,1159701,420000
2,M0,659,1160038,1161450,420000
2,M0,660,1161389,1162858,420000
2,M0,661,1163552,1164964,420000
2,M0,662,1165403,1166815,420000
2,M0,663,1166784,1168223,420000
2,M0,664,1168556,1169968,420000
2,M0,665,1170128,1171540,420000
2,M0,666,1171803,1173215,420000
2,M0,667,1174252,1175664,420000
2,M0,668,1175600,1177072,420000
2,M0,669,1177378,1178790,420000
2,M0,670,1178925,1180337,420000
2,M0,671,1180926,1182338,420000
2,M0,672,1182684,1184096,420000
2,M0,673,1184829,1186241,420000
2,M0,674,1186138,1187649,420000
2,M0,675,1187945,1189357,420000
2,M0,676,1189822,1191234,420000
2,M0,677,1191179,1192642,420000
2,M0,678,1193498,1194910,420000
2,M0,679,1195025,1196437,420000
2,M0,680,1196826,1198238,420000
2,M0,681,1198163,1199646,420000
2,M0,682,1200080,1201492,420000
2,M0,683,1201848,1203260,420000
2,M0,684,1203454,1204866,420000
2,M0,685,1205503,1206915,420000
2,M0,686,1207659,1209071,420000
2,M0,687,1209368,1210780,420000
2,M0,688,1211174,1212586,420000
2,M0,689,1212807,1214219,420000
2,M0,690,1214628,1216040,420000
2,M0,691,1215784,1217448,420000
2,M0,692,1218034,1219446,420000
2,M0,693,1220076,1221488,420000
2,M0,694,1221609,1223021,420000
2,M0,695,1223209,1224621,420000
2,M0,696,1224931,1226343,420000
2,M0,697,1226379,1227791,420000
2,M0,698,1228539,1229951,420000
2,M0,699,1230500,1231912,420000
2,M0,700,1231993,1233405,420000
2,M0,701,1233776,1235188,420000
2,M0,702,1235502,1236914,420000
2,M0,703,1237334,1238746,420000
2,M0,704,1238807,1240219,420000
2,M0,705,1240477,1241889,420000
2,M0,706,1242815,1244227,420000
2,M0,707,1244609,1246021,420000
2,M0,708,1246334,1247746,420000
2,M0,709,1248188,1249600,420000
2,M0,710,1249835,1251247,420000
2,M0,711,1251302,1252714,420000
2,M0,712,1252939,1254351,420000
2,M0,713,1254716,1256128,420000
2,M0,714,1256673,1258085,420000
2,M0,715,1258511,1259923,420000
2,M0,716,1259927,1261339,420000
2,M0,717,1261551,1262963,420000
2,M0,718,1263361,1264773,420000
2,M0,719,1265747,1267159,420000
2,M0,720,1267369,1268781,420000
2,M0,721,1268911,1270323,420000
2,M0,722,1270741,1272153,420000
2,M0,723,1272441,1273853,420000
2,M0,724,1273886,1275298,420000
2,M0,725,1276009,1277421,420000
2,M0,726,1278086,1279498,420000
2,M0,727,1279916,1281328,420000
2,M0,728,1281397,1282809,420000
2,M0,729,1283224,1284636,420000
2,M0,730,1284607,1286044,420000
2,M0,731,1286810,1288222,420000
2,M0,732,1287982,1289630,420000
2,M0,733,1290379,1291791,420000
2,M0,734,1291671,1293199,420000
2,M0,735,1293489,1294901,420000
2,M0,736,1295185,1296597,420000
2,M0,737,1296832,1298244,420000
2,M0,738,1298651,1300063,420000
2,M0,739,1300468,1301880,420000
2,M0,740,1302778,1304190,420000
2,M0,741,1304438,1305850,420000
2,M0,742,1306021,1307433,420000
2,M0,743,1307606,1309018,420000
2,M0,744,1309220,1310632,420000
2,M0,745,1311573,1312985,420000
2,M0,746,1312675,1314393,420000
2,M0,747,1314448,1315860,420000
2,M0,748,1316522,1317934,420000
2,M0,749,1318038,1319450,420000
2,M0,750,1320234,1321646,420000
2,M0,751,1321719,1323131,420000
2,M0,752,1323689,1325101,420000
2,M0,753,1325408,1326820,420000
2,M0,754,1327333,1328745,420000
2,M0,755,1328744,1330156,420000
2,M0,756,1330393,1331805,420000
2,M0,757,1332002,1333414,420000
2,M0,758,1333766,1335178,420000
2,M0,759,1336046,1337458,420000
2,M0,760,1337666,1339078,420000
2,M0,761,1339694,1341106,420000
2,M0,762,1340787,1342514,420000
2,M0,763,1343277,1344689,420000
2,M0,764,1344904,1346316,420000
2,M0,765,1346607,1348019,420000
2,M0,766,1348094,1349506,420000
2,M0,767,1350101,1351513,420000
2,M0,768,1351481,1352921,420000
2,M0,769,1353109,1354521,420000
2,M0,770,1354946,1356358,420000
2,M0,771,1357113,1358525,420000
2,M0,772,1359078,1360490,420000
2,M0,773,1360349,1361898,420000
2,M0,774,1362326,1363738,420000
2,M0,775,1364073,1365485,420000
2,M0,776,1366000,1367412,420000
2,M0,777,1367205,1368820,420000
2,M0,778,1369446,1370858,420000
2,M0,779,1371146,1372558,420000
2,M0,780,1373008,1374420,420000
2,M0,781,1374499,1375911,420000
2,M0,782,1376607,1378019,420000
2,M0,783,1378262,1379674,420000
2,M0,784,1379601,1381082,420000
2,M0,785,1381567,1382979,420000
2,M0,786,1383375,1384787,420000
2,M0,787,1385328,1386740,420000
2,M0,788,1386496,1388148,420000
2,M0,789,1388281,1389693,420000
2,M0,790,1390541,1391953,420000
2,M0,791,1392280,1393692,420000
2,M0,792,1393611,1395100,420000
2,M0,793,1395613,1397025,420000
2,M0,794,1397114,1398526,420000
2,M0,795,1399270,1400682,420000
2,M0,796,1401172,1402584,420000
2,M0,797,1402415,1403992,420000
2,M0,798,1404351,1405763,420000
2,M0,799,1406130,1407542,420000
2,M0,800,1408325,1409737,420000
2,M0,801,1409380,1411145,420000
2,M0,802,1411150,1412562,420000
2,M0,803,1413657,1415069,420000
2,M0,804,1414709,1416477,420000
2,M0,805,1416894,1418306,420000
2,M0,806,1418241,1419714,420000
2,M0,807,1420168,1421580,420000
2,M0,808,1422028,1423440,420000
2,M0,809,1423604,1425016,420000
2,M0,810,1425346,1426758,420000
2,M0,811,1427173,1428585,420000
2,M0,812,1428934,1430346,420000
2,M0,813,1430908,1432320,420000
2,M0,814,1432802,1434214,420000
2,M0,815,1434412,1435824,420000
2,M0,816,1436366,1437778,420000
2,M0,817,1437754,1439186,420000
2,M0,818,1439292,1440704,420000
2,M0,819,1441386,1442798,420000
2,M0,820,1443361,1444773,420000
2,M0,821,1444710,1446181,420000
2,M0,822,1446890,1448302,420000
2,M0,823,1448812,1450224,420000
2,M0,824,1450591,1452003,420000
2,M0,825,1452269,1453681,420000
2,M0,826,1453423,1455089,420000
2,M0,827,1455784,1457196,420000
2,M0,828,1457189,1458604,420000
2,M0,829,1458865,1460277,420000
2,M0,830,1460623,1462035,420000
2,M0,831,1462815,1464227,420000
2,M0,832,1463970,1465635,420000
2,M0,833,1466220,1467632,420000
2,M0,834,1467887,1469299,420000
2,M0,835,1469447,1470859,420000
2,M0,836,1471658,1473070,420000
2,M0,837,1473269,1474681,420000
2,M0,838,1474827,1476239,420000
2,M0,839,1476752,1478164,420000
2,M0,840,1478751,1480163,420000
2,M0,841,1479790,1481571,420000
2,M0,842,1481946,1483358,420000
2,M0,843,1484079,1485491,420000
2,M0,844,1485164,1486899,420000
2,M0,845,1487184,1488596,420000
2,M0,846,1488708,1490120,420000
2,M0,847,1490937,1492349,420000
2,M0,848,1492607,1494019,420000
2,M0,849,1494264,1495676,420000
2,M0,850,1496132,1497544,420000
2,M0,851,1497666,1499078,420000
2,M0,852,1499828,1501240,420000
2,M0,853,1500919,1502648,420000
2,M0,854,1502741,1504153,420000
2,M0,855,1504696,1506108,420000
2,M0,856,1506414,1507826,420000
2,M0,857,1508141,1509553,420000
2,M0,858,1510426,1511838,420000
2,M0,859,1512225,1513637,420000
2,M0,860,1513745,1515157,420000
2,M0,861,1515286,1516698,420000
2,M0,862,1516792,1518204,420000
2,M0,863,1518638,1520050,420000
2,M0,864,1520623,1522035,420000
2,M0,865,1522193,1523605,420000
2,M0,866,1524153,1525565,420000
2,M0,867,1526151,1527563,420000
2,M0,868,1527782,1529194,420000
2,M0,869,1529319,1530731,420000
2,M0,870,1531048,1532460,420000
2,M0,871,1532655,1534067,420000
2,M0,872,1534415,1535827,420000
2,M0,873,1536415,1537827,420000
2,M0,874,1538144,1539556,420000
2,M0,875,1539872,1541284,420000
2,M0,876,1541611,1543023,420000
2,M0,877,1543816,1545228,420000
2,M0,878,1545434,1546846,420000
2,M0,879,1546881,1548293,420000
2,M0,880,1548410,1549822,420000
2,M0,881,1550196,1551608,420000
2,M0,882,1552051,1553463,420000
2,M0,883,1554072,1555484,420000
2,M0,884,1556187,1557599,420000
2,M0,885,1557593,1559007,420000
2,M0,886,1559102,1560514,420000
2,M0,887,1560874,1562286,420000
2,M0,888,1562862,1564274,420000
2,M0,889,1565033,1566445,420000
2,M0,890,1566665,1568077,420000
2,M0,891,1568411,1569823,420000
2,M0,892,1569801,1571231,420000
2,M0,893,1571709,1573121,420000
2,M0,894,1573730,1575142,420000
2,M0,895,1575200,1576612,420000
2,M0,896,1577029,1578441,420000
2,M0,897,1578621,1580033,420000
2,M0,898,1580492,1581904,420000
2,M0,899,1582221,1583633,420000
2,M0,900,1584215,1585627,420000
2,M0,901,1585396,1587035,420000
2,M0,902,1587547,1588959,420000
2,M0,903,1589247,1590659,420000
2,M0,904,1590792,1592204,420000
2,M0,905,1592957,1594369,420000
2,M0,906,1594928,1596340,420000
2,M0,907,1596664,1598076,420000
2,M0,908,1597929,1599484,420000
2,M0,909,1599545,1600957,420000
2,M0,910,1601856,1603268,420000
2,M0,911,1603220,1604676,420000
2,M0,912,1605149,1606561,420000
2,M0,913,1606550,1607969,420000
2,M0,914,1608603,1610015,420000
2,M0,915,1610344,1611756,420000
2,M0,916,1611802,1613214,420000
2,M0,917,1613628,1615040,420000
2,M0,918,1615759,1617171,420000
2,M0,919,1617115,1618579,420000
2,M0,920,1619137,1620549,420000
2,M0,921,1620805,1622217,420000
2,M0,922,1622345,1623757,420000
2,M0,923,1624800,1626212,420000
2,M0,924,1626534,1627946,420000
2,M0,925,1628114,1629526,420000
2,M0,926,1630032,1631444,420000
2,M0,927,1631426,1632852,420000
2,M0,928,1633574,1634986,420000
2,M0,929,1635400,1636812,420000
2,M0,930,1637049,1638461,420000
2,M0,931,1638639,1640051,420000
2,M0,932,1640019,1641459,420000
2,M0,933,1641680,1643092,420000
2,M0,934,1643784,1645196,420000
2,M0,935,1645310,1646722,420000
2,M0,936,1647389,1648801,420000
2,M0,937,1649044,1650456,420000
2,M0,938,1651157,1652569,420000
2,M0,939,1652751,1654163,420000
2,M0,940,1654651,1656063,420000
2,M0,941,1656175,1657587,420000
2,M0,942,1658070,1659482,420000
2,M0,943,1659936,1661348,420000
2,M0,944,1661130,1662756,420000
2,M0,945,1663173,1664585,420000
2,M0,946,1664859,1666271,420000
2,M0,947,1666946,1668358,420000
2,M0,948,1668856,1670268,420000
2,M0,949,1670014,1671676,420000
2,M0,950,1671854,1673266,420000
2,M0,951,1674025,1675437,420000
2,M0,952,1675827,1677239,420000
2,M0,953,1677616,1679028,420000
2,M0,954,1678731,1680436,420000
2,M0,955,1680778,1682190,420000
2,M0,956,1682695,1684107,420000
2,M0,957,1684569,1685981,420000
2,M0,958,1686383,1687795,420000
2,M0,959,1688019,1689431,420000
2,M0,960,1689927,1691339,420000
2,M0,961,1691502,1692914,420000
2,M0,962,1693060,1694472,420000
2,M0,963,1694528,1695940,420000
2,M0,964,1696252,1697664,420000
2,M0,965,1698428,1699840,420000
2,M0,966,1700172,1701584,420000
2,M0,967,1702233,1703645,420000
2,M0,968,1703329,1705053,420000
2,M0,969,1705628,1707040,420000
2,M0,970,1707269,1708681,420000
2,M0,971,1708935,1710347,420000
2,M0,972,1710322,1711755,420000
2,M0,973,1712844,1714256,420000
2,M0,974,1713997,1715664,420000
2,M0,975,1715676,1717088,420000
2,M0,976,1717580,1718992,420000
2,M0,977,1719696,1721108,420000
2,M0,978,1721146,1722558,420000
2,M0,979,1723336,1724748,420000
2,M0,980,1724829,1726241,420000
2,M0,981,1726249,1727661,420000
2,M0,982,1728608,1730020,420000
2,M0,983,1729920,1731428,420000
2,M0,984,1732209,1733621,420000
2,M0,985,1733352,1735029,420000
2,M0,986,1735654,1737066,420000
2,M0,987,1737242,1738654,420000
2,M0,988,1738797,1740209,420000
2,M0,989,1740350,1741762,420000
2,M0,990,1742267,1743679,420000
2,M0,991,1744074,1745486,420000
2,M0,992,1745793,1747205,420000
2,M0,993,1748068,1749480,420000
2,M0,994,1749369,1750888,420000
2,M0,995,1751111,1752523,420000
2,M0,996,1752850,1754262,420000
2,M0,997,1754519,1755931,420000
2,M0,998,1756226,1757638,420000
2,M0,999,1757910,1759322,420000
2,M1,0,0,1420,13500
2,M1,1,1976,3396,13500
2,M1,2,3845,5265,13500
2,M1,3,5591,7011,13500
2,M1,4,6976,8419,1500
2,M1,5,8911,10331,13500
2,M1,6,10931,12351,13500
2,M1,7,12180,13759,1500
2,M1,8,13799,15219,13500
2,M1,9,16136,17556,13500
2,M1,10,17820,19240,13500
2,M1,11,19331,20751,13500
2,M1,12,20871,22291,13500
2,M1,13,23097,24517,13500
2,M1,14,24357,25925,1500
2,M1,15,26556,27976,13500
2,M1,16,28369,29789,13500
2,M1,17,29789,31209,13500
2,M1,18,31934,33354,13500
2,M1,19,33774,35194,13500
2,M1,20,35300,36720,13500
2,M1,21,36820,38240,13500
2,M1,22,38985,40405,13500
2,M1,23,40209,41813,1500
2,M1,24,42541,43961,13500
2,M1,25,43772,45369,1500
2,M1,26,46109,47529,13500
2,M1,27,47724,49144,13500
2,M1,28,48889,50552,1500
2,M1,29,51252,52672,13500
2,M1,30,52405,54080,1500
2,M1,31,54394,55814,13500
2,M1,32,56227,57647,13500
2,M1,33,57994,59414,13500
2,M1,34,60202,61622,13500
2,M1,35,61222,63030,1500
2,M1,36,63049,64469,13500
2,M1,37,65356,66776,13500
2,M1,38,66736,68184,1500
2,M1,39,68642,70062,13500
2,M1,40,70747,72167,13500
2,M1,41,72149,73575,1500
2,M1,42,74069,75489,13500
2,M1,43,76077,77497,13500
2,M1,44,77463,78905,1500
2,M1,45,79527,80947,13500
2,M1,46,81080,82500,13500
2,M1,47,82387,83908,1500
2,M1,48,84623,86043,13500
2,M1,49,86269,87689,13500
2,M1,50,88223,89643,13500
2,M1,51,89851,91271,13500
2,M1,52,91332,92752,13500
2,M1,53,92950,94370,13500
2,M1,54,95027,96447,13500
2,M1,55,97051,98471,13500
2,M1,56,98516,99936,13500
2,M1,57,100584,102004,13500
2,M1,58,101840,103412,1500
2,M1,59,103923,105343,13500
2,M1,60,105256,106751,1500
2,M1,61,107344,108764,13500
2,M1,62,109394,110814,13500
2,M1,63,111066,112486,13500
2,M1,64,112553,113973,13500
2,M1,65,114658,116078,13500
2,M1,66,116115,117535,13500
2,M1,67,118089,119509,13500
2,M1,68,119685,121105,13500
2,M1,69,121055,122513,1500
2,M1,70,123320,124740,13500
2,M1,71,125016,126436,13500
2,M1,72,127003,128423,13500
2,M1,73,128089,129831,1500
2,M1,74,129982,131402,13500
2,M1,75,132290,133710,13500
2,M1,76,134046,135466,13500
2,M1,77,135291,136874,1500
2,M1,78,137522,138942,13500
2,M1,79,138795,140350,1500
2,M1,80,141033,142453,13500
2,M1,81,142448,143868,12000
2,M1,82,143961,145381,13500
2,M1,83,145732,147152,13500
2,M1,84,148060,149480,13500
2,M1,85,149517,150937,13500
2,M1,86,151385,152805,13500
2,M1,87,152787,154213,1500
2,M1,88,155238,156658,13500
2,M1,89,156962,158382,13500
2,M1,90,158786,160206,13500
2,M1,91,160477,161897,13500
2,M1,92,161785,163305,1500
2,M1,93,163314,164734,13500
2,M1,94,165407,166827,13500
2,M1,95,167552,168972,13500
2,M1,96,169224,170644,13500
2,M1,97,170759,172179,13500
2,M1,98,172379,173799,13500
2,M1,99,174393,175813,13500
2,M1,100,176062,177482,13500
2,M1,101,177396,178890,1500
2,M1,102,179370,180790,13500
2,M1,103,181170,182590,13500
2,M1,104,183242,184662,13500
2,M1,105,185159,186579,13500
2,M1,106,186586,188006,13500
2,M1,107,188141,189561,13500
2,M1,108,190447,191867,13500
2,M1,109,192208,193628,13500
2,M1,110,193597,195036,1500
2,M1,111,195141,196561,13500
2,M1,112,196771,198191,13500
2,M1,113,199275,200695,13500
2,M1,114,200374,202103,1500
2,M1,115,202480,203900,13500
2,M1,116,204259,205679,13500
2,M1,117,206261,207681,13500
2,M1,118,207520,209089,1500
2,M1,119,209368,210788,13500
2,M1,120,211255,212675,13500
2,M1,121,213028,214448,13500
2,M1,122,214446,215866,13500
2,M1,123,216801,218221,13500
2,M1,124,218216,219636,12000
2,M1,125,220398,221818,13500
2,M1,126,221653,223226,1500
2,M1,127,223746,225166,13500
2,M1,128,225539,226959,13500
2,M1,129,226880,228367,1500
2,M1,130,228837,230257,13500
2,M1,131,230913,232333,13500
2,M1,132,232383,233803,13500
2,M1,133,234030,235450,13500
2,M1,134,235844,237264,13500
2,M1,135,237373,238793,13500
2,M1,136,239373,240793,13500
2,M1,137,240852,242272,13500
2,M1,138,243070,244490,13500
2,M1,139,244673,246093,13500
2,M1,140,246275,247695,13500
2,M1,141,248095,249515,13500
2,M1,142,250054,251474,13500
2,M1,143,251920,253340,13500
2,M1,144,253808,255228,13500
2,M1,145,255108,256636,1500
2,M1,146,256915,258335,13500
2,M1,147,258836,260256,13500
2,M1,148,260160,261664,1500
2,M1,149,262020,263440,13500
2,M1,150,263707,265127,13500
2,M1,151,265667,267087,13500
2,M1,152,267333,268753,13500
2,M1,153,269569,270989,13500
2,M1,154,270846,272397,1500
2,M1,155,272479,273899,13500
2,M1,156,274270,275690,13500
2,M1,157,276355,277775,13500
2,M1,158,278305,279725,13500
2,M1,159,279757,281177,13500
2,M1,160,281460,282880,13500
2,M1,161,283190,284610,13500
2,M1,162,284738,286158,13500
2,M1,163,287097,288517,13500
2,M1,164,288479,289925,1500
2,M1,165,290207,291627,13500
2,M1,166,292477,293897,13500
2,M1,167,293673,295305,1500
2,M1,168,295760,297180,13500
2,M1,169,297268,298688,13500
2,M1,170,299453,300873,13500
2,M1,171,300889,302309,13500
2,M1,172,302484,303904,13500
2,M1,173,304821,306241,13500
2,M1,174,306489,307909,13500
2,M1,175,308114,309534,13500
2,M1,176,309530,310950,13500
2,M1,177,311246,312666,13500
2,M1,178,313135,314555,13500
2,M1,179,314918,316338,13500
2,M1,180,316999,318419,13500
2,M1,181,318590,320010,13500
2,M1,182,320227,321647,13500
2,M1,183,321975,323395,13500
2,M1,184,324048,325468,13500
2,M1,185,325796,327216,13500
2,M1,186,327152,328624,1500
2,M1,187,329226,330646,13500
2,M1,188,330631,332054,1500
2,M1,189,332630,334050,13500
2,M1,190,334254,335674,13500
2,M1,191,335796,337216,13500
2,M1,192,337894,339314,13500
2,M1,193,339576,340996,13500
2,M1,194,341453,342873,13500
2,M1,195,343364,344784,13500
2,M1,196,344989,346409,13500
2,M1,197,347088,348508,13500
2,M1,198,348708,350128,13500
2,M1,199,350281,351701,13500
2,M1,200,351973,353393,13500
2,M1,201,353698,355118,13500
2,M1,202,355283,356703,13500
2,M1,203,357533,358953,13500
2,M1,204,358900,360361,1500
2,M1,205,360943,362363,13500
2,M1,206,362259,363771,1500
2,M1,207,364707,366127,13500
2,M1,208,366166,367586,13500
2,M1,209,367706,369126,13500
2,M1,210,369280,370700,13500
2,M1,211,371313,372733,13500
2,M1,212,373108,374528,13500
2,M1,213,375218,376638,13500
2,M1,214,376340,378046,1500
2,M1,215,378335,379755,13500
2,M1,216,380403,381823,13500
2,M1,217,382295,383715,13500
2,M1,218,383464,385123,1500
2,M1,219,385153,386573,13500
2,M1,220,386870,388290,13500
2,M1,221,388980,390400,13500
2,M1,222,390905,392325,13500
2,M1,223,392415,393835,13500
2,M1,224,393900,395320,13500
2,M1,225,396257,397677,13500
2,M1,226,397556,399085,1500
2,M1,227,399790,401210,13500
2,M1,228,401575,402995,13500
2,M1,229,403157,404577,13500
2,M1,230,405044,406464,13500
2,M1,231,406907,408327,13500
2,M1,232,408384,409804,13500
2,M1,233,410432,411852,13500
2,M1,234,412072,413492,13500
2,M1,235,413233,414900,1500
2,M1,236,415756,417176,13500
2,M1,237,417198,418618,13500
2,M1,238,419026,420446,13500
2,M1,239,420436,421856,4500
2,M1,240,422362,423782,13500
2,M1,241,424292,425712,13500
2,M1,242,425875,427295,13500
2,M1,243,427863,429283,13500
2,M1,244,429051,430691,1500
2,M1,245,431451,432871,13500
2,M1,246,432611,434279,1500
2,M1,247,434996,436416,13500
2,M1,248,436386,437824,1500
2,M1,249,438431,439851,13500
2,M1,250,439769,441259,1500
2,M1,251,441858,443278,13500
2,M1,252,443777,445197,13500
2,M1,253,445602,447022,13500
2,M1,254,446644,448430,1500
2,M1,255,448728,450148,13500
2,M1,256,450684,452104,13500
2,M1,257,452505,453925,13500
2,M1,258,453695,455333,1500
2,M1,259,455998,457418,13500
2,M1,260,457415,458835,13500
2,M1,261,459316,460736,13500
2,M1,262,461382,462802,13500
2,M1,263,463162,464582,13500
2,M1,264,464495,465990,1500
2,M1,265,466400,467820,13500
2,M1,266,468444,469864,13500
2,M1,267,469728,471272,1500
2,M1,268,471497,472917,13500
2,M1,269,473228,474648,13500
2,M1,270,474857,476277,13500
2,M1,271,476567,477987,13500
2,M1,272,478357,479777,13500
2,M1,273,480615,482035,13500
2,M1,274,482204,483624,13500
2,M1,275,483707,485127,13500
2,M1,276,485997,487417,13500
2,M1,277,487796,489216,13500
2,M1,278,489069,490624,1500
2,M1,279,491283,492703,13500
2,M1,280,492449,494111,1500
2,M1,281,494691,496111,13500
2,M1,282,496467,497887,13500
2,M1,283,498186,499606,13500
2,M1,284,500167,501587,13500
2,M1,285,501808,503228,13500
2,M1,286,503627,505047,13500
2,M1,287,504730,506455,1500
2,M1,288,507128,508548,13500
2,M1,289,508997,510417,13500
2,M1,290,510638,512058,13500
2,M1,291,511944,513466,1500
2,M1,292,513898,515318,13500
2,M1,293,515789,517209,13500
2,M1,294,517785,519205,13500
2,M1,295,519343,520763,13500
2,M1,296,521025,522445,13500
2,M1,297,522767,524187,13500
2,M1,298,524330,525750,13500
2,M1,299,526540,527960,13500
2,M1,300,527609,529368,1500
2,M1,301,529451,530871,13500
2,M1,302,531634,533054,13500
2,M1,303,533302,534722,13500
2,M1,304,535049,536469,13500
2,M1,305,536861,538281,13500
2,M1,306,538295,539715,13500
2,M1,307,540206,541626,13500
2,M1,308,541884,543304,13500
2,M1,309,543443,544863,13500
2,M1,310,545986,547406,13500
2,M1,311,547605,549025,13500
2,M1,312,549053,550473,13500
2,M1,313,551179,552599,13500
2,M1,314,552937,554357,13500
2,M1,315,554634,556054,13500
2,M1,316,556099,557519,13500
2,M1,317,557932,559352,13500
2,M1,318,559378,560798,13500
2,M1,319,561116,562536,13500
2,M1,320,563085,564505,13500
2,M1,321,565061,566481,13500
2,M1,322,566417,567889,1500
2,M1,323,568272,569692,13500
2,M1,324,570401,571821,13500
2,M1,325,572081,573501,13500
2,M1,326,573947,575367,13500
2,M1,327,575122,576775,1500
2,M1,328,577377,578797,13500
2,M1,329,578710,580205,1500
2,M1,330,581038,582458,13500
2,M1,331,582377,583866,1500
2,M1,332,584042,585462,13500
2,M1,333,586365,587785,13500
2,M1,334,588182,589602,13500
2,M1,335,589560,591010,1500
2,M1,336,591229,592649,13500
2,M1,337,593303,594723,13500
2,M1,338,594698,596131,1500
2,M1,339,596531,597951,13500
2,M1,340,598063,599483,13500
2,M1,341,600504,601924,13500
2,M1,342,602278,603698,13500
2,M1,343,603461,605106,1500
2,M1,344,605292,606712,13500
2,M1,345,607052,608472,13500
2,M1,346,609046,610466,13500
2,M1,347,610790,612210,13500
2,M1,348,612705,614125,13500
2,M1,349,614022,615533,1500
2,M1,350,615956,617376,13500
2,M1,351,617931,619351,13500
2,M1,352,619823,621243,13500
2,M1,353,621228,622651,1500
2,M1,354,623353,624773,13500
2,M1,355,624843,626263,13500
2,M1,356,626315,627735,13500
2,M1,357,628145,629565,13500
2,M1,358,629924,631344,13500
2,M1,359,632217,633637,13500
2,M1,360,633910,635330,13500
2,M1,361,635256,636738,1500
2,M1,362,637160,638580,13500
2,M1,363,639244,640664,13500
2,M1,364,640745,642165,13500
2,M1,365,642220,643640,13500
2,M1,366,644051,645471,13500
2,M1,367,646272,647692,13500
2,M1,368,647783,649203,13500
2,M1,369,649798,651218,13500
2,M1,370,651270,652690,13500
2,M1,371,653003,654423,13500
2,M1,372,655013,656433,13500
2,M1,373,656438,657858,13500
2,M1,374,658620,660040,13500
2,M1,375,659833,661448,1500
2,M1,376,661457,662877,13500
2,M1,377,663888,665308,13500
2,M1,378,665131,666716,1500
2,M1,379,666983,668403,13500
2,M1,380,668855,670275,13500
2,M1,381,670357,671777,13500
2,M1,382,672083,673503,13500
2,M1,383,674374,675794,13500
2,M1,384,675728,677202,1500
2,M1,385,677956,679376,13500
2,M1,386,679427,680847,13500
2,M1,387,680953,682373,13500
2,M1,388,682608,684028,13500
2,M1,389,684747,686167,13500
2,M1,390,686090,687575,1500
2,M1,391,688040,689460,13500
2,M1,392,690236,691656,13500
2,M1,393,691444,693064,1500
2,M1,394,693397,694817,13500
2,M1,395,695539,696959,13500
2,M1,396,696616,698367,1500
2,M1,397,698740,700160,13500
2,M1,398,700115,701568,1500
2,M1,399,702120,703540,13500
2,M1,400,703927,705347,13500
2,M1,401,705586,707006,13500
2,M1,402,707305,708725,13500
2,M1,403,709576,710996,13500
2,M1,404,711251,712671,13500
2,M1,405,712653,714079,1500
2,M1,406,714561,715981,13500
2,M1,407,715934,717389,1500
2,M1,408,718325,719745,13500
2,M1,409,719701,721153,1500
2,M1,410,721727,723147,13500
2,M1,411,723451,724871,13500
2,M1,412,725507,726927,13500
2,M1,413,727111,728531,13500
2,M1,414,728455,729939,1500
2,M1,415,730473,731893,13500
2,M1,416,731762,733301,1500
2,M1,417,734197,735617,13500
2,M1,418,735356,737025,1500
2,M1,419,737560,738980,13500
2,M1,420,739583,741003,13500
2,M1,421,741326,742746,13500
2,M1,422,742832,744252,13500
2,M1,423,744211,745660,1500
2,M1,424,746107,747527,13500
2,M1,425,748328,749748,13500
2,M1,426,749526,751156,1500
2,M1,427,751478,752898,13500
2,M1,428,753283,754703,13500
2,M1,429,755410,756830,13500
2,M1,430,757170,758590,13500
2,M1,431,758528,759998,1500
2,M1,432,760332,761752,13500
2,M1,433,762172,763592,13500
2,M1,434,763478,765000,1500
2,M1,435,765551,766971,13500
2,M1,436,767444,768864,13500
2,M1,437,769466,770886,13500
2,M1,438,770632,772294,1500
2,M1,439,772952,774372,13500
2,M1,440,774403,775823,13500
2,M1,441,776069,777489,13500
2,M1,442,777713,779133,13500
2,M1,443,780005,781425,13500
2,M1,444,781147,782833,1500
2,M1,445,783404,784824,13500
2,M1,446,784862,786282,13500
2,M1,447,786841,788261,13500
2,M1,448,788456,789876,13500
2,M1,449,790532,791952,13500
2,M1,450,791978,793398,13500
2,M1,451,793683,795103,13500
2,M1,452,795741,797161,13500
2,M1,453,797452,798872,13500
2,M1,454,799376,800796,13500
2,M1,455,800681,802204,1500
2,M1,456,802428,803848,13500
2,M1,457,804361,805781,13500
2,M1,458,805782,807202,13500
2,M1,459,808169,809589,13500
2,M1,460,809663,811083,13500
2,M1,461,811503,812923,13500
2,M1,462,813152,814572,13500
2,M1,463,814886,816306,13500
2,M1,464,816851,818271,13500
2,M1,465,818728,820148,13500
2,M1,466,820062,821556,1500
2,M1,467,821738,823158,13500
2,M1,468,823371,824791,13500
2,M1,469,825390,826810,13500
2,M1,470,827328,828748,13500
2,M1,471,828679,830156,1500
2,M1,472,830906,832326,13500
2,M1,473,832282,833734,1500
2,M1,474,834558,835978,13500
2,M1,475,836313,837733,13500
2,M1,476,837479,839141,1500
2,M1,477,839248,840668,13500
2,M1,478,841384,842804,13500
2,M1,479,842938,844358,13500
2,M1,480,844864,846284,13500
2,M1,481,846277,847697,9000
2,M1,482,848584,850004,13500
2,M1,483,849879,851412,1500
2,M1,484,851812,853232,13500
2,M1,485,853626,855046,13500
2,M1,486,855734,857154,13500
2,M1,487,857436,858856,13500
2,M1,488,859233,860653,13500
2,M1,489,860772,862192,13500
2,M1,490,862344,863764,13500
2,M1,491,864039,865459,13500
2,M1,492,866119,867539,13500
2,M1,493,867893,869313,13500
2,M1,494,869272,870721,1500
2,M1,495,871036,872456,13500
2,M1,496,873345,874765,13500
2,M1,497,874875,876295,13500
2,M1,498,876748,878168,13500
2,M1,499,878059,879576,1500
2,M1,500,880142,881562,13500
2,M1,501,882054,883474,13500
2,M1,502,883879,885299,13500
2,M1,503,885636,887056,13500
2,M1,504,887168,888588,13500
2,M1,505,888749,890169,13500
2,M1,506,890202,891622,13500
2,M1,507,892521,893941,13500
2,M1,508,893691,895349,1500
2,M1,509,896106,897526,13500
2,M1,510,897984,899404,13500
2,M1,511,899113,900812,1500
2,M1,512,900959,902379,13500
2,M1,513,902897,904317,13500
2,M1,514,904774,906194,13500
2,M1,515,906500,907920,13500
2,M1,516,908135,909555,13500
2,M1,517,910089,911509,13500
2,M1,518,911575,912995,13500
2,M1,519,913466,914886,13500
2,M1,520,914928,916348,13500
2,M1,521,917002,918422,13500
2,M1,522,918773,920193,13500
2,M1,523,920190,921610,13500
2,M1,524,922230,923650,13500
2,M1,525,923671,925091,13500
2,M1,526,925483,926903,13500
2,M1,527,927820,929240,13500
2,M1,528,929138,930648,1500
2,M1,529,930873,932293,13500
2,M1,530,932437,933857,13500
2,M1,531,934859,936279,13500
2,M1,532,936060,937687,1500
2,M1,533,938272,939692,13500
2,M1,534,939790,941210,13500
2,M1,535,941408,942828,13500
2,M1,536,943255,944675,13500
2,M1,537,945132,946552,13500
2,M1,538,946686,948106,13500
2,M1,539,948550,949970,13500
2,M1,540,950544,951964,13500
2,M1,541,952184,953604,13500
2,M1,542,953614,955034,13500
2,M1,543,955619,957039,13500
2,M1,544,957588,959008,13500
2,M1,545,959443,960863,13500
2,M1,546,960888,962308,13500
2,M1,547,962385,963805,13500
2,M1,548,964649,966069,13500
2,M1,549,965932,967477,1500
2,M1,550,968097,969517,13500
2,M1,551,970092,971512,13500
2,M1,552,971583,973003,13500
2,M1,553,973546,974966,13500
2,M1,554,974697,976374,1500
2,M1,555,976990,978410,13500
2,M1,556,978226,979818,1500
2,M1,557,979958,981378,13500
2,M1,558,982282,983702,13500
2,M1,559,983506,985110,1500
2,M1,560,985477,986897,13500
2,M1,561,987043,988463,13500
2,M1,562,988979,990399,13500
2,M1,563,990596,992016,13500
2,M1,564,992246,993666,13500
2,M1,565,994453,995873,13500
2,M1,566,996285,997705,13500
2,M1,567,998082,999502,13500
2,M1,568,999793,1001213,13500
2,M1,569,1001206,1002626,9000
2,M1,570,1002917,1004337,13500
2,M1,571,1004996,1006416,13500
2,M1,572,1006936,1008356,13500
2,M1,573,1008274,1009764,1500
2,M1,574,1010006,1011426,13500
2,M1,575,1012007,1013427,13500
2,M1,576,1014112,1015532,13500
2,M1,577,1015647,1017067,13500
2,M1,578,1017408,1018828,13500
2,M1,579,1019286,1020706,13500
2,M1,580,1020536,1022114,1500
2,M1,581,1022537,1023957,13500
2,M1,582,1024240,1025660,13500
2,M1,583,1026271,1027691,13500
2,M1,584,1027799,1029219,13500
2,M1,585,1029264,1030684,13500
2,M1,586,1031496,1032916,13500
2,M1,587,1033058,1034478,13500
2,M1,588,1034530,1035950,13500
2,M1,589,1036663,1038083,13500
2,M1,590,1038744,1040164,13500
2,M1,591,1040332,1041752,13500
2,M1,592,1042230,1043650,13500
2,M1,593,1043782,1045202,13500
2,M1,594,1045686,1047106,13500
2,M1,595,1046951,1048514,1500
2,M1,596,1048727,1050147,13500
2,M1,597,1050644,1052064,13500
2,M1,598,1052573,1053993,13500
2,M1,599,1054481,1055901,13500
2,M1,600,1055760,1057309,1500
2,M1,601,1057840,1059260,13500
2,M1,602,1059518,1060938,13500
2,M1,603,1061034,1062454,13500
2,M1,604,1063045,1064465,13500
2,M1,605,1064509,1065929,13500
2,M1,606,1066249,1067669,13500
2,M1,607,1068009,1069429,13500
2,M1,608,1070125,1071545,13500
2,M1,609,1071683,1073103,13500
2,M1,610,1073879,1075299,13500
2,M1,611,1075751,1077171,13500
2,M1,612,1076936,1078579,1500
2,M1,613,1078611,1080031,13500
2,M1,614,1080487,1081907,13500
2,M1,615,1082669,1084089,13500
2,M1,616,1083920,1085497,1500
2,M1,617,1086094,1087514,13500
2,M1,618,1087756,1089176,13500
2,M1,619,1089684,1091104,13500
2,M1,620,1090803,1092512,1500
2,M1,621,1092810,1094230,13500
2,M1,622,1094684,1096104,13500
2,M1,623,1096156,1097576,13500
2,M1,624,1097947,1099367,13500
2,M1,625,1099856,1101276,13500
2,M1,626,1101567,1102987,13500
2,M1,627,1103210,1104630,13500
2,M1,628,1105235,1106655,13500
2,M1,629,1106960,1108380,13500
2,M1,630,1108817,1110237,13500
2,M1,631,1110322,1111742,13500
2,M1,632,1112629,1114049,13500
2,M1,633,1113891,1115457,1500
2,M1,634,1115646,1117066,13500
2,M1,635,1117236,1118656,13500
2,M1,636,1119364,1120784,13500
2,M1,637,1121495,1122915,13500
2,M1,638,1123147,1124567,13500
2,M1,639,1124669,1126089,13500
2,M1,640,1126439,1127859,13500
2,M1,641,1128488,1129908,13500
2,M1,642,1129583,1131316,1500
2,M1,643,1131673,1133093,13500
2,M1,644,1133636,1135056,13500
2,M1,645,1134974,1136464,1500
2,M1,646,1137261,1138681,13500
2,M1,647,1138934,1140354,13500
2,M1,648,1140800,1142220,13500
2,M1,649,1141939,1143628,1500
2,M1,650,1144125,1145545,13500
2,M1,651,1146095,1147515,13500
2,M1,652,1147529,1148949,13500
2,M1,653,1149601,1151021,13500
2,M1,654,1150848,1152429,1500
2,M1,655,1152436,1153856,13500
2,M1,656,1154303,1155723,13500
2,M1,657,1156621,1158041,13500
2,M1,658,1158289,1159709,13500
2,M1,659,1160038,1161458,13500
2,M1,660,1161389,1162866,1500
2,M1,661,1163552,1164972,13500
2,M1,662,1165403,1166823,13500
2,M1,663,1166784,1168231,1500
2,M1,664,1168556,1169976,13500
2,M1,665,1170128,1171548,13500
2,M1,666,1171803,1173223,13500
2,M1,667,1174252,1175672,13500
2,M1,668,1175600,1177080,1500
2,M1,669,1177378,1178798,13500
2,M1,670,1178925,1180345,13500
2,M1,671,1180926,1182346,13500
2,M1,672,1182684,1184104,13500
2,M1,673,1184829,1186249,13500
2,M1,674,1186138,1187657,1500
2,M1,675,1187945,1189365,13500
2,M1,676,1189822,1191242,13500
2,M1,677,1191179,1192650,1500
2,M1,678,1193498,1194918,13500
2,M1,679,1195025,1196445,13500
2,M1,680,1196826,1198246,13500
2,M1,681,1198163,1199654,1500
2,M1,682,1200080,1201500,13500
2,M1,683,1201848,1203268,13500
2,M1,684,1203454,1204874,13500
2,M1,685,1205503,1206923,13500
2,M1,686,1207659,1209079,13500
2,M1,687,1209368,1210788,13500
2,M1,688,1211174,1212594,13500
2,M1,689,1212807,1214227,13500
2,M1,690,1214628,1216048,13500
2,M1,691,1215784,1217456,1500
2,M1,692,1218034,1219454,13500
2,M1,693,1220076,1221496,13500
2,M1,694,1221609,1223029,13500
2,M1,695,1223209,1224629,13500
2,M1,696,1224931,1226351,13500
2,M1,697,1226379,1227799,13500
2,M1,698,1228539,1229959,13500
2,M1,699,1230500,1231920,13500
2,M1,700,1231993,1233413,13500
2,M1,701,1233776,1235196,13500
2,M1,702,1235502,1236922,13500
2,M1,703,1237334,1238754,13500
2,M1,704,1238807,1240227,13500
2,M1,705,1240477,1241897,13500
2,M1,706,1242815,1244235,13500
2,M1,707,1244609,1246029,13500
2,M1,708,1246334,1247754,13500
2,M1,709,1248188,1249608,13500
2,M1,710,1249835,1251255,13500
2,M1,711,1251302,1252722,13500
2,M1,712,1252939,1254359,13500
2,M1,713,1254716,1256136,13500
2,M1,714,1256673,1258093,13500
2,M1,715,1258511,1259931,13500
2,M1,716,1259927,1261347,13500
2,M1,717,1261551,1262971,13500
2,M1,718,1263361,1264781,13500
2,M1,719,1265747,1267167,13500
2,M1,720,1267369,1268789,13500
2,M1,721,1268911,1270331,13500
2,M1,722,1270741,1272161,13500
2,M1,723,1272441,1273861,13500
2,M1,724,1273886,1275306,13500
2,M1,725,1276009,1277429,13500
2,M1,726,1278086,1279506,13500
2,M1,727,1279916,1281336,13500
2,M1,728,1281397,1282817,13500
2,M1,729,1283224,1284644,13500
2,M1,730,1284607,1286052,1500
2,M1,731,1286810,1288230,13500
2,M1,732,1287982,1289638,1500
2,M1,733,1290379,1291799,13500
2,M1,734,1291671,1293207,1500
2,M1,735,1293489,1294909,13500
2,M1,736,1295185,1296605,13500
2,M1,737,1296832,1298252,13500
2,M1,738,1298651,1300071,13500
2,M1,739,1300468,1301888,13500
2,M1,740,1302778,1304198,13500
2,M1,741,1304438,1305858,13500
2,M1,742,1306021,1307441,13500
2,M1,743,1307606,1309026,13500
2,M1,744,1309220,1310640,13500
2,M1,745,1311573,1312993,13500
2,M1,746,1312675,1314401,1500
2,M1,747,1314448,1315868,13500
2,M1,748,1316522,1317942,13500
2,M1,749,1318038,1319458,13500
2,M1,750,1320234,1321654,13500
2,M1,751,1321719,1323139,13500
2,M1,752,1323689,1325109,13500
2,M1,753,1325408,1326828,13500
2,M1,754,1327333,1328753,13500
2,M1,755,1328744,1330164,6000
2,M1,756,1330393,1331813,13500
2,M1,757,1332002,1333422,13500
2,M1,758,1333766,1335186,13500
2,M1,759,1336046,1337466,13500
2,M1,760,1337666,1339086,13500
2,M1,761,1339694,1341114,13500
2,M1,762,1340787,1342522,1500
2,M1,763,1343277,1344697,13500
2,M1,764,1344904,1346324,13500
2,M1,765,1346607,1348027,13500
2,M1,766,1348094,1349514,13500
2,M1,767,1350101,1351521,13500
2,M1,768,1351481,1352929,1500
2,M1,769,1353109,1354529,13500
2,M1,770,1354946,1356366,13500
2,M1,771,1357113,1358533,13500
2,M1,772,1359078,1360498,13500
2,M1,773,1360349,1361906,1500
2,M1,774,1362326,1363746,13500
2,M1,775,1364073,1365493,13500
2,M1,776,1366000,1367420,13500
2,M1,777,1367205,1368828,1500
2,M1,778,1369446,1370866,13500
2,M1,779,1371146,1372566,13500
2,M1,780,1373008,1374428,13500
2,M1,781,1374499,1375919,13500
2,M1,782,1376607,1378027,13500
2,M1,783,1378262,1379682,13500
2,M1,784,1379601,1381090,1500
2,M1,785,1381567,1382987,13500
2,M1,786,1383375,1384795,13500
2,M1,787,1385328,1386748,13500
2,M1,788,1386496,1388156,1500
2,M1,789,1388281,1389701,13500
2,M1,790,1390541,1391961,13500
2,M1,791,1392280,1393700,13500
2,M1,792,1393611,1395108,1500
2,M1,793,1395613,1397033,13500
2,M1,794,1397114,1398534,13500
2,M1,795,1399270,1400690,13500
2,M1,796,1401172,1402592,13500
2,M1,797,1402415,1404000,1500
2,M1,798,1404351,1405771,13500
2,M1,799,1406130,1407550,13500
2,M1,800,1408325,1409745,13500
2,M1,801,1409380,1411153,1500
2,M1,802,1411150,1412570,13500
2,M1,803,1413657,1415077,13500
2,M1,804,1414709,1416485,1500
2,M1,805,1416894,1418314,13500
2,M1,806,1418241,1419722,1500
2,M1,807,1420168,1421588,13500
2,M1,808,1422028,1423448,13500
2,M1,809,1423604,1425024,13500
2,M1,810,1425346,1426766,13500
2,M1,811,1427173,1428593,13500
2,M1,812,1428934,1430354,13500
2,M1,813,1430908,1432328,13500
2,M1,814,1432802,1434222,13500
2,M1,815,1434412,1435832,13500
2,M1,816,1436366,1437786,13500
2,M1,817,1437754,1439194,1500
2,M1,818,1439292,1440712,13500
2,M1,819,1441386,1442806,13500
2,M1,820,1443361,1444781,13500
2,M1,821,1444710,1446189,1500
2,M1,822,1446890,1448310,13500
2,M1,823,1448812,1450232,13500
2,M1,824,1450591,1452011,13500
2,M1,825,1452269,1453689,13500
2,M1,826,1453423,1455097,1500
2,M1,827,1455784,1457204,13500
2,M1,828,1457189,1458612,1500
2,M1,829,1458865,1460285,13500
2,M1,830,1460623,1462043,13500
2,M1,831,1462815,1464235,13500
2,M1,832,1463970,1465643,1500
2,M1,833,1466220,1467640,13500
2,M1,834,1467887,1469307,13500
2,M1,835,1469447,1470867,13500
2,M1,836,1471658,1473078,13500
2,M1,837,1473269,1474689,13500
2,M1,838,1474827,1476247,13500
2,M1,839,1476752,1478172,13500
2,M1,840,1478751,1480171,13500
2,M1,841,1479790,1481579,1500
2,M1,842,1481946,1483366,13500
2,M1,843,1484079,1485499,13500
2,M1,844,1485164,1486907,1500
2,M1,845,1487184,1488604,13500
2,M1,846,1488708,1490128,13500
2,M1,847,1490937,1492357,13500
2,M1,848,1492607,1494027,13500
2,M1,849,1494264,1495684,13500
2,M1,850,1496132,1497552,13500
2,M1,851,1497666,1499086,13500
2,M1,852,1499828,1501248,13500
2,M1,853,1500919,1502656,1500
2,M1,854,1502741,1504161,13500
2,M1,855,1504696,1506116,13500
2,M1,856,1506414,1507834,13500
2,M1,857,1508141,1509561,13500
2,M1,858,1510426,1511846,13500
2,M1,859,1512225,1513645,13500
2,M1,860,1513745,1515165,13500
2,M1,861,1515286,1516706,13500
2,M1,862,1516792,1518212,13500
2,M1,863,1518638,1520058,13500
2,M1,864,1520623,1522043,13500
2,M1,865,1522193,1523613,13500
2,M1,866,1524153,1525573,13500
2,M1,867,1526151,1527571,13500
2,M1,868,1527782,1529202,13500
2,M1,869,1529319,1530739,13500
2,M1,870,1531048,1532468,13500
2,M1,871,1532655,1534075,13500
2,M1,872,1534415,1535835,13500
2,M1,873,1536415,1537835,13500
2,M1,874,1538144,1539564,13500
2,M1,875,1539872,1541292,13500
2,M1,876,1541611,1543031,13500
2,M1,877,1543816,1545236,13500
2,M1,878,1545434,1546854,13500
2,M1,879,1546881,1548301,13500
2,M1,880,1548410,1549830,13500
2,M1,881,1550196,1551616,13500
2,M1,882,1552051,1553471,13500
2,M1,883,1554072,1555492,13500
2,M1,884,1556187,1557607,13500
2,M1,885,1557593,1559015,1500
2,M1,886,1559102,1560522,13500
2,M1,887,1560874,1562294,13500
2,M1,888,1562862,1564282,13500
2,M1,889,1565033,1566453,13500
2,M1,890,1566665,1568085,13500
2,M1,891,1568411,1569831,13500
2,M1,892,1569801,1571239,1500
2,M1,893,1571709,1573129,13500
2,M1,894,1573730,1575150,13500
2,M1,895,1575200,1576620,13500
2,M1,896,1577029,1578449,13500
2,M1,897,1578621,1580041,13500
2,M1,898,1580492,1581912,13500
2,M1,899,1582221,1583641,13500
2,M1,900,1584215,1585635,13500
2,M1,901,1585396,1587043,1500
2,M1,902,1587547,1588967,13500
2,M1,903,1589247,1590667,13500
2,M1,904,1590792,1592212,13500
2,M1,905,1592957,1594377,13500
2,M1,906,1594928,1596348,13500
2,M1,907,1596664,1598084,13500
2,M1,908,1597929,1599492,1500
2,M1,909,1599545,1600965,13500
2,M1,910,1601856,1603276,13500
2,M1,911,1603220,1604684,1500
2,M1,912,1605149,1606569,13500
2,M1,913,1606550,1607977,1500
2,M1,914,1608603,1610023,13500
2,M1,915,1610344,1611764,13500
2,M1,916,1611802,1613222,13500
2,M1,917,1613628,1615048,13500
2,M1,918,1615759,1617179,13500
2,M1,919,1617115,1618587,1500
2,M1,920,1619137,1620557,13500
2,M1,921,1620805,1622225,13500
2,M1,922,1622345,1623765,13500
2,M1,923,1624800,1626220,13500
2,M1,924,1626534,1627954,13500
2,M1,925,1628114,1629534,13500
2,M1,926,1630032,1631452,13500
2,M1,927,1631426,1632860,1500
2,M1,928,1633574,1634994,13500
2,M1,929,1635400,1636820,13500
2,M1,930,1637049,1638469,13500
2,M1,931,1638639,1640059,13500
2,M1,932,1640019,1641467,1500
2,M1,933,1641680,1643100,13500
2,M1,934,1643784,1645204,13500
2,M1,935,1645310,1646730,13500
2,M1,936,1647389,1648809,13500
2,M1,937,1649044,1650464,13500
2,M1,938,1651157,1652577,13500
2,M1,939,1652751,1654171,13500
2,M1,940,1654651,1656071,13500
2,M1,941,1656175,1657595,13500
2,M1,942,1658070,1659490,13500
2,M1,943,1659936,1661356,13500
2,M1,944,1661130,1662764,1500
2,M1,945,1663173,1664593,13500
2,M1,946,1664859,1666279,13500
2,M1,947,1666946,1668366,13500
2,M1,948,1668856,1670276,13500
2,M1,949,1670014,1671684,1500
2,M1,950,1671854,1673274,13500
2,M1,951,1674025,1675445,13500
2,M1,952,1675827,1677247,13500
2,M1,953,1677616,1679036,13500
2,M1,954,1678731,1680444,1500
2,M1,955,1680778,1682198,13500
2,M1,956,1682695,1684115,13500
2,M1,957,1684569,1685989,13500
2,M1,958,1686383,1687803,13500
2,M1,959,1688019,1689439,13500
2,M1,960,1689927,1691347,13500
2,M1,961,1691502,1692922,13500
2,M1,962,1693060,1694480,13500
2,M1,963,1694528,1695948,13500
2,M1,964,1696252,1697672,13500
2,M1,965,1698428,1699848,13500
2,M1,966,1700172,1701592,13500
2,M1,967,1702233,1703653,13500
2,M1,968,1703329,1705061,1500
2,M1,969,1705628,1707048,13500
2,M1,970,1707269,1708689,13500
2,M1,971,1708935,1710355,13500
2,M1,972,1710322,1711763,1500
2,M1,973,1712844,1714264,13500
2,M1,974,1713997,1715672,1500
2,M1,975,1715676,1717096,13500
2,M1,976,1717580,1719000,13500
2,M1,977,1719696,1721116,13500
2,M1,978,1721146,1722566,13500
2,M1,979,1723336,1724756,13500
2,M1,980,1724829,1726249,13500
2,M1,981,1726249,1727669,13500
2,M1,982,1728608,1730028,13500
2,M1,983,1729920,1731436,1500
2,M1,984,1732209,1733629,13500
2,M1,985,1733352,1735037,1500
2,M1,986,1735654,1737074,13500
2,M1,987,1737242,1738662,13500
2,M1,988,1738797,1740217,13500
2,M1,989,1740350,1741770,13500
2,M1,990,1742267,1743687,13500
2,M1,991,1744074,1745494,13500
2,M1,992,1745793,1747213,13500
2,M1,993,1748068,1749488,13500
2,M1,994,1749369,1750896,1500
2,M1,995,1751111,1752531,13500
2,M1,996,1752850,1754270,13500
2,M1,997,1754519,1755939,13500
2,M1,998,1756226,1757646,13500
2,M1,999,1757910,1759330,13500
3,M0,0,0,1412,420000
3,M0,1,1882,3294,420000
3,M0,2,3528,4940,420000
3,M0,3,5072,6484,420000
3,M0,4,7059,8471,420000
3,M0,5,8742,10154,420000
3,M0,6,10743,12155,420000
3,M0,7,12247,13659,420000
3,M0,8,14476,15888,420000
3,M0,9,15598,17296,420000
3,M0,10,17314,18726,420000
3,M0,11,19194,20606,420000
3,M0,12,21434,22846,420000
3,M0,13,23201,24613,420000
3,M0,14,24928,26340,420000
3,M0,15,26724,28136,420000
3,M0,16,28504,29916,420000
3,M0,17,30040,31452,420000
3,M0,18,31881,33293,420000
3,M0,19,33348,34760,420000
3,M0,20,35227,36639,420000
3,M0,21,37090,38502,420000
3,M0,22,38548,39960,420000
3,M0,23,40215,41627,420000
3,M0,24,42573,43985,420000
3,M0,25,43779,45393,420000
3,M0,26,45857,47269,420000
3,M0,27,47646,49058,420000
3,M0,28,49386,50798,420000
3,M0,29,51010,52422,420000
3,M0,30,52498,53910,420000
3,M0,31,54778,56190,420000
3,M0,32,56424,57836,420000
3,M0,33,58037,59449,420000
3,M0,34,60231,61643,420000
3,M0,35,61612,63051,420000
3,M0,36,63562,64974,420000
3,M0,37,65466,66878,420000
3,M0,38,66772,68286,420000
3,M0,39,68257,69694,420000
3,M0,40,70129,71541,420000
3,M0,41,71946,73358,420000
3,M0,42,74216,75628,420000
3,M0,43,75649,77061,420000
3,M0,44,77246,78658,420000
3,M0,45,79173,80585,420000
3,M0,46,81059,82471,420000
3,M0,47,82516,83928,420000
3,M0,48,84786,86198,420000
3,M0,49,86510,87922,420000
3,M0,50,88100,89512,420000
3,M0,51,89752,91164,420000
3,M0,52,91516,92928,420000
3,M0,53,92997,94409,420000
3,M0,54,94743,96155,420000
3,M0,55,96551,97963,420000
3,M0,56,98555,99967,420000
3,M0,57,100498,101910,420000
3,M0,58,102049,103461,420000
3,M0,59,104162,105574,420000
3,M0,60,105351,106982,420000
3,M0,61,107165,108577,420000
3,M0,62,108881,110293,420000
3,M0,63,110777,112189,420000
3,M0,64,112833,114245,420000
3,M0,65,114184,115653,420000
3,M0,66,115894,117306,420000
3,M0,67,118049,119461,420000
3,M0,68,119605,121017,420000
3,M0,69,121372,122784,420000
3,M0,70,122817,124229,420000
3,M0,71,124916,126328,420000
3,M0,72,127073,128485,420000
3,M0,73,128382,129893,420000
3,M0,74,130482,131894,420000
3,M0,75,132349,133761,420000
3,M0,76,134042,135454,420000
3,M0,77,135283,136862,420000
3,M0,78,137130,138542,420000
3,M0,79,139306,140718,420000
3,M0,80,140898,142310,420000
3,M0,81,142392,143804,420000
3,M0,82,144313,145725,420000
3,M0,83,146364,147776,420000
3,M0,84,147577,149184,420000
3,M0,85,149475,150887,420000
3,M0,86,151066,152478,420000
3,M0,87,153340,154752,420000
3,M0,88,154997,156409,420000
3,M0,89,156944,158356,420000
3,M0,90,158170,159764,420000
3,M0,91,159771,161183,420000
3,M0,92,161731,163143,420000
3,M0,93,163932,165344,420000
3,M0,94,165094,166752,420000
3,M0,95,167196,168608,420000
3,M0,96,169188,170600,420000
3,M0,97,170877,172289,420000
3,M0,98,172101,173697,420000
3,M0,99,174227,175639,420000
3,M0,100,176299,177711,420000
3,M0,101,177731,179143,420000
3,M0,102,179662,181074,420000
3,M0,103,181089,182501,420000
3,M0,104,182682,184094,420000
3,M0,105,184464,185876,420000
3,M0,106,186556,187968,420000
3,M0,107,188299,189711,420000
3,M0,108,189989,191401,420000
3,M0,109,192159,193571,420000
3,M0,110,193756,195168,420000
3,M0,111,195576,196988,420000
3,M0,112,196889,198396,420000
3,M0,113,198563,199975,420000
3,M0,114,200600,202012,420000
3,M0,115,202348,203760,420000
3,M0,116,204233,205645,420000
3,M0,117,206274,207686,420000
3,M0,118,207922,209334,420000
3,M0,119,209262,210742,420000
3,M0,120,211546,212958,420000
3,M0,121,213332,214744,420000
3,M0,122,214781,216193,420000
3,M0,123,216796,218208,420000
3,M0,124,217866,219616,420000
3,M0,125,219931,221343,420000
3,M0,126,221528,222940,420000
3,M0,127,223698,225110,420000
3,M0,128,225630,227042,420000
3,M0,129,227034,228450,420000
3,M0,130,229189,230601,420000
3,M0,131,230244,232009,420000
3,M0,132,232416,233828,420000
3,M0,133,233924,235336,420000
3,M0,134,235894,237306,420000
3,M0,135,237904,239316,420000
3,M0,136,239234,240724,420000
3,M0,137,240883,242295,420000
3,M0,138,243124,244536,420000
3,M0,139,244766,246178,420000
3,M0,140,246037,247586,420000
3,M0,141,248306,249718,420000
3,M0,142,250214,251626,420000
3,M0,143,251977,253389,420000
3,M0,144,253170,254797,420000
3,M0,145,254813,256225,420000
3,M0,146,256715,258127,420000
3,M0,147,258974,260386,420000
3,M0,148,260608,262020,420000
3,M0,149,262461,263873,420000
3,M0,150,264351,265763,420000
3,M0,151,265394,267171,420000
3,M0,152,267505,268917,420000
3,M0,153,269508,270920,420000
3,M0,154,271139,272551,420000
3,M0,155,273131,274543,420000
3,M0,156,274771,276183,420000
3,M0,157,276112,277591,420000
3,M0,158,278305,279717,420000
3,M0,159,279700,281125,420000
3,M0,160,281601,283013,420000
3,M0,161,283090,284502,420000
3,M0,162,285261,286673,420000
3,M0,163,286774,288186,420000
3,M0,164,288834,290246,420000
3,M0,165,290787,292199,420000
3,M0,166,292208,293620,420000
3,M0,167,293891,295303,420000
3,M0,168,295884,297296,420000
3,M0,169,297316,298728,420000
3,M0,170,299425,300837,420000
3,M0,171,300663,302245,420000
3,M0,172,302668,304080,420000
3,M0,173,304091,305503,420000
3,M0,174,305959,307371,420000
3,M0,175,307887,309299,420000
3,M0,176,309369,310781,420000
3,M0,177,311249,312661,420000
3,M0,178,313542,314954,420000
3,M0,179,314799,316362,420000
3,M0,180,317150,318562,420000
3,M0,181,318717,320129,420000
3,M0,182,320405,321817,420000
3,M0,183,321995,323407,420000
3,M0,184,324006,325418,420000
3,M0,185,325798,327210,420000
3,M0,186,327102,328618,420000
3,M0,187,328872,330284,420000
3,M0,188,330829,332241,420000
3,M0,189,332293,333705,420000
3,M0,190,334146,335558,420000
3,M0,191,336333,337745,420000
3,M0,192,338099,339511,420000
3,M0,193,339486,340919,420000
3,M0,194,341359,342771,420000
3,M0,195,343502,344914,420000
3,M0,196,345185,346597,420000
3,M0,197,347083,348495,420000
3,M0,198,348141,349903,420000
3,M0,199,350016,351428,420000
3,M0,200,352378,353790,420000
3,M0,201,353559,355198,420000
3,M0,202,355846,357258,420000
3,M0,203,357035,358666,420000
3,M0,204,359349,360761,420000
3,M0,205,361143,362555,420000
3,M0,206,362489,363963,420000
3,M0,207,364457,365869,420000
3,M0,208,366157,367569,420000
3,M0,209,368016,369428,420000
3,M0,210,369426,370838,420000
3,M0,211,371127,372539,420000
3,M0,212,373018,374430,420000
3,M0,213,374795,376207,420000
3,M0,214,376476,377888,420000
3,M0,215,378743,380155,420000
3,M0,216,379847,381563,420000
3,M0,217,381908,383320,420000
3,M0,218,383714,385126,420000
3,M0,219,385747,387159,420000
3,M0,220,387470,388882,420000
3,M0,221,389341,390753,420000
3,M0,222,390505,392161,420000
3,M0,223,392866,394278,420000
3,M0,224,394349,395761,420000
3,M0,225,396087,397499,420000
3,M0,226,397952,399364,420000
3,M0,227,399850,401262,420000
3,M0,228,401307,402719,420000
3,M0,229,402710,404127,420000
3,M0,230,404456,405868,420000
3,M0,231,406443,407855,420000
3,M0,232,408408,409820,420000
3,M0,233,409928,411340,420000
3,M0,234,412192,413604,420000
3,M0,235,413557,415012,420000
3,M0,236,415545,416957,420000
3,M0,237,417235,418647,420000
3,M0,238,419034,420446,420000
3,M0,239,420939,422351,420000
3,M0,240,422569,423981,420000
3,M0,241,424143,425555,420000
3,M0,242,426035,427447,420000
3,M0,243,427619,429031,420000
3,M0,244,429785,431197,420000
3,M0,245,431142,432605,420000
3,M0,246,432751,434163,420000
3,M0,247,434509,435921,420000
3,M0,248,436204,437616,420000
3,M0,249,438402,439814,420000
3,M0,250,439775,441222,420000
3,M0,251,442003,443415,420000
3,M0,252,443617,445029,420000
3,M0,253,445589,447001,420000
3,M0,254,447022,448434,420000
3,M0,255,449038,450450,420000
3,M0,256,450403,451858,420000
3,M0,257,452416,453828,420000
3,M0,258,454033,455445,420000
3,M0,259,455646,457058,420000
3,M0,260,457872,459284,420000
3,M0,261,459651,461063,420000
3,M0,262,461194,462606,420000
3,M0,263,463138,464550,420000
3,M0,264,464262,465958,420000
3,M0,265,466335,467747,420000
3,M0,266,468456,469868,420000
3,M0,267,469731,471276,420000
3,M0,268,471473,472885,420000
3,M0,269,473480,474892,420000
3,M0,270,474892,476304,420000
3,M0,271,476721,478133,420000
3,M0,272,478889,480301,420000
3,M0,273,480552,481964,420000
3,M0,274,482529,483941,420000
3,M0,275,483812,485349,420000
3,M0,276,486012,487424,420000
3,M0,277,487145,488832,420000
3,M0,278,489412,490824,420000
3,M0,279,490795,492232,420000
3,M0,280,492808,494220,420000
3,M0,281,494495,495907,420000
3,M0,282,496717,498129,420000
3,M0,283,497908,499537,420000
3,M0,284,499569,500981,420000
3,M0,285,501653,503065,420000
3,M0,286,503449,504861,420000
3,M0,287,505190,506602,420000
3,M0,288,506946,508358,420000
3,M0,289,508706,510118,420000
3,M0,290,510437,511849,420000
3,M0,291,512349,513761,420000
3,M0,292,514055,515467,420000
3,M0,293,515760,517172,420000
3,M0,294,517060,518580,420000
3,M0,295,519497,520909,420000
3,M0,296,520702,522317,420000
3,M0,297,522420,523832,420000
3,M0,298,524663,526075,420000
3,M0,299,526449,527861,420000
3,M0,300,528086,529498,420000
3,M0,301,529643,531055,420000
3,M0,302,531384,532796,420000
3,M0,303,533297,534709,420000
3,M0,304,535046,536458,420000
3,M0,305,536493,537905,420000
3,M0,306,538672,540084,420000
3,M0,307,540500,541912,420000
3,M0,308,541817,543320,420000
3,M0,309,543883,545295,420000
3,M0,310,545795,547207,420000
3,M0,311,547249,548661,420000
3,M0,312,548871,550283,420000
3,M0,313,550629,552041,420000
3,M0,314,552716,554128,420000
3,M0,315,554530,555942,420000
3,M0,316,556051,557463,420000
3,M0,317,557764,559176,420000
3,M0,318,560046,561458,420000
3,M0,319,561214,562866,420000
3,M0,320,562960,564372,420000
3,M0,321,565021,566433,420000
3,M0,322,567114,568526,420000
3,M0,323,568225,569934,420000
3,M0,324,570197,571609,420000
3,M0,325,571867,573279,420000
3,M0,326,574017,575429,420000
3,M0,327,575627,577039,420000
3,M0,328,577424,578836,420000
3,M0,329,578731,580244,420000
3,M0,330,580516,581928,420000
3,M0,331,582563,583975,420000
3,M0,332,584093,585505,420000
3,M0,333,586019,587431,420000
3,M0,334,588002,589414,420000
3,M0,335,589393,590822,420000
3,M0,336,591139,592551,420000
3,M0,337,593084,594496,420000
3,M0,338,594843,596255,420000
3,M0,339,596265,597677,420000
3,M0,340,598576,599988,420000
3,M0,341,600519,601931,420000
3,M0,342,602014,603426,420000
3,M0,343,604076,605488,420000
3,M0,344,605513,606925,420000
3,M0,345,607310,608722,420000
3,M0,346,609078,610490,420000
3,M0,347,610480,611898,420000
3,M0,348,612436,613848,420000
3,M0,349,613938,615350,420000
3,M0,350,616339,617751,420000
3,M0,351,617888,619300,420000
3,M0,352,619855,621267,420000
3,M0,353,621051,622675,420000
3,M0,354,622995,624407,420000
3,M0,355,624968,626380,420000
3,M0,356,626308,627788,420000
3,M0,357,628247,629659,420000
3,M0,358,630350,631762,420000
3,M0,359,631526,633170,420000
3,M0,360,633234,634646,420000
3,M0,361,635346,636758,420000
3,M0,362,637129,638541,420000
3,M0,363,638599,640011,420000
3,M0,364,640923,642335,420000
3,M0,365,642250,643743,420000
3,M0,366,643824,645236,420000
3,M0,367,645932,647344,420000
3,M0,368,647823,649235,420000
3,M0,369,649694,651106,420000
3,M0,370,651463,652875,420000
3,M0,371,652600,654283,420000
3,M0,372,654451,655863,420000
3,M0,373,656732,658144,420000
3,M0,374,658137,659552,420000
3,M0,375,659995,661407,420000
3,M0,376,661366,662815,420000
3,M0,377,663384,664796,420000
3,M0,378,664896,666308,420000
3,M0,379,667134,668546,420000
3,M0,380,669083,670495,420000
3,M0,381,670318,671903,420000
3,M0,382,672008,673420,420000
3,M0,383,673812,675224,420000
3,M0,384,675503,676915,420000
3,M0,385,677483,678895,420000
3,M0,386,679218,680630,420000
3,M0,387,681086,682498,420000
3,M0,388,682574,683986,420000
3,M0,389,684333,685745,420000
3,M0,390,686575,687987,420000
3,M0,391,688011,689423,420000
3,M0,392,690130,691542,420000
3,M0,393,691908,693320,420000
3,M0,394,693099,694728,420000
3,M0,395,695536,696948,420000
3,M0,396,696963,698375,420000
3,M0,397,698369,699783,420000
3,M0,398,700364,701776,420000
3,M0,399,702114,703526,420000
3,M0,400,703602,705014,420000
3,M0,401,705525,706937,420000
3,M0,402,707846,709258,420000
3,M0,403,708911,710666,420000
3,M0,404,710872,712284,420000
3,M0,405,713026,714438,420000
3,M0,406,714416,715846,420000
3,M0,407,716695,718107,420000
3,M0,408,718198,719610,420000
3,M0,409,719935,721347,420000
3,M0,410,721542,722954,420000
3,M0,411,723285,724697,420000
3,M0,412,725460,726872,420000
3,M0,413,727246,728658,420000
3,M0,414,728385,730066,420000
3,M0,415,730592,732004,420000
3,M0,416,732129,733541,420000
3,M0,417,734193,735605,420000
3,M0,418,736038,737450,420000
3,M0,419,737052,738858,420000
3,M0,420,739209,740621,420000
3,M0,421,740580,742029,420000
3,M0,422,743113,744525,420000
3,M0,423,744667,746079,420000
3,M0,424,746109,747521,420000
3,M0,425,748025,749437,420000
3,M0,426,749698,751110,420000
3,M0,427,751920,753332,420000
3,M0,428,752917,754740,420000
3,M0,429,754724,756148,420000
3,M0,430,756776,758188,420000
3,M0,431,758442,759854,420000
3,M0,432,760618,762030,420000
3,M0,433,761966,763438,420000
3,M0,434,763799,765211,420000
3,M0,435,765319,766731,420000
3,M0,436,767743,769155,420000
3,M0,437,769497,770909,420000
3,M0,438,770883,772317,420000
3,M0,439,772613,774025,420000
3,M0,440,774066,775478,420000
3,M0,441,776248,777660,420000
3,M0,442,778093,779505,420000
3,M0,443,779754,781166,420000
3,M0,444,781295,782707,420000
3,M0,445,782928,784340,420000
3,M0,446,785063,786475,420000
3,M0,447,786372,787883,420000
3,M0,448,788522,789934,420000
3,M0,449,789907,791342,420000
3,M0,450,792106,793518,420000
3,M0,451,793822,795234,420000
3,M0,452,795729,797141,420000
3,M0,453,796929,798549,420000
3,M0,454,799056,800468,420000
3,M0,455,800735,802147,420000
3,M0,456,802235,803647,420000
3,M0,457,804403,805815,420000
3,M0,458,806006,807418,420000
3,M0,459,808226,809638,420000
3,M0,460,809376,811046,420000
3,M0,461,811110,812522,420000
3,M0,462,812844,814256,420000
3,M0,463,814987,816399,420000
3,M0,464,816691,818103,420000
3,M0,465,818285,819697,420000
3,M0,466,820007,821419,420000
3,M0,467,821658,823070,420000
3,M0,468,823696,825108,420000
3,M0,469,825721,827133,420000
3,M0,470,827134,828546,420000
3,M0,471,828578,829990,420000
3,M0,472,830417,831829,420000
3,M0,473,832461,833873,420000
3,M0,474,834284,835696,420000
3,M0,475,836269,837681,420000
3,M0,476,837467,839089,420000
3,M0,477,839554,840966,420000
3,M0,478,841412,842824,420000
3,M0,479,843044,844456,420000
3,M0,480,844857,846269,420000
3,M0,481,846393,847805,420000
3,M0,482,848227,849639,420000
3,M0,483,850266,851678,420000
3,M0,484,851578,853086,420000
3,M0,485,853647,855059,420000
3,M0,486,855626,857038,420000
3,M0,487,857380,858792,420000
3,M0,488,858901,860313,420000
3,M0,489,860240,861721,420000
3,M0,490,862475,863887,420000
3,M0,491,864386,865798,420000
3,M0,492,866256,867668,420000
3,M0,493,867358,869076,420000
3,M0,494,869783,871195,420000
3,M0,495,871587,872999,420000
3,M0,496,872759,874407,420000
3,M0,497,874804,876216,420000
3,M0,498,876538,877950,420000
3,M0,499,878096,879508,420000
3,M0,500,879771,881183,420000
3,M0,501,881849,883261,420000
3,M0,502,883873,885285,420000
3,M0,503,885070,886693,420000
3,M0,504,887285,888697,420000
3,M0,505,889018,890430,420000
3,M0,506,890529,891941,420000
3,M0,507,892714,894126,420000
3,M0,508,893930,895534,420000
3,M0,509,895523,896942,420000
3,M0,510,897895,899307,420000
3,M0,511,899201,900715,420000
3,M0,512,901302,902714,420000
3,M0,513,903054,904466,420000
3,M0,514,905009,906421,420000
3,M0,515,906291,907829,420000
3,M0,516,908206,909618,420000
3,M0,517,909535,911026,420000
3,M0,518,911316,912728,420000
3,M0,519,913283,914695,420000
3,M0,520,915457,916869,420000
3,M0,521,916859,918277,420000
3,M0,522,918635,920047,420000
3,M0,523,920278,921690,420000
3,M0,524,922309,923721,420000
3,M0,525,923794,925206,420000
3,M0,526,925623,927035,420000
3,M0,527,927919,929331,420000
3,M0,528,929506,930918,420000
3,M0,529,930923,932335,420000
3,M0,530,932644,934056,420000
3,M0,531,934547,935959,420000
3,M0,532,936497,937909,420000
3,M0,533,937720,939317,420000
3,M0,534,939686,941098,420000
3,M0,535,941508,942920,420000
3,M0,536,943039,944451,420000
3,M0,537,945398,946810,420000
3,M0,538,946568,948218,420000
3,M0,539,948797,950209,420000
3,M0,540,950181,951617,420000
3,M0,541,952354,953766,420000
3,M0,542,953681,955174,420000
3,M0,543,955722,957134,420000
3,M0,544,957710,959122,420000
3,M0,545,959503,960915,420000
3,M0,546,961257,962669,420000
3,M0,547,962771,964183,420000
3,M0,548,964292,965704,420000
3,M0,549,966127,967539,420000
3,M0,550,968166,969578,420000
3,M0,551,969810,971222,420000
3,M0,552,971183,972630,420000
3,M0,553,973079,974491,420000
3,M0,554,975386,976798,420000
3,M0,555,977153,978565,420000
3,M0,556,978467,979973,420000
3,M0,557,980305,981717,420000
3,M0,558,981774,983186,420000
3,M0,559,984198,985610,420000
3,M0,560,985250,987018,420000
3,M0,561,987743,989155,420000
3,M0,562,989032,990563,420000
3,M0,563,991020,992432,420000
3,M0,564,992423,993840,420000
3,M0,565,994511,995923,420000
3,M0,566,995838,997331,420000
3,M0,567,997963,999375,420000
3,M0,568,999878,1001290,420000
3,M0,569,1001333,1002745,420000
3,M0,570,1002874,1004286,420000
3,M0,571,1004997,1006409,420000
3,M0,572,1006771,1008183,420000
3,M0,573,1008109,1009591,420000
3,M0,574,1010098,1011510,420000
3,M0,575,1011892,1013304,420000
3,M0,576,1013559,1014971,420000
3,M0,577,1015221,1016633,420000
3,M0,578,1016962,1018374,420000
3,M0,579,1018775,1020187,420000
3,M0,580,1020841,1022253,420000
3,M0,581,1022416,1023828,420000
3,M0,582,1023933,1025345,420000
3,M0,583,1025973,1027385,420000
3,M0,584,1028199,1029611,420000
3,M0,585,1029790,1031202,420000
3,M0,586,1031698,1033110,420000
3,M0,587,1033083,1034518,420000
3,M0,588,1034919,1036331,420000
3,M0,589,1036667,1038079,420000
3,M0,590,1038599,1040011,420000
3,M0,591,1040186,1041598,420000
3,M0,592,1042115,1043527,420000
3,M0,593,1043960,1045372,420000
3,M0,594,1045483,1046895,420000
3,M0,595,1047136,1048548,420000
3,M0,596,1049058,1050470,420000
3,M0,597,1050986,1052398,420000
3,M0,598,1052839,1054251,420000
3,M0,599,1054119,1055659,420000
3,M0,600,1056390,1057802,420000
3,M0,601,1058068,1059480,420000
3,M0,602,1059283,1060888,420000
3,M0,603,1061630,1063042,420000
3,M0,604,1063188,1064600,420000
3,M0,605,1064658,1066070,420000
3,M0,606,1066850,1068262,420000
3,M0,607,1068643,1070055,420000
3,M0,608,1070262,1071674,420000
3,M0,609,1072128,1073540,420000
3,M0,610,1073940,1075352,420000
3,M0,611,1075480,1076892,420000
3,M0,612,1077014,1078426,420000
3,M0,613,1079214,1080626,420000
3,M0,614,1080651,1082063,420000
3,M0,615,1082289,1083701,420000
3,M0,616,1084470,1085882,420000
3,M0,617,1085887,1087299,420000
3,M0,618,1087665,1089077,420000
3,M0,619,1089357,1090769,420000
3,M0,620,1091240,1092652,420000
3,M0,621,1092727,1094139,420000
3,M0,622,1094826,1096238,420000
3,M0,623,1096160,1097646,420000
3,M0,624,1098485,1099897,420000
3,M0,625,1099970,1101382,420000
3,M0,626,1101971,1103383,420000
3,M0,627,1103391,1104803,420000
3,M0,628,1105635,1107047,420000
3,M0,629,1106687,1108455,420000
3,M0,630,1108617,1110029,420000
3,M0,631,1110186,1111598,420000
3,M0,632,1112288,1113700,420000
3,M0,633,1114364,1115776,420000
3,M0,634,1115955,1117367,420000
3,M0,635,1117372,1118784,420000
3,M0,636,1119152,1120564,420000
3,M0,637,1120869,1122281,420000
3,M0,638,1122643,1124055,420000
3,M0,639,1124889,1126301,420000
3,M0,640,1126763,1128175,420000
3,M0,641,1128263,1129675,420000
3,M0,642,1130226,1131638,420000
3,M0,643,1131389,1133046,420000
3,M0,644,1133607,1135019,420000
3,M0,645,1135047,1136459,420000
3,M0,646,1136579,1137991,420000
3,M0,647,1138963,1140375,420000
3,M0,648,1140861,1142273,420000
3,M0,649,1142376,1143788,420000
3,M0,650,1143653,1145196,420000
3,M0,651,1146032,1147444,420000
3,M0,652,1147668,1149080,420000
3,M0,653,1148977,1150488,420000
3,M0,654,1151347,1152759,420000
3,M0,655,1152776,1154188,420000
3,M0,656,1154242,1155654,420000
3,M0,657,1156609,1158021,420000
3,M0,658,1157924,1159429,420000
3,M0,659,1159610,1161022,420000
3,M0,660,1161224,1162636,420000
3,M0,661,1163614,1165026,420000
3,M0,662,1164889,1166434,420000
3,M0,663,1167145,1168557,420000
3,M0,664,1168660,1170072,420000
3,M0,665,1170060,1171480,420000
3,M0,666,1172460,1173872,420000
3,M0,667,1173552,1175280,420000
3,M0,668,1175381,1176793,420000
3,M0,669,1177796,1179208,420000
3,M0,670,1179556,1180968,420000
3,M0,671,1180667,1182376,420000
3,M0,672,1182794,1184206,420000
3,M0,673,1184411,1185823,420000
3,M0,674,1186580,1187992,420000
3,M0,675,1188072,1189484,420000
3,M0,676,1190000,1191412,420000
3,M0,677,1191692,1193104,420000
3,M0,678,1193078,1194512,420000
3,M0,679,1194966,1196378,420000
3,M0,680,1196604,1198016,420000
3,M0,681,1198480,1199892,420000
3,M0,682,1200464,1201876,420000
3,M0,683,1202167,1203579,420000
3,M0,684,1203493,1204987,420000
3,M0,685,1205871,1207283,420000
3,M0,686,1207453,1208865,420000
3,M0,687,1209041,1210453,420000
3,M0,688,1211060,1212472,420000
3,M0,689,1212804,1214216,420000
3,M0,690,1214689,1216101,420000
3,M0,691,1215987,1217509,420000
3,M0,692,1217585,1218997,420000
3,M0,693,1220025,1221437,420000
3,M0,694,1221630,1223042,420000
3,M0,695,1223139,1224551,420000
3,M0,696,1225300,1226712,420000
3,M0,697,1226948,1228360,420000
3,M0,698,1228474,1229886,420000
3,M0,699,1229842,1231294,420000
3,M0,700,1232234,1233646,420000
3,M0,701,1233514,1235054,420000
3,M0,702,1235175,1236587,420000
3,M0,703,1237271,1238683,420000
3,M0,704,1239005,1240417,420000
3,M0,705,1240849,1242261,420000
3,M0,706,1242220,1243669,420000
3,M0,707,1244075,1245487,420000
3,M0,708,1246330,1247742,420000
3,M0,709,1247771,1249183,420000
3,M0,710,1249877,1251289,420000
3,M0,711,1251543,1252955,420000
3,M0,712,1252743,1254363,420000
3,M0,713,1254832,1256244,420000
3,M0,714,1257014,1258426,420000
3,M0,715,1258567,1259979,420000
3,M0,716,1259990,1261402,420000
3,M0,717,1262215,1263627,420000
3,M0,718,1263518,1265035,420000
3,M0,719,1265751,1267163,420000
3,M0,720,1267372,1268784,420000
3,M0,721,1269032,1270444,420000
3,M0,722,1270471,1271883,420000
3,M0,723,1272460,1273872,420000
3,M0,724,1274218,1275630,420000
3,M0,725,1276162,1277574,420000
3,M0,726,1277660,1279072,420000
3,M0,727,1279616,1281028,420000
3,M0,728,1281310,1282722,420000
3,M0,729,1282783,1284195,420000
3,M0,730,1285038,1286450,420000
3,M0,731,1286806,1288218,420000
3,M0,732,1287965,1289626,420000
3,M0,733,1290450,1291862,420000
3,M0,734,1292054,1293466,420000
3,M0,735,1293657,1295069,420000
3,M0,736,1295265,1296677,420000
3,M0,737,1297462,1298874,420000
3,M0,738,1299034,1300446,420000
3,M0,739,1300602,1302014,420000
3,M0,740,1302710,1304122,420000
3,M0,741,1303929,1305530,420000
3,M0,742,1305752,1307164,420000
3,M0,743,1307981,1309393,420000
3,M0,744,1309123,1310801,420000
3,M0,745,1311509,1312921,420000
3,M0,746,1313149,1314561,420000
3,M0,747,1314469,1315969,420000
3,M0,748,1316427,1317839,420000
3,M0,749,1318567,1319979,420000
3,M0,750,1320003,1321415,420000
3,M0,751,1321821,1323233,420000
3,M0,752,1323440,1324852,420000
3,M0,753,1325357,1326769,420000
3,M0,754,1327389,1328801,420000
3,M0,755,1329080,1330492,420000
3,M0,756,1330408,1331900,420000
3,M0,757,1332018,1333430,420000
3,M0,758,1334376,1335788,420000
3,M0,759,1335778,1337196,420000
3,M0,760,1337958,1339370,420000
3,M0,761,1339594,1341006,420000
3,M0,762,1341031,1342443,420000
3,M0,763,1342636,1344048,420000
3,M0,764,1344756,1346168,420000
3,M0,765,1346276,1347688,420000
3,M0,766,1348284,1349696,420000
3,M0,767,1350127,1351539,420000
3,M0,768,1351779,1353191,420000
3,M0,769,1353657,1355069,420000
3,M0,770,1354830,1356477,420000
3,M0,771,1357100,1358512,420000
3,M0,772,1358624,1360036,420000
3,M0,773,1360182,1361594,420000
3,M0,774,1362236,1363648,420000
3,M0,775,1364066,1365478,420000
3,M0,776,1365367,1366886,420000
3,M0,777,1367688,1369100,420000
3,M0,778,1369593,1371005,420000
3,M0,779,1370740,1372413,420000
3,M0,780,1373079,1374491,420000
3,M0,781,1374830,1376242,420000
3,M0,782,1376698,1378110,420000
3,M0,783,1377765,1379518,420000
3,M0,784,1380067,1381479,420000
3,M0,785,1381695,1383107,420000
3,M0,786,1383422,1384834,420000
3,M0,787,1385508,1386920,420000
3,M0,788,1386711,1388328,420000
3,M0,789,1388400,1389812,420000
3,M0,790,1390624,1392036,420000
3,M0,791,1392380,1393792,420000
3,M0,792,1394055,1395467,420000
3,M0,793,1395393,1396875,420000
3,M0,794,1397585,1398997,420000
3,M0,795,1399254,1400666,420000
3,M0,796,1400782,1402194,420000
3,M0,797,1403070,1404482,420000
3,M0,798,1404250,1405890,420000
3,M0,799,1406254,1407666,420000
3,M0,800,1407803,1409215,420000
3,M0,801,1409856,1411268,420000
3,M0,802,1411558,1412970,420000
3,M0,803,1413593,1415005,420000
3,M0,804,1415225,1416637,420000
3,M0,805,1417181,1418593,420000
3,M0,806,1418162,1420001,420000
3,M0,807,1420094,1421506,420000
3,M0,808,1422400,1423812,420000
3,M0,809,1424041,1425453,420000
3,M0,810,1425387,1426861,420000
3,M0,811,1427575,1428987,420000
3,M0,812,1429288,1430700,420000
3,M0,813,1430736,1432148,420000
3,M0,814,1432436,1433848,420000
3,M0,815,1434177,1435589,420000
3,M0,816,1436234,1437646,420000
3,M0,817,1437953,1439365,420000
3,M0,818,1439565,1440977,420000
3,M0,819,1441426,1442838,420000
3,M0,820,1443207,1444619,420000
3,M0,821,1444588,1446027,420000
3,M0,822,1447025,1448437,420000
3,M0,823,1448106,1449845,420000
3,M0,824,1450153,1451565,420000
3,M0,825,1451993,1453405,420000
3,M0,826,1453645,1455057,420000
3,M0,827,1455915,1457327,420000
3,M0,828,1456910,1458735,420000
3,M0,829,1458993,1460405,420000
3,M0,830,1460650,1462062,420000
3,M0,831,1462856,1464268,420000
3,M0,832,1464692,1466104,420000
3,M0,833,1466440,1467852,420000
3,M0,834,1467746,1469260,420000
3,M0,835,1469840,1471252,420000
3,M0,836,1471481,1472893,420000
3,M0,837,1473455,1474867,420000
3,M0,838,1475095,1476507,420000
3,M0,839,1476983,1478395,420000
3,M0,840,1478260,1479803,420000
3,M0,841,1480030,1481442,420000
3,M0,842,1481935,1483347,420000
3,M0,843,1483639,1485051,420000
3,M0,844,1485150,1486562,420000
3,M0,845,1487284,1488696,420000
3,M0,846,1489125,1490537,420000
3,M0,847,1491102,1492514,420000
3,M0,848,1492620,1494032,420000
3,M0,849,1494626,1496038,420000
3,M0,850,1495712,1497446,420000
3,M0,851,1497379,1498854,420000
3,M0,852,1499848,1501260,420000
3,M0,853,1501657,1503069,420000
3,M0,854,1503414,1504826,420000
3,M0,855,1505191,1506603,420000
3,M0,856,1506709,1508121,420000
3,M0,857,1508533,1509945,420000
3,M0,858,1510225,1511637,420000
3,M0,859,1512122,1513534,420000
3,M0,860,1513966,1515378,420000
3,M0,861,1515709,1517121,420000
3,M0,862,1516876,1518529,420000
3,M0,863,1518751,1520163,420000
3,M0,864,1520719,1522131,420000
3,M0,865,1522209,1523621,420000
3,M0,866,1523925,1525337,420000
3,M0,867,1525797,1527209,420000
3,M0,868,1527890,1529302,420000
3,M0,869,1529753,1531165,420000
3,M0,870,1531176,1532588,420000
3,M0,871,1532757,1534169,420000
3,M0,872,1534606,1536018,420000
3,M0,873,1536840,1538252,420000
3,M0,874,1538544,1539956,420000
3,M0,875,1540355,1541767,420000
3,M0,876,1541732,1543175,420000
3,M0,877,1543188,1544600,420000
3,M0,878,1544940,1546352,420000
3,M0,879,1546810,1548222,420000
3,M0,880,1548808,1550220,420000
3,M0,881,1550181,1551628,420000
3,M0,882,1552420,1553832,420000
3,M0,883,1554367,1555779,420000
3,M0,884,1556129,1557541,420000
3,M0,885,1557422,1558949,420000
3,M0,886,1559482,1560894,420000
3,M0,887,1561157,1562569,420000
3,M0,888,1563017,1564429,420000
3,M0,889,1564285,1565837,420000
3,M0,890,1566244,1567656,420000
3,M0,891,1568278,1569690,420000
3,M0,892,1570110,1571522,420000
3,M0,893,1571516,1572930,420000
3,M0,894,1573425,1574837,420000
3,M0,895,1574923,1576335,420000
3,M0,896,1577157,1578569,420000
3,M0,897,1578856,1580268,420000
3,M0,898,1580115,1581676,420000
3,M0,899,1582108,1583520,420000
3,M0,900,1584372,1585784,420000
3,M0,901,1586017,1587429,420000
3,M0,902,1587362,1588837,420000
3,M0,903,1589058,1590470,420000
3,M0,904,1590659,1592071,420000
3,M0,905,1592638,1594050,420000
3,M0,906,1594658,1596070,420000
3,M0,907,1596152,1597564,420000
3,M0,908,1598181,1599593,420000
3,M0,909,1599786,1601198,420000
3,M0,910,1601353,1602765,420000
3,M0,911,1603352,1604764,420000
3,M0,912,1605419,1606831,420000
3,M0,913,1606746,1608239,420000
3,M0,914,1608968,1610380,420000
3,M0,915,1610174,1611788,420000
3,M0,916,1611836,1613248,420000
3,M0,917,1613608,1615020,420000
3,M0,918,1615488,1616900,420000
3,M0,919,1617615,1619027,420000
3,M0,920,1619168,1620580,420000
3,M0,921,1620846,1622258,420000
3,M0,922,1622622,1624034,420000
3,M0,923,1624431,1625843,420000
3,M0,924,1626360,1627772,420000
3,M0,925,1628089,1629501,420000
3,M0,926,1630045,1631457,420000
3,M0,927,1631185,1632865,420000
3,M0,928,1633347,1634759,420000
3,M0,929,1634796,1636208,420000
3,M0,930,1636492,1637904,420000
3,M0,931,1638594,1640006,420000
3,M0,932,1640541,1641953,420000
3,M0,933,1641770,1643361,420000
3,M0,934,1643845,1645257,420000
3,M0,935,1645568,1646980,420000
3,M0,936,1647757,1649169,420000
3,M0,937,1649448,1650860,420000
3,M0,938,1651147,1652559,420000
3,M0,939,1652589,1654001,420000
3,M0,940,1654034,1655446,420000
3,M0,941,1656460,1657872,420000
3,M0,942,1658099,1659511,420000
3,M0,943,1659568,1660980,420000
3,M0,944,1661464,1662876,420000
3,M0,945,1663375,1664787,420000
3,M0,946,1664616,1666195,420000
3,M0,947,1666618,1668030,420000
3,M0,948,1668597,1670009,420000
3,M0,949,1670143,1671555,420000
3,M0,950,1672303,1673715,420000
3,M0,951,1674035,1675447,420000
3,M0,952,1675531,1676943,420000
3,M0,953,1677278,1678690,420000
3,M0,954,1678880,1680292,420000
3,M0,955,1681136,1682548,420000
3,M0,956,1682641,1684053,420000
3,M0,957,1684438,1685850,420000
3,M0,958,1685685,1687258,420000
3,M0,959,1687644,1689056,420000
3,M0,960,1689750,1691162,420000
3,M0,961,1691620,1693032,420000
3,M0,962,1693420,1694832,420000
3,M0,963,1694497,1696240,420000
3,M0,964,1696906,1698318,420000
3,M0,965,1698336,1699748,420000
3,M0,966,1700071,1701483,420000
3,M0,967,1702255,1703667,420000
3,M0,968,1703665,1705077,420000
3,M0,969,1705589,1707001,420000
3,M0,970,1707124,1708536,420000
3,M0,971,1709321,1710733,420000
3,M0,972,1710383,1712141,420000
3,M0,973,1712789,1714201,420000
3,M0,974,1714250,1715662,420000
3,M0,975,1716370,1717782,420000
3,M0,976,1718037,1719449,420000
3,M0,977,1719351,1720857,420000
3,M0,978,1721184,1722596,420000
3,M0,979,1722655,1724067,420000
3,M0,980,1725182,1726594,420000
3,M0,981,1726954,1728366,420000
3,M0,982,1728100,1729774,420000
3,M0,983,1730391,1731803,420000
3,M0,984,1731510,1733211,420000
3,M0,985,1733647,1735059,420000
3,M0,986,1735165,1736577,420000
3,M0,987,1736833,1738245,420000
3,M0,988,1738648,1740060,420000
3,M0,989,1740937,1742349,420000
3,M0,990,1742540,1743952,420000
3,M0,991,1743989,1745401,420000
3,M0,992,1746187,1747599,420000
3,M0,993,1747369,1749007,420000
3,M0,994,1749558,1750970,420000
3,M0,995,1751492,1752904,420000
3,M0,996,1753325,1754737,420000
3,M0,997,1754398,1756145,420000
3,M0,998,1756655,1758067,420000
3,M0,999,1757857,1759475,420000
3,M1,0,0,1420,13500
3,M1,1,1882,3302,13500
3,M1,2,3528,4948,13500
3,M1,3,5072,6492,13500
3,M1,4,7059,8479,13500
3,M1,5,8742,10162,13500
3,M1,6,10743,12163,13500
3,M1,7,12247,13667,13500
3,M1,8,14476,15896,13500
3,M1,9,15598,17304,1500
3,M1,10,17314,18734,13500
3,M1,11,19194,20614,13500
3,M1,12,21434,22854,13500
3,M1,13,23201,24621,13500
3,M1,14,24928,26348,13500
3,M1,15,26724,28144,13500
3,M1,16,28504,29924,13500
3,M1,17,30040,31460,13500
3,M1,18,31881,33301,13500
3,M1,19,33348,34768,13500
3,M1,20,35227,36647,13500
3,M1,21,37090,38510,13500
3,M1,22,38548,39968,13500
3,M1,23,40215,41635,13500
3,M1,24,42573,43993,13500
3,M1,25,43779,45401,1500
3,M1,26,45857,47277,13500
3,M1,27,47646,49066,13500
3,M1,28,49386,50806,13500
3,M1,29,51010,52430,13500
3,M1,30,52498,53918,13500
3,M1,31,54778,56198,13500
3,M1,32,56424,57844,13500
3,M1,33,58037,59457,13500
3,M1,34,60231,61651,13500
3,M1,35,61612,63059,1500
3,M1,36,63562,64982,13500
3,M1,37,65466,66886,13500
3,M1,38,66772,68294,1500
3,M1,39,68257,69702,1500
3,M1,40,70129,71549,13500
3,M1,41,71946,73366,13500
3,M1,42,74216,75636,13500
3,M1,43,75649,77069,13500
3,M1,44,77246,78666,13500
3,M1,45,79173,80593,13500
3,M1,46,81059,82479,13500
3,M1,47,82516,83936,13500
3,M1,48,84786,86206,13500
3,M1,49,86510,87930,13500
3,M1,50,88100,89520,13500
3,M1,51,89752,91172,13500
3,M1,52,91516,92936,13500
3,M1,53,92997,94417,13500
3,M1,54,94743,96163,13500
3,M1,55,96551,97971,13500
3,M1,56,98555,99975,13500
3,M1,57,100498,101918,13500
3,M1,58,102049,103469,13500
3,M1,59,104162,105582,13500
3,M1,60,105351,106990,1500
3,M1,61,107165,108585,13500
3,M1,62,108881,110301,13500
3,M1,63,110777,112197,13500
3,M1,64,112833,114253,13500
3,M1,65,114184,115661,1500
3,M1,66,115894,117314,13500
3,M1,67,118049,119469,13500
3,M1,68,119605,121025,13500
3,M1,69,121372,122792,13500
3,M1,70,122817,124237,13500
3,M1,71,124916,126336,13500
3,M1,72,127073,128493,13500
3,M1,73,128382,129901,1500
3,M1,74,130482,131902,13500
3,M1,75,132349,133769,13500
3,M1,76,134042,135462,13500
3,M1,77,135283,136870,1500
3,M1,78,137130,138550,13500
3,M1,79,139306,140726,13500
3,M1,80,140898,142318,13500
3,M1,81,142392,143812,13500
3,M1,82,144313,145733,13500
3,M1,83,146364,147784,13500
3,M1,84,147577,149192,1500
3,M1,85,149475,150895,13500
3,M1,86,151066,152486,13500
3,M1,87,153340,154760,13500
3,M1,88,154997,156417,13500
3,M1,89,156944,158364,13500
3,M1,90,158170,159772,1500
3,M1,91,159771,161191,13500
3,M1,92,161731,163151,13500
3,M1,93,163932,165352,13500
3,M1,94,165094,166760,1500
3,M1,95,167196,168616,13500
3,M1,96,169188,170608,13500
3,M1,97,170877,172297,13500
3,M1,98,172101,173705,1500
3,M1,99,174227,175647,13500
3,M1,100,176299,177719,13500
3,M1,101,177731,179151,13500
3,M1,102,179662,181082,13500
3,M1,103,181089,182509,13500
3,M1,104,182682,184102,13500
3,M1,105,184464,185884,13500
3,M1,106,186556,187976,13500
3,M1,107,188299,189719,13500
3,M1,108,189989,191409,13500
3,M1,109,192159,193579,13500
3,M1,110,193756,195176,13500
3,M1,111,195576,196996,13500
3,M1,112,196889,198404,1500
3,M1,113,198563,199983,13500
3,M1,114,200600,202020,13500
3,M1,115,202348,203768,13500
3,M1,116,204233,205653,13500
3,M1,117,206274,207694,13500
3,M1,118,207922,209342,13500
3,M1,119,209262,210750,1500
3,M1,120,211546,212966,13500
3,M1,121,213332,214752,13500
3,M1,122,214781,216201,13500
3,M1,123,216796,218216,13500
3,M1,124,217866,219624,1500
3,M1,125,219931,221351,13500
3,M1,126,221528,222948,13500
3,M1,127,223698,225118,13500
3,M1,128,225630,227050,13500
3,M1,129,227034,228458,1500
3,M1,130,229189,230609,13500
3,M1,131,230244,232017,1500
3,M1,132,232416,233836,13500
3,M1,133,233924,235344,13500
3,M1,134,235894,237314,13500
3,M1,135,237904,239324,13500
3,M1,136,239234,240732,1500
3,M1,137,240883,242303,13500
3,M1,138,243124,244544,13500
3,M1,139,244766,246186,13500
3,M1,140,246037,247594,1500
3,M1,141,248306,249726,13500
3,M1,142,250214,251634,13500
3,M1,143,251977,253397,13500
3,M1,144,253170,254805,1500
3,M1,145,254813,256233,13500
3,M1,146,256715,258135,13500
3,M1,147,258974,260394,13500
3,M1,148,260608,262028,13500
3,M1,149,262461,263881,13500
3,M1,150,264351,265771,13500
3,M1,151,265394,267179,1500
3,M1,152,267505,268925,13500
3,M1,153,269508,270928,13500
3,M1,154,271139,272559,13500
3,M1,155,273131,274551,13500
3,M1,156,274771,276191,13500
3,M1,157,276112,277599,1500
3,M1,158,278305,279725,13500
3,M1,159,279700,281133,1500
3,M1,160,281601,283021,13500
3,M1,161,283090,284510,13500
3,M1,162,285261,286681,13500
3,M1,163,286774,288194,13500
3,M1,164,288834,290254,13500
3,M1,165,290787,292207,13500
3,M1,166,292208,293628,13500
3,M1,167,293891,295311,13500
3,M1,168,295884,297304,13500
3,M1,169,297316,298736,13500
3,M1,170,299425,300845,13500
3,M1,171,300663,302253,1500
3,M1,172,302668,304088,13500
3,M1,173,304091,305511,13500
3,M1,174,305959,307379,13500
3,M1,175,307887,309307,13500
3,M1,176,309369,310789,13500
3,M1,177,311249,312669,13500
3,M1,178,313542,314962,13500
3,M1,179,314799,316370,1500
3,M1,180,317150,318570,13500
3,M1,181,318717,320137,13500
3,M1,182,320405,321825,13500
3,M1,183,321995,323415,13500
3,M1,184,324006,325426,13500
3,M1,185,325798,327218,13500
3,M1,186,327102,328626,1500
3,M1,187,328872,330292,13500
3,M1,188,330829,332249,13500
3,M1,189,332293,333713,13500
3,M1,190,334146,335566,13500
3,M1,191,336333,337753,13500
3,M1,192,338099,339519,13500
3,M1,193,339486,340927,1500
3,M1,194,341359,342779,13500
3,M1,195,343502,344922,13500
3,M1,196,345185,346605,13500
3,M1,197,347083,348503,13500
3,M1,198,348141,349911,1500
3,M1,199,350016,351436,13500
3,M1,200,352378,353798,13500
3,M1,201,353559,355206,1500
3,M1,202,355846,357266,13500
3,M1,203,357035,358674,1500
3,M1,204,359349,360769,13500
3,M1,205,361143,362563,13500
3,M1,206,362489,363971,1500
3,M1,207,364457,365877,13500
3,M1,208,366157,367577,13500
3,M1,209,368016,369436,13500
3,M1,210,369426,370846,4500
3,M1,211,371127,372547,13500
3,M1,212,373018,374438,13500
3,M1,213,374795,376215,13500
3,M1,214,376476,377896,13500
3,M1,215,378743,380163,13500
3,M1,216,379847,381571,1500
3,M1,217,381908,383328,13500
3,M1,218,383714,385134,13500
3,M1,219,385747,387167,13500
3,M1,220,387470,388890,13500
3,M1,221,389341,390761,13500
3,M1,222,390505,392169,1500
3,M1,223,392866,394286,13500
3,M1,224,394349,395769,13500
3,M1,225,396087,397507,13500
3,M1,226,397952,399372,13500
3,M1,227,399850,401270,13500
3,M1,228,401307,402727,13500
3,M1,229,402710,404135,1500
3,M1,230,404456,405876,13500
3,M1,231,406443,407863,13500
3,M1,232,408408,409828,13500
3,M1,233,409928,411348,13500
3,M1,234,412192,413612,13500
3,M1,235,413557,415020,1500
3,M1,236,415545,416965,13500
3,M1,237,417235,418655,13500
3,M1,238,419034,420454,13500
3,M1,239,420939,422359,13500
3,M1,240,422569,423989,13500
3,M1,241,424143,425563,13500
3,M1,242,426035,427455,13500
3,M1,243,427619,429039,13500
3,M1,244,429785,431205,13500
3,M1,245,431142,432613,1500
3,M1,246,432751,434171,13500
3,M1,247,434509,435929,13500
3,M1,248,436204,437624,13500
3,M1,249,438402,439822,13500
3,M1,250,439775,441230,1500
3,M1,251,442003,443423,13500
3,M1,252,443617,445037,13500
3,M1,253,445589,447009,13500
3,M1,254,447022,448442,13500
3,M1,255,449038,450458,13500
3,M1,256,450403,451866,1500
3,M1,257,452416,453836,13500
3,M1,258,454033,455453,13500
3,M1,259,455646,457066,13500
3,M1,260,457872,459292,13500
3,M1,261,459651,461071,13500
3,M1,262,461194,462614,13500
3,M1,263,463138,464558,13500
3,M1,264,464262,465966,1500
3,M1,265,466335,467755,13500
3,M1,266,468456,469876,13500
3,M1,267,469731,471284,1500
3,M1,268,471473,472893,13500
3,M1,269,473480,474900,13500
3,M1,270,474892,476312,7500
3,M1,271,476721,478141,13500
3,M1,272,478889,480309,13500
3,M1,273,480552,481972,13500
3,M1,274,482529,483949,13500
3,M1,275,483812,485357,1500
3,M1,276,486012,487432,13500
3,M1,277,487145,488840,1500
3,M1,278,489412,490832,13500
3,M1,279,490795,492240,1500
3,M1,280,492808,494228,13500
3,M1,281,494495,495915,13500
3,M1,282,496717,498137,13500
3,M1,283,497908,499545,1500
3,M1,284,499569,500989,13500
3,M1,285,501653,503073,13500
3,M1,286,503449,504869,13500
3,M1,287,505190,506610,13500
3,M1,288,506946,508366,13500
3,M1,289,508706,510126,13500
3,M1,290,510437,511857,13500
3,M1,291,512349,513769,13500
3,M1,292,514055,515475,13500
3,M1,293,515760,517180,13500
3,M1,294,517060,518588,1500
3,M1,295,519497,520917,13500
3,M1,296,520702,522325,1500
3,M1,297,522420,523840,13500
3,M1,298,524663,526083,13500
3,M1,299,526449,527869,13500
3,M1,300,528086,529506,13500
3,M1,301,529643,531063,13500
3,M1,302,531384,532804,13500
3,M1,303,533297,534717,13500
3,M1,304,535046,536466,13500
3,M1,305,536493,537913,13500
3,M1,306,538672,540092,13500
3,M1,307,540500,541920,13500
3,M1,308,541817,543328,1500
3,M1,309,543883,545303,13500
3,M1,310,545795,547215,13500
3,M1,311,547249,548669,13500
3,M1,312,548871,550291,13500
3,M1,313,550629,552049,13500
3,M1,314,552716,554136,13500
3,M1,315,554530,555950,13500
3,M1,316,556051,557471,13500
3,M1,317,557764,559184,13500
3,M1,318,560046,561466,13500
3,M1,319,561214,562874,1500
3,M1,320,562960,564380,13500
3,M1,321,565021,566441,13500
3,M1,322,567114,568534,13500
3,M1,323,568225,569942,1500
3,M1,324,570197,571617,13500
3,M1,325,571867,573287,13500
3,M1,326,574017,575437,13500
3,M1,327,575627,577047,13500
3,M1,328,577424,578844,13500
3,M1,329,578731,580252,1500
3,M1,330,580516,581936,13500
3,M1,331,582563,583983,13500
3,M1,332,584093,585513,13500
3,M1,333,586019,587439,13500
3,M1,334,588002,589422,13500
3,M1,335,589393,590830,1500
3,M1,336,591139,592559,13500
3,M1,337,593084,594504,13500
3,M1,338,594843,596263,13500
3,M1,339,596265,597685,13500
3,M1,340,598576,599996,13500
3,M1,341,600519,601939,13500
3,M1,342,602014,603434,13500
3,M1,343,604076,605496,13500
3,M1,344,605513,606933,13500
3,M1,345,607310,608730,13500
3,M1,346,609078,610498,13500
3,M1,347,610480,611906,1500
3,M1,348,612436,613856,13500
3,M1,349,613938,615358,13500
3,M1,350,616339,617759,13500
3,M1,351,617888,619308,13500
3,M1,352,619855,621275,13500
3,M1,353,621051,622683,1500
3,M1,354,622995,624415,13500
3,M1,355,624968,626388,13500
3,M1,356,626308,627796,1500
3,M1,357,628247,629667,13500
3,M1,358,630350,631770,13500
3,M1,359,631526,633178,1500
3,M1,360,633234,634654,13500
3,M1,361,635346,636766,13500
3,M1,362,637129,638549,13500
3,M1,363,638599,640019,13500
3,M1,364,640923,642343,13500
3,M1,365,642250,643751,1500
3,M1,366,643824,645244,13500
3,M1,367,645932,647352,13500
3,M1,368,647823,649243,13500
3,M1,369,649694,651114,13500
3,M1,370,651463,652883,13500
3,M1,371,652600,654291,1500
3,M1,372,654451,655871,13500
3,M1,373,656732,658152,13500
3,M1,374,658137,659560,1500
3,M1,375,659995,661415,13500
3,M1,376,661366,662823,1500
3,M1,377,663384,664804,13500
3,M1,378,664896,666316,13500
3,M1,379,667134,668554,13500
3,M1,380,669083,670503,13500
3,M1,381,670318,671911,1500
3,M1,382,672008,673428,13500
3,M1,383,673812,675232,13500
3,M1,384,675503,676923,13500
3,M1,385,677483,678903,13500
3,M1,386,679218,680638,13500
3,M1,387,681086,682506,13500
3,M1,388,682574,683994,13500
3,M1,389,684333,685753,13500
3,M1,390,686575,687995,13500
3,M1,391,688011,689431,13500
3,M1,392,690130,691550,13500
3,M1,393,691908,693328,13500
3,M1,394,693099,694736,1500
3,M1,395,695536,696956,13500
3,M1,396,696963,698383,13500
3,M1,397,698369,699791,1500
3,M1,398,700364,701784,13500
3,M1,399,702114,703534,13500
3,M1,400,703602,705022,13500
3,M1,401,705525,706945,13500
3,M1,402,707846,709266,13500
3,M1,403,708911,710674,1500
3,M1,404,710872,712292,13500
3,M1,405,713026,714446,13500
3,M1,406,714416,715854,1500
3,M1,407,716695,718115,13500
3,M1,408,718198,719618,13500
3,M1,409,719935,721355,13500
3,M1,410,721542,722962,13500
3,M1,411,723285,724705,13500
3,M1,412,725460,726880,13500
3,M1,413,727246,728666,13500
3,M1,414,728385,730074,1500
3,M1,415,730592,732012,13500
3,M1,416,732129,733549,13500
3,M1,417,734193,735613,13500
3,M1,418,736038,737458,13500
3,M1,419,737052,738866,1500
3,M1,420,739209,740629,13500
3,M1,421,740580,742037,1500
3,M1,422,743113,744533,13500
3,M1,423,744667,746087,13500
3,M1,424,746109,747529,13500
3,M1,425,748025,749445,13500
3,M1,426,749698,751118,13500
3,M1,427,751920,753340,13500
3,M1,428,752917,754748,1500
3,M1,429,754724,756156,1500
3,M1,430,756776,758196,13500
3,M1,431,758442,759862,13500
3,M1,432,760618,762038,13500
3,M1,433,761966,763446,1500
3,M1,434,763799,765219,13500
3,M1,435,765319,766739,13500
3,M1,436,767743,769163,13500
3,M1,437,769497,770917,13500
3,M1,438,770883,772325,1500
3,M1,439,772613,774033,13500
3,M1,440,774066,775486,13500
3,M1,441,776248,777668,13500
3,M1,442,778093,779513,13500
3,M1,443,779754,781174,13500
3,M1,444,781295,782715,13500
3,M1,445,782928,784348,13500
3,M1,446,785063,786483,13500
3,M1,447,786372,787891,1500
3,M1,448,788522,789942,13500
3,M1,449,789907,791350,1500
3,M1,450,792106,793526,13500
3,M1,451,793822,795242,13500
3,M1,452,795729,797149,13500
3,M1,453,796929,798557,1500
3,M1,454,799056,800476,13500
3,M1,455,800735,802155,13500
3,M1,456,802235,803655,13500
3,M1,457,804403,805823,13500
3,M1,458,806006,807426,13500
3,M1,459,808226,809646,13500
3,M1,460,809376,811054,1500
3,M1,461,811110,812530,13500
3,M1,462,812844,814264,13500
3,M1,463,814987,816407,13500
3,M1,464,816691,818111,13500
3,M1,465,818285,819705,13500
3,M1,466,820007,821427,13500
3,M1,467,821658,823078,13500
3,M1,468,823696,825116,13500
3,M1,469,825721,827141,13500
3,M1,470,827134,828554,9000
3,M1,471,828578,829998,13500
3,M1,472,830417,831837,13500
3,M1,473,832461,833881,13500
3,M1,474,834284,835704,13500
3,M1,475,836269,837689,13500
3,M1,476,837467,839097,1500
3,M1,477,839554,840974,13500
3,M1,478,841412,842832,13500
3,M1,479,843044,844464,13500
3,M1,480,844857,846277,13500
3,M1,481,846393,847813,13500
3,M1,482,848227,849647,13500
3,M1,483,850266,851686,13500
3,M1,484,851578,853094,1500
3,M1,485,853647,855067,13500
3,M1,486,855626,857046,13500
3,M1,487,857380,858800,13500
3,M1,488,858901,860321,13500
3,M1,489,860240,861729,1500
3,M1,490,862475,863895,13500
3,M1,491,864386,865806,13500
3,M1,492,866256,867676,13500
3,M1,493,867358,869084,1500
3,M1,494,869783,871203,13500
3,M1,495,871587,873007,13500
3,M1,496,872759,874415,1500
3,M1,497,874804,876224,13500
3,M1,498,876538,877958,13500
3,M1,499,878096,879516,13500
3,M1,500,879771,881191,13500
3,M1,501,881849,883269,13500
3,M1,502,883873,885293,13500
3,M1,503,885070,886701,1500
3,M1,504,887285,888705,13500
3,M1,505,889018,890438,13500
3,M1,506,890529,891949,13500
3,M1,507,892714,894134,13500
3,M1,508,893930,895542,1500
3,M1,509,895523,896950,1500
3,M1,510,897895,899315,13500
3,M1,511,899201,900723,1500
3,M1,512,901302,902722,13500
3,M1,513,903054,904474,13500
3,M1,514,905009,906429,13500
3,M1,515,906291,907837,1500
3,M1,516,908206,909626,13500
3,M1,517,909535,911034,1500
3,M1,518,911316,912736,13500
3,M1,519,913283,914703,13500
3,M1,520,915457,916877,13500
3,M1,521,916859,918285,1500
3,M1,522,918635,920055,13500
3,M1,523,920278,921698,13500
3,M1,524,922309,923729,13500
3,M1,525,923794,925214,13500
3,M1,526,925623,927043,13500
3,M1,527,927919,929339,13500
3,M1,528,929506,930926,13500
3,M1,529,930923,932343,13500
3,M1,530,932644,934064,13500
3,M1,531,934547,935967,13500
3,M1,532,936497,937917,13500
3,M1,533,937720,939325,1500
3,M1,534,939686,941106,13500
3,M1,535,941508,942928,13500
3,M1,536,943039,944459,13500
3,M1,537,945398,946818,13500
3,M1,538,946568,948226,1500
3,M1,539,948797,950217,13500
3,M1,540,950181,951625,1500
3,M1,541,952354,953774,13500
3,M1,542,953681,955182,1500
3,M1,543,955722,957142,13500
3,M1,544,957710,959130,13500
3,M1,545,959503,960923,13500
3,M1,546,961257,962677,13500
3,M1,547,962771,964191,13500
3,M1,548,964292,965712,13500
3,M1,549,966127,967547,13500
3,M1,550,968166,969586,13500
3,M1,551,969810,971230,13500
3,M1,552,971183,972638,1500
3,M1,553,973079,974499,13500
3,M1,554,975386,976806,13500
3,M1,555,977153,978573,13500
3,M1,556,978467,979981,1500
3,M1,557,980305,981725,13500
3,M1,558,981774,983194,13500
3,M1,559,984198,985618,13500
3,M1,560,985250,987026,1500
3,M1,561,987743,989163,13500
3,M1,562,989032,990571,1500
3,M1,563,991020,992440,13500
3,M1,564,992423,993848,1500
3,M1,565,994511,995931,13500
3,M1,566,995838,997339,1500
3,M1,567,997963,999383,13500
3,M1,568,999878,1001298,13500
3,M1,569,1001333,1002753,13500
3,M1,570,1002874,1004294,13500
3,M1,571,1004997,1006417,13500
3,M1,572,1006771,1008191,13500
3,M1,573,1008109,1009599,1500
3,M1,574,1010098,1011518,13500
3,M1,575,1011892,1013312,13500
3,M1,576,1013559,1014979,13500
3,M1,577,1015221,1016641,13500
3,M1,578,1016962,1018382,13500
3,M1,579,1018775,1020195,13500
3,M1,580,1020841,1022261,13500
3,M1,581,1022416,1023836,13500
3,M1,582,1023933,1025353,13500
3,M1,583,1025973,1027393,13500
3,M1,584,1028199,1029619,13500
3,M1,585,1029790,1031210,13500
3,M1,586,1031698,1033118,13500
3,M1,587,1033083,1034526,1500
3,M1,588,1034919,1036339,13500
3,M1,589,1036667,1038087,13500
3,M1,590,1038599,1040019,13500
3,M1,591,1040186,1041606,13500
3,M1,592,1042115,1043535,13500
3,M1,593,1043960,1045380,13500
3,M1,594,1045483,1046903,13500
3,M1,595,1047136,1048556,13500
3,M1,596,1049058,1050478,13500
3,M1,597,1050986,1052406,13500
3,M1,598,1052839,1054259,13500
3,M1,599,1054119,1055667,1500
3,M1,600,1056390,1057810,13500
3,M1,601,1058068,1059488,13500
3,M1,602,1059283,1060896,1500
3,M1,603,1061630,1063050,13500
3,M1,604,1063188,1064608,13500
3,M1,605,1064658,1066078,13500
3,M1,606,1066850,1068270,13500
3,M1,607,1068643,1070063,13500
3,M1,608,1070262,1071682,13500
3,M1,609,1072128,1073548,13500
3,M1,610,1073940,1075360,13500
3,M1,611,1075480,1076900,13500
3,M1,612,1077014,1078434,13500
3,M1,613,1079214,1080634,13500
3,M1,614,1080651,1082071,13500
3,M1,615,1082289,1083709,13500
3,M1,616,1084470,1085890,13500
3,M1,617,1085887,1087307,13500
3,M1,618,1087665,1089085,13500
3,M1,619,1089357,1090777,13500
3,M1,620,1091240,1092660,13500
3,M1,621,1092727,1094147,13500
3,M1,622,1094826,1096246,13500
3,M1,623,1096160,1097654,1500
3,M1,624,1098485,1099905,13500
3,M1,625,1099970,1101390,13500
3,M1,626,1101971,1103391,13500
3,M1,627,1103391,1104811,13500
3,M1,628,1105635,1107055,13500
3,M1,629,1106687,1108463,1500
3,M1,630,1108617,1110037,13500
3,M1,631,1110186,1111606,13500
3,M1,632,1112288,1113708,13500
3,M1,633,1114364,1115784,13500
3,M1,634,1115955,1117375,13500
3,M1,635,1117372,1118792,13500
3,M1,636,1119152,1120572,13500
3,M1,637,1120869,1122289,13500
3,M1,638,1122643,1124063,13500
3,M1,639,1124889,1126309,13500
3,M1,640,1126763,1128183,13500
3,M1,641,1128263,1129683,13500
3,M1,642,1130226,1131646,13500
3,M1,643,1131389,1133054,1500
3,M1,644,1133607,1135027,13500
3,M1,645,1135047,1136467,13500
3,M1,646,1136579,1137999,13500
3,M1,647,1138963,1140383,13500
3,M1,648,1140861,1142281,13500
3,M1,649,1142376,1143796,13500
3,M1,650,1143653,1145204,1500
3,M1,651,1146032,1147452,13500
3,M1,652,1147668,1149088,13500
3,M1,653,1148977,1150496,1500
3,M1,654,1151347,1152767,13500
3,M1,655,1152776,1154196,13500
3,M1,656,1154242,1155662,13500
3,M1,657,1156609,1158029,13500
3,M1,658,1157924,1159437,1500
3,M1,659,1159610,1161030,13500
3,M1,660,1161224,1162644,13500
3,M1,661,1163614,1165034,13500
3,M1,662,1164889,1166442,1500
3,M1,663,1167145,1168565,13500
3,M1,664,1168660,1170080,13500
3,M1,665,1170060,1171488,1500
3,M1,666,1172460,1173880,13500
3,M1,667,1173552,1175288,1500
3,M1,668,1175381,1176801,13500
3,M1,669,1177796,1179216,13500
3,M1,670,1179556,1180976,13500
3,M1,671,1180667,1182384,1500
3,M1,672,1182794,1184214,13500
3,M1,673,1184411,1185831,13500
3,M1,674,1186580,1188000,13500
3,M1,675,1188072,1189492,13500
3,M1,676,1190000,1191420,13500
3,M1,677,1191692,1193112,13500
3,M1,678,1193078,1194520,1500
3,M1,679,1194966,1196386,13500
3,M1,680,1196604,1198024,13500
3,M1,681,1198480,1199900,13500
3,M1,682,1200464,1201884,13500
3,M1,683,1202167,1203587,13500
3,M1,684,1203493,1204995,1500
3,M1,685,1205871,1207291,13500
3,M1,686,1207453,1208873,13500
3,M1,687,1209041,1210461,13500
3,M1,688,1211060,1212480,13500
3,M1,689,1212804,1214224,13500
3,M1,690,1214689,1216109,13500
3,M1,691,1215987,1217517,1500
3,M1,692,1217585,1219005,13500
3,M1,693,1220025,1221445,13500
3,M1,694,1221630,1223050,13500
3,M1,695,1223139,1224559,13500
3,M1,696,1225300,1226720,13500
3,M1,697,1226948,1228368,13500
3,M1,698,1228474,1229894,13500
3,M1,699,1229842,1231302,1500
3,M1,700,1232234,1233654,13500
3,M1,701,1233514,1235062,1500
3,M1,702,1235175,1236595,13500
3,M1,703,1237271,1238691,13500
3,M1,704,1239005,1240425,13500
3,M1,705,1240849,1242269,13500
3,M1,706,1242220,1243677,1500
3,M1,707,1244075,1245495,13500
3,M1,708,1246330,1247750,13500
3,M1,709,1247771,1249191,13500
3,M1,710,1249877,1251297,13500
3,M1,711,1251543,1252963,13500
3,M1,712,1252743,1254371,1500
3,M1,713,1254832,1256252,13500
3,M1,714,1257014,1258434,13500
3,M1,715,1258567,1259987,13500
3,M1,716,1259990,1261410,13500
3,M1,717,1262215,1263635,13500
3,M1,718,1263518,1265043,1500
3,M1,719,1265751,1267171,13500
3,M1,720,1267372,1268792,13500
3,M1,721,1269032,1270452,13500
3,M1,722,1270471,1271891,13500
3,M1,723,1272460,1273880,13500
3,M1,724,1274218,1275638,13500
3,M1,725,1276162,1277582,13500
3,M1,726,1277660,1279080,13500
3,M1,727,1279616,1281036,13500
3,M1,728,1281310,1282730,13500
3,M1,729,1282783,1284203,13500
3,M1,730,1285038,1286458,13500
3,M1,731,1286806,1288226,13500
3,M1,732,1287965,1289634,1500
3,M1,733,1290450,1291870,13500
3,M1,734,1292054,1293474,13500
3,M1,735,1293657,1295077,13500
3,M1,736,1295265,1296685,13500
3,M1,737,1297462,1298882,13500
3,M1,738,1299034,1300454,13500
3,M1,739,1300602,1302022,13500
3,M1,740,1302710,1304130,13500
3,M1,741,1303929,1305538,1500
3,M1,742,1305752,1307172,13500
3,M1,743,1307981,1309401,13500
3,M1,744,1309123,1310809,1500
3,M1,745,1311509,1312929,13500
3,M1,746,1313149,1314569,13500
3,M1,747,1314469,1315977,1500
3,M1,748,1316427,1317847,13500
3,M1,749,1318567,1319987,13500
3,M1,750,1320003,1321423,13500
3,M1,751,1321821,1323241,13500
3,M1,752,1323440,1324860,13500
3,M1,753,1325357,1326777,13500
3,M1,754,1327389,1328809,13500
3,M1,755,1329080,1330500,13500
3,M1,756,1330408,1331908,1500
3,M1,757,1332018,1333438,13500
3,M1,758,1334376,1335796,13500
3,M1,759,1335778,1337204,1500
3,M1,760,1337958,1339378,13500
3,M1,761,1339594,1341014,13500
3,M1,762,1341031,1342451,13500
3,M1,763,1342636,1344056,13500
3,M1,764,1344756,1346176,13500
3,M1,765,1346276,1347696,13500
3,M1,766,1348284,1349704,13500
3,M1,767,1350127,1351547,13500
3,M1,768,1351779,1353199,13500
3,M1,769,1353657,1355077,13500
3,M1,770,1354830,1356485,1500
3,M1,771,1357100,1358520,13500
3,M1,772,1358624,1360044,13500
3,M1,773,1360182,1361602,13500
3,M1,774,1362236,1363656,13500
3,M1,775,1364066,1365486,13500
3,M1,776,1365367,1366894,1500
3,M1,777,1367688,1369108,13500
3,M1,778,1369593,1371013,13500
3,M1,779,1370740,1372421,1500
3,M1,780,1373079,1374499,13500
3,M1,781,1374830,1376250,13500
3,M1,782,1376698,1378118,13500
3,M1,783,1377765,1379526,1500
3,M1,784,1380067,1381487,13500
3,M1,785,1381695,1383115,13500
3,M1,786,1383422,1384842,13500
3,M1,787,1385508,1386928,13500
3,M1,788,1386711,1388336,1500
3,M1,789,1388400,1389820,13500
3,M1,790,1390624,1392044,13500
3,M1,791,1392380,1393800,13500
3,M1,792,1394055,1395475,13500
3,M1,793,1395393,1396883,1500
3,M1,794,1397585,1399005,13500
3,M1,795,1399254,1400674,13500
3,M1,796,1400782,1402202,13500
3,M1,797,1403070,1404490,13500
3,M1,798,1404250,1405898,1500
3,M1,799,1406254,1407674,13500
3,M1,800,1407803,1409223,13500
3,M1,801,1409856,1411276,13500
3,M1,802,1411558,1412978,13500
3,M1,803,1413593,1415013,13500
3,M1,804,1415225,1416645,13500
3,M1,805,1417181,1418601,13500
3,M1,806,1418162,1420009,1500
3,M1,807,1420094,1421514,13500
3,M1,808,1422400,1423820,13500
3,M1,809,1424041,1425461,13500
3,M1,810,1425387,1426869,1500
3,M1,811,1427575,1428995,13500
3,M1,812,1429288,1430708,13500
3,M1,813,1430736,1432156,13500
3,M1,814,1432436,1433856,13500
3,M1,815,1434177,1435597,13500
3,M1,816,1436234,1437654,13500
3,M1,817,1437953,1439373,13500
3,M1,818,1439565,1440985,13500
3,M1,819,1441426,1442846,13500
3,M1,820,1443207,1444627,13500
3,M1,821,1444588,1446035,1500
3,M1,822,1447025,1448445,13500
3,M1,823,1448106,1449853,1500
3,M1,824,1450153,1451573,13500
3,M1,825,1451993,1453413,13500
3,M1,826,1453645,1455065,13500
3,M1,827,1455915,1457335,13500
3,M1,828,1456910,1458743,1500
3,M1,829,1458993,1460413,13500
3,M1,830,1460650,1462070,13500
3,M1,831,1462856,1464276,13500
3,M1,832,1464692,1466112,13500
3,M1,833,1466440,1467860,13500
3,M1,834,1467746,1469268,1500
3,M1,835,1469840,1471260,13500
3,M1,836,1471481,1472901,13500
3,M1,837,1473455,1474875,13500
3,M1,838,1475095,1476515,13500
3,M1,839,1476983,1478403,13500
3,M1,840,1478260,1479811,1500
3,M1,841,1480030,1481450,13500
3,M1,842,1481935,1483355,13500
3,M1,843,1483639,1485059,13500
3,M1,844,1485150,1486570,13500
3,M1,845,1487284,1488704,13500
3,M1,846,1489125,1490545,13500
3,M1,847,1491102,1492522,13500
3,M1,848,1492620,1494040,13500
3,M1,849,1494626,1496046,13500
3,M1,850,1495712,1497454,1500
3,M1,851,1497379,1498862,1500
3,M1,852,1499848,1501268,13500
3,M1,853,1501657,1503077,13500
3,M1,854,1503414,1504834,13500
3,M1,855,1505191,1506611,13500
3,M1,856,1506709,1508129,13500
3,M1,857,1508533,1509953,13500
3,M1,858,1510225,1511645,13500
3,M1,859,1512122,1513542,13500
3,M1,860,1513966,1515386,13500
3,M1,861,1515709,1517129,13500
3,M1,862,1516876,1518537,1500
3,M1,863,1518751,1520171,13500
3,M1,864,1520719,1522139,13500
3,M1,865,1522209,1523629,13500
3,M1,866,1523925,1525345,13500
3,M1,867,1525797,1527217,13500
3,M1,868,1527890,1529310,13500
3,M1,869,1529753,1531173,13500
3,M1,870,1531176,1532596,13500
3,M1,871,1532757,1534177,13500
3,M1,872,1534606,1536026,13500
3,M1,873,1536840,1538260,13500
3,M1,874,1538544,1539964,13500
3,M1,875,1540355,1541775,13500
3,M1,876,1541732,1543183,1500
3,M1,877,1543188,1544608,13500
3,M1,878,1544940,1546360,13500
3,M1,879,1546810,1548230,13500
3,M1,880,1548808,1550228,13500
3,M1,881,1550181,1551636,1500
3,M1,882,1552420,1553840,13500
3,M1,883,1554367,1555787,13500
3,M1,884,1556129,1557549,13500
3,M1,885,1557422,1558957,1500
3,M1,886,1559482,1560902,13500
3,M1,887,1561157,1562577,13500
3,M1,888,1563017,1564437,13500
3,M1,889,1564285,1565845,1500
3,M1,890,1566244,1567664,13500
3,M1,891,1568278,1569698,13500
3,M1,892,1570110,1571530,13500
3,M1,893,1571516,1572938,1500
3,M1,894,1573425,1574845,13500
3,M1,895,1574923,1576343,13500
3,M1,896,1577157,1578577,13500
3,M1,897,1578856,1580276,13500
3,M1,898,1580115,1581684,1500
3,M1,899,1582108,1583528,13500
3,M1,900,1584372,1585792,13500
3,M1,901,1586017,1587437,13500
3,M1,902,1587362,1588845,1500
3,M1,903,1589058,1590478,13500
3,M1,904,1590659,1592079,13500
3,M1,905,1592638,1594058,13500
3,M1,906,1594658,1596078,13500
3,M1,907,1596152,1597572,13500
3,M1,908,1598181,1599601,13500
3,M1,909,1599786,1601206,13500
3,M1,910,1601353,1602773,13500
3,M1,911,1603352,1604772,13500
3,M1,912,1605419,1606839,13500
3,M1,913,1606746,1608247,1500
3,M1,914,1608968,1610388,13500
3,M1,915,1610174,1611796,1500
3,M1,916,1611836,1613256,13500
3,M1,917,1613608,1615028,13500
3,M1,918,1615488,1616908,13500
3,M1,919,1617615,1619035,13500
3,M1,920,1619168,1620588,13500
3,M1,921,1620846,1622266,13500
3,M1,922,1622622,1624042,13500
3,M1,923,1624431,1625851,13500
3,M1,924,1626360,1627780,13500
3,M1,925,1628089,1629509,13500
3,M1,926,1630045,1631465,13500
3,M1,927,1631185,1632873,1500
3,M1,928,1633347,1634767,13500
3,M1,929,1634796,1636216,13500
3,M1,930,1636492,1637912,13500
3,M1,931,1638594,1640014,13500
3,M1,932,1640541,1641961,13500
3,M1,933,1641770,1643369,1500
3,M1,934,1643845,1645265,13500
3,M1,935,1645568,1646988,13500
3,M1,936,1647757,1649177,13500
3,M1,937,1649448,1650868,13500
3,M1,938,1651147,1652567,13500
3,M1,939,1652589,1654009,13500
3,M1,940,1654034,1655454,13500
3,M1,941,1656460,1657880,13500
3,M1,942,1658099,1659519,13500
3,M1,943,1659568,1660988,13500
3,M1,944,1661464,1662884,13500
3,M1,945,1663375,1664795,13500
3,M1,946,1664616,1666203,1500
3,M1,947,1666618,1668038,13500
3,M1,948,1668597,1670017,13500
3,M1,949,1670143,1671563,13500
3,M1,950,1672303,1673723,13500
3,M1,951,1674035,1675455,13500
3,M1,952,1675531,1676951,13500
3,M1,953,1677278,1678698,13500
3,M1,954,1678880,1680300,13500
3,M1,955,1681136,1682556,13500
3,M1,956,1682641,1684061,13500
3,M1,957,1684438,1685858,13500
3,M1,958,1685685,1687266,1500
3,M1,959,1687644,1689064,13500
3,M1,960,1689750,1691170,13500
3,M1,961,1691620,1693040,13500
3,M1,962,1693420,1694840,13500
3,M1,963,1694497,1696248,1500
3,M1,964,1696906,1698326,13500
3,M1,965,1698336,1699756,13500
3,M1,966,1700071,1701491,13500
3,M1,967,1702255,1703675,13500
3,M1,968,1703665,1705085,4500
3,M1,969,1705589,1707009,13500
3,M1,970,1707124,1708544,13500
3,M1,971,1709321,1710741,13500
3,M1,972,1710383,1712149,1500
3,M1,973,1712789,1714209,13500
3,M1,974,1714250,1715670,13500
3,M1,975,1716370,1717790,13500
3,M1,976,1718037,1719457,13500
3,M1,977,1719351,1720865,1500
3,M1,978,1721184,1722604,13500
3,M1,979,1722655,1724075,13500
3,M1,980,1725182,1726602,13500
3,M1,981,1726954,1728374,13500
3,M1,982,1728100,1729782,1500
3,M1,983,1730391,1731811,13500
3,M1,984,1731510,1733219,1500
3,M1,985,1733647,1735067,13500
3,M1,986,1735165,1736585,13500
3,M1,987,1736833,1738253,13500
3,M1,988,1738648,1740068,13500
3,M1,989,1740937,1742357,13500
3,M1,990,1742540,1743960,13500
3,M1,991,1743989,1745409,13500
3,M1,992,1746187,1747607,13500
3,M1,993,1747369,1749015,1500
3,M1,994,1749558,1750978,13500
3,M1,995,1751492,1752912,13500
3,M1,996,1753325,1754745,13500
3,M1,997,1754398,1756153,1500
3,M1,998,1756655,1758075,13500
3,M1,999,1757857,1759483,1500
4,M0,0,0,1412,420000
4,M0,1,1535,2947,420000
4,M0,2,3133,4545,420000
4,M0,3,5024,6436,420000
4,M0,4,7000,8412,420000
4,M0,5,8929,10341,420000
4,M0,6,10929,12341,420000
4,M0,7,12025,13749,420000
4,M0,8,14189,15601,420000
4,M0,9,15700,17112,420000
4,M0,10,17255,18667,420000
4,M0,11,19325,20737,420000
4,M0,12,21383,22795,420000
4,M0,13,22643,24203,420000
4,M0,14,24664,26076,420000
4,M0,15,26290,27702,420000
4,M0,16,28172,29584,420000
4,M0,17,30273,31685,420000
4,M0,18,31741,33153,420000
4,M0,19,33119,34561,420000
4,M0,20,35434,36846,420000
4,M0,21,36742,38254,420000
4,M0,22,39055,40467,420000
4,M0,23,40282,41875,420000
4,M0,24,42256,43668,420000
4,M0,25,43838,45250,420000
4,M0,26,45739,47151,420000
4,M0,27,47241,48653,420000
4,M0,28,49243,50655,420000
4,M0,29,50642,52063,420000
4,M0,30,53111,54523,420000
4,M0,31,54413,55931,420000
4,M0,32,56440,57852,420000
4,M0,33,58107,59519,420000
4,M0,34,60057,61469,420000
4,M0,35,61892,63304,420000
4,M0,36,63417,64829,420000
4,M0,37,65344,66756,420000
4,M0,38,67204,68616,420000
4,M0,39,68805,70217,420000
4,M0,40,70735,72147,420000
4,M0,41,72435,73847,420000
4,M0,42,73542,75255,420000
4,M0,43,75661,77073,420000
4,M0,44,77147,78559,420000
4,M0,45,78879,80291,420000
4,M0,46,80698,82110,420000
4,M0,47,82528,83940,420000
4,M0,48,84399,85811,420000
4,M0,49,85852,87264,420000
4,M0,50,87871,89283,420000
4,M0,51,89979,91391,420000
4,M0,52,91899,93311,420000
4,M0,53,93134,94719,420000
4,M0,54,94731,96143,420000
4,M0,55,96519,97931,420000
4,M0,56,98903,100315,420000
4,M0,57,100175,101723,420000
4,M0,58,101736,103148,420000
4,M0,59,103876,105288,420000
4,M0,60,105829,107241,420000
4,M0,61,107290,108702,420000
4,M0,62,109077,110489,420000
4,M0,63,110853,112265,420000
4,M0,64,112986,114398,420000
4,M0,65,114613,116025,420000
4,M0,66,116518,117930,420000
4,M0,67,118243,119655,420000
4,M0,68,119535,121063,420000
4,M0,69,121128,122540,420000
4,M0,70,123504,124916,420000
4,M0,71,124707,126324,420000
4,M0,72,126580,127992,420000
4,M0,73,128359,129771,420000
4,M0,74,129909,131321,420000
4,M0,75,131692,133104,420000
4,M0,76,133423,134835,420000
4,M0,77,135145,136557,420000
4,M0,78,137622,139034,420000
4,M0,79,139211,140623,420000
4,M0,80,141026,142438,420000
4,M0,81,142322,143846,420000
4,M0,82,144717,146129,420000
4,M0,83,145975,147537,420000
4,M0,84,147497,148945,420000
4,M0,85,149437,150849,420000
4,M0,86,151501,152913,420000
4,M0,87,153146,154558,420000
4,M0,88,154841,156253,420000
4,M0,89,156888,158300,420000
4,M0,90,158749,160161,420000
4,M0,91,160302,161714,420000
4,M0,92,161779,163191,420000
4,M0,93,163668,165080,420000
4,M0,94,165196,166608,420000
4,M0,95,166806,168218,420000
4,M0,96,168626,170038,420000
4,M0,97,171067,172479,420000
4,M0,98,172106,173887,420000
4,M0,99,174276,175688,420000
4,M0,100,176372,177784,420000
4,M0,101,177619,179192,420000
4,M0,102,179219,180631,420000
4,M0,103,180933,182345,420000
4,M0,104,182670,184082,420000
4,M0,105,184593,186005,420000
4,M0,106,186668,188080,420000
4,M0,107,188068,189488,420000
4,M0,108,190475,191887,420000
4,M0,109,191849,193295,420000
4,M0,110,193561,194973,420000
4,M0,111,195616,197028,420000
4,M0,112,197243,198655,420000
4,M0,113,199024,200436,420000
4,M0,114,200285,201844,420000
4,M0,115,202012,203424,420000
4,M0,116,204538,205950,420000
4,M0,117,205528,207358,420000
4,M0,118,207850,209262,420000
4,M0,119,209173,210670,420000
4,M0,120,211196,212608,420000
4,M0,121,213083,214495,420000
4,M0,122,214605,216017,420000
4,M0,123,216764,218176,420000
4,M0,124,217850,219584,420000
4,M0,125,220146,221558,420000
4,M0,126,222048,223460,420000
4,M0,127,223900,225312,420000
4,M0,128,225429,226841,420000
4,M0,129,227156,228568,420000
4,M0,130,228572,229984,420000
4,M0,131,230712,232124,420000
4,M0,132,231961,233532,420000
4,M0,133,234139,235551,420000
4,M0,134,236201,237613,420000
4,M0,135,237284,239021,420000
4,M0,136,238970,240429,420000
4,M0,137,240873,242285,420000
4,M0,138,243216,244628,420000
4,M0,139,244397,246036,420000
4,M0,140,246619,248031,420000
4,M0,141,248098,249510,420000
4,M0,142,250243,251655,420000
4,M0,143,251874,253286,420000
4,M0,144,253605,255017,420000
4,M0,145,255504,256916,420000
4,M0,146,256948,258360,420000
4,M0,147,258568,259980,420000
4,M0,148,260154,261566,420000
4,M0,149,262532,263944,420000
4,M0,150,264200,265612,420000
4,M0,151,266123,267535,420000
4,M0,152,267750,269162,420000
4,M0,153,269127,270570,420000
4,M0,154,270776,272188,420000
4,M0,155,272631,274043,420000
4,M0,156,274643,276055,420000
4,M0,157,276386,277798,420000
4,M0,158,277820,279232,420000
4,M0,159,280079,281491,420000
4,M0,160,281560,282972,420000
4,M0,161,283411,284823,420000
4,M0,162,285251,286663,420000
4,M0,163,287202,288614,420000
4,M0,164,288332,290022,420000
4,M0,165,290249,291661,420000
4,M0,166,292197,293609,420000
4,M0,167,294085,295497,420000
4,M0,168,295297,296905,420000
4,M0,169,297661,299073,420000
4,M0,170,299120,300532,420000
4,M0,171,300667,302079,420000
4,M0,172,302373,303785,420000
4,M0,173,304301,305713,420000
4,M0,174,305913,307325,420000
4,M0,175,307780,309192,420000
4,M0,176,309635,311047,420000
4,M0,177,311626,313038,420000
4,M0,178,313595,315007,420000
4,M0,179,314721,316415,420000
4,M0,180,316627,318039,420000
4,M0,181,318895,320307,420000
4,M0,182,320122,321715,420000
4,M0,183,322156,323568,420000
4,M0,184,323857,325269,420000
4,M0,185,325534,326946,420000
4,M0,186,327569,328981,420000
4,M0,187,328986,330398,420000
4,M0,188,330512,331924,420000
4,M0,189,332569,333981,420000
4,M0,190,334526,335938,420000
4,M0,191,336082,337494,420000
4,M0,192,337731,339143,420000
4,M0,193,339563,340975,420000
4,M0,194,341381,342793,420000
4,M0,195,342826,344238,420000
4,M0,196,345141,346553,420000
4,M0,197,346647,348059,420000
4,M0,198,348839,350251,420000
4,M0,199,350209,351659,420000
4,M0,200,352390,353802,420000
4,M0,201,353574,355210,420000
4,M0,202,355282,356694,420000
4,M0,203,357381,358793,420000
4,M0,204,359180,360592,420000
4,M0,205,360599,362011,420000
4,M0,206,362714,364126,420000
4,M0,207,364222,365634,420000
4,M0,208,365694,367106,420000
4,M0,209,367475,368887,420000
4,M0,210,369293,370705,420000
4,M0,211,371456,372868,420000
4,M0,212,373280,374692,420000
4,M0,213,374800,376212,420000
4,M0,214,376899,378311,420000
4,M0,215,378319,379731,420000
4,M0,216,380532,381944,420000
4,M0,217,382101,383513,420000
4,M0,218,383922,385334,420000
4,M0,219,385158,386742,420000
4,M0,220,387301,388713,420000
4,M0,221,389171,390583,420000
4,M0,222,390824,392236,420000
4,M0,223,392272,393684,420000
4,M0,224,394266,395678,420000
4,M0,225,396010,397422,420000
4,M0,226,397662,399074,420000
4,M0,227,399272,400684,420000
4,M0,228,401046,402458,420000
4,M0,229,403338,404750,420000
4,M0,230,405106,406518,420000
4,M0,231,406896,408308,420000
4,M0,232,408292,409716,420000
4,M0,233,409986,411398,420000
4,M0,234,412161,413573,420000
4,M0,235,413841,415253,420000
4,M0,236,415016,416661,420000
4,M0,237,417200,418612,420000
4,M0,238,419270,420682,420000
4,M0,239,420831,422243,420000
4,M0,240,422756,424168,420000
4,M0,241,424402,425814,420000
4,M0,242,426018,427430,420000
4,M0,243,427280,428838,420000
4,M0,244,429167,430579,420000
4,M0,245,431056,432468,420000
4,M0,246,432750,434162,420000
4,M0,247,434341,435753,420000
4,M0,248,436116,437528,420000
4,M0,249,438063,439475,420000
4,M0,250,440387,441799,420000
4,M0,251,441891,443303,420000
4,M0,252,443166,444711,420000
4,M0,253,445196,446608,420000
4,M0,254,447285,448697,420000
4,M0,255,448815,450227,420000
4,M0,256,450913,452325,420000
4,M0,257,452123,453733,420000
4,M0,258,453744,455156,420000
4,M0,259,455616,457028,420000
4,M0,260,457735,459147,420000
4,M0,261,459129,460555,420000
4,M0,262,460915,462327,420000
4,M0,263,462607,464019,420000
4,M0,264,464364,465776,420000
4,M0,265,466487,467899,420000
4,M0,266,468201,469613,420000
4,M0,267,469936,471348,420000
4,M0,268,471782,473194,420000
4,M0,269,473231,474643,420000
4,M0,270,475212,476624,420000
4,M0,271,477204,478616,420000
4,M0,272,478750,480162,420000
4,M0,273,480296,481708,420000
4,M0,274,482384,483796,420000
4,M0,275,484283,485695,420000
4,M0,276,485678,487103,420000
4,M0,277,487443,488855,420000
4,M0,278,489397,490809,420000
4,M0,279,490997,492409,420000
4,M0,280,492481,493893,420000
4,M0,281,494354,495766,420000
4,M0,282,496290,497702,420000
4,M0,283,497869,499281,420000
4,M0,284,499530,500942,420000
4,M0,285,501587,502999,420000
4,M0,286,503430,504842,420000
4,M0,287,505419,506831,420000
4,M0,288,506775,508239,420000
4,M0,289,508479,509891,420000
4,M0,290,510708,512120,420000
4,M0,291,512023,513528,420000
4,M0,292,513932,515344,420000
4,M0,293,515596,517008,420000
4,M0,294,517246,518658,420000
4,M0,295,519117,520529,420000
4,M0,296,520648,522060,420000
4,M0,297,522814,524226,420000
4,M0,298,524440,525852,420000
4,M0,299,526296,527708,420000
4,M0,300,527712,529124,420000
4,M0,301,530064,531476,420000
4,M0,302,531351,532884,420000
4,M0,303,533085,534497,420000
4,M0,304,535426,536838,420000
4,M0,305,536839,538251,420000
4,M0,306,538315,539727,420000
4,M0,307,539951,541363,420000
4,M0,308,542026,543438,420000
4,M0,309,543834,545246,420000
4,M0,310,545816,547228,420000
4,M0,311,547121,548636,420000
4,M0,312,548962,550374,420000
4,M0,313,550594,552006,420000
4,M0,314,552310,553722,420000
4,M0,315,554051,555463,420000
4,M0,316,556294,557706,420000
4,M0,317,557775,559187,420000
4,M0,318,559925,561337,420000
4,M0,319,561305,562745,420000
4,M0,320,562846,564258,420000
4,M0,321,564710,566122,420000
4,M0,322,566396,567808,420000
4,M0,323,568514,569926,420000
4,M0,324,570006,571418,420000
4,M0,325,572302,573714,420000
4,M0,326,574017,575429,420000
4,M0,327,575825,577237,420000
4,M0,328,577287,578699,420000
4,M0,329,579193,580605,420000
4,M0,330,580585,582013,420000
4,M0,331,582390,583802,420000
4,M0,332,584171,585583,420000
4,M0,333,586180,587592,420000
4,M0,334,588227,589639,420000
4,M0,335,589959,591371,420000
4,M0,336,591450,592862,420000
4,M0,337,593029,594441,420000
4,M0,338,594727,596139,420000
4,M0,339,596470,597882,420000
4,M0,340,598452,599864,420000
4,M0,341,600326,601738,420000
4,M0,342,601737,603149,420000
4,M0,343,603699,605111,420000
4,M0,344,605116,606528,420000
4,M0,345,607267,608679,420000
4,M0,346,608573,610087,420000
4,M0,347,610601,612013,420000
4,M0,348,612616,614028,420000
4,M0,349,613919,615436,420000
4,M0,350,615795,617207,420000
4,M0,351,618072,619484,420000
4,M0,352,619354,620892,420000
4,M0,353,621675,623087,420000
4,M0,354,622988,624495,420000
4,M0,355,625111,626523,420000
4,M0,356,626708,628120,420000
4,M0,357,628639,630051,420000
4,M0,358,629968,631459,420000
4,M0,359,631900,633312,420000
4,M0,360,633441,634853,420000
4,M0,361,635568,636980,420000
4,M0,362,637254,638666,420000
4,M0,363,639117,640529,420000
4,M0,364,640436,641937,420000
4,M0,365,642226,643638,420000
4,M0,366,644039,645451,420000
4,M0,367,645962,647374,420000
4,M0,368,647525,648937,420000
4,M0,369,649661,651073,420000
4,M0,370,651034,652481,420000
4,M0,371,652686,654098,420000
4,M0,372,654324,655736,420000
4,M0,373,656323,657735,420000
4,M0,374,658156,659568,420000
4,M0,375,659834,661246,420000
4,M0,376,661656,663068,420000
4,M0,377,663386,664798,420000
4,M0,378,665258,666670,420000
4,M0,379,667101,668513,420000
4,M0,380,668710,670122,420000
4,M0,381,670668,672080,420000
4,M0,382,672439,673851,420000
4,M0,383,674253,675665,420000
4,M0,384,676070,677482,420000
4,M0,385,677993,679405,420000
4,M0,386,679010,680813,420000
4,M0,387,681511,682923,420000
4,M0,388,682602,684331,420000
4,M0,389,684491,685903,420000
4,M0,390,686021,687433,420000
4,M0,391,688188,689600,420000
4,M0,392,689875,691287,420000
4,M0,393,691966,693378,420000
4,M0,394,693813,695225,420000
4,M0,395,694876,696633,420000
4,M0,396,696996,698408,420000
4,M0,397,698413,699825,420000
4,M0,398,700190,701602,420000
4,M0,399,702001,703413,420000
4,M0,400,703912,705324,420000
4,M0,401,705490,706902,420000
4,M0,402,707359,708771,420000
4,M0,403,709321,710733,420000
4,M0,404,710710,712141,420000
4,M0,405,713004,714416,420000
4,M0,406,714601,716013,420000
4,M0,407,716157,717569,420000
4,M0,408,718371,719783,420000
4,M0,409,720036,721448,420000
4,M0,410,721965,723377,420000
4,M0,411,723759,725171,420000
4,M0,412,724776,726579,420000
4,M0,413,726896,728308,420000
4,M0,414,728947,730359,420000
4,M0,415,730517,731929,420000
4,M0,416,731923,733337,420000
4,M0,417,734274,735686,420000
4,M0,418,735898,737310,420000
4,M0,419,737445,738857,420000
4,M0,420,739048,740460,420000
4,M0,421,741096,742508,420000
4,M0,422,742830,744242,420000
4,M0,423,744406,745818,420000
4,M0,424,746398,747810,420000
4,M0,425,748072,749484,420000
4,M0,426,749716,751128,420000
4,M0,427,751498,752910,420000
4,M0,428,753065,754477,420000
4,M0,429,754649,756061,420000
4,M0,430,756470,757882,420000
4,M0,431,758857,760269,420000
4,M0,432,760019,761677,420000
4,M0,433,762393,763805,420000
4,M0,434,764084,765496,420000
4,M0,435,765998,767410,420000
4,M0,436,766988,768818,420000
4,M0,437,769296,770708,420000
4,M0,438,770892,772304,420000
4,M0,439,772863,774275,420000
4,M0,440,774052,775683,420000
4,M0,441,776421,777833,420000
4,M0,442,777895,779307,420000
4,M0,443,779421,780833,420000
4,M0,444,781463,782875,420000
4,M0,445,783308,784720,420000
4,M0,446,785183,786595,420000
4,M0,447,786773,788185,420000
4,M0,448,788570,789982,420000
4,M0,449,790572,791984,420000
4,M0,450,792160,793572,420000
4,M0,451,793828,795240,420000
4,M0,452,795358,796770,420000
4,M0,453,797472,798884,420000
4,M0,454,798668,800292,420000
4,M0,455,800535,801947,420000
4,M0,456,802622,804034,420000
4,M0,457,804501,805913,420000
4,M0,458,806048,807460,420000
4,M0,459,807448,808868,420000
4,M0,460,809645,811057,420000
4,M0,461,811249,812661,420000
4,M0,462,812914,814326,420000
4,M0,463,814934,816346,420000
4,M0,464,816351,817763,420000
4,M0,465,818559,819971,420000
4,M0,466,820450,821862,420000
4,M0,467,822304,823716,420000
4,M0,468,823922,825334,420000
4,M0,469,825297,826742,420000
4,M0,470,827247,828659,420000
4,M0,471,829039,830451,420000
4,M0,472,831037,832449,420000
4,M0,473,832141,833857,420000
4,M0,474,833995,835407,420000
4,M0,475,836366,837778,420000
4,M0,476,837935,839347,420000
4,M0,477,839851,841263,420000
4,M0,478,840957,842671,420000
4,M0,479,842796,844208,420000
4,M0,480,844807,846219,420000
4,M0,481,846335,847747,420000
4,M0,482,848380,849792,420000
4,M0,483,849835,851247,420000
4,M0,484,852228,853640,420000
4,M0,485,853681,855093,420000
4,M0,486,855066,856501,420000
4,M0,487,857424,858836,420000
4,M0,488,858528,860244,420000
4,M0,489,860366,861778,420000
4,M0,490,862523,863935,420000
4,M0,491,864399,865811,420000
4,M0,492,865576,867219,420000
4,M0,493,867548,868960,420000
4,M0,494,869509,870921,420000
4,M0,495,870848,872329,420000
4,M0,496,872579,873991,420000
4,M0,497,874472,875884,420000
4,M0,498,876414,877826,420000
4,M0,499,878153,879565,420000
4,M0,500,880157,881569,420000
4,M0,501,881778,883190,420000
4,M0,502,883336,884748,420000
4,M0,503,885307,886719,420000
4,M0,504,887037,888449,420000
4,M0,505,888841,890253,420000
4,M0,506,890440,891852,420000
4,M0,507,892539,893951,420000
4,M0,508,894452,895864,420000
4,M0,509,896024,897436,420000
4,M0,510,897427,898844,420000
4,M0,511,899413,900825,420000
4,M0,512,900961,902373,420000
4,M0,513,902507,903919,420000
4,M0,514,904396,905808,420000
4,M0,515,906782,908194,420000
4,M0,516,907812,909602,420000
4,M0,517,909663,911075,420000
4,M0,518,911444,912856,420000
4,M0,519,913249,914661,420000
4,M0,520,914852,916264,420000
4,M0,521,917058,918470,420000
4,M0,522,919038,920450,420000
4,M0,523,920103,921858,420000
4,M0,524,922416,923828,420000
4,M0,525,923847,925259,420000
4,M0,526,925456,926868,420000
4,M0,527,927492,928904,420000
4,M0,528,929609,931021,420000
4,M0,529,931378,932790,420000
4,M0,530,932753,934198,420000
4,M0,531,934375,935787,420000
4,M0,532,936638,938050,420000
4,M0,533,938285,939697,420000
4,M0,534,940035,941447,420000
4,M0,535,941301,942855,420000
4,M0,536,943155,944567,420000
4,M0,537,944865,946277,420000
4,M0,538,946696,948108,420000
4,M0,539,948533,949945,420000
4,M0,540,950347,951759,420000
4,M0,541,951882,953294,420000
4,M0,542,954310,955722,420000
4,M0,543,955654,957130,420000
4,M0,544,957068,958538,420000
4,M0,545,958898,960310,420000
4,M0,546,961206,962618,420000
4,M0,547,962966,964378,420000
4,M0,548,964576,965988,420000
4,M0,549,965906,967396,420000
4,M0,550,968000,969412,420000
4,M0,551,969712,971124,420000
4,M0,552,971571,972983,420000
4,M0,553,973461,974873,420000
4,M0,554,975334,976746,420000
4,M0,555,977163,978575,420000
4,M0,556,978879,980291,420000
4,M0,557,980589,982001,420000
4,M0,558,981769,983409,420000
4,M0,559,983849,985261,420000
4,M0,560,985802,987214,420000
4,M0,561,986986,988622,420000
4,M0,562,989316,990728,420000
4,M0,563,990951,992363,420000
4,M0,564,992740,994152,420000
4,M0,565,994067,995560,420000
4,M0,566,996532,997944,420000
4,M0,567,998074,999486,420000
4,M0,568,999491,1000903,420000
4,M0,569,1001307,1002719,420000
4,M0,570,1003511,1004923,420000
4,M0,571,1004778,1006331,420000
4,M0,572,1007097,1008509,420000
4,M0,573,1008084,1009917,420000
4,M0,574,1010484,1011896,420000
4,M0,575,1012063,1013475,420000
4,M0,576,1014099,1015511,420000
4,M0,577,1015508,1016920,420000
4,M0,578,1017343,1018755,420000
4,M0,579,1019074,1020486,420000
4,M0,580,1020969,1022381,420000
4,M0,581,1022343,1023789,420000
4,M0,582,1024404,1025816,420000
4,M0,583,1026458,1027870,420000
4,M0,584,1027898,1029310,420000
4,M0,585,1029817,1031229,420000
4,M0,586,1031674,1033086,420000
4,M0,587,1033407,1034819,420000
4,M0,588,1035280,1036692,420000
4,M0,589,1036878,1038290,420000
4,M0,590,1038249,1039698,420000
4,M0,591,1040387,1041799,420000
4,M0,592,1041600,1043207,420000
4,M0,593,1043837,1045249,420000
4,M0,594,1045802,1047214,420000
4,M0,595,1047101,1048622,420000
4,M0,596,1049011,1050423,420000
4,M0,597,1050709,1052121,420000
4,M0,598,1052141,1053553,420000
4,M0,599,1054591,1056003,420000
4,M0,600,1055638,1057411,420000
4,M0,601,1058127,1059539,420000
4,M0,602,1059653,1061065,420000
4,M0,603,1061357,1062769,420000
4,M0,604,1062768,1064180,420000
4,M0,605,1065164,1066576,420000
4,M0,606,1066874,1068286,420000
4,M0,607,1068606,1070018,420000
4,M0,608,1069911,1071426,420000
4,M0,609,1071754,1073166,420000
4,M0,610,1073721,1075133,420000
4,M0,611,1075737,1077149,420000
4,M0,612,1077378,1078790,420000
4,M0,613,1079118,1080530,420000
4,M0,614,1080565,1081977,420000
4,M0,615,1082420,1083832,420000
4,M0,616,1083828,1085240,420000
4,M0,617,1085739,1087151,420000
4,M0,618,1087801,1089213,420000
4,M0,619,1089581,1090993,420000
4,M0,620,1091500,1092912,420000
4,M0,621,1092657,1094320,420000
4,M0,622,1094651,1096063,420000
4,M0,623,1096103,1097515,420000
4,M0,624,1098622,1100034,420000
4,M0,625,1100045,1101457,420000
4,M0,626,1101576,1102988,420000
4,M0,627,1103900,1105312,420000
4,M0,628,1105233,1106720,420000
4,M0,629,1106910,1108322,420000
4,M0,630,1108806,1110218,420000
4,M0,631,1110290,1111702,420000
4,M0,632,1112575,1113987,420000
4,M0,633,1114410,1115822,420000
4,M0,634,1115993,1117405,420000
4,M0,635,1117542,1118954,420000
4,M0,636,1119652,1121064,420000
4,M0,637,1120774,1122472,420000
4,M0,638,1122769,1124181,420000
4,M0,639,1124342,1125754,420000
4,M0,640,1126226,1127638,420000
4,M0,641,1128222,1129634,420000
4,M0,642,1130255,1131667,420000
4,M0,643,1131646,1133075,420000
4,M0,644,1133234,1134646,420000
4,M0,645,1135327,1136739,420000
4,M0,646,1137320,1138732,420000
4,M0,647,1138420,1140140,420000
4,M0,648,1140401,1141813,420000
4,M0,649,1141858,1143270,420000
4,M0,650,1143876,1145288,420000
4,M0,651,1145514,1146926,420000
4,M0,652,1147536,1148948,420000
4,M0,653,1149295,1150707,420000
4,M0,654,1150640,1152115,420000
4,M0,655,1152504,1153916,420000
4,M0,656,1154635,1156047,420000
4,M0,657,1155976,1157455,420000
4,M0,658,1157820,1159232,420000
4,M0,659,1160100,1161512,420000
4,M0,660,1161724,1163136,420000
4,M0,661,1163082,1164544,420000
4,M0,662,1165126,1166538,420000
4,M0,663,1167202,1168614,420000
4,M0,664,1168564,1170022,420000
4,M0,665,1170571,1171983,420000
4,M0,666,1172304,1173716,420000
4,M0,667,1173651,1175124,420000
4,M0,668,1175310,1176722,420000
4,M0,669,1177690,1179102,420000
4,M0,670,1179406,1180818,420000
4,M0,671,1181014,1182426,420000
4,M0,672,1182828,1184240,420000
4,M0,673,1184268,1185680,420000
4,M0,674,1186226,1187638,420000
4,M0,675,1187895,1189307,420000
4,M0,676,1189401,1190813,420000
4,M0,677,1191364,1192776,420000
4,M0,678,1193282,1194694,420000
4,M0,679,1194739,1196151,420000
4,M0,680,1196774,1198186,420000
4,M0,681,1198183,1199595,420000
4,M0,682,1200349,1201761,420000
4,M0,683,1201889,1203301,420000
4,M0,684,1203695,1205107,420000
4,M0,685,1205748,1207160,420000
4,M0,686,1207608,1209020,420000
4,M0,687,1208872,1210428,420000
4,M0,688,1211144,1212556,420000
4,M0,689,1212980,1214392,420000
4,M0,690,1214504,1215916,420000
4,M0,691,1216157,1217569,420000
4,M0,692,1217691,1219103,420000
4,M0,693,1219611,1221023,420000
4,M0,694,1221559,1222971,420000
4,M0,695,1223580,1224992,420000
4,M0,696,1224973,1226400,420000
4,M0,697,1227099,1228511,420000
4,M0,698,1228163,1229919,420000
4,M0,699,1230121,1231533,420000
4,M0,700,1232312,1233724,420000
4,M0,701,1233776,1235188,420000
4,M0,702,1235451,1236863,420000
4,M0,703,1237383,1238795,420000
4,M0,704,1239289,1240701,420000
4,M0,705,1240631,1242109,420000
4,M0,706,1242853,1244265,420000
4,M0,707,1244565,1245977,420000
4,M0,708,1246099,1247511,420000
4,M0,709,1247666,1249078,420000
4,M0,710,1249825,1251237,420000
4,M0,711,1251728,1253140,420000
4,M0,712,1253052,1254548,420000
4,M0,713,1255250,1256662,420000
4,M0,714,1256317,1258070,420000
4,M0,715,1258520,1259932,420000
4,M0,716,1259935,1261347,420000
4,M0,717,1262152,1263564,420000
4,M0,718,1263658,1265070,420000
4,M0,719,1265687,1267099,420000
4,M0,720,1267420,1268832,420000
4,M0,721,1269245,1270657,420000
4,M0,722,1270682,1272094,420000
4,M0,723,1272115,1273527,420000
4,M0,724,1274322,1275734,420000
4,M0,725,1275870,1277282,420000
4,M0,726,1277608,1279020,420000
4,M0,727,1279833,1281245,420000
4,M0,728,1281627,1283039,420000
4,M0,729,1282831,1284447,420000
4,M0,730,1284724,1286136,420000
4,M0,731,1286866,1288278,420000
4,M0,732,1288156,1289686,420000
4,M0,733,1290361,1291773,420000
4,M0,734,1291791,1293203,420000
4,M0,735,1293841,1295253,420000
4,M0,736,1295302,1296714,420000
4,M0,737,1297465,1298877,420000
4,M0,738,1298681,1300285,420000
4,M0,739,1300894,1302306,420000
4,M0,740,1302404,1303816,420000
4,M0,741,1304557,1305969,420000
4,M0,742,1306297,1307709,420000
4,M0,743,1307598,1309117,420000
4,M0,744,1309052,1310525,420000
4,M0,745,1311060,1312472,420000
4,M0,746,1312680,1314092,420000
4,M0,747,1315033,1316445,420000
4,M0,748,1316376,1317853,420000
4,M0,749,1317913,1319325,420000
4,M0,750,1320075,1321487,420000
4,M0,751,1321738,1323150,420000
4,M0,752,1323302,1324714,420000
4,M0,753,1325010,1326422,420000
4,M0,754,1326655,1328067,420000
4,M0,755,1328577,1329989,420000
4,M0,756,1330190,1331602,420000
4,M0,757,1332297,1333709,420000
4,M0,758,1334365,1335777,420000
4,M0,759,1335942,1337354,420000
4,M0,760,1337263,1338762,420000
4,M0,761,1339189,1340601,420000
4,M0,762,1340877,1342289,420000
4,M0,763,1342573,1343985,420000
4,M0,764,1344963,1346375,420000
4,M0,765,1346567,1347979,420000
4,M0,766,1347869,1349387,420000
4,M0,767,1349912,1351324,420000
4,M0,768,1351955,1353367,420000
4,M0,769,1353617,1355029,420000
4,M0,770,1355428,1356840,420000
4,M0,771,1357247,1358659,420000
4,M0,772,1358889,1360301,420000
4,M0,773,1360673,1362085,420000
4,M0,774,1361962,1363493,420000
4,M0,775,1364169,1365581,420000
4,M0,776,1365915,1367327,420000
4,M0,777,1367409,1368821,420000
4,M0,778,1369271,1370683,420000
4,M0,779,1370716,1372128,420000
4,M0,780,1373059,1374471,420000
4,M0,781,1374432,1375879,420000
4,M0,782,1376469,1377881,420000
4,M0,783,1378099,1379511,420000
4,M0,784,1379618,1381030,420000
4,M0,785,1381753,1383165,420000
4,M0,786,1383172,1384584,420000
4,M0,787,1384765,1386177,420000
4,M0,788,1386690,1388102,420000
4,M0,789,1388661,1390073,420000
4,M0,790,1390699,1392111,420000
4,M0,791,1392456,1393868,420000
4,M0,792,1394236,1395648,420000
4,M0,793,1395663,1397075,420000
4,M0,794,1397345,1398757,420000
4,M0,795,1399415,1400827,420000
4,M0,796,1400610,1402235,420000
4,M0,797,1402814,1404226,420000
4,M0,798,1404585,1405997,420000
4,M0,799,1406576,1407988,420000
4,M0,800,1407723,1409396,420000
4,M0,801,1410109,1411521,420000
4,M0,802,1411151,1412929,420000
4,M0,803,1412915,1414337,420000
4,M0,804,1415103,1416515,420000
4,M0,805,1417106,1418518,420000
4,M0,806,1418199,1419926,420000
4,M0,807,1420155,1421567,420000
4,M0,808,1422281,1423693,420000
4,M0,809,1423724,1425136,420000
4,M0,810,1425485,1426897,420000
4,M0,811,1427525,1428937,420000
4,M0,812,1428928,1430345,420000
4,M0,813,1430531,1431943,420000
4,M0,814,1432769,1434181,420000
4,M0,815,1434118,1435589,420000
4,M0,816,1436381,1437793,420000
4,M0,817,1438080,1439492,420000
4,M0,818,1439374,1440900,420000
4,M0,819,1441555,1442967,420000
4,M0,820,1443075,1444487,420000
4,M0,821,1444795,1446207,420000
4,M0,822,1446400,1447812,420000
4,M0,823,1448125,1449537,420000
4,M0,824,1450344,1451756,420000
4,M0,825,1452244,1453656,420000
4,M0,826,1453373,1455064,420000
4,M0,827,1455772,1457184,420000
4,M0,828,1457101,1458592,420000
4,M0,829,1458923,1460335,420000
4,M0,830,1460504,1461916,420000
4,M0,831,1462711,1464123,420000
4,M0,832,1464513,1465925,420000
4,M0,833,1466388,1467800,420000
4,M0,834,1468077,1469489,420000
4,M0,835,1469843,1471255,420000
4,M0,836,1471119,1472663,420000
4,M0,837,1473278,1474690,420000
4,M0,838,1474911,1476323,420000
4,M0,839,1476810,1478222,420000
4,M0,840,1478491,1479903,420000
4,M0,841,1480467,1481879,420000
4,M0,842,1482183,1483595,420000
4,M0,843,1483388,1485003,420000
4,M0,844,1485798,1487210,420000
4,M0,845,1487193,1488618,420000
4,M0,846,1489202,1490614,420000
4,M0,847,1490768,1492180,420000
4,M0,848,1492615,1494027,420000
4,M0,849,1494245,1495657,420000
4,M0,850,1495782,1497194,420000
4,M0,851,1497942,1499354,420000
4,M0,852,1499894,1501306,420000
4,M0,853,1501354,1502766,420000
4,M0,854,1503154,1504566,420000
4,M0,855,1504508,1505974,420000
4,M0,856,1506849,1508261,420000
4,M0,857,1508238,1509669,420000
4,M0,858,1510360,1511772,420000
4,M0,859,1511590,1513180,420000
4,M0,860,1513630,1515042,420000
4,M0,861,1515421,1516833,420000
4,M0,862,1517456,1518868,420000
4,M0,863,1518520,1520276,420000
4,M0,864,1520676,1522088,420000
4,M0,865,1522302,1523714,420000
4,M0,866,1524250,1525662,420000
4,M0,867,1525632,1527070,420000
4,M0,868,1527491,1528903,420000
4,M0,869,1529412,1530824,420000
4,M0,870,1530968,1532380,420000
4,M0,871,1533298,1534710,420000
4,M0,872,1534678,1536118,420000
4,M0,873,1536620,1538032,420000
4,M0,874,1538385,1539797,420000
4,M0,875,1540316,1541728,420000
4,M0,876,1541902,1543314,420000
4,M0,877,1543844,1545256,420000
4,M0,878,1545409,1546821,420000
4,M0,879,1547331,1548743,420000
4,M0,880,1548552,1550151,420000
4,M0,881,1550361,1551773,420000
4,M0,882,1552434,1553846,420000
4,M0,883,1554209,1555621,420000
4,M0,884,1555551,1557029,420000
4,M0,885,1557486,1558898,420000
4,M0,886,1559048,1560460,420000
4,M0,887,1560828,1562240,420000
4,M0,888,1562715,1564127,420000
4,M0,889,1564902,1566314,420000
4,M0,890,1566407,1567819,420000
4,M0,891,1568283,1569695,420000
4,M0,892,1569579,1571103,420000
4,M0,893,1571382,1572794,420000
4,M0,894,1573303,1574715,420000
4,M0,895,1574986,1576398,420000
4,M0,896,1576669,1578081,420000
4,M0,897,1578763,1580175,420000
4,M0,898,1580794,1582206,420000
4,M0,899,1582113,1583614,420000
4,M0,900,1584207,1585619,420000
4,M0,901,1585952,1587364,420000
4,M0,902,1587159,1588772,420000
4,M0,903,1589560,1590972,420000
4,M0,904,1591265,1592677,420000
4,M0,905,1593089,1594501,420000
4,M0,906,1594802,1596214,420000
4,M0,907,1596444,1597856,420000
4,M0,908,1597970,1599382,420000
4,M0,909,1599770,1601182,420000
4,M0,910,1601614,1603026,420000
4,M0,911,1603653,1605065,420000
4,M0,912,1605000,1606473,420000
4,M0,913,1606880,1608292,420000
4,M0,914,1608387,1609799,420000
4,M0,915,1610412,1611824,420000
4,M0,916,1612452,1613864,420000
4,M0,917,1613726,1615272,420000
4,M0,918,1615341,1616753,420000
4,M0,919,1617459,1618871,420000
4,M0,920,1618812,1620279,420000
4,M0,921,1621323,1622735,420000
4,M0,922,1622499,1624143,420000
4,M0,923,1624220,1625632,420000
4,M0,924,1625934,1627346,420000
4,M0,925,1627704,1629116,420000
4,M0,926,1629638,1631050,420000
4,M0,927,1631876,1633288,420000
4,M0,928,1633425,1634837,420000
4,M0,929,1634675,1636245,420000
4,M0,930,1637183,1638595,420000
4,M0,931,1638445,1640003,420000
4,M0,932,1640403,1641815,420000
4,M0,933,1642137,1643549,420000
4,M0,934,1643677,1645089,420000
4,M0,935,1645898,1647310,420000
4,M0,936,1647380,1648792,420000
4,M0,937,1649477,1650889,420000
4,M0,938,1650862,1652297,420000
4,M0,939,1652772,1654184,420000
4,M0,940,1654723,1656135,420000
4,M0,941,1656456,1657868,420000
4,M0,942,1658303,1659715,420000
4,M0,943,1659461,1661123,420000
4,M0,944,1661373,1662785,420000
4,M0,945,1663112,1664524,420000
4,M0,946,1664789,1666201,420000
4,M0,947,1666334,1667746,420000
4,M0,948,1668409,1669821,420000
4,M0,949,1670187,1671599,420000
4,M0,950,1671948,1673360,420000
4,M0,951,1673878,1675290,420000
4,M0,952,1675733,1677145,420000
4,M0,953,1676891,1678553,420000
4,M0,954,1679218,1680630,420000
4,M0,955,1680718,1682130,420000
4,M0,956,1682377,1683789,420000
4,M0,957,1684340,1685752,420000
4,M0,958,1686337,1687749,420000
4,M0,959,1688189,1689601,420000
4,M0,960,1689584,1691009,420000
4,M0,961,1691421,1692833,420000
4,M0,962,1692993,1694405,420000
4,M0,963,1694511,1695923,420000
4,M0,964,1697018,1698430,420000
4,M0,965,1698272,1699838,420000
4,M0,966,1700234,1701646,420000
4,M0,967,1702148,1703560,420000
4,M0,968,1703886,1705298,420000
4,M0,969,1705436,1706848,420000
4,M0,970,1706878,1708290,420000
4,M0,971,1708743,1710155,420000
4,M0,972,1711105,1712517,420000
4,M0,973,1712825,1714237,420000
4,M0,974,1714388,1715800,420000
4,M0,975,1715879,1717291,420000
4,M0,976,1718042,1719454,420000
4,M0,977,1719861,1721273,420000
4,M0,978,1721625,1723037,420000
4,M0,979,1722840,1724445,420000
4,M0,980,1724687,1726099,420000
4,M0,981,1726450,1727862,420000
4,M0,982,1728037,1729449,420000
4,M0,983,1730366,1731778,420000
4,M0,984,1731948,1733360,420000
4,M0,985,1733790,1735202,420000
4,M0,986,1735165,1736610,420000
4,M0,987,1737219,1738631,420000
4,M0,988,1738970,1740382,420000
4,M0,989,1740329,1741790,420000
4,M0,990,1742379,1743791,420000
4,M0,991,1744077,1745489,420000
4,M0,992,1746031,1747443,420000
4,M0,993,1747991,1749403,420000
4,M0,994,1749512,1750924,420000
4,M0,995,1750832,1752332,420000
4,M0,996,1753322,1754734,420000
4,M0,997,1754496,1756142,420000
4,M0,998,1756096,1757550,420000
4,M0,999,1758255,1759667,420000
4,M1,0,0,1420,13500
4,M1,1,1535,2955,13500
4,M1,2,3133,4553,13500
4,M1,3,5024,6444,13500
4,M1,4,7000,8420,13500
4,M1,5,8929,10349,13500
4,M1,6,10929,12349,13500
4,M1,7,12025,13757,1500
4,M1,8,14189,15609,13500
4,M1,9,15700,17120,13500
4,M1,10,17255,18675,13500
4,M1,11,19325,20745,13500
4,M1,12,21383,22803,13500
4,M1,13,22643,24211,1500
4,M1,14,24664,26084,13500
4,M1,15,26290,27710,13500
4,M1,16,28172,29592,13500
4,M1,17,30273,31693,13500
4,M1,18,31741,33161,13500
4,M1,19,33119,34569,1500
4,M1,20,35434,36854,13500
4,M1,21,36742,38262,1500
4,M1,22,39055,40475,13500
4,M1,23,40282,41883,1500
4,M1,24,42256,43676,13500
4,M1,25,43838,45258,13500
4,M1,26,45739,47159,13500
4,M1,27,47241,48661,13500
4,M1,28,49243,50663,13500
4,M1,29,50642,52071,1500
4,M1,30,53111,54531,13500
4,M1,31,54413,55939,1500
4,M1,32,56440,57860,13500
4,M1,33,58107,59527,13500
4,M1,34,60057,61477,13500
4,M1,35,61892,63312,13500
4,M1,36,63417,64837,13500
4,M1,37,65344,66764,13500
4,M1,38,67204,68624,13500
4,M1,39,68805,70225,13500
4,M1,40,70735,72155,13500
4,M1,41,72435,73855,13500
4,M1,42,73542,75263,1500
4,M1,43,75661,77081,13500
4,M1,44,77147,78567,13500
4,M1,45,78879,80299,13500
4,M1,46,80698,82118,13500
4,M1,47,82528,83948,13500
4,M1,48,84399,85819,13500
4,M1,49,85852,87272,13500
4,M1,50,87871,89291,13500
4,M1,51,89979,91399,13500
4,M1,52,91899,93319,13500
4,M1,53,93134,94727,1500
4,M1,54,94731,96151,13500
4,M1,55,96519,97939,13500
4,M1,56,98903,100323,13500
4,M1,57,100175,101731,1500
4,M1,58,101736,103156,13500
4,M1,59,103876,105296,13500
4,M1,60,105829,107249,13500
4,M1,61,107290,108710,13500
4,M1,62,109077,110497,13500
4,M1,63,110853,112273,13500
4,M1,64,112986,114406,13500
4,M1,65,114613,116033,13500
4,M1,66,116518,117938,13500
4,M1,67,118243,119663,13500
4,M1,68,119535,121071,1500
4,M1,69,121128,122548,13500
4,M1,70,123504,124924,13500
4,M1,71,124707,126332,1500
4,M1,72,126580,128000,13500
4,M1,73,128359,129779,13500
4,M1,74,129909,131329,13500
4,M1,75,131692,133112,13500
4,M1,76,133423,134843,13500
4,M1,77,135145,136565,13500
4,M1,78,137622,139042,13500
4,M1,79,139211,140631,13500
4,M1,80,141026,142446,13500
4,M1,81,142322,143854,1500
4,M1,82,144717,146137,13500
4,M1,83,145975,147545,1500
4,M1,84,147497,148953,1500
4,M1,85,149437,150857,13500
4,M1,86,151501,152921,13500
4,M1,87,153146,154566,13500
4,M1,88,154841,156261,13500
4,M1,89,156888,158308,13500
4,M1,90,158749,160169,13500
4,M1,91,160302,161722,13500
4,M1,92,161779,163199,13500
4,M1,93,163668,165088,13500
4,M1,94,165196,166616,13500
4,M1,95,166806,168226,13500
4,M1,96,168626,170046,13500
4,M1,97,171067,172487,13500
4,M1,98,172106,173895,1500
4,M1,99,174276,175696,13500
4,M1,100,176372,177792,13500
4,M1,101,177619,179200,1500
4,M1,102,179219,180639,13500
4,M1,103,180933,182353,13500
4,M1,104,182670,184090,13500
4,M1,105,184593,186013,13500
4,M1,106,186668,188088,13500
4,M1,107,188068,189496,1500
4,M1,108,190475,191895,13500
4,M1,109,191849,193303,1500
4,M1,110,193561,194981,13500
4,M1,111,195616,197036,13500
4,M1,112,197243,198663,13500
4,M1,113,199024,200444,13500
4,M1,114,200285,201852,1500
4,M1,115,202012,203432,13500
4,M1,116,204538,205958,13500
4,M1,117,205528,207366,1500
4,M1,118,207850,209270,13500
4,M1,119,209173,210678,1500
4,M1,120,211196,212616,13500
4,M1,121,213083,214503,13500
4,M1,122,214605,216025,13500
4,M1,123,216764,218184,13500
4,M1,124,217850,219592,1500
4,M1,125,220146,221566,13500
4,M1,126,222048,223468,13500
4,M1,127,223900,225320,13500
4,M1,128,225429,226849,13500
4,M1,129,227156,228576,13500
4,M1,130,228572,229992,13500
4,M1,131,230712,232132,13500
4,M1,132,231961,233540,1500
4,M1,133,234139,235559,13500
4,M1,134,236201,237621,13500
4,M1,135,237284,239029,1500
4,M1,136,238970,240437,1500
4,M1,137,240873,242293,13500
4,M1,138,243216,244636,13500
4,M1,139,244397,246044,1500
4,M1,140,246619,248039,13500
4,M1,141,248098,249518,13500
4,M1,142,250243,251663,13500
4,M1,143,251874,253294,13500
4,M1,144,253605,255025,13500
4,M1,145,255504,256924,13500
4,M1,146,256948,258368,13500
4,M1,147,258568,259988,13500
4,M1,148,260154,261574,13500
4,M1,149,262532,263952,13500
4,M1,150,264200,265620,13500
4,M1,151,266123,267543,13500
4,M1,152,267750,269170,13500
4,M1,153,269127,270578,1500
4,M1,154,270776,272196,13500
4,M1,155,272631,274051,13500
4,M1,156,274643,276063,13500
4,M1,157,276386,277806,13500
4,M1,158,277820,279240,13500
4,M1,159,280079,281499,13500
4,M1,160,281560,282980,13500
4,M1,161,283411,284831,13500
4,M1,162,285251,286671,13500
4,M1,163,287202,288622,13500
4,M1,164,288332,290030,1500
4,M1,165,290249,291669,13500
4,M1,166,292197,293617,13500
4,M1,167,294085,295505,13500
4,M1,168,295297,296913,1500
4,M1,169,297661,299081,13500
4,M1,170,299120,300540,13500
4,M1,171,300667,302087,13500
4,M1,172,302373,303793,13500
4,M1,173,304301,305721,13500
4,M1,174,305913,307333,13500
4,M1,175,307780,309200,13500
4,M1,176,309635,311055,13500
4,M1,177,311626,313046,13500
4,M1,178,313595,315015,13500
4,M1,179,314721,316423,1500
4,M1,180,316627,318047,13500
4,M1,181,318895,320315,13500
4,M1,182,320122,321723,1500
4,M1,183,322156,323576,13500
4,M1,184,323857,325277,13500
4,M1,185,325534,326954,13500
4,M1,186,327569,328989,13500
4,M1,187,328986,330406,13500
4,M1,188,330512,331932,13500
4,M1,189,332569,333989,13500
4,M1,190,334526,335946,13500
4,M1,191,336082,337502,13500
4,M1,192,337731,339151,13500
4,M1,193,339563,340983,13500
4,M1,194,341381,342801,13500
4,M1,195,342826,344246,13500
4,M1,196,345141,346561,13500
4,M1,197,346647,348067,13500
4,M1,198,348839,350259,13500
4,M1,199,350209,351667,1500
4,M1,200,352390,353810,13500
4,M1,201,353574,355218,1500
4,M1,202,355282,356702,13500
4,M1,203,357381,358801,13500
4,M1,204,359180,360600,13500
4,M1,205,360599,362019,13500
4,M1,206,362714,364134,13500
4,M1,207,364222,365642,13500
4,M1,208,365694,367114,13500
4,M1,209,367475,368895,13500
4,M1,210,369293,370713,13500
4,M1,211,371456,372876,13500
4,M1,212,373280,374700,13500
4,M1,213,374800,376220,13500
4,M1,214,376899,378319,13500
4,M1,215,378319,379739,13500
4,M1,216,380532,381952,13500
4,M1,217,382101,383521,13500
4,M1,218,383922,385342,13500
4,M1,219,385158,386750,1500
4,M1,220,387301,388721,13500
4,M1,221,389171,390591,13500
4,M1,222,390824,392244,13500
4,M1,223,392272,393692,13500
4,M1,224,394266,395686,13500
4,M1,225,396010,397430,13500
4,M1,226,397662,399082,13500
4,M1,227,399272,400692,13500
4,M1,228,401046,402466,13500
4,M1,229,403338,404758,13500
4,M1,230,405106,406526,13500
4,M1,231,406896,408316,13500
4,M1,232,408292,409724,1500
4,M1,233,409986,411406,13500
4,M1,234,412161,413581,13500
4,M1,235,413841,415261,13500
4,M1,236,415016,416669,1500
4,M1,237,417200,418620,13500
4,M1,238,419270,420690,13500
4,M1,239,420831,422251,13500
4,M1,240,422756,424176,13500
4,M1,241,424402,425822,13500
4,M1,242,426018,427438,13500
4,M1,243,427280,428846,1500
4,M1,244,429167,430587,13500
4,M1,245,431056,432476,13500
4,M1,246,432750,434170,13500
4,M1,247,434341,435761,13500
4,M1,248,436116,437536,13500
4,M1,249,438063,439483,13500
4,M1,250,440387,441807,13500
4,M1,251,441891,443311,13500
4,M1,252,443166,444719,1500
4,M1,253,445196,446616,13500
4,M1,254,447285,448705,13500
4,M1,255,448815,450235,13500
4,M1,256,450913,452333,13500
4,M1,257,452123,453741,1500
4,M1,258,453744,455164,13500
4,M1,259,455616,457036,13500
4,M1,260,457735,459155,13500
4,M1,261,459129,460563,1500
4,M1,262,460915,462335,13500
4,M1,263,462607,464027,13500
4,M1,264,464364,465784,13500
4,M1,265,466487,467907,13500
4,M1,266,468201,469621,13500
4,M1,267,469936,471356,13500
4,M1,268,471782,473202,13500
4,M1,269,473231,474651,13500
4,M1,270,475212,476632,13500
4,M1,271,477204,478624,13500
4,M1,272,478750,480170,13500
4,M1,273,480296,481716,13500
4,M1,274,482384,483804,13500
4,M1,275,484283,485703,13500
4,M1,276,485678,487111,1500
4,M1,277,487443,488863,13500
4,M1,278,489397,490817,13500
4,M1,279,490997,492417,13500
4,M1,280,492481,493901,13500
4,M1,281,494354,495774,13500
4,M1,282,496290,497710,13500
4,M1,283,497869,499289,13500
4,M1,284,499530,500950,13500
4,M1,285,501587,503007,13500
4,M1,286,503430,504850,13500
4,M1,287,505419,506839,13500
4,M1,288,506775,508247,1500
4,M1,289,508479,509899,13500
4,M1,290,510708,512128,13500
4,M1,291,512023,513536,1500
4,M1,292,513932,515352,13500
4,M1,293,515596,517016,13500
4,M1,294,517246,518666,13500
4,M1,295,519117,520537,13500
4,M1,296,520648,522068,13500
4,M1,297,522814,524234,13500
4,M1,298,524440,525860,13500
4,M1,299,526296,527716,13500
4,M1,300,527712,529132,13500
4,M1,301,530064,531484,13500
4,M1,302,531351,532892,1500
4,M1,303,533085,534505,13500
4,M1,304,535426,536846,13500
4,M1,305,536839,538259,9000
4,M1,306,538315,539735,13500
4,M1,307,539951,541371,13500
4,M1,308,542026,543446,13500
4,M1,309,543834,545254,13500
4,M1,310,545816,547236,13500
4,M1,311,547121,548644,1500
4,M1,312,548962,550382,13500
4,M1,313,550594,552014,13500
4,M1,314,552310,553730,13500
4,M1,315,554051,555471,13500
4,M1,316,556294,557714,13500
4,M1,317,557775,559195,13500
4,M1,318,559925,561345,13500
4,M1,319,561305,562753,1500
4,M1,320,562846,564266,13500
4,M1,321,564710,566130,13500
4,M1,322,566396,567816,13500
4,M1,323,568514,569934,13500
4,M1,324,570006,571426,13500
4,M1,325,572302,573722,13500
4,M1,326,574017,575437,13500
4,M1,327,575825,577245,13500
4,M1,328,577287,578707,13500
4,M1,329,579193,580613,13500
4,M1,330,580585,582021,1500
4,M1,331,582390,583810,13500
4,M1,332,584171,585591,13500
4,M1,333,586180,587600,13500
4,M1,334,588227,589647,13500
4,M1,335,589959,591379,13500
4,M1,336,591450,592870,13500
4,M1,337,593029,594449,13500
4,M1,338,594727,596147,13500
4,M1,339,596470,597890,13500
4,M1,340,598452,599872,13500
4,M1,341,600326,601746,13500
4,M1,342,601737,603157,6000
4,M1,343,603699,605119,13500
4,M1,344,605116,606536,13500
4,M1,345,607267,608687,13500
4,M1,346,608573,610095,1500
4,M1,347,610601,612021,13500
4,M1,348,612616,614036,13500
4,M1,349,613919,615444,1500
4,M1,350,615795,617215,13500
4,M1,351,618072,619492,13500
4,M1,352,619354,620900,1500
4,M1,353,621675,623095,13500
4,M1,354,622988,624503,1500
4,M1,355,625111,626531,13500
4,M1,356,626708,628128,13500
4,M1,357,628639,630059,13500
4,M1,358,629968,631467,1500
4,M1,359,631900,633320,13500
4,M1,360,633441,634861,13500
4,M1,361,635568,636988,13500
4,M1,362,637254,638674,13500
4,M1,363,639117,640537,13500
4,M1,364,640436,641945,1500
4,M1,365,642226,643646,13500
4,M1,366,644039,645459,13500
4,M1,367,645962,647382,13500
4,M1,368,647525,648945,13500
4,M1,369,649661,651081,13500
4,M1,370,651034,652489,1500
4,M1,371,652686,654106,13500
4,M1,372,654324,655744,13500
4,M1,373,656323,657743,13500
4,M1,374,658156,659576,13500
4,M1,375,659834,661254,13500
4,M1,376,661656,663076,13500
4,M1,377,663386,664806,13500
4,M1,378,665258,666678,13500
4,M1,379,667101,668521,13500
4,M1,380,668710,670130,13500
4,M1,381,670668,672088,13500
4,M1,382,672439,673859,13500
4,M1,383,674253,675673,13500
4,M1,384,676070,677490,13500
4,M1,385,677993,679413,13500
4,M1,386,679010,680821,1500
4,M1,387,681511,682931,13500
4,M1,388,682602,684339,1500
4,M1,389,684491,685911,13500
4,M1,390,686021,687441,13500
4,M1,391,688188,689608,13500
4,M1,392,689875,691295,13500
4,M1,393,691966,693386,13500
4,M1,394,693813,695233,13500
4,M1,395,694876,696641,1500
4,M1,396,696996,698416,13500
4,M1,397,698413,699833,13500
4,M1,398,700190,701610,13500
4,M1,399,702001,703421,13500
4,M1,400,703912,705332,13500
4,M1,401,705490,706910,13500
4,M1,402,707359,708779,13500
4,M1,403,709321,710741,13500
4,M1,404,710710,712149,1500
4,M1,405,713004,714424,13500
4,M1,406,714601,716021,13500
4,M1,407,716157,717577,13500
4,M1,408,718371,719791,13500
4,M1,409,720036,721456,13500
4,M1,410,721965,723385,13500
4,M1,411,723759,725179,13500
4,M1,412,724776,726587,1500
4,M1,413,726896,728316,13500
4,M1,414,728947,730367,13500
4,M1,415,730517,731937,13500
4,M1,416,731923,733345,1500
4,M1,417,734274,735694,13500
4,M1,418,735898,737318,13500
4,M1,419,737445,738865,13500
4,M1,420,739048,740468,13500
4,M1,421,741096,742516,13500
4,M1,422,742830,744250,13500
4,M1,423,744406,745826,13500
4,M1,424,746398,747818,13500
4,M1,425,748072,749492,13500
4,M1,426,749716,751136,13500
4,M1,427,751498,752918,13500
4,M1,428,753065,754485,13500
4,M1,429,754649,756069,13500
4,M1,430,756470,757890,13500
4,M1,431,758857,760277,13500
4,M1,432,760019,761685,1500
4,M1,433,762393,763813,13500
4,M1,434,764084,765504,13500
4,M1,435,765998,767418,13500
4,M1,436,766988,768826,1500
4,M1,437,769296,770716,13500
4,M1,438,770892,772312,13500
4,M1,439,772863,774283,13500
4,M1,440,774052,775691,1500
4,M1,441,776421,777841,13500
4,M1,442,777895,779315,13500
4,M1,443,779421,780841,13500
4,M1,444,781463,782883,13500
4,M1,445,783308,784728,13500
4,M1,446,785183,786603,13500
4,M1,447,786773,788193,13500
4,M1,448,788570,789990,13500
4,M1,449,790572,791992,13500
4,M1,450,792160,793580,13500
4,M1,451,793828,795248,13500
4,M1,452,795358,796778,13500
4,M1,453,797472,798892,13500
4,M1,454,798668,800300,1500
4,M1,455,800535,801955,13500
4,M1,456,802622,804042,13500
4,M1,457,804501,805921,13500
4,M1,458,806048,807468,13500
4,M1,459,807448,808876,1500
4,M1,460,809645,811065,13500
4,M1,461,811249,812669,13500
4,M1,462,812914,814334,13500
4,M1,463,814934,816354,13500
4,M1,464,816351,817771,13500
4,M1,465,818559,819979,13500
4,M1,466,820450,821870,13500
4,M1,467,822304,823724,13500
4,M1,468,823922,825342,13500
4,M1,469,825297,826750,1500
4,M1,470,827247,828667,13500
4,M1,471,829039,830459,13500
4,M1,472,831037,832457,13500
4,M1,473,832141,833865,1500
4,M1,474,833995,835415,13500
4,M1,475,836366,837786,13500
4,M1,476,837935,839355,13500
4,M1,477,839851,841271,13500
4,M1,478,840957,842679,1500
4,M1,479,842796,844216,13500
4,M1,480,844807,846227,13500
4,M1,481,846335,847755,13500
4,M1,482,848380,849800,13500
4,M1,483,849835,851255,13500
4,M1,484,852228,853648,13500
4,M1,485,853681,855101,13500
4,M1,486,855066,856509,1500
4,M1,487,857424,858844,13500
4,M1,488,858528,860252,1500
4,M1,489,860366,861786,13500
4,M1,490,862523,863943,13500
4,M1,491,864399,865819,13500
4,M1,492,865576,867227,1500
4,M1,493,867548,868968,13500
4,M1,494,869509,870929,13500
4,M1,495,870848,872337,1500
4,M1,496,872579,873999,13500
4,M1,497,874472,875892,13500
4,M1,498,876414,877834,13500
4,M1,499,878153,879573,13500
4,M1,500,880157,881577,13500
4,M1,501,881778,883198,13500
4,M1,502,883336,884756,13500
4,M1,503,885307,886727,13500
4,M1,504,887037,888457,13500
4,M1,505,888841,890261,13500
4,M1,506,890440,891860,13500
4,M1,507,892539,893959,13500
4,M1,508,894452,895872,13500
4,M1,509,896024,897444,13500
4,M1,510,897427,898852,1500
4,M1,511,899413,900833,13500
4,M1,512,900961,902381,13500
4,M1,513,902507,903927,13500
4,M1,514,904396,905816,13500
4,M1,515,906782,908202,13500
4,M1,516,907812,909610,1500
4,M1,517,909663,911083,13500
4,M1,518,911444,912864,13500
4,M1,519,913249,914669,13500
4,M1,520,914852,916272,13500
4,M1,521,917058,918478,13500
4,M1,522,919038,920458,13500
4,M1,523,920103,921866,1500
4,M1,524,922416,923836,13500
4,M1,525,923847,925267,13500
4,M1,526,925456,926876,13500
4,M1,527,927492,928912,13500
4,M1,528,929609,931029,13500
4,M1,529,931378,932798,13500
4,M1,530,932753,934206,1500
4,M1,531,934375,935795,13500
4,M1,532,936638,938058,13500
4,M1,533,938285,939705,13500
4,M1,534,940035,941455,13500
4,M1,535,941301,942863,1500
4,M1,536,943155,944575,13500
4,M1,537,944865,946285,13500
4,M1,538,946696,948116,13500
4,M1,539,948533,949953,13500
4,M1,540,950347,951767,13500
4,M1,541,951882,953302,13500
4,M1,542,954310,955730,13500
4,M1,543,955654,957138,1500
4,M1,544,957068,958546,1500
4,M1,545,958898,960318,13500
4,M1,546,961206,962626,13500
4,M1,547,962966,964386,13500
4,M1,548,964576,965996,13500
4,M1,549,965906,967404,1500
4,M1,550,968000,969420,13500
4,M1,551,969712,971132,13500
4,M1,552,971571,972991,13500
4,M1,553,973461,974881,13500
4,M1,554,975334,976754,13500
4,M1,555,977163,978583,13500
4,M1,556,978879,980299,13500
4,M1,557,980589,982009,13500
4,M1,558,981769,983417,1500
4,M1,559,983849,985269,13500
4,M1,560,985802,987222,13500
4,M1,561,986986,988630,1500
4,M1,562,989316,990736,13500
4,M1,563,990951,992371,13500
4,M1,564,992740,994160,13500
4,M1,565,994067,995568,1500
4,M1,566,996532,997952,13500
4,M1,567,998074,999494,13500
4,M1,568,999491,1000911,13500
4,M1,569,1001307,1002727,13500
4,M1,570,1003511,1004931,13500
4,M1,571,1004778,1006339,1500
4,M1,572,1007097,1008517,13500
4,M1,573,1008084,1009925,1500
4,M1,574,1010484,1011904,13500
4,M1,575,1012063,1013483,13500
4,M1,576,1014099,1015519,13500
4,M1,577,1015508,1016928,3000
4,M1,578,1017343,1018763,13500
4,M1,579,1019074,1020494,13500
4,M1,580,1020969,1022389,13500
4,M1,581,1022343,1023797,1500
4,M1,582,1024404,1025824,13500
4,M1,583,1026458,1027878,13500
4,M1,584,1027898,1029318,13500
4,M1,585,1029817,1031237,13500
4,M1,586,1031674,1033094,13500
4,M1,587,1033407,1034827,13500
4,M1,588,1035280,1036700,13500
4,M1,589,1036878,1038298,13500
4,M1,590,1038249,1039706,1500
4,M1,591,1040387,1041807,13500
4,M1,592,1041600,1043215,1500
4,M1,593,1043837,1045257,13500
4,M1,594,1045802,1047222,13500
4,M1,595,1047101,1048630,1500
4,M1,596,1049011,1050431,13500
4,M1,597,1050709,1052129,13500
4,M1,598,1052141,1053561,13500
4,M1,599,1054591,1056011,13500
4,M1,600,1055638,1057419,1500
4,M1,601,1058127,1059547,13500
4,M1,602,1059653,1061073,13500
4,M1,603,1061357,1062777,13500
4,M1,604,1062768,1064188,6000
4,M1,605,1065164,1066584,13500
4,M1,606,1066874,1068294,13500
4,M1,607,1068606,1070026,13500
4,M1,608,1069911,1071434,1500
4,M1,609,1071754,1073174,13500
4,M1,610,1073721,1075141,13500
4,M1,611,1075737,1077157,13500
4,M1,612,1077378,1078798,13500
4,M1,613,1079118,1080538,13500
4,M1,614,1080565,1081985,13500
4,M1,615,1082420,1083840,13500
4,M1,616,1083828,1085248,1500
4,M1,617,1085739,1087159,13500
4,M1,618,1087801,1089221,13500
4,M1,619,1089581,1091001,13500
4,M1,620,1091500,1092920,13500
4,M1,621,1092657,1094328,1500
4,M1,622,1094651,1096071,13500
4,M1,623,1096103,1097523,13500
4,M1,624,1098622,1100042,13500
4,M1,625,1100045,1101465,13500
4,M1,626,1101576,1102996,13500
4,M1,627,1103900,1105320,13500
4,M1,628,1105233,1106728,1500
4,M1,629,1106910,1108330,13500
4,M1,630,1108806,1110226,13500
4,M1,631,1110290,1111710,13500
4,M1,632,1112575,1113995,13500
4,M1,633,1114410,1115830,13500
4,M1,634,1115993,1117413,13500
4,M1,635,1117542,1118962,13500
4,M1,636,1119652,1121072,13500
4,M1,637,1120774,1122480,1500
4,M1,638,1122769,1124189,13500
4,M1,639,1124342,1125762,13500
4,M1,640,1126226,1127646,13500
4,M1,641,1128222,1129642,13500
4,M1,642,1130255,1131675,13500
4,M1,643,1131646,1133083,1500
4,M1,644,1133234,1134654,13500
4,M1,645,1135327,1136747,13500
4,M1,646,1137320,1138740,13500
4,M1,647,1138420,1140148,1500
4,M1,648,1140401,1141821,13500
4,M1,649,1141858,1143278,13500
4,M1,650,1143876,1145296,13500
4,M1,651,1145514,1146934,13500
4,M1,652,1147536,1148956,13500
4,M1,653,1149295,1150715,13500
4,M1,654,1150640,1152123,1500
4,M1,655,1152504,1153924,13500
4,M1,656,1154635,1156055,13500
4,M1,657,1155976,1157463,1500
4,M1,658,1157820,1159240,13500
4,M1,659,1160100,1161520,13500
4,M1,660,1161724,1163144,13500
4,M1,661,1163082,1164552,1500
4,M1,662,1165126,1166546,13500
4,M1,663,1167202,1168622,13500
4,M1,664,1168564,1170030,1500
4,M1,665,1170571,1171991,13500
4,M1,666,1172304,1173724,13500
4,M1,667,1173651,1175132,1500
4,M1,668,1175310,1176730,13500
4,M1,669,1177690,1179110,13500
4,M1,670,1179406,1180826,13500
4,M1,671,1181014,1182434,13500
4,M1,672,1182828,1184248,13500
4,M1,673,1184268,1185688,13500
4,M1,674,1186226,1187646,13500
4,M1,675,1187895,1189315,13500
4,M1,676,1189401,1190821,13500
4,M1,677,1191364,1192784,13500
4,M1,678,1193282,1194702,13500
4,M1,679,1194739,1196159,13500
4,M1,680,1196774,1198194,13500
4,M1,681,1198183,1199603,3000
4,M1,682,1200349,1201769,13500
4,M1,683,1201889,1203309,13500
4,M1,684,1203695,1205115,13500
4,M1,685,1205748,1207168,13500
4,M1,686,1207608,1209028,13500
4,M1,687,1208872,1210436,1500
4,M1,688,1211144,1212564,13500
4,M1,689,1212980,1214400,13500
4,M1,690,1214504,1215924,13500
4,M1,691,1216157,1217577,13500
4,M1,692,1217691,1219111,13500
4,M1,693,1219611,1221031,13500
4,M1,694,1221559,1222979,13500
4,M1,695,1223580,1225000,13500
4,M1,696,1224973,1226408,1500
4,M1,697,1227099,1228519,13500
4,M1,698,1228163,1229927,1500
4,M1,699,1230121,1231541,13500
4,M1,700,1232312,1233732,13500
4,M1,701,1233776,1235196,13500
4,M1,702,1235451,1236871,13500
4,M1,703,1237383,1238803,13500
4,M1,704,1239289,1240709,13500
4,M1,705,1240631,1242117,1500
4,M1,706,1242853,1244273,13500
4,M1,707,1244565,1245985,13500
4,M1,708,1246099,1247519,13500
4,M1,709,1247666,1249086,13500
4,M1,710,1249825,1251245,13500
4,M1,711,1251728,1253148,13500
4,M1,712,1253052,1254556,1500
4,M1,713,1255250,1256670,13500
4,M1,714,1256317,1258078,1500
4,M1,715,1258520,1259940,13500
4,M1,716,1259935,1261355,12000
4,M1,717,1262152,1263572,13500
4,M1,718,1263658,1265078,13500
4,M1,719,1265687,1267107,13500
4,M1,720,1267420,1268840,13500
4,M1,721,1269245,1270665,13500
4,M1,722,1270682,1272102,13500
4,M1,723,1272115,1273535,13500
4,M1,724,1274322,1275742,13500
4,M1,725,1275870,1277290,13500
4,M1,726,1277608,1279028,13500
4,M1,727,1279833,1281253,13500
4,M1,728,1281627,1283047,13500
4,M1,729,1282831,1284455,1500
4,M1,730,1284724,1286144,13500
4,M1,731,1286866,1288286,13500
4,M1,732,1288156,1289694,1500
4,M1,733,1290361,1291781,13500
4,M1,734,1291791,1293211,13500
4,M1,735,1293841,1295261,13500
4,M1,736,1295302,1296722,13500
4,M1,737,1297465,1298885,13500
4,M1,738,1298681,1300293,1500
4,M1,739,1300894,1302314,13500
4,M1,740,1302404,1303824,13500
4,M1,741,1304557,1305977,13500
4,M1,742,1306297,1307717,13500
4,M1,743,1307598,1309125,1500
4,M1,744,1309052,1310533,1500
4,M1,745,1311060,1312480,13500
4,M1,746,1312680,1314100,13500
4,M1,747,1315033,1316453,13500
4,M1,748,1316376,1317861,1500
4,M1,749,1317913,1319333,13500
4,M1,750,1320075,1321495,13500
4,M1,751,1321738,1323158,13500
4,M1,752,1323302,1324722,13500
4,M1,753,1325010,1326430,13500
4,M1,754,1326655,1328075,13500
4,M1,755,1328577,1329997,13500
4,M1,756,1330190,1331610,13500
4,M1,757,1332297,1333717,13500
4,M1,758,1334365,1335785,13500
4,M1,759,1335942,1337362,13500
4,M1,760,1337263,1338770,1500
4,M1,761,1339189,1340609,13500
4,M1,762,1340877,1342297,13500
4,M1,763,1342573,1343993,13500
4,M1,764,1344963,1346383,13500
4,M1,765,1346567,1347987,13500
4,M1,766,1347869,1349395,1500
4,M1,767,1349912,1351332,13500
4,M1,768,1351955,1353375,13500
4,M1,769,1353617,1355037,13500
4,M1,770,1355428,1356848,13500
4,M1,771,1357247,1358667,13500
4,M1,772,1358889,1360309,13500
4,M1,773,1360673,1362093,13500
4,M1,774,1361962,1363501,1500
4,M1,775,1364169,1365589,13500
4,M1,776,1365915,1367335,13500
4,M1,777,1367409,1368829,13500
4,M1,778,1369271,1370691,13500
4,M1,779,1370716,1372136,13500
4,M1,780,1373059,1374479,13500
4,M1,781,1374432,1375887,1500
4,M1,782,1376469,1377889,13500
4,M1,783,1378099,1379519,13500
4,M1,784,1379618,1381038,13500
4,M1,785,1381753,1383173,13500
4,M1,786,1383172,1384592,13500
4,M1,787,1384765,1386185,13500
4,M1,788,1386690,1388110,13500
4,M1,789,1388661,1390081,13500
4,M1,790,1390699,1392119,13500
4,M1,791,1392456,1393876,13500
4,M1,792,1394236,1395656,13500
4,M1,793,1395663,1397083,13500
4,M1,794,1397345,1398765,13500
4,M1,795,1399415,1400835,13500
4,M1,796,1400610,1402243,1500
4,M1,797,1402814,1404234,13500
4,M1,798,1404585,1406005,13500
4,M1,799,1406576,1407996,13500
4,M1,800,1407723,1409404,1500
4,M1,801,1410109,1411529,13500
4,M1,802,1411151,1412937,1500
4,M1,803,1412915,1414345,1500
4,M1,804,1415103,1416523,13500
4,M1,805,1417106,1418526,13500
4,M1,806,1418199,1419934,1500
4,M1,807,1420155,1421575,13500
4,M1,808,1422281,1423701,13500
4,M1,809,1423724,1425144,13500
4,M1,810,1425485,1426905,13500
4,M1,811,1427525,1428945,13500
4,M1,812,1428928,1430353,1500
4,M1,813,1430531,1431951,13500
4,M1,814,1432769,1434189,13500
4,M1,815,1434118,1435597,1500
4,M1,816,1436381,1437801,13500
4,M1,817,1438080,1439500,13500
4,M1,818,1439374,1440908,1500
4,M1,819,1441555,1442975,13500
4,M1,820,1443075,1444495,13500
4,M1,821,1444795,1446215,13500
4,M1,822,1446400,1447820,13500
4,M1,823,1448125,1449545,13500
4,M1,824,1450344,1451764,13500
4,M1,825,1452244,1453664,13500
4,M1,826,1453373,1455072,1500
4,M1,827,1455772,1457192,13500
4,M1,828,1457101,1458600,1500
4,M1,829,1458923,1460343,13500
4,M1,830,1460504,1461924,13500
4,M1,831,1462711,1464131,13500
4,M1,832,1464513,1465933,13500
4,M1,833,1466388,1467808,13500
4,M1,834,1468077,1469497,13500
4,M1,835,1469843,1471263,13500
4,M1,836,1471119,1472671,1500
4,M1,837,1473278,1474698,13500
4,M1,838,1474911,1476331,13500
4,M1,839,1476810,1478230,13500
4,M1,840,1478491,1479911,13500
4,M1,841,1480467,1481887,13500
4,M1,842,1482183,1483603,13500
4,M1,843,1483388,1485011,1500
4,M1,844,1485798,1487218,13500
4,M1,845,1487193,1488626,1500
4,M1,846,1489202,1490622,13500
4,M1,847,1490768,1492188,13500
4,M1,848,1492615,1494035,13500
4,M1,849,1494245,1495665,13500
4,M1,850,1495782,1497202,13500
4,M1,851,1497942,1499362,13500
4,M1,852,1499894,1501314,13500
4,M1,853,1501354,1502774,13500
4,M1,854,1503154,1504574,13500
4,M1,855,1504508,1505982,1500
4,M1,856,1506849,1508269,13500
4,M1,857,1508238,1509677,1500
4,M1,858,1510360,1511780,13500
4,M1,859,1511590,1513188,1500
4,M1,860,1513630,1515050,13500
4,M1,861,1515421,1516841,13500
4,M1,862,1517456,1518876,13500
4,M1,863,1518520,1520284,1500
4,M1,864,1520676,1522096,13500
4,M1,865,1522302,1523722,13500
4,M1,866,1524250,1525670,13500
4,M1,867,1525632,1527078,1500
4,M1,868,1527491,1528911,13500
4,M1,869,1529412,1530832,13500
4,M1,870,1530968,1532388,13500
4,M1,871,1533298,1534718,13500
4,M1,872,1534678,1536126,1500
4,M1,873,1536620,1538040,13500
4,M1,874,1538385,1539805,13500
4,M1,875,1540316,1541736,13500
4,M1,876,1541902,1543322,13500
4,M1,877,1543844,1545264,13500
4,M1,878,1545409,1546829,13500
4,M1,879,1547331,1548751,13500
4,M1,880,1548552,1550159,1500
4,M1,881,1550361,1551781,13500
4,M1,882,1552434,1553854,13500
4,M1,883,1554209,1555629,13500
4,M1,884,1555551,1557037,1500
4,M1,885,1557486,1558906,13500
4,M1,886,1559048,1560468,13500
4,M1,887,1560828,1562248,13500
4,M1,888,1562715,1564135,13500
4,M1,889,1564902,1566322,13500
4,M1,890,1566407,1567827,13500
4,M1,891,1568283,1569703,13500
4,M1,892,1569579,1571111,1500
4,M1,893,1571382,1572802,13500
4,M1,894,1573303,1574723,13500
4,M1,895,1574986,1576406,13500
4,M1,896,1576669,1578089,13500
4,M1,897,1578763,1580183,13500
4,M1,898,1580794,1582214,13500
4,M1,899,1582113,1583622,1500
4,M1,900,1584207,1585627,13500
4,M1,901,1585952,1587372,13500
4,M1,902,1587159,1588780,1500
4,M1,903,1589560,1590980,13500
4,M1,904,1591265,1592685,13500
4,M1,905,1593089,1594509,13500
4,M1,906,1594802,1596222,13500
4,M1,907,1596444,1597864,13500
4,M1,908,1597970,1599390,13500
4,M1,909,1599770,1601190,13500
4,M1,910,1601614,1603034,13500
4,M1,911,1603653,1605073,13500
4,M1,912,1605000,1606481,1500
4,M1,913,1606880,1608300,13500
4,M1,914,1608387,1609807,13500
4,M1,915,1610412,1611832,13500
4,M1,916,1612452,1613872,13500
4,M1,917,1613726,1615280,1500
4,M1,918,1615341,1616761,13500
4,M1,919,1617459,1618879,13500
4,M1,920,1618812,1620287,1500
4,M1,921,1621323,1622743,13500
4,M1,922,1622499,1624151,1500
4,M1,923,1624220,1625640,13500
4,M1,924,1625934,1627354,13500
4,M1,925,1627704,1629124,13500
4,M1,926,1629638,1631058,13500
4,M1,927,1631876,1633296,13500
4,M1,928,1633425,1634845,13500
4,M1,929,1634675,1636253,1500
4,M1,930,1637183,1638603,13500
4,M1,931,1638445,1640011,1500
4,M1,932,1640403,1641823,13500
4,M1,933,1642137,1643557,13500
4,M1,934,1643677,1645097,13500
4,M1,935,1645898,1647318,13500
4,M1,936,1647380,1648800,13500
4,M1,937,1649477,1650897,13500
4,M1,938,1650862,1652305,1500
4,M1,939,1652772,1654192,13500
4,M1,940,1654723,1656143,13500
4,M1,941,1656456,1657876,13500
4,M1,942,1658303,1659723,13500
4,M1,943,1659461,1661131,1500
4,M1,944,1661373,1662793,13500
4,M1,945,1663112,1664532,13500
4,M1,946,1664789,1666209,13500
4,M1,947,1666334,1667754,13500
4,M1,948,1668409,1669829,13500
4,M1,949,1670187,1671607,13500
4,M1,950,1671948,1673368,13500
4,M1,951,1673878,1675298,13500
4,M1,952,1675733,1677153,13500
4,M1,953,1676891,1678561,1500
4,M1,954,1679218,1680638,13500
4,M1,955,1680718,1682138,13500
4,M1,956,1682377,1683797,13500
4,M1,957,1684340,1685760,13500
4,M1,958,1686337,1687757,13500
4,M1,959,1688189,1689609,13500
4,M1,960,1689584,1691017,1500
4,M1,961,1691421,1692841,13500
4,M1,962,1692993,1694413,13500
4,M1,963,1694511,1695931,13500
4,M1,964,1697018,1698438,13500
4,M1,965,1698272,1699846,1500
4,M1,966,1700234,1701654,13500
4,M1,967,1702148,1703568,13500
4,M1,968,1703886,1705306,13500
4,M1,969,1705436,1706856,13500
4,M1,970,1706878,1708298,13500
4,M1,971,1708743,1710163,13500
4,M1,972,1711105,1712525,13500
4,M1,973,1712825,1714245,13500
4,M1,974,1714388,1715808,13500
4,M1,975,1715879,1717299,13500
4,M1,976,1718042,1719462,13500
4,M1,977,1719861,1721281,13500
4,M1,978,1721625,1723045,13500
4,M1,979,1722840,1724453,1500
4,M1,980,1724687,1726107,13500
4,M1,981,1726450,1727870,13500
4,M1,982,1728037,1729457,13500
4,M1,983,1730366,1731786,13500
4,M1,984,1731948,1733368,13500
4,M1,985,1733790,1735210,13500
4,M1,986,1735165,1736618,1500
4,M1,987,1737219,1738639,13500
4,M1,988,1738970,1740390,13500
4,M1,989,1740329,1741798,1500
4,M1,990,1742379,1743799,13500
4,M1,991,1744077,1745497,13500
4,M1,992,1746031,1747451,13500
4,M1,993,1747991,1749411,13500
4,M1,994,1749512,1750932,13500
4,M1,995,1750832,1752340,1500
4,M1,996,1753322,1754742,13500
4,M1,997,1754496,1756150,1500
4,M1,998,1756096,1757558,1500
4,M1,999,1758255,1759675,13500
5,M0,0,0,1412,420000
5,M0,1,2088,3500,420000
5,M0,2,3910,5322,420000
5,M0,3,5104,6730,420000
5,M0,4,7362,8774,420000
5,M0,5,8719,10182,420000
5,M0,6,10731,12143,420000
5,M0,7,12604,14016,420000
5,M0,8,14370,15782,420000
5,M0,9,15594,17190,420000
5,M0,10,17775,19187,420000
5,M0,11,19230,20642,420000
5,M0,12,20922,22334,420000
5,M0,13,22939,24351,420000
5,M0,14,24782,26194,420000
5,M0,15,26416,27828,420000
5,M0,16,28073,29485,420000
5,M0,17,30215,31627,420000
5,M0,18,31880,33292,420000
5,M0,19,33151,34700,420000
5,M0,20,35260,36672,420000
5,M0,21,37300,38712,420000
5,M0,22,38850,40262,420000
5,M0,23,40398,41810,420000
5,M0,24,42143,43555,420000
5,M0,25,44050,45462,420000
5,M0,26,45884,47296,420000
5,M0,27,47919,49331,420000
5,M0,28,49095,50739,420000
5,M0,29,51427,52839,420000
5,M0,30,52636,54247,420000
5,M0,31,54592,56004,420000
5,M0,32,56541,57953,420000
5,M0,33,58153,59565,420000
5,M0,34,59579,60991,420000
5,M0,35,61879,63291,420000
5,M0,36,63192,64699,420000
5,M0,37,64993,66405,420000
5,M0,38,66540,67952,420000
5,M0,39,68350,69762,420000
5,M0,40,70357,71769,420000
5,M0,41,72296,73708,420000
5,M0,42,73561,75116,420000
5,M0,43,75518,76930,420000
5,M0,44,77667,79079,420000
5,M0,45,79504,80916,420000
5,M0,46,80819,82324,420000
5,M0,47,82732,84144,420000
5,M0,48,84728,86140,420000
5,M0,49,86627,88039,420000
5,M0,50,88115,89527,420000
5,M0,51,89772,91184,420000
5,M0,52,91318,92730,420000
5,M0,53,93209,94621,420000
5,M0,54,94748,96160,420000
5,M0,55,96883,98295,420000
5,M0,56,98304,99716,420000
5,M0,57,100633,102045,420000
5,M0,58,102051,103463,420000
5,M0,59,104227,105639,420000
5,M0,60,105639,107051,420000
5,M0,61,107724,109136,420000
5,M0,62,109141,110553,420000
5,M0,63,111223,112635,420000
5,M0,64,112753,114165,420000
5,M0,65,114375,115787,420000
5,M0,66,116388,117800,420000
5,M0,67,118241,119653,420000
5,M0,68,119880,121292,420000
5,M0,69,121471,122883,420000
5,M0,70,122990,124402,420000
5,M0,71,124793,126205,420000
5,M0,72,126411,127823,420000
5,M0,73,128443,129855,420000
5,M0,74,129963,131375,420000
5,M0,75,132006,133418,420000
5,M0,76,133492,134904,420000
5,M0,77,135340,136752,420000
5,M0,78,137367,138779,420000
5,M0,79,138744,140187,420000
5,M0,80,140835,142247,420000
5,M0,81,142903,144315,420000
5,M0,82,144489,145901,420000
5,M0,83,145926,147338,420000
5,M0,84,147586,148998,420000
5,M0,85,149464,150876,420000
5,M0,86,151081,152493,420000
5,M0,87,152807,154219,420000
5,M0,88,154659,156071,420000
5,M0,89,156620,158032,420000
5,M0,90,158326,159738,420000
5,M0,91,160003,161415,420000
5,M0,92,161808,163220,420000
5,M0,93,163397,164809,420000
5,M0,94,165411,166823,420000
5,M0,95,167475,168887,420000
5,M0,96,168966,170378,420000
5,M0,97,171033,172445,420000
5,M0,98,172287,173853,420000
5,M0,99,174601,176013,420000
5,M0,100,176124,177536,420000
5,M0,101,177597,179009,420000
5,M0,102,179663,181075,420000
5,M0,103,180987,182483,420000
5,M0,104,182951,184363,420000
5,M0,105,185122,186534,420000
5,M0,106,186323,187942,420000
5,M0,107,187936,189350,420000
5,M0,108,189920,191332,420000
5,M0,109,192031,193443,420000
5,M0,110,193635,195047,420000
5,M0,111,195627,197039,420000
5,M0,112,197396,198808,420000
5,M0,113,199145,200557,420000
5,M0,114,200524,201965,420000
5,M0,115,202233,203645,420000
5,M0,116,203908,205320,420000
5,M0,117,206050,207462,420000
5,M0,118,207798,209210,420000
5,M0,119,209388,210800,420000
5,M0,120,210978,212390,420000
5,M0,121,212977,214389,420000
5,M0,122,214374,215797,420000
5,M0,123,216799,218211,420000
5,M0,124,218513,219925,420000
5,M0,125,219735,221333,420000
5,M0,126,222045,223457,420000
5,M0,127,223561,224973,420000
5,M0,128,225340,226752,420000
5,M0,129,226998,228410,420000
5,M0,130,228745,230157,420000
5,M0,131,230628,232040,420000
5,M0,132,232561,233973,420000
5,M0,133,233683,235381,420000
5,M0,134,235622,237034,420000
5,M0,135,237545,238957,420000
5,M0,136,239678,241090,420000
5,M0,137,240979,242498,420000
5,M0,138,242497,243909,420000
5,M0,139,244745,246157,420000
5,M0,140,246309,247721,420000
5,M0,141,248105,249517,420000
5,M0,142,249986,251398,420000
5,M0,143,251963,253375,420000
5,M0,144,253426,254838,420000
5,M0,145,255573,256985,420000
5,M0,146,256825,258393,420000
5,M0,147,258841,260253,420000
5,M0,148,260409,261821,420000
5,M0,149,262041,263453,420000
5,M0,150,263844,265256,420000
5,M0,151,265933,267345,420000
5,M0,152,267828,269240,420000
5,M0,153,269289,270701,420000
5,M0,154,271354,272766,420000
5,M0,155,272805,274217,420000
5,M0,156,274624,276036,420000
5,M0,157,276401,277813,420000
5,M0,158,278093,279505,420000
5,M0,159,279641,281053,420000
5,M0,160,281443,282855,420000
5,M0,161,283643,285055,420000
5,M0,162,285263,286675,420000
5,M0,163,286697,288109,420000
5,M0,164,288358,289770,420000
5,M0,165,290587,291999,420000
5,M0,166,292222,293634,420000
5,M0,167,294230,295642,420000
5,M0,168,295794,297206,420000
5,M0,169,297522,298934,420000
5,M0,170,299383,300795,420000
5,M0,171,300725,302203,420000
5,M0,172,302895,304307,420000
5,M0,173,304090,305715,420000
5,M0,174,306443,307855,420000
5,M0,175,308081,309493,420000
5,M0,176,310051,311463,420000
5,M0,177,311287,312871,420000
5,M0,178,313196,314608,420000
5,M0,179,315258,316670,420000
5,M0,180,316741,318153,420000
5,M0,181,318476,319888,420000
5,M0,182,320553,321965,420000
5,M0,183,322138,323550,420000
5,M0,184,323821,325233,420000
5,M0,185,325370,326782,420000
5,M0,186,327413,328825,420000
5,M0,187,328913,330325,420000
5,M0,188,331026,332438,420000
5,M0,189,332603,334015,420000
5,M0,190,334452,335864,420000
5,M0,191,336334,337746,420000
5,M0,192,337852,339264,420000
5,M0,193,339506,340918,420000
5,M0,194,341157,342569,420000
5,M0,195,343240,344652,420000
5,M0,196,345224,346636,420000
5,M0,197,346541,348044,420000
5,M0,198,348574,349986,420000
5,M0,199,350408,351820,420000
5,M0,200,352291,353703,420000
5,M0,201,353515,355111,420000
5,M0,202,355529,356941,420000
5,M0,203,357657,359069,420000
5,M0,204,359161,360573,420000
5,M0,205,360799,362211,420000
5,M0,206,362630,364042,420000
5,M0,207,364214,365626,420000
5,M0,208,366269,367681,420000
5,M0,209,367545,369089,420000
5,M0,210,369733,371145,420000
5,M0,211,371110,372553,420000
5,M0,212,372957,374369,420000
5,M0,213,375086,376498,420000
5,M0,214,376704,378116,420000
5,M0,215,378599,380011,420000
5,M0,216,380311,381723,420000
5,M0,217,381779,383191,420000
5,M0,218,384079,385491,420000
5,M0,219,385560,386972,420000
5,M0,220,387416,388828,420000
5,M0,221,388886,390298,420000
5,M0,222,391023,392435,420000
5,M0,223,392821,394233,420000
5,M0,224,393943,395641,420000
5,M0,225,395984,397396,420000
5,M0,226,397603,399015,420000
5,M0,227,399289,400701,420000
5,M0,228,401069,402481,420000
5,M0,229,403063,404475,420000
5,M0,230,405092,406504,420000
5,M0,231,406903,408315,420000
5,M0,232,408523,409935,420000
5,M0,233,410406,411818,420000
5,M0,234,411486,413226,420000
5,M0,235,413369,414781,420000
5,M0,236,414979,416391,420000
5,M0,237,416810,418222,420000
5,M0,238,419104,420516,420000
5,M0,239,420619,422031,420000
5,M0,240,422784,424196,420000
5,M0,241,424073,425604,420000
5,M0,242,425647,427059,420000
5,M0,243,427910,429322,420000
5,M0,244,429761,431173,420000
5,M0,245,430908,432581,420000
5,M0,246,433196,434608,420000
5,M0,247,434464,436016,420000
5,M0,248,436554,437966,420000
5,M0,249,438511,439923,420000
5,M0,250,439615,441331,420000
5,M0,251,441591,443003,420000
5,M0,252,443836,445248,420000
5,M0,253,445544,446956,420000
5,M0,254,447306,448718,420000
5,M0,255,448955,450367,420000
5,M0,256,450678,452090,420000
5,M0,257,452425,453837,420000
5,M0,258,453685,455245,420000
5,M0,259,456089,457501,420000
5,M0,260,457762,459174,420000
5,M0,261,459425,460837,420000
5,M0,262,461383,462795,420000
5,M0,263,463259,464671,420000
5,M0,264,464899,466311,420000
5,M0,265,466559,467971,420000
5,M0,266,467952,469379,420000
5,M0,267,470259,471671,420000
5,M0,268,471579,473079,420000
5,M0,269,473653,475065,420000
5,M0,270,475167,476579,420000
5,M0,271,477230,478642,420000
5,M0,272,479058,480470,420000
5,M0,273,480255,481878,420000
5,M0,274,482308,483720,420000
5,M0,275,483859,485271,420000
5,M0,276,485405,486817,420000
5,M0,277,487715,489127,420000
5,M0,278,489194,490606,420000
5,M0,279,490711,492123,420000
5,M0,280,492691,494103,420000
5,M0,281,494409,495821,420000
5,M0,282,496617,498029,420000
5,M0,283,498379,499791,420000
5,M0,284,499774,501199,420000
5,M0,285,501312,502724,420000
5,M0,286,503041,504453,420000
5,M0,287,505164,506576,420000
5,M0,288,507189,508601,420000
5,M0,289,508416,510009,420000
5,M0,290,510073,511485,420000
5,M0,291,512414,513826,420000
5,M0,292,514170,515582,420000
5,M0,293,515574,516990,420000
5,M0,294,517287,518699,420000
5,M0,295,518869,520281,420000
5,M0,296,521008,522420,420000
5,M0,297,522846,524258,420000
5,M0,298,524450,525862,420000
5,M0,299,526366,527778,420000
5,M0,300,528338,529750,420000
5,M0,301,530134,531546,420000
5,M0,302,531464,532954,420000
5,M0,303,533082,534494,420000
5,M0,304,535041,536453,420000
5,M0,305,536773,538185,420000
5,M0,306,538787,540199,420000
5,M0,307,540315,541727,420000
5,M0,308,542329,543741,420000
5,M0,309,543731,545149,420000
5,M0,310,545983,547395,420000
5,M0,311,547322,548803,420000
5,M0,312,549154,550566,420000
5,M0,313,551157,552569,420000
5,M0,314,552700,554112,420000
5,M0,315,554656,556068,420000
5,M0,316,556042,557476,420000
5,M0,317,558243,559655,420000
5,M0,318,559361,561063,420000
5,M0,319,561160,562572,420000
5,M0,320,562922,564334,420000
5,M0,321,565243,566655,420000
5,M0,322,566660,568072,420000
5,M0,323,568700,570112,420000
5,M0,324,570370,571782,420000
5,M0,325,571945,573357,420000
5,M0,326,573799,575211,420000
5,M0,327,575120,576619,420000
5,M0,328,577148,578560,420000
5,M0,329,579272,580684,420000
5,M0,330,580817,582229,420000
5,M0,331,582374,583786,420000
5,M0,332,584071,585483,420000
5,M0,333,586333,587745,420000
5,M0,334,588194,589606,420000
5,M0,335,589514,591014,420000
5,M0,336,591508,592920,420000
5,M0,337,593425,594837,420000
5,M0,338,594523,596245,420000
5,M0,339,596704,598116,420000
5,M0,340,598355,599767,420000
5,M0,341,600258,601670,420000
5,M0,342,601654,603078,420000
5,M0,343,603821,605233,420000
5,M0,344,605177,606641,420000
5,M0,345,607334,608746,420000
5,M0,346,608729,610154,420000
5,M0,347,611028,612440,420000
5,M0,348,612756,614168,420000
5,M0,349,614399,615811,420000
5,M0,350,616253,617665,420000
5,M0,351,617617,619073,420000
5,M0,352,619383,620795,420000
5,M0,353,620973,622385,420000
5,M0,354,623276,624688,420000
5,M0,355,625192,626604,420000
5,M0,356,626683,628095,420000
5,M0,357,628042,629503,420000
5,M0,358,629833,631245,420000
5,M0,359,631645,633057,420000
5,M0,360,633223,634635,420000
5,M0,361,635446,636858,420000
5,M0,362,636881,638293,420000
5,M0,363,639121,640533,420000
5,M0,364,640826,642238,420000
5,M0,365,642746,644158,420000
5,M0,366,644420,645832,420000
5,M0,367,646130,647542,420000
5,M0,368,647394,648950,420000
5,M0,369,649097,650509,420000
5,M0,370,651450,652862,420000
5,M0,371,653174,654586,420000
5,M0,372,655025,656437,420000
5,M0,373,656846,658258,420000
5,M0,374,657985,659666,420000
5,M0,375,659683,661095,420000
5,M0,376,661463,662875,420000
5,M0,377,663600,665012,420000
5,M0,378,664885,666420,420000
5,M0,379,667162,668574,420000
5,M0,380,668771,670183,420000
5,M0,381,670868,672280,420000
5,M0,382,672649,674061,420000
5,M0,383,674074,675486,420000
5,M0,384,675755,677167,420000
5,M0,385,677989,679401,420000
5,M0,386,679552,680964,420000
5,M0,387,680796,682372,420000
5,M0,388,682505,683917,420000
5,M0,389,684867,686279,420000
5,M0,390,686216,687687,420000
5,M0,391,687919,689331,420000
5,M0,392,689577,690989,420000
5,M0,393,691584,692996,420000
5,M0,394,693591,695003,420000
5,M0,395,694922,696411,420000
5,M0,396,697279,698691,420000
5,M0,397,698352,700099,420000
5,M0,398,700650,702062,420000
5,M0,399,701954,703470,420000
5,M0,400,704087,705499,420000
5,M0,401,705684,707096,420000
5,M0,402,707796,709208,420000
5,M0,403,708993,710616,420000
5,M0,404,710850,712262,420000
5,M0,405,712525,713937,420000
5,M0,406,714955,716367,420000
5,M0,407,716645,718057,420000
5,M0,408,718201,719613,420000
5,M0,409,719774,721186,420000
5,M0,410,721633,723045,420000
5,M0,411,723742,725154,420000
5,M0,412,725486,726898,420000
5,M0,413,726846,728306,420000
5,M0,414,728455,729867,420000
5,M0,415,730263,731675,420000
5,M0,416,731951,733363,420000
5,M0,417,734019,735431,420000
5,M0,418,735889,737301,420000
5,M0,419,737755,739167,420000
5,M0,420,739107,740575,420000
5,M0,421,740581,741993,420000
5,M0,422,742778,744190,420000
5,M0,423,744465,745877,420000
5,M0,424,746290,747702,420000
5,M0,425,748005,749417,420000
5,M0,426,749883,751295,420000
5,M0,427,751787,753199,420000
5,M0,428,752962,754607,420000
5,M0,429,754944,756356,420000
5,M0,430,757064,758476,420000
5,M0,431,758932,760344,420000
5,M0,432,760338,761752,420000
5,M0,433,762294,763706,420000
5,M0,434,764189,765601,420000
5,M0,435,765454,767009,420000
5,M0,436,767329,768741,420000
5,M0,437,768954,770366,420000
5,M0,438,770844,772256,420000
5,M0,439,772527,773939,420000
5,M0,440,774466,775878,420000
5,M0,441,776047,777459,420000
5,M0,442,778320,779732,420000
5,M0,443,779893,781305,420000
5,M0,444,781386,782798,420000
5,M0,445,783158,784570,420000
5,M0,446,784981,786393,420000
5,M0,447,786473,787885,420000
5,M0,448,788629,790041,420000
5,M0,449,790573,791985,420000
5,M0,450,791691,793393,420000
5,M0,451,793612,795024,420000
5,M0,452,795159,796571,420000
5,M0,453,797558,798970,420000
5,M0,454,799220,800632,420000
5,M0,455,800678,802090,420000
5,M0,456,802227,803639,420000
5,M0,457,804422,805834,420000
5,M0,458,806075,807487,420000
5,M0,459,807564,808976,420000
5,M0,460,809548,810960,420000
5,M0,461,811367,812779,420000
5,M0,462,813489,814901,420000
5,M0,463,814605,816309,420000
5,M0,464,816716,818128,420000
5,M0,465,818410,819822,420000
5,M0,466,819924,821336,420000
5,M0,467,822251,823663,420000
5,M0,468,823415,825071,420000
5,M0,469,825328,826740,420000
5,M0,470,827298,828710,420000
5,M0,471,828611,830118,420000
5,M0,472,830697,832109,420000
5,M0,473,832357,833769,420000
5,M0,474,833944,835356,420000
5,M0,475,836308,837720,420000
5,M0,476,837520,839128,420000
5,M0,477,839668,841080,420000
5,M0,478,841331,842743,420000
5,M0,479,842942,844354,420000
5,M0,480,844573,845985,420000
5,M0,481,846762,848174,420000
5,M0,482,848263,849675,420000
5,M0,483,850387,851799,420000
5,M0,484,852077,853489,420000
5,M0,485,853672,855084,420000
5,M0,486,855313,856725,420000
5,M0,487,857206,858618,420000
5,M0,488,859165,860577,420000
5,M0,489,860377,861985,420000
5,M0,490,862292,863704,420000
5,M0,491,864393,865805,420000
5,M0,492,866266,867678,420000
5,M0,493,867853,869265,420000
5,M0,494,869115,870673,420000
5,M0,495,870929,872341,420000
5,M0,496,872927,874339,420000
5,M0,497,874480,875892,420000
5,M0,498,876830,878242,420000
5,M0,499,878437,879849,420000
5,M0,500,879729,881257,420000
5,M0,501,882000,883412,420000
5,M0,502,883692,885104,420000
5,M0,503,885204,886616,420000
5,M0,504,887071,888483,420000
5,M0,505,889041,890453,420000
5,M0,506,890622,892034,420000
5,M0,507,892703,894115,420000
5,M0,508,894300,895712,420000
5,M0,509,896092,897504,420000
5,M0,510,897436,898912,420000
5,M0,511,899109,900521,420000
5,M0,512,901123,902535,420000
5,M0,513,903164,904576,420000
5,M0,514,904720,906132,420000
5,M0,515,906443,907855,420000
5,M0,516,908554,909966,420000
5,M0,517,910251,911663,420000
5,M0,518,911772,913184,420000
5,M0,519,913322,914734,420000
5,M0,520,915576,916988,420000
5,M0,521,916884,918396,420000
5,M0,522,919072,920484,420000
5,M0,523,920190,921892,420000
5,M0,524,922268,923680,420000
5,M0,525,923609,925088,420000
5,M0,526,925462,926874,420000
5,M0,527,927204,928616,420000
5,M0,528,929604,931016,420000
5,M0,529,931226,932638,420000
5,M0,530,932775,934187,420000
5,M0,531,934842,936254,420000
5,M0,532,936594,938006,420000
5,M0,533,938328,939740,420000
5,M0,534,940059,941471,420000
5,M0,535,941891,943303,420000
5,M0,536,943726,945138,420000
5,M0,537,945060,946546,420000
5,M0,538,947223,948635,420000
5,M0,539,948284,950043,420000
5,M0,540,950189,951601,420000
5,M0,541,952044,953456,420000
5,M0,542,953758,955170,420000
5,M0,543,955806,957218,420000
5,M0,544,957250,958662,420000
5,M0,545,959596,961008,420000
5,M0,546,961241,962653,420000
5,M0,547,962826,964238,420000
5,M0,548,964495,965907,420000
5,M0,549,966003,967415,420000
5,M0,550,967867,969279,420000
5,M0,551,970079,971491,420000
5,M0,552,971836,973248,420000
5,M0,553,972926,974656,420000
5,M0,554,975271,976683,420000
5,M0,555,976854,978266,420000
5,M0,556,978770,980182,420000
5,M0,557,980054,981590,420000
5,M0,558,982293,983705,420000
5,M0,559,983927,985339,420000
5,M0,560,985299,986747,420000
5,M0,561,987695,989107,420000
5,M0,562,989452,990864,420000
5,M0,563,991016,992428,420000
5,M0,564,992516,993928,420000
5,M0,565,994657,996069,420000
5,M0,566,995983,997477,420000
5,M0,567,998186,999598,420000
5,M0,568,999660,1001072,420000
5,M0,569,1001362,1002774,420000
5,M0,570,1003326,1004738,420000
5,M0,571,1005151,1006563,420000
5,M0,572,1006801,1008213,420000
5,M0,573,1008710,1010122,420000
5,M0,574,1010628,1012040,420000
5,M0,575,1012388,1013800,420000
5,M0,576,1013586,1015208,420000
5,M0,577,1015462,1016874,420000
5,M0,578,1017318,1018730,420000
5,M0,579,1019026,1020438,420000
5,M0,580,1020400,1021846,420000
5,M0,581,1022613,1024025,420000
5,M0,582,1024149,1025561,420000
5,M0,583,1026443,1027855,420000
5,M0,584,1027646,1029263,420000
5,M0,585,1029884,1031296,420000
5,M0,586,1031511,1032923,420000
5,M0,587,1033385,1034797,420000
5,M0,588,1035082,1036494,420000
5,M0,589,1036632,1038044,420000
5,M0,590,1038598,1040010,420000
5,M0,591,1040448,1041860,420000
5,M0,592,1041608,1043268,420000
5,M0,593,1043730,1045142,420000
5,M0,594,1045283,1046695,420000
5,M0,595,1047151,1048563,420000
5,M0,596,1049085,1050497,420000
5,M0,597,1051058,1052470,420000
5,M0,598,1052261,1053878,420000
5,M0,599,1054458,1055870,420000
5,M0,600,1055847,1057278,420000
5,M0,601,1057367,1058779,420000
5,M0,602,1059614,1061026,420000
5,M0,603,1061037,1062449,420000
5,M0,604,1062783,1064195,420000
5,M0,605,1065065,1066477,420000
5,M0,606,1066215,1067885,420000
5,M0,607,1068080,1069492,420000
5,M0,608,1070429,1071841,420000
5,M0,609,1072147,1073559,420000
5,M0,610,1073488,1074967,420000
5,M0,611,1075286,1076698,420000
5,M0,612,1077011,1078423,420000
5,M0,613,1079117,1080529,420000
5,M0,614,1081013,1082425,420000
5,M0,615,1082027,1083833,420000
5,M0,616,1084450,1085862,420000
5,M0,617,1086187,1087599,420000
5,M0,618,1087785,1089197,420000
5,M0,619,1089079,1090605,420000
5,M0,620,1090839,1092251,420000
5,M0,621,1093027,1094439,420000
5,M0,622,1095108,1096520,420000
5,M0,623,1096361,1097928,420000
5,M0,624,1098563,1099975,420000
5,M0,625,1099754,1101383,420000
5,M0,626,1101977,1103389,420000
5,M0,627,1103528,1104940,420000
5,M0,628,1105218,1106630,420000
5,M0,629,1107018,1108430,420000
5,M0,630,1108651,1110063,420000
5,M0,631,1110163,1111575,420000
5,M0,632,1112593,1114005,420000
5,M0,633,1114302,1115714,420000
5,M0,634,1116231,1117643,420000
5,M0,635,1117350,1119051,420000
5,M0,636,1119080,1120492,420000
5,M0,637,1120759,1122171,420000
5,M0,638,1122635,1124047,420000
5,M0,639,1124732,1126144,420000
5,M0,640,1126668,1128080,420000
5,M0,641,1128432,1129844,420000
5,M0,642,1129728,1131252,420000
5,M0,643,1131717,1133129,420000
5,M0,644,1133091,1134537,420000
5,M0,645,1135404,1136816,420000
5,M0,646,1136669,1138224,420000
5,M0,647,1139076,1140488,420000
5,M0,648,1140839,1142251,420000
5,M0,649,1142160,1143659,420000
5,M0,650,1143944,1145356,420000
5,M0,651,1145602,1147014,420000
5,M0,652,1147315,1148727,420000
5,M0,653,1149126,1150538,420000
5,M0,654,1151243,1152655,420000
5,M0,655,1152554,1154063,420000
5,M0,656,1154526,1155938,420000
5,M0,657,1156713,1158125,420000
5,M0,658,1157839,1159533,420000
5,M0,659,1160095,1161507,420000
5,M0,660,1161799,1163211,420000
5,M0,661,1163613,1165025,420000
5,M0,662,1164748,1166433,420000
5,M0,663,1166925,1168337,420000
5,M0,664,1168359,1169771,420000
5,M0,665,1170325,1171737,420000
5,M0,666,1172500,1173912,420000
5,M0,667,1173774,1175320,420000
5,M0,668,1176007,1177419,420000
5,M0,669,1177800,1179212,420000
5,M0,670,1179423,1180835,420000
5,M0,671,1180985,1182397,420000
5,M0,672,1182327,1183805,420000
5,M0,673,1184531,1185943,420000
5,M0,674,1186553,1187965,420000
5,M0,675,1188226,1189638,420000
5,M0,676,1189565,1191046,420000
5,M0,677,1191842,1193254,420000
5,M0,678,1193047,1194662,420000
5,M0,679,1194732,1196144,420000
5,M0,680,1196507,1197919,420000
5,M0,681,1198386,1199798,420000
5,M0,682,1200353,1201765,420000
5,M0,683,1202427,1203839,420000
5,M0,684,1203444,1205247,420000
5,M0,685,1205405,1206817,420000
5,M0,686,1207710,1209122,420000
5,M0,687,1208935,1210530,420000
5,M0,688,1210915,1212327,420000
5,M0,689,1212874,1214286,420000
5,M0,690,1214029,1215694,420000
5,M0,691,1216151,1217563,420000
5,M0,692,1218149,1219561,420000
5,M0,693,1219460,1220969,420000
5,M0,694,1221056,1222468,420000
5,M0,695,1222820,1224232,420000
5,M0,696,1224902,1226314,420000
5,M0,697,1226366,1227778,420000
5,M0,698,1228331,1229743,420000
5,M0,699,1229918,1231330,420000
5,M0,700,1232227,1233639,420000
5,M0,701,1233764,1235176,420000
5,M0,702,1235530,1236942,420000
5,M0,703,1237259,1238671,420000
5,M0,704,1238817,1240229,420000
5,M0,705,1241048,1242460,420000
5,M0,706,1242167,1243868,420000
5,M0,707,1244697,1246109,420000
5,M0,708,1246355,1247767,420000
5,M0,709,1248077,1249489,420000
5,M0,710,1249743,1251155,420000
5,M0,711,1251751,1253163,420000
5,M0,712,1253191,1254603,420000
5,M0,713,1255213,1256625,420000
5,M0,714,1256290,1258033,420000
5,M0,715,1258711,1260123,420000
5,M0,716,1260111,1261531,420000
5,M0,717,1261700,1263112,420000
5,M0,718,1263781,1265193,420000
5,M0,719,1265545,1266957,420000
5,M0,720,1266825,1268365,420000
5,M0,721,1269061,1270473,420000
5,M0,722,1270578,1271990,420000
5,M0,723,1272577,1273989,420000
5,M0,724,1274055,1275467,420000
5,M0,725,1276313,1277725,420000
5,M0,726,1278088,1279500,420000
5,M0,727,1279542,1280954,420000
5,M0,728,1281415,1282827,420000
5,M0,729,1282741,1284235,420000
5,M0,730,1284661,1286073,420000
5,M0,731,1286744,1288156,420000
5,M0,732,1288502,1289914,420000
5,M0,733,1290356,1291768,420000
5,M0,734,1291991,1293403,420000
5,M0,735,1293595,1295007,420000
5,M0,736,1295141,1296553,420000
5,M0,737,1297325,1298737,420000
5,M0,738,1298579,1300145,420000
5,M0,739,1300609,1302021,420000
5,M0,740,1302302,1303714,420000
5,M0,741,1303912,1305324,420000
5,M0,742,1305841,1307253,420000
5,M0,743,1307805,1309217,420000
5,M0,744,1309114,1310625,420000
5,M0,745,1311239,1312651,420000
5,M0,746,1313098,1314510,420000
5,M0,747,1314657,1316069,420000
5,M0,748,1316323,1317735,420000
5,M0,749,1318107,1319519,420000
5,M0,750,1319787,1321199,420000
5,M0,751,1321664,1323076,420000
5,M0,752,1323232,1324644,420000
5,M0,753,1325212,1326624,420000
5,M0,754,1326715,1328127,420000
5,M0,755,1328863,1330275,420000
5,M0,756,1330735,1332147,420000
5,M0,757,1332359,1333771,420000
5,M0,758,1334407,1335819,420000
5,M0,759,1335917,1337329,420000
5,M0,760,1337650,1339062,420000
5,M0,761,1339179,1340591,420000
5,M0,762,1341320,1342732,420000
5,M0,763,1343187,1344599,420000
5,M0,764,1344279,1346007,420000
5,M0,765,1346000,1347415,420000
5,M0,766,1348060,1349472,420000
5,M0,767,1349807,1351219,420000
5,M0,768,1351419,1352831,420000
5,M0,769,1353804,1355216,420000
5,M0,770,1355201,1356624,420000
5,M0,771,1357002,1358414,420000
5,M0,772,1358321,1359822,420000
5,M0,773,1360409,1361821,420000
5,M0,774,1362421,1363833,420000
5,M0,775,1364043,1365455,420000
5,M0,776,1366046,1367458,420000
5,M0,777,1367296,1368866,420000
5,M0,778,1369537,1370949,420000
5,M0,779,1371438,1372850,420000
5,M0,780,1372991,1374403,420000
5,M0,781,1374507,1375919,420000
5,M0,782,1376440,1377852,420000
5,M0,783,1377986,1379398,420000
5,M0,784,1380092,1381504,420000
5,M0,785,1381387,1382912,420000
5,M0,786,1383283,1384695,420000
5,M0,787,1385135,1386547,420000
5,M0,788,1387008,1388420,420000
5,M0,789,1388317,1389828,420000
5,M0,790,1390677,1392089,420000
5,M0,791,1391887,1393497,420000
5,M0,792,1393949,1395361,420000
5,M0,793,1396036,1397448,420000
5,M0,794,1397684,1399096,420000
5,M0,795,1399368,1400780,420000
5,M0,796,1400974,1402386,420000
5,M0,797,1402760,1404172,420000
5,M0,798,1404103,1405580,420000
5,M0,799,1406250,1407662,420000
5,M0,800,1408312,1409724,420000
5,M0,801,1410153,1411565,420000
5,M0,802,1411615,1413027,420000
5,M0,803,1413428,1414840,420000
5,M0,804,1414724,1416248,420000
5,M0,805,1416502,1417914,420000
5,M0,806,1418645,1420057,420000
5,M0,807,1419982,1421465,420000
5,M0,808,1421889,1423301,420000
5,M0,809,1423773,1425185,420000
5,M0,810,1425727,1427139,420000
5,M0,811,1427038,1428547,420000
5,M0,812,1429040,1430452,420000
5,M0,813,1430576,1431988,420000
5,M0,814,1432624,1434036,420000
5,M0,815,1434512,1435924,420000
5,M0,816,1436476,1437888,420000
5,M0,817,1437679,1439296,420000
5,M0,818,1439851,1441263,420000
5,M0,819,1441627,1443039,420000
5,M0,820,1442818,1444447,420000
5,M0,821,1444874,1446286,420000
5,M0,822,1446337,1447749,420000
5,M0,823,1448600,1450012,420000
5,M0,824,1450165,1451577,420000
5,M0,825,1451845,1453257,420000
5,M0,826,1453820,1455232,420000
5,M0,827,1455595,1457007,420000
5,M0,828,1457007,1458419,420000
5,M0,829,1458715,1460127,420000
5,M0,830,1461064,1462476,420000
5,M0,831,1462283,1463884,420000
5,M0,832,1464557,1465969,420000
5,M0,833,1466250,1467662,420000
5,M0,834,1467534,1469070,420000
5,M0,835,1469796,1471208,420000
5,M0,836,1471229,1472641,420000
5,M0,837,1473469,1474881,420000
5,M0,838,1475001,1476413,420000
5,M0,839,1476465,1477877,420000
5,M0,840,1478393,1479805,420000
5,M0,841,1480316,1481728,420000
5,M0,842,1482020,1483432,420000
5,M0,843,1483476,1484888,420000
5,M0,844,1485152,1486564,420000
5,M0,845,1487364,1488776,420000
5,M0,846,1489249,1490661,420000
5,M0,847,1490392,1492069,420000
5,M0,848,1492854,1494266,420000
5,M0,849,1494091,1495674,420000
5,M0,850,1495950,1497362,420000
5,M0,851,1498101,1499513,420000
5,M0,852,1499154,1500921,420000
5,M0,853,1501536,1502948,420000
5,M0,854,1503413,1504825,420000
5,M0,855,1504462,1506233,420000
5,M0,856,1506774,1508186,420000
5,M0,857,1508621,1510033,420000
5,M0,858,1509961,1511441,420000
5,M0,859,1511443,1512855,420000
5,M0,860,1513796,1515208,420000
5,M0,861,1515601,1517013,420000
5,M0,862,1517190,1518602,420000
5,M0,863,1518798,1520210,420000
5,M0,864,1520774,1522186,420000
5,M0,865,1522127,1523594,420000
5,M0,866,1524263,1525675,420000
5,M0,867,1525777,1527189,420000
5,M0,868,1527629,1529041,420000
5,M0,869,1529141,1530553,420000
5,M0,870,1530854,1532266,420000
5,M0,871,1533351,1534763,420000
5,M0,872,1534678,1536171,420000
5,M0,873,1536473,1537885,420000
5,M0,874,1538175,1539587,420000
5,M0,875,1539766,1541178,420000
5,M0,876,1542111,1543523,420000
5,M0,877,1543232,1544931,420000
5,M0,878,1545228,1546640,420000
5,M0,879,1546885,1548297,420000
5,M0,880,1548613,1550025,420000
5,M0,881,1550705,1552117,420000
5,M0,882,1552036,1553525,420000
5,M0,883,1554177,1555589,420000
5,M0,884,1556071,1557483,420000
5,M0,885,1557361,1558891,420000
5,M0,886,1559113,1560525,420000
5,M0,887,1560836,1562248,420000
5,M0,888,1563054,1564466,420000
5,M0,889,1564329,1565874,420000
5,M0,890,1566104,1567516,420000
5,M0,891,1568166,1569578,420000
5,M0,892,1570052,1571464,420000
5,M0,893,1571422,1572872,420000
5,M0,894,1573380,1574792,420000
5,M0,895,1575090,1576502,420000
5,M0,896,1576811,1578223,420000
5,M0,897,1578948,1580360,420000
5,M0,898,1580343,1581768,420000
5,M0,899,1582410,1583822,420000
5,M0,900,1584108,1585520,420000
5,M0,901,1585862,1587274,420000
5,M0,902,1587340,1588752,420000
5,M0,903,1588945,1590357,420000
5,M0,904,1590659,1592071,420000
5,M0,905,1592543,1593955,420000
5,M0,906,1594205,1595617,420000
5,M0,907,1596205,1597617,420000
5,M0,908,1597782,1599194,420000
5,M0,909,1599529,1600941,420000
5,M0,910,1601777,1603189,420000
5,M0,911,1603431,1604843,420000
5,M0,912,1605269,1606681,420000
5,M0,913,1607110,1608522,420000
5,M0,914,1608996,1610408,420000
5,M0,915,1610010,1611816,420000
5,M0,916,1612459,1613871,420000
5,M0,917,1613726,1615279,420000
5,M0,918,1615753,1617165,420000
5,M0,919,1617594,1619006,420000
5,M0,920,1618925,1620414,420000
5,M0,921,1621261,1622673,420000
5,M0,922,1622431,1624081,420000
5,M0,923,1624538,1625950,420000
5,M0,924,1626578,1627990,420000
5,M0,925,1628399,1629811,420000
5,M0,926,1629854,1631266,420000
5,M0,927,1631294,1632706,420000
5,M0,928,1633229,1634641,420000
5,M0,929,1634801,1636213,420000
5,M0,930,1636806,1638218,420000
5,M0,931,1638937,1640349,420000
5,M0,932,1640524,1641936,420000
5,M0,933,1642045,1643457,420000
5,M0,934,1643495,1644907,420000
5,M0,935,1645456,1646868,420000
5,M0,936,1647305,1648717,420000
5,M0,937,1649014,1650426,420000
5,M0,938,1650997,1652409,420000
5,M0,939,1652446,1653858,420000
5,M0,940,1654652,1656064,420000
5,M0,941,1656457,1657869,420000
5,M0,942,1657779,1659277,420000
5,M0,943,1659929,1661341,420000
5,M0,944,1661403,1662815,420000
5,M0,945,1662801,1664223,420000
5,M0,946,1664981,1666393,420000
5,M0,947,1666776,1668188,420000
5,M0,948,1668352,1669764,420000
5,M0,949,1670065,1671477,420000
5,M0,950,1672023,1673435,420000
5,M0,951,1673393,1674843,420000
5,M0,952,1675321,1676733,420000
5,M0,953,1677304,1678716,420000
5,M0,954,1679440,1680852,420000
5,M0,955,1680684,1682260,420000
5,M0,956,1682256,1683668,420000
5,M0,957,1684034,1685446,420000
5,M0,958,1685854,1687266,420000
5,M0,959,1687441,1688853,420000
5,M0,960,1689830,1691242,420000
5,M0,961,1691599,1693011,420000
5,M0,962,1692956,1694419,420000
5,M0,963,1695258,1696670,420000
5,M0,964,1696840,1698252,420000
5,M0,965,1698617,1700029,420000
5,M0,966,1700557,1701969,420000
5,M0,967,1702304,1703716,420000
5,M0,968,1704070,1705482,420000
5,M0,969,1705341,1706890,420000
5,M0,970,1707344,1708756,420000
5,M0,971,1709091,1710503,420000
5,M0,972,1710863,1712275,420000
5,M0,973,1712657,1714069,420000
5,M0,974,1714389,1715801,420000
5,M0,975,1716244,1717656,420000
5,M0,976,1717874,1719286,420000
5,M0,977,1719478,1720890,420000
5,M0,978,1721498,1722910,420000
5,M0,979,1723033,1724445,420000
5,M0,980,1724591,1726003,420000
5,M0,981,1726568,1727980,420000
5,M0,982,1728654,1730066,420000
5,M0,983,1730027,1731474,420000
5,M0,984,1731961,1733373,420000
5,M0,985,1733449,1734861,420000
5,M0,986,1735731,1737143,420000
5,M0,987,1736737,1738551,420000
5,M0,988,1738955,1740367,420000
5,M0,989,1740832,1742244,420000
5,M0,990,1742657,1744069,420000
5,M0,991,1744297,1745709,420000
5,M0,992,1745652,1747117,420000
5,M0,993,1747588,1749000,420000
5,M0,994,1749166,1750578,420000
5,M0,995,1750958,1752370,420000
5,M0,996,1752880,1754292,420000
5,M0,997,1754688,1756100,420000
5,M0,998,1756350,1757762,420000
5,M0,999,1757878,1759290,420000
5,M1,0,0,1420,13500
5,M1,1,2088,3508,13500
5,M1,2,3910,5330,13500
5,M1,3,5104,6738,1500
5,M1,4,7362,8782,13500
5,M1,5,8719,10190,1500
5,M1,6,10731,12151,13500
5,M1,7,12604,14024,13500
5,M1,8,14370,15790,13500
5,M1,9,15594,17198,1500
5,M1,10,17775,19195,13500
5,M1,11,19230,20650,13500
5,M1,12,20922,22342,13500
5,M1,13,22939,24359,13500
5,M1,14,24782,26202,13500
5,M1,15,26416,27836,13500
5,M1,16,28073,29493,13500
5,M1,17,30215,31635,13500
5,M1,18,31880,33300,13500
5,M1,19,33151,34708,1500
5,M1,20,35260,36680,13500
5,M1,21,37300,38720,13500
5,M1,22,38850,40270,13500
5,M1,23,40398,41818,13500
5,M1,24,42143,43563,13500
5,M1,25,44050,45470,13500
5,M1,26,45884,47304,13500
5,M1,27,47919,49339,13500
5,M1,28,49095,50747,1500
5,M1,29,51427,52847,13500
5,M1,30,52636,54255,1500
5,M1,31,54592,56012,13500
5,M1,32,56541,57961,13500
5,M1,33,58153,59573,13500
5,M1,34,59579,60999,13500
5,M1,35,61879,63299,13500
5,M1,36,63192,64707,1500
5,M1,37,64993,66413,13500
5,M1,38,66540,67960,13500
5,M1,39,68350,69770,13500
5,M1,40,70357,71777,13500
5,M1,41,72296,73716,13500
5,M1,42,73561,75124,1500
5,M1,43,75518,76938,13500
5,M1,44,77667,79087,13500
5,M1,45,79504,80924,13500
5,M1,46,80819,82332,1500
5,M1,47,82732,84152,13500
5,M1,48,84728,86148,13500
5,M1,49,86627,88047,13500
5,M1,50,88115,89535,13500
5,M1,51,89772,91192,13500
5,M1,52,91318,92738,13500
5,M1,53,93209,94629,13500
5,M1,54,94748,96168,13500
5,M1,55,96883,98303,13500
5,M1,56,98304,99724,13500
5,M1,57,100633,102053,13500
5,M1,58,102051,103471,13500
5,M1,59,104227,105647,13500
5,M1,60,105639,107059,7500
5,M1,61,107724,109144,13500
5,M1,62,109141,110561,13500
5,M1,63,111223,112643,13500
5,M1,64,112753,114173,13500
5,M1,65,114375,115795,13500
5,M1,66,116388,117808,13500
5,M1,67,118241,119661,13500
5,M1,68,119880,121300,13500
5,M1,69,121471,122891,13500
5,M1,70,122990,124410,13500
5,M1,71,124793,126213,13500
5,M1,72,126411,127831,13500
5,M1,73,128443,129863,13500
5,M1,74,129963,131383,13500
5,M1,75,132006,133426,13500
5,M1,76,133492,134912,13500
5,M1,77,135340,136760,13500
5,M1,78,137367,138787,13500
5,M1,79,138744,140195,1500
5,M1,80,140835,142255,13500
5,M1,81,142903,144323,13500
5,M1,82,144489,145909,13500
5,M1,83,145926,147346,13500
5,M1,84,147586,149006,13500
5,M1,85,149464,150884,13500
5,M1,86,151081,152501,13500
5,M1,87,152807,154227,13500
5,M1,88,154659,156079,13500
5,M1,89,156620,158040,13500
5,M1,90,158326,159746,13500
5,M1,91,160003,161423,13500
5,M1,92,161808,163228,13500
5,M1,93,163397,164817,13500
5,M1,94,165411,166831,13500
5,M1,95,167475,168895,13500
5,M1,96,168966,170386,13500
5,M1,97,171033,172453,13500
5,M1,98,172287,173861,1500
5,M1,99,174601,176021,13500
5,M1,100,176124,177544,13500
5,M1,101,177597,179017,13500
5,M1,102,179663,181083,13500
5,M1,103,180987,182491,1500
5,M1,104,182951,184371,13500
5,M1,105,185122,186542,13500
5,M1,106,186323,187950,1500
5,M1,107,187936,189358,1500
5,M1,108,189920,191340,13500
5,M1,109,192031,193451,13500
5,M1,110,193635,195055,13500
5,M1,111,195627,197047,13500
5,M1,112,197396,198816,13500
5,M1,113,199145,200565,13500
5,M1,114,200524,201973,1500
5,M1,115,202233,203653,13500
5,M1,116,203908,205328,13500
5,M1,117,206050,207470,13500
5,M1,118,207798,209218,13500
5,M1,119,209388,210808,13500
5,M1,120,210978,212398,13500
5,M1,121,212977,214397,13500
5,M1,122,214374,215805,1500
5,M1,123,216799,218219,13500
5,M1,124,218513,219933,13500
5,M1,125,219735,221341,1500
5,M1,126,222045,223465,13500
5,M1,127,223561,224981,13500
5,M1,128,225340,226760,13500
5,M1,129,226998,228418,13500
5,M1,130,228745,230165,13500
5,M1,131,230628,232048,13500
5,M1,132,232561,233981,13500
5,M1,133,233683,235389,1500
5,M1,134,235622,237042,13500
5,M1,135,237545,238965,13500
5,M1,136,239678,241098,13500
5,M1,137,240979,242506,1500
5,M1,138,242497,243917,6000
5,M1,139,244745,246165,13500
5,M1,140,246309,247729,13500
5,M1,141,248105,249525,13500
5,M1,142,249986,251406,13500
5,M1,143,251963,253383,13500
5,M1,144,253426,254846,13500
5,M1,145,255573,256993,13500
5,M1,146,256825,258401,1500
5,M1,147,258841,260261,13500
5,M1,148,260409,261829,13500
5,M1,149,262041,263461,13500
5,M1,150,263844,265264,13500
5,M1,151,265933,267353,13500
5,M1,152,267828,269248,13500
5,M1,153,269289,270709,13500
5,M1,154,271354,272774,13500
5,M1,155,272805,274225,13500
5,M1,156,274624,276044,13500
5,M1,157,276401,277821,13500
5,M1,158,278093,279513,13500
5,M1,159,279641,281061,13500
5,M1,160,281443,282863,13500
5,M1,161,283643,285063,13500
5,M1,162,285263,286683,13500
5,M1,163,286697,288117,13500
5,M1,164,288358,289778,13500
5,M1,165,290587,292007,13500
5,M1,166,292222,293642,13500
5,M1,167,294230,295650,13500
5,M1,168,295794,297214,13500
5,M1,169,297522,298942,13500
5,M1,170,299383,300803,13500
5,M1,171,300725,302211,1500
5,M1,172,302895,304315,13500
5,M1,173,304090,305723,1500
5,M1,174,306443,307863,13500
5,M1,175,308081,309501,13500
5,M1,176,310051,311471,13500
5,M1,177,311287,312879,1500
5,M1,178,313196,314616,13500
5,M1,179,315258,316678,13500
5,M1,180,316741,318161,13500
5,M1,181,318476,319896,13500
5,M1,182,320553,321973,13500
5,M1,183,322138,323558,13500
5,M1,184,323821,325241,13500
5,M1,185,325370,326790,13500
5,M1,186,327413,328833,13500
5,M1,187,328913,330333,13500
5,M1,188,331026,332446,13500
5,M1,189,332603,334023,13500
5,M1,190,334452,335872,13500
5,M1,191,336334,337754,13500
5,M1,192,337852,339272,13500
5,M1,193,339506,340926,13500
5,M1,194,341157,342577,13500
5,M1,195,343240,344660,13500
5,M1,196,345224,346644,13500
5,M1,197,346541,348052,1500
5,M1,198,348574,349994,13500
5,M1,199,350408,351828,13500
5,M1,200,352291,353711,13500
5,M1,201,353515,355119,1500
5,M1,202,355529,356949,13500
5,M1,203,357657,359077,13500
5,M1,204,359161,360581,13500
5,M1,205,360799,362219,13500
5,M1,206,362630,364050,13500
5,M1,207,364214,365634,13500
5,M1,208,366269,367689,13500
5,M1,209,367545,369097,1500
5,M1,210,369733,371153,13500
5,M1,211,371110,372561,1500
5,M1,212,372957,374377,13500
5,M1,213,375086,376506,13500
5,M1,214,376704,378124,13500
5,M1,215,378599,380019,13500
5,M1,216,380311,381731,13500
5,M1,217,381779,383199,13500
5,M1,218,384079,385499,13500
5,M1,219,385560,386980,13500
5,M1,220,387416,388836,13500
5,M1,221,388886,390306,13500
5,M1,222,391023,392443,13500
5,M1,223,392821,394241,13500
5,M1,224,393943,395649,1500
5,M1,225,395984,397404,13500
5,M1,226,397603,399023,13500
5,M1,227,399289,400709,13500
5,M1,228,401069,402489,13500
5,M1,229,403063,404483,13500
5,M1,230,405092,406512,13500
5,M1,231,406903,408323,13500
5,M1,232,408523,409943,13500
5,M1,233,410406,411826,13500
5,M1,234,411486,413234,1500
5,M1,235,413369,414789,13500
5,M1,236,414979,416399,13500
5,M1,237,416810,418230,13500
5,M1,238,419104,420524,13500
5,M1,239,420619,422039,13500
5,M1,240,422784,424204,13500
5,M1,241,424073,425612,1500
5,M1,242,425647,427067,13500
5,M1,243,427910,429330,13500
5,M1,244,429761,431181,13500
5,M1,245,430908,432589,1500
5,M1,246,433196,434616,13500
5,M1,247,434464,436024,1500
5,M1,248,436554,437974,13500
5,M1,249,438511,439931,13500
5,M1,250,439615,441339,1500
5,M1,251,441591,443011,13500
5,M1,252,443836,445256,13500
5,M1,253,445544,446964,13500
5,M1,254,447306,448726,13500
5,M1,255,448955,450375,13500
5,M1,256,450678,452098,13500
5,M1,257,452425,453845,13500
5,M1,258,453685,455253,1500
5,M1,259,456089,457509,13500
5,M1,260,457762,459182,13500
5,M1,261,459425,460845,13500
5,M1,262,461383,462803,13500
5,M1,263,463259,464679,13500
5,M1,264,464899,466319,13500
5,M1,265,466559,467979,13500
5,M1,266,467952,469387,1500
5,M1,267,470259,471679,13500
5,M1,268,471579,473087,1500
5,M1,269,473653,475073,13500
5,M1,270,475167,476587,13500
5,M1,271,477230,478650,13500
5,M1,272,479058,480478,13500
5,M1,273,480255,481886,1500
5,M1,274,482308,483728,13500
5,M1,275,483859,485279,13500
5,M1,276,485405,486825,13500
5,M1,277,487715,489135,13500
5,M1,278,489194,490614,13500
5,M1,279,490711,492131,13500
5,M1,280,492691,494111,13500
5,M1,281,494409,495829,13500
5,M1,282,496617,498037,13500
5,M1,283,498379,499799,13500
5,M1,284,499774,501207,1500
5,M1,285,501312,502732,13500
5,M1,286,503041,504461,13500
5,M1,287,505164,506584,13500
5,M1,288,507189,508609,13500
5,M1,289,508416,510017,1500
5,M1,290,510073,511493,13500
5,M1,291,512414,513834,13500
5,M1,292,514170,515590,13500
5,M1,293,515574,516998,1500
5,M1,294,517287,518707,13500
5,M1,295,518869,520289,13500
5,M1,296,521008,522428,13500
5,M1,297,522846,524266,13500
5,M1,298,524450,525870,13500
5,M1,299,526366,527786,13500
5,M1,300,528338,529758,13500
5,M1,301,530134,531554,13500
5,M1,302,531464,532962,1500
5,M1,303,533082,534502,13500
5,M1,304,535041,536461,13500
5,M1,305,536773,538193,13500
5,M1,306,538787,540207,13500
5,M1,307,540315,541735,13500
5,M1,308,542329,543749,13500
5,M1,309,543731,545157,1500
5,M1,310,545983,547403,13500
5,M1,311,547322,548811,1500
5,M1,312,549154,550574,13500
5,M1,313,551157,552577,13500
5,M1,314,552700,554120,13500
5,M1,315,554656,556076,13500
5,M1,316,556042,557484,1500
5,M1,317,558243,559663,13500
5,M1,318,559361,561071,1500
5,M1,319,561160,562580,13500
5,M1,320,562922,564342,13500
5,M1,321,565243,566663,13500
5,M1,322,566660,568080,13500
5,M1,323,568700,570120,13500
5,M1,324,570370,571790,13500
5,M1,325,571945,573365,13500
5,M1,326,573799,575219,13500
5,M1,327,575120,576627,1500
5,M1,328,577148,578568,13500
5,M1,329,579272,580692,13500
5,M1,330,580817,582237,13500
5,M1,331,582374,583794,13500
5,M1,332,584071,585491,13500
5,M1,333,586333,587753,13500
5,M1,334,588194,589614,13500
5,M1,335,589514,591022,1500
5,M1,336,591508,592928,13500
5,M1,337,593425,594845,13500
5,M1,338,594523,596253,1500
5,M1,339,596704,598124,13500
5,M1,340,598355,599775,13500
5,M1,341,600258,601678,13500
5,M1,342,601654,603086,1500
5,M1,343,603821,605241,13500
5,M1,344,605177,606649,1500
5,M1,345,607334,608754,13500
5,M1,346,608729,610162,1500
5,M1,347,611028,612448,13500
5,M1,348,612756,614176,13500
5,M1,349,614399,615819,13500
5,M1,350,616253,617673,13500
5,M1,351,617617,619081,1500
5,M1,352,619383,620803,13500
5,M1,353,620973,622393,13500
5,M1,354,623276,624696,13500
5,M1,355,625192,626612,13500
5,M1,356,626683,628103,13500
5,M1,357,628042,629511,1500
5,M1,358,629833,631253,13500
5,M1,359,631645,633065,13500
5,M1,360,633223,634643,13500
5,M1,361,635446,636866,13500
5,M1,362,636881,638301,13500
5,M1,363,639121,640541,13500
5,M1,364,640826,642246,13500
5,M1,365,642746,644166,13500
5,M1,366,644420,645840,13500
5,M1,367,646130,647550,13500
5,M1,368,647394,648958,1500
5,M1,369,649097,650517,13500
5,M1,370,651450,652870,13500
5,M1,371,653174,654594,13500
5,M1,372,655025,656445,13500
5,M1,373,656846,658266,13500
5,M1,374,657985,659674,1500
5,M1,375,659683,661103,13500
5,M1,376,661463,662883,13500
5,M1,377,663600,665020,13500
5,M1,378,664885,666428,1500
5,M1,379,667162,668582,13500
5,M1,380,668771,670191,13500
5,M1,381,670868,672288,13500
5,M1,382,672649,674069,13500
5,M1,383,674074,675494,13500
5,M1,384,675755,677175,13500
5,M1,385,677989,679409,13500
5,M1,386,679552,680972,13500
5,M1,387,680796,682380,1500
5,M1,388,682505,683925,13500
5,M1,389,684867,686287,13500
5,M1,390,686216,687695,1500
5,M1,391,687919,689339,13500
5,M1,392,689577,690997,13500
5,M1,393,691584,693004,13500
5,M1,394,693591,695011,13500
5,M1,395,694922,696419,1500
5,M1,396,697279,698699,13500
5,M1,397,698352,700107,1500
5,M1,398,700650,702070,13500
5,M1,399,701954,703478,1500
5,M1,400,704087,705507,13500
5,M1,401,705684,707104,13500
5,M1,402,707796,709216,13500
5,M1,403,708993,710624,1500
5,M1,404,710850,712270,13500
5,M1,405,712525,713945,13500
5,M1,406,714955,716375,13500
5,M1,407,716645,718065,13500
5,M1,408,718201,719621,13500
5,M1,409,719774,721194,13500
5,M1,410,721633,723053,13500
5,M1,411,723742,725162,13500
5,M1,412,725486,726906,13500
5,M1,413,726846,728314,1500
5,M1,414,728455,729875,13500
5,M1,415,730263,731683,13500
5,M1,416,731951,733371,13500
5,M1,417,734019,735439,13500
5,M1,418,735889,737309,13500
5,M1,419,737755,739175,13500
5,M1,420,739107,740583,1500
5,M1,421,740581,742001,13500
5,M1,422,742778,744198,13500
5,M1,423,744465,745885,13500
5,M1,424,746290,747710,13500
5,M1,425,748005,749425,13500
5,M1,426,749883,751303,13500
5,M1,427,751787,753207,13500
5,M1,428,752962,754615,1500
5,M1,429,754944,756364,13500
5,M1,430,757064,758484,13500
5,M1,431,758932,760352,13500
5,M1,432,760338,761760,1500
5,M1,433,762294,763714,13500
5,M1,434,764189,765609,13500
5,M1,435,765454,767017,1500
5,M1,436,767329,768749,13500
5,M1,437,768954,770374,13500
5,M1,438,770844,772264,13500
5,M1,439,772527,773947,13500
5,M1,440,774466,775886,13500
5,M1,441,776047,777467,13500
5,M1,442,778320,779740,13500
5,M1,443,779893,781313,13500
5,M1,444,781386,782806,13500
5,M1,445,783158,784578,13500
5,M1,446,784981,786401,13500
5,M1,447,786473,787893,13500
5,M1,448,788629,790049,13500
5,M1,449,790573,791993,13500
5,M1,450,791691,793401,1500
5,M1,451,793612,795032,13500
5,M1,452,795159,796579,13500
5,M1,453,797558,798978,13500
5,M1,454,799220,800640,13500
5,M1,455,800678,802098,13500
5,M1,456,802227,803647,13500
5,M1,457,804422,805842,13500
5,M1,458,806075,807495,13500
5,M1,459,807564,808984,13500
5,M1,460,809548,810968,13500
5,M1,461,811367,812787,13500
5,M1,462,813489,814909,13500
5,M1,463,814605,816317,1500
5,M1,464,816716,818136,13500
5,M1,465,818410,819830,13500
5,M1,466,819924,821344,13500
5,M1,467,822251,823671,13500
5,M1,468,823415,825079,1500
5,M1,469,825328,826748,13500
5,M1,470,827298,828718,13500
5,M1,471,828611,830126,1500
5,M1,472,830697,832117,13500
5,M1,473,832357,833777,13500
5,M1,474,833944,835364,13500
5,M1,475,836308,837728,13500
5,M1,476,837520,839136,1500
5,M1,477,839668,841088,13500
5,M1,478,841331,842751,13500
5,M1,479,842942,844362,13500
5,M1,480,844573,845993,13500
5,M1,481,846762,848182,13500
5,M1,482,848263,849683,13500
5,M1,483,850387,851807,13500
5,M1,484,852077,853497,13500
5,M1,485,853672,855092,13500
5,M1,486,855313,856733,13500
5,M1,487,857206,858626,13500
5,M1,488,859165,860585,13500
5,M1,489,860377,861993,1500
5,M1,490,862292,863712,13500
5,M1,491,864393,865813,13500
5,M1,492,866266,867686,13500
5,M1,493,867853,869273,13500
5,M1,494,869115,870681,1500
5,M1,495,870929,872349,13500
5,M1,496,872927,874347,13500
5,M1,497,874480,875900,13500
5,M1,498,876830,878250,13500
5,M1,499,878437,879857,13500
5,M1,500,879729,881265,1500
5,M1,501,882000,883420,13500
5,M1,502,883692,885112,13500
5,M1,503,885204,886624,13500
5,M1,504,887071,888491,13500
5,M1,505,889041,890461,13500
5,M1,506,890622,892042,13500
5,M1,507,892703,894123,13500
5,M1,508,894300,895720,13500
5,M1,509,896092,897512,13500
5,M1,510,897436,898920,1500
5,M1,511,899109,900529,13500
5,M1,512,901123,902543,13500
5,M1,513,903164,904584,13500
5,M1,514,904720,906140,13500
5,M1,515,906443,907863,13500
5,M1,516,908554,909974,13500
5,M1,517,910251,911671,13500
5,M1,518,911772,913192,13500
5,M1,519,913322,914742,13500
5,M1,520,915576,916996,13500
5,M1,521,916884,918404,1500
5,M1,522,919072,920492,13500
5,M1,523,920190,921900,1500
5,M1,524,922268,923688,13500
5,M1,525,923609,925096,1500
5,M1,526,925462,926882,13500
5,M1,527,927204,928624,13500
5,M1,528,929604,931024,13500
5,M1,529,931226,932646,13500
5,M1,530,932775,934195,13500
5,M1,531,934842,936262,13500
5,M1,532,936594,938014,13500
5,M1,533,938328,939748,13500
5,M1,534,940059,941479,13500
5,M1,535,941891,943311,13500
5,M1,536,943726,945146,13500
5,M1,537,945060,946554,1500
5,M1,538,947223,948643,13500
5,M1,539,948284,950051,1500
5,M1,540,950189,951609,13500
5,M1,541,952044,953464,13500
5,M1,542,953758,955178,13500
5,M1,543,955806,957226,13500
5,M1,544,957250,958670,13500
5,M1,545,959596,961016,13500
5,M1,546,961241,962661,13500
5,M1,547,962826,964246,13500
5,M1,548,964495,965915,13500
5,M1,549,966003,967423,13500
5,M1,550,967867,969287,13500
5,M1,551,970079,971499,13500
5,M1,552,971836,973256,13500
5,M1,553,972926,974664,1500
5,M1,554,975271,976691,13500
5,M1,555,976854,978274,13500
5,M1,556,978770,980190,13500
5,M1,557,980054,981598,1500
5,M1,558,982293,983713,13500
5,M1,559,983927,985347,13500
5,M1,560,985299,986755,1500
5,M1,561,987695,989115,13500
5,M1,562,989452,990872,13500
5,M1,563,991016,992436,13500
5,M1,564,992516,993936,13500
5,M1,565,994657,996077,13500
5,M1,566,995983,997485,1500
5,M1,567,998186,999606,13500
5,M1,568,999660,1001080,13500
5,M1,569,1001362,1002782,13500
5,M1,570,1003326,1004746,13500
5,M1,571,1005151,1006571,13500
5,M1,572,1006801,1008221,13500
5,M1,573,1008710,1010130,13500
5,M1,574,1010628,1012048,13500
5,M1,575,1012388,1013808,13500
5,M1,576,1013586,1015216,1500
5,M1,577,1015462,1016882,13500
5,M1,578,1017318,1018738,13500
5,M1,579,1019026,1020446,13500
5,M1,580,1020400,1021854,1500
5,M1,581,1022613,1024033,13500
5,M1,582,1024149,1025569,13500
5,M1,583,1026443,1027863,13500
5,M1,584,1027646,1029271,1500
5,M1,585,1029884,1031304,13500
5,M1,586,1031511,1032931,13500
5,M1,587,1033385,1034805,13500
5,M1,588,1035082,1036502,13500
5,M1,589,1036632,1038052,13500
5,M1,590,1038598,1040018,13500
5,M1,591,1040448,1041868,13500
5,M1,592,1041608,1043276,1500
5,M1,593,1043730,1045150,13500
5,M1,594,1045283,1046703,13500
5,M1,595,1047151,1048571,13500
5,M1,596,1049085,1050505,13500
5,M1,597,1051058,1052478,13500
5,M1,598,1052261,1053886,1500
5,M1,599,1054458,1055878,13500
5,M1,600,1055847,1057286,1500
5,M1,601,1057367,1058787,13500
5,M1,602,1059614,1061034,13500
5,M1,603,1061037,1062457,13500
5,M1,604,1062783,1064203,13500
5,M1,605,1065065,1066485,13500
5,M1,606,1066215,1067893,1500
5,M1,607,1068080,1069500,13500
5,M1,608,1070429,1071849,13500
5,M1,609,1072147,1073567,13500
5,M1,610,1073488,1074975,1500
5,M1,611,1075286,1076706,13500
5,M1,612,1077011,1078431,13500
5,M1,613,1079117,1080537,13500
5,M1,614,1081013,1082433,13500
5,M1,615,1082027,1083841,1500
5,M1,616,1084450,1085870,13500
5,M1,617,1086187,1087607,13500
5,M1,618,1087785,1089205,13500
5,M1,619,1089079,1090613,1500
5,M1,620,1090839,1092259,13500
5,M1,621,1093027,1094447,13500
5,M1,622,1095108,1096528,13500
5,M1,623,1096361,1097936,1500
5,M1,624,1098563,1099983,13500
5,M1,625,1099754,1101391,1500
5,M1,626,1101977,1103397,13500
5,M1,627,1103528,1104948,13500
5,M1,628,1105218,1106638,13500
5,M1,629,1107018,1108438,13500
5,M1,630,1108651,1110071,13500
5,M1,631,1110163,1111583,13500
5,M1,632,1112593,1114013,13500
5,M1,633,1114302,1115722,13500
5,M1,634,1116231,1117651,13500
5,M1,635,1117350,1119059,1500
5,M1,636,1119080,1120500,13500
5,M1,637,1120759,1122179,13500
5,M1,638,1122635,1124055,13500
5,M1,639,1124732,1126152,13500
5,M1,640,1126668,1128088,13500
5,M1,641,1128432,1129852,13500
5,M1,642,1129728,1131260,1500
5,M1,643,1131717,1133137,13500
5,M1,644,1133091,1134545,1500
5,M1,645,1135404,1136824,13500
5,M1,646,1136669,1138232,1500
5,M1,647,1139076,1140496,13500
5,M1,648,1140839,1142259,13500
5,M1,649,1142160,1143667,1500
5,M1,650,1143944,1145364,13500
5,M1,651,1145602,1147022,13500
5,M1,652,1147315,1148735,13500
5,M1,653,1149126,1150546,13500
5,M1,654,1151243,1152663,13500
5,M1,655,1152554,1154071,1500
5,M1,656,1154526,1155946,13500
5,M1,657,1156713,1158133,13500
5,M1,658,1157839,1159541,1500
5,M1,659,1160095,1161515,13500
5,M1,660,1161799,1163219,13500
5,M1,661,1163613,1165033,13500
5,M1,662,1164748,1166441,1500
5,M1,663,1166925,1168345,13500
5,M1,664,1168359,1169779,13500
5,M1,665,1170325,1171745,13500
5,M1,666,1172500,1173920,13500
5,M1,667,1173774,1175328,1500
5,M1,668,1176007,1177427,13500
5,M1,669,1177800,1179220,13500
5,M1,670,1179423,1180843,13500
5,M1,671,1180985,1182405,13500
5,M1,672,1182327,1183813,1500
5,M1,673,1184531,1185951,13500
5,M1,674,1186553,1187973,13500
5,M1,675,1188226,1189646,13500
5,M1,676,1189565,1191054,1500
5,M1,677,1191842,1193262,13500
5,M1,678,1193047,1194670,1500
5,M1,679,1194732,1196152,13500
5,M1,680,1196507,1197927,13500
5,M1,681,1198386,1199806,13500
5,M1,682,1200353,1201773,13500
5,M1,683,1202427,1203847,13500
5,M1,684,1203444,1205255,1500
5,M1,685,1205405,1206825,13500
5,M1,686,1207710,1209130,13500
5,M1,687,1208935,1210538,1500
5,M1,688,1210915,1212335,13500
5,M1,689,1212874,1214294,13500
5,M1,690,1214029,1215702,1500
5,M1,691,1216151,1217571,13500
5,M1,692,1218149,1219569,13500
5,M1,693,1219460,1220977,1500
5,M1,694,1221056,1222476,13500
5,M1,695,1222820,1224240,13500
5,M1,696,1224902,1226322,13500
5,M1,697,1226366,1227786,13500
5,M1,698,1228331,1229751,13500
5,M1,699,1229918,1231338,13500
5,M1,700,1232227,1233647,13500
5,M1,701,1233764,1235184,13500
5,M1,702,1235530,1236950,13500
5,M1,703,1237259,1238679,13500
5,M1,704,1238817,1240237,13500
5,M1,705,1241048,1242468,13500
5,M1,706,1242167,1243876,1500
5,M1,707,1244697,1246117,13500
5,M1,708,1246355,1247775,13500
5,M1,709,1248077,1249497,13500
5,M1,710,1249743,1251163,13500
5,M1,711,1251751,1253171,13500
5,M1,712,1253191,1254611,13500
5,M1,713,1255213,1256633,13500
5,M1,714,1256290,1258041,1500
5,M1,715,1258711,1260131,13500
5,M1,716,1260111,1261539,1500
5,M1,717,1261700,1263120,13500
5,M1,718,1263781,1265201,13500
5,M1,719,1265545,1266965,13500
5,M1,720,1266825,1268373,1500
5,M1,721,1269061,1270481,13500
5,M1,722,1270578,1271998,13500
5,M1,723,1272577,1273997,13500
5,M1,724,1274055,1275475,13500
5,M1,725,1276313,1277733,13500
5,M1,726,1278088,1279508,13500
5,M1,727,1279542,1280962,13500
5,M1,728,1281415,1282835,13500
5,M1,729,1282741,1284243,1500
5,M1,730,1284661,1286081,13500
5,M1,731,1286744,1288164,13500
5,M1,732,1288502,1289922,13500
5,M1,733,1290356,1291776,13500
5,M1,734,1291991,1293411,13500
5,M1,735,1293595,1295015,13500
5,M1,736,1295141,1296561,13500
5,M1,737,1297325,1298745,13500
5,M1,738,1298579,1300153,1500
5,M1,739,1300609,1302029,13500
5,M1,740,1302302,1303722,13500
5,M1,741,1303912,1305332,13500
5,M1,742,1305841,1307261,13500
5,M1,743,1307805,1309225,13500
5,M1,744,1309114,1310633,1500
5,M1,745,1311239,1312659,13500
5,M1,746,1313098,1314518,13500
5,M1,747,1314657,1316077,13500
5,M1,748,1316323,1317743,13500
5,M1,749,1318107,1319527,13500
5,M1,750,1319787,1321207,13500
5,M1,751,1321664,1323084,13500
5,M1,752,1323232,1324652,13500
5,M1,753,1325212,1326632,13500
5,M1,754,1326715,1328135,13500
5,M1,755,1328863,1330283,13500
5,M1,756,1330735,1332155,13500
5,M1,757,1332359,1333779,13500
5,M1,758,1334407,1335827,13500
5,M1,759,1335917,1337337,13500
5,M1,760,1337650,1339070,13500
5,M1,761,1339179,1340599,13500
5,M1,762,1341320,1342740,13500
5,M1,763,1343187,1344607,13500
5,M1,764,1344279,1346015,1500
5,M1,765,1346000,1347423,1500
5,M1,766,1348060,1349480,13500
5,M1,767,1349807,1351227,13500
5,M1,768,1351419,1352839,13500
5,M1,769,1353804,1355224,13500
5,M1,770,1355201,1356632,1500
5,M1,771,1357002,1358422,13500
5,M1,772,1358321,1359830,1500
5,M1,773,1360409,1361829,13500
5,M1,774,1362421,1363841,13500
5,M1,775,1364043,1365463,13500
5,M1,776,1366046,1367466,13500
5,M1,777,1367296,1368874,1500
5,M1,778,1369537,1370957,13500
5,M1,779,1371438,1372858,13500
5,M1,780,1372991,1374411,13500
5,M1,781,1374507,1375927,13500
5,M1,782,1376440,1377860,13500
5,M1,783,1377986,1379406,13500
5,M1,784,1380092,1381512,13500
5,M1,785,1381387,1382920,1500
5,M1,786,1383283,1384703,13500
5,M1,787,1385135,1386555,13500
5,M1,788,1387008,1388428,13500
5,M1,789,1388317,1389836,1500
5,M1,790,1390677,1392097,13500
5,M1,791,1391887,1393505,1500
5,M1,792,1393949,1395369,13500
5,M1,793,1396036,1397456,13500
5,M1,794,1397684,1399104,13500
5,M1,795,1399368,1400788,13500
5,M1,796,1400974,1402394,13500
5,M1,797,1402760,1404180,13500
5,M1,798,1404103,1405588,1500
5,M1,799,1406250,1407670,13500
5,M1,800,1408312,1409732,13500
5,M1,801,1410153,1411573,13500
5,M1,802,1411615,1413035,13500
5,M1,803,1413428,1414848,13500
5,M1,804,1414724,1416256,1500
5,M1,805,1416502,1417922,13500
5,M1,806,1418645,1420065,13500
5,M1,807,1419982,1421473,1500
5,M1,808,1421889,1423309,13500
5,M1,809,1423773,1425193,13500
5,M1,810,1425727,1427147,13500
5,M1,811,1427038,1428555,1500
5,M1,812,1429040,1430460,13500
5,M1,813,1430576,1431996,13500
5,M1,814,1432624,1434044,13500
5,M1,815,1434512,1435932,13500
5,M1,816,1436476,1437896,13500
5,M1,817,1437679,1439304,1500
5,M1,818,1439851,1441271,13500
5,M1,819,1441627,1443047,13500
5,M1,820,1442818,1444455,1500
5,M1,821,1444874,1446294,13500
5,M1,822,1446337,1447757,13500
5,M1,823,1448600,1450020,13500
5,M1,824,1450165,1451585,13500
5,M1,825,1451845,1453265,13500
5,M1,826,1453820,1455240,13500
5,M1,827,1455595,1457015,13500
5,M1,828,1457007,1458427,7500
5,M1,829,1458715,1460135,13500
5,M1,830,1461064,1462484,13500
5,M1,831,1462283,1463892,1500
5,M1,832,1464557,1465977,13500
5,M1,833,1466250,1467670,13500
5,M1,834,1467534,1469078,1500
5,M1,835,1469796,1471216,13500
5,M1,836,1471229,1472649,13500
5,M1,837,1473469,1474889,13500
5,M1,838,1475001,1476421,13500
5,M1,839,1476465,1477885,13500
5,M1,840,1478393,1479813,13500
5,M1,841,1480316,1481736,13500
5,M1,842,1482020,1483440,13500
5,M1,843,1483476,1484896,13500
5,M1,844,1485152,1486572,13500
5,M1,845,1487364,1488784,13500
5,M1,846,1489249,1490669,13500
5,M1,847,1490392,1492077,1500
5,M1,848,1492854,1494274,13500
5,M1,849,1494091,1495682,1500
5,M1,850,1495950,1497370,13500
5,M1,851,1498101,1499521,13500
5,M1,852,1499154,1500929,1500
5,M1,853,1501536,1502956,13500
5,M1,854,1503413,1504833,13500
5,M1,855,1504462,1506241,1500
5,M1,856,1506774,1508194,13500
5,M1,857,1508621,1510041,13500
5,M1,858,1509961,1511449,1500
5,M1,859,1511443,1512863,10500
5,M1,860,1513796,1515216,13500
5,M1,861,1515601,1517021,13500
5,M1,862,1517190,1518610,13500
5,M1,863,1518798,1520218,13500
5,M1,864,1520774,1522194,13500
5,M1,865,1522127,1523602,1500
5,M1,866,1524263,1525683,13500
5,M1,867,1525777,1527197,13500
5,M1,868,1527629,1529049,13500
5,M1,869,1529141,1530561,13500
5,M1,870,1530854,1532274,13500
5,M1,871,1533351,1534771,13500
5,M1,872,1534678,1536179,1500
5,M1,873,1536473,1537893,13500
5,M1,874,1538175,1539595,13500
5,M1,875,1539766,1541186,13500
5,M1,876,1542111,1543531,13500
5,M1,877,1543232,1544939,1500
5,M1,878,1545228,1546648,13500
5,M1,879,1546885,1548305,13500
5,M1,880,1548613,1550033,13500
5,M1,881,1550705,1552125,13500
5,M1,882,1552036,1553533,1500
5,M1,883,1554177,1555597,13500
5,M1,884,1556071,1557491,13500
5,M1,885,1557361,1558899,1500
5,M1,886,1559113,1560533,13500
5,M1,887,1560836,1562256,13500
5,M1,888,1563054,1564474,13500
5,M1,889,1564329,1565882,1500
5,M1,890,1566104,1567524,13500
5,M1,891,1568166,1569586,13500
5,M1,892,1570052,1571472,13500
5,M1,893,1571422,1572880,1500
5,M1,894,1573380,1574800,13500
5,M1,895,1575090,1576510,13500
5,M1,896,1576811,1578231,13500
5,M1,897,1578948,1580368,13500
5,M1,898,1580343,1581776,1500
5,M1,899,1582410,1583830,13500
5,M1,900,1584108,1585528,13500
5,M1,901,1585862,1587282,13500
5,M1,902,1587340,1588760,13500
5,M1,903,1588945,1590365,13500
5,M1,904,1590659,1592079,13500
5,M1,905,1592543,1593963,13500
5,M1,906,1594205,1595625,13500
5,M1,907,1596205,1597625,13500
5,M1,908,1597782,1599202,13500
5,M1,909,1599529,1600949,13500
5,M1,910,1601777,1603197,13500
5,M1,911,1603431,1604851,13500
5,M1,912,1605269,1606689,13500
5,M1,913,1607110,1608530,13500
5,M1,914,1608996,1610416,13500
5,M1,915,1610010,1611824,1500
5,M1,916,1612459,1613879,13500
5,M1,917,1613726,1615287,1500
5,M1,918,1615753,1617173,13500
5,M1,919,1617594,1619014,13500
5,M1,920,1618925,1620422,1500
5,M1,921,1621261,1622681,13500
5,M1,922,1622431,1624089,1500
5,M1,923,1624538,1625958,13500
5,M1,924,1626578,1627998,13500
5,M1,925,1628399,1629819,13500
5,M1,926,1629854,1631274,13500
5,M1,927,1631294,1632714,13500
5,M1,928,1633229,1634649,13500
5,M1,929,1634801,1636221,13500
5,M1,930,1636806,1638226,13500
5,M1,931,1638937,1640357,13500
5,M1,932,1640524,1641944,13500
5,M1,933,1642045,1643465,13500
5,M1,934,1643495,1644915,13500
5,M1,935,1645456,1646876,13500
5,M1,936,1647305,1648725,13500
5,M1,937,1649014,1650434,13500
5,M1,938,1650997,1652417,13500
5,M1,939,1652446,1653866,13500
5,M1,940,1654652,1656072,13500
5,M1,941,1656457,1657877,13500
5,M1,942,1657779,1659285,1500
5,M1,943,1659929,1661349,13500
5,M1,944,1661403,1662823,13500
5,M1,945,1662801,1664231,1500
5,M1,946,1664981,1666401,13500
5,M1,947,1666776,1668196,13500
5,M1,948,1668352,1669772,13500
5,M1,949,1670065,1671485,13500
5,M1,950,1672023,1673443,13500
5,M1,951,1673393,1674851,1500
5,M1,952,1675321,1676741,13500
5,M1,953,1677304,1678724,13500
5,M1,954,1679440,1680860,13500
5,M1,955,1680684,1682268,1500
5,M1,956,1682256,1683676,1500
5,M1,957,1684034,1685454,13500
5,M1,958,1685854,1687274,13500
5,M1,959,1687441,1688861,13500
5,M1,960,1689830,1691250,13500
5,M1,961,1691599,1693019,13500
5,M1,962,1692956,1694427,1500
5,M1,963,1695258,1696678,13500
5,M1,964,1696840,1698260,13500
5,M1,965,1698617,1700037,13500
5,M1,966,1700557,1701977,13500
5,M1,967,1702304,1703724,13500
5,M1,968,1704070,1705490,13500
5,M1,969,1705341,1706898,1500
5,M1,970,1707344,1708764,13500
5,M1,971,1709091,1710511,13500
5,M1,972,1710863,1712283,13500
5,M1,973,1712657,1714077,13500
5,M1,974,1714389,1715809,13500
5,M1,975,1716244,1717664,13500
5,M1,976,1717874,1719294,13500
5,M1,977,1719478,1720898,13500
5,M1,978,1721498,1722918,13500
5,M1,979,1723033,1724453,13500
5,M1,980,1724591,1726011,13500
5,M1,981,1726568,1727988,13500
5,M1,982,1728654,1730074,13500
5,M1,983,1730027,1731482,1500
5,M1,984,1731961,1733381,13500
5,M1,985,1733449,1734869,13500
5,M1,986,1735731,1737151,13500
5,M1,987,1736737,1738559,1500
5,M1,988,1738955,1740375,13500
5,M1,989,1740832,1742252,13500
5,M1,990,1742657,1744077,13500
5,M1,991,1744297,1745717,13500
5,M1,992,1745652,1747125,1500
5,M1,993,1747588,1749008,13500
5,M1,994,1749166,1750586,13500
5,M1,995,1750958,1752378,13500
5,M1,996,1752880,1754300,13500
5,M1,997,1754688,1756108,13500
5,M1,998,1756350,1757770,13500
5,M1,999,1757878,1759298,13500
6,M0,0,0,1412,420000
6,M0,1,1473,2885,420000
6,M0,2,3377,4789,420000
6,M0,3,4991,6403,420000
6,M0,4,7276,8688,420000
6,M0,5,8907,10319,420000
6,M0,6,10765,12177,420000
6,M0,7,12016,13585,420000
6,M0,8,14292,15704,420000
6,M0,9,15583,17112,420000
6,M0,10,17834,19246,420000
6,M0,11,19106,20654,420000
6,M0,12,21107,22519,420000
6,M0,13,23137,24549,420000
6,M0,14,24808,26220,420000
6,M0,15,26019,27628,420000
6,M0,16,28031,29443,420000
6,M0,17,30046,31458,420000
6,M0,18,31528,32940,420000
6,M0,19,33500,34912,420000
6,M0,20,34906,36320,420000
6,M0,21,36965,38377,420000
6,M0,22,38544,39956,420000
6,M0,23,40217,41629,420000
6,M0,24,41990,43402,420000
6,M0,25,43608,45020,420000
6,M0,26,45473,46885,420000
6,M0,27,47361,48773,420000
6,M0,28,48910,50322,420000
6,M0,29,51046,52458,420000
6,M0,30,52768,54180,420000
6,M0,31,54497,55909,420000
6,M0,32,55964,57376,420000
6,M0,33,58124,59536,420000
6,M0,34,59615,61027,420000
6,M0,35,61522,62934,420000
6,M0,36,63241,64653,420000
6,M0,37,65503,66915,420000
6,M0,38,67261,68673,420000
6,M0,39,68860,70272,420000
6,M0,40,70763,72175,420000
6,M0,41,72395,73807,420000
6,M0,42,73924,75336,420000
6,M0,43,75511,76923,420000
6,M0,44,77834,79246,420000
6,M0,45,79300,80712,420000
6,M0,46,80587,82120,420000
6,M0,47,83051,84463,420000
6,M0,48,84835,86247,420000
6,M0,49,86307,87719,420000
6,M0,50,88032,89444,420000
6,M0,51,89511,90923,420000
6,M0,52,91657,93069,420000
6,M0,53,93260,94672,420000
6,M0,54,94897,96309,420000
6,M0,55,96948,98360,420000
6,M0,56,98298,99768,420000
6,M0,57,100104,101516,420000
6,M0,58,102081,103493,420000
6,M0,59,103903,105315,420000
6,M0,60,105961,107373,420000
6,M0,61,107731,109143,420000
6,M0,62,108974,110551,420000
6,M0,63,111037,112449,420000
6,M0,64,112403,113857,420000
6,M0,65,114239,115651,420000
6,M0,66,116480,117892,420000
6,M0,67,117954,119366,420000
6,M0,68,119528,120940,420000
6,M0,69,121085,122497,420000
6,M0,70,123301,124713,420000
6,M0,71,125271,126683,420000
6,M0,72,126333,128091,420000
6,M0,73,128728,130140,420000
6,M0,74,130588,132000,420000
6,M0,75,131961,133408,420000
6,M0,76,133952,135364,420000
6,M0,77,135642,137054,420000
6,M0,78,137241,138653,420000
6,M0,79,139032,140444,420000
6,M0,80,140627,142039,420000
6,M0,81,142587,143999,420000
6,M0,82,144369,145781,420000
6,M0,83,145690,147189,420000
6,M0,84,148084,149496,420000
6,M0,85,149853,151265,420000
6,M0,86,151680,153092,420000
6,M0,87,152827,154500,420000
6,M0,88,154548,155960,420000
6,M0,89,156496,157908,420000
6,M0,90,158659,160071,420000
6,M0,91,160495,161907,420000
6,M0,92,162097,163509,420000
6,M0,93,163312,164917,420000
6,M0,94,165197,166609,420000
6,M0,95,166912,168324,420000
6,M0,96,168782,170194,420000
6,M0,97,170673,172085,420000
6,M0,98,172198,173610,420000
6,M0,99,174361,175773,420000
6,M0,100,175874,177286,420000
6,M0,101,178069,179481,420000
6,M0,102,179711,181123,420000
6,M0,103,181413,182825,420000
6,M0,104,183298,184710,420000
6,M0,105,184862,186274,420000
6,M0,106,186516,187928,420000
6,M0,107,188157,189569,420000
6,M0,108,189793,191205,420000
6,M0,109,191511,192923,420000
6,M0,110,193216,194628,420000
6,M0,111,195347,196759,420000
6,M0,112,196922,198334,420000
6,M0,113,199190,200602,420000
6,M0,114,200673,202085,420000
6,M0,115,202066,203493,420000
6,M0,116,203768,205180,420000
6,M0,117,206147,207559,420000
6,M0,118,207490,208967,420000
6,M0,119,209142,210554,420000
6,M0,120,211595,213007,420000
6,M0,121,213069,214481,420000
6,M0,122,214482,215894,420000
6,M0,123,216872,218284,420000
6,M0,124,218022,219692,420000
6,M0,125,220320,221732,420000
6,M0,126,221809,223221,420000
6,M0,127,223143,224629,420000
6,M0,128,224897,226309,420000
6,M0,129,227170,228582,420000
6,M0,130,229009,230421,420000
6,M0,131,230851,232263,420000
6,M0,132,232028,233671,420000
6,M0,133,233706,235118,420000
6,M0,134,236172,237584,420000
6,M0,135,237441,238992,420000
6,M0,136,239054,240466,420000
6,M0,137,240978,242390,420000
6,M0,138,242523,243935,420000
6,M0,139,244499,245911,420000
6,M0,140,246257,247669,420000
6,M0,141,248404,249816,420000
6,M0,142,250318,251730,420000
6,M0,143,251537,253138,420000
6,M0,144,253104,254546,420000
6,M0,145,255311,256723,420000
6,M0,146,256743,258155,420000
6,M0,147,258479,259891,420000
6,M0,148,260621,262033,420000
6,M0,149,262046,263458,420000
6,M0,150,264331,265743,420000
6,M0,151,266149,267561,420000
6,M0,152,267653,269065,420000
6,M0,153,268951,270473,420000
6,M0,154,271281,272693,420000
6,M0,155,272575,274101,420000
6,M0,156,274422,275834,420000
6,M0,157,276509,277921,420000
6,M0,158,277815,279329,420000
6,M0,159,279649,281061,420000
6,M0,160,281729,283141,420000
6,M0,161,283568,284980,420000
6,M0,162,285178,286590,420000
6,M0,163,286971,288383,420000
6,M0,164,288700,290112,420000
6,M0,165,290191,291603,420000
6,M0,166,291799,293211,420000
6,M0,167,294293,295705,420000
6,M0,168,295410,297113,420000
6,M0,169,297133,298545,420000
6,M0,170,299591,301003,420000
6,M0,171,300782,302411,420000
6,M0,172,302531,303943,420000
6,M0,173,304374,305786,420000
6,M0,174,306533,307945,420000
6,M0,175,307635,309353,420000
6,M0,176,310096,311508,420000
6,M0,177,311685,313097,420000
6,M0,178,313488,314900,420000
6,M0,179,315289,316701,420000
6,M0,180,316518,318109,420000
6,M0,181,318644,320056,420000
6,M0,182,320343,321755,420000
6,M0,183,321978,323390,420000
6,M0,184,323545,324957,420000
6,M0,185,325653,327065,420000
6,M0,186,327289,328701,420000
6,M0,187,328875,330287,420000
6,M0,188,331091,332503,420000
6,M0,189,332478,333911,420000
6,M0,190,334710,336122,420000
6,M0,191,336342,337754,420000
6,M0,192,337936,339348,420000
6,M0,193,339528,340940,420000
6,M0,194,341282,342694,420000
6,M0,195,343083,344495,420000
6,M0,196,345334,346746,420000
6,M0,197,346797,348209,420000
6,M0,198,348794,350206,420000
6,M0,199,350550,351962,420000
6,M0,200,352265,353677,420000
6,M0,201,353757,355169,420000
6,M0,202,355457,356869,420000
6,M0,203,357149,358561,420000
6,M0,204,358647,360059,420000
6,M0,205,360581,361993,420000
6,M0,206,362783,364195,420000
6,M0,207,364675,366087,420000
6,M0,208,366123,367535,420000
6,M0,209,367596,369008,420000
6,M0,210,369387,370799,420000
6,M0,211,371440,372852,420000
6,M0,212,372929,374341,420000
6,M0,213,374527,375939,420000
6,M0,214,376906,378318,420000
6,M0,215,378751,380163,420000
6,M0,216,380288,381700,420000
6,M0,217,381585,383108,420000
6,M0,218,383404,384816,420000
6,M0,219,385700,387112,420000
6,M0,220,387363,388775,420000
6,M0,221,389100,390512,420000
6,M0,222,390339,391920,420000
6,M0,223,392738,394150,420000
6,M0,224,394402,395814,420000
6,M0,225,396218,397630,420000
6,M0,226,397806,399218,420000
6,M0,227,399822,401234,420000
6,M0,228,401500,402912,420000
6,M0,229,403145,404557,420000
6,M0,230,404698,406110,420000
6,M0,231,406667,408079,420000
6,M0,232,408353,409765,420000
6,M0,233,409923,411335,420000
6,M0,234,412180,413592,420000
6,M0,235,413779,415191,420000
6,M0,236,415038,416599,420000
6,M0,237,417357,418769,420000
6,M0,238,418775,420187,420000
6,M0,239,420691,422103,420000
6,M0,240,422416,423828,420000
6,M0,241,423889,425301,420000
6,M0,242,426230,427642,420000
6,M0,243,427885,429297,420000
6,M0,244,429130,430705,420000
6,M0,245,431113,432525,420000
6,M0,246,433028,434440,420000
6,M0,247,434893,436305,420000
6,M0,248,436453,437865,420000
6,M0,249,438163,439575,420000
6,M0,250,440373,441785,420000
6,M0,251,441525,443193,420000
6,M0,252,443326,444738,420000
6,M0,253,445498,446910,420000
6,M0,254,447300,448712,420000
6,M0,255,448495,450120,420000
6,M0,256,450790,452202,420000
6,M0,257,451928,453610,420000
6,M0,258,454384,455796,420000
6,M0,259,456016,457428,420000
6,M0,260,457841,459253,420000
6,M0,261,459051,460661,420000
6,M0,262,460998,462410,420000
6,M0,263,463136,464548,420000
6,M0,264,464381,465956,420000
6,M0,265,466169,467581,420000
6,M0,266,468469,469881,420000
6,M0,267,470138,471550,420000
6,M0,268,471547,472959,420000
6,M0,269,473468,474880,420000
6,M0,270,475503,476915,420000
6,M0,271,477336,478748,420000
6,M0,272,478447,480156,420000
6,M0,273,480126,481564,420000
6,M0,274,482431,483843,420000
6,M0,275,483746,485251,420000
6,M0,276,485425,486837,420000
6,M0,277,487539,488951,420000
6,M0,278,489221,490633,420000
6,M0,279,491143,492555,420000
6,M0,280,492516,493963,420000
6,M0,281,494672,496084,420000
6,M0,282,496072,497492,420000
6,M0,283,497725,499137,420000
6,M0,284,499714,501126,420000
6,M0,285,501573,502985,420000
6,M0,286,503553,504965,420000
6,M0,287,505017,506429,420000
6,M0,288,506761,508173,420000
6,M0,289,508859,510271,420000
6,M0,290,510492,511904,420000
6,M0,291,512095,513507,420000
6,M0,292,513969,515381,420000
6,M0,293,515829,517241,420000
6,M0,294,517673,519085,420000
6,M0,295,518883,520493,420000
6,M0,296,521194,522606,420000
6,M0,297,522366,524014,420000
6,M0,298,524357,525769,420000
6,M0,299,526561,527973,420000
6,M0,300,527891,529381,420000
6,M0,301,529422,530834,420000
6,M0,302,531571,532983,420000
6,M0,303,533207,534619,420000
6,M0,304,534654,536066,420000
6,M0,305,536689,538101,420000
6,M0,306,538875,540287,420000
6,M0,307,540137,541695,420000
6,M0,308,542478,543890,420000
6,M0,309,544068,545480,420000
6,M0,310,545968,547380,420000
6,M0,311,547514,548926,420000
6,M0,312,549419,550831,420000
6,M0,313,551248,552660,420000
6,M0,314,552849,554261,420000
6,M0,315,554032,555669,420000
6,M0,316,555942,557354,420000
6,M0,317,557701,559113,420000
6,M0,318,559801,561213,420000
6,M0,319,561242,562654,420000
6,M0,320,562968,564380,420000
6,M0,321,565019,566431,420000
6,M0,322,566596,568008,420000
6,M0,323,568599,570011,420000
6,M0,324,570300,571712,420000
6,M0,325,571877,573289,420000
6,M0,326,573646,575058,420000
6,M0,327,575179,576591,420000
6,M0,328,577187,578599,420000
6,M0,329,579330,580742,420000
6,M0,330,580542,582150,420000
6,M0,331,582670,584082,420000
6,M0,332,584395,585807,420000
6,M0,333,586211,587623,420000
6,M0,334,587987,589399,420000
6,M0,335,589528,590940,420000
6,M0,336,591164,592576,420000
6,M0,337,593171,594583,420000
6,M0,338,594834,596246,420000
6,M0,339,596961,598373,420000
6,M0,340,598449,599861,420000
6,M0,341,600447,601859,420000
6,M0,342,601678,603267,420000
6,M0,343,603549,604961,420000
6,M0,344,605149,606561,420000
6,M0,345,607341,608753,420000
6,M0,346,609169,610581,420000
6,M0,347,610737,612149,420000
6,M0,348,612759,614171,420000
6,M0,349,614160,615579,420000
6,M0,350,616175,617587,420000
6,M0,351,617484,618995,420000
6,M0,352,619273,620685,420000
6,M0,353,621488,622900,420000
6,M0,354,623225,624637,420000
6,M0,355,624760,626172,420000
6,M0,356,626705,628117,420000
6,M0,357,628614,630026,420000
6,M0,358,630471,631883,420000
6,M0,359,631936,633348,420000
6,M0,360,633509,634921,420000
6,M0,361,635670,637082,420000
6,M0,362,637492,638904,420000
6,M0,363,638495,640312,420000
6,M0,364,640823,642235,420000
6,M0,365,642460,643872,420000
6,M0,366,644477,645889,420000
6,M0,367,646319,647731,420000
6,M0,368,647558,649139,420000
6,M0,369,649375,650787,420000
6,M0,370,651434,652846,420000
6,M0,371,652999,654411,420000
6,M0,372,654429,655841,420000
6,M0,373,656866,658278,420000
6,M0,374,658547,659959,420000
6,M0,375,659630,661367,420000
6,M0,376,661619,663031,420000
6,M0,377,663144,664556,420000
6,M0,378,665599,667011,420000
6,M0,379,667264,668676,420000
6,M0,380,669109,670521,420000
6,M0,381,670556,671968,420000
6,M0,382,672230,673642,420000
6,M0,383,674235,675647,420000
6,M0,384,676029,677441,420000
6,M0,385,677870,679282,420000
6,M0,386,679707,681119,420000
6,M0,387,681109,682527,420000
6,M0,388,683125,684537,420000
6,M0,389,684434,685945,420000
6,M0,390,686268,687680,420000
6,M0,391,688165,689577,420000
6,M0,392,690152,691564,420000
6,M0,393,691624,693036,420000
6,M0,394,693565,694977,420000
6,M0,395,694961,696385,420000
6,M0,396,697259,698671,420000
6,M0,397,699108,700520,420000
6,M0,398,700143,701928,420000
6,M0,399,702491,703903,420000
6,M0,400,704325,705737,420000
6,M0,401,705855,707267,420000
6,M0,402,707494,708906,420000
6,M0,403,709099,710511,420000
6,M0,404,711304,712716,420000
6,M0,405,712667,714124,420000
6,M0,406,714925,716337,420000
6,M0,407,716097,717745,420000
6,M0,408,718314,719726,420000
6,M0,409,719523,721134,420000
6,M0,410,721544,722956,420000
6,M0,411,723001,724413,420000
6,M0,412,724722,726134,420000
6,M0,413,726965,728377,420000
6,M0,414,728297,729785,420000
6,M0,415,730300,731712,420000
6,M0,416,731860,733272,420000
6,M0,417,733916,735328,420000
6,M0,418,735373,736785,420000
6,M0,419,737366,738778,420000
6,M0,420,738844,740256,420000
6,M0,421,740818,742230,420000
6,M0,422,742706,744118,420000
6,M0,423,744165,745577,420000
6,M0,424,746558,747970,420000
6,M0,425,747896,749378,420000
6,M0,426,750014,751426,420000
6,M0,427,751494,752906,420000
6,M0,428,752967,754379,420000
6,M0,429,755310,756722,420000
6,M0,430,756595,758130,420000
6,M0,431,758181,759593,420000
6,M0,432,760623,762035,420000
6,M0,433,762081,763493,420000
6,M0,434,763828,765240,420000
6,M0,435,765628,767040,420000
6,M0,436,767025,768448,420000
6,M0,437,769309,770721,420000
6,M0,438,771127,772539,420000
6,M0,439,772601,774013,420000
6,M0,440,774413,775825,420000
6,M0,441,776364,777776,420000
6,M0,442,777542,779184,420000
6,M0,443,779714,781126,420000
6,M0,444,781609,783021,420000
6,M0,445,783574,784986,420000
6,M0,446,784621,786394,420000
6,M0,447,786543,787955,420000
6,M0,448,788849,790261,420000
6,M0,449,790529,791941,420000
6,M0,450,791969,793381,420000
6,M0,451,793488,794900,420000
6,M0,452,795827,797239,420000
6,M0,453,797309,798721,420000
6,M0,454,799321,800733,420000
6,M0,455,800467,802141,420000
6,M0,456,802378,803790,420000
6,M0,457,804683,806095,420000
6,M0,458,806028,807503,420000
6,M0,459,808216,809628,420000
6,M0,460,809842,811254,420000
6,M0,461,811292,812704,420000
6,M0,462,812852,814264,420000
6,M0,463,815199,816611,420000
6,M0,464,816416,818019,420000
6,M0,465,818572,819984,420000
6,M0,466,820085,821497,420000
6,M0,467,821544,822956,420000
6,M0,468,823536,824948,420000
6,M0,469,825196,826608,420000
6,M0,470,827467,828879,420000
6,M0,471,829294,830706,420000
6,M0,472,830346,832114,420000
6,M0,473,832849,834261,420000
6,M0,474,834150,835669,420000
6,M0,475,836001,837413,420000
6,M0,476,837667,839079,420000
6,M0,477,839323,840735,420000
6,M0,478,841221,842633,420000
6,M0,479,842889,844301,420000
6,M0,480,844934,846346,420000
6,M0,481,846293,847754,420000
6,M0,482,848033,849445,420000
6,M0,483,850289,851701,420000
6,M0,484,851477,853109,420000
6,M0,485,853828,855240,420000
6,M0,486,855444,856856,420000
6,M0,487,856997,858409,420000
6,M0,488,858894,860306,420000
6,M0,489,860250,861714,420000
6,M0,490,862759,864171,420000
6,M0,491,863779,865579,420000
6,M0,492,865755,867167,420000
6,M0,493,867403,868815,420000
6,M0,494,869213,870625,420000
6,M0,495,871510,872922,420000
6,M0,496,872766,874330,420000
6,M0,497,875118,876530,420000
6,M0,498,876520,877938,420000
6,M0,499,878317,879729,420000
6,M0,500,879802,881214,420000
6,M0,501,881943,883355,420000
6,M0,502,883884,885296,420000
6,M0,503,885237,886704,420000
6,M0,504,886658,888112,420000
6,M0,505,888562,889974,420000
6,M0,506,890761,892173,420000
6,M0,507,892615,894027,420000
6,M0,508,893739,895435,420000
6,M0,509,895955,897367,420000
6,M0,510,897235,898775,420000
6,M0,511,899558,900970,420000
6,M0,512,901207,902619,420000
6,M0,513,903276,904688,420000
6,M0,514,904480,906096,420000
6,M0,515,906038,907504,420000
6,M0,516,908209,909621,420000
6,M0,517,910270,911682,420000
6,M0,518,912072,913484,420000
6,M0,519,913249,914892,420000
6,M0,520,915547,916959,420000
6,M0,521,916838,918367,420000
6,M0,522,918901,920313,420000
6,M0,523,920553,921965,420000
6,M0,524,922142,923554,420000
6,M0,525,923861,925273,420000
6,M0,526,925953,927365,420000
6,M0,527,927840,929252,420000
6,M0,528,929336,930748,420000
6,M0,529,930882,932294,420000
6,M0,530,932502,933914,420000
6,M0,531,934786,936198,420000
6,M0,532,936533,937945,420000
6,M0,533,938148,939560,420000
6,M0,534,939862,941274,420000
6,M0,535,941369,942781,420000
6,M0,536,943373,944785,420000
6,M0,537,944935,946347,420000
6,M0,538,946863,948275,420000
6,M0,539,948346,949758,420000
6,M0,540,950669,952081,420000
6,M0,541,952181,953593,420000
6,M0,542,954056,955468,420000
6,M0,543,955774,957186,420000
6,M0,544,957300,958712,420000
6,M0,545,959524,960936,420000
6,M0,546,960609,962344,420000
6,M0,547,962415,963827,420000
6,M0,548,964113,965525,420000
6,M0,549,966049,967461,420000
6,M0,550,967726,969138,420000
6,M0,551,969577,970989,420000
6,M0,552,971230,972642,420000
6,M0,553,973485,974897,420000
6,M0,554,974738,976305,420000
6,M0,555,976897,978309,420000
6,M0,556,978762,980174,420000
6,M0,557,980189,981601,420000
6,M0,558,982233,983645,420000
6,M0,559,983869,985281,420000
6,M0,560,985598,987010,420000
6,M0,561,987302,988714,420000
6,M0,562,988995,990407,420000
6,M0,563,990693,992105,420000
6,M0,564,992881,994293,420000
6,M0,565,994245,995701,420000
6,M0,566,995965,997377,420000
6,M0,567,997644,999056,420000
6,M0,568,999565,1000977,420000
6,M0,569,1001453,1002865,420000
6,M0,570,1002979,1004391,420000
6,M0,571,1004617,1006029,420000
6,M0,572,1006404,1007816,420000
6,M0,573,1008872,1010284,420000
6,M0,574,1010296,1011708,420000
6,M0,575,1012185,1013597,420000
6,M0,576,1013997,1015409,420000
6,M0,577,1015654,1017066,420000
6,M0,578,1017369,1018781,420000
6,M0,579,1019300,1020712,420000
6,M0,580,1020493,1022120,420000
6,M0,581,1022193,1023605,420000
6,M0,582,1024343,1025755,420000
6,M0,583,1025983,1027395,420000
6,M0,584,1027971,1029383,420000
6,M0,585,1029488,1030900,420000
6,M0,586,1031702,1033114,420000
6,M0,587,1033165,1034577,420000
6,M0,588,1035261,1036673,420000
6,M0,589,1036803,1038215,420000
6,M0,590,1038337,1039749,420000
6,M0,591,1040169,1041581,420000
6,M0,592,1041748,1043160,420000
6,M0,593,1043655,1045067,420000
6,M0,594,1045262,1046674,420000
6,M0,595,1046927,1048339,420000
6,M0,596,1049257,1050669,420000
6,M0,597,1050719,1052131,420000
6,M0,598,1052282,1053694,420000
6,M0,599,1054010,1055422,420000
6,M0,600,1055799,1057211,420000
6,M0,601,1057453,1058865,420000
6,M0,602,1059566,1060978,420000
6,M0,603,1061221,1062633,420000
6,M0,604,1062848,1064260,420000
6,M0,605,1064699,1066111,420000
6,M0,606,1066170,1067582,420000
6,M0,607,1068720,1070132,420000
6,M0,608,1070465,1071877,420000
6,M0,609,1071919,1073331,420000
6,M0,610,1073272,1074739,420000
6,M0,611,1075558,1076970,420000
6,M0,612,1077086,1078498,420000
6,M0,613,1078538,1079950,420000
6,M0,614,1080666,1082078,420000
6,M0,615,1082298,1083710,420000
6,M0,616,1084407,1085819,420000
6,M0,617,1085731,1087227,420000
6,M0,618,1087282,1088694,420000
6,M0,619,1089792,1091204,420000
6,M0,620,1091406,1092818,420000
6,M0,621,1093112,1094524,420000
6,M0,622,1094712,1096124,420000
6,M0,623,1096731,1098143,420000
6,M0,624,1098341,1099753,420000
6,M0,625,1100230,1101642,420000
6,M0,626,1101670,1103082,420000
6,M0,627,1103133,1104545,420000
6,M0,628,1105370,1106782,420000
6,M0,629,1107329,1108741,420000
6,M0,630,1109182,1110594,420000
6,M0,631,1110924,1112336,420000
6,M0,632,1112419,1113831,420000
6,M0,633,1114361,1115773,420000
6,M0,634,1115525,1117181,420000
6,M0,635,1117518,1118930,420000
6,M0,636,1119234,1120646,420000
6,M0,637,1120977,1122389,420000
6,M0,638,1123230,1124642,420000
6,M0,639,1124795,1126207,420000
6,M0,640,1126217,1127629,420000
6,M0,641,1128285,1129697,420000
6,M0,642,1130259,1131671,420000
6,M0,643,1131731,1133143,420000
6,M0,644,1133051,1134551,420000
6,M0,645,1134894,1136306,420000
6,M0,646,1136784,1138196,420000
6,M0,647,1138806,1140218,420000
6,M0,648,1140206,1141626,420000
6,M0,649,1142542,1143954,420000
6,M0,650,1144338,1145750,420000
6,M0,651,1145383,1147158,420000
6,M0,652,1147633,1149045,420000
6,M0,653,1149344,1150756,420000
6,M0,654,1150682,1152164,420000
6,M0,655,1152613,1154025,420000
6,M0,656,1154449,1155861,420000
6,M0,657,1156058,1157470,420000
6,M0,658,1158408,1159820,420000
6,M0,659,1159867,1161279,420000
6,M0,660,1161650,1163062,420000
6,M0,661,1163377,1164789,420000
6,M0,662,1164802,1166214,420000
6,M0,663,1167166,1168578,420000
6,M0,664,1168965,1170377,420000
6,M0,665,1170360,1171785,420000
6,M0,666,1171833,1173245,420000
6,M0,667,1173866,1175278,420000
6,M0,668,1175432,1176844,420000
6,M0,669,1177468,1178880,420000
6,M0,670,1179208,1180620,420000
6,M0,671,1181348,1182760,420000
6,M0,672,1182448,1184168,420000
6,M0,673,1184768,1186180,420000
6,M0,674,1185897,1187588,420000
6,M0,675,1188143,1189555,420000
6,M0,676,1189944,1191356,420000
6,M0,677,1191247,1192764,420000
6,M0,678,1193062,1194474,420000
6,M0,679,1194977,1196389,420000
6,M0,680,1196752,1198164,420000
6,M0,681,1198431,1199843,420000
6,M0,682,1200107,1201519,420000
6,M0,683,1202153,1203565,420000
6,M0,684,1204058,1205470,420000
6,M0,685,1205208,1206878,420000
6,M0,686,1207410,1208822,420000
6,M0,687,1209305,1210717,420000
6,M0,688,1211106,1212518,420000
6,M0,689,1212635,1214047,420000
6,M0,690,1214732,1216144,420000
6,M0,691,1215842,1217552,420000
6,M0,692,1217877,1219289,420000
6,M0,693,1219993,1221405,420000
6,M0,694,1221214,1222813,420000
6,M0,695,1223461,1224873,420000
6,M0,696,1225273,1226685,420000
6,M0,697,1226967,1228379,420000
6,M0,698,1228307,1229787,420000
6,M0,699,1230168,1231580,420000
6,M0,700,1232197,1233609,420000
6,M0,701,1233970,1235382,420000
6,M0,702,1235273,1236790,420000
6,M0,703,1237562,1238974,420000
6,M0,704,1238789,1240382,420000
6,M0,705,1240426,1241838,420000
6,M0,706,1242958,1244370,420000
6,M0,707,1244095,1245778,420000
6,M0,708,1246141,1247553,420000
6,M0,709,1247640,1249052,420000
6,M0,710,1249231,1250643,420000
6,M0,711,1251052,1252464,420000
6,M0,712,1253001,1254413,420000
6,M0,713,1254715,1256127,420000
6,M0,714,1256363,1257775,420000
6,M0,715,1258094,1259506,420000
6,M0,716,1259823,1261235,420000
6,M0,717,1262061,1263473,420000
6,M0,718,1263396,1264881,420000
6,M0,719,1265302,1266714,420000
6,M0,720,1267269,1268681,420000
6,M0,721,1268772,1270184,420000
6,M0,722,1270792,1272204,420000
6,M0,723,1272247,1273659,420000
6,M0,724,1274188,1275600,420000
6,M0,725,1275796,1277208,420000
6,M0,726,1277690,1279102,420000
6,M0,727,1279276,1280688,420000
6,M0,728,1281513,1282925,420000
6,M0,729,1282774,1284333,420000
6,M0,730,1284721,1286133,420000
6,M0,731,1286714,1288126,420000
6,M0,732,1288476,1289888,420000
6,M0,733,1289782,1291296,420000
6,M0,734,1292093,1293505,420000
6,M0,735,1293806,1295218,420000
6,M0,736,1295233,1296645,420000
6,M0,737,1297463,1298875,420000
6,M0,738,1298591,1300283,420000
6,M0,739,1300593,1302005,420000
6,M0,740,1302461,1303873,420000
6,M0,741,1304273,1305685,420000
6,M0,742,1306160,1307572,420000
6,M0,743,1307373,1308980,420000
6,M0,744,1309721,1311133,420000
6,M0,745,1311192,1312604,420000
6,M0,746,1313309,1314721,420000
6,M0,747,1314934,1316346,420000
6,M0,748,1316152,1317754,420000
6,M0,749,1318463,1319875,420000
6,M0,750,1319894,1321306,420000
6,M0,751,1321704,1323116,420000
6,M0,752,1323658,1325070,420000
6,M0,753,1325057,1326478,420000
6,M0,754,1326740,1328152,420000
6,M0,755,1328667,1330079,420000
6,M0,756,1330429,1331841,420000
6,M0,757,1332159,1333571,420000
6,M0,758,1333804,1335216,420000
6,M0,759,1335720,1337132,420000
6,M0,760,1337651,1339063,420000
6,M0,761,1339448,1340860,420000
6,M0,762,1341189,1342601,420000
6,M0,763,1342832,1344244,420000
6,M0,764,1344514,1345926,420000
6,M0,765,1346425,1347837,420000
6,M0,766,1348412,1349824,420000
6,M0,767,1350315,1351727,420000
6,M0,768,1351621,1353135,420000
6,M0,769,1353688,1355100,420000
6,M0,770,1355224,1356636,420000
6,M0,771,1356852,1358264,420000
6,M0,772,1359001,1360413,420000
6,M0,773,1360224,1361821,420000
6,M0,774,1362229,1363641,420000
6,M0,775,1364021,1365433,420000
6,M0,776,1365732,1367144,420000
6,M0,777,1367175,1368587,420000
6,M0,778,1369071,1370483,420000
6,M0,779,1371262,1372674,420000
6,M0,780,1372779,1374191,420000
6,M0,781,1374799,1376211,420000
6,M0,782,1376590,1378002,420000
6,M0,783,1378224,1379636,420000
6,M0,784,1379603,1381044,420000
6,M0,785,1381809,1383221,420000
6,M0,786,1383547,1384959,420000
6,M0,787,1385362,1386774,420000
6,M0,788,1387219,1388631,420000
6,M0,789,1388402,1390039,420000
6,M0,790,1390212,1391624,420000
6,M0,791,1391923,1393335,420000
6,M0,792,1393658,1395070,420000
6,M0,793,1395297,1396709,420000
6,M0,794,1397276,1398688,420000
6,M0,795,1398867,1400279,420000
6,M0,796,1400638,1402050,420000
6,M0,797,1402761,1404173,420000
6,M0,798,1404224,1405636,420000
6,M0,799,1406548,1407960,420000
6,M0,800,1407614,1409368,420000
6,M0,801,1409515,1410927,420000
6,M0,802,1411504,1412916,420000
6,M0,803,1412985,1414397,420000
6,M0,804,1414931,1416343,420000
6,M0,805,1416735,1418147,420000
6,M0,806,1418726,1420138,420000
6,M0,807,1420579,1421991,420000
6,M0,808,1422289,1423701,420000
6,M0,809,1423663,1425109,420000
6,M0,810,1425679,1427091,420000
6,M0,811,1427638,1429050,420000
6,M0,812,1428814,1430458,420000
6,M0,813,1431020,1432432,420000
6,M0,814,1432330,1433840,420000
6,M0,815,1434455,1435867,420000
6,M0,816,1435825,1437275,420000
6,M0,817,1438097,1439509,420000
6,M0,818,1439595,1441007,420000
6,M0,819,1441130,1442542,420000
6,M0,820,1443449,1444861,420000
6,M0,821,1444684,1446269,420000
6,M0,822,1446590,1448002,420000
6,M0,823,1448608,1450020,420000
6,M0,824,1450012,1451428,420000
6,M0,825,1451629,1453041,420000
6,M0,826,1453489,1454901,420000
6,M0,827,1455218,1456630,420000
6,M0,828,1457139,1458551,420000
6,M0,829,1458896,1460308,420000
6,M0,830,1461136,1462548,420000
6,M0,831,1462836,1464248,420000
6,M0,832,1464374,1465786,420000
6,M0,833,1465971,1467383,420000
6,M0,834,1467715,1469127,420000
6,M0,835,1469359,1470771,420000
6,M0,836,1471563,1472975,420000
6,M0,837,1472741,1474383,420000
6,M0,838,1474944,1476356,420000
6,M0,839,1476406,1477818,420000
6,M0,840,1478549,1479961,420000
6,M0,841,1479992,1481404,420000
6,M0,842,1481731,1483143,420000
6,M0,843,1483676,1485088,420000
6,M0,844,1485079,1486496,420000
6,M0,845,1487067,1488479,420000
6,M0,846,1488746,1490158,420000
6,M0,847,1490502,1491914,420000
6,M0,848,1492639,1494051,420000
6,M0,849,1494177,1495589,420000
6,M0,850,1495951,1497363,420000
6,M0,851,1497530,1498942,420000
6,M0,852,1499498,1500910,420000
6,M0,853,1501143,1502555,420000
6,M0,854,1502988,1504400,420000
6,M0,855,1504822,1506234,420000
6,M0,856,1506904,1508316,420000
6,M0,857,1508085,1509724,420000
6,M0,858,1509777,1511189,420000
6,M0,859,1511832,1513244,420000
6,M0,860,1513402,1514814,420000
6,M0,861,1515611,1517023,420000
6,M0,862,1516838,1518431,420000
6,M0,863,1518531,1519943,420000
6,M0,864,1520425,1521837,420000
6,M0,865,1522043,1523455,420000
6,M0,866,1524073,1525485,420000
6,M0,867,1525961,1527373,420000
6,M0,868,1528054,1529466,420000
6,M0,869,1529362,1530874,420000
6,M0,870,1531231,1532643,420000
6,M0,871,1532949,1534361,420000
6,M0,872,1535107,1536519,420000
6,M0,873,1536743,1538155,420000
6,M0,874,1538594,1540006,420000
6,M0,875,1539942,1541414,420000
6,M0,876,1541450,1542862,420000
6,M0,877,1543689,1545101,420000
6,M0,878,1545455,1546867,420000
6,M0,879,1547268,1548680,420000
6,M0,880,1548553,1550088,420000
6,M0,881,1550174,1551586,420000
6,M0,882,1552191,1553603,420000
6,M0,883,1553768,1555180,420000
6,M0,884,1555589,1557001,420000
6,M0,885,1557296,1558708,420000
6,M0,886,1559067,1560479,420000
6,M0,887,1561448,1562860,420000
6,M0,888,1562721,1564268,420000
6,M0,889,1564580,1565992,420000
6,M0,890,1566636,1568048,420000
6,M0,891,1568174,1569586,420000
6,M0,892,1569873,1571285,420000
6,M0,893,1571763,1573175,420000
6,M0,894,1573537,1574949,420000
6,M0,895,1574850,1576357,420000
6,M0,896,1577200,1578612,420000
6,M0,897,1578972,1580384,420000
6,M0,898,1580204,1581792,420000
6,M0,899,1582639,1584051,420000
6,M0,900,1583904,1585459,420000
6,M0,901,1585414,1586867,420000
6,M0,902,1587673,1589085,420000
6,M0,903,1588924,1590493,420000
6,M0,904,1591402,1592814,420000
6,M0,905,1593068,1594480,420000
6,M0,906,1594869,1596281,420000
6,M0,907,1596237,1597689,420000
6,M0,908,1598362,1599774,420000
6,M0,909,1600160,1601572,420000
6,M0,910,1601330,1602980,420000
6,M0,911,1603214,1604626,420000
6,M0,912,1605018,1606430,420000
6,M0,913,1607193,1608605,420000
6,M0,914,1608922,1610334,420000
6,M0,915,1610570,1611982,420000
6,M0,916,1612331,1613743,420000
6,M0,917,1613572,1615151,420000
6,M0,918,1615982,1617394,420000
6,M0,919,1617060,1618802,420000
6,M0,920,1619263,1620675,420000
6,M0,921,1620838,1622250,420000
6,M0,922,1622998,1624410,420000
6,M0,923,1624471,1625883,420000
6,M0,924,1625914,1627326,420000
6,M0,925,1628291,1629703,420000
6,M0,926,1629797,1631209,420000
6,M0,927,1631780,1633192,420000
6,M0,928,1632891,1634600,420000
6,M0,929,1635345,1636757,420000
6,M0,930,1636929,1638341,420000
6,M0,931,1638846,1640258,420000
6,M0,932,1640186,1641666,420000
6,M0,933,1641766,1643178,420000
6,M0,934,1643713,1645125,420000
6,M0,935,1645684,1647096,420000
6,M0,936,1647623,1649035,420000
6,M0,937,1649254,1650666,420000
6,M0,938,1651079,1652491,420000
6,M0,939,1652474,1653899,420000
6,M0,940,1654400,1655812,420000
6,M0,941,1656286,1657698,420000
6,M0,942,1658168,1659580,420000
6,M0,943,1659762,1661174,420000
6,M0,944,1661155,1662582,420000
6,M0,945,1663277,1664689,420000
6,M0,946,1664567,1666097,420000
6,M0,947,1666634,1668046,420000
6,M0,948,1668162,1669574,420000
6,M0,949,1670239,1671651,420000
6,M0,950,1671620,1673059,420000
6,M0,951,1673876,1675288,420000
6,M0,952,1675455,1676867,420000
6,M0,953,1677679,1679091,420000
6,M0,954,1679147,1680559,420000
6,M0,955,1681165,1682577,420000
6,M0,956,1682482,1683985,420000
6,M0,957,1684582,1685994,420000
6,M0,958,1686134,1687546,420000
6,M0,959,1687587,1688999,420000
6,M0,960,1689368,1690780,420000
6,M0,961,1691351,1692763,420000
6,M0,962,1693341,1694753,420000
6,M0,963,1694517,1696161,420000
6,M0,964,1696554,1697966,420000
6,M0,965,1698284,1699696,420000
6,M0,966,1700345,1701757,420000
6,M0,967,1702150,1703562,420000
6,M0,968,1704019,1705431,420000
6,M0,969,1705725,1707137,420000
6,M0,970,1707064,1708545,420000
6,M0,971,1708597,1710009,420000
6,M0,972,1710601,1712013,420000
6,M0,973,1712818,1714230,420000
6,M0,974,1714365,1715777,420000
6,M0,975,1716081,1717493,420000
6,M0,976,1717999,1719411,420000
6,M0,977,1719878,1721290,420000
6,M0,978,1721323,1722735,420000
6,M0,979,1723070,1724482,420000
6,M0,980,1724402,1725890,420000
6,M0,981,1726286,1727698,420000
6,M0,982,1728106,1729518,420000
6,M0,983,1730114,1731526,420000
6,M0,984,1732158,1733570,420000
6,M0,985,1733500,1734978,420000
6,M0,986,1735692,1737104,420000
6,M0,987,1737299,1738711,420000
6,M0,988,1738573,1740119,420000
6,M0,989,1740794,1742206,420000
6,M0,990,1742776,1744188,420000
6,M0,991,1744387,1745799,420000
6,M0,992,1746165,1747577,420000
6,M0,993,1747838,1749250,420000
6,M0,994,1749207,1750658,420000
6,M0,995,1750942,1752354,420000
6,M0,996,1752748,1754160,420000
6,M0,997,1754535,1755947,420000
6,M0,998,1756428,1757840,420000
6,M0,999,1757916,1759328,420000
6,M1,0,0,1420,13500
6,M1,1,1473,2893,13500
6,M1,2,3377,4797,13500
6,M1,3,4991,6411,13500
6,M1,4,7276,8696,13500
6,M1,5,8907,10327,13500
6,M1,6,10765,12185,13500
6,M1,7,12016,13593,1500
6,M1,8,14292,15712,13500
6,M1,9,15583,17120,1500
6,M1,10,17834,19254,13500
6,M1,11,19106,20662,1500
6,M1,12,21107,22527,13500
6,M1,13,23137,24557,13500
6,M1,14,24808,26228,13500
6,M1,15,26019,27636,1500
6,M1,16,28031,29451,13500
6,M1,17,30046,31466,13500
6,M1,18,31528,32948,13500
6,M1,19,33500,34920,13500
6,M1,20,34906,36328,1500
6,M1,21,36965,38385,13500
6,M1,22,38544,39964,13500
6,M1,23,40217,41637,13500
6,M1,24,41990,43410,13500
6,M1,25,43608,45028,13500
6,M1,26,45473,46893,13500
6,M1,27,47361,48781,13500
6,M1,28,48910,50330,13500
6,M1,29,51046,52466,13500
6,M1,30,52768,54188,13500
6,M1,31,54497,55917,13500
6,M1,32,55964,57384,13500
6,M1,33,58124,59544,13500
6,M1,34,59615,61035,13500
6,M1,35,61522,62942,13500
6,M1,36,63241,64661,13500
6,M1,37,65503,66923,13500
6,M1,38,67261,68681,13500
6,M1,39,68860,70280,13500
6,M1,40,70763,72183,13500
6,M1,41,72395,73815,13500
6,M1,42,73924,75344,13500
6,M1,43,75511,76931,13500
6,M1,44,77834,79254,13500
6,M1,45,79300,80720,13500
6,M1,46,80587,82128,1500
6,M1,47,83051,84471,13500
6,M1,48,84835,86255,13500
6,M1,49,86307,87727,13500
6,M1,50,88032,89452,13500
6,M1,51,89511,90931,13500
6,M1,52,91657,93077,13500
6,M1,53,93260,94680,13500
6,M1,54,94897,96317,13500
6,M1,55,96948,98368,13500
6,M1,56,98298,99776,1500
6,M1,57,100104,101524,13500
6,M1,58,102081,103501,13500
6,M1,59,103903,105323,13500
6,M1,60,105961,107381,13500
6,M1,61,107731,109151,13500
6,M1,62,108974,110559,1500
6,M1,63,111037,112457,13500
6,M1,64,112403,113865,1500
6,M1,65,114239,115659,13500
6,M1,66,116480,117900,13500
6,M1,67,117954,119374,13500
6,M1,68,119528,120948,13500
6,M1,69,121085,122505,13500
6,M1,70,123301,124721,13500
6,M1,71,125271,126691,13500
6,M1,72,126333,128099,1500
6,M1,73,128728,130148,13500
6,M1,74,130588,132008,13500
6,M1,75,131961,133416,1500
6,M1,76,133952,135372,13500
6,M1,77,135642,137062,13500
6,M1,78,137241,138661,13500
6,M1,79,139032,140452,13500
6,M1,80,140627,142047,13500
6,M1,81,142587,144007,13500
6,M1,82,144369,145789,13500
6,M1,83,145690,147197,1500
6,M1,84,148084,149504,13500
6,M1,85,149853,151273,13500
6,M1,86,151680,153100,13500
6,M1,87,152827,154508,1500
6,M1,88,154548,155968,13500
6,M1,89,156496,157916,13500
6,M1,90,158659,160079,13500
6,M1,91,160495,161915,13500
6,M1,92,162097,163517,13500
6,M1,93,163312,164925,1500
6,M1,94,165197,166617,13500
6,M1,95,166912,168332,13500
6,M1,96,168782,170202,13500
6,M1,97,170673,172093,13500
6,M1,98,172198,173618,13500
6,M1,99,174361,175781,13500
6,M1,100,175874,177294,13500
6,M1,101,178069,179489,13500
6,M1,102,179711,181131,13500
6,M1,103,181413,182833,13500
6,M1,104,183298,184718,13500
6,M1,105,184862,186282,13500
6,M1,106,186516,187936,13500
6,M1,107,188157,189577,13500
6,M1,108,189793,191213,13500
6,M1,109,191511,192931,13500
6,M1,110,193216,194636,13500
6,M1,111,195347,196767,13500
6,M1,112,196922,198342,13500
6,M1,113,199190,200610,13500
6,M1,114,200673,202093,13500
6,M1,115,202066,203501,1500
6,M1,116,203768,205188,13500
6,M1,117,206147,207567,13500
6,M1,118,207490,208975,1500
6,M1,119,209142,210562,13500
6,M1,120,211595,213015,13500
6,M1,121,213069,214489,13500
6,M1,122,214482,215902,9000
6,M1,123,216872,218292,13500
6,M1,124,218022,219700,1500
6,M1,125,220320,221740,13500
6,M1,126,221809,223229,13500
6,M1,127,223143,224637,1500
6,M1,128,224897,226317,13500
6,M1,129,227170,228590,13500
6,M1,130,229009,230429,13500
6,M1,131,230851,232271,13500
6,M1,132,232028,233679,1500
6,M1,133,233706,235126,13500
6,M1,134,236172,237592,13500
6,M1,135,237441,239000,1500
6,M1,136,239054,240474,13500
6,M1,137,240978,242398,13500
6,M1,138,242523,243943,13500
6,M1,139,244499,245919,13500
6,M1,140,246257,247677,13500
6,M1,141,248404,249824,13500
6,M1,142,250318,251738,13500
6,M1,143,251537,253146,1500
6,M1,144,253104,254554,1500
6,M1,145,255311,256731,13500
6,M1,146,256743,258163,13500
6,M1,147,258479,259899,13500
6,M1,148,260621,262041,13500
6,M1,149,262046,263466,13500
6,M1,150,264331,265751,13500
6,M1,151,266149,267569,13500
6,M1,152,267653,269073,13500
6,M1,153,268951,270481,1500
6,M1,154,271281,272701,13500
6,M1,155,272575,274109,1500
6,M1,156,274422,275842,13500
6,M1,157,276509,277929,13500
6,M1,158,277815,279337,1500
6,M1,159,279649,281069,13500
6,M1,160,281729,283149,13500
6,M1,161,283568,284988,13500
6,M1,162,285178,286598,13500
6,M1,163,286971,288391,13500
6,M1,164,288700,290120,13500
6,M1,165,290191,291611,13500
6,M1,166,291799,293219,13500
6,M1,167,294293,295713,13500
6,M1,168,295410,297121,1500
6,M1,169,297133,298553,13500
6,M1,170,299591,301011,13500
6,M1,171,300782,302419,1500
6,M1,172,302531,303951,13500
6,M1,173,304374,305794,13500
6,M1,174,306533,307953,13500
6,M1,175,307635,309361,1500
6,M1,176,310096,311516,13500
6,M1,177,311685,313105,13500
6,M1,178,313488,314908,13500
6,M1,179,315289,316709,13500
6,M1,180,316518,318117,1500
6,M1,181,318644,320064,13500
6,M1,182,320343,321763,13500
6,M1,183,321978,323398,13500
6,M1,184,323545,324965,13500
6,M1,185,325653,327073,13500
6,M1,186,327289,328709,13500
6,M1,187,328875,330295,13500
6,M1,188,331091,332511,13500
6,M1,189,332478,333919,1500
6,M1,190,334710,336130,13500
6,M1,191,336342,337762,13500
6,M1,192,337936,339356,13500
6,M1,193,339528,340948,13500
6,M1,194,341282,342702,13500
6,M1,195,343083,344503,13500
6,M1,196,345334,346754,13500
6,M1,197,346797,348217,13500
6,M1,198,348794,350214,13500
6,M1,199,350550,351970,13500
6,M1,200,352265,353685,13500
6,M1,201,353757,355177,13500
6,M1,202,355457,356877,13500
6,M1,203,357149,358569,13500
6,M1,204,358647,360067,13500
6,M1,205,360581,362001,13500
6,M1,206,362783,364203,13500
6,M1,207,364675,366095,13500
6,M1,208,366123,367543,13500
6,M1,209,367596,369016,13500
6,M1,210,369387,370807,13500
6,M1,211,371440,372860,13500
6,M1,212,372929,374349,13500
6,M1,213,374527,375947,13500
6,M1,214,376906,378326,13500
6,M1,215,378751,380171,13500
6,M1,216,380288,381708,13500
6,M1,217,381585,383116,1500
6,M1,218,383404,384824,13500
6,M1,219,385700,387120,13500
6,M1,220,387363,388783,13500
6,M1,221,389100,390520,13500
6,M1,222,390339,391928,1500
6,M1,223,392738,394158,13500
6,M1,224,394402,395822,13500
6,M1,225,396218,397638,13500
6,M1,226,397806,399226,13500
6,M1,227,399822,401242,13500
6,M1,228,401500,402920,13500
6,M1,229,403145,404565,13500
6,M1,230,404698,406118,13500
6,M1,231,406667,408087,13500
6,M1,232,408353,409773,13500
6,M1,233,409923,411343,13500
6,M1,234,412180,413600,13500
6,M1,235,413779,415199,13500
6,M1,236,415038,416607,1500
6,M1,237,417357,418777,13500
6,M1,238,418775,420195,13500
6,M1,239,420691,422111,13500
6,M1,240,422416,423836,13500
6,M1,241,423889,425309,13500
6,M1,242,426230,427650,13500
6,M1,243,427885,429305,13500
6,M1,244,429130,430713,1500
6,M1,245,431113,432533,13500
6,M1,246,433028,434448,13500
6,M1,247,434893,436313,13500
6,M1,248,436453,437873,13500
6,M1,249,438163,439583,13500
6,M1,250,440373,441793,13500
6,M1,251,441525,443201,1500
6,M1,252,443326,444746,13500
6,M1,253,445498,446918,13500
6,M1,254,447300,448720,13500
6,M1,255,448495,450128,1500
6,M1,256,450790,452210,13500
6,M1,257,451928,453618,1500
6,M1,258,454384,455804,13500
6,M1,259,456016,457436,13500
6,M1,260,457841,459261,13500
6,M1,261,459051,460669,1500
6,M1,262,460998,462418,13500
6,M1,263,463136,464556,13500
6,M1,264,464381,465964,1500
6,M1,265,466169,467589,13500
6,M1,266,468469,469889,13500
6,M1,267,470138,471558,13500
6,M1,268,471547,472967,3000
6,M1,269,473468,474888,13500
6,M1,270,475503,476923,13500
6,M1,271,477336,478756,13500
6,M1,272,478447,480164,1500
6,M1,273,480126,481572,1500
6,M1,274,482431,483851,13500
6,M1,275,483746,485259,1500
6,M1,276,485425,486845,13500
6,M1,277,487539,488959,13500
6,M1,278,489221,490641,13500
6,M1,279,491143,492563,13500
6,M1,280,492516,493971,1500
6,M1,281,494672,496092,13500
6,M1,282,496072,497500,1500
6,M1,283,497725,499145,13500
6,M1,284,499714,501134,13500
6,M1,285,501573,502993,13500
6,M1,286,503553,504973,13500
6,M1,287,505017,506437,13500
6,M1,288,506761,508181,13500
6,M1,289,508859,510279,13500
6,M1,290,510492,511912,13500
6,M1,291,512095,513515,13500
6,M1,292,513969,515389,13500
6,M1,293,515829,517249,13500
6,M1,294,517673,519093,13500
6,M1,295,518883,520501,1500
6,M1,296,521194,522614,13500
6,M1,297,522366,524022,1500
6,M1,298,524357,525777,13500
6,M1,299,526561,527981,13500
6,M1,300,527891,529389,1500
6,M1,301,529422,530842,13500
6,M1,302,531571,532991,13500
6,M1,303,533207,534627,13500
6,M1,304,534654,536074,13500
6,M1,305,536689,538109,13500
6,M1,306,538875,540295,13500
6,M1,307,540137,541703,1500
6,M1,308,542478,543898,13500
6,M1,309,544068,545488,13500
6,M1,310,545968,547388,13500
6,M1,311,547514,548934,13500
6,M1,312,549419,550839,13500
6,M1,313,551248,552668,13500
6,M1,314,552849,554269,13500
6,M1,315,554032,555677,1500
6,M1,316,555942,557362,13500
6,M1,317,557701,559121,13500
6,M1,318,559801,561221,13500
6,M1,319,561242,562662,13500
6,M1,320,562968,564388,13500
6,M1,321,565019,566439,13500
6,M1,322,566596,568016,13500
6,M1,323,568599,570019,13500
6,M1,324,570300,571720,13500
6,M1,325,571877,573297,13500
6,M1,326,573646,575066,13500
6,M1,327,575179,576599,13500
6,M1,328,577187,578607,13500
6,M1,329,579330,580750,13500
6,M1,330,580542,582158,1500
6,M1,331,582670,584090,13500
6,M1,332,584395,585815,13500
6,M1,333,586211,587631,13500
6,M1,334,587987,589407,13500
6,M1,335,589528,590948,13500
6,M1,336,591164,592584,13500
6,M1,337,593171,594591,13500
6,M1,338,594834,596254,13500
6,M1,339,596961,598381,13500
6,M1,340,598449,599869,13500
6,M1,341,600447,601867,13500
6,M1,342,601678,603275,1500
6,M1,343,603549,604969,13500
6,M1,344,605149,606569,13500
6,M1,345,607341,608761,13500
6,M1,346,609169,610589,13500
6,M1,347,610737,612157,13500
6,M1,348,612759,614179,13500
6,M1,349,614160,615587,1500
6,M1,350,616175,617595,13500
6,M1,351,617484,619003,1500
6,M1,352,619273,620693,13500
6,M1,353,621488,622908,13500
6,M1,354,623225,624645,13500
6,M1,355,624760,626180,13500
6,M1,356,626705,628125,13500
6,M1,357,628614,630034,13500
6,M1,358,630471,631891,13500
6,M1,359,631936,633356,13500
6,M1,360,633509,634929,13500
6,M1,361,635670,637090,13500
6,M1,362,637492,638912,13500
6,M1,363,638495,640320,1500
6,M1,364,640823,642243,13500
6,M1,365,642460,643880,13500
6,M1,366,644477,645897,13500
6,M1,367,646319,647739,13500
6,M1,368,647558,649147,1500
6,M1,369,649375,650795,13500
6,M1,370,651434,652854,13500
6,M1,371,652999,654419,13500
6,M1,372,654429,655849,13500
6,M1,373,656866,658286,13500
6,M1,374,658547,659967,13500
6,M1,375,659630,661375,1500
6,M1,376,661619,663039,13500
6,M1,377,663144,664564,13500
6,M1,378,665599,667019,13500
6,M1,379,667264,668684,13500
6,M1,380,669109,670529,13500
6,M1,381,670556,671976,13500
6,M1,382,672230,673650,13500
6,M1,383,674235,675655,13500
6,M1,384,676029,677449,13500
6,M1,385,677870,679290,13500
6,M1,386,679707,681127,13500
6,M1,387,681109,682535,1500
6,M1,388,683125,684545,13500
6,M1,389,684434,685953,1500
6,M1,390,686268,687688,13500
6,M1,391,688165,689585,13500
6,M1,392,690152,691572,13500
6,M1,393,691624,693044,13500
6,M1,394,693565,694985,13500
6,M1,395,694961,696393,1500
6,M1,396,697259,698679,13500
6,M1,397,699108,700528,13500
6,M1,398,700143,701936,1500
6,M1,399,702491,703911,13500
6,M1,400,704325,705745,13500
6,M1,401,705855,707275,13500
6,M1,402,707494,708914,13500
6,M1,403,709099,710519,13500
6,M1,404,711304,712724,13500
6,M1,405,712667,714132,1500
6,M1,406,714925,716345,13500
6,M1,407,716097,717753,1500
6,M1,408,718314,719734,13500
6,M1,409,719523,721142,1500
6,M1,410,721544,722964,13500
6,M1,411,723001,724421,13500
6,M1,412,724722,726142,13500
6,M1,413,726965,728385,13500
6,M1,414,728297,729793,1500
6,M1,415,730300,731720,13500
6,M1,416,731860,733280,13500
6,M1,417,733916,735336,13500
6,M1,418,735373,736793,13500
6,M1,419,737366,738786,13500
6,M1,420,738844,740264,13500
6,M1,421,740818,742238,13500
6,M1,422,742706,744126,13500
6,M1,423,744165,745585,13500
6,M1,424,746558,747978,13500
6,M1,425,747896,749386,1500
6,M1,426,750014,751434,13500
6,M1,427,751494,752914,13500
6,M1,428,752967,754387,13500
6,M1,429,755310,756730,13500
6,M1,430,756595,758138,1500
6,M1,431,758181,759601,13500
6,M1,432,760623,762043,13500
6,M1,433,762081,763501,13500
6,M1,434,763828,765248,13500
6,M1,435,765628,767048,13500
6,M1,436,767025,768456,1500
6,M1,437,769309,770729,13500
6,M1,438,771127,772547,13500
6,M1,439,772601,774021,13500
6,M1,440,774413,775833,13500
6,M1,441,776364,777784,13500
6,M1,442,777542,779192,1500
6,M1,443,779714,781134,13500
6,M1,444,781609,783029,13500
6,M1,445,783574,784994,13500
6,M1,446,784621,786402,1500
6,M1,447,786543,787963,13500
6,M1,448,788849,790269,13500
6,M1,449,790529,791949,13500
6,M1,450,791969,793389,13500
6,M1,451,793488,794908,13500
6,M1,452,795827,797247,13500
6,M1,453,797309,798729,13500
6,M1,454,799321,800741,13500
6,M1,455,800467,802149,1500
6,M1,456,802378,803798,13500
6,M1,457,804683,806103,13500
6,M1,458,806028,807511,1500
6,M1,459,808216,809636,13500
6,M1,460,809842,811262,13500
6,M1,461,811292,812712,13500
6,M1,462,812852,814272,13500
6,M1,463,815199,816619,13500
6,M1,464,816416,818027,1500
6,M1,465,818572,819992,13500
6,M1,466,820085,821505,13500
6,M1,467,821544,822964,13500
6,M1,468,823536,824956,13500
6,M1,469,825196,826616,13500
6,M1,470,827467,828887,13500
6,M1,471,829294,830714,13500
6,M1,472,830346,832122,1500
6,M1,473,832849,834269,13500
6,M1,474,834150,835677,1500
6,M1,475,836001,837421,13500
6,M1,476,837667,839087,13500
6,M1,477,839323,840743,13500
6,M1,478,841221,842641,13500
6,M1,479,842889,844309,13500
6,M1,480,844934,846354,13500
6,M1,481,846293,847762,1500
6,M1,482,848033,849453,13500
6,M1,483,850289,851709,13500
6,M1,484,851477,853117,1500
6,M1,485,853828,855248,13500
6,M1,486,855444,856864,13500
6,M1,487,856997,858417,13500
6,M1,488,858894,860314,13500
6,M1,489,860250,861722,1500
6,M1,490,862759,864179,13500
6,M1,491,863779,865587,1500
6,M1,492,865755,867175,13500
6,M1,493,867403,868823,13500
6,M1,494,869213,870633,13500
6,M1,495,871510,872930,13500
6,M1,496,872766,874338,1500
6,M1,497,875118,876538,13500
6,M1,498,876520,877946,1500
6,M1,499,878317,879737,13500
6,M1,500,879802,881222,13500
6,M1,501,881943,883363,13500
6,M1,502,883884,885304,13500
6,M1,503,885237,886712,1500
6,M1,504,886658,888120,1500
6,M1,505,888562,889982,13500
6,M1,506,890761,892181,13500
6,M1,507,892615,894035,13500
6,M1,508,893739,895443,1500
6,M1,509,895955,897375,13500
6,M1,510,897235,898783,1500
6,M1,511,899558,900978,13500
6,M1,512,901207,902627,13500
6,M1,513,903276,904696,13500
6,M1,514,904480,906104,1500
6,M1,515,906038,907512,1500
6,M1,516,908209,909629,13500
6,M1,517,910270,911690,13500
6,M1,518,912072,913492,13500
6,M1,519,913249,914900,1500
6,M1,520,915547,916967,13500
6,M1,521,916838,918375,1500
6,M1,522,918901,920321,13500
6,M1,523,920553,921973,13500
6,M1,524,922142,923562,13500
6,M1,525,923861,925281,13500
6,M1,526,925953,927373,13500
6,M1,527,927840,929260,13500
6,M1,528,929336,930756,13500
6,M1,529,930882,932302,13500
6,M1,530,932502,933922,13500
6,M1,531,934786,936206,13500
6,M1,532,936533,937953,13500
6,M1,533,938148,939568,13500
6,M1,534,939862,941282,13500
6,M1,535,941369,942789,13500
6,M1,536,943373,944793,13500
6,M1,537,944935,946355,13500
6,M1,538,946863,948283,13500
6,M1,539,948346,949766,13500
6,M1,540,950669,952089,13500
6,M1,541,952181,953601,13500
6,M1,542,954056,955476,13500
6,M1,543,955774,957194,13500
6,M1,544,957300,958720,13500
6,M1,545,959524,960944,13500
6,M1,546,960609,962352,1500
6,M1,547,962415,963835,13500
6,M1,548,964113,965533,13500
6,M1,549,966049,967469,13500
6,M1,550,967726,969146,13500
6,M1,551,969577,970997,13500
6,M1,552,971230,972650,13500
6,M1,553,973485,974905,13500
6,M1,554,974738,976313,1500
6,M1,555,976897,978317,13500
6,M1,556,978762,980182,13500
6,M1,557,980189,981609,13500
6,M1,558,982233,983653,13500
6,M1,559,983869,985289,13500
6,M1,560,985598,987018,13500
6,M1,561,987302,988722,13500
6,M1,562,988995,990415,13500
6,M1,563,990693,992113,13500
6,M1,564,992881,994301,13500
6,M1,565,994245,995709,1500
6,M1,566,995965,997385,13500
6,M1,567,997644,999064,13500
6,M1,568,999565,1000985,13500
6,M1,569,1001453,1002873,13500
6,M1,570,1002979,1004399,13500
6,M1,571,1004617,1006037,13500
6,M1,572,1006404,1007824,13500
6,M1,573,1008872,1010292,13500
6,M1,574,1010296,1011716,13500
6,M1,575,1012185,1013605,13500
6,M1,576,1013997,1015417,13500
6,M1,577,1015654,1017074,13500
6,M1,578,1017369,1018789,13500
6,M1,579,1019300,1020720,13500
6,M1,580,1020493,1022128,1500
6,M1,581,1022193,1023613,13500
6,M1,582,1024343,1025763,13500
6,M1,583,1025983,1027403,13500
6,M1,584,1027971,1029391,13500
6,M1,585,1029488,1030908,13500
6,M1,586,1031702,1033122,13500
6,M1,587,1033165,1034585,13500
6,M1,588,1035261,1036681,13500
6,M1,589,1036803,1038223,13500
6,M1,590,1038337,1039757,13500
6,M1,591,1040169,1041589,13500
6,M1,592,1041748,1043168,13500
6,M1,593,1043655,1045075,13500
6,M1,594,1045262,1046682,13500
6,M1,595,1046927,1048347,13500
6,M1,596,1049257,1050677,13500
6,M1,597,1050719,1052139,13500
6,M1,598,1052282,1053702,13500
6,M1,599,1054010,1055430,13500
6,M1,600,1055799,1057219,13500
6,M1,601,1057453,1058873,13500
6,M1,602,1059566,1060986,13500
6,M1,603,1061221,1062641,13500
6,M1,604,1062848,1064268,13500
6,M1,605,1064699,1066119,13500
6,M1,606,1066170,1067590,13500
6,M1,607,1068720,1070140,13500
6,M1,608,1070465,1071885,13500
6,M1,609,1071919,1073339,13500
6,M1,610,1073272,1074747,1500
6,M1,611,1075558,1076978,13500
6,M1,612,1077086,1078506,13500
6,M1,613,1078538,1079958,13500
6,M1,614,1080666,1082086,13500
6,M1,615,1082298,1083718,13500
6,M1,616,1084407,1085827,13500
6,M1,617,1085731,1087235,1500
6,M1,618,1087282,1088702,13500
6,M1,619,1089792,1091212,13500
6,M1,620,1091406,1092826,13500
6,M1,621,1093112,1094532,13500
6,M1,622,1094712,1096132,13500
6,M1,623,1096731,1098151,13500
6,M1,624,1098341,1099761,13500
6,M1,625,1100230,1101650,13500
6,M1,626,1101670,1103090,13500
6,M1,627,1103133,1104553,13500
6,M1,628,1105370,1106790,13500
6,M1,629,1107329,1108749,13500
6,M1,630,1109182,1110602,13500
6,M1,631,1110924,1112344,13500
6,M1,632,1112419,1113839,13500
6,M1,633,1114361,1115781,13500
6,M1,634,1115525,1117189,1500
6,M1,635,1117518,1118938,13500
6,M1,636,1119234,1120654,13500
6,M1,637,1120977,1122397,13500
6,M1,638,1123230,1124650,13500
6,M1,639,1124795,1126215,13500
6,M1,640,1126217,1127637,13500
6,M1,641,1128285,1129705,13500
6,M1,642,1130259,1131679,13500
6,M1,643,1131731,1133151,13500
6,M1,644,1133051,1134559,1500
6,M1,645,1134894,1136314,13500
6,M1,646,1136784,1138204,13500
6,M1,647,1138806,1140226,13500
6,M1,648,1140206,1141634,1500
6,M1,649,1142542,1143962,13500
6,M1,650,1144338,1145758,13500
6,M1,651,1145383,1147166,1500
6,M1,652,1147633,1149053,13500
6,M1,653,1149344,1150764,13500
6,M1,654,1150682,1152172,1500
6,M1,655,1152613,1154033,13500
6,M1,656,1154449,1155869,13500
6,M1,657,1156058,1157478,13500
6,M1,658,1158408,1159828,13500
6,M1,659,1159867,1161287,13500
6,M1,660,1161650,1163070,13500
6,M1,661,1163377,1164797,13500
6,M1,662,1164802,1166222,13500
6,M1,663,1167166,1168586,13500
6,M1,664,1168965,1170385,13500
6,M1,665,1170360,1171793,1500
6,M1,666,1171833,1173253,13500
6,M1,667,1173866,1175286,13500
6,M1,668,1175432,1176852,13500
6,M1,669,1177468,1178888,13500
6,M1,670,1179208,1180628,13500
6,M1,671,1181348,1182768,13500
6,M1,672,1182448,1184176,1500
6,M1,673,1184768,1186188,13500
6,M1,674,1185897,1187596,1500
6,M1,675,1188143,1189563,13500
6,M1,676,1189944,1191364,13500
6,M1,677,1191247,1192772,1500
6,M1,678,1193062,1194482,13500
6,M1,679,1194977,1196397,13500
6,M1,680,1196752,1198172,13500
6,M1,681,1198431,1199851,13500
6,M1,682,1200107,1201527,13500
6,M1,683,1202153,1203573,13500
6,M1,684,1204058,1205478,13500
6,M1,685,1205208,1206886,1500
6,M1,686,1207410,1208830,13500
6,M1,687,1209305,1210725,13500
6,M1,688,1211106,1212526,13500
6,M1,689,1212635,1214055,13500
6,M1,690,1214732,1216152,13500
6,M1,691,1215842,1217560,1500
6,M1,692,1217877,1219297,13500
6,M1,693,1219993,1221413,13500
6,M1,694,1221214,1222821,1500
6,M1,695,1223461,1224881,13500
6,M1,696,1225273,1226693,13500
6,M1,697,1226967,1228387,13500
6,M1,698,1228307,1229795,1500
6,M1,699,1230168,1231588,13500
6,M1,700,1232197,1233617,13500
6,M1,701,1233970,1235390,13500
6,M1,702,1235273,1236798,1500
6,M1,703,1237562,1238982,13500
6,M1,704,1238789,1240390,1500
6,M1,705,1240426,1241846,13500
6,M1,706,1242958,1244378,13500
6,M1,707,1244095,1245786,1500
6,M1,708,1246141,1247561,13500
6,M1,709,1247640,1249060,13500
6,M1,710,1249231,1250651,13500
6,M1,711,1251052,1252472,13500
6,M1,712,1253001,1254421,13500
6,M1,713,1254715,1256135,13500
6,M1,714,1256363,1257783,13500
6,M1,715,1258094,1259514,13500
6,M1,716,1259823,1261243,13500
6,M1,717,1262061,1263481,13500
6,M1,718,1263396,1264889,1500
6,M1,719,1265302,1266722,13500
6,M1,720,1267269,1268689,13500
6,M1,721,1268772,1270192,13500
6,M1,722,1270792,1272212,13500
6,M1,723,1272247,1273667,13500
6,M1,724,1274188,1275608,13500
6,M1,725,1275796,1277216,13500
6,M1,726,1277690,1279110,13500
6,M1,727,1279276,1280696,13500
6,M1,728,1281513,1282933,13500
6,M1,729,1282774,1284341,1500
6,M1,730,1284721,1286141,13500
6,M1,731,1286714,1288134,13500
6,M1,732,1288476,1289896,13500
6,M1,733,1289782,1291304,1500
6,M1,734,1292093,1293513,13500
6,M1,735,1293806,1295226,13500
6,M1,736,1295233,1296653,13500
6,M1,737,1297463,1298883,13500
6,M1,738,1298591,1300291,1500
6,M1,739,1300593,1302013,13500
6,M1,740,1302461,1303881,13500
6,M1,741,1304273,1305693,13500
6,M1,742,1306160,1307580,13500
6,M1,743,1307373,1308988,1500
6,M1,744,1309721,1311141,13500
6,M1,745,1311192,1312612,13500
6,M1,746,1313309,1314729,13500
6,M1,747,1314934,1316354,13500
6,M1,748,1316152,1317762,1500
6,M1,749,1318463,1319883,13500
6,M1,750,1319894,1321314,13500
6,M1,751,1321704,1323124,13500
6,M1,752,1323658,1325078,13500
6,M1,753,1325057,1326486,1500
6,M1,754,1326740,1328160,13500
6,M1,755,1328667,1330087,13500
6,M1,756,1330429,1331849,13500
6,M1,757,1332159,1333579,13500
6,M1,758,1333804,1335224,13500
6,M1,759,1335720,1337140,13500
6,M1,760,1337651,1339071,13500
6,M1,761,1339448,1340868,13500
6,M1,762,1341189,1342609,13500
6,M1,763,1342832,1344252,13500
6,M1,764,1344514,1345934,13500
6,M1,765,1346425,1347845,13500
6,M1,766,1348412,1349832,13500
6,M1,767,1350315,1351735,13500
6,M1,768,1351621,1353143,1500
6,M1,769,1353688,1355108,13500
6,M1,770,1355224,1356644,13500
6,M1,771,1356852,1358272,13500
6,M1,772,1359001,1360421,13500
6,M1,773,1360224,1361829,1500
6,M1,774,1362229,1363649,13500
6,M1,775,1364021,1365441,13500
6,M1,776,1365732,1367152,13500
6,M1,777,1367175,1368595,13500
6,M1,778,1369071,1370491,13500
6,M1,779,1371262,1372682,13500
6,M1,780,1372779,1374199,13500
6,M1,781,1374799,1376219,13500
6,M1,782,1376590,1378010,13500
6,M1,783,1378224,1379644,13500
6,M1,784,1379603,1381052,1500
6,M1,785,1381809,1383229,13500
6,M1,786,1383547,1384967,13500
6,M1,787,1385362,1386782,13500
6,M1,788,1387219,1388639,13500
6,M1,789,1388402,1390047,1500
6,M1,790,1390212,1391632,13500
6,M1,791,1391923,1393343,13500
6,M1,792,1393658,1395078,13500
6,M1,793,1395297,1396717,13500
6,M1,794,1397276,1398696,13500
6,M1,795,1398867,1400287,13500
6,M1,796,1400638,1402058,13500
6,M1,797,1402761,1404181,13500
6,M1,798,1404224,1405644,13500
6,M1,799,1406548,1407968,13500
6,M1,800,1407614,1409376,1500
6,M1,801,1409515,1410935,13500
6,M1,802,1411504,1412924,13500
6,M1,803,1412985,1414405,13500
6,M1,804,1414931,1416351,13500
6,M1,805,1416735,1418155,13500
6,M1,806,1418726,1420146,13500
6,M1,807,1420579,1421999,13500
6,M1,808,1422289,1423709,13500
6,M1,809,1423663,1425117,1500
6,M1,810,1425679,1427099,13500
6,M1,811,1427638,1429058,13500
6,M1,812,1428814,1430466,1500
6,M1,813,1431020,1432440,13500
6,M1,814,1432330,1433848,1500
6,M1,815,1434455,1435875,13500
6,M1,816,1435825,1437283,1500
6,M1,817,1438097,1439517,13500
6,M1,818,1439595,1441015,13500
6,M1,819,1441130,1442550,13500
6,M1,820,1443449,1444869,13500
6,M1,821,1444684,1446277,1500
6,M1,822,1446590,1448010,13500
6,M1,823,1448608,1450028,13500
6,M1,824,1450012,1451436,1500
6,M1,825,1451629,1453049,13500
6,M1,826,1453489,1454909,13500
6,M1,827,1455218,1456638,13500
6,M1,828,1457139,1458559,13500
6,M1,829,1458896,1460316,13500
6,M1,830,1461136,1462556,13500
6,M1,831,1462836,1464256,13500
6,M1,832,1464374,1465794,13500
6,M1,833,1465971,1467391,13500
6,M1,834,1467715,1469135,13500
6,M1,835,1469359,1470779,13500
6,M1,836,1471563,1472983,13500
6,M1,837,1472741,1474391,1500
6,M1,838,1474944,1476364,13500
6,M1,839,1476406,1477826,13500
6,M1,840,1478549,1479969,13500
6,M1,841,1479992,1481412,13500
6,M1,842,1481731,1483151,13500
6,M1,843,1483676,1485096,13500
6,M1,844,1485079,1486504,1500
6,M1,845,1487067,1488487,13500
6,M1,846,1488746,1490166,13500
6,M1,847,1490502,1491922,13500
6,M1,848,1492639,1494059,13500
6,M1,849,1494177,1495597,13500
6,M1,850,1495951,1497371,13500
6,M1,851,1497530,1498950,13500
6,M1,852,1499498,1500918,13500
6,M1,853,1501143,1502563,13500
6,M1,854,1502988,1504408,13500
6,M1,855,1504822,1506242,13500
6,M1,856,1506904,1508324,13500
6,M1,857,1508085,1509732,1500
6,M1,858,1509777,1511197,13500
6,M1,859,1511832,1513252,13500
6,M1,860,1513402,1514822,13500
6,M1,861,1515611,1517031,13500
6,M1,862,1516838,1518439,1500
6,M1,863,1518531,1519951,13500
6,M1,864,1520425,1521845,13500
6,M1,865,1522043,1523463,13500
6,M1,866,1524073,1525493,13500
6,M1,867,1525961,1527381,13500
6,M1,868,1528054,1529474,13500
6,M1,869,1529362,1530882,1500
6,M1,870,1531231,1532651,13500
6,M1,871,1532949,1534369,13500
6,M1,872,1535107,1536527,13500
6,M1,873,1536743,1538163,13500
6,M1,874,1538594,1540014,13500
6,M1,875,1539942,1541422,1500
6,M1,876,1541450,1542870,13500
6,M1,877,1543689,1545109,13500
6,M1,878,1545455,1546875,13500
6,M1,879,1547268,1548688,13500
6,M1,880,1548553,1550096,1500
6,M1,881,1550174,1551594,13500
6,M1,882,1552191,1553611,13500
6,M1,883,1553768,1555188,13500
6,M1,884,1555589,1557009,13500
6,M1,885,1557296,1558716,13500
6,M1,886,1559067,1560487,13500
6,M1,887,1561448,1562868,13500
6,M1,888,1562721,1564276,1500
6,M1,889,1564580,1566000,13500
6,M1,890,1566636,1568056,13500
6,M1,891,1568174,1569594,13500
6,M1,892,1569873,1571293,13500
6,M1,893,1571763,1573183,13500
6,M1,894,1573537,1574957,13500
6,M1,895,1574850,1576365,1500
6,M1,896,1577200,1578620,13500
6,M1,897,1578972,1580392,13500
6,M1,898,1580204,1581800,1500
6,M1,899,1582639,1584059,13500
6,M1,900,1583904,1585467,1500
6,M1,901,1585414,1586875,1500
6,M1,902,1587673,1589093,13500
6,M1,903,1588924,1590501,1500
6,M1,904,1591402,1592822,13500
6,M1,905,1593068,1594488,13500
6,M1,906,1594869,1596289,13500
6,M1,907,1596237,1597697,1500
6,M1,908,1598362,1599782,13500
6,M1,909,1600160,1601580,13500
6,M1,910,1601330,1602988,1500
6,M1,911,1603214,1604634,13500
6,M1,912,1605018,1606438,13500
6,M1,913,1607193,1608613,13500
6,M1,914,1608922,1610342,13500
6,M1,915,1610570,1611990,13500
6,M1,916,1612331,1613751,13500
6,M1,917,1613572,1615159,1500
6,M1,918,1615982,1617402,13500
6,M1,919,1617060,1618810,1500
6,M1,920,1619263,1620683,13500
6,M1,921,1620838,1622258,13500
6,M1,922,1622998,1624418,13500
6,M1,923,1624471,1625891,13500
6,M1,924,1625914,1627334,13500
6,M1,925,1628291,1629711,13500
6,M1,926,1629797,1631217,13500
6,M1,927,1631780,1633200,13500
6,M1,928,1632891,1634608,1500
6,M1,929,1635345,1636765,13500
6,M1,930,1636929,1638349,13500
6,M1,931,1638846,1640266,13500
6,M1,932,1640186,1641674,1500
6,M1,933,1641766,1643186,13500
6,M1,934,1643713,1645133,13500
6,M1,935,1645684,1647104,13500
6,M1,936,1647623,1649043,13500
6,M1,937,1649254,1650674,13500
6,M1,938,1651079,1652499,13500
6,M1,939,1652474,1653907,1500
6,M1,940,1654400,1655820,13500
6,M1,941,1656286,1657706,13500
6,M1,942,1658168,1659588,13500
6,M1,943,1659762,1661182,13500
6,M1,944,1661155,1662590,1500
6,M1,945,1663277,1664697,13500
6,M1,946,1664567,1666105,1500
6,M1,947,1666634,1668054,13500
6,M1,948,1668162,1669582,13500
6,M1,949,1670239,1671659,13500
6,M1,950,1671620,1673067,1500
6,M1,951,1673876,1675296,13500
6,M1,952,1675455,1676875,13500
6,M1,953,1677679,1679099,13500
6,M1,954,1679147,1680567,13500
6,M1,955,1681165,1682585,13500
6,M1,956,1682482,1683993,1500
6,M1,957,1684582,1686002,13500
6,M1,958,1686134,1687554,13500
6,M1,959,1687587,1689007,13500
6,M1,960,1689368,1690788,13500
6,M1,961,1691351,1692771,13500
6,M1,962,1693341,1694761,13500
6,M1,963,1694517,1696169,1500
6,M1,964,1696554,1697974,13500
6,M1,965,1698284,1699704,13500
6,M1,966,1700345,1701765,13500
6,M1,967,1702150,1703570,13500
6,M1,968,1704019,1705439,13500
6,M1,969,1705725,1707145,13500
6,M1,970,1707064,1708553,1500
6,M1,971,1708597,1710017,13500
6,M1,972,1710601,1712021,13500
6,M1,973,1712818,1714238,13500
6,M1,974,1714365,1715785,13500
6,M1,975,1716081,1717501,13500
6,M1,976,1717999,1719419,13500
6,M1,977,1719878,1721298,13500
6,M1,978,1721323,1722743,13500
6,M1,979,1723070,1724490,13500
6,M1,980,1724402,1725898,1500
6,M1,981,1726286,1727706,13500
6,M1,982,1728106,1729526,13500
6,M1,983,1730114,1731534,13500
6,M1,984,1732158,1733578,13500
6,M1,985,1733500,1734986,1500
6,M1,986,1735692,1737112,13500
6,M1,987,1737299,1738719,13500
6,M1,988,1738573,1740127,1500
6,M1,989,1740794,1742214,13500
6,M1,990,1742776,1744196,13500
6,M1,991,1744387,1745807,13500
6,M1,992,1746165,1747585,13500
6,M1,993,1747838,1749258,13500
6,M1,994,1749207,1750666,1500
6,M1,995,1750942,1752362,13500
6,M1,996,1752748,1754168,13500
6,M1,997,1754535,1755955,13500
6,M1,998,1756428,1757848,13500
6,M1,999,1757916,1759336,13500
7,M0,0,0,1412,420000
7,M0,1,1750,3162,420000
7,M0,2,3387,4799,420000
7,M0,3,5600,7012,420000
7,M0,4,7042,8454,420000
7,M0,5,9100,10512,420000
7,M0,6,10181,11920,420000
7,M0,7,12593,14005,420000
7,M0,8,14457,15869,420000
7,M0,9,16195,17607,420000
7,M0,10,17610,19022,420000
7,M0,11,19636,21048,420000
7,M0,12,21447,22859,420000
7,M0,13,22771,24267,420000
7,M0,14,24847,26259,420000
7,M0,15,26243,27667,420000
7,M0,16,28285,29697,420000
7,M0,17,29548,31105,420000
7,M0,18,31657,33069,420000
7,M0,19,33483,34895,420000
7,M0,20,35599,37011,420000
7,M0,21,37161,38573,420000
7,M0,22,39105,40517,420000
7,M0,23,40418,41925,420000
7,M0,24,42489,43901,420000
7,M0,25,43812,45309,420000
7,M0,26,46002,47414,420000
7,M0,27,47810,49222,420000
7,M0,28,49408,50820,420000
7,M0,29,51243,52655,420000
7,M0,30,52429,54063,420000
7,M0,31,54803,56215,420000
7,M0,32,56708,58120,420000
7,M0,33,57842,59528,420000
7,M0,34,59872,61284,420000
7,M0,35,61230,62692,420000
7,M0,36,63269,64681,420000
7,M0,37,65460,66872,420000
7,M0,38,67140,68552,420000
7,M0,39,68985,70397,420000
7,M0,40,70433,71845,420000
7,M0,41,71845,73257,420000
7,M0,42,74190,75602,420000
7,M0,43,75794,77206,420000
7,M0,44,77813,79225,420000
7,M0,45,79172,80633,420000
7,M0,46,81347,82759,420000
7,M0,47,83064,84476,420000
7,M0,48,84380,85884,420000
7,M0,49,85948,87360,420000
7,M0,50,87812,89224,420000
7,M0,51,89756,91168,420000
7,M0,52,91815,93227,420000
7,M0,53,93503,94915,420000
7,M0,54,94921,96333,420000
7,M0,55,96950,98362,420000
7,M0,56,98803,100215,420000
7,M0,57,100226,101638,420000
7,M0,58,101774,103186,420000
7,M0,59,103532,104944,420000
7,M0,60,105959,107371,420000
7,M0,61,107101,108779,420000
7,M0,62,109428,110840,420000
7,M0,63,110928,112340,420000
7,M0,64,112924,114336,420000
7,M0,65,114741,116153,420000
7,M0,66,116102,117561,420000
7,M0,67,117709,119121,420000
7,M0,68,119558,120970,420000
7,M0,69,121332,122744,420000
7,M0,70,123471,124883,420000
7,M0,71,125344,126756,420000
7,M0,72,126391,128164,420000
7,M0,73,128561,129973,420000
7,M0,74,130553,131965,420000
7,M0,75,131660,133373,420000
7,M0,76,133620,135032,420000
7,M0,77,135645,137057,420000
7,M0,78,137106,138518,420000
7,M0,79,138821,140233,420000
7,M0,80,140826,142238,420000
7,M0,81,142651,144063,420000
7,M0,82,144292,145704,420000
7,M0,83,146051,147463,420000
7,M0,84,147988,149400,420000
7,M0,85,149347,150808,420000
7,M0,86,151049,152461,420000
7,M0,87,153119,154531,420000
7,M0,88,154739,156151,420000
7,M0,89,156291,157703,420000
7,M0,90,158656,160068,420000
7,M0,91,159822,161476,420000
7,M0,92,161608,163020,420000
7,M0,93,163940,165352,420000
7,M0,94,165531,166943,420000
7,M0,95,166865,168351,420000
7,M0,96,169010,170422,420000
7,M0,97,170446,171858,420000
7,M0,98,172704,174116,420000
7,M0,99,174580,175992,420000
7,M0,100,175781,177400,420000
7,M0,101,178069,179481,420000
7,M0,102,179204,180889,420000
7,M0,103,181009,182421,420000
7,M0,104,183364,184776,420000
7,M0,105,184439,186184,420000
7,M0,106,186673,188085,420000
7,M0,107,188104,189516,420000
7,M0,108,190165,191577,420000
7,M0,109,192146,193558,420000
7,M0,110,193712,195124,420000
7,M0,111,195024,196532,420000
7,M0,112,197176,198588,420000
7,M0,113,198731,200143,420000
7,M0,114,200769,202181,420000
7,M0,115,202318,203730,420000
7,M0,116,204408,205820,420000
7,M0,117,206116,207528,420000
7,M0,118,207605,209017,420000
7,M0,119,209515,210927,420000
7,M0,120,211095,212507,420000
7,M0,121,212729,214141,420000
7,M0,122,214753,216165,420000
7,M0,123,216772,218184,420000
7,M0,124,218141,219592,420000
7,M0,125,220234,221646,420000
7,M0,126,221702,223114,420000
7,M0,127,223627,225039,420000
7,M0,128,224888,226447,420000
7,M0,129,227068,228480,420000
7,M0,130,228912,230324,420000
7,M0,131,230674,232086,420000
7,M0,132,232329,233741,420000
7,M0,133,233730,235149,420000
7,M0,134,236212,237624,420000
7,M0,135,237844,239256,420000
7,M0,136,239119,240664,420000
7,M0,137,241156,242568,420000
7,M0,138,242718,244130,420000
7,M0,139,244924,246336,420000
7,M0,140,246421,247833,420000
7,M0,141,248472,249884,420000
7,M0,142,249942,251354,420000
7,M0,143,251727,253139,420000
7,M0,144,253268,254680,420000
7,M0,145,255332,256744,420000
7,M0,146,257061,258473,420000
7,M0,147,258743,260155,420000
7,M0,148,260233,261645,420000
7,M0,149,262599,264011,420000
7,M0,150,263724,265419,420000
7,M0,151,265981,267393,420000
7,M0,152,267708,269120,420000
7,M0,153,268980,270528,420000
7,M0,154,270908,272320,420000
7,M0,155,272499,273911,420000
7,M0,156,274801,276213,420000
7,M0,157,276642,278054,420000
7,M0,158,278410,279822,420000
7,M0,159,280160,281572,420000
7,M0,160,281869,283281,420000
7,M0,161,283448,284860,420000
7,M0,162,285120,286532,420000
7,M0,163,286777,288189,420000
7,M0,164,288837,290249,420000
7,M0,165,290783,292195,420000
7,M0,166,292042,293603,420000
7,M0,167,294123,295535,420000
7,M0,168,296046,297458,420000
7,M0,169,297411,298866,420000
7,M0,170,298898,300310,420000
7,M0,171,301168,302580,420000
7,M0,172,302726,304138,420000
7,M0,173,304376,305788,420000
7,M0,174,305902,307314,420000
7,M0,175,308070,309482,420000
7,M0,176,309626,311038,420000
7,M0,177,311743,313155,420000
7,M0,178,312931,314563,420000
7,M0,179,314708,316120,420000
7,M0,180,316726,318138,420000
7,M0,181,318387,319799,420000
7,M0,182,320268,321680,420000
7,M0,183,322478,323890,420000
7,M0,184,323483,325298,420000
7,M0,185,325222,326706,420000
7,M0,186,327429,328841,420000
7,M0,187,329075,330487,420000
7,M0,188,330868,332280,420000
7,M0,189,332389,333801,420000
7,M0,190,334226,335638,420000
7,M0,191,335774,337186,420000
7,M0,192,337554,338966,420000
7,M0,193,339730,341142,420000
7,M0,194,341476,342888,420000
7,M0,195,343313,344725,420000
7,M0,196,344609,346133,420000
7,M0,197,346833,348245,420000
7,M0,198,348432,349844,420000
7,M0,199,349885,351297,420000
7,M0,200,352248,353660,420000
7,M0,201,353470,355068,420000
7,M0,202,355441,356853,420000
7,M0,203,357533,358945,420000
7,M0,204,358731,360353,420000
7,M0,205,360746,362158,420000
7,M0,206,362306,363718,420000
7,M0,207,364563,365975,420000
7,M0,208,366422,367834,420000
7,M0,209,367787,369242,420000
7,M0,210,369902,371314,420000
7,M0,211,371228,372722,420000
7,M0,212,373055,374467,420000
7,M0,213,374483,375895,420000
7,M0,214,376494,377906,420000
7,M0,215,378693,380105,420000
7,M0,216,380452,381864,420000
7,M0,217,381749,383272,420000
7,M0,218,383569,384981,420000
7,M0,219,385621,387033,420000
7,M0,220,387304,388716,420000
7,M0,221,389116,390528,420000
7,M0,222,390592,392004,420000
7,M0,223,392385,393797,420000
7,M0,224,394269,395681,420000
7,M0,225,395746,397158,420000
7,M0,226,398117,399529,420000
7,M0,227,399919,401331,420000
7,M0,228,401604,403016,420000
7,M0,229,403069,404481,420000
7,M0,230,404733,406145,420000
7,M0,231,406653,408065,420000
7,M0,232,408143,409555,420000
7,M0,233,410449,411861,420000
7,M0,234,412083,413495,420000
7,M0,235,413543,414955,420000
7,M0,236,415051,416463,420000
7,M0,237,416786,418198,420000
7,M0,238,418763,420175,420000
7,M0,239,420272,421684,420000
7,M0,240,422713,424125,420000
7,M0,241,424183,425595,420000
7,M0,242,425934,427346,420000
7,M0,243,427458,428870,420000
7,M0,244,429162,430574,420000
7,M0,245,431362,432774,420000
7,M0,246,433234,434646,420000
7,M0,247,434611,436054,420000
7,M0,248,436388,437800,420000
7,M0,249,438098,439510,420000
7,M0,250,440241,441653,420000
7,M0,251,441538,443061,420000
7,M0,252,443708,445120,420000
7,M0,253,445125,446537,420000
7,M0,254,446785,448197,420000
7,M0,255,448997,450409,420000
7,M0,256,450814,452226,420000
7,M0,257,452397,453809,420000
7,M0,258,454293,455705,420000
7,M0,259,455542,457113,420000
7,M0,260,457998,459410,420000
7,M0,261,459336,460818,420000
7,M0,262,460825,462237,420000
7,M0,263,462629,464041,420000
7,M0,264,464704,466116,420000
7,M0,265,466347,467759,420000
7,M0,266,467826,469238,420000
7,M0,267,470288,471700,420000
7,M0,268,471844,473256,420000
7,M0,269,473508,474920,420000
7,M0,270,475428,476840,420000
7,M0,271,476986,478398,420000
7,M0,272,479088,480500,420000
7,M0,273,480202,481908,420000
7,M0,274,482289,483701,420000
7,M0,275,483812,485224,420000
7,M0,276,485437,486849,420000
7,M0,277,487473,488885,420000
7,M0,278,489292,490704,420000
7,M0,279,490991,492403,420000
7,M0,280,492461,493873,420000
7,M0,281,494683,496095,420000
7,M0,282,496282,497694,420000
7,M0,283,498078,499490,420000
7,M0,284,499455,500898,420000
7,M0,285,501889,503301,420000
7,M0,286,503630,505042,420000
7,M0,287,504892,506450,420000
7,M0,288,506772,508184,420000
7,M0,289,508548,509960,420000
7,M0,290,510480,511892,420000
7,M0,291,512391,513803,420000
7,M0,292,513645,515211,420000
7,M0,293,515749,517161,420000
7,M0,294,517760,519172,420000
7,M0,295,519243,520655,420000
7,M0,296,520910,522322,420000
7,M0,297,522508,523920,420000
7,M0,298,524545,525957,420000
7,M0,299,526638,528050,420000
7,M0,300,528205,529617,420000
7,M0,301,529709,531121,420000
7,M0,302,531819,533231,420000
7,M0,303,533670,535082,420000
7,M0,304,534830,536490,420000
7,M0,305,536636,538048,420000
7,M0,306,538834,540246,420000
7,M0,307,539920,541654,420000
7,M0,308,542238,543650,420000
7,M0,309,543883,545295,420000
7,M0,310,545548,546960,420000
7,M0,311,547037,548449,420000
7,M0,312,549184,550596,420000
7,M0,313,551071,552483,420000
7,M0,314,553006,554418,420000
7,M0,315,554046,555826,420000
7,M0,316,555951,557363,420000
7,M0,317,558162,559574,420000
7,M0,318,559849,561261,420000
7,M0,319,561062,562669,420000
7,M0,320,563485,564897,420000
7,M0,321,565321,566733,420000
7,M0,322,566750,568162,420000
7,M0,323,568591,570003,420000
7,M0,324,570086,571498,420000
7,M0,325,571815,573227,420000
7,M0,326,573824,575236,420000
7,M0,327,575909,577321,420000
7,M0,328,577103,578729,420000
7,M0,329,578658,580137,420000
7,M0,330,580588,582000,420000
7,M0,331,582949,584361,420000
7,M0,332,584451,585863,420000
7,M0,333,586178,587590,420000
7,M0,334,587924,589336,420000
7,M0,335,589599,591011,420000
7,M0,336,591186,592598,420000
7,M0,337,593092,594504,420000
7,M0,338,594549,595961,420000
7,M0,339,596551,597963,420000
7,M0,340,598477,599889,420000
7,M0,341,600546,601958,420000
7,M0,342,602075,603487,420000
7,M0,343,604033,605445,420000
7,M0,344,605673,607085,420000
7,M0,345,606925,608493,420000
7,M0,346,608737,610149,420000
7,M0,347,611066,612478,420000
7,M0,348,612609,614021,420000
7,M0,349,614330,615742,420000
7,M0,350,615761,617173,420000
7,M0,351,618090,619502,420000
7,M0,352,619276,620910,420000
7,M0,353,621509,622921,420000
7,M0,354,623340,624752,420000
7,M0,355,624885,626297,420000
7,M0,356,626763,628175,420000
7,M0,357,628141,629583,420000
7,M0,358,630210,631622,420000
7,M0,359,632125,633537,420000
7,M0,360,633216,634945,420000
7,M0,361,635754,637166,420000
7,M0,362,637237,638649,420000
7,M0,363,638575,640057,420000
7,M0,364,640627,642039,420000
7,M0,365,642687,644099,420000
7,M0,366,644390,645802,420000
7,M0,367,645624,647210,420000
7,M0,368,647688,649100,420000
7,M0,369,649408,650820,420000
7,M0,370,651574,652986,420000
7,M0,371,653272,654684,420000
7,M0,372,654926,656338,420000
7,M0,373,656438,657850,420000
7,M0,374,658623,660035,420000
7,M0,375,660205,661617,420000
7,M0,376,662025,663437,420000
7,M0,377,663275,664845,420000
7,M0,378,665326,666738,420000
7,M0,379,666707,668146,420000
7,M0,380,668989,670401,420000
7,M0,381,670379,671809,420000
7,M0,382,672265,673677,420000
7,M0,383,674006,675418,420000
7,M0,384,676138,677550,420000
7,M0,385,677724,679136,420000
7,M0,386,679669,681081,420000
7,M0,387,681506,682918,420000
7,M0,388,683023,684435,420000
7,M0,389,684843,686255,420000
7,M0,390,686785,688197,420000
7,M0,391,688083,689605,420000
7,M0,392,689746,691158,420000
7,M0,393,691800,693212,420000
7,M0,394,693579,694991,420000
7,M0,395,695530,696942,420000
7,M0,396,696811,698350,420000
7,M0,397,699100,700512,420000
7,M0,398,700238,701920,420000
7,M0,399,702449,703861,420000
7,M0,400,704070,705482,420000
7,M0,401,705438,706890,420000
7,M0,402,707149,708561,420000
7,M0,403,709288,710700,420000
7,M0,404,711204,712616,420000
7,M0,405,712482,714024,420000
7,M0,406,714347,715759,420000
7,M0,407,716316,717728,420000
7,M0,408,718435,719847,420000
7,M0,409,719849,721261,420000
7,M0,410,721653,723065,420000
7,M0,411,723151,724563,420000
7,M0,412,724938,726350,420000
7,M0,413,726837,728249,420000
7,M0,414,728341,729753,420000
7,M0,415,730171,731583,420000
7,M0,416,732133,733545,420000
7,M0,417,733942,735354,420000
7,M0,418,735645,737057,420000
7,M0,419,737162,738574,420000
7,M0,420,739499,740911,420000
7,M0,421,740923,742335,420000
7,M0,422,743034,744446,420000
7,M0,423,744194,745854,420000
7,M0,424,746235,747647,420000
7,M0,425,747961,749373,420000
7,M0,426,749715,751127,420000
7,M0,427,751665,753077,420000
7,M0,428,753493,754905,420000
7,M0,429,755000,756412,420000
7,M0,430,757186,758598,420000
7,M0,431,758820,760232,420000
7,M0,432,760510,761922,420000
7,M0,433,762288,763700,420000
7,M0,434,764237,765649,420000
7,M0,435,765230,767057,420000
7,M0,436,767510,768922,420000
7,M0,437,769280,770692,420000
7,M0,438,771093,772505,420000
7,M0,439,772823,774235,420000
7,M0,440,774269,775681,420000
7,M0,441,775883,777295,420000
7,M0,442,778025,779437,420000
7,M0,443,779346,780845,420000
7,M0,444,781741,783153,420000
7,M0,445,782803,784561,420000
7,M0,446,785101,786513,420000
7,M0,447,786378,787921,420000
7,M0,448,788200,789612,420000
7,M0,449,790227,791639,420000
7,M0,450,792160,793572,420000
7,M0,451,793919,795331,420000
7,M0,452,795770,797182,420000
7,M0,453,797485,798897,420000
7,M0,454,798948,800360,420000
7,M0,455,800693,802105,420000
7,M0,456,802311,803723,420000
7,M0,457,804387,805799,420000
7,M0,458,806325,807737,420000
7,M0,459,807508,809145,420000
7,M0,460,809308,810720,420000
7,M0,461,811752,813164,420000
7,M0,462,813298,814710,420000
7,M0,463,814604,816118,420000
7,M0,464,816490,817902,420000
7,M0,465,818191,819603,420000
7,M0,466,820096,821508,420000
7,M0,467,821906,823318,420000
7,M0,468,823448,824860,420000
7,M0,469,825391,826803,420000
7,M0,470,827160,828572,420000
7,M0,471,829124,830536,420000
7,M0,472,830747,832159,420000
7,M0,473,832832,834244,420000
7,M0,474,833935,835652,420000
7,M0,475,836207,837619,420000
7,M0,476,838011,839423,420000
7,M0,477,839648,841060,420000
7,M0,478,841178,842590,420000
7,M0,479,843308,844720,420000
7,M0,480,845135,846547,420000
7,M0,481,846889,848301,420000
7,M0,482,848387,849799,420000
7,M0,483,850412,851824,420000
7,M0,484,851667,853232,420000
7,M0,485,853315,854727,420000
7,M0,486,855333,856745,420000
7,M0,487,857354,858766,420000
7,M0,488,858917,860329,420000
7,M0,489,860434,861846,420000
7,M0,490,862559,863971,420000
7,M0,491,864111,865523,420000
7,M0,492,866196,867608,420000
7,M0,493,867573,869016,420000
7,M0,494,869145,870557,420000
7,M0,495,871339,872751,420000
7,M0,496,873273,874685,420000
7,M0,497,874628,876093,420000
7,M0,498,876565,877977,420000
7,M0,499,878184,879596,420000
7,M0,500,879834,881246,420000
7,M0,501,882097,883509,420000
7,M0,502,883442,884917,420000
7,M0,503,885376,886788,420000
7,M0,504,886714,888196,420000
7,M0,505,888500,889912,420000
7,M0,506,890735,892147,420000
7,M0,507,892341,893753,420000
7,M0,508,894167,895579,420000
7,M0,509,895815,897227,420000
7,M0,510,897335,898747,420000
7,M0,511,899241,900653,420000
7,M0,512,901187,902599,420000
7,M0,513,902933,904345,420000
7,M0,514,904248,905753,420000
7,M0,515,906447,907859,420000
7,M0,516,908248,909660,420000
7,M0,517,910208,911620,420000
7,M0,518,911598,913028,420000
7,M0,519,913082,914494,420000
7,M0,520,914879,916291,420000
7,M0,521,916740,918152,420000
7,M0,522,918535,919947,420000
7,M0,523,920310,921722,420000
7,M0,524,922427,923839,420000
7,M0,525,923979,925391,420000
7,M0,526,925895,927307,420000
7,M0,527,927550,928962,420000
7,M0,528,929197,930609,420000
7,M0,529,931187,932599,420000
7,M0,530,932412,934007,420000
7,M0,531,934350,935762,420000
7,M0,532,936268,937680,420000
7,M0,533,938014,939426,420000
7,M0,534,939988,941400,420000
7,M0,535,941524,942936,420000
7,M0,536,943196,944608,420000
7,M0,537,945260,946672,420000
7,M0,538,946961,948373,420000
7,M0,539,948738,950150,420000
7,M0,540,950535,951947,420000
7,M0,541,952173,953585,420000
7,M0,542,954132,955544,420000
7,M0,543,955379,956952,420000
7,M0,544,957130,958542,420000
7,M0,545,958851,960263,420000
7,M0,546,960872,962284,420000
7,M0,547,962909,964321,420000
7,M0,548,964858,966270,420000
7,M0,549,966540,967952,420000
7,M0,550,968098,969510,420000
7,M0,551,969579,970991,420000
7,M0,552,971686,973098,420000
7,M0,553,973235,974647,420000
7,M0,554,974691,976103,420000
7,M0,555,977092,978504,420000
7,M0,556,978301,979912,420000
7,M0,557,980267,981679,420000
7,M0,558,981926,983338,420000
7,M0,559,983658,985070,420000
7,M0,560,985236,986648,420000
7,M0,561,987205,988617,420000
7,M0,562,988882,990294,420000
7,M0,563,991206,992618,420000
7,M0,564,993033,994445,420000
7,M0,565,994366,995853,420000
7,M0,566,996200,997612,420000
7,M0,567,998181,999593,420000
7,M0,568,999659,1001071,420000
7,M0,569,1001739,1003151,420000
7,M0,570,1003491,1004903,420000
7,M0,571,1005122,1006534,420000
7,M0,572,1006549,1007961,420000
7,M0,573,1008868,1010280,420000
7,M0,574,1010484,1011896,420000
7,M0,575,1011788,1013304,420000
7,M0,576,1014043,1015455,420000
7,M0,577,1015159,1016863,420000
7,M0,578,1017415,1018827,420000
7,M0,579,1019109,1020521,420000
7,M0,580,1021132,1022544,420000
7,M0,581,1022249,1023952,420000
7,M0,582,1024285,1025697,420000
7,M0,583,1025894,1027306,420000
7,M0,584,1028092,1029504,420000
7,M0,585,1029736,1031148,420000
7,M0,586,1031300,1032712,420000
7,M0,587,1033116,1034528,420000
7,M0,588,1035131,1036543,420000
7,M0,589,1036978,1038390,420000
7,M0,590,1038594,1040006,420000
7,M0,591,1040148,1041560,420000
7,M0,592,1042301,1043713,420000
7,M0,593,1043535,1045121,420000
7,M0,594,1045659,1047071,420000
7,M0,595,1046963,1048479,420000
7,M0,596,1049304,1050716,420000
7,M0,597,1050690,1052124,420000
7,M0,598,1052457,1053869,420000
7,M0,599,1054014,1055426,420000
7,M0,600,1055792,1057204,420000
7,M0,601,1057737,1059149,420000
7,M0,602,1059683,1061095,420000
7,M0,603,1061261,1062673,420000
7,M0,604,1063411,1064823,420000
7,M0,605,1064497,1066231,420000
7,M0,606,1066846,1068258,420000
7,M0,607,1067963,1069666,420000
7,M0,608,1069800,1071212,420000
7,M0,609,1071916,1073328,420000
7,M0,610,1073853,1075265,420000
7,M0,611,1075620,1077032,420000
7,M0,612,1077167,1078579,420000
7,M0,613,1078690,1080102,420000
7,M0,614,1080811,1082223,420000
7,M0,615,1082631,1084043,420000
7,M0,616,1084414,1085826,420000
7,M0,617,1085731,1087234,420000
7,M0,618,1087347,1088759,420000
7,M0,619,1089554,1090966,420000
7,M0,620,1091238,1092650,420000
7,M0,621,1092563,1094058,420000
7,M0,622,1094920,1096332,420000
7,M0,623,1096870,1098282,420000
7,M0,624,1098605,1100017,420000
7,M0,625,1100349,1101761,420000
7,M0,626,1102038,1103450,420000
7,M0,627,1103886,1105298,420000
7,M0,628,1104888,1106706,420000
7,M0,629,1106771,1108183,420000
7,M0,630,1109139,1110551,420000
7,M0,631,1110923,1112335,420000
7,M0,632,1112403,1113815,420000
7,M0,633,1113706,1115223,420000
7,M0,634,1115854,1117266,420000
7,M0,635,1117736,1119148,420000
7,M0,636,1119348,1120760,420000
7,M0,637,1120814,1122226,420000
7,M0,638,1122567,1123979,420000
7,M0,639,1125037,1126449,420000
7,M0,640,1126652,1128064,420000
7,M0,641,1127895,1129472,420000
7,M0,642,1129808,1131220,420000
7,M0,643,1131542,1132954,420000
7,M0,644,1133560,1134972,420000
7,M0,645,1135184,1136596,420000
7,M0,646,1137256,1138668,420000
7,M0,647,1138839,1140251,420000
7,M0,648,1140839,1142251,420000
7,M0,649,1142304,1143716,420000
7,M0,650,1144307,1145719,420000
7,M0,651,1145784,1147196,420000
7,M0,652,1147320,1148732,420000
7,M0,653,1149362,1150774,420000
7,M0,654,1151032,1152444,420000
7,M0,655,1153155,1154567,420000
7,M0,656,1154946,1156358,420000
7,M0,657,1156147,1157766,420000
7,M0,658,1157830,1159242,420000
7,M0,659,1160021,1161433,420000
7,M0,660,1161222,1162841,420000
7,M0,661,1163307,1164719,420000
7,M0,662,1165006,1166418,420000
7,M0,663,1166681,1168093,420000
7,M0,664,1169004,1170416,420000
7,M0,665,1170409,1171824,420000
7,M0,666,1172177,1173589,420000
7,M0,667,1174171,1175583,420000
7,M0,668,1175788,1177200,420000
7,M0,669,1177431,1178843,420000
7,M0,670,1178882,1180294,420000
7,M0,671,1181255,1182667,420000
7,M0,672,1183032,1184444,420000
7,M0,673,1184877,1186289,420000
7,M0,674,1186087,1187697,420000
7,M0,675,1188363,1189775,420000
7,M0,676,1190009,1191421,420000
7,M0,677,1191189,1192829,420000
7,M0,678,1192960,1194372,420000
7,M0,679,1195360,1196772,420000
7,M0,680,1196642,1198180,420000
7,M0,681,1198954,1200366,420000
7,M0,682,1200443,1201855,420000
7,M0,683,1202255,1203667,420000
7,M0,684,1203596,1205075,420000
7,M0,685,1205551,1206963,420000
7,M0,686,1207282,1208694,420000
7,M0,687,1209083,1210495,420000
7,M0,688,1210942,1212354,420000
7,M0,689,1212372,1213784,420000
7,M0,690,1214124,1215536,420000
7,M0,691,1216475,1217887,420000
7,M0,692,1217752,1219295,420000
7,M0,693,1219978,1221390,420000
7,M0,694,1221542,1222954,420000
7,M0,695,1223307,1224719,420000
7,M0,696,1224728,1226140,420000
7,M0,697,1226557,1227969,420000
7,M0,698,1228708,1230120,420000
7,M0,699,1230439,1231851,420000
7,M0,700,1231807,1233259,420000
7,M0,701,1233606,1235018,420000
7,M0,702,1235460,1236872,420000
7,M0,703,1237286,1238698,420000
7,M0,704,1238719,1240131,420000
7,M0,705,1240933,1242345,420000
7,M0,706,1242889,1244301,420000
7,M0,707,1244157,1245709,420000
7,M0,708,1246206,1247618,420000
7,M0,709,1247597,1249026,420000
7,M0,710,1249264,1250676,420000
7,M0,711,1251554,1252966,420000
7,M0,712,1253319,1254731,420000
7,M0,713,1254540,1256139,420000
7,M0,714,1256649,1258061,420000
7,M0,715,1258179,1259591,420000
7,M0,716,1260016,1261428,420000
7,M0,717,1262183,1263595,420000
7,M0,718,1263755,1265167,420000
7,M0,719,1265838,1267250,420000
7,M0,720,1267152,1268658,420000
7,M0,721,1268569,1270066,420000
7,M0,722,1270801,1272213,420000
7,M0,723,1272531,1273943,420000
7,M0,724,1274558,1275970,420000
7,M0,725,1276357,1277769,420000
7,M0,726,1277701,1279177,420000
7,M0,727,1279618,1281030,420000
7,M0,728,1281093,1282505,420000
7,M0,729,1283421,1284833,420000
7,M0,730,1284452,1286241,420000
7,M0,731,1286956,1288368,420000
7,M0,732,1288390,1289802,420000
7,M0,733,1289814,1291226,420000
7,M0,734,1292157,1293569,420000
7,M0,735,1293835,1295247,420000
7,M0,736,1295624,1297036,420000
7,M0,737,1296931,1298444,420000
7,M0,738,1298666,1300078,420000
7,M0,739,1300983,1302395,420000
7,M0,740,1302364,1303803,420000
7,M0,741,1304527,1305939,420000
7,M0,742,1305760,1307347,420000
7,M0,743,1307594,1309006,420000
7,M0,744,1309674,1311086,420000
7,M0,745,1311110,1312522,420000
7,M0,746,1313070,1314482,420000
7,M0,747,1314661,1316073,420000
7,M0,748,1316114,1317526,420000
7,M0,749,1317951,1319363,420000
7,M0,750,1320051,1321463,420000
7,M0,751,1321553,1322965,420000
7,M0,752,1323613,1325025,420000
7,M0,753,1325009,1326433,420000
7,M0,754,1327180,1328592,420000
7,M0,755,1328613,1330025,420000
7,M0,756,1330475,1331887,420000
7,M0,757,1331986,1333398,420000
7,M0,758,1333753,1335165,420000
7,M0,759,1335822,1337234,420000
7,M0,760,1337634,1339046,420000
7,M0,761,1339472,1340884,420000
7,M0,762,1340750,1342292,420000
7,M0,763,1342601,1344013,420000
7,M0,764,1344624,1346036,420000
7,M0,765,1346015,1347444,420000
7,M0,766,1348439,1349851,420000
7,M0,767,1350267,1351679,420000
7,M0,768,1351997,1353409,420000
7,M0,769,1353080,1354817,420000
7,M0,770,1355554,1356966,420000
7,M0,771,1356911,1358374,420000
7,M0,772,1359100,1360512,420000
7,M0,773,1360290,1361920,420000
7,M0,774,1362151,1363563,420000
7,M0,775,1363970,1365382,420000
7,M0,776,1365648,1367060,420000
7,M0,777,1367201,1368613,420000
7,M0,778,1369067,1370479,420000
7,M0,779,1370683,1372095,420000
7,M0,780,1372771,1374183,420000
7,M0,781,1374257,1375669,420000
7,M0,782,1376390,1377802,420000
7,M0,783,1377789,1379210,420000
7,M0,784,1380053,1381465,420000
7,M0,785,1381251,1382873,420000
7,M0,786,1383413,1384825,420000
7,M0,787,1384925,1386337,420000
7,M0,788,1387119,1388531,420000
7,M0,789,1388520,1389939,420000
7,M0,790,1390693,1392105,420000
7,M0,791,1392202,1393614,420000
7,M0,792,1394226,1395638,420000
7,M0,793,1395283,1397046,420000
7,M0,794,1397225,1398637,420000
7,M0,795,1398833,1400245,420000
7,M0,796,1400962,1402374,420000
7,M0,797,1402856,1404268,420000
7,M0,798,1404378,1405790,420000
7,M0,799,1406098,1407510,420000
7,M0,800,1407983,1409395,420000
7,M0,801,1409444,1410856,420000
7,M0,802,1411311,1412723,420000
7,M0,803,1413303,1414715,420000
7,M0,804,1414697,1416123,420000
7,M0,805,1417116,1418528,420000
7,M0,806,1418772,1420184,420000
7,M0,807,1420388,1421800,420000
7,M0,808,1422394,1423806,420000
7,M0,809,1423524,1425214,420000
7,M0,810,1425900,1427312,420000
7,M0,811,1427182,1428720,420000
7,M0,812,1429213,1430625,420000
7,M0,813,1430875,1432287,420000
7,M0,814,1432950,1434362,420000
7,M0,815,1434728,1436140,420000
7,M0,816,1436446,1437858,420000
7,M0,817,1437585,1439266,420000
7,M0,818,1439466,1440878,420000
7,M0,819,1441515,1442927,420000
7,M0,820,1443487,1444899,420000
7,M0,821,1444879,1446307,420000
7,M0,822,1447094,1448506,420000
7,M0,823,1448613,1450025,420000
7,M0,824,1450555,1451967,420000
7,M0,825,1451860,1453375,420000
7,M0,826,1453769,1455181,420000
7,M0,827,1455765,1457177,420000
7,M0,828,1457153,1458585,420000
7,M0,829,1459298,1460710,420000
7,M0,830,1461102,1462514,420000
7,M0,831,1462306,1463922,420000
7,M0,832,1463952,1465364,420000
7,M0,833,1465971,1467383,420000
7,M0,834,1467474,1468886,420000
7,M0,835,1469359,1470771,420000
7,M0,836,1471507,1472919,420000
7,M0,837,1472879,1474327,420000
7,M0,838,1475095,1476507,420000
7,M0,839,1476610,1478022,420000
7,M0,840,1478317,1479729,420000
7,M0,841,1480002,1481414,420000
7,M0,842,1481894,1483306,420000
7,M0,843,1483522,1484934,420000
7,M0,844,1485530,1486942,420000
7,M0,845,1487161,1488573,420000
7,M0,846,1489182,1490594,420000
7,M0,847,1490470,1492002,420000
7,M0,848,1492444,1493856,420000
7,M0,849,1494251,1495663,420000
7,M0,850,1495887,1497299,420000
7,M0,851,1498011,1499423,420000
7,M0,852,1499684,1501096,420000
7,M0,853,1501364,1502776,420000
7,M0,854,1503059,1504471,420000
7,M0,855,1504690,1506102,420000
7,M0,856,1506753,1508165,420000
7,M0,857,1508423,1509835,420000
7,M0,858,1510296,1511708,420000
7,M0,859,1511916,1513328,420000
7,M0,860,1513664,1515076,420000
7,M0,861,1515573,1516985,420000
7,M0,862,1517509,1518921,420000
7,M0,863,1518575,1520329,420000
7,M0,864,1520520,1521932,420000
7,M0,865,1522580,1523992,420000
7,M0,866,1523972,1525400,420000
7,M0,867,1525607,1527019,420000
7,M0,868,1527308,1528720,420000
7,M0,869,1529202,1530614,420000
7,M0,870,1531300,1532712,420000
7,M0,871,1532924,1534336,420000
7,M0,872,1534818,1536230,420000
7,M0,873,1536250,1537662,420000
7,M0,874,1538047,1539459,420000
7,M0,875,1540200,1541612,420000
7,M0,876,1541916,1543328,420000
7,M0,877,1543701,1545113,420000
7,M0,878,1545255,1546667,420000
7,M0,879,1546807,1548219,420000
7,M0,880,1548622,1550034,420000
7,M0,881,1550718,1552130,420000
7,M0,882,1552658,1554070,420000
7,M0,883,1553842,1555478,420000
7,M0,884,1555802,1557214,420000
7,M0,885,1557446,1558858,420000
7,M0,886,1559501,1560913,420000
7,M0,887,1560956,1562368,420000
7,M0,888,1562677,1564089,420000
7,M0,889,1564735,1566147,420000
7,M0,890,1566228,1567640,420000
7,M0,891,1567797,1569209,420000
7,M0,892,1570060,1571472,420000
7,M0,893,1571860,1573272,420000
7,M0,894,1573041,1574680,420000
7,M0,895,1575268,1576680,420000
7,M0,896,1576938,1578350,420000
7,M0,897,1578792,1580204,420000
7,M0,898,1580330,1581742,420000
7,M0,899,1582173,1583585,420000
7,M0,900,1583872,1585284,420000
7,M0,901,1585775,1587187,420000
7,M0,902,1587815,1589227,420000
7,M0,903,1589002,1590635,420000
7,M0,904,1590812,1592224,420000
7,M0,905,1593200,1594612,420000
7,M0,906,1594609,1596021,420000
7,M0,907,1596567,1597979,420000
7,M0,908,1597735,1599387,420000
7,M0,909,1599908,1601320,420000
7,M0,910,1601544,1602956,420000
7,M0,911,1603370,1604782,420000
7,M0,912,1605263,1606675,420000
7,M0,913,1606920,1608332,420000
7,M0,914,1608406,1609818,420000
7,M0,915,1610190,1611602,420000
7,M0,916,1612422,1613834,420000
7,M0,917,1613824,1615242,420000
7,M0,918,1615632,1617044,420000
7,M0,919,1617723,1619135,420000
7,M0,920,1618914,1620543,420000
7,M0,921,1621288,1622700,420000
7,M0,922,1622409,1624108,420000
7,M0,923,1624729,1626141,420000
7,M0,924,1625901,1627549,420000
7,M0,925,1627849,1629261,420000
7,M0,926,1629594,1631006,420000
7,M0,927,1631805,1633217,420000
7,M0,928,1633023,1634625,420000
7,M0,929,1634756,1636168,420000
7,M0,930,1636606,1638018,420000
7,M0,931,1638543,1639955,420000
7,M0,932,1640359,1641771,420000
7,M0,933,1642110,1643522,420000
7,M0,934,1644227,1645639,420000
7,M0,935,1645925,1647337,420000
7,M0,936,1647130,1648745,420000
7,M0,937,1649421,1650833,420000
7,M0,938,1651206,1652618,420000
7,M0,939,1652879,1654291,420000
7,M0,940,1654254,1655699,420000
7,M0,941,1656011,1657423,420000
7,M0,942,1657694,1659106,420000
7,M0,943,1660045,1661457,420000
7,M0,944,1661477,1662889,420000
7,M0,945,1663498,1664910,420000
7,M0,946,1665323,1666735,420000
7,M0,947,1667098,1668510,420000
7,M0,948,1668374,1669918,420000
7,M0,949,1670190,1671602,420000
7,M0,950,1672132,1673544,420000
7,M0,951,1674071,1675483,420000
7,M0,952,1675801,1677213,420000
7,M0,953,1677537,1678949,420000
7,M0,954,1678775,1680357,420000
7,M0,955,1680991,1682403,420000
7,M0,956,1682947,1684359,420000
7,M0,957,1684264,1685767,420000
7,M0,958,1686296,1687708,420000
7,M0,959,1688202,1689614,420000
7,M0,960,1689793,1691205,420000
7,M0,961,1691660,1693072,420000
7,M0,962,1693451,1694863,420000
7,M0,963,1695136,1696548,420000
7,M0,964,1696479,1697956,420000
7,M0,965,1698717,1700129,420000
7,M0,966,1700117,1701537,420000
7,M0,967,1701945,1703357,420000
7,M0,968,1703722,1705134,420000
7,M0,969,1705290,1706702,420000
7,M0,970,1707106,1708518,420000
7,M0,971,1709166,1710578,420000
7,M0,972,1711102,1712514,420000
7,M0,973,1712400,1713922,420000
7,M0,974,1714040,1715452,420000
7,M0,975,1715956,1717368,420000
7,M0,976,1717771,1719183,420000
7,M0,977,1719810,1721222,420000
7,M0,978,1721450,1722862,420000
7,M0,979,1723393,1724805,420000
7,M0,980,1724538,1726213,420000
7,M0,981,1726797,1728209,420000
7,M0,982,1728343,1729755,420000
7,M0,983,1730149,1731561,420000
7,M0,984,1731980,1733392,420000
7,M0,985,1733946,1735358,420000
7,M0,986,1735366,1736778,420000
7,M0,987,1736848,1738260,420000
7,M0,988,1739165,1740577,420000
7,M0,989,1740636,1742048,420000
7,M0,990,1742379,1743791,420000
7,M0,991,1743865,1745277,420000
7,M0,992,1745683,1747095,420000
7,M0,993,1747420,1748832,420000
7,M0,994,1749839,1751251,420000
7,M0,995,1751013,1752659,420000
7,M0,996,1752770,1754182,420000
7,M0,997,1754405,1755817,420000
7,M0,998,1756365,1757777,420000
7,M0,999,1757899,1759311,420000
7,M1,0,0,1420,13500
7,M1,1,1750,3170,13500
7,M1,2,3387,4807,13500
7,M1,3,5600,7020,13500
7,M1,4,7042,8462,13500
7,M1,5,9100,10520,13500
7,M1,6,10181,11928,1500
7,M1,7,12593,14013,13500
7,M1,8,14457,15877,13500
7,M1,9,16195,17615,13500
7,M1,10,17610,19030,12000
7,M1,11,19636,21056,13500
7,M1,12,21447,22867,13500
7,M1,13,22771,24275,1500
7,M1,14,24847,26267,13500
7,M1,15,26243,27675,1500
7,M1,16,28285,29705,13500
7,M1,17,29548,31113,1500
7,M1,18,31657,33077,13500
7,M1,19,33483,34903,13500
7,M1,20,35599,37019,13500
7,M1,21,37161,38581,13500
7,M1,22,39105,40525,13500
7,M1,23,40418,41933,1500
7,M1,24,42489,43909,13500
7,M1,25,43812,45317,1500
7,M1,26,46002,47422,13500
7,M1,27,47810,49230,13500
7,M1,28,49408,50828,13500
7,M1,29,51243,52663,13500
7,M1,30,52429,54071,1500
7,M1,31,54803,56223,13500
7,M1,32,56708,58128,13500
7,M1,33,57842,59536,1500
7,M1,34,59872,61292,13500
7,M1,35,61230,62700,1500
7,M1,36,63269,64689,13500
7,M1,37,65460,66880,13500
7,M1,38,67140,68560,13500
7,M1,39,68985,70405,13500
7,M1,40,70433,71853,13500
7,M1,41,71845,73265,7500
7,M1,42,74190,75610,13500
7,M1,43,75794,77214,13500
7,M1,44,77813,79233,13500
7,M1,45,79172,80641,1500
7,M1,46,81347,82767,13500
7,M1,47,83064,84484,13500
7,M1,48,84380,85892,1500
7,M1,49,85948,87368,13500
7,M1,50,87812,89232,13500
7,M1,51,89756,91176,13500
7,M1,52,91815,93235,13500
7,M1,53,93503,94923,13500
7,M1,54,94921,96341,13500
7,M1,55,96950,98370,13500
7,M1,56,98803,100223,13500
7,M1,57,100226,101646,13500
7,M1,58,101774,103194,13500
7,M1,59,103532,104952,13500
7,M1,60,105959,107379,13500
7,M1,61,107101,108787,1500
7,M1,62,109428,110848,13500
7,M1,63,110928,112348,13500
7,M1,64,112924,114344,13500
7,M1,65,114741,116161,13500
7,M1,66,116102,117569,1500
7,M1,67,117709,119129,13500
7,M1,68,119558,120978,13500
7,M1,69,121332,122752,13500
7,M1,70,123471,124891,13500
7,M1,71,125344,126764,13500
7,M1,72,126391,128172,1500
7,M1,73,128561,129981,13500
7,M1,74,130553,131973,13500
7,M1,75,131660,133381,1500
7,M1,76,133620,135040,13500
7,M1,77,135645,137065,13500
7,M1,78,137106,138526,13500
7,M1,79,138821,140241,13500
7,M1,80,140826,142246,13500
7,M1,81,142651,144071,13500
7,M1,82,144292,145712,13500
7,M1,83,146051,147471,13500
7,M1,84,147988,149408,13500
7,M1,85,149347,150816,1500
7,M1,86,151049,152469,13500
7,M1,87,153119,154539,13500
7,M1,88,154739,156159,13500
7,M1,89,156291,157711,13500
7,M1,90,158656,160076,13500
7,M1,91,159822,161484,1500
7,M1,92,161608,163028,13500
7,M1,93,163940,165360,13500
7,M1,94,165531,166951,13500
7,M1,95,166865,168359,1500
7,M1,96,169010,170430,13500
7,M1,97,170446,171866,13500
7,M1,98,172704,174124,13500
7,M1,99,174580,176000,13500
7,M1,100,175781,177408,1500
7,M1,101,178069,179489,13500
7,M1,102,179204,180897,1500
7,M1,103,181009,182429,13500
7,M1,104,183364,184784,13500
7,M1,105,184439,186192,1500
7,M1,106,186673,188093,13500
7,M1,107,188104,189524,13500
7,M1,108,190165,191585,13500
7,M1,109,192146,193566,13500
7,M1,110,193712,195132,13500
7,M1,111,195024,196540,1500
7,M1,112,197176,198596,13500
7,M1,113,198731,200151,13500
7,M1,114,200769,202189,13500
7,M1,115,202318,203738,13500
7,M1,116,204408,205828,13500
7,M1,117,206116,207536,13500
7,M1,118,207605,209025,13500
7,M1,119,209515,210935,13500
7,M1,120,211095,212515,13500
7,M1,121,212729,214149,13500
7,M1,122,214753,216173,13500
7,M1,123,216772,218192,13500
7,M1,124,218141,219600,1500
7,M1,125,220234,221654,13500
7,M1,126,221702,223122,13500
7,M1,127,223627,225047,13500
7,M1,128,224888,226455,1500
7,M1,129,227068,228488,13500
7,M1,130,228912,230332,13500
7,M1,131,230674,232094,13500
7,M1,132,232329,233749,13500
7,M1,133,233730,235157,1500
7,M1,134,236212,237632,13500
7,M1,135,237844,239264,13500
7,M1,136,239119,240672,1500
7,M1,137,241156,242576,13500
7,M1,138,242718,244138,13500
7,M1,139,244924,246344,13500
7,M1,140,246421,247841,13500
7,M1,141,248472,249892,13500
7,M1,142,249942,251362,13500
7,M1,143,251727,253147,13500
7,M1,144,253268,254688,13500
7,M1,145,255332,256752,13500
7,M1,146,257061,258481,13500
7,M1,147,258743,260163,13500
7,M1,148,260233,261653,13500
7,M1,149,262599,264019,13500
7,M1,150,263724,265427,1500
7,M1,151,265981,267401,13500
7,M1,152,267708,269128,13500
7,M1,153,268980,270536,1500
7,M1,154,270908,272328,13500
7,M1,155,272499,273919,13500
7,M1,156,274801,276221,13500
7,M1,157,276642,278062,13500
7,M1,158,278410,279830,13500
7,M1,159,280160,281580,13500
7,M1,160,281869,283289,13500
7,M1,161,283448,284868,13500
7,M1,162,285120,286540,13500
7,M1,163,286777,288197,13500
7,M1,164,288837,290257,13500
7,M1,165,290783,292203,13500
7,M1,166,292042,293611,1500
7,M1,167,294123,295543,13500
7,M1,168,296046,297466,13500
7,M1,169,297411,298874,1500
7,M1,170,298898,300318,13500
7,M1,171,301168,302588,13500
7,M1,172,302726,304146,13500
7,M1,173,304376,305796,13500
7,M1,174,305902,307322,13500
7,M1,175,308070,309490,13500
7,M1,176,309626,311046,13500
7,M1,177,311743,313163,13500
7,M1,178,312931,314571,1500
7,M1,179,314708,316128,13500
7,M1,180,316726,318146,13500
7,M1,181,318387,319807,13500
7,M1,182,320268,321688,13500
7,M1,183,322478,323898,13500
7,M1,184,323483,325306,1500
7,M1,185,325222,326714,1500
7,M1,186,327429,328849,13500
7,M1,187,329075,330495,13500
7,M1,188,330868,332288,13500
7,M1,189,332389,333809,13500
7,M1,190,334226,335646,13500
7,M1,191,335774,337194,13500
7,M1,192,337554,338974,13500
7,M1,193,339730,341150,13500
7,M1,194,341476,342896,13500
7,M1,195,343313,344733,13500
7,M1,196,344609,346141,1500
7,M1,197,346833,348253,13500
7,M1,198,348432,349852,13500
7,M1,199,349885,351305,13500
7,M1,200,352248,353668,13500
7,M1,201,353470,355076,1500
7,M1,202,355441,356861,13500
7,M1,203,357533,358953,13500
7,M1,204,358731,360361,1500
7,M1,205,360746,362166,13500
7,M1,206,362306,363726,13500
7,M1,207,364563,365983,13500
7,M1,208,366422,367842,13500
7,M1,209,367787,369250,1500
7,M1,210,369902,371322,13500
7,M1,211,371228,372730,1500
7,M1,212,373055,374475,13500
7,M1,213,374483,375903,13500
7,M1,214,376494,377914,13500
7,M1,215,378693,380113,13500
7,M1,216,380452,381872,13500
7,M1,217,381749,383280,1500
7,M1,218,383569,384989,13500
7,M1,219,385621,387041,13500
7,M1,220,387304,388724,13500
7,M1,221,389116,390536,13500
7,M1,222,390592,392012,13500
7,M1,223,392385,393805,13500
7,M1,224,394269,395689,13500
7,M1,225,395746,397166,13500
7,M1,226,398117,399537,13500
7,M1,227,399919,401339,13500
7,M1,228,401604,403024,13500
7,M1,229,403069,404489,13500
7,M1,230,404733,406153,13500
7,M1,231,406653,408073,13500
7,M1,232,408143,409563,13500
7,M1,233,410449,411869,13500
7,M1,234,412083,413503,13500
7,M1,235,413543,414963,13500
7,M1,236,415051,416471,13500
7,M1,237,416786,418206,13500
7,M1,238,418763,420183,13500
7,M1,239,420272,421692,13500
7,M1,240,422713,424133,13500
7,M1,241,424183,425603,13500
7,M1,242,425934,427354,13500
7,M1,243,427458,428878,13500
7,M1,244,429162,430582,13500
7,M1,245,431362,432782,13500
7,M1,246,433234,434654,13500
7,M1,247,434611,436062,1500
7,M1,248,436388,437808,13500
7,M1,249,438098,439518,13500
7,M1,250,440241,441661,13500
7,M1,251,441538,443069,1500
7,M1,252,443708,445128,13500
7,M1,253,445125,446545,13500
7,M1,254,446785,448205,13500
7,M1,255,448997,450417,13500
7,M1,256,450814,452234,13500
7,M1,257,452397,453817,13500
7,M1,258,454293,455713,13500
7,M1,259,455542,457121,1500
7,M1,260,457998,459418,13500
7,M1,261,459336,460826,1500
7,M1,262,460825,462245,13500
7,M1,263,462629,464049,13500
7,M1,264,464704,466124,13500
7,M1,265,466347,467767,13500
7,M1,266,467826,469246,13500
7,M1,267,470288,471708,13500
7,M1,268,471844,473264,13500
7,M1,269,473508,474928,13500
7,M1,270,475428,476848,13500
7,M1,271,476986,478406,13500
7,M1,272,479088,480508,13500
7,M1,273,480202,481916,1500
7,M1,274,482289,483709,13500
7,M1,275,483812,485232,13500
7,M1,276,485437,486857,13500
7,M1,277,487473,488893,13500
7,M1,278,489292,490712,13500
7,M1,279,490991,492411,13500
7,M1,280,492461,493881,13500
7,M1,281,494683,496103,13500
7,M1,282,496282,497702,13500
7,M1,283,498078,499498,13500
7,M1,284,499455,500906,1500
7,M1,285,501889,503309,13500
7,M1,286,503630,505050,13500
7,M1,287,504892,506458,1500
7,M1,288,506772,508192,13500
7,M1,289,508548,509968,13500
7,M1,290,510480,511900,13500
7,M1,291,512391,513811,13500
7,M1,292,513645,515219,1500
7,M1,293,515749,517169,13500
7,M1,294,517760,519180,13500
7,M1,295,519243,520663,13500
7,M1,296,520910,522330,13500
7,M1,297,522508,523928,13500
7,M1,298,524545,525965,13500
7,M1,299,526638,528058,13500
7,M1,300,528205,529625,13500
7,M1,301,529709,531129,13500
7,M1,302,531819,533239,13500
7,M1,303,533670,535090,13500
7,M1,304,534830,536498,1500
7,M1,305,536636,538056,13500
7,M1,306,538834,540254,13500
7,M1,307,539920,541662,1500
7,M1,308,542238,543658,13500
7,M1,309,543883,545303,13500
7,M1,310,545548,546968,13500
7,M1,311,547037,548457,13500
7,M1,312,549184,550604,13500
7,M1,313,551071,552491,13500
7,M1,314,553006,554426,13500
7,M1,315,554046,555834,1500
7,M1,316,555951,557371,13500
7,M1,317,558162,559582,13500
7,M1,318,559849,561269,13500
7,M1,319,561062,562677,1500
7,M1,320,563485,564905,13500
7,M1,321,565321,566741,13500
7,M1,322,566750,568170,13500
7,M1,323,568591,570011,13500
7,M1,324,570086,571506,13500
7,M1,325,571815,573235,13500
7,M1,326,573824,575244,13500
7,M1,327,575909,577329,13500
7,M1,328,577103,578737,1500
7,M1,329,578658,580145,1500
7,M1,330,580588,582008,13500
7,M1,331,582949,584369,13500
7,M1,332,584451,585871,13500
7,M1,333,586178,587598,13500
7,M1,334,587924,589344,13500
7,M1,335,589599,591019,13500
7,M1,336,591186,592606,13500
7,M1,337,593092,594512,13500
7,M1,338,594549,595969,13500
7,M1,339,596551,597971,13500
7,M1,340,598477,599897,13500
7,M1,341,600546,601966,13500
7,M1,342,602075,603495,13500
7,M1,343,604033,605453,13500
7,M1,344,605673,607093,13500
7,M1,345,606925,608501,1500
7,M1,346,608737,610157,13500
7,M1,347,611066,612486,13500
7,M1,348,612609,614029,13500
7,M1,349,614330,615750,13500
7,M1,350,615761,617181,13500
7,M1,351,618090,619510,13500
7,M1,352,619276,620918,1500
7,M1,353,621509,622929,13500
7,M1,354,623340,624760,13500
7,M1,355,624885,626305,13500
7,M1,356,626763,628183,13500
7,M1,357,628141,629591,1500
7,M1,358,630210,631630,13500
7,M1,359,632125,633545,13500
7,M1,360,633216,634953,1500
7,M1,361,635754,637174,13500
7,M1,362,637237,638657,13500
7,M1,363,638575,640065,1500
7,M1,364,640627,642047,13500
7,M1,365,642687,644107,13500
7,M1,366,644390,645810,13500
7,M1,367,645624,647218,1500
7,M1,368,647688,649108,13500
7,M1,369,649408,650828,13500
7,M1,370,651574,652994,13500
7,M1,371,653272,654692,13500
7,M1,372,654926,656346,13500
7,M1,373,656438,657858,13500
7,M1,374,658623,660043,13500
7,M1,375,660205,661625,13500
7,M1,376,662025,663445,13500
7,M1,377,663275,664853,1500
7,M1,378,665326,666746,13500
7,M1,379,666707,668154,1500
7,M1,380,668989,670409,13500
7,M1,381,670379,671817,1500
7,M1,382,672265,673685,13500
7,M1,383,674006,675426,13500
7,M1,384,676138,677558,13500
7,M1,385,677724,679144,13500
7,M1,386,679669,681089,13500
7,M1,387,681506,682926,13500
7,M1,388,683023,684443,13500
7,M1,389,684843,686263,13500
7,M1,390,686785,688205,13500
7,M1,391,688083,689613,1500
7,M1,392,689746,691166,13500
7,M1,393,691800,693220,13500
7,M1,394,693579,694999,13500
7,M1,395,695530,696950,13500
7,M1,396,696811,698358,1500
7,M1,397,699100,700520,13500
7,M1,398,700238,701928,1500
7,M1,399,702449,703869,13500
7,M1,400,704070,705490,13500
7,M1,401,705438,706898,1500
7,M1,402,707149,708569,13500
7,M1,403,709288,710708,13500
7,M1,404,711204,712624,13500
7,M1,405,712482,714032,1500
7,M1,406,714347,715767,13500
7,M1,407,716316,717736,13500
7,M1,408,718435,719855,13500
7,M1,409,719849,721269,10500
7,M1,410,721653,723073,13500
7,M1,411,723151,724571,13500
7,M1,412,724938,726358,13500
7,M1,413,726837,728257,13500
7,M1,414,728341,729761,13500
7,M1,415,730171,731591,13500
7,M1,416,732133,733553,13500
7,M1,417,733942,735362,13500
7,M1,418,735645,737065,13500
7,M1,419,737162,738582,13500
7,M1,420,739499,740919,13500
7,M1,421,740923,742343,13500
7,M1,422,743034,744454,13500
7,M1,423,744194,745862,1500
7,M1,424,746235,747655,13500
7,M1,425,747961,749381,13500
7,M1,426,749715,751135,13500
7,M1,427,751665,753085,13500
7,M1,428,753493,754913,13500
7,M1,429,755000,756420,13500
7,M1,430,757186,758606,13500
7,M1,431,758820,760240,13500
7,M1,432,760510,761930,13500
7,M1,433,762288,763708,13500
7,M1,434,764237,765657,13500
7,M1,435,765230,767065,1500
7,M1,436,767510,768930,13500
7,M1,437,769280,770700,13500
7,M1,438,771093,772513,13500
7,M1,439,772823,774243,13500
7,M1,440,774269,775689,13500
7,M1,441,775883,777303,13500
7,M1,442,778025,779445,13500
7,M1,443,779346,780853,1500
7,M1,444,781741,783161,13500
7,M1,445,782803,784569,1500
7,M1,446,785101,786521,13500
7,M1,447,786378,787929,1500
7,M1,448,788200,789620,13500
7,M1,449,790227,791647,13500
7,M1,450,792160,793580,13500
7,M1,451,793919,795339,13500
7,M1,452,795770,797190,13500
7,M1,453,797485,798905,13500
7,M1,454,798948,800368,13500
7,M1,455,800693,802113,13500
7,M1,456,802311,803731,13500
7,M1,457,804387,805807,13500
7,M1,458,806325,807745,13500
7,M1,459,807508,809153,1500
7,M1,460,809308,810728,13500
7,M1,461,811752,813172,13500
7,M1,462,813298,814718,13500
7,M1,463,814604,816126,1500
7,M1,464,816490,817910,13500
7,M1,465,818191,819611,13500
7,M1,466,820096,821516,13500
7,M1,467,821906,823326,13500
7,M1,468,823448,824868,13500
7,M1,469,825391,826811,13500
7,M1,470,827160,828580,13500
7,M1,471,829124,830544,13500
7,M1,472,830747,832167,13500
7,M1,473,832832,834252,13500
7,M1,474,833935,835660,1500
7,M1,475,836207,837627,13500
7,M1,476,838011,839431,13500
7,M1,477,839648,841068,13500
7,M1,478,841178,842598,13500
7,M1,479,843308,844728,13500
7,M1,480,845135,846555,13500
7,M1,481,846889,848309,13500
7,M1,482,848387,849807,13500
7,M1,483,850412,851832,13500
7,M1,484,851667,853240,1500
7,M1,485,853315,854735,13500
7,M1,486,855333,856753,13500
7,M1,487,857354,858774,13500
7,M1,488,858917,860337,13500
7,M1,489,860434,861854,13500
7,M1,490,862559,863979,13500
7,M1,491,864111,865531,13500
7,M1,492,866196,867616,13500
7,M1,493,867573,869024,1500
7,M1,494,869145,870565,13500
7,M1,495,871339,872759,13500
7,M1,496,873273,874693,13500
7,M1,497,874628,876101,1500
7,M1,498,876565,877985,13500
7,M1,499,878184,879604,13500
7,M1,500,879834,881254,13500
7,M1,501,882097,883517,13500
7,M1,502,883442,884925,1500
7,M1,503,885376,886796,13500
7,M1,504,886714,888204,1500
7,M1,505,888500,889920,13500
7,M1,506,890735,892155,13500
7,M1,507,892341,893761,13500
7,M1,508,894167,895587,13500
7,M1,509,895815,897235,13500
7,M1,510,897335,898755,13500
7,M1,511,899241,900661,13500
7,M1,512,901187,902607,13500
7,M1,513,902933,904353,13500
7,M1,514,904248,905761,1500
7,M1,515,906447,907867,13500
7,M1,516,908248,909668,13500
7,M1,517,910208,911628,13500
7,M1,518,911598,913036,1500
7,M1,519,913082,914502,13500
7,M1,520,914879,916299,13500
7,M1,521,916740,918160,13500
7,M1,522,918535,919955,13500
7,M1,523,920310,921730,13500
7,M1,524,922427,923847,13500
7,M1,525,923979,925399,13500
7,M1,526,925895,927315,13500
7,M1,527,927550,928970,13500
7,M1,528,929197,930617,13500
7,M1,529,931187,932607,13500
7,M1,530,932412,934015,1500
7,M1,531,934350,935770,13500
7,M1,532,936268,937688,13500
7,M1,533,938014,939434,13500
7,M1,534,939988,941408,13500
7,M1,535,941524,942944,13500
7,M1,536,943196,944616,13500
7,M1,537,945260,946680,13500
7,M1,538,946961,948381,13500
7,M1,539,948738,950158,13500
7,M1,540,950535,951955,13500
7,M1,541,952173,953593,13500
7,M1,542,954132,955552,13500
7,M1,543,955379,956960,1500
7,M1,544,957130,958550,13500
7,M1,545,958851,960271,13500
7,M1,546,960872,962292,13500
7,M1,547,962909,964329,13500
7,M1,548,964858,966278,13500
7,M1,549,966540,967960,13500
7,M1,550,968098,969518,13500
7,M1,551,969579,970999,13500
7,M1,552,971686,973106,13500
7,M1,553,973235,974655,13500
7,M1,554,974691,976111,13500
7,M1,555,977092,978512,13500
7,M1,556,978301,979920,1500
7,M1,557,980267,981687,13500
7,M1,558,981926,983346,13500
7,M1,559,983658,985078,13500
7,M1,560,985236,986656,13500
7,M1,561,987205,988625,13500
7,M1,562,988882,990302,13500
7,M1,563,991206,992626,13500
7,M1,564,993033,994453,13500
7,M1,565,994366,995861,1500
7,M1,566,996200,997620,13500
7,M1,567,998181,999601,13500
7,M1,568,999659,1001079,13500
7,M1,569,1001739,1003159,13500
7,M1,570,1003491,1004911,13500
7,M1,571,1005122,1006542,13500
7,M1,572,1006549,1007969,13500
7,M1,573,1008868,1010288,13500
7,M1,574,1010484,1011904,13500
7,M1,575,1011788,1013312,1500
7,M1,576,1014043,1015463,13500
7,M1,577,1015159,1016871,1500
7,M1,578,1017415,1018835,13500
7,M1,579,1019109,1020529,13500
7,M1,580,1021132,1022552,13500
7,M1,581,1022249,1023960,1500
7,M1,582,1024285,1025705,13500
7,M1,583,1025894,1027314,13500
7,M1,584,1028092,1029512,13500
7,M1,585,1029736,1031156,13500
7,M1,586,1031300,1032720,13500
7,M1,587,1033116,1034536,13500
7,M1,588,1035131,1036551,13500
7,M1,589,1036978,1038398,13500
7,M1,590,1038594,1040014,13500
7,M1,591,1040148,1041568,13500
7,M1,592,1042301,1043721,13500
7,M1,593,1043535,1045129,1500
7,M1,594,1045659,1047079,13500
7,M1,595,1046963,1048487,1500
7,M1,596,1049304,1050724,13500
7,M1,597,1050690,1052132,1500
7,M1,598,1052457,1053877,13500
7,M1,599,1054014,1055434,13500
7,M1,600,1055792,1057212,13500
7,M1,601,1057737,1059157,13500
7,M1,602,1059683,1061103,13500
7,M1,603,1061261,1062681,13500
7,M1,604,1063411,1064831,13500
7,M1,605,1064497,1066239,1500
7,M1,606,1066846,1068266,13500
7,M1,607,1067963,1069674,1500
7,M1,608,1069800,1071220,13500
7,M1,609,1071916,1073336,13500
7,M1,610,1073853,1075273,13500
7,M1,611,1075620,1077040,13500
7,M1,612,1077167,1078587,13500
7,M1,613,1078690,1080110,13500
7,M1,614,1080811,1082231,13500
7,M1,615,1082631,1084051,13500
7,M1,616,1084414,1085834,13500
7,M1,617,1085731,1087242,1500
7,M1,618,1087347,1088767,13500
7,M1,619,1089554,1090974,13500
7,M1,620,1091238,1092658,13500
7,M1,621,1092563,1094066,1500
7,M1,622,1094920,1096340,13500
7,M1,623,1096870,1098290,13500
7,M1,624,1098605,1100025,13500
7,M1,625,1100349,1101769,13500
7,M1,626,1102038,1103458,13500
7,M1,627,1103886,1105306,13500
7,M1,628,1104888,1106714,1500
7,M1,629,1106771,1108191,13500
7,M1,630,1109139,1110559,13500
7,M1,631,1110923,1112343,13500
7,M1,632,1112403,1113823,13500
7,M1,633,1113706,1115231,1500
7,M1,634,1115854,1117274,13500
7,M1,635,1117736,1119156,13500
7,M1,636,1119348,1120768,13500
7,M1,637,1120814,1122234,13500
7,M1,638,1122567,1123987,13500
7,M1,639,1125037,1126457,13500
7,M1,640,1126652,1128072,13500
7,M1,641,1127895,1129480,1500
7,M1,642,1129808,1131228,13500
7,M1,643,1131542,1132962,13500
7,M1,644,1133560,1134980,13500
7,M1,645,1135184,1136604,13500
7,M1,646,1137256,1138676,13500
7,M1,647,1138839,1140259,13500
7,M1,648,1140839,1142259,13500
7,M1,649,1142304,1143724,13500
7,M1,650,1144307,1145727,13500
7,M1,651,1145784,1147204,13500
7,M1,652,1147320,1148740,13500
7,M1,653,1149362,1150782,13500
7,M1,654,1151032,1152452,13500
7,M1,655,1153155,1154575,13500
7,M1,656,1154946,1156366,13500
7,M1,657,1156147,1157774,1500
7,M1,658,1157830,1159250,13500
7,M1,659,1160021,1161441,13500
7,M1,660,1161222,1162849,1500
7,M1,661,1163307,1164727,13500
7,M1,662,1165006,1166426,13500
7,M1,663,1166681,1168101,13500
7,M1,664,1169004,1170424,13500
7,M1,665,1170409,1171832,1500
7,M1,666,1172177,1173597,13500
7,M1,667,1174171,1175591,13500
7,M1,668,1175788,1177208,13500
7,M1,669,1177431,1178851,13500
7,M1,670,1178882,1180302,13500
7,M1,671,1181255,1182675,13500
7,M1,672,1183032,1184452,13500
7,M1,673,1184877,1186297,13500
7,M1,674,1186087,1187705,1500
7,M1,675,1188363,1189783,13500
7,M1,676,1190009,1191429,13500
7,M1,677,1191189,1192837,1500
7,M1,678,1192960,1194380,13500
7,M1,679,1195360,1196780,13500
7,M1,680,1196642,1198188,1500
7,M1,681,1198954,1200374,13500
7,M1,682,1200443,1201863,13500
7,M1,683,1202255,1203675,13500
7,M1,684,1203596,1205083,1500
7,M1,685,1205551,1206971,13500
7,M1,686,1207282,1208702,13500
7,M1,687,1209083,1210503,13500
7,M1,688,1210942,1212362,13500
7,M1,689,1212372,1213792,13500
7,M1,690,1214124,1215544,13500
7,M1,691,1216475,1217895,13500
7,M1,692,1217752,1219303,1500
7,M1,693,1219978,1221398,13500
7,M1,694,1221542,1222962,13500
7,M1,695,1223307,1224727,13500
7,M1,696,1224728,1226148,13500
7,M1,697,1226557,1227977,13500
7,M1,698,1228708,1230128,13500
7,M1,699,1230439,1231859,13500
7,M1,700,1231807,1233267,1500
7,M1,701,1233606,1235026,13500
7,M1,702,1235460,1236880,13500
7,M1,703,1237286,1238706,13500
7,M1,704,1238719,1240139,13500
7,M1,705,1240933,1242353,13500
7,M1,706,1242889,1244309,13500
7,M1,707,1244157,1245717,1500
7,M1,708,1246206,1247626,13500
7,M1,709,1247597,1249034,1500
7,M1,710,1249264,1250684,13500
7,M1,711,1251554,1252974,13500
7,M1,712,1253319,1254739,13500
7,M1,713,1254540,1256147,1500
7,M1,714,1256649,1258069,13500
7,M1,715,1258179,1259599,13500
7,M1,716,1260016,1261436,13500
7,M1,717,1262183,1263603,13500
7,M1,718,1263755,1265175,13500
7,M1,719,1265838,1267258,13500
7,M1,720,1267152,1268666,1500
7,M1,721,1268569,1270074,1500
7,M1,722,1270801,1272221,13500
7,M1,723,1272531,1273951,13500
7,M1,724,1274558,1275978,13500
7,M1,725,1276357,1277777,13500
7,M1,726,1277701,1279185,1500
7,M1,727,1279618,1281038,13500
7,M1,728,1281093,1282513,13500
7,M1,729,1283421,1284841,13500
7,M1,730,1284452,1286249,1500
7,M1,731,1286956,1288376,13500
7,M1,732,1288390,1289810,13500
7,M1,733,1289814,1291234,13500
7,M1,734,1292157,1293577,13500
7,M1,735,1293835,1295255,13500
7,M1,736,1295624,1297044,13500
7,M1,737,1296931,1298452,1500
7,M1,738,1298666,1300086,13500
7,M1,739,1300983,1302403,13500
7,M1,740,1302364,1303811,1500
7,M1,741,1304527,1305947,13500
7,M1,742,1305760,1307355,1500
7,M1,743,1307594,1309014,13500
7,M1,744,1309674,1311094,13500
7,M1,745,1311110,1312530,13500
7,M1,746,1313070,1314490,13500
7,M1,747,1314661,1316081,13500
7,M1,748,1316114,1317534,13500
7,M1,749,1317951,1319371,13500
7,M1,750,1320051,1321471,13500
7,M1,751,1321553,1322973,13500
7,M1,752,1323613,1325033,13500
7,M1,753,1325009,1326441,1500
7,M1,754,1327180,1328600,13500
7,M1,755,1328613,1330033,13500
7,M1,756,1330475,1331895,13500
7,M1,757,1331986,1333406,13500
7,M1,758,1333753,1335173,13500
7,M1,759,1335822,1337242,13500
7,M1,760,1337634,1339054,13500
7,M1,761,1339472,1340892,13500
7,M1,762,1340750,1342300,1500
7,M1,763,1342601,1344021,13500
7,M1,764,1344624,1346044,13500
7,M1,765,1346015,1347452,1500
7,M1,766,1348439,1349859,13500
7,M1,767,1350267,1351687,13500
7,M1,768,1351997,1353417,13500
7,M1,769,1353080,1354825,1500
7,M1,770,1355554,1356974,13500
7,M1,771,1356911,1358382,1500
7,M1,772,1359100,1360520,13500
7,M1,773,1360290,1361928,1500
7,M1,774,1362151,1363571,13500
7,M1,775,1363970,1365390,13500
7,M1,776,1365648,1367068,13500
7,M1,777,1367201,1368621,13500
7,M1,778,1369067,1370487,13500
7,M1,779,1370683,1372103,13500
7,M1,780,1372771,1374191,13500
7,M1,781,1374257,1375677,13500
7,M1,782,1376390,1377810,13500
7,M1,783,1377789,1379218,1500
7,M1,784,1380053,1381473,13500
7,M1,785,1381251,1382881,1500
7,M1,786,1383413,1384833,13500
7,M1,787,1384925,1386345,13500
7,M1,788,1387119,1388539,13500
7,M1,789,1388520,1389947,1500
7,M1,790,1390693,1392113,13500
7,M1,791,1392202,1393622,13500
7,M1,792,1394226,1395646,13500
7,M1,793,1395283,1397054,1500
7,M1,794,1397225,1398645,13500
7,M1,795,1398833,1400253,13500
7,M1,796,1400962,1402382,13500
7,M1,797,1402856,1404276,13500
7,M1,798,1404378,1405798,13500
7,M1,799,1406098,1407518,13500
7,M1,800,1407983,1409403,13500
7,M1,801,1409444,1410864,13500
7,M1,802,1411311,1412731,13500
7,M1,803,1413303,1414723,13500
7,M1,804,1414697,1416131,1500
7,M1,805,1417116,1418536,13500
7,M1,806,1418772,1420192,13500
7,M1,807,1420388,1421808,13500
7,M1,808,1422394,1423814,13500
7,M1,809,1423524,1425222,1500
7,M1,810,1425900,1427320,13500
7,M1,811,1427182,1428728,1500
7,M1,812,1429213,1430633,13500
7,M1,813,1430875,1432295,13500
7,M1,814,1432950,1434370,13500
7,M1,815,1434728,1436148,13500
7,M1,816,1436446,1437866,13500
7,M1,817,1437585,1439274,1500
7,M1,818,1439466,1440886,13500
7,M1,819,1441515,1442935,13500
7,M1,820,1443487,1444907,13500
7,M1,821,1444879,1446315,1500
7,M1,822,1447094,1448514,13500
7,M1,823,1448613,1450033,13500
7,M1,824,1450555,1451975,13500
7,M1,825,1451860,1453383,1500
7,M1,826,1453769,1455189,13500
7,M1,827,1455765,1457185,13500
7,M1,828,1457153,1458593,1500
7,M1,829,1459298,1460718,13500
7,M1,830,1461102,1462522,13500
7,M1,831,1462306,1463930,1500
7,M1,832,1463952,1465372,13500
7,M1,833,1465971,1467391,13500
7,M1,834,1467474,1468894,13500
7,M1,835,1469359,1470779,13500
7,M1,836,1471507,1472927,13500
7,M1,837,1472879,1474335,1500
7,M1,838,1475095,1476515,13500
7,M1,839,1476610,1478030,13500
7,M1,840,1478317,1479737,13500
7,M1,841,1480002,1481422,13500
7,M1,842,1481894,1483314,13500
7,M1,843,1483522,1484942,13500
7,M1,844,1485530,1486950,13500
7,M1,845,1487161,1488581,13500
7,M1,846,1489182,1490602,13500
7,M1,847,1490470,1492010,1500
7,M1,848,1492444,1493864,13500
7,M1,849,1494251,1495671,13500
7,M1,850,1495887,1497307,13500
7,M1,851,1498011,1499431,13500
7,M1,852,1499684,1501104,13500
7,M1,853,1501364,1502784,13500
7,M1,854,1503059,1504479,13500
7,M1,855,1504690,1506110,13500
7,M1,856,1506753,1508173,13500
7,M1,857,1508423,1509843,13500
7,M1,858,1510296,1511716,13500
7,M1,859,1511916,1513336,13500
7,M1,860,1513664,1515084,13500
7,M1,861,1515573,1516993,13500
7,M1,862,1517509,1518929,13500
7,M1,863,1518575,1520337,1500
7,M1,864,1520520,1521940,13500
7,M1,865,1522580,1524000,13500
7,M1,866,1523972,1525408,1500
7,M1,867,1525607,1527027,13500
7,M1,868,1527308,1528728,13500
7,M1,869,1529202,1530622,13500
7,M1,870,1531300,1532720,13500
7,M1,871,1532924,1534344,13500
7,M1,872,1534818,1536238,13500
7,M1,873,1536250,1537670,13500
7,M1,874,1538047,1539467,13500
7,M1,875,1540200,1541620,13500
7,M1,876,1541916,1543336,13500
7,M1,877,1543701,1545121,13500
7,M1,878,1545255,1546675,13500
7,M1,879,1546807,1548227,13500
7,M1,880,1548622,1550042,13500
7,M1,881,1550718,1552138,13500
7,M1,882,1552658,1554078,13500
7,M1,883,1553842,1555486,1500
7,M1,884,1555802,1557222,13500
7,M1,885,1557446,1558866,13500
7,M1,886,1559501,1560921,13500
7,M1,887,1560956,1562376,13500
7,M1,888,1562677,1564097,13500
7,M1,889,1564735,1566155,13500
7,M1,890,1566228,1567648,13500
7,M1,891,1567797,1569217,13500
7,M1,892,1570060,1571480,13500
7,M1,893,1571860,1573280,13500
7,M1,894,1573041,1574688,1500
7,M1,895,1575268,1576688,13500
7,M1,896,1576938,1578358,13500
7,M1,897,1578792,1580212,13500
7,M1,898,1580330,1581750,13500
7,M1,899,1582173,1583593,13500
7,M1,900,1583872,1585292,13500
7,M1,901,1585775,1587195,13500
7,M1,902,1587815,1589235,13500
7,M1,903,1589002,1590643,1500
7,M1,904,1590812,1592232,13500
7,M1,905,1593200,1594620,13500
7,M1,906,1594609,1596029,3000
7,M1,907,1596567,1597987,13500
7,M1,908,1597735,1599395,1500
7,M1,909,1599908,1601328,13500
7,M1,910,1601544,1602964,13500
7,M1,911,1603370,1604790,13500
7,M1,912,1605263,1606683,13500
7,M1,913,1606920,1608340,13500
7,M1,914,1608406,1609826,13500
7,M1,915,1610190,1611610,13500
7,M1,916,1612422,1613842,13500
7,M1,917,1613824,1615250,1500
7,M1,918,1615632,1617052,13500
7,M1,919,1617723,1619143,13500
7,M1,920,1618914,1620551,1500
7,M1,921,1621288,1622708,13500
7,M1,922,1622409,1624116,1500
7,M1,923,1624729,1626149,13500
7,M1,924,1625901,1627557,1500
7,M1,925,1627849,1629269,13500
7,M1,926,1629594,1631014,13500
7,M1,927,1631805,1633225,13500
7,M1,928,1633023,1634633,1500
7,M1,929,1634756,1636176,13500
7,M1,930,1636606,1638026,13500
7,M1,931,1638543,1639963,13500
7,M1,932,1640359,1641779,13500
7,M1,933,1642110,1643530,13500
7,M1,934,1644227,1645647,13500
7,M1,935,1645925,1647345,13500
7,M1,936,1647130,1648753,1500
7,M1,937,1649421,1650841,13500
7,M1,938,1651206,1652626,13500
7,M1,939,1652879,1654299,13500
7,M1,940,1654254,1655707,1500
7,M1,941,1656011,1657431,13500
7,M1,942,1657694,1659114,13500
7,M1,943,1660045,1661465,13500
7,M1,944,1661477,1662897,13500
7,M1,945,1663498,1664918,13500
7,M1,946,1665323,1666743,13500
7,M1,947,1667098,1668518,13500
7,M1,948,1668374,1669926,1500
7,M1,949,1670190,1671610,13500
7,M1,950,1672132,1673552,13500
7,M1,951,1674071,1675491,13500
7,M1,952,1675801,1677221,13500
7,M1,953,1677537,1678957,13500
7,M1,954,1678775,1680365,1500
7,M1,955,1680991,1682411,13500
7,M1,956,1682947,1684367,13500
7,M1,957,1684264,1685775,1500
7,M1,958,1686296,1687716,13500
7,M1,959,1688202,1689622,13500
7,M1,960,1689793,1691213,13500
7,M1,961,1691660,1693080,13500
7,M1,962,1693451,1694871,13500
7,M1,963,1695136,1696556,13500
7,M1,964,1696479,1697964,1500
7,M1,965,1698717,1700137,13500
7,M1,966,1700117,1701545,1500
7,M1,967,1701945,1703365,13500
7,M1,968,1703722,1705142,13500
7,M1,969,1705290,1706710,13500
7,M1,970,1707106,1708526,13500
7,M1,971,1709166,1710586,13500
7,M1,972,1711102,1712522,13500
7,M1,973,1712400,1713930,1500
7,M1,974,1714040,1715460,13500
7,M1,975,1715956,1717376,13500
7,M1,976,1717771,1719191,13500
7,M1,977,1719810,1721230,13500
7,M1,978,1721450,1722870,13500
7,M1,979,1723393,1724813,13500
7,M1,980,1724538,1726221,1500
7,M1,981,1726797,1728217,13500
7,M1,982,1728343,1729763,13500
7,M1,983,1730149,1731569,13500
7,M1,984,1731980,1733400,13500
7,M1,985,1733946,1735366,13500
7,M1,986,1735366,1736786,13500
7,M1,987,1736848,1738268,13500
7,M1,988,1739165,1740585,13500
7,M1,989,1740636,1742056,13500
7,M1,990,1742379,1743799,13500
7,M1,991,1743865,1745285,13500
7,M1,992,1745683,1747103,13500
7,M1,993,1747420,1748840,13500
7,M1,994,1749839,1751259,13500
7,M1,995,1751013,1752667,1500
7,M1,996,1752770,1754190,13500
7,M1,997,1754405,1755825,13500
7,M1,998,1756365,1757785,13500
7,M1,999,1757899,1759319,13500
8,M0,0,0,1412,420000
8,M0,1,2138,3550,420000
8,M0,2,3221,4958,420000
8,M0,3,5046,6458,420000
8,M0,4,7250,8662,420000
8,M0,5,8698,10110,420000
8,M0,6,10457,11869,420000
8,M0,7,12480,13892,420000
8,M0,8,14031,15443,420000
8,M0,9,15519,16931,420000
8,M0,10,17537,18949,420000
8,M0,11,19185,20597,420000
8,M0,12,21492,22904,420000
8,M0,13,23047,24459,420000
8,M0,14,24465,25877,420000
8,M0,15,26402,27814,420000
8,M0,16,27898,29310,420000
8,M0,17,30215,31627,420000
8,M0,18,32029,33441,420000
8,M0,19,33068,34849,420000
8,M0,20,34931,36343,420000
8,M0,21,36800,38212,420000
8,M0,22,39068,40480,420000
8,M0,23,40296,41888,420000
8,M0,24,42405,43817,420000
8,M0,25,43600,45225,420000
8,M0,26,45973,47385,420000
8,M0,27,47449,48861,420000
8,M0,28,49216,50628,420000
8,M0,29,50898,52310,420000
8,M0,30,52908,54320,420000
8,M0,31,54288,55728,420000
8,M0,32,56519,57931,420000
8,M0,33,58025,59437,420000
8,M0,34,60239,61651,420000
8,M0,35,61569,63059,420000
8,M0,36,63202,64614,420000
8,M0,37,64979,66391,420000
8,M0,38,66493,67905,420000
8,M0,39,68382,69794,420000
8,M0,40,70584,71996,420000
8,M0,41,71855,73404,420000
8,M0,42,74192,75604,420000
8,M0,43,75303,77012,420000
8,M0,44,77531,78943,420000
8,M0,45,79001,80413,420000
8,M0,46,80602,82014,420000
8,M0,47,82575,83987,420000
8,M0,48,84467,85879,420000
8,M0,49,85984,87396,420000
8,M0,50,88206,89618,420000
8,M0,51,89448,91026,420000
8,M0,52,91459,92871,420000
8,M0,53,92975,94387,420000
8,M0,54,95279,96691,420000
8,M0,55,96740,98152,420000
8,M0,56,98815,100227,420000
8,M0,57,100187,101635,420000
8,M0,58,101687,103099,420000
8,M0,59,103642,105054,420000
8,M0,60,105420,106832,420000
8,M0,61,107355,108767,420000
8,M0,62,108876,110288,420000
8,M0,63,110833,112245,420000
8,M0,64,112351,113763,420000
8,M0,65,114008,115420,420000
8,M0,66,116030,117442,420000
8,M0,67,118116,119528,420000
8,M0,68,119599,121011,420000
8,M0,69,121676,123088,420000
8,M0,70,123419,124831,420000
8,M0,71,125064,126476,420000
8,M0,72,126725,128137,420000
8,M0,73,128385,129797,420000
8,M0,74,130392,131804,420000
8,M0,75,132077,133489,420000
8,M0,76,133451,134897,420000
8,M0,77,135755,137167,420000
8,M0,78,137489,138901,420000
8,M0,79,139162,140574,420000
8,M0,80,140548,141982,420000
8,M0,81,142715,144127,420000
8,M0,82,143969,145535,420000
8,M0,83,145979,147391,420000
8,M0,84,147914,149326,420000
8,M0,85,149700,151112,420000
8,M0,86,151632,153044,420000
8,M0,87,153283,154695,420000
8,M0,88,154957,156369,420000
8,M0,89,156455,157867,420000
8,M0,90,158036,159448,420000
8,M0,91,160108,161520,420000
8,M0,92,161655,163067,420000
8,M0,93,163377,164789,420000
8,M0,94,165740,167152,420000
8,M0,95,167285,168697,420000
8,M0,96,169226,170638,420000
8,M0,97,170423,172046,420000
8,M0,98,172126,173538,420000
8,M0,99,173886,175298,420000
8,M0,100,175610,177022,420000
8,M0,101,177417,178829,420000
8,M0,102,179381,180793,420000
8,M0,103,181218,182630,420000
8,M0,104,183142,184554,420000
8,M0,105,184560,185972,420000
8,M0,106,186795,188207,420000
8,M0,107,188377,189789,420000
8,M0,108,189851,191263,420000
8,M0,109,192057,193469,420000
8,M0,110,193669,195081,420000
8,M0,111,195400,196812,420000
8,M0,112,196738,198220,420000
8,M0,113,199243,200655,420000
8,M0,114,200956,202368,420000
8,M0,115,202366,203778,420000
8,M0,116,203800,205212,420000
8,M0,117,205932,207344,420000
8,M0,118,207351,208763,420000
8,M0,119,209070,210482,420000
8,M0,120,210930,212342,420000
8,M0,121,212885,214297,420000
8,M0,122,214560,215972,420000
8,M0,123,216478,217890,420000
8,M0,124,218555,219967,420000
8,M0,125,219755,221375,420000
8,M0,126,221870,223282,420000
8,M0,127,223830,225242,420000
8,M0,128,224961,226650,420000
8,M0,129,226692,228104,420000
8,M0,130,228821,230233,420000
8,M0,131,230850,232262,420000
8,M0,132,232058,233670,420000
8,M0,133,234463,235875,420000
8,M0,134,235631,237283,420000
8,M0,135,237885,239297,420000
8,M0,136,239218,240705,420000
8,M0,137,240891,242303,420000
8,M0,138,242730,244142,420000
8,M0,139,244549,245961,420000
8,M0,140,246338,247750,420000
8,M0,141,247909,249321,420000
8,M0,142,249557,250969,420000
8,M0,143,251558,252970,420000
8,M0,144,253469,254881,420000
8,M0,145,255261,256673,420000
8,M0,146,256632,258081,420000
8,M0,147,259039,260451,420000
8,M0,148,260167,261859,420000
8,M0,149,262475,263887,420000
8,M0,150,263977,265389,420000
8,M0,151,265458,266870,420000
8,M0,152,267365,268777,420000
8,M0,153,269039,270451,420000
8,M0,154,271313,272725,420000
8,M0,155,272451,274133,420000
8,M0,156,274291,275703,420000
8,M0,157,276525,277937,420000
8,M0,158,277905,279345,420000
8,M0,159,279755,281167,420000
8,M0,160,281748,283160,420000
8,M0,161,282968,284568,420000
8,M0,162,285044,286456,420000
8,M0,163,286677,288089,420000
8,M0,164,288296,289708,420000
8,M0,165,290562,291974,420000
8,M0,166,292388,293800,420000
8,M0,167,293784,295208,420000
8,M0,168,295738,297150,420000
8,M0,169,297749,299161,420000
8,M0,170,298878,300569,420000
8,M0,171,301074,302486,420000
8,M0,172,302601,304013,420000
8,M0,173,304264,305676,420000
8,M0,174,305931,307343,420000
8,M0,175,308031,309443,420000
8,M0,176,309808,311220,420000
8,M0,177,311509,312921,420000
8,M0,178,313272,314684,420000
8,M0,179,315166,316578,420000
8,M0,180,317181,318593,420000
8,M0,181,318313,320001,420000
8,M0,182,320539,321951,420000
8,M0,183,322302,323714,420000
8,M0,184,323673,325122,420000
8,M0,185,325831,327243,420000
8,M0,186,327170,328651,420000
8,M0,187,328964,330376,420000
8,M0,188,331111,332523,420000
8,M0,189,332428,333931,420000
8,M0,190,334208,335620,420000
8,M0,191,336080,337492,420000
8,M0,192,337735,339147,420000
8,M0,193,340065,341477,420000
8,M0,194,341766,343178,420000
8,M0,195,342908,344586,420000
8,M0,196,344949,346361,420000
8,M0,197,346745,348157,420000
8,M0,198,348221,349633,420000
8,M0,199,350533,351945,420000
8,M0,200,352010,353422,420000
8,M0,201,353381,354830,420000
8,M0,202,355360,356772,420000
8,M0,203,357331,358743,420000
8,M0,204,359236,360648,420000
8,M0,205,360644,362056,420000
8,M0,206,362710,364122,420000
8,M0,207,364285,365697,420000
8,M0,208,366467,367879,420000
8,M0,209,367674,369287,420000
8,M0,210,369564,370976,420000
8,M0,211,371337,372749,420000
8,M0,212,373045,374457,420000
8,M0,213,374653,376065,420000
8,M0,214,376557,377969,420000
8,M0,215,378787,380199,420000
8,M0,216,380498,381910,420000
8,M0,217,381716,383318,420000
8,M0,218,383579,384991,420000
8,M0,219,385380,386792,420000
8,M0,220,387548,388960,420000
8,M0,221,388596,390368,420000
8,M0,222,390722,392134,420000
8,M0,223,392576,393988,420000
8,M0,224,394135,395547,420000
8,M0,225,396123,397535,420000
8,M0,226,397870,399282,420000
8,M0,227,399914,401326,420000
8,M0,228,401613,403025,420000
8,M0,229,402874,404433,420000
8,M0,230,405003,406415,420000
8,M0,231,406580,407992,420000
8,M0,232,408655,410067,420000
8,M0,233,410127,411539,420000
8,M0,234,411597,413009,420000
8,M0,235,413674,415086,420000
8,M0,236,415630,417042,420000
8,M0,237,417465,418877,420000
8,M0,238,418484,420285,420000
8,M0,239,420684,422096,420000
8,M0,240,422790,424202,420000
8,M0,241,424454,425866,420000
8,M0,242,426254,427666,420000
8,M0,243,427921,429333,420000
8,M0,244,429124,430741,420000
8,M0,245,431334,432746,420000
8,M0,246,432948,434360,420000
8,M0,247,434778,436190,420000
8,M0,248,436263,437675,420000
8,M0,249,437927,439339,420000
8,M0,250,440208,441620,420000
8,M0,251,441753,443165,420000
8,M0,252,443429,444841,420000
8,M0,253,444903,446315,420000
8,M0,254,446764,448176,420000
8,M0,255,448432,449844,420000
8,M0,256,450875,452287,420000
8,M0,257,452311,453723,420000
8,M0,258,454300,455712,420000
8,M0,259,455571,457120,420000
8,M0,260,457638,459050,420000
8,M0,261,459343,460755,420000
8,M0,262,460856,462268,420000
8,M0,263,462707,464119,420000
8,M0,264,464277,465689,420000
8,M0,265,466785,468197,420000
8,M0,266,468527,469939,420000
8,M0,267,469536,471347,420000
8,M0,268,472002,473414,420000
8,M0,269,473513,474925,420000
8,M0,270,474866,476333,420000
8,M0,271,476594,478006,420000
8,M0,272,478658,480070,420000
8,M0,273,480262,481674,420000
8,M0,274,482138,483550,420000
8,M0,275,483711,485123,420000
8,M0,276,485716,487128,420000
8,M0,277,487395,488807,420000
8,M0,278,489460,490872,420000
8,M0,279,490748,492280,420000
8,M0,280,492624,494036,420000
8,M0,281,494705,496117,420000
8,M0,282,495951,497525,420000
8,M0,283,498068,499480,420000
8,M0,284,499904,501316,420000
8,M0,285,501453,502865,420000
8,M0,286,503058,504470,420000
8,M0,287,505282,506694,420000
8,M0,288,507143,508555,420000
8,M0,289,508317,509963,420000
8,M0,290,510152,511564,420000
8,M0,291,512417,513829,420000
8,M0,292,514297,515709,420000
8,M0,293,515889,517301,420000
8,M0,294,517060,518709,420000
8,M0,295,519164,520576,420000
8,M0,296,520820,522232,420000
8,M0,297,522486,523898,420000
8,M0,298,524242,525654,420000
8,M0,299,525901,527313,420000
8,M0,300,527789,529201,420000
8,M0,301,529885,531297,420000
8,M0,302,531860,533272,420000
8,M0,303,533129,534680,420000
8,M0,304,535030,536442,420000
8,M0,305,537066,538478,420000
8,M0,306,538854,540266,420000
8,M0,307,540686,542098,420000
8,M0,308,542237,543649,420000
8,M0,309,543868,545280,420000
8,M0,310,545722,547134,420000
8,M0,311,547204,548616,420000
8,M0,312,549427,550839,420000
8,M0,313,550853,552265,420000
8,M0,314,552542,553954,420000
8,M0,315,554577,555989,420000
8,M0,316,556404,557816,420000
8,M0,317,558204,559616,420000
8,M0,318,559314,561024,420000
8,M0,319,561574,562986,420000
8,M0,320,563357,564769,420000
8,M0,321,564950,566362,420000
8,M0,322,566448,567860,420000
8,M0,323,568165,569577,420000
8,M0,324,569848,571260,420000
8,M0,325,572079,573491,420000
8,M0,326,573629,575041,420000
8,M0,327,575468,576880,420000
8,M0,328,577228,578640,420000
8,M0,329,579009,580421,420000
8,M0,330,581099,582511,420000
8,M0,331,582321,583919,420000
8,M0,332,584446,585858,420000
8,M0,333,586102,587514,420000
8,M0,334,587502,588922,420000
8,M0,335,589206,590618,420000
8,M0,336,591341,592753,420000
8,M0,337,592961,594373,420000
8,M0,338,595221,596633,420000
8,M0,339,596890,598302,420000
8,M0,340,598218,599710,420000
8,M0,341,599886,601298,420000
8,M0,342,601941,603353,420000
8,M0,343,603356,604768,420000
8,M0,344,605540,606952,420000
8,M0,345,607561,608973,420000
8,M0,346,609340,610752,420000
8,M0,347,610912,612324,420000
8,M0,348,612281,613732,420000
8,M0,349,614464,615876,420000
8,M0,350,616274,617686,420000
8,M0,351,617590,619094,420000
8,M0,352,619822,621234,420000
8,M0,353,621035,622642,420000
8,M0,354,623230,624642,420000
8,M0,355,624684,626096,420000
8,M0,356,626698,628110,420000
8,M0,357,628123,629535,420000
8,M0,358,629979,631391,420000
8,M0,359,632155,633567,420000
8,M0,360,633233,634975,420000
8,M0,361,635642,637054,420000
8,M0,362,637518,638930,420000
8,M0,363,639101,640513,420000
8,M0,364,641000,642412,420000
8,M0,365,642303,643820,420000
8,M0,366,643973,645385,420000
8,M0,367,646231,647643,420000
8,M0,368,647308,649051,420000
8,M0,369,649700,651112,420000
8,M0,370,651464,652876,420000
8,M0,371,653324,654736,420000
8,M0,372,654567,656144,420000
8,M0,373,656320,657732,420000
8,M0,374,658400,659812,420000
8,M0,375,660065,661477,420000
8,M0,376,662119,663531,420000
8,M0,377,663133,664939,420000
8,M0,378,665227,666639,420000
8,M0,379,667112,668524,420000
8,M0,380,668732,670144,420000
8,M0,381,670919,672331,420000
8,M0,382,672136,673739,420000
8,M0,383,674314,675726,420000
8,M0,384,676212,677624,420000
8,M0,385,677858,679270,420000
8,M0,386,679376,680788,420000
8,M0,387,681490,682902,420000
8,M0,388,682761,684310,420000
8,M0,389,684789,686201,420000
8,M0,390,686244,687656,420000
8,M0,391,688275,689687,420000
8,M0,392,690047,691459,420000
8,M0,393,691864,693276,420000
8,M0,394,693243,694684,420000
8,M0,395,694883,696295,420000
8,M0,396,696968,698380,420000
8,M0,397,698578,699990,420000
8,M0,398,700490,701902,420000
8,M0,399,702577,703989,420000
8,M0,400,704034,705446,420000
8,M0,401,705900,707312,420000
8,M0,402,707727,709139,420000
8,M0,403,709493,710905,420000
8,M0,404,710649,712313,420000
8,M0,405,712884,714296,420000
8,M0,406,714256,715704,420000
8,M0,407,716596,718008,420000
8,M0,408,718379,719791,420000
8,M0,409,719964,721376,420000
8,M0,410,721539,722951,420000
8,M0,411,722984,724396,420000
8,M0,412,725044,726456,420000
8,M0,413,726897,728309,420000
8,M0,414,728305,729717,420000
8,M0,415,730188,731600,420000
8,M0,416,731882,733294,420000
8,M0,417,733686,735098,420000
8,M0,418,735932,737344,420000
8,M0,419,737281,738752,420000
8,M0,420,739394,740806,420000
8,M0,421,741135,742547,420000
8,M0,422,742523,743955,420000
8,M0,423,744538,745950,420000
8,M0,424,746073,747485,420000
8,M0,425,748271,749683,420000
8,M0,426,749832,751244,420000
8,M0,427,751159,752652,420000
8,M0,428,753358,754770,420000
8,M0,429,754751,756178,420000
8,M0,430,756831,758243,420000
8,M0,431,758778,760190,420000
8,M0,432,760077,761598,420000
8,M0,433,762449,763861,420000
8,M0,434,763647,765269,420000
8,M0,435,765740,767152,420000
8,M0,436,767754,769166,420000
8,M0,437,768946,770574,420000
8,M0,438,770645,772057,420000
8,M0,439,772539,773951,420000
8,M0,440,774329,775741,420000
8,M0,441,776127,777539,420000
8,M0,442,778279,779691,420000
8,M0,443,779571,781099,420000
8,M0,444,781789,783201,420000
8,M0,445,783470,784882,420000
8,M0,446,785332,786744,420000
8,M0,447,786667,788152,420000
8,M0,448,788844,790256,420000
8,M0,449,790277,791689,420000
8,M0,450,792356,793768,420000
8,M0,451,793899,795311,420000
8,M0,452,795643,797055,420000
8,M0,453,797232,798644,420000
8,M0,454,798945,800357,420000
8,M0,455,800671,802083,420000
8,M0,456,802306,803718,420000
8,M0,457,804674,806086,420000
8,M0,458,805722,807494,420000
8,M0,459,807605,809017,420000
8,M0,460,809812,811224,420000
8,M0,461,810968,812632,420000
8,M0,462,813209,814621,420000
8,M0,463,815229,816641,420000
8,M0,464,817006,818418,420000
8,M0,465,818077,819826,420000
8,M0,466,819950,821362,420000
8,M0,467,822199,823611,420000
8,M0,468,823584,825019,420000
8,M0,469,825442,826854,420000
8,M0,470,827282,828694,420000
8,M0,471,829006,830418,420000
8,M0,472,830458,831870,420000
8,M0,473,832876,834288,420000
8,M0,474,834054,835696,420000
8,M0,475,835723,837135,420000
8,M0,476,838083,839495,420000
8,M0,477,839342,840903,420000
8,M0,478,841171,842583,420000
8,M0,479,842877,844289,420000
8,M0,480,844734,846146,420000
8,M0,481,846600,848012,420000
8,M0,482,848023,849435,420000
8,M0,483,850429,851841,420000
8,M0,484,851649,853249,420000
8,M0,485,853384,854796,420000
8,M0,486,854961,856373,420000
8,M0,487,857234,858646,420000
8,M0,488,859211,860623,420000
8,M0,489,860905,862317,420000
8,M0,490,862374,863786,420000
8,M0,491,864024,865436,420000
8,M0,492,865900,867312,420000
8,M0,493,867328,868740,420000
8,M0,494,869719,871131,420000
8,M0,495,871367,872779,420000
8,M0,496,872633,874187,420000
8,M0,497,874633,876045,420000
8,M0,498,876490,877902,420000
8,M0,499,878531,879943,420000
8,M0,500,879904,881351,420000
8,M0,501,881777,883189,420000
8,M0,502,883185,884597,420000
8,M0,503,884942,886354,420000
8,M0,504,887282,888694,420000
8,M0,505,888908,890320,420000
8,M0,506,890813,892225,420000
8,M0,507,892217,893633,420000
8,M0,508,894097,895509,420000
8,M0,509,895519,896931,420000
8,M0,510,897989,899401,420000
8,M0,511,898989,900809,420000
8,M0,512,901004,902416,420000
8,M0,513,903084,904496,420000
8,M0,514,904257,905904,420000
8,M0,515,906296,907708,420000
8,M0,516,908042,909454,420000
8,M0,517,909553,910965,420000
8,M0,518,911626,913038,420000
8,M0,519,913043,914455,420000
8,M0,520,915492,916904,420000
8,M0,521,917360,918772,420000
8,M0,522,919026,920438,420000
8,M0,523,920456,921868,420000
8,M0,524,922493,923905,420000
8,M0,525,924221,925633,420000
8,M0,526,925771,927183,420000
8,M0,527,927574,928986,420000
8,M0,528,929074,930486,420000
8,M0,529,930719,932131,420000
8,M0,530,933145,934557,420000
8,M0,531,934381,935965,420000
8,M0,532,936386,937798,420000
8,M0,533,938327,939739,420000
8,M0,534,939804,941216,420000
8,M0,535,941753,943165,420000
8,M0,536,943451,944863,420000
8,M0,537,944962,946374,420000
8,M0,538,946816,948228,420000
8,M0,539,948800,950212,420000
8,M0,540,950130,951620,420000
8,M0,541,951802,953214,420000
8,M0,542,953707,955119,420000
8,M0,543,955345,956757,420000
8,M0,544,957838,959250,420000
8,M0,545,959080,960658,420000
8,M0,546,961224,962636,420000
8,M0,547,962551,964044,420000
8,M0,548,964236,965648,420000
8,M0,549,965968,967380,420000
8,M0,550,968271,969683,420000
8,M0,551,970050,971462,420000
8,M0,552,971429,972870,420000
8,M0,553,973611,975023,420000
8,M0,554,974686,976431,420000
8,M0,555,976496,977908,420000
8,M0,556,978691,980103,420000
8,M0,557,980645,982057,420000
8,M0,558,982371,983783,420000
8,M0,559,983890,985302,420000
8,M0,560,985411,986823,420000
8,M0,561,987377,988789,420000
8,M0,562,989114,990526,420000
8,M0,563,990938,992350,420000
8,M0,564,992467,993879,420000
8,M0,565,994677,996089,420000
8,M0,566,995845,997497,420000
8,M0,567,998122,999534,420000
8,M0,568,999525,1000942,420000
8,M0,569,1001521,1002933,420000
8,M0,570,1002993,1004405,420000
8,M0,571,1005271,1006683,420000
8,M0,572,1006910,1008322,420000
8,M0,573,1008704,1010116,420000
8,M0,574,1010491,1011903,420000
8,M0,575,1011666,1013311,420000
8,M0,576,1013619,1015031,420000
8,M0,577,1015764,1017176,420000
8,M0,578,1017468,1018880,420000
8,M0,579,1019056,1020468,420000
8,M0,580,1020652,1022064,420000
8,M0,581,1022179,1023591,420000
8,M0,582,1023927,1025339,420000
8,M0,583,1025872,1027284,420000
8,M0,584,1028231,1029643,420000
8,M0,585,1029741,1031153,420000
8,M0,586,1031004,1032561,420000
8,M0,587,1033148,1034560,420000
8,M0,588,1034678,1036090,420000
8,M0,589,1036272,1037684,420000
8,M0,590,1038237,1039649,420000
8,M0,591,1040294,1041706,420000
8,M0,592,1041521,1043114,420000
8,M0,593,1043726,1045138,420000
8,M0,594,1045219,1046631,420000
8,M0,595,1047420,1048832,420000
8,M0,596,1049117,1050529,420000
8,M0,597,1051060,1052472,420000
8,M0,598,1052656,1054068,420000
8,M0,599,1053989,1055476,420000
8,M0,600,1055869,1057281,420000
8,M0,601,1057944,1059356,420000
8,M0,602,1059832,1061244,420000
8,M0,603,1061586,1062998,420000
8,M0,604,1063390,1064802,420000
8,M0,605,1064415,1066210,420000
8,M0,606,1066891,1068303,420000
8,M0,607,1068467,1069879,420000
8,M0,608,1070151,1071563,420000
8,M0,609,1071926,1073338,420000
8,M0,610,1073418,1074830,420000
8,M0,611,1075658,1077070,420000
8,M0,612,1077011,1078478,420000
8,M0,613,1078751,1080163,420000
8,M0,614,1080706,1082118,420000
8,M0,615,1082404,1083816,420000
8,M0,616,1084081,1085493,420000
8,M0,617,1085650,1087062,420000
8,M0,618,1087388,1088800,420000
8,M0,619,1089691,1091103,420000
8,M0,620,1091421,1092833,420000
8,M0,621,1092884,1094296,420000
8,M0,622,1094993,1096405,420000
8,M0,623,1096154,1097813,420000
8,M0,624,1097896,1099308,420000
8,M0,625,1100328,1101740,420000
8,M0,626,1102131,1103543,420000
8,M0,627,1103709,1105121,420000
8,M0,628,1105180,1106592,420000
8,M0,629,1107093,1108505,420000
8,M0,630,1108837,1110249,420000
8,M0,631,1110744,1112156,420000
8,M0,632,1112551,1113963,420000
8,M0,633,1114124,1115536,420000
8,M0,634,1115491,1116944,420000
8,M0,635,1117356,1118768,420000
8,M0,636,1119538,1120950,420000
8,M0,637,1120770,1122358,420000
8,M0,638,1123010,1124422,420000
8,M0,639,1124642,1126054,420000
8,M0,640,1126758,1128170,420000
8,M0,641,1128226,1129638,420000
8,M0,642,1129622,1131046,420000
8,M0,643,1131952,1133364,420000
8,M0,644,1133369,1134781,420000
8,M0,645,1135133,1136545,420000
8,M0,646,1137172,1138584,420000
8,M0,647,1138351,1139992,420000
8,M0,648,1140559,1141971,420000
8,M0,649,1141879,1143379,420000
8,M0,650,1143612,1145024,420000
8,M0,651,1146140,1147552,420000
8,M0,652,1147287,1148960,420000
8,M0,653,1149017,1150429,420000
8,M0,654,1151250,1152662,420000
8,M0,655,1152750,1154162,420000
8,M0,656,1154749,1156161,420000
8,M0,657,1156579,1157991,420000
8,M0,658,1158187,1159599,420000
8,M0,659,1159477,1161007,420000
8,M0,660,1161808,1163220,420000
8,M0,661,1163455,1164867,420000
8,M0,662,1165363,1166775,420000
8,M0,663,1166957,1168369,420000
8,M0,664,1168320,1169777,420000
8,M0,665,1170699,1172111,420000
8,M0,666,1172520,1173932,420000
8,M0,667,1173800,1175340,420000
8,M0,668,1175939,1177351,420000
8,M0,669,1177061,1178759,420000
8,M0,670,1179496,1180908,420000
8,M0,671,1180923,1182335,420000
8,M0,672,1182691,1184103,420000
8,M0,673,1184573,1185985,420000
8,M0,674,1186102,1187514,420000
8,M0,675,1188183,1189595,420000
8,M0,676,1189590,1191003,420000
8,M0,677,1191522,1192934,420000
8,M0,678,1192921,1194342,420000
8,M0,679,1194684,1196096,420000
8,M0,680,1196785,1198197,420000
8,M0,681,1198712,1200124,420000
8,M0,682,1199943,1201532,420000
8,M0,683,1202133,1203545,420000
8,M0,684,1203971,1205383,420000
8,M0,685,1205492,1206904,420000
8,M0,686,1207105,1208517,420000
8,M0,687,1209157,1210569,420000
8,M0,688,1210501,1211977,420000
8,M0,689,1212970,1214382,420000
8,M0,690,1214595,1216007,420000
8,M0,691,1215931,1217415,420000
8,M0,692,1217561,1218973,420000
8,M0,693,1219754,1221166,420000
8,M0,694,1221368,1222780,420000
8,M0,695,1223476,1224888,420000
8,M0,696,1224916,1226328,420000
8,M0,697,1226979,1228391,420000
8,M0,698,1228732,1230144,420000
8,M0,699,1230087,1231552,420000
8,M0,700,1231858,1233270,420000
8,M0,701,1233653,1235065,420000
8,M0,702,1235141,1236553,420000
8,M0,703,1237383,1238795,420000
8,M0,704,1239175,1240587,420000
8,M0,705,1240702,1242114,420000
8,M0,706,1242349,1243761,420000
8,M0,707,1244298,1245710,420000
8,M0,708,1246006,1247418,420000
8,M0,709,1247856,1249268,420000
8,M0,710,1249205,1250676,420000
8,M0,711,1251338,1252750,420000
8,M0,712,1253403,1254815,420000
8,M0,713,1254618,1256223,420000
8,M0,714,1256973,1258385,420000
8,M0,715,1258449,1259861,420000
8,M0,716,1260520,1261932,420000
8,M0,717,1261551,1263340,420000
8,M0,718,1263280,1264748,420000
8,M0,719,1265738,1267150,420000
8,M0,720,1267155,1268567,420000
8,M0,721,1269196,1270608,420000
8,M0,722,1270752,1272164,420000
8,M0,723,1272330,1273742,420000
8,M0,724,1273928,1275340,420000
8,M0,725,1276068,1277480,420000
8,M0,726,1277387,1278888,420000
8,M0,727,1279630,1281042,420000
8,M0,728,1281648,1283060,420000
8,M0,729,1283207,1284619,420000
8,M0,730,1285095,1286507,420000
8,M0,731,1286304,1287915,420000
8,M0,732,1288445,1289857,420000
8,M0,733,1289969,1291381,420000
8,M0,734,1291820,1293232,420000
8,M0,735,1293614,1295026,420000
8,M0,736,1295694,1297106,420000
8,M0,737,1297335,1298747,420000
8,M0,738,1298626,1300155,420000
8,M0,739,1300258,1301670,420000
8,M0,740,1302357,1303769,420000
8,M0,741,1304428,1305840,420000
8,M0,742,1305936,1307348,420000
8,M0,743,1308003,1309415,420000
8,M0,744,1309588,1311000,420000
8,M0,745,1311373,1312785,420000
8,M0,746,1312725,1314193,420000
8,M0,747,1314735,1316147,420000
8,M0,748,1316304,1317716,420000
8,M0,749,1318534,1319946,420000
8,M0,750,1319837,1321354,420000
8,M0,751,1321886,1323298,420000
8,M0,752,1323890,1325302,420000
8,M0,753,1325402,1326814,420000
8,M0,754,1327437,1328849,420000
8,M0,755,1329182,1330594,420000
8,M0,756,1330550,1332002,420000
8,M0,757,1332272,1333684,420000
8,M0,758,1334021,1335433,420000
8,M0,759,1335469,1336881,420000
8,M0,760,1337518,1338930,420000
8,M0,761,1339709,1341121,420000
8,M0,762,1341065,1342529,420000
8,M0,763,1342527,1343939,420000
8,M0,764,1344588,1346000,420000
8,M0,765,1346490,1347902,420000
8,M0,766,1348268,1349680,420000
8,M0,767,1349903,1351315,420000
8,M0,768,1351966,1353378,420000
8,M0,769,1353748,1355160,420000
8,M0,770,1355294,1356706,420000
8,M0,771,1357256,1358668,420000
8,M0,772,1359006,1360418,420000
8,M0,773,1360679,1362091,420000
8,M0,774,1362543,1363955,420000
8,M0,775,1364274,1365686,420000
8,M0,776,1365734,1367146,420000
8,M0,777,1367600,1369012,420000
8,M0,778,1369528,1370940,420000
8,M0,779,1371027,1372439,420000
8,M0,780,1372630,1374042,420000
8,M0,781,1374934,1376346,420000
8,M0,782,1376057,1377754,420000
8,M0,783,1378068,1379480,420000
8,M0,784,1380147,1381559,420000
8,M0,785,1381889,1383301,420000
8,M0,786,1383532,1384944,420000
8,M0,787,1384974,1386386,420000
8,M0,788,1386808,1388220,420000
8,M0,789,1388294,1389706,420000
8,M0,790,1390664,1392076,420000
8,M0,791,1391991,1393484,420000
8,M0,792,1393558,1394970,420000
8,M0,793,1395318,1396730,420000
8,M0,794,1397464,1398876,420000
8,M0,795,1399266,1400678,420000
8,M0,796,1401289,1402701,420000
8,M0,797,1403059,1404471,420000
8,M0,798,1404368,1405879,420000
8,M0,799,1406351,1407763,420000
8,M0,800,1408352,1409764,420000
8,M0,801,1409903,1411315,420000
8,M0,802,1411855,1413267,420000
8,M0,803,1413041,1414675,420000
8,M0,804,1415057,1416469,420000
8,M0,805,1416492,1417904,420000
8,M0,806,1418696,1420108,420000
8,M0,807,1420627,1422039,420000
8,M0,808,1421721,1423447,420000
8,M0,809,1423591,1425003,420000
8,M0,810,1425608,1427020,420000
8,M0,811,1427709,1429121,420000
8,M0,812,1429001,1430529,420000
8,M0,813,1431139,1432551,420000
8,M0,814,1433002,1434414,420000
8,M0,815,1434516,1435928,420000
8,M0,816,1435831,1437336,420000
8,M0,817,1437845,1439257,420000
8,M0,818,1439897,1441309,420000
8,M0,819,1441064,1442717,420000
8,M0,820,1443543,1444955,420000
8,M0,821,1444785,1446363,420000
8,M0,822,1446598,1448010,420000
8,M0,823,1448375,1449787,420000
8,M0,824,1450329,1451741,420000
8,M0,825,1451900,1453312,420000
8,M0,826,1453413,1454825,420000
8,M0,827,1455666,1457078,420000
8,M0,828,1457536,1458948,420000
8,M0,829,1458911,1460356,420000
8,M0,830,1460655,1462067,420000
8,M0,831,1462833,1464245,420000
8,M0,832,1464619,1466031,420000
8,M0,833,1465747,1467439,420000
8,M0,834,1468024,1469436,420000
8,M0,835,1469231,1470844,420000
8,M0,836,1471061,1472473,420000
8,M0,837,1473485,1474897,420000
8,M0,838,1474864,1476305,420000
8,M0,839,1477036,1478448,420000
8,M0,840,1478187,1479856,420000
8,M0,841,1480008,1481420,420000
8,M0,842,1482196,1483608,420000
8,M0,843,1483937,1485349,420000
8,M0,844,1485405,1486817,420000
8,M0,845,1486885,1488297,420000
8,M0,846,1488675,1490087,420000
8,M0,847,1490522,1491934,420000
8,M0,848,1492368,1493780,420000
8,M0,849,1494170,1495582,420000
8,M0,850,1495626,1497038,420000
8,M0,851,1497991,1499403,420000
8,M0,852,1499871,1501283,420000
8,M0,853,1501286,1502698,420000
8,M0,854,1503135,1504547,420000
8,M0,855,1504488,1505955,420000
8,M0,856,1506241,1507653,420000
8,M0,857,1508219,1509631,420000
8,M0,858,1510146,1511558,420000
8,M0,859,1511917,1513329,420000
8,M0,860,1513851,1515263,420000
8,M0,861,1515479,1516891,420000
8,M0,862,1516931,1518343,420000
8,M0,863,1519196,1520608,420000
8,M0,864,1520941,1522353,420000
8,M0,865,1522526,1523938,420000
8,M0,866,1523829,1525346,420000
8,M0,867,1525613,1527025,420000
8,M0,868,1527789,1529201,420000
8,M0,869,1529201,1530613,420000
8,M0,870,1531024,1532436,420000
8,M0,871,1533137,1534549,420000
8,M0,872,1534377,1535957,420000
8,M0,873,1536088,1537500,420000
8,M0,874,1538212,1539624,420000
8,M0,875,1540356,1541768,420000
8,M0,876,1542074,1543486,420000
8,M0,877,1543729,1545141,420000
8,M0,878,1545440,1546852,420000
8,M0,879,1547258,1548670,420000
8,M0,880,1548518,1550078,420000
8,M0,881,1550662,1552074,420000
8,M0,882,1552324,1553736,420000
8,M0,883,1553909,1555321,420000
8,M0,884,1555708,1557120,420000
8,M0,885,1557791,1559203,420000
8,M0,886,1559575,1560987,420000
8,M0,887,1560865,1562395,420000
8,M0,888,1562971,1564383,420000
8,M0,889,1564964,1566376,420000
8,M0,890,1566501,1567913,420000
8,M0,891,1567956,1569368,420000
8,M0,892,1569725,1571137,420000
8,M0,893,1571475,1572887,420000
8,M0,894,1573632,1575044,420000
8,M0,895,1575038,1576452,420000
8,M0,896,1577109,1578521,420000
8,M0,897,1579020,1580432,420000
8,M0,898,1580440,1581852,420000
8,M0,899,1582175,1583587,420000
8,M0,900,1583722,1585134,420000
8,M0,901,1585869,1587281,420000
8,M0,902,1587667,1589079,420000
8,M0,903,1588887,1590487,420000
8,M0,904,1590966,1592378,420000
8,M0,905,1593135,1594547,420000
8,M0,906,1594902,1596314,420000
8,M0,907,1596506,1597918,420000
8,M0,908,1598398,1599810,420000
8,M0,909,1600018,1601430,420000
8,M0,910,1601226,1602838,420000
8,M0,911,1603107,1604519,420000
8,M0,912,1604754,1606166,420000
8,M0,913,1606716,1608128,420000
8,M0,914,1608499,1609911,420000
8,M0,915,1610063,1611475,420000
8,M0,916,1612317,1613729,420000
8,M0,917,1614048,1615460,420000
8,M0,918,1615989,1617401,420000
8,M0,919,1617773,1619185,420000
8,M0,920,1619137,1620593,420000
8,M0,921,1620966,1622378,420000
8,M0,922,1623060,1624472,420000
8,M0,923,1624294,1625880,420000
8,M0,924,1625959,1627371,420000
8,M0,925,1627628,1629040,420000
8,M0,926,1629644,1631056,420000
8,M0,927,1631819,1633231,420000
8,M0,928,1633584,1634996,420000
8,M0,929,1634987,1636404,420000
8,M0,930,1637109,1638521,420000
8,M0,931,1638908,1640320,420000
8,M0,932,1640591,1642003,420000
8,M0,933,1641855,1643411,420000
8,M0,934,1644042,1645454,420000
8,M0,935,1645769,1647181,420000
8,M0,936,1647439,1648851,420000
8,M0,937,1648735,1650259,420000
8,M0,938,1650817,1652229,420000
8,M0,939,1652758,1654170,420000
8,M0,940,1654367,1655779,420000
8,M0,941,1656521,1657933,420000
8,M0,942,1657797,1659341,420000
8,M0,943,1659576,1660988,420000
8,M0,944,1661312,1662724,420000
8,M0,945,1663355,1664767,420000
8,M0,946,1664904,1666316,420000
8,M0,947,1666552,1667964,420000
8,M0,948,1668830,1670242,420000
8,M0,949,1669865,1671650,420000
8,M0,950,1671783,1673195,420000
8,M0,951,1673929,1675341,420000
8,M0,952,1675910,1677322,420000
8,M0,953,1677503,1678915,420000
8,M0,954,1678817,1680323,420000
8,M0,955,1680645,1682057,420000
8,M0,956,1682424,1683836,420000
8,M0,957,1684353,1685765,420000
8,M0,958,1685882,1687294,420000
8,M0,959,1688130,1689542,420000
8,M0,960,1689544,1690956,420000
8,M0,961,1691019,1692431,420000
8,M0,962,1693362,1694774,420000
8,M0,963,1695102,1696514,420000
8,M0,964,1696996,1698408,420000
8,M0,965,1698224,1699816,420000
8,M0,966,1699962,1701374,420000
8,M0,967,1701898,1703310,420000
8,M0,968,1703676,1705088,420000
8,M0,969,1705294,1706706,420000
8,M0,970,1707594,1709006,420000
8,M0,971,1709288,1710700,420000
8,M0,972,1710769,1712181,420000
8,M0,973,1712276,1713688,420000
8,M0,974,1714488,1715900,420000
8,M0,975,1715650,1717308,420000
8,M0,976,1717885,1719297,420000
8,M0,977,1719871,1721283,420000
8,M0,978,1721126,1722691,420000
8,M0,979,1723001,1724413,420000
8,M0,980,1724676,1726088,420000
8,M0,981,1726858,1728270,420000
8,M0,982,1728488,1729900,420000
8,M0,983,1730479,1731891,420000
8,M0,984,1732210,1733622,420000
8,M0,985,1733384,1735030,420000
8,M0,986,1735569,1736981,420000
8,M0,987,1736932,1738389,420000
8,M0,988,1738674,1740086,420000
8,M0,989,1741029,1742441,420000
8,M0,990,1742632,1744044,420000
8,M0,991,1744430,1745842,420000
8,M0,992,1746144,1747556,420000
8,M0,993,1748049,1749461,420000
8,M0,994,1749215,1750869,420000
8,M0,995,1751357,1752769,420000
8,M0,996,1753006,1754418,420000
8,M0,997,1754676,1756088,420000
8,M0,998,1756276,1757688,420000
8,M0,999,1758411,1759823,420000
8,M1,0,0,1420,13500
8,M1,1,2138,3558,13500
8,M1,2,3221,4966,1500
8,M1,3,5046,6466,13500
8,M1,4,7250,8670,13500
8,M1,5,8698,10118,13500
8,M1,6,10457,11877,13500
8,M1,7,12480,13900,13500
8,M1,8,14031,15451,13500
8,M1,9,15519,16939,13500
8,M1,10,17537,18957,13500
8,M1,11,19185,20605,13500
8,M1,12,21492,22912,13500
8,M1,13,23047,24467,13500
8,M1,14,24465,25885,13500
8,M1,15,26402,27822,13500
8,M1,16,27898,29318,13500
8,M1,17,30215,31635,13500
8,M1,18,32029,33449,13500
8,M1,19,33068,34857,1500
8,M1,20,34931,36351,13500
8,M1,21,36800,38220,13500
8,M1,22,39068,40488,13500
8,M1,23,40296,41896,1500
8,M1,24,42405,43825,13500
8,M1,25,43600,45233,1500
8,M1,26,45973,47393,13500
8,M1,27,47449,48869,13500
8,M1,28,49216,50636,13500
8,M1,29,50898,52318,13500
8,M1,30,52908,54328,13500
8,M1,31,54288,55736,1500
8,M1,32,56519,57939,13500
8,M1,33,58025,59445,13500
8,M1,34,60239,61659,13500
8,M1,35,61569,63067,1500
8,M1,36,63202,64622,13500
8,M1,37,64979,66399,13500
8,M1,38,66493,67913,13500
8,M1,39,68382,69802,13500
8,M1,40,70584,72004,13500
8,M1,41,71855,73412,1500
8,M1,42,74192,75612,13500
8,M1,43,75303,77020,1500
8,M1,44,77531,78951,13500
8,M1,45,79001,80421,13500
8,M1,46,80602,82022,13500
8,M1,47,82575,83995,13500
8,M1,48,84467,85887,13500
8,M1,49,85984,87404,13500
8,M1,50,88206,89626,13500
8,M1,51,89448,91034,1500
8,M1,52,91459,92879,13500
8,M1,53,92975,94395,13500
8,M1,54,95279,96699,13500
8,M1,55,96740,98160,13500
8,M1,56,98815,100235,13500
8,M1,57,100187,101643,1500
8,M1,58,101687,103107,13500
8,M1,59,103642,105062,13500
8,M1,60,105420,106840,13500
8,M1,61,107355,108775,13500
8,M1,62,108876,110296,13500
8,M1,63,110833,112253,13500
8,M1,64,112351,113771,13500
8,M1,65,114008,115428,13500
8,M1,66,116030,117450,13500
8,M1,67,118116,119536,13500
8,M1,68,119599,121019,13500
8,M1,69,121676,123096,13500
8,M1,70,123419,124839,13500
8,M1,71,125064,126484,13500
8,M1,72,126725,128145,13500
8,M1,73,128385,129805,13500
8,M1,74,130392,131812,13500
8,M1,75,132077,133497,13500
8,M1,76,133451,134905,1500
8,M1,77,135755,137175,13500
8,M1,78,137489,138909,13500
8,M1,79,139162,140582,13500
8,M1,80,140548,141990,1500
8,M1,81,142715,144135,13500
8,M1,82,143969,145543,1500
8,M1,83,145979,147399,13500
8,M1,84,147914,149334,13500
8,M1,85,149700,151120,13500
8,M1,86,151632,153052,13500
8,M1,87,153283,154703,13500
8,M1,88,154957,156377,13500
8,M1,89,156455,157875,13500
8,M1,90,158036,159456,13500
8,M1,91,160108,161528,13500
8,M1,92,161655,163075,13500
8,M1,93,163377,164797,13500
8,M1,94,165740,167160,13500
8,M1,95,167285,168705,13500
8,M1,96,169226,170646,13500
8,M1,97,170423,172054,1500
8,M1,98,172126,173546,13500
8,M1,99,173886,175306,13500
8,M1,100,175610,177030,13500
8,M1,101,177417,178837,13500
8,M1,102,179381,180801,13500
8,M1,103,181218,182638,13500
8,M1,104,183142,184562,13500
8,M1,105,184560,185980,13500
8,M1,106,186795,188215,13500
8,M1,107,188377,189797,13500
8,M1,108,189851,191271,13500
8,M1,109,192057,193477,13500
8,M1,110,193669,195089,13500
8,M1,111,195400,196820,13500
8,M1,112,196738,198228,1500
8,M1,113,199243,200663,13500
8,M1,114,200956,202376,13500
8,M1,115,202366,203786,4500
8,M1,116,203800,205220,13500
8,M1,117,205932,207352,13500
8,M1,118,207351,208771,13500
8,M1,119,209070,210490,13500
8,M1,120,210930,212350,13500
8,M1,121,212885,214305,13500
8,M1,122,214560,215980,13500
8,M1,123,216478,217898,13500
8,M1,124,218555,219975,13500
8,M1,125,219755,221383,1500
8,M1,126,221870,223290,13500
8,M1,127,223830,225250,13500
8,M1,128,224961,226658,1500
8,M1,129,226692,228112,13500
8,M1,130,228821,230241,13500
8,M1,131,230850,232270,13500
8,M1,132,232058,233678,1500
8,M1,133,234463,235883,13500
8,M1,134,235631,237291,1500
8,M1,135,237885,239305,13500
8,M1,136,239218,240713,1500
8,M1,137,240891,242311,13500
8,M1,138,242730,244150,13500
8,M1,139,244549,245969,13500
8,M1,140,246338,247758,13500
8,M1,141,247909,249329,13500
8,M1,142,249557,250977,13500
8,M1,143,251558,252978,13500
8,M1,144,253469,254889,13500
8,M1,145,255261,256681,13500
8,M1,146,256632,258089,1500
8,M1,147,259039,260459,13500
8,M1,148,260167,261867,1500
8,M1,149,262475,263895,13500
8,M1,150,263977,265397,13500
8,M1,151,265458,266878,13500
8,M1,152,267365,268785,13500
8,M1,153,269039,270459,13500
8,M1,154,271313,272733,13500
8,M1,155,272451,274141,1500
8,M1,156,274291,275711,13500
8,M1,157,276525,277945,13500
8,M1,158,277905,279353,1500
8,M1,159,279755,281175,13500
8,M1,160,281748,283168,13500
8,M1,161,282968,284576,1500
8,M1,162,285044,286464,13500
8,M1,163,286677,288097,13500
8,M1,164,288296,289716,13500
8,M1,165,290562,291982,13500
8,M1,166,292388,293808,13500
8,M1,167,293784,295216,1500
8,M1,168,295738,297158,13500
8,M1,169,297749,299169,13500
8,M1,170,298878,300577,1500
8,M1,171,301074,302494,13500
8,M1,172,302601,304021,13500
8,M1,173,304264,305684,13500
8,M1,174,305931,307351,13500
8,M1,175,308031,309451,13500
8,M1,176,309808,311228,13500
8,M1,177,311509,312929,13500
8,M1,178,313272,314692,13500
8,M1,179,315166,316586,13500
8,M1,180,317181,318601,13500
8,M1,181,318313,320009,1500
8,M1,182,320539,321959,13500
8,M1,183,322302,323722,13500
8,M1,184,323673,325130,1500
8,M1,185,325831,327251,13500
8,M1,186,327170,328659,1500
8,M1,187,328964,330384,13500
8,M1,188,331111,332531,13500
8,M1,189,332428,333939,1500
8,M1,190,334208,335628,13500
8,M1,191,336080,337500,13500
8,M1,192,337735,339155,13500
8,M1,193,340065,341485,13500
8,M1,194,341766,343186,13500
8,M1,195,342908,344594,1500
8,M1,196,344949,346369,13500
8,M1,197,346745,348165,13500
8,M1,198,348221,349641,13500
8,M1,199,350533,351953,13500
8,M1,200,352010,353430,13500
8,M1,201,353381,354838,1500
8,M1,202,355360,356780,13500
8,M1,203,357331,358751,13500
8,M1,204,359236,360656,13500
8,M1,205,360644,362064,1500
8,M1,206,362710,364130,13500
8,M1,207,364285,365705,13500
8,M1,208,366467,367887,13500
8,M1,209,367674,369295,1500
8,M1,210,369564,370984,13500
8,M1,211,371337,372757,13500
8,M1,212,373045,374465,13500
8,M1,213,374653,376073,13500
8,M1,214,376557,377977,13500
8,M1,215,378787,380207,13500
8,M1,216,380498,381918,13500
8,M1,217,381716,383326,1500
8,M1,218,383579,384999,13500
8,M1,219,385380,386800,13500
8,M1,220,387548,388968,13500
8,M1,221,388596,390376,1500
8,M1,222,390722,392142,13500
8,M1,223,392576,393996,13500
8,M1,224,394135,395555,13500
8,M1,225,396123,397543,13500
8,M1,226,397870,399290,13500
8,M1,227,399914,401334,13500
8,M1,228,401613,403033,13500
8,M1,229,402874,404441,1500
8,M1,230,405003,406423,13500
8,M1,231,406580,408000,13500
8,M1,232,408655,410075,13500
8,M1,233,410127,411547,13500
8,M1,234,411597,413017,13500
8,M1,235,413674,415094,13500
8,M1,236,415630,417050,13500
8,M1,237,417465,418885,13500
8,M1,238,418484,420293,1500
8,M1,239,420684,422104,13500
8,M1,240,422790,424210,13500
8,M1,241,424454,425874,13500
8,M1,242,426254,427674,13500
8,M1,243,427921,429341,13500
8,M1,244,429124,430749,1500
8,M1,245,431334,432754,13500
8,M1,246,432948,434368,13500
8,M1,247,434778,436198,13500
8,M1,248,436263,437683,13500
8,M1,249,437927,439347,13500
8,M1,250,440208,441628,13500
8,M1,251,441753,443173,13500
8,M1,252,443429,444849,13500
8,M1,253,444903,446323,13500
8,M1,254,446764,448184,13500
8,M1,255,448432,449852,13500
8,M1,256,450875,452295,13500
8,M1,257,452311,453731,13500
8,M1,258,454300,455720,13500
8,M1,259,455571,457128,1500
8,M1,260,457638,459058,13500
8,M1,261,459343,460763,13500
8,M1,262,460856,462276,13500
8,M1,263,462707,464127,13500
8,M1,264,464277,465697,13500
8,M1,265,466785,468205,13500
8,M1,266,468527,469947,13500
8,M1,267,469536,471355,1500
8,M1,268,472002,473422,13500
8,M1,269,473513,474933,13500
8,M1,270,474866,476341,1500
8,M1,271,476594,478014,13500
8,M1,272,478658,480078,13500
8,M1,273,480262,481682,13500
8,M1,274,482138,483558,13500
8,M1,275,483711,485131,13500
8,M1,276,485716,487136,13500
8,M1,277,487395,488815,13500
8,M1,278,489460,490880,13500
8,M1,279,490748,492288,1500
8,M1,280,492624,494044,13500
8,M1,281,494705,496125,13500
8,M1,282,495951,497533,1500
8,M1,283,498068,499488,13500
8,M1,284,499904,501324,13500
8,M1,285,501453,502873,13500
8,M1,286,503058,504478,13500
8,M1,287,505282,506702,13500
8,M1,288,507143,508563,13500
8,M1,289,508317,509971,1500
8,M1,290,510152,511572,13500
8,M1,291,512417,513837,13500
8,M1,292,514297,515717,13500
8,M1,293,515889,517309,13500
8,M1,294,517060,518717,1500
8,M1,295,519164,520584,13500
8,M1,296,520820,522240,13500
8,M1,297,522486,523906,13500
8,M1,298,524242,525662,13500
8,M1,299,525901,527321,13500
8,M1,300,527789,529209,13500
8,M1,301,529885,531305,13500
8,M1,302,531860,533280,13500
8,M1,303,533129,534688,1500
8,M1,304,535030,536450,13500
8,M1,305,537066,538486,13500
8,M1,306,538854,540274,13500
8,M1,307,540686,542106,13500
8,M1,308,542237,543657,13500
8,M1,309,543868,545288,13500
8,M1,310,545722,547142,13500
8,M1,311,547204,548624,13500
8,M1,312,549427,550847,13500
8,M1,313,550853,552273,13500
8,M1,314,552542,553962,13500
8,M1,315,554577,555997,13500
8,M1,316,556404,557824,13500
8,M1,317,558204,559624,13500
8,M1,318,559314,561032,1500
8,M1,319,561574,562994,13500
8,M1,320,563357,564777,13500
8,M1,321,564950,566370,13500
8,M1,322,566448,567868,13500
8,M1,323,568165,569585,13500
8,M1,324,569848,571268,13500
8,M1,325,572079,573499,13500
8,M1,326,573629,575049,13500
8,M1,327,575468,576888,13500
8,M1,328,577228,578648,13500
8,M1,329,579009,580429,13500
8,M1,330,581099,582519,13500
8,M1,331,582321,583927,1500
8,M1,332,584446,585866,13500
8,M1,333,586102,587522,13500
8,M1,334,587502,588930,1500
8,M1,335,589206,590626,13500
8,M1,336,591341,592761,13500
8,M1,337,592961,594381,13500
8,M1,338,595221,596641,13500
8,M1,339,596890,598310,13500
8,M1,340,598218,599718,1500
8,M1,341,599886,601306,13500
8,M1,342,601941,603361,13500
8,M1,343,603356,604776,12000
8,M1,344,605540,606960,13500
8,M1,345,607561,608981,13500
8,M1,346,609340,610760,13500
8,M1,347,610912,612332,13500
8,M1,348,612281,613740,1500
8,M1,349,614464,615884,13500
8,M1,350,616274,617694,13500
8,M1,351,617590,619102,1500
8,M1,352,619822,621242,13500
8,M1,353,621035,622650,1500
8,M1,354,623230,624650,13500
8,M1,355,624684,626104,13500
8,M1,356,626698,628118,13500
8,M1,357,628123,629543,13500
8,M1,358,629979,631399,13500
8,M1,359,632155,633575,13500
8,M1,360,633233,634983,1500
8,M1,361,635642,637062,13500
8,M1,362,637518,638938,13500
8,M1,363,639101,640521,13500
8,M1,364,641000,642420,13500
8,M1,365,642303,643828,1500
8,M1,366,643973,645393,13500
8,M1,367,646231,647651,13500
8,M1,368,647308,649059,1500
8,M1,369,649700,651120,13500
8,M1,370,651464,652884,13500
8,M1,371,653324,654744,13500
8,M1,372,654567,656152,1500
8,M1,373,656320,657740,13500
8,M1,374,658400,659820,13500
8,M1,375,660065,661485,13500
8,M1,376,662119,663539,13500
8,M1,377,663133,664947,1500
8,M1,378,665227,666647,13500
8,M1,379,667112,668532,13500
8,M1,380,668732,670152,13500
8,M1,381,670919,672339,13500
8,M1,382,672136,673747,1500
8,M1,383,674314,675734,13500
8,M1,384,676212,677632,13500
8,M1,385,677858,679278,13500
8,M1,386,679376,680796,13500
8,M1,387,681490,682910,13500
8,M1,388,682761,684318,1500
8,M1,389,684789,686209,13500
8,M1,390,686244,687664,13500
8,M1,391,688275,689695,13500
8,M1,392,690047,691467,13500
8,M1,393,691864,693284,13500
8,M1,394,693243,694692,1500
8,M1,395,694883,696303,13500
8,M1,396,696968,698388,13500
8,M1,397,698578,699998,13500
8,M1,398,700490,701910,13500
8,M1,399,702577,703997,13500
8,M1,400,704034,705454,13500
8,M1,401,705900,707320,13500
8,M1,402,707727,709147,13500
8,M1,403,709493,710913,13500
8,M1,404,710649,712321,1500
8,M1,405,712884,714304,13500
8,M1,406,714256,715712,1500
8,M1,407,716596,718016,13500
8,M1,408,718379,719799,13500
8,M1,409,719964,721384,13500
8,M1,410,721539,722959,13500
8,M1,411,722984,724404,13500
8,M1,412,725044,726464,13500
8,M1,413,726897,728317,13500
8,M1,414,728305,729725,1500
8,M1,415,730188,731608,13500
8,M1,416,731882,733302,13500
8,M1,417,733686,735106,13500
8,M1,418,735932,737352,13500
8,M1,419,737281,738760,1500
8,M1,420,739394,740814,13500
8,M1,421,741135,742555,13500
8,M1,422,742523,743963,1500
8,M1,423,744538,745958,13500
8,M1,424,746073,747493,13500
8,M1,425,748271,749691,13500
8,M1,426,749832,751252,13500
8,M1,427,751159,752660,1500
8,M1,428,753358,754778,13500
8,M1,429,754751,756186,1500
8,M1,430,756831,758251,13500
8,M1,431,758778,760198,13500
8,M1,432,760077,761606,1500
8,M1,433,762449,763869,13500
8,M1,434,763647,765277,1500
8,M1,435,765740,767160,13500
8,M1,436,767754,769174,13500
8,M1,437,768946,770582,1500
8,M1,438,770645,772065,13500
8,M1,439,772539,773959,13500
8,M1,440,774329,775749,13500
8,M1,441,776127,777547,13500
8,M1,442,778279,779699,13500
8,M1,443,779571,781107,1500
8,M1,444,781789,783209,13500
8,M1,445,783470,784890,13500
8,M1,446,785332,786752,13500
8,M1,447,786667,788160,1500
8,M1,448,788844,790264,13500
8,M1,449,790277,791697,13500
8,M1,450,792356,793776,13500
8,M1,451,793899,795319,13500
8,M1,452,795643,797063,13500
8,M1,453,797232,798652,13500
8,M1,454,798945,800365,13500
8,M1,455,800671,802091,13500
8,M1,456,802306,803726,13500
8,M1,457,804674,806094,13500
8,M1,458,805722,807502,1500
8,M1,459,807605,809025,13500
8,M1,460,809812,811232,13500
8,M1,461,810968,812640,1500
8,M1,462,813209,814629,13500
8,M1,463,815229,816649,13500
8,M1,464,817006,818426,13500
8,M1,465,818077,819834,1500
8,M1,466,819950,821370,13500
8,M1,467,822199,823619,13500
8,M1,468,823584,825027,1500
8,M1,469,825442,826862,13500
8,M1,470,827282,828702,13500
8,M1,471,829006,830426,13500
8,M1,472,830458,831878,13500
8,M1,473,832876,834296,13500
8,M1,474,834054,835704,1500
8,M1,475,835723,837143,13500
8,M1,476,838083,839503,13500
8,M1,477,839342,840911,1500
8,M1,478,841171,842591,13500
8,M1,479,842877,844297,13500
8,M1,480,844734,846154,13500
8,M1,481,846600,848020,13500
8,M1,482,848023,849443,13500
8,M1,483,850429,851849,13500
8,M1,484,851649,853257,1500
8,M1,485,853384,854804,13500
8,M1,486,854961,856381,13500
8,M1,487,857234,858654,13500
8,M1,488,859211,860631,13500
8,M1,489,860905,862325,13500
8,M1,490,862374,863794,13500
8,M1,491,864024,865444,13500
8,M1,492,865900,867320,13500
8,M1,493,867328,868748,13500
8,M1,494,869719,871139,13500
8,M1,495,871367,872787,13500
8,M1,496,872633,874195,1500
8,M1,497,874633,876053,13500
8,M1,498,876490,877910,13500
8,M1,499,878531,879951,13500
8,M1,500,879904,881359,1500
8,M1,501,881777,883197,13500
8,M1,502,883185,884605,1500
8,M1,503,884942,886362,13500
8,M1,504,887282,888702,13500
8,M1,505,888908,890328,13500
8,M1,506,890813,892233,13500
8,M1,507,892217,893641,1500
8,M1,508,894097,895517,13500
8,M1,509,895519,896939,13500
8,M1,510,897989,899409,13500
8,M1,511,898989,900817,1500
8,M1,512,901004,902424,13500
8,M1,513,903084,904504,13500
8,M1,514,904257,905912,1500
8,M1,515,906296,907716,13500
8,M1,516,908042,909462,13500
8,M1,517,909553,910973,13500
8,M1,518,911626,913046,13500
8,M1,519,913043,914463,13500
8,M1,520,915492,916912,13500
8,M1,521,917360,918780,13500
8,M1,522,919026,920446,13500
8,M1,523,920456,921876,13500
8,M1,524,922493,923913,13500
8,M1,525,924221,925641,13500
8,M1,526,925771,927191,13500
8,M1,527,927574,928994,13500
8,M1,528,929074,930494,13500
8,M1,529,930719,932139,13500
8,M1,530,933145,934565,13500
8,M1,531,934381,935973,1500
8,M1,532,936386,937806,13500
8,M1,533,938327,939747,13500
8,M1,534,939804,941224,13500
8,M1,535,941753,943173,13500
8,M1,536,943451,944871,13500
8,M1,537,944962,946382,13500
8,M1,538,946816,948236,13500
8,M1,539,948800,950220,13500
8,M1,540,950130,951628,1500
8,M1,541,951802,953222,13500
8,M1,542,953707,955127,13500
8,M1,543,955345,956765,13500
8,M1,544,957838,959258,13500
8,M1,545,959080,960666,1500
8,M1,546,961224,962644,13500
8,M1,547,962551,964052,1500
8,M1,548,964236,965656,13500
8,M1,549,965968,967388,13500
8,M1,550,968271,969691,13500
8,M1,551,970050,971470,13500
8,M1,552,971429,972878,1500
8,M1,553,973611,975031,13500
8,M1,554,974686,976439,1500
8,M1,555,976496,977916,13500
8,M1,556,978691,980111,13500
8,M1,557,980645,982065,13500
8,M1,558,982371,983791,13500
8,M1,559,983890,985310,13500
8,M1,560,985411,986831,13500
8,M1,561,987377,988797,13500
8,M1,562,989114,990534,13500
8,M1,563,990938,992358,13500
8,M1,564,992467,993887,13500
8,M1,565,994677,996097,13500
8,M1,566,995845,997505,1500
8,M1,567,998122,999542,13500
8,M1,568,999525,1000950,1500
8,M1,569,1001521,1002941,13500
8,M1,570,1002993,1004413,13500
8,M1,571,1005271,1006691,13500
8,M1,572,1006910,1008330,13500
8,M1,573,1008704,1010124,13500
8,M1,574,1010491,1011911,13500
8,M1,575,1011666,1013319,1500
8,M1,576,1013619,1015039,13500
8,M1,577,1015764,1017184,13500
8,M1,578,1017468,1018888,13500
8,M1,579,1019056,1020476,13500
8,M1,580,1020652,1022072,13500
8,M1,581,1022179,1023599,13500
8,M1,582,1023927,1025347,13500
8,M1,583,1025872,1027292,13500
8,M1,584,1028231,1029651,13500
8,M1,585,1029741,1031161,13500
8,M1,586,1031004,1032569,1500
8,M1,587,1033148,1034568,13500
8,M1,588,1034678,1036098,13500
8,M1,589,1036272,1037692,13500
8,M1,590,1038237,1039657,13500
8,M1,591,1040294,1041714,13500
8,M1,592,1041521,1043122,1500
8,M1,593,1043726,1045146,13500
8,M1,594,1045219,1046639,13500
8,M1,595,1047420,1048840,13500
8,M1,596,1049117,1050537,13500
8,M1,597,1051060,1052480,13500
8,M1,598,1052656,1054076,13500
8,M1,599,1053989,1055484,1500
8,M1,600,1055869,1057289,13500
8,M1,601,1057944,1059364,13500
8,M1,602,1059832,1061252,13500
8,M1,603,1061586,1063006,13500
8,M1,604,1063390,1064810,13500
8,M1,605,1064415,1066218,1500
8,M1,606,1066891,1068311,13500
8,M1,607,1068467,1069887,13500
8,M1,608,1070151,1071571,13500
8,M1,609,1071926,1073346,13500
8,M1,610,1073418,1074838,13500
8,M1,611,1075658,1077078,13500
8,M1,612,1077011,1078486,1500
8,M1,613,1078751,1080171,13500
8,M1,614,1080706,1082126,13500
8,M1,615,1082404,1083824,13500
8,M1,616,1084081,1085501,13500
8,M1,617,1085650,1087070,13500
8,M1,618,1087388,1088808,13500
8,M1,619,1089691,1091111,13500
8,M1,620,1091421,1092841,13500
8,M1,621,1092884,1094304,13500
8,M1,622,1094993,1096413,13500
8,M1,623,1096154,1097821,1500
8,M1,624,1097896,1099316,13500
8,M1,625,1100328,1101748,13500
8,M1,626,1102131,1103551,13500
8,M1,627,1103709,1105129,13500
8,M1,628,1105180,1106600,13500
8,M1,629,1107093,1108513,13500
8,M1,630,1108837,1110257,13500
8,M1,631,1110744,1112164,13500
8,M1,632,1112551,1113971,13500
8,M1,633,1114124,1115544,13500
8,M1,634,1115491,1116952,1500
8,M1,635,1117356,1118776,13500
8,M1,636,1119538,1120958,13500
8,M1,637,1120770,1122366,1500
8,M1,638,1123010,1124430,13500
8,M1,639,1124642,1126062,13500
8,M1,640,1126758,1128178,13500
8,M1,641,1128226,1129646,13500
8,M1,642,1129622,1131054,1500
8,M1,643,1131952,1133372,13500
8,M1,644,1133369,1134789,13500
8,M1,645,1135133,1136553,13500
8,M1,646,1137172,1138592,13500
8,M1,647,1138351,1140000,1500
8,M1,648,1140559,1141979,13500
8,M1,649,1141879,1143387,1500
8,M1,650,1143612,1145032,13500
8,M1,651,1146140,1147560,13500
8,M1,652,1147287,1148968,1500
8,M1,653,1149017,1150437,13500
8,M1,654,1151250,1152670,13500
8,M1,655,1152750,1154170,13500
8,M1,656,1154749,1156169,13500
8,M1,657,1156579,1157999,13500
8,M1,658,1158187,1159607,13500
8,M1,659,1159477,1161015,1500
8,M1,660,1161808,1163228,13500
8,M1,661,1163455,1164875,13500
8,M1,662,1165363,1166783,13500
8,M1,663,1166957,1168377,13500
8,M1,664,1168320,1169785,1500
8,M1,665,1170699,1172119,13500
8,M1,666,1172520,1173940,13500
8,M1,667,1173800,1175348,1500
8,M1,668,1175939,1177359,13500
8,M1,669,1177061,1178767,1500
8,M1,670,1179496,1180916,13500
8,M1,671,1180923,1182343,13500
8,M1,672,1182691,1184111,13500
8,M1,673,1184573,1185993,13500
8,M1,674,1186102,1187522,13500
8,M1,675,1188183,1189603,13500
8,M1,676,1189590,1191011,1500
8,M1,677,1191522,1192942,13500
8,M1,678,1192921,1194350,1500
8,M1,679,1194684,1196104,13500
8,M1,680,1196785,1198205,13500
8,M1,681,1198712,1200132,13500
8,M1,682,1199943,1201540,1500
8,M1,683,1202133,1203553,13500
8,M1,684,1203971,1205391,13500
8,M1,685,1205492,1206912,13500
8,M1,686,1207105,1208525,13500
8,M1,687,1209157,1210577,13500
8,M1,688,1210501,1211985,1500
8,M1,689,1212970,1214390,13500
8,M1,690,1214595,1216015,13500
8,M1,691,1215931,1217423,1500
8,M1,692,1217561,1218981,13500
8,M1,693,1219754,1221174,13500
8,M1,694,1221368,1222788,13500
8,M1,695,1223476,1224896,13500
8,M1,696,1224916,1226336,13500
8,M1,697,1226979,1228399,13500
8,M1,698,1228732,1230152,13500
8,M1,699,1230087,1231560,1500
8,M1,700,1231858,1233278,13500
8,M1,701,1233653,1235073,13500
8,M1,702,1235141,1236561,13500
8,M1,703,1237383,1238803,13500
8,M1,704,1239175,1240595,13500
8,M1,705,1240702,1242122,13500
8,M1,706,1242349,1243769,13500
8,M1,707,1244298,1245718,13500
8,M1,708,1246006,1247426,13500
8,M1,709,1247856,1249276,13500
8,M1,710,1249205,1250684,1500
8,M1,711,1251338,1252758,13500
8,M1,712,1253403,1254823,13500
8,M1,713,1254618,1256231,1500
8,M1,714,1256973,1258393,13500
8,M1,715,1258449,1259869,13500
8,M1,716,1260520,1261940,13500
8,M1,717,1261551,1263348,1500
8,M1,718,1263280,1264756,1500
8,M1,719,1265738,1267158,13500
8,M1,720,1267155,1268575,13500
8,M1,721,1269196,1270616,13500
8,M1,722,1270752,1272172,13500
8,M1,723,1272330,1273750,13500
8,M1,724,1273928,1275348,13500
8,M1,725,1276068,1277488,13500
8,M1,726,1277387,1278896,1500
8,M1,727,1279630,1281050,13500
8,M1,728,1281648,1283068,13500
8,M1,729,1283207,1284627,13500
8,M1,730,1285095,1286515,13500
8,M1,731,1286304,1287923,1500
8,M1,732,1288445,1289865,13500
8,M1,733,1289969,1291389,13500
8,M1,734,1291820,1293240,13500
8,M1,735,1293614,1295034,13500
8,M1,736,1295694,1297114,13500
8,M1,737,1297335,1298755,13500
8,M1,738,1298626,1300163,1500
8,M1,739,1300258,1301678,13500
8,M1,740,1302357,1303777,13500
8,M1,741,1304428,1305848,13500
8,M1,742,1305936,1307356,13500
8,M1,743,1308003,1309423,13500
8,M1,744,1309588,1311008,13500
8,M1,745,1311373,1312793,13500
8,M1,746,1312725,1314201,1500
8,M1,747,1314735,1316155,13500
8,M1,748,1316304,1317724,13500
8,M1,749,1318534,1319954,13500
8,M1,750,1319837,1321362,1500
8,M1,751,1321886,1323306,13500
8,M1,752,1323890,1325310,13500
8,M1,753,1325402,1326822,13500
8,M1,754,1327437,1328857,13500
8,M1,755,1329182,1330602,13500
8,M1,756,1330550,1332010,1500
8,M1,757,1332272,1333692,13500
8,M1,758,1334021,1335441,13500
8,M1,759,1335469,1336889,13500
8,M1,760,1337518,1338938,13500
8,M1,761,1339709,1341129,13500
8,M1,762,1341065,1342537,1500
8,M1,763,1342527,1343947,4500
8,M1,764,1344588,1346008,13500
8,M1,765,1346490,1347910,13500
8,M1,766,1348268,1349688,13500
8,M1,767,1349903,1351323,13500
8,M1,768,1351966,1353386,13500
8,M1,769,1353748,1355168,13500
8,M1,770,1355294,1356714,13500
8,M1,771,1357256,1358676,13500
8,M1,772,1359006,1360426,13500
8,M1,773,1360679,1362099,13500
8,M1,774,1362543,1363963,13500
8,M1,775,1364274,1365694,13500
8,M1,776,1365734,1367154,13500
8,M1,777,1367600,1369020,13500
8,M1,778,1369528,1370948,13500
8,M1,779,1371027,1372447,13500
8,M1,780,1372630,1374050,13500
8,M1,781,1374934,1376354,13500
8,M1,782,1376057,1377762,1500
8,M1,783,1378068,1379488,13500
8,M1,784,1380147,1381567,13500
8,M1,785,1381889,1383309,13500
8,M1,786,1383532,1384952,13500
8,M1,787,1384974,1386394,13500
8,M1,788,1386808,1388228,13500
8,M1,789,1388294,1389714,13500
8,M1,790,1390664,1392084,13500
8,M1,791,1391991,1393492,1500
8,M1,792,1393558,1394978,13500
8,M1,793,1395318,1396738,13500
8,M1,794,1397464,1398884,13500
8,M1,795,1399266,1400686,13500
8,M1,796,1401289,1402709,13500
8,M1,797,1403059,1404479,13500
8,M1,798,1404368,1405887,1500
8,M1,799,1406351,1407771,13500
8,M1,800,1408352,1409772,13500
8,M1,801,1409903,1411323,13500
8,M1,802,1411855,1413275,13500
8,M1,803,1413041,1414683,1500
8,M1,804,1415057,1416477,13500
8,M1,805,1416492,1417912,13500
8,M1,806,1418696,1420116,13500
8,M1,807,1420627,1422047,13500
8,M1,808,1421721,1423455,1500
8,M1,809,1423591,1425011,13500
8,M1,810,1425608,1427028,13500
8,M1,811,1427709,1429129,13500
8,M1,812,1429001,1430537,1500
8,M1,813,1431139,1432559,13500
8,M1,814,1433002,1434422,13500
8,M1,815,1434516,1435936,13500
8,M1,816,1435831,1437344,1500
8,M1,817,1437845,1439265,13500
8,M1,818,1439897,1441317,13500
8,M1,819,1441064,1442725,1500
8,M1,820,1443543,1444963,13500
8,M1,821,1444785,1446371,1500
8,M1,822,1446598,1448018,13500
8,M1,823,1448375,1449795,13500
8,M1,824,1450329,1451749,13500
8,M1,825,1451900,1453320,13500
8,M1,826,1453413,1454833,13500
8,M1,827,1455666,1457086,13500
8,M1,828,1457536,1458956,13500
8,M1,829,1458911,1460364,1500
8,M1,830,1460655,1462075,13500
8,M1,831,1462833,1464253,13500
8,M1,832,1464619,1466039,13500
8,M1,833,1465747,1467447,1500
8,M1,834,1468024,1469444,13500
8,M1,835,1469231,1470852,1500
8,M1,836,1471061,1472481,13500
8,M1,837,1473485,1474905,13500
8,M1,838,1474864,1476313,1500
8,M1,839,1477036,1478456,13500
8,M1,840,1478187,1479864,1500
8,M1,841,1480008,1481428,13500
8,M1,842,1482196,1483616,13500
8,M1,843,1483937,1485357,13500
8,M1,844,1485405,1486825,13500
8,M1,845,1486885,1488305,13500
8,M1,846,1488675,1490095,13500
8,M1,847,1490522,1491942,13500
8,M1,848,1492368,1493788,13500
8,M1,849,1494170,1495590,13500
8,M1,850,1495626,1497046,13500
8,M1,851,1497991,1499411,13500
8,M1,852,1499871,1501291,13500
8,M1,853,1501286,1502706,12000
8,M1,854,1503135,1504555,13500
8,M1,855,1504488,1505963,1500
8,M1,856,1506241,1507661,13500
8,M1,857,1508219,1509639,13500
8,M1,858,1510146,1511566,13500
8,M1,859,1511917,1513337,13500
8,M1,860,1513851,1515271,13500
8,M1,861,1515479,1516899,13500
8,M1,862,1516931,1518351,13500
8,M1,863,1519196,1520616,13500
8,M1,864,1520941,1522361,13500
8,M1,865,1522526,1523946,13500
8,M1,866,1523829,1525354,1500
8,M1,867,1525613,1527033,13500
8,M1,868,1527789,1529209,13500
8,M1,869,1529201,1530621,7500
8,M1,870,1531024,1532444,13500
8,M1,871,1533137,1534557,13500
8,M1,872,1534377,1535965,1500
8,M1,873,1536088,1537508,13500
8,M1,874,1538212,1539632,13500
8,M1,875,1540356,1541776,13500
8,M1,876,1542074,1543494,13500
8,M1,877,1543729,1545149,13500
8,M1,878,1545440,1546860,13500
8,M1,879,1547258,1548678,13500
8,M1,880,1548518,1550086,1500
8,M1,881,1550662,1552082,13500
8,M1,882,1552324,1553744,13500
8,M1,883,1553909,1555329,13500
8,M1,884,1555708,1557128,13500
8,M1,885,1557791,1559211,13500
8,M1,886,1559575,1560995,13500
8,M1,887,1560865,1562403,1500
8,M1,888,1562971,1564391,13500
8,M1,889,1564964,1566384,13500
8,M1,890,1566501,1567921,13500
8,M1,891,1567956,1569376,13500
8,M1,892,1569725,1571145,13500
8,M1,893,1571475,1572895,13500
8,M1,894,1573632,1575052,13500
8,M1,895,1575038,1576460,1500
8,M1,896,1577109,1578529,13500
8,M1,897,1579020,1580440,13500
8,M1,898,1580440,1581860,13500
8,M1,899,1582175,1583595,13500
8,M1,900,1583722,1585142,13500
8,M1,901,1585869,1587289,13500
8,M1,902,1587667,1589087,13500
8,M1,903,1588887,1590495,1500
8,M1,904,1590966,1592386,13500
8,M1,905,1593135,1594555,13500
8,M1,906,1594902,1596322,13500
8,M1,907,1596506,1597926,13500
8,M1,908,1598398,1599818,13500
8,M1,909,1600018,1601438,13500
8,M1,910,1601226,1602846,1500
8,M1,911,1603107,1604527,13500
8,M1,912,1604754,1606174,13500
8,M1,913,1606716,1608136,13500
8,M1,914,1608499,1609919,13500
8,M1,915,1610063,1611483,13500
8,M1,916,1612317,1613737,13500
8,M1,917,1614048,1615468,13500
8,M1,918,1615989,1617409,13500
8,M1,919,1617773,1619193,13500
8,M1,920,1619137,1620601,1500
8,M1,921,1620966,1622386,13500
8,M1,922,1623060,1624480,13500
8,M1,923,1624294,1625888,1500
8,M1,924,1625959,1627379,13500
8,M1,925,1627628,1629048,13500
8,M1,926,1629644,1631064,13500
8,M1,927,1631819,1633239,13500
8,M1,928,1633584,1635004,13500
8,M1,929,1634987,1636412,1500
8,M1,930,1637109,1638529,13500
8,M1,931,1638908,1640328,13500
8,M1,932,1640591,1642011,13500
8,M1,933,1641855,1643419,1500
8,M1,934,1644042,1645462,13500
8,M1,935,1645769,1647189,13500
8,M1,936,1647439,1648859,13500
8,M1,937,1648735,1650267,1500
8,M1,938,1650817,1652237,13500
8,M1,939,1652758,1654178,13500
8,M1,940,1654367,1655787,13500
8,M1,941,1656521,1657941,13500
8,M1,942,1657797,1659349,1500
8,M1,943,1659576,1660996,13500
8,M1,944,1661312,1662732,13500
8,M1,945,1663355,1664775,13500
8,M1,946,1664904,1666324,13500
8,M1,947,1666552,1667972,13500
8,M1,948,1668830,1670250,13500
8,M1,949,1669865,1671658,1500
8,M1,950,1671783,1673203,13500
8,M1,951,1673929,1675349,13500
8,M1,952,1675910,1677330,13500
8,M1,953,1677503,1678923,13500
8,M1,954,1678817,1680331,1500
8,M1,955,1680645,1682065,13500
8,M1,956,1682424,1683844,13500
8,M1,957,1684353,1685773,13500
8,M1,958,1685882,1687302,13500
8,M1,959,1688130,1689550,13500
8,M1,960,1689544,1690964,10500
8,M1,961,1691019,1692439,13500
8,M1,962,1693362,1694782,13500
8,M1,963,1695102,1696522,13500
8,M1,964,1696996,1698416,13500
8,M1,965,1698224,1699824,1500
8,M1,966,1699962,1701382,13500
8,M1,967,1701898,1703318,13500
8,M1,968,1703676,1705096,13500
8,M1,969,1705294,1706714,13500
8,M1,970,1707594,1709014,13500
8,M1,971,1709288,1710708,13500
8,M1,972,1710769,1712189,13500
8,M1,973,1712276,1713696,13500
8,M1,974,1714488,1715908,13500
8,M1,975,1715650,1717316,1500
8,M1,976,1717885,1719305,13500
8,M1,977,1719871,1721291,13500
8,M1,978,1721126,1722699,1500
8,M1,979,1723001,1724421,13500
8,M1,980,1724676,1726096,13500
8,M1,981,1726858,1728278,13500
8,M1,982,1728488,1729908,13500
8,M1,983,1730479,1731899,13500
8,M1,984,1732210,1733630,13500
8,M1,985,1733384,1735038,1500
8,M1,986,1735569,1736989,13500
8,M1,987,1736932,1738397,1500
8,M1,988,1738674,1740094,13500
8,M1,989,1741029,1742449,13500
8,M1,990,1742632,1744052,13500
8,M1,991,1744430,1745850,13500
8,M1,992,1746144,1747564,13500
8,M1,993,1748049,1749469,13500
8,M1,994,1749215,1750877,1500
8,M1,995,1751357,1752777,13500
8,M1,996,1753006,1754426,13500
8,M1,997,1754676,1756096,13500
8,M1,998,1756276,1757696,13500
8,M1,999,1758411,1759831,13500
9,M0,0,0,1412,420000
9,M0,1,1787,3199,420000
9,M0,2,3349,4761,420000
9,M0,3,5219,6631,420000
9,M0,4,7045,8457,420000
9,M0,5,8507,9919,420000
9,M0,6,10952,12364,420000
9,M0,7,12421,13833,420000
9,M0,8,14401,15813,420000
9,M0,9,15600,17221,420000
9,M0,10,17458,18870,420000
9,M0,11,19618,21030,420000
9,M0,12,20996,22438,420000
9,M0,13,22807,24219,420000
9,M0,14,24647,26059,420000
9,M0,15,26770,28182,420000
9,M0,16,28260,29672,420000
9,M0,17,29954,31366,420000
9,M0,18,31559,32971,420000
9,M0,19,33527,34939,420000
9,M0,20,35202,36614,420000
9,M0,21,37074,38486,420000
9,M0,22,38707,40119,420000
9,M0,23,40406,41818,420000
9,M0,24,41878,43290,420000
9,M0,25,43933,45345,420000
9,M0,26,46148,47560,420000
9,M0,27,47589,49001,420000
9,M0,28,49027,50439,420000
9,M0,29,51154,52566,420000
9,M0,30,53002,54414,420000
9,M0,31,54638,56050,420000
9,M0,32,56499,57911,420000
9,M0,33,57897,59319,420000
9,M0,34,59849,61261,420000
9,M0,35,61374,62786,420000
9,M0,36,63235,64647,420000
9,M0,37,65211,66623,420000
9,M0,38,66814,68226,420000
9,M0,39,68262,69674,420000
9,M0,40,70458,71870,420000
9,M0,41,71880,73292,420000
9,M0,42,74236,75648,420000
9,M0,43,75513,77056,420000
9,M0,44,77646,79058,420000
9,M0,45,78958,80466,420000
9,M0,46,80737,82149,420000
9,M0,47,82855,84267,420000
9,M0,48,84709,86121,420000
9,M0,49,86048,87529,420000
9,M0,50,87655,89067,420000
9,M0,51,89541,90953,420000
9,M0,52,91593,93005,420000
9,M0,53,92898,94413,420000
9,M0,54,95122,96534,420000
9,M0,55,97019,98431,420000
9,M0,56,98908,100320,420000
9,M0,57,100680,102092,420000
9,M0,58,102105,103517,420000
9,M0,59,104024,105436,420000
9,M0,60,105229,106844,420000
9,M0,61,107187,108599,420000
9,M0,62,109462,110874,420000
9,M0,63,111138,112550,420000
9,M0,64,112346,113958,420000
9,M0,65,114449,115861,420000
9,M0,66,116062,117474,420000
9,M0,67,117803,119215,420000
9,M0,68,119851,121263,420000
9,M0,69,121776,123188,420000
9,M0,70,123558,124970,420000
9,M0,71,125089,126501,420000
9,M0,72,126812,128224,420000
9,M0,73,128654,130066,420000
9,M0,74,130228,131640,420000
9,M0,75,132000,133412,420000
9,M0,76,133586,134998,420000
9,M0,77,135180,136592,420000
9,M0,78,137480,138892,420000
9,M0,79,139242,140654,420000
9,M0,80,141168,142580,420000
9,M0,81,142634,144046,420000
9,M0,82,144048,145460,420000
9,M0,83,146366,147778,420000
9,M0,84,147727,149186,420000
9,M0,85,149428,150840,420000
9,M0,86,151602,153014,420000
9,M0,87,152724,154422,420000
9,M0,88,154853,156265,420000
9,M0,89,156675,158087,420000
9,M0,90,158469,159881,420000
9,M0,91,160209,161621,420000
9,M0,92,162196,163608,420000
9,M0,93,163653,165065,420000
9,M0,94,165356,166768,420000
9,M0,95,167588,169000,420000
9,M0,96,169218,170630,420000
9,M0,97,170482,172038,420000
9,M0,98,172474,173886,420000
9,M0,99,174392,175804,420000
9,M0,100,176275,177687,420000
9,M0,101,177669,179095,420000
9,M0,102,179719,181131,420000
9,M0,103,181051,182539,420000
9,M0,104,183156,184568,420000
9,M0,105,184805,186217,420000
9,M0,106,186274,187686,420000
9,M0,107,188112,189524,420000
9,M0,108,190142,191554,420000
9,M0,109,191688,193100,420000
9,M0,110,193481,194893,420000
9,M0,111,195101,196513,420000
9,M0,112,196795,198207,420000
9,M0,113,199094,200506,420000
9,M0,114,200289,201914,420000
9,M0,115,202313,203725,420000
9,M0,116,204340,205752,420000
9,M0,117,206308,207720,420000
9,M0,118,207448,209128,420000
9,M0,119,209320,210732,420000
9,M0,120,211588,213000,420000
9,M0,121,213146,214558,420000
9,M0,122,214401,215966,420000
9,M0,123,216615,218027,420000
9,M0,124,218095,219507,420000
9,M0,125,219765,221177,420000
9,M0,126,221514,222926,420000
9,M0,127,223139,224551,420000
9,M0,128,225437,226849,420000
9,M0,129,227035,228447,420000
9,M0,130,228408,229855,420000
9,M0,131,230786,232198,420000
9,M0,132,232470,233882,420000
9,M0,133,233847,235290,420000
9,M0,134,235800,237212,420000
9,M0,135,237218,238630,420000
9,M0,136,239124,240536,420000
9,M0,137,241516,242928,420000
9,M0,138,242929,244341,420000
9,M0,139,244916,246328,420000
9,M0,140,246554,247966,420000
9,M0,141,248461,249873,420000
9,M0,142,249954,251366,420000
9,M0,143,251721,253133,420000
9,M0,144,253755,255167,420000
9,M0,145,255412,256824,420000
9,M0,146,257143,258555,420000
9,M0,147,258747,260159,420000
9,M0,148,260394,261806,420000
9,M0,149,261950,263362,420000
9,M0,150,263778,265190,420000
9,M0,151,265773,267185,420000
9,M0,152,267141,268593,420000
9,M0,153,269175,270587,420000
9,M0,154,271188,272600,420000
9,M0,155,272585,274008,420000
9,M0,156,274719,276131,420000
9,M0,157,276675,278087,420000
9,M0,158,278449,279861,420000
9,M0,159,280239,281651,420000
9,M0,160,281808,283220,420000
9,M0,161,283396,284808,420000
9,M0,162,284784,286216,420000
9,M0,163,287179,288591,420000
9,M0,164,288551,289999,420000
9,M0,165,290526,291938,420000
9,M0,166,292318,293730,420000
9,M0,167,294246,295658,420000
9,M0,168,295437,297066,420000
9,M0,169,297441,298853,420000
9,M0,170,298962,300374,420000
9,M0,171,300568,301980,420000
9,M0,172,302978,304390,420000
9,M0,173,304289,305798,420000
9,M0,174,306075,307487,420000
9,M0,175,308183,309595,420000
9,M0,176,310101,311513,420000
9,M0,177,311208,312921,420000
9,M0,178,313596,315008,420000
9,M0,179,314991,316416,420000
9,M0,180,317118,318530,420000
9,M0,181,318443,319938,420000
9,M0,182,320011,321423,420000
9,M0,183,321952,323364,420000
9,M0,184,324032,325444,420000
9,M0,185,325921,327333,420000
9,M0,186,327264,328741,420000
9,M0,187,329090,330502,420000
9,M0,188,330519,331931,420000
9,M0,189,332838,334250,420000
9,M0,190,334315,335727,420000
9,M0,191,335971,337383,420000
9,M0,192,338031,339443,420000
9,M0,193,339377,340851,420000
9,M0,194,341429,342841,420000
9,M0,195,343585,344997,420000
9,M0,196,345259,346671,420000
9,M0,197,346944,348356,420000
9,M0,198,348482,349894,420000
9,M0,199,349910,351322,420000
9,M0,200,352150,353562,420000
9,M0,201,354116,355528,420000
9,M0,202,355828,357240,420000
9,M0,203,357545,358957,420000
9,M0,204,359125,360537,420000
9,M0,205,360852,362264,420000
9,M0,206,362865,364277,420000
9,M0,207,364176,365685,420000
9,M0,208,365761,367173,420000
9,M0,209,367634,369046,420000
9,M0,210,369574,370986,420000
9,M0,211,371310,372722,420000
9,M0,212,372948,374360,420000
9,M0,213,374921,376333,420000
9,M0,214,376321,377741,420000
9,M0,215,378061,379473,420000
9,M0,216,380478,381890,420000
9,M0,217,381546,383298,420000
9,M0,218,383318,384730,420000
9,M0,219,385676,387088,420000
9,M0,220,387513,388925,420000
9,M0,221,388666,390333,420000
9,M0,222,390606,392018,420000
9,M0,223,392260,393672,420000
9,M0,224,394481,395893,420000
9,M0,225,396389,397801,420000
9,M0,226,398049,399461,420000
9,M0,227,399320,400869,420000
9,M0,228,401220,402632,420000
9,M0,229,403015,404427,420000
9,M0,230,404422,405835,420000
9,M0,231,406851,408263,420000
9,M0,232,408203,409671,420000
9,M0,233,410451,411863,420000
9,M0,234,411457,413271,420000
9,M0,235,413317,414729,420000
9,M0,236,415340,416752,420000
9,M0,237,416818,418230,420000
9,M0,238,419231,420643,420000
9,M0,239,420982,422394,420000
9,M0,240,422511,423923,420000
9,M0,241,423848,425331,420000
9,M0,242,425667,427079,420000
9,M0,243,427875,429287,420000
9,M0,244,429106,430695,420000
9,M0,245,431229,432641,420000
9,M0,246,432597,434049,420000
9,M0,247,435079,436491,420000
9,M0,248,436122,437899,420000
9,M0,249,438316,439728,420000
9,M0,250,440338,441750,420000
9,M0,251,442125,443537,420000
9,M0,252,443227,444945,420000
9,M0,253,445059,446471,420000
9,M0,254,446957,448369,420000
9,M0,255,449191,450603,420000
9,M0,256,450841,452253,420000
9,M0,257,452349,453761,420000
9,M0,258,454214,455626,420000
9,M0,259,456053,457465,420000
9,M0,260,457651,459063,420000
9,M0,261,459664,461076,420000
9,M0,262,461041,462484,420000
9,M0,263,463061,464473,420000
9,M0,264,464366,465881,420000
9,M0,265,466388,467800,420000
9,M0,266,467863,469275,420000
9,M0,267,469540,470952,420000
9,M0,268,471734,473146,420000
9,M0,269,473189,474601,420000
9,M0,270,475442,476854,420000
9,M0,271,476699,478262,420000
9,M0,272,478717,480129,420000
9,M0,273,480407,481819,420000
9,M0,274,482351,483763,420000
9,M0,275,483643,485171,420000
9,M0,276,485735,487147,420000
9,M0,277,487380,488792,420000
9,M0,278,488967,490379,420000
9,M0,279,490961,492373,420000
9,M0,280,492462,493874,420000
9,M0,281,494390,495802,420000
9,M0,282,496032,497444,420000
9,M0,283,498323,499735,420000
9,M0,284,500237,501649,420000
9,M0,285,501861,503273,420000
9,M0,286,503028,504681,420000
9,M0,287,505199,506611,420000
9,M0,288,506853,508265,420000
9,M0,289,508578,509990,420000
9,M0,290,510354,511766,420000
9,M0,291,512288,513700,420000
9,M0,292,513970,515382,420000
9,M0,293,515780,517192,420000
9,M0,294,517541,518953,420000
9,M0,295,519435,520847,420000
9,M0,296,520655,522255,420000
9,M0,297,522686,524098,420000
9,M0,298,524138,525550,420000
9,M0,299,526508,527920,420000
9,M0,300,528377,529789,420000
9,M0,301,529889,531301,420000
9,M0,302,531417,532829,420000
9,M0,303,532938,534350,420000
9,M0,304,534694,536106,420000
9,M0,305,536532,537944,420000
9,M0,306,538399,539811,420000
9,M0,307,540055,541467,420000
9,M0,308,542273,543685,420000
9,M0,309,543563,545093,420000
9,M0,310,545557,546969,420000
9,M0,311,547366,548778,420000
9,M0,312,549461,550873,420000
9,M0,313,551078,552490,420000
9,M0,314,552304,553898,420000
9,M0,315,554566,555978,420000
9,M0,316,556335,557747,420000
9,M0,317,557783,559195,420000
9,M0,318,560030,561442,420000
9,M0,319,561434,562850,420000
9,M0,320,563358,564770,420000
9,M0,321,564961,566373,420000
9,M0,322,566673,568085,420000
9,M0,323,568209,569621,420000
9,M0,324,569854,571266,420000
9,M0,325,571654,573066,420000
9,M0,326,573655,575067,420000
9,M0,327,575152,576564,420000
9,M0,328,577525,578937,420000
9,M0,329,579301,580713,420000
9,M0,330,580935,582347,420000
9,M0,331,582941,584353,420000
9,M0,332,584062,585761,420000
9,M0,333,586078,587490,420000
9,M0,334,587507,588919,420000
9,M0,335,589323,590735,420000
9,M0,336,591163,592575,420000
9,M0,337,593020,594432,420000
9,M0,338,594708,596120,420000
9,M0,339,596587,597999,420000
9,M0,340,598002,599414,420000
9,M0,341,599912,601324,420000
9,M0,342,601823,603235,420000
9,M0,343,603651,605063,420000
9,M0,344,605370,606782,420000
9,M0,345,607173,608585,420000
9,M0,346,609034,610446,420000
9,M0,347,610842,612254,420000
9,M0,348,612633,614045,420000
9,M0,349,613869,615453,420000
9,M0,350,615771,617183,420000
9,M0,351,617603,619015,420000
9,M0,352,619637,621049,420000
9,M0,353,621665,623077,420000
9,M0,354,622696,624485,420000
9,M0,355,624862,626274,420000
9,M0,356,626421,627833,420000
9,M0,357,627996,629408,420000
9,M0,358,630210,631622,420000
9,M0,359,631452,633030,420000
9,M0,360,633708,635120,420000
9,M0,361,635019,636528,420000
9,M0,362,637077,638489,420000
9,M0,363,638494,639906,420000
9,M0,364,640252,641664,420000
9,M0,365,642793,644205,420000
9,M0,366,644211,645623,420000
9,M0,367,645963,647375,420000
9,M0,368,647330,648783,420000
9,M0,369,649372,650784,420000
9,M0,370,651466,652878,420000
9,M0,371,653266,654678,420000
9,M0,372,654942,656354,420000
9,M0,373,656406,657818,420000
9,M0,374,658320,659732,420000
9,M0,375,660241,661653,420000
9,M0,376,661540,663061,420000
9,M0,377,663703,665115,420000
9,M0,378,665680,667092,420000
9,M0,379,667128,668540,420000
9,M0,380,668768,670180,420000
9,M0,381,670389,671801,420000
9,M0,382,672224,673636,420000
9,M0,383,674091,675503,420000
9,M0,384,675849,677261,420000
9,M0,385,677347,678759,420000
9,M0,386,679021,680433,420000
9,M0,387,680899,682311,420000
9,M0,388,682708,684120,420000
9,M0,389,684990,686402,420000
9,M0,390,686772,688184,420000
9,M0,391,688370,689782,420000
9,M0,392,689991,691403,420000
9,M0,393,691859,693271,420000
9,M0,394,693330,694742,420000
9,M0,395,695558,696970,420000
9,M0,396,696982,698394,420000
9,M0,397,698809,700221,420000
9,M0,398,700194,701629,420000
9,M0,399,701854,703266,420000
9,M0,400,703958,705370,420000
9,M0,401,705946,707358,420000
9,M0,402,707131,708766,420000
9,M0,403,709301,710713,420000
9,M0,404,711334,712746,420000
9,M0,405,712956,714368,420000
9,M0,406,714508,715920,420000
9,M0,407,716271,717683,420000
9,M0,408,718183,719595,420000
9,M0,409,720101,721513,420000
9,M0,410,721539,722951,420000
9,M0,411,723573,724985,420000
9,M0,412,725058,726470,420000
9,M0,413,727050,728462,420000
9,M0,414,728708,730120,420000
9,M0,415,730751,732163,420000
9,M0,416,732392,733804,420000
9,M0,417,734097,735509,420000
9,M0,418,735351,736917,420000
9,M0,419,737431,738843,420000
9,M0,420,739501,740913,420000
9,M0,421,741288,742700,420000
9,M0,422,742511,744108,420000
9,M0,423,744393,745805,420000
9,M0,424,745989,747401,420000
9,M0,425,747842,749254,420000
9,M0,426,749503,750915,420000
9,M0,427,751446,752858,420000
9,M0,428,753410,754822,420000
9,M0,429,754929,756341,420000
9,M0,430,757135,758547,420000
9,M0,431,758263,759955,420000
9,M0,432,760204,761616,420000
9,M0,433,762120,763532,420000
9,M0,434,763452,764940,420000
9,M0,435,765971,767383,420000
9,M0,436,767694,769106,420000
9,M0,437,769277,770689,420000
9,M0,438,771238,772650,420000
9,M0,439,772834,774246,420000
9,M0,440,774428,775840,420000
9,M0,441,775930,777342,420000
9,M0,442,777558,778970,420000
9,M0,443,779566,780978,420000
9,M0,444,781829,783241,420000
9,M0,445,783333,784745,420000
9,M0,446,784659,786153,420000
9,M0,447,786792,788204,420000
9,M0,448,788411,789823,420000
9,M0,449,790052,791464,420000
9,M0,450,791805,793217,420000
9,M0,451,794052,795464,420000
9,M0,452,795526,796938,420000
9,M0,453,797634,799046,420000
9,M0,454,798944,800454,420000
9,M0,455,800672,802084,420000
9,M0,456,802300,803712,420000
9,M0,457,804102,805514,420000
9,M0,458,806172,807584,420000
9,M0,459,808159,809571,420000
9,M0,460,809966,811378,420000
9,M0,461,811557,812969,420000
9,M0,462,813182,814594,420000
9,M0,463,814601,816013,420000
9,M0,464,816467,817879,420000
9,M0,465,818265,819677,420000
9,M0,466,820107,821519,420000
9,M0,467,822252,823664,420000
9,M0,468,823387,825072,420000
9,M0,469,825544,826956,420000
9,M0,470,827036,828448,420000
9,M0,471,828854,830266,420000
9,M0,472,831021,832433,420000
9,M0,473,832563,833975,420000
9,M0,474,834263,835675,420000
9,M0,475,836193,837605,420000
9,M0,476,837835,839247,420000
9,M0,477,839593,841005,420000
9,M0,478,840930,842413,420000
9,M0,479,842982,844394,420000
9,M0,480,845151,846563,420000
9,M0,481,846698,848110,420000
9,M0,482,848578,849990,420000
9,M0,483,849700,851398,420000
9,M0,484,852108,853520,420000
9,M0,485,853256,854928,420000
9,M0,486,855650,857062,420000
9,M0,487,856955,858470,420000
9,M0,488,858875,860287,420000
9,M0,489,860759,862171,420000
9,M0,490,862640,864052,420000
9,M0,491,864209,865621,420000
9,M0,492,866198,867610,420000
9,M0,493,867955,869367,420000
9,M0,494,869262,870775,420000
9,M0,495,871004,872416,420000
9,M0,496,872934,874346,420000
9,M0,497,874622,876034,420000
9,M0,498,876613,878025,420000
9,M0,499,877943,879433,420000
9,M0,500,880239,881651,420000
9,M0,501,882002,883414,420000
9,M0,502,883141,884822,420000
9,M0,503,884889,886301,420000
9,M0,504,887014,888426,420000
9,M0,505,889149,890561,420000
9,M0,506,890352,891969,420000
9,M0,507,892532,893944,420000
9,M0,508,894467,895879,420000
9,M0,509,895870,897287,420000
9,M0,510,897614,899026,420000
9,M0,511,899268,900680,420000
9,M0,512,901312,902724,420000
9,M0,513,902978,904390,420000
9,M0,514,904500,905912,420000
9,M0,515,906009,907421,420000
9,M0,516,908453,909865,420000
9,M0,517,910175,911587,420000
9,M0,518,911651,913063,420000
9,M0,519,913435,914847,420000
9,M0,520,914840,916255,420000
9,M0,521,916753,918165,420000
9,M0,522,918669,920081,420000
9,M0,523,920151,921563,420000
9,M0,524,922265,923677,420000
9,M0,525,923717,925129,420000
9,M0,526,925923,927335,420000
9,M0,527,927239,928743,420000
9,M0,528,928943,930355,420000
9,M0,529,930801,932213,420000
9,M0,530,932866,934278,420000
9,M0,531,934223,935686,420000
9,M0,532,936271,937683,420000
9,M0,533,938102,939514,420000
9,M0,534,939664,941076,420000
9,M0,535,941699,943111,420000
9,M0,536,943114,944526,420000
9,M0,537,944982,946394,420000
9,M0,538,946831,948243,420000
9,M0,539,948501,949913,420000
9,M0,540,950133,951545,420000
9,M0,541,952058,953470,420000
9,M0,542,954008,955420,420000
9,M0,543,955972,957384,420000
9,M0,544,957675,959087,420000
9,M0,545,959500,960912,420000
9,M0,546,960946,962358,420000
9,M0,547,962905,964317,420000
9,M0,548,964279,965725,420000
9,M0,549,966581,967993,420000
9,M0,550,967910,969401,420000
9,M0,551,969375,970809,420000
9,M0,552,971222,972634,420000
9,M0,553,973260,974672,420000
9,M0,554,975416,976828,420000
9,M0,555,976809,978236,420000
9,M0,556,978354,979766,420000
9,M0,557,980546,981958,420000
9,M0,558,982394,983806,420000
9,M0,559,983546,985214,420000
9,M0,560,985716,987128,420000
9,M0,561,987435,988847,420000
9,M0,562,988991,990403,420000
9,M0,563,991004,992416,420000
9,M0,564,992822,994234,420000
9,M0,565,994195,995642,420000
9,M0,566,996366,997778,420000
9,M0,567,997946,999358,420000
9,M0,568,999788,1001200,420000
9,M0,569,1001576,1002988,420000
9,M0,570,1002938,1004396,420000
9,M0,571,1005115,1006527,420000
9,M0,572,1006453,1007935,420000
9,M0,573,1008789,1010201,420000
9,M0,574,1010438,1011850,420000
9,M0,575,1012026,1013438,420000
9,M0,576,1013543,1014955,420000
9,M0,577,1015138,1016550,420000
9,M0,578,1016915,1018327,420000
9,M0,579,1019039,1020451,420000
9,M0,580,1021166,1022578,420000
9,M0,581,1022905,1024317,420000
9,M0,582,1024004,1025725,420000
9,M0,583,1025818,1027230,420000
9,M0,584,1028086,1029498,420000
9,M0,585,1029738,1031150,420000
9,M0,586,1031171,1032583,420000
9,M0,587,1033187,1034599,420000
9,M0,588,1034804,1036216,420000
9,M0,589,1036722,1038134,420000
9,M0,590,1038395,1039807,420000
9,M0,591,1040034,1041446,420000
9,M0,592,1041618,1043030,420000
9,M0,593,1043343,1044755,420000
9,M0,594,1045604,1047016,420000
9,M0,595,1046911,1048424,420000
9,M0,596,1049107,1050519,420000
9,M0,597,1050327,1051927,420000
9,M0,598,1052639,1054051,420000
9,M0,599,1054226,1055638,420000
9,M0,600,1056103,1057515,420000
9,M0,601,1057908,1059320,420000
9,M0,602,1059258,1060728,420000
9,M0,603,1061639,1063051,420000
9,M0,604,1062752,1064459,420000
9,M0,605,1064403,1065867,420000
9,M0,606,1066571,1067983,420000
9,M0,607,1068097,1069509,420000
9,M0,608,1070263,1071675,420000
9,M0,609,1072159,1073571,420000
9,M0,610,1073648,1075060,420000
9,M0,611,1075309,1076721,420000
9,M0,612,1077409,1078821,420000
9,M0,613,1079144,1080556,420000
9,M0,614,1081019,1082431,420000
9,M0,615,1082201,1083839,420000
9,M0,616,1084524,1085936,420000
9,M0,617,1085699,1087344,420000
9,M0,618,1088032,1089444,420000
9,M0,619,1089642,1091054,420000
9,M0,620,1091590,1093002,420000
9,M0,621,1093232,1094644,420000
9,M0,622,1094642,1096054,420000
9,M0,623,1096178,1097590,420000
9,M0,624,1098509,1099921,420000
9,M0,625,1099604,1101329,420000
9,M0,626,1101589,1103001,420000
9,M0,627,1103629,1105041,420000
9,M0,628,1105328,1106740,420000
9,M0,629,1106997,1108409,420000
9,M0,630,1108464,1109876,420000
9,M0,631,1110753,1112165,420000
9,M0,632,1112208,1113620,420000
9,M0,633,1113746,1115158,420000
9,M0,634,1115481,1116893,420000
9,M0,635,1117713,1119125,420000
9,M0,636,1119373,1120785,420000
9,M0,637,1121518,1122930,420000
9,M0,638,1122973,1124385,420000
9,M0,639,1124427,1125839,420000
9,M0,640,1126573,1127985,420000
9,M0,641,1128485,1129897,420000
9,M0,642,1129593,1131305,420000
9,M0,643,1131332,1132744,420000
9,M0,644,1133378,1134790,420000
9,M0,645,1135498,1136910,420000
9,M0,646,1136780,1138318,420000
9,M0,647,1138927,1140339,420000
9,M0,648,1140431,1141843,420000
9,M0,649,1142361,1143773,420000
9,M0,650,1144260,1145672,420000
9,M0,651,1145661,1147080,420000
9,M0,652,1147777,1149189,420000
9,M0,653,1148882,1150597,420000
9,M0,654,1150863,1152275,420000
9,M0,655,1152443,1153855,420000
9,M0,656,1154802,1156214,420000
9,M0,657,1156084,1157622,420000
9,M0,658,1157804,1159216,420000
9,M0,659,1159963,1161375,420000
9,M0,660,1161416,1162828,420000
9,M0,661,1163443,1164855,420000
9,M0,662,1165076,1166488,420000
9,M0,663,1167038,1168450,420000
9,M0,664,1169010,1170422,420000
9,M0,665,1170319,1171830,420000
9,M0,666,1171970,1173382,420000
9,M0,667,1174122,1175534,420000
9,M0,668,1175315,1176942,420000
9,M0,669,1177178,1178590,420000
9,M0,670,1178981,1180393,420000
9,M0,671,1181077,1182489,420000
9,M0,672,1182952,1184364,420000
9,M0,673,1184638,1186050,420000
9,M0,674,1185927,1187458,420000
9,M0,675,1187870,1189282,420000
9,M0,676,1189907,1191319,420000
9,M0,677,1191663,1193075,420000
9,M0,678,1192903,1194483,420000
9,M0,679,1195307,1196719,420000
9,M0,680,1196575,1198127,420000
9,M0,681,1198910,1200322,420000
9,M0,682,1200702,1202114,420000
9,M0,683,1201888,1203522,420000
9,M0,684,1203597,1205009,420000
9,M0,685,1205494,1206906,420000
9,M0,686,1207225,1208637,420000
9,M0,687,1209506,1210918,420000
9,M0,688,1210733,1212326,420000
9,M0,689,1212656,1214068,420000
9,M0,690,1214283,1215695,420000
9,M0,691,1215975,1217387,420000
9,M0,692,1218017,1219429,420000
9,M0,693,1219446,1220858,420000
9,M0,694,1221830,1223242,420000
9,M0,695,1222815,1224650,420000
9,M0,696,1225112,1226524,420000
9,M0,697,1227039,1228451,420000
9,M0,698,1228252,1229859,420000
9,M0,699,1229898,1231310,420000
9,M0,700,1231931,1233343,420000
9,M0,701,1233785,1235197,420000
9,M0,702,1235642,1237054,420000
9,M0,703,1237425,1238837,420000
9,M0,704,1239023,1240435,420000
9,M0,705,1240646,1242058,420000
9,M0,706,1242727,1244139,420000
9,M0,707,1244515,1245927,420000
9,M0,708,1246381,1247793,420000
9,M0,709,1248077,1249489,420000
9,M0,710,1249234,1250897,420000
9,M0,711,1251141,1252553,420000
9,M0,712,1253352,1254764,420000
9,M0,713,1254943,1256355,420000
9,M0,714,1256903,1258315,420000
9,M0,715,1258657,1260069,420000
9,M0,716,1260043,1261477,420000
9,M0,717,1261579,1262991,420000
9,M0,718,1263363,1264775,420000
9,M0,719,1265448,1266860,420000
9,M0,720,1266898,1268310,420000
9,M0,721,1269318,1270730,420000
9,M0,722,1270737,1272149,420000
9,M0,723,1272756,1274168,420000
9,M0,724,1273906,1275576,420000
9,M0,725,1275869,1277281,420000
9,M0,726,1278082,1279494,420000
9,M0,727,1279165,1280902,420000
9,M0,728,1281622,1283034,420000
9,M0,729,1283052,1284464,420000
9,M0,730,1284982,1286394,420000
9,M0,731,1286334,1287802,420000
9,M0,732,1288514,1289926,420000
9,M0,733,1289949,1291361,420000
9,M0,734,1291667,1293079,420000
9,M0,735,1293389,1294801,420000
9,M0,736,1295443,1296855,420000
9,M0,737,1297419,1298831,420000
9,M0,738,1299155,1300567,420000
9,M0,739,1300777,1302189,420000
9,M0,740,1302018,1303597,420000
9,M0,741,1303765,1305177,420000
9,M0,742,1305637,1307049,420000
9,M0,743,1307758,1309170,420000
9,M0,744,1309088,1310578,420000
9,M0,745,1310931,1312343,420000
9,M0,746,1313196,1314608,420000
9,M0,747,1314998,1316410,420000
9,M0,748,1316594,1318006,420000
9,M0,749,1317940,1319414,420000
9,M0,750,1319911,1321323,420000
9,M0,751,1322024,1323436,420000
9,M0,752,1323204,1324844,420000
9,M0,753,1325373,1326785,420000
9,M0,754,1327304,1328716,420000
9,M0,755,1328467,1330124,420000
9,M0,756,1330636,1332048,420000
9,M0,757,1332541,1333953,420000
9,M0,758,1334179,1335591,420000
9,M0,759,1335705,1337117,420000
9,M0,760,1337238,1338650,420000
9,M0,761,1339117,1340529,420000
9,M0,762,1341193,1342605,420000
9,M0,763,1342809,1344221,420000
9,M0,764,1344484,1345896,420000
9,M0,765,1346522,1347934,420000
9,M0,766,1348246,1349658,420000
9,M0,767,1349572,1351066,420000
9,M0,768,1351318,1352730,420000
9,M0,769,1353362,1354774,420000
9,M0,770,1355289,1356701,420000
9,M0,771,1357140,1358552,420000
9,M0,772,1358806,1360218,420000
9,M0,773,1360218,1361630,420000
9,M0,774,1362584,1363996,420000
9,M0,775,1363778,1365404,420000
9,M0,776,1365700,1367112,420000
9,M0,777,1367170,1368582,420000
9,M0,778,1369483,1370895,420000
9,M0,779,1371248,1372660,420000
9,M0,780,1372999,1374411,420000
9,M0,781,1374958,1376370,420000
9,M0,782,1376541,1377953,420000
9,M0,783,1378433,1379845,420000
9,M0,784,1380053,1381465,420000
9,M0,785,1381922,1383334,420000
9,M0,786,1383164,1384742,420000
9,M0,787,1385408,1386820,420000
9,M0,788,1386863,1388275,420000
9,M0,789,1388763,1390175,420000
9,M0,790,1390687,1392099,420000
9,M0,791,1392130,1393542,420000
9,M0,792,1394290,1395702,420000
9,M0,793,1395853,1397265,420000
9,M0,794,1397623,1399035,420000
9,M0,795,1399457,1400869,420000
9,M0,796,1401220,1402632,420000
9,M0,797,1402828,1404240,420000
9,M0,798,1404393,1405805,420000
9,M0,799,1406388,1407800,420000
9,M0,800,1408224,1409636,420000
9,M0,801,1409435,1411044,420000
9,M0,802,1411273,1412685,420000
9,M0,803,1413133,1414545,420000
9,M0,804,1415294,1416706,420000
9,M0,805,1416524,1418114,420000
9,M0,806,1418203,1419615,420000
9,M0,807,1420589,1422001,420000
9,M0,808,1421845,1423409,420000
9,M0,809,1424051,1425463,420000
9,M0,810,1425891,1427303,420000
9,M0,811,1427582,1428994,420000
9,M0,812,1428756,1430402,420000
9,M0,813,1431100,1432512,420000
9,M0,814,1432269,1433920,420000
9,M0,815,1434692,1436104,420000
9,M0,816,1436559,1437971,420000
9,M0,817,1437634,1439379,420000
9,M0,818,1439862,1441274,420000
9,M0,819,1441555,1442967,420000
9,M0,820,1442918,1444375,420000
9,M0,821,1445279,1446691,420000
9,M0,822,1446994,1448406,420000
9,M0,823,1448745,1450157,420000
9,M0,824,1450351,1451763,420000
9,M0,825,1451896,1453308,420000
9,M0,826,1453951,1455363,420000
9,M0,827,1455865,1457277,420000
9,M0,828,1457583,1458995,420000
9,M0,829,1458672,1460403,420000
9,M0,830,1460611,1462023,420000
9,M0,831,1462476,1463888,420000
9,M0,832,1464015,1465427,420000
9,M0,833,1465761,1467173,420000
9,M0,834,1468070,1469482,420000
9,M0,835,1469228,1470890,420000
9,M0,836,1471049,1472461,420000
9,M0,837,1473505,1474917,420000
9,M0,838,1474828,1476325,420000
9,M0,839,1476892,1478304,420000
9,M0,840,1478637,1480049,420000
9,M0,841,1480069,1481481,420000
9,M0,842,1481552,1482964,420000
9,M0,843,1483948,1485360,420000
9,M0,844,1485495,1486907,420000
9,M0,845,1487132,1488544,420000
9,M0,846,1489042,1490454,420000
9,M0,847,1490468,1491880,420000
9,M0,848,1492727,1494139,420000
9,M0,849,1494214,1495626,420000
9,M0,850,1496247,1497659,420000
9,M0,851,1497854,1499266,420000
9,M0,852,1499355,1500767,420000
9,M0,853,1501604,1503016,420000
9,M0,854,1502777,1504424,420000
9,M0,855,1504700,1506112,420000
9,M0,856,1506675,1508087,420000
9,M0,857,1508587,1509999,420000
9,M0,858,1510283,1511695,420000
9,M0,859,1511839,1513251,420000
9,M0,860,1513390,1514802,420000
9,M0,861,1515745,1517157,420000
9,M0,862,1517138,1518565,420000
9,M0,863,1518763,1520175,420000
9,M0,864,1520763,1522175,420000
9,M0,865,1522539,1523951,420000
9,M0,866,1524495,1525907,420000
9,M0,867,1526037,1527449,420000
9,M0,868,1527831,1529243,420000
9,M0,869,1529646,1531058,420000
9,M0,870,1531534,1532946,420000
9,M0,871,1532756,1534354,420000
9,M0,872,1534355,1535767,420000
9,M0,873,1536194,1537606,420000
9,M0,874,1537863,1539275,420000
9,M0,875,1540185,1541597,420000
9,M0,876,1541472,1543005,420000
9,M0,877,1543455,1544867,420000
9,M0,878,1545638,1547050,420000
9,M0,879,1546855,1548458,420000
9,M0,880,1549152,1550564,420000
9,M0,881,1550703,1552115,420000
9,M0,882,1552101,1553523,420000
9,M0,883,1553711,1555123,420000
9,M0,884,1555826,1557238,420000
9,M0,885,1557867,1559279,420000
9,M0,886,1559582,1560994,420000
9,M0,887,1561202,1562614,420000
9,M0,888,1562705,1564117,420000
9,M0,889,1564422,1565834,420000
9,M0,890,1566440,1567852,420000
9,M0,891,1568140,1569552,420000
9,M0,892,1569625,1571037,420000
9,M0,893,1571501,1572913,420000
9,M0,894,1573169,1574581,420000
9,M0,895,1575401,1576813,420000
9,M0,896,1576898,1578310,420000
9,M0,897,1578895,1580307,420000
9,M0,898,1580391,1581803,420000
9,M0,899,1581875,1583287,420000
9,M0,900,1583860,1585272,420000
9,M0,901,1585615,1587027,420000
9,M0,902,1587683,1589095,420000
9,M0,903,1589516,1590928,420000
9,M0,904,1591281,1592693,420000
9,M0,905,1593052,1594464,420000
9,M0,906,1594318,1595872,420000
9,M0,907,1596404,1597816,420000
9,M0,908,1598199,1599611,420000
9,M0,909,1600120,1601532,420000
9,M0,910,1601662,1603074,420000
9,M0,911,1603403,1604815,420000
9,M0,912,1605151,1606563,420000
9,M0,913,1606735,1608147,420000
9,M0,914,1608980,1610392,420000
9,M0,915,1610696,1612108,420000
9,M0,916,1612517,1613929,420000
9,M0,917,1614017,1615429,420000
9,M0,918,1615633,1617045,420000
9,M0,919,1617130,1618542,420000
9,M0,920,1619269,1620681,420000
9,M0,921,1621226,1622638,420000
9,M0,922,1622324,1624046,420000
9,M0,923,1624484,1625896,420000
9,M0,924,1626369,1627781,420000
9,M0,925,1627989,1629401,420000
9,M0,926,1629489,1630901,420000
9,M0,927,1631274,1632686,420000
9,M0,928,1633010,1634422,420000
9,M0,929,1635016,1636428,420000
9,M0,930,1637096,1638508,420000
9,M0,931,1638613,1640025,420000
9,M0,932,1640102,1641514,420000
9,M0,933,1642142,1643554,420000
9,M0,934,1644182,1645594,420000
9,M0,935,1645970,1647382,420000
9,M0,936,1647270,1648790,420000
9,M0,937,1649225,1650637,420000
9,M0,938,1650868,1652280,420000
9,M0,939,1652632,1654044,420000
9,M0,940,1654192,1655604,420000
9,M0,941,1656151,1657563,420000
9,M0,942,1658016,1659428,420000
9,M0,943,1659918,1661330,420000
9,M0,944,1661109,1662738,420000
9,M0,945,1663385,1664797,420000
9,M0,946,1665207,1666619,420000
9,M0,947,1666909,1668321,420000
9,M0,948,1668412,1669824,420000
9,M0,949,1670310,1671722,420000
9,M0,950,1672149,1673561,420000
9,M0,951,1673442,1674969,420000
9,M0,952,1675212,1676624,420000
9,M0,953,1677437,1678849,420000
9,M0,954,1679291,1680703,420000
9,M0,955,1681069,1682481,420000
9,M0,956,1682394,1683889,420000
9,M0,957,1684581,1685993,420000
9,M0,958,1686261,1687673,420000
9,M0,959,1687981,1689393,420000
9,M0,960,1689889,1691301,420000
9,M0,961,1691598,1693010,420000
9,M0,962,1693071,1694483,420000
9,M0,963,1694534,1695946,420000
9,M0,964,1696956,1698368,420000
9,M0,965,1698709,1700121,420000
9,M0,966,1700053,1701529,420000
9,M0,967,1701896,1703308,420000
9,M0,968,1703633,1705045,420000
9,M0,969,1705687,1707099,420000
9,M0,970,1707078,1708507,420000
9,M0,971,1708896,1710308,420000
9,M0,972,1710803,1712215,420000
9,M0,973,1712468,1713880,420000
9,M0,974,1713988,1715400,420000
9,M0,975,1716360,1717772,420000
9,M0,976,1717921,1719333,420000
9,M0,977,1719186,1720741,420000
9,M0,978,1720901,1722313,420000
9,M0,979,1722789,1724201,420000
9,M0,980,1725028,1726440,420000
9,M0,981,1726837,1728249,420000
9,M0,982,1727946,1729657,420000
9,M0,983,1730096,1731508,420000
9,M0,984,1731504,1732916,420000
9,M0,985,1733260,1734672,420000
9,M0,986,1735293,1736705,420000
9,M0,987,1736908,1738320,420000
9,M0,988,1738827,1740239,420000
9,M0,989,1740438,1741850,420000
9,M0,990,1742516,1743928,420000
9,M0,991,1743870,1745336,420000
9,M0,992,1745685,1747097,420000
9,M0,993,1747745,1749157,420000
9,M0,994,1749223,1750635,420000
9,M0,995,1751361,1752773,420000
9,M0,996,1752931,1754343,420000
9,M0,997,1754654,1756066,420000
9,M0,998,1756778,1758190,420000
9,M0,999,1758334,1759746,420000
9,M1,0,0,1420,13500
9,M1,1,1787,3207,13500
9,M1,2,3349,4769,13500
9,M1,3,5219,6639,13500
9,M1,4,7045,8465,13500
9,M1,5,8507,9927,13500
9,M1,6,10952,12372,13500
9,M1,7,12421,13841,13500
9,M1,8,14401,15821,13500
9,M1,9,15600,17229,1500
9,M1,10,17458,18878,13500
9,M1,11,19618,21038,13500
9,M1,12,20996,22446,1500
9,M1,13,22807,24227,13500
9,M1,14,24647,26067,13500
9,M1,15,26770,28190,13500
9,M1,16,28260,29680,13500
9,M1,17,29954,31374,13500
9,M1,18,31559,32979,13500
9,M1,19,33527,34947,13500
9,M1,20,35202,36622,13500
9,M1,21,37074,38494,13500
9,M1,22,38707,40127,13500
9,M1,23,40406,41826,13500
9,M1,24,41878,43298,13500
9,M1,25,43933,45353,13500
9,M1,26,46148,47568,13500
9,M1,27,47589,49009,13500
9,M1,28,49027,50447,13500
9,M1,29,51154,52574,13500
9,M1,30,53002,54422,13500
9,M1,31,54638,56058,13500
9,M1,32,56499,57919,13500
9,M1,33,57897,59327,1500
9,M1,34,59849,61269,13500
9,M1,35,61374,62794,13500
9,M1,36,63235,64655,13500
9,M1,37,65211,66631,13500
9,M1,38,66814,68234,13500
9,M1,39,68262,69682,13500
9,M1,40,70458,71878,13500
9,M1,41,71880,73300,13500
9,M1,42,74236,75656,13500
9,M1,43,75513,77064,1500
9,M1,44,77646,79066,13500
9,M1,45,78958,80474,1500
9,M1,46,80737,82157,13500
9,M1,47,82855,84275,13500
9,M1,48,84709,86129,13500
9,M1,49,86048,87537,1500
9,M1,50,87655,89075,13500
9,M1,51,89541,90961,13500
9,M1,52,91593,93013,13500
9,M1,53,92898,94421,1500
9,M1,54,95122,96542,13500
9,M1,55,97019,98439,13500
9,M1,56,98908,100328,13500
9,M1,57,100680,102100,13500
9,M1,58,102105,103525,13500
9,M1,59,104024,105444,13500
9,M1,60,105229,106852,1500
9,M1,61,107187,108607,13500
9,M1,62,109462,110882,13500
9,M1,63,111138,112558,13500
9,M1,64,112346,113966,1500
9,M1,65,114449,115869,13500
9,M1,66,116062,117482,13500
9,M1,67,117803,119223,13500
9,M1,68,119851,121271,13500
9,M1,69,121776,123196,13500
9,M1,70,123558,124978,13500
9,M1,71,125089,126509,13500
9,M1,72,126812,128232,13500
9,M1,73,128654,130074,13500
9,M1,74,130228,131648,13500
9,M1,75,132000,133420,13500
9,M1,76,133586,135006,13500
9,M1,77,135180,136600,13500
9,M1,78,137480,138900,13500
9,M1,79,139242,140662,13500
9,M1,80,141168,142588,13500
9,M1,81,142634,144054,13500
9,M1,82,144048,145468,10500
9,M1,83,146366,147786,13500
9,M1,84,147727,149194,1500
9,M1,85,149428,150848,13500
9,M1,86,151602,153022,13500
9,M1,87,152724,154430,1500
9,M1,88,154853,156273,13500
9,M1,89,156675,158095,13500
9,M1,90,158469,159889,13500
9,M1,91,160209,161629,13500
9,M1,92,162196,163616,13500
9,M1,93,163653,165073,13500
9,M1,94,165356,166776,13500
9,M1,95,167588,169008,13500
9,M1,96,169218,170638,13500
9,M1,97,170482,172046,1500
9,M1,98,172474,173894,13500
9,M1,99,174392,175812,13500
9,M1,100,176275,177695,13500
9,M1,101,177669,179103,1500
9,M1,102,179719,181139,13500
9,M1,103,181051,182547,1500
9,M1,104,183156,184576,13500
9,M1,105,184805,186225,13500
9,M1,106,186274,187694,13500
9,M1,107,188112,189532,13500
9,M1,108,190142,191562,13500
9,M1,109,191688,193108,13500
9,M1,110,193481,194901,13500
9,M1,111,195101,196521,13500
9,M1,112,196795,198215,13500
9,M1,113,199094,200514,13500
9,M1,114,200289,201922,1500
9,M1,115,202313,203733,13500
9,M1,116,204340,205760,13500
9,M1,117,206308,207728,13500
9,M1,118,207448,209136,1500
9,M1,119,209320,210740,13500
9,M1,120,211588,213008,13500
9,M1,121,213146,214566,13500
9,M1,122,214401,215974,1500
9,M1,123,216615,218035,13500
9,M1,124,218095,219515,13500
9,M1,125,219765,221185,13500
9,M1,126,221514,222934,13500
9,M1,127,223139,224559,13500
9,M1,128,225437,226857,13500
9,M1,129,227035,228455,13500
9,M1,130,228408,229863,1500
9,M1,131,230786,232206,13500
9,M1,132,232470,233890,13500
9,M1,133,233847,235298,1500
9,M1,134,235800,237220,13500
9,M1,135,237218,238638,13500
9,M1,136,239124,240544,13500
9,M1,137,241516,242936,13500
9,M1,138,242929,244349,9000
9,M1,139,244916,246336,13500
9,M1,140,246554,247974,13500
9,M1,141,248461,249881,13500
9,M1,142,249954,251374,13500
9,M1,143,251721,253141,13500
9,M1,144,253755,255175,13500
9,M1,145,255412,256832,13500
9,M1,146,257143,258563,13500
9,M1,147,258747,260167,13500
9,M1,148,260394,261814,13500
9,M1,149,261950,263370,13500
9,M1,150,263778,265198,13500
9,M1,151,265773,267193,13500
9,M1,152,267141,268601,1500
9,M1,153,269175,270595,13500
9,M1,154,271188,272608,13500
9,M1,155,272585,274016,1500
9,M1,156,274719,276139,13500
9,M1,157,276675,278095,13500
9,M1,158,278449,279869,13500
9,M1,159,280239,281659,13500
9,M1,160,281808,283228,13500
9,M1,161,283396,284816,13500
9,M1,162,284784,286224,1500
9,M1,163,287179,288599,13500
9,M1,164,288551,290007,1500
9,M1,165,290526,291946,13500
9,M1,166,292318,293738,13500
9,M1,167,294246,295666,13500
9,M1,168,295437,297074,1500
9,M1,169,297441,298861,13500
9,M1,170,298962,300382,13500
9,M1,171,300568,301988,13500
9,M1,172,302978,304398,13500
9,M1,173,304289,305806,1500
9,M1,174,306075,307495,13500
9,M1,175,308183,309603,13500
9,M1,176,310101,311521,13500
9,M1,177,311208,312929,1500
9,M1,178,313596,315016,13500
9,M1,179,314991,316424,1500
9,M1,180,317118,318538,13500
9,M1,181,318443,319946,1500
9,M1,182,320011,321431,13500
9,M1,183,321952,323372,13500
9,M1,184,324032,325452,13500
9,M1,185,325921,327341,13500
9,M1,186,327264,328749,1500
9,M1,187,329090,330510,13500
9,M1,188,330519,331939,13500
9,M1,189,332838,334258,13500
9,M1,190,334315,335735,13500
9,M1,191,335971,337391,13500
9,M1,192,338031,339451,13500
9,M1,193,339377,340859,1500
9,M1,194,341429,342849,13500
9,M1,195,343585,345005,13500
9,M1,196,345259,346679,13500
9,M1,197,346944,348364,13500
9,M1,198,348482,349902,13500
9,M1,199,349910,351330,13500
9,M1,200,352150,353570,13500
9,M1,201,354116,355536,13500
9,M1,202,355828,357248,13500
9,M1,203,357545,358965,13500
9,M1,204,359125,360545,13500
9,M1,205,360852,362272,13500
9,M1,206,362865,364285,13500
9,M1,207,364176,365693,1500
9,M1,208,365761,367181,13500
9,M1,209,367634,369054,13500
9,M1,210,369574,370994,13500
9,M1,211,371310,372730,13500
9,M1,212,372948,374368,13500
9,M1,213,374921,376341,13500
9,M1,214,376321,377749,1500
9,M1,215,378061,379481,13500
9,M1,216,380478,381898,13500
9,M1,217,381546,383306,1500
9,M1,218,383318,384738,13500
9,M1,219,385676,387096,13500
9,M1,220,387513,388933,13500
9,M1,221,388666,390341,1500
9,M1,222,390606,392026,13500
9,M1,223,392260,393680,13500
9,M1,224,394481,395901,13500
9,M1,225,396389,397809,13500
9,M1,226,398049,399469,13500
9,M1,227,399320,400877,1500
9,M1,228,401220,402640,13500
9,M1,229,403015,404435,13500
9,M1,230,404422,405843,1500
9,M1,231,406851,408271,13500
9,M1,232,408203,409679,1500
9,M1,233,410451,411871,13500
9,M1,234,411457,413279,1500
9,M1,235,413317,414737,13500
9,M1,236,415340,416760,13500
9,M1,237,416818,418238,13500
9,M1,238,419231,420651,13500
9,M1,239,420982,422402,13500
9,M1,240,422511,423931,13500
9,M1,241,423848,425339,1500
9,M1,242,425667,427087,13500
9,M1,243,427875,429295,13500
9,M1,244,429106,430703,1500
9,M1,245,431229,432649,13500
9,M1,246,432597,434057,1500
9,M1,247,435079,436499,13500
9,M1,248,436122,437907,1500
9,M1,249,438316,439736,13500
9,M1,250,440338,441758,13500
9,M1,251,442125,443545,13500
9,M1,252,443227,444953,1500
9,M1,253,445059,446479,13500
9,M1,254,446957,448377,13500
9,M1,255,449191,450611,13500
9,M1,256,450841,452261,13500
9,M1,257,452349,453769,13500
9,M1,258,454214,455634,13500
9,M1,259,456053,457473,13500
9,M1,260,457651,459071,13500
9,M1,261,459664,461084,13500
9,M1,262,461041,462492,1500
9,M1,263,463061,464481,13500
9,M1,264,464366,465889,1500
9,M1,265,466388,467808,13500
9,M1,266,467863,469283,13500
9,M1,267,469540,470960,13500
9,M1,268,471734,473154,13500
9,M1,269,473189,474609,13500
9,M1,270,475442,476862,13500
9,M1,271,476699,478270,1500
9,M1,272,478717,480137,13500
9,M1,273,480407,481827,13500
9,M1,274,482351,483771,13500
9,M1,275,483643,485179,1500
9,M1,276,485735,487155,13500
9,M1,277,487380,488800,13500
9,M1,278,488967,490387,13500
9,M1,279,490961,492381,13500
9,M1,280,492462,493882,13500
9,M1,281,494390,495810,13500
9,M1,282,496032,497452,13500
9,M1,283,498323,499743,13500
9,M1,284,500237,501657,13500
9,M1,285,501861,503281,13500
9,M1,286,503028,504689,1500
9,M1,287,505199,506619,13500
9,M1,288,506853,508273,13500
9,M1,289,508578,509998,13500
9,M1,290,510354,511774,13500
9,M1,291,512288,513708,13500
9,M1,292,513970,515390,13500
9,M1,293,515780,517200,13500
9,M1,294,517541,518961,13500
9,M1,295,519435,520855,13500
9,M1,296,520655,522263,1500
9,M1,297,522686,524106,13500
9,M1,298,524138,525558,13500
9,M1,299,526508,527928,13500
9,M1,300,528377,529797,13500
9,M1,301,529889,531309,13500
9,M1,302,531417,532837,13500
9,M1,303,532938,534358,13500
9,M1,304,534694,536114,13500
9,M1,305,536532,537952,13500
9,M1,306,538399,539819,13500
9,M1,307,540055,541475,13500
9,M1,308,542273,543693,13500
9,M1,309,543563,545101,1500
9,M1,310,545557,546977,13500
9,M1,311,547366,548786,13500
9,M1,312,549461,550881,13500
9,M1,313,551078,552498,13500
9,M1,314,552304,553906,1500
9,M1,315,554566,555986,13500
9,M1,316,556335,557755,13500
9,M1,317,557783,559203,13500
9,M1,318,560030,561450,13500
9,M1,319,561434,562858,1500
9,M1,320,563358,564778,13500
9,M1,321,564961,566381,13500
9,M1,322,566673,568093,13500
9,M1,323,568209,569629,13500
9,M1,324,569854,571274,13500
9,M1,325,571654,573074,13500
9,M1,326,573655,575075,13500
9,M1,327,575152,576572,13500
9,M1,328,577525,578945,13500
9,M1,329,579301,580721,13500
9,M1,330,580935,582355,13500
9,M1,331,582941,584361,13500
9,M1,332,584062,585769,1500
9,M1,333,586078,587498,13500
9,M1,334,587507,588927,13500
9,M1,335,589323,590743,13500
9,M1,336,591163,592583,13500
9,M1,337,593020,594440,13500
9,M1,338,594708,596128,13500
9,M1,339,596587,598007,13500
9,M1,340,598002,599422,12000
9,M1,341,599912,601332,13500
9,M1,342,601823,603243,13500
9,M1,343,603651,605071,13500
9,M1,344,605370,606790,13500
9,M1,345,607173,608593,13500
9,M1,346,609034,610454,13500
9,M1,347,610842,612262,13500
9,M1,348,612633,614053,13500
9,M1,349,613869,615461,1500
9,M1,350,615771,617191,13500
9,M1,351,617603,619023,13500
9,M1,352,619637,621057,13500
9,M1,353,621665,623085,13500
9,M1,354,622696,624493,1500
9,M1,355,624862,626282,13500
9,M1,356,626421,627841,13500
9,M1,357,627996,629416,13500
9,M1,358,630210,631630,13500
9,M1,359,631452,633038,1500
9,M1,360,633708,635128,13500
9,M1,361,635019,636536,1500
9,M1,362,637077,638497,13500
9,M1,363,638494,639914,13500
9,M1,364,640252,641672,13500
9,M1,365,642793,644213,13500
9,M1,366,644211,645631,13500
9,M1,367,645963,647383,13500
9,M1,368,647330,648791,1500
9,M1,369,649372,650792,13500
9,M1,370,651466,652886,13500
9,M1,371,653266,654686,13500
9,M1,372,654942,656362,13500
9,M1,373,656406,657826,13500
9,M1,374,658320,659740,13500
9,M1,375,660241,661661,13500
9,M1,376,661540,663069,1500
9,M1,377,663703,665123,13500
9,M1,378,665680,667100,13500
9,M1,379,667128,668548,13500
9,M1,380,668768,670188,13500
9,M1,381,670389,671809,13500
9,M1,382,672224,673644,13500
9,M1,383,674091,675511,13500
9,M1,384,675849,677269,13500
9,M1,385,677347,678767,13500
9,M1,386,679021,680441,13500
9,M1,387,680899,682319,13500
9,M1,388,682708,684128,13500
9,M1,389,684990,686410,13500
9,M1,390,686772,688192,13500
9,M1,391,688370,689790,13500
9,M1,392,689991,691411,13500
9,M1,393,691859,693279,13500
9,M1,394,693330,694750,13500
9,M1,395,695558,696978,13500
9,M1,396,696982,698402,13500
9,M1,397,698809,700229,13500
9,M1,398,700194,701637,1500
9,M1,399,701854,703274,13500
9,M1,400,703958,705378,13500
9,M1,401,705946,707366,13500
9,M1,402,707131,708774,1500
9,M1,403,709301,710721,13500
9,M1,404,711334,712754,13500
9,M1,405,712956,714376,13500
9,M1,406,714508,715928,13500
9,M1,407,716271,717691,13500
9,M1,408,718183,719603,13500
9,M1,409,720101,721521,13500
9,M1,410,721539,722959,13500
9,M1,411,723573,724993,13500
9,M1,412,725058,726478,13500
9,M1,413,727050,728470,13500
9,M1,414,728708,730128,13500
9,M1,415,730751,732171,13500
9,M1,416,732392,733812,13500
9,M1,417,734097,735517,13500
9,M1,418,735351,736925,1500
9,M1,419,737431,738851,13500
9,M1,420,739501,740921,13500
9,M1,421,741288,742708,13500
9,M1,422,742511,744116,1500
9,M1,423,744393,745813,13500
9,M1,424,745989,747409,13500
9,M1,425,747842,749262,13500
9,M1,426,749503,750923,13500
9,M1,427,751446,752866,13500
9,M1,428,753410,754830,13500
9,M1,429,754929,756349,13500
9,M1,430,757135,758555,13500
9,M1,431,758263,759963,1500
9,M1,432,760204,761624,13500
9,M1,433,762120,763540,13500
9,M1,434,763452,764948,1500
9,M1,435,765971,767391,13500
9,M1,436,767694,769114,13500
9,M1,437,769277,770697,13500
9,M1,438,771238,772658,13500
9,M1,439,772834,774254,13500
9,M1,440,774428,775848,13500
9,M1,441,775930,777350,13500
9,M1,442,777558,778978,13500
9,M1,443,779566,780986,13500
9,M1,444,781829,783249,13500
9,M1,445,783333,784753,13500
9,M1,446,784659,786161,1500
9,M1,447,786792,788212,13500
9,M1,448,788411,789831,13500
9,M1,449,790052,791472,13500
9,M1,450,791805,793225,13500
9,M1,451,794052,795472,13500
9,M1,452,795526,796946,13500
9,M1,453,797634,799054,13500
9,M1,454,798944,800462,1500
9,M1,455,800672,802092,13500
9,M1,456,802300,803720,13500
9,M1,457,804102,805522,13500
9,M1,458,806172,807592,13500
9,M1,459,808159,809579,13500
9,M1,460,809966,811386,13500
9,M1,461,811557,812977,13500
9,M1,462,813182,814602,13500
9,M1,463,814601,816021,13500
9,M1,464,816467,817887,13500
9,M1,465,818265,819685,13500
9,M1,466,820107,821527,13500
9,M1,467,822252,823672,13500
9,M1,468,823387,825080,1500
9,M1,469,825544,826964,13500
9,M1,470,827036,828456,13500
9,M1,471,828854,830274,13500
9,M1,472,831021,832441,13500
9,M1,473,832563,833983,13500
9,M1,474,834263,835683,13500
9,M1,475,836193,837613,13500
9,M1,476,837835,839255,13500
9,M1,477,839593,841013,13500
9,M1,478,840930,842421,1500
9,M1,479,842982,844402,13500
9,M1,480,845151,846571,13500
9,M1,481,846698,848118,13500
9,M1,482,848578,849998,13500
9,M1,483,849700,851406,1500
9,M1,484,852108,853528,13500
9,M1,485,853256,854936,1500
9,M1,486,855650,857070,13500
9,M1,487,856955,858478,1500
9,M1,488,858875,860295,13500
9,M1,489,860759,862179,13500
9,M1,490,862640,864060,13500
9,M1,491,864209,865629,13500
9,M1,492,866198,867618,13500
9,M1,493,867955,869375,13500
9,M1,494,869262,870783,1500
9,M1,495,871004,872424,13500
9,M1,496,872934,874354,13500
9,M1,497,874622,876042,13500
9,M1,498,876613,878033,13500
9,M1,499,877943,879441,1500
9,M1,500,880239,881659,13500
9,M1,501,882002,883422,13500
9,M1,502,883141,884830,1500
9,M1,503,884889,886309,13500
9,M1,504,887014,888434,13500
9,M1,505,889149,890569,13500
9,M1,506,890352,891977,1500
9,M1,507,892532,893952,13500
9,M1,508,894467,895887,13500
9,M1,509,895870,897295,1500
9,M1,510,897614,899034,13500
9,M1,511,899268,900688,13500
9,M1,512,901312,902732,13500
9,M1,513,902978,904398,13500
9,M1,514,904500,905920,13500
9,M1,515,906009,907429,13500
9,M1,516,908453,909873,13500
9,M1,517,910175,911595,13500
9,M1,518,911651,913071,13500
9,M1,519,913435,914855,13500
9,M1,520,914840,916263,1500
9,M1,521,916753,918173,13500
9,M1,522,918669,920089,13500
9,M1,523,920151,921571,13500
9,M1,524,922265,923685,13500
9,M1,525,923717,925137,13500
9,M1,526,925923,927343,13500
9,M1,527,927239,928751,1500
9,M1,528,928943,930363,13500
9,M1,529,930801,932221,13500
9,M1,530,932866,934286,13500
9,M1,531,934223,935694,1500
9,M1,532,936271,937691,13500
9,M1,533,938102,939522,13500
9,M1,534,939664,941084,13500
9,M1,535,941699,943119,13500
9,M1,536,943114,944534,12000
9,M1,537,944982,946402,13500
9,M1,538,946831,948251,13500
9,M1,539,948501,949921,13500
9,M1,540,950133,951553,13500
9,M1,541,952058,953478,13500
9,M1,542,954008,955428,13500
9,M1,543,955972,957392,13500
9,M1,544,957675,959095,13500
9,M1,545,959500,960920,13500
9,M1,546,960946,962366,13500
9,M1,547,962905,964325,13500
9,M1,548,964279,965733,1500
9,M1,549,966581,968001,13500
9,M1,550,967910,969409,1500
9,M1,551,969375,970817,1500
9,M1,552,971222,972642,13500
9,M1,553,973260,974680,13500
9,M1,554,975416,976836,13500
9,M1,555,976809,978244,1500
9,M1,556,978354,979774,13500
9,M1,557,980546,981966,13500
9,M1,558,982394,983814,13500
9,M1,559,983546,985222,1500
9,M1,560,985716,987136,13500
9,M1,561,987435,988855,13500
9,M1,562,988991,990411,13500
9,M1,563,991004,992424,13500
9,M1,564,992822,994242,13500
9,M1,565,994195,995650,1500
9,M1,566,996366,997786,13500
9,M1,567,997946,999366,13500
9,M1,568,999788,1001208,13500
9,M1,569,1001576,1002996,13500
9,M1,570,1002938,1004404,1500
9,M1,571,1005115,1006535,13500
9,M1,572,1006453,1007943,1500
9,M1,573,1008789,1010209,13500
9,M1,574,1010438,1011858,13500
9,M1,575,1012026,1013446,13500
9,M1,576,1013543,1014963,13500
9,M1,577,1015138,1016558,13500
9,M1,578,1016915,1018335,13500
9,M1,579,1019039,1020459,13500
9,M1,580,1021166,1022586,13500
9,M1,581,1022905,1024325,13500
9,M1,582,1024004,1025733,1500
9,M1,583,1025818,1027238,13500
9,M1,584,1028086,1029506,13500
9,M1,585,1029738,1031158,13500
9,M1,586,1031171,1032591,13500
9,M1,587,1033187,1034607,13500
9,M1,588,1034804,1036224,13500
9,M1,589,1036722,1038142,13500
9,M1,590,1038395,1039815,13500
9,M1,591,1040034,1041454,13500
9,M1,592,1041618,1043038,13500
9,M1,593,1043343,1044763,13500
9,M1,594,1045604,1047024,13500
9,M1,595,1046911,1048432,1500
9,M1,596,1049107,1050527,13500
9,M1,597,1050327,1051935,1500
9,M1,598,1052639,1054059,13500
9,M1,599,1054226,1055646,13500
9,M1,600,1056103,1057523,13500
9,M1,601,1057908,1059328,13500
9,M1,602,1059258,1060736,1500
9,M1,603,1061639,1063059,13500
9,M1,604,1062752,1064467,1500
9,M1,605,1064403,1065875,1500
9,M1,606,1066571,1067991,13500
9,M1,607,1068097,1069517,13500
9,M1,608,1070263,1071683,13500
9,M1,609,1072159,1073579,13500
9,M1,610,1073648,1075068,13500
9,M1,611,1075309,1076729,13500
9,M1,612,1077409,1078829,13500
9,M1,613,1079144,1080564,13500
9,M1,614,1081019,1082439,13500
9,M1,615,1082201,1083847,1500
9,M1,616,1084524,1085944,13500
9,M1,617,1085699,1087352,1500
9,M1,618,1088032,1089452,13500
9,M1,619,1089642,1091062,13500
9,M1,620,1091590,1093010,13500
9,M1,621,1093232,1094652,13500
9,M1,622,1094642,1096062,4500
9,M1,623,1096178,1097598,13500
9,M1,624,1098509,1099929,13500
9,M1,625,1099604,1101337,1500
9,M1,626,1101589,1103009,13500
9,M1,627,1103629,1105049,13500
9,M1,628,1105328,1106748,13500
9,M1,629,1106997,1108417,13500
9,M1,630,1108464,1109884,13500
9,M1,631,1110753,1112173,13500
9,M1,632,1112208,1113628,13500
9,M1,633,1113746,1115166,13500
9,M1,634,1115481,1116901,13500
9,M1,635,1117713,1119133,13500
9,M1,636,1119373,1120793,13500
9,M1,637,1121518,1122938,13500
9,M1,638,1122973,1124393,13500
9,M1,639,1124427,1125847,13500
9,M1,640,1126573,1127993,13500
9,M1,641,1128485,1129905,13500
9,M1,642,1129593,1131313,1500
9,M1,643,1131332,1132752,13500
9,M1,644,1133378,1134798,13500
9,M1,645,1135498,1136918,13500
9,M1,646,1136780,1138326,1500
9,M1,647,1138927,1140347,13500
9,M1,648,1140431,1141851,13500
9,M1,649,1142361,1143781,13500
9,M1,650,1144260,1145680,13500
9,M1,651,1145661,1147088,1500
9,M1,652,1147777,1149197,13500
9,M1,653,1148882,1150605,1500
9,M1,654,1150863,1152283,13500
9,M1,655,1152443,1153863,13500
9,M1,656,1154802,1156222,13500
9,M1,657,1156084,1157630,1500
9,M1,658,1157804,1159224,13500
9,M1,659,1159963,1161383,13500
9,M1,660,1161416,1162836,13500
9,M1,661,1163443,1164863,13500
9,M1,662,1165076,1166496,13500
9,M1,663,1167038,1168458,13500
9,M1,664,1169010,1170430,13500
9,M1,665,1170319,1171838,1500
9,M1,666,1171970,1173390,13500
9,M1,667,1174122,1175542,13500
9,M1,668,1175315,1176950,1500
9,M1,669,1177178,1178598,13500
9,M1,670,1178981,1180401,13500
9,M1,671,1181077,1182497,13500
9,M1,672,1182952,1184372,13500
9,M1,673,1184638,1186058,13500
9,M1,674,1185927,1187466,1500
9,M1,675,1187870,1189290,13500
9,M1,676,1189907,1191327,13500
9,M1,677,1191663,1193083,13500
9,M1,678,1192903,1194491,1500
9,M1,679,1195307,1196727,13500
9,M1,680,1196575,1198135,1500
9,M1,681,1198910,1200330,13500
9,M1,682,1200702,1202122,13500
9,M1,683,1201888,1203530,1500
9,M1,684,1203597,1205017,13500
9,M1,685,1205494,1206914,13500
9,M1,686,1207225,1208645,13500
9,M1,687,1209506,1210926,13500
9,M1,688,1210733,1212334,1500
9,M1,689,1212656,1214076,13500
9,M1,690,1214283,1215703,13500
9,M1,691,1215975,1217395,13500
9,M1,692,1218017,1219437,13500
9,M1,693,1219446,1220866,13500
9,M1,694,1221830,1223250,13500
9,M1,695,1222815,1224658,1500
9,M1,696,1225112,1226532,13500
9,M1,697,1227039,1228459,13500
9,M1,698,1228252,1229867,1500
9,M1,699,1229898,1231318,13500
9,M1,700,1231931,1233351,13500
9,M1,701,1233785,1235205,13500
9,M1,702,1235642,1237062,13500
9,M1,703,1237425,1238845,13500
9,M1,704,1239023,1240443,13500
9,M1,705,1240646,1242066,13500
9,M1,706,1242727,1244147,13500
9,M1,707,1244515,1245935,13500
9,M1,708,1246381,1247801,13500
9,M1,709,1248077,1249497,13500
9,M1,710,1249234,1250905,1500
9,M1,711,1251141,1252561,13500
9,M1,712,1253352,1254772,13500
9,M1,713,1254943,1256363,13500
9,M1,714,1256903,1258323,13500
9,M1,715,1258657,1260077,13500
9,M1,716,1260043,1261485,1500
9,M1,717,1261579,1262999,13500
9,M1,718,1263363,1264783,13500
9,M1,719,1265448,1266868,13500
9,M1,720,1266898,1268318,13500
9,M1,721,1269318,1270738,13500
9,M1,722,1270737,1272157,13500
9,M1,723,1272756,1274176,13500
9,M1,724,1273906,1275584,1500
9,M1,725,1275869,1277289,13500
9,M1,726,1278082,1279502,13500
9,M1,727,1279165,1280910,1500
9,M1,728,1281622,1283042,13500
9,M1,729,1283052,1284472,13500
9,M1,730,1284982,1286402,13500
9,M1,731,1286334,1287810,1500
9,M1,732,1288514,1289934,13500
9,M1,733,1289949,1291369,13500
9,M1,734,1291667,1293087,13500
9,M1,735,1293389,1294809,13500
9,M1,736,1295443,1296863,13500
9,M1,737,1297419,1298839,13500
9,M1,738,1299155,1300575,13500
9,M1,739,1300777,1302197,13500
9,M1,740,1302018,1303605,1500
9,M1,741,1303765,1305185,13500
9,M1,742,1305637,1307057,13500
9,M1,743,1307758,1309178,13500
9,M1,744,1309088,1310586,1500
9,M1,745,1310931,1312351,13500
9,M1,746,1313196,1314616,13500
9,M1,747,1314998,1316418,13500
9,M1,748,1316594,1318014,13500
9,M1,749,1317940,1319422,1500
9,M1,750,1319911,1321331,13500
9,M1,751,1322024,1323444,13500
9,M1,752,1323204,1324852,1500
9,M1,753,1325373,1326793,13500
9,M1,754,1327304,1328724,13500
9,M1,755,1328467,1330132,1500
9,M1,756,1330636,1332056,13500
9,M1,757,1332541,1333961,13500
9,M1,758,1334179,1335599,13500
9,M1,759,1335705,1337125,13500
9,M1,760,1337238,1338658,13500
9,M1,761,1339117,1340537,13500
9,M1,762,1341193,1342613,13500
9,M1,763,1342809,1344229,13500
9,M1,764,1344484,1345904,13500
9,M1,765,1346522,1347942,13500
9,M1,766,1348246,1349666,13500
9,M1,767,1349572,1351074,1500
9,M1,768,1351318,1352738,13500
9,M1,769,1353362,1354782,13500
9,M1,770,1355289,1356709,13500
9,M1,771,1357140,1358560,13500
9,M1,772,1358806,1360226,13500
9,M1,773,1360218,1361638,7500
9,M1,774,1362584,1364004,13500
9,M1,775,1363778,1365412,1500
9,M1,776,1365700,1367120,13500
9,M1,777,1367170,1368590,13500
9,M1,778,1369483,1370903,13500
9,M1,779,1371248,1372668,13500
9,M1,780,1372999,1374419,13500
9,M1,781,1374958,1376378,13500
9,M1,782,1376541,1377961,13500
9,M1,783,1378433,1379853,13500
9,M1,784,1380053,1381473,13500
9,M1,785,1381922,1383342,13500
9,M1,786,1383164,1384750,1500
9,M1,787,1385408,1386828,13500
9,M1,788,1386863,1388283,13500
9,M1,789,1388763,1390183,13500
9,M1,790,1390687,1392107,13500
9,M1,791,1392130,1393550,13500
9,M1,792,1394290,1395710,13500
9,M1,793,1395853,1397273,13500
9,M1,794,1397623,1399043,13500
9,M1,795,1399457,1400877,13500
9,M1,796,1401220,1402640,13500
9,M1,797,1402828,1404248,13500
9,M1,798,1404393,1405813,13500
9,M1,799,1406388,1407808,13500
9,M1,800,1408224,1409644,13500
9,M1,801,1409435,1411052,1500
9,M1,802,1411273,1412693,13500
9,M1,803,1413133,1414553,13500
9,M1,804,1415294,1416714,13500
9,M1,805,1416524,1418122,1500
9,M1,806,1418203,1419623,13500
9,M1,807,1420589,1422009,13500
9,M1,808,1421845,1423417,1500
9,M1,809,1424051,1425471,13500
9,M1,810,1425891,1427311,13500
9,M1,811,1427582,1429002,13500
9,M1,812,1428756,1430410,1500
9,M1,813,1431100,1432520,13500
9,M1,814,1432269,1433928,1500
9,M1,815,1434692,1436112,13500
9,M1,816,1436559,1437979,13500
9,M1,817,1437634,1439387,1500
9,M1,818,1439862,1441282,13500
9,M1,819,1441555,1442975,13500
9,M1,820,1442918,1444383,1500
9,M1,821,1445279,1446699,13500
9,M1,822,1446994,1448414,13500
9,M1,823,1448745,1450165,13500
9,M1,824,1450351,1451771,13500
9,M1,825,1451896,1453316,13500
9,M1,826,1453951,1455371,13500
9,M1,827,1455865,1457285,13500
9,M1,828,1457583,1459003,13500
9,M1,829,1458672,1460411,1500
9,M1,830,1460611,1462031,13500
9,M1,831,1462476,1463896,13500
9,M1,832,1464015,1465435,13500
9,M1,833,1465761,1467181,13500
9,M1,834,1468070,1469490,13500
9,M1,835,1469228,1470898,1500
9,M1,836,1471049,1472469,13500
9,M1,837,1473505,1474925,13500
9,M1,838,1474828,1476333,1500
9,M1,839,1476892,1478312,13500
9,M1,840,1478637,1480057,13500
9,M1,841,1480069,1481489,13500
9,M1,842,1481552,1482972,13500
9,M1,843,1483948,1485368,13500
9,M1,844,1485495,1486915,13500
9,M1,845,1487132,1488552,13500
9,M1,846,1489042,1490462,13500
9,M1,847,1490468,1491888,13500
9,M1,848,1492727,1494147,13500
9,M1,849,1494214,1495634,13500
9,M1,850,1496247,1497667,13500
9,M1,851,1497854,1499274,13500
9,M1,852,1499355,1500775,13500
9,M1,853,1501604,1503024,13500
9,M1,854,1502777,1504432,1500
9,M1,855,1504700,1506120,13500
9,M1,856,1506675,1508095,13500
9,M1,857,1508587,1510007,13500
9,M1,858,1510283,1511703,13500
9,M1,859,1511839,1513259,13500
9,M1,860,1513390,1514810,13500
9,M1,861,1515745,1517165,13500
9,M1,862,1517138,1518573,1500
9,M1,863,1518763,1520183,13500
9,M1,864,1520763,1522183,13500
9,M1,865,1522539,1523959,13500
9,M1,866,1524495,1525915,13500
9,M1,867,1526037,1527457,13500
9,M1,868,1527831,1529251,13500
9,M1,869,1529646,1531066,13500
9,M1,870,1531534,1532954,13500
9,M1,871,1532756,1534362,1500
9,M1,872,1534355,1535775,9000
9,M1,873,1536194,1537614,13500
9,M1,874,1537863,1539283,13500
9,M1,875,1540185,1541605,13500
9,M1,876,1541472,1543013,1500
9,M1,877,1543455,1544875,13500
9,M1,878,1545638,1547058,13500
9,M1,879,1546855,1548466,1500
9,M1,880,1549152,1550572,13500
9,M1,881,1550703,1552123,13500
9,M1,882,1552101,1553531,1500
9,M1,883,1553711,1555131,13500
9,M1,884,1555826,1557246,13500
9,M1,885,1557867,1559287,13500
9,M1,886,1559582,1561002,13500
9,M1,887,1561202,1562622,13500
9,M1,888,1562705,1564125,13500
9,M1,889,1564422,1565842,13500
9,M1,890,1566440,1567860,13500
9,M1,891,1568140,1569560,13500
9,M1,892,1569625,1571045,13500
9,M1,893,1571501,1572921,13500
9,M1,894,1573169,1574589,13500
9,M1,895,1575401,1576821,13500
9,M1,896,1576898,1578318,13500
9,M1,897,1578895,1580315,13500
9,M1,898,1580391,1581811,13500
9,M1,899,1581875,1583295,13500
9,M1,900,1583860,1585280,13500
9,M1,901,1585615,1587035,13500
9,M1,902,1587683,1589103,13500
9,M1,903,1589516,1590936,13500
9,M1,904,1591281,1592701,13500
9,M1,905,1593052,1594472,13500
9,M1,906,1594318,1595880,1500
9,M1,907,1596404,1597824,13500
9,M1,908,1598199,1599619,13500
9,M1,909,1600120,1601540,13500
9,M1,910,1601662,1603082,13500
9,M1,911,1603403,1604823,13500
9,M1,912,1605151,1606571,13500
9,M1,913,1606735,1608155,13500
9,M1,914,1608980,1610400,13500
9,M1,915,1610696,1612116,13500
9,M1,916,1612517,1613937,13500
9,M1,917,1614017,1615437,13500
9,M1,918,1615633,1617053,13500
9,M1,919,1617130,1618550,13500
9,M1,920,1619269,1620689,13500
9,M1,921,1621226,1622646,13500
9,M1,922,1622324,1624054,1500
9,M1,923,1624484,1625904,13500
9,M1,924,1626369,1627789,13500
9,M1,925,1627989,1629409,13500
9,M1,926,1629489,1630909,13500
9,M1,927,1631274,1632694,13500
9,M1,928,1633010,1634430,13500
9,M1,929,1635016,1636436,13500
9,M1,930,1637096,1638516,13500
9,M1,931,1638613,1640033,13500
9,M1,932,1640102,1641522,13500
9,M1,933,1642142,1643562,13500
9,M1,934,1644182,1645602,13500
9,M1,935,1645970,1647390,13500
9,M1,936,1647270,1648798,1500
9,M1,937,1649225,1650645,13500
9,M1,938,1650868,1652288,13500
9,M1,939,1652632,1654052,13500
9,M1,940,1654192,1655612,13500
9,M1,941,1656151,1657571,13500
9,M1,942,1658016,1659436,13500
9,M1,943,1659918,1661338,13500
9,M1,944,1661109,1662746,1500
9,M1,945,1663385,1664805,13500
9,M1,946,1665207,1666627,13500
9,M1,947,1666909,1668329,13500
9,M1,948,1668412,1669832,13500
9,M1,949,1670310,1671730,13500
9,M1,950,1672149,1673569,13500
9,M1,951,1673442,1674977,1500
9,M1,952,1675212,1676632,13500
9,M1,953,1677437,1678857,13500
9,M1,954,1679291,1680711,13500
9,M1,955,1681069,1682489,13500
9,M1,956,1682394,1683897,1500
9,M1,957,1684581,1686001,13500
9,M1,958,1686261,1687681,13500
9,M1,959,1687981,1689401,13500
9,M1,960,1689889,1691309,13500
9,M1,961,1691598,1693018,13500
9,M1,962,1693071,1694491,13500
9,M1,963,1694534,1695954,13500
9,M1,964,1696956,1698376,13500
9,M1,965,1698709,1700129,13500
9,M1,966,1700053,1701537,1500
9,M1,967,1701896,1703316,13500
9,M1,968,1703633,1705053,13500
9,M1,969,1705687,1707107,13500
9,M1,970,1707078,1708515,1500
9,M1,971,1708896,1710316,13500
9,M1,972,1710803,1712223,13500
9,M1,973,1712468,1713888,13500
9,M1,974,1713988,1715408,13500
9,M1,975,1716360,1717780,13500
9,M1,976,1717921,1719341,13500
9,M1,977,1719186,1720749,1500
9,M1,978,1720901,1722321,13500
9,M1,979,1722789,1724209,13500
9,M1,980,1725028,1726448,13500
9,M1,981,1726837,1728257,13500
9,M1,982,1727946,1729665,1500
9,M1,983,1730096,1731516,13500
9,M1,984,1731504,1732924,1500
9,M1,985,1733260,1734680,13500
9,M1,986,1735293,1736713,13500
9,M1,987,1736908,1738328,13500
9,M1,988,1738827,1740247,13500
9,M1,989,1740438,1741858,13500
9,M1,990,1742516,1743936,13500
9,M1,991,1743870,1745344,1500
9,M1,992,1745685,1747105,13500
9,M1,993,1747745,1749165,13500
9,M1,994,1749223,1750643,13500
9,M1,995,1751361,1752781,13500
9,M1,996,1752931,1754351,13500
9,M1,997,1754654,1756074,13500
9,M1,998,1756778,1758198,13500
9,M1,999,1758334,1759754,13500
